입찰공고명,공고기관명,기초금액,개찰일자,최종낙찰금액,최종낙찰율,최종낙찰일자,최종낙찰업체명,최종낙찰업체대표자명,최종낙찰업체담당자명,최종낙찰업체주소
국방 분야 초거대 AI 적용 방안 연구,방위사업청(운영지원과),0,2023-12-13,50200000,71.449,2024-01-02,고려대학교산학협력단,권정환,임동환,"서울특별시 성북구 안암로145 (안암동5가, 고려대학교)"
24년 국방연구개발사업의 성과조사 · 분석 연구 ,방위사업청(운영지원과),0,2023-12-19,79950000,99.937,2024-04-23,주식회사 공공정책성과평가연구원,김동준,노민택,"서울특별시 서초구 방배천로155, 유청빌딩 3층(방배동 821-8)"
2024~2025 국군수도병원 승강기 유지관리 용역,국군수도병원,93170000,2023-12-29,81990795,87.795,2024-01-02,성우승강기(주),김구현,장나영,"서울특별시 강남구 봉은사로451, 201호(삼성동, 성우빌딩)"
24-F-천궁  발칸 교육훈련장비 유지보수,국군재정관리단,77640000,2024-01-02,68156590,87.756,2024-01-02,경안이엔지(주),금동중,김은영,"서울특별시 광진구 아차산로78길110-0 (광장동, 리버힐오피스텔) 310"
(24-용역-01) 24년 오폐수처리장 관리용역,공군제19전투비행단,394719850,2024-01-03,351164910,88.102,2024-01-03,호암엔지니어링(주),윤기상,김지은,충청북도 충주시 금대2길49-4 2층 (칠금동)
24년 통합사이버교육시스템 유지보수 용역,국방대학교,23498372,2024-01-03,20624764,87.795,2024-01-03,주식회사 명품시스템,이명아,이성태,대전광역시 서구 계룡로408-0 (갈마동)
24-P-AV/방송 및 광다중화장비 외주정비 용역,제9227부대,117647058,2024-01-03,103158840,87.787,2024-01-03,진명전력 주식회사,배장수,김혜진,경상북도 문경시 산양면 산양공단1길19-90
24-Y-무인감시장비 유지보수용역,연평부대,220096445,2024-01-03,194724895,87.85,2024-01-03,주식회사 썬플라워즈,김종석,김종석,"인천광역시 서구 가석로30, 광양프런티어밸리 3차 301호 (가좌동)"
(23F266-I) '24년 전자유도카트 위탁관리 용역,국군재정관리단,81892284,2024-01-03,79200000,97.305,2024-01-03,주식회사 신한교역히타치골프카트한국총판,송덕순,성정미,대구광역시 수성구 국채보상로1087-1 (만촌동)
(23F262-I) 24년 오수처리시설 위탁관리 용역,국군재정관리단,192526098,2024-01-03,170680640,88.066,2024-01-03,청해ENV주식회사,이병관,임병무,"경기도 파주시 가나무로143, 3층 (금릉동, 파주메트로프라자1)"
(23F274-I) 24년 대기오염 측정용역(일반물질),국군재정관리단,143337000,2024-01-03,126324000,87.754,2024-01-03,주식회사 이안환경,김수성,김수성,경상남도 창원시 의창구 창이대로15번길24-0 (팔용동) 6층
(23F271-A) 음식물류  폐기물  위탁처리 용역,국군재정관리단,484313720,2024-01-03,389606970,80.61,2024-01-03,오션환경,김진태,김진태,경기도 광명시 범안로1035-0 (하안동)
(23F275-A) 대기오염 측정용역(특정물질),국군재정관리단,200509990,2024-01-04,176880880,87.882,2024-01-04,주식회사에스텍코리아,전인기,전금희,경기도 안산시 단원구 광덕4로180-0 (고잔동) 부원프라자 202호
24-F-임대프린터 용역,국군재정관리단,126970000,2024-01-04,110605001,87.751,2024-01-04,엠제이컴퍼니,유수환,유수환,"대구광역시 동구 신암남로50, 107동 1101호(신암동, 신암건영캐스빌)"
24-F-프린터 임차 용역,국군재정관리단,131530000,2024-01-04,114486556,87.745,2024-01-04,까치밥,김병준,김병준,경상남도 산청군 신안면 중촌갈전로912-37
(23F295-A) 24년 상병건강검진 부분위탁용역,국군재정관리단,203592730,2024-01-04,178000000,87.847,2024-01-04,신촌연세병원,김영진,이수도,서울특별시 마포구 서강로110-0 (신수동)
(23G053-H) 24년 정보통신장비 통합유지보수용역,국군재정관리단,588095090,2024-01-04,487383800,83.213,2024-01-04,(주)두손씨에스티,최수경,이숙원,서울특별시 금천구 벚꽃로234 에이스하이엔드6차 1001호
(23G056)24년 합동전파관리시스템 유지보수 용역,국군재정관리단,157710690,2024-01-04,138383000,87.754,2024-01-04,株式會社 錦湖이.티.시,김두현,김혜정,"경상남도 김해시 칠산로291번길16-5, 2층(화목동)"
24-부 일반폐기물 처리 용역,해군작전사령부,108000000,2024-01-05,90942500,84.369,2024-01-05,주식회사 이레산업,박점미,박점미,부산광역시 강서구 공항앞길221번길56-0 (대저2동)
24-F-행정지원체계 통합유지보수 용역,국군재정관리단,150530000,2024-01-05,130820000,87.843,2024-01-05,청남정보통신 주식회사,박규대,박미나,대전광역시 서구 계룡로245번길40 2층 (월평동)
공군 제11전투비행단 병사식당 급식 민간위탁 용역,공군제11전투비행단,0,2024-01-08,41583360000,100,2024-01-08,주식회사 풀무원푸드앤컬처,이동훈,안예지,서울특별시 송파구 송파대로34길29(송파동)
24-D-계룡지역 조경관리 용역,국군재정관리단,1919810000,2024-01-08,1709520000,88.251,2024-01-08,진솔조경(주),김옥희,김옥희,경기도 용인시 수지구 풍덕천로139번길 10-5()
무기체계 개발시험평가 역할 재정립에 관한 연구,방위사업청(운영지원과),0,2024-01-09,60632000,90.479,2024-03-25,한성대학교 산학협력단,이정훈,심지민,서울특별시 성북구 삼선교로16길116-0 (삼선동2가)
24-포 음식물류폐기물 처리 용역,제8385부대,101000000,2024-01-09,84742280,84.32,2024-01-09,원진기업(주),이상수,이봉춘,경상북도 포항시 남구 오천읍 정몽주로624번길 10()
24-동 음식물류폐기물 처리 용역,제8385부대,145000000,2024-01-09,122541870,84.268,2024-01-09,두미르환경,김나경,김나경,강원도 춘천시 동면 소양강로398-0
(23F272-I) 24년 수료신병 수송용역,국군재정관리단,205593500,2024-01-10,201850000,98.507,2024-01-10,(주)코리아나고속관광,곽연숙,이성희,"대전광역시 서구 동서대로 1078, 승일빌딩2층 201(변동)"
(23F296-I) 24년 전투지휘훈련 병력수송용역,국군재정관리단,122288230,2024-01-10,107700520,88.349,2024-01-10,(주)대원고속관광,김동현,조성민,"대전광역시 중구 태평로44번길27, 309호(유천동, 현암에버드림)"
24-오폐수처리시설 위탁관리 용역,제8385부대,191600000,2024-01-10,168236936,88.032,2024-01-10,케이엠네이쳐주식회사,정복녀,이광선,강원특별자치도 강릉시 주문진읍 농공단지길28-75
24-항공관제 분석체계 유지보수 용역,공군본부,32236900,2024-01-11,28282000,87.844,2024-01-11,주식회사 글로벌메타,김부원,이기찬,서울특별시 관악구 남부순환로1808 (봉천동) 1414호
24-F-공본지역 임대프린터 용역,국군재정관리단,76710000,2024-01-11,67081610,87.746,2024-01-11,구자다,구자혜,구자혜,"인천광역시 강화군 강화읍 남문로41, 102동 1002호(남산리.미래지향아파트)"
00부대 사업장 생활폐기물 처리 용역,제6755부대,136000000,2024-01-11,114859630,84.355,2024-01-11,주식회사 정원,고득용,고득용,경상북도 문경시 신기공단1길22-21 (신기동)
24년 국외항공특송 수송용역,해군군수사령부,45000000,2024-01-11,39358000,88.223,2024-01-11,(주)성강로지스틱스,김재근,김임순,"서울특별시 중구 서소문로116, 1302호, 1303호 (서소문동)"
(23F265-A)24년 ~ 26년 정수기 임차용역,국군재정관리단,214429410,2024-01-11,187607590,87.745,2024-01-11,로템컴퍼니,최우준,최우준,"서울특별시 양천구 오목로23길38, 102호(신정동, 중앙빌라)"
24년 직할대 생활폐기물 처리용역,제1989부대,131911764,2024-01-12,111162400,84.382,2024-01-12,초당환경유한회사,박영남,최명환,전라남도 장성군 삼서면 옥산길9
24-M-얼음정수기 임차 용역,국군재정관리단,227080000,2024-01-12,201152990,87.76,2024-01-12,제이씨드림,김현구,김현구,울산광역시 울주군 온양읍 남창로944-2
24-M-음식물류 폐기물 위탁처리 용역,국군재정관리단,409200000,2024-01-15,330378980,80.733,2024-01-15,원진기업(주),이상수,이봉춘,경상북도 포항시 남구 오천읍 정몽주로624번길 10()
23-용-3 광주권 임대프린터 용역,공군제1전투비행단,48382352,2024-01-16,43428000,89.208,2024-01-16,(주)우정오에이,양근선,양근선,광주광역시 서구 내방로350번길2-0 (화정동) 2층
24년도 음식물류 폐기물 처리용역,공군제18전투비행단,82800000,2024-01-16,73090000,88.014,2024-01-16,강릉청소용역,홍현기,홍현기,"강원특별자치도 강릉시 강변로670번길16-0, 가동 1호(두산동)"
폐합성수지(폐염화비닐수지류제외) 위탁처리 용역,제2879부대,372000,2024-01-16,313705,84.279,2024-01-18,주식회사엘킹덤,김인혜,김인혜,경상남도 김해시 생림면 봉림리272
24년 음식물쓰레기 위탁처리 용역,제5군단사령부,163645350,2024-01-16,138124850,84.283,2024-01-16,사계절환경,최원희,최원희,"경기도 안산시 단원구 광덕2로50-3, 316호 (초지동)"
24년 음식물쓰레기 처리용역,제1보병사단,789819800,2024-01-16,635520980,80.501,2024-01-17,부자농장,김승규,김승규,경기도 연천군 미산면 동이리274-1
재고번호미입력품목,육군 52보병사단,170,2024-01-16,142,84.374,2024-01-16,천성환경,신정훈,김남경,경기도 부천시 부일로326-0 (중동) 2층 1-(722)호
24년 생활(폐합성수지류) 폐기물 처리,공군제18전투비행단,44705000,2024-01-17,39168160,88.646,2024-01-17,주식회사 다원에코,김민정,이명한,강원특별자치도 강릉시 과학단지로21번길59 (대전동)
24년 음식물쓰레기 위탁처리 용역,공군제19전투비행단,114508800,2024-01-17,111500000,97.308,2024-01-17,솔밭농장,이익수,이익수,충청북도 청주시 청원구 내수읍 은곡1길53
24-생활폐기물 위탁처리 용역,제20전투비행단,113235294,2024-01-18,94997563,84.361,2024-01-18,미르종합환경주식회사,이민형,장지수,충청남도 서산시 팔봉면 팔봉2로194-94
미래로아파트 위탁관리 용역,종합보급창,235369420,2024-01-18,235201276,99.378,2024-01-18,공우이엔씨 주식회사,이한기,김두용,"서울특별시 영등포구 여의대방로43라길6-0 (신길동, 신길프라자3층)"
24-F-온나라체계 유지보수,국군재정관리단,112980000,2024-01-19,98757600,88.083,2024-01-19,주식회사 이상시스템,이인석,유애숙,"서울특별시 영등포구 의사당대로1길11, 1409호(여의도동)"
24-M-전세버스 수송용역,국군재정관리단,302260000,2024-01-19,262900000,87.561,2024-01-19,희성고속관광(주),송정애,주준돈,대구광역시 달서구 성당로199-1 (성당동)
24년 직할대 음식물쓰레기 처리용역,제1989부대,102450980,2024-01-19,88916385,85.563,2024-01-19,케이씨네트웍스주식회사,김원상,김원상,광주광역시 광산구 상무대로507-11 (우산동)
(24F001-A) 음식물쓰레기 수거 및 위탁처리 용역,국군재정관리단,292907060,2024-01-19,235285360,81.129,2024-01-22,두미르환경,김나경,김나경,강원도 춘천시 동면 소양강로398-0
공군 제00비행단 병사식당 민간위탁 운영,제3훈련비행단,0,2024-01-24,29688750000,100,2024-02-20,주식회사 풀무원푸드앤컬처,이동훈,감선재,서울특별시 송파구 송파대로34길29(송파동)
24-공-0비 음식물쓰레기 처리용역,공군 제8전투비행단,187647058,2024-01-25,157700000,84.412,2024-01-29,(주)푸른농장,이관영,이소형,강원특별자치도 춘천시 동면 소양강로304-12
2024년 00병원 구충구서 방제 용역,국군수도병원,17529220,2024-01-25,15400548,87.964,2024-01-25,주식회사 케어원,김호영,용찬휘,"서울특별시 강남구 역삼로148, 3층 (역삼동, 굿잡빌딩)"
(23F297-B) 육군 근조화환 지원 용역,국군재정관리단,240000000,2024-01-26,237000000,98.609,2024-01-26,(주)삼신상사,전상학,전대훈,경기도 화성시 정남면 만년로98번길47
24년~'26년 육로여객 수송 용역,공군군수사령부,121923333,2024-01-26,107372300,88.227,2024-01-26,(주)대진고속관광,전대진,전대진,대구광역시 북구 칠곡중앙대로 620(읍내동)
24-용-1 생활폐기물 처리용역,공군제1전투비행단,97166666,2024-01-26,81865010,84.278,2024-01-26,(주)조선우드,선연담,이경숙,광주광역시 광산구 하남산단5번로99-11 (장덕동)
24-용-2 음식물폐기물 처리용역,공군제1전투비행단,116470588,2024-01-26,104823000,89.64,2024-01-26,다복농장,곽선우,곽선우,전라남도 무안군 현경면 성자동길79-36
24년 오폐수처리시설 관리용역,공군제18전투비행단,166178000,2024-01-26,146917900,88.901,2024-01-26,(주)녹색,이주철,김순자,강원특별자치도 원주시 반곡길168-2 (반곡동) (2층)
[육성지원금-24-1]버스 배차예약 앱 개발 용역,수도방위사령부,35170000,2024-01-26,30949600,88.372,2024-01-29,주식회사 이오앱스,안태용,안태용,인천광역시 연수구 송도과학로32-0 (송도동) 송도테크노파크IT센터 S동1501호
24년 레이더경보수신기(RWR) SW 지원셋 외주정비 용역,육군제8971부대,20359803,2024-01-26,18000000,88.072,2024-01-26,한양무선통신,최영복,최영복,경상남도 창원시 의창구 팔용로 399()
24년 이동식 항공기상관측장비(TACMET) 외주정비 용역,육군제8971부대,30833333,2024-01-26,27184520,88.432,2024-01-26,주식회사 진성이엔지,위재복,김성준,"경기도 성남시 중원구 사기막골로99, B동 1102호 , 1103호(상대원동, 센트럴비즈타워 2차)"
24년 통신 감시장비 외주정비 용역,육군제8971부대,109097058,2024-01-26,98170660,88.657,2024-01-26,신우정보통신 주식회사,심원용,심원용,"경기도 안산시 단원구 화정천동로102(고잔동, 2층)"
24년 항공기 유도장비(VOR) 외주정비 용역,육군제8971부대,35513725,2024-01-26,31087000,88.119,2024-01-26,한양무선통신,최영복,최영복,경상남도 창원시 의창구 팔용로 399()
재고번호미입력품목,제7067부대,195,2024-01-26,164,84.254,2024-01-26,태민환경,전혜경,전혜경,"경기도 가평군 가평읍 보납로22, 2층 나호"
24년 공사감독 차량 임대차 계약,제5378부대,55584000,2024-01-26,48981600,87.776,2024-01-26,주식회사 레드캡투어,인유성,김병직,"서울특별시 중구 을지로100, 비동 19층(을지로2가, 파인에비뉴)"
(육성) 예비군훈련 병력수송버스 임차 용역(1권역),육군 52보병사단,206400000,2024-01-26,202272000,96.755,2024-01-30,신동아고속관광(주),성흥수,권형준,서울특별시 강동구 아리수로93길33-9 (강일동) 402호
24년 음식물 쓰레기 처리 용역,제3697부대,97058820,2024-01-26,82999160,85.025,2024-01-26,부자농장,김승규,김승규,경기도 연천군 미산면 동이리274-1
24년 VoIP교환기 유지보수용역,국군의무사령부,44959009,2024-01-26,39643677,87.797,2024-01-29,주식회사 진엔지니어링,정진석,이상만,경기도 광명시 장절로3번길15-0 (노온사동)
CCTV시스템 유지보수 용역,제9965부대,42191380,2024-01-26,37085000,87.773,2024-01-26,(주)로드반,김형준,허효선,"경기도 성남시 분당구 쇳골로71 (금곡동,반스타운)"
2024년 방위사업청 종합홍보,방위사업청(운영지원과),0,2024-01-26,230000000,92,2024-04-19,주식회사 디앤씨컴퍼니,김준성,최은지,"대전광역시 동구 선화로187,3층 (삼성동)"
고속상륙정(LSF-II) Batch-II 사업분석,방위사업청(운영지원과),0,2024-01-26,62964000,89.948,2024-04-29,한성대학교 산학협력단,이정훈,심지민,서울특별시 성북구 삼선교로16길116-0 (삼선동2가)
폐주물사,해군군수사령부,107843,2024-01-26,91130,84.501,2024-01-26,남양산업,강양수,박미옥,경상남도 창원시 진해구 남영로 534-5()
24-항-09 군 숙소 청소용역,제5738부대,127000000,2024-01-26,111901610,87.996,2024-01-26,주식회사 티아이컨설팅,장애정,장애정,"서울특별시 광진구 천호대로604, 2층 (능동, 진현빌딩)"
24-B-폐기물(폐합성수지  폐목재) 처리용역(도서지역),제9196부대,271602940,2024-01-26,219932230,80.536,2024-01-26,주식회사 신승에너지,이성욱,김다운,"경기도 화성시 남양읍 매바위로570-10, 1층"
24-B-폐기물(일반폐기물)처리용역(도서지역),제9196부대,651534310,2024-01-26,531651000,80.761,2024-01-26,인성코퍼레이션 주식회사,추성호,남홍욱,"인천광역시 중구 서해대로93번길14-1, 3층(항동7가)"
’24년 백령도·대청도 부식류 민간위탁배송 용역,제9196부대,697308670,2024-01-26,690000000,98.03,2024-01-26,주식회사 옹진물산,곽창열,임태윤,인천광역시 옹진군 백령면 사곶로122번길11-0
24-B-오.폐수처리시설 위탁관리 용역(도서지역),제9196부대,157487030,2024-01-26,139656000,88.383,2024-01-26,주식회사 한길자연환경,강진무,강태우,"인천광역시 계양구 계산천서로44, 청구빌딩 4층"
(24G007-A )의료기관 세탁 위탁처리 용역,국군재정관리단,385638090,2024-01-26,330304516,86.007,2024-01-26,주식회사수진기업,지은영,조신환,경기도 화성시 양감면 사격장길88-28
(23F071-G)24년 스마트 훈련병관리체계 유지보수용역,국군재정관리단,109633788,2024-01-26,96784225,87.776,2024-01-26,씨지에스아이티(주),최규식,최규식,"서울특별시 금천구 가산디지털1로1-0 (가산동, 더루벤스밸리) 1208호"
음식물 쓰레기,육군기계화학교,43610000,2024-01-29,36896200,84.572,2024-01-29,다복농장,곽선우,곽선우,전라남도 무안군 현경면 성자동길79-36
24년 음식물류 폐기물 처리 용역,제1968부대,585858900,2024-01-29,478787320,80.52,2024-01-29,주식회사 원진축산,김진각,김진각,경기도 이천시 장호원읍 나래천로509번길234-92
2024년 방위사업청 온라인 홍보,방위사업청(운영지원과),0,2024-01-29,314400000,92.47,2024-04-02,주식회사 에이아이웹 (AIWEB),임성기,조성호,"서울특별시 금천구 가산디지털1로 168, B동 312호(가산동, 우림라이언스1차)"
24년 음식물폐기물 처리용역,공군제16전투비행단,112286200,2024-01-30,94761620,84.879,2024-01-30,제1범수농장,조환로,조환로,경상북도 안동시 일직면 일직점곡로101-1
24년 항공관제용 U/VHF 무전기 외주정비 용역,육군제8971부대,67181372,2024-01-30,59146000,89.239,2024-01-30,한양무선통신,최영복,최영복,경상남도 창원시 의창구 팔용로 399()
24년 과학화경계시스템 외주정비 용역(임실),육군 탄약지원사령부,176500000,2024-01-30,155176134,87.76,2024-01-31,기대전기통신주식회사,김동일,김동일,부산광역시 기장군 장안읍 길천길33-1
24년 과학화경계시스템 외주정비 용역(창원),육군 탄약지원사령부,133772000,2024-01-30,117668230,87.747,2024-01-31,이주씨스템(주),이복균,홍미선,"서울특별시 영등포구 가마산로90길22, 2층"
24년 과학화경계시스템 외주정비 용역(세종),육군 탄약지원사령부,162445510,2024-01-30,141793898,87.746,2024-01-31,(주)이서,이희순,이희순,"세종특별자치시  한누리대로312-0, 714호 (나성동, 노블비지니스타운)"
24년 과학화경계시스템 외주정비 용역(대전),육군 탄약지원사령부,142000000,2024-01-30,123833617,87.75,2024-01-31,(주)광희테크윈,김광화,양희우,전북특별자치도 김제시 봉남면 신호1길9-0
24년 과학화경계시스템 외주정비 용역(천안),육군 탄약지원사령부,155167860,2024-01-30,136232368,87.746,2024-01-31,주식회사 엠비아테크,김화선,김화선,인천광역시 계양구 평리길103(평동)
24년 과학화경계시스템 외주정비 용역(제천),육군 탄약지원사령부,194715400,2024-01-30,171086583,87.745,2024-01-31,주식회사 유진인프라코어,주경선,김명배,"인천광역시 남동구 함박뫼로347번길162, 404호 (남촌동)"
24년 과학화경계시스템 외주정비 용역(충주),육군 탄약지원사령부,143849900,2024-01-30,124565074,87.784,2024-01-31,주식회사 한강아이씨티(ICT),우보희,우보희,전라남도 목포시 대양산단로149번길24 (대양동)
24년 과학화경계시스템 외주정비 용역(영동),육군 탄약지원사령부,170000000,2024-01-30,148946446,87.745,2024-01-31,주식회사 디케이앤트,양동국,김미령,"서울특별시 송파구 송파대로20길4, 302호 (문정동, 헤브론빌딩)"
24년 일반폐기물처리용역(대구),제6335부대,139333333,2024-01-30,116965900,84.285,2024-01-30,주식회사 아진기업,박영균,성명훈,경상남도 김해시 한림면 김해대로1102-171
24년 일반폐기물처리용역(장성),제6335부대,131137254,2024-01-30,110730670,84.308,2024-01-30,주식회사 에코비트에너지세종,장태성,윤명근,세종특별자치시  전동면 솔티로341-0
24년 일반폐기물처리용역(김해),제6335부대,80000000,2024-01-30,67814800,84.449,2024-01-30,주식회사 케이엘,최창옥,정진아,"전라남도 순천시 연향번영8길21, 2층 (연향동)"
24년 일반폐기물처리용역(대전),제6335부대,181176470,2024-01-30,153312000,84.511,2024-01-30,(주)동양환경,채상협,심민기,대전광역시 대덕구 문평동로48번길 125(문평동)
2024년 방위사업청 소식지 및 웹진 제작,방위사업청(운영지원과),0,2024-01-30,126720000,86.794,2024-04-17,경성문화사,박진태,유다흰,"서울특별시 영등포구 국회대로66길 11, 퍼스텍빌딩 1층(여의도동)"
24년 청수 수송 용역,해군군수사령부,50000000,2024-01-30,43840500,88.223,2024-01-30,인천항운주식회사,구본명,이순영,인천광역시 중구 연안부두로17-2 (항동7가)
24년 M콘텐츠 유지보수 용역,국방출판지원단,42630000,2024-01-30,37577497,88.207,2024-01-30,경동아이티 주식회사,공대훈,소수림,"부산광역시 사상구 새벽로131, 5동 2층 229,230호 (감전동, 부산산업용재상가)"
24년 충성대 신문 제작 용역,육군3사관학교,42000000,2024-01-31,40524000,96.244,2024-01-31,원컴,서원오,서원오,"대구광역시 중구 대봉로 238,  3층(대봉동)"
24년 도하장비 외주정비 용역(서울  인천  경기권역),제5378부대,190000000,2024-01-31,167160000,87.837,2024-01-31,주식회사 룩스그린,김권호,김성웅,경기도 화성시 서신면 화남공단로114-13
24년 음식물류 폐기물 처리용역,제8278부대,157198090,2024-01-31,132781550,84.246,2024-02-01,천성환경,신정훈,김남경,경기도 부천시 부일로326-0 (중동) 2층 1-(722)호
2024년 전기설비 직무고시 정기점검 용역,국군수도병원,14987963,2024-01-31,13390000,88.838,2024-01-31,한국전기테스트(주),김성군,김수한,서울특별시 강남구 논현로829 (신사동)
2024년 방위사업청 영상 콘텐츠 제작 및 홍보,방위사업청(운영지원과),0,2024-01-31,451000000,90.2,2024-04-21,(주)믹스미디어,정연승,설정미,"서울특별시 강남구 논현로168길32, 3층 (신사동, 유니드 빌딩)"
24-M-조경관리 용역,국군재정관리단,1372540000,2024-01-31,1215315115,88.379,2024-01-31,(주)에이치엠조경,하예봉,문경화,"경기도 용인시 기흥구 신구로55-0 (신갈동, 정훈빌딩) 212호"
(24G009-A)24년 00사령부 방제용역,국군재정관리단,228247800,2024-01-31,195163280,85.75,2024-01-31,(주)세스코,전찬혁,김선영,서울특별시 강동구 상일로10길46-0 (상일동)
24-N-선저폐수 처리용역,국군재정관리단,309000000,2024-01-31,248980000,80.534,2024-01-31,수일종합환경 주식회사,서영완,서영완,부산광역시 동구 중앙대로180번길 12-10()
(24G001-H)24~25년 음향장비 유지보수 용역,국군재정관리단,423862170,2024-01-31,365771860,85.535,2024-01-31,신아시스템 주식회사,신장화,신장화,"경상남도 창원시 의창구 읍성로 110,  신아빌101호(소답동)"
24-F-전산장비 유지보수 용역,국군재정관리단,100630000,2024-01-31,98724889,96.731,2024-01-31,한국신재생에너지부울경협동조합,반영현,황인규,부산광역시 동구 조방로49번길29 (범일동)
24년~'26년 육로화물 수송 용역,공군군수사령부,533981422,2024-02-01,444261894,83.342,2024-02-01,주식회사 동방,박창기,김승훈,서울특별시 중구 통일로2길16-0 (순화동) 3층
IPTV방송 및 인터넷(Wi-Fi) 서비스 용역,해군작전사령부,266000000,2024-02-02,227909242,85.879,2024-02-02,주식회사 케이티스카이라이프,최영범,신홍일,서울특별시 마포구 매봉산로75(상암동)
24년 음식물쓰레기 처리용역,제3190부대,136422000,2024-02-02,114560000,84.441,2024-02-05,오션환경,김진태,김진태,경기도 광명시 범안로1035-0 (하안동)
24-생활계폐기물 위탁처리,공군사관학교,102080000,2024-02-05,85462800,84.283,2024-02-05,주식회사 케이엘,최창옥,정진아,"전라남도 순천시 연향번영8길21, 2층 (연향동)"
24년 학군장교 임관식 조립식 관람석 임차,육군학생군사학교,121841176,2024-02-05,109861760,89.759,2024-02-05,주식회사 스페이스락,이영근,김혜령,충청북도 진천군 덕산면 신척산단1로29
24년 DIDC 1센터 UPS 유지보수 용역,국방통합데이터센터,22000000,2024-02-05,19446080,87.765,2024-02-05,태일자동제어(주),한연수,한연수,광주광역시 광산구 신가매결길28(신창동)
24년 DIDC 2센터 UPS 유지보수 용역,국방통합데이터센터,19800000,2024-02-05,17475424,87.779,2024-02-05,뉴테크원,김정희,정문식,"경기도 화성시 동탄순환대로830,  419호 (영천동, 동탄SK V1 center)"
24년 음식물쓰레기 처리 용역,공군제3방공유도탄여단,139617640,2024-02-05,117620880,84.326,2024-02-06,우리산업,김순희,김순희,경기도 여주시 가남읍 경충대로1527-3
24년 유류중대 급유시설 민간위탁 기술검사 용역,제2167부대,109768960,2024-02-06,95979670,87.751,2024-02-06,주식회사 거산지엔에스,이용순,이지선,경기도 부천시 원미구 신흥로 106(심곡동)
24년 주거시설 청소/경비 용역,제2군단,864811050,2024-02-06,765283240,88.001,2024-02-06,성오보안공사주식회사,권경희,이은서,대구광역시 동구 동호로3길 22()
24년 지정폐기물처리용역(대구),제6335부대,15973627,2024-02-06,13726400,85.553,2024-02-06,대덕정유(주)복수사업소,한미자,박성민,충청남도 금산군 복수면 다복로537-34(용진리)
24년 지정폐기물처리용역(장성),제6335부대,28565313,2024-02-06,24086718,84.96,2024-02-06,씨이케이 주식회사,이상민,이법성,전라남도 여수시 진달래길310-73 (월내동)
24년 지정폐기물처리용역(대전),제6335부대,69052549,2024-02-06,58289000,84.297,2024-02-06,코어엔텍 주식회사,송용석,조효행,경기도 시흥시 소망공원로5 (정왕동)
24년 지정폐기물처리용역(김해),제6335부대,43513872,2024-02-06,36732000,85.074,2024-02-06,코어엔텍 주식회사,송용석,조효행,경기도 시흥시 소망공원로5 (정왕동)
24년 훈련장 관리(잔디/조경)용역,국군체육부대,835158000,2024-02-06,736237000,88.466,2024-02-08,주식회사 한울,윤정호,김미은,경상남도 합천군 합천읍 계림2길27-44
방위사업 원가계산 외부용역(1차),방위사업청(운영지원과),0,2024-02-06,660000000,88.336,2024-02-19,(재)동양경제연구원,최홍석,김은지,"부산광역시 강서구 유통단지1로41, 본관동 301호 (대저2동, 부산티플렉스)"
24-평 폐기물(폐합성수지) 처리 용역,제9911부대,154800000,2024-02-06,131085480,84.467,2024-02-07,티와이산업,권칠범,이서윤,경기도 화성시 양감면 사격장길88-16
24-F-○○행사장 조경용역,국군재정관리단,83780000,2024-02-06,73819156,88,2024-02-06,주식회사 도남엘앤씨,이인숙,이인숙,"경기도 성남시 분당구 정자일로136 , 301동711호(정자동,정자역엠코헤리츠3단지)"
(24F027-A) 음식물류 폐기물위탁처리용역,국군재정관리단,108211760,2024-02-06,90691140,84.539,2024-02-06,태민환경,전혜경,전혜경,"경기도 가평군 가평읍 보납로22, 2층 나호"
24-N-오수관거시설 민간위탁 관리용역,국군재정관리단,322950000,2024-02-06,276884800,85.543,2024-02-06,주식회사 에코비트워터,김인석,주치훈,"경기도 성남시 수정구 위례서일로18, 205호(창곡동)"
유도무기 신뢰수준 및 시험사격 적정수량 연구,방위사업청(운영지원과),0,2024-02-07,45000000,90,2024-05-22,(사)21세기군사연구소,김진욱,박계향,"서울특별시 금천구 가산디지털2로184, 10층 1017호(가산동, 벽산디지털밸리2차)"
24-M-이동식화장실 및 샤워장 임차용역,국군재정관리단,149880000,2024-02-07,132176175,87.753,2024-02-07,강산하우징,강신대,강신대,충청북도 충주시 신니면 신덕로56
[일반-24-4] '24년 음식물쓰레기 위탁처리 용역,수도방위사령부,114580000,2024-02-07,96527000,84.245,2024-02-14,우리산업,김순희,김순희,경기도 여주시 가남읍 경충대로1527-3
24년 도하장비 외주정비 용역(강원),제5378부대,190000000,2024-02-07,166850000,87.963,2024-02-07,주식회사 룩스그린,김권호,김성웅,경기도 화성시 서신면 화남공단로114-13
24-N-해군지 제작 용역,국군재정관리단,145360000,2024-02-07,127894710,87.752,2024-02-07,방형식디자인,이승환,박신혜,"서울특별시 금천구 가산디지털2로 98, 2동 1203호(가산동, IT캐슬)"
24-M-병영시설 민간 전문방제 위탁 용역,국군재정관리단,969640000,2024-02-07,761606048,78.18,2024-03-20,주식회사 케어원,김호영,용찬휘,"서울특별시 강남구 역삼로148, 3층 (역삼동, 굿잡빌딩)"
2024년 의료폐기물 위탁처리 용역,국군수도병원,152880000,2024-02-08,130479500,85.497,2024-02-08,주식회사 에코비트로직스중부,양승한,김홍규,충청남도 금산군 복수면 수영길20
2024년 음식물폐기물 위탁처리 용역,국군수도병원,117982200,2024-02-08,99335000,84.287,2024-02-08,오션환경,김진태,김진태,경기도 광명시 범안로1035-0 (하안동)
(24F016-A) 창정비장비 및 위탁용역 수송,국군재정관리단,529636540,2024-02-08,441987703,83.242,2024-02-08,주식회사 한진,노삼석,은우람,서울특별시 중구 남대문로63-0 (남대문로2가))
(24F023-B) '24년 음식물류 폐기물 위탁처리 용역,국군재정관리단,444205880,2024-02-08,357698523,80.523,2024-02-08,중원산업,김경민,김경민,"충청북도 충주시 대소원면 산정독정길222, 경복빌딩 203호"
24-진 해상식당 민간위탁 급식 용역,제7001부대,19557257600,2024-02-13,19557257600,100,2024-02-27,주식회사 풀무원푸드앤컬처,이동훈,김상철,서울특별시 송파구 송파대로34길29(송파동)
(육성)청주 '24년 예비군 수송버스 임차용역,제5019부대,196000000,2024-02-13,173872500,88.42,2024-02-13,주식회사 스카이투어,박창용,박영재,"충청북도 청주시 서원구 남지로21번길9-0 (미평동, BJ산림개발)"
실험실감정장비(LIMS)유지보수 용역,국방부유해발굴감식단,24982406,2024-02-13,21923300,87.905,2024-02-13,경안이엔지(주),금동중,김은영,"서울특별시 광진구 아차산로78길110-0 (광장동, 리버힐오피스텔) 310"
00부대 버스 임차 용역(11-24-용-1),특수전사령부,130000000,2024-02-14,114723400,88.147,2024-02-14,(유)나라고속,지상룡,지상룡,광주광역시 남구 송암로24번가길10(송하동)
00부대 버스 임차 용역(13-24-용-1),특수전사령부,67485180,2024-02-14,61546500,90.285,2024-02-14,(주)대원고속관광,김동현,조성민,"대전광역시 중구 태평로44번길27, 309호(유천동, 현암에버드림)"
위탁처리 용역,특수전사령부,170,2024-02-14,143,84.533,2024-02-14,에봇농장,김성희,김성희,경기도 연천군 청산면 평화로151번길43-0
24년 자동차 임차용역(1차),육군제8971부대,36705882,2024-02-14,35100000,96.215,2024-02-14,주식회사 레드캡투어,인유성,김병직,"서울특별시 중구 을지로100, 비동 19층(을지로2가, 파인에비뉴)"
23-3차 아크부대 재보급물자 수송관리 용역,국군수송사령부,174535700,2024-02-14,152580500,87.8,2024-02-14,(주)에스티해운,오성택,김동현,서울특별시 서초구 서초동1660-26 골드빌딩 2층
24-평 폐기물(음식물류) 처리 용역,제9911부대,132600000,2024-02-14,111540000,84.898,2024-02-15,이엘투엘주식회사,원관호,박순성,경기도 안성시 원곡면 산하리395번지
24-F-공군 체력단련장 체육시설업자 배상책임보험,국군재정관리단,152040000,2024-02-14,106312100,70.176,2024-02-14,삼성화재해상보험 주식회사,이문화,김지수,서울특별시 서초구 서초대로74길14 (서초동)
24-M-육로화물 수송 용역,국군재정관리단,1392230000,2024-02-14,1081910000,78.261,2024-02-14,현대글로비스 주식회사,이규복,조재환,"서울특별시 성동구 왕십리로83-21 (성수동1가, 아크로 서울포레스트)"
24-1차 일반폐기물 위탁처리 용역,육군제7789부대,144401960,2024-02-15,121658600,84.393,2024-02-16,주식회사 조은환경개발,김애경,김애경,경기도 양주시 칠봉산로314번길101-0 (봉양동)
24-1차 지정폐기물 위탁처리 용역,육군제7789부대,126575490,2024-02-15,106804398,84.749,2024-02-16,(주)케이에스에너지,김광수,이재석,경기도 화성시 정남면 내향로240-55 (주)케이에스에너지
24년 민수용 감시장비 외주정비 용역,제5378부대,20000000,2024-02-15,17840000,88.584,2024-02-15,(주)유투에스알,윤사빈,홍희주,"경기도 고양시 일산동구 하늘마을로158-0 (중산동) 대방트리플라온 C동 1101호, 1103호"
24년 음식물류 폐기물 수거 및 위탁처리 용역,제17보병사단,222033000,2024-02-15,178169130,80.909,2024-02-15,부자농장,김승규,김승규,경기도 연천군 미산면 동이리274-1
국제 해양영역인식 협력 방안 연구,국방부(운영지원과),0,2024-02-15,29000000,89.578,2024-02-28,호원대학교 산학협력단,정의붕,배미선,"전북특별자치도 군산시 임피면 호원대3길 64,"
해안복합감시체계 사업 비용분석,방위사업청(운영지원과),0,2024-02-15,29000000,96.666,2024-04-07,사단법인 안보경영연구원,전건욱,조대현,"서울특별시 강남구 언주로527, 10층 (역삼동)"
24-인-내진보강 등 3건 설계용역,제2002부대,100672460,2024-02-15,88713000,87.757,2024-02-15,건축사사무소예가,곽영구,곽영구,경기도 평택시 서정로 282()
24-해병-군악연주회 시행 대행 용역,제9691부대,117976600,2024-02-15,103000000,87.266,2024-02-15,주식회사 이음에듀테인먼트,박하늘,박하늘,"서울특별시 관악구 은천로93, 502동201호(봉천동, 벽산블루밍아파트)"
[24-육-21] 경계시스템 외주정비용역,육군본부,108150060,2024-02-16,95044620,87.903,2024-02-16,온세계정보통신(주),박미경,전은별,대전광역시 동구 태전로147번길9(삼성동)
00부대 취사식당 신축공사 건축 감리용역,육군 52보병사단,201390000,2024-02-16,178736870,87.755,2024-02-16,이안건축사사무소,원명숙,원명숙,"경기도 성남시 수정구 위례동로135, 802-35호(창곡동, 신성위캐슬타워)"
노고산 예비군훈련대 영상모의사격장비 유지보수,제3697부대,88182350,2024-02-16,77600000,87.786,2024-02-16,주식회사 코테스,고기종,고기종,충청북도 청주시 흥덕구 비하로59-2 (비하동)
노고산 예비군훈련대 스마트관제장비 유지보수,제3697부대,70720580,2024-02-16,62184086,89.139,2024-02-16,(주) 투데이게이트,김익훈,장동윤,"서울특별시 금천구 디지털로9길32-0 (가산동, 갑을 그레이트밸리) 비동 804호"
노고산 금곡 예비군훈련대 교전훈련장비 유지보수,제3697부대,128896070,2024-02-16,114265800,88.302,2024-02-26,(주)네스랩,이재호,홍성혜,대전광역시 유성구 테크노2로 194()
금곡 예비군훈련대 VR영상모의사격장비 유지보수,제3697부대,98697050,2024-02-16,86783390,87.888,2024-02-16,(주) 투데이게이트,김익훈,장동윤,"서울특별시 금천구 디지털로9길32-0 (가산동, 갑을 그레이트밸리) 비동 804호"
(24F008-B) '24년 지뢰(불발탄)제거 인원보험 가입,국군재정관리단,448798000,2024-02-16,291233320,64.821,2024-02-16,농협손해보험 주식회사,서국동,홍미라,서울특별시 서대문구 충정로60-0 (미근동)
(24F013-B) 24년 사업장 비배출시설계 폐기물처리용역,국군재정관리단,537400000,2024-02-16,440944000,82.103,2024-02-16,동원실업,최광섭,정미희,강원도 춘천시 칠전동산 32
24-N-00사 제초용역,국군재정관리단,231870000,2024-02-16,203386500,87.995,2024-02-16,주식회사 온숲조경,김문현,이강재,경상남도 창원시 의창구 하남천서길45-0 (도계동)
(24F035-B) 24년 음식물류 폐기물 위탁처리 용역,국군재정관리단,249600000,2024-02-16,200885520,80.692,2024-02-16,우리산업,김순희,김순희,경기도 여주시 가남읍 경충대로1527-3
(24F002-G) 24년 영구기록물 DB구축용역,국군재정관리단,1567913254,2024-02-16,1238400000,78.286,2024-02-16,랜드소프트 주식회사,강세영,강세영,"서울특별시 서초구 서래로37, 2,3층(반포동)"
24-M-부식 민간위탁 배송 용역,국군재정관리단,1772790000,2024-02-16,1593000000,90.34,2024-02-16,용마로지스주식회사,이종철,김성호,"경기도 김포시 고촌읍 아라육로78, 2동"
(24F017-I) 24년 일반화물 수송 용역,국군재정관리단,1108248039,2024-02-16,876566000,78.499,2024-02-16,(주)한익스프레스,유인철,김주헌,경기도 화성시 양감면 초록로103
(24F030-A) 육로수송용역(일반화물),국군재정관리단,708472200,2024-02-16,587670600,82.995,2024-02-16,용마로지스주식회사,이종철,김성호,"경기도 김포시 고촌읍 아라육로78, 2동"
 '24년 음식물류 폐기물 처리 용역,공군제5공중기동비행단,164611760,2024-02-19,139190700,84.928,2024-02-19,(주)피마,김영수,김강용,부산광역시 강서구 녹산산업북로465-0 (송정동)
24년 00부대 제초(예초)관리용역,지상작전사령부,101265710,2024-02-19,88268227,87.755,2024-02-19,(주)삼림,강언모,강언모,경기도 화성시 하가등길20-2 (봉담읍)
24-해사 학보 제작 용역,해군사관학교,34300000,2024-02-19,33256650,97.96,2024-02-21,주식회사 리컴퍼니,최성미,박서연,"경상남도 창원시 의창구 용동로83번안길7, 308호, 309호(사림동, 미래드림)"
탄도탄 조기경보레이다 냉각체계 유지보수,공군군수사령부,479108480,2024-02-20,411899920,86.659,2024-02-20,(주)신우이엔지,하민호,하민호,전라남도 담양군 대전면 갈전길22
24년 특수무기 전력변환기(천마  비호) 외주정비 용역,제5378부대,829000000,2024-02-20,693460000,83.847,2024-02-20,(주)이화일렉콤,이정상,전상열,경기도 광주시 회안대로1061-55 (송정동)
24년 음식물류 폐기물 수집 및 위탁처리 용역,수도기계화보병사단,205600000,2024-02-20,174203660,84.407,2024-02-20,주식회사 데일리환경,공현진,공현진,"경기도 가평군 청평면 경춘로871-0, 5층 503-22호"
24년 작계훈련 무기수송차량 임차(1권역),제5067부대,46730000,2024-02-20,41234300,87.862,2024-02-20,태산솔루션,이승호,이승호,"경기도 광명시 오리로923, 1층(광명동, 대성빌딩)"
24년 작계훈련 무기수송차량 임차(2권역),제5067부대,50820000,2024-02-20,44605440,87.895,2024-02-20,주식회사 덕수기업,이진하,이진하,경기도 화성시 안녕동 안녕북길39-11
24년 작계훈련 무기수송차량 임차(3권역),제5067부대,17460000,2024-02-20,15411660,88.585,2024-02-20,태산솔루션,이승호,이승호,"경기도 광명시 오리로923, 1층(광명동, 대성빌딩)"
24년 작계훈련 무기수송 차량 임차,제3697부대,119856860,2024-02-20,105765000,88.364,2024-02-20,주식회사 동성물류,이병국,이병국,경기도 평택시 포승읍 평택항만길73 평택항마린센터 1102호
24년 사이버보안 취약점 진단 사업,방위사업청(운영지원과),0,2024-02-20,2700000000,89.88,2024-03-24,주식회사 에프원시큐리티,이대호,전소영,"서울특별시 금천구 벚꽃로234, 14층 1402호 (가산동, 에이스하이엔드타워6차)"
24년 음식물쓰레기 위탁처리용역,제6953부대,102261660,2024-02-20,86094680,84.247,2024-02-20,태민환경,전혜경,전혜경,"경기도 가평군 가평읍 보납로22, 2층 나호"
17년 사이버대응 훈련센터 구축 유지보수 용역,육군정보통신학교,30527980,2024-02-21,27078623,87.768,2024-02-21,영현정보통신(주),김두식,최익헌,"서울특별시 구로구 공원로6나길12-0 (구로동,경방빌딩) 301호"
18년 사이버 온라인 교육센터 교체 유지보수 용역,육군정보통신학교,42340900,2024-02-21,37353142,87.823,2024-02-21,(주)두두아이티,박영선,유형우,"서울특별시 금천구 가마산로96, 207호, 212호, 213호, 214호(가산동, 대륭테크노타운8차)"
19년 사이버 대응 훈련센터 보강사업 유지보수 용역,육군정보통신학교,48386520,2024-02-21,42515000,87.803,2024-02-21,주식회사 빛을 꿈꾸는 사람들,김상희,김종욱,"전라남도 여수시 대통로47-1,2층(화장동)"
21년 사이버 온라인 교육센터 교체 유지보수 용역,육군정보통신학교,22115660,2024-02-21,19266000,88.323,2024-02-21,구루멘토링 주식회사,최동양,최동양,"서울특별시 구로구 디지털로243, 705호(구로동, 지하이시티)"
세척기  로드휠 외주정비 용역,제2879부대,44629000,2024-02-21,44611560,99.006,2024-02-21,지티티산업,정윤우,정윤우,경상남도 창원시 의창구 차룡로48번길44-0 (팔용동) 스마트업타워 504호
레이저가공기 외주정비 용역,제2879부대,50953000,2024-02-21,44672690,88.156,2024-02-21,동창원산업(주),정창,문혜영,경상남도 의령군 용덕면 의합대로123-7
24년 음식물류 폐기물 위탁처리용역,제2621부대,415736600,2024-02-21,332591100,80.527,2024-02-21,(주)푸른농장,이관영,이소형,강원특별자치도 춘천시 동면 소양강로304-12
53사단 의무근무대 신축 건축공사감리(상주)용역,육군제53보병사단,228503000,2024-02-21,199359300,87.755,2024-02-21,예담종합건축사사무소,장동근,장동근,부산광역시 사하구 낙동대로398번길6-0 1층(당리동)
24-진-03 음식물류 폐기물 처리용역,제7001부대,111800000,2024-02-21,94561429,84.359,2024-02-21,누리바이오텍주식회사,김유정,김유정,경상남도 거제시 피솔길 193()
24-B-무인감시장비 및 열 영상카메라 유지보수 용역,제9196부대,293501304,2024-02-21,249759360,85.608,2024-02-21,주식회사 에이아이네트웍,김은형,김도연,"경기도 안성시 공단로19-0 (신건지동), 가동 2층"
24-Y-얼음냉온정수기 임차 용역(24~27년),연평부대,106729410,2024-02-21,93804610,87.774,2024-02-21,지뉴 주식회사,박혜은,박혜은,"경기도 안산시 상록구 샘골로136, 2층 204-401호(본오동)"
24년 오수/폐수처리시설 관리 용역,공군제3방공유도탄여단,163045090,2024-02-21,143372360,87.839,2024-02-21,(주)동산환경,한운철,한동일,경기도 평택시 배미2길21-1 (합정동)
24-F-오ㆍ폐수 처리시설 관리용역,국군재정관리단,184670000,2024-02-22,162408140,87.771,2024-02-22,(주)영동엔지니어링,김억조,임연실,"부산광역시 사상구 백양대로 483, 대양빌딩4층(주례동)"
24년 00부대 기계설비 성능점검용역,제2879부대,117731000,2024-02-22,104813667,88.375,2024-02-22,경상엔지니어링,조재홍,이광순,"경상남도 창원시 성산구 삼동로128번길85 (내동, 엑스포상가 307호)"
24-B-소규모 급수시설 유지관리용역(도서지역),제9196부대,215686270,2024-02-22,189164780,87.806,2024-02-22,알파건설(주),박현심,박준영,"인천광역시 연수구 능허대로136, 1층(옥련동, kt송도지사)"
(24G007-H)24~25년 국방전화번호검색체계통합유지보수,국군재정관리단,203055940,2024-02-22,178114064,87.774,2024-02-22,주식회사 대한엔지니어링,김정완,김규리,전라남도 여수시 봉계대곡길31 (봉계동)
24년 호국 인물 영상물 제작용역,공군본부,19607843,2024-02-23,14000000,71.535,2024-02-23,주식회사 단군픽쳐스,조상환,조상환,"서울특별시 강서구 금낭화로51, 3층(방화동)"
컨테이너 물류체계 구축 소요판단 정책 연구과제 용역,육군군수사령부,37931000,2024-02-23,35275830,92.253,2024-02-23,(사)21세기군사연구소,김진욱,박계향,"서울특별시 금천구 가산디지털2로184, 10층 1017호(가산동, 벽산디지털밸리2차)"
24-1차 일반폐기물 위탁처리 용역,제2217부대,159680000,2024-02-23,134341000,84.283,2024-02-23,주식회사율곡자원개발,김지헌,김지헌,강원특별자치도 강릉시 강변로534번길69-0 (입암동)
24-1차 지정폐기물 위탁처리 용역 (수정),제2217부대,174955000,2024-02-23,147627030,85.009,2024-02-23,(주)케이에스에너지,김광수,이재석,경기도 화성시 정남면 내향로240-55 (주)케이에스에너지
2024년 국방부 독서통신교육 위탁운영,국방부(운영지원과),0,2024-02-23,74910000,96.138,2024-03-15,주식회사 와이즈로,조석희,조석희,"서울특별시 금천구 디지털로9길32, 비동 18층 1801호(가산동, 갑을그레이트밸리)"
2024년 국방부 전화화상 외국어 위탁운영,국방부(운영지원과),0,2024-02-23,74448000,91.235,2024-03-15,브랜트에듀,최미경,노정숙,"서울특별시 서초구 서초중앙로22길113 , 201호"
24년 의료폐기물 처리용역,국군대전병원,54147440,2024-02-23,47683000,87.765,2024-02-23,주식회사 에코비트로직스중부,양승한,김홍규,충청남도 금산군 복수면 수영길20
(24F015-I)24년 탄약수송 용역,국군재정관리단,738408823,2024-02-23,615784046,83.005,2024-02-23,대신로지스틱스 주식회사,양임석,백성열,"서울특별시 송파구 오금로46길5-0 (가락동, 보성빌딩) 3층"
(23F038-B)24년 음식물류 폐기물처리용역,국군재정관리단,127647050,2024-02-23,107442810,84.249,2024-02-23,농업회사법인 주식회사 골드바이오텍,김영학,김영학,경기도 포천시 창수면 창동로161번길62
[24-육-16] A군단 부대변천사 연구용역,육군본부,18174000,2024-02-26,17265000,95.201,2024-02-26,주식회사 사이버앤네트워크연구원,김한욱,김한욱,"서울특별시 용산구 이태원로211, 611호(한남동, 한남빌딩 )"
[24-육-17] B군단 부대변천사 연구용역,육군본부,18174000,2024-02-26,17880000,97.398,2024-02-26,주식회사 디.아이환경,권택연,권택연,"경기도 남양주시 별내중앙로36-23, 1706호(별내동)"
[24-육-18] C군지사 부대변천사 연구용역,육군본부,18174000,2024-02-26,18000000,98.179,2024-02-26,군수.획득연구소,조성호,조성호,"대전광역시 유성구 가정로43-0, 101동 903호 (신성동, 한울아파트)"
24-N-000사 조경관리 용역,국군재정관리단,105440000,2024-02-26,92867102,87.998,2024-02-26,주식회사청정티엠에스,인창환,인창환,"서울특별시 강북구 월계로21가길41, 상가동 201호, 202호(미아동, 미아한일유앤아이)"
24년 K200A1 장갑차 조종시뮬레이터 외주정비,육군기계화학교,117000000,2024-02-27,102600200,87.768,2024-02-27,주식회사 정엔지니어링,박정철,이수연,부산광역시 부산진구 성지곡로51번길 27(초읍동)
24년 TICN 제어장치 전원공급기 외주정비용역,제5378부대,152955000,2024-02-27,134679100,88.638,2024-02-27,(주)설텍,설창우,박기범,대구광역시 달서구 성서로324-0 (갈산동)
24년 유조 급수 살수차 외주정비용역(경기 서울 인천),제5378부대,150000000,2024-02-27,132745600,89.412,2024-02-27,주식회사 경기상용차서비스,권기종,권기종,경기도 양주시 칠봉산로251-15 (봉양동)
00훈련대 화장실(흡연부스) 관리 청소 용역(안양),육군 52보병사단,22365400,2024-02-27,19585260,88.002,2024-02-27,주식회사 하이스,전용기,전용기,경기도 안산시 단원구 풍전로37-9 (원곡동) 안산전문유통상가 3단지 지원상가 313동202호
00훈련대 화장실(흡연부스) 관리 청소 용역(서초),육군 52보병사단,31503000,2024-02-27,29770364,93.241,2024-02-27,주식회사 올바른환경,안형준,안형준,"서울특별시 강남구 논현로523, 비202호(역삼동, 노바빌딩)"
작계훈련 무기 등 수송 차량 임차(1권역),육군 52보병사단,26750000,2024-02-27,23472780,87.905,2024-02-27,삼진익스프레스 주식회사,정세미,정세미,경상북도 구미시 고아읍 원대로75-44
작계훈련 무기 등 수송 차량 임차(2권역),육군 52보병사단,31600000,2024-02-27,27587120,87.835,2024-02-27,주식회사 케이지비이엔지,고민희,고민희,"인천광역시 부평구 새벌로29, 209호 (청천동, 부평테크노타워)"
작계훈련 무기 등 수송 차량 임차(3권역),육군 52보병사단,29200000,2024-02-27,25491896,87.791,2024-02-27,주식회사 케이지비이엔지,고민희,고민희,"인천광역시 부평구 새벌로29, 209호 (청천동, 부평테크노타워)"
2024 한-유럽 · 아시아 방산협력 컨퍼런스 행사 ,방위사업청(운영지원과),0,2024-02-27,197000000,99.746,2024-03-10,주식회사 채널케이,이윤경,이윤경,"서울특별시 송파구 송파대로201, A동 8층 A-806,807호(문정동, 송파 테라타워2)"
(24G019-A) 외진셔틀버스 민간용역(서부권역),국군재정관리단,576000000,2024-02-27,524960000,90.835,2024-02-27,(주)굿버스 두레관광,이재찬,김민희,경기도 가평군 가평읍 보납로14 2층
(24G006-H)24~25년 교환기 유지보수 용역,국군재정관리단,1486951680,2024-02-27,1163293398,78.237,2024-02-27,티에스라인시스템 주식회사,최국현,박산근,"서울특별시 영등포구 영신로220-0, 805호, 806호, 403호(영등포동8가, KnK디지털타워)"
(24F033-A) 조경관리용역 ,국군재정관리단,171460700,2024-02-27,150805630,88.007,2024-02-27,경기조경 주식회사,김명선,장명애,경기도 수원시 팔달구 향교로73-0 (매산로3가) 201호
(23F018-B) 24년 일반화물 수송용역,국군재정관리단,321262850,2024-02-27,275377800,85.826,2024-02-27,대신로지스틱스 주식회사,양임석,백성열,"서울특별시 송파구 오금로46길5-0 (가락동, 보성빌딩) 3층"
24년 전차(사격 조종) 시뮬레이터 외주정비,육군기계화학교,1340300000,2024-02-28,1144000000,85.464,2024-02-28,(주)심네트,차진섭,이수빈,대전광역시 유성구 죽동로157-0 (죽동)
24년 표준 및 상용차량 외주정비용역(경기 서울 인천),제5378부대,190000000,2024-02-28,167545000,88.893,2024-02-28,주식회사 금강특장차,오세덕,김혜란,인천광역시 서구 북항로28-46 (원창동)
24년 구난차 등 3종 외주정비용역(강원),제5378부대,145000000,2024-02-28,127230250,87.901,2024-02-28,합자회사 순호자동차공업사,배경자,배경자,강원특별자치도 원주시 북원로2807-0(태장동)
24년 이동형 기상측정세트 외주정비용역,제5378부대,50000000,2024-02-28,44500000,89.234,2024-02-28,주식회사 와이케이앤텍,김유순,이선주,경기도 구리시 이문안로129번길19 (수택동)
박달훈련대 관제장비 유지보수 용역,육군 52보병사단,16134000,2024-02-28,14191870,87.79,2024-02-28,주식회사 일렉콤,정현영,정영순,"경상남도 창원시 마산회원구 자유무역3길177,1층,5층(양덕동,표준공장1호동)"
사무용기기(프린터 등) 임차 용역,국방시설본부,54676470,2024-02-28,47927893,87.954,2024-02-28,세진정보통신,김영숙,김동현,"경기도 광명시 하안로60,  C동 911,913호(소하동, 광명테크노파크)"
24-F-오폐수처리시설 관리용역,국군재정관리단,296120000,2024-02-28,253263998,86.053,2024-02-28,(주)영동엔지니어링,김억조,임연실,"부산광역시 사상구 백양대로 483, 대양빌딩4층(주례동)"
24-D-계룡대지역 방제용역,국군재정관리단,80490000,2024-02-28,70495716,87.772,2024-02-28,가온에코,노병남,노병남,"충청남도 서산시 안견로365-67, 1층 103호 (읍내동)"
24-N-함정  병영시설 전문방제 용역,국군재정관리단,3978810000,2024-02-28,3120340000,78.566,2024-02-28,(주)세스코,전찬혁,전두영,서울특별시 강동구 상일로10길46-0 (상일동)
24년 공지합동작전훈련지원체계 유지보수,공군 제8전투비행단,88460784,2024-02-29,77843230,88.103,2024-02-29,(주)인컴에스엔,강인식,강인식,"경기도 안양시 동안구 엘에스로 76(호계동, 안양 국제 유통단지)디오밸리 413호"
[24-육-22] A부대 지하형탄약고 사업타당성 조사 설계,육군본부,141899000,2024-02-29,140800000,99,2024-03-04,(주)에스코컨설턴트,박치면,현민,"서울특별시 서초구 반포대로14길 71, 엘지서초에클라트 2117호(서초동)"
[24-육-23] B부대 지하형탄약고 사업타당성 조사 설계,육군본부,141899000,2024-02-29,140800000,99.477,2024-03-04,(주)에스코컨설턴트,박치면,현민,"서울특별시 서초구 반포대로14길 71, 엘지서초에클라트 2117호(서초동)"
24년 부식  쉘터차량 외주정비 용역(경기 북부),제5378부대,165000000,2024-02-29,146020200,89.069,2024-02-29,주식회사 경기상용차서비스,권기종,권기종,경기도 양주시 칠봉산로251-15 (봉양동)
24년 부식  쉘터차량 외주정비 용역(강원),제5378부대,140000000,2024-02-29,133500000,95.542,2024-02-29,016자동차공업사,안종근,안종근,강원특별자치도 원주시 흥양로102번길3 (태장동)
24년 부식 및 쉘터차량 외주정비용역(경기 서울 인천),제5378부대,56900000,2024-02-29,52568000,91.929,2024-02-29,주식회사 금강특장차,오세덕,김혜란,인천광역시 서구 북항로28-46 (원창동)
’24년 음식물류폐기물 위탁처리 용역(24-GS-5),제2307부대,104970000,2024-02-29,88904000,84.34,2024-02-29,리더,한재석,한재석,강원도 횡성군 강림면 강림서길41-0
53사단 125-4대대 간부숙소신축 건축감리(비상주)용역,육군제53보병사단,51487000,2024-02-29,45226960,87.75,2024-03-01,수만채건축사사무소,김재삼,김재삼,부산광역시 동구 고관로100-1 (수정동) 외 1필지
24년 M2 장간조립교 외주정비 용역,제6335부대,80746530,2024-02-29,70629700,87.758,2024-02-29,주식회사 룩스그린,김권호,김성웅,경기도 화성시 서신면 화남공단로114-13
서초훈련대 교전장비 유지보수 용역,육군 52보병사단,96273000,2024-02-29,84400200,87.756,2024-02-29,(주)두손씨에스티,최수경,이숙원,서울특별시 금천구 벚꽃로234 에이스하이엔드6차 1001호
박달훈련대 교전장비 유지보수 용역,육군 52보병사단,96273000,2024-02-29,85249670,88.137,2024-02-29,(주)네스랩,이재호,홍성혜,대전광역시 유성구 테크노2로 194()
24년 승강기 관리용역(경기권),국군의무사령부,25043020,2024-02-29,21917700,88.279,2024-02-29,디케이이엘에스(주),이헌용,이헌용,"경기도 시흥시 승지로60번길17, 704호 (능곡동, 현대프라자)"
24년 승강기 관리용역(서울지구병원),국군의무사령부,9055200,2024-02-29,8518400,93.45,2024-02-29,경일엘리베이터 주식회사,이대호,이솔지,"서울특별시 금천구 가산디지털2로43-14, 12층 1214~1216호 (가산동, 가산한화비즈메트로2차)"
24년 승강기 관리용역(국군대구병원),국군의무사령부,7546000,2024-02-29,6660300,87.963,2024-02-29,바론엘리베이터 주식회사,김승기,김은지,"경상북도 구미시 산동면 신당1로24, 306호(바젤파크시티)"
24년 승강기 관리용역(국군함평병원),국군의무사령부,11103400,2024-02-29,9730000,87.778,2024-02-29,(주)삼성엘리베이터,김영래,최신영,전라남도 순천시 서면 백강로801
군 전용철도 예초용역(2철도대),국군수송사령부,90060784,2024-02-29,79136000,87.747,2024-02-29,주식회사수민건설,이영란,이영란,"경상남도 밀양시 밀성로3길20, 2층(내이동)"
군 전용철도 예초용역(1철도대),국군수송사령부,72552941,2024-02-29,64216700,87.746,2024-02-29,주식회사 동백엘앤씨,이진숙,이진숙,경기도 성남시 분당구 수내로54-0 (수내동) 보보스쉐르빌 1312
군 전용철도 예초용역(3철도대),국군수송사령부,107112745,2024-02-29,93619900,87.758,2024-02-29,주식회사 금오종합건설,정현순,정현순,"전북특별자치도 진안군 진안읍 진장로21, 3층"
해성-I 창정비요소개발 사업 비용분석,방위사업청(운영지원과),0,2024-02-29,27000000,90,2024-04-21,사단법인 한국기업연구원,이승후,이영은,"서울특별시 강남구 도산대로 507, 대신빌딩205호(청담동)"
(24G037-I)24년 의료기관종사자 잠복결핵 검진위탁,국군재정관리단,63911764,2024-02-29,56127000,88.155,2024-03-05,의료법인 녹십자의료재단,이상곤,장상화,경기도 용인시 기흥구 이현로30번길 107()
(24F057-A) 유류중대 급유검사 위탁용역,국군재정관리단,114993550,2024-02-29,101235000,87.99,2024-02-29,프라임방재주식회사,김회택,차민규,"서울특별시 강서구 허준로 217, 가양테크노타운 908호(가양동)"
(24G005-H)24년 MW EMS 유지보수 용역,국군재정관리단,170210780,2024-02-29,151215953,87.889,2024-02-29,(주)조흥테크,박희용,박희용,"전라남도 강진군 강진읍 영랑로24, 3층"
2024 국군수도병원 유해환경근로자 특수건강진단 용역,국군수도병원,17073942,2024-03-04,15296858,89.139,2024-03-05,다인병원,황장회,김재석,경기도 수원시 장안구 창룡대로159-0 (연무동)
24-덕-정신전력 영상교재 제작 용역,제9691부대,49670000,2024-03-04,31000000,62.194,2024-03-05,주식회사 단군픽쳐스,조상환,조상환,"서울특별시 강서구 금낭화로51, 3층(방화동)"
24년 근거리감시레이더 외주정비 용역,제5378부대,320000000,2024-03-05,275000000,85.754,2024-03-05,주식회사 에스코넥,박순관,김영곤,경기도 광주시 오포읍 마루들길172번길 30
24년 사단 음식물쓰레기 위탁처리 용역 계약,제32보병사단,114441000,2024-03-05,96401179,84.766,2024-03-05,주식회사 시온환경,송미자,송미자,충청남도 논산시 강변로308번길62-0 (부창동)  103호
24년 4~12월 예비군훈련 병력수송 임차용역(1권역),제5708부대,260000000,2024-03-05,258800000,99.031,2024-03-05,(주)하나트레블,임병식,박종선,경기도 김포시 양촌읍 양곡4로139 나-104
24년 과학화경계시스템 외주정비 용역(경기권),제1891부대,63725490,2024-03-05,55657150,87.782,2024-03-05,다산정보통신(주),구성철,구성철,"경기도 남양주시 화도읍 소래비로13번길43-1 ,2층"
24년 과학화경계시스템 외주정비 용역(강원권),제1891부대,63725490,2024-03-05,56079706,87.759,2024-03-05,주식회사 이원네트웍스,원춘식,이병찬,강원특별자치도 원주시 판부면 서곡널다리길45-0
24년 과학화경계시스템 외주정비 용역(충청권),제1891부대,63725490,2024-03-05,55736051,87.884,2024-03-05,주식회사 대산정보통신,양순정,박희삼,"충청북도 영동군 영동읍 기골로7, 101동 102호(서한감고을아파트)"
24년 과학화경계시스템 외주정비 용역(경상권),제1891부대,63725490,2024-03-05,56223500,87.801,2024-03-05,제일정보통신 주식회사,송원호,송원호,경상북도 구미시 화신로60-0 (광평동)
24년 과학화경계시스템 외주정비 용역(전라권),제1891부대,34313725,2024-03-05,29910130,87.869,2024-03-05,주식회사 빛을 꿈꾸는 사람들,김상희,김종욱,"전라남도 여수시 대통로47-1,2층(화장동)"
2024 방산기술보호 컨퍼런스 행사 시행,방위사업청(운영지원과),0,2024-03-05,201000000,99.504,2024-03-31,주식회사 채널케이,이윤경,이윤경,"서울특별시 송파구 송파대로201, A동 8층 A-806,807호(문정동, 송파 테라타워2)"
방위사업 원가계산 외부용역(2차) ,방위사업청(운영지원과),0,2024-03-05,919000000,79.949,2024-03-25,서현회계법인,배홍기,김해리,"서울특별시 강남구 테헤란로440, 서관 3층(대치동, 포스코센터)"
24-J-얼음냉온정수기 임차 용역,제9해병여단,118805400,2024-03-05,112950000,95.047,2024-03-05,루에리상사,김병훈,김병훈,"제주특별자치도 제주시 조천읍 신촌4길6, 301동 501호"
해병대 리더십 역량 진단 시스템 개발 연구,제9691부대,30304000,2024-03-05,29100000,95.657,2024-03-05,(사)한국능률협회,최권석,이병훈,"서울특별시 영등포구 의사당대로22, 8층 9층 10층(여의도동, 이룸센터)"
마린온 4차 성과기반군수지원(PBL) 사업타당성 조사,제9691부대,44314761,2024-03-05,27900000,62.98,2024-03-05,주식회사 베테랑콤,이재평,이재평,서울특별시 서초구 서초동1432-13 202
해병대 역사관 활용 방안 연구,제9691부대,43980000,2024-03-05,38515000,88.413,2024-03-05,한디자인그룹주식회사,신정희,신정희,서울특별시 강남구 학동로42길69-0 (논현동) 2층
(24G029-B)24년 전반기 인원수송 버스임차 용역,국군재정관리단,268245090,2024-03-05,240680000,90.276,2024-03-05,(주)한남관광개발,이자영,강성욱,"서울특별시 강서구 마곡중앙2로35, 722호 (마곡동, 이너매스마곡2)"
(24F047-A) 음식물류 폐기물 위탁처리 용역,국군재정관리단,239121560,2024-03-05,192534790,80.512,2024-03-05,아라환경,이석재,이석재,강원특별자치도 홍천군 홍천읍 영서로1981-0
24년 생도용 노트북렌탈 용역,육군3사관학교,176400000,2024-03-06,155169130,88.444,2024-03-06,주식회사에스,김미연,최정민,경상남도 창원시 의창구 북면 동전로154-0  2F
[24-C2] 24년 음식물류 폐기물 처리용역 계약,제3007부대,398340000,2024-03-06,326618000,81.004,2024-03-06,리더,한재석,한재석,강원도 횡성군 강림면 강림서길41-0
2024 국방정책 홍보역량 강화교육,국방부(운영지원과),0,2024-03-06,53900000,98,2024-03-26,한국생산성본부,안완기,박성진,서울특별시 종로구 새문안로5가길 32(적선동)
24-N-상륙군장비수송선 등 8척 임차 용역 ,국군재정관리단,1442840000,2024-03-06,1191680000,82.061,2024-03-06,씨제이대한통운 주식회사,신영수,정성욱,"서울특별시 종로구 종로5길7, Tower 8"
얼음정수기 임차 계약,공군제18전투비행단,86823000,2024-03-07,76210035,87.89,2024-03-07,한국렌탈판매협동조합,정영이,정영이,"인천광역시 미추홀구 아암대로45번길77-8, 1층(용현동)"
터빈엔진시험셋 외주정비 용역,제2879부대,31551000,2024-03-07,27735000,88.101,2024-03-07,주식회사 이알시스템,이창우,이창우,충청북도 청주시 청원구 내수읍 은곡길72-55
24-교-병영식당 민간위탁 급식 용역,제3283부대,0,2024-03-07,33689500000,100,2024-03-22,주식회사 풀무원푸드앤컬처,이동훈,배유경,서울특별시 송파구 송파대로34길29(송파동)
(24F003-G)24~25년 워게임모델 장비정비 유지보수용역,국군재정관리단,338191457,2024-03-07,291986000,85.809,2024-03-07,(주) 네오인아이텍,이경미,박수진,"서울특별시 금천구 벚꽃로234, 1001-2호 (가산동, 에이스하이엔드6차)"
(24G028-I) 6.25 전사자 유가족 유전자검사 외부위탁,국군재정관리단,2908599451,2024-03-08,2262080000,78.044,2024-03-08,(주)디엔에이링크,심철구,이민경,"서울특별시 강서구 마곡중앙8로3길31(마곡동, ASSA빌딩)"
(24G009-H)24년 학교교실디지털화 유지보수 용역,국군재정관리단,75258110,2024-03-08,66052730,87.815,2024-03-08,(주)더원정보,이태훈,정인수,"대구광역시 달성군 다사읍 대실역남로2길2-11, 1층"
(24F022-I) 24년 중요 역사기록물 복원사업,국군재정관리단,926452250,2024-03-08,805980000,86.359,2024-03-08,(주)엔가드,김은숙,황정은,경기도 안성시 무어산길125-25 (대덕면)
[일반-24-18] '24년 전파차단장비 외주정비용역,수도방위사령부,97910000,2024-03-12,95950000,97.943,2024-03-12,주식회사 씨엔테크,김훈석,김훈석,"경기도 김포시 양촌읍 황금로117, 이젠테크노존 가동 411호"
24년 구난차 등3종 외주정비용역(경기  서울  인천),제5378부대,315000000,2024-03-12,279844200,88.251,2024-03-12,주식회사 경기상용차서비스,권기종,권기종,경기도 양주시 칠봉산로251-15 (봉양동)
24년 통합 상황관리시스템 외주정비 용역,제5378부대,126979490,2024-03-12,110808585,87.749,2024-03-12,주식회사 넷,김주형,김주형,"경기도 부천시 원미구 평천로655, 401동 7층 703호(약대동, 부천테크노파크4단지)"
24년 과학화훈련장 교전훈련장비 유지보수,제5019부대,143720440,2024-03-12,126827000,88.18,2024-03-12,(주)유텍,황인협,박범하,"대전광역시 유성구 반석로10-0 (반석동, 반석역프라자) 8층 801호"
24년 과학화훈련장 훈련관리체계 및관제장비 유지보수,제5019부대,86662570,2024-03-12,75682393,87.777,2024-03-12,주식회사 에스씨티,서창성,김성섭,부산광역시 해운대구 센텀북대로60-0 (재송동) 센텀IS타워 1809호
24-활주로 제초관리,공군제18전투비행단,162623330,2024-03-13,142943412,87.749,2024-03-13,합자회사그린파워,차재명,차재명,"강원특별자치도 고성군 간성읍 수성로16번길2-0, 1층"
[일반-24-19] '24년 과학화경계시스템(CCTV) 외주정비,수도방위사령부,145320000,2024-03-13,128351500,87.747,2024-03-13,주식회사 루트웰,노덕권,노덕권,서울특별시 영등포구 영등포로103 (당산동2가) 하나비즈타워 603호
24년 통신장비 외주정비 용역(광주/전남·북),제6335부대,6129610,2024-03-13,5405662,87.772,2024-03-13,케이에스원 주식회사,김형욱,김형욱,광주광역시 서구 금화로283-0 (화정동)
24년 통신장비 외주정비 용역(대전/충남·북/세종),제6335부대,5233100,2024-03-13,4572498,88.003,2024-03-13,주식회사 명품시스템,이명아,배선숙,대전광역시 서구 계룡로408-0 (갈마동)
24년 통신장비 외주정비 용역(대구/경북),제6335부대,2604340,2024-03-13,2285600,87.944,2024-03-13,주식회사 태원전기통신,설인호,박영민,경상북도 포항시 북구 용당로54-1 (용흥동)
24년 취사장 청소 용역,제25보병사단,93100000,2024-03-13,82135180,87.995,2024-03-13,(주)그린바이오,이상필,오세희,경기도 용인시 처인구 지삼로590-0 (삼가동) 씨엠씨빌딩 305호
2024년 물탱크 청소 용역,국군수도병원,8330000,2024-03-13,7324600,87.766,2024-03-13,(주)청호종합관리,이은규,이병주,경기도 고양시 덕양구 은빛로77번길9 (화정동)
재고번호미입력품목,국군의무사령부,1470,2024-03-13,1320,89.84,2024-03-13,주식회사 에코엠,김 찬,김찬,경기도 동두천시 상패동미동길 11-8
재고번호미입력품목,국군의무사령부,1960,2024-03-13,1870,94.69,2024-03-13,주식회사 지엘,김세곤,김세곤,경상북도 경산시 자인면 공단로110-24
재고번호미입력품목,국군의무사령부,1617,2024-03-13,1360,84.474,2024-03-13,화이트스톤,김화옥,김형준,"경기도 김포시 김포한강11로300, 317호 (운양동)"
재고번호미입력품목,국군의무사령부,2450,2024-03-13,2082,84.833,2024-03-13,주식회사 광주삼우그린,박준용,박준용,광주광역시 서구 무진대로499-0 (덕흥동)
재고번호미입력품목,국군의무사령부,2352,2024-03-13,1987,84.313,2024-03-13,주식회사 샬롬환경,김윤섭,이현주,강원도 춘천시 동내면 학곡서3길20-38
재고번호미입력품목,국군의무사령부,2450,2024-03-13,2066,84.314,2024-03-13,리뉴로지스 주식회사,박재욱,안승우,경기도 용인시 처인구 남사읍 경기동로491-5
재고번호미입력품목,국군의무사령부,2940,2024-03-13,2491,85.184,2024-03-13,서울의료공사,이상수,박은진,경기도 김포시 대곶면 상마신기로81-14
교육훈련용 전단 인쇄 용역,제9912부대,23461200,2024-03-13,20684098,87.996,2024-03-15,주식회사 세창,김영진,김영진,"서울특별시 서대문구 충정로53, 1401호, 1402호(충정로2가, 골든타워빌딩)"
장거리지대공유도무기 양산 시설사업기본계획,방위사업청(운영지원과),0,2024-03-13,38000000,95,2024-04-15,(주)에프오알엠도시건축공간연구소,권시형,양진,"서울특별시 송파구 법원로11길25-0, A동 1310호(문정동, 에이치비즈니스파크)"
24-D-남수단 한빛부대 17·18진 교대 항공수송 용역,국군재정관리단,1994000000,2024-03-13,1907000000,95.101,2024-03-13,주식회사 대한항공,우기홍,염찬주,서울특별시 강서구 하늘길 260대한항공 항공우주사업본부
24년 전투발전 연구 용역(1),육군교육사령부,43212000,2024-03-14,35900000,82.325,2024-03-15,(사)한국전략문제연구소,박정기,박병희,"서울특별시 용산구 청파로 40, 삼구빌딩 1815호(한강로3가)"
24년 표준 및 상용차량 외주정비용역(강원),제5378부대,110000000,2024-03-14,96953838,87.872,2024-03-14,석화자동차공업(주),김영성,김영성,강원특별자치도 홍천군 홍천읍 마지기로187-0
24년 전기안전관리 대행 용역,제25보병사단,60431140,2024-03-14,53650473,88.181,2024-03-14,주식회사 디케이이엔지,김선태,김선태,"경기도 포천시 소흘읍 초가팔로49-19, 2층"
24-26-해병-IP교환기 유지보수 용역,제9691부대,610738350,2024-03-14,567986100,91.807,2024-03-14,대신정보기술 주식회사,이광호,서인영,서울특별시 송파구 송파대로167 테라타워 B동 413호
24-D-남수단한빛부대 17 18진교대 항공수송용역(3국적,국군재정관리단,909350000,2024-03-14,761000000,83.067,2024-03-14,다산상선 주식회사,전종진,김영철,"서울특별시 종로구 삼일대로32길36, 302호(익선동, 운현신화타워)"
(24F068-B) 전세 항공수송용역(한미 연합 소부대훈련),국군재정관리단,2047401960,2024-03-14,1790000000,87.199,2024-03-14,아시아나항공(주),원유석,문준호,서울특별시 강서구 오정로 443-83아시아나항공 경영지원팀
(24F060-B)예비군훈련장 제초용역,국군재정관리단,60426840,2024-03-14,53326050,88.005,2024-03-14,주식회사 드림비,심인택,이정애,경기도 수원시 팔달구 매산로151번길5-0 (중동)
(24F031-I) 24년 육로 수송용역(특수화물),국군재정관리단,1484748039,2024-03-14,1169146314,78.431,2024-03-14,대신로지스틱스 주식회사,양임석,백성열,"서울특별시 송파구 오금로46길5-0 (가락동, 보성빌딩) 3층"
24-D-자운대지역 조경관리 용역,국군재정관리단,1391000000,2024-03-14,1227509900,88.003,2024-03-14,주식회사 그린솔루션조경,이범희,이미란,"서울특별시 송파구 올림픽로35가길10,A동613호 (신천동, 잠실 더샵스타파크)"
(용-009)'24년 취사장 관리 용역,제1862부대,91176470,2024-03-15,80166460,87.995,2024-03-15,주식회사 쌍마로지스,조희성,조희성,대전광역시 유성구 원계산로194-1 (계산동) 제2동
(24F004-G) 24년 항공전술 시뮬레이터 유지보수용역,국군재정관리단,96057740,2024-03-15,84463370,87.966,2024-03-15,주식회사 케이티엔티,오성근,원진아,대전광역시 유성구 장대로95 (장대동) KT유성빌딩 3층
24-활주로 제초용역,제20전투비행단,311076470,2024-03-18,274928220,87.995,2024-03-19,(주)태영기업,문순금,허순영,경상북도 성주군 선남면 선노로737-4
KJCCS 경미한 성능개량 사업 비용분석,방위사업청(운영지원과),0,2024-03-18,28500000,95,2024-04-21,주식회사 비용관리연구원,나인성,나인성,경기도 의왕시 오봉산단3로25 (삼동) 의왕테크노파크 더리브비즈원 1동1528호
24-D-자운대지역 방제용역,국군재정관리단,191420000,2024-03-18,169680000,87.885,2024-03-18,다인비엠씨 주식회사,최광호,홍하얀,"대전광역시 중구 서문로128, A동 802호 (문화동, 글꽃프라자)"
24-N-00창 예초용역,국군재정관리단,205870000,2024-03-18,180806940,87.996,2024-03-18,주식회사 우솔,유순천,유홍,"강원특별자치도 철원군 갈말읍 명성로240, 나동 102호"
24-F-중요기록물 DB 구축,국군재정관리단,622010000,2024-03-18,519246000,83.028,2024-03-18,주식회사 쇼우테크,김상우,김상헌,"부산광역시 연제구 반송로30-0 (연산동), 3층"
24-M-조경관리 용역,국군재정관리단,106650000,2024-03-18,94533690,88.035,2024-03-18,주식회사 현성조경,최수환,구혜리,"경기도 안산시 단원구 광덕2로163-11, 405-2호 (고잔동,21세기빌딩)"
24~28-D-업무용 차량 임차 용역,국군재정관리단,3303900000,2024-03-18,2648606400,79.724,2024-03-18,현대캐피탈(주),정형진,이진화,서울특별시 중구 세종대로14(남대문로5가)
24-N-육로화물 민간 수송 용역,국군재정관리단,108520000,2024-03-18,96160750,87.916,2024-03-18,승원익스프레스,김진성,김진성,서울특별시 강서구 곰달래로60길33-0 (화곡동) 2층
24~'25 E-737 지상지원체계 유지보수,공군군수사령부,250391950,2024-03-19,215250000,86.216,2024-03-19,(주)이엔씨테크,이종희,이은경,충청북도 청주시 흥덕구 2순환로742번길2 (화계동)
24년 사천기지 일반지역 제초,제3훈련비행단,142778088,2024-03-19,124848400,87.756,2024-03-19,그린포레 주식회사,이승배,이승배,"경상남도 함안군 가야읍 가야15길24, 상가동 302호(남경타운)"
24년 라인지역 제초 유지관리 용역,공군제19전투비행단,332404300,2024-03-19,284673000,85.506,2024-03-19,주식회사 명장건설,박민창,박종환,"충청북도 괴산군 청안면 광장로594, 제비동호"
미-24-제초관리용역1(대천),공군미사일방어사령부,46409000,2024-03-19,40782346,88.002,2024-03-19,(주)한국자연표본연구소,유선남,유선남,"충청남도 공주시 의당면 의당로350, 2층 201호"
미-24-제초관리용역2(진천),공군미사일방어사령부,23549000,2024-03-19,20529685,88.14,2024-03-19,주식회사 아토,한순임,노창현,충청북도 충주시 주덕읍 당우리길413-41
24년 정수기 임차용역,수도기계화보병사단,184680000,2024-03-19,162518400,87.775,2024-03-20,주식회사 디와이매직,정대영,정대영,"서울특별시 구로구 고척로27길81, 1층(개봉동, 에스케이매직)"
2024년 바세나르체제 군용물자목록 개정소요 연구,방위사업청(운영지원과),0,2024-03-19,59070000,98.45,2024-04-21,무역안보관리원,서정민,원해나,"서울특별시 강남구 영동대로511, 16층(무역센터 트레이드 타워)"
함정적기전력화를 위한 시운전제도 개선방안 연구,방위사업청(운영지원과),0,2024-03-19,51500000,99.382,2024-04-15,서울대학교 산학협력단,김재영,남명우,서울특별시 관악구 관악로1 (신림동)
24년 수사장비 유지보수 용역,국방부조사본부,47818000,2024-03-19,42141500,87.766,2024-03-20,주식회사 루트웰,노덕권,노덕권,서울특별시 영등포구 영등포로103 (당산동2가) 하나비즈타워 603호
(24G004-H)24년 전산장비 유지보수 용역,국군재정관리단,103127610,2024-03-19,89787022,87.88,2024-03-19,소성정보기술 주식회사,김금남,김희영,서울특별시 구로구 공원로11길 33(구로동)
24-POL 제초용역,제20전투비행단,44117647,2024-03-20,39227434,88.027,2024-03-20,주식회사 미래파크,하종근,하종근,대구광역시 북구 검단동로17-15 (검단동)
24년 전투실험발전 연구 용역(1),육군교육사령부,47000000,2024-03-20,33900000,71.93,2024-03-27,(사)한국전략문제연구소,박정기,박병희,"서울특별시 용산구 청파로 40, 삼구빌딩 1815호(한강로3가)"
K계열 패드정비기 외주정비 용역,제2879부대,53423000,2024-03-20,47080000,88.052,2024-03-20,정현테크,이인환,이인환,부산광역시 강서구 대저2동2493
24년 오수처리시설 방류수 수질검사 용역,제6619부대,37804902,2024-03-20,33166400,87.771,2024-03-20,영진환경산업(주),하은용,하재민,"경기도 수원시 권선구 매송고색로634-21 (고색동, 영진환경산업(주))"
24년 토양오염도검사 용역,제6619부대,30138235,2024-03-20,26502500,87.772,2024-03-20,재단법인 케이라인환경기술원,이현채,이현채,광주광역시 광산구 평동금곡길39(연산동)
24년 통신장비 외주정비 용역(부산/경남),제6335부대,3472910,2024-03-20,3050000,88.742,2024-03-20,(주)한라씨앤씨,정승웅,정승웅,"부산광역시 사상구 광장로20번길58-16 (괘법동)1동 2층 203호,205호"
24년 생활폐기물 처리 용역,수도기계화보병사단,141750000,2024-03-20,120900000,84.639,2024-03-20,미래종합환경,임효원,임효원,경기도 남양주시 별내중앙로30-0 (별내동) 305-914
24년 취사장 청소 용역,국군의무사령부,30870000,2024-03-20,27125900,88.01,2024-03-20,주식회사 최고의환한미소,최환,정상섭,"인천광역시 미추홀구 수봉남로24번길74-0, 1층 (용현동)"
24-보-일반폐기물(기타잡류 등 6종) 처리용역,해군군수사령부,139344000,2024-03-20,117578760,84.474,2024-03-20,주식회사 케이비아이국인산업,시명권,정재엽,경상북도 구미시 3공단3로 46-79()
24-K-이동식 화장실 임차 용역,제9181부대,77518000,2024-03-20,69199990,90.03,2024-03-20,고은상사,김진웅,김진웅,경기도 동두천시 평화로2349번길8-9 (생연동)
24-M-교육훈련장 예초용역,국군재정관리단,78700000,2024-03-20,69999880,88.002,2024-03-20,어울림 조경,진영권,진영권,"경기도 화성시 비봉면 양노로74, 104호"
(24F041-A) 식자재 민간위탁 배송용역,국군재정관리단,647605720,2024-03-20,624939520,97.076,2024-03-25,동원로엑스 주식회사,박성순,전현주,서울특별시 서초구 마방로68-0 (양재동) 동원산업빌딩
(24F055-A) 일반폐기물 처리 용역,국군재정관리단,414814400,2024-03-20,335006000,80.775,2024-03-20,이도에코오산 주식회사,박성진,장필요,경기도 오산시 황새로149번길55-0 (누읍동)
24-D-SALS-K 탄약 수송용역,국군재정관리단,1470600000,2024-03-20,1198539000,82.61,2024-03-20,대신로지스틱스 주식회사,양임석,백성열,"서울특별시 송파구 오금로46길5-0 (가락동, 보성빌딩) 3층"
24-N-영구보존기록물 DB 구축,국군재정관리단,402140000,2024-03-20,344916600,85.706,2024-03-20,(주)데이터클립,송귀섭,박승진,"서울특별시 금천구 가산디지털1로145,12층 1207호(에이스하이엔드타워3차)"
공군 제19전투비행단 병사식당 급식 민간위탁 운영,공군제19전투비행단,0,2024-03-21,43803745000,100,2024-03-25,주식회사 동원홈푸드,정문목,이권민,"서울특별시 서초구 마방로68(양재동, 동원산업빌딩)"
공군 제20전투비행단 병사식당 민간위탁 용역,제20전투비행단,0,2024-03-21,42705000000,100,2024-03-22,(주)아워홈,구미현,변승재,서울특별시 강서구 마곡중앙10로91(마곡동)
무공훈장 찾아주기 사업 홍보영상 및 음원제작 용역,육군인사사령부,39215686,2024-03-21,32900000,84.136,2024-03-21,주식회사 명인터미디어,명순석,명순석,서울특별시 마포구 모래내로3길11-0 (성산동) 상암미르웰한올림 211호
(24F052-A) 자동화창고 유지관리 용역,국군재정관리단,168674500,2024-03-21,153363200,90.39,2024-03-21,주식회사 이엠피,윤종성,윤종성,경상남도 창원시 의창구 동읍 자여로115번길17-0
생도식당 민간위탁급식 용역,육군사관학교,0,2024-03-22,12720000000,100,2024-04-10,삼성웰스토리 주식회사,정해린,김재겸,경기도 성남시 분당구 구미로8-0 (구미동)
24-F-오폐수처리시설 관리용역,국군재정관리단,295420000,2024-03-22,252699700,85.645,2024-03-22,주흥환경 주식회사,이길재,정미나,"경기도 수원시 영통구 신원로304 (원천동) 3동 5층 5-505, 506호"
24-공동외곽지역 제초용역,제20전투비행단,337827630,2024-03-25,297890030,87.998,2024-03-25,주식회사태우조경,황연숙,황연숙,"강원특별자치도 춘천시 소양강로10, 비엔아이 지식산업센터 523호(후평동)"
2024년 수도병원 에너지 진단 용역 계약,국군수도병원,34169669,2024-03-25,29946000,87.753,2024-03-25,(주)엔자인,류정일,최종수,"경기도 안양시 동안구 엘에스로116번길118 (호계동) 안양2차 SK V1 center 601,602호"
24-해병-AI면접체계 사업,제9691부대,36720000,2024-03-25,33782400,91.216,2024-04-11,(주)무하유,신동호,강진호,"서울특별시 성동구 성수일로8길5, 에이동 201호, 202호, 203호(성수동2가, 에스케이브이1타워)"
[24-육-42] 군종영상 교재 제작,육군본부,27409000,2024-03-26,16500000,60.265,2024-03-26,주식회사 단군픽쳐스,조상환,조상환,"서울특별시 강서구 금낭화로51, 3층(방화동)"
재고번호미입력품목,육군과학화전투훈련단,192,2024-03-26,162,84.499,2024-03-26,아라환경,이석재,이석재,강원특별자치도 홍천군 홍천읍 영서로1981-0
24년 과학화훈련대 영상모의사격장비 유지ㆍ보수 용역,제5708부대,231776000,2024-03-26,204744620,88.635,2024-03-26,주식회사 한국방재기술단,정민규,김옥희,"경기도 과천시 별양상가로7, 502호(별양동)"
24-00함 실시간 상황공유체계 구축 사업,제9121부대,34310000,2024-03-26,30073744,88.361,2024-03-26,해용정보통신주식회사,백다리아,백다리아,"경기도 고양시 일산동구 중산로 247306,307호 (중산동, 중산프라자)"
(24F065-A) 유류중대 급유시설민간위탁기술검사용역 ,국군재정관리단,309818640,2024-03-26,266409000,85.713,2024-03-26,(주)대진방재,임영묵,이두성,충청남도 천안시 동남구 봉서6길8 (봉명동)
24-N-유해환경근무자 특수검진 용역,국군재정관리단,614250000,2024-03-26,510250000,83.164,2024-03-26,(사)대한산업보건협회 부산지역본부,백헌기,서정원,부산광역시 금정구 중앙대로 2139()
24년 활주로와 라인 내 일반지역 및 남지 제초용역,제3훈련비행단,201497176,2024-03-27,175965290,87.755,2024-03-27,주식회사 금산조경,고재성,고재성,"경상남도 창원시 성산구 용지로96, 1123호(중앙동, 하이페르오피스텔)"
24-내진성능평가 용역,공군제18전투비행단,97485000,2024-03-27,85636000,87.792,2024-03-27,주식회사 동서엔지니어링,이익상,이창재,강원특별자치도 춘천시 후석로44 (석사동) 3층
24년도 벌목 설계 용역,육군 탄약지원사령부,18071000,2024-03-27,15897420,87.774,2024-03-28,산림기술사사무소 바우,김재헌,김재헌,"경기도 여주시 현암로13, 2층 233호(현암동, 하우비즈)"
군 주거시설 관리용역(C020),제7군단,8018265630,2024-03-27,7734970000,95.816,2024-03-27,공우이엔씨 주식회사,이한기,김두용,"서울특별시 영등포구 여의대방로43라길6-0 (신길동, 신길프라자3층)"
2024년 방위사업청 외국어교실 위탁교육,방위사업청(운영지원과),0,2024-03-27,159167250,93.627,2024-04-21,브랜트옥스폰 주식회사,이세일,손수영,서울특별시 서초구 서초중앙로22길113 (서초동1638-8) 성주빌딩
24-D-00부대 조경관리 용역,국군재정관리단,121640000,2024-03-27,107254940,88.002,2024-03-27,주식회사 위더스엠엔씨,강은지,이경재,"서울특별시 동대문구 황물로103, 312호 (답십리동, 킹스타빌딩)"
24년 군 주거시설 개선방안 수립 연구용역 등 2건,공군제17전투비행단,109850230,2024-03-28,89100000,80.56,2024-04-01,(주)에프오알엠도시건축공간연구소,권시형,양진,"서울특별시 송파구 법원로11길25-0, A동 1310호(문정동, 에이치비즈니스파크)"
24년 전투실험발전 세미나 수행 용역,육군교육사령부,21000000,2024-03-28,15500000,73.986,2024-03-28,(사)21세기군사연구소,김진욱,박계향,"서울특별시 금천구 가산디지털2로184, 10층 1017호(가산동, 벽산디지털밸리2차)"
24년 제초용역,제6755부대,252511070,2024-03-28,224561290,88.001,2024-03-28,대아이앤씨 주식회사,김연숙,강성훈,"부산광역시 해운대구 센텀중앙로97, 에이동 3202호(재송동, 센텀스카이비즈)"
24년 토양오염도 검사용역(C025),제7군단,38536520,2024-03-28,33805000,87.781,2024-03-28,(재) 국토환경연구소,주병한,김옥남,"전북특별자치도 전주시 덕진구 만성북로47-0, 만성유타워2층 206호(만성동)"
00부대 동원  예비군훈련장 방제용역,육군 52보병사단,16565720,2024-03-28,14440800,87.748,2024-03-28,한신개발공사,유명화,이경근,인천광역시 미추홀구 인하로119번길38-0 (용현동)
00훈련대 제초용역,육군 52보병사단,30000000,2024-03-28,26147607,87.746,2024-03-28,주식회사 호민조경,최혜민,최혜민,"경기도 용인시 기흥구 갈곡로12번길18, 103호(구갈동)"
24년 잠수함 위생 및 오수탱크 청소/도장 용역,해군군수사령부,50000000,2024-03-28,44100000,88.212,2024-03-28,주식회사 에스마린,김석대,이기환,부산광역시 사하구 감천항로454-0 (다대동)
24-N-00창 숲 정비용역(24H016-H),국군재정관리단,341300000,2024-03-29,300588220,88.009,2024-03-29,더숲조경 주식회사,정진경,정진경,"전라남도 순천시 별량면 덕정길66, 나동"
24-N-작업환경 측정 용역,국군재정관리단,115760000,2024-03-29,101120667,87.851,2024-03-29,주식회사 이엔직업환경연구소,이신우,이신우,부산광역시 부산진구 서면문화로47 (부전동) 6층
(24F076-A) 제초관리용역,국군재정관리단,135514470,2024-03-29,118583070,87.995,2024-03-29,주식회사 에버그린,이순조,우건구,경상북도 안동시 노하길61-7 (노하동)
(24-F099-A)00사단 관리 제초 용역,국군재정관리단,76249500,2024-03-29,67134130,87.995,2024-03-29,(주)삼원조경건설,신상문,신상문,경기도 군포시 군포로518-0 (당동) 2층 201호 (주) 삼원조경건설
(24F078-A) 조경관리용역,국군재정관리단,84618730,2024-03-29,74487281,88.017,2024-03-29,아슬라조경(주),강선수,김영희,경기도 화성시 마도면 두곡서길37 (2층)
(24F084-A) 제초관리 용역,국군재정관리단,75249400,2024-03-29,66014150,87.998,2024-03-29,007조경(주),채종길,원지현,강원특별자치도 원주시 원문로 1764(문막읍)
(24F042-I) 24년 음식물류 폐기물 위탁처리 용역,국군재정관리단,382696440,2024-03-29,310730000,80.967,2024-03-29,오션환경,김진태,김진태,경기도 광명시 범안로1035-0 (하안동)
(24F051-I) 지정폐기물 처리용역,국군재정관리단,327407274,2024-03-29,276660000,83.859,2024-03-29,(주)케이에스에너지,김광수,이재석,경기도 화성시 정남면 내향로240-55 (주)케이에스에너지
(24F067-I) 24년 음식물폐기물 위탁처리 용역(경기),국군재정관리단,80075294,2024-03-29,67363000,84.763,2024-03-29,사계절환경,최원희,최원희,"경기도 안산시 단원구 광덕2로50-3, 316호 (초지동)"
(24F095-A) 제초관리 용역,국군재정관리단,147241020,2024-03-29,129735113,87.995,2024-03-29,주식회사 청원조경,전민식,전민식,충청북도 충주시 연원1길27 (연수동)
24년 중요시설경계시스템 외주용역정비,지상작전사령부,113136500,2024-04-01,98169000,87.895,2024-04-03,주식회사 펌프킨,최도용,최도용,경기도 남양주시 화도읍 경춘로1955
역사관 홍보전시물 설계 및 리모델링(B006),제7군단,0,2024-04-01,242500000,97,2024-04-04,주식회사 팀헬퍼스이앤지,정수형,임길영,서울특별시 금천구 범안로1130-0 (가산동) 13층1306-1호
24년 국립서울현충원 영상 콘텐츠 제작 용역,국립서울현충원,0,2024-04-01,50050000,96.25,2024-04-09,수상한협동조합,김명환,김명환,"서울특별시 금천구 금하로24길7-0 (시흥동), B1"
24-해병-리더십 컨텐츠 영상제작 용역,제9691부대,29411760,2024-04-01,18000000,61.487,2024-04-02,주식회사 단군픽쳐스,조상환,조상환,"서울특별시 강서구 금낭화로51, 3층(방화동)"
24+3년 얼음정수기 등 임차(59대),제8278부대,91476000,2024-04-02,80179426,88.276,2024-04-02,한국렌탈판매협동조합,정영이,정영이,"인천광역시 미추홀구 아암대로45번길77-8, 1층(용현동)"
24년 오수처리시설 수질검사용역(C026),제7군단,24142800,2024-04-02,21150300,87.786,2024-04-02,주식회사 혜성환경,장공례,강정아,경기도 안양시 동안구 귀인로79번길35 (호계동)
의무후송전용헬기 시설사업기본계획 연구용역,방위사업청(운영지원과),0,2024-04-02,38000000,95,2024-05-03,(주)에프오알엠도시건축공간연구소,권시형,양진,"서울특별시 송파구 법원로11길25-0, A동 1310호(문정동, 에이치비즈니스파크)"
(24G003-H)24~25년 지휘통신신속대응장비유지보수용역,국군재정관리단,131217850,2024-04-02,114837746,87.75,2024-04-02,주식회사 명품시스템,이명아,배선숙,대전광역시 서구 계룡로408-0 (갈마동)
(24G010-H)24~25년 과학화경계시스템 유지보수 용역,국군재정관리단,173835740,2024-04-02,154086626,87.767,2024-04-02,(주)이서,이희순,이희순,"세종특별자치시  한누리대로312-0, 714호 (나성동, 노블비지니스타운)"
(24G002-H)24~25년 위성장비 유지보수 용역,국군재정관리단,2878743270,2024-04-02,2275000000,78.836,2024-04-02,주식회사 제노코,유태삼,김민석,"경기도 군포시 농심로72번길1-0 (당정동, 제노코빌딩)"
24년 전반기 지정폐기물 위탁처리 용역,제2167부대,69071000,2024-04-03,60267800,87.101,2024-04-03,성림유화 주식회사,김영중,김태형,"경기도 안산시 단원구 첨단로 215(성곡동, 성림유화(주))"
00부대 탄약관리지원사업 등 8건 설계용역,지상작전사령부,119917000,2024-04-03,104453000,87.752,2024-04-03,주식회사 에이콘 건축사사무소,박정균,박정균,"경기도 용인시 기흥구 구갈로60번길 19, 금강프라자 301호(구갈동)"
24년 취사장 청소(후드/덕트/환풍기) 용역,제2621부대,93000000,2024-04-03,82042000,88.022,2024-04-03,흥리종합건설 주식회사,정교진,김무형,강원특별자치도 정선군 사북읍 사북2길38-0
24년 과학화훈련대 교전장비 유지ㆍ보수 용역,제5708부대,239698000,2024-04-03,211684662,87.758,2024-04-03,주식회사 한국방재기술단,정민규,김옥희,"경기도 과천시 별양상가로7, 502호(별양동)"
00부대 전반기 물탱크 청소 용역,육군 52보병사단,4858690,2024-04-03,4271675,88.005,2024-04-03,주식회사 에코클린케어 (ECO.CC),이창엽,이창엽,대구광역시 수성구 지산로67 (지산동)
(24F069-A) 렌탈프린터 임차용역,국군재정관리단,75441170,2024-04-03,66116816,87.745,2024-04-03,브리에briier,장세연,장세연,"경기도 용인시 수지구 대지로15번길60, 509동 204호(죽전동, 대지마을현대홈타운3차2단지)"
24-N-모범장병 및 군무원 국내시찰 용역,국군재정관리단,111000000,2024-04-03,99000000,88.581,2024-04-03,지엔코리아 주식회사,천영혜,정지영,대전광역시 유성구 대학로99 (궁동) 제1학생회관 2층
24-D-태릉  동여주체력단련장 코스관리 용역,국군재정관리단,456440000,2024-04-03,398437000,88.004,2024-04-03,그린프리즘 주식회사,홍석진,홍석진,경기도 화성시 남양읍 주석로213-15
(24F008-G) 24년 자주포 시뮬레이터 유지보수용역,국군재정관리단,407435294,2024-04-03,350430000,85.536,2024-04-03,(주)심네트,차진섭,이수빈,대전광역시 유성구 죽동로157-0 (죽동)
<24-41>전시용 항공기 분해이전 및 정글무늬 도색용역,공군제10전투비행단,115506860,2024-04-04,101386000,87.807,2024-04-04,한길씨앤씨 주식회사,신용인,김홍정,"서울특별시 금천구 서부샛길632-0 (가산동, 대륭테크노타운5)"
24년 전반기 일반폐기물 위탁처리 용역,제2167부대,222000000,2024-04-04,187756248,84.269,2024-04-05,주식회사 조은환경개발,김애경,김애경,경기도 양주시 칠봉산로314번길101-0 (봉양동)
[24-육-51] 육군 역사자료 한글화 용역,육군본부,33301000,2024-04-04,29300000,87.285,2024-04-08,국방대학교산학협력단,이문걸,오중택,충청남도 논산시 양촌면 황산벌로1040
24년 폐목재 위탁처리 용역,육군 탄약지원사령부,162720000,2024-04-04,137114856,84.396,2024-04-04,주식회사 엘에스에너지,김원홍,김상섭,경기도 안성시 삼죽면 상삼로119
2024년 국방정책토론회,국방부(운영지원과),0,2024-04-04,29000000,87.618,2024-04-22,사단법인 한국국가전략연구원,한민구,이상규,"서울특별시 용산구 한강대로62길41, 3층 (한강로1가)"
국방부 기계설비 성능점검 용역,국방부근무지원단,136226880,2024-04-04,120343600,87.749,2024-04-04,주식회사 대윤기술공영,정광일,노민우,서울특별시 중랑구 동일로138길9-0 (중화동) 3층
24-F-활주로 제초용역,국군재정관리단,184830000,2024-04-04,162341000,87.995,2024-04-04,주식회사 다현조경건설,김다현,김다현,"경기도 고양시 덕양구 무원로6,305-1호 (행신동, 무원빌딩)"
(24F059-I) 24~25년 보급부대 근무분야 민간위탁,국군재정관리단,2008643333,2024-04-04,1946000000,97.11,2024-04-04,공우이엔씨 주식회사,이한기,최정우,"서울특별시 영등포구 여의대방로43라길6-0 (신길동, 신길프라자3층)"
24년 일반구역 제초용역 ,공군제17전투비행단,247599100,2024-04-05,217703361,87.995,2024-04-05,주식회사 황금조경,김희진,김희진,"전라남도 영광군 영광읍 장궁길211, 2층"
감속기 성능시험장비 외주정비 용역,제2879부대,371631000,2024-04-05,351642500,93.398,2024-04-05,주식회사 제넥,서정기,최경진,경상남도 창원시 성산구 공단로166번길27-7 (신촌동)
(예비전력예산) 과학화훈련장 교전장비 유지보수,제2632부대,93894000,2024-04-05,81740390,87.803,2024-04-05,주식회사 세븐전자코리아,김규근,신정민,"인천광역시 중구 참외전로110-6, 1층 (인현동)"
24년 비데 임차 용역,제6335부대,25752000,2024-04-05,24346370,93.255,2024-04-05,(주)한성바이오테크,김재경,김재경,"서울특별시 강남구 개포로25길18 (개포동, 1층)"
24년 국립서울현충원 홍보물 2종 제작 용역,국립서울현충원,0,2024-04-05,46130700,96.105,2024-04-17,노다지스튜디오,노신실,노신실,서울특별시 강남구 선릉로578-0 (삼성동) 7층 15호
방위사업 원가계산 외부용역 3차,방위사업청(운영지원과),0,2024-04-05,1050000000,87.056,2024-04-22,(재)동양경제연구원,최홍석,김은지,"부산광역시 강서구 유통단지1로41, 본관동 301호 (대저2동, 부산티플렉스)"
24-D-의류대 수송용역,국군재정관리단,506160000,2024-04-05,497622400,97.903,2024-04-05,주식회사 한진,노삼석,류승현,서울특별시 중구 남대문로63-0 (남대문로2가))
(24F049-A) 00대학교 조경관리 용역,국군재정관리단,169363140,2024-04-05,150248380,87.998,2024-04-05,(주)진흥녹화센터,최윤호,최윤호,경상북도 안동시 일직면 안평일직길433-60
24-D-남수원  처인체력단련장 코스관리 용역,국군재정관리단,456440000,2024-04-05,404407600,88.013,2024-04-05,주식회사 가산조경건설,최상호,임은영,"경상남도 김해시 율하2로260, 301호(관동동)"
00부대 운동기구(런닝머신) 임차 용역,육군 52보병사단,57600000,2024-04-08,50555000,88.682,2024-04-08,주식회사 스포플렉스,남병태,박선엽,경기도 양주시 광적면 그루고개로143번길244-10
24-F-김해기지 일반(공통)구역 제초 용역,국군재정관리단,112280000,2024-04-08,97563500,88.029,2024-04-08,주식회사 이지데코,김미선,김은조,"경기도 고양시 일산서구 산현로17번길9(탄현동), 305호 (부건3차)"
24~'25년 기상정보지원기 유지보수,공군군수사령부,99897058,2024-04-09,87405208,87.79,2024-04-09,유한회사 동방이노베이션,김준식,안차순,전북특별자치도 정읍시 북면 북면공단2길87-0
24-공군사관학교 통합 제초용역,공군사관학교,340320230,2024-04-09,288262500,85.546,2024-04-11,주식회사우리종합관리,우원명,우원자,"충청남도 천안시 동남구 청수9로55, 7층 1,2호 (청당동)"
24년 일반지역 제초용역,공군제11전투비행단,351188230,2024-04-09,308057730,87.995,2024-04-09,(주)이든조경,홍세미,홍세미,대구광역시 달서구 상화로300-0 (도원동)
24년 활주로 제초용역,공군제11전투비행단,237017640,2024-04-09,209869490,87.997,2024-04-09,주식회사 기주건설,손상균,손상균,"경상북도 경주시 초당길5번길7-1 (동천동), 2층"
24년 탄약저장시설 제초용역 ,공군제17전투비행단,120450000,2024-04-09,106569210,87.998,2024-04-09,새청 주식회사,김현석,김현석,충청북도 음성군 음성읍 음성로134-14
24년 활주로지역 제초용역 ,공군제17전투비행단,211538000,2024-04-09,186000500,88.002,2024-04-09,고려조경 주식회사,양용순,이정환,"충청북도 청주시 청원구 충청대로272번길11, 2층 (주성동)"
24-활주로 진입등 해상구조물 보수공사 건설사업관리,공군제18전투비행단,39411000,2024-04-09,34697000,87.979,2024-04-09,주식회사 동서엔지니어링,이익상,이창재,강원특별자치도 춘천시 후석로44 (석사동) 3층
00부대 항공전술훈련 시뮬레이터 외주정비용역(C029),제7군단,367178000,2024-04-09,359700000,98.21,2024-04-09,(주)네비웍스,원준희,이윤상,경기도 안양시 동안구 부림로170번길41-18 (관양동)
2024년 수도병원 소방시설(작동기능/종합정밀) 점검,국군수도병원,39689363,2024-04-09,34892000,87.802,2024-04-09,(주)유신플랜테크,홍성철,홍성철,서울특별시 마포구 신촌로6길 24(동교동)
24년 고속단정  15인승 엔진 외주정비,제9965부대,58590000,2024-04-09,51341000,87.75,2024-04-09,혁신산업,김윤정,김윤정,경상남도 김해시 한림면 한림로515번길224-0
24년 수영자이송정 외주정비,제9965부대,380000000,2024-04-09,331968000,86.775,2024-04-09,주식회사 로마스인더스트리즈,전애영,임정욱,강원특별자치도 삼척시 근덕면 본동길 21-196 농공단지1블럭()
24년 선박엔진 외주정비,제9965부대,164331000,2024-04-09,144392230,87.855,2024-04-09,기성마린,이희상,이희상,부산광역시 사상구 낙동대로1458 (삼락동)
표시판  레이더세트 제원용(DY-NDS) 유지보수 용역,해군군수사령부,309000000,2024-04-09,266682000,86.099,2024-04-09,한양무선통신,최영복,최영복,경상남도 창원시 의창구 팔용로 399()
(24F097-A) 제초용역,국군재정관리단,259233330,2024-04-09,226931000,88.052,2024-04-09,주식회사 공간이천이십,유혜경,정용조,"경기도 평택시 평택로275, 208호(세교동)"
24-F-병영시설 방제 용역,국군재정관리단,205960000,2024-04-09,181171400,87.745,2024-04-09,베스트환경,김충섭,김충섭,경상남도 창원시 의창구 남산로113번길26-1 (서상동) 101호
(24F090-A) 유류중대 급유시설 기술민간위탁 용역,국군재정관리단,92879140,2024-04-09,82557000,88.337,2024-04-09,프라임방재주식회사,김회택,노희환,"서울특별시 강서구 허준로 217, 가양테크노타운 908호(가양동)"
(24G008-H)24년 과학수사시스템 통합 유지관리용역,국군재정관리단,67741450,2024-04-09,59267954,87.78,2024-04-09,대양종합솔라팅 주식회사,한선미,한선미,전라남도 영광군 대마면 전기차1로129-0
K1A2 전장관리신호처리기 시험장비개발 연구용역,제2879부대,53813000,2024-04-11,45320000,84.462,2024-04-11,주식회사 유니텍,이훈민,김상도,"경기도 안양시 동안구 시민대로387  A동 1201-1호(관양동,디지털엠파이어)"
음식물류 폐기물 처리,제5067부대,180,2024-04-11,152,84.281,2024-04-15,중원산업,김경민,김경민,"충청북도 충주시 대소원면 산정독정길222, 경복빌딩 203호"
해병대 데이터 관리 및 활용 발전 방안 연구,제9691부대,39094581,2024-04-11,27000000,68.54,2024-04-12,주식회사 베테랑콤,이재평,이재평,서울특별시 서초구 서초동1432-13 202
24-M-훈련장 제초관리 용역,국군재정관리단,131730000,2024-04-11,116590050,88.015,2024-04-11,주식회사 고은건설,임주형,임주형,경상북도 영양군 영양읍 중앙로85-1
24~27-N-얼음정수기(59대) 임차용역,국군재정관리단,135350000,2024-04-11,119411630,87.75,2024-04-11,을상 주식회사,이혜진,이혜진,"경기도 용인시 기흥구 죽전로10, 6층 601-48호(보정동, 장은메디칼프라자)"
24-N-기술교범 외주번역 용역,국군재정관리단,151450000,2024-04-11,133838110,87.745,2024-04-11,주식회사 휴먼디앤씨,권혜란,권혜란,충청북도 제천시 고암로1길15-0 (청전동)
24-청주교육시설 BTL사업 전략환경영향평가 용역,공군사관학교,148990000,2024-04-12,130950252,87.76,2024-04-15,주식회사 청호알앤디,김정민,김정민,전라남도 무안군 현경면 유수정길34-31
24년 ACS/IDS 출입접근통제체계 유지보수,공군제17전투비행단,45180000,2024-04-12,39865476,87.763,2024-04-12,소성정보기술 주식회사,김금남,김금남,서울특별시 구로구 공원로11길 33(구로동)
24년 폐지환통 위탁처리 용역,육군 탄약지원사령부,79200000,2024-04-12,66904700,84.539,2024-04-12,주식회사 조은환경개발,김애경,김애경,경기도 양주시 칠봉산로314번길101-0 (봉양동)
RAM업무 고도화를 위한 잠정목표값 설정 연구용역,제2879부대,29411000,2024-04-12,23000000,77.938,2024-04-12,국립금오공과대학교산학협력단,권오형,한달연,"경상북도 구미시 대학로 61, 금오공과대학교 산학협력단(양호동)"
24년 식기세척기 임차 용역(53군지단),제6335부대,21600000,2024-04-12,19016550,87.812,2024-04-12,(주)한성바이오테크,김재경,김재경,"서울특별시 강남구 개포로25길18 (개포동, 1층)"
24-N-평 중대형 구조물(00함 등) 부분보수 용역,국군재정관리단,172910000,2024-04-12,151778668,87.823,2024-04-12,주식회사 일성이엔지,오세만,김수정,부산광역시 영도구 대교로2번길22-6 (봉래동3가) 2층
24-N-정수장 및 수원지 제초용역,국군재정관리단,87430000,2024-04-12,77198296,88.005,2024-04-12,주식회사 미림조경,김정수,김정수,"경상남도 거창군 거창읍 공수들1길29, 2층 203호"
24-N-평 오폐수처리시설 및 중계펌프장 위탁관리 용역,국군재정관리단,199040000,2024-04-12,174378950,87.758,2024-04-12,주식회사 혜성환경,장공례,강정아,경기도 안양시 동안구 귀인로79번길35 (호계동)
(24F082-A) 방화지대 구축용역 (영천  창원),국군재정관리단,358964700,2024-04-12,314057000,88.021,2024-04-12,주식회사산림기술개발,강지현,박종규,전라남도 고흥군 고흥읍 봉황길9
(24F081-I)24년도 방화지대 구축 용역(제천 충주),국군재정관리단,452770588,2024-04-12,399829460,88.027,2024-04-12,주식회사 레드우드,김동인,김동인,경상남도 고성군 상리면 척번정7길65-0
(24F083-I)24년도 방화지대 구축용역(대전 천안 세종),국군재정관리단,760079411,2024-04-12,670004000,88.01,2024-04-12,주식회사 동우산림개발,최지은,최지은,"경상남도 창원시 마산합포구 해안대로15,711호(해운동, 경민파라다이스201)"
(24G050-A생물안전3등급 연구시설(BL-3) 유지보수용역,국군재정관리단,112352940,2024-04-12,98644500,88.132,2024-04-17,(주) 웃샘,이명식,박민정,충청북도 청주시 흥덕구 옥산면 덕촌삼성골길16
155mm지역거부탄 탐색개발,방위사업청,16785000000,2024-04-15,16785000000,,2024-06-25,주식회사 코리아디펜스인더스트리,정정모,,세종특별자치시  세종로1229 (고운동) 707호
<24-44> 10비 일반지역 및 탄약고 지역 제초용역,공군제10전투비행단,326722000,2024-04-15,287750590,88.014,2024-04-15,곡성군산림조합,이국섭,김무현,전라남도 곡성군 곡성읍 군청로32
<24-43>10비 라인 및 유류저장지역 제초용역,공군제10전투비행단,269772000,2024-04-15,236107800,88.056,2024-04-15,유한회사 서경엘씨,김은진,변수영,전라남도 순천시 안신기2길 30(가곡동)
24년 사령부 영내 제초용역 (1차),제6619부대,49154660,2024-04-15,43798464,87.786,2024-04-15,주식회사 도시정원,이규억,김지민,"대구광역시 북구 유통단지로8길46-12, 101호 (산격동)"
24~25-F-OOOO 수집/분석장비 유지보수,국군재정관리단,249160000,2024-04-15,215500000,86.911,2024-04-15,라온시스템즈(주),김태호,최승룡,"경기도 군포시 고산로148번길17-0, B동 1303호, 1304호, 1305호(당정동, 군포IT밸리)"
24~'25년 상층대기분석장비 유지보수,공군군수사령부,91600980,2024-04-16,87020931,94.256,2024-04-16,유한회사 동방이노베이션,김준식,안차순,전북특별자치도 정읍시 북면 북면공단2길87-0
24~'25년 항공기 전기계통 창정비장비 유지보수,공군군수사령부,92433130,2024-04-16,80950000,87.993,2024-04-16,MRO Tech(엠알오텍),안기수,안기수,"대구광역시 북구 영송로15, 2층 6210호 (태전동, 대구보건대학교 복지관)"
24~'25년 정찰체계 지상장비 유지보수,공군군수사령부,191763725,2024-04-16,169068500,87.768,2024-04-16,에스정보통신 주식회사,황유모,민혜홍,대구광역시 북구 경대로17길47-0 (복현동) 아이티융합산업빌딩 810호
24년 POL지역 제초용역,공군제11전투비행단,66666660,2024-04-16,59112000,87.996,2024-04-16,(주)자연조경,김해원,김해원,"인천광역시 남동구 앵고개로948번길54-0, 502-9호 (논현동)"
24년 렌탈프린터 임차 통합계약 ,제9보병사단사령부,105698182,2024-04-16,93770510,87.745,2024-04-18,나나아울렛,김수나,김수나,"경기도 안산시 상록구 해양4로31, 109동 2804호(사동, 그랑시티자이)"
군인연금제도 발전방향 연구,국방부(운영지원과),0,2024-04-16,98054000,100,2024-05-03,서울대학교 산학협력단,김재영,전현숙,서울특별시 관악구 관악로1 (신림동)
국방기술 창업경진대회 시행 용역,방위사업청(운영지원과),0,2024-04-16,245000000,98.393,2024-05-02,쿠아,송정현,송정현,대전광역시 유성구 신성로61번안길53 (신성동)
제8회 국방과학기술 대제전 행사 시행 용역,방위사업청(운영지원과),0,2024-04-16,494000000,98.8,2024-05-02,(사)한국방위산업진흥회,김유진,노경범,"서울특별시 마포구 마포대로49, 13층(도화동, 성우빌딩)"
24-인-정수기임차용역,제2002부대,161130000,2024-04-16,141986170,87.953,2024-04-16,피엔종합관리 주식회사,박찬혁,박찬혁,"인천광역시 서구 원당대로865, 505-28호(원당동, 대신프라자)"
24-F-활주로 제초용역,국군재정관리단,201840000,2024-04-16,177463300,88.023,2024-04-16,삼승이엔씨주식회사,조영실,조영실,"광주광역시 광산구 신가삼효로2-10 , 3층 (신가동)"
`24년 국방M&S발전세미나 행사 대행,국방부(운영지원과),0,2024-04-17,42336000,96,2024-05-02,주식회사 콘텐츠펙토리상상역,최철욱,추성훈,"서울특별시 강서구 공항대로103 (마곡동, 마곡 엠밸리 9단지) 업무동시설 507호"
안보학술연구용역(4.한국의군사전략),국방대학교,5372549,2024-04-17,5000000,92.94,2024-04-29,영남대학교산학협력단,김종수,이다정,"경상북도 경산시 대학로280, 1층(대동)"
24-1차 동명부대 재보급물자 수송관리용역,국군수송사령부,229764705,2024-04-17,202635000,87.779,2024-04-17,주식회사 케이텍코퍼레이션,이경석,박영근,"부산광역시 중구 중앙대로96-0 (중앙동4가), 12층"
잠수함(SS-I  II) 통풍관 청소 용역,해군군수사령부,17000000,2024-04-17,15032000,88.051,2024-04-17,(주)태황산업,이헌재,이헌재,부산광역시 사하구 옥천로71-5 (감천동)
탄약정비 공정의 자동화/무인화 방안 개발,해군군수사령부,45000000,2024-04-17,42970000,95.49,2024-04-17,사단법인 한국국가전략연구원,한민구,이상규,"서울특별시 용산구 한강대로62길41, 3층 (한강로1가)"
파병함정 FCU 청락/도장/소제 용역,해군군수사령부,89000000,2024-04-17,78526000,88.004,2024-04-17,주식회사 세선,이병수,엄기웅,부산광역시 사상구 학감대로221번길15-0 (감전동)
24-N-평 정수기 67대(함정 포함) 임차 용역,국군재정관리단,201000000,2024-04-17,175538526,87.746,2024-04-17,이새,임미현,임미현,"대구광역시 동구 반야월북로221-0, 106동 1301호 (신서동, 신서화성파크드림)"
24-F-활주로 노견 및 엄체호 주변 제초 용역,국군재정관리단,162950000,2024-04-17,143203170,87.995,2024-04-17,동림환경건설(주),최성수,최성수,강원특별자치도 영월군 영월읍 팔괴로217   2층
24-N-방화선벨트 제초용역,국군재정관리단,109540000,2024-04-17,96689130,88.017,2024-04-17,한빛건설(주),정은균,정은균,경상남도 함양군 지곡면 지곡창촌길 7-1()
(24F092-A) 외진버스 민간용역(동부),국군재정관리단,1639215680,2024-04-17,1609700000,97.15,2024-04-17,매일관광주식회사,허봉,홍민정,"강원특별자치도 춘천시 동내면 순환대로940, 1층"
24-F-병영시설 전문 방제용역,국군재정관리단,432710000,2024-04-17,361298700,83.104,2024-04-17,(주)삼양인터내셔날,하영봉,홍석문,서울특별시 종로구 계동길31-0 (재동) 보헌빌딩
24년 기술연구용역(1),육군교육사령부,56200420,2024-04-18,50000000,89.472,2024-04-18,육군사관학교 산학협력단,방성완,이지유,서울특별시 노원구 화랑로574-0 (공릉동)
24년 기술연구용역(2),육군교육사령부,56923760,2024-04-18,54000000,94.682,2024-04-18,주식회사 스펙트럼인사이트연구소,최주평,최주평,"충청북도 청주시 흥덕구 풍년로79번길3, 3층(가경동)"
부품도장기 외주정비 용역,제2879부대,405905000,2024-04-18,361000000,89.409,2024-04-18,주식회사 한승피티씨,윤명달,이수진,경상남도 김해시 한림면 김해대로927번길89-36
24년 중요시설 경계시스템 외주정비용역,제6619부대,109854147,2024-04-18,95892599,87.79,2024-04-18,(주)더원정보,이태훈,정인수,"대구광역시 달성군 다사읍 대실역남로2길2-11, 1층"
24년 7867부대 제초용역,제6619부대,20624110,2024-04-18,18220000,87.755,2024-04-18,주식회사 한국조경기술연구소,김동일,임은경,"대전광역시 유성구 노은로144, 409호(지족동)"
24년 00부대 제초용역,제6335부대,39362931,2024-04-18,34724824,87.747,2024-04-18,주식회사 김앤장조경,김은혜,김은혜,"강원특별자치도 춘천시 효석로67번길14 (석사동), 1-6호"
작계훈련 2차 무기 등 수송 차량 임차(1권역),육군 52보병사단,9200000,2024-04-18,8730800,94.388,2024-04-18,주식회사 삼성육운,이미자,이미자,"인천광역시 남구 주안로 108, 경향프라자 401호(주안동)"
작계훈련 2차 무기 등 수송 차량 임차(2권역),육군 52보병사단,8850000,2024-04-18,7920000,89.483,2024-04-18,주식회사케이이엠,곽한기,김주식,경기도 부천시 길주로77번길19-45 (상동) 748호
박달훈련대 과학화체계 설치 및 유지보수 용역,육군 52보병사단,33801000,2024-04-18,30092354,88.08,2024-04-18,아이티 월드((IT. WORLD),김영우,김영우,부산광역시 동래구 여고로63번길86-0 (사직동) 1층
서초훈련대 과학화체계 설치 및 유지보수 용역,육군 52보병사단,33801000,2024-04-18,29624580,87.751,2024-04-18,주식회사 엔트론,이정호,이정호,"경기도 부천시 석천로345, 304동 505호 (삼정동, 부천테크노파크)"
24-평 예초관리 용역,제9911부대,372625400,2024-04-18,327314151,88.016,2024-04-18,주식회사 경현,노현서,노현서,충청북도 청주시 청원구 내수읍 내수로358
24-박물관 전시항공기 도장용역,공군사관학교,53705000,2024-04-19,47190000,88.036,2024-04-22,한길이엔지 주식회사,전용성,오지안,"대구광역시 북구 동북로117, 4층 403호 (산격동, 소프트웨어벤처타워)"
24년 렌탈프린터 임차용역 통합계약,제6685부대,131760000,2024-04-19,115539975,87.746,2024-04-19,클로이캘리,김애진,김애진,강원특별자치도 원주시 배울로154-0 (반곡동)118동1303호
서화천 간부숙소 BTL사업 전략환경영향평가 용역,제6685부대,151520000,2024-04-19,133380000,87.805,2024-04-19,주식회사 선진환경,김근한,장경하,강원특별자치도 원주시 치악로1351 (관설동)
24년 얼음정수기 임차 용역,제25보병사단,270043200,2024-04-19,229940710,85.519,2024-04-21,주식회사 지에스위드,박미숙,김수경,인천광역시 남동구 하촌서로54(만수동)
숙천고가교 정밀안전진단 및 제 1종성능평가 용역,국군수송사령부,185689215,2024-04-19,162678600,88.125,2024-04-22,주식회사 세본테크,강경미,김정화,대구광역시 달서구 상화로177-0 (상인동)
부동터널 정밀안전진단 및 제1종성능평가 용역,국군수송사령부,152649019,2024-04-19,133797760,87.766,2024-04-22,도인 주식회사,조명애,조명애,대구광역시 수성구 천을로31길7-10 (매호동)
○○레이더 지체상금 중재 위임계약,방위사업청(운영지원과),0,2024-04-19,380000000,76,2024-05-08,법무법인 (유한) 율촌,강석훈,장혜련,"서울특별시 강남구 테헤란로521, 38층(삼성동)"
(24F080-A) 방화지대 구축용역(임실  영동),국군재정관리단,723299010,2024-04-19,639000000,87.995,2024-04-19,주식회사 숲처럼,이정녀,강영희,전북특별자치도 정읍시 천변로340-21 (시기동)
24-F-00기지 일반지역 제초용역,국군재정관리단,110980000,2024-04-19,97126000,88.004,2024-04-19,더푸름 주식회사,이승민,김경민,경상북도 의성군 의성읍 중앙길37-1
(24G053-I) 24년 임상병리 민간 위수탁 용역,국군재정관리단,2157085931,2024-04-19,1698822759,78.543,2024-04-19,의료법인 녹십자의료재단,이상곤,장상화,경기도 용인시 기흥구 이현로30번길 107()
24-F-00비 활주로 제초용역,국군재정관리단,237010000,2024-04-19,208711699,87.995,2024-04-19,세원조경 주식회사,박세영,박세영,"부산광역시 사하구 승학로123-4 (당리동, 당리신익아파트)11동307호"
(24F126-A) 제초용역,국군재정관리단,290809230,2024-04-19,256833600,88.014,2024-04-19,주식회사 이지피플,지혜진,조선미,"인천광역시 남동구 아암대로1223, 315호 (고잔동, 성강지식산업센터)"
24-부대 소개영화 제작 용역,드론작전사령부,35592000,2024-04-22,20000000,56.777,2024-04-22,트렌드코리아 주식회사,장태준,장태준,"경기도 시흥시 월곶해안로149-1 (월곶동) 에이동, 202호"
「24-강원-오수-1 설계용역」,지상작전사령부,47766000,2024-04-22,0,0,2024-04-22,(주)후소엔지니어링,이경섭,이일권,전라남도 화순군 춘양면 용회로339
24-강원-오수-4 설계용역,제2307부대,85058000,2024-04-22,0,0,2024-04-22,주식회사 경우크린텍,심상조,서영민,경상북도 영주시 풍기읍 기주로 101()
24-강원-오수-3 설계용역,제2307부대,110285000,2024-04-22,0,0,2024-04-22,주식회사 경우크린텍,심상조,서영민,경상북도 영주시 풍기읍 기주로 101()
함대함유도탄-II 사업분석,방위사업청(운영지원과),0,2024-04-22,57000000,95,2024-07-02,에스앤에스이앤지 주식회사,박종선,양용진,"인천광역시 중구 인중로 178, 제이엘타워 1001호(사동)"
해병대 간부 및 병 획득율 제고를 위한 개선방안 연구,제9691부대,38255590,2024-04-22,27861053,72.547,2024-04-23,단국대학교 천안캠퍼스 산학협력단,이재원,김예섭,"충청남도 천안시 동남구 단대로119-0 (안서동, 단국대학교천안캠퍼스)"
24~'25년 LAN/교환기 유지보수,공군군수사령부,1353577274,2024-04-23,1058293398,78.241,2024-04-23,티에스라인시스템 주식회사,최국현,박산근,"서울특별시 영등포구 영신로220-0, 805호, 806호, 403호(영등포동8가, KnK디지털타워)"
24년 일반지역 예초 용역,공군교육사령부,162087250,2024-04-23,142691230,87.745,2024-04-23,주식회사 이숲,정난주,박화영,"경상남도 함안군 칠원읍 오곡로94-0 , 203호"
24년 탄약고지역 제초용역,공군제11전투비행단,90183200,2024-04-23,79398139,87.996,2024-04-23,주식회사 비취조경,장유석,장유석,"경기도 화성시 남양읍 시청로50, 420호"
24년도 일반지역 제초용역 ,공군제18전투비행단,117061000,2024-04-23,102935088,87.753,2024-04-23,주식회사 이림,최재호,최재호,강원특별자치도 강릉시 구정면 정등로24-24
24년 탄약고 지역 제초 유지관리,공군제18전투비행단,33415000,2024-04-23,29384680,87.746,2024-04-23,주식회사 건백림,이계천,이계천,"강원특별자치도 춘천시 안마산로214, 상가동 3층 1호 (퇴계동, 퇴계금호타운아파트)"
(24-용역-31) 기지 일반구역 제초 유지관리 용역,공군제19전투비행단,253684300,2024-04-23,223927530,87.996,2024-04-23,주식회사 베네비타조경건설,성기덕,성기덕,경기도 남양주시 경춘로460-0 (다산동)
24년 렌탈프린터 임차용역,제1862부대,106632235,2024-04-23,93321093,87.746,2024-04-23,투띠앤코,김지은,김지은,강원특별자치도 강릉시 산양큰길22번길32-0 (포남동) 201호
24-강원-폐수-1 설계용역,제2군단,59756000,2024-04-23,0,0,2024-04-23,주식회사 동부그린,정오용,송예린,전라남도 순천시 해룡면 해룡산단6로100
경기남부-폐수-5공구 설계용역,제7군단,69626000,2024-04-23,0,0,2024-04-23,주식회사 동부그린,정오용,송예린,전라남도 순천시 해룡면 해룡산단6로100
24년 후반기 작계훈련 무기수송 차량 임차,제5067부대,48125000,2024-04-23,43000000,89.059,2024-04-23,태산솔루션,이승호,이승호,"경기도 광명시 오리로923, 1층(광명동, 대성빌딩)"
24-1차 한빛부대 재보급물자 수송관리용역,국군수송사령부,448529411,2024-04-23,383186400,85.909,2024-04-23,주식회사 대한씨앤에어,구학모,구학모,서울특별시 중구 삼일대로363-0 (장교동) 장교빌딩 2512호
국방표준서 제정(7차) 연구,방위사업청(운영지원과),0,2024-04-23,180000000,90,2024-10-21,재단법인 한국기계전기전자시험연구원,안성일,이광수,경기도 군포시 흥안대로27번길22-0 (금정동)
24년도 POL 지역 제초,공군제18전투비행단,33330000,2024-04-24,29309930,87.75,2024-04-24,주식회사 건백림,이계천,이계천,"강원특별자치도 춘천시 안마산로214, 상가동 3층 1호 (퇴계동, 퇴계금호타운아파트)"
7여단 훈련장 오수처리시설 신축 설계용역(24-설-11),특수전사령부,54558000,2024-04-24,0,0,2024-04-29,주식회사 에이치앤텍,김도은,이제승,제주특별자치도 제주시 도공로154-7 (이호이동)
24년 전반기 육군 정책연구 과제 연구용역,제6619부대,39827000,2024-04-24,32500000,80.929,2024-05-07,경운대학교 산학협력단,민정식,박상욱,경상북도 구미시 산동읍 강동로730
24년 환자만족도조사 및 환자경험평가 용역,국군의무사령부,23033740,2024-04-24,20000000,86.354,2024-05-13,주식회사 정데이터,김의현,김의현,"서울특별시 강남구 테헤란로503, 11층 1118호(삼성동, 하이브로빌딩)"
24-서울경기남부-오수-1공구 설계용역,제9181부대,124042150,2024-04-24,0,0,2024-04-25,주식회사 에이치앤텍,김도은,이제승,제주특별자치도 제주시 도공로154-7 (이호이동)
24-서울경기남부-오수-2공구 설계용역,제9181부대,130963720,2024-04-24,0,0,2024-04-25,(주)후소엔지니어링,이경섭,이일권,전라남도 화순군 춘양면 용회로339
(24F116-A) 육로 여객 수송용역(동부),국군재정관리단,333392000,2024-04-24,328500000,98.246,2024-04-24,매일관광주식회사,허봉,홍민정,"강원특별자치도 춘천시 동내면 순환대로940, 1층"
(24F114-A)  급유시설 기술검사 민간위탁 용역,국군재정관리단,178128880,2024-04-24,156831000,87.853,2024-04-24,프라임방재주식회사,김회택,차민규,"서울특별시 강서구 허준로 217, 가양테크노타운 908호(가양동)"
(24F066-I) 24년 음식물폐기물 위탁처리 용역(홍천),국군재정관리단,157258823,2024-04-24,133512740,84.324,2024-04-24,사계절환경,최원희,최원희,"경기도 안산시 단원구 광덕2로50-3, 316호 (초지동)"
F-4 팬텀 퇴역식 행사 대행용역,공군본부,294117647,2024-04-25,269000000,90.594,2024-04-25,디에스지엔터프라이즈 주식회사(DSG Enterprise Ltd.),신동석,신동석,"서울특별시 강남구 선릉로112길39-0 (삼성동, 진영빌딩) 4층"
24년 일반도로 제초용역,공군 제8전투비행단,189100980,2024-04-25,167572980,88.012,2024-05-09,파란나라 주식회사,김수현,김재숙,강원특별자치도 원주시 태장공단길54-10 (태장동)
24년 군단 직할 취사장 청소용역(C038),제7군단,26200000,2024-04-25,22958370,88.004,2024-04-25,(주)남천종합관리,이순임,이순임,"경기도 수원시 장안구 서부로2139, 2층 2114호(율전동, 에스케이허브블루)"
(24F096-I) 육군훈련소 조경관리용역,국군재정관리단,61741460,2024-04-25,54396495,87.995,2024-04-25,주식회사 크로바건설,임국문,임국문,경상북도 구미시 선기동송선로 408
(24F139-A) 제초용역,국군재정관리단,76239340,2024-04-25,66756810,87.999,2024-04-25,위드원조경건설(주),김경숙,이미영,서울특별시 관악구 신림로28길49-12 (신림동) 404호
24년 00사단 제초관리 용역,제6128부대,167090190,2024-04-26,147944400,87.997,2024-04-26,주식회사 이숲,정난주,박화영,"경상남도 함안군 칠원읍 오곡로94-0 , 203호"
24-정보우세권  확보를 위한 정보력 강화방안 연구,공군본부,0,2024-04-29,37000000,93.229,2024-05-10,주식회사 아이티존,김경일,최순아,"대전광역시 대덕구 대화로120, 7층 729,730호(대화동, 가온비즈타워)"
방위사업 원가계산 외부용역 4차,방위사업청(운영지원과),0,2024-04-29,225500000,85.271,2024-05-09,태성회계법인,남상환,이소,"서울특별시 강남구 역삼로25길35, 5층 (역삼동, 청오큐브타워)"
24년 제초용역,육군보병학교,152494117,2024-04-30,133668411,87.746,2024-04-30,주식회사 더푸른기업,염수자,염수자,"전라남도 화순군 화순읍 광덕중앙길40-9 ,103호"
24년 시설관리 민간인력 예초용역,제2236부대,116655000,2024-04-30,103208000,87.769,2024-05-03,주식회사 유진산업,정정환,송광숙,"강원특별자치도 화천군 화천읍 중앙로3, 2층"
24년 제초용역-B권역,제1보병사단,152087690,2024-04-30,133822337,88.008,2024-04-30,새안이엔지 주식회사,박병후,박병후,경기도 파주시 파주읍 약수길14-0
24-29년 얼음정수기 임차 용역 (74대),육군 제1군단,187176470,2024-04-30,164386620,87.755,2024-04-30,수안,안은수,안은수,"경기도 김포시 김포한강5로385, 204동 1505호(구래동, 호수마을 e편한세상아파트)"
1.정기기초과제(1.2개의전쟁과..),국방대학교,34313725,2024-04-30,33950000,98.299,2024-05-07,국방대학교산학협력단,이문걸,이다인,충청남도 논산시 양촌면 황산벌로1040
2.정기기초과제(2.국가핵대응전략과...),국방대학교,34313725,2024-04-30,33660000,97.838,2024-05-07,국방대학교산학협력단,이문걸,이다인,충청남도 논산시 양촌면 황산벌로1040
8.정기기초과제(8.상비병력...),국방대학교,9803921,2024-04-30,9608000,97.85,2024-05-07,(사)한국위기관리연구소,김운용,장재필,서울특별시 강남구 논현로189길6 (압구정동)
10.군사과학정책연구(인공지능...),국방대학교,15294117,2024-04-30,14820000,96.257,2024-05-07,국방대학교산학협력단,이문걸,이다인,충청남도 논산시 양촌면 황산벌로1040
12.정책현안연구(북한의전쟁수행...),국방대학교,21960784,2024-04-30,21500000,97.195,2024-05-07,국방대학교산학협력단,이문걸,이다인,충청남도 논산시 양촌면 황산벌로1040
(24F138-A)00학교 제초용역,국군재정관리단,59184100,2024-04-30,52079205,88.002,2024-04-30,(주)누리조경,임효숙,임효숙,"경기도 광주시 오포읍 문형산길195 , 1층"
24-N-동원선박 군수지원 검증훈련 선박임차 용역,국군재정관리단,439700000,2024-04-30,381000000,86.72,2024-04-30,현대글로비스 주식회사,이규복,조재환,"서울특별시 성동구 왕십리로83-21 (성수동1가, 아크로 서울포레스트)"
24-F-0전비 2중펜스 및 기지외곽 제초용역,국군재정관리단,120120000,2024-04-30,105362000,88.046,2024-04-30,부강건설 주식회사,김명자,김명자,"광주광역시 서구 구성로89, 3310호(양동)"
24-N-00창 민간위탁 배송 용역,국군재정관리단,356350000,2024-04-30,307950720,86.347,2024-04-30,디에스케이글로넷 주식회사,정주비,임재혁,"경기도 화성시 효행로1068, 9층 910-1호 (병점동, 리더스프라자)"
(24육-용역9)스마트 통합물류센터 신축 선행연구 용역,종합보급창,0,2024-05-01,41000000,74.743,2024-05-03,(사)국방시설연구협회,정주교,이도제,"경기도 성남시 수정구 복정로84번길 22-15,(B-001호) (복정동)"
제초관리 용역 (X032),제7162부대,287853392,2024-05-01,252146625,88.005,2024-05-01,(주)창조이앤에프,김정화,김정화,강원특별자치도 태백시 연지로31 (황지동) 2층202호
서초훈련대 영상모의사격장비 유지보수 용역,육군 52보병사단,101299000,2024-05-01,89427000,87.838,2024-05-01,주식회사 한국방재기술단,정민규,김옥희,"경기도 과천시 별양상가로7, 502호(별양동)"
박달훈련대 영상모의사격장비 유지보수 용역,육군 52보병사단,70273000,2024-05-01,62003300,88.232,2024-05-01,주식회사 한국방재기술단,정민규,김옥희,"경기도 과천시 별양상가로7, 502호(별양동)"
24~'27년 얼음 냉ㆍ온 정수기 임차 용역,국방부,152280000,2024-05-01,133597400,87.788,2024-05-01,케이제이상사,강주현,강주현,경기도 부천시 원미구 삼작로286-0 (도당동) 1층
군 지휘통신체계 유지보수 발전방안 연구용역,국군지휘통신사령부,47516666,2024-05-01,44200000,93.019,2024-05-16,주식회사 온품,김유혁,박준성,서울특별시 영등포구 당산로49길13 (당산동6가)
과학화경계시스템사업의 기종결정 평가방안 연구,방위사업청(운영지원과),0,2024-05-01,26732500,85,2024-06-03,(사)한국위기관리연구소,김운용,장재필,서울특별시 강남구 논현로189길6 (압구정동)
잠수함(SS-I  II) 선체 및 실내 청락 도장 용역,해군군수사령부,850000000,2024-05-01,755980000,88.765,2024-05-01,수일종합환경 주식회사,서영완,서영완,부산광역시 동구 중앙대로180번길 12-10()
24-M-얼음 냉온정수기 임차 용역,국군재정관리단,946580000,2024-05-01,812700995,85.168,2024-05-01,주식회사 더원시스템즈,옥유진,옥유진,서울특별시 동대문구 왕산로200-0 (전농동) 가동 1525호
24-육 해상사격장 환경조사 용역,제20전투비행단,41958921,2024-05-02,37498000,88.843,2024-05-03,재단법인 한국환경산업연구원,편서연,강인숙,"경기도 수원시 영통구 대학4로17 (이의동) 에이스광교타워413호,412호,411호,410호"
(24-용역-01) 24년 얼음정수기 임차 용역,제11기동사단,368323200,2024-05-02,315307290,85.859,2024-05-02,디에이치바이오,김단희,김단희,"경기도 수원시 영통구 광교중앙로170, 1동 5층 7호 507호(하동, 광교 효성해링턴 타워)"
24년 군 주거시설 정기안전점검 용역(24-GS-9),제2307부대,149530000,2024-05-02,131578900,87.75,2024-05-03,(주)세화안전진단건축사사무소,박영규,박영규,강원특별자치도 춘천시 후석로420번길7-0 (후평동) 춘천하이테크타워 8층 824호
'24년~'27년 식기세척기 임차 용역(24-GS-7) ,제2307부대,118800000,2024-05-02,104741060,88.225,2024-05-03,주식회사 건웅시스템(kunwoong Inc.),변종형,홍은숙,강원도 원주시 호저면 굴미실길62-9
24-0전단 행사 대행 용역,제9918부대,43000000,2024-05-02,39000000,90.711,2024-05-02,(주)씨포스트제주,양성혁,양성혁,"제주특별자치도 제주시 만덕로31, 4층 (건입동)"
(24F017-G) 24년 VoIP 교환기 유지보수사업(삼성),국군재정관리단,120003330,2024-05-02,105107000,87.783,2024-05-02,(주)젤루텍,이두규,김유리,"서울특별시 영등포구 경인로775-0 (문래동3가), 1동 722호"
(24F016-G) 24년 VoIP 교환기 유지보수사업(ELG),국군재정관리단,966740676,2024-05-02,802400000,83.059,2024-05-02,(주)젤루텍,이두규,김유리,"서울특별시 영등포구 경인로775-0 (문래동3가), 1동 722호"
24년 Pitch Black 훈련 참가지원 용역,공군본부,423787320,2024-05-03,363500000,85.536,2024-05-07,에브제트아시아 주식회사,조욱상,김경호,"서울특별시 강서구 하늘길38, SGBAC 2층(방화동, 김포공항)"
‘24년 민간인력 제초관리용역,제1862부대,287917647,2024-05-03,251872285,88.017,2024-05-07,농심개발(주),정철수,서지현,"경기도 포천시 일동면 화동로738, 1층 농심개발주식회사"
24년 음식물류 폐기물 처리 용역,제8기동사단,259255800,2024-05-03,210113000,80.714,2024-05-03,오션환경,김진태,김진태,경기도 광명시 범안로1035-0 (하안동)
국방안전관리정보체계 최적 구축방안 연구,국방부(운영지원과),0,2024-05-03,37345000,82.165,2024-06-09,(주)지디시스,정승인,정승인,"서울특별시 금천구 가산디지털1로181, 가산W센터 1401호,1402호(가산동)"
(24F100-I) 렌탈프린터 임차용역,국군재정관리단,92894117,2024-05-03,81711109,87.745,2024-05-03,라라픽,김사라,김사라,"강원특별자치도 강릉시 범일로579번길29-6, 101동 802호(내곡동, 강릉블루밍더베스트아파트)"
24년 제초용역 계약의뢰,제1968부대,316452820,2024-05-07,280609328,88.022,2024-05-07,주식회사 덕원조경,최지용,최지용,강원특별자치도 철원군 갈말읍 호국로4967
00부대 EMP 보호시설 구축 선행연구 용역,국방통합데이터센터,0,2024-05-07,74000000,74,2024-05-17,건축사사무소 모인건축,임평산,임평산,"경기도 김포시 태장로789,732호 (장기동,금광하이테크시티)"
24년 국군수도병원 출입통제체계 유지관리 용역,국군수도병원,33634570,2024-05-07,29533050,87.9,2024-05-07,닛시시스템 주식회사,서수진,조희순,"경기도 용인시 기흥구 서천로201번길11, 9층 제티-9077호(농서동, 기흥테라타워 지식산업센터)"
24~'25 연동통제소(TADIL-ICS) 유지보수,공군군수사령부,103796840,2024-05-08,90924600,87.929,2024-05-08,세영정보통신(주),이세영,최유진,경상북도 구미시 산호대로 56-1()
24~'25 작전상황 전파체계(기지방송망) 유지보수,공군군수사령부,324500000,2024-05-08,281812025,85.5,2024-05-08,해용정보통신주식회사,백다리아,백다리아,"경기도 고양시 일산동구 중산로 247306,307호 (중산동, 중산프라자)"
24년 제초관리 용역(중부권),육군제8971부대,144090441,2024-05-08,126231762,87.745,2024-05-08,그린산업 주식회사,정규덕,정규덕,"강원특별자치도 영월군 영월읍 하송로35, 2층"
24년 제초관리 용역(남부권),육군제8971부대,61782656,2024-05-08,53953362,87.745,2024-05-08,주식회사 다림디자인조경,이시영,고인숙,"충청남도 아산시 청운로41, 1층(온천동)"
재고번호미입력품목,육군과학화전투훈련단,299000,2024-05-08,253460,84.613,2024-05-08,원탑기업(주),이호길,심수연,강원특별자치도 원주시 흥업면 대안로386-0
24년 음식물쓰레기 처리용역,제6685부대,314559820,2024-05-08,254896590,80.706,2024-05-08,천성환경,신정훈,김남경,경기도 부천시 부일로326-0 (중동) 2층 1-(722)호
24년 충북지역 군부대 제초용역,제5019부대,167004250,2024-05-08,145350890,87.748,2024-05-08,현성건설(주),류재충,변성균,충청북도 청주시 상당구 낭성면 단재로2079-0
24년 제초관리용역(사단 사령부 및 99여단),제32보병사단,151513110,2024-05-08,134806000,88.019,2024-05-08,주식회사 부흥조경,이환구,이환구,충청남도 천안시 동남구 천안대로742-0 (신부동)
군용총포등 안전보건경영시스템 컨설팅 지원사업,방위사업청(운영지원과),0,2024-05-08,89566400,97.886,2024-06-11,한국품질기술원 주식회사,안현철,안희연,"경상남도 창원시 의창구 평산로23-0, 5층 501호(팔용동,신화테크노밸리)"
24~'26년 함정용 위성방송 수신안테나 유지보수 용역,해군군수사령부,330000000,2024-05-08,284839000,87.272,2024-05-08,한양무선통신,최영복,최영복,경상남도 창원시 의창구 팔용로 399()
제주 잠수함 훈련장비(저주파  대함) 유지보수 용역,해군군수사령부,76000000,2024-05-08,66830000,87.749,2024-05-08,MRO Tech(엠알오텍),안기수,안기수,"대구광역시 북구 영송로15, 2층 6210호 (태전동, 대구보건대학교 복지관)"
24-N-00사령부 조경 및 제초 관리용역,국군재정관리단,275310000,2024-05-08,242947300,88.085,2024-05-08,동유주식회사,명희정,명희정,대전광역시 중구 유천로33번길22 (유천동)
(24F135-B) 24년 ASP 방화지대 구축용역(북부권),국군재정관리단,144142870,2024-05-08,127368500,88.004,2024-05-08,주식회사 수산림조경,조재성,조재성,"전라남도 고흥군 고흥읍 흥양길52, 2층"
24-F-00기지 활주로 제초용역,국군재정관리단,155960000,2024-05-08,138427800,88.002,2024-05-08,한서안전(주),서상섭,서상섭,경상북도 경주시 원화로501(용강동)
(24F040-I) 24년 식자재 민간위탁 배송용역(00급양대),국군재정관리단,658485294,2024-05-08,645315588,97.619,2024-05-08,용마로지스주식회사,이종철,김성호,"경기도 김포시 고촌읍 아라육로78, 2동"
(24F150-B) 군단 직할부대 제초용역,국군재정관리단,168946020,2024-05-08,148966580,87.995,2024-05-08,세림조경디자인 주식회사,지완석,변옥균,"인천광역시 미추홀구 독정이로9번길56-0 (용현동), 1층 104호"
24-N-0전단 예초관리 용역,국군재정관리단,103890000,2024-05-08,91342700,88.038,2024-05-08,나무야조경주식회사,이춘미,임성종,제주특별자치도 제주시 용원길30(용담이동)
24-N-근조화환 지원 용역,국군재정관리단,53960000,2024-05-08,47501590,87.749,2024-05-08,글로벌유통,장정화,장정화,"광주광역시 서구 금화로115번길9, 203동 103호(금호동, 한국아파트)"
24년 기술연구용역(3),육군교육사령부,54938800,2024-05-09,38000000,69.178,2024-05-09,사단법인 미래안보산업전략연구원,박종재,정영숙,서울특별시 영등포구 영등포로35길10-0 (영등포동6가) 8층 809호
24년 프린터 임차 용역,제32보병사단,124080000,2024-05-09,108401483,87.756,2024-05-09,주식회사 와이에스제이,유수정,유수정,"대전광역시 중구 동서대로1218, 7층 702호(태평동)"
방위사업 원가계산 외부용역(5차),방위사업청(운영지원과),0,2024-05-09,207488000,80,2024-05-27,태경회계법인,김상운,서호성,"서울특별시 강남구 테헤란로520, 2층(대치동, 삼안빌딩)"
(24F160-A) 영내외 직할대 민간 제초용역,국군재정관리단,76414910,2024-05-09,67700220,87.995,2024-05-09,대신조경,박영직,나송이,"경기도 화성시 향남읍 배터길104-1,  2층"
24년 ASP방화지대 구축용역,제3130부대,86374509,2024-05-10,75733500,88,2024-05-13,유한회사 남강산림개발,변준호,변준호,"전라북도 남원시 광한북로 94-7(동충동, 남원산림조합 3층)"
항공전술훈련 시뮬레이터 유지보수 용역,제5군단사령부,149191430,2024-05-10,138000000,92.878,2024-05-10,(주)네비웍스,원준희,이윤상,경기도 안양시 동안구 부림로170번길41-18 (관양동)
얼음 정수기 임차 용역,국방대학교,45360000,2024-05-10,39759490,87.762,2024-05-10,주식회사 케이앤제이,박광희,박광희,"충청남도 계룡시 장안로39, 303호 (금암동)"
해병대 무인항공기 효율적 운용방안 연구,제9691부대,24874753,2024-05-10,19822000,79.439,2024-05-13,한성대학교 산학협력단,이정훈,심지민,서울특별시 성북구 삼선교로16길116-0 (삼선동2가)
(24F173-A) 제초용역,국군재정관리단,103320480,2024-05-10,90964588,87.995,2024-05-10,주식회사 사계절조경,김영숙,김영숙,충청북도 충주시 연원1길27-0 (연수동)
24년 국한문 혼용 공군 역사서 한글화 연구용역,공군본부,33760784,2024-05-13,32000000,93.963,2024-05-13,해동청역사문화연구소,이형걸,이형걸,"서울특별시 구로구 경인로643 (신도림동, 신도림2차동아아파트) 203-602"
기본군사훈련단 식당 급식 민간위탁 운영,공군교육사령부,0,2024-05-13,34818750000,100,2024-05-30,푸디스트 주식회사,박정훈,김세훈,서울특별시 용산구 청파로363(서계동)
[24-육-85] 무기체계별 EMP방호기술 적용방안 연구,육군본부,47962000,2024-05-13,38370000,79.507,2024-06-03,(사)21세기군사연구소,김진욱,박계향,"서울특별시 금천구 가산디지털2로184, 10층 1017호(가산동, 벽산디지털밸리2차)"
[24-육-84] 탄약부대 경계병력 민간전환 선결 연구,육군본부,35522000,2024-05-13,32100000,90.125,2024-05-22,주식회사 안보기술연구원,경상현,경상현,"경기도 안양시 만안구 만안로49,1303호(안양동, 호정타워)"
24년 제초용역,제2307부대,183547100,2024-05-13,161309250,88.068,2024-05-13,주식회사 대원조경건설,심재희,심재희,강원특별자치도 춘천시 스무숲1길46-0 (석사동)
함정 개조·개장 사업의 관급보험 도입방안 연구,방위사업청(운영지원과),0,2024-05-14,50000000,83.326,2024-07-02,호원대학교 산학협력단,정의붕,배미선,"전북특별자치도 군산시 임피면 호원대3길 64,"
24-지정폐기물 위탁처리 용역,제20전투비행단,43654901,2024-05-14,36846000,84.265,2024-05-14,(주)동양환경,채상협,심민기,대전광역시 대덕구 문평동로48번길 125(문평동)
제초관리 용역(특-24-용-18),특수전사령부,112093000,2024-05-14,99132600,87.746,2024-05-14,주식회사 고려원,이수희,한영수,"경기도 성남시 수정구 위례서일로26. 1102호(창곡동, 라크리움)"
전차.장갑차 관통시험 360 파노라마 촬영제작,제9965부대,43240000,2024-05-14,39600000,91.66,2024-05-14,프라임파노라마,정현철,정현철,경기도 안양시 동안구 시민대로327번길11-41 (관양동) 디지털콘텐츠기업 성장지원센터 505호
(24F089-I) 24년 승진과학화훈련장 관리 민간위탁,국군재정관리단,78063725,2024-05-14,69061600,87.997,2024-05-14,남양산업,김창석,김창석,경기도 남양주시 금곡동664-2
(24F112-A) 조경관리 용역,국군재정관리단,144671590,2024-05-14,126646100,87.995,2024-05-14,태석건설 주식회사,권기석,권민주,대구광역시 달성군 화원읍 류목정길47
(24F111-I) 24년 폐리튬 전지 위탁처리 용역,국군재정관리단,285735294,2024-05-14,245803984,86.845,2024-05-14,(주)에스쓰리알,서종현,임유진,인천광역시 남동구 음실서로66-0 (운연동)
(24G017-H)24년 합동전쟁실습장비 임차용역,국군재정관리단,128405500,2024-05-14,112002981,88.124,2024-05-14,소성정보기술 주식회사,김금남,김금남,서울특별시 구로구 공원로11길 33(구로동)
(24F122-A) ASP 방화지대 구축 용역,국군재정관리단,192217350,2024-05-14,169160200,88.087,2024-05-14,화성수원오산산림조합,최만식,이정현,경기도 화성시 동탄순환대로127-23 (산척동)  208호
[용역-2] 무인경계시스템 유지보수용역,육군군수사령부,88475770,2024-05-16,77882570,87.921,2024-05-16,주식회사 피에스정보,정효상,변정옥,대전광역시 중구 목중로16번길46-0 (중촌동)
24-00사 제초/조경 관리 용역,해군교육사령부,140150000,2024-05-16,124671690,88.073,2024-05-16,(주)우리조경개발,배이선,배이선,"경상남도 진주시 숙호산로42-5 (이현동) 상가동동 1층 3호(이현동, 진주그린빌라)"
24~27 간부숙소 TV 및 인터넷 서비스 용역,해군제3함대사령부,130640000,2024-05-16,116244000,88.709,2024-05-16,주식회사 엘지헬로비전,송구영,강동진,"서울특별시 마포구 월드컵북로56길19, 6층(상암동, 드림타워)"
24년 합동지속지원훈련 JLOTS 훈련 선박 임차 용역,국군재정관리단,1038000000,2024-05-16,873996000,84.838,2024-05-16,씨제이대한통운 주식회사,신영수,정성욱,"서울특별시 종로구 종로5길7, Tower 8"
24-탄약고 제초용역,제20전투비행단,167500980,2024-05-17,148376000,87.997,2024-05-17,대신개발 주식회사,김강분,최승우,충청북도 청주시 상당구 용담로139번길16(용담동)
24년 오산기지 공동 제초용역,공군작사근무지원단,119240000,2024-05-17,105861486,88,2024-05-20,주식회사 동광조경,정미선,정미선,인천광역시 강화군 강화읍 강화대로396(3층 303호)
육군부사관학교 양성식당 민간위탁급식 용역,육군부사관학교,0,2024-05-17,6736500000,100,2024-06-05,주식회사 풀무원푸드앤컬처,이동훈,김보석,서울특별시 송파구 송파대로34길29(송파동)
24년 승진훈련장 교전전술훈련 시스템 유지보수 ,제5군단사령부,94912000,2024-05-17,83350648,87.759,2024-05-17,주식회사 두루스코,김옥연,박인이,"서울특별시 서대문구 연희로241, 2층 (연희동)"
(24F134-B) 24년 ASP 방화지대 구축용역(연천처리장),국군재정관리단,103428460,2024-05-17,91723130,88.085,2024-05-17,(주)수림개발,김지영,박찬철,울산광역시 울주군 삼남읍 벌장길19-0
(24F179-A) 관사 제초용역,국군재정관리단,60120160,2024-05-17,52646456,87.999,2024-05-17,시민종합조경 주식회사,김윤옥,손낙현,"경기도 평택시 포승읍 평택항로184번길 26, 가동 206호"
2센터 외부 조경(예초) 관리 용역,국방통합데이터센터,16704400,2024-05-20,14626699,87.747,2024-05-20,(주)일촌,조윤주,조재원,대구광역시 달성군 옥포읍 간경3길24-1
24-해병-사고예방 VR영상콘텐츠 제작 대행,제9691부대,29386390,2024-05-20,26676967,90.729,2024-05-29,주식회사 요요인터렉티브,이경주,박수정,"서울특별시 송파구 법원로127-0 (문정동) 문정대명벨리온 208, 209, 210호"
24-N-0함대 얼음정수기(195대) 임차 용역(함정포함),국군재정관리단,618260000,2024-05-20,517341136,83.222,2024-05-20,디에이치바이오,김단희,김단희,"경기도 수원시 영통구 광교중앙로170, 1동 5층 7호 507호(하동, 광교 효성해링턴 타워)"
24-N-평 함정 및 유해환경근무자 특수건강검진 용역,국군재정관리단,103140000,2024-05-20,90490600,88.171,2024-05-20,안양세종의원,김영득,김정인,경기도 안양시 만안구 충훈로83-0 (석수동)
24-공군 적정 상비병력 규모 연구 용역,공군본부,44060000,2024-05-21,38900000,89.022,2024-05-21,(사)한국전략문제연구소,박정기,박병희,"서울특별시 용산구 청파로 40, 삼구빌딩 1815호(한강로3가)"
[24-육-98] 의료기관 잠복결핵 검진,육군본부,45038840,2024-05-21,39508700,88.532,2024-05-21,(사)대한결핵협회,신민석,김서진,서울특별시 서초구 바우뫼로6길57 (우면동)
7.정기기초과제(7.생성형...),국방대학교,19607843,2024-05-21,18500000,94.722,2024-05-27,명지대학교 산학협력단,김영욱,김현정,"경기도 용인시 처인구 명지로 116, 명지대학교(남동)"
24-N-0함대 예초관리 용역,국군재정관리단,377180000,2024-05-21,335238400,88.003,2024-05-21,(주)에이블이앤지,장윤경,심세영,서울특별시 금천구 가산디지털2로184-0 (가산동) 423호
 (24F115-I)24년 렌탈프린터 임차용역,국군재정관리단,84182352,2024-05-21,74271059,87.747,2024-05-22,꿈꾸는다락방,박진화,박진화,경기도 이천시 신둔면 원적로449번길389-19
24-D-승강기 위탁관리 용역,국군재정관리단,66500000,2024-05-21,58740000,88.777,2024-05-21,삼정엘리베이터(주),최강진,최윤정,"서울특별시 양천구 목동서로 301-5, 지하1층 B01호(신정동 319-20)"
24-27년 예비군 육성지원(프린터) 임차,제5067부대,185220000,2024-05-22,161737940,87.751,2024-05-23,유노코리아,권지은,권지은,"경기도 의정부시 부용로174-0 (신곡동, 상록아이파크) 104동 201호"
24-27년 예비군 육성지원(공기청정기) 임차,제5067부대,136620000,2024-05-22,121279700,87.759,2024-05-23,주하라 댄스피트니스,김연재,김연재,경기도 남양주시 진접읍 장현로134-0 3층
해병대 고유 무기체계별 맞춤식 정비개념 연구,제9691부대,24868547,2024-05-22,21000000,84.719,2024-05-24,건양대학교 산학협력단,홍영기,김봉환,"충청남도 논산시 대학로 121, 건양대학교 산학협력단(내동)"
인공근육 기반 전투원용 슈트 개발 발전방향 연구,제9691부대,20442392,2024-05-22,18656000,91.746,2024-05-24,한성대학교 산학협력단,이정훈,심지민,서울특별시 성북구 삼선교로16길116-0 (삼선동2가)
24-B-음식물쓰레기 처리기 임차장비 용역,제9196부대,540441170,2024-05-22,454942400,84.137,2024-05-22,에코스마트 주식회사,이현주,이현주,경기도 화성시 팔탄면 무하로156번길9-0
24-Y-복-복지회관 신축사업 선행연구용역,연평부대,92486270,2024-05-22,65000000,70.613,2024-05-22,(사)국방시설연구협회,정주교,이도제,"경기도 성남시 수정구 복정로84번길 22-15,(B-001호) (복정동)"
24-N-00사 얼음정수기(41대) 임차용역,국군재정관리단,94050000,2024-05-22,82369369,87.755,2024-05-22,주원글로벌,서진주,서진주,"경상남도 창원시 성산구 원이대로774 (상남동, 성원아파트) 201동 2002호"
(24F123-I) 보급부대 근무분야 민간위탁 강원춘천,국군재정관리단,1842421220,2024-05-22,1806000000,97.692,2024-05-22,공우이엔씨 주식회사,이한기,장동규,"서울특별시 영등포구 여의대방로43라길6-0 (신길동, 신길프라자3층)"
(24F166-A) 렌탈프린터 용역,국군재정관리단,97247050,2024-05-22,85014050,87.747,2024-05-22,주식회사 퍼스트텍,양영선,방예림,경기도 시흥시 문화마을로16번길45-0 3층 (대야동)
<24-47> 24년 공군 10비 특수건강진단 민간위탁용역,공군제10전투비행단,110726470,2024-05-23,97156650,87.849,2024-05-23,안양세종의원,김영득,김정인,경기도 안양시 만안구 충훈로83-0 (석수동)
[24-C21] 24년 제초 용역 계약,제3007부대,314735400,2024-05-23,277513850,87.997,2024-05-23,(주)탑이에프아이,안인호,안인호,강원특별자치도 홍천군 북방면 성동로66-0
24-P-용-01 침수예방사업 선행연구용역,제9227부대,98039000,2024-05-23,86107500,87.766,2024-05-23,주식회사 태양이엔지,김자이,박진호,경상북도 포항시 북구 대해로15-0 (죽도동) 2층
24-N-OO사 조경관리 용역,국군재정관리단,63990000,2024-05-23,56236772,88.001,2024-05-23,주식회사 조은조경나무병원,김혜영,황중수,"경상북도 경산시 성암로3길6, 1층 (옥산동)"
24-미래 한국공군 훈련기 성능 및 적정 규모 연구,공군본부,43138000,2024-05-24,28000000,64.987,2024-05-24,사단법인 안보경영연구원,전건욱,조대현,"서울특별시 강남구 언주로527, 10층 (역삼동)"
24~27년 얼음정수기(45대) 임차 용역,육군 탄약지원사령부,72936000,2024-05-24,64719000,87.749,2024-05-24,케이제이상사,강주현,강주현,경기도 부천시 원미구 삼작로286-0 (도당동) 1층
24년 폐기물(혼용재질) 위탁처리 용역,육군 탄약지원사령부,99220000,2024-05-24,84516383,84.416,2024-05-24,주식회사 이한산업,김학민,전미숙,충청남도 아산시 선장면 삽교천로2-35
24년 폐기물(PCP상자) 위탁처리 용역,육군 탄약지원사령부,201600000,2024-05-24,170200800,85.166,2024-05-24,네이처이앤티주식회사,이호진,김동현,경상북도 포항시 남구 대송면 철강로492번길49
24~27년 32사단 식기세척기 임차 용역,제32보병사단,183312000,2024-05-24,161717100,87.983,2024-05-27,굿모닝테크,최정은,최정은,충청남도 논산시 부적면 부인길160-0
24년 72여단 제초 용역,제25보병사단,178986350,2024-05-24,158885346,87.996,2024-05-24,주식회사 청목,최홍아,김덕기,경상남도 남해군 이동면 남해대로2431번길71
방위사업 원가계산 외부용역(6차),방위사업청(운영지원과),0,2024-05-24,374000000,77.519,2024-06-11,태성회계법인,남상환,이소,"서울특별시 강남구 역삼로25길35, 5층 (역삼동, 청오큐브타워)"
24-00학교 교내식당 위탁용역,해군사관학교,0,2024-05-24,16380000000,100,2024-06-20,푸디스트 주식회사,박정훈,김영찬,서울특별시 용산구 청파로363(서계동)
(24F174-A) 부대관리 민간 제초관리용역,국군재정관리단,271104980,2024-05-24,239365000,87.996,2024-05-24,주식회사 네이처조경,정영재,정영재,"대구광역시 동구 이노밸리로26길18, 1층 106호(각산동, 성덕빌딩)"
24-미래 공군병력 부족 대비 인력공급 확대방안 연구,공군본부,0,2024-05-27,36000000,91.379,2024-06-09,연세대학교 산학협력단,홍종일,권소희,"서울특별시 서대문구 연세로 50, 연세대학교(신촌동)"
AI를 적용한 화생방 드론봇 전력체계 연구 용역,육군화학학교,35980390,2024-05-27,35000000,97.626,2024-05-27,주식회사 씨이엠아이,박재완,박재완,"대전광역시 유성구 대학로31-0 (봉명동, 유성한진오피스텔) 2215호"
24년 군 주거시설 개선사업 선행연구(24-GD-51),제2307부대,144111650,2024-05-27,72000000,50.335,2024-05-27,(사)국방시설연구협회,정주교,이도제,"경기도 성남시 수정구 복정로84번길 22-15,(B-001호) (복정동)"
소형무장헬기 양산 패키지 시설사업(4차),방위사업청(운영지원과),0,2024-05-27,64900000,90.138,2024-08-06,(주)에프오알엠도시건축공간연구소,권시형,양진,"서울특별시 송파구 법원로11길25-0, A동 1310호(문정동, 에이치비즈니스파크)"
24년 얼음정수기 임차 용역,육군부사관학교,122236363,2024-05-28,106756850,87.992,2024-05-29,주식회사 오거스트,장원진,장원진,경기도 김포시 통진읍 옹달샘로80
작전지휘시설 신축 선행연구용역,제2군단,187611000,2024-05-28,165630000,87.796,2024-05-28,(주)디앤오종합건축사사무소,정봉원,정봉원,"서울특별시 송파구 법원로9길26, D동 1104호(문정동, H-비즈니스파크)"
24년 체력단련기구(헬스기구) 임차 용역,제6685부대,90000000,2024-05-28,78993000,88.755,2024-05-29,주식회사 스포플렉스,남병태,박선엽,경기도 양주시 광적면 그루고개로143번길244-10
24~27년 신병교육대대 병영식당 급식 민간위탁(재),제2632부대,13140000000,2024-05-28,13140000000,100,2024-06-12,주식회사 풀무원푸드앤컬처,이동훈,김유진,서울특별시 송파구 송파대로34길29(송파동)
24년 사단 사령부 제초용역,제2632부대,202624190,2024-05-28,177377983,87.752,2024-05-29,주식회사 늘푸른조경,김종태,김종태,전북특별자치도 장수군 장수읍 장천로204-0
24년 71여단 제초 용역,제25보병사단,119229390,2024-05-28,104617800,87.997,2024-05-28,주식회사 동하조경건설,김재우,김재우,경상남도 산청군 산청읍 중앙로2번길18
(24F108-I) 24년 제초용역,국군재정관리단,205532437,2024-05-28,180729600,87.996,2024-05-28,주식회사 선호개발,윤종선,윤종선,경기도 김포시 유현로238번길43-0 (풍무동) 401호(샤인프라자)
24-N-전투실험용 소형전술급 무인기 임차용역,국군재정관리단,167020000,2024-05-28,146800000,88.158,2024-05-28,주식회사억세스위,이준범,이준범,경기도 수원시 권선구 산업로195-58 (고색동) 3층
24~27-F-얼음정수기 임차 용역,국군재정관리단,182240000,2024-05-28,160931490,87.751,2024-05-28,그린워터,최안나,최안나,"인천광역시 서구 봉오대로283번길6 (가정동, 뉴서울아파트) 상가동103호"
(24F136-I) 24년 ASP 방화지대 구축용역(서부권) ,국군재정관리단,179665490,2024-05-28,157339600,88.048,2024-05-28,주식회사한백임업,이옥순,이옥순,경상북도 울진군 평해읍 월송길221-0
(24F137-I) 24년 ASP 방화지대 구축용역(중부권),국군재정관리단,194331215,2024-05-28,170464640,88.087,2024-05-28,유한회사 재영,윤재영,윤재영,전라남도 여수시 선원7길16-0 (선원동)
(24F151-B) 24년 얼음정수기 임차 용역 ,국군재정관리단,150776470,2024-05-28,133161400,87.827,2024-05-28,그린워터,최안나,최안나,"인천광역시 서구 봉오대로283번길6 (가정동, 뉴서울아파트) 상가동103호"
24년 얼음정수기 임차용역 (24.6~27.5),제2307부대,162000000,2024-05-29,143284440,88.511,2024-05-29,큐어컴퍼니,이지행,이지행,강원특별자치도 횡성군 서원면 신평석화로905-0
(24F194-A) 제초용역 ,국군재정관리단,248009010,2024-05-29,217668000,88.04,2024-05-29,다산종합조경주식회사,장영수,장영수,"인천광역시 남동구 소래역로46번길28-0, 504호 (논현동)"
항공기 기관 창정비장비 유지보수,공군군수사령부,34063725,2024-05-30,29935050,88.078,2024-05-30,(주)이엔씨테크,이종희,이은경,충청북도 청주시 흥덕구 2순환로742번길2 (화계동)
1수송교육연대 얼음정수기 임차 용역,육군종합군수학교,64800000,2024-05-30,57014550,87.768,2024-05-30,해오름컴퍼니,이필기,이필기,"서울특별시 마포구 신촌로196, 4층(염리동)"
2수송교육연대 얼음정수기 임차 용역,육군종합군수학교,48600000,2024-05-30,42808680,87.862,2024-05-30,필립시스템,김재롱,김재롱,경기도 김포시 대곶면 대곶북로158번길1-0 204호(창고동)
24년 3사교 주변국 군사유적지 탐방 여행용역,육군3사관학교,411400000,2024-05-30,375374000,90.313,2024-05-30,(주)하나투어,송미선,송성대,서울특별시 종로구 인사동5길41-0 (공평동)
24년 사령부 및 훈련장 제초 용역,제5067부대,60975310,2024-05-30,53063153,87.78,2024-05-30,주식회사 범하건설산업,박선협,장선희,경기도 화성시 동탄대로683-0 (영천동) 1층 144호
24년 예비군훈련대 제초 용역,제5067부대,39965120,2024-05-30,34901320,87.747,2024-05-30,주식회사 소담,김권예,정창호,경기도 시흥시 은계번영길5-0 (은행동)
24년 얼음정수기 임차,제3190부대,113400000,2024-05-30,100358550,88.201,2024-05-30,필립시스템,김재롱,김재롱,경기도 김포시 대곶면 대곶북로158번길1-0 204호(창고동)
[24F142-A]  취사장 청소용역,국군재정관리단,82078430,2024-05-30,72849531,88.002,2024-05-30,(주)크린에코,박동선,박동선,경상북도 경주시 감포읍 동해안로2229
24-N-0함대 비데 임차용역,국군재정관리단,68190000,2024-05-30,59859040,88.384,2024-05-30,그린워터,최안나,최안나,"인천광역시 서구 봉오대로283번길6 (가정동, 뉴서울아파트) 상가동103호"
24-M-상륙작전 탑재모델 유지보수,국군재정관리단,63760000,2024-05-30,60500000,94.052,2024-05-30,주식회사 코테스,고기종,고기종,충청북도 청주시 흥덕구 비하로59-2 (비하동)
24~25-D-주한미군기지이전 이사화물 수송용역,국군재정관리단,191070000,2024-05-30,183250000,95.19,2024-05-30,대신로지스틱스 주식회사,양임석,주은옥,"서울특별시 송파구 오금로46길5-0 (가락동, 보성빌딩) 3층"
정책현안 연구용역(2. 두개의 전쟁과 미래전쟁),국방대학교,25000000,2024-05-31,22734000,90.978,2024-06-10,국방대학교산학협력단,이문걸,이다인,충청남도 논산시 양촌면 황산벌로1040
24-P-문화예술공연,제9227부대,31372000,2024-05-31,30509270,98.041,2024-06-12,주식회사 갬블러크루,이준학,이준학,"서울특별시 중구 동호로24길19-17 (장충동2가, 평안빌딩)"
24-B-부대 소개영상 제작 용역,제9196부대,28768620,2024-05-31,14980000,52.088,2024-05-31,트렌드코리아 주식회사,장태준,장태준,"경기도 시흥시 월곶해안로149-1 (월곶동) 에이동, 202호"
주요 비행피복류 맞음성 개선 및 표준화 연구,공군군수사령부,96333333,2024-06-03,84770000,88.594,2024-06-03,테크디,윤미경,윤미경,"경기도 하남시 미사대로550, 4층 43호(덕풍동, 현대지식산업센터 한강미사)"
군용총포·도검·화약류 안전관리 발전방안 연구,방위사업청(운영지원과),0,2024-06-03,67160000,95.615,2024-07-16,(사)한국무기체계안전협회,안동만,이정민,대전광역시 유성구 온천로59-0 (봉명동) 905호
24년 병영시설 방제 용역계약,공군 작사예하 방포사예하 제2여단,53913370,2024-06-03,47323458,87.746,2024-06-04,(유)퍼스트,김미숙,김미숙,전북특별자치도 전주시 완산구 중화산로15-0 (효자동1가)
24년 기상레이다 적정 경제수명 산출 연구,공군본부,18114706,2024-06-04,16200000,88.22,2024-06-10,(사)한국기상전문인협회,권태순,권태순,"서울특별시 금천구 가산디지털2로46, 611호(가산동, 에이스태세라타워)"
24-용-53 탄약고 제초 용역,공군제1전투비행단,121087058,2024-06-04,107960999,87.791,2024-06-05,주식회사 가람엘앤씨,설승진,김민지,"경기도 성남시 수정구 위례서일로26, 1110호(창곡동,라크리움)"
00부대 특수작전 모의훈련체계 유지보수 용역,특수전사령부,254442000,2024-06-04,217992060,85.823,2024-06-07,(주) 투데이게이트,김익훈,장동윤,"서울특별시 금천구 디지털로9길32-0 (가산동, 갑을 그레이트밸리) 비동 804호"
[일반-24-85] 00부대 얼음정수기 임차용역,수도방위사령부,268920000,2024-06-04,230810660,86.611,2024-06-04,디에이치바이오,김단희,김단희,"경기도 수원시 영통구 광교중앙로170, 1동 5층 7호 507호(하동, 광교 효성해링턴 타워)"
"[일반-24-86] 시설업무 및 공사감독관 차량 임차용역	",수도방위사령부,161769600,2024-06-04,161568000,99.498,2024-06-04,주식회사 카일이삼제스퍼,송윤화,홍요한,"서울특별시 서초구 반포대로27길16, 7층(서초동, 파크빌딩)"
육군복지포털(휴드림) 기능개선 용역,육군인사사령부,46505882,2024-06-04,40694900,88.641,2024-06-04,주식회사 빛을 꿈꾸는 사람들,김상희,김종욱,"전라남도 여수시 대통로47-1,2층(화장동)"
24년 기동영상전송장비 정비 용역,육군 제1군단,18974509,2024-06-04,16718141,87.878,2024-06-04,주식회사 디앤비엔지니어링,이호천,김현미,경기도 고양시 덕양구 호국로1907번길72-38 (벽제동)
24-27년 얼음 및 대형 정수기 임차 용역,제5067부대,99000000,2024-06-04,87536000,87.982,2024-06-05,이비컴퍼니,홍은복,홍은복,경기도 안양시 동안구 경수대로947-0 (비산동) 101동 507호
(24F145-I) 24년 취사장 청소용역,국군재정관리단,75784313,2024-06-04,66091330,88.036,2024-06-04,에이원산업 주식회사,정용조,정지혜,광주광역시 북구 하남대로807번길9-5 (운암동)
24년 00부대 신교대대 민간위탁 급식 2차 시범사업,제6755부대,13140000000,2024-06-05,13140000000,99.441,2024-06-13,주식회사 풀무원푸드앤컬처,이동훈,배유경,서울특별시 송파구 송파대로34길29(송파동)
24-N-OO사 예초용역,국군재정관리단,121440000,2024-06-05,106559990,88.004,2024-06-05,주식회사 솔누리,황수태,황수태,경상북도 청송군 청송읍 군청로1-0
24-M-오수처리시설 위탁관리 용역,국군재정관리단,273140000,2024-06-05,234546318,85.53,2024-06-05,청해ENV주식회사,이병관,이병기,"경기도 파주시 가나무로143, 3층 (금릉동, 파주메트로프라자1)"
24-N-0함대 얼음정수기 임차용역(85대),국군재정관리단,279500000,2024-06-05,239419700,85.741,2024-06-05,홍주리더스 주식회사,김영용,이희자,인천광역시 서구 염곡로14번길10-0 (가좌동)
(24F149-I) 24년 제초용역,국군재정관리단,271874200,2024-06-05,239860600,87.998,2024-06-05,와이제이그린(주),김다은,김다은,경기도 용인시 기흥구 공세로180-0 (공세동)
(24F171-I) 5군단 제초용역 (1공구),국군재정관리단,82239578,2024-06-05,72540550,87.995,2024-06-05,우진조경(주),전경애,김진규,경기도 고양시 일산동구 일산로372번길58-17 (정발산동)
(24F172-I) 5군단 제초용역 (2공구),국군재정관리단,65513837,2024-06-05,57833000,87.995,2024-06-05,주식회사태우조경,황연숙,황연숙,"강원특별자치도 춘천시 소양강로10, 비엔아이 지식산업센터 523호(후평동)"
24-유해환경근무자 특수건강진단 민간위탁 용역,제20전투비행단,114054486,2024-06-07,100927765,88.152,2024-06-07,아이본병원,김동운,김용욱,"충청남도 천안시 서북구 불당25로206, 3,4,5층 외 불당25로 208 4,5층(불당동)"
24-00부대 전력화 추진방안 정책연구용역,드론작전사령부,49930000,2024-06-07,39944000,80.594,2024-06-24,(사)21세기군사연구소,김진욱,박계향,"서울특별시 금천구 가산디지털2로184, 10층 1017호(가산동, 벽산디지털밸리2차)"
24년 얼음 정수기 임차 용역,제2167부대,113400000,2024-06-07,99343630,87.84,2024-06-07,해오름컴퍼니,이필기,이필기,"서울특별시 마포구 신촌로196, 4층(염리동)"
[24-육-91] 무건리 훈련장 갈등 비용분석 연구,육군본부,15000000,2024-06-07,13805000,91.984,2024-06-07,유한회사 행정과 소통연구소,홍수정,이경순,"서울특별시 광진구 광나루로56길63, 지하1층 113호 에스46(구의동)"
24년 제초관리용역 ,제17보병사단,186657060,2024-06-07,162521000,87.755,2024-06-07,주식회사 레인조경,임재훈,임재훈,"인천광역시 연수구 센트럴로313(송도동, 20층 제비2024호,2025호 송도씨워크인테라스한라)"
2024 한-중동아프리카 방산협력 컨퍼런스 행사 진행,방위사업청(운영지원과),0,2024-06-07,197000000,99.746,2024-07-02,주식회사 채널케이,이윤경,김수정,"서울특별시 송파구 송파대로201, A동 8층 A-806,807호(문정동, 송파 테라타워2)"
24-그린나래호텔 리모델링 계획의 적절성 분석연구,공군본부,0,2024-06-10,20000000,73.308,2024-06-19,사단법인 한국국가전략연구원,한민구,이상규,"서울특별시 용산구 한강대로62길41, 3층 (한강로1가)"
24년 군 상용드론(UAV 포함) 보험,국군수송사령부,1258326470,2024-06-10,606166250,48.006,2024-06-10,롯데손해보험(주),이은호,최성민,서울특별시 중구 소월로3 (남창동)
24-N-00사 얼음정수기(98대) 임차용역,국군재정관리단,211320000,2024-06-10,184296398,88.009,2024-06-10,나우,임재성,임재성,"경상남도 창원시 마산회원구 팔용로215-0 (구암동, 중앙하이츠) 106동 1201호"
24~'27 KT-100 CPT 유지보수,공군군수사령부,151720880,2024-06-11,132728104,87.843,2024-06-11,주식회사 포스시스템,이용보,이용보,"대전광역시 유성구 테크노4로17, B동 614호(관평동, 대덕비즈센터)"
음성통신통제체계 유지보수,공군군수사령부,292865686,2024-06-11,251000000,86.061,2024-06-11,(주)젤루텍,이두규,김유리,"서울특별시 영등포구 경인로775-0 (문래동3가), 1동 722호"
화산 특수작전종합훈련장 선행연구용역(특-24-용-24),특수전사령부,99984660,2024-06-11,87546350,87.754,2024-06-11,에이스 컴퍼니,정택호,정택호,"인천광역시 서구 건지로404, 207동 1501호(가좌동, 가좌한신휴플러스아파트)"
24년 잠수함 전술훈련장비 유지보수 용역,해군군수사령부,174000000,2024-06-11,152523500,87.945,2024-06-11,주식회사 정엔지니어링,박정철,이수연,부산광역시 부산진구 성지곡로51번길 27(초읍동)
24년 잠수함 조함/저주파 훈련장비 유지보수 용역,해군군수사령부,35000000,2024-06-11,31113950,88.394,2024-06-11,아이티 월드((IT. WORLD),김영우,김영우,부산광역시 동래구 여고로63번길86-0 (사직동) 1층
24-Y-제초관리 용역,연평부대,134910780,2024-06-11,118454900,87.81,2024-06-11,주식회사 서래조경,이현영,이현영,"인천광역시 강화군 양도면 장하길4, 1층 2호"
24-N-평 조경관리 용역,국군재정관리단,254160000,2024-06-11,223999000,88.113,2024-06-11,지엘 주식회사,유득한,하승효,전북특별자치도 김제시 벽성로386 (서암동)
(24F175-B) 육군훈련소 렌탈프린터 임차용역,국군재정관리단,197385880,2024-06-11,173498641,87.745,2024-06-11,파라다이소,탁숙영,탁숙영,"경기도 김포시 통진읍 율마로450번길51, 601동 1003호(김포마송 LH6단지)"
GOP부대 음식물 쓰레기 건조기 임차용역,제1862부대,104500000,2024-06-12,92350000,88.048,2024-06-12,(주)콘포테크,신현목,장혜원,"경기도 양주시 광적면 현석로42-38, 가동"
24-N-함정 매트리스 세척 및 소독 용역,국군재정관리단,119400000,2024-06-12,105716000,87.75,2024-06-12,석산마스타기업 주식회사,배영순,안승훈,서울특별시 서초구 신반포로312 (반포동)
(24F131-A) 보급부대 근무분야 민간위탁(전남 장성),국군재정관리단,1448302590,2024-06-12,1420000000,97.911,2024-06-13,공우이엔씨 주식회사,이한기,장동규,"서울특별시 영등포구 여의대방로43라길6-0 (신길동, 신길프라자3층)"
(24F130-A) 보급근무분야 민간위탁(대구 수성),국군재정관리단,1329962460,2024-06-12,1303000000,98.554,2024-06-12,공우이엔씨 주식회사,이한기,장동규,"서울특별시 영등포구 여의대방로43라길6-0 (신길동, 신길프라자3층)"
24년 함정 화장실/세면장 바닥교체 용역,해군군수사령부,2666000000,2024-06-13,2353130000,88.252,2024-06-13,주식회사 세선,이병수,엄기웅,부산광역시 사상구 학감대로221번길15-0 (감전동)
(24F157-A)  근무분야 민간위탁(인천 부평),국군재정관리단,1719938220,2024-06-13,1687250000,97.967,2024-06-13,광인산업(주),김형주,김인승,"서울특별시 용산구 원효로51, 308호(산천동, 삼성테마트)"
(24F155-A) 근무분야 민간위탁(강원 원주),국군재정관리단,1474942310,2024-06-13,1446910000,98.198,2024-06-13,광인산업(주),김형주,김인승,"서울특별시 용산구 원효로51, 308호(산천동, 삼성테마트)"
24~29-N-정수기 176대 임차 용역,국군재정관리단,672940000,2024-06-13,563288411,83.252,2024-06-13,(주)명진클라비스,이영식,한우리,"경기도 안양시 동안구 벌말로123, 802호(관양동, 평촌스마트베이)"
(24F165-I) 24년 렌탈프린터 임차 용역,국군재정관리단,68658823,2024-06-13,60511025,87.747,2024-06-14,아가스(Agath),한현규,한현규,대전광역시 유성구 구룡달전로191번길17(구룡동)
(24F146-B) 얼음정수기 임차용역,국군재정관리단,137647050,2024-06-13,120948700,87.754,2024-06-13,그린워터,최안나,최안나,"인천광역시 서구 봉오대로283번길6 (가정동, 뉴서울아파트) 상가동103호"
(24G152-A) 외진셔틀버스용역(양주병원),국군재정관리단,253000000,2024-06-13,240350000,96.242,2024-06-13,주식회사 두레고속관광,장근수,이세종,강원특별자치도 강릉시 용지로167-0 (교동)
국방데이터 품질점검 실증 및 운영방안 연구 사업,합동상호운용성기술센터,46205882,2024-06-14,42417000,92.273,2024-06-27,사단법인 안보경영연구원,전건욱,조대현,"서울특별시 강남구 언주로527, 10층 (역삼동)"
국방 사이버보안 지원체계 구축사업,국군제1068부대,4224203020,2024-06-17,2722500000,64.278,2024-06-17,(주)네오위드넷,탁지훈,탁지훈,"경기도 성남시 수정구 창업로17-0 (시흥동), 에프동 3층 313호(판교아이스퀘어)"
24-신규 무기체계 도입시  전력화 군수지원방안 연구,공군본부,0,2024-06-17,56120000,92,2024-06-24,사단법인 미래안보산업전략연구원,박종재,정영숙,서울특별시 영등포구 영등포로35길10-0 (영등포동6가) 8층 809호
24-충-공-9 설계용역,공군사관학교,147967000,2024-06-17,128598120,87.061,2024-06-18,중앙포럼건축사사무소 주식회사,임종환,홍성미,"서울특별시 강남구 개포로235, 3층 301호(개포동, 한영빌딩)"
(수정2) 24-1차 임차용 얼음정수기 입찰공고,제2136부대,137700000,2024-06-17,121791440,88.443,2024-06-17,디에이치바이오,김단희,김단희,"경기도 수원시 영통구 광교중앙로170, 1동 5층 7호 507호(하동, 광교 효성해링턴 타워)"
효율적 획득업무 수행을 위한 WBS 표준화 연구,방위사업청(운영지원과),0,2024-06-17,47100000,90.891,2024-07-19,국립금오공과대학교산학협력단,권오형,권인자,"경상북도 구미시 대학로 61, 금오공과대학교 산학협력단(양호동)"
항공통제기 2차 시설사업 기본계획 수립 연구용역,방위사업청(운영지원과),0,2024-06-17,45100000,90.2,2024-07-30,(주)에프오알엠도시건축공간연구소,권시형,양진,"서울특별시 송파구 법원로11길25-0, A동 1310호(문정동, 에이치비즈니스파크)"
24년 진지공사용 폐타이어 위탁수송 용역,제2167부대,159120000,2024-06-18,134843419,84.614,2024-06-18,대원종합상사(울산),김철구,김동우,울산광역시 울주군 웅촌면 대복동천로 62()
＇24년 합동 화력시뮬레이터 정비(용역),육군군수사령부,1800000000,2024-06-18,1408332317,78.24,2024-06-18,주식회사 피앤씨솔루션,최치원,김승범,"서울특별시 서초구 강남대로10길53(양재동, 피앤씨빌딩)"
24년~'27년 얼음정수기 임차 용역(24-GS-8),제2307부대,170100000,2024-06-18,149320600,88.133,2024-06-19,세준,김귀남,김귀남,강원특별자치도 평창군 용평면 서낭골길12-15
24년 장기미래비전연구수행 정책연구과제사업,제6619부대,34892000,2024-06-18,29750000,85.155,2024-06-21,사단법인 안보경영연구원,전건욱,조대현,"서울특별시 강남구 언주로527, 10층 (역삼동)"
국방 연구개발 법제 개선 연구,국방부(운영지원과),0,2024-06-18,99000000,99.697,2024-07-08,한국법제연구원,한영수,이기영,세종특별자치시  국책연구원로15-0 (반곡동)
의무시설 시설공사비 적정 편성 기준 연구,국방부(운영지원과),0,2024-06-18,38000000,95,2024-07-15,(주)에프오알엠도시건축공간연구소,권시형,양진,"서울특별시 송파구 법원로11길25-0, A동 1310호(문정동, 에이치비즈니스파크)"
기관장비 유지보수 용역,해군군수사령부,93000000,2024-06-18,81580980,88.153,2024-06-18,한국산업기계기술 주식회사,서효진,서효진,울산광역시 울주군 웅촌면 고연로129-1 B동102호
’24년 함정 취사장 바닥 교체 용역,해군군수사령부,1656000000,2024-06-18,1506000000,90.194,2024-06-18,주식회사 삼광지에스,이선재,이선재,부산광역시 기장군 기장읍 대변로154-0 323호
(24F177-A)  민간 제초관리 용역,국군재정관리단,196118620,2024-06-18,172921800,87.995,2024-06-18,주식회사 그리다 조경,박현열,김옥주,경상남도 거제시 국산7길5 (옥포동) 1층
(24F156-I) '24년 근무분야 민간위탁(양주 덕정),국군재정관리단,1648456563,2024-06-18,1617135000,98.141,2024-06-18,광인산업(주),김형주,김인승,"서울특별시 용산구 원효로51, 308호(산천동, 삼성테마트)"
24~27-N-얼음정수기(131대) 임차용역,국군재정관리단,211740000,2024-06-18,195039854,91.603,2024-06-18,삼성기술 주식회사,차현화,이보람,전라남도 강진군 강진읍 중앙로45-5
24-N-0함대 유해환경작업자 건강검진 용역,국군재정관리단,102620000,2024-06-18,90202958,87.853,2024-06-18,케이메디컬의원,이상재,박상용,"충청남도 아산시 탕정면 한들물빛6로16, 7층, 8층"
24-F-00사격장 폐탄수거용역,국군재정관리단,312250000,2024-06-18,266484000,85.667,2024-06-18,삼오해양주식회사,박영자,박영자,"전라남도 영암군 삼호읍 아산길46-7, 1호"
(24G180-I) 24년 병영 및 행정시설 전문방제용역,국군재정관리단,141339650,2024-06-18,125487000,87.773,2024-06-18,(주)청남종합개발,이강세,이강세,"경기도 안양시 동안구 경수대로927, 201호(비산동, 삼익상가)"
(24F184-I) 24년 제초용역,국군재정관리단,151340839,2024-06-18,131982900,88.113,2024-06-18,주식회사 승현,최윤호,차수경,강원특별자치도 영월군 영월읍 선돌길149
(24F198-I) 경기  강원지역 작업환경측정 위탁용역,국군재정관리단,2043907000,2024-06-18,1634900000,80.389,2024-06-18,주식회사 이엔직업환경연구소,이신우,이신우,부산광역시 부산진구 서면문화로47 (부전동) 6층
(24F199-I) 충청  경상  전라지역 작업환경측정 위탁,국군재정관리단,355004200,2024-06-18,304228940,85.563,2024-06-18,주식회사 진주고려병원산업보건센터,최우호,최우호,경상남도 진주시 동진로275-0 (상대동)
(24F132-I) 보급부대 근무분야 민간위탁(경남 김해),국군재정관리단,1324582137,2024-06-18,1298000000,97.615,2024-06-18,공우이엔씨 주식회사,이한기,장동규,"서울특별시 영등포구 여의대방로43라길6-0 (신길동, 신길프라자3층)"
(24F133-I) 보급부대 근무분야 민간위탁(대전 유성),국군재정관리단,1596614411,2024-06-18,1566000000,98.379,2024-06-18,공우이엔씨 주식회사,이한기,장동규,"서울특별시 영등포구 여의대방로43라길6-0 (신길동, 신길프라자3층)"
24년 00부대 유휴시설 건설폐기물 처리용역,제6755부대,204094480,2024-06-19,180722925,87.952,2024-06-19,동성이엔티,류기남,장정균,경상북도 안동시 일직면 중반들길14-45
24-016 24-1차 지정폐기물 위탁처리 용역,6112부대,49134160,2024-06-19,41458890,84.43,2024-06-19,주식회사 삼동그린,노정일,정종철,"경기도 화성시 향남읍 백토관리길61-36, 에이동, 비동"
정책현안 연구용역(1. 북한의무기체계와..),국방대학교,25000000,2024-06-19,24500000,97.261,2024-06-21,국방대학교산학협력단,이문걸,이다인,충청남도 논산시 양촌면 황산벌로1040
24년 함정 실내 청락/도장 용역,해군군수사령부,1434000000,2024-06-19,1276000000,88.196,2024-06-19,주식회사 케이에스금상,남인순,남인순,"부산광역시 기장군 기장읍 대변로154, 322호"
국군복지단 가격조사 위탁용역,국군복지단,202920000,2024-06-19,179959450,87.767,2024-06-20,사단법인 한국물가정보,노영현,이승률,경기도 파주시 회동길354-0 (서패동)
(24F187-A) 근무분야 민간위탁 용역(경기포천),국군재정관리단,1835171180,2024-06-19,1800302000,97.868,2024-06-19,광인산업(주),김형주,김인승,"서울특별시 용산구 원효로51, 308호(산천동, 삼성테마트)"
24-N-0함대 물탱크 청소용역,국군재정관리단,85570000,2024-06-19,74555690,87.767,2024-06-19,주식회사 뉴하나회,이경춘,황조환,"인천광역시 서구 완정로158-0, 7층 702호 (마전동, 중앙빌딩)"
(24F196-A) 특수건강 위탁용역(경기 강원),국군재정관리단,1321171520,2024-06-19,1050493956,79.17,2024-06-19,케이메디컬의원,이상재,박상용,"충청남도 아산시 탕정면 한들물빛6로16, 7층, 8층"
우주안전 발전 생태계(거버넌스) 구축 연구 용역,공군항공안전단,39215686,2024-06-20,36890000,93.515,2024-06-26,한국항공대학교 산학협력단,오현웅,이경은,"경기도 고양시 덕양구 항공대학로76-0 (화전동, 한국항공대학교내)"
24년 3사관학교 생도식당 민간위탁급식 용역,육군3사관학교,0,2024-06-20,10164000000,100,2024-07-15,삼성웰스토리 주식회사,정해린,김재겸,경기도 성남시 분당구 구미로8-0 (구미동)
24년 함정 Non-Skid 청락/도장 용역,해군군수사령부,5270000000,2024-06-20,4644224000,88.107,2024-06-20,조아해양산업(주),김위산,김위산,부산광역시 수영구 수미로63번길6-0 (망미동) 401호
24년 함정 하우스 건현 청락/도장 용역,해군군수사령부,1123000000,2024-06-20,988581033,88.073,2024-06-20,주식회사 준서,이희목,이희목,부산광역시 영도구 봉래나루로254-0 (봉래동4가)
24-B-물탱크 청소 용역,제9196부대,141003280,2024-06-20,123564540,87.747,2024-06-20,주식회사 명성종합환경,오세정,오세정,"인천광역시 서구 심곡로8번길3-27, 104호 (심곡동)"
(24F161-A) 근무분야 민간위탁 용역(강원 강릉),국군재정관리단,1313388320,2024-06-20,1288000000,97.874,2024-06-20,공우이엔씨 주식회사,이한기,장동규,"서울특별시 영등포구 여의대방로43라길6-0 (신길동, 신길프라자3층)"
(24F162-A) 근무분야 민간위탁 용역(강원 인제),국군재정관리단,1720452140,2024-06-20,1687000000,98.075,2024-06-20,공우이엔씨 주식회사,이한기,장동규,"서울특별시 영등포구 여의대방로43라길6-0 (신길동, 신길프라자3층)"
(24F197-A)특수건강진단위탁용역(경상 전라),국군재정관리단,366112900,2024-06-20,313272402,85.867,2024-06-20,미래한국병원,임영국,배시온,충청남도 아산시 번영로230번길13 (모종동)
(24F154-B) 24년 식기세척기 임차용역,국군재정관리단,102598030,2024-06-20,90090050,88.078,2024-06-20,에스지원,김성진,김성진,"경기도 하남시 미사강변한강로135, 나동 0622호(망월동, 미사강변스카이폴리스)"
24~25년 렌탈프린터 임차 용역,제2632부대,120679900,2024-06-21,105467016,88.108,2024-06-24,수OA,조성진,조성진,전라북도 군산시 구영6길133-4 (영화동)
오수처리시설공사 설계용역(24-경기북부-오수-1공구),육군 제1군단,20479411,2024-06-21,0,0,2024-06-21,열린환경기술 주식회사,김완중,김완중,대전광역시 대덕구 덕암로222 (덕암동) 7
재)24-27년 신병교육대대 병영식당 민간위탁 이동급식,제5067부대,9855000000,2024-06-21,9855000000,100,2024-06-25,주식회사 푸드윈,김봉환,이승연,"경기도 군포시 공단로149-0 (당동, 아이밸리 군포)"
24-K-해상기상관측부이 유지보수 용역,제9181부대,372082660,2024-06-21,318799429,85.167,2024-07-02,주식회사 씨텍,장필순,백상훈,부산광역시 사상구 모라로22-0 (모라동) 부산벤처타워 1509호
휴양시설  기숙사 민·관·군 개발운영 연구용역 ,국군복지단,58823520,2024-06-21,38677000,66.199,2024-06-24,주식회사 플랜에이디벨롭먼트,서은진,서은주,"서울특별시 영등포구 국제금융로8길25, 6층 607호 (여의도동, 주택건설회관)"
23-F-정비고 개보수 증축 통합배선 설치 용역,공군제19전투비행단,168180000,2024-06-25,148398440,87.999,2024-06-25,주식회사 나래넷츠,이용수,이용수,"경기도 부천시 석천로345, 304동 701호 (삼정동, 부천테크노파크)"
24~27년 얼음정수기 임차 용역,제5925부대,124200000,2024-06-25,108770050,87.751,2024-06-26,해오름컴퍼니,이필기,이필기,"서울특별시 마포구 신촌로196, 4층(염리동)"
24-015 24-1차 일반폐기물 위탁처리 용역,6112부대,37240000,2024-06-25,31490500,84.499,2024-06-25,주식회사 대영산업개발,최대성,최대성,경기도 화성시 서신면 해운로458번길2-0
국방과학기술 전문인력 소요분석 연구,국방부(운영지원과),0,2024-06-25,46200000,92.957,2024-07-09,사단법인 안보경영연구원,전건욱,조대현,"서울특별시 강남구 언주로527, 10층 (역삼동)"
함정 조명계통(LED) 교체 용역,해군군수사령부,360000000,2024-06-25,308886200,85.691,2024-06-25,주식회사 지엔이피에스,이창호,김민경,"전라남도 장성군 남면 나노산단2로106, 비동"
24-평 00숙소 유선TV방송 및 인터넷 설치 관리 용역,제9911부대,497363000,2024-06-25,425326802,86.469,2024-06-25,에스케이브로드밴드 주식회사,박진효,이창환,서울특별시 중구 퇴계로 24()
(24F201-A) 식자재 민간위탁배송 용역,국군재정관리단,371791490,2024-06-25,368135870,99.796,2024-06-25,(주)산양미트,이청우,심성보,강원도 원주시 소초면 송황유사길 23()
(24G025-H)출입통제체계 유지보수 용역,국군재정관리단,161900000,2024-06-25,141471599,87.747,2024-06-25,주식회사 반석시스템,김욱진,김욱진,"광주광역시 광산구 하남산단6번로57, 에이동512호 (오선동,케이비아이지식산업센터)"
24-N-덕트 청소용역,국군재정관리단,85410000,2024-06-25,75163030,87.996,2024-06-25,주식회사 성은종합환경,최영란,최영란,경기도 수원시 영통구 신원로55 (신동) 테크트리 영통 지식산업센터 612호
[24-육-128] 예비전력발전세미나 주제 연구(Ⅰ),육군본부,30000000,2024-06-26,29096400,96.798,2024-07-15,육군3사관학교 산학협력단,손창호,강민식,경상북도 영천시 고경면 호국로495-0
24~27년 가스식 식기세척기 임차용역,제5019부대,64800000,2024-06-26,57159950,87.748,2024-06-26,에스지원,김성진,오수경,"경기도 하남시 미사강변한강로135, 나동 0622호(망월동, 미사강변스카이폴리스)"
24~27년 전기식 식기세척기 임차용역,제5019부대,86400000,2024-06-26,75951209,88.084,2024-06-26,에이포하우스 주식회사,김홍민,김은미,서울특별시 성동구 성수일로77-0 (성수동1가) 서울숲IT밸리 15층 1509호
항공교통관제 시뮬레이터 유지보수 용역,해군군수사령부,133000000,2024-06-26,116552110,87.755,2024-06-26,셀코정보기술 주식회사,임윤정,임윤정,서울특별시 도봉구 도봉로169나길78(도봉동)
24년 전반기 옵셋인쇄기 롤러피복교체 외주정비 용역,국방출판지원단,13583350,2024-06-26,11985000,88.217,2024-06-26,주식회사 금성테크롤,전형갑,전형갑,경기도 광주시 도척면 다람로36번길31-8
(24G190-I) 정수기 임차 용역,국군재정관리단,128932941,2024-06-26,113092638,87.935,2024-06-26,큐어컴퍼니,이지행,이지행,강원특별자치도 횡성군 서원면 신평석화로905-0
24-M-사업장 비배출시설계폐기물 처리용역,국군재정관리단,236280000,2024-06-26,191020566,80.953,2024-06-26,주식회사 옹진해운,차태정,이후상,인천광역시 옹진군 연평면 연평로821번길75
24년 안전점검 및 내진성능평가 용역-1공구,제1862부대,144331000,2024-06-27,126430000,87.782,2024-06-27,주식회사 다담엔지니어링,가상현,이도영,강원특별자치도 원주시 양지로70 (반곡동)
24년 안전점검 및 내진성능평가 용역-2공구,제1862부대,155632000,2024-06-27,136330000,87.957,2024-06-27,주식회사 다담엔지니어링,가상현,이도영,강원특별자치도 원주시 양지로70 (반곡동)
24-M-00부대 조경관리 용역,국군재정관리단,165910000,2024-06-27,145627670,88.014,2024-06-27,주식회사 공감,이경희,이경희,"전라남도 함평군 함평읍 광남길83 ,3층"
(24F195-I) 보급부대 근무분야 민간위탁(경기 고양),국군재정관리단,1850355406,2024-06-27,1814000000,98.37,2024-06-27,공우이엔씨 주식회사,이한기,장동규,"서울특별시 영등포구 여의대방로43라길6-0 (신길동, 신길프라자3층)"
다락대훈련장 간이 갈등영향분석 연구용역(C037),제7군단,24904000,2024-06-28,23100000,93.512,2024-07-01,유한회사 갈등조정센터,백도현,백도현,"경기도 성남시 분당구 탄천상로164, A동 2층 247호(구미동, 시그마2오피스텔)"
민간 아웃소싱 시범사업을 위한 제도화 방안 연구,국방부(운영지원과),0,2024-06-28,79999000,100,2024-07-18,(사단) 한국정치학회,조화순,심장원,서울특별시 마포구 동교로183-11 (동교동) 한국정치학회빌딩 4층 한국정치학회
24-사고예방 영상콘텐츠 제작 용역,공군본부,35000000,2024-07-01,17600000,50.463,2024-07-01,주식회사 단군픽쳐스,조상환,조상환,"서울특별시 강서구 금낭화로51, 3층(방화동)"
패트리어트 전원공급체계 장비 외주정비 용역계약,공군 작사예하 방포사예하 제2여단,977352940,2024-07-01,904540000,92.937,2024-07-01,이화전기공업 주식회사,위종묵,배길홍,"서울특별시 강남구 논현로 746, 석호빌딩(논현동)"
공수지상종합훈련장 선행연구용역(특-24-용-28),특수전사령부,99984660,2024-07-02,87850000,87.747,2024-07-02,주식회사 대홍관리,김금자,장혜민,부산광역시 동구 중앙대로286번길9-0 (초량동) 306호
국제과학화전투경연대회 장비전시 부스 등 임차,육군과학화전투훈련단,153431372,2024-07-02,137320000,90.228,2024-07-02,토파즈,전인수,전인수,강원특별자치도 태백시 태백로1554-0 (문곡동) 2층 221호
24-Y-물탱크 청소 용역,연평부대,122501170,2024-07-02,108160500,87.801,2024-07-02,강원방역,이진선,이진선,"인천광역시 서구 봉오대로318번길23-0 (가정동, 하나아파트상가동3층10호)"
(24G024-H)조종훈련장비 유지보수 용역,국군재정관리단,103622380,2024-07-02,90735900,87.757,2024-07-02,청남정보통신 주식회사,박규대,박규대,대전광역시 서구 계룡로245번길40 2층 (월평동)
(24G033-H)IP전화기 유지보수 용역,국군재정관리단,96970580,2024-07-02,85695760,87.79,2024-07-02,셀코정보기술 주식회사,임윤정,임윤정,서울특별시 도봉구 도봉로169나길78(도봉동)
24~29년 얼음정수기 임차 용역,제2632부대,178494000,2024-07-03,155246470,87.751,2024-07-04,전주이야기,이인환,이인환,전북특별자치도 전주시 덕진구 노송여울2길154 (진북동)
2024년 군 급식 및 피복 만족도 조사,국방부(운영지원과),0,2024-07-05,45400000,90.987,2024-07-30,(주)더밸류업컨설팅,조희숙,박득민,서울특별시 강남구 논현로86길29 (역삼동) 3층
24- 간부숙소 및 구룡품안콘도 청소용역,계룡대근무지원단,668033290,2024-07-05,588511910,87.995,2024-07-05,주식회사 보성기업,황종길,소수정,부산광역시 해운대구 센텀중앙로90-0 (재송동) 본동 2312호
호국훈련 살수차량 위탁운영(C066),제7군단,49500000,2024-07-08,44992500,91.464,2024-07-08,주식회사 경원물류,이혜진,이혜진,"충청북도 청주시 흥덕구 풍년로206번길46, 비109호 (가경동, 오피스밸리)"
24년 국군수도병원 기계설비 성능점검 용역,국군수도병원,116237310,2024-07-08,101701820,87.756,2024-07-08,(주)우원티앤시,이선옥,이주희,"서울특별시 구로구 공원로71-0 (구로동, 구로신협빌딩)"
[24-육-150] 한  아세안 국제 군수 포럼 항공권 발권,육군본부,46906800,2024-07-09,41345640,87.817,2024-07-09,(주)탑투어,최성규,최성규,"전라남도 여수시 소라면 여순로133-1,2층"
[24-육-152] 육군 기획홍보영상 촬영 및 편집 용역,육군본부,20000000,2024-07-09,17557320,87.821,2024-07-09,주식회사 오로지스튜디오,윤혁진,김미린,"광주광역시 동구 백서로177, 2층(서석동)"
무기체계 시험평가 사고예방 안전매뉴얼 연구,국방부(운영지원과),0,2024-07-09,28000000,98.633,2024-07-23,계명대학교 산학협력단,김범준,정아름,"대구광역시 달서구 달구벌대로1095-0 (신당동, 계명대학교)"
자주도하장비 및 특수작전용경전술차량 시설연구용역,방위사업청(운영지원과),0,2024-07-09,52250000,95,2024-08-06,(주)에프오알엠도시건축공간연구소,권시형,양진,"서울특별시 송파구 법원로11길25-0, A동 1310호(문정동, 에이치비즈니스파크)"
중소기업진흥 적용개발무기체계 적정군수지원방안연구,공군군수사령부,70462509,2024-07-10,56778690,79.977,2024-07-10,(사)21세기군사연구소,김진욱,박계향,"서울특별시 금천구 가산디지털2로184, 10층 1017호(가산동, 벽산디지털밸리2차)"
[24-육-149] 한  아세안 국제 군수 포럼 행사대행,육군본부,56466820,2024-07-10,49546217,87.803,2024-07-11,(주)경남종합개발,서경남,서경남,경기도 안산시 단원구 적금로65-0 (고잔동). 306호
00부대 주둔지 소규모환경영향평가 용역,육군제53보병사단,209513000,2024-07-10,181998000,87.746,2024-07-11,주식회사 대영엔지니어링,유병화,손성호,"경상남도 창원시 성산구 중앙대로 56(상남동, 양지프라자301-2호)"
00부대 주둔지 소규모재해영향평가 용역,육군제53보병사단,210000000,2024-07-10,182422000,87.779,2024-07-11,주식회사 보람엔지니어링건축사사무소,김현석,김욱진,"경상북도 구미시 수출대로152, (공단동) 지식산업센터 제2층 206호"
(24G215-A)군 의료요원 배상책임보험 용역,국군재정관리단,585000000,2024-07-11,281500000,48.238,2024-07-11,삼성화재해상보험 주식회사,이문화,황현정,서울특별시 서초구 서초대로74길14 (서초동)
24~25-D-별관 시스템에어컨(GHP) 연간 유지관리 용역,국군재정관리단,56700000,2024-07-11,49963520,87.999,2024-07-11,(주)우림에너지,최해숙,최해숙,"경기도 남양주시 경춘로982,4층 403호(금곡동,병지빌딩)"
전군 통합된 자살예방교육 교재 개발,국방부(운영지원과),0,2024-07-12,70000000,95.482,2024-07-25,주식회사 디에잇컴퍼니,김희진,김희진,"경기도 부천시 지봉로43, 비에이104호(역곡동, 카톨릭대학교 밤비노관)"
24-공군사관학교 4학년 생도 해외항법훈련 용역,공군사관학교,465421470,2024-07-15,457769570,98.355,2024-07-25,주식회사 글로벌에이케이,김찬영,임재훈,"서울특별시 강서구 하늘길38 (방화동, 김포국제공항), 2층 계류장측 281호"
24년 대구기지 특수건강진단 민간위탁 검진 용역,공군제11전투비행단,141255850,2024-07-15,124190000,87.91,2024-07-15,(사) 대한산업보건협회 대구지역본부,백헌기,권태규,대구광역시 달서구 성서공단로15길 40(19-15)
24년 드론봇챌린지 대회 행사 용역,육군교육사령부,55267190,2024-07-15,48635400,87.561,2024-07-26,에이스기획,최경희,김별,충청북도 청주시 서원구 청남로2097번길22-0 (수곡동)
24년 식기세척기 임차 용역,육군 제1군단,158400000,2024-07-15,139090900,88.531,2024-07-15,에스지원,김성진,오수경,"경기도 하남시 미사강변한강로135, 나동 0622호(망월동, 미사강변스카이폴리스)"
특수작전용대형기동헬기 기종결정 평가방안 연구,방위사업청(운영지원과),0,2024-07-15,33000000,94.285,2024-08-26,사단법인 안보경영연구원,전건욱,조대현,"서울특별시 강남구 언주로527, 10층 (역삼동)"
2024년 방산물자 현황분석 연구용역,방위사업청(운영지원과),0,2024-07-15,95907000,99.903,2024-09-02,국방기술품질원,신상범,진수빈,경상남도 진주시 동진로420 (충무공동)
군 복무가치 제고 방안 연구,국방부(운영지원과),0,2024-07-16,49500000,100,2024-08-13,(사단) 한국정치학회,조화순,심장원,서울특별시 마포구 동교로183-11 (동교동) 한국정치학회빌딩 4층 한국정치학회
24년 LynxFTD(모의비행장치) 유지보수 용역,해군군수사령부,127000000,2024-07-16,111224000,88.235,2024-07-16,MRO Tech(엠알오텍),안기수,안기수,"대구광역시 북구 영송로15, 2층 6210호 (태전동, 대구보건대학교 복지관)"
24-해병-SNS 영상 콘텐츠 제작 대행,제9691부대,40041170,2024-07-16,32061700,79.76,2024-07-16,주식회사 푸른잎커뮤니케이션,박정은,박정은,"서울특별시 마포구 성암로330, 404-1호(상암동, XR코워킹오피스)"
24-N-함정 복원력 모니터 시스템 구축,국군재정관리단,92870000,2024-07-16,81660970,88.404,2024-07-16,로즈사운드랩,최성환,최성환,"경기도 고양시 일산서구 대화1로12-6 (대화동, 해냄스토리) 2동 401호"
(24F101-A)식기세척기 임차용역 ,국군재정관리단,170147050,2024-07-16,149660500,88.484,2024-07-16,에스지원,김성진,김성진,"경기도 하남시 미사강변한강로135, 나동 0622호(망월동, 미사강변스카이폴리스)"
(24F104-I) 얼음정수기 임차 용역,국군재정관리단,190588235,2024-07-16,167030970,87.759,2024-07-16,워터즈,김범석,김범석,서울특별시 서초구 사임당로19길14-0 (서초동) 5동 3층호
24년 군량곡 민간위탁배송(육훈소),제6335부대,45603830,2024-07-17,43323630,95.184,2024-07-17,디에스케이글로넷 주식회사,정주비,임재혁,"경기도 화성시 효행로1068, 9층 910-1호 (병점동, 리더스프라자)"
잠수함(SS-I  II  III) 조종훈련장비 유지보수 용역,해군군수사령부,294000000,2024-07-17,253149000,86.96,2024-07-17,한양무선통신,최영복,최영복,경상남도 창원시 의창구 팔용로 399()
24-해병-전기안전관리자 선임 및 관리 운영 대행 용역,제9691부대,59313720,2024-07-17,53000000,89.287,2024-07-18,백상코퍼레이션(주),김중권,장경희,"서울특별시 마포구 마포대로 49(도화동, 성우빌딩)"
(24G110-A) 병영시설 민간 전문방제 위탁용역,국군재정관리단,93353480,2024-07-17,82483120,87.746,2024-07-17,주식회사 고주몽,강수지,강수지,경기도 안산시 상록구 당골4길1-0 (사동) 1층
24-성남시 고도제한 완화요구 공공갈등 관리방안 연구,공군본부,30000000,2024-07-18,23000000,76.566,2024-07-18,동국대학교 WISE캠퍼스 산학협력단,반상우,조희정,경상북도 경주시 동대로 123(석장동)
00부대 얼음정수기 임차 용역,육군 52보병사단,93960000,2024-07-18,83236000,87.764,2024-07-18,스마트엠,변해규,변해규,"강원특별자치도 원주시 현충로304, 205동 309호(태장동, 태봉우성2차아파트)"
유전자 감정장비 검/교정 용역,국방부유해발굴감식단,67067000,2024-07-19,64384100,96.039,2024-07-19,젠트리거,김승준,김승준,서울특별시 강서구 마곡중앙5로1길20 (마곡동) 520호
(24F209-A) 간부 피복 택배 용역,국군재정관리단,927443520,2024-07-22,927443520,98.896,2024-07-22,씨제이대한통운 주식회사,신영수,박찬호,"서울특별시 종로구 종로5길7, Tower 8"
00부대 지정폐기물(폐유) 처리 용역,육군제8971부대,158529411,2024-07-23,143495000,89.569,2024-07-23,주식회사 강우이앤이,양우지,박안라,"세종특별자치시  조치원읍 내창3길19, 202호"
국제과학화전투경연대회 영상장비 등 임차,육군과학화전투훈련단,279411764,2024-07-23,241271000,85.758,2024-07-24,주식회사 한국디엘피,황영식,황영식,경기도 하남시 초광로46번길128-0 (광암동)
24년 노후 냉난방기 종합세척 용역,육군학생군사학교,196078235,2024-07-23,171925950,87.746,2024-07-23,성동기업 주식회사,김백룡,지정옥,경기도 성남시 수정구 헌릉로890번길47-14 (복정동)
24년 급식 민간위탁배송(중앙조달 경남권),제6335부대,544760850,2024-07-23,516978000,94.327,2024-07-23,용마로지스주식회사,이종철,김성호,"경기도 김포시 고촌읍 아라육로78, 2동"
24년 급식 민간위탁배송(중앙조달 충청권),제6335부대,841605000,2024-07-23,779900000,92.197,2024-07-23,주식회사그린,황정실,전주현,경기도 여주시 대신면 여양로693-10
해상초계기 비행관리체계 유지보수 용역,해군군수사령부,82000000,2024-07-24,72155000,87.753,2024-07-24,다알시스 주식회사,최윤호,김소희,"경기도 수원시 권선구 일월천로4번길2, 4층(구운동, 씨지에스빌딩)"
24-A-00부대 물절약투자대행사업(WASCO  24-A122),국군재정관리단,0,2024-07-24,2870000000,70.051,2024-08-13,주식회사 도화엔지니어링,김덕구,성동주,서울특별시 강남구 삼성로 438(대치동)
24-A-00부대 물절약투자대행사업(WASCO  24-A121),국군재정관리단,0,2024-07-24,1093500000,70.006,2024-08-13,주식회사 건화,황규영,김동호,경기도 안양시 동안구 흥안대로427번길 38(관양동 954-6)
24-A-00부대 물절약투자대행사업(WASCO  24-A127),국군재정관리단,0,2024-07-24,947200000,70.007,2024-08-13,주식회사 건화,황규영,김동호,경기도 안양시 동안구 흥안대로427번길 38(관양동 954-6)
(24F213-A) 근무분야 민간위탁 용역,국군재정관리단,1082305210,2024-07-24,1060000000,98.339,2024-07-24,공우이엔씨 주식회사,이한기,장동규,"서울특별시 영등포구 여의대방로43라길6-0 (신길동, 신길프라자3층)"
24-유.무인복합전투체계중심 기지방어작전 수행방안 ,공군본부,43000000,2024-07-25,33970000,79.589,2024-07-25,사단법인 안보경영연구원,전건욱,조대현,"서울특별시 강남구 언주로527, 10층 (역삼동)"
24~'27년 얼음 정수기 임차 용역  ,제2621부대,217080000,2024-07-25,192792000,88,2024-07-25,주식회사 라온아띠,강세구,강세구,경기도 양주시 고읍남로191번길85-11 (광사동) 5층 라온아띠
‘24~27년 얼음 냉·온정수기 임차용역,육군 제1군단,124740000,2024-07-25,109135000,87.745,2024-07-25,제이앤씨컴퍼니,장성혜,장성혜,"경기도 여주시 가남읍 일신로38,101-204 (마이다스 연립)"
24-평 00아파트 시설물관리 용역,제9911부대,2243679000,2024-07-25,1973900000,88.048,2024-07-25,국제경보산업(주),정일영,박기조,서울특별시 금천구 벚꽃로244-0 (가산동) 13층 1308호
제8전투비행단 부대소개영상 제작 용역,공군 제8전투비행단,29411764,2024-07-26,15000000,51.5,2024-07-29,아이버,박진형,박진형,"세종특별자치시  노을3로92-0 (한솔동), 1동 2층 201호(하나프라자)"
항과고 제54기 국토순례 용역계약,공군교육사령부,38213000,2024-07-29,37440900,98.536,2024-07-29,썬투어 주식회사,주철우,주철우,"경상남도 김해시 함박로119번길21, 709호(외동, 메리어트빌딩)"
24년 청주기지 특수건강진단 민간위탁 용역,공군제17전투비행단,101282340,2024-07-29,89640690,88.258,2024-07-31,(사단)대한산업보건협회 충북지역본부,백헌기,노태광,충청북도 청주시 흥덕구 직지대로 397()
[24-육-121] UAV작전수행 복합비행장 운용 방안,육군본부,35058000,2024-07-29,34001000,96.388,2024-08-28,주식회사 한솔엔지니어링글로벌,김한용,김미진,서울특별시 송파구 올림픽로505-0 (풍납동)
24-해병-다자인 컨텐츠 제작 대행,제9691부대,31728430,2024-07-29,22605000,70.978,2024-07-29,주식회사 플라잉피그,김민,이진숙,서울특별시 금천구 벚꽃로36길30-0 (가산동) 가산KS타워 510~513호
24년도 일반지역 추가 제초용역,공군제18전투비행단,68797000,2024-07-30,60330080,87.747,2024-07-30,주식회사 건백림,이계천,이계천,"강원특별자치도 춘천시 안마산로214, 상가동 3층 1호 (퇴계동, 퇴계금호타운아파트)"
24-2차 지정폐기물 위탁처리 용역,육군제7789부대,84887110,2024-07-30,71606110,84.251,2024-07-30,부경산업(주),강인중,임슬기,"경기도 안산시 단원구 신원로91번길16-0 (성곡동, 부경산업(주))"
24-2차 지정폐기물 위탁처리 용역,육군제7789부대,84887110,2024-07-30,71606110,84.251,2024-07-30,부경산업(주),강인중,임슬기,"경기도 안산시 단원구 신원로91번길16-0 (성곡동, 부경산업(주))"
24-2차 일반폐기물 위탁처리 용역,육군제7789부대,84882700,2024-07-30,71745410,84.364,2024-08-01,주식회사 해든,황의선,김규성,전북특별자치도 익산시 여산면 여강로347-16
00부대 개발제한구역 관리계획 수립용역(특-24-용-31),특수전사령부,58527000,2024-07-30,51472000,88.049,2024-07-30,(주)하우엔지니어링건축사사무소,손병찬,문수필,"경상남도 양산시 물금읍 증산역로149, 204호 (세영프라자)"
토양오염복원공사 - 사업장폐기물처리(특23-9),제5067부대,269095900,2024-07-30,218223320,81.188,2024-07-30,주식회사 와이에스워터,이호진,이호진,인천광역시 서구 건지로153번길 32-1()
24년 9사단 얼음정수기 임차용역,제9보병사단사령부,142560000,2024-07-30,124403558,87.749,2024-08-01,만물상,김은철,김은철,전북특별자치도 김제시 신풍길224-0 (요촌동)
24년 표준설계도 제개정 설계용역,국방시설본부,176470588,2024-07-30,153692000,86.903,2024-07-30,주식회사 건보엔지니어링건축사사무소,송영주,송영주,"경기도 성남시 분당구 정자일로1, 비동 1304호(금곡동, 코오롱트리폴리스1)"
(24F117-I) 24년 육로여객 수송용역(서부),국군재정관리단,221156039,2024-07-30,209788600,95.256,2024-07-30,두레고속관광(주),장근수,태소정,경기도 구리시 건원대로34번길27-0 (인창동) 지하1층 115호
민간우수체계기반 전평시 민군 수송물류업무 협력연구,공군군수사령부,49019607,2024-07-31,37500000,76.125,2024-07-31,(사)21세기군사연구소,김진욱,박계향,"서울특별시 금천구 가산디지털2로184, 10층 1017호(가산동, 벽산디지털밸리2차)"
상비병력 규모 최적 결정을 위한 제도 조합 방안 연구,국방부(운영지원과),0,2024-07-31,44891000,91.661,2024-08-20,국방대학교산학협력단,이문걸,이다인,충청남도 논산시 양촌면 황산벌로1040
「국방혁신 4.0 기본계획」 수정1호 발전방안 연구,국방부(운영지원과),0,2024-07-31,30900000,91.285,2024-08-21,(사)한국전략문제연구소,박정기,박병희,"서울특별시 용산구 청파로 40, 삼구빌딩 1815호(한강로3가)"
24-2차 동명부대 재보급물자 수송관리용역,국군수송사령부,223241176,2024-07-31,195485000,87.751,2024-07-31,세계실업 주식회사,이대형,송경순,대구광역시 북구 검단공단로 92-16()
24년 해군 중요시설경계시스템 유지보수 용역,해군군수사령부,325000000,2024-07-31,279608430,85.704,2024-07-31,한일통신 주식회사,강창선,김지은,"대전광역시 유성구 테크노8로28, 2층(용산동)"
(24F204-I) 음식물 폐기물 감량기 임차용역,국군재정관리단,315575294,2024-07-31,272889576,86.409,2024-07-31,에코스마트 주식회사,이현주,정하늘,경기도 화성시 팔탄면 무하로156번길9-0
[24-육-160] 군 보수체계 개선을 위한 연구,육군본부,28394000,2024-08-01,28050000,98.784,2024-08-04,한국법제연구원,한영수,이기영,세종특별자치시  국책연구원로15-0 (반곡동)
24-N-후반기 합동상륙훈련 선박임차 용역,국군재정관리단,1629200000,2024-08-01,1494000000,91.068,2024-08-01,현대글로비스 주식회사,이규복,조재환,"서울특별시 성동구 왕십리로83-21 (성수동1가, 아크로 서울포레스트)"
24~27-N-00사 식기세척기(4대) 임차용역 ,국군재정관리단,72350000,2024-08-01,63763470,87.784,2024-08-01,필립시스템,김재롱,김재롱,경기도 김포시 대곶면 대곶북로158번길1-0 204호(창고동)
국제상업 해상운송(미동부지역),방위사업청,117,2024-08-02,94,80.271,2024-08-02,선진로지스틱스(주),정유진,유승민,"서울특별시 강동구 양재대로 1553, 선진빌딩4층(천호동)"
국제상업 해상운송(미서부지역),방위사업청,88,2024-08-02,79,87.835,2024-08-02,세방익스프레스 (주),김종선,김일수,"서울특별시 강남구 선릉로 433,(역삼동, 세방빌딩 8층)"
국제상업 해상운송(유럽1지역),방위사업청,82,2024-08-02,67,81.568,2024-08-02,(주)스카이로드,김영찬,정재익,"서울특별시 강서구 방화대로381(방화동, 스카이 1997)"
국제상업 해상운송(유럽2지역),방위사업청,76,2024-08-02,61,81.428,2024-08-02,우원해운항공(주),윤왕용,박상진,"서울특별시 금천구 가산디지털1로 219, 벽산디지털밸리 6차 1516호(가산동)"
국제상업 해상운송(아시아지역),방위사업청,65,2024-08-02,53,81.538,2024-08-02,주식회사 파빅스로지스틱스,박용찬,박용찬,서울특별시 중랑구 신내역로111 (신내동) 신내SK V1센터 A-923
국제상업 항공운송(유럽지역),방위사업청,58,2024-08-02,51,87.385,2024-08-02,(주)파멕스해운항공,차정준,박창수,서울특별시 중구 퇴계로141-7 (충무로2가) 16층 1603호
국제상업 항공운송(미국및기타지역),방위사업청,87,2024-08-02,70,80.163,2024-08-02,씨제이대한통운 주식회사,신영수,정성욱,"서울특별시 종로구 종로5길7, Tower 8"
(24F061-A)  음식물류 쓰레기 폐기물 위탁처리 용역,국군재정관리단,130764700,2024-08-02,110097000,84.32,2024-08-02,사계절환경,최원희,최원희,"경기도 안산시 단원구 광덕2로50-3, 316호 (초지동)"
24-덕-수송정 1척 이송 예인 용역(2),제9691부대,27500000,2024-08-05,26000000,94.794,2024-08-06,해상해운,반학수,반학수,인천광역시 중구 축항대로118번길29-25(항동7가)
24년 급식 민간위탁배송(부대조달 경북권),제6335부대,1859876760,2024-08-06,1788600000,96.047,2024-08-06,대신로지스틱스 주식회사,양임석,최윤석,"서울특별시 송파구 오금로46길5-0 (가락동, 보성빌딩) 3층"
24~27년 얼음정수기 임차용역,제1968부대,622080000,2024-08-06,516486330,83.119,2024-08-07,디에이치바이오,김단희,김단희,"경기도 수원시 영통구 광교중앙로170, 1동 5층 7호 507호(하동, 광교 효성해링턴 타워)"
(24F163-I) 24년 얼음 냉온정수기 임차,국군재정관리단,201600000,2024-08-06,176929000,87.749,2024-08-06,네이션,김우진,김우진,"서울특별시 강북구 삼양로27길19, 208동 1401호(미아동, 삼성래미안트리베라아파트)"
사단 간부숙소 신축 선행연구 용역,제5019부대,90707350,2024-08-07,44500000,49.192,2024-08-07,(사)국방시설연구협회,정주교,이도제,"경기도 성남시 수정구 복정로84번길 22-15,(B-001호) (복정동)"
24-P-용-04 부대이전사업 전략환경영향평가 용역,제9227부대,177780000,2024-08-07,155345900,87.82,2024-08-07,주식회사 천마이앤씨,박창규,서혜련,"경상북도 영천시 중앙동1길51, 2층 201호(문외동)"
24년 00부대 얼음정수기 임차용역,제6755부대,243000000,2024-08-08,213290000,87.746,2024-08-08,멎지,편윤경,편윤경,전라남도 고흥군 남양면 월악선무정길55
지휘헬기-II 기종결정 평가방안에 관한 정책연구용역,방위사업청(운영지원과),0,2024-08-08,41850000,93,2024-09-06,사단법인 안보경영연구원,전건욱,조대현,"서울특별시 강남구 언주로527, 10층 (역삼동)"
함정 선체(갑판) 청락/도장 용역,해군군수사령부,584000000,2024-08-08,514680000,88.02,2024-08-08,수일종합환경 주식회사,서영완,오민희,부산광역시 동구 중앙대로180번길 12-10()
(24F206-I) 기화성 부식방지제 활용 치장용역,국군재정관리단,1248915952,2024-08-08,1000000000,80.05,2024-08-08,주식회사 지러스트,김지택,배원호,경기도 광명시 새빛공원로67-0 (일직동) 자이타워B-1506
생물안전3등급실험실(BL-3) 운영 컨설팅 용역,국군의무사령부,40800000,2024-08-09,35700000,86.976,2024-08-12,주식회사 한양이엔지,이정민,최중석,"서울특별시 금천구 가산디지털2로70, 9층 916호(가산동, 대륭테크노타운19차)"
24년 김해기지 부대소개영상 제작 용역,공군제5공중기동비행단,60587254,2024-08-12,55000000,91.036,2024-08-30,주식회사 씨엘엠스타일,윤찬원,윤정인,"서울특별시 서초구 반포대로88, 5층(서초동, 반석빌딩)"
[24-육-170] 안전문화 콘텐츠 제작,육군본부,30000000,2024-08-12,14900000,49.509,2024-08-18,트렌드코리아 주식회사,장태준,장태준,"경기도 시흥시 월곶해안로149-1 (월곶동) 에이동, 202호"
9사단 사령부 병영식당 민간위탁 급식용역 ,제9보병사단사령부,0,2024-08-12,5219500000,100,2024-09-30,주식회사 동원홈푸드,정문목,염은혜,"서울특별시 서초구 마방로68(양재동, 동원산업빌딩)"
통신가설차 경미한 성능개량 사업분석,방위사업청(운영지원과),0,2024-08-12,44000000,88,2024-10-22,사단법인 미래안보산업전략연구원,박종재,정영숙,서울특별시 영등포구 영등포로35길10-0 (영등포동6가) 8층 809호
120mm자주박격포 및 사격지휘차량 성능개량 사업분석,방위사업청(운영지원과),0,2024-08-12,42000000,84,2024-09-06,사단법인 안보경영연구원,전건욱,조대현,"서울특별시 강남구 언주로527, 10층 (역삼동)"
24~'25 F-15K SWMF 지원장비 유지보수,공군군수사령부,21443137,2024-08-13,18825000,87.795,2024-08-13,(주)이엔씨테크,이종희,이은경,충청북도 청주시 흥덕구 2순환로742번길2 (화계동)
24~'25 KF-16 SWMF 지원장비 유지보수,공군군수사령부,20486274,2024-08-13,18003000,87.823,2024-08-13,(주)이엔씨테크,이종희,이은경,충청북도 청주시 흥덕구 2순환로742번길2 (화계동)
24-전라제주-폐수-01 설계용역,제6619부대,21538236,2024-08-13,0,0,2024-08-13,주식회사 동부그린,정오용,송예린,전라남도 순천시 해룡면 해룡산단6로100
방산메일시스템 유지보수 사업,방위사업청(운영지원과),0,2024-08-13,78988000,98,2024-09-02,주식회사 유나이티드시스템,김혜정,김혜정,경기도 하남시 미사강변중앙로208-0 (망월동) 7층 7160호
24-Y-일반폐기물 처리 용역,연평부대,207813720,2024-08-13,175422800,85.472,2024-08-13,주식회사 석천기업,이주신,정영언,"인천광역시 서구 검단천로203, 1층(오류동)"
24-N-UFS훈련 합동수송 실제훈련 선박 임차용역,국군재정관리단,86270000,2024-08-13,83681900,96.534,2024-08-13,주식회사씨캐리어,김순오,김순오,"서울특별시 송파구 올림픽로35가길10-0 제6층 B동 제613호 (신천동, 잠실 더샵스타파크)"
(24G034-H)정보체계 통합 유지보수 용역,국군재정관리단,2077265800,2024-08-13,1624550400,78.002,2024-08-13,(주) 투데이게이트,김익훈,이민주,"서울특별시 금천구 디지털로9길32-0 (가산동, 갑을 그레이트밸리) 비동 804호"
(24F219-A) 식자재 민간위탁 배송 용역,국군재정관리단,778033060,2024-08-13,762371250,97.546,2024-08-13,용마로지스주식회사,이종철,김성호,"경기도 김포시 고촌읍 아라육로78, 2동"
[24-육-172] 미래 작전부대 지원에 적합한 신에너지,육군본부,44858000,2024-08-14,43512260,97.587,2024-08-26,주식회사 자람앤수엔지니어링,오대영,신수영,"경기도 안양시 동안구 엘에스로91번길16-39, 803호 (호계동, 안양아이티밸리)"
24년 급식 민간위탁배송(부대조달 경남권),제6335부대,2499131290,2024-08-14,2447899000,97.473,2024-08-14,용마로지스주식회사,이종철,김성호,"경기도 김포시 고촌읍 아라육로78, 2동"
(24F218-I) 식자재 민간위탁 배송용역(수도군단),국군재정관리단,1852465598,2024-08-14,1800000000,97.28,2024-08-14,동원로엑스 주식회사,박성순,전현주,서울특별시 서초구 마방로68-0 (양재동) 동원산업빌딩
(24G233-A) 식기세척기 임차 용역,국군재정관리단,118941170,2024-08-14,104490000,88.121,2024-08-14,에이포하우스 주식회사,김홍민,김은미,서울특별시 성동구 성수일로77-0 (성수동1가) 서울숲IT밸리 15층 1509호
24년 부대소개영상 제작용역,공군제17전투비행단,30000000,2024-08-16,14800000,49.045,2024-08-21,트렌드코리아 주식회사,장태준,장태준,"경기도 시흥시 월곶해안로149-1 (월곶동) 에이동, 202호"
24년 취사장 청소용역,제1968부대,86200000,2024-08-19,75864880,88.005,2024-08-21,(주)부남환경관리,김진희,김진희,"경기도 안양시 동안구 경수대로927, 204호"
[24-육-197] 지상군페스티벌 물품임차 용역,육군본부,48486020,2024-08-20,42701472,87.823,2024-08-21,주식회사 에르젠코퍼레이션,최황순,유병목,"서울특별시 성동구 상원12길30, 507호(성수동1가, 동진아이티타워)"
(24F183-A) 사업장 폐기물(생활쓰레기) 수집운반용역,제5861부대,207802000,2024-08-20,178564051,85.18,2024-08-20,영동산업합자회사,이경재,이경재,강원특별자치도 고성군 토성면 성대로3-27
24년 폐타이어 운반용역,제6335부대,131630059,2024-08-20,116607500,88.104,2024-08-20,대원종합상사(울산),김철구,김동우,울산광역시 울주군 웅촌면 대복동천로 62()
자운대 지역 부대 배치방안 등 검토 용역,국방부(운영지원과),0,2024-08-20,143000000,98.62,2024-09-02,주식회사 새김이앤씨,최주원,최주원,"경기도 안양시 동안구 벌말로126, 2901호, 2902호(관양동, 오비즈타워)"
방위사업 원가계산 외부용역(7차),방위사업청(운영지원과),0,2024-08-20,347250000,75,2024-09-02,태경회계법인,김상운,서호성,"서울특별시 강남구 테헤란로520, 2층(대치동, 삼안빌딩)"
(24G246-A) 얼음 냉온 정수기 임차용역,국군재정관리단,124500000,2024-08-20,109321390,87.745,2024-08-20,제이앤제이기획,정재니,정재니,서울특별시 노원구 동일로175길16 (공릉동)
(24G121-I) 얼음 냉온정수기 임차 용역,국군재정관리단,534225882,2024-08-20,455963520,86.416,2024-08-20,에스케이매직 주식회사,김완성,김미숙,"서울특별시 종로구 청계천로85, 18층(관철동, 삼일빌딩)"
24년 군 주거시설 개선사업 선행연구(2차)(24-GD-69),제2307부대,90324050,2024-08-21,59999000,66.266,2024-08-21,주식회사 한국건설경영기술원,박장권,최민정,경기도 고양시 덕양구 권율대로656-0 (원흥동) 17층 1739호
24년 식기세척기 임차 용역(대구 전라),국군의무사령부,44452800,2024-08-21,38760610,88.001,2024-08-21,오피스 유통,주민정,주민정,충청남도 계룡시 엄사면 번영3길73-12 (삼진아파트)
24~29-M-대형 냉온수기 임차 용역,국군재정관리단,705000000,2024-08-22,586812990,83.068,2024-08-22,(주)한성바이오테크,김재경,김재경,"서울특별시 강남구 개포로25길18 (개포동, 1층)"
국방컨벤션센터 일용직 인력공급 용역(긴급),국군복지단,43398620,2024-08-23,38416000,87.922,2024-08-26,(주)태원에이엠,이성희,이성희,서울특별시 금천구 벚꽃로254-0 (가산동) 1202호
항공용금속재료 가공방법별 기계적물성치측정방안연구,공군군수사령부,82058459,2024-08-26,67817144,82.606,2024-08-26,주식회사피레타,최현선,박한솔,대전광역시 유성구 국제과학3로22-0 (신동)
[24-육-189] 과학화 동원훈련장 시범사업 추진 연구,육군본부,41152210,2024-08-26,33333000,81.369,2024-09-10,건양대학교 산학협력단,홍영기,김봉환,"충청남도 논산시 대학로 121, 건양대학교 산학협력단(내동)"
24-2차 한빛부대 재보급물자 수송관리용역,국군수송사령부,334411764,2024-08-26,285209600,85.744,2024-08-26,주식회사 파빅스로지스틱스,박용찬,박용찬,서울특별시 중랑구 신내역로111 (신내동) 신내SK V1센터 A-923
국외수집자료(영어) 국문 번역,국방부군사편찬연구소,0,2024-08-26,13203675,93,2024-09-04,외교센터 번역 아포스티유 주식회사,홍미경,홍미경,서울특별시 종로구 율곡로6-0  트윈 트리 빌딩 B2 (중학동)
공군 CCTV 통합유지보수,공군군수사령부,2663160410,2024-08-27,2093803346,78.101,2024-08-27,영현정보통신(주),김두식,김두식,"서울특별시 구로구 공원로6나길12-0 (구로동,경방빌딩) 301호"
24-공군박물관 특별기획전 설계 및 제작설치,공군사관학교,137935390,2024-08-27,120856000,88.108,2024-08-27,주식회사 씨앤씨파트너스,김태호,김태호,충청북도 청주시 상당구 무농정로2번길66-20 (방서동)
24-충-공-7 설계용역(공사 노후배수로 개선),공군사관학교,186422000,2024-08-27,165826000,87.749,2024-08-27,주식회사 서화기술공사,이준호,배준한,경상남도 김해시 호계로422번길34-5 (부원동)
24년 얼음정수기 임차 용역(79대),육군 제2573부대,125470580,2024-08-27,110325360,87.746,2024-08-27,에스비컴퍼니,백승빈,백승빈,"경기도 김포시 김포한강2로273, 508동 2502호(장기동, 청송마을 모아미래도엘가)"
40mm고속유탄기관총-Ⅱ 사업분석,방위사업청(운영지원과),0,2024-08-27,57000000,95,2024-10-09,(사)21세기군사연구소,김진욱,박계향,"서울특별시 금천구 가산디지털2로184, 10층 1017호(가산동, 벽산디지털밸리2차)"
24년 함정 수면하 선저 조패류 수중소제 용역,해군군수사령부,402000000,2024-08-27,344283797,85.625,2024-08-27,대한수중공사,이종민,이종민,"인천광역시 중구 연안부두로21번길20, 대한수중공사(항동7가)"
(24F220-I) 식자재 민간위탁 배송용역(8급양대),국군재정관리단,579012490,2024-08-27,581733850,99.68,2024-08-27,(주)산양미트,이청우,심성보,강원도 원주시 소초면 송황유사길 23()
무기체계 공급망 관리(SCM) 최적화 프로세스 연구,공군군수사령부,49019607,2024-08-28,47500000,96.545,2024-08-28,광운대학교산학협력단,정영욱,남인선,"서울특별시 노원구 광운로 20(월계동, 광운대학교)"
00부대 설계용역 (24-북-172),육군 제1군단,120037254,2024-08-28,105809100,87.822,2024-08-28,주식회사 만유방재엔지니어링,김원기,전계섭,경기도 광명시 새빛공원로67 광명역 자이타워 B동 1510호(일직동 515-1)
24-M-2차 전세버스 수송용역,국군재정관리단,536520000,2024-08-28,447511190,83.071,2024-08-28,주식회사 길벗여행사,김용기,김용기,"인천광역시 부평구 평천로 398, 에스엠메디칼프라자 501호(삼산동)"
24-M-교-얼음정수기 임차용역,국군재정관리단,315500000,2024-08-28,269440010,85.513,2024-08-28,디에이치바이오,김단희,김단희,"경기도 수원시 영통구 광교중앙로170, 1동 5층 7호 507호(하동, 광교 효성해링턴 타워)"
24~27년도 얼음정수기 임차 용역,제5861부대,536130000,2024-08-29,459510254,85.602,2024-08-29,한국렌탈판매협동조합,정영이,정영이,"인천광역시 미추홀구 아암대로45번길77-8, 1층(용현동)"
국방헬프콜 홍보영상 및 포스터 제작 용역,국방부조사본부,28800000,2024-08-29,25410240,87.759,2024-08-29,주식회사 엠앤케이,김원상,박수경,"광주광역시 동구 금남로245, 718호(금남로1가, 전일빌딩245)"
24년 이지스전투체계 육상지원장비 유지보수 용역,해군군수사령부,431000000,2024-08-29,378310000,87.233,2024-08-29,주식회사 코테스,고기종,고기종,충청북도 청주시 흥덕구 비하로59-2 (비하동)
(24F247-A) ASP 방화지대 구축용역,국군재정관리단,131676470,2024-08-29,116250000,88.049,2024-08-29,주식회사 신화,장보람,장재형,강원특별자치도 태백시 황지로184 (황지동)
 (24F223-A) 얼음정수기 임차용역,국군재정관리단,365294110,2024-08-29,311746000,85.541,2024-08-29,주식회사 레이나(REINA Inc.),김예림,김예림,"서울특별시 강북구 도봉로77길6, 404호 (수유동 이테크밸리오피스텔)"
기술인력육성 보조사업자 운영성과평가 및 연구,국방부(운영지원과),0,2024-08-30,49120000,98.375,2024-09-24,협동조합 미래국방산업네트워크,권호영,권호영,대전광역시 유성구 테크노4로17-0 (관평동) 대덕비즈센터 D동 612호
24년 우수장병 국외시찰 행사 용역,국방부(운영지원과),0,2024-08-30,45990000,99.978,2024-09-24,도련투어,이도련,이도련,서울특별시 용산구 이태원로22-0 (용산동3가) 국방부종합민원실 지하1층
24-해병-성희롱 성폭력 예방 콘텐츠 제작 대행,제9691부대,18340977,2024-09-02,11110000,60.292,2024-09-04,주식회사 플라잉피그,김민,이진숙,서울특별시 금천구 벚꽃로36길30-0 (가산동) 가산KS타워 510~513호
온나라 시스템 유지보수 용역,국군제1068부대,29840000,2024-09-03,26204447,88.293,2024-09-03,주식회사 에스앤케이,김두환,김두환,"경기도 하남시 미사강변서로25, F544호 (풍산동, 미사테스타타워지식산업센터))"
F-35A 지원체계 유지보수,공군군수사령부,158461990,2024-09-03,139218366,87.775,2024-09-03,아이티 월드((IT. WORLD),김영우,김영우,부산광역시 동래구 여고로63번길86-0 (사직동) 1층
24-벨기에 국제군악제 화물운송 용역,공군본부,68627451,2024-09-03,60561000,87.905,2024-09-03,주식회사 디비아이앤티,박효정,박효정,"서울특별시 중구 삼일대로363-0 (장교동) 1,2동 23층 13호(장교동, 장교빌딩)"
2024년 군 책임운영기관 고객만족도조사 용역,국방부(운영지원과),0,2024-09-03,24500000,94.23,2024-09-26,주식회사 에스에이컨설팅,윤지성,하늘,서울특별시 영등포구 영중로65-4 (영등포동6가) 4층
방위사업 원가계산 외부용역(8차),방위사업청(운영지원과),0,2024-09-03,56000000,70,2024-09-20,태경회계법인,김상운,서호성,"서울특별시 강남구 테헤란로520, 2층(대치동, 삼안빌딩)"
24-M-얼음 냉온정수기 및 대형정수기 임차용역,국군재정관리단,769340000,2024-09-03,662342868,85.766,2024-09-03,한국렌탈판매협동조합,정영이,정영이,"인천광역시 미추홀구 아암대로45번길77-8, 1층(용현동)"
(24F230-I) 얼음 정수기 임차용역,국군재정관리단,574648235,2024-09-03,476776680,83.375,2024-09-03,디에이치바이오,김단희,김단희,"경기도 수원시 영통구 광교중앙로170, 1동 5층 7호 507호(하동, 광교 효성해링턴 타워)"
24-F-항공기술정보 외주번역(한영) 용역,국군재정관리단,313790000,2024-09-03,272030000,86.956,2024-09-03,(주)프로랭스,권영조,문성준,"서울특별시 금천구 디지털로 130, 남성플라자빌딩 8층(가산동)"
`24년 육훈소 2차 제초관리 용역,육군훈련소,124623000,2024-09-05,109722871,88.002,2024-09-05,(주)다림조경,이은용,이명희,충청남도 당진시 합덕읍 남부로1693-0
24년 00부대 식기세척기 임차용역,제6755부대,127058820,2024-09-05,112123050,87.794,2024-09-05,봄앤현,이희주,이희주,"충청남도 계룡시 엄사면 번영로113-32 (계룡파라디아), 106동 2303호"
무기체계 레이다 특성을 고려한 작전성 검토기준 정립,공군미사일방어사령부,38464000,2024-09-09,36020000,93.751,2024-09-10,광운대학교산학협력단,정영욱,남인선,"서울특별시 노원구 광운로 20(월계동, 광운대학교)"
(24육군-용역020)자동화창고 스태커크레인 정비 용역,종합보급창,97611760,2024-09-09,87871490,89.913,2024-09-09,주식회사 주은테크,김만영,김만영,경기도 광명시 오리로651번길8. 현대테라타워 제지1층 107호
24-덕-도청탐지시스템 유지보수 용역,제9691부대,68954370,2024-09-09,60463370,87.985,2024-09-09,셀코정보기술 주식회사,임윤정,임윤정,서울특별시 도봉구 도봉로169나길78(도봉동)
24-M-취사장 후드 청소용역,국군재정관리단,114310000,2024-09-09,101735900,87.996,2024-09-09,광평산업주식회사,이필숙,이필숙,"경상남도 창원시 마산합포구 오동동10길 56, 가고파오피스텔115호(오동동)"
광전송장비 유지보수,공군군수사령부,98452941,2024-09-10,86366002,87.939,2024-09-10,신아시스템 주식회사,신장화,신장화,"경상남도 창원시 의창구 읍성로 110,  신아빌101호(소답동)"
24-공군 전투실험 및 M&S 발전 세미나 행사대행 용역,공군본부,26764706,2024-09-10,23502150,87.75,2024-09-10,(주)포컴,김종철,김민지,"서울특별시 송파구 충민로66(문정동, 가든파이브라이프9층티-9088호)"
24년 제초용역(신병교육대대 훈련장),제1968부대,45999680,2024-09-10,40515023,87.996,2024-09-11,(주)유한조경개발,정인규,정인규,"경기도 부천시 소사구 옥길로124, 1005호(옥길동, 문영 퀸즈파크 C)"
24년 식기세척기 임차용역,제25보병사단,367200000,2024-09-10,317885000,86.073,2024-09-10,에스지원,김성진,김성진,"경기도 하남시 미사강변한강로135, 나동 0622호(망월동, 미사강변스카이폴리스)"
우주무기체계 효율적 획득 및 운영을 위한 발전방향 ,방위사업청(운영지원과),0,2024-09-10,54915000,95,2024-09-27,국방대학교산학협력단,이문걸,오중택,충청남도 논산시 양촌면 황산벌로1040
24~26-N-유도무기 교육훈련장비(GMTT) 유지보수 용역,국군재정관리단,173940000,2024-09-11,153171870,87.784,2024-09-11,(주)이젠정보통신,이동필,오순택,"서울특별시 구로구 디지털로31길41-0 (구로동, 이앤씨벤처드림타워6차) 601호"
‘24~27년 신병교육대대 병영식당 급식 민간위탁,제1989부대,10676250000,2024-09-12,10676250000,99.778,2024-10-15,(주)아워홈,구미현,이지혜,서울특별시 강서구 마곡중앙10로91(마곡동)
사단 작전지휘시설 신축사업 선행연구 용역,수도기계화보병사단,97767000,2024-09-13,48700000,50.052,2024-09-13,(사)국방시설연구협회,정주교,이도제,"경기도 성남시 수정구 복정로84번길 22-15,(B-001호) (복정동)"
2024년도 군 주거지원 만족도 조사,국방부(운영지원과),0,2024-09-13,16400000,91.111,2024-09-30,주식회사 에스에이컨설팅,윤지성,하늘,서울특별시 영등포구 영중로65-4 (영등포동6가) 4층
24년 국방민원서비스 만족도 조사 연구,국방부(운영지원과),0,2024-09-13,34000000,93.378,2024-10-02,알앤알컨설팅 주식회사,조희아,이은경,"서울특별시 서초구 신반포로303, 101호 (잠원동, 에스엘빌딩)"
안전하고 신뢰할 수 있는 AI활용 국방가이드라인 연구,국방부(운영지원과),0,2024-09-13,36946000,79.999,2024-10-09,주식회사 와이매틱스,방준성,방준성,"대전광역시 유성구 죽동로321-0 (죽동, 죽동금성백조예미지), 102동 201호"
24년~27년 식기세척기 임차 용역,제2621부대,191920080,2024-09-19,168176360,88.113,2024-09-19,봄앤현,이희주,이희주,"충청남도 계룡시 엄사면 번영로113-32 (계룡파라디아), 106동 2303호"
24년 ASP 방화지대 구축 용역,제2167부대,148999750,2024-09-20,132000000,88.229,2024-09-20,여주시산림조합,이후정,서진오,경기도 여주시 삼밭골길10-0 (월송동)
24-2차 특수무기 전력변환기(천마 비호) 외주정비용역,제5378부대,199200000,2024-09-20,175500000,87.992,2024-09-20,(주)이화일렉콤,이정상,전상열,경기도 광주시 회안대로1061-55 (송정동)
2024년 방위사업 이러닝콘텐츠 제작,방위사업청(운영지원과),0,2024-09-20,190000000,97.938,2024-09-27,주식회사 위지런,이기영,이기영,경기도 광명시 일직로43 (일직동) GIDC B동 2105~6호
24년 함정 기관실 청락/도장 용역,해군군수사령부,415000000,2024-09-20,369598000,88.404,2024-09-20,센텀환경 주식회사,이형재,박소희,부산광역시 중구 중앙대로136-0 (중앙동4가) KT중부산빌딩 5층
(24F185-A) 소음영향도 조사용역,국군재정관리단,199372540,2024-09-20,172975616,87.109,2024-09-20,주식회사 엔브이티,정태량,전형준,"서울특별시 중구 동호로7길41, 2층(신당동)"
(24F189-A) 군 사격장 소음영향도 조사 용역,국군재정관리단,1993725490,2024-09-20,1564476392,78.571,2024-09-20,주식회사 엔브이티,정태량,전형준,"서울특별시 중구 동호로7길41, 2층(신당동)"
(24F224-I) 숲 가꾸기(벌목) 시공 용역,국군재정관리단,322743480,2024-09-20,284927300,88.009,2024-09-20,산림법인태산 주식회사,김민재,김민재,"충청남도 당진시 밤절로132-57, 604호 (수청동, 오션오피스텔)"
(24F071-I)24년 전기안전관리대행 용역,국군재정관리단,25078245,2024-09-20,22049130,87.804,2024-09-20,(주)무림전기,박종성,박종성,"경기도 고양시 덕양구 화중로 32-31, 효원빌딩 507호(화정동)"
24-27년 신병교육대대 병영식당 급식 민간위탁 용역,제5019부대,11497500000,2024-09-23,11497500000,100,2024-09-24,주식회사 동원홈푸드,정문목,최다윤,"서울특별시 서초구 마방로68(양재동, 동원산업빌딩)"
생성형 AI 서비스 구축 방안 정책연구용역,방위사업청(운영지원과),0,2024-09-23,35000000,82.84,2024-09-27,세종대학교산학협력단,권현한,우윤지,서울특별시 광진구 군자동98 집현관 216
24-2024 사천에어쇼 항공우주  체험장 부스설치 용역,공군본부,48337059,2024-09-24,46117500,94.542,2024-09-24,주식회사 해울디자인,김종표,김지원,"서울특별시 송파구 충민로66, L-9006호 (문정동, 가든파이브 라이프) 리빙관"
방위사업계약 및 지체상금 제도 선진화 개선방안 연구,방위사업청(운영지원과),0,2024-09-24,36190000,97.81,2024-10-11,법무법인 집현전,봉만수,이태영,"서울특별시 서초구 반포대로106-0 (서초동) 4, 5층"
 2024년도 방위사업청 대국민 인지도조사 용역사업,방위사업청(운영지원과),0,2024-09-24,30600000,90,2024-10-14,(주)엠브레인컨설팅,강윤모,김우현,"서울특별시 서초구 명달로9, 1층, 7층 (방배동)"
(24F221-A)소음영향도 조사용역,국군재정관리단,199372540,2024-09-24,174850000,87.526,2024-09-24,한국환경설계(주),김하근,김하근,"서울특별시 송파구 석촌호수로138, 202호 (삼전동)"
24~27년 식기세척기 임차 용역,제1989부대,151764705,2024-09-25,134683580,87.923,2024-09-25,봄앤현,이희주,이희주,"충청남도 계룡시 엄사면 번영로113-32 (계룡파라디아), 106동 2303호"
조기경보(SPS-1000) 자동점검장비 유지보수,공군군수사령부,12832610,2024-09-26,11235000,87.868,2024-09-26,주식회사 이알시스템,이창우,이창우,충청북도 청주시 청원구 내수읍 은곡길72-55
현O원 진지 OOO체계 이전사업(24-105),육군제6501부대,187397440,2024-09-26,185500000,99.292,2024-09-26,주식회사 씨엔테크,김훈석,김훈석,"경기도 김포시 양촌읍 황금로117, 이젠테크노존 가동 411호"
000 정보체계 시스템 유지보수 용역,국군제1068부대,435505000,2024-09-27,286000000,66.097,2024-09-27,케이투웹테크(주),김태일,이수형,"서울특별시 금천구 가마산로96, 1510호 (가산동, 대륭테크노타운8)"
24년 급식 민간위탁배송(부대조달 충청권),제6335부대,3792221530,2024-09-27,3679000000,96.755,2024-09-27,주식회사그린,황정실,전주현,경기도 여주시 대신면 여양로693-10
(24F188-I) 군 사격장 소음영향도 조사 용역,국군재정관리단,199372549,2024-09-27,179000000,88.953,2024-09-27,주식회사 삼우에이엔씨,조만희,조만희,"서울특별시 동작구 남부순환로2021, 2층 (사당동)"
24~25년 MW통신체계 성능개선 감리용역,국군지휘통신사령부,187813725,2024-10-02,165611000,87.782,2024-10-02,(주)덕원이.엔.지,권나희,정선미,경상북도 포항시 남구 대이로19번길7(대잠동)
무정전전원장치(방공관제) 유지보수,공군군수사령부,405602670,2024-10-04,349730900,86.427,2024-10-04,주식회사 화인시스템,주광훈,김현우,"경기도 군포시 고산로 166, SK벤티움 104동 307~309호(당정동)"
무정전전원장치(항행안전) 유지보수,공군군수사령부,500284760,2024-10-04,438260220,86.876,2024-10-04,태일자동제어(주),한연수,한연수,광주광역시 광산구 신가매결길28(신창동)
24-D-자운대지역 조경관리 용역(00학교 지역),국군재정관리단,101160000,2024-10-04,89077000,88.011,2024-10-04,나도조경,김응례,남제우,"대전광역시 유성구 진잠로101-1, 2층(교촌동)"
24~25-F-학습포털체계 교체 감리,국군재정관리단,136060000,2024-10-04,119180000,87.763,2024-10-04,주식회사 한국전산감리원,김병양,이명희,"경기도 과천시 과천대로12길117, 지동 501호 (문원동,과천 펜타원)"
전차포사격장 방화지대 제초용역,육군기계화학교,32529000,2024-10-08,28408451,87.762,2024-10-08,주식회사 다은건설산업,양수연,류효승,광주광역시 서구 무진대로486(덕흥동)
24년 하반기 모범군무원 격려 국내시찰,국방부(운영지원과),0,2024-10-08,38000000,99.461,2024-10-22,주식회사 플랜더제이,함영순,박종걸,서울특별시 도봉구 우이천로298-0 (쌍문동) 6층 유아이오피스 102호
24년 병영생활상담관 보수교육 운영,국방부(운영지원과),0,2024-10-08,26000000,96.296,2024-10-18,주식회사 휴노아이앤씨,천정현,박혜원,"경기도 성남시 분당구 서현로170, 12층 티동 1208호 (서현동, 풍림아이원플러스))"
예비군법 개정방안 연구,국방부(운영지원과),0,2024-10-08,30000000,100,2024-10-31,주식회사 입법정책연구원,강남기,김준우,"서울특별시 영등포구 국회대로70길12, 802호 (여의도동,대산빌딩)"
2024년도 국방전직교육원 고객만족도 조사,국방부,0,2024-10-08,37500000,93.75,2024-10-22,주식회사 에스에이컨설팅,윤지성,신성철,서울특별시 영등포구 영중로65-4 (영등포동6가) 4층
24-M-교-액화염소가스용기 검사 및 처리 용역,국군재정관리단,117410000,2024-10-08,103379505,87.766,2024-10-08,주식회사 평화산소공업,김진태,최재익,"부산광역시 사상구 대동로269번길41-0 (감전동, 주식회사 평화산소)"
개인정보영향평가(밀리패스  병적관리시스템) 용역,국군재정관리단,119358617,2024-10-08,105120400,88.007,2024-10-08,주식회사 한국전산감리원,김병양,이명희,"경기도 과천시 과천대로12길117, 지동 501호 (문원동,과천 펜타원)"
00부대 취사식당 신축공사 감리용역(건축  상주),수도기계화보병사단,136532000,2024-10-11,120572965,87.746,2024-10-11,가우건축건축사사무소,이만호,이만호,경기도 고양시 일산동구 성현로98-1 (성석동)
24년 4학년 생도 안보동맹 현장방문 여행 용역,육군사관학교,0,2024-10-14,517565000,99.499,2024-10-22,주식회사 인터비즈투어,오장균,송민혁,"서울특별시 강남구 영동대로324, 203호(대치동, 타워크리스탈빌딩)"
24년 항만종합전술훈련 선박임차,국군수송사령부,156401176,2024-10-14,137257000,87.892,2024-10-14,씨제이대한통운 주식회사,신영수,정성욱,"서울특별시 종로구 종로5길7, Tower 8"
2차 작계훈련 무기 등 수송 차량 임차(1권역),육군 52보병사단,9900000,2024-10-15,8695477,88.191,2024-10-15,주식회사 케이지비이엔지,고민희,고민희,"인천광역시 부평구 새벌로29, 209호 (청천동, 부평테크노타워)"
2차 작계훈련 무기 등 수송 차량 임차(2권역),육군 52보병사단,6800000,2024-10-15,5972651,88.195,2024-10-15,주식회사 케이지비이엔지,고민희,고민희,"인천광역시 부평구 새벌로29, 209호 (청천동, 부평테크노타워)"
2차 작계훈련 무기 등 수송 차량 임차(3권역),육군 52보병사단,8950000,2024-10-15,7861063,88.086,2024-10-15,주식회사 케이지비이엔지,고민희,고민희,"인천광역시 부평구 새벌로29, 209호 (청천동, 부평테크노타워)"
24년 P-3 야전 SIL 유지보수 용역,해군군수사령부,20000000,2024-10-15,17633165,87.872,2024-10-15,주식회사 케이티엔티,오성근,정지현,대전광역시 유성구 장대로95 (장대동) KT유성빌딩 3층
24-덕-장기체공 드론장비 임차 용역(1-3),제9691부대,40000000,2024-10-16,39200000,97.882,2024-10-16,(주)두산 모빌리티 이노베이션,김종선,송범준,경기도 용인시 수지구 수지로112번길10-0 (성복동)
24~27-D-공기청정기 임차 용역,국군재정관리단,173900000,2024-10-16,153619700,87.75,2024-10-16,대성산업,이미향,이미향,"전라남도 순천시 왕궁길95 (조례동, 송촌프라임)105-1203"
24년 식자재 민간위탁 배송용역(홍천),6112부대,350755294,2024-10-17,345000000,98.654,2024-10-17,(주)산양미트,이청우,이청우,강원도 원주시 소초면 송황유사길 23()
24년 식자재 민간위탁 배송용역(양평 가평),6112부대,782997186,2024-10-17,759350670,97.8,2024-10-17,용마로지스주식회사,이종철,김성호,"경기도 김포시 고촌읍 아라육로78, 2동"
24-교-장병 문화예술공연,제3283부대,26078431,2024-10-17,25550000,98.182,2024-10-17,주식회사 이음에듀테인먼트,박하늘,박하늘,"서울특별시 관악구 은천로93, 502동201호(봉천동, 벽산블루밍아파트)"
식기세척기 임차(2대),제8278부대,72000000,2024-10-18,63896420,87.851,2024-10-18,엔시텍,강형석,강형석,"대전광역시 서구 도산로403번길21, 탄방동 4층 20호(탄방동, 전자타운)"
군무원 소개 및 채용 홍보물 제작,국방부(운영지원과),0,2024-10-18,93740000,86,2024-10-31,주식회사초콜릿커뮤니케이션,정소영,정소영,서울특별시 마포구 성미산로10길60 (서교동)
24년 얼음정수기 임차 용역,제5378부대,153792000,2024-10-22,134012060,87.749,2024-10-22,엘에스 서플라이,이수진,이수진,"경기도 김포시 김포한강8로333, 309동 202호"
24년 군소음보상 업무관계자 워크숍행사 대행,국방부(운영지원과),0,2024-10-22,34893760,99.696,2024-10-28,주식회사이엔에이,이재범,이재범,"경기도 안산시 단원구 광덕4로234 (고잔동) 천혜로데오프라자 301호,302호,303호"
수리함정 클리닝 용역,해군군수사령부,43000000,2024-10-22,38120000,88.282,2024-10-22,주식회사 삼광지에스,이선재,이선재,부산광역시 기장군 기장읍 대변로154-0 323호
24-M-수제선 갈대제거 용역,국군재정관리단,207100000,2024-10-22,183844000,87.998,2024-10-22,주식회사 중앙조경,김동수,전아린,"경기도 수원시 권선구 호매실로90번길27, 409호 (호매실동)"
24-2차 일반폐기물처리용역,제6335부대,63773500,2024-10-23,53878674,84.473,2024-10-23,주식회사 주원,김기홍,김진,경기도 평택시 송탄고가길5-43 (진위면)
24년 식기세척기 임차용역,수도기계화보병사단,257400000,2024-10-25,222007500,86.155,2024-10-25,주식회사 덕수기업,윤인원,김용일,충청남도 아산시 음봉면 음봉로575-0
24년 생활폐기물 수집운반 용역,제1862부대,215364705,2024-10-29,182726000,84.402,2024-10-29,평화산업(합자),전순득,전순득,강원특별자치도 인제군 북면 금강로 529()
24-2차 지정폐기물처리용역,제6335부대,132475500,2024-10-29,111968293,84.411,2024-10-29,(주)케이에스에너지,김광수,이재석,경기도 화성시 정남면 내향로240-55 (주)케이에스에너지
24-덕-야외전시 장비 보강 및 도색 용역,제9691부대,29116000,2024-10-29,25777760,88.246,2024-10-29,(주)아산항공,김경모,김경모,경상남도 밀양시 삼랑진읍 미전2길27
