입찰공고번호,입찰공고차수,입찰공고명,업무구분명,계약체결형태명,계약체결방법명,낙찰자결정방법명,적격심사여부,공고기관명,공고기관코드,수요기관명,수요기관코드,낙찰하한율,예정가격,기초금액,추정가격,개찰일자,개찰시각,개찰결과구분명,최종낙찰금액,최종낙찰율,최종낙찰일자,최종낙찰업체명,최종낙찰업체대표자명,최종낙찰업체담당자명,최종낙찰업체사업자등록번호,최종낙찰업체주소
MHD0096,1,국방 분야 초거대 AI 적용 방안 연구,용역,총액계약,협상에의한계약(전자),협상,N,방위사업청(운영지원과),1690000,방위사업청(운영지원과),1690000,,70259000,,63871818,2023-12-13,15:00:00,개찰완료,50200000,71.449,2024-01-02,고려대학교산학협력단,권정환,임동환,209-82-08298,"서울특별시 성북구 안암로145 (안암동5가, 고려대학교)"
MHD0097,2,24년 국방연구개발사업의 성과조사 · 분석 연구 ,용역,총액계약,협상에의한계약(전자),협상,N,방위사업청(운영지원과),1690000,방위사업청(운영지원과),1690000,,80000000,,72727273,2023-12-19,15:00:00,개찰완료,79950000,99.937,2024-04-23,주식회사 공공정책성과평가연구원,김동준,노민택,105-87-93203,"서울특별시 서초구 방배천로155, 유청빌딩 3층(방배동 821-8)"
LCI0001,2,재고번호미입력품목,물품,단가계약,2단계경쟁(동시),최저가격제,N,육군제6501부대,ZD00020,육군제6501부대,ZD00020,0,7000,7000,729654545,2023-12-29,10:00:00,개찰완료,7000,100,2024-01-10,주식회사 푸드윈,김봉환,최상준,123-86-37712,"경기도 군포시 공단로149-0 (당동, 아이밸리 군포)"
LGI0149,1,부식류 189종,물품,단가계약,2단계경쟁(동시),최저가격제,N,제3130부대,ZD01109,제3130부대,ZD01109,0,1888803,1895790,3177476118,2023-12-29,10:30:00,개찰완료,1257307,66.566,2024-01-02,씨제이프레시웨이 주식회사,이건일,권영석,603-81-11270,경기도 용인시 기흥구 기곡로32-0 (하갈동)
MDD0154,1,2024~2025 국군수도병원 승강기 유지관리 용역,용역,총액계약,제한경쟁,적격심사제,Y,국군수도병원,ZD00236,국군수도병원,ZD00236,87.745,93388733,93170000,86428800,2023-12-29,17:00:00,개찰완료,81990795,87.795,2024-01-02,성우승강기(주),김구현,장나영,120-87-44512,"서울특별시 강남구 봉은사로451, 201호(삼성동, 성우빌딩)"
UMM0789,1,24-F-천궁  발칸 교육훈련장비 유지보수,용역,총액계약,제한경쟁,적격심사제,Y,국군재정관리단,ZD00303,국군재정관리단,ZD00303,87.745,77665477,77640000,79141818,2024-01-02,11:00:00,개찰완료,68156590,87.756,2024-01-02,경안이엔지(주),금동중,김은영,206-81-82837,"서울특별시 광진구 아차산로78길110-0 (광장동, 리버힐오피스텔) 310"
HDP0055,1,(24-용역-01) 24년 오폐수처리장 관리용역,용역,총액계약,제한경쟁,적격심사제,Y,공군제19전투비행단,ZD00189,공군제19전투비행단,ZD00189,87.995,398588505,394719850,358836227,2024-01-03,11:00:00,개찰완료,351164910,88.102,2024-01-03,호암엔지니어링(주),윤기상,김지은,303-81-46898,충청북도 충주시 금대2길49-4 2층 (칠금동)
MCR0073,1,24년 통합사이버교육시스템 유지보수 용역,용역,총액계약,제한경쟁,적격심사제,Y,국방대학교,1290412,국방대학교,1290412,87.745,23491759,23498372,21789400,2024-01-03,10:30:00,개찰완료,20624764,87.795,2024-01-03,주식회사 명품시스템,이명아,이성태,305-81-94305,대전광역시 서구 계룡로408-0 (갈마동)
MDS0030,1,교육단 증개축 GHP 실외기 설치납품,물품,총액계약,제한경쟁,적격심사제,Y,제3707부대,1290494,제3707부대,1290494,87.995,68714517,69019607,64000000,2024-01-03,10:30:00,개찰완료,60496000,88.039,2024-01-03,(주)비케이에너지,이복경,이복경,127-86-18736,경기도 의정부시 민락로387-0 (낙양동)
SCR0090,2,24년 배추김치(포기절단) 등 10종 구매,물품,총액계약,제한경쟁,적격심사제,Y,해군제3함대사령부,ZD00155,해군제3함대사령부,ZD00155,87.995,60564588,60220000,55845455,2024-01-03,10:30:00,개찰완료,53896000,88.989,2024-01-03,현진식품 영농조합법인,정재웅,정재웅,769-86-01247,전라남도 무안군 망운면 조금나루길22
SFD0105,1,24-P-AV/방송 및 광다중화장비 외주정비 용역,용역,총액계약,제한경쟁,적격심사제,Y,제9227부대,ZD00150,제9227부대,ZD00150,87.745,117510124,117647058,109090909,2024-01-03,10:30:00,개찰완료,103158840,87.787,2024-01-03,진명전력 주식회사,배장수,김혜진,510-81-10552,경상북도 문경시 산양면 산양공단1길19-90
SFN0082,1,24-Y-무인감시장비 유지보수용역,용역,총액계약,제한경쟁,적격심사제,Y,연평부대,ZD00160,연평부대,ZD00160,87.745,221654873,220096445,204171100,2024-01-03,10:30:00,개찰완료,194724895,87.85,2024-01-03,주식회사 썬플라워즈,김종석,김종석,122-86-43550,"인천광역시 서구 가석로30, 광양프런티어밸리 3차 301호 (가좌동)"
UMM0757,2,(23F266-I) '24년 전자유도카트 위탁관리 용역,용역,총액계약,제한경쟁,적격심사제,Y,국군재정관리단,ZD00303,국군재정관리단,ZD00303,87.745,81393531,81892284,75936482,2024-01-03,11:00:00,개찰완료,79200000,97.305,2024-01-03,주식회사 신한교역히타치골프카트한국총판,송덕순,성정미,515-81-11686,대구광역시 수성구 국채보상로1087-1 (만촌동)
UMM0783,2,(23F262-I) 24년 오수처리시설 위탁관리 용역,용역,총액계약,제한경쟁,적격심사제,Y,국군재정관리단,ZD00303,국군재정관리단,ZD00303,87.745,193808349,192526098,178524200,2024-01-03,11:00:00,개찰완료,170680640,88.066,2024-01-03,청해ENV주식회사,이병관,임병무,141-81-09617,"경기도 파주시 가나무로143, 3층 (금릉동, 파주메트로프라자1)"
UMM0799,1,(23F274-I) 24년 대기오염 측정용역(일반물질),용역,총액계약,제한경쟁,적격심사제,Y,국군재정관리단,ZD00303,국군재정관리단,ZD00303,87.745,143951390,143337000,134580000,2024-01-03,11:00:00,개찰완료,126324000,87.754,2024-01-03,주식회사 이안환경,김수성,김수성,810-81-02175,경상남도 창원시 의창구 창이대로15번길24-0 (팔용동) 6층
UMM0797,1,(23F271-A) 음식물류  폐기물  위탁처리 용역,용역,총액계약,일반경쟁,적격심사제,Y,국군재정관리단,ZD00303,국군재정관리단,ZD00303,80.495,483322810,484313720,449090909,2024-01-03,11:00:00,개찰완료,389606970,80.61,2024-01-03,오션환경,김진태,김진태,866-55-00661,경기도 광명시 범안로1035-0 (하안동)
HCL0005,1,24년 간부식당 식자재 구매,물품,총액계약,제한경쟁,적격심사제,Y,공군사관학교,7002962,공군사관학교,7002962,82.995,422398025,428735260,433762520,2024-01-03,10:30:00,개찰완료,351974920,83.327,2024-01-03,미가온,변정순,이용진,106-02-51645,경기도 파주시 장명산길174-20 (오도동)
UMM0795,1,(23F275-A) 대기오염 측정용역(특정물질),용역,총액계약,제한경쟁,적격심사제,Y,국군재정관리단,ZD00303,국군재정관리단,ZD00303,87.745,201269504,200509990,186458182,2024-01-04,11:00:00,개찰완료,176880880,87.882,2024-01-04,주식회사에스텍코리아,전인기,전금희,140-81-15004,경기도 안산시 단원구 광덕4로180-0 (고잔동) 부원프라자 202호
UMM0792,1,24-F-임대프린터 용역,용역,총액계약,제한경쟁,적격심사제,Y,국군재정관리단,ZD00303,국군재정관리단,ZD00303,87.745,126043544,126970000,117741818,2024-01-04,11:00:00,개찰완료,110605001,87.751,2024-01-04,엠제이컴퍼니,유수환,유수환,414-04-64249,"대구광역시 동구 신암남로50, 107동 1101호(신암동, 신암건영캐스빌)"
UMM0793,1,24-F-프린터 임차 용역,용역,총액계약,제한경쟁,적격심사제,Y,국군재정관리단,ZD00303,국군재정관리단,ZD00303,87.745,130475219,131530000,121972582,2024-01-04,11:00:00,개찰완료,114486556,87.745,2024-01-04,까치밥,김병준,김병준,374-14-00266,경상남도 산청군 신안면 중촌갈전로912-37
UMM0796,1,(23F295-A) 24년 상병건강검진 부분위탁용역,용역,총액계약,일반경쟁,적격심사제,Y,국군재정관리단,ZD00303,국군재정관리단,ZD00303,87.745,202623327,203592730,193749882,2024-01-04,11:00:00,개찰완료,178000000,87.847,2024-01-04,신촌연세병원,김영진,이수도,105-90-28677,서울특별시 마포구 서강로110-0 (신수동)
UMM0805,1,(23G053-H) 24년 정보통신장비 통합유지보수용역,용역,총액계약,일반경쟁,적격심사제,Y,국군재정관리단,ZD00303,국군재정관리단,ZD00303,82.995,585701178,588095090,545324545,2024-01-04,11:00:00,개찰완료,487383800,83.213,2024-01-04,(주)두손씨에스티,최수경,이숙원,113-81-85890,서울특별시 금천구 벚꽃로234 에이스하이엔드6차 1001호
UMM0807,1,(23G056)24년 합동전파관리시스템 유지보수 용역,용역,총액계약,제한경쟁,적격심사제,Y,국군재정관리단,ZD00303,국군재정관리단,ZD00303,87.745,157693585,157710690,148670555,2024-01-04,11:00:00,개찰완료,138383000,87.754,2024-01-04,株式會社 錦湖이.티.시,김두현,김혜정,615-81-19727,"경상남도 김해시 칠산로291번길16-5, 2층(화목동)"
SCH0204,1,24-부 일반폐기물 처리 용역,용역,총액계약,제한경쟁,적격심사제,Y,해군작전사령부,ZD00137,해군작전사령부,ZD00137,84.245,107791164,108000000,100000000,2024-01-05,10:30:00,개찰완료,90942500,84.369,2024-01-05,주식회사 이레산업,박점미,박점미,468-88-01028,부산광역시 강서구 공항앞길221번길56-0 (대저2동)
UMM0794,1,24-F-행정지원체계 통합유지보수 용역,용역,총액계약,제한경쟁,적격심사제,Y,국군재정관리단,ZD00303,국군재정관리단,ZD00303,87.745,148923715,150530000,140466364,2024-01-05,11:00:00,개찰완료,130820000,87.843,2024-01-05,청남정보통신 주식회사,박규대,박미나,314-81-45114,대전광역시 서구 계룡로245번길40 2층 (월평동)
HDK0040,1,공군 제11전투비행단 병사식당 급식 민간위탁 용역,용역,총액계약,협상에의한계약(서류),협상,N,공군제11전투비행단,ZD00202,공군제11전투비행단,ZD00202,,41583360000,,37803054545,2024-01-08,10:00:00,개찰완료,41583360000,100,2024-01-08,주식회사 풀무원푸드앤컬처,이동훈,안예지,214-86-08930,서울특별시 송파구 송파대로34길29(송파동)
UMM0800,1,24-D-계룡지역 조경관리 용역,용역,총액계약,일반경쟁,적격심사제,Y,국군재정관리단,ZD00303,국군재정관리단,ZD00303,87.995,1937106441,1919810000,1780193455,2024-01-08,11:00:00,개찰완료,1709520000,88.251,2024-01-08,진솔조경(주),김옥희,김옥희,142-81-19423,경기도 용인시 수지구 풍덕천로139번길 10-5()
MHD0099,1,무기체계 개발시험평가 역할 재정립에 관한 연구,용역,총액계약,협상에의한계약(전자),협상,N,방위사업청(운영지원과),1690000,방위사업청(운영지원과),1690000,,67012000,,60920000,2024-01-09,15:00:00,개찰완료,60632000,90.479,2024-03-25,한성대학교 산학협력단,이정훈,심지민,209-82-08319,서울특별시 성북구 삼선교로16길116-0 (삼선동2가)
HDP0002,1,24년 간부식당 2개소 식자재 구매,물품,총액계약,제한경쟁,적격심사제,Y,공군제19전투비행단,ZD00189,공군제19전투비행단,ZD00189,82.995,867696177,871038990,791853627,2024-01-09,11:00:00,개찰완료,720207860,83.002,2024-01-09,주식회사 아름상사,박정석,박정석,670-88-01470,경기도 화성시 동탄광역환승로63 (오산동)
HDP0001,1,24년 간부식당 2개소 김치 구매,물품,총액계약,일반경쟁,적격심사제,Y,공군제19전투비행단,ZD00189,공군제19전투비행단,ZD00189,87.995,113972017,114219670,103836064,2024-01-09,11:00:00,개찰완료,100372918,88.068,2024-01-09,(주)동심,김미애,김미애,303-81-15401,충청북도 충주시 중앙탑면 감노로2315
SCP0002,1,24-포 음식물류폐기물 처리 용역,용역,총액계약,제한경쟁,적격심사제,Y,제8385부대,1290333,제8385부대,1290333,84.245,100500704,101000000,93927273,2024-01-09,10:30:00,개찰완료,84742280,84.32,2024-01-09,원진기업(주),이상수,이봉춘,506-81-05462,경상북도 포항시 남구 오천읍 정몽주로624번길 10()
SCP0003,1,24-동 음식물류폐기물 처리 용역,용역,총액계약,제한경쟁,적격심사제,Y,제8385부대,1290333,제8385부대,1290333,84.245,145417796,145000000,134487273,2024-01-09,10:30:00,개찰완료,122541870,84.268,2024-01-09,두미르환경,김나경,김나경,173-71-00313,강원도 춘천시 동면 소양강로398-0
UAZ0001,1,도서관 24년 정기간행물 구매,물품,총액계약,일반경쟁,최저가격제,N,합동군사대학교,ZD00969,합동군사대학교,ZD00969,0,10952241,10992000,9992720,2024-01-09,13:00:00,개찰완료,9593380,87.592,2024-01-09,데쎄오,임지현,임지현,526-12-01450,"경기도 수원시 장안구 정자천로189번길40(정자동, 연꽃마을벽산아파트) 423동 2004호"
UMM0804,2,(23F272-I) 24년 수료신병 수송용역,용역,총액계약,제한경쟁,적격심사제,Y,국군재정관리단,ZD00303,국군재정관리단,ZD00303,87.745,204908286,205593500,190641255,2024-01-10,11:00:00,개찰완료,201850000,98.507,2024-01-10,(주)코리아나고속관광,곽연숙,이성희,305-81-07741,"대전광역시 서구 동서대로 1078, 승일빌딩2층 201(변동)"
UMM0801,2,(23F296-I) 24년 전투지휘훈련 병력수송용역,용역,총액계약,제한경쟁,적격심사제,Y,국군재정관리단,ZD00303,국군재정관리단,ZD00303,87.745,121902965,122288230,113394545,2024-01-10,11:00:00,개찰완료,107700520,88.349,2024-01-10,(주)대원고속관광,김동현,조성민,302-81-05797,"대전광역시 중구 태평로44번길27, 309호(유천동, 현암에버드림)"
LFC0001,1,24년 설날 경축특식 훈제닭다리 제조구매,물품,총액계약,제한경쟁,적격심사제,Y,육군훈련소,ZD00010,육군훈련소,ZD00010,87.995,43693962,43560000,39600000,2024-01-10,11:00:00,개찰완료,38448960,87.996,2024-01-10,농업회사법인주식회사대화농산,최태은,정지현,797-86-00923,경기도 수원시 영통구 법조로25-0 (하동) SK VIEW LAKE A동 3716호
LFC0003,1,24년 2~3월 경쟁계약 품목(부식류) 구매,물품,총액계약,제한경쟁,적격심사제,Y,육군훈련소,ZD00010,육군훈련소,ZD00010,87.995,173639582,173174360,157431236,2024-01-10,11:00:00,개찰완료,152810485,88.004,2024-01-10,주식회사 와겐,이소희,이소희,234-87-00318,"대구광역시 달서구 성서로229, 310호(갈산동, 성서지식산업센터)"
SCP0004,1,24-오폐수처리시설 위탁관리 용역,용역,총액계약,제한경쟁,적격심사제,Y,제8385부대,1290333,제8385부대,1290333,87.745,191107508,191600000,177711818,2024-01-10,10:30:00,개찰완료,168236936,88.032,2024-01-10,케이엠네이쳐주식회사,정복녀,이광선,226-81-24224,강원특별자치도 강릉시 주문진읍 농공단지길28-75
HCG0051,1,24-항공관제 분석체계 유지보수 용역,용역,총액계약,제한경쟁,적격심사제,Y,공군본부,1290339,공군본부,1290339,87.745,32195626,32236900,31356364,2024-01-11,16:00:00,개찰완료,28282000,87.844,2024-01-11,주식회사 글로벌메타,김부원,이기찬,129-86-65050,서울특별시 관악구 남부순환로1808 (봉천동) 1414호
SCF0518,1,살치살(냉동/스테이크용),물품,단가계약,제한경쟁,적격심사제,Y,해군군수사령부,ZD00289,해군군수사령부,ZD00289,87.995,28273,28431,42920000,2024-01-11,10:30:00,개찰완료,24940,88.212,2024-01-11,태산,김소영,김소영,628-24-01759,경상남도 양산시 덕계로80-0 (덕계동)
SCF0516,1,부챗살(냉동/스테이크용),물품,단가계약,제한경쟁,적격심사제,Y,해군군수사령부,ZD00289,해군군수사령부,ZD00289,87.995,23723,23529,50880000,2024-01-11,10:30:00,개찰완료,20880,88.017,2024-01-11,영진식자재,권영희,권영희,612-19-25709,경상남도 창원시 진해구 조천북로62-0 (경화동) 101호
SCF0515,1,부챗살(냉동/덩어리),물품,단가계약,제한경쟁,적격심사제,Y,해군군수사령부,ZD00289,해군군수사령부,ZD00289,87.995,23542,23529,4800000,2024-01-11,10:30:00,개찰완료,20717,88,2024-01-11,주식회사 원양에프엔지 농업회사법인,심세진,김나영,680-88-00537,경상남도 창원시 마산합포구 진전면 팔의사로511-97
SCF0517,1,살치살(냉동/덩어리),물품,단가계약,제한경쟁,적격심사제,Y,해군군수사령부,ZD00289,해군군수사령부,ZD00289,87.995,23691,23529,4800000,2024-01-11,10:30:00,개찰완료,20848,87.999,2024-01-11,유진축산,김무형,김무형,124-95-88439,경상남도 창원시 진해구 석동로34번길12 (석동)
UMM0811,1,24-F-공본지역 임대프린터 용역,용역,총액계약,제한경쟁,적격심사제,Y,국군재정관리단,ZD00303,국군재정관리단,ZD00303,87.745,76449322,76710000,71136000,2024-01-11,11:00:00,개찰완료,67081610,87.746,2024-01-11,구자다,구자혜,구자혜,106-44-64252,"인천광역시 강화군 강화읍 남문로41, 102동 1002호(남산리.미래지향아파트)"
HDL0001,1,24년 예성회관 식자재 구매,물품,총액계약,일반경쟁,적격심사제,Y,공군제16전투비행단,ZD00186,공군제16전투비행단,ZD00186,82.995,422076884,418903944,388438203,2024-01-11,11:00:00,개찰완료,350370719,83.011,2024-01-11,푸른,고승정,고승정,462-23-00395,"경기도 성남시 분당구 성남대로916번길11, 4층 4-22호 (야탑동, 글라스타워)"
LKF0004,1,00부대 사업장 생활폐기물 처리 용역,용역,총액계약,제한경쟁,최저가격제,N,제6755부대,ZD00090,제6755부대,ZD00090,84.245,136161786,136000000,126109091,2024-01-11,10:30:00,개찰완료,114859630,84.355,2024-01-11,주식회사 정원,고득용,고득용,511-81-20053,경상북도 문경시 신기공단1길22-21 (신기동)
SCF0002,1,24년 국외항공특송 수송용역,용역,총액계약,제한경쟁,적격심사제,Y,해군군수사령부,ZD00289,해군군수사령부,ZD00289,87.745,44611591,45000000,47116940,2024-01-11,10:30:00,개찰완료,39358000,88.223,2024-01-11,(주)성강로지스틱스,김재근,김임순,206-86-49075,"서울특별시 중구 서소문로116, 1302호, 1303호 (서소문동)"
UMM0001,1,(23F265-A)24년 ~ 26년 정수기 임차용역,용역,총액계약,제한경쟁,적격심사제,Y,국군재정관리단,ZD00303,국군재정관리단,ZD00303,87.745,213808974,214429410,198834545,2024-01-11,11:00:00,개찰완료,187607590,87.745,2024-01-11,로템컴퍼니,최우준,최우준,362-17-01846,"서울특별시 양천구 오목로23길38, 102호(신정동, 중앙빌라)"
LKT0003,1,24년 직할대 생활폐기물 처리용역,용역,총액계약,제한경쟁,적격심사제,Y,제1989부대,ZD00011,제1989부대,ZD00011,84.245,131735563,131911764,122318182,2024-01-12,13:30:00,개찰완료,111162400,84.382,2024-01-12,초당환경유한회사,박영남,최명환,410-81-71507,전라남도 장성군 삼서면 옥산길9
SFG0003,1,24년 청룡회관 식자재(감자 등 119종) 구매,물품,총액계약,제한경쟁,적격심사제,Y,제9181부대,ZD00151,제9181부대,ZD00151,87.995,82408091,82642900,75129909,2024-01-12,10:30:00,개찰완료,72725800,88.25,2024-01-12,에이치케이푸드,정흥기,정흥기,312-07-58160,"경기도 용인시 수지구 진산로108(풍덕천동, 진산마을삼성6차아파트)"
UMM0002,1,24-M-얼음정수기 임차 용역,용역,총액계약,제한경쟁,적격심사제,Y,국군재정관리단,ZD00303,국군재정관리단,ZD00303,87.745,229207740,227080000,210570545,2024-01-12,11:00:00,개찰완료,201152990,87.76,2024-01-12,제이씨드림,김현구,김현구,772-18-00416,울산광역시 울주군 온양읍 남창로944-2
UMM0812,1,24-M-음식물류 폐기물 위탁처리 용역,용역,총액계약,일반경쟁,적격심사제,Y,국군재정관리단,ZD00303,국군재정관리단,ZD00303,80.495,409223446,409200000,390000000,2024-01-15,11:00:00,개찰완료,330378980,80.733,2024-01-15,원진기업(주),이상수,이봉춘,506-81-05462,경상북도 포항시 남구 오천읍 정몽주로624번길 10()
LCJ0001,1,파병부대 반팔티 등 5품목 구매,물품,총액계약,제한경쟁,적격심사제,Y,종합보급창,ZD00898,종합보급창,ZD00898,87.995,144533404,144621470,134103545,2024-01-15,11:00:00,개찰완료,127183860,87.996,2024-01-15,프로컴퍼니,이석희,이석희,784-03-01490,"경기도 의왕시 장안중앙로42, 104동 502호(삼동, 의왕역 푸르지오 라포레)"
LCJ0002,1,파병부대 전투복 등 2품목 제조,물품,총액계약,제한경쟁,적격심사제,Y,종합보급창,ZD00898,종합보급창,ZD00898,87.995,146921882,146143520,135514909,2024-01-15,11:00:00,개찰완료,129373231,88.055,2024-01-15,매쉬미디어(주),김문선,전예슬,128-86-73106,서울특별시 마포구 양화로183-0 (동교동) 효성홍익인간오피스텔 14층 1412호
SCF0522,1,돼지목심(냉동,물품,단가계약,제한경쟁,적격심사제,Y,해군군수사령부,ZD00289,해군군수사령부,ZD00289,87.995,15758,15686,20000000,2024-01-16,10:30:00,개찰완료,13870,88.02,2024-01-16,영진식자재,권영희,권영희,612-19-25709,경상남도 창원시 진해구 조천북로62-0 (경화동) 101호
SCF0521,1,LA 돼지갈비(냉동),물품,단가계약,제한경쟁,적격심사제,Y,해군군수사령부,ZD00289,해군군수사령부,ZD00289,87.995,12801,12745,66950000,2024-01-16,10:30:00,개찰완료,11283,88.138,2024-01-16,행복유통,이윤영,강문정,822-01-01522,경상남도 창원시 진해구 태평로48번길2-0 (태평동)1층
SCF0525,1,돼지삼겹살(냉동),물품,단가계약,제한경쟁,적격심사제,Y,해군군수사령부,ZD00289,해군군수사령부,ZD00289,87.995,11945,12000,56280000,2024-01-16,10:30:00,개찰완료,10512,88.006,2024-01-16,제일F&B,김성준,김성준,486-72-00496,"경상남도 창원시 진해구 충장로110 (충무동), 3층 B호"
SCF0524,1,돼지등뼈(냉동),물품,단가계약,제한경쟁,적격심사제,Y,해군군수사령부,ZD00289,해군군수사령부,ZD00289,87.995,3911,3900,37160000,2024-01-16,10:30:00,개찰완료,3442,88.014,2024-01-16,주식회사 금오식품,문기윤,조은숙,639-87-00231,경상남도 창원시 진해구 명제로484번길14(제덕동)
SCF0526,1,돼지등갈비(냉동),물품,단가계약,제한경쟁,적격심사제,Y,해군군수사령부,ZD00289,해군군수사령부,ZD00289,87.995,11082,11000,49270000,2024-01-16,10:30:00,개찰완료,9765,88.113,2024-01-16,더클래식,임은미,임은미,553-95-00403,경상남도 김해시 칠산로307-14 (화목동)
SCF0519,1,단무지,물품,단가계약,제한경쟁,적격심사제,Y,해군군수사령부,ZD00289,해군군수사령부,ZD00289,87.995,6336,6254,9512000,2024-01-16,10:30:00,개찰완료,5710,90.114,2024-01-16,영진식자재,권영희,권영희,612-19-25709,경상남도 창원시 진해구 조천북로62-0 (경화동) 101호
SCF0520,1,카스타드 ,물품,단가계약,제한경쟁,적격심사제,Y,해군군수사령부,ZD00289,해군군수사령부,ZD00289,87.995,345,343,9758636,2024-01-16,10:30:00,개찰완료,304,88.022,2024-01-16,행복유통,이윤영,강문정,822-01-01522,경상남도 창원시 진해구 태평로48번길2-0 (태평동)1층
HCL0008,1,24년 간부식당 식자재,물품,총액계약,제한경쟁,적격심사제,Y,공군사관학교,7002962,공군사관학교,7002962,87.995,81609082,82388050,74939409,2024-01-16,10:30:00,개찰완료,72493245,88.829,2024-01-16,주식회사푸드라인,박수식,박수식,301-81-95243,충청북도 청주시 흥덕구 덕암로113번길 32()
HDC0002,1,23-용-3 광주권 임대프린터 용역,용역,총액계약,제한경쟁,적격심사제,Y,공군제1전투비행단,ZD00173,공군제1전투비행단,ZD00173,87.745,48681483,48382352,44863636,2024-01-16,10:30:00,개찰완료,43428000,89.208,2024-01-16,(주)우정오에이,양근선,양근선,408-81-68483,광주광역시 서구 내방로350번길2-0 (화정동) 2층
HDN0001,1,24년도 음식물류 폐기물 처리용역,용역,총액계약,제한경쟁,적격심사제,Y,공군제18전투비행단,ZD00187,공군제18전투비행단,ZD00187,87.995,83043157,82800000,75272727,2024-01-16,13:00:00,개찰완료,73090000,88.014,2024-01-16,강릉청소용역,홍현기,홍현기,443-09-01403,"강원특별자치도 강릉시 강변로670번길16-0, 가동 1호(두산동)"
LBB0001,1,재고번호미입력품목,물품,단가계약,일반경쟁,적격심사제,Y,육군제7789부대,ZD00074,육군제7789부대,ZD00074,82.995,5429,5400,417272727,2024-01-16,10:30:00,개찰완료,4510,83.076,2024-01-16,아라푸드,박귀희,박귀희,679-79-00286,부산광역시 사상구 새벽시장로103번길35 (감전동)
LBB0002,1,음료(우유),물품,단가계약,제한경쟁,적격심사제,Y,육군제7789부대,ZD00074,육군제7789부대,ZD00074,82.995,2403,2400,25890909,2024-01-16,10:30:00,개찰완료,1995,82.999,2024-01-25,웰루츠,조영중,조영중,188-75-00083,경기도 용인시 처인구 모현읍 포은대로896-0
LDH0011,1,폐합성수지(폐염화비닐수지류제외) 위탁처리 용역,용역,단가계약,제한경쟁,적격심사제,Y,제2879부대,ZD00347,제2879부대,ZD00347,84.245,372220,372000,100181818,2024-01-16,13:30:00,개찰완료,313705,84.279,2024-01-18,주식회사엘킹덤,김인혜,김인혜,163-86-01041,경상남도 김해시 생림면 봉림리272
LMR0007,1,24년 음식물쓰레기 위탁처리 용역,용역,총액계약,제한경쟁,적격심사제,Y,제5군단사령부,ZD00009,제5군단사령부,ZD00009,84.245,163880436,163645350,148768500,2024-01-16,10:30:00,개찰완료,138124850,84.283,2024-01-16,사계절환경,최원희,최원희,534-96-01368,"경기도 안산시 단원구 광덕2로50-3, 316호 (초지동)"
LMR0008,1,주거시설 액화석유가스(LPG)공급 (5년),물품,총액계약,일반경쟁,적격심사제,Y,제5군단사령부,ZD00009,제5군단사령부,ZD00009,82.995,868654503,868477400,789524909,2024-01-16,10:30:00,개찰완료,725475413,83.517,2024-01-16,철원가스,한재형,한재형,127-27-62574,강원특별자치도 철원군 갈말읍 갈말로366
LMU0001,1,`24-1차 부대조달 경축특식(설날),물품,단가계약,제한경쟁,적격심사제,Y,6112부대,ZD01187,6112부대,ZD01187,87.995,2946,2940,14625164,2024-01-16,11:00:00,개찰완료,2596,88.121,2024-01-16,(주)조이푸드,김영식,음현철,129-86-10176,"경기도 성남시 중원구 사기막골로105번길25, 611호 (중앙인더스피아2차, 상대원동)"
LNF0002,1,24년 음식물쓰레기 처리용역,용역,총액계약,일반경쟁,적격심사제,Y,제1보병사단,ZD00049,제1보병사단,ZD00049,80.495,789452794,789819800,718018000,2024-01-16,10:30:00,개찰완료,635520980,80.501,2024-01-17,부자농장,김승규,김승규,233-96-00092,경기도 연천군 미산면 동이리274-1
LQG0001,1,재고번호미입력품목,용역,단가계약,제한경쟁,적격심사제,Y,육군 52보병사단,ZD00273,육군 52보병사단,ZD00273,84.245,169,170,70163636,2024-01-16,10:30:00,개찰완료,142,84.374,2024-01-16,천성환경,신정훈,김남경,626-39-00419,경기도 부천시 부일로326-0 (중동) 2층 1-(722)호
SCF0007,1,순살햄,물품,단가계약,제한경쟁,적격심사제,Y,해군군수사령부,ZD00289,해군군수사령부,ZD00289,87.995,13017,12941,33600000,2024-01-16,10:30:00,개찰완료,11465,88.074,2024-01-16,키즈앤하우스,조용호,조용호,789-15-02084,경상남도 양산시 덕계로80-0 (덕계동)
SCF0008,1,포장족발(슬라이스),물품,단가계약,제한경쟁,적격심사제,Y,해군군수사령부,ZD00289,해군군수사령부,ZD00289,87.995,8059,8088,77475000,2024-01-16,10:30:00,개찰완료,7095,88.034,2024-01-16,주식회사 푸드앤하우스,김형석,김형석,398-88-01020,경상남도 양산시 평산회야로9-2(평산동)
SCF0009,1,체다 슬라이스치즈,물품,단가계약,제한경쟁,적격심사제,Y,해군군수사령부,ZD00289,해군군수사령부,ZD00289,87.995,7169,7156,19311818,2024-01-16,10:30:00,개찰완료,6315,88.086,2024-01-16,연우상사,황지환,황지환,609-13-61236,경상남도 창원시 진해구 여좌로123번길18-0 (여좌동)
SCF0010,1,비엔나소시지,물품,단가계약,제한경쟁,적격심사제,Y,해군군수사령부,ZD00289,해군군수사령부,ZD00289,87.995,9954,9921,57408000,2024-01-16,10:30:00,개찰완료,8760,88.003,2024-01-16,주식회사 푸드앤하우스,김형석,김형석,398-88-01020,경상남도 양산시 평산회야로9-2(평산동)
SCF0020,1,씻어나온 쌀,물품,단가계약,제한경쟁,적격심사제,Y,해군군수사령부,ZD00289,해군군수사령부,ZD00289,87.995,20497,20588,42210000,2024-01-16,10:30:00,개찰완료,18062,88.121,2024-01-16,류홀마트(합포점),최정임,최정임,346-22-00096,경상남도 창원시 마산합포구 문화동로1-0 (월포동)
SCF0012,1,대패삼겹살,물품,단가계약,제한경쟁,적격심사제,Y,해군군수사령부,ZD00289,해군군수사령부,ZD00289,87.995,12097,12000,81060000,2024-01-16,10:30:00,개찰완료,10664,88.156,2024-01-16,오케이팜,오세옥,한태경,265-28-01070,경상남도 창원시 진해구 안청남로6번길8-1 (안골동) 1층
SCF0013,1,모둠해물,물품,단가계약,제한경쟁,적격심사제,Y,해군군수사령부,ZD00289,해군군수사령부,ZD00289,87.995,8134,8088,32175000,2024-01-16,10:30:00,개찰완료,7160,88.016,2024-01-16,행복유통,이윤영,강문정,822-01-01522,경상남도 창원시 진해구 태평로48번길2-0 (태평동)1층
SCF0014,1,LA 갈비(냉동),물품,단가계약,제한경쟁,적격심사제,Y,해군군수사령부,ZD00289,해군군수사령부,ZD00289,87.995,30568,30392,183520000,2024-01-16,10:30:00,개찰완료,26904,88.012,2024-01-16,행복유통,이윤영,강문정,822-01-01522,경상남도 창원시 진해구 태평로48번길2-0 (태평동)1층
SCF0015,1,차돌박이(냉동/슬라이스),물품,단가계약,제한경쟁,적격심사제,Y,해군군수사령부,ZD00289,해군군수사령부,ZD00289,87.995,20548,20588,132720000,2024-01-16,10:30:00,개찰완료,18086,88.019,2024-01-16,송림축산,김미애,김미애,627-95-01606,"경상남도 창원시 진해구 동진로138, 지하층 100-1호(덕산동)"
SCF0017,1,소갈비 순살(냉동/슬라이스),물품,단가계약,제한경쟁,적격심사제,Y,해군군수사령부,ZD00289,해군군수사령부,ZD00289,87.995,32823,33000,118300000,2024-01-16,10:30:00,개찰완료,28890,88.017,2024-01-16,지(g)-마트,송낙천,정영권,609-23-98824,"경상남도 창원시 진해구 조천북로62 105(경화동,하이존상가 105~107)"
SCF0018,1,냉동 수육용 삼겹살,물품,단가계약,제한경쟁,적격심사제,Y,해군군수사령부,ZD00289,해군군수사령부,ZD00289,87.995,18659,18627,108490000,2024-01-16,10:30:00,개찰완료,16421,88.005,2024-01-16,주식회사 원양에프엔지 농업회사법인,심세진,김나영,680-88-00537,경상남도 창원시 마산합포구 진전면 팔의사로511-97
SCF0019,1,소갈비(냉동/갈비탕용) ,물품,단가계약,제한경쟁,적격심사제,Y,해군군수사령부,ZD00289,해군군수사령부,ZD00289,87.995,17969,18000,57950000,2024-01-16,10:30:00,개찰완료,15813,88.002,2024-01-16,송림축산,김미애,김미애,627-95-01606,"경상남도 창원시 진해구 동진로138, 지하층 100-1호(덕산동)"
SCU0014,1,액화석유가스(LPG) 취사용,물품,단가계약,제한경쟁,적격심사제,Y,제9918부대,ZD01068,제9918부대,ZD01068,82.995,1337,1323,345228210,2024-01-16,10:30:00,개찰완료,1140,85.275,2024-01-16,주식회사 천마,김영진,현지훈,102-81-01473,제주특별자치도 제주시 애월읍 평화로2700
SCU0014,1,액화석유가스(LPG) 난방용,물품,단가계약,제한경쟁,적격심사제,Y,제9918부대,ZD01068,제9918부대,ZD01068,82.995,1322,1314,345228210,2024-01-16,10:30:00,개찰완료,1132,85.656,2024-01-16,주식회사 천마,김영진,현지훈,102-81-01473,제주특별자치도 제주시 애월읍 평화로2700
UMM0004,1,(246003-D)교과서(24년 1학기) 구매,물품,총액계약,일반경쟁,적격심사제,Y,국군재정관리단,ZD00303,국군재정관리단,ZD00303,90,239521625,238273000,220944055,2024-01-16,11:00:00,개찰완료,215573400,90.001,2024-01-16,비전상사,장미영,장미영,582-34-00773,"경기도 남양주시 별내5로81 (별내동, 남양주 별내 스위첸)3104-2604"
HDN0002,2,24년 생활(폐합성수지류) 폐기물 처리,용역,총액계약,제한경쟁,적격심사제,Y,공군제18전투비행단,ZD00187,공군제18전투비행단,ZD00187,87.995,44184636,44705000,41454545,2024-01-17,13:00:00,개찰완료,39168160,88.646,2024-01-17,주식회사 다원에코,김민정,이명한,589-88-01738,강원특별자치도 강릉시 과학단지로21번길59 (대전동)
HDP0003,2,24년 음식물쓰레기 위탁처리 용역,용역,총액계약,제한경쟁,적격심사제,Y,공군제19전투비행단,ZD00189,공군제19전투비행단,ZD00189,87.745,114584278,114508800,104098909,2024-01-17,11:00:00,개찰완료,111500000,97.308,2024-01-17,솔밭농장,이익수,이익수,317-90-52881,충청북도 청주시 청원구 내수읍 은곡1길53
LFH0003,2,교육생 숙소 신축 관급(자동제어),물품,총액계약,제한경쟁,적격심사제,Y,육군부사관학교,ZD00052,육군부사관학교,ZD00052,87.995,128975300,129687254,120255454,2024-01-17,11:00:00,개찰완료,113507190,88.006,2024-01-17,현대계장공업(주),박종성,정경민,105-81-53999,서울특별시 마포구 성산로 154()
LGP0006,1,24-1차 경축특식 냉동슈 제조,물품,단가계약,제한경쟁,적격심사제,Y,제5378부대,ZD00217,제5378부대,ZD00217,87.995,3000,3000,72330000,2024-01-17,11:00:00,개찰완료,2640,88.002,2024-01-17,동광푸드,이민숙,이민숙,123-20-33855,강원도 철원군 김화읍 외골길33-41(가동)
LGP0005,1,24-1차 경축특식 떠먹는 티라미수 제조,물품,단가계약,제한경쟁,적격심사제,Y,제5378부대,ZD00217,제5378부대,ZD00217,87.995,2977,3000,33000000,2024-01-17,11:00:00,개찰완료,2637,88.6,2024-01-18,(주)조이푸드,김영식,음현철,129-86-10176,"경기도 성남시 중원구 사기막골로105번길25, 611호 (중앙인더스피아2차, 상대원동)"
LGP0004,1,24-1차 경축특식 우유생크림빵 제조,물품,단가계약,제한경쟁,적격심사제,Y,제5378부대,ZD00217,제5378부대,ZD00217,87.995,2512,2500,34090909,2024-01-17,11:00:00,개찰완료,2218,88.311,2024-01-17,주식회사 온세까세로,박성언,박성언,897-81-00887,강원특별자치도 원주시 상지대길83-0 (우산동) 상지대학교 벤처창업관 103호
LGP0003,1,24-1차 경축특식 제로콜라 구매,물품,단가계약,제한경쟁,적격심사제,Y,제5378부대,ZD00217,제5378부대,ZD00217,87.995,668,670,16153700,2024-01-17,11:00:00,개찰완료,588,88.007,2024-01-17,푸른,고승정,고승정,462-23-00395,"경기도 성남시 분당구 성남대로916번길11, 4층 4-22호 (야탑동, 글라스타워)"
LQH0001,1,219여단 취사식당 신축 관급 자동제어,물품,총액계약,제한경쟁,적격심사제,Y,제3697부대,ZD00248,제3697부대,ZD00248,87.995,122024979,122849010,113914545,2024-01-17,10:30:00,개찰완료,107621800,88.196,2024-01-18,세종전기공업(주),김복환,최지혜,109-81-45958,경기도 파주시 조리읍 통일로 1-34()
HDQ0001,1,24-생활폐기물 위탁처리 용역,용역,총액계약,제한경쟁,적격심사제,Y,제20전투비행단,ZD00161,제20전투비행단,ZD00161,84.245,112607429,113235294,105000000,2024-01-18,10:30:00,개찰완료,94997563,84.361,2024-01-18,미르종합환경주식회사,이민형,장지수,164-87-02021,충청남도 서산시 팔봉면 팔봉2로194-94
LCJ0008,1,미래로아파트 위탁관리 용역,용역,총액계약,지명경쟁,최저가격제,N,종합보급창,ZD00898,종합보급창,ZD00898,0,236672639,235369420,218251645,2024-01-18,10:30:00,개찰완료,235201276,99.378,2024-01-18,공우이엔씨 주식회사,이한기,김두용,120-87-79739,"서울특별시 영등포구 여의대방로43라길6-0 (신길동, 신길프라자3층)"
LFN0001,1,24-1학기 생도교과서(국내서)구매,물품,총액계약,제한경쟁,적격심사제,Y,육군3사관학교,1290306,육군3사관학교,1290306,90,143928605,143165900,130150818,2024-01-18,14:00:00,개찰완료,129540730,90.003,2024-01-18,도개,류범열,류범열,278-06-03150,"경상북도 구미시 선기로3길54, 204동 1102호(남통동, 금오산어울림)"
SCF0030,1,콩나물,물품,단가계약,제한경쟁,적격심사제,Y,해군군수사령부,ZD00289,해군군수사령부,ZD00289,87.995,3071,3045,62120000,2024-01-18,10:30:00,개찰완료,2703,88.025,2024-01-18,백곰유통,홍한표,홍한표,481-17-01128,"경상남도 통영시 중앙로34 (도천동, 만복도천비치맨션2차)1층8호"
SCF0021,1,요구르트,물품,단가계약,제한경쟁,적격심사제,Y,해군군수사령부,ZD00289,해군군수사령부,ZD00289,87.995,132,132,7028591,2024-01-18,10:30:00,개찰완료,117,88.097,2024-01-18,행복유통,이윤영,강문정,822-01-01522,경상남도 창원시 진해구 태평로48번길2-0 (태평동)1층
SCF0024,1,떠먹는발효유,물품,단가계약,제한경쟁,적격심사제,Y,해군군수사령부,ZD00289,해군군수사령부,ZD00289,87.995,590,593,32191500,2024-01-18,10:30:00,개찰완료,520,88.048,2024-01-18,오케이팜,오세옥,한태경,265-28-01070,경상남도 창원시 진해구 안청남로6번길8-1 (안골동) 1층
SCF0022,1,오리훈제슬라이스,물품,단가계약,제한경쟁,적격심사제,Y,해군군수사령부,ZD00289,해군군수사령부,ZD00289,87.995,14639,14558,73575000,2024-01-18,10:30:00,개찰완료,12887,88.032,2024-01-18,행복유통,이윤영,강문정,822-01-01522,경상남도 창원시 진해구 태평로48번길2-0 (태평동)1층
SCF0023,1,소고기스프,물품,단가계약,제한경쟁,적격심사제,Y,해군군수사령부,ZD00289,해군군수사령부,ZD00289,87.995,7464,7431,13161636,2024-01-18,10:30:00,개찰완료,6576,88.106,2024-01-18,건천유통,박필란,박필란,838-16-01201,경상남도 의령군 의령읍 수암로33-0
SCF0025,1,꿔바로우,물품,단가계약,제한경쟁,적격심사제,Y,해군군수사령부,ZD00289,해군군수사령부,ZD00289,87.995,13904,13813,64557818,2024-01-18,10:30:00,개찰완료,12259,88.169,2024-01-18,농협김치영업소,박영미,박영미,609-16-81908,"경상남도 창원시 진해구 명제로484번길14, 1층 (제덕동)"
SCF0026,1,컵밥,물품,단가계약,제한경쟁,적격심사제,Y,해군군수사령부,ZD00289,해군군수사령부,ZD00289,87.995,2879,2892,46556364,2024-01-18,10:30:00,개찰완료,2539,88.185,2024-01-18,류홀마트(합포점),최정임,최정임,346-22-00096,경상남도 창원시 마산합포구 문화동로1-0 (월포동)
SCF0027,1,견과류,물품,단가계약,제한경쟁,적격심사제,Y,해군군수사령부,ZD00289,해군군수사령부,ZD00289,87.995,589,588,22925455,2024-01-18,10:30:00,개찰완료,519,88.075,2024-01-18,주식회사 푸드앤하우스,김형석,김형석,398-88-01020,경상남도 양산시 평산회야로9-2(평산동)
SCF0028,1,야채 고기말이,물품,단가계약,제한경쟁,적격심사제,Y,해군군수사령부,ZD00289,해군군수사령부,ZD00289,87.995,5595,5607,45760000,2024-01-18,10:30:00,개찰완료,4939,88.27,2024-01-18,영농조합법인 초현,이상조,이상조,615-86-01538,경상남도 김해시 김해대로2576번길68-0 (어방동)
SCF0029,2,미소된장,물품,단가계약,제한경쟁,적격심사제,Y,해군군수사령부,ZD00289,해군군수사령부,ZD00289,87.995,3800,3823,2517273,2024-01-18,10:30:00,개찰완료,3345,88.022,2024-01-18,핸드메이드 초대점,강명신,강명신,211-28-70532,경상남도 창원시 진해구 진해대로762 (석동) 1층 127
UMM0003,1,24-N-브리핑 등 8건 통합 금융리스,물품,총액계약,일반경쟁,최저가격제,N,국군재정관리단,ZD00303,국군재정관리단,ZD00303,0,22289125641,22357750000,20731740873,2024-01-18,11:00:00,개찰완료,21683319190,97.282,2024-01-18,미래에셋캐피탈(주),이만희,박영화,410-81-40265,"서울특별시 중구 을지로5길26, 6층 (수하동, 미래에셋센터원 웨스트타워)"
UMM0814,1,24-F-온나라체계 유지보수,용역,총액계약,제한경쟁,적격심사제,Y,국군재정관리단,ZD00303,국군재정관리단,ZD00303,87.745,112118785,112980000,104766364,2024-01-19,11:00:00,개찰완료,98757600,88.083,2024-01-19,주식회사 이상시스템,이인석,유애숙,217-86-00844,"서울특별시 영등포구 의사당대로1길11, 1409호(여의도동)"
UMM0813,1,24-M-전세버스 수송용역,용역,총액계약,제한경쟁,적격심사제,Y,국군재정관리단,ZD00303,국군재정관리단,ZD00303,85.495,300247447,302260000,280286364,2024-01-19,11:00:00,개찰완료,262900000,87.561,2024-01-19,희성고속관광(주),송정애,주준돈,608-81-54901,대구광역시 달서구 성당로199-1 (성당동)
LKT0009,1,24년 직할대 음식물쓰레기 처리용역,용역,총액계약,제한경쟁,적격심사제,Y,제1989부대,ZD00011,제1989부대,ZD00011,84.245,103919092,102450980,95000000,2024-01-19,13:30:00,개찰완료,88916385,85.563,2024-01-19,케이씨네트웍스주식회사,김원상,김원상,408-81-99652,광주광역시 광산구 상무대로507-11 (우산동)
LNS0001,1,재고번호미입력품목,물품,단가계약,2단계경쟁(동시),최저가격제,N,제5708부대,ZD00095,제5708부대,ZD00095,0,8000,8000,905963636,2024-01-19,16:00:00,개찰완료,8000,100,2024-02-15,(주)기락,송옥섭,송옥섭,204-86-12155,경기도 남양주시 별내면 송산로넉바위길6
LNS0002,1,재고번호미입력품목,물품,단가계약,2단계경쟁(동시),최저가격제,N,제5708부대,ZD00095,제5708부대,ZD00095,0,8000,8000,111970909,2024-01-19,16:00:00,개찰완료,8000,100,2024-02-15,주식회사 치악인터네셔날,원응식,원응식,259-87-01301,강원특별자치도 횡성군 안흥면 덧재로530
LNS0003,1,재고번호미입력품목,물품,단가계약,2단계경쟁(동시),최저가격제,N,제5708부대,ZD00095,제5708부대,ZD00095,0,8000,8000,672450909,2024-01-19,16:00:00,개찰완료,8000,100,2024-02-15,주식회사 비에스에프앤씨,문석수,문석수,366-86-00165,경기도 용인시 기흥구 용인향교로20번길26-0 (언남동)
UMM0005,1,(24F001-A) 음식물쓰레기 수거 및 위탁처리 용역,용역,총액계약,일반경쟁,적격심사제,Y,국군재정관리단,ZD00303,국군재정관리단,ZD00303,80.495,290013438,292907060,271604736,2024-01-19,11:00:00,개찰완료,235285360,81.129,2024-01-22,두미르환경,김나경,김나경,173-71-00313,강원도 춘천시 동면 소양강로398-0
HCS0022,5,공군 제00비행단 병사식당 민간위탁 운영,용역,총액계약,협상에의한계약(서류),협상,N,제3훈련비행단,ZD00194,제3훈련비행단,ZD00194,,29688750000,,26989772727,2024-01-24,16:00:00,개찰완료,29688750000,100,2024-02-20,주식회사 풀무원푸드앤컬처,이동훈,감선재,214-86-08930,서울특별시 송파구 송파대로34길29(송파동)
HDF0006,1,24-공-0비 음식물쓰레기 처리용역,용역,총액계약,제한경쟁,적격심사제,Y,공군 제8전투비행단,ZD00185,공군 제8전투비행단,ZD00185,84.245,186821599,187647058,174000000,2024-01-25,11:00:00,개찰완료,157700000,84.412,2024-01-29,(주)푸른농장,이관영,이소형,121-86-41184,강원특별자치도 춘천시 동면 소양강로304-12
LCN0003,1,24년 생도 증식(떡 만두 등 213개 품목) 구매,물품,총액계약,제한경쟁,적격심사제,Y,육군사관학교,1290305,육군사관학교,1290305,87.995,138430891,138960000,126327273,2024-01-25,11:00:00,개찰완료,121884117,88.046,2024-01-26,인서유통,송은정,송은정,604-11-78285,"경기도 수원시 영통구 광교중앙로248번길7-3 (하동) 4층 443호(하동, 우연법전프라자)"
MDD0004,3,2024 1분기 의약품 595품목 구매,물품,총액계약,일반경쟁,적격심사제,Y,국군수도병원,ZD00236,국군수도병원,ZD00236,82.995,1240635297,1234073453,1180904636,2024-01-25,17:00:00,개찰완료,1029834296,83.008,2024-01-25,주식회사 위캔케어,이경복,박중현,110-86-03609,서울특별시 강서구 강서로183-0 (화곡동) 대사빌딩 B동 3층
MDD0013,1,2024년 국군수도병원 병리장비소모품(13) 구매,물품,총액계약,제한경쟁,적격심사제,Y,국군수도병원,ZD00236,국군수도병원,ZD00236,87.995,42153423,42159600,42800000,2024-01-25,11:00:00,개찰완료,37093146,87.995,2024-01-25,케이컴퍼니,김영미,김영미,545-65-00569,대전광역시 중구 선화서로88 (선화동)
MDD0016,1,2024년 00병원 구충구서 방제 용역,용역,총액계약,제한경쟁,적격심사제,Y,국군수도병원,ZD00236,국군수도병원,ZD00236,87.745,17507759,17529220,16260873,2024-01-25,11:00:00,개찰완료,15400548,87.964,2024-01-25,주식회사 케어원,김호영,용찬휘,220-87-21411,"서울특별시 강남구 역삼로148, 3층 (역삼동, 굿잡빌딩)"
LNQ0082,1,105밀리 곡사포(2차) 관급자재(크레인),물품,총액계약,일반경쟁,적격심사제,Y,제17보병사단,ZD00375,제17보병사단,ZD00375,87.995,42281265,42190000,38354545,2024-01-26,11:00:00,개찰완료,37205467,87.995,2024-01-29,프로엔지니어링,현성덕,현경수,134-22-61302,"경기도 화성시 송산면 송산포도로651,1동"
UMM0815,1,(23F297-B) 육군 근조화환 지원 용역,용역,총액계약,일반경쟁,적격심사제,Y,국군재정관리단,ZD00303,국군재정관리단,ZD00303,85.495,240341116,240000000,300000000,2024-01-26,11:00:00,개찰완료,237000000,98.609,2024-01-26,(주)삼신상사,전상학,전대훈,124-81-20238,경기도 화성시 정남면 만년로98번길47
ELA0001,1,침투성 보호의,물품,총액계약,일반경쟁,적격심사제,Y,방위사업청,1690000,방위사업청,1690000,,49904367337,49906395000,0,2024-01-26,11:00:00,개찰완료,42670000000,85.503,2024-01-26,에스지생활안전 주식회사,성정현,이형선,213-81-89949,경기도 평택시 신평로28(유천동)
HCF0001,1,24년~'26년 육로여객 수송 용역,용역,총액계약,제한경쟁,적격심사제,Y,공군군수사령부,ZD00306,공군군수사령부,ZD00306,87.745,121699050,121923333,113056182,2024-01-26,10:30:00,개찰완료,107372300,88.227,2024-01-26,(주)대진고속관광,전대진,전대진,504-81-30344,대구광역시 북구 칠곡중앙대로 620(읍내동)
HCL0010,1,24-002 24-1학기 (국내·국외)교과서,물품,총액계약,제한경쟁,적격심사제,Y,공군사관학교,7002962,공군사관학교,7002962,90,153910271,153041900,139129000,2024-01-26,10:30:00,개찰완료,138527010,90.005,2024-01-26,엔피비유통,김후관,김후관,728-52-00994,"충청북도 제천시 의병대로55-8 (명동), 203-1호(명동)"
HCM0010,1,24-01-003 금속명찰 등 4품목 제조 구매,물품,총액계약,제한경쟁,적격심사제,Y,공군교육사령부,ZD00172,공군교육사령부,ZD00172,87.995,128488637,128039215,118727273,2024-01-26,10:30:00,개찰완료,113071460,88.001,2024-01-26,믿음상사,신미경,신미경,343-25-00351,경기도 남양주시 별내면 청학로68번길23-0 (청학주공아파트)308동 1401호
HCM0012,1,24-01-012 구두솔 등 5품목 구매,물품,총액계약,제한경쟁,적격심사제,Y,공군교육사령부,ZD00172,공군교육사령부,ZD00172,87.995,237682385,237047058,219807273,2024-01-26,10:30:00,개찰완료,209148787,87.995,2024-01-26,행복한세상,정영숙,정영숙,627-17-02058,대구광역시 남구 중앙대로22길67-1 (봉덕동) 201호
HDC0004,1,24-용-1 생활폐기물 처리용역,용역,총액계약,제한경쟁,적격심사제,Y,공군제1전투비행단,ZD00173,공군제1전투비행단,ZD00173,84.245,97136096,97166666,90100000,2024-01-26,10:30:00,개찰완료,81865010,84.278,2024-01-26,(주)조선우드,선연담,이경숙,410-87-04941,광주광역시 광산구 하남산단5번로99-11 (장덕동)
HDC0005,1,24-용-2 음식물폐기물 처리용역,용역,총액계약,제한경쟁,적격심사제,Y,공군제1전투비행단,ZD00173,공군제1전투비행단,ZD00173,84.245,116937049,116470588,108000000,2024-01-26,10:30:00,개찰완료,104823000,89.64,2024-01-26,다복농장,곽선우,곽선우,641-08-01392,전라남도 무안군 현경면 성자동길79-36
HDN0004,1,24년 오폐수처리시설 관리용역,용역,총액계약,제한경쟁,적격심사제,Y,공군제18전투비행단,ZD00187,공군제18전투비행단,ZD00187,87.745,165259941,166178000,154092545,2024-01-26,13:00:00,개찰완료,146917900,88.901,2024-01-26,(주)녹색,이주철,김순자,224-81-30088,강원특별자치도 원주시 반곡길168-2 (반곡동) (2층)
LBB0003,2,치즈조각케이크,물품,단가계약,제한경쟁,적격심사제,Y,육군제7789부대,ZD00074,육군제7789부대,ZD00074,87.995,4401,4400,71200000,2024-01-26,10:30:00,개찰완료,3873,87.995,2024-01-30,동광푸드,이민숙,이민숙,123-20-33855,강원도 철원군 김화읍 외골길33-41(가동)
LCK0001,1,[육성지원금-24-1]버스 배차예약 앱 개발 용역,용역,총액계약,제한경쟁,적격심사제,Y,수도방위사령부,ZD00069,수도방위사령부,ZD00069,87.995,35021646,35170000,31972727,2024-01-26,10:30:00,개찰완료,30949600,88.372,2024-01-29,주식회사 이오앱스,안태용,안태용,144-87-00674,인천광역시 연수구 송도과학로32-0 (송도동) 송도테크노파크IT센터 S동1501호
LCP0004,1,24년 레이더경보수신기(RWR) SW 지원셋 외주정비 용역,용역,총액계약,제한경쟁,적격심사제,Y,육군제8971부대,ZD00098,육군제8971부대,ZD00098,87.745,20437748,20359803,18879091,2024-01-26,11:30:00,개찰완료,18000000,88.072,2024-01-26,한양무선통신,최영복,최영복,608-25-94213,경상남도 창원시 의창구 팔용로 399()
LCP0005,1,24년 이동식 항공기상관측장비(TACMET) 외주정비 용역,용역,총액계약,제한경쟁,적격심사제,Y,육군제8971부대,ZD00098,육군제8971부대,ZD00098,87.745,30740384,30833333,28590909,2024-01-26,11:30:00,개찰완료,27184520,88.432,2024-01-26,주식회사 진성이엔지,위재복,김성준,599-88-01259,"경기도 성남시 중원구 사기막골로99, B동 1102호 , 1103호(상대원동, 센트럴비즈타워 2차)"
LCP0007,1,24년 통신 감시장비 외주정비 용역,용역,총액계약,제한경쟁,적격심사제,Y,육군제8971부대,ZD00098,육군제8971부대,ZD00098,87.745,110729671,109097058,101162727,2024-01-26,11:30:00,개찰완료,98170660,88.657,2024-01-26,신우정보통신 주식회사,심원용,심원용,134-87-12509,"경기도 안산시 단원구 화정천동로102(고잔동, 2층)"
LCP0010,1,24년 항공기 유도장비(VOR) 외주정비 용역,용역,총액계약,제한경쟁,적격심사제,Y,육군제8971부대,ZD00098,육군제8971부대,ZD00098,87.745,35278314,35513725,32930909,2024-01-26,11:30:00,개찰완료,31087000,88.119,2024-01-26,한양무선통신,최영복,최영복,608-25-94213,경상남도 창원시 의창구 팔용로 399()
LDC0001,1,재고번호미입력품목,물품,단가계약,일반경쟁,적격심사제,Y,육군과학화전투훈련단,ZD00561,육군과학화전투훈련단,ZD00561,82.995,4790,4764,547854545,2024-01-26,10:30:00,개찰완료,3978,83.048,2024-01-26,주식회사 제이에프,진주,윤경은,876-88-01248,"충청북도 청주시 청원구 율봉로159번길73-1, 301호(율량동, 스톰비오피스센터)"
LDH0021,1,K200 디스크 클러치 차량용 등 2종구매,물품,총액계약,제한경쟁,적격심사제,Y,제2879부대,ZD00347,제2879부대,ZD00347,87.995,9773799,9882000,9163636,2024-01-26,13:00:00,개찰완료,8970000,91.775,2024-01-26,DGI산업,백지윤,백지윤,607-16-48427,"부산광역시 동래구 차밭골로21번길36, 1층 (온천동)"
LGO0002,1,재고번호미입력품목,용역,단가계약,제한경쟁,적격심사제,Y,제7067부대,ZD01137,제7067부대,ZD01137,84.245,194,195,58387077,2024-01-26,10:30:00,개찰완료,164,84.254,2024-01-26,태민환경,전혜경,전혜경,470-95-01413,"경기도 가평군 가평읍 보납로22, 2층 나호"
LGP0007,1,24년 공사감독 차량 임대차 계약,용역,총액계약,일반경쟁,적격심사제,Y,제5378부대,ZD00217,제5378부대,ZD00217,87.745,55802635,55584000,50530909,2024-01-26,11:00:00,개찰완료,48981600,87.776,2024-01-26,주식회사 레드캡투어,인유성,김병직,111-81-26895,"서울특별시 중구 을지로100, 비동 19층(을지로2가, 파인에비뉴)"
LQG0007,1,(육성) 예비군훈련 병력수송버스 임차 용역(1권역),용역,총액계약,제한경쟁,적격심사제,Y,육군 52보병사단,ZD00273,육군 52보병사단,ZD00273,87.745,209055157,206400000,187636364,2024-01-26,10:30:00,개찰완료,202272000,96.755,2024-01-30,신동아고속관광(주),성흥수,권형준,126-81-24846,서울특별시 강동구 아리수로93길33-9 (강일동) 402호
LQH0005,1,24년 음식물 쓰레기 처리 용역,용역,총액계약,제한경쟁,적격심사제,Y,제3697부대,ZD00248,제3697부대,ZD00248,84.245,97616811,97058820,90000000,2024-01-26,11:00:00,개찰완료,82999160,85.025,2024-01-26,부자농장,김승규,김승규,233-96-00092,경기도 연천군 미산면 동이리274-1
MCR0005,1,전산운영용품 빔프로젝트 램프 구매,물품,총액계약,일반경쟁,적격심사제,Y,국방대학교,1290412,국방대학교,1290412,87.995,20756987,20653921,19151818,2024-01-26,10:30:00,개찰완료,18265199,87.995,2024-01-26,호호유통,권남경,권남경,842-50-00864,"경상남도 창원시 진해구 안청로126-0 (청안동, 해인로즈빌아파트) 101동 105호"
MDG0001,1,24년 VoIP교환기 유지보수용역,용역,총액계약,제한경쟁,적격심사제,Y,국군의무사령부,1290291,국군의무사령부,1290291,87.745,45153407,44959009,41705945,2024-01-26,11:00:00,개찰완료,39643677,87.797,2024-01-29,주식회사 진엔지니어링,정진석,이상만,126-81-50363,경기도 광명시 장절로3번길15-0 (노온사동)
MDR0001,1,CCTV시스템 유지보수 용역,용역,총액계약,제한경쟁,적격심사제,Y,제9965부대,ZD00075,제9965부대,ZD00075,87.745,42250834,42191380,38355800,2024-01-26,11:00:00,개찰완료,37085000,87.773,2024-01-26,(주)로드반,김형준,허효선,214-87-59208,"경기도 성남시 분당구 쇳골로71 (금곡동,반스타운)"
MHD0003,1,2024년 방위사업청 종합홍보,용역,총액계약,협상에의한계약(전자),협상,N,방위사업청(운영지원과),1690000,방위사업청(운영지원과),1690000,,250000000,,227272727,2024-01-26,15:00:00,개찰완료,230000000,92,2024-04-19,주식회사 디앤씨컴퍼니,김준성,최은지,807-87-00116,"대전광역시 동구 선화로187,3층 (삼성동)"
MHD0007,1,고속상륙정(LSF-II) Batch-II 사업분석,용역,총액계약,협상에의한계약(전자),협상,N,방위사업청(운영지원과),1690000,방위사업청(운영지원과),1690000,,70000000,,63636364,2024-01-26,15:00:00,개찰완료,62964000,89.948,2024-04-29,한성대학교 산학협력단,이정훈,심지민,209-82-08319,서울특별시 성북구 삼선교로16길116-0 (삼선동2가)
SCF0075,1,폐주물사,용역,단가계약,제한경쟁,적격심사제,Y,해군군수사령부,ZD00289,해군군수사령부,ZD00289,84.245,107844,107843,66000000,2024-01-26,10:30:00,개찰완료,91130,84.501,2024-01-26,남양산업,강양수,박미옥,609-03-51137,경상남도 창원시 진해구 남영로 534-5()
SCF0042,1, 깐풍기,물품,단가계약,제한경쟁,적격심사제,Y,해군군수사령부,ZD00289,해군군수사령부,ZD00289,87.995,5161,5176,17904000,2024-01-26,10:30:00,개찰완료,4570,88.543,2024-01-26,주식회사 푸드앤하우스,김형석,김형석,398-88-01020,경상남도 양산시 평산회야로9-2(평산동)
SCF0032,1,감자수제비,물품,단가계약,제한경쟁,적격심사제,Y,해군군수사령부,ZD00289,해군군수사령부,ZD00289,87.995,2346,2343,9929364,2024-01-26,10:30:00,개찰완료,2065,88.023,2024-01-26,주식회사 류홀마트,양미숙,이윤영,609-81-98033,"경상남도 창원시 진해구 충무로23-0 (신흥동, 블루빌)"
SCF0033,1,게맛살,물품,단가계약,제한경쟁,적격심사제,Y,해군군수사령부,ZD00289,해군군수사령부,ZD00289,87.995,2696,2696,5125000,2024-01-26,10:30:00,개찰완료,2380,88.292,2024-01-26,키즈앤하우스,조용호,조용호,789-15-02084,경상남도 양산시 덕계로80-0 (덕계동)
SCF0034,1,계란지단채,물품,단가계약,제한경쟁,적격심사제,Y,해군군수사령부,ZD00289,해군군수사령부,ZD00289,87.995,9308,9274,25972000,2024-01-26,10:30:00,개찰완료,8191,88,2024-01-26,태산,김소영,김소영,628-24-01759,경상남도 양산시 덕계로80-0 (덕계동)
SCF0035,1,고구마샐러드,물품,단가계약,제한경쟁,적격심사제,Y,해군군수사령부,ZD00289,해군군수사령부,ZD00289,87.995,6723,6686,32736000,2024-01-26,10:30:00,개찰완료,5917,88.01,2024-01-26,건천유통,박필란,박필란,838-16-01201,경상남도 의령군 의령읍 수암로33-0
SCF0036,1,깐메추리알,물품,단가계약,제한경쟁,적격심사제,Y,해군군수사령부,ZD00289,해군군수사령부,ZD00289,87.995,6352,6372,8509091,2024-01-26,10:30:00,개찰완료,5593,88.056,2024-01-26,류홀마트(합포점),최정임,최정임,346-22-00096,경상남도 창원시 마산합포구 문화동로1-0 (월포동)
SCF0037,1,냉동새우,물품,단가계약,제한경쟁,적격심사제,Y,해군군수사령부,ZD00289,해군군수사령부,ZD00289,87.995,10618,10588,10908000,2024-01-26,10:30:00,개찰완료,9360,88.15,2024-01-26,진해식자재마트,박종열,정애연,665-12-01338,경상남도 창원시 진해구 조천북로76-0 (경화동)
SCF0038,1,냉동유부슬라이스,물품,단가계약,제한경쟁,적격심사제,Y,해군군수사령부,ZD00289,해군군수사령부,ZD00289,87.995,12956,12941,18600000,2024-01-26,10:30:00,개찰완료,11405,88.029,2024-01-26,주식회사 류홀마트,양미숙,이윤영,609-81-98033,"경상남도 창원시 진해구 충무로23-0 (신흥동, 블루빌)"
SCF0040,1,냉동피홍합,물품,단가계약,제한경쟁,적격심사제,Y,해군군수사령부,ZD00289,해군군수사령부,ZD00289,87.995,3204,3235,3399000,2024-01-26,10:30:00,개찰완료,2842,88.695,2024-01-26,주식회사 푸드앤하우스,김형석,김형석,398-88-01020,경상남도 양산시 평산회야로9-2(평산동)
SCF0050,1,단호박샐러드,물품,단가계약,제한경쟁,적격심사제,Y,해군군수사령부,ZD00289,해군군수사령부,ZD00289,87.995,6783,6715,23165455,2024-01-26,10:30:00,개찰완료,6025,88.821,2024-01-26,일이푸드,정명화,정명화,815-18-01124,경상남도 진주시 명석면 나불로333
SCF0051,1,땅콩조림,물품,단가계약,제한경쟁,적격심사제,Y,해군군수사령부,ZD00289,해군군수사령부,ZD00289,87.995,7333,7333,23528000,2024-01-26,10:30:00,개찰완료,6455,88.027,2024-01-26,거제축산물급식센터 주식회사,이정미,윤은영,351-88-02812,경상남도 거제시 수양로210 (양정동)
SCF0053,1,떡국떡,물품,단가계약,제한경쟁,적격심사제,Y,해군군수사령부,ZD00289,해군군수사령부,ZD00289,87.995,4749,4705,13614545,2024-01-26,10:30:00,개찰완료,4184,88.096,2024-01-26,삼진유통,이순남,이순남,652-10-01643,경상남도 창원시 마산회원구 양덕북10길23-0 (양덕중앙시장) 1층 2호
SCF0049,1,맛술,물품,단가계약,제한경쟁,적격심사제,Y,해군군수사령부,ZD00289,해군군수사령부,ZD00289,87.995,6636,6686,5580000,2024-01-26,10:30:00,개찰완료,5844,88.064,2024-01-26,영농조합법인 초현,이상조,이상조,615-86-01538,경상남도 김해시 김해대로2576번길68-0 (어방동)
SCF0047,1,매실농축액,물품,단가계약,제한경쟁,적격심사제,Y,해군군수사령부,ZD00289,해군군수사령부,ZD00289,87.995,8420,8431,7740000,2024-01-26,10:30:00,개찰완료,7410,88.005,2024-01-26,영진식자재,권영희,권영희,612-19-25709,경상남도 창원시 진해구 조천북로62-0 (경화동) 101호
SCF0046,1,명이절임,물품,단가계약,제한경쟁,적격심사제,Y,해군군수사령부,ZD00289,해군군수사령부,ZD00289,87.995,7257,7333,28288000,2024-01-26,10:30:00,개찰완료,6416,88.406,2024-01-26,핸드메이드 초대점,강명신,강명신,211-28-70532,경상남도 창원시 진해구 진해대로762 (석동) 1층 127
SCF0045,1,모듬콩조림,물품,단가계약,제한경쟁,적격심사제,Y,해군군수사령부,ZD00289,해군군수사령부,ZD00289,87.995,6572,6568,17785455,2024-01-26,10:30:00,개찰완료,5788,88.064,2024-01-26,주식회사 류홀마트,양미숙,이윤영,609-81-98033,"경상남도 창원시 진해구 충무로23-0 (신흥동, 블루빌)"
SCF0054,1,바나나우유,물품,단가계약,제한경쟁,적격심사제,Y,해군군수사령부,ZD00289,해군군수사령부,ZD00289,87.995,1131,1132,53623500,2024-01-26,10:30:00,개찰완료,996,88.057,2024-01-26,에코,윤종화,윤종화,780-75-00327,경상남도 창원시 진해구 여좌로123번길18 (여좌동)
SCF0052,1,베이컨,물품,단가계약,제한경쟁,적격심사제,Y,해군군수사령부,ZD00289,해군군수사령부,ZD00289,87.995,12759,12725,60534000,2024-01-26,10:30:00,개찰완료,11229,88.01,2024-01-26,로아푸드,강이경,강이경,704-44-00988,"경상남도 창원시 진해구 용원중로25번길6-19 (용원동), 101호"
SCF0044,1,까나리액젓,물품,단가계약,제한경쟁,적격심사제,Y,해군군수사령부,ZD00289,해군군수사령부,ZD00289,87.995,5706,5637,3335000,2024-01-26,10:30:00,개찰완료,5027,88.095,2024-01-26,삼진유통,이순남,이순남,652-10-01643,경상남도 창원시 마산회원구 양덕북10길23-0 (양덕중앙시장) 1층 2호
SCF0073,1,(긴급)레버클램프 등 1 233종,물품,총액계약,제한경쟁,적격심사제,Y,해군군수사령부,ZD00289,해군군수사령부,ZD00289,87.995,49305189,48852000,45452400,2024-01-26,13:00:00,개찰완료,43386798,87.996,2024-01-29,무안마켓,김은미,김은미,643-07-02600,전라남도 무안군 삼향읍 중등포길35-35
SCF0055,1,뼈발골닭다리정육,물품,단가계약,제한경쟁,적격심사제,Y,해군군수사령부,ZD00289,해군군수사령부,ZD00289,87.995,15234,15196,49445000,2024-01-26,10:30:00,개찰완료,13409,88.021,2024-01-26,로아푸드,강이경,강이경,704-44-00988,"경상남도 창원시 진해구 용원중로25번길6-19 (용원동), 101호"
SCF0056,1,새우튀김,물품,단가계약,제한경쟁,적격심사제,Y,해군군수사령부,ZD00289,해군군수사령부,ZD00289,87.995,7269,7254,26370909,2024-01-26,10:30:00,개찰완료,6446,88.683,2024-01-26,영진식자재,권영희,권영희,612-19-25709,경상남도 창원시 진해구 조천북로62-0 (경화동) 101호
SCF0057,1,생수(소),물품,단가계약,제한경쟁,적격심사제,Y,해군군수사령부,ZD00289,해군군수사령부,ZD00289,87.995,195,194,101606400,2024-01-26,10:30:00,개찰완료,172,88.002,2024-01-26,영진식자재,권영희,권영희,612-19-25709,경상남도 창원시 진해구 조천북로62-0 (경화동) 101호
SCF0058,1,생우동,물품,단가계약,제한경쟁,적격심사제,Y,해군군수사령부,ZD00289,해군군수사령부,ZD00289,87.995,643,647,3648000,2024-01-26,10:30:00,개찰완료,567,88.114,2024-01-26,영진식자재,권영희,권영희,612-19-25709,경상남도 창원시 진해구 조천북로62-0 (경화동) 101호
SCF0059,1,스위트콘,물품,단가계약,제한경쟁,적격심사제,Y,해군군수사령부,ZD00289,해군군수사령부,ZD00289,87.995,1799,1784,4037091,2024-01-26,10:30:00,개찰완료,1584,88.056,2024-01-26,농협김치영업소,박영미,박영미,609-16-81908,"경상남도 창원시 진해구 명제로484번길14, 1층 (제덕동)"
SCF0063,1,해쉬포테이토,물품,단가계약,제한경쟁,적격심사제,Y,해군군수사령부,ZD00289,해군군수사령부,ZD00289,87.995,9786,9803,17363636,2024-01-26,10:30:00,개찰완료,8611,87.995,2024-01-26,송림축산,김미애,김미애,627-95-01606,"경상남도 창원시 진해구 동진로138, 지하층 100-1호(덕산동)"
SCF0060,1,쌈무,물품,단가계약,제한경쟁,적격심사제,Y,해군군수사령부,ZD00289,해군군수사령부,ZD00289,87.995,6597,6568,19490909,2024-01-26,10:30:00,개찰완료,5811,88.081,2024-01-26,태산,김소영,김소영,628-24-01759,경상남도 양산시 덕계로80-0 (덕계동)
SCF0061,1,양송이스프,물품,단가계약,제한경쟁,적격심사제,Y,해군군수사령부,ZD00289,해군군수사령부,ZD00289,87.995,7026,7009,10595000,2024-01-26,10:30:00,개찰완료,6203,88.287,2024-01-26,건천유통,박필란,박필란,838-16-01201,경상남도 의령군 의령읍 수암로33-0
SCF0062,1,요거트푸딩,물품,단가계약,제한경쟁,적격심사제,Y,해군군수사령부,ZD00289,해군군수사령부,ZD00289,87.995,793,794,44218636,2024-01-26,10:30:00,개찰완료,698,88.064,2024-01-26,지(g)-마트,송낙천,정영권,609-23-98824,"경상남도 창원시 진해구 조천북로62 105(경화동,하이존상가 105~107)"
SCF0064,1,재첩국,물품,단가계약,제한경쟁,적격심사제,Y,해군군수사령부,ZD00289,해군군수사령부,ZD00289,87.995,3461,3450,8800000,2024-01-26,10:30:00,개찰완료,3047,88.044,2024-01-26,주식회사 푸드앤하우스,김형석,김형석,398-88-01020,경상남도 양산시 평산회야로9-2(평산동)
SCF0071,1,크림파스타소스,물품,단가계약,제한경쟁,적격심사제,Y,해군군수사령부,ZD00289,해군군수사령부,ZD00289,87.995,7366,7333,4488000,2024-01-26,10:30:00,개찰완료,6492,88.131,2024-01-26,행복유통,이윤영,강문정,822-01-01522,경상남도 창원시 진해구 태평로48번길2-0 (태평동)1층
SCF0070,1,포장순대(슬라이스),물품,단가계약,제한경쟁,적격심사제,Y,해군군수사령부,ZD00289,해군군수사령부,ZD00289,87.995,4222,4215,32445455,2024-01-26,10:30:00,개찰완료,3717,88.032,2024-01-26,주식회사 푸드앤하우스,김형석,김형석,398-88-01020,경상남도 양산시 평산회야로9-2(평산동)
SCF0067,1,감자고로케,물품,단가계약,제한경쟁,적격심사제,Y,해군군수사령부,ZD00289,해군군수사령부,ZD00289,87.995,6102,6078,31620000,2024-01-26,10:30:00,개찰완료,5371,88.024,2024-01-26,로아푸드,강이경,강이경,704-44-00988,"경상남도 창원시 진해구 용원중로25번길6-19 (용원동), 101호"
SCF0068,1,모듬수제소시지,물품,단가계약,제한경쟁,적격심사제,Y,해군군수사령부,ZD00289,해군군수사령부,ZD00289,87.995,9482,9509,27777273,2024-01-26,10:30:00,개찰완료,8351,88.073,2024-01-26,송림축산,김미애,김미애,627-95-01606,"경상남도 창원시 진해구 동진로138, 지하층 100-1호(덕산동)"
SCF0069,1,우엉조림,물품,단가계약,제한경쟁,적격심사제,Y,해군군수사령부,ZD00289,해군군수사령부,ZD00289,87.995,9236,9166,14960000,2024-01-26,10:30:00,개찰완료,8135,88.08,2024-01-26,연우상사,황지환,황지환,609-13-61236,경상남도 창원시 진해구 여좌로123번길18-0 (여좌동)
SCF0066,1,연근조림,물품,단가계약,제한경쟁,적격심사제,Y,해군군수사령부,ZD00289,해군군수사령부,ZD00289,87.995,8133,8088,13200000,2024-01-26,10:30:00,개찰완료,7158,88.011,2024-01-26,에코,윤종화,윤종화,780-75-00327,경상남도 창원시 진해구 여좌로123번길18 (여좌동)
SCF0074,1,토스트소스,물품,단가계약,제한경쟁,적격심사제,Y,해군군수사령부,ZD00289,해군군수사령부,ZD00289,87.995,7152,7107,25506818,2024-01-26,10:30:00,개찰완료,6309,88.218,2024-01-26,백곰유통,홍한표,홍한표,481-17-01128,"경상남도 통영시 중앙로34 (도천동, 만복도천비치맨션2차)1층8호"
SCP0005,1,오리고기 등 32종 구매,물품,총액계약,일반경쟁,적격심사제,Y,제8385부대,1290333,제8385부대,1290333,82.995,318566809,318300000,295191818,2024-01-26,10:30:00,개찰완료,264437258,83.008,2024-01-26,이엠이컴퍼니,성원민,성원민,562-07-01490,서울특별시 금천구 가산디지털1로171 (가산동) 3층 306-19
SCP0006,1,파인애플 등 261종 구매,물품,총액계약,일반경쟁,적격심사제,Y,제8385부대,1290333,제8385부대,1290333,82.995,640204976,642000000,595436818,2024-01-26,10:30:00,개찰완료,531454000,83.013,2024-01-26,(주)혜성식품,고치성,고승준,135-86-18019,경기도 수원시 영통구 신원로250번길58-0 (영통동)
SDF0004,1,24-항-09 군 숙소 청소용역,용역,총액계약,제한경쟁,적격심사제,Y,제5738부대,ZD00158,제5738부대,ZD00158,87.995,127166486,127000000,129634560,2024-01-26,10:30:00,개찰완료,111901610,87.996,2024-01-26,주식회사 티아이컨설팅,장애정,장애정,132-86-32031,"서울특별시 광진구 천호대로604, 2층 (능동, 진현빌딩)"
SFH0005,1,24-B-폐기물(폐합성수지  폐목재) 처리용역(도서지역),용역,총액계약,일반경쟁,적격심사제,Y,제9196부대,ZD00370,제9196부대,ZD00370,80.495,273082473,271602940,251850000,2024-01-26,10:30:00,개찰완료,219932230,80.536,2024-01-26,주식회사 신승에너지,이성욱,김다운,135-86-32549,"경기도 화성시 남양읍 매바위로570-10, 1층"
SFH0006,1,24-B-폐기물(일반폐기물)처리용역(도서지역),용역,총액계약,일반경쟁,적격심사제,Y,제9196부대,ZD00370,제9196부대,ZD00370,80.495,658298515,651534310,604150000,2024-01-26,10:30:00,개찰완료,531651000,80.761,2024-01-26,인성코퍼레이션 주식회사,추성호,남홍욱,122-81-99705,"인천광역시 중구 서해대로93번길14-1, 3층(항동7가)"
SFH0007,1,’24년 백령도·대청도 부식류 민간위탁배송 용역,용역,총액계약,일반경쟁,적격심사제,Y,제9196부대,ZD00370,제9196부대,ZD00370,82.995,703862389,697308670,646595318,2024-01-26,10:30:00,개찰완료,690000000,98.03,2024-01-26,주식회사 옹진물산,곽창열,임태윤,807-86-01097,인천광역시 옹진군 백령면 사곶로122번길11-0
SFH0009,1,24-B-오.폐수처리시설 위탁관리 용역(도서지역),용역,총액계약,제한경쟁,적격심사제,Y,제9196부대,ZD00370,제9196부대,ZD00370,87.995,158012090,157487030,146033436,2024-01-26,10:30:00,개찰완료,139656000,88.383,2024-01-26,주식회사 한길자연환경,강진무,강태우,122-81-87489,"인천광역시 계양구 계산천서로44, 청구빌딩 4층"
UMM0006,1,(24G007-A )의료기관 세탁 위탁처리 용역,용역,총액계약,일반경쟁,적격심사제,Y,국군재정관리단,ZD00303,국군재정관리단,ZD00303,85.495,384039518,385638090,381840000,2024-01-26,11:00:00,개찰완료,330304516,86.007,2024-01-26,주식회사수진기업,지은영,조신환,438-87-01530,경기도 화성시 양감면 사격장길88-28
UMM0007,1,(23F071-G)24년 스마트 훈련병관리체계 유지보수용역,용역,총액계약,제한경쟁,적격심사제,Y,국군재정관리단,ZD00303,국군재정관리단,ZD00303,87.745,110262626,109633788,102842982,2024-01-26,11:00:00,개찰완료,96784225,87.776,2024-01-26,씨지에스아이티(주),최규식,최규식,107-86-77070,"서울특별시 금천구 가산디지털1로1-0 (가산동, 더루벤스밸리) 1208호"
LFR0002,1,음식물 쓰레기,용역,단가계약,제한경쟁,적격심사제,Y,육군기계화학교,ZD00035,육군기계화학교,ZD00035,84.245,43626842,43610000,40454545,2024-01-29,10:30:00,개찰완료,36896200,84.572,2024-01-29,다복농장,곽선우,곽선우,641-08-01392,전라남도 무안군 현경면 성자동길79-36
LMP0003,1,24년 음식물류 폐기물 처리 용역,용역,총액계약,일반경쟁,적격심사제,Y,제1968부대,ZD00507,제1968부대,ZD00507,80.495,594613380,585858900,532599000,2024-01-29,11:00:00,개찰완료,478787320,80.52,2024-01-29,주식회사 원진축산,김진각,김진각,838-81-00175,경기도 이천시 장호원읍 나래천로509번길234-92
MHD0002,1,2024년 방위사업청 온라인 홍보,용역,총액계약,협상에의한계약(전자),협상,N,방위사업청(운영지원과),1690000,방위사업청(운영지원과),1690000,,340000000,,309090909,2024-01-29,15:00:00,개찰완료,314400000,92.47,2024-04-02,주식회사 에이아이웹 (AIWEB),임성기,조성호,214-87-45437,"서울특별시 금천구 가산디지털1로 168, B동 312호(가산동, 우림라이언스1차)"
HCL0011,1,24년 생도식당 식자재,물품,총액계약,제한경쟁,적격심사제,Y,공군사관학교,7002962,공군사관학교,7002962,82.995,313257508,316866930,308512727,2024-01-30,11:00:00,개찰완료,260131192,83.04,2024-01-30,호미식품,장 세성,서미경,121-11-76517,인천광역시 옹진군 백령면 백령로280번길 7()
HDL0005,1,24년 음식물폐기물 처리용역,용역,총액계약,제한경쟁,적격심사제,Y,공군제16전투비행단,ZD00186,공군제16전투비행단,ZD00186,84.245,111643039,112286200,104120000,2024-01-30,11:00:00,개찰완료,94761620,84.879,2024-01-30,제1범수농장,조환로,조환로,656-94-00855,경상북도 안동시 일직면 일직점곡로101-1
LCP0011,1,24년 항공관제용 U/VHF 무전기 외주정비 용역,용역,총액계약,제한경쟁,적격심사제,Y,육군제8971부대,ZD00098,육군제8971부대,ZD00098,87.745,66277660,67181372,62295455,2024-01-30,11:30:00,개찰완료,59146000,89.239,2024-01-30,한양무선통신,최영복,최영복,608-25-94213,경상남도 창원시 의창구 팔용로 399()
LDG0007,1,24년 과학화경계시스템 외주정비 용역(임실),용역,총액계약,제한경쟁,적격심사제,Y,육군 탄약지원사령부,ZD00086,육군 탄약지원사령부,ZD00086,87.745,176817561,176500000,160454545,2024-01-30,10:30:00,개찰완료,155176134,87.76,2024-01-31,기대전기통신주식회사,김동일,김동일,618-81-22503,부산광역시 기장군 장안읍 길천길33-1
LDG0008,1,24년 과학화경계시스템 외주정비 용역(창원),용역,총액계약,제한경쟁,적격심사제,Y,육군 탄약지원사령부,ZD00086,육군 탄약지원사령부,ZD00086,87.745,134099395,133772000,121610909,2024-01-30,10:30:00,개찰완료,117668230,87.747,2024-01-31,이주씨스템(주),이복균,홍미선,118-81-14949,"서울특별시 영등포구 가마산로90길22, 2층"
LDG0009,1,24년 과학화경계시스템 외주정비 용역(세종),용역,총액계약,제한경쟁,적격심사제,Y,육군 탄약지원사령부,ZD00086,육군 탄약지원사령부,ZD00086,87.745,161595249,162445510,147677736,2024-01-30,10:30:00,개찰완료,141793898,87.746,2024-01-31,(주)이서,이희순,이희순,104-81-96530,"세종특별자치시  한누리대로312-0, 714호 (나성동, 노블비지니스타운)"
LDG0010,1,24년 과학화경계시스템 외주정비 용역(대전),용역,총액계약,제한경쟁,적격심사제,Y,육군 탄약지원사령부,ZD00086,육군 탄약지원사령부,ZD00086,87.745,141120587,142000000,129090909,2024-01-30,10:30:00,개찰완료,123833617,87.75,2024-01-31,(주)광희테크윈,김광화,양희우,608-87-01288,전북특별자치도 김제시 봉남면 신호1길9-0
LDG0011,1,24년 과학화경계시스템 외주정비 용역(천안),용역,총액계약,제한경쟁,적격심사제,Y,육군 탄약지원사령부,ZD00086,육군 탄약지원사령부,ZD00086,87.745,155257267,155167860,141061691,2024-01-30,10:30:00,개찰완료,136232368,87.746,2024-01-31,주식회사 엠비아테크,김화선,김화선,113-86-61438,인천광역시 계양구 평리길103(평동)
LDG0012,1,24년 과학화경계시스템 외주정비 용역(제천),용역,총액계약,제한경쟁,적격심사제,Y,육군 탄약지원사령부,ZD00086,육군 탄약지원사령부,ZD00086,87.745,194980133,194715400,177014000,2024-01-30,10:30:00,개찰완료,171086583,87.745,2024-01-31,주식회사 유진인프라코어,주경선,김명배,134-81-71146,"인천광역시 남동구 함박뫼로347번길162, 404호 (남촌동)"
LDG0013,1,24년 과학화경계시스템 외주정비 용역(충주),용역,총액계약,제한경쟁,적격심사제,Y,육군 탄약지원사령부,ZD00086,육군 탄약지원사령부,ZD00086,87.745,141897937,143849900,130772636,2024-01-30,10:30:00,개찰완료,124565074,87.784,2024-01-31,주식회사 한강아이씨티(ICT),우보희,우보희,732-81-01221,전라남도 목포시 대양산단로149번길24 (대양동)
LDG0014,1,24년 과학화경계시스템 외주정비 용역(영동),용역,총액계약,제한경쟁,적격심사제,Y,육군 탄약지원사령부,ZD00086,육군 탄약지원사령부,ZD00086,87.745,169748876,170000000,154545455,2024-01-30,10:30:00,개찰완료,148946446,87.745,2024-01-31,주식회사 디케이앤트,양동국,김미령,230-81-03607,"서울특별시 송파구 송파대로20길4, 302호 (문정동, 헤브론빌딩)"
LDH0023,1,(일장) 교량가설단정 소화기 화재진압용 등 2종 구매,물품,총액계약,제한경쟁,적격심사제,Y,제2879부대,ZD00347,제2879부대,ZD00347,87.995,10109778,10117000,9381818,2024-01-30,13:00:00,개찰완료,8911890,88.151,2024-01-30,청우전기시스템 주식회사,정미경,윤지혜,204-81-67499,"서울특별시 서대문구 독립문공원길13, 제2층202호(현저동, 독립문극동아파트상가)"
LDH0022,1,(일장) 교량가설단정 전동식 청소기용 1종 구매,물품,총액계약,제한경쟁,적격심사제,Y,제2879부대,ZD00347,제2879부대,ZD00347,87.995,30581022,30784000,28545455,2024-01-30,13:00:00,개찰완료,27016600,88.344,2024-01-30,주식회사보승글로벌,위나영,위나영,266-88-00200,"경상남도 창원시 진해구 웅동로162-0, 105동 501호(두동, 청안해오름아파트)"
LKP0001,1,24년 일반폐기물처리용역(대구),용역,총액계약,일반경쟁,적격심사제,Y,제6335부대,Z006123,제6335부대,Z006123,84.245,138773031,139333333,129200000,2024-01-30,11:30:00,개찰완료,116965900,84.285,2024-01-30,주식회사 아진기업,박영균,성명훈,569-88-01340,경상남도 김해시 한림면 김해대로1102-171
LKP0002,1,24년 일반폐기물처리용역(장성),용역,총액계약,일반경쟁,적격심사제,Y,제6335부대,Z006123,제6335부대,Z006123,84.245,131339312,131137254,121600000,2024-01-30,11:30:00,개찰완료,110730670,84.308,2024-01-30,주식회사 에코비트에너지세종,장태성,윤명근,307-81-36771,세종특별자치시  전동면 솔티로341-0
LKP0003,1,24년 일반폐기물처리용역(김해),용역,총액계약,일반경쟁,적격심사제,Y,제6335부대,Z006123,제6335부대,Z006123,84.245,80302147,80000000,74181818,2024-01-30,11:30:00,개찰완료,67814800,84.449,2024-01-30,주식회사 케이엘,최창옥,정진아,416-81-82623,"전라남도 순천시 연향번영8길21, 2층 (연향동)"
LKP0004,1,24년 일반폐기물처리용역(대전),용역,총액계약,일반경쟁,적격심사제,Y,제6335부대,Z006123,제6335부대,Z006123,84.245,181409361,181176470,168000000,2024-01-30,11:30:00,개찰완료,153312000,84.511,2024-01-30,(주)동양환경,채상협,심민기,306-81-15434,대전광역시 대덕구 문평동로48번길 125(문평동)
MDG0002,1,24년 의무장비(기구세척기 초음파형) 구매,물품,총액계약,일반경쟁,적격심사제,Y,국군의무사령부,1290291,국군의무사령부,1290291,87.995,24847172,24794000,23000000,2024-01-30,11:00:00,개찰완료,23903000,96.2,2024-01-30,주식회사 오피테크메드,박종학,이정태,897-81-00271,서울특별시 금천구 가산디지털2로14 (가산동)
MHD0006,1,2024년 방위사업청 소식지 및 웹진 제작,용역,총액계약,협상에의한계약(전자),협상,N,방위사업청(운영지원과),1690000,방위사업청(운영지원과),1690000,,146000000,,132727273,2024-01-30,15:00:00,개찰완료,126720000,86.794,2024-04-17,경성문화사,박진태,유다흰,116-01-78265,"서울특별시 영등포구 국회대로66길 11, 퍼스텍빌딩 1층(여의도동)"
SCF0077,1,24년 청수 수송 용역,용역,총액계약,제한경쟁,적격심사제,Y,해군군수사령부,ZD00289,해군군수사령부,ZD00289,87.745,49692792,50000000,49554155,2024-01-30,10:30:00,개찰완료,43840500,88.223,2024-01-30,인천항운주식회사,구본명,이순영,121-81-00999,인천광역시 중구 연안부두로17-2 (항동7가)
SCF0076,1,오이피클(슬라이스),물품,단가계약,제한경쟁,적격심사제,Y,해군군수사령부,ZD00289,해군군수사령부,ZD00289,87.995,7392,7333,17408000,2024-01-30,10:30:00,개찰완료,6508,88.036,2024-01-30,농협김치영업소,박영미,박영미,609-16-81908,"경상남도 창원시 진해구 명제로484번길14, 1층 (제덕동)"
SCF0078,1,(긴급) 디스크 드라이브 장치 등 39종,물품,총액계약,제한경쟁,적격심사제,Y,해군군수사령부,ZD00289,해군군수사령부,ZD00289,87.995,107380231,106362000,98626891,2024-01-30,10:30:00,개찰완료,94493570,87.999,2024-01-30,뉴썬컴퍼니,유인선,유인선,618-21-14315,"서울특별시 관악구 관악로285, 107-1706 (봉천동, 성현동아아파트)"
SCF0079,1,(긴급) 에어 컴프레서 등 2종,물품,총액계약,제한경쟁,적격심사제,Y,해군군수사령부,ZD00289,해군군수사령부,ZD00289,87.995,10106877,10143000,9405727,2024-01-30,10:30:00,개찰완료,9240000,91.422,2024-01-30,동해종합상사,김남현,김남현,561-17-00293,"강원특별자치도 동해시 효자로572-1 (쇄운동), 102동 806호"
SCF0080,1,(긴급)연결기 조립체 전기용 등 6종,물품,총액계약,제한경쟁,적격심사제,Y,해군군수사령부,ZD00289,해군군수사령부,ZD00289,87.995,8929136,8978000,8832727,2024-01-30,10:30:00,개찰완료,7857635,87.999,2024-01-30,해리넷,한현주,한현주,723-19-01249,"대구광역시 서구 평리로54길13, 501호(내당동)"
SCH0010,1,24-2호 감자수제비 등 84종 구매,물품,총액계약,제한경쟁,적격심사제,Y,해군작전사령부,ZD00137,해군작전사령부,ZD00137,82.995,601958644,602200000,558430000,2024-01-30,10:30:00,개찰완료,499645300,83.003,2024-01-30,주식회사 강산푸드앤덕,정미경,유은진,276-81-01959,부산광역시 강서구 낙동남로622번길42-0 (녹산동)
UAC0004,1,24년 M콘텐츠 유지보수 용역,용역,총액계약,제한경쟁,적격심사제,Y,국방출판지원단,ZD00908,국방출판지원단,ZD00908,87.745,42601251,42630000,39545455,2024-01-30,11:00:00,개찰완료,37577497,88.207,2024-01-30,경동아이티 주식회사,공대훈,소수림,602-86-01866,"부산광역시 사상구 새벽로131, 5동 2층 229,230호 (감전동, 부산산업용재상가)"
HCF0005,1,[부대지원과]'24년 한마음회관 식자재,물품,총액계약,제한경쟁,적격심사제,Y,공군군수사령부,ZD00306,공군군수사령부,ZD00306,82.995,451836124,450598442,453076845,2024-01-31,10:30:00,개찰완료,375064000,83.008,2024-01-31,주식회사 제이브로,장인상,김찬우,574-88-00343,경기도 용인시 처인구 양지면 은이로20번길34
HDC0007,1,24-3 컨테이너하우스(정비사작업용) 제조 구매,물품,총액계약,제한경쟁,적격심사제,Y,공군제1전투비행단,ZD00173,공군제1전투비행단,ZD00173,87.995,50813867,50848030,47150000,2024-01-31,14:30:00,개찰완료,44720000,88.007,2024-01-31,주식회사 제이디텍,여운채,노현균,137-86-40797,"인천광역시 서구 두루물로96번길14-0 (오류동,)"
LDH0029,1,총포 손잡이 구매,물품,총액계약,제한경쟁,적격심사제,Y,제2879부대,ZD00347,제2879부대,ZD00347,87.995,6407864,6416000,5950000,2024-01-31,13:00:00,개찰완료,5649000,88.157,2024-02-01,(주)경원R&D,김경래,김경래,165-81-02018,부산광역시 사상구 낙동대로1292번길9-0 (삼락동)
LDH0032,1,총포 나사 구매,물품,총액계약,제한경쟁,적격심사제,Y,제2879부대,ZD00347,제2879부대,ZD00347,87.995,1429092,1444000,1339185,2024-01-31,13:00:00,개찰완료,1275500,89.252,2024-02-01,환호테크,서선희,하동경,688-19-00326,부산광역시 사상구 가야대로103번길10(감전동)
LDH0026,1,(자재) 고무스폰지 등 30종 구매,물품,총액계약,제한경쟁,적격심사제,Y,제2879부대,ZD00347,제2879부대,ZD00347,87.995,7302745,7399000,6861473,2024-01-31,13:00:00,개찰완료,6755000,92.499,2024-02-01,선우상사,도경호,도경호,605-01-42379,"부산광역시 사상구 괘감로 37, 산업용품상가 27-228(괘법동)"
LFN0003,1,24년 충성대 신문 제작 용역,용역,총액계약,2단계경쟁(동시),최저가격제,N,육군3사관학교,1290306,육군3사관학교,1290306,0,42105345,42000000,38181818,2024-01-31,16:00:00,개찰완료,40524000,96.244,2024-01-31,원컴,서원오,서원오,504-13-41895,"대구광역시 중구 대봉로 238,  3층(대봉동)"
LGP0011,1,24년 도하장비 외주정비 용역(서울  인천  경기권역),용역,총액계약,제한경쟁,적격심사제,Y,제5378부대,ZD00217,제5378부대,ZD00217,87.745,190306552,190000000,172727273,2024-01-31,11:00:00,개찰완료,167160000,87.837,2024-01-31,주식회사 룩스그린,김권호,김성웅,132-81-90152,경기도 화성시 서신면 화남공단로114-13
LMB0001,2,24년 음식물류 폐기물 처리용역,용역,총액계약,제한경쟁,적격심사제,Y,제8278부대,ZD00021,제8278부대,ZD00021,84.245,157609973,157198090,142907355,2024-01-31,10:30:00,개찰완료,132781550,84.246,2024-02-01,천성환경,신정훈,김남경,626-39-00419,경기도 부천시 부일로326-0 (중동) 2층 1-(722)호
LPF0013,1,간부숙소 신축 관급자재(자동제어) 제조설치(196),물품,총액계약,일반경쟁,적격심사제,Y,제5067부대,ZD00019,제5067부대,ZD00019,87.995,97298893,97504820,88640745,2024-01-31,11:00:00,개찰완료,85622360,87.999,2024-02-02,주식회사 삼현,김희주,김희주,127-86-07414,강원특별자치도 철원군 동송읍 금학로31-98
LPF0014,1,간부숙소 신축 관급자재(자동제어) 제조설치(207),물품,총액계약,일반경쟁,적격심사제,Y,제5067부대,ZD00019,제5067부대,ZD00019,87.995,102249376,101477960,92252691,2024-01-31,11:00:00,개찰완료,90003644,88.023,2024-02-02,주식회사 주인정보시스템,김근호,나미애,220-86-58565,"서울특별시 강남구 논현로102길7(역삼동, 주인빌딩)"
MDD0021,1,2024년 전기설비 직무고시 정기점검 용역,용역,총액계약,제한경쟁,적격심사제,Y,국군수도병원,ZD00236,국군수도병원,ZD00236,87.745,15072217,14987963,13903491,2024-01-31,11:00:00,개찰완료,13390000,88.838,2024-01-31,한국전기테스트(주),김성군,김수한,852-81-00619,서울특별시 강남구 논현로829 (신사동)
MDG0003,1,플라스틱들것 구매,물품,총액계약,제한경쟁,적격심사제,Y,국군의무사령부,1290291,국군의무사령부,1290291,87.995,7641910,7600000,6909091,2024-01-31,11:00:00,개찰완료,6725100,88.002,2024-01-31,서준 코퍼레이션,박정호,박정호,622-13-74199,경기도 성남시 분당구 수내로54 (수내동) 1703호
MHD0005,1,2024년 방위사업청 영상 콘텐츠 제작 및 홍보,용역,총액계약,협상에의한계약(전자),협상,N,방위사업청(운영지원과),1690000,방위사업청(운영지원과),1690000,,500000000,,454545455,2024-01-31,15:00:00,개찰완료,451000000,90.2,2024-04-21,(주)믹스미디어,정연승,설정미,211-87-63964,"서울특별시 강남구 논현로168길32, 3층 (신사동, 유니드 빌딩)"
UMM0008,1,24-M-조경관리 용역,용역,총액계약,일반경쟁,적격심사제,Y,국군재정관리단,ZD00303,국군재정관리단,ZD00303,87.995,1375114475,1372540000,1272727273,2024-01-31,11:00:00,개찰완료,1215315115,88.379,2024-01-31,(주)에이치엠조경,하예봉,문경화,410-86-28266,"경기도 용인시 기흥구 신구로55-0 (신갈동, 정훈빌딩) 212호"
UMM0012,1,(24G009-A)24년 00사령부 방제용역,용역,총액계약,일반경쟁,적격심사제,Y,국군재정관리단,ZD00303,국군재정관리단,ZD00303,85.495,227595104,228247800,238189091,2024-01-31,11:00:00,개찰완료,195163280,85.75,2024-01-31,(주)세스코,전찬혁,김선영,212-81-05946,서울특별시 강동구 상일로10길46-0 (상일동)
UMM0009,1,24-N-선저폐수 처리용역,용역,총액계약,일반경쟁,적격심사제,Y,국군재정관리단,ZD00303,국군재정관리단,ZD00303,80.495,309159219,309000000,309000000,2024-01-31,11:00:00,개찰완료,248980000,80.534,2024-01-31,수일종합환경 주식회사,서영완,서영완,604-81-39330,부산광역시 동구 중앙대로180번길 12-10()
UMM0017,1,(24G001-H)24~25년 음향장비 유지보수 용역,용역,총액계약,일반경쟁,적격심사제,Y,국군재정관리단,ZD00303,국군재정관리단,ZD00303,85.495,427625384,423862170,393035836,2024-01-31,11:00:00,개찰완료,365771860,85.535,2024-01-31,신아시스템 주식회사,신장화,신장화,609-81-73686,"경상남도 창원시 의창구 읍성로 110,  신아빌101호(소답동)"
UMM0013,1,24-F-전산장비 유지보수 용역,용역,총액계약,제한경쟁,적격심사제,Y,국군재정관리단,ZD00303,국군재정관리단,ZD00303,87.745,102061021,100630000,93311727,2024-01-31,11:00:00,개찰완료,98724889,96.731,2024-01-31,한국신재생에너지부울경협동조합,반영현,황인규,810-87-01974,부산광역시 동구 조방로49번길29 (범일동)
HCF0007,1,24년~'26년 육로화물 수송 용역,용역,총액계약,일반경쟁,적격심사제,Y,공군군수사령부,ZD00306,공군군수사령부,ZD00306,82.995,533052680,533981422,667024545,2024-02-01,10:30:00,개찰완료,444261894,83.342,2024-02-01,주식회사 동방,박창기,김승훈,105-81-69429,서울특별시 중구 통일로2길16-0 (순화동) 3층
HFD0002,1,24년 군성회관 식자재 구매,물품,총액계약,일반경쟁,적격심사제,Y,공군제38전투비행전대,ZD00192,공군제38전투비행전대,ZD00192,82.995,238037667,238235294,220909091,2024-02-01,10:30:00,개찰완료,197663800,83.038,2024-02-01,주식회사 강산푸드앤덕,정미경,유은진,276-81-01959,부산광역시 강서구 낙동남로622번길42-0 (녹산동)
SCF0083,1,훈제연어(덩어리/냉동),물품,단가계약,제한경쟁,적격심사제,Y,해군군수사령부,ZD00289,해군군수사령부,ZD00289,87.995,29160,28921,15930000,2024-02-01,10:30:00,개찰완료,25754,88.319,2024-02-01,삼진유통,이순남,이순남,652-10-01643,경상남도 창원시 마산회원구 양덕북10길23-0 (양덕중앙시장) 1층 2호
SCF0084,1,훈제연어(슬라이스),물품,단가계약,제한경쟁,적격심사제,Y,해군군수사령부,ZD00289,해군군수사령부,ZD00289,87.995,10341,10294,18060000,2024-02-01,10:30:00,개찰완료,9113,88.122,2024-02-01,행복유통,이윤영,강문정,822-01-01522,경상남도 창원시 진해구 태평로48번길2-0 (태평동)1층
SCF0087,1,(긴급)튜브 금속제 등 40종 ,물품,총액계약,제한경쟁,적격심사제,Y,해군군수사령부,ZD00289,해군군수사령부,ZD00289,87.995,65207521,65198000,60456855,2024-02-01,10:30:00,개찰완료,58026220,88.987,2024-02-01,일용상사,권윤주,권윤주,215-42-01090,경상남도 창원시 의창구 북면 동곡로35-0 (창원무동휴먼빌아파트(2단지)) 205-804
SCF0086,1,(긴급)스위치 리드식 등 42종,물품,총액계약,제한경쟁,적격심사제,Y,해군군수사령부,ZD00289,해군군수사령부,ZD00289,87.995,46098707,46148000,44219009,2024-02-01,10:30:00,개찰완료,40570553,88.008,2024-02-01,라온유통,김보명,김보명,278-40-00119,"대구광역시 달서구 도원로46, 610동 304호  (도원동, 별메마을)"
SCF0085,1,(긴급)단말기 자료 처리용 1종,물품,총액계약,제한경쟁,적격심사제,Y,해군군수사령부,ZD00289,해군군수사령부,ZD00289,87.995,11951236,12000000,13861818,2024-02-01,10:30:00,개찰완료,11511500,96.32,2024-02-01,제일테크,김문길,김문길,182-37-00235,부산광역시 사하구 다대로613-0 (다대동) 자유마트 220호
ELA0002,1,보호의 포장재,물품,총액계약,일반경쟁,적격심사제,Y,방위사업청,1690000,방위사업청,1690000,,832611886,833679000,0,2024-02-02,11:00:00,개찰완료,712795000,85.609,2024-02-02,롯데알미늄(주) 안산공장,조현철,서충원,134-85-00391,경기도 안산시 단원구 원시동822
SCH0011,1,IPTV방송 및 인터넷(Wi-Fi) 서비스 용역,용역,총액계약,일반경쟁,적격심사제,Y,해군작전사령부,ZD00137,해군작전사령부,ZD00137,85.495,265382169,266000000,246852000,2024-02-02,10:30:00,개찰완료,227909242,85.879,2024-02-02,주식회사 케이티스카이라이프,최영범,신홍일,117-81-31120,서울특별시 마포구 매봉산로75(상암동)
UDA0003,1,24년 음식물쓰레기 처리용역,용역,총액계약,제한경쟁,적격심사제,Y,제3190부대,ZD00805,제3190부대,ZD00805,84.245,135668303,136422000,124020000,2024-02-02,11:00:00,개찰완료,114560000,84.441,2024-02-05,오션환경,김진태,김진태,866-55-00661,경기도 광명시 범안로1035-0 (하안동)
UMM0015,1,24-D-체력단련장 모래 구매(241004-F),물품,총액계약,제한경쟁,적격심사제,Y,국군재정관리단,ZD00303,국군재정관리단,ZD00303,87.995,131768153,132360000,141277727,2024-02-02,11:00:00,개찰완료,115953978,87.998,2024-02-02,제일유통,김미영,김미영,232-19-00268,"대구광역시 수성구 지범로22길20-0 (지산동, 지산현대맨션)"
HCL0013,1,24-생활계폐기물 위탁처리,용역,총액계약,제한경쟁,적격심사제,Y,공군사관학교,7002962,공군사관학교,7002962,84.245,101399435,102080000,92800000,2024-02-05,10:30:00,개찰완료,85462800,84.283,2024-02-05,주식회사 케이엘,최창옥,정진아,416-81-82623,"전라남도 순천시 연향번영8길21, 2층 (연향동)"
LGC0003,1,24년 학군장교 임관식 조립식 관람석 임차,용역,총액계약,일반경쟁,적격심사제,Y,육군학생군사학교,ZD00252,육군학생군사학교,ZD00252,0,122395060,121841176,112980000,2024-02-05,11:00:00,개찰완료,109861760,89.759,2024-02-05,주식회사 스페이스락,이영근,김혜령,132-86-19299,충청북도 진천군 덕산면 신척산단1로29
MCJ0001,1,24년 DIDC 1센터 UPS 유지보수 용역,용역,총액계약,제한경쟁,적격심사제,Y,국방통합데이터센터,ZD01034,국방통합데이터센터,ZD01034,87.745,22156951,22000000,20400000,2024-02-05,11:00:00,개찰완료,19446080,87.765,2024-02-05,태일자동제어(주),한연수,한연수,408-81-32952,광주광역시 광산구 신가매결길28(신창동)
MCJ0002,1,24년 DIDC 2센터 UPS 유지보수 용역,용역,총액계약,제한경쟁,적격심사제,Y,국방통합데이터센터,ZD01034,국방통합데이터센터,ZD01034,87.745,19908414,19800000,18360000,2024-02-05,11:00:00,개찰완료,17475424,87.779,2024-02-05,뉴테크원,김정희,정문식,220-45-00435,"경기도 화성시 동탄순환대로830,  419호 (영천동, 동탄SK V1 center)"
MDD0022,1,2024 국군수도병원 의료가스 7품목 구매 ,물품,총액계약,제한경쟁,적격심사제,Y,국군수도병원,ZD00236,국군수도병원,ZD00236,87.995,38109632,38110000,36590000,2024-02-05,11:00:00,개찰완료,33582800,88.121,2024-02-05,단일에이피(주),장세훈,김기섭,761-87-01842,경기도 구리시 동구릉로200번길30-0 (인창동)
UHD0006,1,24년 음식물쓰레기 처리 용역,용역,총액계약,제한경쟁,적격심사제,Y,공군제3방공유도탄여단,ZD00948,공군제3방공유도탄여단,ZD00948,84.245,139482576,139617640,129463636,2024-02-05,11:00:00,개찰완료,117620880,84.326,2024-02-06,우리산업,김순희,김순희,126-92-29380,경기도 여주시 가남읍 경충대로1527-3
LBA0003,1,24년 유류중대 급유시설 민간위탁 기술검사 용역,용역,총액계약,제한경쟁,적격심사제,Y,제2167부대,ZD00053,제2167부대,ZD00053,87.745,109376603,109768960,100000000,2024-02-06,10:30:00,개찰완료,95979670,87.751,2024-02-06,주식회사 거산지엔에스,이용순,이지선,130-81-59965,경기도 부천시 원미구 신흥로 106(심곡동)
LHK0006,1,24년 주거시설 청소/경비 용역,용역,총액계약,일반경쟁,적격심사제,Y,제2군단,ZD00407,제2군단,ZD00407,87.995,869626456,864811050,786191864,2024-02-06,10:30:00,개찰완료,765283240,88.001,2024-02-06,성오보안공사주식회사,권경희,이은서,506-81-41997,대구광역시 동구 동호로3길 22()
LKP0010,1,24년 지정폐기물처리용역(대구),용역,총액계약,일반경쟁,적격심사제,Y,제6335부대,Z006123,제6335부대,Z006123,84.245,16044212,15973627,14811909,2024-02-06,11:30:00,개찰완료,13726400,85.553,2024-02-06,대덕정유(주)복수사업소,한미자,박성민,305-85-32855,충청남도 금산군 복수면 다복로537-34(용진리)
LKP0011,1,24년 지정폐기물처리용역(장성),용역,총액계약,일반경쟁,적격심사제,Y,제6335부대,Z006123,제6335부대,Z006123,84.245,28350630,28565313,26487836,2024-02-06,11:30:00,개찰완료,24086718,84.96,2024-02-06,씨이케이 주식회사,이상민,이법성,417-81-21269,전라남도 여수시 진달래길310-73 (월내동)
LKP0012,1,24년 지정폐기물처리용역(대전),용역,총액계약,일반경쟁,적격심사제,Y,제6335부대,Z006123,제6335부대,Z006123,84.245,69146908,69052549,64030545,2024-02-06,11:30:00,개찰완료,58289000,84.297,2024-02-06,코어엔텍 주식회사,송용석,조효행,739-86-02584,경기도 시흥시 소망공원로5 (정왕동)
LKP0013,1,24년 지정폐기물처리용역(김해),용역,총액계약,일반경쟁,적격심사제,Y,제6335부대,Z006123,제6335부대,Z006123,84.245,43176245,43513872,40349227,2024-02-06,11:30:00,개찰완료,36732000,85.074,2024-02-06,코어엔텍 주식회사,송용석,조효행,739-86-02584,경기도 시흥시 소망공원로5 (정왕동)
MCT0005,1,24년 훈련장 관리(잔디/조경)용역,용역,총액계약,일반경쟁,적격심사제,Y,국군체육부대,1290464,국군체육부대,1290464,87.995,832219173,835158000,759234545,2024-02-06,11:30:00,개찰완료,736237000,88.466,2024-02-08,주식회사 한울,윤정호,김미은,611-81-07743,경상남도 합천군 합천읍 계림2길27-44
MHD0009,1,방위사업 원가계산 외부용역(1차),용역,총액계약,협상에의한계약(전자),협상,N,방위사업청(운영지원과),1690000,방위사업청(운영지원과),1690000,,747140000,,679218182,2024-02-06,15:00:00,개찰완료,660000000,88.336,2024-02-19,(재)동양경제연구원,최홍석,김은지,621-82-03590,"부산광역시 강서구 유통단지1로41, 본관동 301호 (대저2동, 부산티플렉스)"
SCF0091,1,액체아르곤 가스 8BT 구매,물품,총액계약,제한경쟁,적격심사제,Y,해군군수사령부,ZD00289,해군군수사령부,ZD00289,87.995,9672411,9700000,9600000,2024-02-06,10:30:00,개찰완료,8514681,88.03,2024-02-06,합동종합가스,백운소,송설아,237-21-01339,경상남도 김해시 진례면 고모로334
SCF0090,1,고순도 질소 가스 173BT 구매,물품,총액계약,제한경쟁,적격심사제,Y,해군군수사령부,ZD00289,해군군수사령부,ZD00289,87.995,18061149,18000000,16828182,2024-02-06,10:30:00,개찰완료,15906000,88.067,2024-02-06,대신가스주식회사,김영진,김영진,115-88-00896,경기도 안성시 양성면 도곡길36-30
SCF0072,2,치즈스틱,물품,단가계약,제한경쟁,적격심사제,Y,해군군수사령부,ZD00289,해군군수사령부,ZD00289,87.995,7009,7009,7215000,2024-02-06,10:30:00,개찰완료,6177,88.131,2024-02-06,주식회사 류홀마트,양미숙,이윤영,609-81-98033,"경상남도 창원시 진해구 충무로23-0 (신흥동, 블루빌)"
SCF0096,1,안테나 조립체 등 1품목 구매,물품,총액계약,일반경쟁,적격심사제,Y,해군군수사령부,ZD00289,해군군수사령부,ZD00289,82.995,377989617,377000000,350000000,2024-02-06,10:30:00,개찰완료,369950000,97.873,2024-02-06,주식회사 인텔리안테크놀로지스,성상엽,이창민,211-87-45307,경기도 평택시 진위면 진위산단로18-7
SCF0093,1,(긴급) 회로 차단기 등 9종,물품,총액계약,제한경쟁,적격심사제,Y,해군군수사령부,ZD00289,해군군수사령부,ZD00289,87.995,24882364,24914000,23102273,2024-02-06,10:30:00,개찰완료,21897413,88.003,2024-02-06,영진글로벌,윤근영,윤근영,140-10-76559,"경기도 광명시 하안로284, 1209동 13층 04호(하안동, 하안12단지고층주공아파트)"
SCF0102,1,활성탄 등 5종 구매,물품,총액계약,제한경쟁,적격심사제,Y,해군군수사령부,ZD00289,해군군수사령부,ZD00289,87.995,38304178,38000000,36599091,2024-02-06,10:30:00,개찰완료,33705939,87.995,2024-02-06,주식회사 제 일,노창헌,노창헌,127-81-35818,경기도 포천시 중앙로75번길26 (신읍동)
SCF0099,1,(긴급)코어 조립체 유체 냉각기용 등 39종,물품,총액계약,제한경쟁,적격심사제,Y,해군군수사령부,ZD00289,해군군수사령부,ZD00289,87.995,47228870,46998000,44058818,2024-02-06,10:30:00,개찰완료,41559200,87.995,2024-02-06,소망상사,최인숙,최인숙,106-38-98839,"경기도 평택시 안중읍 안현로서6길10, 406-비10호(대원빌딩)"
SCF0098,1,(긴급)메카니컬 씰 등 43종,물품,총액계약,제한경쟁,적격심사제,Y,해군군수사령부,ZD00289,해군군수사령부,ZD00289,87.995,82517893,82298000,78468909,2024-02-06,10:30:00,개찰완료,72678980,88.076,2024-02-06,에이스상사,김일천,김일천,585-51-00954,"부산광역시 사하구 다대로339, 1914호(장림동, 극동정림아파트)"
SCF0103,1,특수봉인지 1종 구매,물품,총액계약,제한경쟁,적격심사제,Y,해군군수사령부,ZD00289,해군군수사령부,ZD00289,87.995,89543188,89000000,82909091,2024-02-06,10:30:00,개찰완료,78794202,87.995,2024-02-06,가온테크,이종국,이종국,671-31-00918,경기도 시흥시 구수미2길11-0 (미산동)
SCG0002,1,등  아군식별용 45EA,물품,총액계약,제한경쟁,적격심사제,Y,해군본부,1290326,해군본부,1290326,87.995,21268529,21340000,19800000,2024-02-06,11:00:00,개찰완료,18745397,88.136,2024-02-06,오성기획,오병효,오병효,401-23-27370,충청남도 계룡시 서금암1길8호
SCH0005,2,24-1호 배추김치 등 7종 구매,물품,총액계약,제한경쟁,적격심사제,Y,해군작전사령부,ZD00137,해군작전사령부,ZD00137,87.995,80552216,81100000,75272727,2024-02-06,10:30:00,개찰완료,71279736,88.488,2024-02-06,주식회사청미각식품,손병섭,손병섭,205-88-01922,부산광역시 금정구 오륜대로70 (부곡동)
SCQ0007,1,24-평 폐기물(폐합성수지) 처리 용역,용역,총액계약,제한경쟁,적격심사제,Y,제9911부대,1290334,제9911부대,1290334,84.245,155190358,154800000,144000000,2024-02-06,10:30:00,개찰완료,131085480,84.467,2024-02-07,티와이산업,권칠범,이서윤,745-22-00779,경기도 화성시 양감면 사격장길88-16
UMM0021,1,24-F-○○행사장 조경용역,용역,총액계약,제한경쟁,적격심사제,Y,국군재정관리단,ZD00303,국군재정관리단,ZD00303,87.995,83884766,83780000,79119109,2024-02-06,11:00:00,개찰완료,73819156,88,2024-02-06,주식회사 도남엘앤씨,이인숙,이인숙,120-86-12065,"경기도 성남시 분당구 정자일로136 , 301동711호(정자동,정자역엠코헤리츠3단지)"
UMM0020,1,24-D-체력단련장 비료 구매(241005-F),물품,총액계약,제한경쟁,적격심사제,Y,국군재정관리단,ZD00303,국군재정관리단,ZD00303,87.995,159317640,157820000,188342818,2024-02-06,11:00:00,개찰완료,157493000,98.854,2024-02-06,(주)동건,윤영현,윤영현,215-86-62413,강원특별자치도 동해시 전천로245-2 (북평동)
UMM0025,1,(24F027-A) 음식물류 폐기물위탁처리용역,용역,총액계약,제한경쟁,적격심사제,Y,국군재정관리단,ZD00303,국군재정관리단,ZD00303,84.245,107277051,108211760,100341818,2024-02-06,11:00:00,개찰완료,90691140,84.539,2024-02-06,태민환경,전혜경,전혜경,470-95-01413,"경기도 가평군 가평읍 보납로22, 2층 나호"
UMM0024,1,24-F- 디지털 공기자료 시험세트 구매(249004-F),물품,총액계약,일반경쟁,적격심사제,Y,국군재정관리단,ZD00303,국군재정관리단,ZD00303,82.995,293288045,292380000,271122727,2024-02-06,11:00:00,개찰완료,243424110,82.998,2024-02-06,상우기업주식회사,배상우,임용태,124-81-53461,경기도 화성시 풀무골로60번길4-6(중동)
UMM0026,1,24-N-오수관거시설 민간위탁 관리용역,용역,총액계약,일반경쟁,적격심사제,Y,국군재정관리단,ZD00303,국군재정관리단,ZD00303,85.495,323675793,322950000,305722727,2024-02-06,11:00:00,개찰완료,276884800,85.543,2024-02-06,주식회사 에코비트워터,김인석,주치훈,677-86-01176,"경기도 성남시 수정구 위례서일로18, 205호(창곡동)"
MHD0106,1,유도무기 신뢰수준 및 시험사격 적정수량 연구,용역,총액계약,협상에의한계약(전자),협상,N,방위사업청(운영지원과),1690000,방위사업청(운영지원과),1690000,,50000000,,45454545,2024-02-07,15:00:00,개찰완료,45000000,90,2024-05-22,(사)21세기군사연구소,김진욱,박계향,108-82-05061,"서울특별시 금천구 가산디지털2로184, 10층 1017호(가산동, 벽산디지털밸리2차)"
UMM0818,1,24-M-이동식화장실 및 샤워장 임차용역,용역,총액계약,제한경쟁,적격심사제,Y,국군재정관리단,ZD00303,국군재정관리단,ZD00303,87.745,150622594,149880000,139090909,2024-02-07,11:00:00,개찰완료,132176175,87.753,2024-02-07,강산하우징,강신대,강신대,517-65-00128,충청북도 충주시 신니면 신덕로56
HDM0004,2,24년 에이스가든 식자재 구매,물품,총액계약,제한경쟁,적격심사제,Y,공군제17전투비행단,ZD00206,공군제17전투비행단,ZD00206,82.995,742905366,740901990,673547264,2024-02-07,10:30:00,개찰완료,616578600,82.995,2024-02-13,파머스 미트,조성겸,조성겸,270-27-00421,"부산광역시 강서구 맥도강변길912-43, 별관 1층(대저2동)"
HDT0003,1,24년 독수리회관 농  수  축  공산 납품 계약,물품,총액계약,일반경쟁,적격심사제,Y,공군작사근무지원단,ZD00282,공군작사근무지원단,ZD00282,82.995,729422104,725775600,659796000,2024-02-07,11:00:00,개찰완료,605447550,83.003,2024-02-07,주식회사 아름상사,박정석,박정석,670-88-01470,경기도 화성시 동탄광역환승로63 (오산동)
LCK0003,1,[일반-24-4] '24년 음식물쓰레기 위탁처리 용역,용역,총액계약,제한경쟁,적격심사제,Y,수도방위사령부,ZD00069,수도방위사령부,ZD00069,84.245,114577694,114580000,104163636,2024-02-07,10:30:00,개찰완료,96527000,84.245,2024-02-14,우리산업,김순희,김순희,126-92-29380,경기도 여주시 가남읍 경충대로1527-3
LFN0005,1,24년 생도증식(차돌박이 등 85종)구매,물품,총액계약,제한경쟁,적격심사제,Y,육군3사관학교,1290306,육군3사관학교,1290306,87.995,198997373,200380000,182163636,2024-02-07,14:00:00,개찰완료,176348427,88.618,2024-02-07,주식회사 세븐스타컴퍼니,김동진,김동진,826-86-00110,경상북도 칠곡군 왜관읍 현대로93
LGP0019,1,24년 도하장비 외주정비 용역(강원),용역,총액계약,일반경쟁,적격심사제,Y,제5378부대,ZD00217,제5378부대,ZD00217,87.745,189681286,190000000,172727273,2024-02-07,11:00:00,개찰완료,166850000,87.963,2024-02-07,주식회사 룩스그린,김권호,김성웅,132-81-90152,경기도 화성시 서신면 화남공단로114-13
MCT0001,1,24년 선수 공통피복 제작구매,물품,총액계약,2단계경쟁(동시),최저가격제,N,국군체육부대,1290464,국군체육부대,1290464,0,236113729,236570000,215063636,2024-02-07,10:30:00,개찰완료,136760000,57.921,2024-02-07,주식회사 린코리아,장현기,박건영,209-81-60701,서울특별시 동대문구 답십리로64길75-0 (장안동) 화성빌딩 2층
SCF0031,2,스크램블 에그,물품,단가계약,제한경쟁,적격심사제,Y,해군군수사령부,ZD00289,해군군수사령부,ZD00289,87.995,8483,8411,48906000,2024-02-07,10:30:00,개찰완료,7473,88.09,2024-02-07,블루홀딩스 주식회사,김경태,김경태,608-86-09513,"경상남도 창원시 마산회원구 율림교로6, 329호(양덕동)"
SCF0104,1,(긴급) 밸브  게이트형 등 27종,물품,총액계약,제한경쟁,적격심사제,Y,해군군수사령부,ZD00289,해군군수사령부,ZD00289,87.995,116075447,116024000,108323127,2024-02-07,10:30:00,개찰완료,102142280,87.996,2024-02-07,으뜸,길이랑,길이랑,287-21-01504,"세종특별자치시  보람동로14 (보람동, 호려울마을8단지), 807동 801호"
SFH0011,2,재고번호미입력품목,물품,단가계약,제한경쟁,적격심사제,Y,제9196부대,ZD00370,제9196부대,ZD00370,82.995,375017745,374731980,347478755,2024-02-07,10:30:00,개찰완료,335525640,89.469,2024-02-07,대청가스,김근영,김근영,751-24-00540,인천광역시 옹진군 대청면 대청리470-3
UMM0027,1,24-N-해군지 제작 용역,용역,총액계약,제한경쟁,적격심사제,Y,국군재정관리단,ZD00303,국군재정관리단,ZD00303,87.745,145744530,145360000,134792155,2024-02-07,11:00:00,개찰완료,127894710,87.752,2024-02-07,방형식디자인,이승환,박신혜,220-02-10504,"서울특별시 금천구 가산디지털2로 98, 2동 1203호(가산동, IT캐슬)"
UMM0023,1,24-M-병영시설 민간 전문방제 위탁 용역,용역,총액계약,일반경쟁,적격심사제,Y,국군재정관리단,ZD00303,국군재정관리단,ZD00303,77.995,974166514,969640000,1043400000,2024-02-07,11:00:00,개찰완료,761606048,78.18,2024-03-20,주식회사 케어원,김호영,용찬휘,220-87-21411,"서울특별시 강남구 역삼로148, 3층 (역삼동, 굿잡빌딩)"
UMM0022,1,24-M-페인트 18종 제조(248002-F),물품,총액계약,제한경쟁,적격심사제,Y,국군재정관리단,ZD00303,국군재정관리단,ZD00303,87.995,175842001,176500000,163669545,2024-02-07,11:00:00,개찰완료,155310000,88.323,2024-02-07,동서화인켐 주식회사,이영관,이소민,621-81-65250,경상남도 양산시 상북면 소토3길 8()
LDH0880,2,00공장 크레인체계 개선 관급자재,물품,총액계약,일반경쟁,적격심사제,Y,제2879부대,ZD00347,제2879부대,ZD00347,82.995,332279974,329774000,299794545,2024-02-08,11:00:00,개찰완료,277924530,83.641,2024-02-08,미성엔지니어링,이희영,이희영,114-17-08314,경기도 김포시 양촌읍 황금3로7번길36-0
LDH0881,2,00부대 갠트리크레인 제조설치(2024),물품,총액계약,일반경쟁,적격심사제,Y,제2879부대,ZD00347,제2879부대,ZD00347,82.995,354352736,351314000,319376364,2024-02-08,11:00:00,개찰완료,296077850,83.554,2024-02-08,미성엔지니어링,이희영,이희영,114-17-08314,경기도 김포시 양촌읍 황금3로7번길36-0
LCF0005,1,탐지기 가스용 1항목 구매(화생방),물품,총액계약,제한경쟁,적격심사제,Y,육군군수사령부,1290307,육군군수사령부,1290307,87.995,14951524,15000000,14045455,2024-02-08,16:00:00,개찰완료,13158000,88.004,2024-02-08,윈앤윈,강석범,강석범,745-01-00736,"서울특별시 동작구 사당로23아길66, 202호(사당동, 대도빌라)"
LDH0049,1,특무 발칸 핀 등 10종구매,물품,총액계약,제한경쟁,적격심사제,Y,제2879부대,ZD00347,제2879부대,ZD00347,87.995,8948522,8915000,8266738,2024-02-08,13:00:00,개찰완료,7874800,88.001,2024-02-08,현대정밀가스켓,이의정,이의정,605-45-63500,부산광역시 사상구 가야대로175번길29-0 (감전동)
MDD0025,1,2024년 의료폐기물 위탁처리 용역,용역,총액계약,제한경쟁,적격심사제,Y,국군수도병원,ZD00236,국군수도병원,ZD00236,84.245,152611421,152880000,141818182,2024-02-08,11:00:00,개찰완료,130479500,85.497,2024-02-08,주식회사 에코비트로직스중부,양승한,김홍규,664-86-03009,충청남도 금산군 복수면 수영길20
MDD0026,1,2024년 음식물폐기물 위탁처리 용역,용역,총액계약,제한경쟁,적격심사제,Y,국군수도병원,ZD00236,국군수도병원,ZD00236,84.245,117852301,117982200,109445455,2024-02-08,11:00:00,개찰완료,99335000,84.287,2024-02-08,오션환경,김진태,김진태,866-55-00661,경기도 광명시 범안로1035-0 (하안동)
SCF0106,1,(긴급)폴리톤 합판 4.8MM 등 16종,물품,총액계약,제한경쟁,적격심사제,Y,해군군수사령부,ZD00289,해군군수사령부,ZD00289,87.995,27722548,27917000,27015455,2024-02-08,10:30:00,개찰완료,24396000,88,2024-02-08,윈아트,오민탁,오수경,123-09-72232,"경기도 군포시 고산로 166, 103동 905호(당정동, SK벤티움)"
SFC0004,1,의무장비(시력측정기 자동식 등 2종) 구매,물품,총액계약,제한경쟁,적격심사제,Y,제9691부대,ZD00152,제9691부대,ZD00152,87.995,29245817,29313720,27181818,2024-02-08,10:30:00,개찰완료,25734920,87.995,2024-02-08,삼성케어,이병선,이병선,447-13-01528,"전라남도 목포시 하당로101-1 , 1층(상동)"
SFG0007,1,열쇠보관함 등 18품목 구매,물품,총액계약,제한경쟁,적격심사제,Y,제9181부대,ZD00151,제9181부대,ZD00151,87.995,37362085,37474900,39999909,2024-02-08,10:30:00,개찰완료,32876777,87.995,2024-02-08,제이더블유(JW)아키,강정우,강정우,116-05-63377,"경기도 용인시 기흥구 중부대로382-0 (신갈동), 2층 206호"
SFG0008,1,펀치 등 142품목 구매,물품,총액계약,제한경쟁,적격심사제,Y,제9181부대,ZD00151,제9181부대,ZD00151,87.995,30464188,30470750,27858773,2024-02-08,10:30:00,개찰완료,26807080,87.995,2024-02-08,(주)씨엘시스템,이규철,염기석,527-86-01279,"경기도 김포시 태장로755-0 (장기동), 4층 407호 지타워 지식산업센터"
SFG0009,1,병기보관 목상자 제조 구매,물품,총액계약,제한경쟁,적격심사제,Y,제9181부대,ZD00151,제9181부대,ZD00151,87.995,20460735,20463200,18975000,2024-02-08,10:30:00,개찰완료,18051000,88.222,2024-02-08,바라크,오용근,오용근,808-56-00338,경기도 남양주시 화도읍 재재기로71번안길12-52
UMM0031,1,(24F016-A) 창정비장비 및 위탁용역 수송,용역,총액계약,일반경쟁,적격심사제,Y,국군재정관리단,ZD00303,국군재정관리단,ZD00303,82.995,530965450,529636540,539781818,2024-02-08,11:00:00,개찰완료,441987703,83.242,2024-02-08,주식회사 한진,노삼석,은우람,201-81-02823,서울특별시 중구 남대문로63-0 (남대문로2가))
UMM0036,1,(24F023-B) '24년 음식물류 폐기물 위탁처리 용역,용역,총액계약,일반경쟁,적격심사제,Y,국군재정관리단,ZD00303,국군재정관리단,ZD00303,80.495,444216109,444205880,411900000,2024-02-08,11:00:00,개찰완료,357698523,80.523,2024-02-08,중원산업,김경민,김경민,381-90-00161,"충청북도 충주시 대소원면 산정독정길222, 경복빌딩 203호"
SCN0196,2,24-진 해상식당 민간위탁 급식 용역,용역,총액계약,협상에의한계약(전자),협상,N,제7001부대,ZD00259,제7001부대,ZD00259,0,19557257600,19557257600,17779325091,2024-02-13,11:00:00,개찰완료,19557257600,100,2024-02-27,주식회사 풀무원푸드앤컬처,이동훈,김상철,214-86-08930,서울특별시 송파구 송파대로34길29(송파동)
LHK0001,1,재고번호미입력품목,물품,단가계약,2단계경쟁(동시),최저가격제,N,제2군단,ZD00407,제2군단,ZD00407,0,8000,8000,127272727,2024-02-13,11:00:00,개찰완료,8000,100,2024-02-14,주식회사 치악인터네셔날,원응식,원응식,259-87-01301,강원특별자치도 횡성군 안흥면 덧재로530
LHR0005,1,(육성)청주 '24년 예비군 수송버스 임차용역,용역,총액계약,제한경쟁,적격심사제,Y,제5019부대,ZD00102,제5019부대,ZD00102,87.745,196643187,196000000,178181818,2024-02-13,11:00:00,개찰완료,173872500,88.42,2024-02-13,주식회사 스카이투어,박창용,박영재,301-81-54543,"충청북도 청주시 서원구 남지로21번길9-0 (미평동, BJ산림개발)"
LQG0003,1,재고번호미입력품목,물품,단가계약,2단계경쟁(동시),최저가격제,N,육군 52보병사단,ZD00273,육군 52보병사단,ZD00273,0,8000,8000,410210909,2024-02-13,13:00:00,개찰완료,8000,100,2024-02-23,(주)기락,송옥섭,송옥섭,204-86-12155,경기도 남양주시 별내면 송산로넉바위길6
LQG0004,1,재고번호미입력품목,물품,단가계약,2단계경쟁(동시),최저가격제,N,육군 52보병사단,ZD00273,육군 52보병사단,ZD00273,0,8000,8000,406181818,2024-02-13,13:00:00,개찰완료,8000,100,2024-02-23,(주)기락,송옥섭,송옥섭,204-86-12155,경기도 남양주시 별내면 송산로넉바위길6
LQG0005,1,재고번호미입력품목,물품,단가계약,2단계경쟁(동시),최저가격제,N,육군 52보병사단,ZD00273,육군 52보병사단,ZD00273,0,8000,8000,379556364,2024-02-13,13:00:00,개찰완료,8000,100,2024-02-23,두진푸드시스템,임지연,임지연,137-16-82722,"인천광역시 서구 백범로968, 1층 (가좌동)"
LQG0006,1,재고번호미입력품목,물품,단가계약,2단계경쟁(동시),최저가격제,N,육군 52보병사단,ZD00273,육군 52보병사단,ZD00273,0,8000,8000,360858182,2024-02-13,13:00:00,개찰완료,8000,100,2024-02-23,두진푸드시스템,임지연,임지연,137-16-82722,"인천광역시 서구 백범로968, 1층 (가좌동)"
MCS0014,1,PVC 바닥타일 등 2종 납품 설치,물품,총액계약,제한경쟁,적격심사제,Y,계룡대근무지원단,1290286,계룡대근무지원단,1290286,87.995,72109638,71882350,66654545,2024-02-13,10:30:00,개찰완료,63455283,87.998,2024-02-13,케이엠컴퍼니,임국묵,임국묵,597-05-02069,충청남도 당진시 계성1길54-7 (읍내동)4층
MCS0015,1,콤비롤스크린 등 2종 납품 설치,물품,총액계약,제한경쟁,적격심사제,Y,계룡대근무지원단,1290286,계룡대근무지원단,1290286,87.995,64756335,64705880,60000000,2024-02-13,10:30:00,개찰완료,57009000,88.036,2024-02-13,새한커텐상사,김현옥,이명구,402-09-22993,전북특별자치도 전주시 완산구 중화산로111-0 (중화산동2가)
MHP0001,1,실험실감정장비(LIMS)유지보수 용역,용역,총액계약,제한경쟁,적격심사제,Y,국방부유해발굴감식단,1291087,국방부유해발굴감식단,1291087,87.745,24939751,24982406,23127273,2024-02-13,11:00:00,개찰완료,21923300,87.905,2024-02-13,경안이엔지(주),금동중,김은영,206-81-82837,"서울특별시 광진구 아차산로78길110-0 (광장동, 리버힐오피스텔) 310"
MHP0002,1,DNA시료채취 키트 구매 ,물품,총액계약,제한경쟁,적격심사제,Y,국방부유해발굴감식단,1291087,국방부유해발굴감식단,1291087,87.995,52781597,52500000,56818182,2024-02-13,11:00:00,개찰완료,46589820,88.269,2024-02-13,유한회사 대산디컴,안중성,안중성,507-87-02591,"서울특별시 서초구 강남대로107길21, 2층(잠원동, 대능빌딩)"
ET60003,2,공지통신무전기 성능개량(500MD  지휘기),물품,총액계약,협상에의한계약(서류),협상,N,방위사업청,1690000,방위사업청,1690000,,,22883000000,0,2024-02-14,15:30:00,개찰완료,22860117000,,2024-07-22,한화시스템(주),손재일,,513-81-17175,"경상북도 구미시 1공단로 244, 사서함50호(공단동)"
LCH0005,1,00부대 간편식 구매(1-24-물-1),물품,총액계약,제한경쟁,적격심사제,Y,특수전사령부,ZD00055,특수전사령부,ZD00055,87.995,42001828,41634000,37849091,2024-02-14,10:30:00,개찰완료,36992370,88.073,2024-02-15,아주상사,정선희,정선희,704-04-01507,"경기도 화성시 동탄광역환승로63, 106동 301호(오산동)"
LCH0010,1,00부대 버스 임차 용역(11-24-용-1),용역,총액계약,제한경쟁,적격심사제,Y,특수전사령부,ZD00055,특수전사령부,ZD00055,87.745,130149675,130000000,118181818,2024-02-14,10:30:00,개찰완료,114723400,88.147,2024-02-14,(유)나라고속,지상룡,지상룡,408-81-97988,광주광역시 남구 송암로24번가길10(송하동)
LCH0011,1,00부대 버스 임차 용역(13-24-용-1),용역,총액계약,제한경쟁,적격심사제,Y,특수전사령부,ZD00055,특수전사령부,ZD00055,87.745,68168953,67485180,61350164,2024-02-14,10:30:00,개찰완료,61546500,90.285,2024-02-14,(주)대원고속관광,김동현,조성민,302-81-05797,"대전광역시 중구 태평로44번길27, 309호(유천동, 현암에버드림)"
LCH0009,1,위탁처리 용역,용역,단가계약,제한경쟁,적격심사제,Y,특수전사령부,ZD00055,특수전사령부,ZD00055,84.245,169,170,64306364,2024-02-14,10:30:00,개찰완료,143,84.533,2024-02-14,에봇농장,김성희,김성희,639-90-00060,경기도 연천군 청산면 평화로151번길43-0
LCP0013,1,24년 자동차 임차용역(1차),용역,총액계약,제한경쟁,적격심사제,Y,육군제8971부대,ZD00098,육군제8971부대,ZD00098,87.745,36480469,36705882,34036364,2024-02-14,11:30:00,개찰완료,35100000,96.215,2024-02-14,주식회사 레드캡투어,인유성,김병직,111-81-26895,"서울특별시 중구 을지로100, 비동 19층(을지로2가, 파인에비뉴)"
LDH0052,1,24-1차 물류이동장비(리치트럭) 구매,물품,총액계약,제한경쟁,적격심사제,Y,제2879부대,ZD00347,제2879부대,ZD00347,87.995,28699392,28647000,26564000,2024-02-14,13:00:00,개찰완료,25339000,88.291,2024-02-14,한성이앤씨 주식회사,황용수,강정현,606-86-52353,부산광역시 강서구 도도본리길68-0 (대저2동)
LDH0053,1,24-2차 물류이동장비(6 000LB 디젤 지게차) 구매,물품,총액계약,제한경쟁,적격심사제,Y,제2879부대,ZD00347,제2879부대,ZD00347,87.995,47160099,47450000,44000000,2024-02-14,13:00:00,개찰완료,41542189,88.087,2024-02-14,주식회사 삼마기업,이가은,김혁진,473-88-02505,"서울특별시 마포구 월드컵로34길6, 1동 14층 1406호(성산동,태림센트윈2차)"
LDH0058,1,K21 집적회로 디지털형 등 23종 구매,물품,총액계약,제한경쟁,적격심사제,Y,제2879부대,ZD00347,제2879부대,ZD00347,87.995,3449084,3453000,3201996,2024-02-14,13:00:00,개찰완료,3049996,88.429,2024-02-15,구구컴퍼니,김수현,김수현,894-46-00489,경기도 광명시 시청로29번길8-1 (철산동)
LDH0066,1,(일장) 다목적굴착기 절연체류 등 25품목 구매,물품,총액계약,제한경쟁,적격심사제,Y,제2879부대,ZD00347,제2879부대,ZD00347,87.995,12887840,12876000,11939759,2024-02-14,13:00:00,개찰완료,11720000,90.938,2024-02-15,DGI산업,백지윤,백지윤,607-16-48427,"부산광역시 동래구 차밭골로21번길36, 1층 (온천동)"
LDH0069,1,(자재) 도장자재 포리빠데 등 11종 구매,물품,총액계약,제한경쟁,적격심사제,Y,제2879부대,ZD00347,제2879부대,ZD00347,87.995,9523626,9512000,8821069,2024-02-14,12:00:00,개찰완료,8465204,88.886,2024-02-15,주식회사 창원상사,이은석,이은석,804-81-00357,경상북도 포항시 남구 대해로89-1 (대도동)
LDH0068,1,(자재) 특수윤활유 윤활그리스 등 16종 구매,물품,총액계약,제한경쟁,적격심사제,Y,제2879부대,ZD00347,제2879부대,ZD00347,87.995,24500571,24503000,22721165,2024-02-14,12:00:00,개찰완료,22401600,91.432,2024-02-15,주식회사 성우,김정애,김정애,594-81-00498,부산광역시 강서구 신호산단3로88번길68 (신호동)
LHR0001,1,도시락,물품,단가계약,2단계경쟁(동시),최저가격제,N,제5019부대,ZD00102,제5019부대,ZD00102,0,8000,8000,7273,2024-02-14,10:00:00,개찰완료,8000,100,2024-02-14,주식회사행복담은네모,곽호근,최정아,301-86-04164,충청북도 청주시 흥덕구 1순환로614번길12 (봉명동)
LHR0002,1,도시락,물품,단가계약,2단계경쟁(동시),최저가격제,N,제5019부대,ZD00102,제5019부대,ZD00102,0,8000,8000,7273,2024-02-14,10:00:00,개찰완료,8000,100,2024-02-14,주식회사행복담은네모,곽호근,최정아,301-86-04164,충청북도 청주시 흥덕구 1순환로614번길12 (봉명동)
LHR0003,1,도시락,물품,단가계약,2단계경쟁(동시),최저가격제,N,제5019부대,ZD00102,제5019부대,ZD00102,0,8000,8000,7273,2024-02-14,10:00:00,개찰완료,8000,100,2024-02-14,주식회사행복담은네모,곽호근,최정아,301-86-04164,충청북도 청주시 흥덕구 1순환로614번길12 (봉명동)
LQH0002,2,24년 예비군 도시락 제조 납품(1권역),물품,총액계약,협상에의한계약(전자),협상,N,제3697부대,ZD00248,제3697부대,ZD00248,,444440000,,404036364,2024-02-14,13:00:00,개찰완료,444440000,100,2024-02-23,(주)기락,송옥섭,송옥섭,204-86-12155,경기도 남양주시 별내면 송산로넉바위길6
LQH0003,2,24년 예비군 도시락 제조 납품(2권역),물품,총액계약,협상에의한계약(전자),협상,N,제3697부대,ZD00248,제3697부대,ZD00248,,898904000,,817185455,2024-02-14,13:00:00,개찰완료,898904000,100,2024-02-23,(주)기락,송옥섭,송옥섭,204-86-12155,경기도 남양주시 별내면 송산로넉바위길6
MCF0002,2,24년 충혼당용 유골함 제조 구매,물품,총액계약,제한경쟁,적격심사제,Y,국립서울현충원,1290225,국립서울현충원,1290225,84.245,83237588,82820000,76801818,2024-02-14,10:30:00,개찰완료,71225200,85.568,2024-02-14,화림경산업(주),유한근,유한근,215-86-27283,"서울특별시 송파구 송파대로416, 301호(송파동)"
MDG0011,1,24년 의무장비(수술등 천정식) 구매,물품,총액계약,제한경쟁,적격심사제,Y,국군의무사령부,1290291,국군의무사령부,1290291,87.995,42969282,43120000,40000000,2024-02-14,11:00:00,개찰완료,37815000,88.004,2024-02-14,현 메디칼(주),임종범,홍상혁,314-86-04627,대전광역시 유성구 노은서로2-0 (노은동) 201호
MDG0012,1,24년 의무장비(도상검안경) 구매,물품,총액계약,제한경쟁,적격심사제,Y,국군의무사령부,1290291,국군의무사령부,1290291,87.995,22459741,22638000,21000000,2024-02-14,11:00:00,개찰완료,19764332,87.998,2024-02-14,호호아(HOHOA),조현자,조현자,873-35-00676,"경기도 용인시 수지구 죽전로172, 3층 335호-B0008호 (죽전동, 단국프라자)"
MDK0007,1,23-3차 아크부대 재보급물자 수송관리 용역,용역,총액계약,일반경쟁,적격심사제,Y,국군수송사령부,1290460,국군수송사령부,1290460,87.745,173781418,174535700,163510909,2024-02-14,10:30:00,개찰완료,152580500,87.8,2024-02-14,(주)에스티해운,오성택,김동현,104-81-49717,서울특별시 서초구 서초동1660-26 골드빌딩 2층
MDW0005,1,24년 1학기 1차 교재 구매,물품,총액계약,제한경쟁,적격심사제,Y,국군간호사관학교,ZD00244,국군간호사관학교,ZD00244,90,94401098,93737000,85215455,2024-02-14,10:30:00,개찰완료,84961512,90,2024-02-14,연남기획,변상준,변상준,867-16-01816,서울특별시 중구 중림로2길13-3(중림동)
SCF0108,1,펌프  회전식 1종 구매,물품,총액계약,제한경쟁,적격심사제,Y,해군군수사령부,ZD00289,해군군수사령부,ZD00289,87.995,145770634,145000000,135000000,2024-02-14,10:30:00,개찰완료,128271500,87.995,2024-02-14,해솔,김수봉,김수봉,362-09-02006,"경기도 포천시 소흘읍 호국로717, 301호"
SCH0022,1,24-3호 반판두부 등 22종 구매,물품,총액계약,일반경쟁,적격심사제,Y,해군작전사령부,ZD00137,해군작전사령부,ZD00137,82.995,161630906,159900000,148350000,2024-02-14,10:30:00,개찰완료,134363000,83.129,2024-02-14,주식회사 담올,김미라,김대현,311-86-02241,"부산광역시 강서구 낙동북로102번길5-0 (강동동), 1층"
SCI0002,1,AIP수소(9 200KG) 납품,물품,총액계약,일반경쟁,적격심사제,Y,제9121부대,ZD00141,제9121부대,ZD00141,87.995,187054908,188500000,174800000,2024-02-14,10:30:00,개찰완료,165360800,88.402,2024-02-14,신라특수가스,김경희,조선영,129-33-08577,경기도 시흥시 오이도로22-29 (정왕동)
SCQ0011,1,24-평 폐기물(음식물류) 처리 용역,용역,총액계약,제한경쟁,적격심사제,Y,제9911부대,1290334,제9911부대,1290334,84.245,131380948,132600000,124090909,2024-02-14,10:30:00,개찰완료,111540000,84.898,2024-02-15,이엘투엘주식회사,원관호,박순성,125-81-65034,경기도 안성시 원곡면 산하리395번지
SCR0007,1,펌프  회전식 등 12종 구매,물품,총액계약,제한경쟁,적격심사제,Y,해군제3함대사령부,ZD00155,해군제3함대사령부,ZD00155,87.995,46792357,47080000,43658818,2024-02-14,10:30:00,개찰완료,41175970,87.997,2024-02-20,야은물산,전계영,전계영,533-09-02326,"광주광역시 남구 제중로111, 103-1401 (서동, 남구 서동 영무예다음)"
SCR0009,1,피니슁 오일 등 7종 구매,물품,총액계약,제한경쟁,적격심사제,Y,해군제3함대사령부,ZD00155,해군제3함대사령부,ZD00155,87.995,8609502,8650000,8022636,2024-02-14,10:30:00,개찰완료,7576276,87.999,2024-02-20,희현코퍼레이션,허미희,허미희,741-55-00585,인천광역시 남동구 선수촌로56(구월동) 501-2102
SCR0010,1,금속 방부제 등 8종 구매,물품,총액계약,제한경쟁,적격심사제,Y,해군제3함대사령부,ZD00155,해군제3함대사령부,ZD00155,87.995,43205839,43460000,40301000,2024-02-14,10:30:00,개찰완료,38020120,87.997,2024-02-20,한울커머스,정명환,정명환,416-16-78062,"전라남도 순천시 원가곡2길17, 제108동 제지1층 제101호 한울커머스(가곡동, 가곡동 영무예다음 아파트)"
SCR0006,1,패킹 등 20종 구매,물품,총액계약,제한경쟁,적격심사제,Y,해군제3함대사령부,ZD00155,해군제3함대사령부,ZD00155,87.995,16014752,16130000,14958818,2024-02-14,10:30:00,개찰완료,14094410,88.008,2024-02-20,더 까까주까 우승오피스마트,오순옥,오순옥,220-03-74693,경기도 남양주시 퇴계원읍 도제원로98-0
SCR0011,1,회로카드 조립체 등 7종 구매,물품,총액계약,제한경쟁,적격심사제,Y,해군제3함대사령부,ZD00155,해군제3함대사령부,ZD00155,87.995,7148748,7160000,6639727,2024-02-14,10:30:00,개찰완료,6290562,87.995,2024-02-20,우성종합상사,이동건,이동건,815-11-01445,전라남도 목포시 삼학로141 (산정동) 2층
SFC0005,1,의무장비(산소소생기 자동식) 구매,물품,총액계약,제한경쟁,적격심사제,Y,제9691부대,ZD00152,제9691부대,ZD00152,87.995,3900970,3921560,3636364,2024-02-14,10:30:00,개찰완료,3432696,87.995,2024-02-14,주식회사 한마음플러스,이희준,이희준,446-87-01792,"경기도 포천시 소흘읍 광릉수목원로836번길4-13, 1층"
UAB0018,1,’24년 국방컨벤션 주류 계약,물품,총액계약,제한경쟁,적격심사제,Y,국군복지단,ZD00882,국군복지단,ZD00882,87.995,111339772,112070070,103919527,2024-02-14,10:00:00,개찰완료,111266700,99.934,2024-02-22,유한회사 금호주류상사,도현승,도현승,126-86-58701,경기도 광주시 오포읍 되치미길13-0
UAC0006,1,인쇄용지 3종 수시구매(스노아트지120gB 등 3종),물품,총액계약,제한경쟁,적격심사제,Y,국방출판지원단,ZD00908,국방출판지원단,ZD00908,87.995,46971190,47304000,43881818,2024-02-14,11:00:00,개찰완료,41332900,87.996,2024-02-14,아이테르,이종석,이종석,601-38-23681,"인천광역시 서구 심곡로135, 101동 1601호(심곡동, 대동아파트)"
UMM0043,1,24-F-공군 체력단련장 체육시설업자 배상책임보험,용역,총액계약,일반경쟁,적격심사제,Y,국군재정관리단,ZD00303,국군재정관리단,ZD00303,47.995,151493371,152040000,155084700,2024-02-14,11:00:00,개찰완료,106312100,70.176,2024-02-14,삼성화재해상보험 주식회사,이문화,김지수,202-81-45617,서울특별시 서초구 서초대로74길14 (서초동)
UMM0041,1,24-M-윤형철조망 등 4품목 제조,물품,총액계약,제한경쟁,적격심사제,Y,국군재정관리단,ZD00303,국군재정관리단,ZD00303,87.995,175617570,175300000,162552800,2024-02-14,11:00:00,개찰완료,154752000,88.118,2024-02-14,주식회사동서에코글로벌,우승헌,김민지,313-81-08339,충청남도 보령시 산업단지길10-81 (웅천읍)
UMM0035,1,24-D-체력단련장 농약 14종 구매,물품,총액계약,제한경쟁,적격심사제,Y,국군재정관리단,ZD00303,국군재정관리단,ZD00303,87.995,207403047,207670000,192574700,2024-02-14,11:00:00,개찰완료,182559950,88.021,2024-02-14,주식회사 비즈아그로,배형욱,장은경,578-88-01117,울산광역시 울주군 온산읍 화산로121-5 마동
UMM0033,1,24-F-체력단련장 비료 구매,물품,총액계약,제한경쟁,적격심사제,Y,국군재정관리단,ZD00303,국군재정관리단,ZD00303,87.995,188739232,188120000,181777091,2024-02-14,11:00:00,개찰완료,166081810,87.995,2024-02-14,씨에스컴퍼니,나철수,나철수,424-08-01327,"서울특별시 강동구 천호대로1139,11층 알1156호(길동)"
UMM0038,1,24-M-육로화물 수송 용역,용역,총액계약,일반경쟁,적격심사제,Y,국군재정관리단,ZD00303,국군재정관리단,ZD00303,77.995,1382421203,1392230000,1290983182,2024-02-14,11:00:00,개찰완료,1081910000,78.261,2024-02-14,현대글로비스 주식회사,이규복,조재환,106-81-97118,"서울특별시 성동구 왕십리로83-21 (성수동1가, 아크로 서울포레스트)"
HCM0013,1,계약) '24년 교육사 병사식당 급식류 식자재 구매,물품,총액계약,제한경쟁,적격심사제,Y,공군교육사령부,ZD00172,공군교육사령부,ZD00172,82.995,672241369,668977004,608160913,2024-02-15,10:30:00,개찰완료,558058250,83.014,2024-02-15,다해푸드,김기숙,김기숙,305-26-37042,대전광역시 유성구 반석서로19번길35-0 (지족동)
LBB0004,1,24-1차 일반폐기물 위탁처리 용역,용역,총액계약,일반경쟁,적격심사제,Y,육군제7789부대,ZD00074,육군제7789부대,ZD00074,84.245,144157131,144401960,133900000,2024-02-15,10:30:00,개찰완료,121658600,84.393,2024-02-16,주식회사 조은환경개발,김애경,김애경,733-87-01468,경기도 양주시 칠봉산로314번길101-0 (봉양동)
LBB0005,3,24-1차 지정폐기물 위탁처리 용역,용역,총액계약,일반경쟁,적격심사제,Y,육군제7789부대,ZD00074,육군제7789부대,ZD00074,84.245,126023368,126575490,117370000,2024-02-15,10:30:00,개찰완료,106804398,84.749,2024-02-16,(주)케이에스에너지,김광수,이재석,140-81-29911,경기도 화성시 정남면 내향로240-55 (주)케이에스에너지
LGP0039,1,24년 민수용 감시장비 외주정비 용역,용역,총액계약,제한경쟁,적격심사제,Y,제5378부대,ZD00217,제5378부대,ZD00217,87.745,20138938,20000000,18181818,2024-02-15,11:00:00,개찰완료,17840000,88.584,2024-02-15,(주)유투에스알,윤사빈,홍희주,217-81-27829,"경기도 고양시 일산동구 하늘마을로158-0 (중산동) 대방트리플라온 C동 1101호, 1103호"
LNQ0002,1,재고번호미입력품목,물품,단가계약,2단계경쟁(동시),최저가격제,N,제17보병사단,ZD00375,제17보병사단,ZD00375,,8000,,407200000,2024-02-15,14:00:00,개찰완료,8000,100,2024-02-15,주식회사 정담에프엔에스,민동현,민동현,633-86-01370,"경기도 부천시 원미구 신흥로318, 4층, 6층 일부(약대동, 한성빌딩)"
LNQ0003,1,24년 음식물류 폐기물 수거 및 위탁처리 용역,용역,총액계약,일반경쟁,적격심사제,Y,제17보병사단,ZD00375,제17보병사단,ZD00375,80.495,220207434,222033000,201848182,2024-02-15,10:30:00,개찰완료,178169130,80.909,2024-02-15,부자농장,김승규,김승규,233-96-00092,경기도 연천군 미산면 동이리274-1
MCD0001,2,국제 해양영역인식 협력 방안 연구,용역,총액계약,협상에의한계약(전자),협상,N,국방부(운영지원과),1290000,국방부(운영지원과),1290000,,32374000,,29430909,2024-02-15,11:00:00,개찰완료,29000000,89.578,2024-02-28,호원대학교 산학협력단,정의붕,배미선,401-82-06673,"전북특별자치도 군산시 임피면 호원대3길 64,"
MCS0017,1,24년 병영식당 자율운영부식 식자재 구매,물품,총액계약,일반경쟁,적격심사제,Y,계룡대근무지원단,1290286,계룡대근무지원단,1290286,87.995,118917893,118569100,109945900,2024-02-15,10:30:00,개찰완료,104660900,88.011,2024-02-15,이레축산,임순희,최유리,606-38-14741,부산광역시 사상구 새벽시장로103번길24-0 (감전동)
MDG0015,1,24년 의무장비(자동시력측정기) 구매,물품,총액계약,제한경쟁,적격심사제,Y,국군의무사령부,1290291,국군의무사령부,1290291,87.995,18436890,18522000,17181818,2024-02-15,11:00:00,개찰완료,16223644,87.995,2024-02-15,봄테크,유경란,유경란,172-01-02727,"경기도 부천시 상일로72-0 (상동, 반달마을)1834동504호"
MDG0013,1,24년 의무장비(기구세척기 초음파 치과용) 구매,물품,총액계약,제한경쟁,적격심사제,Y,국군의무사령부,1290291,국군의무사령부,1290291,87.995,3529921,3528000,3272727,2024-02-15,11:00:00,개찰완료,3236000,91.673,2024-02-15,주식회사 소향,김은율,김도훈,185-81-00858,"경기도 안산시 상록구 중보로22-0 (사동, 늘푸른아파트)상가113호"
MDG0014,1,24년 의무장비(두부진찰등 휴대용) 구매,물품,총액계약,제한경쟁,적격심사제,Y,국군의무사령부,1290291,국군의무사령부,1290291,87.995,9169393,9114000,8454545,2024-02-15,11:00:00,개찰완료,8567000,93.43,2024-02-15,(주)동건,윤영현,윤영현,215-86-62413,강원특별자치도 동해시 전천로245-2 (북평동)
MHD0011,1,해안복합감시체계 사업 비용분석,용역,총액계약,협상에의한계약(전자),협상,N,방위사업청(운영지원과),1690000,방위사업청(운영지원과),1690000,,30000000,,27272727,2024-02-15,15:00:00,개찰완료,29000000,96.666,2024-04-07,사단법인 안보경영연구원,전건욱,조대현,120-82-07415,"서울특별시 강남구 언주로527, 10층 (역삼동)"
SDG0002,1,24-인-내진보강 등 3건 설계용역,용역,총액계약,제한경쟁,적격심사제,Y,제2002부대,ZD00129,제2002부대,ZD00129,87.745,101089343,100672460,93388182,2024-02-15,10:30:00,개찰완료,88713000,87.757,2024-02-15,건축사사무소예가,곽영구,곽영구,125-16-44517,경기도 평택시 서정로 282()
SFC0003,1,24-해병-군악연주회 시행 대행 용역,용역,총액계약,2단계경쟁(동시),최저가격제,N,제9691부대,ZD00152,제9691부대,ZD00152,0,118028813,117976600,112706000,2024-02-15,10:30:00,개찰완료,103000000,87.266,2024-02-15,주식회사 이음에듀테인먼트,박하늘,박하늘,349-86-01835,"서울특별시 관악구 은천로93, 502동201호(봉천동, 벽산블루밍아파트)"
SFG0015,1,엔진블로어 등 13품목 구매,물품,총액계약,제한경쟁,적격심사제,Y,제9181부대,ZD00151,제9181부대,ZD00151,87.995,55433642,55455100,51422091,2024-02-15,10:30:00,개찰완료,48784450,88.005,2024-02-15,베로니카상사,윤서현,윤서현,582-29-01521,"경기도 가평군 청평면 경춘로807-18, 104동 703호(청구아파트)"
SFG0016,1,타이어 구매,물품,총액계약,제한경쟁,적격심사제,Y,제9181부대,ZD00151,제9181부대,ZD00151,87.995,107810162,107360000,99552400,2024-02-15,10:30:00,개찰완료,94868000,87.995,2024-02-15,대성리테일,김진혁,김진혁,121-45-61310,"인천광역시 미추홀구 소성로256번길18 (학익동, 청운아파트) 3동 202호"
SFH0017,1,24년 부대조달부식(김치류) 제조 납품(도서 지역),물품,총액계약,제한경쟁,적격심사제,Y,제9196부대,ZD00370,제9196부대,ZD00370,87.995,476497338,477960780,443200000,2024-02-15,11:00:00,개찰완료,419581732,88.055,2024-02-15,농업회사법인 한백냉장식품 주식회사,김정희,전명희,215-81-46908,경기도 안산시 단원구 시화로109-0 (성곡동)
SFH0020,1,24년 부대조달부식(빵류) 제조 납품(도서 지역),물품,총액계약,제한경쟁,적격심사제,Y,제9196부대,ZD00370,제9196부대,ZD00370,87.995,357902143,356698030,330756364,2024-02-15,11:00:00,개찰완료,349560000,97.669,2024-02-15,(유)목양,임정숙,곽은혜,314-81-26325,충청남도 논산시 연무읍 연무로 320()
SFH0022,2,24년 부대조달부식(부대 가공식품) 납품(도서 지역),물품,총액계약,제한경쟁,적격심사제,Y,제9196부대,ZD00370,제9196부대,ZD00370,82.995,1723204343,1716205490,1591390545,2024-02-15,11:00:00,개찰완료,1430494783,83.013,2024-02-15,광동제약(주),최성원,마정협,113-81-08888,경기도 과천시 과천대로7다길52-0 (갈현동)
SFH0024,2,24년 부대조달부식(두채류) 제조 납품(도서 지역),물품,총액계약,제한경쟁,적격심사제,Y,제9196부대,ZD00370,제9196부대,ZD00370,82.995,627256006,624854110,579410182,2024-02-15,11:00:00,개찰완료,520611383,82.998,2024-02-15,주식회사 일신웰스,박병서,양진영,136-81-01078,충청북도 청주시 흥덕구 강내면 부용남이길111-30
SFH0023,1,24년 부대조달부식(기호식품) 납품(도서 지역),물품,총액계약,제한경쟁,적격심사제,Y,제9196부대,ZD00370,제9196부대,ZD00370,82.995,1667654502,1661166660,1540354545,2024-02-15,11:00:00,개찰완료,1384549007,83.023,2024-02-15,농업회사법인 자연과농부주식회사,김민우,손인태,317-81-34692,충청북도 괴산군 사리면 사리로81-0
LCG0011,2,[24-육-21] 경계시스템 외주정비용역,용역,총액계약,제한경쟁,적격심사제,Y,육군본부,1290298,육군본부,1290298,87.745,108123348,108150060,98424964,2024-02-16,11:00:00,개찰완료,95044620,87.903,2024-02-16,온세계정보통신(주),박미경,전은별,305-81-64776,대전광역시 동구 태전로147번길9(삼성동)
LDH0063,1,고속코어머신 제조,물품,총액계약,제한경쟁,적격심사제,Y,제2879부대,ZD00347,제2879부대,ZD00347,87.995,30315698,30435000,28221818,2024-02-16,13:00:00,개찰완료,26727500,88.163,2024-02-19,혁신산업,김윤정,김윤정,615-19-20663,경상남도 김해시 한림면 한림로515번길224-0
LDH0064,1,스프링 시험기 구매,물품,총액계약,제한경쟁,적격심사제,Y,제2879부대,ZD00347,제2879부대,ZD00347,87.995,35195458,35420000,32844545,2024-02-16,13:00:00,개찰완료,30982400,88.029,2024-02-19,주식회사 대경코리아,조민구,조민구,199-87-02105,경상남도 창원시 의창구 원이대로271 (봉곡동) 3층 314-C호
LHN0004,1,24년 비상수원 식수(생수) 구매계약,물품,총액계약,일반경쟁,적격심사제,Y,제2621부대,ZD00394,제2621부대,ZD00394,82.995,594521017,592656750,538778864,2024-02-16,10:30:00,개찰완료,493429895,82.996,2024-02-16,주식회사 에치와이,변경구,정민호,114-81-70065,서울특별시 서초구 강남대로577-0 (잠원동)
LNQ0001,3,재고번호미입력품목,물품,단가계약,2단계경쟁(동시),최저가격제,N,제17보병사단,ZD00375,제17보병사단,ZD00375,,8000,,556705455,2024-02-16,9:00:00,개찰완료,8000,100,2024-02-16,두진푸드시스템,임지연,임지연,137-16-82722,"인천광역시 서구 백범로968, 1층 (가좌동)"
LQG0013,1,00부대 취사식당 신축공사 건축 감리용역,용역,총액계약,제한경쟁,적격심사제,Y,육군 52보병사단,ZD00273,육군 52보병사단,ZD00273,87.745,203676029,201390000,183081818,2024-02-16,10:30:00,개찰완료,178736870,87.755,2024-02-16,이안건축사사무소,원명숙,원명숙,135-11-34438,"경기도 성남시 수정구 위례동로135, 802-35호(창곡동, 신성위캐슬타워)"
LQH0008,2,노고산 예비군훈련대 영상모의사격장비 유지보수,용역,총액계약,제한경쟁,적격심사제,Y,제3697부대,ZD00248,제3697부대,ZD00248,87.745,88396422,88182350,81769091,2024-02-16,11:00:00,개찰완료,77600000,87.786,2024-02-16,주식회사 코테스,고기종,고기종,327-81-01204,충청북도 청주시 흥덕구 비하로59-2 (비하동)
LQH0009,2,노고산 예비군훈련대 스마트관제장비 유지보수,용역,총액계약,제한경쟁,적격심사제,Y,제3697부대,ZD00248,제3697부대,ZD00248,87.745,69760313,70720580,65577273,2024-02-16,11:00:00,개찰완료,62184086,89.139,2024-02-16,(주) 투데이게이트,김익훈,장동윤,113-86-04679,"서울특별시 금천구 디지털로9길32-0 (가산동, 갑을 그레이트밸리) 비동 804호"
LQH0010,2,노고산 금곡 예비군훈련대 교전훈련장비 유지보수,용역,총액계약,제한경쟁,적격심사제,Y,제3697부대,ZD00248,제3697부대,ZD00248,87.745,129403360,128896070,119521818,2024-02-16,11:00:00,개찰완료,114265800,88.302,2024-02-26,(주)네스랩,이재호,홍성혜,305-81-55132,대전광역시 유성구 테크노2로 194()
LQH0011,2,금곡 예비군훈련대 VR영상모의사격장비 유지보수,용역,총액계약,제한경쟁,적격심사제,Y,제3697부대,ZD00248,제3697부대,ZD00248,87.745,98743129,98697050,91519091,2024-02-16,11:00:00,개찰완료,86783390,87.888,2024-02-16,(주) 투데이게이트,김익훈,장동윤,113-86-04679,"서울특별시 금천구 디지털로9길32-0 (가산동, 갑을 그레이트밸리) 비동 804호"
SFG0017,1,A4 등 421품목 구매,물품,총액계약,제한경쟁,적격심사제,Y,제9181부대,ZD00151,제9181부대,ZD00151,87.995,23760521,23702316,22318182,2024-02-16,10:30:00,개찰완료,20908100,87.995,2024-02-16,(주)이코엠에스,김광수,김광수,110-81-68155,경기도 고양시 일산서구 장자길136번길 43()
UMM0044,1,(24F008-B) '24년 지뢰(불발탄)제거 인원보험 가입,용역,총액계약,일반경쟁,적격심사제,Y,국군재정관리단,ZD00303,국군재정관리단,ZD00303,47.995,449282434,448798000,449319455,2024-02-16,11:00:00,개찰완료,291233320,64.821,2024-02-16,농협손해보험 주식회사,서국동,홍미라,104-86-39719,서울특별시 서대문구 충정로60-0 (미근동)
UMM0048,1,(24F013-B) 24년 사업장 비배출시설계 폐기물처리용역,용역,총액계약,일반경쟁,적격심사제,Y,국군재정관리단,ZD00303,국군재정관리단,ZD00303,80.495,537057691,537400000,498316364,2024-02-16,11:00:00,개찰완료,440944000,82.103,2024-02-16,동원실업,최광섭,정미희,284-95-00322,강원도 춘천시 칠전동산 32
UMM0046,1,24-N-00사 제초용역,용역,총액계약,제한경쟁,적격심사제,Y,국군재정관리단,ZD00303,국군재정관리단,ZD00303,87.995,231133727,231870000,215008182,2024-02-16,11:00:00,개찰완료,203386500,87.995,2024-02-16,주식회사 온숲조경,김문현,이강재,204-86-58471,경상남도 창원시 의창구 하남천서길45-0 (도계동)
UMM0050,1,24 폐쇄식 잠수기셋 구매(U),물품,총액계약,제한경쟁,적격심사제,Y,국군재정관리단,ZD00303,국군재정관리단,ZD00303,87.995,75117026,74880000,69440727,2024-02-16,11:00:00,개찰완료,66104064,88.001,2024-02-16,네오상사,김민애,김민애,625-04-01126,경상북도 포항시 남구 포스코대로147-6 (대잠동)
UMM0049,1,(24F035-B) 24년 음식물류 폐기물 위탁처리 용역,용역,총액계약,일반경쟁,적격심사제,Y,국군재정관리단,ZD00303,국군재정관리단,ZD00303,80.495,248951631,249600000,231447273,2024-02-16,11:00:00,개찰완료,200885520,80.692,2024-02-16,우리산업,김순희,김순희,126-92-29380,경기도 여주시 가남읍 경충대로1527-3
UMM0045,1,(247012-E)전투부상자 전신마네킹 등 3종 구매,물품,총액계약,제한경쟁,적격심사제,Y,국군재정관리단,ZD00303,국군재정관리단,ZD00303,87.995,54556526,53941170,50018182,2024-02-16,11:00:00,개찰완료,48007198,87.995,2024-02-16,한스테크,한연숙,한연숙,682-15-00198,"서울특별시 강서구 곰달래로245, 2-3호(화곡동)"
UMM0042,1,(24F002-G) 24년 영구기록물 DB구축용역,용역,총액계약,제한경쟁,적격심사제,Y,국군재정관리단,ZD00303,국군재정관리단,ZD00303,77.995,1581881871,1567913254,1453883200,2024-02-16,11:00:00,개찰완료,1238400000,78.286,2024-02-16,랜드소프트 주식회사,강세영,강세영,210-86-00955,"서울특별시 서초구 서래로37, 2,3층(반포동)"
UMM0037,1,24-M-부식 민간위탁 배송 용역,용역,총액계약,일반경쟁,적격심사제,Y,국군재정관리단,ZD00303,국군재정관리단,ZD00303,77.995,1763333864,1772790000,1643862555,2024-02-16,11:00:00,개찰완료,1593000000,90.34,2024-02-16,용마로지스주식회사,이종철,김성호,211-86-40630,"경기도 김포시 고촌읍 아라육로78, 2동"
UMM0040,1,(24F017-I) 24년 일반화물 수송 용역,용역,총액계약,일반경쟁,적격심사제,Y,국군재정관리단,ZD00303,국군재정관리단,ZD00303,77.995,1116656176,1108248039,1027648182,2024-02-16,11:00:00,개찰완료,876566000,78.499,2024-02-16,(주)한익스프레스,유인철,김주헌,130-81-16025,경기도 화성시 양감면 초록로103
UMM0047,1,(24F030-A) 육로수송용역(일반화물),용역,총액계약,일반경쟁,적격심사제,Y,국군재정관리단,ZD00303,국군재정관리단,ZD00303,82.995,708072419,708472200,656946955,2024-02-16,11:00:00,개찰완료,587670600,82.995,2024-02-16,용마로지스주식회사,이종철,김성호,211-86-40630,"경기도 김포시 고촌읍 아라육로78, 2동"
HCQ0004,1, '24년 음식물류 폐기물 처리 용역,용역,총액계약,제한경쟁,적격심사제,Y,공군제5공중기동비행단,ZD00193,공군제5공중기동비행단,ZD00193,84.245,163891547,164611760,152640000,2024-02-19,11:00:00,개찰완료,139190700,84.928,2024-02-19,(주)피마,김영수,김강용,606-81-64121,부산광역시 강서구 녹산산업북로465-0 (송정동)
HCS0002,1,24년도 공산품 및 채소류 및 육류 계약(장교회관),물품,총액계약,제한경쟁,적격심사제,Y,제3훈련비행단,ZD00194,제3훈련비행단,ZD00194,82.995,527340106,526133745,487869473,2024-02-19,11:00:00,개찰완료,437693270,83,2024-02-19,미가온,변정순,이용진,106-02-51645,경기도 파주시 장명산길174-20 (오도동)
HCS0001,1,24년도 김치 계약(장교회관),물품,총액계약,제한경쟁,적격심사제,Y,제3훈련비행단,ZD00194,제3훈련비행단,ZD00194,87.995,28028116,28274509,26218182,2024-02-19,11:00:00,개찰완료,24885000,88.785,2024-02-19,주식회사 삼화식품,정태성,정태성,613-81-22395,경상남도 하동군 옥종면 옥단로1653-1
LDA0002,1,24년 00부대 제초(예초)관리용역,용역,총액계약,제한경쟁,적격심사제,Y,지상작전사령부,ZD00279,지상작전사령부,ZD00279,87.745,100584664,101265710,92059736,2024-02-19,11:00:00,개찰완료,88268227,87.755,2024-02-19,(주)삼림,강언모,강언모,142-81-19215,경기도 화성시 하가등길20-2 (봉담읍)
LMR0002,2,재고번호미입력품목,물품,단가계약,2단계경쟁(동시),최저가격제,N,제5군단사령부,ZD00009,제5군단사령부,ZD00009,0,126320929,126008000,114552727,2024-02-19,11:00:00,개찰완료,8000,0.006,2024-02-26,주식회사 더찬,노은경,노은경,842-87-01928,경기도 남양주시 진건읍 진건오남로390번길163-2
SCL0008,1,24-해사 학보 제작 용역,용역,총액계약,협상에의한계약(전자),협상,N,해군사관학교,1290331,해군사관학교,1290331,0,33949186,34300000,31824545,2024-02-19,10:00:00,개찰완료,33256650,97.96,2024-02-21,주식회사 리컴퍼니,최성미,박서연,339-86-00241,"경상남도 창원시 의창구 용동로83번안길7, 308호, 309호(사림동, 미래드림)"
HCF0012,2,탄도탄 조기경보레이다 냉각체계 유지보수,용역,총액계약,제한경쟁,적격심사제,Y,공군군수사령부,ZD00306,공군군수사령부,ZD00306,85.495,475307591,479108480,435553164,2024-02-20,10:30:00,개찰완료,411899920,86.659,2024-02-20,(주)신우이엔지,하민호,하민호,410-81-82440,전라남도 담양군 대전면 갈전길22
LGP0028,2,24년 특수무기 전력변환기(천마  비호) 외주정비 용역,용역,총액계약,일반경쟁,적격심사제,Y,제5378부대,ZD00217,제5378부대,ZD00217,82.995,827047415,829000000,753636364,2024-02-20,11:00:00,개찰완료,693460000,83.847,2024-02-20,(주)이화일렉콤,이정상,전상열,126-81-46461,경기도 광주시 회안대로1061-55 (송정동)
LNR0002,1,24년 음식물류 폐기물 수집 및 위탁처리 용역,용역,총액계약,제한경쟁,적격심사제,Y,수도기계화보병사단,ZD00361,수도기계화보병사단,ZD00361,84.245,206383976,205600000,186909091,2024-02-20,11:00:00,개찰완료,174203660,84.407,2024-02-20,주식회사 데일리환경,공현진,공현진,612-81-55457,"경기도 가평군 청평면 경춘로871-0, 5층 503-22호"
LPF0006,2,1권역,물품,단가계약,2단계경쟁(동시),최저가격제,N,제5067부대,ZD00019,제5067부대,ZD00019,0,8000,8000,952450909,2024-02-20,10:30:00,개찰완료,8000,100,2024-02-20,땡큐케터링,이정자,이상민,134-06-10803,경기도 안산시 단원구 별망로677번길14-0 (초지동) 땡큐케터링
LPF0007,2,재고번호미입력품목,물품,단가계약,2단계경쟁(동시),최저가격제,N,제5067부대,ZD00019,제5067부대,ZD00019,0,8000,8000,1044509091,2024-02-20,10:30:00,개찰완료,8000,100,2024-02-20,주식회사 하우,차학순,성태훈,142-81-43597,"경상북도 포항시 북구 천마로71번길32, 2층(장성동, 한라빌딩)"
LPF0022,1,24년 작계훈련 무기수송차량 임차(1권역),용역,총액계약,제한경쟁,적격심사제,Y,제5067부대,ZD00019,제5067부대,ZD00019,87.745,46930227,46730000,42481818,2024-02-20,10:30:00,개찰완료,41234300,87.862,2024-02-20,태산솔루션,이승호,이승호,123-25-82690,"경기도 광명시 오리로923, 1층(광명동, 대성빌딩)"
LPF0024,1,24년 작계훈련 무기수송차량 임차(2권역),용역,총액계약,제한경쟁,적격심사제,Y,제5067부대,ZD00019,제5067부대,ZD00019,87.745,50748011,50820000,46200000,2024-02-20,10:30:00,개찰완료,44605440,87.895,2024-02-20,주식회사 덕수기업,이진하,이진하,135-81-56487,경기도 화성시 안녕동 안녕북길39-11
LPF0023,1,24년 작계훈련 무기수송차량 임차(3권역),용역,총액계약,제한경쟁,적격심사제,Y,제5067부대,ZD00019,제5067부대,ZD00019,87.745,17397426,17460000,15872727,2024-02-20,10:30:00,개찰완료,15411660,88.585,2024-02-20,태산솔루션,이승호,이승호,123-25-82690,"경기도 광명시 오리로923, 1층(광명동, 대성빌딩)"
LQH0017,1,24년 작계훈련 무기수송 차량 임차,용역,총액계약,제한경쟁,적격심사제,Y,제3697부대,ZD00248,제3697부대,ZD00248,87.745,119691141,119856860,111140000,2024-02-20,11:00:00,개찰완료,105765000,88.364,2024-02-20,주식회사 동성물류,이병국,이병국,547-88-00109,경기도 평택시 포승읍 평택항만길73 평택항마린센터 1102호
MHD0008,1,24년 사이버보안 취약점 진단 사업,용역,총액계약,협상에의한계약(전자),협상,N,방위사업청(운영지원과),1690000,방위사업청(운영지원과),1690000,,3004000000,,2730909091,2024-02-20,15:00:00,개찰완료,2700000000,89.88,2024-03-24,주식회사 에프원시큐리티,이대호,전소영,113-86-64890,"서울특별시 금천구 벚꽃로234, 14층 1402호 (가산동, 에이스하이엔드타워6차)"
SCF0112,1,리어카(몸체) 등 3종 구매,물품,총액계약,제한경쟁,적격심사제,Y,해군군수사령부,ZD00289,해군군수사령부,ZD00289,87.995,12965751,13000000,12339873,2024-02-20,10:30:00,개찰완료,11409275,87.995,2024-02-20,파이(Phi),정인채,정인채,259-24-01311,"경기도 화성시 동탄순환대로22길45 (청계동, 동탄역 호반 써밋) 1205동 1203호"
SCF0111,1,필터조립체 정수용 345EA 구매,물품,총액계약,제한경쟁,적격심사제,Y,해군군수사령부,ZD00289,해군군수사령부,ZD00289,87.995,202198725,204000000,189750000,2024-02-20,10:30:00,개찰완료,177940000,88.002,2024-02-20,스토리라인,채범준,채범준,851-33-00390,"서울특별시 양천구 중앙로45길28-12,603호 (신정동, 정은스카이빌3차)"
SCF0110,1,바이스 수동식 등 13종 구매,물품,총액계약,제한경쟁,적격심사제,Y,해군군수사령부,ZD00289,해군군수사령부,ZD00289,87.995,49536434,50000000,46480000,2024-02-20,10:30:00,개찰완료,46000000,92.86,2024-02-20,세종상사,노정래,노정래,609-08-56097,경상남도 창원시 진해구 여명로52 (여좌동)
SCF0109,1,납땜인두 가스식 등 18종 구매,물품,총액계약,제한경쟁,적격심사제,Y,해군군수사령부,ZD00289,해군군수사령부,ZD00289,87.995,74598504,74900000,69482182,2024-02-20,10:30:00,개찰완료,65643860,87.996,2024-02-20,제이딜(J.Deal),김소연,김소연,302-06-62092,"경기도 고양시 일산동구 정발산로15, 415호 (장항동,드림월드빌딩)"
SCF0115,1,고정물  전등용 2종 구매,물품,총액계약,일반경쟁,적격심사제,Y,해군군수사령부,ZD00289,해군군수사령부,ZD00289,87.995,206319562,206000000,191106909,2024-02-20,10:30:00,개찰완료,181555760,87.997,2024-02-20,다로컴퍼니,이미경,이미경,223-43-01064,"경기도 시흥시 인선길63, 222동 204호(장곡동, 숲속마을 아파트)"
SCF0114,1,(긴급) 캠 롤러 등 5종,물품,총액계약,제한경쟁,적격심사제,Y,해군군수사령부,ZD00289,해군군수사령부,ZD00289,87.995,57788090,57600000,63255964,2024-02-20,10:30:00,개찰완료,50868850,88.026,2024-02-20,비에스상사,공영자,공영자,201-31-62559,"부산광역시 남구 천제등로38번길67-0 (대연동, 청운빌라) , 302"
SCF0113,1,(긴급) 시일 조립체  굴대용  용수철 부하식 등 50종,물품,총액계약,제한경쟁,적격심사제,Y,해군군수사령부,ZD00289,해군군수사령부,ZD00289,87.995,158169397,158648000,147110527,2024-02-20,10:30:00,개찰완료,139186010,87.998,2024-02-20,글리터캐슬,박지민,박지민,686-01-01659,"경기도 광주시 회안대로637-36 (탄벌동, 경남아너스빌 2단지)"
SFC0009,1,24-덕-기념휘장 셋트 구매,물품,총액계약,제한경쟁,적격심사제,Y,제9691부대,ZD00152,제9691부대,ZD00152,87.995,30115738,29820000,27363636,2024-02-20,10:30:00,개찰완료,28619000,95.03,2024-02-20,지우실업 주식회사,김지우,김귀남,127-86-46741,경기도 동두천시 신천로366번길13-0 (상봉암동)
SFC0015,1,24-덕-체 비료 8종 구매,물품,총액계약,제한경쟁,적격심사제,Y,제9691부대,ZD00152,제9691부대,ZD00152,87.995,20131720,20145090,18680000,2024-02-20,10:30:00,개찰완료,17716890,88.004,2024-02-20,크레용 컴퍼니,윤대연,윤대연,261-59-00471,"인천광역시 서구 서로3로277, 2804동 1702호(원당동, 검단신도시 로제비앙라포레)"
SFC0014,1,24-덕-체 농약 13종 구매,물품,총액계약,제한경쟁,적격심사제,Y,제9691부대,ZD00152,제9691부대,ZD00152,87.995,23304916,23272540,21580000,2024-02-20,10:30:00,개찰완료,20539000,88.131,2024-02-20,씨앤와이(C&Y),윤선희,윤선희,508-60-02243,"경기도 화성시 동탄첨단산업1로27, B동 1631호(영천동, 금강펜테리움 IX타워)"
SFC0013,1,24-덕-홍보물품(키링 등 7품목) 구매,물품,총액계약,제한경쟁,적격심사제,Y,제9691부대,ZD00152,제9691부대,ZD00152,87.995,49365024,49000000,45436364,2024-02-20,10:30:00,개찰완료,43438760,87.995,2024-02-20,대한상재,민해옥,민해옥,122-53-05164,인천광역시 남동구 만수서로29번길16-0 (만수동)
SFC0012,1,24-덕-홍보물품(리유저블백 등 8품목) 구매,물품,총액계약,제한경쟁,적격심사제,Y,제9691부대,ZD00152,제9691부대,ZD00152,87.995,49100956,48953520,45393273,2024-02-20,10:30:00,개찰완료,43206870,87.995,2024-02-20,홍연상사,이홍연,이홍연,328-02-02875,"충청북도 청주시 서원구 구룡산로319, 108동 201호(수곡동, 산남주공아파트)"
UEK0001,1,24년 음식물쓰레기 위탁처리용역,용역,총액계약,제한경쟁,적격심사제,Y,제6953부대,ZD00786,제6953부대,ZD00786,84.245,102192314,102261660,95754100,2024-02-20,11:00:00,개찰완료,86094680,84.247,2024-02-20,태민환경,전혜경,전혜경,470-95-01413,"경기도 가평군 가평읍 보납로22, 2층 나호"
HCF0013,1,항공기용 실링 컴파운드 구매,물품,총액계약,제한경쟁,적격심사제,Y,공군군수사령부,ZD00306,공군군수사령부,ZD00306,87.995,195880655,195077647,180890182,2024-02-21,10:30:00,개찰완료,180321787,92.056,2024-02-21,에스피 에어로,조승우,조승우,737-45-00082,경상남도 진주시 정촌면 연꽃로145번길40-22
HCF0015,1,[시동용 발전기 부품]배출구 등 19종,물품,총액계약,제한경쟁,적격심사제,Y,공군군수사령부,ZD00306,공군군수사령부,ZD00306,87.995,110153943,109730755,101750336,2024-02-21,10:30:00,개찰완료,96930620,87.995,2024-02-21,굿메이드,김정섭,김정섭,293-23-00969,"경기도 의정부시 송양로76 (민락동, 의정부민락우미린더스카이) 2002-3104"
HCL0016,1,24-011  012 낙하산 보관함 등 3종,물품,총액계약,제한경쟁,적격심사제,Y,공군사관학교,7002962,공군사관학교,7002962,87.995,43756815,43940000,53460000,2024-02-21,10:30:00,개찰완료,38519400,88.03,2024-02-21,선진산업 주식회사,성연제,성연제,312-81-52899,충청남도 천안시 서북구 성진로462-0 (직산읍)
LCF0009,1,포장재료  방수  가요성 1품목 제조(물자),물품,총액계약,제한경쟁,적격심사제,Y,육군군수사령부,1290307,육군군수사령부,1290307,87.995,11566751,11507284,10461167,2024-02-21,11:00:00,개찰완료,10460097,90.432,2024-02-21,유아이엘,유승덕,유승덕,130-08-14534,경기도 부천시 오정로130-0 (삼정동)
LCF0006,2,전지 재충전불가식(PC-132A건전지)등 3항목 구매(물자,물품,총액계약,제한경쟁,적격심사제,Y,육군군수사령부,1290307,육군군수사령부,1290307,87.995,6140922,6156047,5596406,2024-02-21,11:00:00,개찰완료,5454260,88.818,2024-02-21,케이엠글로벌,박미영,박미영,344-10-01121,"충청남도 천안시 서북구 검은들3길46, 8층 803-2(8020)호(불당동, 미래시티빌딩)"
LCF0008,1,물통(플라스틱) 등 13항목 구매(물자),물품,총액계약,제한경쟁,적격심사제,Y,육군군수사령부,1290307,육군군수사령부,1290307,87.995,14264338,14310450,13009500,2024-02-21,11:00:00,개찰완료,12552280,87.997,2024-02-21,알티하이텍,박영민,박영민,212-24-52766,"서울특별시 강동구 구천면로192, 720호(천호동,천호역 한강 푸르지오시티)"
LDF0001,1,17년 사이버대응 훈련센터 구축 유지보수 용역,용역,총액계약,제한경쟁,적격심사제,Y,육군정보통신학교,ZD00424,육군정보통신학교,ZD00424,87.745,30852467,30527980,28319091,2024-02-21,10:30:00,개찰완료,27078623,87.768,2024-02-21,영현정보통신(주),김두식,최익헌,121-81-40540,"서울특별시 구로구 공원로6나길12-0 (구로동,경방빌딩) 301호"
LDF0002,1,18년 사이버 온라인 교육센터 교체 유지보수 용역,용역,총액계약,제한경쟁,적격심사제,Y,육군정보통신학교,ZD00424,육군정보통신학교,ZD00424,87.745,42531988,42340900,39277273,2024-02-21,10:30:00,개찰완료,37353142,87.823,2024-02-21,(주)두두아이티,박영선,유형우,318-81-01990,"서울특별시 금천구 가마산로96, 207호, 212호, 213호, 214호(가산동, 대륭테크노타운8차)"
LDF0003,1,19년 사이버 대응 훈련센터 보강사업 유지보수 용역,용역,총액계약,제한경쟁,적격심사제,Y,육군정보통신학교,ZD00424,육군정보통신학교,ZD00424,87.745,48420727,48386520,44885455,2024-02-21,10:30:00,개찰완료,42515000,87.803,2024-02-21,주식회사 빛을 꿈꾸는 사람들,김상희,김종욱,417-81-31694,"전라남도 여수시 대통로47-1,2층(화장동)"
LDF0004,1,21년 사이버 온라인 교육센터 교체 유지보수 용역,용역,총액계약,제한경쟁,적격심사제,Y,육군정보통신학교,ZD00424,육군정보통신학교,ZD00424,87.745,21812900,22115660,20515455,2024-02-21,10:30:00,개찰완료,19266000,88.323,2024-02-21,구루멘토링 주식회사,최동양,최동양,119-87-03753,"서울특별시 구로구 디지털로243, 705호(구로동, 지하이시티)"
LDH0074,1,세척기  로드휠 외주정비 용역,용역,총액계약,제한경쟁,적격심사제,Y,제2879부대,ZD00347,제2879부대,ZD00347,87.745,45059233,44629000,41383636,2024-02-21,13:00:00,개찰완료,44611560,99.006,2024-02-21,지티티산업,정윤우,정윤우,604-40-16601,경상남도 창원시 의창구 차룡로48번길44-0 (팔용동) 스마트업타워 504호
LDH0073,1,레이저가공기 외주정비 용역,용역,총액계약,제한경쟁,적격심사제,Y,제2879부대,ZD00347,제2879부대,ZD00347,87.745,50674170,50953000,47248182,2024-02-21,13:00:00,개찰완료,44672690,88.156,2024-02-21,동창원산업(주),정창,문혜영,553-81-01007,경상남도 의령군 용덕면 의합대로123-7
LDH0082,1,(자재) 정비용철재 환봉 등 13종 구매,물품,총액계약,제한경쟁,적격심사제,Y,제2879부대,ZD00347,제2879부대,ZD00347,87.995,5421794,5453000,5057164,2024-02-21,13:00:00,개찰완료,4796000,88.457,2024-02-21,주식회사 우경엔텍,박순성,이동희,606-81-78794,부산광역시 사상구 학감대로177번길19(학장동)
LHN0005,1,24년 음식물류 폐기물 위탁처리용역,용역,총액계약,일반경쟁,적격심사제,Y,제2621부대,ZD00394,제2621부대,ZD00394,80.495,413015719,415736600,377942364,2024-02-21,10:30:00,개찰완료,332591100,80.527,2024-02-21,(주)푸른농장,이관영,이소형,121-86-41184,강원특별자치도 춘천시 동면 소양강로304-12
LKG0009,1,53사단 의무근무대 신축 건축공사감리(상주)용역,용역,총액계약,제한경쟁,적격심사제,Y,육군제53보병사단,ZD00094,육군제53보병사단,ZD00094,87.745,227175606,228503000,207730000,2024-02-21,11:00:00,개찰완료,199359300,87.755,2024-02-21,예담종합건축사사무소,장동근,장동근,612-06-42483,부산광역시 사하구 낙동대로398번길6-0 1층(당리동)
MCS0021,1,방향제 등 97종 구매,물품,총액계약,일반경쟁,적격심사제,Y,계룡대근무지원단,1290286,계룡대근무지원단,1290286,87.995,54004435,53776970,49865918,2024-02-21,10:30:00,개찰완료,47521260,87.995,2024-02-26,트루플렉스,도형욱,도형욱,335-47-00503,경상북도 구미시 인동19길35-1 (인의동) 금강타운305호
SCF0116,1,디스플레이 유닛 1종 구매,물품,총액계약,제한경쟁,적격심사제,Y,해군군수사령부,ZD00289,해군군수사령부,ZD00289,87.995,79992501,78900000,73181818,2024-02-21,10:30:00,개찰완료,70454010,88.075,2024-02-21,포레SC,강진강,강진강,416-16-78489,전라남도 순천시 이수1길46-0 (덕암동)
SCN0029,2,24-진-03 음식물류 폐기물 처리용역,용역,총액계약,제한경쟁,적격심사제,Y,제7001부대,ZD00259,제7001부대,ZD00259,84.245,112093889,111800000,112090909,2024-02-21,10:30:00,개찰완료,94561429,84.359,2024-02-21,누리바이오텍주식회사,김유정,김유정,612-81-14460,경상남도 거제시 피솔길 193()
SFH0028,1,24-B-무인감시장비 및 열 영상카메라 유지보수 용역,용역,총액계약,일반경쟁,적격심사제,Y,제9196부대,ZD00370,제9196부대,ZD00370,85.495,291746567,293501304,272155755,2024-02-21,10:30:00,개찰완료,249759360,85.608,2024-02-21,주식회사 에이아이네트웍,김은형,김도연,378-88-01841,"경기도 안성시 공단로19-0 (신건지동), 가동 2층"
SFN0006,1,24-Y-얼음냉온정수기 임차 용역(24~27년),용역,총액계약,제한경쟁,적격심사제,Y,연평부대,ZD00160,연평부대,ZD00160,87.745,106870276,106729410,98967273,2024-02-21,10:30:00,개찰완료,93804610,87.774,2024-02-21,지뉴 주식회사,박혜은,박혜은,171-88-00784,"경기도 안산시 상록구 샘골로136, 2층 204-401호(본오동)"
UHD0007,1,24년 오수/폐수처리시설 관리 용역,용역,총액계약,제한경쟁,적격심사제,Y,공군제3방공유도탄여단,ZD00948,공군제3방공유도탄여단,ZD00948,87.745,163220397,163045090,151187273,2024-02-21,11:00:00,개찰완료,143372360,87.839,2024-02-21,(주)동산환경,한운철,한동일,125-81-77205,경기도 평택시 배미2길21-1 (합정동)
UMM0054,1,(247019-D)특수수술재료(골이식재료1) 구매,물품,총액계약,일반경쟁,적격심사제,Y,국군재정관리단,ZD00303,국군재정관리단,ZD00303,82.995,297645569,296568627,275000000,2024-02-21,11:00:00,개찰완료,271500000,91.215,2024-02-21,주식회사 위플메드,조보현,조보현,441-88-01907,대전광역시 중구 대종로550번길5-0 (선화동) 유원오피스텔 1102호
UMM0817,2,24-F-오ㆍ폐수 처리시설 관리용역,용역,총액계약,제한경쟁,적격심사제,Y,국군재정관리단,ZD00303,국군재정관리단,ZD00303,87.745,185034393,184670000,172094545,2024-02-22,11:00:00,개찰완료,162408140,87.771,2024-02-22,(주)영동엔지니어링,김억조,임연실,606-81-21200,"부산광역시 사상구 백양대로 483, 대양빌딩4층(주례동)"
HCF0016,1,항공기용 접착제 등 17종,물품,총액계약,제한경쟁,적격심사제,Y,공군군수사령부,ZD00306,공군군수사령부,ZD00306,87.995,106373264,107171000,104772100,2024-02-22,10:30:00,개찰완료,94840000,89.157,2024-02-22,에스피 에어로,조승우,조승우,737-45-00082,경상남도 진주시 정촌면 연꽃로145번길40-22
HCF0014,1,손톱깎이 제조,물품,총액계약,제한경쟁,적격심사제,Y,공군군수사령부,ZD00306,공군군수사령부,ZD00306,87.995,43362210,43380333,40225400,2024-02-22,10:30:00,개찰완료,42828220,98.768,2024-02-22,로얄금속공업(주),정갑선,김길수,130-81-06717,인천광역시 서구 백범로701번길1-0 (가좌동)
HDT0006,1,24년 병사식당 브런치 및 자율운영부식 계약,물품,총액계약,제한경쟁,적격심사제,Y,공군작사근무지원단,ZD00282,공군작사근무지원단,ZD00282,87.995,196849085,197349000,179408182,2024-02-22,11:00:00,개찰완료,173418490,88.097,2024-02-22,미가온,변정순,이용진,106-02-51645,경기도 파주시 장명산길174-20 (오도동)
LBB0008,3,민수용 작전식량,물품,단가계약,제한경쟁,적격심사제,Y,육군제7789부대,ZD00074,육군제7789부대,ZD00074,82.995,4997,5000,209090909,2024-02-22,10:30:00,개찰완료,4151,83.073,2024-02-22,삼일앨엔에스,손용익,손용익,602-18-64668,"경기도 안양시 동안구 관악대로249번길11, 2층 201호 (비산동)"
LDH0048,2,K77지휘차 기어 나선형 구매,물품,총액계약,제한경쟁,적격심사제,Y,제2879부대,ZD00347,제2879부대,ZD00347,87.995,2132245,2133000,1978729,2024-02-22,13:00:00,개찰완료,1885000,88.404,2024-02-22,정원사,최정현,최정현,609-23-25812,"경상남도 창원시 성산구 창원대로780번길23-0 (외동, 두산아파트) 505호"
LDH0085,1,24-1차 정비용 장비 부품 구매,물품,총액계약,제한경쟁,적격심사제,Y,제2879부대,ZD00347,제2879부대,ZD00347,87.995,46133307,46295000,42928545,2024-02-22,13:00:00,개찰완료,40727910,88.283,2024-02-22,신동하이텍,이동열,이동열,609-22-36364,경상남도 창원시 마산회원구 봉암공단2길22-5 (봉암동)
LDH0099,1,24년 00부대 기계설비 성능점검용역,용역,총액계약,제한경쟁,적격심사제,Y,제2879부대,ZD00347,제2879부대,ZD00347,87.745,118600161,117731000,109169464,2024-02-22,13:30:00,개찰완료,104813667,88.375,2024-02-22,경상엔지니어링,조재홍,이광순,609-21-61395,"경상남도 창원시 성산구 삼동로128번길85 (내동, 엑스포상가 307호)"
LGP0050,1,24-2차 식자재 다수품목 단가계약(경기 서부),물품,단가계약,일반경쟁,적격심사제,Y,제5378부대,ZD00217,제5378부대,ZD00217,82.995,1791058,1791178,1628344,2024-02-22,11:00:00,개찰완료,1486677,83.005,2024-02-22,대상주식회사,임정배,이해성,109-81-14886,서울특별시 종로구 창경궁로120 (인의동) 종로플레이스 4층
LGP0049,1,24-2차 식자재 다수품목 단가계약(경기 남부),물품,단가계약,일반경쟁,적격심사제,Y,제5378부대,ZD00217,제5378부대,ZD00217,82.995,1815468,1804056,1640051,2024-02-22,11:00:00,개찰완료,1507415,83.031,2024-02-22,(주)현대그린푸드,박홍진,신범호,656-81-02756,"경기도 용인시 수지구 문인로30-0 (동천동, 현대그린푸드)"
LKF0001,2,24년 예비군 도시락 제조납품(1권역),물품,총액계약,협상에의한계약(전자),협상,N,제6755부대,ZD00090,제6755부대,ZD00090,0,586960000,586960000,533600000,2024-02-22,9:00:00,개찰완료,586960000,100,2024-02-28,주식회사 경북캐터링,김말예,박임식,502-81-41942,대구광역시 동구 반야월북로2길10-0 (율암동)
LKF0002,2,24년 예비군 도시락 제조납품(2권역),물품,총액계약,협상에의한계약(전자),협상,N,제6755부대,ZD00090,제6755부대,ZD00090,0,629008000,629008000,571825455,2024-02-22,9:00:00,개찰완료,629008000,100,2024-02-28,청구도시락,권오섭,권태현,502-16-92104,대구광역시 수성구 희망로142-0 (중동)
LKF0003,2,24년 예비군 도시락 제조납품(3권역),물품,총액계약,협상에의한계약(전자),협상,N,제6755부대,ZD00090,제6755부대,ZD00090,0,621048000,621048000,564589091,2024-02-22,9:00:00,개찰완료,621048000,100,2024-02-28,(주)캠퍼스,박근형,박근형,503-81-77778,대구광역시 서구 와룡로90길 8-9()
MDS0002,1,703체계 수리부속(TRU) 구매,물품,총액계약,제한경쟁,적격심사제,Y,제3707부대,1290494,제3707부대,1290494,87.995,58822743,58823529,54545455,2024-02-22,10:30:00,개찰완료,58593000,99.609,2024-02-22,주식회사 칼라투,김보민,김보민,222-81-35447,"경기도 고양시 덕양구 중앙로558번길16-16, 308-A호(행신동, 능곡종합프라자)"
MFK0003,1,교육훈련용 물품 구매,물품,총액계약,제한경쟁,적격심사제,Y,제9912부대,ZD00268,제9912부대,ZD00268,87.995,43383648,43218000,40090909,2024-02-22,11:00:00,개찰완료,41700000,96.119,2024-02-29,주식회사 대화포장산업,문종우,문종우,132-86-21999,"경기도 화성시 팔탄면 시청로943, 102호"
SCF0122,1,샤워기 헤드 등 5품목 구매,물품,총액계약,제한경쟁,적격심사제,Y,해군군수사령부,ZD00289,해군군수사령부,ZD00289,87.995,6023580,6000000,5666159,2024-02-22,10:30:00,개찰완료,5300600,87.997,2024-02-22,영해산업,김창수,김창수,139-20-64033,"부산광역시 북구 화명신도시로39, 703동 2502호(화명동, 대림쌍용강변타운)"
SCF0121,1,랜턴 전기식 2종 구매,물품,총액계약,제한경쟁,적격심사제,Y,해군군수사령부,ZD00289,해군군수사령부,ZD00289,87.995,174957064,174000000,166322364,2024-02-22,10:30:00,개찰완료,153955200,87.995,2024-02-22,해솔,김수봉,김수봉,362-09-02006,"경기도 포천시 소흘읍 호국로717, 301호"
SCF0120,1,플라스틱판 등 2종 구매,물품,총액계약,제한경쟁,적격심사제,Y,해군군수사령부,ZD00289,해군군수사령부,ZD00289,87.995,5502534,5500000,6285213,2024-02-22,10:30:00,개찰완료,5473000,99.463,2024-02-22,주식회사강원,김동국,김동국,444-88-02453,"서울특별시 강서구 공항대로45가길11-0 (등촌동, 강서메트로칸), 4층 423호"
SCP0021,1,배맛음료 등 142종 구매,물품,총액계약,일반경쟁,적격심사제,Y,제8385부대,1290333,제8385부대,1290333,82.995,988217033,997000000,924625491,2024-02-22,10:30:00,개찰완료,820279855,83.006,2024-02-22,주식회사 에스엘상사,송영각,박영희,297-88-01580,"충청남도 계룡시 서금암3길5, 925호(금암동, 쉐리움오피스텔)"
SFH0030,1,24-B-소규모 급수시설 유지관리용역(도서지역),용역,총액계약,제한경쟁,적격심사제,Y,제9196부대,ZD00370,제9196부대,ZD00370,87.745,215434431,215686270,200000000,2024-02-22,10:30:00,개찰완료,189164780,87.806,2024-02-22,알파건설(주),박현심,박준영,131-81-61464,"인천광역시 연수구 능허대로136, 1층(옥련동, kt송도지사)"
SFN0008,1,24-Y-가공식품(부대) 구매 납품,물품,총액계약,일반경쟁,적격심사제,Y,연평부대,ZD00160,연평부대,ZD00160,82.995,784747814,783203920,726243636,2024-02-22,10:30:00,개찰완료,651320134,82.997,2024-02-22,푸디스트 주식회사,박정훈,이유영,711-81-01637,서울특별시 용산구 청파로363(서계동)
SFN0009,1,24-Y-두채류 구매 납품,물품,총액계약,일반경쟁,적격심사제,Y,연평부대,ZD00160,연평부대,ZD00160,82.995,279313147,279972540,259610909,2024-02-22,10:30:00,개찰완료,231851779,83.007,2024-02-22,주식회사 천일,이민자,이기창,128-81-79309,"경기도 고양시 일산서구 대산로213-0  302호 (대화동,중앙프라자)"
SFN0010,1,24-Y-기호식품 구매 납품,물품,총액계약,일반경쟁,적격심사제,Y,연평부대,ZD00160,연평부대,ZD00160,82.995,844753925,838323520,777354545,2024-02-22,10:30:00,개찰완료,701148642,83,2024-02-22,큐엔씨(주),신우철,김지선,134-86-35766,"경기도 안산시 단원구 선이로14, 1층(선부동, 안산제일종합시장내 1층)"
SFN0011,1,24-Y-개선식 구매 납품,물품,총액계약,제한경쟁,적격심사제,Y,연평부대,ZD00160,연평부대,ZD00160,87.995,169078013,169163230,156860455,2024-02-22,10:30:00,개찰완료,148888170,88.058,2024-02-22,주식회사 대흥푸드,정점례,정점례,130-86-20091,인천광역시 서구 검단로93번길9(오류동)
SFN0015,1,24-Y-김치류 제조 납품,물품,총액계약,제한경쟁,적격심사제,Y,연평부대,ZD00160,연평부대,ZD00160,87.995,337142917,338114700,313524545,2024-02-22,10:30:00,개찰완료,296816698,88.038,2024-02-22,농업회사법인 한백냉장식품 주식회사,김정희,전명희,215-81-46908,경기도 안산시 단원구 시화로109-0 (성곡동)
SFN0016,1,튜브형 PE롤비닐 등 408종 구매 납품,물품,총액계약,제한경쟁,적격심사제,Y,연평부대,ZD00160,연평부대,ZD00160,87.995,177607332,177844660,164910509,2024-02-22,10:30:00,개찰완료,156291070,87.998,2024-02-22,비와이컴퍼니(BY COMPANY),윤보연,윤보연,679-16-01669,"인천광역시 미추홀구 경원대로875번길48, (주안동) 퍼스트팰리스 602호"
SFN0017,1,수도꼭지 등 244종 구매 납품,물품,총액계약,제한경쟁,적격심사제,Y,연평부대,ZD00160,연평부대,ZD00160,87.995,34730100,34622660,32104655,2024-02-22,10:30:00,개찰완료,30565810,88.009,2024-02-22,르미컴퍼니,오아름,오아름,772-34-01114,"인천광역시 미추홀구 주승로97-1, 2층(주안동)"
UMM0053,1,24-F-체력단련장 농약 44종 구매,물품,총액계약,제한경쟁,적격심사제,Y,국군재정관리단,ZD00303,국군재정관리단,ZD00303,87.995,161174218,162940000,168526900,2024-02-22,11:00:00,개찰완료,142327795,88.306,2024-02-22,동서조경건설 주식회사,김현숙,윤병노,128-81-74605,"경기도 파주시 월롱면 아동로151, 102호"
UMM0058,1,24-D-고해상도평판스캐너 구매,물품,총액계약,제한경쟁,적격심사제,Y,국군재정관리단,ZD00303,국군재정관리단,ZD00303,87.995,152897846,152780000,141670000,2024-02-22,11:00:00,개찰완료,150788000,98.62,2024-02-22,주식회사 모든통상,최광용,최광용,117-81-77636,"서울특별시 구로구 가마산로232 (구로동, 스페스큐브)"
UMM0059,1,(24G007-H)24~25년 국방전화번호검색체계통합유지보수,용역,총액계약,제한경쟁,적격심사제,Y,국군재정관리단,ZD00303,국군재정관리단,ZD00303,87.745,202921259,203055940,188288236,2024-02-22,11:00:00,개찰완료,178114064,87.774,2024-02-22,주식회사 대한엔지니어링,김정완,김규리,417-81-32053,전라남도 여수시 봉계대곡길31 (봉계동)
UMM0051,1,24-N-의약품 139종 구매,물품,총액계약,일반경쟁,적격심사제,Y,국군재정관리단,ZD00303,국군재정관리단,ZD00303,82.995,377958567,375730000,348410727,2024-02-22,11:00:00,개찰완료,314673870,83.256,2024-02-22,서창약품(주),조명호,조지환,218-81-22147,"서울특별시 동대문구 장한로2길 70(문수빌딩 1,2층)"
HCG0001,1,24년 호국 인물 영상물 제작용역,용역,총액계약,2단계경쟁(동시),최저가격제,N,공군본부,1290339,공군본부,1290339,0,19570761,19607843,18181818,2024-02-23,14:00:00,개찰완료,14000000,71.535,2024-02-23,주식회사 단군픽쳐스,조상환,조상환,106-86-54716,"서울특별시 강서구 금낭화로51, 3층(방화동)"
LCF0004,2,컨테이너 물류체계 구축 소요판단 정책 연구과제 용역,용역,총액계약,협상에의한계약(전자),협상,N,육군군수사령부,1290307,육군군수사령부,1290307,0,38237796,37931000,34482727,2024-02-23,14:00:00,개찰완료,35275830,92.253,2024-02-23,(사)21세기군사연구소,김진욱,박계향,108-82-05061,"서울특별시 금천구 가산디지털2로184, 10층 1017호(가산동, 벽산디지털밸리2차)"
LDH0092,1,통신장비 인덕터 등 6종 구매,물품,총액계약,제한경쟁,적격심사제,Y,제2879부대,ZD00347,제2879부대,ZD00347,87.995,4207624,4219000,3912392,2024-02-23,13:00:00,개찰완료,4158630,98.835,2024-02-23,지앤와이일렉텍(주),김보영,김양기,113-81-89367,서울특별시 구로구 경인로53길15-0 (구로동) 중앙유통단지 가동 3116호
LDH0089,1,통신장비 제어장치 등 7종 구매,물품,총액계약,제한경쟁,적격심사제,Y,제2879부대,ZD00347,제2879부대,ZD00347,87.995,4624263,4638000,4301230,2024-02-23,13:00:00,개찰완료,4588330,99.222,2024-02-23,지앤와이일렉텍(주),김보영,김양기,113-81-89367,서울특별시 구로구 경인로53길15-0 (구로동) 중앙유통단지 가동 3116호
LIK0010,1,24-1차 일반폐기물 위탁처리 용역,용역,총액계약,제한경쟁,적격심사제,Y,제2217부대,ZD01107,제2217부대,ZD01107,84.245,159392272,159680000,145163636,2024-02-23,10:30:00,개찰완료,134341000,84.283,2024-02-23,주식회사율곡자원개발,김지헌,김지헌,130-88-00949,강원특별자치도 강릉시 강변로534번길69-0 (입암동)
LIK0011,1,24-1차 지정폐기물 위탁처리 용역 (수정),용역,총액계약,제한경쟁,적격심사제,Y,제2217부대,ZD01107,제2217부대,ZD01107,84.245,173660199,174955000,159050000,2024-02-23,10:30:00,개찰완료,147627030,85.009,2024-02-23,(주)케이에스에너지,김광수,이재석,140-81-29911,경기도 화성시 정남면 내향로240-55 (주)케이에스에너지
MCD0003,1,2024년 국방부 독서통신교육 위탁운영,용역,총액계약,협상에의한계약(전자),협상,N,국방부(운영지원과),1290000,국방부(운영지원과),1290000,,77919000,,70835455,2024-02-23,11:00:00,개찰완료,74910000,96.138,2024-03-15,주식회사 와이즈로,조석희,조석희,328-88-01337,"서울특별시 금천구 디지털로9길32, 비동 18층 1801호(가산동, 갑을그레이트밸리)"
MCD0004,1,2024년 국방부 전화화상 외국어 위탁운영,용역,총액계약,협상에의한계약(전자),협상,N,국방부(운영지원과),1290000,국방부(운영지원과),1290000,,81600000,,74181818,2024-02-23,11:00:00,개찰완료,74448000,91.235,2024-03-15,브랜트에듀,최미경,노정숙,222-95-03772,"서울특별시 서초구 서초중앙로22길113 , 201호"
MDG0020,1,24년 의무장비(슬라이드가온기) 구매,물품,총액계약,일반경쟁,적격심사제,Y,국군의무사령부,1290291,국군의무사령부,1290291,87.995,1350940,1347500,1250000,2024-02-23,11:00:00,개찰완료,1346000,99.634,2024-02-23,동명상사,김명희,김명희,123-25-65274,"경기도 군포시 금정로11, 203호(금정동)"
MDG0022,1,24년 의무장비(5가지 기능점검기) 구매,물품,총액계약,제한경쟁,적격심사제,Y,국군의무사령부,1290291,국군의무사령부,1290291,87.995,12921433,12936000,12000000,2024-02-23,11:00:00,개찰완료,11900000,92.095,2024-02-23,주식회사 에스엠플래닛,조현선,조현선,606-86-62996,"경기도 성남시 수정구 창업로43-0 (시흥동)1층, 글로벌비즈니스센터"
MDG0021,1,24년 의무장비(냉장고 혈액은행용 대형) 구매,물품,총액계약,제한경쟁,적격심사제,Y,국군의무사령부,1290291,국군의무사령부,1290291,87.995,10755731,10584000,9818182,2024-02-23,11:00:00,개찰완료,9523870,88.546,2024-02-23,디엔지유통,조창현,조창현,225-09-52643,"경기도 동두천시 생연로28, 306동 203호(지행동, 부영아파트)"
MDG0019,1,24년 의무장비(멀티메타계수형 등 2품목) 구매,물품,총액계약,일반경쟁,적격심사제,Y,국군의무사령부,1290291,국군의무사령부,1290291,87.995,7462009,7432320,6894545,2024-02-23,11:00:00,개찰완료,7052000,94.505,2024-02-23,동명상사,김명희,김명희,123-25-65274,"경기도 군포시 금정로11, 203호(금정동)"
MDJ0003,2,24년 의료폐기물 처리용역,용역,총액계약,일반경쟁,적격심사제,Y,국군대전병원,ZD00241,국군대전병원,ZD00241,87.745,54330249,54147440,50181818,2024-02-23,10:30:00,개찰완료,47683000,87.765,2024-02-23,주식회사 에코비트로직스중부,양승한,김홍규,664-86-03009,충청남도 금산군 복수면 수영길20
SFG0020,1,주름관 등 157품목 구매,물품,총액계약,제한경쟁,적격심사제,Y,제9181부대,ZD00151,제9181부대,ZD00151,87.995,99696667,99087660,99895282,2024-02-23,10:30:00,개찰완료,87728592,87.995,2024-02-23,수호천사,이동현,이동현,467-50-00907,"경기도 김포시 걸포2로74-0 (걸포동, 한강메트로자이2단지)220동 201호"
SFG0021,1,연료필터 카트리지 등 91품목 구매(수리부속),물품,총액계약,제한경쟁,적격심사제,Y,제9181부대,ZD00151,제9181부대,ZD00151,87.995,16997589,17100300,15549200,2024-02-23,10:30:00,개찰완료,14957064,87.995,2024-02-23,은빈코퍼레이션,윤은빈,윤은빈,667-61-00560,인천광역시 계양구 오조산로89번길6-0 (용종동) 3층 301호
SFG0023,1,권총보관함 등 9품목 구매,물품,총액계약,제한경쟁,적격심사제,Y,제9181부대,ZD00151,제9181부대,ZD00151,87.995,48732659,48963400,45130364,2024-02-23,10:30:00,개찰완료,42883000,87.996,2024-02-23,알에프코리아주식회사,박채령,박채령,581-87-00908,"경기도 용인시 처인구 양지면 양지로106-7 , 1층 101호"
UMM0069,1,(24F015-I)24년 탄약수송 용역,용역,총액계약,일반경쟁,적격심사제,Y,국군재정관리단,ZD00303,국군재정관리단,ZD00303,82.995,741861083,738408823,684706364,2024-02-23,11:00:00,개찰완료,615784046,83.005,2024-02-23,대신로지스틱스 주식회사,양임석,백성열,206-81-74680,"서울특별시 송파구 오금로46길5-0 (가락동, 보성빌딩) 3층"
UMM0065,1,(246026-C) 폴리에스터 멀티로프 3종 구매,물품,총액계약,제한경쟁,적격심사제,Y,국군재정관리단,ZD00303,국군재정관리단,ZD00303,87.995,164500975,164212630,157539582,2024-02-23,11:00:00,개찰완료,144753440,87.995,2024-02-23,(주)엑시토인터내셔널,이문희,장은현,510-86-01460,"전라남도 화순군 화순읍 자치샘로25, 304호"
UMM0062,1,(246025-F) 교육재료 소모품  구매,물품,총액계약,제한경쟁,적격심사제,Y,국군재정관리단,ZD00303,국군재정관리단,ZD00303,87.995,125302645,124831860,115753182,2024-02-23,11:00:00,개찰완료,110260300,87.995,2024-02-23,한국칠판교구,이정민,이정민,401-05-32317,경기도 양주시 칠봉산로227번길33 (봉양동)
UMM0067,1,(246043-C) 인양기 성능시험장비 제조,물품,총액계약,제한경쟁,적격심사제,Y,국군재정관리단,ZD00303,국군재정관리단,ZD00303,87.995,71743184,71337970,76274545,2024-02-23,11:00:00,개찰완료,63194000,88.083,2024-02-23,에이치시스템 주식회사,강명희,배기환,305-81-44289,충청남도 공주시 송선농공단지길46(송선동)
UMM0063,1,24-N-체력단련장 농약  구매(248020-F),물품,총액계약,제한경쟁,적격심사제,Y,국군재정관리단,ZD00303,국군재정관리단,ZD00303,87.995,99210260,98950000,92828945,2024-02-23,11:00:00,개찰완료,87315810,88.01,2024-02-23,주식회사 누보이엔지,윤동혁,한지훈,687-88-02365,"경기도 용인시 처인구 모현읍 백옥대로2548-0, 지1층 1-1호"
UMM0072,1,(23F038-B)24년 음식물류 폐기물처리용역,용역,총액계약,제한경쟁,적격심사제,Y,국군재정관리단,ZD00303,국군재정관리단,ZD00303,84.245,127529519,127647050,118363636,2024-02-23,11:00:00,개찰완료,107442810,84.249,2024-02-23,농업회사법인 주식회사 골드바이오텍,김영학,김영학,353-86-00970,경기도 포천시 창수면 창동로161번길62
HCQ0007,1,24년 병사식당 부식 공급,물품,총액계약,제한경쟁,적격심사제,Y,공군제5공중기동비행단,ZD00193,공군제5공중기동비행단,ZD00193,87.995,128773441,128676470,119318182,2024-02-26,11:00:00,개찰완료,113415000,88.073,2024-02-26,주식회사 토리미트,황순기,황순기,474-81-01951,부산광역시 강서구 제도로975-5 (강동동) 2호
LCG0007,1,[24-육-16] A군단 부대변천사 연구용역,용역,총액계약,2단계경쟁(동시),최저가격제,N,육군본부,1290298,육군본부,1290298,0,18135182,18174000,16608182,2024-02-26,11:00:00,개찰완료,17265000,95.201,2024-02-26,주식회사 사이버앤네트워크연구원,김한욱,김한욱,417-86-01365,"서울특별시 용산구 이태원로211, 611호(한남동, 한남빌딩 )"
LCG0008,1,[24-육-17] B군단 부대변천사 연구용역,용역,총액계약,2단계경쟁(동시),최저가격제,N,육군본부,1290298,육군본부,1290298,0,18357491,18174000,16608182,2024-02-26,11:00:00,개찰완료,17880000,97.398,2024-02-26,주식회사 디.아이환경,권택연,권택연,130-86-04617,"경기도 남양주시 별내중앙로36-23, 1706호(별내동)"
LCG0009,1,[24-육-18] C군지사 부대변천사 연구용역,용역,총액계약,2단계경쟁(동시),최저가격제,N,육군본부,1290298,육군본부,1290298,0,18333768,18174000,16608182,2024-02-26,11:00:00,개찰완료,18000000,98.179,2024-02-26,군수.획득연구소,조성호,조성호,106-91-81371,"대전광역시 유성구 가정로43-0, 101동 903호 (신성동, 한울아파트)"
UMM0073,1,24-N-000사 조경관리 용역,용역,총액계약,제한경쟁,적격심사제,Y,국군재정관리단,ZD00303,국군재정관리단,ZD00303,87.995,105532528,105440000,98900000,2024-02-26,11:00:00,개찰완료,92867102,87.998,2024-02-26,주식회사청정티엠에스,인창환,인창환,209-81-46577,"서울특별시 강북구 월계로21가길41, 상가동 201호, 202호(미아동, 미아한일유앤아이)"
UMM0064,1,24-F-가스탄 등 6종 구매,물품,총액계약,일반경쟁,적격심사제,Y,국군재정관리단,ZD00303,국군재정관리단,ZD00303,82.995,908952841,912780000,899415327,2024-02-26,11:00:00,개찰완료,767482000,84.435,2024-02-26,영동화공주식회사,이광일,우제욱,217-81-43324,강원특별자치도 영월군 북면 밤재로985-33
UMM0060,1,24-F-로켓용 폭음통 구매(249011-F),물품,총액계약,일반경쟁,적격심사제,Y,국군재정관리단,ZD00303,국군재정관리단,ZD00303,82.995,305410165,304510000,282365909,2024-02-26,11:00:00,개찰완료,258999900,84.803,2024-02-26,경기화약 주식회사,최중태,최중태,124-86-17311,경기도 화성시 팔탄면 푸른들판로770-9
HCF0018,1,24-H-07 지게차 저울,물품,총액계약,제한경쟁,적격심사제,Y,공군군수사령부,ZD00306,공군군수사령부,ZD00306,87.995,39182906,39160000,37286000,2024-02-27,10:30:00,개찰완료,34479000,87.995,2024-02-27,자야,최춘자,최춘자,144-24-00738,"경기도 고양시 덕양구 화신로233 (화정동, 옥빛마을) 1501동807호"
HCF0020,1,24-H-20  세척기  압력식  용제-물용,물품,총액계약,제한경쟁,적격심사제,Y,공군군수사령부,ZD00306,공군군수사령부,ZD00306,87.995,19131017,18920000,20369309,2024-02-27,10:30:00,개찰완료,18620000,97.328,2024-02-27,여경,여경숙,여경숙,828-08-02794,"경상북도 포항시 북구 칠성천길40, 4층 -110(죽도동)"
HCF0021,1,빨간 머플러 제조,물품,총액계약,제한경쟁,적격심사제,Y,공군군수사령부,ZD00306,공군군수사령부,ZD00306,87.995,48039483,48333333,44818182,2024-02-27,10:30:00,개찰완료,42301330,88.055,2024-02-27,주식회사 흥선,김용기,설정근,134-81-03575,"경기도 안산시 단원구 만해로169번길28, 603블럭 11-1호 (신길동, 반월공단)"
LBA0019,1,‘24년 4~6월 부대조달 부식(마카롱 등) 제조/구매,물품,총액계약,제한경쟁,적격심사제,Y,제2167부대,ZD00053,제2167부대,ZD00053,87.995,128050439,127425434,115841304,2024-02-27,10:30:00,개찰완료,126151179,98.516,2024-02-27,동광푸드,이민숙,이민숙,123-20-33855,강원도 철원군 김화읍 외골길33-41(가동)
LBA0015,1,‘24년 4~6월 부대조달 부식(스팸형 햄) 구매,물품,총액계약,일반경쟁,적격심사제,Y,제2167부대,ZD00053,제2167부대,ZD00053,82.995,463079343,459050290,417318445,2024-02-27,10:30:00,개찰완료,384959000,83.13,2024-02-27,참조은푸드,김미라,김미라,776-55-00790,"울산광역시 울주군 범서읍 천상6길28-8, 1층((32블럭5롯트) 1층 101호)"
LCJ0013,1,(24군책-물품002)파렛트(황색) 구매,물품,총액계약,일반경쟁,적격심사제,Y,종합보급창,ZD00898,종합보급창,ZD00898,82.995,70530603,69833820,64755000,2024-02-27,10:00:00,개찰완료,58619989,83.112,2024-02-27,한스테크,한연숙,한연숙,682-15-00198,"서울특별시 강서구 곰달래로245, 2-3호(화곡동)"
LDH0100,1,24-4차 물류이동장비(워키리프트 트럭) 구매,물품,총액계약,제한경쟁,적격심사제,Y,제2879부대,ZD00347,제2879부대,ZD00347,87.995,27105992,27176000,25200000,2024-02-27,13:00:00,개찰완료,23889000,88.131,2024-02-27,한성이앤씨 주식회사,황용수,강정현,606-86-52353,부산광역시 강서구 도도본리길68-0 (대저2동)
LDH0101,1,24-5차 물류이동장비(2톤 전동화물운반차) 구매,물품,총액계약,제한경쟁,적격심사제,Y,제2879부대,ZD00347,제2879부대,ZD00347,87.995,39223485,39362000,36500000,2024-02-27,13:00:00,개찰완료,34590000,88.186,2024-02-27,한성이앤씨 주식회사,황용수,강정현,606-86-52353,부산광역시 강서구 도도본리길68-0 (대저2동)
LDH0110,1,(정비) 실리콘 건 등 25종구매,물품,총액계약,제한경쟁,적격심사제,Y,제2879부대,ZD00347,제2879부대,ZD00347,87.995,21929822,21911000,20318355,2024-02-27,13:00:00,개찰완료,19371967,88.336,2024-02-27,지앤와이일렉텍(주),김보영,김양기,113-81-89367,서울특별시 구로구 경인로53길15-0 (구로동) 중앙유통단지 가동 3116호
LDH0109,1,(정비) 에어호스 등 58종구매,물품,총액계약,제한경쟁,적격심사제,Y,제2879부대,ZD00347,제2879부대,ZD00347,87.995,21868118,21860000,20270782,2024-02-27,13:00:00,개찰완료,19673781,89.965,2024-02-27,주식회사 창원상사,이은석,이은석,804-81-00357,경상북도 포항시 남구 대해로89-1 (대도동)
LDH0106,1,(정비) 가제수입포 등 12종구매,물품,총액계약,제한경쟁,적격심사제,Y,제2879부대,ZD00347,제2879부대,ZD00347,87.995,33579968,33595000,31151827,2024-02-27,13:00:00,개찰완료,30233484,90.034,2024-02-27,주식회사 창원상사,이은석,이은석,804-81-00357,경상북도 포항시 남구 대해로89-1 (대도동)
LDH0102,1,(정비) 반면형호흡보호구 등 12종구매,물품,총액계약,제한경쟁,적격심사제,Y,제2879부대,ZD00347,제2879부대,ZD00347,87.995,26291166,26066000,24170964,2024-02-27,13:00:00,개찰완료,23459139,89.228,2024-02-27,주식회사 창원상사,이은석,이은석,804-81-00357,경상북도 포항시 남구 대해로89-1 (대도동)
LDH0104,1,(정비) 벨트사포 등 19종구매,물품,총액계약,제한경쟁,적격심사제,Y,제2879부대,ZD00347,제2879부대,ZD00347,87.995,18099852,18048000,16735436,2024-02-27,13:00:00,개찰완료,15990411,88.345,2024-02-27,상일상사,조용경,조용경,825-13-01015,경상남도 창원시 마산회원구 합포로274 (양덕동) 401호
LDH0103,1,(정비) 면장갑 구매,물품,총액계약,제한경쟁,적격심사제,Y,제2879부대,ZD00347,제2879부대,ZD00347,87.995,10943794,10958000,10161064,2024-02-27,13:00:00,개찰완료,9630390,87.998,2024-02-28,유한회사 대산디컴,안중성,안중성,507-87-02591,"서울특별시 서초구 강남대로107길21, 2층(잠원동, 대능빌딩)"
LDH0107,1,(정비) 방독마스크필터 등 15종구매,물품,총액계약,제한경쟁,적격심사제,Y,제2879부대,ZD00347,제2879부대,ZD00347,87.995,52457040,52847000,49003736,2024-02-27,13:00:00,개찰완료,46169000,88.012,2024-02-28,주식회사 제이디글로벌,김현영,김현영,703-86-01174,"경상남도 창원시 마산합포구 산호북4길30, 가동 상가212호(산호동, 용마맨션)"
LDH0121,1,(정비) 보호복 후드일체형등 9종구매,물품,총액계약,제한경쟁,적격심사제,Y,제2879부대,ZD00347,제2879부대,ZD00347,87.995,43284722,43353000,40200927,2024-02-27,13:00:00,개찰완료,38092013,88.003,2024-02-28,태양이엔지 주식회사,박준희,박준희,615-81-68228,경상남도 밀양시 중앙로 129()
LFR0004,1,24년 K200A1 장갑차 조종시뮬레이터 외주정비,용역,총액계약,제한경쟁,적격심사제,Y,육군기계화학교,ZD00035,육군기계화학교,ZD00035,87.745,116898947,117000000,106871818,2024-02-27,17:00:00,개찰완료,102600200,87.768,2024-02-27,주식회사 정엔지니어링,박정철,이수연,605-81-50809,부산광역시 부산진구 성지곡로51번길 27(초읍동)
LGP0025,2,24년 TICN 제어장치 전원공급기 외주정비용역,용역,총액계약,제한경쟁,적격심사제,Y,제5378부대,ZD00217,제5378부대,ZD00217,87.745,151941727,152955000,139050000,2024-02-27,11:00:00,개찰완료,134679100,88.638,2024-02-27,(주)설텍,설창우,박기범,503-81-74922,대구광역시 달서구 성서로324-0 (갈산동)
LGP0057,1,24년 유조 급수 살수차 외주정비용역(경기 서울 인천),용역,총액계약,제한경쟁,적격심사제,Y,제5378부대,ZD00217,제5378부대,ZD00217,87.745,148464857,150000000,136363636,2024-02-27,11:00:00,개찰완료,132745600,89.412,2024-02-27,주식회사 경기상용차서비스,권기종,권기종,194-88-00958,경기도 양주시 칠봉산로251-15 (봉양동)
LKT0007,2,24년 예비군훈련 도시락 제조납품(1권역),물품,단가계약,2단계경쟁(동시),최저가격제,N,제1989부대,ZD00011,제1989부대,ZD00011,0,8000,8000,7273,2024-02-27,10:30:00,개찰완료,8000,100,2024-02-27,여미락도시락점,박주권,정선아,494-85-02554,전라남도 순천시 동너리길56 (대대동) 여미락도시락점
LKT0008,2,24년 예비군훈련 도시락 제조납품(2권역),물품,단가계약,2단계경쟁(동시),최저가격제,N,제1989부대,ZD00011,제1989부대,ZD00011,0,8000,8000,7273,2024-02-27,10:30:00,개찰완료,8000,100,2024-02-27,CH푸드,신철환,신철환,409-24-24786,광주광역시 광산구 북문대로419번길14-17 (신창동)
LKT0017,1,24년 3~4월 부대조달 급식품목(빵류) 구매,물품,총액계약,일반경쟁,적격심사제,Y,제1989부대,ZD00011,제1989부대,ZD00011,82.995,79474874,79587352,73799182,2024-02-27,10:30:00,개찰완료,65961000,82.996,2024-02-27,수민,장형선,장형선,609-18-69081,경상남도 김해시 율하로270-61 (율하동)
LKT0018,1,24년 3~4월 부대조달 급식품목(식육가공품) 구매,물품,총액계약,일반경쟁,적격심사제,Y,제1989부대,ZD00011,제1989부대,ZD00011,82.995,52870749,52676470,48845455,2024-02-27,10:30:00,개찰완료,43880647,82.996,2024-02-27,푸디스트 주식회사,박정훈,이유영,711-81-01637,서울특별시 용산구 청파로363(서계동)
LNG0001,1,2024년 예비군 도시락 제조납품,물품,총액계약,협상에의한계약(전자),협상,N,육군 제1군단,ZD00275,육군 제1군단,ZD00275,0,713513578,720000000,654545455,2024-02-27,10:30:00,개찰완료,639000000,89.556,2024-02-29,주식회사 더찬,노은경,노은경,842-87-01928,경기도 남양주시 진건읍 진건오남로390번길163-2
LQG0015,1,00훈련대 화장실(흡연부스) 관리 청소 용역(안양),용역,총액계약,제한경쟁,적격심사제,Y,육군 52보병사단,ZD00273,육군 52보병사단,ZD00273,87.995,22255354,22365400,20332182,2024-02-27,10:30:00,개찰완료,19585260,88.002,2024-02-27,주식회사 하이스,전용기,전용기,134-87-02831,경기도 안산시 단원구 풍전로37-9 (원곡동) 안산전문유통상가 3단지 지원상가 313동202호
LQG0016,1,00훈련대 화장실(흡연부스) 관리 청소 용역(서초),용역,총액계약,제한경쟁,적격심사제,Y,육군 52보병사단,ZD00273,육군 52보병사단,ZD00273,87.995,31928396,31503000,28639091,2024-02-27,10:30:00,개찰완료,29770364,93.241,2024-02-27,주식회사 올바른환경,안형준,안형준,787-81-01880,"서울특별시 강남구 논현로523, 비202호(역삼동, 노바빌딩)"
LQG0017,1,작계훈련 무기 등 수송 차량 임차(1권역),용역,총액계약,제한경쟁,적격심사제,Y,육군 52보병사단,ZD00273,육군 52보병사단,ZD00273,87.745,26702246,26750000,24318182,2024-02-27,10:30:00,개찰완료,23472780,87.905,2024-02-27,삼진익스프레스 주식회사,정세미,정세미,513-81-76359,경상북도 구미시 고아읍 원대로75-44
LQG0018,1,작계훈련 무기 등 수송 차량 임차(2권역),용역,총액계약,제한경쟁,적격심사제,Y,육군 52보병사단,ZD00273,육군 52보병사단,ZD00273,87.745,31407534,31600000,28727273,2024-02-27,10:30:00,개찰완료,27587120,87.835,2024-02-27,주식회사 케이지비이엔지,고민희,고민희,122-86-17450,"인천광역시 부평구 새벌로29, 209호 (청천동, 부평테크노타워)"
LQG0019,1,작계훈련 무기 등 수송 차량 임차(3권역),용역,총액계약,제한경쟁,적격심사제,Y,육군 52보병사단,ZD00273,육군 52보병사단,ZD00273,87.745,29037018,29200000,26545455,2024-02-27,10:30:00,개찰완료,25491896,87.791,2024-02-27,주식회사 케이지비이엔지,고민희,고민희,122-86-17450,"인천광역시 부평구 새벌로29, 209호 (청천동, 부평테크노타워)"
MDR0002,2,스테레오 위성영상 구매,물품,총액계약,일반경쟁,적격심사제,Y,제9965부대,ZD00075,제9965부대,ZD00075,82.995,526844895,526515000,478650000,2024-02-27,11:00:00,개찰완료,437880000,83.113,2024-02-27,주식회사 알앤지월드,이정아,이정아,314-86-31497,"서울특별시 광진구 자양로11길4 ,4층"
MHD0004,2,2024 한-유럽 · 아시아 방산협력 컨퍼런스 행사 ,용역,총액계약,협상에의한계약(전자),협상,N,방위사업청(운영지원과),1690000,방위사업청(운영지원과),1690000,,197500000,,179545455,2024-02-27,15:00:00,개찰완료,197000000,99.746,2024-03-10,주식회사 채널케이,이윤경,이윤경,265-88-02336,"서울특별시 송파구 송파대로201, A동 8층 A-806,807호(문정동, 송파 테라타워2)"
SCF0143,1,필터 엘리먼트  유체용 등 1종 구매,물품,총액계약,제한경쟁,적격심사제,Y,해군군수사령부,ZD00289,해군군수사령부,ZD00289,87.995,41720121,42000000,39449600,2024-02-27,10:30:00,개찰완료,36713287,87.998,2024-02-27,(주)케이에이치그룹한국역사문화원,윤석인,윤석인,105-87-62466,"서울특별시 마포구 토정로35길11-0 (용강동, 인우빌딩) 5층"
SCF0144,1,회로카드조립체 등 4종 구매,물품,총액계약,제한경쟁,적격심사제,Y,해군군수사령부,ZD00289,해군군수사령부,ZD00289,87.995,15966101,16000000,15690000,2024-02-27,10:30:00,개찰완료,14050000,87.998,2024-02-27,해리엔터프라이즈,신창훈,신창훈,699-03-02508,"인천광역시 남동구 용천로87번길23 (구월동, 구월 힐스테이트) 3102동 802호"
SCF0137,1,오링 등 5종 구매,물품,총액계약,제한경쟁,적격심사제,Y,해군군수사령부,ZD00289,해군군수사령부,ZD00289,87.995,26886781,27000000,25040000,2024-02-27,10:30:00,개찰완료,23660860,88.001,2024-02-27,(주) 거승이엔씨,김주완,김재준,130-81-88892,서울특별시 마포구 성산로2길 47()
SCF0136,1,필터 엘리먼트 유체용 1종 구매,물품,총액계약,일반경쟁,적격심사제,Y,해군군수사령부,ZD00289,해군군수사령부,ZD00289,82.995,668159247,663000000,615576600,2024-02-27,10:30:00,개찰완료,560148500,83.834,2024-02-27,가림산업,정덕희,이창화,603-11-26111,부산광역시 서구 구덕로186번길 15()
SCF0135,1,(긴급)콘넥트 조인트 등 33종,물품,총액계약,제한경쟁,적격심사제,Y,해군군수사령부,ZD00289,해군군수사령부,ZD00289,87.995,54507959,54691000,50714391,2024-02-27,10:30:00,개찰완료,48822600,89.569,2024-02-27,제일테크,김문길,김문길,182-37-00235,부산광역시 사하구 다대로613-0 (다대동) 자유마트 220호
SCF0129,1,(긴급)박판 금속제 등 33종,물품,총액계약,일반경쟁,적격심사제,Y,해군군수사령부,ZD00289,해군군수사령부,ZD00289,87.995,52752452,53099000,49237636,2024-02-27,13:00:00,개찰완료,50300600,95.352,2024-02-28,(주)동건,윤영현,윤영현,215-86-62413,강원특별자치도 동해시 전천로245-2 (북평동)
SCF0131,1,(긴급)판 금속제 등 8종,물품,총액계약,일반경쟁,적격심사제,Y,해군군수사령부,ZD00289,해군군수사령부,ZD00289,87.995,111359985,112541000,106500000,2024-02-27,13:00:00,개찰완료,103200097,92.672,2024-02-28,경진테크,정태경,정태경,501-31-70508,"경상남도 창원시 성산구 원이대로495 (반림동, 트리비앙아파트) 230동 1607호"
SCF0130,1,(긴급)재생 아크릴판 3MM 등 14종,물품,총액계약,일반경쟁,적격심사제,Y,해군군수사령부,ZD00289,해군군수사령부,ZD00289,87.995,36226636,36160000,33530636,2024-02-27,13:00:00,개찰완료,31881225,88.004,2024-02-28,디디인터내셔널,황윤섭,황윤섭,621-45-00642,인천광역시 부평구 열우물로90-0 (십정동) 109동 23층 4호(더샵부평센트럴시티)
SCF0124,1,떡볶이떡,물품,단가계약,제한경쟁,적격심사제,Y,해군군수사령부,ZD00289,해군군수사령부,ZD00289,87.995,2379,2401,10891364,2024-02-27,10:30:00,개찰완료,2108,88.609,2024-02-27,류홀마트(합포점),최정임,최정임,346-22-00096,경상남도 창원시 마산합포구 문화동로1-0 (월포동)
SCF0138,1,안테나 등 4품목 구매,물품,총액계약,제한경쟁,적격심사제,Y,해군군수사령부,ZD00289,해군군수사령부,ZD00289,87.995,205040437,206000000,191596289,2024-02-27,10:30:00,개찰완료,202807000,98.91,2024-02-27,삼영이엔씨주식회사,황재우,마종운,601-81-26156,부산광역시 영도구 상리로 69(동삼동)
SCN0034,2,타이어 등 142종 구매,물품,총액계약,제한경쟁,적격심사제,Y,제7001부대,ZD00259,제7001부대,ZD00259,87.995,170053861,170000000,157891400,2024-02-27,10:30:00,개찰완료,149640237,87.995,2024-02-27,한성유통,이욱한,이욱한,341-14-01057,"서울특별시 송파구 송파대로345, 207동 2503호(가락동, 헬리오시티)"
SCP0022,1,오렌지 등 14종 구매,물품,총액계약,일반경쟁,적격심사제,Y,제8385부대,1290333,제8385부대,1290333,82.995,114843064,115000000,106698182,2024-02-27,10:30:00,개찰완료,95336605,83.014,2024-02-27,농업회사법인주식회사대화농산,최태은,정지현,797-86-00923,경기도 수원시 영통구 법조로25-0 (하동) SK VIEW LAKE A동 3716호
SCP0023,1,수육용 돼지고기 등 9종 구매,물품,총액계약,일반경쟁,적격심사제,Y,제8385부대,1290333,제8385부대,1290333,82.995,206981003,205600000,190663636,2024-02-27,10:30:00,개찰완료,171818490,83.011,2024-02-27,주식회사 해나람,정정미,서제윤,141-81-38752,경기도 파주시 장명산길174-18 (오도동)
SFG0024,1,UTP케이블 등 12품목 구매,물품,총액계약,제한경쟁,적격심사제,Y,제9181부대,ZD00151,제9181부대,ZD00151,87.995,18397697,18408300,17069545,2024-02-27,10:30:00,개찰완료,16189101,87.995,2024-02-27,디에이치케이알,김동현,김동현,834-04-02767,"경기도 고양시 덕양구 충장로152번길39 (행신동, 햇빛마을) 2011동 303호"
SFN0019,1,톤마대 제조 납품,물품,총액계약,제한경쟁,적격심사제,Y,연평부대,ZD00160,연평부대,ZD00160,87.995,19724699,19607840,18181818,2024-02-27,10:30:00,개찰완료,17431370,88.373,2024-02-27,주식회사 엔티코리아,엄점태,전태유,613-81-54825,경상남도 산청군 금서면 친환경로2461-0
UMM0076,1,(24G019-A) 외진셔틀버스 민간용역(서부권역),용역,총액계약,제한경쟁,적격심사제,Y,국군재정관리단,ZD00303,국군재정관리단,ZD00303,82.995,577924183,576000000,556363636,2024-02-27,11:00:00,개찰완료,524960000,90.835,2024-02-27,(주)굿버스 두레관광,이재찬,김민희,129-81-32501,경기도 가평군 가평읍 보납로14 2층
UMM0080,1,(24G006-H)24~25년 교환기 유지보수 용역,용역,총액계약,일반경쟁,적격심사제,Y,국군재정관리단,ZD00303,국군재정관리단,ZD00303,77.995,1486866595,1486951680,1378809745,2024-02-27,11:00:00,개찰완료,1163293398,78.237,2024-02-27,티에스라인시스템 주식회사,최국현,박산근,107-86-35181,"서울특별시 영등포구 영신로220-0, 805호, 806호, 403호(영등포동8가, KnK디지털타워)"
UMM0081,1,(24F033-A) 조경관리용역 ,용역,총액계약,제한경쟁,적격심사제,Y,국군재정관리단,ZD00303,국군재정관리단,ZD00303,87.995,171354899,171460700,178019091,2024-02-27,11:00:00,개찰완료,150805630,88.007,2024-02-27,경기조경 주식회사,김명선,장명애,636-86-02548,경기도 수원시 팔달구 향교로73-0 (매산로3가) 201호
UMM0093,1,(23F018-B) 24년 일반화물 수송용역,용역,총액계약,일반경쟁,적격심사제,Y,국군재정관리단,ZD00303,국군재정관리단,ZD00303,85.495,320855031,321262850,297898282,2024-02-27,11:00:00,개찰완료,275377800,85.826,2024-02-27,대신로지스틱스 주식회사,양임석,백성열,206-81-74680,"서울특별시 송파구 오금로46길5-0 (가락동, 보성빌딩) 3층"
LBA0022,1,‘24년 4~6월 부대조달 부식(빵류 60품목) 구매,물품,총액계약,일반경쟁,적격심사제,Y,제2167부대,ZD00053,제2167부대,ZD00053,82.995,1963344933,1971728039,1792480035,2024-02-28,10:30:00,개찰완료,1630540349,83.049,2024-02-28,해태제과식품(주),신정훈,김윤석,312-81-49680,충청남도 천안시 서북구 성거읍 천흥8길 67-26()
LCF0010,1,안면보호기 등 3항목 구매(물자),물품,총액계약,제한경쟁,적격심사제,Y,육군군수사령부,1290307,육군군수사령부,1290307,87.995,40691935,40882500,37165909,2024-02-28,11:00:00,개찰완료,35806916,87.995,2024-02-28,비에이엠티,이현경,이현경,725-25-01644,"경기도 평택시 지제동삭1로41, 118동 2404호(지제동, 지제역 더샵 센트럴시티)"
LDH0122,1,24-7차 물류이동장비(5톤 전동화물운반차) 구매,물품,총액계약,제한경쟁,적격심사제,Y,제2879부대,ZD00347,제2879부대,ZD00347,87.995,29196315,29411000,27272727,2024-02-28,13:00:00,개찰완료,28999000,99.324,2024-02-28,솔우테크,송유나,송유나,179-28-01008,"경상남도 김해시 한림면 한림로682-5 , 지하층"
LDH0118,1,(자재) 제재목등 5종 제조,물품,총액계약,제한경쟁,적격심사제,Y,제2879부대,ZD00347,제2879부대,ZD00347,87.995,48448133,48216000,44709818,2024-02-28,13:00:00,개찰완료,46769520,96.535,2024-02-28,(주)전일우드텍,문연실,노금실,401-81-36243,전북특별자치도 김제시 백구면 금백로1162
LDH0128,1,(정비) 각반(발덮개토시) 등 15종구매,물품,총액계약,제한경쟁,적격심사제,Y,제2879부대,ZD00347,제2879부대,ZD00347,87.995,7936349,8003000,7421673,2024-02-28,13:00:00,개찰완료,7400520,93.248,2024-02-29,주식회사 성우,김정애,김정애,594-81-00498,부산광역시 강서구 신호산단3로88번길68 (신호동)
LDH0124,1,(정비) 도화용붓 등 56종구매,물품,총액계약,제한경쟁,적격심사제,Y,제2879부대,ZD00347,제2879부대,ZD00347,87.995,17368850,17315000,16056518,2024-02-28,13:00:00,개찰완료,15295841,88.064,2024-02-28,지앤와이일렉텍(주),김보영,김양기,113-81-89367,서울특별시 구로구 경인로53길15-0 (구로동) 중앙유통단지 가동 3116호
LDH0130,1,(정비) 케이블타이 등 36종구매,물품,총액계약,제한경쟁,적격심사제,Y,제2879부대,ZD00347,제2879부대,ZD00347,87.995,22625259,22570000,20929000,2024-02-28,13:00:00,개찰완료,20096290,88.822,2024-02-28,지앤와이일렉텍(주),김보영,김양기,113-81-89367,서울특별시 구로구 경인로53길15-0 (구로동) 중앙유통단지 가동 3116호
LDH0126,1,(정비) 페이스컷트팁 등 74종구매,물품,총액계약,제한경쟁,적격심사제,Y,제2879부대,ZD00347,제2879부대,ZD00347,87.995,38709077,39049000,36209073,2024-02-28,13:00:00,개찰완료,34427120,88.938,2024-02-28,주식회사 서화테크,조미숙,최영식,245-81-02707,서울특별시 성북구 아리랑로19길111-0 (정릉동)
LDH0129,1,(정비) 초경앤드밀 등 63종구매,물품,총액계약,제한경쟁,적격심사제,Y,제2879부대,ZD00347,제2879부대,ZD00347,87.995,34197870,33824000,31364882,2024-02-28,13:00:00,개찰완료,30418225,88.947,2024-02-28,그린존,김근아,김근아,686-54-00656,"경상북도 포항시 북구 칠성로42-1, 2층(남빈동)"
LDH0132,1,(정비) 동절기 귀마개 등 38종구매,물품,총액계약,제한경쟁,적격심사제,Y,제2879부대,ZD00347,제2879부대,ZD00347,87.995,17871516,17811000,16516245,2024-02-28,13:00:00,개찰완료,16213090,90.72,2024-02-28,주식회사 성우,김정애,김정애,594-81-00498,부산광역시 강서구 신호산단3로88번길68 (신호동)
LDH0133,1,(정비) 프라스틱브러쉬 등 38종구매,물품,총액계약,제한경쟁,적격심사제,Y,제2879부대,ZD00347,제2879부대,ZD00347,87.995,16567801,16438000,15242655,2024-02-28,13:00:00,개찰완료,14703997,88.75,2024-02-28,지앤와이일렉텍(주),김보영,김양기,113-81-89367,서울특별시 구로구 경인로53길15-0 (구로동) 중앙유통단지 가동 3116호
LDH0119,1,(정비) 우의(하) 등 13종구매,물품,총액계약,제한경쟁,적격심사제,Y,제2879부대,ZD00347,제2879부대,ZD00347,87.995,13514081,13507000,12525282,2024-02-28,13:00:00,개찰완료,11893380,88.007,2024-02-29,유한회사 대성,안하은,안하은,334-87-01257,"전라남도 장성군 황룡면 강변로452-16, 3증 301호"
LDH0120,1,(정비) PVC장갑 적색 등 17종구매,물품,총액계약,제한경쟁,적격심사제,Y,제2879부대,ZD00347,제2879부대,ZD00347,87.995,21738888,21782000,20198655,2024-02-28,13:00:00,개찰완료,19140597,88.047,2024-02-29,(주)씨티원서비스,최현준,최현준,121-81-86809,"인천광역시 남동구 앵고개로490번길53, 남동공단142블럭20로트(고잔동)"
LDH0136,1,K200 펌프 유압식 등 2종 구매,물품,총액계약,제한경쟁,적격심사제,Y,제2879부대,ZD00347,제2879부대,ZD00347,87.995,48278449,47974000,44485029,2024-02-28,13:00:00,개찰완료,44540000,92.256,2024-02-28,금강인터내셔날,손율겸,손율겸,565-30-01390,"부산광역시 해운대구 마린시티3로37-0 (우동), 22층 2312호 (한일오르듀)"
LFR0005,1,24년 전차(사격 조종) 시뮬레이터 외주정비,용역,총액계약,제한경쟁,적격심사제,Y,육군기계화학교,ZD00035,육군기계화학교,ZD00035,77.995,1338574825,1340300000,1219559091,2024-02-28,17:00:00,개찰완료,1144000000,85.464,2024-02-28,(주)심네트,차진섭,이수빈,128-81-38443,대전광역시 유성구 죽동로157-0 (죽동)
LGP0062,1,24년 표준 및 상용차량 외주정비용역(경기 서울 인천),용역,총액계약,제한경쟁,적격심사제,Y,제5378부대,ZD00217,제5378부대,ZD00217,87.745,188477844,190000000,172727273,2024-02-28,11:00:00,개찰완료,167545000,88.893,2024-02-28,주식회사 금강특장차,오세덕,김혜란,137-81-64867,인천광역시 서구 북항로28-46 (원창동)
LGP0059,1,24년 구난차 등 3종 외주정비용역(강원),용역,총액계약,제한경쟁,적격심사제,Y,제5378부대,ZD00217,제5378부대,ZD00217,87.745,144742550,145000000,131818182,2024-02-28,11:00:00,개찰완료,127230250,87.901,2024-02-28,합자회사 순호자동차공업사,배경자,배경자,224-81-11043,강원특별자치도 원주시 북원로2807-0(태장동)
LGP0063,1,24년 이동형 기상측정세트 외주정비용역,용역,총액계약,제한경쟁,적격심사제,Y,제5378부대,ZD00217,제5378부대,ZD00217,87.745,49868530,50000000,45454545,2024-02-28,11:00:00,개찰완료,44500000,89.234,2024-02-28,주식회사 와이케이앤텍,김유순,이선주,132-86-03439,경기도 구리시 이문안로129번길19 (수택동)
LKP0016,1,재고번호미입력품목,물품,단가계약,제한경쟁,적격심사제,Y,제6335부대,Z006123,제6335부대,Z006123,87.995,5065,5014,4558,2024-02-28,10:30:00,개찰완료,4457,88.003,2024-02-28,로아푸드,강이경,강이경,704-44-00988,"경상남도 창원시 진해구 용원중로25번길6-19 (용원동), 101호"
LMU0003,1,(24-급-002)'24-2차 부대계약 식자재(가공품류) 계약,물품,단가계약,일반경쟁,적격심사제,Y,6112부대,ZD01187,6112부대,ZD01187,82.995,1770362,1767238,1734436065,2024-02-28,11:00:00,개찰완료,1469388,82.999,2024-02-28,(주)캐파맥스,이동국,이영길,129-81-79923,경기도 하남시 초이로92번길 70-27()
LMU0004,1,(24-급-003) '24-2차 부대계약 식자재(가공품류) 계약,물품,단가계약,일반경쟁,적격심사제,Y,6112부대,ZD01187,6112부대,ZD01187,82.995,1701758,1697611,1469154486,2024-02-28,11:00:00,개찰완료,1412628,83.009,2024-02-28,주식회사 삼마기업,이가은,김혁진,473-88-02505,"서울특별시 마포구 월드컵로34길6, 1동 14층 1406호(성산동,태림센트윈2차)"
LMU0005,1,(24-급-004) '24-2차 부대계약 식자재(가공품류) 계약,물품,단가계약,일반경쟁,적격심사제,Y,6112부대,ZD01187,6112부대,ZD01187,82.995,1425474,1439550,2045808822,2024-02-28,11:00:00,개찰완료,1183324,83.012,2024-02-28,(주)캐파맥스,이동국,이영길,129-81-79923,경기도 하남시 초이로92번길 70-27()
LQG0020,1,박달훈련대 관제장비 유지보수 용역,용역,총액계약,제한경쟁,적격심사제,Y,육군 52보병사단,ZD00273,육군 52보병사단,ZD00273,87.745,16165604,16134000,14667273,2024-02-28,10:30:00,개찰완료,14191870,87.79,2024-02-28,주식회사 일렉콤,정현영,정영순,608-81-13706,"경상남도 창원시 마산회원구 자유무역3길177,1층,5층(양덕동,표준공장1호동)"
MFH0003,1,사무용기기(프린터 등) 임차 용역,용역,총액계약,제한경쟁,적격심사제,Y,국방시설본부,ZD00554,국방시설본부,ZD00554,87.745,54491426,54676470,50700000,2024-02-28,11:00:00,개찰완료,47927893,87.954,2024-02-28,세진정보통신,김영숙,김동현,130-14-94859,"경기도 광명시 하안로60,  C동 911,913호(소하동, 광명테크노파크)"
SCF0149,1,안전등 등 8종 구매,물품,총액계약,제한경쟁,적격심사제,Y,해군군수사령부,ZD00289,해군군수사령부,ZD00289,87.995,86606285,87000000,80840591,2024-02-28,10:30:00,개찰완료,76402500,88.218,2024-02-28,주식회사 공후,하재룡,하재룡,330-86-01414,경기도 의왕시 사그내길4-4 (고천동)
SCF0147,1,전원공급기 1품목 구매,물품,총액계약,제한경쟁,적격심사제,Y,해군군수사령부,ZD00289,해군군수사령부,ZD00289,87.995,10070548,10000000,10000000,2024-02-28,10:30:00,개찰완료,8862099,88,2024-02-28,아이미디,나희열,나희열,718-72-00559,"인천광역시 강화군 불은면 고능로122-1, 2층"
SCF0148,1,냉각제 등 9종 구매,물품,총액계약,제한경쟁,적격심사제,Y,해군군수사령부,ZD00289,해군군수사령부,ZD00289,87.995,77678939,78000000,80367273,2024-02-28,10:30:00,개찰완료,69920000,90.011,2024-02-28,토탈marine,허광주,허광주,878-38-00842,경상남도 창원시 마산회원구 회원동로42-1 (회원동)
SCF0155,1,(긴급)밸브 조절용 자동살수기용 131종,물품,총액계약,제한경쟁,적격심사제,Y,해군군수사령부,ZD00289,해군군수사령부,ZD00289,87.995,120245461,119345000,110665764,2024-02-28,10:30:00,개찰완료,105816373,88,2024-02-28,비와이나인,염보영,염보영,160-14-02350,"인천광역시 미추홀구 남주길150, 117동 1602호(주안동, 힐스테이트 푸르지오 주안)"
SCF0150,1,(긴급) 솔레노이드 방향밸브 등 51종,물품,총액계약,제한경쟁,적격심사제,Y,해군군수사령부,ZD00289,해군군수사령부,ZD00289,87.995,88187663,88583000,82141145,2024-02-28,10:30:00,개찰완료,77601688,87.996,2024-02-28,농업회사법인 주식회사 원앤원푸드,장정순,김민영,303-87-00818,강원특별자치도 춘천시 동내면 금촌로94-11
SCF0151,1,(긴급) 노즐  연료 분사용 등 26종,물품,총액계약,제한경쟁,적격심사제,Y,해군군수사령부,ZD00289,해군군수사령부,ZD00289,87.995,108612809,108347000,100467818,2024-02-28,10:30:00,개찰완료,95574290,87.995,2024-02-28,르미컴퍼니,오아름,오아름,772-34-01114,"인천광역시 미추홀구 주승로97-1, 2층(주안동)"
SCF0154,1,(긴급)제어장치 전압조정기용 등 52종,물품,총액계약,제한경쟁,적격심사제,Y,해군군수사령부,ZD00289,해군군수사령부,ZD00289,87.995,99366404,99177000,93075964,2024-02-28,10:30:00,개찰완료,88168353,88.73,2024-02-28,국제전기,김승민,김승민,605-45-60328,부산광역시 강서구 유통단지1로41-0 (대저2동)126동120호
SCF0153,1,(긴급)패널 전기전자장비용 등 10종,물품,총액계약,제한경쟁,적격심사제,Y,해군군수사령부,ZD00289,해군군수사령부,ZD00289,87.995,50328057,50287000,48721091,2024-02-28,10:30:00,개찰완료,44288264,87.999,2024-02-28,비트,이하경,이하경,159-11-01520,"경상북도 구미시 구미중앙로42길5-66, 6층 609-47호(송정동)"
SCF0152,1,(긴급)회로카드조립체 등 15종,물품,총액계약,제한경쟁,적격심사제,Y,해군군수사령부,ZD00289,해군군수사령부,ZD00289,87.995,93010853,93108000,89379273,2024-02-28,10:30:00,개찰완료,81907100,88.061,2024-02-28,토탈marine,허광주,허광주,878-38-00842,경상남도 창원시 마산회원구 회원동로42-1 (회원동)
SCR0012,1,회로 차단기 등 14종 구매,물품,총액계약,제한경쟁,적격심사제,Y,해군제3함대사령부,ZD00155,해군제3함대사령부,ZD00155,87.995,38162569,37990000,35234182,2024-02-28,10:30:00,개찰완료,33581738,87.996,2024-02-28,이조유통,조인주,조인주,308-07-65978,충청남도 부여군 내산면 서천공주고속도로26(부여백제휴게소)
SCR0014,1,다기관  배기용 등 4종 구매,물품,총액계약,제한경쟁,적격심사제,Y,해군제3함대사령부,ZD00155,해군제3함대사령부,ZD00155,87.995,3843299,3830000,3555000,2024-02-28,10:30:00,개찰완료,3382828,88.018,2024-02-28,투걸(two girls),김지원,김지원,868-43-00494,경기도 이천시 갈산로87번길39-0 (갈산동)
SCR0015,1,전자 구성품 조립체 등 4종 구매,물품,총액계약,제한경쟁,적격심사제,Y,해군제3함대사령부,ZD00155,해군제3함대사령부,ZD00155,87.995,21923702,21910000,20321818,2024-02-28,10:30:00,개찰완료,19292487,87.998,2024-02-28,해동건설중기,서상만,서상만,415-03-89061,"전라남도 목포시 원형서로46-1. (상동, 양우비치팰리스)"
SCR0016,1,역류 방지 밸브 등 3종 구매,물품,총액계약,제한경쟁,적격심사제,Y,해군제3함대사령부,ZD00155,해군제3함대사령부,ZD00155,87.995,40074285,39850000,36956909,2024-02-28,10:30:00,개찰완료,35264000,87.996,2024-02-28,엠케이(MK),이미경,이미경,705-12-01994,"서울특별시 강서구 양천로28길29-0 (방화동, 마곡우림필유아파트)102동305호"
SCR0017,1,실드  코일용 등 2종 구매,물품,총액계약,제한경쟁,적격심사제,Y,해군제3함대사령부,ZD00155,해군제3함대사령부,ZD00155,87.995,4236730,4220000,3918182,2024-02-28,10:30:00,개찰완료,3728180,87.996,2024-02-28,피엔지,박인자,박인자,208-13-10723,경기도 시흥시 수풀안길14-4 (조남동)
UMM0077,1,24-F-오폐수처리시설 관리용역,용역,총액계약,일반경쟁,적격심사제,Y,국군재정관리단,ZD00303,국군재정관리단,ZD00303,85.495,294310868,296120000,274585873,2024-02-28,11:00:00,개찰완료,253263998,86.053,2024-02-28,(주)영동엔지니어링,김억조,임연실,606-81-21200,"부산광역시 사상구 백양대로 483, 대양빌딩4층(주례동)"
UMM0083,1,(247021-F)치과기공물 43종 제조,물품,총액계약,제한경쟁,적격심사제,Y,국군재정관리단,ZD00303,국군재정관리단,ZD00303,87.995,131815927,131400000,127290000,2024-02-28,11:00:00,개찰완료,116280000,88.213,2024-02-28,덴트리온 지르플러스 치과기공소,김주아,김주아,661-93-01316,"부산광역시 북구 만덕1로32-0, 1층 (만덕동)"
UMM0079,1,24-D-계룡대지역 방제용역,용역,총액계약,제한경쟁,적격심사제,Y,국군재정관리단,ZD00303,국군재정관리단,ZD00303,87.745,80316421,80490000,82108350,2024-02-28,11:00:00,개찰완료,70495716,87.772,2024-02-28,가온에코,노병남,노병남,265-33-00963,"충청남도 서산시 안견로365-67, 1층 103호 (읍내동)"
UMM0074,1,24-N- 친환경 소화기 등 3품목 구매,물품,총액계약,일반경쟁,적격심사제,Y,국군재정관리단,ZD00303,국군재정관리단,ZD00303,82.995,263588953,264550000,246272000,2024-02-28,11:00:00,개찰완료,218772845,82.997,2024-02-28,주식회사 휴먼시스템,김준형,이지숙,127-81-90728,경기도 포천시 원동교길43-1 (동교동)
UMM0068,1,24-N-함정  병영시설 전문방제 용역,용역,총액계약,일반경쟁,적격심사제,Y,국군재정관리단,ZD00303,국군재정관리단,ZD00303,77.995,3971579389,3978810000,4535105860,2024-02-28,11:00:00,개찰완료,3120340000,78.566,2024-02-28,(주)세스코,전찬혁,전두영,212-81-05946,서울특별시 강동구 상일로10길46-0 (상일동)
UMM0075,1,24-F-대형콘크리트 절단기 구매,물품,총액계약,제한경쟁,적격심사제,Y,국군재정관리단,ZD00303,국군재정관리단,ZD00303,87.995,218391472,218420000,202542255,2024-02-28,11:00:00,개찰완료,192183951,87.999,2024-02-28,주식회사 우성텔레콤,송상의,지민이,128-86-02824,"경기도 고양시 일산동구 백마로223, 431호(장항동, 현대에뜨레보)"
HCF0024,1,24-H-01 전원 공급기(B-9) 구매,물품,총액계약,제한경쟁,적격심사제,Y,공군군수사령부,ZD00306,공군군수사령부,ZD00306,87.995,31097405,30800000,30592727,2024-02-29,10:30:00,개찰완료,27364270,87.995,2024-02-29,은성,신명화,신명화,568-45-00905,"경기도 고양시 일산서구 산현로17번길38, 1102동 503호(탄현동, 탄현마을)"
HDF0019,1,24년 공지합동작전훈련지원체계 유지보수,용역,총액계약,일반경쟁,적격심사제,Y,공군 제8전투비행단,ZD00185,공군 제8전투비행단,ZD00185,87.745,88354524,88460784,82027273,2024-02-29,11:00:00,개찰완료,77843230,88.103,2024-02-29,(주)인컴에스엔,강인식,강인식,123-81-87726,"경기도 안양시 동안구 엘에스로 76(호계동, 안양 국제 유통단지)디오밸리 413호"
LCG0012,1,[24-육-22] A부대 지하형탄약고 사업타당성 조사 설계,용역,총액계약,2단계경쟁(동시),최저가격제,N,육군본부,1290298,육군본부,1290298,0,142221590,141899000,128999091,2024-02-29,11:00:00,개찰완료,140800000,99,2024-03-04,(주)에스코컨설턴트,박치면,현민,214-86-09754,"서울특별시 서초구 반포대로14길 71, 엘지서초에클라트 2117호(서초동)"
LCG0013,1,[24-육-23] B부대 지하형탄약고 사업타당성 조사 설계,용역,총액계약,2단계경쟁(동시),최저가격제,N,육군본부,1290298,육군본부,1290298,0,141539776,141899000,128999091,2024-02-29,11:00:00,개찰완료,140800000,99.477,2024-03-04,(주)에스코컨설턴트,박치면,현민,214-86-09754,"서울특별시 서초구 반포대로14길 71, 엘지서초에클라트 2117호(서초동)"
LDH0140,1, (정비) 배선터미널 등 17종구매,물품,총액계약,제한경쟁,적격심사제,Y,제2879부대,ZD00347,제2879부대,ZD00347,87.995,17316453,17341000,16080491,2024-02-29,13:00:00,개찰완료,15243859,88.031,2024-02-29,디엔테크,김해천,김해천,124-46-08607,"경기도 화성시 동탄대로677-5, 8층 812호(영천동, 비전IT타워)"
LDH0144,1,(정비) 알곤시린다밸브 등 79종구매,물품,총액계약,제한경쟁,적격심사제,Y,제2879부대,ZD00347,제2879부대,ZD00347,87.995,29961680,29578000,27427718,2024-02-29,13:00:00,개찰완료,26766334,89.335,2024-02-29,주식회사 창원상사,이은석,이은석,804-81-00357,경상북도 포항시 남구 대해로89-1 (대도동)
LDH0143,1, (정비) 용접가죽장갑 등 22종구매,물품,총액계약,제한경쟁,적격심사제,Y,제2879부대,ZD00347,제2879부대,ZD00347,87.995,26425975,26553000,24622555,2024-02-29,13:00:00,개찰완료,23844880,90.232,2024-02-29,주식회사 성우,김정애,김정애,594-81-00498,부산광역시 강서구 신호산단3로88번길68 (신호동)
LDH0139,1,(정비) 컷와이어 구매,물품,총액계약,제한경쟁,적격심사제,Y,제2879부대,ZD00347,제2879부대,ZD00347,87.995,16511059,16500000,15300000,2024-02-29,13:00:00,개찰완료,14530520,88.004,2024-02-29,(주) 에코 라이프,이성희,민혜영,131-86-22530,"인천광역시 남동구 장승로25-0 (만수동, 장승백이상가)5-302"
LDH0142,1,(정비) 절연테이프 등 20종구매,물품,총액계약,제한경쟁,적격심사제,Y,제2879부대,ZD00347,제2879부대,ZD00347,87.995,13965486,13945000,12931200,2024-02-29,13:00:00,개찰완료,12289000,87.995,2024-02-29,주안산업,강선자,강선자,885-22-01630,"경상남도 창원시 의창구 반계로104-9 (팔용동, 팔용벽산블루밍A단지)206-505"
LDH0146,1,(화공) 흑염스프레이 등 6종구매,물품,총액계약,제한경쟁,적격심사제,Y,제2879부대,ZD00347,제2879부대,ZD00347,87.995,16597928,16588000,15381627,2024-02-29,13:00:00,개찰완료,14630616,88.147,2024-02-29,주식회사 에이에스씨,임승수,임승수,125-86-08417,"경기도 안성시 공단1로99 (신건지동, 안성제1산업단지)"
LDH0148,1,(화공) 세정용세척제 1종구매,물품,총액계약,제한경쟁,적격심사제,Y,제2879부대,ZD00347,제2879부대,ZD00347,87.745,37496030,37240000,34531955,2024-02-29,13:00:00,개찰완료,33625000,89.676,2024-02-29,선우상사,도경호,도경호,605-01-42379,"부산광역시 사상구 괘감로 37, 산업용품상가 27-228(괘법동)"
LDH0145,1,(화공) 페인트가스켓리무브 등 10종구매,물품,총액계약,제한경쟁,적격심사제,Y,제2879부대,ZD00347,제2879부대,ZD00347,87.995,42469468,42348000,39268673,2024-02-29,13:00:00,개찰완료,37432858,88.14,2024-02-29,여경,여경숙,여경숙,828-08-02794,"경상북도 포항시 북구 칠성천길40, 4층 -110(죽도동)"
LDH0149,1,(화공) 실리콘 백색1급 등 21종구매,물품,총액계약,제한경쟁,적격심사제,Y,제2879부대,ZD00347,제2879부대,ZD00347,87.995,23819982,23820000,22087691,2024-02-29,13:00:00,개찰완료,21055321,88.393,2024-02-29,여경,여경숙,여경숙,828-08-02794,"경상북도 포항시 북구 칠성천길40, 4층 -110(죽도동)"
LDH0147,1,(화공) 세라몰 등 14종구매,물품,총액계약,제한경쟁,적격심사제,Y,제2879부대,ZD00347,제2879부대,ZD00347,87.995,22050474,21930000,20335355,2024-02-29,13:00:00,개찰완료,19799034,89.789,2024-02-29,그린존,김근아,김근아,686-54-00656,"경상북도 포항시 북구 칠성로42-1, 2층(남빈동)"
LGP0053,2,24년 부식  쉘터차량 외주정비 용역(경기 북부),용역,총액계약,제한경쟁,적격심사제,Y,제5378부대,ZD00217,제5378부대,ZD00217,87.745,163939071,165000000,150000000,2024-02-29,11:00:00,개찰완료,146020200,89.069,2024-02-29,주식회사 경기상용차서비스,권기종,권기종,194-88-00958,경기도 양주시 칠봉산로251-15 (봉양동)
LGP0051,2,24년 부식  쉘터차량 외주정비 용역(강원),용역,총액계약,제한경쟁,적격심사제,Y,제5378부대,ZD00217,제5378부대,ZD00217,87.745,139728974,140000000,127272727,2024-02-29,11:00:00,개찰완료,133500000,95.542,2024-02-29,016자동차공업사,안종근,안종근,224-14-30034,강원특별자치도 원주시 흥양로102번길3 (태장동)
LGP0058,2,24년 부식 및 쉘터차량 외주정비용역(경기 서울 인천),용역,총액계약,제한경쟁,적격심사제,Y,제5378부대,ZD00217,제5378부대,ZD00217,87.745,57182996,56900000,51727273,2024-02-29,11:00:00,개찰완료,52568000,91.929,2024-02-29,주식회사 금강특장차,오세덕,김혜란,137-81-64867,인천광역시 서구 북항로28-46 (원창동)
LGT0004,1,’24년 음식물류폐기물 위탁처리 용역(24-GS-5),용역,총액계약,제한경쟁,적격심사제,Y,제2307부대,ZD00001,제2307부대,ZD00001,84.245,105411418,104970000,95427273,2024-02-29,10:30:00,개찰완료,88904000,84.34,2024-02-29,리더,한재석,한재석,351-13-00290,강원도 횡성군 강림면 강림서길41-0
LKG0013,1,53사단 125-4대대 간부숙소신축 건축감리(비상주)용역,용역,총액계약,제한경쟁,적격심사제,Y,육군제53보병사단,ZD00094,육군제53보병사단,ZD00094,87.745,51540432,51487000,46806364,2024-02-29,11:00:00,개찰완료,45226960,87.75,2024-03-01,수만채건축사사무소,김재삼,김재삼,605-25-25828,부산광역시 동구 고관로100-1 (수정동) 외 1필지
LKP0018,1,24년 M2 장간조립교 외주정비 용역,용역,총액계약,제한경쟁,적격심사제,Y,제6335부대,Z006123,제6335부대,Z006123,87.745,80482166,80746530,73405936,2024-02-29,11:00:00,개찰완료,70629700,87.758,2024-02-29,주식회사 룩스그린,김권호,김성웅,132-81-90152,경기도 화성시 서신면 화남공단로114-13
LQG0022,1,서초훈련대 교전장비 유지보수 용역,용역,총액계약,제한경쟁,적격심사제,Y,육군 52보병사단,ZD00273,육군 52보병사단,ZD00273,87.745,96175700,96273000,87520909,2024-02-29,10:30:00,개찰완료,84400200,87.756,2024-02-29,(주)두손씨에스티,최수경,이숙원,113-81-85890,서울특별시 금천구 벚꽃로234 에이스하이엔드6차 1001호
LQG0023,1,박달훈련대 교전장비 유지보수 용역,용역,총액계약,제한경쟁,적격심사제,Y,육군 52보병사단,ZD00273,육군 52보병사단,ZD00273,87.745,96722947,96273000,87520909,2024-02-29,10:30:00,개찰완료,85249670,88.137,2024-02-29,(주)네스랩,이재호,홍성혜,305-81-55132,대전광역시 유성구 테크노2로 194()
MDD0028,1,2024 의무장비(한냉요법장치) 구매,물품,총액계약,제한경쟁,적격심사제,Y,국군수도병원,ZD00236,국군수도병원,ZD00236,87.995,10728628,10780000,10000000,2024-02-29,11:00:00,개찰완료,10137000,94.485,2024-02-29,동명상사,김명희,김명희,123-25-65274,"경기도 군포시 금정로11, 203호(금정동)"
MDD0029,1,2024 의무장비(추나요법테이블) 구매,물품,총액계약,제한경쟁,적격심사제,Y,국군수도병원,ZD00236,국군수도병원,ZD00236,87.995,10784651,10780000,10000000,2024-02-29,11:00:00,개찰완료,10137000,93.994,2024-02-29,동명상사,김명희,김명희,123-25-65274,"경기도 군포시 금정로11, 203호(금정동)"
MDD0030,1,2024 의무장비(흡인기 흉부배액용) 구매,물품,총액계약,제한경쟁,적격심사제,Y,국군수도병원,ZD00236,국군수도병원,ZD00236,87.995,6200638,6200000,6000000,2024-02-29,11:00:00,개찰완료,6200000,99.989,2024-02-29,강원상사,김동국,김동국,221-02-48191,강원특별자치도 춘천시 남춘로17-0 (퇴계동)
MDD0031,1,2024 의무장비(냉장고 혈액은행용 소형) 구매,물품,총액계약,제한경쟁,적격심사제,Y,국군수도병원,ZD00236,국군수도병원,ZD00236,87.995,5548695,5586000,5181818,2024-02-29,11:00:00,개찰완료,4918310,88.639,2024-02-29,주식회사 한스피엠아이,한경아,한경아,123-86-08935,경기도 군포시 고산로151번길28-0 (당정동) 403호
MDD0033,1,2024 의무장비(현미경 다안식) 구매,물품,총액계약,제한경쟁,적격심사제,Y,국군수도병원,ZD00236,국군수도병원,ZD00236,87.995,26174666,26195400,24300000,2024-02-29,11:00:00,개찰완료,23033540,87.999,2024-02-29,하진유통,윤세봄,윤세봄,537-07-01795,"충청남도 천안시 서북구 두정역길48, 107동 2105호(두정동, 천안 두정역 푸르지오)"
MDD0032,1,2024 의무장비(무균작업대) 구매,물품,총액계약,제한경쟁,적격심사제,Y,국군수도병원,ZD00236,국군수도병원,ZD00236,87.995,14372320,14553000,13500000,2024-02-29,11:00:00,개찰완료,13677000,95.162,2024-02-29,동명상사,김명희,김명희,123-25-65274,"경기도 군포시 금정로11, 203호(금정동)"
MDG0027,1,24년 의무장비(레이저수술기 이산화탄소) 구매,물품,총액계약,제한경쟁,적격심사제,Y,국군의무사령부,1290291,국군의무사령부,1290291,87.995,20892381,20874000,19363636,2024-02-29,11:00:00,개찰완료,18384400,87.995,2024-02-29,주식회사백운,김민지,김민지,805-88-00456,경기도 의정부시 경의로70-0 (의정부동) 5층 A628호
MDG0031,1,24년 의무장비(흡인기 이동식) 구매,물품,총액계약,제한경쟁,적격심사제,Y,국군의무사령부,1290291,국군의무사령부,1290291,87.995,2471400,2450000,2272727,2024-02-29,11:00:00,개찰완료,2280000,92.255,2024-02-29,동명상사,김명희,김명희,123-25-65274,"경기도 군포시 금정로11, 203호(금정동)"
MDG0030,1,24년 의무장비(치주질환치료기) 구매,물품,총액계약,제한경쟁,적격심사제,Y,국군의무사령부,1290291,국군의무사령부,1290291,87.995,22703951,22785000,21136364,2024-02-29,11:00:00,개찰완료,19985863,88.028,2024-02-29,주식회사 경진유통,서이현,서이현,806-87-01242,"경상남도 창원시 진해구 여좌로110-2 (여좌동, 수진빌라) 101호"
MDG0028,1,24년 의무장비(소독기 중형 치과용) 구매,물품,총액계약,제한경쟁,적격심사제,Y,국군의무사령부,1290291,국군의무사령부,1290291,87.995,5645565,5684000,5272727,2024-02-29,11:00:00,개찰완료,4968000,87.998,2024-02-29,서준코퍼레이션,윤진영,윤진영,234-62-00479,"강원특별자치도 원주시 문막읍 귀문로1269-16, 1층 우측"
MDG0029,1,24년 의무장비(전기소작기 치과용) 구매,물품,총액계약,제한경쟁,적격심사제,Y,국군의무사령부,1290291,국군의무사령부,1290291,87.995,3467191,3430000,3181818,2024-02-29,11:00:00,개찰완료,3292800,94.97,2024-02-29,주식회사 소향,김은율,김은율,185-81-00858,"경기도 안산시 상록구 중보로22-0 (사동, 늘푸른아파트)상가113호"
MDG0032,1,24년 의무장비(흡인기 위장관배액용) 구매,물품,총액계약,제한경쟁,적격심사제,Y,국군의무사령부,1290291,국군의무사령부,1290291,87.995,7274567,7252000,6727273,2024-02-29,11:00:00,개찰완료,6401573,87.999,2024-02-29,이에스솔루션,이은심,이은심,355-16-01540,"인천광역시 미추홀구 남주길150, 113동 704호(주안동, 힐스테이트 푸르지오 주안)"
MDG0036,2,24년 승강기 관리용역(경기권),용역,총액계약,제한경쟁,적격심사제,Y,국군의무사령부,1290291,국군의무사령부,1290291,87.745,24827749,25043020,23231000,2024-02-29,11:00:00,개찰완료,21917700,88.279,2024-02-29,디케이이엘에스(주),이헌용,이헌용,330-81-01796,"경기도 시흥시 승지로60번길17, 704호 (능곡동, 현대프라자)"
MDG0035,2,24년 승강기 관리용역(서울지구병원),용역,총액계약,제한경쟁,적격심사제,Y,국군의무사령부,1290291,국군의무사령부,1290291,87.745,9115386,9055200,8400000,2024-02-29,11:00:00,개찰완료,8518400,93.45,2024-02-29,경일엘리베이터 주식회사,이대호,이솔지,815-87-01396,"서울특별시 금천구 가산디지털2로43-14, 12층 1214~1216호 (가산동, 가산한화비즈메트로2차)"
MDG0034,2,24년 승강기 관리용역(국군대구병원),용역,총액계약,제한경쟁,적격심사제,Y,국군의무사령부,1290291,국군의무사령부,1290291,87.745,7571688,7546000,7000000,2024-02-29,11:00:00,개찰완료,6660300,87.963,2024-02-29,바론엘리베이터 주식회사,김승기,김은지,504-81-83633,"경상북도 구미시 산동면 신당1로24, 306호(바젤파크시티)"
MDG0033,2,24년 승강기 관리용역(국군함평병원),용역,총액계약,제한경쟁,적격심사제,Y,국군의무사령부,1290291,국군의무사령부,1290291,87.745,11084675,11103400,10300000,2024-02-29,11:00:00,개찰완료,9730000,87.778,2024-02-29,(주)삼성엘리베이터,김영래,최신영,416-81-34835,전라남도 순천시 서면 백강로801
MDK0016,1,군 전용철도 예초용역(2철도대),용역,총액계약,제한경쟁,적격심사제,Y,국군수송사령부,1290460,국군수송사령부,1290460,87.745,90185889,90060784,83510909,2024-02-29,11:00:00,개찰완료,79136000,87.747,2024-02-29,주식회사수민건설,이영란,이영란,703-86-01228,"경상남도 밀양시 밀성로3길20, 2층(내이동)"
MDK0017,1,군 전용철도 예초용역(1철도대),용역,총액계약,제한경쟁,적격심사제,Y,국군수송사령부,1290460,국군수송사령부,1290460,87.745,73184259,72552941,67276364,2024-02-29,11:00:00,개찰완료,64216700,87.746,2024-02-29,주식회사 동백엘앤씨,이진숙,이진숙,592-86-00672,경기도 성남시 분당구 수내로54-0 (수내동) 보보스쉐르빌 1312
MDK0018,1,군 전용철도 예초용역(3철도대),용역,총액계약,제한경쟁,적격심사제,Y,국군수송사령부,1290460,국군수송사령부,1290460,87.745,106678848,107112745,99322727,2024-02-29,13:30:00,개찰완료,93619900,87.758,2024-02-29,주식회사 금오종합건설,정현순,정현순,401-81-57160,"전북특별자치도 진안군 진안읍 진장로21, 3층"
MHD0014,1,해성-I 창정비요소개발 사업 비용분석,용역,총액계약,협상에의한계약(전자),협상,N,방위사업청(운영지원과),1690000,방위사업청(운영지원과),1690000,,30000000,,27272727,2024-02-29,15:00:00,개찰완료,27000000,90,2024-04-21,사단법인 한국기업연구원,이승후,이영은,120-82-01556,"서울특별시 강남구 도산대로 507, 대신빌딩205호(청담동)"
SCF0158,1,베어링 등 4종 구매,물품,총액계약,일반경쟁,적격심사제,Y,해군군수사령부,ZD00289,해군군수사령부,ZD00289,82.995,559166889,555000000,515347273,2024-02-29,10:30:00,개찰완료,472915000,84.574,2024-03-04,주식회사 엠코엔터프라이즈,안정민,안정민,114-87-08919,서울특별시 서초구 청두곶13길3 (방배동) 202호
SCF0157,1,전원공급기 등 3종 구매,물품,총액계약,제한경쟁,적격심사제,Y,해군군수사령부,ZD00289,해군군수사령부,ZD00289,87.995,21948982,22000000,20988355,2024-02-29,10:30:00,개찰완료,19314880,87.998,2024-03-04,제이컴,김지은,김지은,165-29-00647,강원특별자치도 춘천시 충혼길52번길10 (온의동) 드림타워 3층 306-69
SCF0141,1,온도계  자체포시실 등 3종 구매,물품,총액계약,제한경쟁,적격심사제,Y,해군군수사령부,ZD00289,해군군수사령부,ZD00289,87.995,1602293,1600000,1576000,2024-02-29,10:30:00,개찰완료,1412950,88.182,2024-02-29,에이스상사,김일천,김일천,585-51-00954,"부산광역시 사하구 다대로339, 1914호(장림동, 극동정림아파트)"
SCF0140,1,램프  발광용 다이오드용 3종 구매,물품,총액계약,제한경쟁,적격심사제,Y,해군군수사령부,ZD00289,해군군수사령부,ZD00289,87.995,114460173,114000000,105901818,2024-02-29,10:30:00,개찰완료,100726592,88.001,2024-02-29,와이에스물산 주식회사,정순연,김종범,609-86-20898,경상남도 창원시 진해구 냉천로235-0 (자은동)
SCF0159,1,(긴급)압축기 왕복식 등 33종,물품,총액계약,제한경쟁,적격심사제,Y,해군군수사령부,ZD00289,해군군수사령부,ZD00289,87.995,159669256,161009000,152246545,2024-02-29,10:30:00,개찰완료,140503460,87.996,2024-02-29,성진유통,김병석,김병석,379-08-01861,"경상남도 창원시 의창구 남산로20, 302동 105호"
SCN0036,1,24-관사 및 간부숙소 보일러 설치 납품,물품,총액계약,제한경쟁,적격심사제,Y,제7001부대,ZD00259,제7001부대,ZD00259,82.995,525299928,524000000,486254545,2024-02-29,10:30:00,개찰완료,438157075,83.41,2024-03-04,(주)영신엔지니어링,강미숙,강미숙,609-81-57051,경상남도 창원시 성산구 완암로50 테크동2층 203-1호
SFC0018,1,토너 등 51품목 구매,물품,총액계약,제한경쟁,적격심사제,Y,제9691부대,ZD00152,제9691부대,ZD00152,87.995,30032089,30156550,27485045,2024-02-29,10:30:00,개찰완료,26427000,87.995,2024-02-29,오니오니,이정화,이정화,391-33-01091,"서울특별시 구로구 오리로17길77-11, A동 1층 B02호 (궁동)"
UMM0089,1,(24G037-I)24년 의료기관종사자 잠복결핵 검진위탁,용역,총액계약,일반경쟁,적격심사제,Y,국군재정관리단,ZD00303,국군재정관리단,ZD00303,87.745,63668533,63911764,65190000,2024-02-29,11:00:00,개찰완료,56127000,88.155,2024-03-05,의료법인 녹십자의료재단,이상곤,장상화,213-82-03521,경기도 용인시 기흥구 이현로30번길 107()
UMM0078,1,24-N-항공유 공급펌프 제조,물품,총액계약,일반경쟁,적격심사제,Y,국군재정관리단,ZD00303,국군재정관리단,ZD00303,82.995,290388563,288230000,267272727,2024-02-29,11:00:00,개찰완료,244995500,84.368,2024-02-29,신신이앤지(주),고정자,김욱,606-81-85295,부산광역시 강서구 낙동남로533번길89 (녹산동)
UMM0096,1,(246065-C) 포밍기 구매,물품,총액계약,제한경쟁,적격심사제,Y,국군재정관리단,ZD00303,국군재정관리단,ZD00303,87.995,173281747,174710784,162004545,2024-02-29,11:00:00,개찰완료,152481750,87.996,2024-02-29,에이치에스물산,김종수,김종수,290-18-01228,강원특별자치도 속초시 만천7길23-6 (교동)
UMM0098,1,(247008-E) 병리장비운영소모품(6) 20품목구매,물품,총액계약,제한경쟁,적격심사제,Y,국군재정관리단,ZD00303,국군재정관리단,ZD00303,87.995,106690807,106113720,98396364,2024-02-29,11:00:00,개찰완료,93884500,87.996,2024-02-29,알파산업,김진영,김진영,350-52-00715,경상북도 경산시 남천면 남천로421-42
UMM0087,1,(24F057-A) 유류중대 급유검사 위탁용역,용역,총액계약,제한경쟁,적격심사제,Y,국군재정관리단,ZD00303,국군재정관리단,ZD00303,87.745,115052010,114993550,106630391,2024-02-29,11:00:00,개찰완료,101235000,87.99,2024-02-29,프라임방재주식회사,김회택,차민규,109-81-95477,"서울특별시 강서구 허준로 217, 가양테크노타운 908호(가양동)"
UMM0088,1,(247018-C) 특수수술재료(수술재료 2품목) 구매,물품,총액계약,일반경쟁,적격심사제,Y,국군재정관리단,ZD00303,국군재정관리단,ZD00303,82.995,404494249,401960784,372727273,2024-02-29,11:00:00,개찰완료,339000000,83.808,2024-02-29,나이스메드,강성주,강성주,129-27-92846,경기도 남양주시 가운로1길1-0 (가운동) 드림프라자 505-1호
UMM0094,1,(24G005-H)24년 MW EMS 유지보수 용역,용역,총액계약,제한경쟁,적격심사제,Y,국군재정관리단,ZD00303,국군재정관리단,ZD00303,87.745,172051982,170210780,157831818,2024-02-29,11:00:00,개찰완료,151215953,87.889,2024-02-29,(주)조흥테크,박희용,박희용,412-81-08897,"전라남도 강진군 강진읍 영랑로24, 3층"
UMM0097,1,24-N-이동용 잠수펌프 17EA 제조,물품,총액계약,제한경쟁,적격심사제,Y,국군재정관리단,ZD00303,국군재정관리단,ZD00303,87.995,207673170,207400000,196272727,2024-02-29,11:00:00,개찰완료,182763900,88.005,2024-02-29,제이에스피산업,김기철,김영주,782-13-00460,전북특별자치도 장수군 장계면 장무로352-32
HCR0009,1,24년 하늘회관 식자재 납품,물품,총액계약,2단계경쟁(동시),최저가격제,N,공군제15특수임무비행단,ZD00174,공군제15특수임무비행단,ZD00174,0,657913038,652960172,593600156,2024-03-04,10:00:00,개찰완료,463307890,70.42,2024-03-04,(주)아워홈 동서울영업소,구미현,허철호,716-85-00062,경기도 광주시 초월읍 산수로642-27
LDH0176,1, (화공) 접착제 등 16종구매,물품,총액계약,제한경쟁,적격심사제,Y,제2879부대,ZD00347,제2879부대,ZD00347,87.995,34888718,34638000,32118945,2024-03-04,13:00:00,개찰완료,30785320,88.238,2024-03-05,지앤와이일렉텍(주),김보영,김양기,113-81-89367,서울특별시 구로구 경인로53길15-0 (구로동) 중앙유통단지 가동 3116호
LDH0178,1,(화공) 쓰리본드 등 14종구매,물품,총액계약,제한경쟁,적격심사제,Y,제2879부대,ZD00347,제2879부대,ZD00347,87.995,20126925,20181000,18714209,2024-03-04,13:00:00,개찰완료,17786390,88.371,2024-03-05,디앤에이(DNA),강수곤,강수곤,140-01-22390,"서울특별시 구로구 경인로54길4(구로동, 공구상가일번지 에이동 H-201호)"
LDH0175,1,  (화공) 씨록스 등 9종구매,물품,총액계약,제한경쟁,적격심사제,Y,제2879부대,ZD00347,제2879부대,ZD00347,87.995,30409214,30592000,28367582,2024-03-04,13:00:00,개찰완료,26921500,88.53,2024-03-05,마창케미칼 주식회사,주시연,주향돈,608-81-22388,경상남도 창원시 마산회원구 내서읍 중리공단로 183()
LDH0177,1,(화공) 알카리착색제 등 5종구매,물품,총액계약,제한경쟁,적격심사제,Y,제2879부대,ZD00347,제2879부대,ZD00347,87.995,8823827,8849000,8205709,2024-03-04,13:00:00,개찰완료,7795700,88.348,2024-03-05,주식회사 에이에스씨,임승수,임승수,125-86-08417,"경기도 안성시 공단1로99 (신건지동, 안성제1산업단지)"
LDH0171,1,(화공) 크실렌55가론 1종구매,물품,총액계약,제한경쟁,적격심사제,Y,제2879부대,ZD00347,제2879부대,ZD00347,87.995,33387061,33458000,31025610,2024-03-04,13:00:00,개찰완료,29509700,88.386,2024-03-04,주식회사 에이에스씨,임승수,임승수,125-86-08417,"경기도 안성시 공단1로99 (신건지동, 안성제1산업단지)"
LDH0172,1,(화공) 수산화나트륨 등 4종구매,물품,총액계약,제한경쟁,적격심사제,Y,제2879부대,ZD00347,제2879부대,ZD00347,87.995,34566776,34494000,31985346,2024-03-04,13:00:00,개찰완료,30455152,88.105,2024-03-04,우남환경화학,정종인,정종인,306-02-22551,"대전광역시 대덕구 대화로147-0, 106호 (대화동)"
LDH0169,1,(화공) 화합물 닦기용 등 11종구매,물품,총액계약,제한경쟁,적격심사제,Y,제2879부대,ZD00347,제2879부대,ZD00347,87.995,49365149,50078000,46436306,2024-03-04,13:00:00,개찰완료,45372800,91.912,2024-03-05,주식회사 에이에스씨,임승수,임승수,125-86-08417,"경기도 안성시 공단1로99 (신건지동, 안성제1산업단지)"
LDH0158,1,(일장) 교량가설단정 호스류 9품목 구매,물품,총액계약,제한경쟁,적격심사제,Y,제2879부대,ZD00347,제2879부대,ZD00347,87.995,3207323,3216000,2982262,2024-03-04,13:00:00,개찰완료,2842500,88.625,2024-03-04,원일종합상사,김종화,김종화,605-44-63236,부산광역시 사상구 사상로51-0 (주례동)
LDH0157,1,(특무) 케이블 등 13품목 구매,물품,총액계약,제한경쟁,적격심사제,Y,제2879부대,ZD00347,제2879부대,ZD00347,87.995,23356972,23338000,21640909,2024-03-04,13:00:00,개찰완료,22169000,94.913,2024-03-04,시온테크,박혜성,박혜성,312-27-10674,충청남도 천안시 서북구 백석공단1로10-0 (백석동)
LDH0154,1,(자재) 헬리코일 등 24종 구매,물품,총액계약,제한경쟁,적격심사제,Y,제2879부대,ZD00347,제2879부대,ZD00347,87.995,4401229,4447000,4123905,2024-03-04,13:00:00,개찰완료,3916900,88.995,2024-03-05,에스케이(SK)산업,박수경,박수경,449-03-02636,경상남도 창원시 성산구 원이대로774 (상남동) 512-304
LDH0156,1,(자재) 호스피팅 등 2종 구매,물품,총액계약,제한경쟁,적격심사제,Y,제2879부대,ZD00347,제2879부대,ZD00347,87.995,14233780,14216000,13182273,2024-03-04,13:00:00,개찰완료,12559800,88.239,2024-03-05,한빛Rubber,최성원,최성원,215-18-72834,"경기도 시흥시 옥구천서로93번길45-0 (정왕동) , 1마 309-1"
LDH0179,1,(화공) 붕산 등 10종구매,물품,총액계약,제한경쟁,적격심사제,Y,제2879부대,ZD00347,제2879부대,ZD00347,87.995,19992694,20082000,18621811,2024-03-04,13:00:00,개찰완료,17712200,88.593,2024-03-04,주식회사 에이에스씨,임승수,임승수,125-86-08417,"경기도 안성시 공단1로99 (신건지동, 안성제1산업단지)"
MDD0034,1,2024 국군수도병원 유해환경근로자 특수건강진단 용역,용역,총액계약,제한경쟁,적격심사제,Y,국군수도병원,ZD00236,국군수도병원,ZD00236,87.745,17160512,17073942,15838536,2024-03-04,12:30:00,개찰완료,15296858,89.139,2024-03-05,다인병원,황장회,김재석,135-92-73648,경기도 수원시 장안구 창룡대로159-0 (연무동)
SFC0016,1,24-덕-정신전력 영상교재 제작 용역,용역,총액계약,2단계경쟁(동시),최저가격제,N,제9691부대,ZD00152,제9691부대,ZD00152,0,49843939,49670000,45454545,2024-03-04,12:30:00,개찰완료,31000000,62.194,2024-03-05,주식회사 단군픽쳐스,조상환,조상환,106-86-54716,"서울특별시 강서구 금낭화로51, 3층(방화동)"
UMM0091,1,24-M-고공낙하산(행사용)구매(248008-F),물품,총액계약,일반경쟁,적격심사제,Y,국군재정관리단,ZD00303,국군재정관리단,ZD00303,82.995,432035483,432350000,400909091,2024-03-04,16:00:00,개찰완료,358922000,83.076,2024-03-04,한길씨앤씨 주식회사,신용인,김홍정,110-81-48993,"서울특별시 금천구 서부샛길632-0 (가산동, 대륭테크노타운5)"
EU50001,2,중요시설경계시스템,물품,총액계약,협상에의한계약(서류),협상,N,방위사업청,1690000,방위사업청,1690000,,,35651000000,0,2024-03-05,18:00:00,개찰완료,34771000000,,2024-05-27,주식회사 에스원,남궁범,,208-81-13302,서울특별시 중구 세종대로7길25-0 (순화동)
HCF0027,1,항공기용 실링 컴파운드 4종 구매,물품,총액계약,제한경쟁,적격심사제,Y,공군군수사령부,ZD00306,공군군수사령부,ZD00306,87.995,137323566,137204020,127225545,2024-03-05,10:30:00,개찰완료,121235800,88.284,2024-03-05,클레비오 주식회사,조봉근,김승연,120-86-53751,서울특별시 강서구 마곡중앙5로1길20 보타닉비즈타워 321호
HCF0026,1,항공기용 연마제 구매,물품,총액계약,제한경쟁,적격심사제,Y,공군군수사령부,ZD00306,공군군수사령부,ZD00306,87.995,193288024,192268706,178285527,2024-03-05,10:30:00,개찰완료,170085910,87.996,2024-03-05,제이앤제이,진형조,진형조,747-25-01678,"인천광역시 계양구 효서로324, 102동 1801호(작전동, 작전동풍림아이원아파트)"
HCF0025,1,24-H-15 총  가스용,물품,총액계약,제한경쟁,적격심사제,Y,공군군수사령부,ZD00306,공군군수사령부,ZD00306,87.995,38609927,38900000,36070909,2024-03-05,10:30:00,개찰완료,34175000,88.513,2024-03-05,대전종합총포사,조용준,조용준,306-26-39460,대전광역시 동구 태전로55-0 (삼성동)
HCL0017,2,24-015 윤활유  항공기 피스톤 엔진용 등 2종,물품,총액계약,제한경쟁,적격심사제,Y,공군사관학교,7002962,공군사관학교,7002962,82.995,228782643,229327700,239755200,2024-03-05,10:30:00,개찰완료,190616020,83.317,2024-03-06,주피터에어로스페이스 주식회사,조봉근,윤형집,215-86-24554,"서울특별시 강서구 마곡중앙5로1길20,  322, 323, 324호(마곡동, 마곡나루역보타닉비즈타워)"
LBA0018,2,‘24년 4~6월 부대조달 부식(돈가스 7품목) 제조/구매,물품,총액계약,제한경쟁,적격심사제,Y,제2167부대,ZD00053,제2167부대,ZD00053,87.995,371126741,370983364,337257604,2024-03-05,10:30:00,개찰완료,327426000,88.224,2024-03-06,(주)진푸드시스템,박관식,박관식,127-86-17440,경기도 포천시 포천로1039
LBA0025,1,‘24년 부대조달 후식(초코바 등 9품목) 구매,물품,총액계약,일반경쟁,적격심사제,Y,제2167부대,ZD00053,제2167부대,ZD00053,82.995,1601726150,1597442044,1452220040,2024-03-05,10:30:00,개찰완료,1329519064,83.005,2024-03-06,주식회사 큐엔씨유통,신현세,남숙자,134-87-08102,"경기도 안산시 단원구 달미로10(선부동, 산호상가 137, 138호)"
LBA0024,1,‘24년 부대조달 후식(유제품 10품목) 구매,물품,총액계약,일반경쟁,적격심사제,Y,제2167부대,ZD00053,제2167부대,ZD00053,82.995,2675521769,2662389317,2420353925,2024-03-05,10:30:00,개찰완료,2221208690,83.019,2024-03-06,대신로지스틱스 주식회사,양임석,주은옥,206-81-74680,"서울특별시 송파구 오금로46길5-0 (가락동, 보성빌딩) 3층"
LBA0026,1,‘24년 4~6월 부대조달 부식(잡채어묵) 제조/구매,물품,총액계약,제한경쟁,적격심사제,Y,제2167부대,ZD00053,제2167부대,ZD00053,87.995,15017202,15043037,13675488,2024-03-05,10:30:00,개찰완료,13269463,88.361,2024-03-06,(주)코주부씨앤에프,홍순태,이정웅,126-81-76359,경기도 이천시 신둔면 경충대로3233번길 145()
LCG0014,1,[24-육-34] 군사경찰 특수수사장비세트 등 2종 구매,물품,총액계약,제한경쟁,적격심사제,Y,육군본부,1290298,육군본부,1290298,87.995,34136336,34247000,31133636,2024-03-05,11:00:00,개찰완료,30137360,88.285,2024-03-06,(주)비아이엔씨,김여기,김여기,214-88-83817,서울특별시 서초구 양재동언남 18길3 (양재동  2층)
LDH0187,1,(기동) 볼트 등 7종 구매,물품,총액계약,제한경쟁,적격심사제,Y,제2879부대,ZD00347,제2879부대,ZD00347,87.995,5068986,5059000,4691387,2024-03-05,16:30:00,개찰완료,4461780,88.021,2024-03-06,에스엔더블유테크,명노헌,명노헌,606-24-47532,부산광역시 강서구 가리새2로13번길14-0 (생곡동)
LGI0006,1,아이스크림(컵) 등 3종,물품,단가계약,제한경쟁,적격심사제,Y,제3130부대,ZD01109,제3130부대,ZD01109,82.995,5264,5301,113900755,2024-03-05,10:30:00,개찰완료,4370,83.021,2024-03-06,앤줄라이,우수하,우수하,815-34-00673,"경기도 용인시 수지구 수지로342번길34-0 (풍덕천동) 5층 스페이스어스,573호"
LGI0008,1,삼색컵과일 등 2종,물품,단가계약,제한경쟁,적격심사제,Y,제3130부대,ZD01109,제3130부대,ZD01109,82.995,4945,4915,192062591,2024-03-05,10:30:00,개찰완료,4104,83.001,2024-03-06,(주)비앤에스,김봉석,김봉석,610-81-91549,울산광역시 울주군 서생면 마근길93-0
LGP0065,1,24년 근거리감시레이더 외주정비 용역,용역,총액계약,일반경쟁,적격심사제,Y,제5378부대,ZD00217,제5378부대,ZD00217,85.495,320681152,320000000,290909091,2024-03-05,11:00:00,개찰완료,275000000,85.754,2024-03-05,주식회사 에스코넥,박순관,김영곤,129-81-32103,경기도 광주시 오포읍 마루들길172번길 30
LKD0013,1,24년 사단 음식물쓰레기 위탁처리 용역 계약,용역,총액계약,제한경쟁,적격심사제,Y,제32보병사단,ZD00012,제32보병사단,ZD00012,84.245,113725016,114441000,104037273,2024-03-05,9:30:00,개찰완료,96401179,84.766,2024-03-05,주식회사 시온환경,송미자,송미자,169-88-01816,충청남도 논산시 강변로308번길62-0 (부창동)  103호
LKG0015,1,24년 4~6월 부대급식계약(빵류),물품,총액계약,제한경쟁,적격심사제,Y,육군제53보병사단,ZD00094,육군제53보병사단,ZD00094,87.995,630813897,628941000,571764545,2024-03-05,11:00:00,개찰완료,555475566,88.056,2024-03-05,주식회사 신라명과,박창훈,강윤구,123-81-12055,경기도 안양시 만안구 덕천로72번길30 (안양동)
LKP0020,1,재고번호미입력품목,물품,단가계약,일반경쟁,적격심사제,Y,제6335부대,Z006123,제6335부대,Z006123,82.995,1127,1122,882716160,2024-03-05,10:30:00,개찰완료,935,82.998,2024-03-06,엄마푸드,윤은희,김소연,253-28-00985,"강원특별자치도 양구군 양구읍 중심로58, 1층 2호(신흥주택)"
LKP0021,1,재고번호미입력품목,물품,단가계약,일반경쟁,적격심사제,Y,제6335부대,Z006123,제6335부대,Z006123,82.995,620,616,460396160,2024-03-05,10:30:00,개찰완료,515,83.038,2024-03-06,주식회사 하이패스텔,이기관,이기관,880-87-00159,경기도 고양시 일산서구 대산로213-0 (대화동) 302호
LKP0022,1,재고번호미입력품목,물품,단가계약,일반경쟁,적격심사제,Y,제6335부대,Z006123,제6335부대,Z006123,82.995,865,869,1168609080,2024-03-05,10:30:00,개찰완료,718,83.006,2024-03-06,주식회사 삼마기업,이가은,김혁진,473-88-02505,"서울특별시 마포구 월드컵로34길6, 1동 14층 1406호(성산동,태림센트윈2차)"
LKP0023,1,재고번호미입력품목,물품,단가계약,일반경쟁,적격심사제,Y,제6335부대,Z006123,제6335부대,Z006123,82.995,1127,1120,462598691,2024-03-05,10:30:00,개찰완료,935,82.998,2024-03-06,더푸드웰(주),차혜진,김진주,142-81-48423,"경기도 용인시 처인구 경안천로258번길25, 2층(고림동)"
LKP0024,1,재고번호미입력품목,물품,단가계약,일반경쟁,적격심사제,Y,제6335부대,Z006123,제6335부대,Z006123,82.995,992,1000,418596364,2024-03-05,10:30:00,개찰완료,824,83,2024-03-06,주식회사 대성에프앤디,조태광,이은지,331-88-00810,부산광역시 강서구 맥도강변길912-47 (대저2동)
LKP0025,1,재고번호미입력품목,물품,단가계약,일반경쟁,적격심사제,Y,제6335부대,Z006123,제6335부대,Z006123,82.995,1141,1133,604947840,2024-03-05,10:30:00,개찰완료,947,82.995,2024-03-06,주식회사 백두상사,하정매,이한나,335-86-01888,경기도 용인시 수지구 현암로153 (죽전동) 704호-마04호
LKP0026,1,재고번호미입력품목,물품,단가계약,일반경쟁,적격심사제,Y,제6335부대,Z006123,제6335부대,Z006123,82.995,1250,1240,820108945,2024-03-05,10:30:00,개찰완료,1038,83.039,2024-03-06,엄마푸드,윤은희,김소연,253-28-00985,"강원특별자치도 양구군 양구읍 중심로58, 1층 2호(신흥주택)"
LKP0027,1,재고번호미입력품목,물품,단가계약,일반경쟁,적격심사제,Y,제6335부대,Z006123,제6335부대,Z006123,82.995,1880,1870,520829000,2024-03-05,10:30:00,개찰완료,1561,83.008,2024-03-06,농업회사법인 주식회사 원앤원푸드,장정순,장정순,303-87-00818,강원특별자치도 춘천시 동내면 금촌로94-11
LKP0028,1,재고번호미입력품목,물품,단가계약,일반경쟁,적격심사제,Y,제6335부대,Z006123,제6335부대,Z006123,82.995,323,325,328110545,2024-03-05,10:30:00,개찰완료,268,83.015,2024-03-06,(주)빙그레,전창원,이상영,132-81-00631,경기도 남양주시 다산순환로45 (다산동)
LKP0029,1,재고번호미입력품목,물품,단가계약,일반경쟁,적격심사제,Y,제6335부대,Z006123,제6335부대,Z006123,82.995,462,460,473286473,2024-03-05,10:30:00,개찰완료,384,83.016,2024-03-06,(주)신대한관리,박천환,노윤호,138-81-16747,"경기도 과천시 별양상가1로 18, 과천오피스텔 5층 B-2호, 7(별양동)"
LKP0030,1,재고번호미입력품목,물품,단가계약,일반경쟁,적격심사제,Y,제6335부대,Z006123,제6335부대,Z006123,82.995,1275,1265,1301296300,2024-03-05,10:30:00,개찰완료,1059,83.076,2024-03-06,주식회사 푸드밀,노수자,이광현,524-86-00868,"경기도 화성시 동탄광역환승로63-0 (오산동, 동탄역 반도유보라 아이비파크 7.0) 106동 3층 302호"
LKP0031,1,재고번호미입력품목,물품,단가계약,일반경쟁,적격심사제,Y,제6335부대,Z006123,제6335부대,Z006123,82.995,743,740,369651527,2024-03-05,10:30:00,개찰완료,617,82.996,2024-03-06,주식회사 동양비즈,신태권,최유정,709-86-02185,"경상북도 포항시 남구 오천읍 원동로3, 2층 203에이2호"
LKP0032,1,재고번호미입력품목,물품,단가계약,제한경쟁,적격심사제,Y,제6335부대,Z006123,제6335부대,Z006123,87.995,1113,1111,190538520,2024-03-05,10:30:00,개찰완료,980,88.013,2024-03-06,신화상사,모은희,모은희,190-39-00318,경기도 남양주시 별내면 청학로114번길34-0 (청학주공아파트) 706동 301호
LKP0033,1,재고번호미입력품목,물품,단가계약,제한경쟁,적격심사제,Y,제6335부대,Z006123,제6335부대,Z006123,87.995,707,708,185422625,2024-03-05,10:30:00,개찰완료,622,88.01,2024-03-06,(주)장원푸드,강경구,강경구,763-86-01889,"인천광역시 남동구 남동서로53번길38, 제디동 3층 214호(고잔동)"
LKP0034,1,재고번호미입력품목,물품,단가계약,제한경쟁,적격심사제,Y,제6335부대,Z006123,제6335부대,Z006123,87.995,832,840,105710182,2024-03-05,10:30:00,개찰완료,733,88.117,2024-03-06,(주)신대한관리,박천환,노윤호,138-81-16747,"경기도 과천시 별양상가1로 18, 과천오피스텔 5층 B-2호, 7(별양동)"
LKP0035,1,재고번호미입력품목,물품,단가계약,일반경쟁,적격심사제,Y,제6335부대,Z006123,제6335부대,Z006123,82.995,1052,1050,239629091,2024-03-05,10:30:00,개찰완료,874,83.047,2024-03-06,주식회사 멀티열린세상,주영철,주상원,161-81-00018,"경기도 광명시 광명로786번길4 (광명동),301호"
LNS0016,1,24년 4~12월 예비군훈련 병력수송 임차용역(1권역),용역,총액계약,제한경쟁,적격심사제,Y,제5708부대,ZD00095,제5708부대,ZD00095,85.495,261329828,260000000,236363636,2024-03-05,11:00:00,개찰완료,258800000,99.031,2024-03-05,(주)하나트레블,임병식,박종선,465-86-01762,경기도 김포시 양촌읍 양곡4로139 나-104
LQP0021,1,24년 과학화경계시스템 외주정비 용역(경기권),용역,총액계약,제한경쟁,적격심사제,Y,제1891부대,ZD00803,제1891부대,ZD00803,87.745,63403386,63725490,59090909,2024-03-05,10:30:00,개찰완료,55657150,87.782,2024-03-05,다산정보통신(주),구성철,구성철,132-81-82574,"경기도 남양주시 화도읍 소래비로13번길43-1 ,2층"
LQP0020,1,24년 과학화경계시스템 외주정비 용역(강원권),용역,총액계약,제한경쟁,적격심사제,Y,제1891부대,ZD00803,제1891부대,ZD00803,87.745,63901468,63725490,59090909,2024-03-05,10:30:00,개찰완료,56079706,87.759,2024-03-05,주식회사 이원네트웍스,원춘식,이병찬,592-86-02030,강원특별자치도 원주시 판부면 서곡널다리길45-0
LQP0019,1,24년 과학화경계시스템 외주정비 용역(충청권),용역,총액계약,제한경쟁,적격심사제,Y,제1891부대,ZD00803,제1891부대,ZD00803,87.745,63419753,63725490,59090909,2024-03-05,10:30:00,개찰완료,55736051,87.884,2024-03-05,주식회사 대산정보통신,양순정,박희삼,137-87-02387,"충청북도 영동군 영동읍 기골로7, 101동 102호(서한감고을아파트)"
LQP0018,1,24년 과학화경계시스템 외주정비 용역(경상권),용역,총액계약,제한경쟁,적격심사제,Y,제1891부대,ZD00803,제1891부대,ZD00803,87.745,64034851,63725490,59090909,2024-03-05,10:30:00,개찰완료,56223500,87.801,2024-03-05,제일정보통신 주식회사,송원호,송원호,513-81-39806,경상북도 구미시 화신로60-0 (광평동)
LQP0017,1,24년 과학화경계시스템 외주정비 용역(전라권),용역,총액계약,제한경쟁,적격심사제,Y,제1891부대,ZD00803,제1891부대,ZD00803,87.745,34039133,34313725,31818182,2024-03-05,10:30:00,개찰완료,29910130,87.869,2024-03-05,주식회사 빛을 꿈꾸는 사람들,김상희,김종욱,417-81-31694,"전라남도 여수시 대통로47-1,2층(화장동)"
MCF0005,1,24년 봉안함 명패 제조 구매,물품,총액계약,제한경쟁,적격심사제,Y,국립서울현충원,1290225,국립서울현충원,1290225,84.245,161010730,160000000,148636364,2024-03-05,10:30:00,개찰완료,137600000,85.46,2024-03-06,대광그래픽스,모종근,모종근,201-15-79900,"서울특별시 중구 충무로 29, B동 106호(초동, 아시아미디어타워)"
MCM0002,2,사이버 자산정보 수집 분석체계 라이선스 구매,물품,총액계약,일반경쟁,적격심사제,Y,4284부대,ZD00924,4284부대,ZD00924,82.995,112086921,111700000,101545455,2024-03-05,15:30:00,개찰완료,111650000,99.61,2024-03-05,에이치제이엘,이호준,이호준,566-04-02511,서울특별시 영등포구 의사당대로38 (여의도동) 101동 412호
MDD0036,1,2024 병리장비운영소모품(2) 50품목 구매,물품,총액계약,제한경쟁,적격심사제,Y,국군수도병원,ZD00236,국군수도병원,ZD00236,87.995,70008462,69735990,67275091,2024-03-05,17:00:00,개찰완료,68200000,97.416,2024-03-06,주식회사 에스엠플래닛,조현선,조현선,606-86-62996,"경기도 성남시 수정구 창업로43-0 (시흥동)1층, 글로벌비즈니스센터"
MDD0037,1,2024 병리장비운영소모품(8) 113품목 구매,물품,총액계약,일반경쟁,적격심사제,Y,국군수도병원,ZD00236,국군수도병원,ZD00236,82.995,234097525,234474000,225295455,2024-03-05,17:00:00,개찰완료,194368000,83.028,2024-03-06,주식회사 에스에스피앤디,김성수,김성수,760-86-00635,"서울특별시 강북구 도봉로77길6, 403-2호(수유동)"
MHD0013,1,2024 방산기술보호 컨퍼런스 행사 시행,용역,총액계약,협상에의한계약(전자),협상,N,방위사업청(운영지원과),1690000,방위사업청(운영지원과),1690000,,202000000,,183636364,2024-03-05,15:00:00,개찰완료,201000000,99.504,2024-03-31,주식회사 채널케이,이윤경,이윤경,265-88-02336,"서울특별시 송파구 송파대로201, A동 8층 A-806,807호(문정동, 송파 테라타워2)"
MHD0021,1,방위사업 원가계산 외부용역(2차) ,용역,총액계약,협상에의한계약(전자),협상,N,방위사업청(운영지원과),1690000,방위사업청(운영지원과),1690000,,1149470000,,1044972727,2024-03-05,15:00:00,개찰완료,919000000,79.949,2024-03-25,서현회계법인,배홍기,김해리,202-81-63217,"서울특별시 강남구 테헤란로440, 서관 3층(대치동, 포스코센터)"
SCF0161,1,산소 공업용,물품,단가계약,제한경쟁,적격심사제,Y,해군군수사령부,ZD00289,해군군수사령부,ZD00289,87.995,16455,16500,73823300,2024-03-05,10:30:00,개찰완료,14494,88.086,2024-03-05,주식회사 우진가스텍,신은수,백은정,608-81-61402,경상남도 김해시 마사로29-0 (생림면)
SCF0161,1,이산화탄소 공업용,물품,단가계약,제한경쟁,적격심사제,Y,해군군수사령부,ZD00289,해군군수사령부,ZD00289,87.995,1497,1509,73823300,2024-03-05,10:30:00,개찰완료,1322,88.314,2024-03-05,주식회사 삼흥에너지,노천섭,노원기,615-81-62393,경상남도 김해시 장유로55번길40-0 (부곡동)
SCF0165,1,펌프조립체 기어식 등 21종 구매,물품,총액계약,제한경쟁,적격심사제,Y,해군군수사령부,ZD00289,해군군수사령부,ZD00289,87.995,116843844,117000000,108592909,2024-03-05,10:30:00,개찰완료,111149500,95.126,2024-03-05,제일테크,김문길,김문길,182-37-00235,부산광역시 사하구 다대로613-0 (다대동) 자유마트 220호
SCF0166,1,밸브 공기 방출제어용 1종 구매,물품,총액계약,제한경쟁,적격심사제,Y,해군군수사령부,ZD00289,해군군수사령부,ZD00289,87.995,81218167,81000000,75560029,2024-03-05,10:30:00,개찰완료,71468000,87.995,2024-03-05,복주,박주현,박주현,234-02-00887,"서울특별시 동작구 상도로38길82, 303호(상도동, 상도아트빌라)"
SCF0169,1,클램프 등 11품목 구매,물품,총액계약,제한경쟁,적격심사제,Y,해군군수사령부,ZD00289,해군군수사령부,ZD00289,87.995,13102702,13000000,12530164,2024-03-05,10:30:00,개찰완료,12087600,92.252,2024-03-06,세명종합공구,이정자,이정자,585-41-00635,경상남도 창원시 진해구 용원동로294 (용원동)
SCF0174,1,고무 등 15종 구매,물품,총액계약,제한경쟁,적격심사제,Y,해군군수사령부,ZD00289,해군군수사령부,ZD00289,87.995,89367242,89000000,83214455,2024-03-05,10:30:00,개찰완료,78639700,87.996,2024-03-05,더와이지,박용구,박용구,743-08-00286,서울특별시 중구 필동로80-0 (필동3가) 301호
SCF0175,1,감지센샤 등 14종 구매,물품,총액계약,일반경쟁,적격심사제,Y,해군군수사령부,ZD00289,해군군수사령부,ZD00289,82.995,338020630,339000000,317905000,2024-03-05,14:30:00,개찰완료,333915000,98.785,2024-03-05,주식회사 유니메인,박진우,박진우,140-81-69140,경기도 시흥시 서울대학로59-20 701호 (배곧동)
SCF0167,1,24년 수중청음기  수중음파탐지기용 부품 정비,물품,총액계약,일반경쟁,적격심사제,Y,해군군수사령부,ZD00289,해군군수사령부,ZD00289,82.995,73213425,73000000,68455455,2024-03-05,10:30:00,개찰완료,63347940,86.525,2024-03-05,주식회사턴온전자,송수복,팽정선,602-81-56949,경상남도 김해시 진례면 테크노밸리길161-43
SCF0162,1,(긴급) 밸브  나비형 등 37종,물품,총액계약,제한경쟁,적격심사제,Y,해군군수사령부,ZD00289,해군군수사령부,ZD00289,87.995,100431504,100897000,103929555,2024-03-05,10:30:00,개찰완료,88374833,87.995,2024-03-05,선아골드넷,김은아,김은아,457-09-01907,"전라남도 순천시 조례연동길5, 315동 801호(조례동, 순천조례3차 대주파크빌)"
SCF0163,1,(긴급) 하우징  액체펌프용 등 64종,물품,총액계약,제한경쟁,적격심사제,Y,해군군수사령부,ZD00289,해군군수사령부,ZD00289,87.995,102481616,103892000,97387273,2024-03-05,10:30:00,개찰완료,91287344,89.076,2024-03-05,일용상사,권윤주,권윤주,215-42-01090,경상남도 창원시 의창구 북면 동곡로35-0 (창원무동휴먼빌아파트(2단지)) 205-804
SCF0164,1,(긴급) 개스킷 등 44종,물품,총액계약,제한경쟁,적격심사제,Y,해군군수사령부,ZD00289,해군군수사령부,ZD00289,87.995,67451112,67827000,64710727,2024-03-05,10:30:00,개찰완료,59353830,87.995,2024-03-05,다올페이퍼,여승훈,여승훈,207-03-45540,경기도 고양시 덕양구 청초로66-0 (덕은동) 덕은리버워크 B동 1404호
SCF0171,1,조명스위치 등 19종 구매,물품,총액계약,일반경쟁,적격심사제,Y,해군군수사령부,ZD00289,해군군수사령부,ZD00289,82.995,332665684,335000000,310672364,2024-03-05,10:30:00,개찰완료,329980000,99.192,2024-03-05,주식회사 수연티앤씨,김세영,김세영,591-81-00427,"서울특별시 성북구 성북로4길52-0 (돈암동, 한진아파트) 210-404"
SCF0179,1,(긴급)판 금속제 등 40종,물품,총액계약,제한경쟁,적격심사제,Y,해군군수사령부,ZD00289,해군군수사령부,ZD00289,87.995,65966200,65656000,60881382,2024-03-05,10:30:00,개찰완료,58432000,88.578,2024-03-05,동우철강(주),김수근,김수근,608-81-39050,"경상남도 창원시 마산회원구 봉암공단6길75-0 (봉암동, 동우철강)"
SCF0178,1,(긴급)핀 토글용 유두형 등 38종,물품,총액계약,제한경쟁,적격심사제,Y,해군군수사령부,ZD00289,해군군수사령부,ZD00289,87.995,93218352,93354000,90878455,2024-03-05,10:30:00,개찰완료,82029497,87.997,2024-03-05,농업회사법인본돈주식회사,유원경,유명자,610-88-00300,경기도 남양주시 화도읍 재재기로89-74 마동1층
SCF0172,1,등  침대용 등 4종 구매,물품,총액계약,일반경쟁,적격심사제,Y,해군군수사령부,ZD00289,해군군수사령부,ZD00289,82.995,261590036,262000000,243025245,2024-03-05,14:30:00,개찰완료,217111540,82.996,2024-03-05,주식회사 두산,김주원,이승은,355-87-00352,"전북특별자치도 전주시 덕진구 초포다리로51, 2층(호성동1가)"
SCF0173,1,가이드 위치결정용등 20종 / 구매,물품,총액계약,일반경쟁,적격심사제,Y,해군군수사령부,ZD00289,해군군수사령부,ZD00289,82.995,333385149,333000000,312350100,2024-03-05,14:30:00,개찰완료,308924000,92.662,2024-03-05,영화상사,서옥경,서옥경,607-18-32614,부산광역시 연제구 거제천로 233()
SCN0038,1,24-간부숙소 드럼세탁기 168대 구매,물품,총액계약,제한경쟁,적격심사제,Y,제7001부대,ZD00259,제7001부대,ZD00259,87.995,121136360,120000000,111490909,2024-03-05,10:30:00,개찰완료,106595980,87.996,2024-03-05,미다운,방기숙,방기숙,110-06-95918,경기도 양주시 권율로10-0 (장흥면)
SCR0019,1,헤드  유체 필터용 등 3종 구매,물품,총액계약,제한경쟁,적격심사제,Y,해군제3함대사령부,ZD00155,해군제3함대사령부,ZD00155,87.995,30763962,30660000,28432182,2024-03-05,10:30:00,개찰완료,27071270,87.996,2024-03-05,남컴퍼니,남유리,남유리,480-08-02345,"경기도 부천시 석천로2번길58-0 (상동, 대용화이트빌리지나동) 503호"
SCU0022,1,철판김치덮밥 등 28종 구매,물품,총액계약,제한경쟁,적격심사제,Y,제9918부대,ZD01068,제9918부대,ZD01068,87.995,230980678,231000000,214282636,2024-03-05,10:30:00,개찰완료,203268450,88.002,2024-03-05,제주정석,김석봉,김석봉,424-09-00984,제주특별자치도 제주시 신산마을길14(내도동)
SEE0011,1,24-J-얼음냉온정수기 임차 용역,용역,총액계약,제한경쟁,적격심사제,Y,제9해병여단,ZD01066,제9해병여단,ZD01066,87.745,118835665,118805400,110209091,2024-03-05,10:30:00,개찰완료,112950000,95.047,2024-03-05,루에리상사,김병훈,김병훈,591-30-01365,"제주특별자치도 제주시 조천읍 신촌4길6, 301동 501호"
SFC0010,1,해병대 리더십 역량 진단 시스템 개발 연구,용역,총액계약,2단계경쟁(동시),최저가격제,N,제9691부대,ZD00152,제9691부대,ZD00152,0,30420926,30304000,27549091,2024-03-05,10:30:00,개찰완료,29100000,95.657,2024-03-05,(사)한국능률협회,최권석,이병훈,105-82-01810,"서울특별시 영등포구 의사당대로22, 8층 9층 10층(여의도동, 이룸센터)"
SFC0011,1,마린온 4차 성과기반군수지원(PBL) 사업타당성 조사,용역,총액계약,2단계경쟁(동시),최저가격제,N,제9691부대,ZD00152,제9691부대,ZD00152,0,44299666,44314761,40940691,2024-03-05,10:30:00,개찰완료,27900000,62.98,2024-03-05,주식회사 베테랑콤,이재평,이재평,214-87-40937,서울특별시 서초구 서초동1432-13 202
SFC0019,1,해병대 역사관 활용 방안 연구,용역,총액계약,일반경쟁,적격심사제,Y,제9691부대,ZD00152,제9691부대,ZD00152,87.745,43562502,43980000,39981818,2024-03-05,11:00:00,개찰완료,38515000,88.413,2024-03-05,한디자인그룹주식회사,신정희,신정희,211-88-82992,서울특별시 강남구 학동로42길69-0 (논현동) 2층
SFH0031,1,24년 가공식품 구매 납품(백령도),물품,총액계약,일반경쟁,적격심사제,Y,제9196부대,ZD00370,제9196부대,ZD00370,82.995,1293600489,1293488920,1199417000,2024-03-05,11:00:00,개찰완료,1073758625,83.005,2024-03-05,성도교역,최계영,최계영,110-15-69561,"서울특별시 서대문구 수색로138-0, 2층(북가좌동)"
SFH0032,1,24년 개선식 구매 납품(백령도),물품,총액계약,일반경쟁,적격심사제,Y,제9196부대,ZD00370,제9196부대,ZD00370,82.995,643447682,645007450,598097818,2024-03-05,11:00:00,개찰완료,534047142,82.997,2024-03-05,풀무원식품 주식회사,김진홍,김태기,303-81-51649,충청북도 음성군 대소면 삼양로730-27
SFH0033,1,24년 부대조달부식 구매 납품(대청도),물품,총액계약,일반경쟁,적격심사제,Y,제9196부대,ZD00370,제9196부대,ZD00370,82.995,1803932513,1814756940,1682774618,2024-03-05,11:00:00,개찰완료,1497424730,83.008,2024-03-05,주식회사 야미푸드,손희영,손희영,125-81-56888,경기도 이천시 덕평로691번길46-0 (마장면)
UMM0070,2,(24G029-B)24년 전반기 인원수송 버스임차 용역,용역,총액계약,제한경쟁,적격심사제,Y,국군재정관리단,ZD00303,국군재정관리단,ZD00303,85.495,266603840,268245090,248736364,2024-03-05,15:30:00,개찰완료,240680000,90.276,2024-03-05,(주)한남관광개발,이자영,강성욱,101-86-07542,"서울특별시 강서구 마곡중앙2로35, 722호 (마곡동, 이너매스마곡2)"
UMM0116,1,(246015-D) 표정지 2종 구매,물품,총액계약,제한경쟁,적격심사제,Y,국군재정관리단,ZD00303,국군재정관리단,ZD00303,87.995,203955371,206342323,191335609,2024-03-05,15:30:00,개찰완료,179500473,88.009,2024-03-06,우리 코퍼레이션,김승겸,김승겸,278-03-02655,서울특별시 관악구 봉천로23다길25-18 (봉천동) 101호
UMM0102,1,(247010-C) 24년 병리장비소모품(12) 9품목 구매,물품,총액계약,제한경쟁,적격심사제,Y,국군재정관리단,ZD00303,국군재정관리단,ZD00303,87.995,113632756,113911440,107490236,2024-03-05,15:30:00,개찰완료,100469222,88.415,2024-03-05,이엠이컴퍼니,성원민,성원민,562-07-01490,서울특별시 금천구 가산디지털1로171 (가산동) 3층 306-19
UMM0103,1,(247006-C) 24년 병리장비소모품(1) 96품목 구매,물품,총액계약,일반경쟁,적격심사제,Y,국군재정관리단,ZD00303,국군재정관리단,ZD00303,82.995,414130490,414061764,383948182,2024-03-05,15:30:00,개찰완료,344830658,83.266,2024-03-05,이엠이컴퍼니,성원민,성원민,562-07-01490,서울특별시 금천구 가산디지털1로171 (가산동) 3층 306-19
UMM0129,1,(247017-F) 병리장비운영소모품(9) 구매,물품,총액계약,일반경쟁,적격심사제,Y,국군재정관리단,ZD00303,국군재정관리단,ZD00303,82.995,300724971,299728430,277930000,2024-03-05,15:30:00,개찰완료,249619109,83.005,2024-03-05,엄마푸드,윤은희,김소연,253-28-00985,"강원특별자치도 양구군 양구읍 중심로58, 1층 2호(신흥주택)"
UMM0109,1,(247007-D)병리장비운영소모품(4) 30품목 구매,물품,총액계약,제한경쟁,적격심사제,Y,국군재정관리단,ZD00303,국군재정관리단,ZD00303,87.995,87155901,86242156,79970000,2024-03-05,15:30:00,개찰완료,76696010,87.998,2024-03-06,케이에스유통,경금순,경금순,496-01-00168,"인천광역시 연수구 봉재산로20, 103동 4층 404호(동춘동, 연수 서해그랑블 1단지)"
UMM0114,1,(247011-D) 병리장비소모품(11) 92품목 구매,물품,총액계약,일반경쟁,적격심사제,Y,국군재정관리단,ZD00303,국군재정관리단,ZD00303,82.995,994184964,988012745,916157273,2024-03-05,15:30:00,개찰완료,827956000,83.279,2024-03-06,주식회사 이레메디칼,허진무,허진무,840-88-01176,"서울특별시 송파구 송이로23길30-20, 1층 2층(가락동, JR빌딩)"
UMM0126,1,(246032-E) '15 000LB 디젤 지게차 구매,물품,총액계약,제한경쟁,적격심사제,Y,국군재정관리단,ZD00303,국군재정관리단,ZD00303,87.995,83585060,82974610,76940100,2024-03-05,15:30:00,개찰완료,80744250,96.601,2024-03-05,유한회사 제이엠스토아,이희경,이재근,160-87-00870,"전북특별자치도 전주시 덕진구 유상로67, 301-1호(팔복동2가, 전주혁신창업허브)"
UMM0127,1,(247016-E) 2024 병리장비운영소모품(5) 17품목 구매 ,물품,총액계약,제한경쟁,적격심사제,Y,국군재정관리단,ZD00303,국군재정관리단,ZD00303,87.995,98861003,99400290,92171182,2024-03-05,15:30:00,개찰완료,87300343,88.306,2024-03-05,주식회사 뮤온,장진우,장진우,879-88-02737,경기도 하남시 미사강변중앙로204번길45 (망월동) 305-A102호
UMM0110,1,(246066-D) 튜브밴딩기 CNC 구매,물품,총액계약,일반경쟁,적격심사제,Y,국군재정관리단,ZD00303,국군재정관리단,ZD00303,82.995,332837642,331382352,307281818,2024-03-05,15:30:00,개찰완료,276271172,83.004,2024-03-06,주식회사 하이패스텔,이기관,이기관,880-87-00159,경기도 고양시 일산서구 대산로213-0 (대화동) 302호
UMM0086,1,24-N-수직 이착륙용 무인기 구매,물품,총액계약,제한경쟁,적격심사제,Y,국군재정관리단,ZD00303,국군재정관리단,ZD00303,87.995,177302387,177020000,164153636,2024-03-05,15:30:00,개찰완료,156367000,88.192,2024-03-05,주식회사 한국유에이브이,김무선,김무선,128-86-72811,경기도 성남시 수정구 대왕판교로815 (시흥동) 361호
UMM0128,1,(247055-F) 병리장비운영소모품(3) 구매,물품,총액계약,일반경쟁,적격심사제,Y,국군재정관리단,ZD00303,국군재정관리단,ZD00303,82.995,412903681,412362740,382372727,2024-03-05,15:30:00,개찰완료,344098820,83.336,2024-03-05,이엠이컴퍼니,성원민,성원민,562-07-01490,서울특별시 금천구 가산디지털1로171 (가산동) 3층 306-19
UMM0104,1,24-D- 영선보수자재 구매(241006-F),물품,총액계약,일반경쟁,적격심사제,Y,국군재정관리단,ZD00303,국군재정관리단,ZD00303,82.995,272241995,270900000,251207091,2024-03-05,15:30:00,개찰완료,226061000,83.036,2024-03-05,나우종합관리주식회사,홍명옥,주모란,754-88-00478,"인천광역시 연수구 원인재로216, 401동 208,210호 (연수동, 연수1차시영상가)"
UMM0099,1,(24F047-A) 음식물류 폐기물 위탁처리 용역,용역,총액계약,일반경쟁,적격심사제,Y,국군재정관리단,ZD00303,국군재정관리단,ZD00303,80.495,239137779,239121560,221730909,2024-03-05,15:30:00,개찰완료,192534790,80.512,2024-03-05,아라환경,이석재,이석재,223-90-29106,강원특별자치도 홍천군 홍천읍 영서로1981-0
HCF0032,1,[항공기급유차 부품] 노즐 구매,물품,총액계약,제한경쟁,적격심사제,Y,공군군수사령부,ZD00306,공군군수사령부,ZD00306,87.995,94525914,94380000,103494545,2024-03-06,10:30:00,개찰완료,91548600,96.85,2024-03-06,삼호상사,서 민 숙,서민숙,314-12-19963,대구광역시 북구 유통단지로16 산업용재관 26-24(산격동)
LBA0021,1,‘24년 4~6월 식자재 다수품목 단가계약,물품,총액계약,2단계경쟁(동시),최저가격제,N,제2167부대,ZD00053,제2167부대,ZD00053,0,9311068483,9332684812,8484258920,2024-03-06,10:00:00,개찰완료,5678378747,60.985,2024-03-06,(주)현대그린푸드,박홍진,김지형,656-81-02756,"경기도 용인시 수지구 문인로30-0 (동천동, 현대그린푸드)"
LDH0114,2,통신장비 전지 축전식 등 8종 구매,물품,총액계약,제한경쟁,적격심사제,Y,제2879부대,ZD00347,제2879부대,ZD00347,87.995,8901824,8940000,8290487,2024-03-06,9:30:00,개찰완료,8812290,98.994,2024-03-06,지앤와이일렉텍(주),김보영,김양기,113-81-89367,서울특별시 구로구 경인로53길15-0 (구로동) 중앙유통단지 가동 3116호
LDH0195,1,(기동) 로드 1종 구매,물품,총액계약,제한경쟁,적격심사제,Y,제2879부대,ZD00347,제2879부대,ZD00347,87.995,2693705,2683000,2488495,2024-03-06,9:30:00,개찰완료,2372500,88.075,2024-03-07,에스엔더블유테크,명노헌,명노헌,606-24-47532,부산광역시 강서구 가리새2로13번길14-0 (생곡동)
LDH0209,1,24년 전반기 정비장비 예비부품구매(궤도장비류1차),물품,총액계약,제한경쟁,적격심사제,Y,제2879부대,ZD00347,제2879부대,ZD00347,87.995,33018024,33092000,30686000,2024-03-06,13:00:00,개찰완료,32880000,99.581,2024-03-07,에스와이테크,정미경,정미경,609-09-54951,경상남도 창원시 의창구 팔용로 355()
LDH0213,1,24년 전반기 정비장비 예비부품구매(기타장비류),물품,총액계약,제한경쟁,적격심사제,Y,제2879부대,ZD00347,제2879부대,ZD00347,87.995,29716083,29512000,27366182,2024-03-06,13:00:00,개찰완료,27129300,91.295,2024-03-07,창신테크,박명숙,박명숙,650-02-01657,경상남도 밀양시 하남읍 양명길138-1
LDH0191,1,K10탄운차 축전기 구매,물품,총액계약,제한경쟁,적격심사제,Y,제2879부대,ZD00347,제2879부대,ZD00347,87.995,9825512,9893000,9174109,2024-03-06,9:30:00,개찰완료,8683612,88.378,2024-03-06,주식회사 앤드영,권남영,권남영,374-81-01025,경상북도 구미시 1공단로212 (공단동)
LDH0208,1,(화공) 순간접착제등 21종 구매,물품,총액계약,제한경쟁,적격심사제,Y,제2879부대,ZD00347,제2879부대,ZD00347,87.995,8646875,8653000,8023900,2024-03-06,9:30:00,개찰완료,7631424,88.256,2024-03-07,주식회사 창원상사,이은석,이은석,804-81-00357,경상북도 포항시 남구 대해로89-1 (대도동)
LDH0207,1,(정비) 안면보호저탐 등 26종 구매,물품,총액계약,제한경쟁,적격심사제,Y,제2879부대,ZD00347,제2879부대,ZD00347,87.995,18402260,18447000,17106173,2024-03-06,9:30:00,개찰완료,16208740,88.08,2024-03-07,명지사,최용호,최용호,132-19-40349,서울특별시 마포구 성산로2길55-0 (성산동)
LDH0205,1,(화공) 가스켓리무버 등 35종 구매,물품,총액계약,제한경쟁,적격심사제,Y,제2879부대,ZD00347,제2879부대,ZD00347,87.995,16487946,16364000,15174800,2024-03-06,9:30:00,개찰완료,14716710,89.257,2024-03-07,주식회사 서화테크,조미숙,최영식,245-81-02707,서울특별시 성북구 아리랑로19길111-0 (정릉동)
LDH0189,1,K21 개스킷 등 24종 구매,물품,총액계약,제한경쟁,적격심사제,Y,제2879부대,ZD00347,제2879부대,ZD00347,87.995,23765046,23751000,22024197,2024-03-06,9:30:00,개찰완료,20924300,88.046,2024-03-06,금성특수산업,김진봉,김진봉,606-35-86453,부산광역시 사상구 광장로34 금성특수산업
LDH0204,1, (정비) 코레카 장갑 등 162종 구매,물품,총액계약,제한경쟁,적격심사제,Y,제2879부대,ZD00347,제2879부대,ZD00347,87.995,35637465,35660000,33066991,2024-03-06,9:30:00,개찰완료,32701210,91.76,2024-03-07,주식회사 성우,김정애,김정애,594-81-00498,부산광역시 강서구 신호산단3로88번길68 (신호동)
LDH0192,1,K21 베어링 1종 구매,물품,총액계약,제한경쟁,적격심사제,Y,제2879부대,ZD00347,제2879부대,ZD00347,87.995,1140487,1137000,1055055,2024-03-06,9:30:00,개찰완료,1040000,91.189,2024-03-06,덕산베아링,신복승,박준배,605-01-99630,부산광역시 부산진구 서전로9번길 38()
LDH0193,1,K21 패킹 성형식 등 12종 구매,물품,총액계약,제한경쟁,적격심사제,Y,제2879부대,ZD00347,제2879부대,ZD00347,87.995,15715082,15781000,14634204,2024-03-06,9:30:00,개찰완료,13834251,88.031,2024-03-06,윌프리,허성욱,허성욱,786-43-00611,"경기도 화성시 동탄기흥로570-6 (영천동)  골든아이타워, 201호"
LDH0215,1,(자재) 마봉강 등 21종 구매,물품,총액계약,제한경쟁,적격심사제,Y,제2879부대,ZD00347,제2879부대,ZD00347,87.995,17275626,17298000,16039982,2024-03-06,13:00:00,개찰완료,15219270,88.096,2024-03-07,주식회사 우경엔텍,박순성,이동희,606-81-78794,부산광역시 사상구 학감대로177번길19(학장동)
LFN0008,1,24년 생도용 노트북렌탈 용역,용역,총액계약,제한경쟁,적격심사제,Y,육군3사관학교,1290306,육군3사관학교,1290306,87.745,175442229,176400000,160363636,2024-03-06,10:00:00,개찰완료,155169130,88.444,2024-03-06,주식회사에스,김미연,최정민,608-81-39730,경상남도 창원시 의창구 북면 동전로154-0  2F
LGI0004,2,음료류 15종,물품,단가계약,제한경쟁,적격심사제,Y,제3130부대,ZD01109,제3130부대,ZD01109,82.995,15729,15759,328516691,2024-03-06,10:30:00,개찰완료,13055,82.996,2024-03-06,미가온,변정순,변정순,106-02-51645,경기도 파주시 장명산길174-20 (오도동)
LGI0007,2,콜라 등 9종,물품,단가계약,제한경쟁,적격심사제,Y,제3130부대,ZD01109,제3130부대,ZD01109,82.995,9578,9476,506516764,2024-03-06,10:30:00,개찰완료,7962,83.13,2024-03-06,(주)동원에프엔에프,조윤상,조윤상,411-81-51431,전라남도 목포시 용당로 36-1()
LGI0016,2,에너지바 등 22종,물품,단가계약,제한경쟁,적격심사제,Y,제3130부대,ZD01109,제3130부대,ZD01109,82.995,26587,26678,240191545,2024-03-06,10:30:00,개찰완료,22068,83.004,2024-03-06,농업회사법인본돈주식회사,유원경,유명자,610-88-00300,경기도 남양주시 화도읍 재재기로89-74 마동1층
LGI0019,1,마시는발효유 등 12건,물품,단가계약,제한경쟁,적격심사제,Y,제3130부대,ZD01109,제3130부대,ZD01109,82.995,7913,7917,223338482,2024-03-06,10:30:00,개찰완료,6569,83.015,2024-03-06,주식회사 푸드밀,노수자,이광현,524-86-00868,"경기도 화성시 동탄광역환승로63-0 (오산동, 동탄역 반도유보라 아이비파크 7.0) 106동 3층 302호"
LGP0071,1,재고번호미입력품목,물품,단가계약,일반경쟁,적격심사제,Y,제5378부대,ZD00217,제5378부대,ZD00217,82.995,52206,52054,47322,2024-03-06,11:00:00,개찰완료,43335,83.008,2024-03-06,주식회사 아람비즈,신옥성,조현정,127-86-26726,"서울특별시 금천구 가산디지털1로83, 405호(가산동,파트너스타워1차)"
LKP0040,1,재고번호미입력품목,물품,단가계약,일반경쟁,적격심사제,Y,제6335부대,Z006123,제6335부대,Z006123,82.995,1130,1122,368570880,2024-03-06,10:30:00,개찰완료,938,83.024,2024-03-06,주식회사 엔미디어솔루션,조윤규,김정언,119-86-53412,"인천광역시 계양구 계산새로71, 비동 310호(계산동, 하이베라스)"
LKP0045,1,재고번호미입력품목,물품,단가계약,일반경쟁,적격심사제,Y,제6335부대,Z006123,제6335부대,Z006123,82.995,591,590,553241927,2024-03-06,10:30:00,개찰완료,491,82.995,2024-03-06,초코인터내셔널 주식회사,고찬갑,고찬갑,705-88-00103,경기도 남양주시 별내면 용암비루개길140-0
LKP0047,1,재고번호미입력품목,물품,단가계약,일반경쟁,적격심사제,Y,제6335부대,Z006123,제6335부대,Z006123,82.995,999,1000,388660000,2024-03-06,10:30:00,개찰완료,829,82.997,2024-03-06,스파클주식회사,전동훈,김윤권,117-81-31135,충청남도 천안시 동남구 성남면 대정1길 19-11스파클 주식회사
LKP0046,1,재고번호미입력품목,물품,단가계약,일반경쟁,적격심사제,Y,제6335부대,Z006123,제6335부대,Z006123,82.995,181,180,944065636,2024-03-06,10:30:00,개찰완료,150,82.997,2024-03-06,(주)신대한관리,박천환,노윤호,138-81-16747,"경기도 과천시 별양상가1로 18, 과천오피스텔 5층 B-2호, 7(별양동)"
LKP0041,1,재고번호미입력품목,물품,단가계약,일반경쟁,적격심사제,Y,제6335부대,Z006123,제6335부대,Z006123,82.995,738,737,314318440,2024-03-06,10:30:00,개찰완료,613,82.996,2024-03-06,주식회사 큐엔씨유통,신현세,남숙자,134-87-08102,"경기도 안산시 단원구 달미로10(선부동, 산호상가 137, 138호)"
LKP0042,1,재고번호미입력품목,물품,단가계약,제한경쟁,적격심사제,Y,제6335부대,Z006123,제6335부대,Z006123,87.995,352,350,107784727,2024-03-06,10:30:00,개찰완료,310,87.997,2024-03-06,파머스 미트,조성겸,조성겸,270-27-00421,"부산광역시 강서구 맥도강변길912-43, 별관 1층(대저2동)"
LKP0043,1,재고번호미입력품목,물품,단가계약,제한경쟁,적격심사제,Y,제6335부대,Z006123,제6335부대,Z006123,87.995,461,460,118952655,2024-03-06,10:30:00,개찰완료,406,87.997,2024-03-06,주식회사 제이코스,주재영,승명필,107-86-82781,"서울특별시 영등포구 영신로220, 1505호,1506호 (영등포동8가,케이엔케이디지털타워)"
LKP0039,1,24년 2분기 부대계약(식자재) 구매,물품,총액계약,일반경쟁,적격심사제,Y,제6335부대,Z006123,제6335부대,Z006123,82.995,6605200065,6650276976,6045706342,2024-03-06,10:30:00,개찰완료,5482488339,83.002,2024-03-06,(주)디아이,이정완,이정완,226-81-24393,강원특별자치도 강릉시 주문진읍 농공단지길28-13
LKP0048,1,24년 화공가스류 구매,물품,총액계약,제한경쟁,적격심사제,Y,제6335부대,Z006123,제6335부대,Z006123,87.995,46094028,45980840,41800764,2024-03-06,11:00:00,개찰완료,40580284,88.038,2024-03-06,청주종합가스,박승용,박승용,301-30-35374,충청북도 청주시 흥덕구 가로수로1311번길32-0 (복대동)
LMK0002,1,[24-C2] 24년 음식물류 폐기물 처리용역 계약,용역,총액계약,일반경쟁,적격심사제,Y,제3007부대,ZD00363,제3007부대,ZD00363,80.495,403208034,398340000,362127273,2024-03-06,10:30:00,개찰완료,326618000,81.004,2024-03-06,리더,한재석,한재석,351-13-00290,강원도 횡성군 강림면 강림서길41-0
MCD0006,1,2024 국방정책 홍보역량 강화교육,용역,총액계약,협상에의한계약(전자),협상,N,국방부(운영지원과),1290000,국방부(운영지원과),1290000,,55000000,,50000000,2024-03-06,17:00:00,개찰완료,53900000,98,2024-03-26,한국생산성본부,안완기,박성진,102-82-05476,서울특별시 종로구 새문안로5가길 32(적선동)
MDG0040,1,24년 의무장비(원심분리기 대형) 구매,물품,총액계약,제한경쟁,적격심사제,Y,국군의무사령부,1290291,국군의무사령부,1290291,87.995,15740253,15680000,14545455,2024-03-06,11:00:00,개찰완료,15366000,97.622,2024-03-06,주식회사 에코비투,하영임,현영철,110-86-05795,"경기도 고양시 덕양구 삼원로73, 721호(원흥동, 원흥한일윈스타)"
MDG0042,1,24년 의무장비(원심분리기 소형 혈액은행용) 구매,물품,총액계약,제한경쟁,적격심사제,Y,국군의무사령부,1290291,국군의무사령부,1290291,87.995,6476589,6468000,6000000,2024-03-06,11:00:00,개찰완료,5699120,87.995,2024-03-06,선경유통,김정선,김정선,202-02-65054,경기도 동두천시 동두천로27 (송내주공아파트) 507동 1701호
MDG0043,1,24년 의무장비(원심분리기 소형 탁상용) 구매,물품,총액계약,제한경쟁,적격심사제,Y,국군의무사령부,1290291,국군의무사령부,1290291,87.995,8891272,8820000,8181818,2024-03-06,11:00:00,개찰완료,7825500,88.013,2024-03-06,싹컴퍼니(ssagcompany),정인설,정인설,551-32-00848,서울특별시 광진구 용마산로5길39-19 (중곡동)
MDG0044,1,24년 의무장비(응집반응관찰기) 구매,물품,총액계약,제한경쟁,적격심사제,Y,국군의무사령부,1290291,국군의무사령부,1290291,87.995,11710513,11760000,10909091,2024-03-06,11:00:00,개찰완료,10383800,88.67,2024-03-06,구르미,이현아,이현아,209-17-85389,"서울특별시 강북구 오현로45 (미아동, 꿈의숲 해링턴 플레이스)106-303"
SCF0160,1,핸드마이크 등 3종 구매,물품,총액계약,제한경쟁,적격심사제,Y,해군군수사령부,ZD00289,해군군수사령부,ZD00289,87.995,20019275,20000000,18585706,2024-03-06,10:30:00,개찰완료,17616000,87.995,2024-03-06,시소커뮤니케이션,정진이,정진이,454-43-00562,부산광역시 사상구 학감대로123번길67-0 (학장동)
SCF0177,1,전동기  교류용 등 19종 구매,물품,총액계약,일반경쟁,적격심사제,Y,해군군수사령부,ZD00289,해군군수사령부,ZD00289,82.995,724827744,725000000,672987955,2024-03-06,10:30:00,개찰완료,637978000,88.017,2024-03-06,토탈marine,허광주,허광주,878-38-00842,경상남도 창원시 마산회원구 회원동로42-1 (회원동)
SFG0027,1,스위치 등 100품목 구매,물품,총액계약,제한경쟁,적격심사제,Y,제9181부대,ZD00151,제9181부대,ZD00151,87.995,102528636,101634950,99972164,2024-03-06,10:30:00,개찰완료,90220270,87.995,2024-03-06,플러스전자 주식회사,추동호,추동호,184-87-02724,경기도 김포시 월곶면 문수산로370번길81-10
SFG0028,1,오일필터 등 161품목 구매,물품,총액계약,제한경쟁,적격심사제,Y,제9181부대,ZD00151,제9181부대,ZD00151,87.995,29415426,29500970,27355445,2024-03-06,10:30:00,개찰완료,25884280,87.995,2024-03-06,한국장원 주식회사,김흥용,성백동,414-87-01188,"경기도 화성시 우정읍 쌍봉로509-6, 1동"
UMM0134,1,(246037-F) 와이어컷방전가공기 구매,물품,총액계약,제한경쟁,적격심사제,Y,국군재정관리단,ZD00303,국군재정관리단,ZD00303,87.995,193438935,193336000,179557273,2024-03-06,11:00:00,개찰완료,175450000,90.7,2024-03-06,두산하이테크,이용학,이용학,257-09-02607,경기도 시흥시 산기대학로115 (정왕동)4동409호
UMM0112,1,24-N-상륙군장비수송선 등 8척 임차 용역 ,용역,총액계약,일반경쟁,적격심사제,Y,국군재정관리단,ZD00303,국군재정관리단,ZD00303,77.995,1452179293,1442840000,1380109091,2024-03-06,11:00:00,개찰완료,1191680000,82.061,2024-03-06,씨제이대한통운 주식회사,신영수,정성욱,110-81-05034,"서울특별시 종로구 종로5길7, Tower 8"
UMM0130,1,(246077-C) 자동납땜제거기 구매,물품,총액계약,일반경쟁,적격심사제,Y,국군재정관리단,ZD00303,국군재정관리단,ZD00303,82.995,260438488,259600000,240720000,2024-03-06,11:00:00,개찰완료,216328140,83.063,2024-03-06,상우기업주식회사,배상우,임용태,124-81-53461,경기도 화성시 풀무골로60번길4-6(중동)
UMM0133,1,(246068-F) 포장박스 등 3종 제조,물품,총액계약,제한경쟁,적격심사제,Y,국군재정관리단,ZD00303,국군재정관리단,ZD00303,87.995,193442504,192280750,178296700,2024-03-06,11:00:00,개찰완료,178000000,92.017,2024-03-08,와이제이팩,정정욱,,547-06-02421,경상북도 상주시 화서면 영남제일로4287-14
HCF0034,1,[패트리어트 작전차량 부품]타이어 공기압식 차량용,물품,총액계약,제한경쟁,적격심사제,Y,공군군수사령부,ZD00306,공군군수사령부,ZD00306,87.995,131701058,131054000,127554545,2024-03-07,10:30:00,개찰완료,115894580,87.998,2024-03-07,모든상사,김기태,김기태,139-45-00556,경기도 오산시 부산중앙로42 (부산동)
HDN0011,2,얼음정수기 임차 계약,용역,총액계약,제한경쟁,적격심사제,Y,공군제18전투비행단,ZD00187,공군제18전투비행단,ZD00187,87.745,86710310,86823000,80509091,2024-03-07,13:00:00,개찰완료,76210035,87.89,2024-03-07,한국렌탈판매협동조합,정영이,정영이,121-86-27824,"인천광역시 미추홀구 아암대로45번길77-8, 1층(용현동)"
LDH0218,1,24년 전반기 정비장비 예비부품구매(궤도장비류2차),물품,총액계약,제한경쟁,적격심사제,Y,제2879부대,ZD00347,제2879부대,ZD00347,87.995,34522031,34549000,32036818,2024-03-07,13:00:00,개찰완료,30487000,88.311,2024-03-07,이지테크,김혜선,김혜선,653-03-00858,"경상남도 창원시 마산합포구 3.15대로406,3층 (상남동)"
LDH0220,1,터빈엔진시험셋 외주정비 용역,용역,총액계약,제한경쟁,적격심사제,Y,제2879부대,ZD00347,제2879부대,ZD00347,87.745,31480834,31551000,29257273,2024-03-07,13:00:00,개찰완료,27735000,88.101,2024-03-07,주식회사 이알시스템,이창우,이창우,530-81-00121,충청북도 청주시 청원구 내수읍 은곡길72-55
LDH0221,1,K21 링 지지용 등 25종 구매,물품,총액계약,제한경쟁,적격심사제,Y,제2879부대,ZD00347,제2879부대,ZD00347,87.995,10163907,10126000,9389820,2024-03-07,13:00:00,개찰완료,8963000,88.184,2024-03-07,현대정밀가스켓,이의정,이의정,605-45-63500,부산광역시 사상구 가야대로175번길29-0 (감전동)
LDH0219,1,24년 전반기 정비장비 예비부품구매(필터류2차),물품,총액계약,제한경쟁,적격심사제,Y,제2879부대,ZD00347,제2879부대,ZD00347,87.995,47937062,47956000,44468545,2024-03-07,13:00:00,개찰완료,42222200,88.078,2024-03-07,이지테크,김혜선,김혜선,653-03-00858,"경상남도 창원시 마산합포구 3.15대로406,3층 (상남동)"
LDH0227,1,(24-대-3-영) 노후 집진설비 필터백 제조납품,물품,총액계약,제한경쟁,적격심사제,Y,제2879부대,ZD00347,제2879부대,ZD00347,87.995,45635306,45387000,42086900,2024-03-07,11:00:00,개찰완료,40786410,89.374,2024-03-07,신광산업,강동주,강동주,427-09-01357,경상남도 김해시 주촌면 서부로1499번길169-14
LQH0019,1,도시지역작전 피복류(6종) 제조 납품,물품,총액계약,제한경쟁,적격심사제,Y,제3697부대,ZD00248,제3697부대,ZD00248,87.995,39858196,39852940,36954545,2024-03-07,10:30:00,개찰완료,35102469,88.068,2024-03-07,주식회사 무지개상사,장대교,장성익,717-81-02726,경기도 시흥시 호현로34번안길5-0 (대야동) 5층
MDG0056,1,재고번호미입력품목,물품,단가계약,제한경쟁,적격심사제,Y,국군의무사령부,1290291,국군의무사령부,1290291,87.995,1473,1473,14728600,2024-03-07,11:00:00,개찰완료,1297,88.053,2024-03-07,호인에너지,김성진,엄종원,407-12-76378,강원특별자치도 강릉시 강동면 오이동길15
SCF0184,1,(긴급)주강 등 13종,물품,총액계약,일반경쟁,적격심사제,Y,해군군수사령부,ZD00289,해군군수사령부,ZD00289,87.995,103568111,103917000,96590545,2024-03-07,13:00:00,개찰완료,98800000,95.396,2024-03-07,주식회사 비에스씨,신관영,신관영,615-81-97849,경상남도 김해시 진영읍 본산로212번길26-1
SFL0003,1,24-교-병영식당 민간위탁 급식 용역,용역,총액계약,협상에의한계약(전자),협상,N,제3283부대,ZD00157,제3283부대,ZD00157,,33689500000,,30626818182,2024-03-07,11:00:00,개찰완료,33689500000,100,2024-03-22,주식회사 풀무원푸드앤컬처,이동훈,배유경,214-86-08930,서울특별시 송파구 송파대로34길29(송파동)
UMM0122,1,24~25-F-X선 장치 방사선 사진용 산업용 구매(U),물품,총액계약,제한경쟁,적격심사제,Y,국군재정관리단,ZD00303,국군재정관리단,ZD00303,87.995,131645757,131570000,122003636,2024-03-07,11:00:00,개찰완료,115852000,88.002,2024-03-07,나우주식회사,정대혁,이진희,220-81-60635,"경기도 성남시 중원구 둔촌대로388, 410호 (상대원동, 크란츠 테크노)"
UMM0145,1,(246004-E) 24년 포제명찰 새김 및 벨크로 부착 제조,물품,총액계약,일반경쟁,적격심사제,Y,국군재정관리단,ZD00303,국군재정관리단,ZD00303,82.995,317681206,315617620,299062727,2024-03-07,11:00:00,개찰완료,264267000,83.186,2024-03-07,주식회사 두원,김신,김신,566-81-01115,"경기도 포천시 호국로1297, 나동(자작동)"
UMM0146,1,(24F003-G)24~25년 워게임모델 장비정비 유지보수용역,용역,총액계약,일반경쟁,적격심사제,Y,국군재정관리단,ZD00303,국군재정관리단,ZD00303,85.495,340270545,338191457,350015555,2024-03-07,11:00:00,개찰완료,291986000,85.809,2024-03-07,(주) 네오인아이텍,이경미,박수진,119-86-02494,"서울특별시 금천구 벚꽃로234, 1001-2호 (가산동, 에이스하이엔드6차)"
UMM0140,1,(246036-E)연삭기  고정형  다용도용(외경연마기)구매,물품,총액계약,일반경쟁,적격심사제,Y,국군재정관리단,ZD00303,국군재정관리단,ZD00303,82.995,387688682,387156860,359000000,2024-03-07,11:00:00,개찰완료,321781380,82.999,2024-03-07,제이앤제이,송옥주,송옥주,790-05-01112,"충청북도 청주시 상당구 산성로98번길23 (용담동,석훈빌딩) 7층7141호"
UMM0101,1,24-M-병영생활관 관급자재(타일) 제조,물품,총액계약,제한경쟁,적격심사제,Y,국군재정관리단,ZD00303,국군재정관리단,ZD00303,87.995,163666029,164250000,169545455,2024-03-07,11:00:00,개찰완료,145900000,89.144,2024-03-07,(주)대동세라믹,김정희,김형근,307-81-31534,세종특별자치시  전의면 산단길22-63
UMM0124,1,24-N-해상용 패스트 로프셋 등 2종 구매,물품,총액계약,제한경쟁,적격심사제,Y,국군재정관리단,ZD00303,국군재정관리단,ZD00303,87.995,110708787,111840000,104003636,2024-03-07,11:00:00,개찰완료,97421603,87.998,2024-03-07,와이에스,김수선나,김수선나,481-25-01875,"대전광역시 서구 가장로52, 5층 74호(괴정동, 천연빌딩)"
UMM0118,1,24-N-아군식별용 헬멧 라이트 구매,물품,총액계약,제한경쟁,적격심사제,Y,국군재정관리단,ZD00303,국군재정관리단,ZD00303,87.995,59931815,60000000,64431818,2024-03-07,11:00:00,개찰완료,52737180,87.995,2024-03-07,용덕군단,김성혜,김성혜,492-48-00458,"경상북도 포항시 남구 오천읍 해병로559번길7, 108동 2704호 (포항 아이파크)"
UMM0135,1,(247023-D) 치과장비운영소모품 38품목 구매,물품,총액계약,제한경쟁,적격심사제,Y,국군재정관리단,ZD00303,국군재정관리단,ZD00303,87.995,189066309,189159500,175402445,2024-03-07,11:00:00,개찰완료,166376600,87.999,2024-03-07,주식회사 휴콤,최성숙,최성숙,548-86-01183,경상남도 창원시 성산구 가음로101번길22-6
UMM0125,1,24-F-정밀측정장비(소자장치) 1종 구매,물품,총액계약,제한경쟁,적격심사제,Y,국군재정관리단,ZD00303,국군재정관리단,ZD00303,87.995,149627815,149140000,138299318,2024-03-07,11:00:00,개찰완료,131665270,87.995,2024-03-07,에이치닷 컴퍼니,채현석,채현석,850-61-00518,"전북특별자치도 전주시 덕진구 기린대로1018-7 (여의동, 푸른솔아파트)101동 910호"
UMM0139,1,(247060-C) 수술재료4 구매,물품,총액계약,제한경쟁,적격심사제,Y,국군재정관리단,ZD00303,국군재정관리단,ZD00303,87.995,58460800,58431372,54181818,2024-03-07,11:00:00,개찰완료,51448820,88.005,2024-03-07,원유통,이양희,이양희,468-03-00338,"대구광역시 북구 동북로163, 101동 1605호(산격동, 산격대우아파트)"
UMM0137,1,(24G072-A) RF기동영상전송장비 구매 금융리스,물품,총액계약,일반경쟁,최저가격제,N,국군재정관리단,ZD00303,국군재정관리단,ZD00303,0,266019959,267829960,248351418,2024-03-07,11:00:00,개찰완료,261806240,98.416,2024-03-07,롯데캐피탈(주),추광식,나윤후,120-81-55981,"서울특별시 강남구 테헤란로 142(역삼동, ARC PLACE) 7층"
LDH0224,1,24-8차 물류이동장비(5톤 전동화물운반차) 구매,물품,총액계약,제한경쟁,적격심사제,Y,제2879부대,ZD00347,제2879부대,ZD00347,87.995,29403444,29411000,27272727,2024-03-08,13:00:00,개찰완료,28499000,96.924,2024-03-08,스타CNS,정정훈,정정훈,417-15-92207,경상남도 창원시 의창구 북면 천주로1380-58
MDD0038,1,2024 의무장비(혈전방지기) 구매,물품,총액계약,제한경쟁,적격심사제,Y,국군수도병원,ZD00236,국군수도병원,ZD00236,87.995,4149152,4116000,3818182,2024-03-08,17:00:00,개찰완료,4116000,99.2,2024-03-11,강원상사,김동국,김동국,221-02-48191,강원특별자치도 춘천시 남춘로17-0 (퇴계동)
UMM0153,1,(24G028-I) 6.25 전사자 유가족 유전자검사 외부위탁,용역,총액계약,일반경쟁,적격심사제,Y,국군재정관리단,ZD00303,국군재정관리단,ZD00303,77.995,2898434947,2908599451,2749822982,2024-03-08,11:00:00,개찰완료,2262080000,78.044,2024-03-08,(주)디엔에이링크,심철구,이민경,104-81-51912,"서울특별시 강서구 마곡중앙8로3길31(마곡동, ASSA빌딩)"
UMM0151,1,(24G009-H)24년 학교교실디지털화 유지보수 용역,용역,총액계약,제한경쟁,적격심사제,Y,국군재정관리단,ZD00303,국군재정관리단,ZD00303,87.745,75217540,75258110,69784800,2024-03-08,11:00:00,개찰완료,66052730,87.815,2024-03-08,(주)더원정보,이태훈,정인수,804-81-02559,"대구광역시 달성군 다사읍 대실역남로2길2-11, 1층"
UMM0154,1,(24F022-I) 24년 중요 역사기록물 복원사업,용역,총액계약,일반경쟁,적격심사제,Y,국군재정관리단,ZD00303,국군재정관리단,ZD00303,85.495,933280291,926452250,883560000,2024-03-08,11:00:00,개찰완료,805980000,86.359,2024-03-08,(주)엔가드,김은숙,황정은,212-81-38485,경기도 안성시 무어산길125-25 (대덕면)
HCL0018,2,24년 간부식당 식자재(리더십센터),물품,총액계약,제한경쟁,적격심사제,Y,공군사관학교,7002962,공군사관학교,7002962,87.995,49406180,49306820,48181818,2024-03-12,10:30:00,개찰완료,43735150,88.521,2024-03-12,주식회사푸드라인,박수식,박수식,301-81-95243,충청북도 청주시 흥덕구 덕암로113번길 32()
LCK0008,1,[일반-24-18] '24년 전파차단장비 외주정비용역,용역,총액계약,제한경쟁,적격심사제,Y,수도방위사령부,ZD00069,수도방위사령부,ZD00069,87.745,97964889,97910000,89009091,2024-03-12,10:30:00,개찰완료,95950000,97.943,2024-03-12,주식회사 씨엔테크,김훈석,김훈석,234-81-02857,"경기도 김포시 양촌읍 황금로117, 이젠테크노존 가동 411호"
LCM0013,2,24년 4~6월 부대계약 부식 구매(일반품목),물품,총액계약,일반경쟁,적격심사제,Y,육군교육사령부,1290302,육군교육사령부,1290302,82.995,7615903845,7672044600,6974586000,2024-03-12,10:30:00,개찰완료,6328373052,83.094,2024-03-15,동아오츠카주식회사,박철호,송재현,123-81-09055,경기도 안양시 만안구 연현로1번길 96(석수동)
LDH0228,1,(특무) 계전기  고체소자식 등 102품목 구매,물품,총액계약,일반경쟁,적격심사제,Y,제2879부대,ZD00347,제2879부대,ZD00347,82.995,272922787,272961000,253109573,2024-03-12,13:00:00,개찰완료,226694840,83.061,2024-03-12,주식회사 제이에프,진주,윤경은,876-88-01248,"충청북도 청주시 청원구 율봉로159번길73-1, 301호(율량동, 스톰비오피스센터)"
LDH0229,1,(자재) 스펀지 흰색 등 49종 구매,물품,총액계약,제한경쟁,적격심사제,Y,제2879부대,ZD00347,제2879부대,ZD00347,87.995,48766452,48845000,45293500,2024-03-12,13:00:00,개찰완료,43231480,88.65,2024-03-12,지앤와이일렉텍(주),김보영,김양기,113-81-89367,서울특별시 구로구 경인로53길15-0 (구로동) 중앙유통단지 가동 3116호
LFC0019,2,24년 4~6월 부대조달 경쟁계약품목(부식류) 구매,물품,총액계약,일반경쟁,적격심사제,Y,육군훈련소,ZD00010,육군훈련소,ZD00010,82.995,1389724314,1381576860,1255978964,2024-03-12,11:00:00,개찰완료,1153503389,83.002,2024-03-12,큐엔씨(주),신우철,김지선,134-86-35766,"경기도 안산시 단원구 선이로14, 1층(선부동, 안산제일종합시장내 1층)"
LGP0060,2,24년 구난차 등3종 외주정비용역(경기  서울  인천),용역,총액계약,일반경쟁,적격심사제,Y,제5378부대,ZD00217,제5378부대,ZD00217,85.495,317099652,315000000,286363636,2024-03-12,11:00:00,개찰완료,279844200,88.251,2024-03-12,주식회사 경기상용차서비스,권기종,권기종,194-88-00958,경기도 양주시 칠봉산로251-15 (봉양동)
LGP0074,1,24년 통합 상황관리시스템 외주정비 용역,용역,총액계약,제한경쟁,적격심사제,Y,제5378부대,ZD00217,제5378부대,ZD00217,87.745,126279014,126979490,115435900,2024-03-12,11:00:00,개찰완료,110808585,87.749,2024-03-12,주식회사 넷,김주형,김주형,124-87-37987,"경기도 부천시 원미구 평천로655, 401동 7층 703호(약대동, 부천테크노파크4단지)"
LGP0075,1,24-2차 빵류 다수품목 단가계약,물품,단가계약,일반경쟁,적격심사제,Y,제5378부대,ZD00217,제5378부대,ZD00217,82.995,265332,263169,239245,2024-03-12,11:00:00,개찰완료,220298,83.027,2024-03-12,강원농축산유통,김현규,김현규,398-11-00918,강원특별자치도 강릉시 입암동694-11 강원농축산유통
LGT0009,1,24년 예비군 육성 지원 전술조끼 구매(24-MP-1),물품,총액계약,일반경쟁,적격심사제,Y,제2307부대,ZD00001,제2307부대,ZD00001,87.995,112012551,113000000,102727273,2024-03-12,10:30:00,개찰완료,99168800,88.533,2024-03-12,주식회사 나루지엠에스,조승현,송준협,214-88-54990,"서울특별시 서초구 사임당로19길 40-8,  2층(서초동)"
LHR0013,1,24년 과학화훈련장 교전훈련장비 유지보수,용역,총액계약,제한경쟁,적격심사제,Y,제5019부대,ZD00102,제5019부대,ZD00102,87.745,143825944,143720440,130654945,2024-03-12,11:00:00,개찰완료,126827000,88.18,2024-03-12,(주)유텍,황인협,박범하,314-81-25990,"대전광역시 유성구 반석로10-0 (반석동, 반석역프라자) 8층 801호"
LHR0014,1,24년 과학화훈련장 훈련관리체계 및관제장비 유지보수,용역,총액계약,제한경쟁,적격심사제,Y,제5019부대,ZD00102,제5019부대,ZD00102,87.745,86220236,86662570,78784155,2024-03-12,10:30:00,개찰완료,75682393,87.777,2024-03-12,주식회사 에스씨티,서창성,김성섭,621-81-91234,부산광역시 해운대구 센텀북대로60-0 (재송동) 센텀IS타워 1809호
MDG0064,1,24년 의무장비(비뇨기능측정기) 구매,물품,총액계약,제한경쟁,적격심사제,Y,국군의무사령부,1290291,국군의무사령부,1290291,87.995,32838136,32732000,30363636,2024-03-12,11:00:00,개찰완료,28895990,87.995,2024-03-12,와이에스컴퍼니,유성숙,유성숙,879-15-01049,"경기도 고양시 일산동구 호수로646-24,209-33호 (장항동,위너스21-2)"
MDG0065,1,24년 의무장비(X선기 치과용 디지털) 구매,물품,총액계약,제한경쟁,적격심사제,Y,국군의무사령부,1290291,국군의무사령부,1290291,87.995,47645998,47784800,44327273,2024-03-12,11:00:00,개찰완료,46300000,97.175,2024-03-12,주식회사 소향,김은율,김도훈,185-81-00858,"경기도 안산시 상록구 중보로22-0 (사동, 늘푸른아파트)상가113호"
MDG0066,1,24년 의무장비(X선기 전치아동시촬영용) 구매,물품,총액계약,제한경쟁,적격심사제,Y,국군의무사령부,1290291,국군의무사령부,1290291,87.995,39463166,39457740,36602727,2024-03-12,11:00:00,개찰완료,38500000,97.559,2024-03-12,이현테크,박형기,박형기,110-20-88669,"경기도 고양시 덕양구 꽃마을로64-0 (향동동), 927호"
SCF0192,1,컨센트릭 밸브 조립체 등 2종 구매,물품,총액계약,일반경쟁,적격심사제,Y,해군군수사령부,ZD00289,해군군수사령부,ZD00289,82.995,674966805,670000000,621760909,2024-03-12,10:30:00,개찰완료,560320400,83.014,2024-03-12,주식회사 에코비투,하영임,현영철,110-86-05795,"경기도 고양시 덕양구 삼원로73, 721호(원흥동, 원흥한일윈스타)"
SCF0188,1,케이스모듈 등 6종 구매,물품,총액계약,제한경쟁,적격심사제,Y,해군군수사령부,ZD00289,해군군수사령부,ZD00289,87.995,21028757,21000000,19674545,2024-03-12,10:30:00,개찰완료,20763000,98.736,2024-03-12,강원상사,김동국,김동국,221-02-48191,강원특별자치도 춘천시 남춘로17-0 (퇴계동)
SCF0190,1,전달장치 압력용 등 12종 구매,물품,총액계약,제한경쟁,적격심사제,Y,해군군수사령부,ZD00289,해군군수사령부,ZD00289,87.995,47938596,48000000,48418818,2024-03-12,10:30:00,개찰완료,42183600,87.995,2024-03-12,에이치산업,고호영,고호영,777-16-01605,"경기도 시흥시 수인로3247번길36, 가동 105호(은행동, 동경5차아파트)"
SCF0195,1,시험세트  케이블 차폐저항용 9EA 구매,물품,총액계약,제한경쟁,적격심사제,Y,해군군수사령부,ZD00289,해군군수사령부,ZD00289,87.995,8778646,8900000,8254854,2024-03-12,10:30:00,개찰완료,7727888,88.03,2024-03-12,성민,김준현,김준현,810-18-00789,경상남도 창녕군 대합면 대동월포로381-0
SCF0191,1,필터 전자기차폐용 등 2종 구매,물품,총액계약,제한경쟁,적격심사제,Y,해군군수사령부,ZD00289,해군군수사령부,ZD00289,87.995,16887413,16900000,18067990,2024-03-12,10:30:00,개찰완료,14871120,88.06,2024-03-12,에스엠트레이딩,정성문,정성문,688-29-01192,"경상남도 창원시 진해구 신항2로114, 2013호(용원동, 다인로얄팰리스부산신항2차)"
SCF0193,1,양극 부식방지용 등 6종 구매,물품,총액계약,제한경쟁,적격심사제,Y,해군군수사령부,ZD00289,해군군수사령부,ZD00289,87.995,36828461,37000000,34955776,2024-03-12,10:30:00,개찰완료,32407560,87.995,2024-03-12,현대시스템,허조건,허조건,208-04-72668,"경상남도 창원시 진해구 안골로298번길26, 상가동 1층 107호(안골동, 창원 마린 2차 푸르지오)"
SCR0023,1,게이지  전해질 수위용 등 20종 구매,물품,총액계약,제한경쟁,적격심사제,Y,해군제3함대사령부,ZD00155,해군제3함대사령부,ZD00155,87.995,21108014,20990000,19469182,2024-03-12,10:30:00,개찰완료,18574420,87.997,2024-03-12,주식회사미소환경,지승원,지승원,667-86-03065,"서울특별시 구로구 디지털로33길55, 702호 (구로동)"
SCR0025,1,연결기 조인트 등 8종 구매,물품,총액계약,제한경쟁,적격심사제,Y,해군제3함대사령부,ZD00155,해군제3함대사령부,ZD00155,87.995,22027055,21830000,20247364,2024-03-12,10:30:00,개찰완료,19382810,87.995,2024-03-12,관이네,김병관,김병관,482-18-00852,"서울특별시 영등포구 가마산로79길7, 104동 16층 1603호(신길동, 삼성래미안아파트)"
SFG0022,2,세균필터 엘리먼트 등 20품목 구매(수리부속),물품,총액계약,제한경쟁,적격심사제,Y,제9181부대,ZD00151,제9181부대,ZD00151,87.995,50427366,50190900,46557091,2024-03-12,10:30:00,개찰완료,44377453,88.002,2024-03-12,씨티원 경기지점,김은아,김은아,218-41-00526,"경기도 평택시 중앙로29, 537호 (통복동, 은호빌딩)"
SFH0035,1,24년 부대조달부식 구매 납품(소청도),물품,총액계약,일반경쟁,적격심사제,Y,제9196부대,ZD00370,제9196부대,ZD00370,82.995,870396808,880109520,816101564,2024-03-12,11:00:00,개찰완료,723145000,83.082,2024-03-12,우리모두,장동진,장동진,342-03-00832,경기도 여주시 여양로590 (오금동)
HCM0017,1,24-02-062 PCV 45도 엘보 등 73품목,물품,총액계약,제한경쟁,적격심사제,Y,공군교육사령부,ZD00172,공군교육사령부,ZD00172,87.995,48923097,48860509,45306545,2024-03-13,10:30:00,개찰완료,43049967,87.995,2024-03-13,삼성로드,강동우,강동우,298-01-03085,"세종특별자치시  조치원읍 도원1로16, 112동 201호(푸르지오아파트)"
HCM0018,1,24-02-052 아연각관 등 14품목 구매,물품,총액계약,제한경쟁,적격심사제,Y,공군교육사령부,ZD00172,공군교육사령부,ZD00172,87.995,35401787,35283333,34896818,2024-03-13,10:30:00,개찰완료,31151888,87.995,2024-03-13,무한상사,박일봉,박일봉,712-49-00984,"경상북도 포항시 북구 침촌지구로10-0 (장성동, 장성 푸르지오) 108동 1604호"
HDN0013,1,24-활주로 제초관리,용역,총액계약,제한경쟁,적격심사제,Y,공군제18전투비행단,ZD00187,공군제18전투비행단,ZD00187,87.745,162900007,162623330,149613373,2024-03-13,13:00:00,개찰완료,142943412,87.749,2024-03-13,합자회사그린파워,차재명,차재명,227-81-16033,"강원특별자치도 고성군 간성읍 수성로16번길2-0, 1층"
LCF0015,1,줄날 등 3항목 구매(물자),물품,총액계약,제한경쟁,적격심사제,Y,육군군수사령부,1290307,육군군수사령부,1290307,87.995,49679475,49648500,45424636,2024-03-13,11:00:00,개찰완료,43715500,87.995,2024-03-13,주식회사솔라,최보림,성민재,616-81-70917,전라남도 순천시 별량면 덕정신촌길122
LCK0009,1,[일반-24-19] '24년 과학화경계시스템(CCTV) 외주정비,용역,총액계약,제한경쟁,적격심사제,Y,수도방위사령부,ZD00069,수도방위사령부,ZD00069,87.745,146273986,145320000,132109091,2024-03-13,10:30:00,개찰완료,128351500,87.747,2024-03-13,주식회사 루트웰,노덕권,노덕권,676-86-01611,서울특별시 영등포구 영등포로103 (당산동2가) 하나비즈타워 603호
LCZ0003,1,부대표지 제조구매,물품,총액계약,제한경쟁,적격심사제,Y,동원전력사령부,ZD01097,동원전력사령부,ZD01097,87.995,133565822,133308824,123613636,2024-03-13,10:30:00,개찰완료,117599544,88.046,2024-03-13,성도교역,최계영,최계영,110-15-69561,"서울특별시 서대문구 수색로138-0, 2층(북가좌동)"
LDH0248,1,총포 베어링 등 14종 구매,물품,총액계약,제한경쟁,적격심사제,Y,제2879부대,ZD00347,제2879부대,ZD00347,87.995,10240422,10239000,9494985,2024-03-13,13:00:00,개찰완료,9013200,88.015,2024-03-13,삼강운수,정광필,정광필,622-01-59671,부산광역시 중구 충장대로9번길20 (중앙동4가) 701호
LDH0247,1,총포 십자선 등 2종 구매,물품,총액계약,제한경쟁,적격심사제,Y,제2879부대,ZD00347,제2879부대,ZD00347,87.995,2257607,2245000,2081913,2024-03-13,13:00:00,개찰완료,2200000,97.448,2024-03-13,(주)우경광학,류재복,ZHENG SHUNHUA,134-86-92369,경기도 안산시 단원구 해봉로334-0 (신길동)
LDH0230,1,(특무) 오리콘 계전기 등 22품목 구매,물품,총액계약,제한경쟁,적격심사제,Y,제2879부대,ZD00347,제2879부대,ZD00347,87.995,30391164,30483000,28266909,2024-03-13,13:00:00,개찰완료,26769020,88.081,2024-03-13,제이테크,이은경,이은경,178-24-01216,강원특별자치도 동해시 동해대로5464-0 (평릉동) 2층 203-50호
LDH0231,1, (특무) 오리콘 와셔 등 38품목 구매,물품,총액계약,제한경쟁,적격심사제,Y,제2879부대,ZD00347,제2879부대,ZD00347,87.995,87510500,87336000,80985091,2024-03-13,13:00:00,개찰완료,77054767,88.052,2024-03-13,제이테크,이은경,이은경,178-24-01216,강원특별자치도 동해시 동해대로5464-0 (평릉동) 2층 203-50호
LDH0257,1,K1전차 베어링 등 14종 구매,물품,총액계약,제한경쟁,적격심사제,Y,제2879부대,ZD00347,제2879부대,ZD00347,87.995,69597996,69675000,64608399,2024-03-13,13:00:00,개찰완료,61602200,88.511,2024-03-13,주식회사 신창엠텍,김홍규,박기준,503-81-91498,대구광역시 달서구 성서공단북로4길8-0 (파호동)
LFR0006,1,24년 전반기 교육물품 기타물자 구매,물품,총액계약,제한경쟁,적격심사제,Y,육군기계화학교,ZD00035,육군기계화학교,ZD00035,87.995,102257548,101450200,92815391,2024-03-13,16:30:00,개찰완료,89982147,87.995,2024-03-14,신명유통,허효구,허효구,713-03-02328,"전라남도 순천시 남정5길33, 101-1502(남정동, 남정 현대아파트)"
LGI0021,1,간식류 13종,물품,단가계약,제한경쟁,적격심사제,Y,제3130부대,ZD01109,제3130부대,ZD01109,82.995,25785,25797,229575009,2024-03-13,10:30:00,개찰완료,21400,82.996,2024-03-13,주식회사 동영상사,이주열,이선화,137-86-39868,"인천광역시 서구 백범로630번길22, 216호,301-2호,308호,308-1호 (가좌동)"
LIK0013,3,24년 부대계약(4~6월) 부식(일반품목1),물품,단가계약,2단계경쟁(동시),최저가격제,N,제2217부대,ZD01107,제2217부대,ZD01107,0,2170027,2174107,1143216457,2024-03-13,13:30:00,개찰완료,1267504,58.409,2024-03-13,주식회사 푸드머스,박광순,김소영,120-86-03023,경기도 용인시 처인구 원삼면 맹리로2번길31
LIK0014,3,24년 부대계약(4~6월) 부식(일반품목2),물품,단가계약,2단계경쟁(동시),최저가격제,N,제2217부대,ZD01107,제2217부대,ZD01107,0,1876192,1876000,2806577891,2024-03-13,13:30:00,개찰완료,1093708,58.294,2024-03-13,주식회사 푸드머스,박광순,김소영,120-86-03023,경기도 용인시 처인구 원삼면 맹리로2번길31
LIK0015,3,24년 부대계약(4~6월) 부식(일반품목3),물품,단가계약,2단계경쟁(동시),최저가격제,N,제2217부대,ZD01107,제2217부대,ZD01107,0,1508846,1500765,2867584938,2024-03-13,13:30:00,개찰완료,868677,57.572,2024-03-13,(주)아워홈 동서울영업소,구미현,전광용,716-85-00062,경기도 광주시 초월읍 산수로642-27
LIK0018,1,24년 부대조달 후식(바나나) 구매,물품,단가계약,제한경쟁,적격심사제,Y,제2217부대,ZD01107,제2217부대,ZD01107,87.995,3392,3400,69069455,2024-03-13,10:30:00,개찰완료,2985,87.996,2024-03-13,주식회사 나한,김정희,김정희,309-87-01101,"서울특별시 강북구 도봉로77길6, 403-2호 비(수유동)"
LIK0019,1,24년 부대조달 후식(생수) 구매,물품,단가계약,일반경쟁,적격심사제,Y,제2217부대,ZD01107,제2217부대,ZD01107,82.995,301,300,365033182,2024-03-13,10:30:00,개찰완료,250,82.997,2024-03-13,주식회사 매사,강종효,김나영,109-86-45502,"서울특별시 영등포구 선유로49길23,  1001호, 1107호, 1108호 (양평동4가,아이에스비즈타워2차)"
LIK0020,1, ‘24년 부대계약 부식(1~3월)(빵류) 제조 / 구매,물품,단가계약,일반경쟁,적격심사제,Y,제2217부대,ZD01107,제2217부대,ZD01107,82.995,1205853,1205952,907728255,2024-03-13,10:30:00,개찰완료,1000903,83.003,2024-03-13,그린코리아주식회사,유용섭,유진주,135-86-11433,경기도 화성시 배양길53-6 (배양동)
LKP0053,1,24년 통신장비 외주정비 용역(광주/전남·북),용역,총액계약,제한경쟁,적격심사제,Y,제6335부대,Z006123,제6335부대,Z006123,87.745,6158731,6129610,5572373,2024-03-13,11:00:00,개찰완료,5405662,87.772,2024-03-13,케이에스원 주식회사,김형욱,김형욱,408-81-96091,광주광역시 서구 금화로283-0 (화정동)
LKP0055,1,24년 통신장비 외주정비 용역(대전/충남·북/세종),용역,총액계약,제한경쟁,적격심사제,Y,제6335부대,Z006123,제6335부대,Z006123,87.745,5195792,5233100,4757364,2024-03-13,11:00:00,개찰완료,4572498,88.003,2024-03-13,주식회사 명품시스템,이명아,배선숙,305-81-94305,대전광역시 서구 계룡로408-0 (갈마동)
LKP0056,1,24년 통신장비 외주정비 용역(대구/경북),용역,총액계약,제한경쟁,적격심사제,Y,제6335부대,Z006123,제6335부대,Z006123,87.745,2598905,2604340,2367582,2024-03-13,11:00:00,개찰완료,2285600,87.944,2024-03-13,주식회사 태원전기통신,설인호,박영민,506-81-87130,경상북도 포항시 북구 용당로54-1 (용흥동)
LPC0002,1,24년 취사장 청소 용역,용역,총액계약,제한경쟁,적격심사제,Y,제25보병사단,ZD00029,제25보병사단,ZD00029,87.995,93340301,93100000,84636364,2024-03-13,10:30:00,개찰완료,82135180,87.995,2024-03-13,(주)그린바이오,이상필,오세희,142-81-35587,경기도 용인시 처인구 지삼로590-0 (삼가동) 씨엠씨빌딩 305호
MDD0039,1,2024년 물탱크 청소 용역,용역,총액계약,제한경쟁,적격심사제,Y,국군수도병원,ZD00236,국군수도병원,ZD00236,87.745,8345518,8330000,7727273,2024-03-13,11:00:00,개찰완료,7324600,87.766,2024-03-13,(주)청호종합관리,이은규,이병주,105-81-87617,경기도 고양시 덕양구 은빛로77번길9 (화정동)
MDG0067,2,재고번호미입력품목,용역,단가계약,제한경쟁,적격심사제,Y,국군의무사령부,1290291,국군의무사령부,1290291,84.245,1469,1470,12600000,2024-03-13,11:00:00,개찰완료,1320,89.84,2024-03-13,주식회사 에코엠,김 찬,김찬,127-86-11897,경기도 동두천시 상패동미동길 11-8
MDG0068,2,재고번호미입력품목,용역,단가계약,제한경쟁,적격심사제,Y,국군의무사령부,1290291,국군의무사령부,1290291,84.245,1975,1960,11781818,2024-03-13,11:00:00,개찰완료,1870,94.69,2024-03-13,주식회사 지엘,김세곤,김세곤,758-87-00186,경상북도 경산시 자인면 공단로110-24
MDG0069,2,재고번호미입력품목,용역,단가계약,제한경쟁,적격심사제,Y,국군의무사령부,1290291,국군의무사령부,1290291,84.245,1610,1617,10080000,2024-03-13,11:00:00,개찰완료,1360,84.474,2024-03-13,화이트스톤,김화옥,김형준,131-91-44649,"경기도 김포시 김포한강11로300, 317호 (운양동)"
MDG0070,2,재고번호미입력품목,용역,단가계약,제한경쟁,적격심사제,Y,국군의무사령부,1290291,국군의무사령부,1290291,84.245,2454,2450,7636364,2024-03-13,11:00:00,개찰완료,2082,84.833,2024-03-13,주식회사 광주삼우그린,박준용,박준용,410-86-90737,광주광역시 서구 무진대로499-0 (덕흥동)
MDG0071,2,재고번호미입력품목,용역,단가계약,제한경쟁,적격심사제,Y,국군의무사령부,1290291,국군의무사령부,1290291,84.245,2357,2352,49483636,2024-03-13,11:00:00,개찰완료,1987,84.313,2024-03-13,주식회사 샬롬환경,김윤섭,이현주,756-88-00528,강원도 춘천시 동내면 학곡서3길20-38
MDG0072,2,재고번호미입력품목,용역,단가계약,제한경쟁,적격심사제,Y,국군의무사령부,1290291,국군의무사령부,1290291,84.245,2450,2450,121090909,2024-03-13,11:00:00,개찰완료,2066,84.314,2024-03-13,리뉴로지스 주식회사,박재욱,안승우,569-87-02250,경기도 용인시 처인구 남사읍 경기동로491-5
MDG0073,2,재고번호미입력품목,용역,단가계약,제한경쟁,적격심사제,Y,국군의무사령부,1290291,국군의무사령부,1290291,84.245,2924,2940,41563636,2024-03-13,11:00:00,개찰완료,2491,85.184,2024-03-13,서울의료공사,이상수,박은진,484-90-00325,경기도 김포시 대곶면 상마신기로81-14
MFK0005,3,교육훈련용 전단 인쇄 용역,용역,총액계약,제한경쟁,적격심사제,Y,제9912부대,ZD00268,제9912부대,ZD00268,87.995,23505687,23461200,21763636,2024-03-13,11:00:00,개찰완료,20684098,87.996,2024-03-15,주식회사 세창,김영진,김영진,394-81-02479,"서울특별시 서대문구 충정로53, 1401호, 1402호(충정로2가, 골든타워빌딩)"
MHD0020,1,장거리지대공유도무기 양산 시설사업기본계획,용역,총액계약,협상에의한계약(전자),협상,N,방위사업청(운영지원과),1690000,방위사업청(운영지원과),1690000,,40000000,,36363636,2024-03-13,15:00:00,개찰완료,38000000,95,2024-04-15,(주)에프오알엠도시건축공간연구소,권시형,양진,264-81-32634,"서울특별시 송파구 법원로11길25-0, A동 1310호(문정동, 에이치비즈니스파크)"
NIT0002,1,감정재료 구매 24-1차,물품,총액계약,제한경쟁,적격심사제,Y,국방부조사본부,1291063,국방부조사본부,1291063,87.995,48620395,48494090,44085536,2024-03-13,11:00:00,개찰완료,42784176,87.996,2024-03-19,남산컴퍼니,홍종덕,홍종덕,280-34-01503,"경기도 부천시 상일로71, 1805동 1705호(상동, 반달마을)"
SCF0117,2,알루미늄 리벳트 건 4.8밀리 등 3품목 구매,물품,총액계약,제한경쟁,적격심사제,Y,해군군수사령부,ZD00289,해군군수사령부,ZD00289,87.995,15933678,16000000,14966385,2024-03-13,10:30:00,개찰완료,14728000,92.433,2024-03-13,온나라물자조달 주식회사,김미선,김미선,583-86-00867,"부산광역시 사상구 낙동대로910, 씨-301호(감전동, 마트월드)"
SCF0205,1,구명식량 10 000BX 구매,물품,총액계약,제한경쟁,적격심사제,Y,해군군수사령부,ZD00289,해군군수사령부,ZD00289,87.995,61307071,61000000,56636364,2024-03-13,10:30:00,개찰완료,53989012,88.063,2024-03-13,정민솔루션,이종노,이종노,814-41-00737,"강원특별자치도 동해시 동해대로5464-0 (평릉동), 2층 203-49호"
SCF0201,1,힌지 등 10품목 / 구매,물품,총액계약,제한경쟁,적격심사제,Y,해군군수사령부,ZD00289,해군군수사령부,ZD00289,87.995,49740850,50000000,46895792,2024-03-13,10:30:00,개찰완료,43769570,87.995,2024-03-13,에스클래스,김지숙,김지숙,362-53-00637,"경기도 부천시 원미구 신흥로201, B동 1207호(중동, 트리플타워)"
SCF0203,1,수술등 입식 등 2종 구매,물품,총액계약,제한경쟁,적격심사제,Y,해군군수사령부,ZD00289,해군군수사령부,ZD00289,87.995,35950776,36000000,33636364,2024-03-13,10:30:00,개찰완료,31634900,87.995,2024-03-13,한영기업,조효숙,조효숙,646-04-00629,전라남도 순천시 팔마4길25 (연향동)
SCF0207,1,부동액 1 000CN 구매,물품,총액계약,제한경쟁,적격심사제,Y,해군군수사령부,ZD00289,해군군수사령부,ZD00289,87.995,8669098,8700000,8080000,2024-03-13,10:30:00,개찰완료,7629047,88.002,2024-03-13,사수상사,이성호,이성호,355-64-00178,"부산광역시 부산진구 신암로133, 105동 601호(범천동, e편한세상 서면 더센트럴)"
SCF0199,1,마이크로폰  자기식 등 6종 구매,물품,총액계약,제한경쟁,적격심사제,Y,해군군수사령부,ZD00289,해군군수사령부,ZD00289,87.995,194835797,195000000,181423296,2024-03-13,10:30:00,개찰완료,192000000,98.544,2024-03-13,동진상사,김동진,김동진,101-41-91447,"경기도 안산시 상록구 네고지2길41, 202-1801호(사동, 한도프라자)"
SFG0031,1,요소수 구매,물품,총액계약,제한경쟁,적격심사제,Y,제9181부대,ZD00151,제9181부대,ZD00151,87.995,6387754,6362700,5900000,2024-03-13,10:30:00,개찰완료,5620920,87.995,2024-03-13,글리터캐슬,박지민,박지민,686-01-01659,"경기도 광주시 회안대로637-36 (탄벌동, 경남아너스빌 2단지)"
UMM0144,1,24-D-지문3D보안해제 시스템 구매,물품,총액계약,제한경쟁,적격심사제,Y,국군재정관리단,ZD00303,국군재정관리단,ZD00303,87.995,78705140,79800000,74003636,2024-03-13,11:00:00,개찰완료,78200000,99.358,2024-03-13,주식회사 씨투케이,김창현,김창현,395-88-00658,대구광역시 북구 대동로19-2 (산격동) 2층
UMM0160,1,24-N-리치트럭 구매,물품,총액계약,제한경쟁,적격심사제,Y,국군재정관리단,ZD00303,국군재정관리단,ZD00303,87.995,229439173,229080000,212422000,2024-03-13,11:00:00,개찰완료,201917659,88.004,2024-03-13,주식회사 삼마기업,이가은,김혁진,473-88-02505,"서울특별시 마포구 월드컵로34길6, 1동 14층 1406호(성산동,태림센트윈2차)"
UMM0141,1,24-N-야전앰프 구매,물품,총액계약,제한경쟁,적격심사제,Y,국군재정관리단,ZD00303,국군재정관리단,ZD00303,87.995,63347951,62850000,63468000,2024-03-13,11:00:00,개찰완료,55743093,87.995,2024-03-13,아로마포레스트 송파점,오미진,오미진,846-43-00873,서울특별시 송파구 충민로66-0 (문정동) 리빙관동 9층 L9103호
UMM0165,1,24-N-장비운송용 가방 등 2종 구매,물품,총액계약,제한경쟁,적격심사제,Y,국군재정관리단,ZD00303,국군재정관리단,ZD00303,87.995,79023664,79410000,73636364,2024-03-13,11:00:00,개찰완료,69537228,87.995,2024-03-13,상생상사,진영순,진영순,384-18-00937,"경상북도 포항시 북구 새천년대로1235-0 (장성동, 두산 위브 더 제니스)108동3103호"
UMM0159,1,24-N-다이버 송수신기 등 4종 구매(248049-F),물품,총액계약,일반경쟁,적격심사제,Y,국군재정관리단,ZD00303,국군재정관리단,ZD00303,82.995,352960136,352980000,333909091,2024-03-13,11:00:00,개찰완료,292956765,82.999,2024-03-13,주식회사 세븐스타컴퍼니,김동진,김동진,826-86-00110,경상북도 칠곡군 왜관읍 현대로93
UMM0155,1,24-N-비자성 드라이슈트 등 4종 구매(248052-F),물품,총액계약,제한경쟁,적격심사제,Y,국군재정관리단,ZD00303,국군재정관리단,ZD00303,87.995,139642350,140190000,129998182,2024-03-13,11:00:00,개찰완료,122878300,87.995,2024-03-13,주식회사보승글로벌,위나영,위나영,266-88-00200,"경상남도 창원시 진해구 웅동로162-0, 105동 501호(두동, 청안해오름아파트)"
UMM0147,1,24-N-CPP 윤활유 펌프 제조,물품,총액계약,일반경쟁,적격심사제,Y,국군재정관리단,ZD00303,국군재정관리단,ZD00303,82.995,663790282,663300000,758181818,2024-03-13,11:00:00,개찰완료,557172000,83.937,2024-03-13,신신이앤지(주),고정자,김욱,606-81-85295,부산광역시 강서구 낙동남로533번길89 (녹산동)
UMM0172,1,24-D-남수단 한빛부대 17·18진 교대 항공수송 용역,용역,총액계약,일반경쟁,적격심사제,Y,국군재정관리단,ZD00303,국군재정관리단,ZD00303,77.995,2005217558,1994000000,2007272727,2024-03-13,11:00:00,개찰완료,1907000000,95.101,2024-03-13,주식회사 대한항공,우기홍,염찬주,110-81-14794,서울특별시 강서구 하늘길 260대한항공 항공우주사업본부
UMM0170,1,24-N-바닥청소차 구매,물품,총액계약,제한경쟁,적격심사제,Y,국군재정관리단,ZD00303,국군재정관리단,ZD00303,87.995,63572791,63800000,65440000,2024-03-13,11:00:00,개찰완료,55940890,87.995,2024-03-13,주식회사 신영,박신영,김병만,224-86-00954,경기도 의정부시 용민로61번길51-0 (용현동)
HCF0040,1,[60전대] 크랭크축 등 60종,물품,총액계약,제한경쟁,적격심사제,Y,공군군수사령부,ZD00306,공군군수사령부,ZD00306,87.995,99083393,99414520,93956936,2024-03-14,10:30:00,개찰완료,87199474,88.006,2024-03-14,주식회사 와겐,이소희,이소희,234-87-00318,"대구광역시 달서구 성서로229, 310호(갈산동, 성서지식산업센터)"
HCF0036,1,타월렛트 구매,물품,총액계약,제한경쟁,적격심사제,Y,공군군수사령부,ZD00306,공군군수사령부,ZD00306,87.995,22200893,22127451,20518182,2024-03-14,10:30:00,개찰완료,19550686,88.062,2024-03-14,지앤와이일렉텍(주),김보영,김양기,113-81-89367,서울특별시 구로구 경인로53길15-0 (구로동) 중앙유통단지 가동 3116호
HCL0020,1,24년 간부식당 식자재(항공우주의료원),물품,총액계약,제한경쟁,적격심사제,Y,공군사관학교,7002962,공군사관학교,7002962,87.995,52345468,52232450,54743591,2024-03-14,10:30:00,개찰완료,46330180,88.508,2024-03-14,주식회사푸드라인,박수식,박수식,301-81-95243,충청북도 청주시 흥덕구 덕암로113번길 32()
HCM0019,1,24-02-056 와전류검사기 1품목 구매,물품,총액계약,제한경쟁,적격심사제,Y,공군교육사령부,ZD00172,공군교육사령부,ZD00172,87.995,34313971,34313725,31818182,2024-03-14,10:30:00,개찰완료,30194660,87.995,2024-03-14,광명테크,김명숙,김명숙,416-17-80298,전라남도 광양시 대림오성로94-0 (광양읍)
HDG0003,1,24년 병사식당 급식류 식자재 연간계약,물품,총액계약,제한경쟁,적격심사제,Y,공군제10전투비행단,ZD00184,공군제10전투비행단,ZD00184,82.995,484214365,484494500,449258545,2024-03-14,11:00:00,개찰완료,401985000,83.017,2024-03-14,하늘푸드,조미희,조미희,164-52-00638,부산광역시 강서구 맥도길473번길38-7 (대저2동)A동1호
LCM0003,1,24년 전투발전 연구 용역(1),용역,총액계약,2단계경쟁(동시),최저가격제,N,육군교육사령부,1290302,육군교육사령부,1290302,0,43607463,43212000,39283636,2024-03-14,13:00:00,개찰완료,35900000,82.325,2024-03-15,(사)한국전략문제연구소,박정기,박병희,106-82-05842,"서울특별시 용산구 청파로 40, 삼구빌딩 1815호(한강로3가)"
LGP0061,2,24년 표준 및 상용차량 외주정비용역(강원),용역,총액계약,제한경쟁,적격심사제,Y,제5378부대,ZD00217,제5378부대,ZD00217,87.745,110335298,110000000,100000000,2024-03-14,11:00:00,개찰완료,96953838,87.872,2024-03-14,석화자동차공업(주),김영성,김영성,223-81-05873,강원특별자치도 홍천군 홍천읍 마지기로187-0
LHM0021,1,24년 취사피복 제조(하/동계 취사피복),물품,총액계약,일반경쟁,적격심사제,Y,제6685부대,ZD00115,제6685부대,ZD00115,87.995,28007043,27900000,25363636,2024-03-14,11:00:00,개찰완료,24645000,87.995,2024-03-14,주식회사 제이투,정재찬,이혜림,262-86-01163,경기도 남양주시 진접읍 경복대로바람골길69-38
LKP0075,1,24년 2분기 부대계약(빵류-8종) 제조/구매,물품,총액계약,제한경쟁,적격심사제,Y,제6335부대,Z006123,제6335부대,Z006123,87.995,100040047,98810915,89828105,2024-03-14,10:30:00,개찰완료,88060200,88.024,2024-03-14,파머스 미트,조성겸,조성겸,270-27-00421,"부산광역시 강서구 맥도강변길912-43, 별관 1층(대저2동)"
LMU0009,1,치즈케이크,물품,단가계약,일반경쟁,적격심사제,Y,6112부대,ZD01187,6112부대,ZD01187,82.995,127267,127234,335550754,2024-03-14,11:00:00,개찰완료,105631,82.999,2024-03-14,(주)한일코리아,서영재,서영재,203-81-54180,경기도 포천시 창수면 창동로59-92
LPC0005,1,24년 전기안전관리 대행 용역,용역,총액계약,제한경쟁,적격심사제,Y,제25보병사단,ZD00029,제25보병사단,ZD00029,87.745,60840721,60431140,54937400,2024-03-14,10:30:00,개찰완료,53650473,88.181,2024-03-14,주식회사 디케이이엔지,김선태,김선태,860-86-02078,"경기도 포천시 소흘읍 초가팔로49-19, 2층"
MHP0009,1,소관/수습물자 구매,물품,총액계약,제한경쟁,적격심사제,Y,국방부유해발굴감식단,1291087,국방부유해발굴감식단,1291087,87.995,26824379,26714000,25194545,2024-03-14,11:00:00,개찰완료,23613090,88.028,2024-03-14,주방라인,정현욱,김은경,769-03-00717,"서울특별시 성동구 마장로137, 221동 1177호(상왕십리동, 텐즈힐)"
MHP0008,3,발굴물자 구매납품,물품,총액계약,제한경쟁,적격심사제,Y,국방부유해발굴감식단,1291087,국방부유해발굴감식단,1291087,87.995,62138676,62680200,58485909,2024-03-14,11:00:00,개찰완료,54682681,88.001,2024-03-14,주식회사 엘리야가먼저와서,주화,주화,709-86-01454,"서울특별시 구로구 개봉로2길133-15 (개봉동, 개봉동아이파크)103동2001호"
SCF0208,1,분사기 조립체  연료용 1종 구매,물품,총액계약,제한경쟁,적격심사제,Y,해군군수사령부,ZD00289,해군군수사령부,ZD00289,87.995,145732517,147000000,136523636,2024-03-14,10:30:00,개찰완료,129661000,88.971,2024-03-14,주식회사 신창엠텍,김홍규,박기준,503-81-91498,대구광역시 달서구 성서공단북로4길8-0 (파호동)
SCF0212,1,A4 복사용지 등 31종 구매,물품,총액계약,제한경쟁,적격심사제,Y,해군군수사령부,ZD00289,해군군수사령부,ZD00289,87.995,19008986,19000000,18339091,2024-03-14,10:30:00,개찰완료,16735937,88.042,2024-03-14,주식회사 에스엠플래닛,조현선,조현선,606-86-62996,"경기도 성남시 수정구 창업로43-0 (시흥동)1층, 글로벌비즈니스센터"
SFC0024,1,24-26-해병-IP교환기 유지보수 용역,용역,총액계약,제한경쟁,적격심사제,Y,제9691부대,ZD00152,제9691부대,ZD00152,82.995,618673226,610738350,566321018,2024-03-14,11:00:00,개찰완료,567986100,91.807,2024-03-14,대신정보기술 주식회사,이광호,서인영,220-81-04161,서울특별시 송파구 송파대로167 테라타워 B동 413호
UMM0184,1,(247030-C) 이동형 챔버(2인용) 제조,물품,총액계약,일반경쟁,적격심사제,Y,국군재정관리단,ZD00303,국군재정관리단,ZD00303,82.995,271907992,271549000,272727273,2024-03-14,11:00:00,개찰완료,238963120,87.883,2024-03-14,(주)인터오션,채재익,채재익,617-81-44412,부산광역시 남구 신선로231 (용당동)
UMM0175,1,(247045-E) 24년 조달 연구장비 구매,물품,총액계약,일반경쟁,적격심사제,Y,국군재정관리단,ZD00303,국군재정관리단,ZD00303,82.995,427893143,430509800,399200000,2024-03-14,11:00:00,개찰완료,370580000,86.605,2024-03-14,주식회사 우정바이오,천병년,이정희,810-86-00018,"경기도 화성시 동탄기흥로593-8 (영천동, 우정바이오 신약클러스터)"
UMM0180,1, (246067-E) 4 000LB 전동 지게차 구매,물품,총액계약,제한경쟁,적격심사제,Y,국군재정관리단,ZD00303,국군재정관리단,ZD00303,87.995,86967586,87324990,80974082,2024-03-14,11:00:00,개찰완료,76527168,87.995,2024-03-14,주식회사 원스타,신범수,신범수,641-87-02417,"경기도 안산시 단원구 광덕3로145-5, 3층 301-66호 (고잔동)"
UMM0168,1,24-F-밀링머신 장비 구매(249024-F),물품,총액계약,일반경쟁,적격심사제,Y,국군재정관리단,ZD00303,국군재정관리단,ZD00303,82.995,432100718,431580000,400197818,2024-03-14,11:00:00,개찰완료,358753117,83.025,2024-03-14,(주)씨티원서비스,최현준,최현준,121-81-86809,"인천광역시 남동구 앵고개로490번길53, 남동공단142블럭20로트(고잔동)"
UMM0185,1,(247033-F) 특수수술재료(흡수성지혈용품)  구매,물품,총액계약,제한경쟁,적격심사제,Y,국군재정관리단,ZD00303,국군재정관리단,ZD00303,87.995,72820434,73000000,67690909,2024-03-14,11:00:00,개찰완료,71200000,97.774,2024-03-14,나이스메드,강성주,강성주,129-27-92846,경기도 남양주시 가운로1길1-0 (가운동) 드림프라자 505-1호
UMM0178,1,(246050-E) 체력단련장 위생용품 통합구매,물품,총액계약,제한경쟁,적격심사제,Y,국군재정관리단,ZD00303,국군재정관리단,ZD00303,87.995,72533268,72481460,75641018,2024-03-14,11:00:00,개찰완료,63825983,87.995,2024-03-14,반석유통,편미영,편미영,721-03-01733,"대전광역시 유성구 지족로362 (지족동, 반석마을아파트3단지) 302-1404"
UMM0164,1,24-F-리프트  자동차용 구매,물품,총액계약,제한경쟁,적격심사제,Y,국군재정관리단,ZD00303,국군재정관리단,ZD00303,87.995,59290931,59330000,55021855,2024-03-14,11:00:00,개찰완료,52173185,87.995,2024-03-14,주식회사 예안전력,이준승,이준승,715-87-00592,"인천광역시 서구 건지로284번길111, 나동 106호(가좌동)"
UMM0197,1,24-D-남수단한빛부대 17 18진교대 항공수송용역(3국적,용역,총액계약,일반경쟁,적격심사제,Y,국군재정관리단,ZD00303,국군재정관리단,ZD00303,82.995,916126462,909350000,845090909,2024-03-14,11:00:00,개찰완료,761000000,83.067,2024-03-14,다산상선 주식회사,전종진,김영철,101-86-68326,"서울특별시 종로구 삼일대로32길36, 302호(익선동, 운현신화타워)"
UMM0181,1,(246093-E) 32밀리 대철 구매,물품,총액계약,제한경쟁,적격심사제,Y,국군재정관리단,ZD00303,국군재정관리단,ZD00303,87.995,172882659,172182350,159660000,2024-03-14,11:00:00,개찰완료,152128500,87.995,2024-03-14,현테크,김보경,김보경,670-02-02441,"인천광역시 남동구 구월로192, 1509동 405호(구월동, 구월힐스테이트)"
UMM0192,1,(24F068-B) 전세 항공수송용역(한미 연합 소부대훈련),용역,총액계약,일반경쟁,적격심사제,Y,국군재정관리단,ZD00303,국군재정관리단,ZD00303,77.995,2052764212,2047401960,1898500000,2024-03-14,11:00:00,개찰완료,1790000000,87.199,2024-03-14,아시아나항공(주),원유석,문준호,104-81-17480,서울특별시 강서구 오정로 443-83아시아나항공 경영지원팀
UMM0177,1,"(246090-B) 목발 석고용 신발 등 2품목 구매		",물품,총액계약,제한경쟁,적격심사제,Y,국군재정관리단,ZD00303,국군재정관리단,ZD00303,87.995,79923327,80135000,74598400,2024-03-14,11:00:00,개찰완료,70328780,87.995,2024-03-15,넥스트솔루션,강진규,강진규,130-43-73607,인천광역시 미추홀구 경인로229 (도화동)인천IT타워 1407호
UMM0176,1,(24F060-B)예비군훈련장 제초용역,용역,총액계약,제한경쟁,적격심사제,Y,국군재정관리단,ZD00303,국군재정관리단,ZD00303,87.995,60594048,60426840,56032164,2024-03-14,11:00:00,개찰완료,53326050,88.005,2024-03-14,주식회사 드림비,심인택,이정애,394-88-00825,경기도 수원시 팔달구 매산로151번길5-0 (중동)
UMM0183,1,(246101-C) 육군 용사상 및 군경력증명서 용지 제조,물품,총액계약,제한경쟁,적격심사제,Y,국군재정관리단,ZD00303,국군재정관리단,ZD00303,87.995,400045956,399046078,370024545,2024-03-14,11:00:00,개찰완료,352229100,88.047,2024-03-14,대전인재사,고인곤,고인곤,306-10-64288,대전광역시 동구 선화로 212()
UMM0174,1,(24F031-I) 24년 육로 수송용역(특수화물),용역,총액계약,일반경쟁,적격심사제,Y,국군재정관리단,ZD00303,국군재정관리단,ZD00303,77.995,1490664116,1484748039,1376766364,2024-03-14,11:00:00,개찰완료,1169146314,78.431,2024-03-14,대신로지스틱스 주식회사,양임석,백성열,206-81-74680,"서울특별시 송파구 오금로46길5-0 (가락동, 보성빌딩) 3층"
UMM0190,1,24-D-자운대지역 조경관리 용역,용역,총액계약,일반경쟁,적격심사제,Y,국군재정관리단,ZD00303,국군재정관리단,ZD00303,87.995,1394845515,1391000000,1306098182,2024-03-14,11:00:00,개찰완료,1227509900,88.003,2024-03-14,주식회사 그린솔루션조경,이범희,이미란,215-87-74366,"서울특별시 송파구 올림픽로35가길10,A동613호 (신천동, 잠실 더샵스타파크)"
LDH0252,1,24-2차 정비용 장비 부품구매,물품,총액계약,제한경쟁,적격심사제,Y,제2879부대,ZD00347,제2879부대,ZD00347,87.995,25609132,25624000,23761000,2024-03-15,13:00:00,개찰완료,22563200,88.106,2024-03-15,창신테크,박명숙,박명숙,650-02-01657,경상남도 밀양시 하남읍 양명길138-1
LDH0253,1,24-3차 정비용 장비 부품구매,물품,총액계약,제한경쟁,적격심사제,Y,제2879부대,ZD00347,제2879부대,ZD00347,87.995,27682583,27702000,25687636,2024-03-15,13:00:00,개찰완료,24383300,88.081,2024-03-15,이지테크,김혜선,김혜선,653-03-00858,"경상남도 창원시 마산합포구 3.15대로406,3층 (상남동)"
LGI0012,1,가스오부시 등 98종,물품,단가계약,2단계경쟁(동시),최저가격제,N,제3130부대,ZD01109,제3130부대,ZD01109,0,1330580,1336305,1703414091,2024-03-15,10:30:00,개찰완료,740099,55.622,2024-03-15,씨제이프레시웨이 주식회사,이건일,김도형,603-81-11270,경기도 용인시 기흥구 기곡로32-0 (하갈동)
LGI0013,1,분모자 등 184종,물품,단가계약,2단계경쟁(동시),최저가격제,N,제3130부대,ZD01109,제3130부대,ZD01109,0,2057115,2051678,2806053536,2024-03-15,10:30:00,개찰완료,1229981,59.791,2024-03-15,(주)현대그린푸드,박홍진,신승찬,656-81-02756,"경기도 용인시 수지구 문인로30-0 (동천동, 현대그린푸드)"
LGI0014,1,감자옹심이 등 182종,물품,단가계약,2단계경쟁(동시),최저가격제,N,제3130부대,ZD01109,제3130부대,ZD01109,0,2811463,2823305,1682253109,2024-03-15,10:30:00,개찰완료,1640340,58.344,2024-03-15,주식회사 푸드머스,박광순,최병운,120-86-03023,경기도 용인시 처인구 원삼면 맹리로2번길31
LGI0015,1,감자샐러드 등 87종,물품,단가계약,2단계경쟁(동시),최저가격제,N,제3130부대,ZD01109,제3130부대,ZD01109,0,912347,909976,1117186464,2024-03-15,10:30:00,개찰완료,505947,55.455,2024-03-15,씨제이프레시웨이 주식회사,이건일,권영석,603-81-11270,경기도 용인시 기흥구 기곡로32-0 (하갈동)
LHG0006,1,(용-009)'24년 취사장 관리 용역,용역,총액계약,제한경쟁,적격심사제,Y,제1862부대,ZD00002,제1862부대,ZD00002,87.995,91102685,91176470,84545455,2024-03-15,10:30:00,개찰완료,80166460,87.995,2024-03-15,주식회사 쌍마로지스,조희성,조희성,314-86-40749,대전광역시 유성구 원계산로194-1 (계산동) 제2동
MDG0055,2,재고번호미입력품목,물품,단가계약,제한경쟁,적격심사제,Y,국군의무사령부,1290291,국군의무사령부,1290291,87.995,1376,1376,115067745,2024-03-15,11:00:00,개찰완료,1217,88.431,2024-03-19,구리LPG충전소,원준상,양현진,473-55-00436,경기도 구리시 경춘북로348 (갈매동)
SFG0032,1,후방카메라 구매 설치,물품,총액계약,제한경쟁,적격심사제,Y,제9181부대,ZD00151,제9181부대,ZD00151,87.995,67248758,67563700,62650000,2024-03-15,10:30:00,개찰완료,59175820,87.995,2024-03-15,유누 컴퍼니,윤현미,윤현미,287-25-01915,인천광역시 부평구 부일로113번길29-12 (부개동) 1층 3호
UMM0187,1,(24F004-G) 24년 항공전술 시뮬레이터 유지보수용역,용역,총액계약,제한경쟁,적격심사제,Y,국군재정관리단,ZD00303,국군재정관리단,ZD00303,87.745,96017246,96057740,101813718,2024-03-15,11:00:00,개찰완료,84463370,87.966,2024-03-15,주식회사 케이티엔티,오성근,원진아,314-81-64047,대전광역시 유성구 장대로95 (장대동) KT유성빌딩 3층
UMM0189,1,(246052-C) 체력단련장 코스관리용 농약 구매,물품,총액계약,일반경쟁,적격심사제,Y,국군재정관리단,ZD00303,국군재정관리단,ZD00303,82.995,934359494,932670784,864840182,2024-03-15,11:00:00,개찰완료,777751590,83.239,2024-03-15,부자농약사,최경애,최영진,289-26-00224,충청남도 금산군 추부면 서대산로196-2  1층
UMM0193,1,24-N-근속 30주년 기념휘장 등  제조(248030-F),물품,총액계약,제한경쟁,적격심사제,Y,국군재정관리단,ZD00303,국군재정관리단,ZD00303,87.995,137246400,137790000,127772727,2024-03-15,11:00:00,개찰완료,136000000,99.091,2024-03-15,주식회사 세윤,김영숙,설레인,657-88-02587,"경기도 안산시 단원구 산단로107, 6층 622호(원시동, 서흥테크노밸리)"
UMM0186,1,(246035-D)레이저 가공기 등 4종 구매,물품,총액계약,일반경쟁,적격심사제,Y,국군재정관리단,ZD00303,국군재정관리단,ZD00303,82.995,904412098,903846078,838111818,2024-03-15,11:00:00,개찰완료,750684350,83.002,2024-03-15,에스텍아이앤씨 주식회사,박길현,오선아,305-81-50966,대전광역시 유성구 문지로272-37 (문지동)
UMM0191,1,24-F-근속 30주년 기념 휘장 등 3종 제조,물품,총액계약,제한경쟁,적격심사제,Y,국군재정관리단,ZD00303,국군재정관리단,ZD00303,87.995,213503581,211560000,196181818,2024-03-15,11:00:00,개찰완료,188290000,88.19,2024-03-15,주식회사 세윤,김영숙,설레인,657-88-02587,"경기도 안산시 단원구 산단로107, 6층 622호(원시동, 서흥테크노밸리)"
HDQ0015,1,24-활주로 제초용역,용역,총액계약,일반경쟁,적격심사제,Y,제20전투비행단,ZD00161,제20전투비행단,ZD00161,87.995,312435542,311076470,288452727,2024-03-18,11:00:00,개찰완료,274928220,87.995,2024-03-19,(주)태영기업,문순금,허순영,608-81-76434,경상북도 성주군 선남면 선노로737-4
MDD0041,1,2024 환자치료식재료(특수영양식품) 구매,물품,총액계약,제한경쟁,적격심사제,Y,국군수도병원,ZD00236,국군수도병원,ZD00236,87.995,40149664,40290710,39349127,2024-03-18,11:00:00,개찰완료,37500000,93.4,2024-03-19,에이치케이푸드,정흥기,정흥기,312-07-58160,"경기도 용인시 수지구 진산로108(풍덕천동, 진산마을삼성6차아파트)"
MDJ0005,1,의무장비(원심분리기 대형),물품,총액계약,일반경쟁,적격심사제,Y,국군대전병원,ZD00241,국군대전병원,ZD00241,87.995,18700529,18627440,17272727,2024-03-18,10:30:00,개찰완료,16456597,88,2024-03-18,(주)대원산업,이영숙,김현,494-88-02384,"경상남도 김해시 진례면 테크노밸리로159-11, 202호"
MHD0015,2,KJCCS 경미한 성능개량 사업 비용분석,용역,총액계약,협상에의한계약(전자),협상,N,방위사업청(운영지원과),1690000,방위사업청(운영지원과),1690000,,30000000,,27272727,2024-03-18,15:00:00,개찰완료,28500000,95,2024-04-21,주식회사 비용관리연구원,나인성,나인성,211-88-60571,경기도 의왕시 오봉산단3로25 (삼동) 의왕테크노파크 더리브비즈원 1동1528호
UMM0166,2,24-D-자운대지역 방제용역,용역,총액계약,제한경쟁,적격심사제,Y,국군재정관리단,ZD00303,국군재정관리단,ZD00303,87.745,193068295,191420000,177507100,2024-03-18,11:00:00,개찰완료,169680000,87.885,2024-03-18,다인비엠씨 주식회사,최광호,홍하얀,314-81-87943,"대전광역시 중구 서문로128, A동 802호 (문화동, 글꽃프라자)"
UMM0194,1,24-N-00창 예초용역,용역,총액계약,제한경쟁,적격심사제,Y,국군재정관리단,ZD00303,국군재정관리단,ZD00303,87.995,205470749,205870000,190900909,2024-03-18,11:00:00,개찰완료,180806940,87.996,2024-03-18,주식회사 우솔,유순천,유홍,593-81-02057,"강원특별자치도 철원군 갈말읍 명성로240, 나동 102호"
UMM0200,1,24-F-중요기록물 DB 구축,용역,총액계약,제한경쟁,적격심사제,Y,국군재정관리단,ZD00303,국군재정관리단,ZD00303,82.995,625382345,622010000,576774545,2024-03-18,11:00:00,개찰완료,519246000,83.028,2024-03-18,주식회사 쇼우테크,김상우,김상헌,605-81-74612,"부산광역시 연제구 반송로30-0 (연산동), 3층"
UMM0158,3,24-M-조경관리 용역,용역,총액계약,제한경쟁,적격심사제,Y,국군재정관리단,ZD00303,국군재정관리단,ZD00303,87.995,107380770,106650000,98900000,2024-03-18,11:00:00,개찰완료,94533690,88.035,2024-03-18,주식회사 현성조경,최수환,구혜리,134-81-89817,"경기도 안산시 단원구 광덕2로163-11, 405-2호 (고잔동,21세기빌딩)"
UMM0188,1,24~28-D-업무용 차량 임차 용역,용역,총액계약,일반경쟁,적격심사제,Y,국군재정관리단,ZD00303,국군재정관리단,ZD00303,77.995,3322211999,3303900000,3063621818,2024-03-18,11:00:00,개찰완료,2648606400,79.724,2024-03-18,현대캐피탈(주),정형진,이진화,116-81-36248,서울특별시 중구 세종대로14(남대문로5가)
UMM0195,1,24-N-육로화물 민간 수송 용역,용역,총액계약,제한경쟁,적격심사제,Y,국군재정관리단,ZD00303,국군재정관리단,ZD00303,87.745,109377571,108520000,100636364,2024-03-18,11:00:00,개찰완료,96160750,87.916,2024-03-18,승원익스프레스,김진성,김진성,276-10-00455,서울특별시 강서구 곰달래로60길33-0 (화곡동) 2층
UMM0156,5,24-N-해상방책선 연결체인 구매,물품,총액계약,제한경쟁,적격심사제,Y,국군재정관리단,ZD00303,국군재정관리단,ZD00303,87.995,154183137,153560000,142400000,2024-03-18,11:00:00,개찰완료,135677460,87.997,2024-03-18,행복한 세상,이명희,이명희,449-32-01108,경기도 이천시 설성면 진상미로924번길175-4
EBB0001,1,24년 수입봉류,물품,총액계약,제한경쟁,적격심사제,Y,방위사업청,1690000,방위사업청,1690000,,228008029,227773000,0,2024-03-19,14:30:00,개찰완료,200713500,88.029,2024-03-19,대현테크,전현규,전현규,770-43-00275,부산광역시 강서구 평강로171번길259-0 (대저1동)
EBB0002,1,24년 격발장치부품류,물품,총액계약,일반경쟁,적격심사제,Y,방위사업청,1690000,방위사업청,1690000,,1628073603,1621532000,0,2024-03-19,14:30:00,개찰완료,1370259000,84.164,2024-03-19,(주)경도,조영,조기현,621-81-24977,경상남도 양산시 상북면 홍룡로42
EBB0003,1,기어조립체 감속기용(자주포류),물품,총액계약,제한경쟁,적격심사제,Y,방위사업청,1690000,방위사업청,1690000,,27957650,27995000,0,2024-03-19,11:00:00,개찰완료,24632800,88.107,2024-03-19,주식회사 조은이엔지,손현정,전혜주,787-88-01986,부산광역시 강서구 평강로171번길259 (대저1동)
HCF0043,1,24~'25 E-737 지상지원체계 유지보수,용역,총액계약,제한경쟁,적격심사제,Y,공군군수사령부,ZD00306,공군군수사령부,ZD00306,85.495,249662802,250391950,241135918,2024-03-19,10:30:00,개찰완료,215250000,86.216,2024-03-19,(주)이엔씨테크,이종희,이은경,301-81-57064,충청북도 청주시 흥덕구 2순환로742번길2 (화계동)
HCF0041,1,[60전대] 2.5인치 노즐 등 95종 구매,물품,총액계약,제한경쟁,적격심사제,Y,공군군수사령부,ZD00306,공군군수사령부,ZD00306,87.995,73965456,73557176,68207564,2024-03-19,10:30:00,개찰완료,68770000,92.975,2024-03-19,중앙기업,안태진,안태진,504-01-71101,대구광역시 북구 침산로67길50 (침산동)
HCF0042,1,시동용 발전기 수리부속 외주정비,물품,총액계약,제한경쟁,적격심사제,Y,공군군수사령부,ZD00306,공군군수사령부,ZD00306,82.995,38717425,38660862,35849164,2024-03-19,10:30:00,개찰완료,33747000,87.162,2024-03-19,주식회사 위드인텍,김덕수,김덕수,447-88-00677,"서울특별시 금천구 가산디지털1로58(가산동, 에이스한솔타워)1014호"
HCF0044,1,인명구조화 구매,물품,총액계약,제한경쟁,적격심사제,Y,공군군수사령부,ZD00306,공군군수사령부,ZD00306,87.995,23303180,23488235,21780000,2024-03-19,10:30:00,개찰완료,20506840,88,2024-03-19,스카이코리아,이건석,이건석,115-77-00226,"서울특별시 동작구 여의대방로22나길79-7, 102호(신대방동, 하이빌)"
HCF0045,1,취사용 앞치마 제조,물품,총액계약,제한경쟁,적격심사제,Y,공군군수사령부,ZD00306,공군군수사령부,ZD00306,87.995,35587873,35220784,32659273,2024-03-19,10:30:00,개찰완료,34557578,97.104,2024-03-19,주식회사 서우,손민희,권다영,503-86-12334,경상북도 칠곡군 왜관읍 공단로9길36
HCF0046,1,고도경보기 구매,물품,총액계약,제한경쟁,적격심사제,Y,공군군수사령부,ZD00306,공군군수사령부,ZD00306,87.995,25704942,25662745,23796364,2024-03-19,10:30:00,개찰완료,22619330,87.996,2024-03-19,명진전기통신(주),김진우,김진우,222-81-14291,강원특별자치도 동해시 봉오동길28-10(용정동)
HCS0005,1,24년 사천기지 일반지역 제초,용역,총액계약,제한경쟁,적격심사제,Y,제3훈련비행단,ZD00194,제3훈련비행단,ZD00194,87.745,142266153,142778088,132394227,2024-03-19,11:00:00,개찰완료,124848400,87.756,2024-03-19,그린포레 주식회사,이승배,이승배,589-81-03023,"경상남도 함안군 가야읍 가야15길24, 상가동 302호(남경타운)"
HDP0012,1,24년 라인지역 제초 유지관리 용역,용역,총액계약,제한경쟁,적격심사제,Y,공군제19전투비행단,ZD00189,공군제19전투비행단,ZD00189,85.495,332926393,332404300,302185727,2024-03-19,11:00:00,개찰완료,284673000,85.506,2024-03-19,주식회사 명장건설,박민창,박종환,304-81-22680,"충청북도 괴산군 청안면 광장로594, 제비동호"
HDS0003,1,미-24-제초관리용역1(대천),용역,총액계약,제한경쟁,적격심사제,Y,공군미사일방어사령부,ZD00216,공군미사일방어사령부,ZD00216,87.995,46342067,46409000,43034545,2024-03-19,11:00:00,개찰완료,40782346,88.002,2024-03-19,(주)한국자연표본연구소,유선남,유선남,307-81-20930,"충청남도 공주시 의당면 의당로350, 2층 201호"
HDS0004,1,미-24-제초관리용역2(진천),용역,총액계약,제한경쟁,적격심사제,Y,공군미사일방어사령부,ZD00216,공군미사일방어사령부,ZD00216,87.995,23292102,23549000,21836364,2024-03-19,11:00:00,개찰완료,20529685,88.14,2024-03-19,주식회사 아토,한순임,노창현,623-87-00667,충청북도 충주시 주덕읍 당우리길413-41
LBA0027,1,24년 생수 구매,물품,총액계약,일반경쟁,적격심사제,Y,제2167부대,ZD00053,제2167부대,ZD00053,82.995,1716751936,1712437100,1556761000,2024-03-19,10:30:00,개찰완료,1424875461,82.998,2024-03-19,스파클주식회사,전동훈,김윤권,117-81-31135,충청남도 천안시 동남구 성남면 대정1길 19-11스파클 주식회사
LBA0028,1,‘24년 부대조달 후식(바나나) 구매,물품,총액계약,제한경쟁,적격심사제,Y,제2167부대,ZD00053,제2167부대,ZD00053,82.995,215881001,216271640,196610582,2024-03-19,10:30:00,개찰완료,179176499,82.997,2024-03-19,주식회사 멀티열린세상,주영철,주상원,161-81-00018,"경기도 광명시 광명로786번길4 (광명동),301호"
LCG0020,1,[24-육-33] 군사경찰 피복(헬멧 등 2종) 제조,물품,총액계약,제한경쟁,적격심사제,Y,육군본부,1290298,육군본부,1290298,87.995,24891440,24964500,22695000,2024-03-19,11:00:00,개찰완료,24121900,96.908,2024-03-19,(주)성원,정민철,정민철,132-81-94798,경기도 남양주시 진접읍 부마로106번길148-2
LCG0021,1,[24-육-38] 군사경찰 피복(행사 전투화 등 3종) 제조,물품,총액계약,제한경쟁,적격심사제,Y,육군본부,1290298,육군본부,1290298,87.995,37977233,37900000,34454545,2024-03-19,11:00:00,개찰완료,33616900,88.518,2024-03-19,영광제화,김은광,김은광,137-07-91928,인천광역시 부평구 세월천로221(청천동) 영광빌딩 3층
LCM0016,1,24년 군견(작전견) 사료 구매,물품,총액계약,제한경쟁,적격심사제,Y,육군교육사령부,1290302,육군교육사령부,1290302,87.995,149349484,150004800,136368000,2024-03-19,10:30:00,개찰완료,131468000,88.027,2024-03-20,원파워 주식회사,김명희,김명희,487-86-02650,"강원특별자치도 원주시 오성마을길63-25, 상가동 201-249호(단구동)"
LDH0150,2,통신장비 트랜지스터 1종 구매,물품,총액계약,제한경쟁,적격심사제,Y,제2879부대,ZD00347,제2879부대,ZD00347,87.995,26639832,26587000,24653800,2024-03-19,13:00:00,개찰완료,26323000,98.81,2024-03-19,한국센서테크,윤영근,윤영근,109-52-61851,"서울특별시 강서구 강서로68길 36, 주공상가 206호(등촌동)"
LDH0273,1,발칸 계전기 구매,물품,총액계약,제한경쟁,적격심사제,Y,제2879부대,ZD00347,제2879부대,ZD00347,87.995,27798153,27734000,25717568,2024-03-19,13:00:00,개찰완료,24467700,88.019,2024-03-20,코비상사,김일우,김일우,104-36-00539,"부산광역시 강서구 명지국제2로41-0 (명지동, 더샵 명지퍼스트월드 3단지) 309동 2406호"
LDH0275,1,발칸 베어링 등 7종 구매,물품,총액계약,제한경쟁,적격심사제,Y,제2879부대,ZD00347,제2879부대,ZD00347,87.995,30575888,30231000,28032830,2024-03-19,13:00:00,개찰완료,27231000,89.06,2024-03-20,여경,여경숙,여경숙,828-08-02794,"경상북도 포항시 북구 칠성천길40, 4층 -110(죽도동)"
LDH0280,1,발칸 심봉세트 구매,물품,총액계약,제한경쟁,적격심사제,Y,제2879부대,ZD00347,제2879부대,ZD00347,87.995,16173235,16166000,14990651,2024-03-19,13:00:00,개찰완료,14240000,88.046,2024-03-20,환호테크,서선희,하동경,688-19-00326,부산광역시 사상구 가야대로103번길10(감전동)
LDH0282,1,발칸 장기조립체 구매,물품,총액계약,제한경쟁,적격심사제,Y,제2879부대,ZD00347,제2879부대,ZD00347,87.995,7631533,7659000,7102836,2024-03-19,13:00:00,개찰완료,6729300,88.177,2024-03-20,에스케이(SK)산업,박수경,박수경,449-03-02636,경상남도 창원시 성산구 원이대로774 (상남동) 512-304
LDH0286,1, 발칸 케이스 구매,물품,총액계약,제한경쟁,적격심사제,Y,제2879부대,ZD00347,제2879부대,ZD00347,87.995,19285155,19361000,17953059,2024-03-19,13:00:00,개찰완료,16989700,88.097,2024-03-20,코비상사,김일우,김일우,104-36-00539,"부산광역시 강서구 명지국제2로41-0 (명지동, 더샵 명지퍼스트월드 3단지) 309동 2406호"
LDH0266,1,K1전차 볼트 등 2종 구매,물품,총액계약,제한경쟁,적격심사제,Y,제2879부대,ZD00347,제2879부대,ZD00347,87.995,24516457,24263000,22498560,2024-03-19,13:00:00,개찰완료,21767300,88.786,2024-03-20,삼원볼트공업,이상문,이희석,606-38-68999,부산광역시 강서구 화전산업대로276-0 (녹산동)
LDH0270,1,K1전차 코드조립체 등 4종 구매,물품,총액계약,제한경쟁,적격심사제,Y,제2879부대,ZD00347,제2879부대,ZD00347,87.995,4119642,4133000,3833344,2024-03-19,13:00:00,개찰완료,3630830,88.134,2024-03-20,도하테크,이은선,이은선,480-27-01672,부산광역시 강서구 대저로3번길52-15 (대저1동)
LDH0304,1,K21 와셔 스프링 등 35종 구매 ,물품,총액계약,제한경쟁,적격심사제,Y,제2879부대,ZD00347,제2879부대,ZD00347,87.995,6024426,5998000,5562415,2024-03-19,13:00:00,개찰완료,5357473,88.929,2024-03-19,디에스테크,김동욱,김동욱,520-78-00366,부산광역시 부산진구 성지로34번길15-0 (연지동) 1층
LDH0308,1,"K21 파이프 금속제 등 12종 구매									",물품,총액계약,제한경쟁,적격심사제,Y,제2879부대,ZD00347,제2879부대,ZD00347,87.995,10831487,10786000,10002327,2024-03-19,13:00:00,개찰완료,9545000,88.122,2024-03-19,성도산업,김정기,김정기,615-18-18189,경상남도 김해시 상동면 매리230-10
LDH0290,1,(정비) 안전밸트 구매,물품,총액계약,제한경쟁,적격심사제,Y,제2879부대,ZD00347,제2879부대,ZD00347,87.995,3507999,3501000,3246545,2024-03-19,13:00:00,개찰완료,3087000,87.998,2024-03-19,주식회사 구정,최정혜,최정혜,226-81-37092,강원특별자치도 강릉시 구정면 모산로169번길 141()
LDH0294,1," K200 나사 캡식 6각 머리형 등 16종 구매					",물품,총액계약,제한경쟁,적격심사제,Y,제2879부대,ZD00347,제2879부대,ZD00347,87.995,18188595,18295000,16965165,2024-03-19,13:00:00,개찰완료,16167000,88.885,2024-03-19,현대정밀가스켓,이의정,이의정,605-45-63500,부산광역시 사상구 가야대로175번길29-0 (감전동)
LDH0297,1,K200 디스크 클러치 차량용 등 12종 구매,물품,총액계약,제한경쟁,적격심사제,Y,제2879부대,ZD00347,제2879부대,ZD00347,87.995,38008181,37818000,35067607,2024-03-19,13:00:00,개찰완료,33450000,88.007,2024-03-19,진광사,최진욱,최진욱,615-16-41032,경상남도 김해시 진영읍 진영리1611-3 중흥s클래스 119-105
LDH0298,1,K200 너트 풀림방지식 등 24종 구매,물품,총액계약,제한경쟁,적격심사제,Y,제2879부대,ZD00347,제2879부대,ZD00347,87.995,25988513,26145000,24243563,2024-03-19,13:00:00,개찰완료,22978600,88.418,2024-03-19,에스케이(SK)산업,박수경,박수경,449-03-02636,경상남도 창원시 성산구 원이대로774 (상남동) 512-304
LMU0012,1,짜먹는 발효유,물품,단가계약,일반경쟁,적격심사제,Y,6112부대,ZD01187,6112부대,ZD01187,82.995,3659,3626,640558909,2024-03-19,11:00:00,개찰완료,3037,83.007,2024-03-19,매쉬미디어(주),김문선,전예슬,128-86-73106,서울특별시 마포구 양화로183-0 (동교동) 효성홍익인간오피스텔 14층 1412호
LMU0013,1,판형 초콜릿,물품,단가계약,일반경쟁,적격심사제,Y,6112부대,ZD01187,6112부대,ZD01187,82.995,5909,5946,382173455,2024-03-19,11:00:00,개찰완료,4905,83.004,2024-03-19,주식회사 팜스웰홀딩스,서태희,김춘화,699-87-00757,"대구광역시 달서구 성서로36길69, 1층(월암동)"
LMU0010,1,팩형 아이스크림,물품,단가계약,일반경쟁,적격심사제,Y,6112부대,ZD01187,6112부대,ZD01187,82.995,7930,7925,628683273,2024-03-19,11:00:00,개찰완료,6581,82.998,2024-03-19,주식회사 야미푸드,손희영,손희영,125-81-56888,경기도 이천시 덕평로691번길46-0 (마장면)
LNR0009,1,24년 정수기 임차용역,용역,총액계약,제한경쟁,적격심사제,Y,수도기계화보병사단,ZD00361,수도기계화보병사단,ZD00361,87.745,185152905,184680000,167890909,2024-03-19,11:00:00,개찰완료,162518400,87.775,2024-03-20,주식회사 디와이매직,정대영,정대영,223-88-00649,"서울특별시 구로구 고척로27길81, 1층(개봉동, 에스케이매직)"
MDG0077,1,24년 의무장비(지속적 피동운동기) 구매,물품,총액계약,제한경쟁,적격심사제,Y,국군의무사령부,1290291,국군의무사령부,1290291,87.995,13128876,13200000,12000000,2024-03-19,11:00:00,개찰완료,11552940,87.996,2024-03-19,휴앤케어,박진형,박진형,504-25-54471,대구광역시 북구 학남로60 (학정동)
MDG0078,1,24년 의무장비(테이블 추나요법용) 구매,물품,총액계약,제한경쟁,적격심사제,Y,국군의무사령부,1290291,국군의무사령부,1290291,87.995,7778135,7700000,7000000,2024-03-19,11:00:00,개찰완료,7262752,93.373,2024-03-19,주식회사 에스엠플래닛,조현선,조현선,606-86-62996,"경기도 성남시 수정구 창업로43-0 (시흥동)1층, 글로벌비즈니스센터"
MHD0012,2,2024년 바세나르체제 군용물자목록 개정소요 연구,용역,총액계약,협상에의한계약(전자),협상,N,방위사업청(운영지원과),1690000,방위사업청(운영지원과),1690000,,60000000,,54545455,2024-03-19,15:00:00,개찰완료,59070000,98.45,2024-04-21,무역안보관리원,서정민,원해나,120-82-08302,"서울특별시 강남구 영동대로511, 16층(무역센터 트레이드 타워)"
MHD0025,1,함정적기전력화를 위한 시운전제도 개선방안 연구,용역,총액계약,협상에의한계약(전자),협상,N,방위사업청(운영지원과),1690000,방위사업청(운영지원과),1690000,,51820000,,47109091,2024-03-19,15:00:00,개찰완료,51500000,99.382,2024-04-15,서울대학교 산학협력단,김재영,남명우,119-82-03684,서울특별시 관악구 관악로1 (신림동)
NIT0003,1,24년 수사장비 유지보수 용역,용역,총액계약,제한경쟁,적격심사제,Y,국방부조사본부,1291063,국방부조사본부,1291063,87.745,48015342,47818000,43470909,2024-03-19,10:30:00,개찰완료,42141500,87.766,2024-03-20,주식회사 루트웰,노덕권,노덕권,676-86-01611,서울특별시 영등포구 영등포로103 (당산동2가) 하나비즈타워 603호
SCF0224,1,독서대 등 255종 구매,물품,총액계약,제한경쟁,적격심사제,Y,해군군수사령부,ZD00289,해군군수사령부,ZD00289,87.995,33972528,34000000,32531136,2024-03-19,10:30:00,개찰완료,29894190,87.995,2024-03-19,제이앤제이,진형조,진형조,747-25-01678,"인천광역시 계양구 효서로324, 102동 1801호(작전동, 작전동풍림아이원아파트)"
SCF0223,1,00함 엔진 윤활유 구매,물품,총액계약,제한경쟁,적격심사제,Y,해군군수사령부,ZD00289,해군군수사령부,ZD00289,87.995,74748982,74000000,69163636,2024-03-19,10:30:00,개찰완료,66156000,88.504,2024-03-19,성화산업,이유현,이유현,607-55-88957,"부산광역시 부산진구 중앙대로666번길50, C동 2306호(부전동, 더샵 센트럴스타)"
SCF0216,1,그로밋 등 4품목 구매,물품,총액계약,제한경쟁,적격심사제,Y,해군군수사령부,ZD00289,해군군수사령부,ZD00289,87.995,20021306,20000000,19359329,2024-03-19,10:30:00,개찰완료,17618300,87.997,2024-03-19,조이스툴,이나은,이나은,266-08-01279,"서울특별시 서대문구 포방터2길24, 201호(홍은동)"
SCF0227,1,회전자 조립체 구매,물품,총액계약,제한경쟁,적격심사제,Y,해군군수사령부,ZD00289,해군군수사령부,ZD00289,87.995,110623002,110000000,102850000,2024-03-19,10:30:00,개찰완료,106333000,96.121,2024-03-19,주식회사 칼라투,김보민,김보민,222-81-35447,"경기도 고양시 덕양구 중앙로558번길16-16, 308-A호(행신동, 능곡종합프라자)"
SCF0221,1,(긴급) 파이프  배기용 등 2종,물품,총액계약,제한경쟁,적격심사제,Y,해군군수사령부,ZD00289,해군군수사령부,ZD00289,87.995,9844843,9800000,10774545,2024-03-19,10:30:00,개찰완료,9124000,92.677,2024-03-19,신영에이텍,이상기,이상기,609-04-51342,경상남도 창원시 마산회원구 봉암공단2길22-5 (봉암동)
SCF0220,1,(긴급) 감지소자  화재탐지장치용 등 70종,물품,총액계약,제한경쟁,적격심사제,Y,해군군수사령부,ZD00289,해군군수사령부,ZD00289,87.995,119866057,119440000,111679400,2024-03-19,10:30:00,개찰완료,114273600,95.334,2024-03-19,토탈marine,허광주,허광주,878-38-00842,경상남도 창원시 마산회원구 회원동로42-1 (회원동)
SCF0222,1,(긴급) 밸브 판  압축기용 등 95종,물품,총액계약,제한경쟁,적격심사제,Y,해군군수사령부,ZD00289,해군군수사령부,ZD00289,87.995,42294670,42197000,39128573,2024-03-19,10:30:00,개찰완료,40931000,96.775,2024-03-19,제일테크,김문길,김문길,182-37-00235,부산광역시 사하구 다대로613-0 (다대동) 자유마트 220호
SCF0219,1,(긴급) 밸브  안전릴리프형 등 39종,물품,총액계약,제한경쟁,적격심사제,Y,해군군수사령부,ZD00289,해군군수사령부,ZD00289,87.995,160925346,160708000,163519673,2024-03-19,10:30:00,개찰완료,141606900,87.995,2024-03-19,디자인아트고광균,명임숙,고명제,122-16-88097,"인천광역시 계양구 장제로922, 2층 (병방동)"
SCF0225,1,(긴급)공기분배기 시동기용 등 48종,물품,총액계약,제한경쟁,적격심사제,Y,해군군수사령부,ZD00289,해군군수사령부,ZD00289,87.995,174858782,175078000,162345091,2024-03-19,10:30:00,개찰완료,153869050,87.996,2024-03-19,주식회사 동우커넥트,임동해,임동해,527-88-01900,"인천광역시 남동구 남동서로236번길30-0 , 2층 222-A252호"
SCF0226,1,(긴급)노즐 연료 분사용 등 4종,물품,총액계약,제한경쟁,적격심사제,Y,해군군수사령부,ZD00289,해군군수사령부,ZD00289,87.995,204083901,204837000,204341818,2024-03-19,10:30:00,개찰완료,179586260,87.996,2024-03-19,수호유통,은종현,은종현,288-65-00399,인천광역시 서구 매밭로130-0 (당하동) 1004동 301호
SCF0240,1,(긴급)휠  연마용 등 22종,물품,총액계약,제한경쟁,적격심사제,Y,해군군수사령부,ZD00289,해군군수사령부,ZD00289,87.995,20235536,20304000,18827727,2024-03-19,13:00:00,개찰완료,18125360,89.571,2024-03-20,제일테크,김문길,김문길,182-37-00235,부산광역시 사하구 다대로613-0 (다대동) 자유마트 220호
SCF0239,1,(긴급)힌지  버트형 등 41종,물품,총액계약,제한경쟁,적격심사제,Y,해군군수사령부,ZD00289,해군군수사령부,ZD00289,87.995,144721753,144169000,133684136,2024-03-19,13:00:00,개찰완료,131191500,90.65,2024-03-20,제일테크,김문길,김문길,182-37-00235,부산광역시 사하구 다대로613-0 (다대동) 자유마트 220호
SCF0232,1,이온음료(혼합음료류),물품,단가계약,제한경쟁,적격심사제,Y,해군군수사령부,ZD00289,해군군수사령부,ZD00289,87.995,632,637,31377273,2024-03-19,10:30:00,개찰완료,557,88.058,2024-03-19,지지그린 주식회사,이석환,이석환,426-81-02698,경상남도 함안군 군북면 삼봉로52-1
SCF0233,1,콜라(탄산음료류),물품,단가계약,제한경쟁,적격심사제,Y,해군군수사령부,ZD00289,해군군수사령부,ZD00289,87.995,792,784,51636364,2024-03-19,10:30:00,개찰완료,697,88.032,2024-03-19,새늘,조희열,조희열,608-29-12771,경상남도 김해시 진영읍 진영로454번길75
SCF0234,2,과일탄산(탄산음료류),물품,단가계약,제한경쟁,적격심사제,Y,해군군수사령부,ZD00289,해군군수사령부,ZD00289,87.995,574,568,37436364,2024-03-19,10:30:00,개찰완료,505,88.064,2024-03-19,주식회사 에바다,허아람,허아람,456-81-02063,경상남도 창원시 진해구 안청남로6번길6-0 (안골동) 에바다축산
SCF0230,1,콘형 아이스크림,물품,단가계약,제한경쟁,적격심사제,Y,해군군수사령부,ZD00289,해군군수사령부,ZD00289,87.995,1044,1039,21778182,2024-03-19,10:30:00,개찰완료,919,88.007,2024-03-19,건천유통,박필란,박필란,838-16-01201,경상남도 의령군 의령읍 수암로33-0
SCF0229,1,컵형 아이스크림,물품,단가계약,제한경쟁,적격심사제,Y,해군군수사령부,ZD00289,해군군수사령부,ZD00289,87.995,2308,2294,48076364,2024-03-19,10:30:00,개찰완료,2031,88.005,2024-03-19,태양이엔지 주식회사,박준희,김진희,615-81-68228,경상남도 밀양시 중앙로 129()
SCF0231,1,과채주스,물품,단가계약,제한경쟁,적격심사제,Y,해군군수사령부,ZD00289,해군군수사령부,ZD00289,87.995,682,686,45181818,2024-03-19,10:30:00,개찰완료,600,87.997,2024-03-19,주식회사 이레유통,강승미,강승미,365-88-00851,경상남도 의령군 정곡면 성황로1길41-4
SCF0228,1,팩형 아이스크림,물품,단가계약,제한경쟁,적격심사제,Y,해군군수사령부,ZD00289,해군군수사령부,ZD00289,87.995,1040,1039,21778182,2024-03-19,10:30:00,개찰완료,916,88.003,2024-03-19,주식회사 류홀마트,양미숙,이윤영,609-81-98033,"경상남도 창원시 진해구 충무로23-0 (신흥동, 블루빌)"
SCF0235,1,샌드형 아이스크림,물품,단가계약,제한경쟁,적격심사제,Y,해군군수사령부,ZD00289,해군군수사령부,ZD00289,87.995,1050,1039,21778182,2024-03-19,10:30:00,개찰완료,924,88.019,2024-03-19,거제축산물급식센터 주식회사,이정미,윤은영,351-88-02812,경상남도 거제시 수양로210 (양정동)
SFG0035,1,목재류 구매,물품,총액계약,제한경쟁,적격심사제,Y,제9181부대,ZD00151,제9181부대,ZD00151,87.995,40809821,40885200,37911818,2024-03-19,10:30:00,개찰완료,35910770,87.995,2024-03-19,엠제이코리아,윤지상,윤지상,836-41-00509,"인천광역시 계양구 아나지로332, 202동 306호(작전동, 우림카이저팰리스2단지)"
SFN0022,1,전선 등 396종 구매 납품,물품,총액계약,일반경쟁,적격심사제,Y,연평부대,ZD00160,연평부대,ZD00160,82.995,328867294,328437300,304550955,2024-03-19,10:30:00,개찰완료,272947986,82.996,2024-03-19,뽀야,백승혜,백승혜,586-61-00602,서울특별시 송파구 도곡로62길15-18 (잠실동) 404호
UMM0240,1,(247056-C) 24년 유해발굴사업 피복류 제조,물품,총액계약,제한경쟁,적격심사제,Y,국군재정관리단,ZD00303,국군재정관리단,ZD00303,87.995,112984106,113803921,105527273,2024-03-19,11:00:00,개찰완료,99498850,88.064,2024-03-19,동선,김현태,김민정,204-07-24369,경기도 남양주시 화도읍 비룡로379번길19-11
UMM0213,1,24-M-화상회의체계 교체(리스물건),물품,총액계약,일반경쟁,적격심사제,Y,국군재정관리단,ZD00303,국군재정관리단,ZD00303,87.995,191172249,189490000,175709091,2024-03-19,11:00:00,개찰완료,168235070,88.001,2024-03-19,주식회사 우광,장애정,주서현,112-81-35723,"강원특별자치도 철원군 갈말읍 명성로212, 2층"
UMM0199,1,24-F-형광투시검사 유니트 제조(249023-F),물품,총액계약,제한경쟁,적격심사제,Y,국군재정관리단,ZD00303,국군재정관리단,ZD00303,87.995,185373356,185610000,172112018,2024-03-19,11:00:00,개찰완료,163164100,88.019,2024-03-19,호진산업기연(주),안형근,김희영,220-81-31391,서울특별시 강남구 봉은사로50길 45()
UMM0215,1,(246074-D)형광우의 등 2종 제조,물품,총액계약,제한경쟁,적격심사제,Y,국군재정관리단,ZD00303,국군재정관리단,ZD00303,87.995,74767866,75330000,72242727,2024-03-19,11:00:00,개찰완료,65845200,88.066,2024-03-19,주식회사 에스지윈,박세혁,박세혁,117-81-24143,경기도 김포시 통진읍 율마로339-35
UMM0208,1,24-N-보어스코프 시각검사장비 구매,물품,총액계약,제한경쟁,적격심사제,Y,국군재정관리단,ZD00303,국군재정관리단,ZD00303,87.995,74983342,75090000,69636364,2024-03-19,11:00:00,개찰완료,65981760,87.995,2024-03-19,정욱,김교욱,김교욱,846-60-00619,"강원특별자치도 원주시 흥업면 북원로1600, 108동 303호 (남원주 두산위브)"
UMM0239,1,(247111-C) 발굴부대 피복(상의) 제조,물품,총액계약,제한경쟁,적격심사제,Y,국군재정관리단,ZD00303,국군재정관리단,ZD00303,87.995,88228712,88235294,81818182,2024-03-19,11:00:00,개찰완료,77650580,88.01,2024-03-19,사)한국장애인문화예술인협회 인쇄사업단,김영명,김재흠,606-82-32359,전북특별자치도 전주시 덕진구 추천로47-28 (팔복동3가)
UMM0196,1,24-N-IC검사기 구매(248064-F),물품,총액계약,일반경쟁,적격심사제,Y,국군재정관리단,ZD00303,국군재정관리단,ZD00303,82.995,366020431,365000000,347936364,2024-03-19,11:00:00,개찰완료,330000000,90.158,2024-03-19,큐텍코리아,조덕래,조덕래,302-03-34315,"대전광역시 유성구 테크노3로 65, 한신에스메카 419호(관평동)"
UMM0214,1,(247121-C) 수술재료2 3종 구매,물품,총액계약,제한경쟁,적격심사제,Y,국군재정관리단,ZD00303,국군재정관리단,ZD00303,87.995,63686257,64136019,59471582,2024-03-19,11:00:00,개찰완료,62539000,98.198,2024-03-19,주식회사 위플메드,조보현,조보현,441-88-01907,대전광역시 중구 대종로550번길5-0 (선화동) 유원오피스텔 1102호
UMM0217,1,(24G004-H)24년 전산장비 유지보수 용역,용역,총액계약,제한경쟁,적격심사제,Y,국군재정관리단,ZD00303,국군재정관리단,ZD00303,87.745,102169534,103127610,115346909,2024-03-19,11:00:00,개찰완료,89787022,87.88,2024-03-19,소성정보기술 주식회사,김금남,김희영,201-86-03701,서울특별시 구로구 공원로11길 33(구로동)
HDF0025,1,24-016  전운대대  기타식자재,물품,총액계약,제한경쟁,적격심사제,Y,공군 제8전투비행단,ZD00185,공군 제8전투비행단,ZD00185,82.995,318447528,320740156,297413600,2024-03-20,11:00:00,개찰완료,266791661,83.778,2024-03-25,주식회사 아이원,최광순,최광순,525-87-00155,강원특별자치도 원주시 흥업면 사제로203-0
HDF0026,1,24-016  전운대대  김치류,물품,총액계약,제한경쟁,적격심사제,Y,공군 제8전투비행단,ZD00185,공군 제8전투비행단,ZD00185,87.995,27567359,27450980,25454545,2024-03-20,11:00:00,개찰완료,24836000,90.092,2024-03-25,구전식품(손가네김치),지용구,지용구,304-98-98776,강원특별자치도 원주시 가매기길17-4 (태장동)
HDQ0016,1,24-POL 제초용역,용역,총액계약,일반경쟁,적격심사제,Y,제20전투비행단,ZD00161,제20전투비행단,ZD00161,87.995,44562535,44117647,40909091,2024-03-20,10:30:00,개찰완료,39227434,88.027,2024-03-20,주식회사 미래파크,하종근,하종근,134-86-65542,대구광역시 북구 검단동로17-15 (검단동)
LCM0008,1,24년 전투실험발전 연구 용역(1),용역,총액계약,2단계경쟁(동시),최저가격제,N,육군교육사령부,1290302,육군교육사령부,1290302,0,47128782,47000000,42727273,2024-03-20,13:00:00,개찰완료,33900000,71.93,2024-03-27,(사)한국전략문제연구소,박정기,박병희,106-82-05842,"서울특별시 용산구 청파로 40, 삼구빌딩 1815호(한강로3가)"
LDH0125,2,(정비) 드릴 등 199종구매,물품,총액계약,제한경쟁,적격심사제,Y,제2879부대,ZD00347,제2879부대,ZD00347,87.995,31844979,31986000,29660091,2024-03-20,13:00:00,개찰완료,28563498,89.695,2024-03-21,이지텍,최준석,최준석,669-04-01034,경상남도 양산시 상북면 소토1길14-0
LDH0313,1,K계열 패드정비기 외주정비 용역,용역,총액계약,제한경쟁,적격심사제,Y,제2879부대,ZD00347,제2879부대,ZD00347,87.745,53468260,53423000,49538182,2024-03-20,13:00:00,개찰완료,47080000,88.052,2024-03-20,정현테크,이인환,이인환,606-05-62662,부산광역시 강서구 대저2동2493
LDH0312,1,K77지휘차 패킹너트 등 14품목 구매,물품,총액계약,제한경쟁,적격심사제,Y,제2879부대,ZD00347,제2879부대,ZD00347,87.995,8436866,8517000,7898432,2024-03-20,13:00:00,개찰완료,7607469,90.169,2024-03-21,디에스테크,김동욱,김동욱,520-78-00366,부산광역시 부산진구 성지로34번길15-0 (연지동) 1층
LDH0318,1,K77지휘차 표시기 등 2품목 구매,물품,총액계약,제한경쟁,적격심사제,Y,제2879부대,ZD00347,제2879부대,ZD00347,87.995,12759045,12734000,11808173,2024-03-20,13:00:00,개찰완료,11362930,89.057,2024-03-21,디에스테크,김동욱,김동욱,520-78-00366,부산광역시 부산진구 성지로34번길15-0 (연지동) 1층
LDH0319,1,K77지휘차 회로카드조립체 구매,물품,총액계약,제한경쟁,적격심사제,Y,제2879부대,ZD00347,제2879부대,ZD00347,87.995,18653658,18617000,17263619,2024-03-20,13:00:00,개찰완료,16476500,88.328,2024-03-21,대아테크,변오석,변오석,607-49-85492,부산광역시 금정구 공단동로41번길10-0 (금사동)
LDH0320,1, K77지휘차 베어링 등 4품목 구매,물품,총액계약,제한경쟁,적격심사제,Y,제2879부대,ZD00347,제2879부대,ZD00347,87.995,7659315,7598000,7046134,2024-03-20,13:00:00,개찰완료,6894000,90.008,2024-03-21,동백상사,신종민,신종민,510-19-17766,부산광역시 부산진구 진사로48번길42 (개금동) A-232호
LDH0325,1,K9자주포 나사등17종 구매,물품,총액계약,제한경쟁,적격심사제,Y,제2879부대,ZD00347,제2879부대,ZD00347,87.995,6651299,6656000,6172450,2024-03-20,13:00:00,개찰완료,5860800,88.115,2024-03-21,삼강운수,정광필,정광필,622-01-59671,부산광역시 중구 충장대로9번길20 (중앙동4가) 701호
LDH0327,1,K9자주포 핀등20종 구매,물품,총액계약,제한경쟁,적격심사제,Y,제2879부대,ZD00347,제2879부대,ZD00347,87.995,7383888,7382000,6845891,2024-03-20,13:00:00,개찰완료,6535000,88.503,2024-03-21,현대정밀가스켓,이의정,이의정,605-45-63500,부산광역시 사상구 가야대로175번길29-0 (감전동)
LDH0256,2,K1전차 봉합재 등 5종 구매,물품,총액계약,제한경쟁,적격심사제,Y,제2879부대,ZD00347,제2879부대,ZD00347,87.995,21605381,21411000,19854414,2024-03-20,13:00:00,개찰완료,19055800,88.199,2024-03-21,우진테크,김우진,김우진,602-18-52099,경상남도 김해시 분성로557번길60-7 (어방동)
LGI0027,1,생수,물품,단가계약,일반경쟁,적격심사제,Y,제3130부대,ZD01109,제3130부대,ZD01109,82.995,340,340,1065232364,2024-03-20,10:30:00,개찰완료,282,82.997,2024-03-20,(주)두원비엔에스(B＆S),권오정,권오정,610-81-71261,울산광역시 북구 명촌16길9-8 (명촌동)
LHQ0012,2,24년 오수처리시설 방류수 수질검사 용역,용역,총액계약,일반경쟁,적격심사제,Y,제6619부대,1290300,제6619부대,1290300,87.745,37787110,37804902,35055455,2024-03-20,10:30:00,개찰완료,33166400,87.771,2024-03-20,영진환경산업(주),하은용,하재민,124-81-17446,"경기도 수원시 권선구 매송고색로634-21 (고색동, 영진환경산업(주))"
LHQ0013,2,24년 토양오염도검사 용역,용역,총액계약,일반경쟁,적격심사제,Y,제6619부대,1290300,제6619부대,1290300,87.745,30194547,30138235,27946364,2024-03-20,10:30:00,개찰완료,26502500,87.772,2024-03-20,재단법인 케이라인환경기술원,이현채,이현채,562-82-00601,광주광역시 광산구 평동금곡길39(연산동)
LKP0054,2,24년 통신장비 외주정비 용역(부산/경남),용역,총액계약,제한경쟁,적격심사제,Y,제6335부대,Z006123,제6335부대,Z006123,87.745,3436923,3472910,3157191,2024-03-20,11:00:00,개찰완료,3050000,88.742,2024-03-20,(주)한라씨앤씨,정승웅,정승웅,606-86-14757,"부산광역시 사상구 광장로20번길58-16 (괘법동)1동 2층 203호,205호"
LKP0078,1,24년 2분기 부대계약부식(빵-23종) 제조/구매,물품,총액계약,일반경쟁,적격심사제,Y,제6335부대,Z006123,제6335부대,Z006123,82.995,810703212,802049674,729136067,2024-03-20,10:30:00,개찰완료,673561316,83.083,2024-03-20,이엠미트,임은미,임은미,714-30-01158,부산광역시 강서구 대저중앙로172번길49-0 (대저1동)
LNR0010,1,24년 생활폐기물 처리 용역,용역,총액계약,제한경쟁,적격심사제,Y,수도기계화보병사단,ZD00361,수도기계화보병사단,ZD00361,84.245,142841237,141750000,128863636,2024-03-20,11:00:00,개찰완료,120900000,84.639,2024-03-20,미래종합환경,임효원,임효원,703-03-01147,경기도 남양주시 별내중앙로30-0 (별내동) 305-914
LNS0025,1,24년 실내사격장 방호방탄 개폐장치 구매ㆍ설치,물품,총액계약,일반경쟁,적격심사제,Y,제5708부대,ZD00095,제5708부대,ZD00095,82.995,246433947,247950000,225409091,2024-03-20,11:00:00,개찰완료,204534470,82.997,2024-03-20,핀토스아이엔씨,김현택,김현택,246-04-01170,경기도 파주시 탄현면 헤이리마을길93-143
MDG0076,1,24년 의무장비(시약 및 약품냉장고 대형) 구매,물품,총액계약,제한경쟁,적격심사제,Y,국군의무사령부,1290291,국군의무사령부,1290291,87.995,8479161,8452500,7840909,2024-03-20,11:00:00,개찰완료,7461563,87.998,2024-03-20,케레스,하상일,하상일,109-08-97211,경기도 김포시 고촌읍 고송로8-0
MDG0075,1,24년 의무장비(청력계 임피던스) 구매,물품,총액계약,제한경쟁,적격심사제,Y,국군의무사령부,1290291,국군의무사령부,1290291,87.995,21712658,21952000,20363636,2024-03-20,11:00:00,개찰완료,21622720,99.585,2024-03-20,피엔케이메디칼 주식회사,김민균,김민균,654-86-02264,"경기도 군포시 산본로323번길7-0, 401호 (산본동, 금성프라자빌딩)"
MDG0074,1,24년 취사장 청소 용역,용역,총액계약,제한경쟁,적격심사제,Y,국군의무사령부,1290291,국군의무사령부,1290291,87.995,30821090,30870000,28636364,2024-03-20,11:00:00,개찰완료,27125900,88.01,2024-03-20,주식회사 최고의환한미소,최환,정상섭,121-86-27367,"인천광역시 미추홀구 수봉남로24번길74-0, 1층 (용현동)"
SCF0211,2,나사  캡식 6각 머리형 등 13품목,물품,총액계약,제한경쟁,적격심사제,Y,해군군수사령부,ZD00289,해군군수사령부,ZD00289,87.995,42166819,42000000,38949645,2024-03-20,10:30:00,개찰완료,37104807,87.995,2024-03-20,해피 스마일,장인선,장인선,107-33-63487,"서울특별시 중랑구 겸재로99-9, 403호(면목동, 삼성프라임)"
SCF0247,1,잠수함(SS-I) 유압모터 등 3종 정비,물품,총액계약,일반경쟁,적격심사제,Y,해군군수사령부,ZD00289,해군군수사령부,ZD00289,82.995,31840394,32000000,30751818,2024-03-20,10:30:00,개찰완료,27030529,84.893,2024-03-20,풍양중전기산업,조현철,김연숙,129-17-72706,"경기도 성남시 중원구 광명로89, 에이557호(성남동, 성남 센트럴 푸르지오 시티)"
SCF0244,1,디스플레이 유닛 27EA 구매,물품,총액계약,제한경쟁,적격심사제,Y,해군군수사령부,ZD00289,해군군수사령부,ZD00289,87.995,174865182,174000000,161687487,2024-03-20,10:30:00,개찰완료,158800000,90.812,2024-03-20,일용상사,권윤주,권윤주,215-42-01090,경상남도 창원시 의창구 북면 동곡로35-0 (창원무동휴먼빌아파트(2단지)) 205-804
SCF0248,1,디스플레이 유닛 등 2종 구매,물품,총액계약,제한경쟁,적격심사제,Y,해군군수사령부,ZD00289,해군군수사령부,ZD00289,87.995,68599085,69000000,64172696,2024-03-20,10:30:00,개찰완료,61220795,89.244,2024-03-20,여경,여경숙,여경숙,828-08-02794,"경상북도 포항시 북구 칠성천길40, 4층 -110(죽도동)"
SCF0249,1,호스 비금속제 등 30종 구매,물품,총액계약,제한경쟁,적격심사제,Y,해군군수사령부,ZD00289,해군군수사령부,ZD00289,87.995,77482767,77900000,72312091,2024-03-20,10:30:00,개찰완료,68187260,88.003,2024-03-20,인플러스,김정인,김정인,862-01-03284,"대구광역시 달서구 상원로1길13, 302호(상인동)"
SCF0261,1,24년 잠수함 상가대 외주정비,물품,총액계약,일반경쟁,적격심사제,Y,해군군수사령부,ZD00289,해군군수사령부,ZD00289,82.995,1717671629,1737000000,1674926364,2024-03-20,10:30:00,개찰완료,1449690000,84.398,2024-03-20,주식회사종합해사,최진익,백승열,601-81-08293,부산광역시 영도구 남항남로22-0 (남항동3가)
SCF0243,1,(긴급) 노즐  연료 분사용 등 84종,물품,총액계약,제한경쟁,적격심사제,Y,해군군수사령부,ZD00289,해군군수사령부,ZD00289,87.995,182796345,181967000,176994545,2024-03-20,10:30:00,개찰완료,160852980,87.995,2024-03-20,다은컴퍼니,국다은,국다은,614-71-00487,"인천광역시 미추홀구 낙섬동로134, 102동 2602호(용현동, 용현자이크레스트)"
SCF0245,1,(긴급) 등  선박항해용 등 4종,물품,총액계약,제한경쟁,적격심사제,Y,해군군수사령부,ZD00289,해군군수사령부,ZD00289,87.995,16043809,15917000,14760000,2024-03-20,10:30:00,개찰완료,14118379,87.998,2024-03-20,주식회사 경동기공,김동조,박정례,609-81-34892,경상남도 김해시 진영읍 하계로232-27
SCF0246,1,(긴급) 밸브  글로브형 등 27종,물품,총액계약,제한경쟁,적격심사제,Y,해군군수사령부,ZD00289,해군군수사령부,ZD00289,87.995,85742516,85825000,86511727,2024-03-20,10:30:00,개찰완료,75450000,87.996,2024-03-20,나연,김나연,김나연,630-40-01086,인천광역시 서구 청라한내로72번길1307호
SCF0252,1,24-보-일반폐기물(기타잡류 등 6종) 처리용역,용역,총액계약,제한경쟁,적격심사제,Y,해군군수사령부,ZD00289,해군군수사령부,ZD00289,84.245,139188054,139344000,129210000,2024-03-20,10:30:00,개찰완료,117578760,84.474,2024-03-20,주식회사 케이비아이국인산업,시명권,정재엽,508-81-05677,경상북도 구미시 3공단3로 46-79()
SCF0255,1,팥빙수(빙과류),물품,단가계약,제한경쟁,적격심사제,Y,해군군수사령부,ZD00289,해군군수사령부,ZD00289,87.995,1747,1730,36262727,2024-03-20,10:30:00,개찰완료,1539,88.063,2024-03-20,거제축산물급식센터 주식회사,이정미,윤은영,351-88-02812,경상남도 거제시 수양로210 (양정동)
SCF0256,1,찹쌀떡 아이스크림,물품,단가계약,제한경쟁,적격심사제,Y,해군군수사령부,ZD00289,해군군수사령부,ZD00289,87.995,1041,1039,31510909,2024-03-20,10:30:00,개찰완료,916,88.003,2024-03-20,주식회사 푸드앤하우스,김형석,김형석,398-88-01020,경상남도 양산시 평산회야로9-2(평산동)
SCF0258,1,떠먹는 발효유(발효유류),물품,단가계약,제한경쟁,적격심사제,Y,해군군수사령부,ZD00289,해군군수사령부,ZD00289,87.995,546,549,36145455,2024-03-20,10:30:00,개찰완료,481,88,2024-03-20,지지그린 주식회사,이석환,이석환,426-81-02698,경상남도 함안군 군북면 삼봉로52-1
SCF0260,1,마시는 발효유(발효유류),물품,단가계약,제한경쟁,적격심사제,Y,해군군수사령부,ZD00289,해군군수사령부,ZD00289,87.995,1049,1049,34920909,2024-03-20,10:30:00,개찰완료,924,88.035,2024-03-20,태양이엔지 주식회사,박준희,김진희,615-81-68228,경상남도 밀양시 중앙로 129()
SCF0262,1,짜먹는 발효유(발효유류),물품,단가계약,제한경쟁,적격심사제,Y,해군군수사령부,ZD00289,해군군수사령부,ZD00289,87.995,345,343,22845455,2024-03-20,10:30:00,개찰완료,304,88.078,2024-03-20,행복유통,이윤영,강문정,822-01-01522,경상남도 창원시 진해구 태평로48번길2-0 (태평동)1층
SCF0263,1,떠먹는 토핑형 발효유(발효유류),물품,단가계약,제한경쟁,적격심사제,Y,해군군수사령부,ZD00289,해군군수사령부,ZD00289,87.995,1060,1059,35247273,2024-03-20,10:30:00,개찰완료,933,88.025,2024-03-20,진해식자재마트,박종열,황의례,665-12-01338,경상남도 창원시 진해구 조천북로76-0 (경화동)
SCF0264,1,과일푸딩(캔디류),물품,단가계약,제한경쟁,적격심사제,Y,해군군수사령부,ZD00289,해군군수사령부,ZD00289,87.995,547,549,21840000,2024-03-20,10:30:00,개찰완료,482,88.049,2024-03-20,태산,김소영,김소영,628-24-01759,경상남도 양산시 덕계로80-0 (덕계동)
SCF0265,1,워터젤리(과채음료  혼합음료  캔디류),물품,단가계약,제한경쟁,적격심사제,Y,해군군수사령부,ZD00289,해군군수사령부,ZD00289,87.995,861,863,34320000,2024-03-20,10:30:00,개찰완료,758,88.055,2024-03-20,로아푸드,강이경,강이경,704-44-00988,"경상남도 창원시 진해구 용원중로25번길6-19 (용원동), 101호"
SCF0266,2,초콜릿(초콜릿 가공품류),물품,단가계약,제한경쟁,적격심사제,Y,해군군수사령부,ZD00289,해군군수사령부,ZD00289,87.995,628,627,24960000,2024-03-20,10:30:00,개찰완료,553,88.064,2024-03-20,주식회사 푸드앤하우스,김형석,김형석,398-88-01020,경상남도 양산시 평산회야로9-2(평산동)
SCF0257,1,(긴급)스위치 유닛 전력전달용 등 10종,물품,총액계약,제한경쟁,적격심사제,Y,해군군수사령부,ZD00289,해군군수사령부,ZD00289,87.995,96347478,96078000,90906364,2024-03-20,10:30:00,개찰완료,90313320,93.737,2024-03-20,일용상사,권윤주,권윤주,215-42-01090,경상남도 창원시 의창구 북면 동곡로35-0 (창원무동휴먼빌아파트(2단지)) 205-804
SFG0039,1,24-K-이동식 화장실 임차 용역,용역,총액계약,제한경쟁,적격심사제,Y,제9181부대,ZD00151,제9181부대,ZD00151,87.745,76862586,77518000,71909091,2024-03-20,10:30:00,개찰완료,69199990,90.03,2024-03-20,고은상사,김진웅,김진웅,127-28-70993,경기도 동두천시 평화로2349번길8-9 (생연동)
SFN0024,1,24-Y-부대조달부식(면류  빵류  식육  어육) 구매납품,물품,총액계약,일반경쟁,적격심사제,Y,연평부대,ZD00160,연평부대,ZD00160,82.995,480006494,476212740,441579091,2024-03-20,10:30:00,개찰완료,398386950,82.996,2024-03-20,(주)해도식품,이종순,이기창,417-81-38270,전라남도 여수시 국동남8길10(국동)
UAC0008,1,인쇄재료 80종 수시 구매,물품,총액계약,제한경쟁,적격심사제,Y,국방출판지원단,ZD00908,국방출판지원단,ZD00908,87.995,44850386,44335000,41127127,2024-03-20,11:00:00,개찰완료,39479074,88.023,2024-03-20,모아상사,최중강,최중강,309-18-61646,인천광역시 미추홀구 인하로129(용현동)
UMM0207,1,24-M-교육훈련장 예초용역,용역,총액계약,제한경쟁,적격심사제,Y,국군재정관리단,ZD00303,국군재정관리단,ZD00303,87.995,79542798,78700000,72979545,2024-03-20,11:00:00,개찰완료,69999880,88.002,2024-03-20,어울림 조경,진영권,진영권,663-16-00253,"경기도 화성시 비봉면 양노로74, 104호"
UMM0227,1,(24F041-A) 식자재 민간위탁 배송용역,용역,총액계약,일반경쟁,적격심사제,Y,국군재정관리단,ZD00303,국군재정관리단,ZD00303,82.995,643756952,647605720,620001236,2024-03-20,11:00:00,개찰완료,624939520,97.076,2024-03-25,동원로엑스 주식회사,박성순,전현주,120-87-62427,서울특별시 서초구 마방로68-0 (양재동) 동원산업빌딩
UMM0210,1,24-N-구명구  조끼형(MK-15W)구매,물품,총액계약,제한경쟁,적격심사제,Y,국군재정관리단,ZD00303,국군재정관리단,ZD00303,87.995,63125547,63080000,58500000,2024-03-20,11:00:00,개찰완료,55557200,88.01,2024-03-20,주식회사 에프엔서플라이,박재성,조진환,846-81-02102,"경기도 고양시 덕양구 꽃내음1길94 (향동동), 상가1층"
UMM0218,1,(24F055-A) 일반폐기물 처리 용역,용역,총액계약,일반경쟁,적격심사제,Y,국군재정관리단,ZD00303,국군재정관리단,ZD00303,80.495,414738512,414814400,395696364,2024-03-20,11:00:00,개찰완료,335006000,80.775,2024-03-20,이도에코오산 주식회사,박성진,장필요,124-87-14169,경기도 오산시 황새로149번길55-0 (누읍동)
UMM0204,1,24-N-트랙터형 제초기 구매,물품,총액계약,일반경쟁,적격심사제,Y,국군재정관리단,ZD00303,국군재정관리단,ZD00303,82.995,256800930,254900000,236363618,2024-03-20,11:00:00,개찰완료,214087670,83.367,2024-03-20,대호컴퍼니,김예슬,김예슬,685-03-01723,"인천광역시 계양구 작전시장로19번길6-2, 302호"
UMM0225,1,24-D-SALS-K 탄약 수송용역,용역,총액계약,일반경쟁,적격심사제,Y,국군재정관리단,ZD00303,국군재정관리단,ZD00303,77.995,1450833483,1470600000,1363647573,2024-03-20,11:00:00,개찰완료,1198539000,82.61,2024-03-20,대신로지스틱스 주식회사,양임석,백성열,206-81-74680,"서울특별시 송파구 오금로46길5-0 (가락동, 보성빌딩) 3층"
UMM0203,1,24-N-선박강습사다리용 세트 등 2종 구매,물품,총액계약,일반경쟁,적격심사제,Y,국군재정관리단,ZD00303,국군재정관리단,ZD00303,82.995,564985812,560520000,519760000,2024-03-20,11:00:00,개찰완료,468918225,82.996,2024-03-20,주식회사진도아이비에스,강상호,이소영,548-88-00586,강원특별자치도 춘천시 퇴계공단1길51-0 (퇴계동) 1층
UMM0209,1,24-N-해군 체력단련장 비료 구매,물품,총액계약,제한경쟁,적격심사제,Y,국군재정관리단,ZD00303,국군재정관리단,ZD00303,87.995,147201399,146390000,154120482,2024-03-20,11:00:00,개찰완료,129535450,87.998,2024-03-20,엔씨솔루션,이상석,이상석,414-02-64717,"경기도 광명시 오리로651번길8, 1621호(하안동)"
UMM0212,1,24-F-시험세트 응답기 세트용 구매,물품,총액계약,일반경쟁,적격심사제,Y,국군재정관리단,ZD00303,국군재정관리단,ZD00303,82.995,294362718,293510000,272165409,2024-03-20,11:00:00,개찰완료,267674000,90.933,2024-03-20,주식회사 알앤엠텍,김상식,이동주,654-88-00940,"서울특별시 영등포구 여의대방로67길22, 602호(여의도동, 태양빌딩)"
UMM0231,1,(247024-E) 방사선장비운영소모품 14품목 구매,물품,총액계약,제한경쟁,적격심사제,Y,국군재정관리단,ZD00303,국군재정관리단,ZD00303,87.995,211199594,210292050,194998091,2024-03-20,11:00:00,개찰완료,185847740,87.996,2024-03-20,스토리,이지연,이지연,291-15-01666,대전광역시 유성구 봉명로16 (원신흥동)1109동 1505호
UMM0234,1,(246081-C) 하계 대테러복 등 6종 제조,물품,총액계약,제한경쟁,적격심사제,Y,국군재정관리단,ZD00303,국군재정관리단,ZD00303,87.995,272097036,272732519,252897427,2024-03-20,11:00:00,개찰완료,239487000,88.015,2024-03-20,동선,김현태,김민정,204-07-24369,경기도 남양주시 화도읍 비룡로379번길19-11
UMM0232,1,(247062-E) 수술재료(6) 2종 구매,물품,총액계약,제한경쟁,적격심사제,Y,국군재정관리단,ZD00303,국군재정관리단,ZD00303,87.995,152506465,152104800,142000000,2024-03-20,11:00:00,개찰완료,134198520,87.995,2024-03-20,지엔씨홀딩스,김미자,김미자,680-55-00747,"인천광역시 미추홀구 인하로299번길14, 가동 501호(주안동, 아주아파트)"
UMM0202,1,24-D-체력단련장 경기도우미 피복 제조,물품,총액계약,제한경쟁,적격심사제,Y,국군재정관리단,ZD00303,국군재정관리단,ZD00303,87.995,125885269,125350000,119901818,2024-03-20,11:00:00,개찰완료,110865800,88.068,2024-03-20,섬진실업,조용만,조용만,130-34-78032,"경기도 부천시 원미구 옥산로162번길56, 지층(도당동)"
UMM0233,1,24-N-영구보존기록물 DB 구축,용역,총액계약,제한경쟁,적격심사제,Y,국군재정관리단,ZD00303,국군재정관리단,ZD00303,85.495,402439188,402140000,372896364,2024-03-20,11:00:00,개찰완료,344916600,85.706,2024-03-20,(주)데이터클립,송귀섭,박승진,105-87-62087,"서울특별시 금천구 가산디지털1로145,12층 1207호(에이스하이엔드타워3차)"
EBB0006,1,시동기,물품,총액계약,제한경쟁,적격심사제,Y,방위사업청,1690000,방위사업청,1690000,,207457277,208158000,0,2024-03-21,11:00:00,개찰완료,183000000,88.21,2024-03-21,주식회사 동성전기,김상완,박효진,622-81-06986,경상남도 김해시 진영읍 서부로123번길 18()
HDP0005,1,공군 제19전투비행단 병사식당 급식 민간위탁 운영,용역,총액계약,협상에의한계약(서류),협상,N,공군제19전투비행단,ZD00189,공군제19전투비행단,ZD00189,,43803745000,,39821586364,2024-03-21,11:00:00,개찰완료,43803745000,100,2024-03-25,주식회사 동원홈푸드,정문목,이권민,312-81-25280,"서울특별시 서초구 마방로68(양재동, 동원산업빌딩)"
HDQ0004,1,공군 제20전투비행단 병사식당 민간위탁 용역,용역,총액계약,협상에의한계약(서류),협상,N,제20전투비행단,ZD00161,제20전투비행단,ZD00161,,42705000000,,38822727273,2024-03-21,11:00:00,개찰완료,42705000000,100,2024-03-22,(주)아워홈,구미현,변승재,107-81-76324,서울특별시 강서구 마곡중앙10로91(마곡동)
LBA0029,1,‘24년 부대조달 후식(음료 10품목) 구매,물품,총액계약,일반경쟁,적격심사제,Y,제2167부대,ZD00053,제2167부대,ZD00053,82.995,2419075631,2396134636,2178304215,2024-03-21,10:30:00,개찰완료,2008125200,83.012,2024-03-21,주식회사 신라명과,박창훈,강윤구,123-81-12055,경기도 안양시 만안구 덕천로72번길30 (안양동)
LCF0023,1,화물결박용 밴드 1항목 구매(물자),물품,총액계약,제한경쟁,적격심사제,Y,육군군수사령부,1290307,육군군수사령부,1290307,87.995,19495201,19550000,26939273,2024-03-21,11:00:00,개찰완료,17154836,87.995,2024-03-21,마켓에서 (from MARKET),김민기,김민기,242-27-01110,"제주특별자치도 제주시 애월읍 항몽로36, 201호(가온 2차)"
LDH0328,1,(항공) UH-60 오링 등 4종 구매,물품,총액계약,제한경쟁,적격심사제,Y,제2879부대,ZD00347,제2879부대,ZD00347,87.995,23064164,22959000,21290000,2024-03-21,13:00:00,개찰완료,22081950,95.741,2024-03-21,오큐솔루션,박혜준,정진권,812-67-00328,"서울특별시 금천구 가산디지털2로98, 1동 11층 1102,1103호(가산동, IT캐슬)"
LGI0028,1,갈릭크로와상 등 49종,물품,단가계약,제한경쟁,적격심사제,Y,제3130부대,ZD01109,제3130부대,ZD01109,82.995,792834,794618,909870864,2024-03-21,10:30:00,개찰완료,658057,83,2024-03-21,주식회사 멀티열린세상,주영철,주영철,161-81-00018,"경기도 광명시 광명로786번길4 (광명동),301호"
LGI0029,1,통치즈돈가스 등 11종,물품,단가계약,제한경쟁,적격심사제,Y,제3130부대,ZD01109,제3130부대,ZD01109,82.995,224032,223957,350487400,2024-03-21,10:30:00,개찰완료,185940,82.996,2024-03-21,주식회사 그린아이에스,박옥경,문신혜,606-88-00354,"대구광역시 동구 안심로16길47, 6층 609호(율하동, 율하동 타임스퀘어)"
LKS0029,1,무공훈장 찾아주기 사업 홍보영상 및 음원제작 용역,용역,총액계약,2단계경쟁(동시),최저가격제,N,육군인사사령부,ZD00788,육군인사사령부,ZD00788,0,39102909,39215686,36363636,2024-03-21,15:00:00,개찰완료,32900000,84.136,2024-03-21,주식회사 명인터미디어,명순석,명순석,748-88-02622,서울특별시 마포구 모래내로3길11-0 (성산동) 상암미르웰한올림 211호
LMU0016,1,탄산음료,물품,단가계약,일반경쟁,적격심사제,Y,6112부대,ZD01187,6112부대,ZD01187,82.995,3557,3553,957430182,2024-03-21,11:00:00,개찰완료,2953,82.999,2024-03-21,주식회사 다다,강은숙,윤다슬,464-81-00988,"경기도 고양시 덕양구 통일로140-0 (동산동), 삼송테크노밸리 B동 231호"
SCF0270,1,00함 윤활유 엔진용 구매,물품,총액계약,제한경쟁,적격심사제,Y,해군군수사령부,ZD00289,해군군수사령부,ZD00289,87.995,156483694,157000000,145650909,2024-03-21,10:30:00,개찰완료,138290299,88.373,2024-03-21,센텀루브 주식회사,오기상,오기상,398-88-01388,"부산광역시 해운대구 센텀동로9(우동, 트럼프월드센텀) 씨동, 1402호"
SCF0268,1,합판 항공기용 평면패널용 3EA 구매,물품,총액계약,제한경쟁,적격심사제,Y,해군군수사령부,ZD00289,해군군수사령부,ZD00289,87.995,32779965,33000000,30600000,2024-03-21,10:30:00,개찰완료,31925940,97.394,2024-03-21,주식회사턴온전자,송수복,팽정선,602-81-56949,경상남도 김해시 진례면 테크노밸리길161-43
SCF0267,1,전화교환대군 등 2종 구매,물품,총액계약,제한경쟁,적격심사제,Y,해군군수사령부,ZD00289,해군군수사령부,ZD00289,87.995,14934816,15000000,14542215,2024-03-21,10:30:00,개찰완료,14700000,98.427,2024-03-21,동진상사,윤영현,윤영현,221-06-97424,"경기도 평택시 평택5로34번길48, 402호(합정동)"
SCF0269,1,오-링 등 30종 구매,물품,총액계약,제한경쟁,적격심사제,Y,해군군수사령부,ZD00289,해군군수사령부,ZD00289,87.995,189943673,190000000,176562273,2024-03-21,10:30:00,개찰완료,167238000,88.046,2024-03-21,조강테크,조재만,조재만,737-10-00061,부산광역시 사상구 가야대로196번길63 1층 (학장동)
SFG0037,1,복사용지 및 제빙기 필터 세트 구매,물품,총액계약,제한경쟁,적격심사제,Y,제9181부대,ZD00151,제9181부대,ZD00151,87.995,27906097,27717600,25701818,2024-03-21,10:30:00,개찰완료,24556199,87.995,2024-03-21,탑플러스 유통,김춘미,김춘미,307-53-00284,"경기도 의정부시 녹양로18번길19-11 , 1층1호(가능동)"
UMM0082,2,(24F052-A) 자동화창고 유지관리 용역,용역,총액계약,일반경쟁,적격심사제,Y,국군재정관리단,ZD00303,국군재정관리단,ZD00303,87.745,169667831,168674500,156407273,2024-03-21,11:00:00,개찰완료,153363200,90.39,2024-03-21,주식회사 이엠피,윤종성,윤종성,609-86-11763,경상남도 창원시 의창구 동읍 자여로115번길17-0
UMM0143,1,24-F-리프트  자동차용(4주식)구매,물품,총액계약,제한경쟁,적격심사제,Y,국군재정관리단,ZD00303,국군재정관리단,ZD00303,87.995,125656517,125710000,116573400,2024-03-21,11:00:00,개찰완료,110572600,87.995,2024-03-21,그레이브즈,김명건,김명건,251-32-01476,"인천광역시 연수구 원인재로14-0 (동춘동, 무지개마을) 111동 1층 103호"
UMM0226,1,24-N-펌프  공수식 12EA 구매(248009-F),물품,총액계약,일반경쟁,적격심사제,Y,국군재정관리단,ZD00303,국군재정관리단,ZD00303,82.995,311094234,308820000,286363636,2024-03-21,11:00:00,개찰완료,258229800,83.006,2024-03-21,삼일앨엔에스,손용익,손용익,602-18-64668,"경기도 안양시 동안구 관악대로249번길11, 2층 201호 (비산동)"
EBB0008,1,호스류,물품,총액계약,제한경쟁,적격심사제,Y,방위사업청,1690000,방위사업청,1690000,,105171473,104886000,0,2024-03-22,11:00:00,개찰완료,92635300,88.08,2024-03-22,원일종합상사,김종화,김종화,605-44-63236,부산광역시 사상구 사상로51-0 (주례동)
EBB0009,1,탐지기  감지기류,물품,총액계약,제한경쟁,적격심사제,Y,방위사업청,1690000,방위사업청,1690000,,69252948,68930000,0,2024-03-22,11:00:00,개찰완료,60952700,88.014,2024-03-22,진해공업,김재원,김재원,608-14-66967,경상남도 김해시 한림면 김해대로916번길54-42
LCN0009,1,생도식당 민간위탁급식 용역,용역,총액계약,협상에의한계약(전자),협상,N,육군사관학교,1290305,육군사관학교,1290305,,12720000000,,11563636364,2024-03-22,10:00:00,개찰완료,12720000000,100,2024-04-10,삼성웰스토리 주식회사,정해린,김재겸,104-86-51732,경기도 성남시 분당구 구미로8-0 (구미동)
LDH0335,1,(정비) 방한장갑 등 10종구매,물품,총액계약,제한경쟁,적격심사제,Y,제2879부대,ZD00347,제2879부대,ZD00347,87.995,13616752,13727000,12729045,2024-03-22,13:00:00,개찰완료,12027000,88.325,2024-03-22,주식회사 구정,최정혜,최정혜,226-81-37092,강원특별자치도 강릉시 구정면 모산로169번길 141()
LDH0337,1,통신 트랜지스터 등 3종 구매,물품,총액계약,제한경쟁,적격심사제,Y,제2879부대,ZD00347,제2879부대,ZD00347,87.995,7079683,7057000,6544182,2024-03-22,13:00:00,개찰완료,6810000,96.19,2024-03-22,모아컴,이상주,이상주,217-15-72222,서울특별시 송파구 양산로12 (거여동) 세신거여훼미리타운 303호
MDG0079,1,24년 의무장비(청력계 자동식 병원용) 구매,물품,총액계약,제한경쟁,적격심사제,Y,국군의무사령부,1290291,국군의무사령부,1290291,87.995,40408201,40180000,37272727,2024-03-22,11:00:00,개찰완료,39778200,98.44,2024-03-22,피엔케이메디칼 주식회사,김민균,김민균,654-86-02264,"경기도 군포시 산본로323번길7-0, 401호 (산본동, 금성프라자빌딩)"
MDG0083,1,24년 의무장비(세균배양기 일반용) 구매,물품,총액계약,제한경쟁,적격심사제,Y,국군의무사령부,1290291,국군의무사령부,1290291,87.995,4050468,4053280,3760000,2024-03-22,11:00:00,개찰완료,4040000,99.741,2024-03-22,동명상사,김명희,김명희,123-25-65274,"경기도 군포시 금정로11, 203호(금정동)"
MDG0084,1,24년 의무장비(미생물검사기 자동식) 구매,물품,총액계약,제한경쟁,적격심사제,Y,국군의무사령부,1290291,국군의무사령부,1290291,87.995,3212217,3234000,3000000,2024-03-22,11:00:00,개찰완료,2828314,88.048,2024-03-22,씨에이치에이,오재숙,오재숙,598-20-00408,경기도 김포시 고촌읍 장차로13-0
MDG0085,1,24년 의무장비(냉찜질기) 구매,물품,총액계약,제한경쟁,적격심사제,Y,국군의무사령부,1290291,국군의무사령부,1290291,87.995,684510,686000,636364,2024-03-22,11:00:00,개찰완료,679000,99.195,2024-03-22,주식회사 칼라투,김보민,김보민,222-81-35447,"경기도 고양시 덕양구 중앙로558번길16-16, 308-A호(행신동, 능곡종합프라자)"
MDG0086,1,24년 의무장비(소독물품 포장기) 구매,물품,총액계약,일반경쟁,적격심사제,Y,국군의무사령부,1290291,국군의무사령부,1290291,87.995,12014760,12000000,10909091,2024-03-22,11:00:00,개찰완료,10572490,87.995,2024-03-22,주식회사 복은,김령은,김령은,616-86-28355,"경상남도 창원시 진해구 용원북로17번길15-0 (용원동, 가온빌 101호)"
MDG0087,1,24년 의무장비(파라핀수욕조) 구매,물품,총액계약,제한경쟁,적격심사제,Y,국군의무사령부,1290291,국군의무사령부,1290291,87.995,34031976,34500000,31363636,2024-03-22,11:00:00,개찰완료,30048930,88.296,2024-03-22,킴스헬스케어,박향미,박향미,123-33-82910,"경기도 군포시 번영로497-0 (산본동, 금화프라자) 502호"
MDJ0011,1,의무장비(청력검사실/이비인후과),물품,총액계약,일반경쟁,적격심사제,Y,국군대전병원,ZD00241,국군대전병원,ZD00241,87.995,14311427,14215680,13181818,2024-03-22,10:30:00,개찰완료,12594680,88.004,2024-03-22,서연컴퍼니주식회사,김세연,김세연,290-88-01482,"경기도 김포시 봉화로13,  530호 (사우동)"
MDJ0010,1,의무장비(청력검사실/검진센터),물품,총액계약,일반경쟁,적격심사제,Y,국군대전병원,ZD00241,국군대전병원,ZD00241,87.995,7648715,7647050,7090909,2024-03-22,10:30:00,개찰완료,6731558,88.009,2024-03-22,창성,박은미,박은미,282-51-00977,"강원특별자치도 원주시 세계로5, YD프라자 {203-02호}(반곡동)"
UMM0241,1,24-F-오폐수처리시설 관리용역,용역,총액계약,일반경쟁,적격심사제,Y,국군재정관리단,ZD00303,국군재정관리단,ZD00303,85.495,295051584,295420000,273935518,2024-03-22,11:00:00,개찰완료,252699700,85.645,2024-03-22,주흥환경 주식회사,이길재,정미나,135-81-29393,"경기도 수원시 영통구 신원로304 (원천동) 3동 5층 5-505, 506호"
UMM0224,1,24-D-인쇄용지 5종 연간 구매,물품,총액계약,일반경쟁,적격심사제,Y,국군재정관리단,ZD00303,국군재정관리단,ZD00303,82.995,1321166993,1319290000,1223349091,2024-03-22,11:00:00,개찰완료,1097073918,83.038,2024-03-22,매쉬미디어(주),김문선,전예슬,128-86-73106,서울특별시 마포구 양화로183-0 (동교동) 효성홍익인간오피스텔 14층 1412호
UMM0230,1,24-F-5갱모어 등 6종 구매(249054-F),물품,총액계약,일반경쟁,적격심사제,Y,국군재정관리단,ZD00303,국군재정관리단,ZD00303,82.995,644396964,645540000,598600000,2024-03-22,11:00:00,개찰완료,550000000,85.351,2024-03-22,보라통상 주식회사,박유용,이인복,119-81-02844,"경기도 용인시 기흥구 흥덕중앙로 120, 유-타워 3013호(영덕동)"
UMM0235,1,24-F-왕복식 압축기 유니트 구매,물품,총액계약,일반경쟁,적격심사제,Y,국군재정관리단,ZD00303,국군재정관리단,ZD00303,82.995,274224040,275000000,285115455,2024-03-22,11:00:00,개찰완료,227638271,83.011,2024-03-22,주식회사 경기방재,최대현,유현진,127-81-68793,경기도 의정부시 의정로110번길 15()
UMM0220,1,24-F-동정압 교정장치 구매,물품,총액계약,제한경쟁,적격심사제,Y,국군재정관리단,ZD00303,국군재정관리단,ZD00303,87.995,70872212,71170000,66000000,2024-03-22,11:00:00,개찰완료,62367623,88,2024-03-22,도담,김은숙,김은숙,142-34-00857,"경기도 남양주시 다산지금로146번길67, 7405동 804호 (다산동, 다산 반도유보라 메이플타운 2.0)"
EHF0002,1,니켈-수소전지  충전용(BB-96K),물품,총액계약,제한경쟁,적격심사제,Y,방위사업청,1690000,방위사업청,1690000,,213740468,212875000,0,2024-03-25,11:00:00,개찰완료,188180000,88.041,2024-03-25,주식회사 엘사이드,김한샘,김용철,490-87-02497,"경기도 성남시 분당구 판교로700, 제디동 206호(야탑동, 분당테크노파크)"
HDQ0023,1,20비 24-62 싱크대 세트,물품,총액계약,일반경쟁,적격심사제,Y,제20전투비행단,ZD00161,제20전투비행단,ZD00161,87.995,219052970,218012000,202156364,2024-03-25,10:30:00,개찰완료,192760000,87.996,2024-03-25,협진,서소영,서소영,137-16-47991,경기도 김포시 대곶면 학의동로34번길97-41
HDQ0024,1,24-공동외곽지역 제초용역,용역,총액계약,일반경쟁,적격심사제,Y,제20전투비행단,ZD00161,제20전투비행단,ZD00161,87.995,338518033,337827630,317297273,2024-03-25,11:00:00,개찰완료,297890030,87.998,2024-03-25,주식회사태우조경,황연숙,황연숙,873-86-00509,"강원특별자치도 춘천시 소양강로10, 비엔아이 지식산업센터 523호(후평동)"
HDQ0025,1,20비 24-통합간부식당 식자재(축산품),물품,총액계약,일반경쟁,적격심사제,Y,제20전투비행단,ZD00161,제20전투비행단,ZD00161,82.995,192435344,191875000,231284273,2024-03-25,11:00:00,개찰완료,159966000,83.127,2024-03-25,주식회사 프라임푸드시스템,허두임,허두임,874-86-00268,경상남도 창원시 진해구 안골로285번길12-1 (안골동)
LKP0064,1,액화석유가스,물품,단가계약,일반경쟁,적격심사제,Y,제6335부대,Z006123,제6335부대,Z006123,82.995,1680,1682,1547091573,2024-03-25,11:00:00,개찰완료,1414,84.121,2024-03-25,(주)금성가스,김태훈,김지한,411-81-02492,전라남도 목포시 삼학로162(산정동)
LKP0065,1,액화석유가스,물품,단가계약,일반경쟁,적격심사제,Y,제6335부대,Z006123,제6335부대,Z006123,82.995,1614,1636,1054861875,2024-03-25,11:00:00,개찰완료,1361,84.301,2024-03-25,유한회사 전주에너지,임성훈,최덕곤,402-81-50286,전북특별자치도 전주시 덕진구 신복로96-0 (팔복동1가)
MDD0049,1,2024년 수도병원 에너지 진단 용역 계약,용역,총액계약,제한경쟁,적격심사제,Y,국군수도병원,ZD00236,국군수도병원,ZD00236,87.745,34125027,34169669,31697282,2024-03-25,11:00:00,개찰완료,29946000,87.753,2024-03-25,(주)엔자인,류정일,최종수,129-86-53568,"경기도 안양시 동안구 엘에스로116번길118 (호계동) 안양2차 SK V1 center 601,602호"
MDS0004,1,전반기 작전장비 정비용 부품(자재) 구매,물품,총액계약,제한경쟁,적격심사제,Y,제3707부대,1290494,제3707부대,1290494,87.995,29676740,29753019,27589164,2024-03-25,11:30:00,개찰완료,26151100,88.119,2024-03-25,주식회사 에코비투,하영임,현영철,110-86-05795,"경기도 고양시 덕양구 삼원로73, 721호(원흥동, 원흥한일윈스타)"
MHD0018,2,2024년 국제표준 및 규격(DoD 등 4개) 구독,물품,총액계약,제한경쟁,적격심사제,Y,방위사업청(운영지원과),1690000,방위사업청(운영지원과),1690000,87.995,141934449,140800000,150000000,2024-03-25,10:30:00,개찰완료,129000000,90.887,2024-03-25,주식회사 코이스,주찬홍,주찬홍,123-81-53449,"경기도 안양시 동안구 흥안대로415-0 (평촌동, 두산벤처다임) 605호"
SFC0023,1,24-해병-AI면접체계 사업,용역,총액계약,2단계경쟁(동시),최저가격제,N,제9691부대,ZD00152,제9691부대,ZD00152,0,37035583,36720000,33381818,2024-03-25,10:30:00,개찰완료,33782400,91.216,2024-04-11,(주)무하유,신동호,강진호,206-86-55577,"서울특별시 성동구 성수일로8길5, 에이동 201호, 202호, 203호(성수동2가, 에스케이브이1타워)"
UMM0245,1,24-N-청력보호헤드셋 구매,물품,총액계약,제한경쟁,적격심사제,Y,국군재정관리단,ZD00303,국군재정관리단,ZD00303,87.995,73686135,73890000,68523636,2024-03-25,11:00:00,개찰완료,64840441,87.995,2024-03-25,제이엔비,서정록,서정록,722-26-00809,광주광역시 광산구 풍영로330번길15-0 (장덕동) 803동 306호
UMM0244,1,24-N-기기급수공급펌프  제조(248068-F),물품,총액계약,제한경쟁,적격심사제,Y,국군재정관리단,ZD00303,국군재정관리단,ZD00303,87.995,173743153,172000000,170909091,2024-03-25,11:00:00,개찰완료,152888000,87.996,2024-03-25,주식회사 주호산업,이남,이흥곤,799-88-00165,경기도 김포시 대곶면 대곶북로305번길42-56
EBB0013,1,연료펌프류,물품,총액계약,일반경쟁,적격심사제,Y,방위사업청,1690000,방위사업청,1690000,,2199679153,2201305000,0,2024-03-26,14:00:00,개찰완료,1866740000,84.864,2024-03-26,덕인산업,장남인,임병성,621-16-74431,경상남도 양산시 유산공단3길33-0 (교동)
HCF0048,1,[시동용 발전기 부품]제어장치 판넬 등 7종 제조,물품,총액계약,일반경쟁,적격심사제,Y,공군군수사령부,ZD00306,공군군수사령부,ZD00306,82.995,1245573123,1237745098,1147727273,2024-03-26,10:30:00,개찰완료,1133156000,90.974,2024-03-26,창진ENG(주),김경익,김경익,621-81-68596,경상남도 양산시 상북면 석계산단3길59-0
HCM0024,1,24-02-050 공구세트  X-선 기재용 1품목 구매,물품,총액계약,제한경쟁,적격심사제,Y,공군교육사령부,ZD00172,공군교육사령부,ZD00172,87.995,181143117,181372549,168181818,2024-03-26,10:30:00,개찰완료,159498000,88.05,2024-03-26,(주)아이디오스,박찬일,박찬일,614-87-02114,경기도 성남시 중원구 사기막골로62번길33-0 (상대원동) F207
LCF0024,1,비닐봉투  지퍼형(소) 등 12항목 구매(물자),물품,총액계약,제한경쟁,적격심사제,Y,육군군수사령부,1290307,육군군수사령부,1290307,87.995,31156134,31307790,28461627,2024-03-26,11:00:00,개찰완료,27416560,87.997,2024-03-26,엠케이라벨,손철용,손철용,221-40-00812,"경기도 파주시 가람로116번길107, 지하층 비101호(와동동, 운정한강듀클래스)"
LCF0025,1,무릎보호대 등 3항목 구매(물자),물품,총액계약,제한경쟁,적격심사제,Y,육군군수사령부,1290307,육군군수사령부,1290307,87.995,49861861,49931700,45392455,2024-03-26,11:00:00,개찰완료,43876000,87.995,2024-03-26,정일컴퍼니,서현일,서현일,565-41-00572,"인천광역시 남동구 용천로105번길8, 101동 1102호(구월동, 한화포레나 인천구월)"
LCG0019,1,[24-육-42] 군종영상 교재 제작,용역,총액계약,2단계경쟁(동시),최저가격제,N,육군본부,1290298,육군본부,1290298,0,27378631,27409000,24917273,2024-03-26,11:00:00,개찰완료,16500000,60.265,2024-03-26,주식회사 단군픽쳐스,조상환,조상환,106-86-54716,"서울특별시 강서구 금낭화로51, 3층(방화동)"
LCH0022,1,네트워크통제실 전시체계 교체(특-24-물-8),물품,총액계약,제한경쟁,적격심사제,Y,특수전사령부,ZD00055,특수전사령부,ZD00055,87.995,76823629,77889000,70808182,2024-03-26,10:30:00,개찰완료,67646055,88.053,2024-03-26,(주)천하정보기술,심복희,심복희,113-86-94190,"광주광역시 북구 하남대로577, 2층 201호(동림동)"
LCM0019,1,24년 1분기 부대계약 영내자증식 구매,물품,총액계약,제한경쟁,적격심사제,Y,육군교육사령부,1290302,육군교육사령부,1290302,87.995,111181221,111327800,101207091,2024-03-26,10:30:00,개찰완료,97847595,88.007,2024-03-27,주식회사 삼마기업,이가은,김혁진,473-88-02505,"서울특별시 마포구 월드컵로34길6, 1동 14층 1406호(성산동,태림센트윈2차)"
LDC0005,2,재고번호미입력품목,용역,단가계약,제한경쟁,적격심사제,Y,육군과학화전투훈련단,ZD00561,육군과학화전투훈련단,ZD00561,84.245,191,192,157580000,2024-03-26,10:30:00,개찰완료,162,84.499,2024-03-26,아라환경,이석재,이석재,223-90-29106,강원특별자치도 홍천군 홍천읍 영서로1981-0
LDH0279,2,발칸 신속분리식 핀 등 22종 구매,물품,총액계약,제한경쟁,적격심사제,Y,제2879부대,ZD00347,제2879부대,ZD00347,87.995,8098264,8123000,7532745,2024-03-26,13:00:00,개찰완료,7171019,88.55,2024-03-26,다연테크,홍다연,홍다연,279-16-02212,"부산광역시 부산진구 동평로218, 104동 8층 802호(부암동, 일동미라주 아파트)"
LDH0285,2,발칸 차폐장치 등 22종 구매,물품,총액계약,제한경쟁,적격심사제,Y,제2879부대,ZD00347,제2879부대,ZD00347,87.995,8927538,8915000,8267112,2024-03-26,13:00:00,개찰완료,7864899,88.097,2024-03-26,다연테크,홍다연,홍다연,279-16-02212,"부산광역시 부산진구 동평로218, 104동 8층 802호(부암동, 일동미라주 아파트)"
LDH0268,2,K1전차 증폭기 구매,물품,총액계약,제한경쟁,적격심사제,Y,제2879부대,ZD00347,제2879부대,ZD00347,87.995,36691733,36830000,34151716,2024-03-26,13:00:00,개찰완료,32518200,88.625,2024-03-26,서광전자,오복룡,오복룡,608-40-76028,경상남도 창원시 진해구 이동로69번길 12()
LDH0271,2,K1전차 호스 등 3종 구매,물품,총액계약,제한경쟁,적격심사제,Y,제2879부대,ZD00347,제2879부대,ZD00347,87.995,2855619,2856000,2648345,2024-03-26,13:00:00,개찰완료,2528900,88.558,2024-03-26,원일종합상사,김종화,김종화,605-44-63236,부산광역시 사상구 사상로51-0 (주례동)
LDH0307,2,K21오링 등 26종 구매 ,물품,총액계약,제한경쟁,적격심사제,Y,제2879부대,ZD00347,제2879부대,ZD00347,87.995,4214124,4255000,3945858,2024-03-26,13:00:00,개찰완료,3739900,88.746,2024-03-26,금성특수산업,김진봉,김진봉,606-35-86453,부산광역시 사상구 광장로34 금성특수산업
LDH0339,1,24년 전반기 정비장비 예비부품 구매(통신장비류),물품,총액계약,제한경쟁,적격심사제,Y,제2879부대,ZD00347,제2879부대,ZD00347,87.995,48766786,48800000,45251091,2024-03-26,13:00:00,개찰완료,43011200,88.197,2024-03-26,승현물산,유승현,유승현,679-17-01837,"경상남도 창원시 진해구 냉천로88, 106동 103호(자은동, 대동빌라트)"
LDH0340,1,24년 전반기 정비장비 예비부품 구매(전산소모품),물품,총액계약,제한경쟁,적격심사제,Y,제2879부대,ZD00347,제2879부대,ZD00347,87.995,7092942,7137000,6618182,2024-03-26,13:00:00,개찰완료,7028000,99.084,2024-03-26,클린톤전자,김미화,김미화,106-11-86898,서울특별시 용산구 원효로41가길17-0 (원효로3가)
LNS0029,1,24년 과학화훈련대 영상모의사격장비 유지ㆍ보수 용역,용역,총액계약,제한경쟁,적격심사제,Y,제5708부대,ZD00095,제5708부대,ZD00095,87.745,230996784,231776000,210705455,2024-03-26,11:00:00,개찰완료,204744620,88.635,2024-03-26,주식회사 한국방재기술단,정민규,김옥희,408-86-02356,"경기도 과천시 별양상가로7, 502호(별양동)"
SCF0274,1,밸브  솔레노이드용 등 30종,물품,총액계약,제한경쟁,적격심사제,Y,해군군수사령부,ZD00289,해군군수사령부,ZD00289,87.995,57613638,57000000,59307091,2024-03-26,10:30:00,개찰완료,50707000,88.012,2024-03-26,강원상사,김동국,김동국,221-02-48191,강원특별자치도 춘천시 남춘로17-0 (퇴계동)
SCF0273,1,(긴급) 밸브  나비형 등 6종,물품,총액계약,제한경쟁,적격심사제,Y,해군군수사령부,ZD00289,해군군수사령부,ZD00289,87.995,51349198,51577000,49953636,2024-03-26,10:30:00,개찰완료,45185313,87.996,2024-03-26,정진,최정진,최정진,534-44-00564,"인천광역시 서구 보듬6로32, 4층 410호(오류동)"
SCF0276,1,(긴급)밸브 체크형 등 50종,물품,총액계약,제한경쟁,적격심사제,Y,해군군수사령부,ZD00289,해군군수사령부,ZD00289,87.995,152195183,151048000,142466055,2024-03-26,10:30:00,개찰완료,133924440,87.995,2024-03-26,다운테크,전다운,전다운,166-33-01345,"전라남도 순천시 서면 선평동선길36, 303동 1202호(선평빛찬들아파트)"
SCF0275,1,(긴급)잠금장치 전자기식 등 28종,물품,총액계약,제한경쟁,적격심사제,Y,해군군수사령부,ZD00289,해군군수사령부,ZD00289,87.995,81965100,81578000,80454636,2024-03-26,10:30:00,개찰완료,76685000,93.558,2024-03-26,일용상사,권윤주,권윤주,215-42-01090,경상남도 창원시 의창구 북면 동곡로35-0 (창원무동휴먼빌아파트(2단지)) 205-804
SCI0032,1,24-00함 실시간 상황공유체계 구축 사업,용역,총액계약,일반경쟁,적격심사제,Y,제9121부대,ZD00141,제9121부대,ZD00141,87.995,34034886,34310000,31818182,2024-03-26,10:30:00,개찰완료,30073744,88.361,2024-03-26,해용정보통신주식회사,백다리아,백다리아,128-86-41996,"경기도 고양시 일산동구 중산로 247306,307호 (중산동, 중산프라자)"
SFG0041,1,24년 2차 액화석유가스 구매(소형벌크),물품,총액계약,제한경쟁,적격심사제,Y,제9181부대,ZD00151,제9181부대,ZD00151,82.995,53550660,53125660,49261982,2024-03-26,10:30:00,개찰완료,49223580,91.919,2024-03-26,(주)서경에너지,김영숙,이성관,126-81-46326,경기도 광주시 회안대로881(송정동)
UMM0249,1,(246029-F) 나프탈렌 구매,물품,총액계약,제한경쟁,적격심사제,Y,국군재정관리단,ZD00303,국군재정관리단,ZD00303,87.995,117627739,117463640,108920839,2024-03-26,11:00:00,개찰완료,103506914,87.995,2024-03-26,단풍리테일,이정민,이정민,483-18-01252,"경기도 화성시 동탄순환대로20길45, 2135동 401호(목동, 동탄 금강펜테리움 센트럴파크 )"
UMM0255,1,(24F065-A) 유류중대 급유시설민간위탁기술검사용역 ,용역,총액계약,일반경쟁,적격심사제,Y,국군재정관리단,ZD00303,국군재정관리단,ZD00303,85.495,310813121,309818640,287286382,2024-03-26,11:00:00,개찰완료,266409000,85.713,2024-03-26,(주)대진방재,임영묵,이두성,312-81-23297,충청남도 천안시 동남구 봉서6길8 (봉명동)
UMM0238,1,24-N-유해환경근무자 특수검진 용역,용역,총액계약,일반경쟁,적격심사제,Y,국군재정관리단,ZD00303,국군재정관리단,ZD00303,82.995,613545823,614250000,569580909,2024-03-26,11:00:00,개찰완료,510250000,83.164,2024-03-26,(사)대한산업보건협회 부산지역본부,백헌기,서정원,621-82-03644,부산광역시 금정구 중앙대로 2139()
UMM0252,1,24-M-브리핑체계 교체사업(리스물건),물품,총액계약,일반경쟁,적격심사제,Y,국군재정관리단,ZD00303,국군재정관리단,ZD00303,82.995,483161499,483290000,506760000,2024-03-26,11:00:00,개찰완료,401034000,83.002,2024-03-26,주식회사 성보,김길원,김태형,128-81-50016,"경기도 고양시 일산동구 고봉로 26-14, 양우로데오랜드 A동 304호(장항동)"
HCF0053,1,(의무장비) 간섭파치료기등 3종,물품,총액계약,제한경쟁,적격심사제,Y,공군군수사령부,ZD00306,공군군수사령부,ZD00306,87.995,47163622,47219608,43785455,2024-03-27,10:30:00,개찰완료,41502258,87.996,2024-03-27,영진글로벌,윤근영,윤근영,140-10-76559,"경기도 광명시 하안로284, 1209동 13층 04호(하안동, 하안12단지고층주공아파트)"
HCF0054,1,(의무장비) 냉장고 의약용품 중형,물품,총액계약,제한경쟁,적격심사제,Y,공군군수사령부,ZD00306,공군군수사령부,ZD00306,87.995,45836848,45609804,42292727,2024-03-27,10:30:00,개찰완료,40341872,88.011,2024-03-27,차이,홍지유,홍지유,202-24-65925,"대구광역시 중구 공평로59, 1충(공평동, 우원빌딩)"
HCF0055,1,(의무장비) 안압계 비접촉식,물품,총액계약,제한경쟁,적격심사제,Y,공군군수사령부,ZD00306,공군군수사령부,ZD00306,87.995,39986602,40156863,37236364,2024-03-27,10:30:00,개찰완료,35186800,87.996,2024-03-27,아아컴퍼니,송지헌,송지헌,235-46-00579,"경기도 광주시 문화로101번길9 (경안동, 경안대우아파트) 104-102"
HCF0056,1,(의무장비) 청력검사실,물품,총액계약,제한경쟁,적격심사제,Y,공군군수사령부,ZD00306,공군군수사령부,ZD00306,87.995,50157183,50196078,46545455,2024-03-27,10:30:00,개찰완료,44140930,88.005,2024-03-27,한경,한경진,한경진,362-09-00105,서울특별시 영등포구 양산로7길3-0 (양평동3가)우림보보카운티오피스텔902호
HCF0049,1,공군 휘장 제조,물품,총액계약,제한경쟁,적격심사제,Y,공군군수사령부,ZD00306,공군군수사령부,ZD00306,87.995,48587608,48425100,46795909,2024-03-27,10:30:00,개찰완료,42803000,88.094,2024-03-27,사단법인 대한민국공무원 공상유공자회,김순재,심지숙,107-82-17448,"서울특별시 영등포구 국회대로750, 11층 1106호 (여의도동, 금산빌딩)"
HCF0060,1,군사경찰 완장 등 4종 제조,물품,총액계약,제한경쟁,적격심사제,Y,공군군수사령부,ZD00306,공군군수사령부,ZD00306,87.995,25911031,25800000,23923636,2024-03-27,10:30:00,개찰완료,22807200,88.021,2024-03-27,주식회사 세윤,김영숙,설레인,657-88-02587,"경기도 안산시 단원구 산단로107, 6층 622호(원시동, 서흥테크노밸리)"
HCS0006,1,24년 활주로와 라인 내 일반지역 및 남지 제초용역,용역,총액계약,제한경쟁,적격심사제,Y,제3훈련비행단,ZD00194,제3훈련비행단,ZD00194,87.745,200518420,201497176,186842836,2024-03-27,11:00:00,개찰완료,175965290,87.755,2024-03-27,주식회사 금산조경,고재성,고재성,609-81-68053,"경상남도 창원시 성산구 용지로96, 1123호(중앙동, 하이페르오피스텔)"
HDN0015,2,24-내진성능평가 용역,용역,총액계약,제한경쟁,적격심사제,Y,공군제18전투비행단,ZD00187,공군제18전투비행단,ZD00187,87.745,97543779,97485000,90395455,2024-03-27,13:00:00,개찰완료,85636000,87.792,2024-03-27,주식회사 동서엔지니어링,이익상,이창재,221-81-04733,강원특별자치도 춘천시 후석로44 (석사동) 3층
LCF0026,1,모기향 등 4항목 구매(의무),물품,총액계약,제한경쟁,적격심사제,Y,육군군수사령부,1290307,육군군수사령부,1290307,87.995,33168096,33347072,30315520,2024-03-27,11:00:00,개찰완료,29219040,88.093,2024-03-27,주식회사 넥스트젠,이창규,이창규,592-88-02034,"경기도 안산시 단원구 원선로50, 101동 12층 5호 101-1205(원곡동, 벽산블루밍아파트)"
LDG0022,1,24년도 벌목 설계 용역,용역,총액계약,일반경쟁,적격심사제,Y,육군 탄약지원사령부,ZD00086,육군 탄약지원사령부,ZD00086,87.745,18111745,18071000,16428182,2024-03-27,10:30:00,개찰완료,15897420,87.774,2024-03-28,산림기술사사무소 바우,김재헌,김재헌,746-11-00761,"경기도 여주시 현암로13, 2층 233호(현암동, 하우비즈)"
LKG0022,1,24년 5~6월 부대계약(일반품목),물품,총액계약,일반경쟁,적격심사제,Y,육군제53보병사단,ZD00094,육군제53보병사단,ZD00094,82.995,2482912094,2487185313,2261077557,2024-03-27,11:00:00,개찰완료,2061139244,83.012,2024-03-27,주식회사 삼마기업,이가은,김혁진,473-88-02505,"서울특별시 마포구 월드컵로34길6, 1동 14층 1406호(성산동,태림센트윈2차)"
LMH0022,1,군 주거시설 관리용역(C020),용역,총액계약,지명경쟁,최저가격제,N,제7군단,ZD00101,제7군단,ZD00101,0,8072720967,8018265630,7289332391,2024-03-27,10:30:00,개찰완료,7734970000,95.816,2024-03-27,공우이엔씨 주식회사,이한기,김두용,120-87-79739,"서울특별시 영등포구 여의대방로43라길6-0 (신길동, 신길프라자3층)"
MHD0016,1,2024년 방위사업청 외국어교실 위탁교육,용역,총액계약,협상에의한계약(전자),협상,N,방위사업청(운영지원과),1690000,방위사업청(운영지원과),1690000,,170000000,,154545455,2024-03-27,15:00:00,개찰완료,159167250,93.627,2024-04-21,브랜트옥스폰 주식회사,이세일,손수영,264-81-37717,서울특별시 서초구 서초중앙로22길113 (서초동1638-8) 성주빌딩
SCF0281,1,24년 함정 상가대 외주정비(2개소),물품,총액계약,일반경쟁,적격심사제,Y,해군군수사령부,ZD00289,해군군수사령부,ZD00289,82.995,594095302,597000000,587857273,2024-03-27,10:30:00,개찰완료,499510000,84.079,2024-03-27,주식회사종합해사,최진익,백승열,601-81-08293,부산광역시 영도구 남항남로22-0 (남항동3가)
SFN0030,1,복사용지 등 255종 구매 납품,물품,총액계약,제한경쟁,적격심사제,Y,연평부대,ZD00160,연평부대,ZD00160,87.995,138881614,139361360,129225991,2024-03-27,10:30:00,개찰완료,122211500,87.996,2024-03-27,(주)아성넷,조학수,윤정임,131-86-33963,"인천광역시 남동구 구월로159-0 (간석동, 원빌딩) 501호"
UAC0009,1,맞춤용지 연간 구매(재경지원반),물품,총액계약,제한경쟁,적격심사제,Y,국방출판지원단,ZD00908,국방출판지원단,ZD00908,87.995,43462693,43218000,40090909,2024-03-27,11:00:00,개찰완료,38800000,89.271,2024-03-27,주식회사굿페이퍼,박미화,이지연,305-86-28872,대전광역시 동구 태전로56-14 (삼성동)
UMM0267,1,(247075-E) 정밀측정장비(고주파신호발생기) 구매,물품,총액계약,제한경쟁,적격심사제,Y,국군재정관리단,ZD00303,국군재정관리단,ZD00303,87.995,120709064,120253920,111508182,2024-03-27,11:00:00,개찰완료,110990000,91.948,2024-03-27,대길상사,김지영,김지영,204-51-80272,"서울특별시 동대문구 고미술로 100, 송화빌딩 303호(답십리동)"
UMM0265,1,(247028-E) 극초단파시료전처리기 구매,물품,총액계약,제한경쟁,적격심사제,Y,국군재정관리단,ZD00303,국군재정관리단,ZD00303,87.995,82005049,81666660,75727273,2024-03-27,11:00:00,개찰완료,72166377,88.002,2024-03-27,레오,최민희,최민희,609-32-65290,"대구광역시 달서구 서당로7길8, 1층 1층 동북편(신당동)"
UMM0268,1,(246083-E) 하계 행사복 등 11종 제조,물품,총액계약,제한경쟁,적격심사제,Y,국군재정관리단,ZD00303,국군재정관리단,ZD00303,87.995,187262069,185898450,172378564,2024-03-27,11:00:00,개찰완료,182180000,97.286,2024-03-27,섬진실업,조용만,조용만,130-34-78032,"경기도 부천시 원미구 옥산로162번길56, 지층(도당동)"
UMM0251,1,24-F-자동소화장치 4종 구매,물품,총액계약,제한경쟁,적격심사제,Y,국군재정관리단,ZD00303,국군재정관리단,ZD00303,87.995,78338735,78050000,72375182,2024-03-27,11:00:00,개찰완료,68934250,87.995,2024-03-27,이서산업,박서이,박서이,552-01-02826,"인천광역시 미추홀구 아암대로29번길13, 103동 1804호(용현동, 용현대우아파트)"
UMM0264,1,24-D-00부대 조경관리 용역,용역,총액계약,제한경쟁,적격심사제,Y,국군재정관리단,ZD00303,국군재정관리단,ZD00303,87.995,121877566,121640000,118680000,2024-03-27,11:00:00,개찰완료,107254940,88.002,2024-03-27,주식회사 위더스엠엔씨,강은지,이경재,320-81-00295,"서울특별시 동대문구 황물로103, 312호 (답십리동, 킹스타빌딩)"
HCF0057,1,군사경찰 행사복 2종 제조,물품,총액계약,제한경쟁,적격심사제,Y,공군군수사령부,ZD00306,공군군수사령부,ZD00306,87.995,35320526,35340000,37047818,2024-03-28,10:30:00,개찰완료,31104119,88.062,2024-03-28,성진에스앤에프 주식회사,이성훈,이성훈,144-81-34115,경기도 용인시 처인구 모현읍 백옥대로2101번길63-48
HDM0014,1,24년 군 주거시설 개선방안 수립 연구용역 등 2건,용역,총액계약,2단계경쟁(동시),최저가격제,N,공군제17전투비행단,ZD00206,공군제17전투비행단,ZD00206,0,110600454,109850230,99863845,2024-03-28,11:00:00,개찰완료,89100000,80.56,2024-04-01,(주)에프오알엠도시건축공간연구소,권시형,양진,264-81-32634,"서울특별시 송파구 법원로11길25-0, A동 1310호(문정동, 에이치비즈니스파크)"
LCF0028,1,볼트  내부렌치형 등 50항목 구매(항공),물품,총액계약,일반경쟁,적격심사제,Y,육군군수사령부,1290307,육군군수사령부,1290307,82.995,1051479358,1054084185,958258350,2024-03-28,11:00:00,개찰완료,911782820,86.714,2024-03-28,석산전자 주식회사,진희영,진희영,123-81-69617,"경기도 의왕시 오전공업길22, 201호(오전동, 동영벤처스텔)"
LCM0014,1,24년 전투실험발전 세미나 수행 용역,용역,총액계약,2단계경쟁(동시),최저가격제,N,육군교육사령부,1290302,육군교육사령부,1290302,0,20949629,21000000,19090909,2024-03-28,13:00:00,개찰완료,15500000,73.986,2024-03-28,(사)21세기군사연구소,김진욱,박계향,108-82-05061,"서울특별시 금천구 가산디지털2로184, 10층 1017호(가산동, 벽산디지털밸리2차)"
LDC0006,1,교전훈련장비 수리부속 구매(24-9차),물품,총액계약,제한경쟁,적격심사제,Y,육군과학화전투훈련단,ZD00561,육군과학화전투훈련단,ZD00561,87.995,98494409,97827450,90712727,2024-03-28,10:30:00,개찰완료,86750250,88.076,2024-03-28,주식회사제이케이컴퍼니,오재국,오재국,427-81-01969,강원특별자치도 동해시 동해대로5464-0 (평릉동)2층 203-35호
LDH0317,2,K77지휘차 호스조립체 등 32품목 구매,물품,총액계약,제한경쟁,적격심사제,Y,제2879부대,ZD00347,제2879부대,ZD00347,87.995,31173515,31198000,28929080,2024-03-28,13:00:00,개찰완료,27622700,88.609,2024-03-28,원일종합상사,김종화,김종화,605-44-63236,부산광역시 사상구 사상로51-0 (주례동)
LDH0336,2,통신 동력공급기 1종 구매,물품,총액계약,제한경쟁,적격심사제,Y,제2879부대,ZD00347,제2879부대,ZD00347,87.995,5119212,5098000,4727273,2024-03-28,13:00:00,개찰완료,5047020,98.589,2024-03-28,모아컴,이상주,이상주,217-15-72222,서울특별시 송파구 양산로12 (거여동) 세신거여훼미리타운 303호
LKF0012,1,24년 제초용역,용역,총액계약,일반경쟁,적격심사제,Y,제6755부대,ZD00090,제6755부대,ZD00090,87.995,255177747,252511070,229555518,2024-03-28,10:30:00,개찰완료,224561290,88.001,2024-03-28,대아이앤씨 주식회사,김연숙,강성훈,607-81-52370,"부산광역시 해운대구 센텀중앙로97, 에이동 3202호(재송동, 센텀스카이비즈)"
LMH0023,1,24년 토양오염도 검사용역(C025),용역,총액계약,일반경쟁,적격심사제,Y,제7군단,ZD00101,제7군단,ZD00101,87.745,38510372,38536520,35033200,2024-03-28,10:30:00,개찰완료,33805000,87.781,2024-03-28,(재) 국토환경연구소,주병한,김옥남,418-82-07501,"전북특별자치도 전주시 덕진구 만성북로47-0, 만성유타워2층 206호(만성동)"
LMU0017,1,(24-급-010) `24년 부대조달 후식(마카롱 등 2종),물품,단가계약,제한경쟁,적격심사제,Y,6112부대,ZD01187,6112부대,ZD01187,87.995,3069,3057,174976000,2024-03-28,11:00:00,개찰완료,2996,97.622,2024-03-28,동광푸드,이민숙,이민숙,123-20-33855,강원도 철원군 김화읍 외골길33-41(가동)
LQG0030,1,00부대 동원  예비군훈련장 방제용역,용역,총액계약,제한경쟁,적격심사제,Y,육군 52보병사단,ZD00273,육군 52보병사단,ZD00273,87.745,16457049,16565720,15059745,2024-03-28,10:30:00,개찰완료,14440800,87.748,2024-03-28,한신개발공사,유명화,이경근,131-01-89359,인천광역시 미추홀구 인하로119번길38-0 (용현동)
LQG0031,1,00훈련대 제초용역,용역,총액계약,제한경쟁,적격심사제,Y,육군 52보병사단,ZD00273,육군 52보병사단,ZD00273,87.745,29798994,30000000,27272727,2024-03-28,10:30:00,개찰완료,26147607,87.746,2024-03-28,주식회사 호민조경,최혜민,최혜민,697-81-03116,"경기도 용인시 기흥구 갈곡로12번길18, 103호(구갈동)"
MDD0051,1,2024 의무장비(청력검사실 대형  소형) 구매,물품,총액계약,제한경쟁,적격심사제,Y,국군수도병원,ZD00236,국군수도병원,ZD00236,87.995,40289484,40180000,37272727,2024-03-28,17:00:00,개찰완료,35453634,87.997,2024-03-28,이스트트레이딩,이은혜,이은혜,324-27-00034,"서울특별시 강서구 마곡중앙6로45, A동 6층 602-B10호(마곡동, 리더스퀘어마곡)"
MDD0052,1,2024 의무장비(견인치료기 경요추용) 구매,물품,총액계약,제한경쟁,적격심사제,Y,국군수도병원,ZD00236,국군수도병원,ZD00236,87.995,17898649,17811500,16522727,2024-03-28,17:00:00,개찰완료,15754000,88.017,2024-03-28,백제기업,백진영,백진영,180-12-01064,"충청남도 천안시 동남구 청수로99-0 102동 1203호 (청수동,극동아파트)"
MDD0053,1,2024 의무장비(냉장고 혈액은행용 대형) 구매,물품,총액계약,제한경쟁,적격심사제,Y,국군수도병원,ZD00236,국군수도병원,ZD00236,87.995,18101951,18110400,16800000,2024-03-28,17:00:00,개찰완료,15929040,87.996,2024-03-28,주식회사 바른프린테크,김연수,김연수,119-87-07588,"서울특별시 중구 퇴계로27길25, 305호(충무로3가, 청림빌딩)"
MDD0054,1,2024 의무장비(약품포장기 자동식) 구매,물품,총액계약,제한경쟁,적격심사제,Y,국군수도병원,ZD00236,국군수도병원,ZD00236,87.995,11003862,11000000,10909091,2024-03-28,17:00:00,개찰완료,10500000,95.421,2024-03-28,주영메딕스,김정임,김정임,206-22-85157,"서울특별시 광진구 뚝섬로31길20-0 (자양동, 대동아파트)상가106호"
MDS0005,1,707체계 수리부속 구매,물품,총액계약,제한경쟁,적격심사제,Y,제3707부대,1290494,제3707부대,1290494,87.995,25558498,25475784,23623000,2024-03-28,10:30:00,개찰완료,22496190,88.018,2024-03-28,행운여신,박은영,박은영,240-43-00944,"서울특별시 강서구 양천로94-0 (방화동) 202동, C-125호"
SCF0142,2,전원공급기 무정전식 2EA 구매,물품,총액계약,제한경쟁,적격심사제,Y,해군군수사령부,ZD00289,해군군수사령부,ZD00289,87.995,2014571,2000000,1900000,2024-03-28,10:30:00,개찰완료,1858200,92.238,2024-03-28,주식회사 위리더스,최연진,조우진,716-86-02602,서울특별시 광진구 능동로290-0 (능동) 삼일빌딩 5층 502-94호
SCF0291,1,24년 잠수함 위생 및 오수탱크 청소/도장 용역,용역,총액계약,일반경쟁,적격심사제,Y,해군군수사령부,ZD00289,해군군수사령부,ZD00289,87.995,49992985,50000000,50021255,2024-03-28,10:30:00,개찰완료,44100000,88.212,2024-03-28,주식회사 에스마린,김석대,이기환,609-86-18714,부산광역시 사하구 감천항로454-0 (다대동)
SCF0283,1,송신기군 습도-온도 측정용 6EA 구매,물품,총액계약,제한경쟁,적격심사제,Y,해군군수사령부,ZD00289,해군군수사령부,ZD00289,87.995,13987966,14000000,13851033,2024-03-28,10:30:00,개찰완료,12309380,87.999,2024-03-28,제이엠프로덕션,최정민,최정민,121-21-41910,"경기도 부천시 도약로81, 2125동 903호(상동)"
SCF0287,1,디스플레이 유닛 등 9EA 구매,물품,총액계약,제한경쟁,적격심사제,Y,해군군수사령부,ZD00289,해군군수사령부,ZD00289,87.995,104572507,105000000,98181818,2024-03-28,10:30:00,개찰완료,92018710,87.995,2024-03-28,수종합상사,김유진,김유진,815-57-00444,"서울특별시 도봉구 도봉로642-30, 102동 701호"
SCF0298,1,상용헤드셋변환기 등 3종 구매,물품,총액계약,제한경쟁,적격심사제,Y,해군군수사령부,ZD00289,해군군수사령부,ZD00289,87.995,51083710,51000000,48073409,2024-03-28,10:30:00,개찰완료,44951140,87.995,2024-03-28,수호유통,은종현,은종현,288-65-00399,인천광역시 서구 매밭로130-0 (당하동) 1004동 301호
SCF0296,1,기억장치  데이터 저장용 1품목 구매,물품,총액계약,제한경쟁,적격심사제,Y,해군군수사령부,ZD00289,해군군수사령부,ZD00289,87.995,15011823,15000000,14545455,2024-03-28,10:30:00,개찰완료,13214300,88.025,2024-03-28,주식회사 엠제이엠,김무진,김무진,481-86-01366,대구광역시 서구 새방로29길6-17 (상리동)
SCF0294,1,실리카 섬유포직 등 4품목 / 구매,물품,총액계약,제한경쟁,적격심사제,Y,해군군수사령부,ZD00289,해군군수사령부,ZD00289,87.995,70712509,70900000,69622020,2024-03-28,10:30:00,개찰완료,62223630,87.995,2024-03-28,이동유통,최민지,최민지,201-20-73614,"경상남도 창원시 의창구 남산로20 (팔용동, 벽산블루밍아파트C단지) 302-105"
SCF0299,1,단일 실린더 등 3종 구매,물품,총액계약,제한경쟁,적격심사제,Y,해군군수사령부,ZD00289,해군군수사령부,ZD00289,87.995,42986264,43000000,42791091,2024-03-28,10:30:00,개찰완료,37826111,87.995,2024-03-28,제니와상점,한윤진,한윤진,290-27-01588,"경기도 오산시 수청로142, 1001동 1101호(금암동, 죽미마을 휴먼시아아파트)"
SCF0297,1,(긴급)프리휠터 메디어 1종),물품,총액계약,제한경쟁,적격심사제,Y,해군군수사령부,ZD00289,해군군수사령부,ZD00289,87.995,10687948,10606000,9835000,2024-03-28,13:00:00,개찰완료,9768100,91.393,2024-03-28,세종상사,노정래,노정래,609-08-56097,경상남도 창원시 진해구 여명로52 (여좌동)
SCF0285,1,(긴급) 미케니칼 씰  고정식 등 72종,물품,총액계약,제한경쟁,적격심사제,Y,해군군수사령부,ZD00289,해군군수사령부,ZD00289,87.995,70388631,70063000,64967636,2024-03-28,10:30:00,개찰완료,61939450,87.996,2024-03-28,동이유통,차민정,차민정,745-46-00571,"경기도 수원시 권선구 세권로36번길17 (세류동, 수원 권선 데시앙) 102동 6층 2호"
SCF0286,1,(긴급) 작동기  유압식-공기식  회전형 등 3종,물품,총액계약,제한경쟁,적격심사제,Y,해군군수사령부,ZD00289,해군군수사령부,ZD00289,87.995,36674138,36588000,33927818,2024-03-28,10:30:00,개찰완료,32271527,87.995,2024-03-28,카앤피플 창원진해구 믿음점,허경식,허경식,801-73-00407,경상남도 창원시 진해구 돌리로1-5 (석동) 503호
SCF0288,1,(긴급) 냉각기 유니트  공기식 등 132종,물품,총액계약,제한경쟁,적격심사제,Y,해군군수사령부,ZD00289,해군군수사령부,ZD00289,87.995,176157026,175593000,162823273,2024-03-28,10:30:00,개찰완료,155010530,87.995,2024-03-28,이엔에스(E&S),이상서,이상서,120-23-00040,"강원특별자치도 춘천시 춘천로220-0 (효자동)3층, 1소"
SCF0289,1,(긴급)판 금속제 등 27종,물품,총액계약,제한경쟁,적격심사제,Y,해군군수사령부,ZD00289,해군군수사령부,ZD00289,87.995,33639554,33513000,31076482,2024-03-28,10:30:00,개찰완료,29628850,88.077,2024-03-28,동진기업,정성용,정성용,606-33-33345,부산광역시 사상구 낙동대로910 (감전동) C-301호
SCF0282,1,알곤 공업용,물품,단가계약,제한경쟁,적격심사제,Y,해군군수사령부,ZD00289,해군군수사령부,ZD00289,87.995,125,125,48306300,2024-03-28,10:30:00,개찰완료,110,88.158,2024-03-28,코스코 종합가스,신일규,강은정,529-02-00766,경상남도 김해시 생림면 마사로50-0
SCF0282,1,질소 공업용,물품,단가계약,제한경쟁,적격심사제,Y,해군군수사령부,ZD00289,해군군수사령부,ZD00289,87.995,16724,16500,48306300,2024-03-28,10:30:00,개찰완료,15519,92.797,2024-03-28,주식회사 가스원,정명수,정하연,505-81-50756,경상북도 경주시 내외로390-21 (외동읍)
SCF0282,1,아세틸렌 공업용,물품,단가계약,제한경쟁,적격심사제,Y,해군군수사령부,ZD00289,해군군수사령부,ZD00289,87.995,109185,108570,48306300,2024-03-28,10:30:00,개찰완료,109000,99.83,2024-03-28,주식회사그린산업가스,전지석,김경우,612-81-15697,경상남도 통영시 도산면 도산일주로 138()
SCF0290,1,패킹 성형식 등 16종 구매,물품,총액계약,제한경쟁,적격심사제,Y,해군군수사령부,ZD00289,해군군수사령부,ZD00289,87.995,120465543,120000000,111516545,2024-03-28,10:30:00,개찰완료,106144990,88.112,2024-03-28,에스와이테크,정미경,정미경,609-09-54951,경상남도 창원시 의창구 팔용로 355()
SCF0292,1,등 연장형[LED 만함등] 1종 구매,물품,총액계약,일반경쟁,적격심사제,Y,해군군수사령부,ZD00289,해군군수사령부,ZD00289,82.995,255502013,254000000,235831364,2024-03-28,10:30:00,개찰완료,212142560,83.029,2024-03-28,(주)보성중공업,이현진,이현진,301-86-02545,충청북도 진천군 초평면 구정로365-0
SCK0036,1,24-00사 품질개선 명찰(클립형) 제조,물품,총액계약,일반경쟁,적격심사제,Y,해군교육사령부,1290330,해군교육사령부,1290330,87.995,91783382,92520000,85800000,2024-03-28,10:30:00,개찰완료,81014450,88.267,2024-03-28,레망유니폼,고봉수,고봉수,616-24-71043,제주특별자치도 제주시 중앙로178-0 (이도일동)
SFG0043,1,인화지 등 98품목 구매,물품,총액계약,제한경쟁,적격심사제,Y,제9181부대,ZD00151,제9181부대,ZD00151,87.995,25520462,25195900,23123545,2024-03-28,10:30:00,개찰완료,24888000,97.521,2024-03-28,프라임테크,전진국,전진국,119-18-71124,"경기도 시흥시 마유로226, C동 503호 (정왕동, 파인힐 오피스텔)"
UMM0250,1,24-D-자운대 주거시설 싱크대 제조설치,물품,총액계약,제한경쟁,적격심사제,Y,국군재정관리단,ZD00303,국군재정관리단,ZD00303,87.995,291693589,292910000,277500000,2024-03-28,11:00:00,개찰완료,256755400,88.022,2024-03-28,주식회사 한성넥스,오세헌,최창진,308-81-29900,충청남도 논산시 광석면 사계로 196(한성넥스)
MDG0098,1,24년 의무장비(수액조절기 주사용 미세주입기) 구매,물품,총액계약,제한경쟁,적격심사제,Y,국군의무사령부,1290291,국군의무사령부,1290291,87.995,21976189,22000000,20000000,2024-03-29,11:00:00,개찰완료,21494000,97.805,2024-03-29,주식회사 한스메디칼,한재희,조용석,694-88-00894,경기도 군포시 고산로148번길17-0 (당정동) 318호
MDG0097,1,24년 의무장비(약품포장기 자동식) 구매,물품,총액계약,제한경쟁,적격심사제,Y,국군의무사령부,1290291,국군의무사령부,1290291,87.995,36438544,36260000,33636364,2024-03-29,11:00:00,개찰완료,34505700,94.695,2024-03-29,신화상사,모은희,모은희,190-39-00318,경기도 남양주시 별내면 청학로114번길34-0 (청학주공아파트) 706동 301호
SFC0026,1,의무장비(심전도계) 구매,물품,총액계약,제한경쟁,적격심사제,Y,제9691부대,ZD00152,제9691부대,ZD00152,87.995,42164915,42058820,39000000,2024-03-29,10:30:00,개찰완료,37103020,87.995,2024-03-29,에코아이엔티(ECHO INT),이효정,이효정,145-35-00396,"인천광역시 중구 두미포로112, 117동 1층 103호(중산동, e편한세상 영종국제도시 오션하임)"
SFC0027,1,의무장비(전치아동시촬영기) 구매,물품,총액계약,제한경쟁,적격심사제,Y,제9691부대,ZD00152,제9691부대,ZD00152,87.995,37513473,37745090,35000000,2024-03-29,10:30:00,개찰완료,33012500,88.001,2024-03-29,에이엔컴퍼니,조아나,조아나,503-26-61700,"경기도 고양시 일산동구 위시티4로79, 313동 3층 302호 (식사동, 위시티블루밍3단지아파트)"
UMM0254,1,24-F-청소기  보도용  트랙터탑재식 구매,물품,총액계약,일반경쟁,적격심사제,Y,국군재정관리단,ZD00303,국군재정관리단,ZD00303,82.995,679787521,681950000,632357500,2024-03-29,11:00:00,개찰완료,564189800,82.995,2024-03-29,이앤더블유글로벌,남궁영,남궁영,806-39-00617,"서울특별시 성동구 금호로15, 102동 604호(금호동4가, 서울숲푸르지오)"
UMM0131,1,24-N-환자관찰장치 이동형 1종 구매,물품,총액계약,제한경쟁,적격심사제,Y,국군재정관리단,ZD00303,국군재정관리단,ZD00303,87.995,54336625,53920000,50000000,2024-03-29,11:00:00,개찰완료,47813590,87.995,2024-03-29,주식회사 모든통상,최광용,최광용,117-81-77636,"서울특별시 구로구 가마산로232 (구로동, 스페스큐브)"
UMM0261,1,24-F-철판 전단기 구매,물품,총액계약,일반경쟁,적격심사제,Y,국군재정관리단,ZD00303,국군재정관리단,ZD00303,82.995,313587470,313500000,332736818,2024-03-29,11:00:00,개찰완료,260267380,82.996,2024-03-29,주식회사 에프엔프레시,김성열,홍미성,264-87-00717,전북특별자치도 김제시 순동산단길216-0 (순동)
UMM0279,1,24-N-00창 숲 정비용역(24H016-H),용역,총액계약,일반경쟁,적격심사제,Y,국군재정관리단,ZD00303,국군재정관리단,ZD00303,87.995,341541826,341300000,316479091,2024-03-29,11:00:00,개찰완료,300588220,88.009,2024-03-29,더숲조경 주식회사,정진경,정진경,267-87-01980,"전라남도 순천시 별량면 덕정길66, 나동"
UMM0263,1,24-F-군견사료 2품목 구매,물품,총액계약,제한경쟁,적격심사제,Y,국군재정관리단,ZD00303,국군재정관리단,ZD00303,87.995,98476146,97330000,98375345,2024-03-29,11:00:00,개찰완료,86654360,87.995,2024-03-29,주식회사 금석건설,김경희,김경희,221-81-12757,강원특별자치도 춘천시 삭주로80번길25-13 (후평동)
UMM0270,1,24-N-작업환경 측정 용역,용역,총액계약,제한경쟁,적격심사제,Y,국군재정관리단,ZD00303,국군재정관리단,ZD00303,87.745,115104270,115760000,109031727,2024-03-29,11:00:00,개찰완료,101120667,87.851,2024-03-29,주식회사 이엔직업환경연구소,이신우,이신우,306-81-36948,부산광역시 부산진구 서면문화로47 (부전동) 6층
UMM0275,1,24-F-자동 증류장치 구매,물품,총액계약,제한경쟁,적격심사제,Y,국군재정관리단,ZD00303,국군재정관리단,ZD00303,87.995,140590463,140580000,130359164,2024-03-29,11:00:00,개찰완료,123713020,87.995,2024-03-29,호서컴퍼니,김하영,김하영,544-30-01597,"인천광역시 서구 서곶로45, 102동 1103호(가정동, 루원 린스트라우스 더 린시티)"
UMM0260,1,24-F-전동카트  다목적용 구매,물품,총액계약,제한경쟁,적격심사제,Y,국군재정관리단,ZD00303,국군재정관리단,ZD00303,87.995,49115915,49500000,55116245,2024-03-29,11:00:00,개찰완료,43220890,87.997,2024-03-29,다감,이주리,이주리,470-13-01076,"경기도 안산시 단원구 원선1로37, 103-201(원곡동)"
UMM0276,1,24-D-인쇄재료 88종 구매,물품,총액계약,일반경쟁,적격심사제,Y,국군재정관리단,ZD00303,국군재정관리단,ZD00303,82.995,1041425812,1039740000,964128355,2024-03-29,11:00:00,개찰완료,956032900,91.8,2024-03-29,대전인재사,고인곤,고인곤,306-10-64288,대전광역시 동구 선화로 212()
UMM0285,1,(247057-D)특수수술재료(1) 8종 구매,물품,총액계약,일반경쟁,적격심사제,Y,국군재정관리단,ZD00303,국군재정관리단,ZD00303,82.995,334143573,337543570,315354409,2024-03-29,11:00:00,개찰완료,285231000,85.361,2024-03-29,수메디칼,김현미,김현미,305-32-24010,대전광역시 중구 목척1길21-0 (은행동)
UMM0287,1,24-F-마이크로폰 헤드셋 구매,물품,총액계약,일반경쟁,적격심사제,Y,국군재정관리단,ZD00303,국군재정관리단,ZD00303,82.995,252455861,252260000,233922727,2024-03-29,11:00:00,개찰완료,209529678,82.996,2024-03-29,해용정보통신주식회사,백다리아,백다리아,128-86-41996,"경기도 고양시 일산동구 중산로 247306,307호 (중산동, 중산프라자)"
UMM0293,1,(24F076-A) 제초관리용역,용역,총액계약,제한경쟁,적격심사제,Y,국군재정관리단,ZD00303,국군재정관리단,ZD00303,87.995,134760519,135514470,135692273,2024-03-29,11:00:00,개찰완료,118583070,87.995,2024-03-29,주식회사 에버그린,이순조,우건구,508-81-15331,경상북도 안동시 노하길61-7 (노하동)
UMM0294,1,(24-F099-A)00사단 관리 제초 용역,용역,총액계약,제한경쟁,적격심사제,Y,국군재정관리단,ZD00303,국군재정관리단,ZD00303,87.995,76292928,76249500,70704082,2024-03-29,11:00:00,개찰완료,67134130,87.995,2024-03-29,(주)삼원조경건설,신상문,신상문,880-86-01016,경기도 군포시 군포로518-0 (당동) 2층 201호 (주) 삼원조경건설
UMM0295,1,(24F078-A) 조경관리용역,용역,총액계약,제한경쟁,적격심사제,Y,국군재정관리단,ZD00303,국군재정관리단,ZD00303,87.995,84627497,84618730,79120000,2024-03-29,11:00:00,개찰완료,74487281,88.017,2024-03-29,아슬라조경(주),강선수,김영희,114-86-40950,경기도 화성시 마도면 두곡서길37 (2층)
UMM0296,1,(24F084-A) 제초관리 용역,용역,총액계약,제한경쟁,적격심사제,Y,국군재정관리단,ZD00303,국군재정관리단,ZD00303,87.995,75017150,75249400,70703636,2024-03-29,11:00:00,개찰완료,66014150,87.998,2024-03-29,007조경(주),채종길,원지현,138-81-38547,강원특별자치도 원주시 원문로 1764(문막읍)
UMM0299,1,(24F042-I) 24년 음식물류 폐기물 위탁처리 용역,용역,총액계약,일반경쟁,적격심사제,Y,국군재정관리단,ZD00303,국군재정관리단,ZD00303,80.495,383770438,382696440,396364170,2024-03-29,11:00:00,개찰완료,310730000,80.967,2024-03-29,오션환경,김진태,김진태,866-55-00661,경기도 광명시 범안로1035-0 (하안동)
UMM0300,1,(24F051-I) 지정폐기물 처리용역,용역,총액계약,일반경쟁,적격심사제,Y,국군재정관리단,ZD00303,국군재정관리단,ZD00303,80.495,329910627,327407274,333955420,2024-03-29,11:00:00,개찰완료,276660000,83.859,2024-03-29,(주)케이에스에너지,김광수,이재석,140-81-29911,경기도 화성시 정남면 내향로240-55 (주)케이에스에너지
UMM0302,1,(24F067-I) 24년 음식물폐기물 위탁처리 용역(경기),용역,총액계약,제한경쟁,적격심사제,Y,국군재정관리단,ZD00303,국군재정관리단,ZD00303,84.245,79472094,80075294,81676800,2024-03-29,11:00:00,개찰완료,67363000,84.763,2024-03-29,사계절환경,최원희,최원희,534-96-01368,"경기도 안산시 단원구 광덕2로50-3, 316호 (초지동)"
UMM0306,1,(24F095-A) 제초관리 용역,용역,총액계약,제한경쟁,적격심사제,Y,국군재정관리단,ZD00303,국군재정관리단,ZD00303,87.995,147433400,147241020,141403636,2024-03-29,11:00:00,개찰완료,129735113,87.995,2024-03-29,주식회사 청원조경,전민식,전민식,212-86-14737,충청북도 충주시 연원1길27 (연수동)
EHF0009,1,전지  축전식(BB-7184K),물품,총액계약,일반경쟁,적격심사제,Y,방위사업청,1690000,방위사업청,1690000,,231861974,230776000,0,2024-04-01,11:00:00,개찰완료,198287000,85.519,2024-04-01,주식회사 탈로스,채재호,김수홍,128-86-02052,"경기도 안양시 동안구 학의로282(관양동,금강펜테리움IT타워 A-1704호)"
LDA0007,1,24년 중요시설경계시스템 외주용역정비,용역,총액계약,제한경쟁,적격심사제,Y,지상작전사령부,ZD00279,지상작전사령부,ZD00279,87.745,111688541,113136500,102851364,2024-04-01,10:30:00,개찰완료,98169000,87.895,2024-04-03,주식회사 펌프킨,최도용,최도용,132-81-99639,경기도 남양주시 화도읍 경춘로1955
LDH0344,1,(정비) 크롬 크릿트 구매,물품,총액계약,제한경쟁,적격심사제,Y,제2879부대,ZD00347,제2879부대,ZD00347,87.995,31869583,32026000,29697727,2024-04-01,13:00:00,개찰완료,28730320,90.149,2024-04-01,주식회사 성우,김정애,김정애,594-81-00498,부산광역시 강서구 신호산단3로88번길68 (신호동)
LDH0351,1,(기동) 에어튜부표시기 등 16종 구매,물품,총액계약,제한경쟁,적격심사제,Y,제2879부대,ZD00347,제2879부대,ZD00347,87.995,8417570,8373000,7764521,2024-04-01,13:00:00,개찰완료,7408000,88.006,2024-04-01,현대정밀가스켓,이의정,이의정,605-45-63500,부산광역시 사상구 가야대로175번길29-0 (감전동)
LMH0013,1,역사관 홍보전시물 설계 및 리모델링(B006),용역,총액계약,협상에의한계약(서류),협상,N,제7군단,ZD00101,제7군단,ZD00101,,250000000,,227272727,2024-04-01,11:00:00,개찰완료,242500000,97,2024-04-04,주식회사 팀헬퍼스이앤지,정수형,임길영,211-88-40594,서울특별시 금천구 범안로1130-0 (가산동) 13층1306-1호
MCF0010,1,24년 국립서울현충원 영상 콘텐츠 제작 용역,용역,총액계약,협상에의한계약(전자),협상,N,국립서울현충원,1290225,국립서울현충원,1290225,,52000000,,47272727,2024-04-01,11:00:00,개찰완료,50050000,96.25,2024-04-09,수상한협동조합,김명환,김명환,588-86-01916,"서울특별시 금천구 금하로24길7-0 (시흥동), B1"
MDJ0013,1,24-4차 의무비품 (진료용 의자 등 6품목),물품,총액계약,일반경쟁,적격심사제,Y,국군대전병원,ZD00241,국군대전병원,ZD00241,87.995,12526973,12470580,11563636,2024-04-01,10:30:00,개찰완료,11024200,88.003,2024-04-01,케어원,이경열,이경열,621-23-15575,서울특별시 송파구 충민로66 (문정동)가든파이브라이프 테크노관 T7135호
SFC0025,1,24-해병-리더십 컨텐츠 영상제작 용역,용역,총액계약,2단계경쟁(동시),최저가격제,N,제9691부대,ZD00152,제9691부대,ZD00152,0,29274105,29411760,27272727,2024-04-01,10:30:00,개찰완료,18000000,61.487,2024-04-02,주식회사 단군픽쳐스,조상환,조상환,106-86-54716,"서울특별시 강서구 금낭화로51, 3층(방화동)"
UMM0272,1,24-F-플랫폼  트랙터등 3종 구매(249052-F),물품,총액계약,제한경쟁,적격심사제,Y,국군재정관리단,ZD00303,국군재정관리단,ZD00303,87.995,157475958,157580000,146121909,2024-04-01,11:00:00,개찰완료,138575852,87.998,2024-04-01,기장유통,김경화,김경화,192-41-00087,경상북도 포항시 북구 양덕로44번길16-0 (양덕동)
UMM0303,1,24-N-승용 사열차 제조,물품,총액계약,제한경쟁,적격심사제,Y,국군재정관리단,ZD00303,국군재정관리단,ZD00303,87.995,237188843,236510000,219315455,2024-04-01,11:00:00,개찰완료,210089600,88.574,2024-04-01,주식회사 와풀,송봉주,노재란,117-81-86004,경기도 김포시 월곶면 김포대로2708-37
UMM0274,1,24-D-이동마트차량 제조,물품,총액계약,일반경쟁,적격심사제,Y,국군재정관리단,ZD00303,국군재정관리단,ZD00303,82.995,815472299,821520000,761781818,2024-04-01,11:00:00,개찰완료,697295130,85.508,2024-04-01,주식회사 와풀,송봉주,노재란,117-81-86004,경기도 김포시 월곶면 김포대로2708-37
UMM0273,1,24-N-배터리충전기 구매(248089-F),물품,총액계약,제한경쟁,적격심사제,Y,국군재정관리단,ZD00303,국군재정관리단,ZD00303,87.995,67402711,67250000,62363636,2024-04-01,11:00:00,개찰완료,59312153,87.996,2024-04-01,주식회사 제타플러스,이정준,이정준,221-81-43755,강원특별자치도 춘천시 만천로215번길6 (후평동)
UMM0277,1,24-N-휴대용 주파수 교란장비 제조,물품,총액계약,일반경쟁,적격심사제,Y,국군재정관리단,ZD00303,국군재정관리단,ZD00303,82.995,235794354,237250000,220000000,2024-04-01,11:00:00,개찰완료,196785990,83.456,2024-04-01,주식회사 신안정보통신,주을목,송한용,138-81-14337,경기도 군포시 당산로152 (금정동)
EBB0018,1,제동장치 부품류,물품,총액계약,일반경쟁,적격심사제,Y,방위사업청,1690000,방위사업청,1690000,,88206240,88138000,0,2024-04-02,14:00:00,개찰완료,74917000,84.933,2024-04-02,건웅테크 주식회사,박영혜,장상기,606-81-68883,부산광역시 강서구 가리새2로58-0 (범방동)
HCF0063,1,24-H-16 시험기  인화점용,물품,총액계약,제한경쟁,적격심사제,Y,공군군수사령부,ZD00306,공군군수사령부,ZD00306,87.995,43736763,43831549,40643800,2024-04-02,10:30:00,개찰완료,38486800,87.996,2024-04-02,대광그래픽스,모종근,모종근,201-15-79900,"서울특별시 중구 충무로 29, B동 106호(초동, 아시아미디어타워)"
HCF0068,1,[T(A)FA-50 부품]APU보호 덮개 등 4종 제조,물품,총액계약,제한경쟁,적격심사제,Y,공군군수사령부,ZD00306,공군군수사령부,ZD00306,87.995,70000063,69762000,65331182,2024-04-02,10:30:00,개찰완료,61962000,88.517,2024-04-02,제이에이치텍,강종현,강종현,648-03-02612,부산광역시 사상구 가야대로196번길63
HCF0062,1,24-H-06 폭파기,물품,총액계약,제한경쟁,적격심사제,Y,공군군수사령부,ZD00306,공군군수사령부,ZD00306,87.995,50944194,50400000,48074509,2024-04-02,10:30:00,개찰완료,44828898,87.996,2024-04-02,에스에이치 컴퍼니,신승훈,신승훈,117-21-01016,"경기도 광명시 광명역로26, 107동 2602호 (일직동,광명역파크자이)"
HCF0064,1,24-A-32 시험기  조정용,물품,총액계약,제한경쟁,적격심사제,Y,공군군수사령부,ZD00306,공군군수사령부,ZD00306,87.995,26435375,26529412,24600000,2024-04-02,10:30:00,개찰완료,23262280,87.996,2024-04-02,헤럴드,최은일,최은일,170-16-00130,"경기도 부천시 원미구 조마루로385번길92, 18층 1801호(원미동, 부천테크노밸리 U1 center)"
HCF0061,1,공군 군장품류 제조,물품,총액계약,제한경쟁,적격심사제,Y,공군군수사령부,ZD00306,공군군수사령부,ZD00306,87.995,46181960,46394608,43020455,2024-04-02,10:30:00,개찰완료,40717000,88.166,2024-04-02,주식회사 유노인더스트리,정민영,정민영,721-86-02185,경기도 남양주시 화도읍 비룡로292번길11
HCF0065,1,[(K)F-16 ADVR 부품]기억장치 비행기록기용 등 5종,물품,총액계약,제한경쟁,적격심사제,Y,공군군수사령부,ZD00306,공군군수사령부,ZD00306,87.995,85338070,85338725,79132273,2024-04-02,10:30:00,개찰완료,84315000,98.801,2024-04-02,주식회사 엠제이엠,김무진,김무진,481-86-01366,대구광역시 서구 새방로29길6-17 (상리동)
HCF0066,1,청력보호헤드셋 구매,물품,총액계약,제한경쟁,적격심사제,Y,공군군수사령부,ZD00306,공군군수사령부,ZD00306,87.995,44330457,44500000,42897727,2024-04-02,10:30:00,개찰완료,39008620,87.995,2024-04-02,와이에스컴퍼니,나윤상,나윤상,351-15-01560,전라남도 강진군 옴천면 옴천중앙로107-5
HCF0071,1,[KC-10 부품]제어장치 공기조화기용 구매,물품,총액계약,제한경쟁,적격심사제,Y,공군군수사령부,ZD00306,공군군수사령부,ZD00306,87.995,127506763,127235294,117981818,2024-04-02,10:30:00,개찰완료,125835600,98.689,2024-04-02,주식회사 엠제이엠,김무진,김무진,481-86-01366,대구광역시 서구 새방로29길6-17 (상리동)
HDF0033,1,‘24년 병사식당 자율운영급식,물품,총액계약,제한경쟁,적격심사제,Y,공군 제8전투비행단,ZD00185,공군 제8전투비행단,ZD00185,87.995,104247075,104027774,96462118,2024-04-02,11:00:00,개찰완료,92418274,88.653,2024-04-03,주식회사 아이원,최광순,최광순,525-87-00155,강원특별자치도 원주시 흥업면 사제로203-0
HDM0016,2,2024년 에이스가든 김치구매,물품,총액계약,제한경쟁,적격심사제,Y,공군제17전투비행단,ZD00206,공군제17전투비행단,ZD00206,82.995,22631604,22463900,20421727,2024-04-02,10:30:00,개찰완료,18844516,83.266,2024-04-03,농업회사법인 주식회사 에스비딤채,김향란,김향란,312-81-51513,충청남도 천안시 동남구 화계1길33-0 (동면)
LDH0373,1,통신 캐패시터(012768070) 구매,물품,총액계약,제한경쟁,적격심사제,Y,제2879부대,ZD00347,제2879부대,ZD00347,87.995,33116539,33414000,30984045,2024-04-02,13:00:00,개찰완료,29413332,88.817,2024-04-02,윌프리,허성욱,허성욱,786-43-00611,"경기도 화성시 동탄기흥로570-6 (영천동)  골든아이타워, 201호"
LDH0372,1,통신 축전기(013696376) 구매,물품,총액계약,제한경쟁,적격심사제,Y,제2879부대,ZD00347,제2879부대,ZD00347,87.995,14151485,14074000,13050909,2024-04-02,13:00:00,개찰완료,13500000,95.396,2024-04-02,캐시드림,이상미,이상미,539-12-01679,"서울특별시 관악구 남부순환로256라길12-0 (남현동, 한백리츠빌) 203호"
LDH0358,1,(자재) 스프링강선 등 61종 구매,물품,총액계약,제한경쟁,적격심사제,Y,제2879부대,ZD00347,제2879부대,ZD00347,87.995,45142204,45230000,41941429,2024-04-02,13:00:00,개찰완료,43692100,96.787,2024-04-03,상일상사,조용경,조용경,825-13-01015,경상남도 창원시 마산회원구 합포로274 (양덕동) 401호
LDH0360,1,(자재) 철판 등 5종 구매,물품,총액계약,제한경쟁,적격심사제,Y,제2879부대,ZD00347,제2879부대,ZD00347,87.995,11718547,11696000,10846032,2024-04-02,13:00:00,개찰완료,10340260,88.238,2024-04-03,다인,전영례,전영례,457-09-01377,경상남도 창원시 진해구 충장로130번길25 (제황산동)
LDH0359,1,(자재) 마봉 특수강 등 18종 구매,물품,총액계약,제한경쟁,적격심사제,Y,제2879부대,ZD00347,제2879부대,ZD00347,87.995,16689040,16626000,15417753,2024-04-02,13:00:00,개찰완료,14963400,89.66,2024-04-03,(주)종로인더스트리,노종헌,노종헌,606-81-93193,부산광역시 사상구 새벽로 130()
LDH0368,1, (자재) 표시부 인쇄회로기판 조립체 구매,물품,총액계약,제한경쟁,적격심사제,Y,제2879부대,ZD00347,제2879부대,ZD00347,87.995,2944658,2946000,2732462,2024-04-02,13:00:00,개찰완료,2592406,88.037,2024-04-03,일우디지컴(주),고영남,고영남,107-81-93148,"서울특별시 영등포구 경인로80길 3-11, 영우빌딩3층(문래동1가)"
LDH0362,1,(자재) 하우징 전자구성품용 부품키트 구매,물품,총액계약,제한경쟁,적격심사제,Y,제2879부대,ZD00347,제2879부대,ZD00347,87.995,21307530,21267000,19720705,2024-04-02,13:00:00,개찰완료,18753436,88.013,2024-04-03,일우디지컴(주),고영남,고영남,107-81-93148,"서울특별시 영등포구 경인로80길 3-11, 영우빌딩3층(문래동1가)"
LDH0363,1,(자재) SSD 회로용  케이스 부품키트 구매,물품,총액계약,제한경쟁,적격심사제,Y,제2879부대,ZD00347,제2879부대,ZD00347,87.995,9482351,9503000,8812320,2024-04-02,13:00:00,개찰완료,8351710,88.076,2024-04-03,디엔테크,김해천,김해천,124-46-08607,"경기도 화성시 동탄대로677-5, 8층 812호(영천동, 비전IT타워)"
LDH0366,1,(자재) 렌치볼트 등 14종 구매,물품,총액계약,제한경쟁,적격심사제,Y,제2879부대,ZD00347,제2879부대,ZD00347,87.995,18602099,18499000,17153745,2024-04-02,13:00:00,개찰완료,16371615,88.009,2024-04-03,(주)종로인더스트리,노종헌,노종헌,606-81-93193,부산광역시 사상구 새벽로 130()
LDH0367,1,(자재) 늄합금파이프 등 29종 구매,물품,총액계약,제한경쟁,적격심사제,Y,제2879부대,ZD00347,제2879부대,ZD00347,87.995,21254127,21174000,19634201,2024-04-02,13:00:00,개찰완료,18844860,88.664,2024-04-03,(주)종로인더스트리,노종헌,노종헌,606-81-93193,부산광역시 사상구 새벽로 130()
LMB0007,1,24+3년 얼음정수기 등 임차(59대),용역,총액계약,제한경쟁,적격심사제,Y,제8278부대,ZD00021,제8278부대,ZD00021,87.745,90827934,91476000,83160000,2024-04-02,10:30:00,개찰완료,80179426,88.276,2024-04-02,한국렌탈판매협동조합,정영이,정영이,121-86-27824,"인천광역시 미추홀구 아암대로45번길77-8, 1층(용현동)"
LMH0024,1,24년 오수처리시설 수질검사용역(C026),용역,총액계약,일반경쟁,적격심사제,Y,제7군단,ZD00101,제7군단,ZD00101,87.745,24092908,24142800,21948000,2024-04-02,10:30:00,개찰완료,21150300,87.786,2024-04-02,주식회사 혜성환경,장공례,강정아,123-81-73431,경기도 안양시 동안구 귀인로79번길35 (호계동)
MDG0089,1,24년 의무장비(초음파수술기) 구매,물품,총액계약,제한경쟁,적격심사제,Y,국군의무사령부,1290291,국군의무사령부,1290291,87.995,18208092,18270140,16948182,2024-04-02,11:00:00,개찰완료,16024560,88.007,2024-04-02,유원케이,김명선,김명선,116-06-68855,"서울특별시 영등포구 국제금융로8길19, 208호(여의도동, 중앙빌딩)"
MDG0090,1,24년 의무장비(무균작업대) 구매,물품,총액계약,제한경쟁,적격심사제,Y,국군의무사령부,1290291,국군의무사령부,1290291,87.995,4317270,4312000,4000000,2024-04-02,11:00:00,개찰완료,3799050,87.996,2024-04-02,주식회사 복은,김령은,김령은,616-86-28355,"경상남도 창원시 진해구 용원북로17번길15-0 (용원동, 가온빌 101호)"
MDG0091,1,24년 의무장비(환자체온보온기 자동식(공기식)) 구매,물품,총액계약,제한경쟁,적격심사제,Y,국군의무사령부,1290291,국군의무사령부,1290291,87.995,43233108,43120000,40000000,2024-04-02,11:00:00,개찰완료,38043462,87.996,2024-04-02,호덕,김범석,김범석,661-27-01475,경기도 시흥시 측백나무길5-0 (장곡동) 302호
MDG0092,1,24년 의무장비(속력걸음대 전기식) 구매,물품,총액계약,제한경쟁,적격심사제,Y,국군의무사령부,1290291,국군의무사령부,1290291,87.995,5455855,5390000,5000000,2024-04-02,11:00:00,개찰완료,4801510,88.006,2024-04-02,엘케이에스(LKS),이경수,이경수,512-11-63464,"경기도 고양시 일산동구 호수로646-24,  209-4호(장항동, 위너스21-II)"
MDG0093,1,24년 의무장비(손세척대) 구매,물품,총액계약,제한경쟁,적격심사제,Y,국군의무사령부,1290291,국군의무사령부,1290291,87.995,5430252,5390000,5000000,2024-04-02,11:00:00,개찰완료,5390000,99.258,2024-04-02,유진시스템,김인호,김인호,801-45-00189,"경기도 화성시 융건로182, 1층(배양동)"
MDG0094,1,24년 의무장비(수욕기 일반용) 구매,물품,총액계약,제한경쟁,적격심사제,Y,국군의무사령부,1290291,국군의무사령부,1290291,87.995,19714560,19600000,18181818,2024-04-02,11:00:00,개찰완료,17348000,87.995,2024-04-02,주식회사 바인디자인,전인섭,전해경,125-86-32620,"경기도 김포시 양촌읍 황금로117, 테크노존동 117호(이젠 아파트형 공장)"
MDG0095,1,24년 의무장비(한냉요법장치) 구매,물품,총액계약,제한경쟁,적격심사제,Y,국군의무사령부,1290291,국군의무사령부,1290291,87.995,6078647,6036800,5600000,2024-04-02,11:00:00,개찰완료,5350580,88.022,2024-04-02,에스클래스주식회사,서정미,서정미,704-88-02729,"경기도 고양시 일산동구 무궁화로20-18, 5층 47 (장항동, 하임빌로데오빌딩)"
MDJ0020,1,의료기재(병리재료) 연간계약,물품,총액계약,일반경쟁,적격심사제,Y,국군대전병원,ZD00241,국군대전병원,ZD00241,87.995,48460334,48968660,45407318,2024-04-02,10:30:00,개찰완료,42644850,87.999,2024-04-02,(LS)컴퍼니,이상운,이상운,633-50-00450,"경기도 남양주시 다산중앙로145번길15, 8층 802-04호(다산동, 신해센트럴타워 )"
MDJ0019,1,의료기재(처치재료) 연간계약,물품,총액계약,일반경쟁,적격심사제,Y,국군대전병원,ZD00241,국군대전병원,ZD00241,87.995,35801881,35753640,33153382,2024-04-02,10:30:00,개찰완료,31504203,87.995,2024-04-02,시논인터네셔널,류영숙,류영숙,567-01-01377,경기도 평택시 안중읍 송담7길12-0
MDJ0018,1,장비운영소모품(기공장비) 연간계약,물품,총액계약,일반경쟁,적격심사제,Y,국군대전병원,ZD00241,국군대전병원,ZD00241,87.995,22123941,22272050,20652273,2024-04-02,10:30:00,개찰완료,19468850,87.999,2024-04-02,주식회사 석동개발,엄태진,엄태진,350-87-03470,"서울특별시 구로구 디지털로288, 2층 208-A261호(구로동, 대륭포스트타워1차)"
MDJ0017,1,장비운영소모품(영상장비) 연간계약,물품,총액계약,일반경쟁,적격심사제,Y,국군대전병원,ZD00241,국군대전병원,ZD00241,87.995,43149172,43529400,40363636,2024-04-02,10:30:00,개찰완료,37972368,88.002,2024-04-02,에스앤피 인터내셔널,박효은,박효은,599-16-01679,"세종특별자치시  시청대로500,418동 404호 (반곡동, 수루배마을 4단지)"
MDJ0015,1,장비운영소모품(중공장비) 연간계약,물품,총액계약,일반경쟁,적격심사제,Y,국군대전병원,ZD00241,국군대전병원,ZD00241,87.995,30207923,29983750,27803118,2024-04-02,10:30:00,개찰완료,28394600,93.997,2024-04-02,제이비글로벌주식회사,박대희,박대희,657-88-01652,경기도 남양주시 송산로339번길28-11 (별내동) 101호
MDJ0014,1,기타의약품 연간계약,물품,총액계약,일반경쟁,적격심사제,Y,국군대전병원,ZD00241,국군대전병원,ZD00241,87.995,39163357,39118420,36273455,2024-04-02,10:30:00,개찰완료,35109960,89.65,2024-04-02,베스트팜,이금상,이금상,749-03-01920,"충청남도 논산시 중앙로398번길4-8 (취암동), 1층"
MHD0027,1,의무후송전용헬기 시설사업기본계획 연구용역,용역,총액계약,협상에의한계약(전자),협상,N,방위사업청(운영지원과),1690000,방위사업청(운영지원과),1690000,,40000000,,36363636,2024-04-02,15:00:00,개찰완료,38000000,95,2024-05-03,(주)에프오알엠도시건축공간연구소,권시형,양진,264-81-32634,"서울특별시 송파구 법원로11길25-0, A동 1310호(문정동, 에이치비즈니스파크)"
SCF0301,1,핫도그,물품,단가계약,제한경쟁,적격심사제,Y,해군군수사령부,ZD00289,해군군수사령부,ZD00289,87.995,6310,6274,33687273,2024-04-02,10:30:00,개찰완료,6274,99.436,2024-04-02,주식회사 류홀마트,양미숙,이윤영,609-81-98033,"경상남도 창원시 진해구 충무로23-0 (신흥동, 블루빌)"
SCF0300,1,살치살(냉동/덩어리),물품,단가계약,제한경쟁,적격심사제,Y,해군군수사령부,ZD00289,해군군수사령부,ZD00289,87.995,34189,34310,50909091,2024-04-02,10:30:00,개찰완료,30132,88.134,2024-04-02,강성,김강희,김강희,394-43-00940,"경상남도 창원시 마산합포구 해안대로11, 4층(해운동, 월드프라자)"
SCF0303,1,(긴급)배기가스 온도기 1종,물품,총액계약,제한경쟁,적격심사제,Y,해군군수사령부,ZD00289,해군군수사령부,ZD00289,87.995,3512084,3505000,3250364,2024-04-02,10:30:00,개찰완료,3250000,92.537,2024-04-02,국제전기,김승민,김승민,605-45-60328,부산광역시 강서구 유통단지1로41-0 (대저2동)126동120호
SCF0302,1,(긴급)송신기 유량용 등 14종,물품,총액계약,제한경쟁,적격심사제,Y,해군군수사령부,ZD00289,해군군수사령부,ZD00289,87.995,56192783,55814000,62316545,2024-04-02,10:30:00,개찰완료,49447300,87.995,2024-04-02,주식회사 대경코리아,조민구,조민구,199-87-02105,경상남도 창원시 의창구 원이대로271 (봉곡동) 3층 314-C호
SCF0304,1,(긴급)엑츄에이터 1.19 1종,물품,총액계약,제한경쟁,적격심사제,Y,해군군수사령부,ZD00289,해군군수사령부,ZD00289,87.995,34210346,34001000,36363636,2024-04-02,10:30:00,개찰완료,33985000,99.341,2024-04-02,(주)비아이엔씨,김여기,김여기,214-88-83817,서울특별시 서초구 양재동언남 18길3 (양재동  2층)
UMM0322,1,(247013-F) 보장구 56종 구매,물품,총액계약,일반경쟁,적격심사제,Y,국군재정관리단,ZD00303,국군재정관리단,ZD00303,82.995,655157970,653811400,616054545,2024-04-02,11:00:00,개찰완료,545672000,83.288,2024-04-02,성림교역,임성태,임희자,112-39-71133,서울특별시 영등포구 양산로43-0 (양평동3가)912호
UMM0095,2,(24G003-H)24~25년 지휘통신신속대응장비유지보수용역,용역,총액계약,제한경쟁,적격심사제,Y,국군재정관리단,ZD00303,국군재정관리단,ZD00303,87.745,130868350,131217850,121674727,2024-04-02,11:00:00,개찰완료,114837746,87.75,2024-04-02,주식회사 명품시스템,이명아,배선숙,305-81-94305,대전광역시 서구 계룡로408-0 (갈마동)
UMM0320,1,(246080-F) 반조봉 등 11종 구매,물품,총액계약,제한경쟁,적격심사제,Y,국군재정관리단,ZD00303,국군재정관리단,ZD00303,87.995,148502348,147639250,136901855,2024-04-02,11:00:00,개찰완료,130676210,87.996,2024-04-02,지니어스케이,김혜인,김혜인,882-15-01991,"경기도 양주시 독바위로287번길51 (옥정동, 양주옥정 더원 파크빌리지) 2301동 601호"
UMM0317,1,(246084-F) 레펠장갑 등 5종 제조,물품,총액계약,제한경쟁,적격심사제,Y,국군재정관리단,ZD00303,국군재정관리단,ZD00303,87.995,114080281,114652170,106313836,2024-04-02,11:00:00,개찰완료,100561300,88.149,2024-04-02,동선,김현태,김민정,204-07-24369,경기도 남양주시 화도읍 비룡로379번길19-11
UMM0337,1,(247094-F) 전장관리체계 운용품 구매,물품,총액계약,제한경쟁,적격심사제,Y,국군재정관리단,ZD00303,국군재정관리단,ZD00303,87.995,153149694,153514700,142350000,2024-04-02,11:00:00,개찰완료,134764108,87.995,2024-04-02,태건,최진영,최진영,738-54-00471,"경기도 남양주시 오남읍 진건오남로759번길70, 104동1202호(남양주 오남 푸르지오)"
UMM0292,1,24-N-용수철제작기 B형 구매(248072-F),물품,총액계약,일반경쟁,적격심사제,Y,국군재정관리단,ZD00303,국군재정관리단,ZD00303,82.995,352208330,352810000,327154545,2024-04-02,11:00:00,개찰완료,292391300,83.016,2024-04-02,주식회사 유니메인,박진우,박진우,140-81-69140,경기도 시흥시 서울대학로59-20 701호 (배곧동)
UMM0316,1,(247054-E)  병리장비소모품(7) 8품목 구매,물품,총액계약,제한경쟁,적격심사제,Y,국군재정관리단,ZD00303,국군재정관리단,ZD00303,87.995,62490780,62156860,57636364,2024-04-02,11:00:00,개찰완료,54992360,88,2024-04-02,비드 맥스,이치형,이치형,458-08-01844,경상북도 청도군 매전면 관하실길30
UMM0315,1,(246138-E) 이동식 자동영상속도측정기기 2종 구매,물품,총액계약,제한경쟁,적격심사제,Y,국군재정관리단,ZD00303,국군재정관리단,ZD00303,87.995,205587843,206666660,191636364,2024-04-02,11:00:00,개찰완료,180908630,87.995,2024-04-02,다판다 주주마켓,오주희,오주희,781-04-01052,"경기도 시흥시 배곧1로27-16 (정왕동), 208-503"
UMM0339,1,(246072-F) 분석기 스펙트럼용 구매,물품,총액계약,제한경쟁,적격심사제,Y,국군재정관리단,ZD00303,국군재정관리단,ZD00303,87.995,161249820,160173520,148524545,2024-04-02,11:00:00,개찰완료,141901140,88,2024-04-02,주식회사 삼현,김희주,김희주,127-86-07414,강원특별자치도 철원군 동송읍 금학로31-98
UMM0298,1,(24G010-H)24~25년 과학화경계시스템 유지보수 용역,용역,총액계약,제한경쟁,적격심사제,Y,국군재정관리단,ZD00303,국군재정관리단,ZD00303,87.745,175561811,173835740,161193145,2024-04-02,11:00:00,개찰완료,154086626,87.767,2024-04-02,(주)이서,이희순,이희순,104-81-96530,"세종특별자치시  한누리대로312-0, 714호 (나성동, 노블비지니스타운)"
UMM0318,1,(246071-E) 탄통 봉인스티커 제조,물품,총액계약,제한경쟁,적격심사제,Y,국군재정관리단,ZD00303,국군재정관리단,ZD00303,87.995,91694142,91819260,95243645,2024-04-02,11:00:00,개찰완료,80691700,88,2024-04-02,삼일문화,한미경,이상훈,201-04-30406,"서울특별시 중구 마른내로4가길16, 1층(인현동1가)"
UMM0309,1,(24G002-H)24~25년 위성장비 유지보수 용역,용역,총액계약,일반경쟁,적격심사제,Y,국군재정관리단,ZD00303,국군재정관리단,ZD00303,77.995,2885725636,2878743270,2718835873,2024-04-02,11:00:00,개찰완료,2275000000,78.836,2024-04-02,주식회사 제노코,유태삼,김민석,129-81-78695,"경기도 군포시 농심로72번길1-0 (당정동, 제노코빌딩)"
EBB0025,1,수입솔류,물품,총액계약,일반경쟁,적격심사제,Y,방위사업청,1690000,방위사업청,1690000,,734367497,733642000,0,2024-04-03,11:00:00,개찰완료,614000000,83.609,2024-04-03,테크노와이시스템주식회사,백철,박점자,303-81-38404,충청북도 음성군 대소면 대금로 165-8()
EBB0023,1,신형 항공 연막통,물품,총액계약,일반경쟁,적격심사제,Y,방위사업청,1690000,방위사업청,1690000,,2417244260,2412368000,0,2024-04-03,11:00:00,개찰완료,2059941000,85.218,2024-04-03,고려화공 주식회사,조영준,한석용,603-81-10704,"부산광역시 서구 충무대로264, 8층 (충무동1가, 우양빌딩)"
EBB0026,1,24년 개인화기 주야조준경(II형)(제조),물품,총액계약,일반경쟁,적격심사제,Y,방위사업청,1690000,방위사업청,1690000,,2188066609,2194299000,0,2024-04-03,11:00:00,개찰완료,1860765552,85.041,2024-04-03,주식회사 에이지광학,이수경,이수경,410-81-58538,"경기도 화성시 동탄역로156, 에이동 1012호(오산동, 동탄역 롯데캐슬)"
HCF0072,1,가스튀김기 등 7종 구매,물품,총액계약,제한경쟁,적격심사제,Y,공군군수사령부,ZD00306,공군군수사령부,ZD00306,87.995,48319692,48459314,44935000,2024-04-03,10:30:00,개찰완료,42519000,87.995,2024-04-03,한톨유통,김선휘,김선휘,654-66-00443,"서울특별시 구로구 중앙로5길62, 상가106호(고척동, 서울가든아파트)"
LBA0034,1,24년 전반기 지정폐기물 위탁처리 용역,용역,총액계약,일반경쟁,적격심사제,Y,제2167부대,ZD00053,제2167부대,ZD00053,84.245,69192751,69071000,62791818,2024-04-03,10:30:00,개찰완료,60267800,87.101,2024-04-03,성림유화 주식회사,김영중,김태형,134-81-22290,"경기도 안산시 단원구 첨단로 215(성곡동, 성림유화(주))"
LCF0032,1,꼬리표 1품목 구매(물자),물품,총액계약,제한경쟁,적격심사제,Y,육군군수사령부,1290307,육군군수사령부,1290307,87.995,14342244,14384000,13768000,2024-04-03,11:00:00,개찰완료,12620520,87.995,2024-04-03,주식회사 공감과공유의제작소,이선정,이선정,664-81-02572,"경기도 부천시 범안로81, 112동 1201호(범박동, 부천 범박힐스테이트1단지)"
LCF0033,1,전지 재충전불가식(BA-30S)2항목 구매(물자),물품,총액계약,제한경쟁,적격심사제,Y,육군군수사령부,1290307,육군군수사령부,1290307,87.995,19681155,19689300,17899364,2024-04-03,11:00:00,개찰완료,17318600,87.995,2024-04-03,엔플러스,손정희,손정희,235-51-00796,강원특별자치도 강릉시 하평3길44-1 (포남동)
LCF0034,1,방열소방장화 등 8항목 구매(피복),물품,총액계약,제한경쟁,적격심사제,Y,육군군수사령부,1290307,육군군수사령부,1290307,87.995,7803058,7803000,7093636,2024-04-03,11:00:00,개찰완료,6866600,87.998,2024-04-03,주식회사 메디시온,김경호,김경호,128-86-86770,경기도 고양시 덕양구 삼막1길3(오금동)
LDA0009,1,00부대 탄약관리지원사업 등 8건 설계용역,용역,총액계약,제한경쟁,적격심사제,Y,지상작전사령부,ZD00279,지상작전사령부,ZD00279,87.745,119030854,119917000,109015455,2024-04-03,10:30:00,개찰완료,104453000,87.752,2024-04-03,주식회사 에이콘 건축사사무소,박정균,박정균,314-81-64256,"경기도 용인시 기흥구 구갈로60번길 19, 금강프라자 301호(구갈동)"
LHN0015,1,24년 취사장 청소(후드/덕트/환풍기) 용역,용역,총액계약,제한경쟁,적격심사제,Y,제2621부대,ZD00394,제2621부대,ZD00394,88,93205470,93000000,84545455,2024-04-03,10:30:00,개찰완료,82042000,88.022,2024-04-03,흥리종합건설 주식회사,정교진,김무형,225-81-12496,강원특별자치도 정선군 사북읍 사북2길38-0
LMU0020,1,(24-급-011) `24년 부대조달 후식(핫바),물품,단가계약,일반경쟁,적격심사제,Y,6112부대,ZD01187,6112부대,ZD01187,82.995,687,685,57290909,2024-04-03,11:00:00,개찰완료,572,83.185,2024-04-03,주식회사 야미푸드,손희영,손희영,125-81-56888,경기도 이천시 덕평로691번길46-0 (마장면)
LNS0030,1,24년 과학화훈련대 교전장비 유지ㆍ보수 용역,용역,총액계약,제한경쟁,적격심사제,Y,제5708부대,ZD00095,제5708부대,ZD00095,87.745,241213363,239698000,217907273,2024-04-03,11:00:00,개찰완료,211684662,87.758,2024-04-03,주식회사 한국방재기술단,정민규,김옥희,408-86-02356,"경기도 과천시 별양상가로7, 502호(별양동)"
LQG0032,1,00부대 전반기 물탱크 청소 용역,용역,총액계약,제한경쟁,적격심사제,Y,육군 52보병사단,ZD00273,육군 52보병사단,ZD00273,87.995,4853894,4858690,4416991,2024-04-03,10:30:00,개찰완료,4271675,88.005,2024-04-03,주식회사 에코클린케어 (ECO.CC),이창엽,이창엽,502-81-93872,대구광역시 수성구 지산로67 (지산동)
NIT0004,2,모바일 패스워드 해독시스템 구매,물품,총액계약,제한경쟁,적격심사제,Y,국방부조사본부,1291063,국방부조사본부,1291063,87.995,310238973,308988000,280898182,2024-04-03,10:30:00,개찰완료,276244200,89.042,2024-04-03,주식회사  인섹시큐리티,김종광,정명화,119-86-48961,"서울특별시 금천구 가산디지털1로19, 406호, 407호, 408호, 409호(가산동,대륭테크노타운18차)"
SCF0312,1,밸브조립체 등 30종 구매,물품,총액계약,제한경쟁,적격심사제,Y,해군군수사령부,ZD00289,해군군수사령부,ZD00289,87.995,171357159,170000000,158126545,2024-04-03,10:30:00,개찰완료,151121500,88.19,2024-04-03,대현테크,전현규,전현규,770-43-00275,부산광역시 강서구 평강로171번길259-0 (대저1동)
SCF0313,1,콘센트릭 밸브 조립체 등 2종 구매,물품,총액계약,일반경쟁,적격심사제,Y,해군군수사령부,ZD00289,해군군수사령부,ZD00289,82.995,282472091,281000000,260748545,2024-04-03,10:30:00,개찰완료,234944000,83.174,2024-04-03,주식회사 에코비투,하영임,현영철,110-86-05795,"경기도 고양시 덕양구 삼원로73, 721호(원흥동, 원흥한일윈스타)"
SCF0307,1,은 브러쉬 등 7종 구매,물품,총액계약,제한경쟁,적격심사제,Y,해군군수사령부,ZD00289,해군군수사령부,ZD00289,87.995,82626052,83000000,78034636,2024-04-03,10:30:00,개찰완료,72707800,87.996,2024-04-03,주식회사 월성,이희석,이희석,203-87-01443,충청남도 계룡시 엄사면 번영3길91-0 (대동황토방아파트)제상가동 205호
SCF0311,1,윤활유 엔진용 등 3종 구매,물품,총액계약,일반경쟁,적격심사제,Y,해군군수사령부,ZD00289,해군군수사령부,ZD00289,82.995,230219111,227000000,243732033,2024-04-03,10:30:00,개찰완료,195000000,84.701,2024-04-03,에코플루이드,정은,정은,603-41-03060,경상남도 김해시 주촌면 서부로1409번길83-6
SCF0305,1,(긴급) 와셔  잠금식 등 57종,물품,총액계약,제한경쟁,적격심사제,Y,해군군수사령부,ZD00289,해군군수사령부,ZD00289,87.995,35760657,35414000,33747364,2024-04-03,10:30:00,개찰완료,31468930,87.998,2024-04-03,좋은자원,전대용,전대용,629-05-01483,경상북도 구미시 금오시장로13-0 (원평동)  2층 230호
SCF0306,1,(긴급) 구리양극봉 등 9종,물품,총액계약,제한경쟁,적격심사제,Y,해군군수사령부,ZD00289,해군군수사령부,ZD00289,87.995,9249691,9206000,9190364,2024-04-03,10:30:00,개찰완료,8139470,87.997,2024-04-03,에그코리아,한소정,한소정,211-13-95806,"울산광역시 울주군 범서읍 구영로75-25, 103동 702호"
UAC0010,1,자담 인쇄용지(뉴플러스(미색) 100gA) 구매,물품,총액계약,제한경쟁,적격심사제,Y,국방출판지원단,ZD00908,국방출판지원단,ZD00908,87.995,48022181,48330000,44836364,2024-04-03,11:00:00,개찰완료,42266520,88.014,2024-04-03,엘디앤에스(LD&S),신은영,신은영,584-38-00383,경기도 남양주시 다산중앙로146번길7-0 (다산동)2204-2001
UMM0115,2,(246053-D)체력단련장 코스관리용 비료 구매,물품,총액계약,일반경쟁,적격심사제,Y,국군재정관리단,ZD00303,국군재정관리단,ZD00303,82.995,743710849,749023784,694549327,2024-04-03,11:00:00,개찰완료,627015000,84.308,2024-04-03,주식회사청후건설,김은아,손흥배,404-81-15553,전북특별자치도 정읍시 태인면 태인공단2길69-0
UMM0308,1,24-M-IP교환기 교체사업(리스물건),물품,총액계약,일반경쟁,적격심사제,Y,국군재정관리단,ZD00303,국군재정관리단,ZD00303,82.995,785696959,783730000,734545455,2024-04-03,11:00:00,개찰완료,652336534,83.026,2024-04-03,주식회사 하이패스텔,이기관,이동환,880-87-00159,경기도 고양시 일산서구 대산로213-0 (대화동) 302호
UMM0291,1,24-F-피해복구 자재보관 트레일러 제조,물품,총액계약,제한경쟁,적격심사제,Y,국군재정관리단,ZD00303,국군재정관리단,ZD00303,87.995,231239722,229920000,213202373,2024-04-03,11:00:00,개찰완료,207500000,89.733,2024-04-03,주식회사 인천특장차,주성민,이산호,529-87-01739,인천광역시 서구 사월로31-14 (왕길동)
UMM0290,1,24- F-압축기유니트  왕복식 구매,물품,총액계약,제한경쟁,적격심사제,Y,국군재정관리단,ZD00303,국군재정관리단,ZD00303,87.995,63009903,62700000,61871782,2024-04-03,11:00:00,개찰완료,55446801,87.996,2024-04-03,다은컴퍼니,정은주,정은주,555-67-00196,"경기도 남양주시 오남읍 진건오남로615번길17, 302동 201호(삼왕하이츠)"
UMM0323,1,(24F069-A) 렌탈프린터 임차용역,용역,총액계약,제한경쟁,적격심사제,Y,국군재정관리단,ZD00303,국군재정관리단,ZD00303,87.745,75350904,75441170,69954545,2024-04-03,11:00:00,개찰완료,66116816,87.745,2024-04-03,브리에briier,장세연,장세연,239-18-01922,"경기도 용인시 수지구 대지로15번길60, 509동 204호(죽전동, 대지마을현대홈타운3차2단지)"
UMM0311,1,24-M-산불진화 기계화시스템 구매,물품,총액계약,제한경쟁,적격심사제,Y,국군재정관리단,ZD00303,국군재정관리단,ZD00303,87.995,99466305,100000000,92727273,2024-04-03,11:00:00,개찰완료,87525546,87.995,2024-04-03,앤트,조은하,조은하,318-15-02204,"대전광역시 서구 구봉산북로165-0 (관저동, 다온숲3단지) 3.6-1103"
UMM0332,1,(247022-C) 24년 외과장비운영소모품(1) 29품목 구매,물품,총액계약,제한경쟁,적격심사제,Y,국군재정관리단,ZD00303,국군재정관리단,ZD00303,87.995,228177539,228840127,212197209,2024-04-03,11:00:00,개찰완료,200791193,87.997,2024-04-03,라이언테크,차선아,차선아,503-19-96593,대구광역시 남구 성당로60길97-2 (대명동) 강남빌라 4-401
UMM0289,1,24-F-장례용품 구매,물품,총액계약,제한경쟁,적격심사제,Y,국군재정관리단,ZD00303,국군재정관리단,ZD00303,87.995,86696541,86660000,95144000,2024-04-03,11:00:00,개찰완료,76472121,88.206,2024-04-03,성진에스앤에프 주식회사,이성훈,이성훈,144-81-34115,경기도 용인시 처인구 모현읍 백옥대로2101번길63-48
UMM0319,1,24-N-모범장병 및 군무원 국내시찰 용역,용역,총액계약,제한경쟁,적격심사제,Y,국군재정관리단,ZD00303,국군재정관리단,ZD00303,87.745,111761230,111000000,104792727,2024-04-03,11:00:00,개찰완료,99000000,88.581,2024-04-03,지엔코리아 주식회사,천영혜,정지영,305-81-09870,대전광역시 유성구 대학로99 (궁동) 제1학생회관 2층
UMM0280,1,24-N-연료유 이송펌프 제조,물품,총액계약,일반경쟁,적격심사제,Y,국군재정관리단,ZD00303,국군재정관리단,ZD00303,82.995,301274505,301470000,279545455,2024-04-03,11:00:00,개찰완료,251848870,83.594,2024-04-03,주식회사지텍,김금옥,김금옥,605-81-43424,경기도 김포시 양촌읍 황금3로7번길36 (학운리)
UMM0278,1,24-N-윤활유 이송펌프 제조,물품,총액계약,일반경쟁,적격심사제,Y,국군재정관리단,ZD00303,국군재정관리단,ZD00303,82.995,304468696,303600000,294000000,2024-04-03,11:00:00,개찰완료,253628280,83.301,2024-04-03,주식회사지텍,김금옥,김금옥,605-81-43424,경기도 김포시 양촌읍 황금3로7번길36 (학운리)
UMM0328,1,(247115-B) 연구활동재료 구매,물품,총액계약,제한경쟁,적격심사제,Y,국군재정관리단,ZD00303,국군재정관리단,ZD00303,87.995,183351775,183885490,170512000,2024-04-03,11:00:00,개찰완료,180189400,98.275,2024-04-03,우영상사,장우영,장우영,126-29-89287,경상북도 상주시 화서면 봉촌1길75-0
UMM0331,1,(247141-C) SDR 수신기 구매,물품,총액계약,제한경쟁,적격심사제,Y,국군재정관리단,ZD00303,국군재정관리단,ZD00303,87.995,57761591,57840588,53634000,2024-04-03,11:00:00,개찰완료,56999000,98.679,2024-04-03,다담시스 주식회사,장근수,김소원,736-86-02265,서울특별시 금천구 가산디지털1로1 (가산동) 1208호
UMM0324,1,24-D-태릉  동여주체력단련장 코스관리 용역,용역,총액계약,일반경쟁,적격심사제,Y,국군재정관리단,ZD00303,국군재정관리단,ZD00303,87.995,452743611,456440000,455384000,2024-04-03,11:00:00,개찰완료,398437000,88.004,2024-04-03,그린프리즘 주식회사,홍석진,홍석진,231-81-08129,경기도 화성시 남양읍 주석로213-15
UMM0310,1,(24F008-G) 24년 자주포 시뮬레이터 유지보수용역,용역,총액계약,일반경쟁,적격심사제,Y,국군재정관리단,ZD00303,국군재정관리단,ZD00303,85.495,409684425,407435294,377803636,2024-04-03,11:00:00,개찰완료,350430000,85.536,2024-04-03,(주)심네트,차진섭,이수빈,128-81-38443,대전광역시 유성구 죽동로157-0 (죽동)
UMM0329,1,(237105-B) 의료기재(병리재료 113종) 구매,물품,총액계약,제한경쟁,적격심사제,Y,국군재정관리단,ZD00303,국군재정관리단,ZD00303,87.995,136261880,136745190,130402718,2024-04-03,11:00:00,개찰완료,119905251,87.996,2024-04-03,제일통상,김창훈,김창훈,640-07-01562,경기도 용인시 기흥구 죽현로29-0 (보정동) 현대휴먼프라자 104호
EBB0028,1,유수분리기,물품,총액계약,일반경쟁,적격심사제,Y,방위사업청,1690000,방위사업청,1690000,,75283272,75460000,0,2024-04-04,11:00:00,개찰완료,64900000,86.207,2024-04-04,거림엔지니어링(주),정재주,박경연,606-81-25394,부산광역시 강서구 녹산산단261로16-0 (송정동)
EBB0030,1,암 조립체,물품,총액계약,일반경쟁,적격심사제,Y,방위사업청,1690000,방위사업청,1690000,,1068167147,1068907000,0,2024-04-04,11:00:00,개찰완료,906450500,84.86,2024-04-04,대창마린테크(주),김효성,윤상열,606-81-68961,부산광역시 사상구 모덕로27번길 126()
EBB0031,1,실린더조립체(궤도용),물품,총액계약,일반경쟁,적격심사제,Y,방위사업청,1690000,방위사업청,1690000,,509340701,506624000,0,2024-04-04,14:00:00,개찰완료,426577500,83.75,2024-04-04,대창마린테크(주),김효성,윤상열,606-81-68961,부산광역시 사상구 모덕로27번길 126()
HCF0073,1,정복 토시형 견장 제조,물품,총액계약,제한경쟁,적격심사제,Y,공군군수사령부,ZD00306,공군군수사령부,ZD00306,87.995,44986338,45453000,45453000,2024-04-04,10:30:00,개찰완료,39770000,88.404,2024-04-04,주식회사 코아,이양임,이양임,431-81-02235,서울특별시 동대문구 사가정로238-4 (장안동)
HCM0028,1,24-03-084 태양망원경 등 4품목 구매,물품,총액계약,제한경쟁,적격심사제,Y,공군교육사령부,ZD00172,공군교육사령부,ZD00172,87.995,48492435,48225490,44718182,2024-04-04,10:30:00,개찰완료,42671370,87.995,2024-04-04,동화나라,박동하,박동하,740-14-01647,경상북도 문경시 문경읍 주흘1길41-16  2층
HDG0006,1,<24-41>전시용 항공기 분해이전 및 정글무늬 도색용역,용역,총액계약,일반경쟁,적격심사제,Y,공군제10전투비행단,ZD00184,공군제10전투비행단,ZD00184,87.745,115464204,115506860,107106360,2024-04-04,11:00:00,개찰완료,101386000,87.807,2024-04-04,한길씨앤씨 주식회사,신용인,김홍정,110-81-48993,"서울특별시 금천구 서부샛길632-0 (가산동, 대륭테크노타운5)"
LBA0035,1,24년 전반기 일반폐기물 위탁처리 용역,용역,총액계약,일반경쟁,적격심사제,Y,제2167부대,ZD00053,제2167부대,ZD00053,84.245,222804310,222000000,201818182,2024-04-04,10:30:00,개찰완료,187756248,84.269,2024-04-05,주식회사 조은환경개발,김애경,김애경,733-87-01468,경기도 양주시 칠봉산로314번길101-0 (봉양동)
LCF0038,1,특수보온덮개(응급담요) 1품목 구매(의무),물품,총액계약,제한경쟁,적격심사제,Y,육군군수사령부,1290307,육군군수사령부,1290307,87.995,46618373,46586040,42350945,2024-04-04,11:00:00,개찰완료,41022000,87.995,2024-04-04,거베라,윤아영,윤아영,103-20-01849,경기도 시흥시 호현로9번길6-0 (신천동) 1212호
LCF0040,1,전원 공급기 등 2항목 구매(항공),물품,총액계약,제한경쟁,적격심사제,Y,육군군수사령부,1290307,육군군수사령부,1290307,87.995,15173639,15176600,15287909,2024-04-04,11:00:00,개찰완료,15100000,99.514,2024-04-04,시온테크,박혜성,박혜성,312-27-10674,충청남도 천안시 서북구 백석공단1로10-0 (백석동)
LCF0043,1,캐비닛  치과용 1항목 구매(의무),물품,총액계약,제한경쟁,적격심사제,Y,육군군수사령부,1290307,육군군수사령부,1290307,87.995,34684370,34535241,31395674,2024-04-04,11:00:00,개찰완료,30524333,88.006,2024-04-04,에스엘,한지선,한지선,652-11-02426,"경기도 하남시 덕산로39-0 (덕풍동, 한솔리치빌아파트1단지) 108-1803"
LCF0039,1,광경화 시스템 등 11항목 구매(의무),물품,총액계약,제한경쟁,적격심사제,Y,육군군수사령부,1290307,육군군수사령부,1290307,87.995,34208198,33864976,30786342,2024-04-04,11:00:00,개찰완료,30102201,87.997,2024-04-04,모아상사,최중강,최중강,309-18-61646,인천광역시 미추홀구 인하로129(용현동)
LCF0037,1,초음파세척기 등 13항목 구매(의무),물품,총액계약,제한경쟁,적격심사제,Y,육군군수사령부,1290307,육군군수사령부,1290307,87.995,46376293,46808444,42553131,2024-04-04,11:00:00,개찰완료,44800000,96.601,2024-04-04,주식회사 에스엠플래닛,조현선,조현선,606-86-62996,"경기도 성남시 수정구 창업로43-0 (시흥동)1층, 글로벌비즈니스센터"
LCG0022,1,[24-육-51] 육군 역사자료 한글화 용역,용역,총액계약,2단계경쟁(동시),최저가격제,N,육군본부,1290298,육군본부,1290298,0,33567839,33301000,30273636,2024-04-04,11:00:00,개찰완료,29300000,87.285,2024-04-08,국방대학교산학협력단,이문걸,오중택,128-82-13342,충청남도 논산시 양촌면 황산벌로1040
LDG0025,1,24년 폐목재 위탁처리 용역,용역,총액계약,일반경쟁,적격심사제,Y,육군 탄약지원사령부,ZD00086,육군 탄약지원사령부,ZD00086,84.245,162465840,162720000,147927273,2024-04-04,10:30:00,개찰완료,137114856,84.396,2024-04-04,주식회사 엘에스에너지,김원홍,김상섭,125-86-29687,경기도 안성시 삼죽면 상삼로119
LDH0376,1,(정수) 액상황산알루미늄 등 8품목 구매,물품,총액계약,제한경쟁,적격심사제,Y,제2879부대,ZD00347,제2879부대,ZD00347,87.995,38161915,37989000,35226164,2024-04-04,13:30:00,개찰완료,33582276,87.999,2024-04-05,삼일이화학상사,최종열,최종열,609-54-65574,경상남도 창원시 마산회원구 내서읍 중리공단로 183()
LDH0378,1,(정수) 액상가성소다 등 2품목 구매,물품,총액계약,제한경쟁,적격심사제,Y,제2879부대,ZD00347,제2879부대,ZD00347,87.995,26413872,26542000,24612218,2024-04-04,13:30:00,개찰완료,23254300,88.038,2024-04-05,휴먼텍,배순엽,배순엽,417-08-85483,전라남도 장성군 황룡면 강변로431-19
LDH0379,1,(정수) 중아황산소다 구매,물품,총액계약,제한경쟁,적격심사제,Y,제2879부대,ZD00347,제2879부대,ZD00347,87.995,1215184,1207000,1120000,2024-04-04,13:30:00,개찰완료,1098900,90.43,2024-04-05,주식회사 에이에스씨,임승수,임승수,125-86-08417,"경기도 안성시 공단1로99 (신건지동, 안성제1산업단지)"
LDH0380,1,24년 정비피복(하계셔츠) 제조,물품,총액계약,제한경쟁,적격심사제,Y,제2879부대,ZD00347,제2879부대,ZD00347,87.995,29024898,29291000,27161364,2024-04-04,13:30:00,개찰완료,25720155,88.614,2024-04-04,타미나,홍나은,홍나은,408-23-42479,경상남도 창원시 성산구 용지로117번길33 (중앙동) B1층
LFC0026,1,24년 부대조달 생수 구매,물품,총액계약,일반경쟁,적격심사제,Y,육군훈련소,ZD00010,육군훈련소,ZD00010,82.995,505527044,505880330,459891209,2024-04-04,11:00:00,개찰완료,419728900,83.027,2024-04-04,파머스 미트,조성겸,조성겸,270-27-00421,"부산광역시 강서구 맥도강변길912-43, 별관 1층(대저2동)"
LIK0022,1,24년 부대조달 후식(가공품 27품목),물품,단가계약,일반경쟁,적격심사제,Y,제2217부대,ZD01107,제2217부대,ZD01107,82.995,32302,32240,2614309091,2024-04-04,10:30:00,개찰완료,26813,83.006,2024-04-04,동해식품(주),김진은,김진은,226-81-00033,강원특별자치도 강릉시 모산로169번길30 (담산동)
MCD0012,2,2024년 국방정책토론회,용역,총액계약,협상에의한계약(전자),협상,N,국방부(운영지원과),1290000,국방부(운영지원과),1290000,,33098000,,30089091,2024-04-04,11:00:00,개찰완료,29000000,87.618,2024-04-22,사단법인 한국국가전략연구원,한민구,이상규,643-82-00026,"서울특별시 용산구 한강대로62길41, 3층 (한강로1가)"
MCN0013,1,국방부 기계설비 성능점검 용역,용역,총액계약,제한경쟁,적격심사제,Y,국방부근무지원단,1290461,국방부근무지원단,1290461,87.745,137144444,136226880,123842618,2024-04-04,11:00:00,개찰완료,120343600,87.749,2024-04-04,주식회사 대윤기술공영,정광일,노민우,105-81-15544,서울특별시 중랑구 동일로138길9-0 (중화동) 3층
MDF0006,1,24년 MW통신소 전원공급장치 제조설치,물품,총액계약,제한경쟁,적격심사제,Y,국군지휘통신사령부,1290290,국군지휘통신사령부,1290290,87.995,53109396,53039166,49181773,2024-04-04,10:30:00,개찰완료,46771830,88.066,2024-04-04,대한전력전자주식회사,이종근,전은지,123-81-35683,경기도 안양시 동안구 전파로104번길70(호계동)
MDJ0022,1,의료기재(기공재료) 연간계약,물품,총액계약,일반경쟁,적격심사제,Y,국군대전병원,ZD00241,국군대전병원,ZD00241,87.995,11967080,11876760,11013000,2024-04-04,10:30:00,개찰완료,10532470,88.012,2024-04-04,올어버트먼트 주식회사,백태운,백태운,582-88-00382,"서울특별시 금천구 가산디지털1로204, 303,304,305,306,307호(가산동, 가산역아이비밸리)"
SCF0197,3,전기로 부동액 구매,물품,총액계약,제한경쟁,적격심사제,Y,해군군수사령부,ZD00289,해군군수사령부,ZD00289,87.995,2008061,2000000,2160000,2024-04-04,10:30:00,개찰완료,1950300,97.123,2024-04-04,주식회사 에이에스씨,임승수,임승수,125-86-08417,"경기도 안성시 공단1로99 (신건지동, 안성제1산업단지)"
SCF0200,3,모래주머니 1종,물품,총액계약,제한경쟁,적격심사제,Y,해군군수사령부,ZD00289,해군군수사령부,ZD00289,87.995,8280489,8400000,8181818,2024-04-04,10:30:00,개찰완료,7343900,88.689,2024-04-04,용주산업사,전학진,전용호,135-22-64296,경기도 화성시 봉담읍 덕우공단2길 85-4()
SCF0317,1,베터리 등 2품목 구매,물품,총액계약,제한경쟁,적격심사제,Y,해군군수사령부,ZD00289,해군군수사령부,ZD00289,87.995,2309723,2300000,2520000,2024-04-04,10:30:00,개찰완료,2053150,88.891,2024-04-04,제일테크,김문길,김문길,182-37-00235,부산광역시 사하구 다대로613-0 (다대동) 자유마트 220호
UMM0326,1,24-F-활주로 제초용역,용역,총액계약,제한경쟁,적격심사제,Y,국군재정관리단,ZD00303,국군재정관리단,ZD00303,87.995,184487811,184830000,177018182,2024-04-04,11:00:00,개찰완료,162341000,87.995,2024-04-04,주식회사 다현조경건설,김다현,김다현,410-86-50899,"경기도 고양시 덕양구 무원로6,305-1호 (행신동, 무원빌딩)"
UMM0348,1,(24F059-I) 24~25년 보급부대 근무분야 민간위탁,용역,총액계약,일반경쟁,적격심사제,Y,국군재정관리단,ZD00303,국군재정관리단,ZD00303,77.995,2003901624,2008643333,1862560182,2024-04-04,11:00:00,개찰완료,1946000000,97.11,2024-04-04,공우이엔씨 주식회사,이한기,최정우,120-87-79739,"서울특별시 영등포구 여의대방로43라길6-0 (신길동, 신길프라자3층)"
HDM0023,1,24년 일반구역 제초용역 ,용역,총액계약,일반경쟁,적격심사제,Y,공군제17전투비행단,ZD00206,공군제17전투비행단,ZD00206,87.995,247402739,247599100,225090091,2024-04-05,10:30:00,개찰완료,217703361,87.995,2024-04-05,주식회사 황금조경,김희진,김희진,885-81-01302,"전라남도 영광군 영광읍 장궁길211, 2층"
LDH0254,1,감속기 성능시험장비 외주정비 용역,용역,총액계약,2단계경쟁(동시),최저가격제,N,제2879부대,ZD00347,제2879부대,ZD00347,0,376495952,371631000,344603636,2024-04-05,13:00:00,개찰완료,351642500,93.398,2024-04-05,주식회사 제넥,서정기,최경진,609-81-46869,경상남도 창원시 성산구 공단로166번길27-7 (신촌동)
LKM0021,1,(예비전력예산) 과학화훈련장 교전장비 유지보수,용역,총액계약,제한경쟁,적격심사제,Y,제2632부대,ZD00060,제2632부대,ZD00060,87.745,93095023,93894000,85358182,2024-04-05,10:30:00,개찰완료,81740390,87.803,2024-04-05,주식회사 세븐전자코리아,김규근,신정민,131-81-60413,"인천광역시 중구 참외전로110-6, 1층 (인현동)"
LKP0080,1,24년 비데 임차 용역,용역,총액계약,제한경쟁,적격심사제,Y,제6335부대,Z006123,제6335부대,Z006123,87.745,26107244,25752000,23410909,2024-04-05,11:00:00,개찰완료,24346370,93.255,2024-04-05,(주)한성바이오테크,김재경,김재경,220-86-85188,"서울특별시 강남구 개포로25길18 (개포동, 1층)"
MCF0012,1,24년 국립서울현충원 홍보물 2종 제작 용역,용역,총액계약,협상에의한계약(전자),협상,N,국립서울현충원,1290225,국립서울현충원,1290225,,48000000,,43636364,2024-04-05,11:00:00,개찰완료,46130700,96.105,2024-04-17,노다지스튜디오,노신실,노신실,602-09-46654,서울특별시 강남구 선릉로578-0 (삼성동) 7층 15호
MDG0107,2,24년 의무장비(경피전기침전자극기) 구매,물품,총액계약,일반경쟁,적격심사제,Y,국군의무사령부,1290291,국군의무사령부,1290291,87.995,18523567,18392000,16720000,2024-04-05,11:00:00,개찰완료,16302500,88.009,2024-04-05,주식회사조은기업,석귀수,신정아,804-88-00977,"경상남도 창원시 성산구 원이대로774-0 (상남동, 성원아파트)"
MHD0034,1,방위사업 원가계산 외부용역 3차,용역,총액계약,협상에의한계약(전자),협상,N,방위사업청(운영지원과),1690000,방위사업청(운영지원과),1690000,,1206110000,,1096463636,2024-04-05,15:00:00,개찰완료,1050000000,87.056,2024-04-22,(재)동양경제연구원,최홍석,김은지,621-82-03590,"부산광역시 강서구 유통단지1로41, 본관동 301호 (대저2동, 부산티플렉스)"
MHD0040,1,24년 1분기 전산(프린터) 소모품 구매,물품,총액계약,제한경쟁,적격심사제,Y,방위사업청(운영지원과),1690000,방위사업청(운영지원과),1690000,87.995,213763746,212300000,219297273,2024-04-05,10:30:00,개찰완료,188101650,87.995,2024-04-05,이채이이,이동권,이동권,884-26-00859,"광주광역시 서구 동천로18번길19-0 (동천동, 동천마을3단지휴먼시아)310-104"
UMM0162,1,24-D-의류대 수송용역,용역,총액계약,일반경쟁,적격심사제,Y,국군재정관리단,ZD00303,국군재정관리단,ZD00303,85.495,508280826,506160000,469348400,2024-04-05,11:00:00,개찰완료,497622400,97.903,2024-04-05,주식회사 한진,노삼석,류승현,201-81-02823,서울특별시 중구 남대문로63-0 (남대문로2가))
UMM0352,1,(24F049-A) 00대학교 조경관리 용역,용역,총액계약,제한경쟁,적격심사제,Y,국군재정관리단,ZD00303,국군재정관리단,ZD00303,87.995,170738918,169363140,158239091,2024-04-05,11:00:00,개찰완료,150248380,87.998,2024-04-05,(주)진흥녹화센터,최윤호,최윤호,501-81-23714,경상북도 안동시 일직면 안평일직길433-60
UMM0346,1,(246073-C) 방탄복 피 등 3종 제조/구매,물품,총액계약,제한경쟁,적격심사제,Y,국군재정관리단,ZD00303,국군재정관리단,ZD00303,87.995,96319740,96236539,89237518,2024-04-05,11:00:00,개찰완료,84808449,88.048,2024-04-05,(주) 한영디자인,현상균,현상균,849-81-01169,"서울특별시 광진구 동일로449-0 (중곡동), 3층"
UMM0313,1,24-N-고압공기 압축기 2EA 제조,물품,총액계약,일반경쟁,적격심사제,Y,국군재정관리단,ZD00303,국군재정관리단,ZD00303,82.995,646126148,647050000,600000000,2024-04-05,11:00:00,개찰완료,546800000,84.627,2024-04-05,범한산업 주식회사,서정태,허철민,622-81-03072,"경상남도 창원시 마산회원구 자유무역4길62-0 (봉암동, 범한산업)"
UMM0341,1,(246007-G) 24년 O군단 화면전시체계 교체(리스물건),물품,총액계약,일반경쟁,적격심사제,Y,국군재정관리단,ZD00303,국군재정관리단,ZD00303,82.995,377199448,378058637,350563464,2024-04-05,11:00:00,개찰완료,313102790,83.007,2024-04-05,(주)나우시스템,신은영,신은영,408-81-40165,광주광역시 광산구 비아로24번길56-4 (비아동)
UMM0330,1,24-N-보조연료유 이송펌프(NLG-3) 4EA 제조,물품,총액계약,제한경쟁,적격심사제,Y,국군재정관리단,ZD00303,국군재정관리단,ZD00303,87.995,182803401,182350000,169090909,2024-04-05,11:00:00,개찰완료,160940258,88.04,2024-04-05,대성엔텍(주),강주경,성소민,314-88-00095,부산광역시 사하구 낙동대로500 (하단동) 시티파크오피스텔 1410호
UMM0327,1,24-N-폐유펌프(HG40) (펌프 유닛  원심식) 2EA 제조,물품,총액계약,제한경쟁,적격심사제,Y,국군재정관리단,ZD00303,국군재정관리단,ZD00303,87.995,54217237,54110000,50181818,2024-04-05,11:00:00,개찰완료,47756936,88.084,2024-04-05,대성엔텍(주),강주경,성소민,314-88-00095,부산광역시 사하구 낙동대로500 (하단동) 시티파크오피스텔 1410호
UMM0362,1,(246144-F) 간부수첩 표지 제조,물품,총액계약,제한경쟁,적격심사제,Y,국군재정관리단,ZD00303,국군재정관리단,ZD00303,87.995,283985801,279973640,259611927,2024-04-05,11:00:00,개찰완료,252662370,88.97,2024-04-05,영암신문(주),문배근,이미소,412-81-20611,전라남도 영암군 영암읍 동문로41-5
UMM0349,1,(247143-E) 전산운영용품 구매,물품,총액계약,제한경쟁,적격심사제,Y,국군재정관리단,ZD00303,국군재정관리단,ZD00303,87.995,141366160,141303920,131027273,2024-04-05,11:00:00,개찰완료,124396337,87.995,2024-04-05,골드허브,정지명,정지명,350-38-01362,"경기도 고양시 일산서구 킨텍스로240, 제판매시설동 제1층 137호(대화동, 킨텍스 꿈에그린)"
UMM0351,1,(247113-E) 수술재료(3) 2종 구매,물품,총액계약,제한경쟁,적격심사제,Y,국군재정관리단,ZD00303,국군재정관리단,ZD00303,87.995,185678840,185196000,175390000,2024-04-05,11:00:00,개찰완료,182115000,98.08,2024-04-05,주식회사 위플메드,조보현,조보현,441-88-01907,대전광역시 중구 대종로550번길5-0 (선화동) 유원오피스텔 1102호
UMM0343,1,(246010-G) 24년 OO단 전시체계 교체사업(리스물건),물품,총액계약,제한경쟁,적격심사제,Y,국군재정관리단,ZD00303,국군재정관리단,ZD00303,87.995,190716909,191899040,180003782,2024-04-05,11:00:00,개찰완료,167834540,88.001,2024-04-05,주식회사 인텔리빅스,최은수,박고은,114-81-99927,서울특별시 서초구 효령로34길4-0 (방배동) 프린스효령빌딩 6층 601호
UMM0333,1,24-D-남수원  처인체력단련장 코스관리 용역,용역,총액계약,일반경쟁,적격심사제,Y,국군재정관리단,ZD00303,국군재정관리단,ZD00303,87.995,459483116,456440000,455384000,2024-04-05,11:00:00,개찰완료,404407600,88.013,2024-04-05,주식회사 가산조경건설,최상호,임은영,129-81-81884,"경상남도 김해시 율하2로260, 301호(관동동)"
UMM0335,1,24-N-통로개척용 물자세트 등 4종 구매(248045-F),물품,총액계약,제한경쟁,적격심사제,Y,국군재정관리단,ZD00303,국군재정관리단,ZD00303,87.995,192104278,191940000,188059091,2024-04-05,11:00:00,개찰완료,169043477,87.995,2024-04-05,비트,이하경,이하경,159-11-01520,"경상북도 구미시 구미중앙로42길5-66, 6층 609-47호(송정동)"
UMM0340,1,(246009-G) 24년 OO사 대형전시체계 교체(리스물건),물품,총액계약,일반경쟁,적격심사제,Y,국군재정관리단,ZD00303,국군재정관리단,ZD00303,82.995,442030783,442021036,441646491,2024-04-05,11:00:00,개찰완료,366868590,82.996,2024-04-05,주식회사 컴버스테크,김보성,양재석,203-81-64674,"서울특별시 금천구 벚꽃로 234, 에이스하이엔드타워6차 401~404호(가산동)"
LQG0033,1,00부대 운동기구(런닝머신) 임차 용역,용역,총액계약,제한경쟁,적격심사제,Y,육군 52보병사단,ZD00273,육군 52보병사단,ZD00273,87.745,57006447,57600000,52363636,2024-04-08,10:30:00,개찰완료,50555000,88.682,2024-04-08,주식회사 스포플렉스,남병태,박선엽,127-86-26537,경기도 양주시 광적면 그루고개로143번길244-10
MDG0109,1,24년 의무장비(바이오필름 형광검사기) 구매,물품,총액계약,일반경쟁,적격심사제,Y,국군의무사령부,1290291,국군의무사령부,1290291,87.995,10713861,10691800,9918182,2024-04-08,11:00:00,개찰완료,9427922,87.997,2024-04-08,경상유통,장수민,장수민,352-63-00172,"인천광역시 연수구 원인재로59, 30동 309호(동춘동, 연수한양2차아파트)"
MDG0100,1,24년 의무장비(테이블 비뇨기과용) 구매,물품,총액계약,제한경쟁,적격심사제,Y,국군의무사령부,1290291,국군의무사령부,1290291,87.995,9574036,9604000,8909091,2024-04-08,11:00:00,개찰완료,8426838,88.017,2024-04-08,라이언테크,차선아,차선아,503-19-96593,대구광역시 남구 성당로60길97-2 (대명동) 강남빌라 4-401
MDG0101,1,24년 의무장비(견관절 지속운동기) 구매,물품,총액계약,제한경쟁,적격심사제,Y,국군의무사령부,1290291,국군의무사령부,1290291,87.995,24320023,24500000,22727273,2024-04-08,11:00:00,개찰완료,21412265,88.043,2024-04-08,디앤에스,강다겸,강다겸,526-50-00152,"전라남도 광양시 광장로112-11, 102동 308호(중동, 태영아파트)"
MDG0103,1,24년 의무장비(경피신경자극치료기) 구매,물품,총액계약,제한경쟁,적격심사제,Y,국군의무사령부,1290291,국군의무사령부,1290291,87.995,11199172,11211200,10400000,2024-04-08,11:00:00,개찰완료,9854990,87.997,2024-04-08,제이딜(J.Deal),김소연,김소연,302-06-62092,"경기도 고양시 일산동구 정발산로15, 415호 (장항동,드림월드빌딩)"
MDG0104,1,24년 의무장비(청력검사실) 구매,물품,총액계약,제한경쟁,적격심사제,Y,국군의무사령부,1290291,국군의무사령부,1290291,87.995,6993406,7007000,6500000,2024-04-08,11:00:00,개찰완료,6154100,87.998,2024-04-08,엔알디베스트,김동환,김동환,680-51-00846,"인천광역시 남동구 성말로13번길87, 402호(구월동, 로뎀하우스)"
MDG0105,1,24년 의무장비(두부진찰등 이동식) 구매,물품,총액계약,제한경쟁,적격심사제,Y,국군의무사령부,1290291,국군의무사령부,1290291,87.995,19410336,19408900,18004545,2024-04-08,11:00:00,개찰완료,17094000,88.066,2024-04-08,주식회사백운,김민지,김민지,805-88-00456,경기도 의정부시 경의로70-0 (의정부동) 5층 A628호
MDG0106,1,24년 의무장비(흡인기 야전용 배터리식) 구매,물품,총액계약,제한경쟁,적격심사제,Y,국군의무사령부,1290291,국군의무사령부,1290291,87.995,2289942,2273600,2109091,2024-04-08,11:00:00,개찰완료,2028650,88.589,2024-04-08,주식회사 한스피엠아이,한경아,한경아,123-86-08935,경기도 군포시 고산로151번길28-0 (당정동) 403호
MDG0102,1,24년 의무장비(수술등 입식) 구매,물품,총액계약,제한경쟁,적격심사제,Y,국군의무사령부,1290291,국군의무사령부,1290291,87.995,15164378,15092000,14000000,2024-04-08,11:00:00,개찰완료,13343950,87.995,2024-04-08,와이제이테크,김영진,김영진,408-25-60433,경기도 여주시 강천면 마감로170-0
SFG0045,1,안전헬멧 등 41품목 구매,물품,총액계약,제한경쟁,적격심사제,Y,제9181부대,ZD00151,제9181부대,ZD00151,87.995,24746652,24658550,22601955,2024-04-08,10:30:00,개찰완료,21775930,87.995,2024-04-08,유진시스템,김인호,김인호,801-45-00189,"경기도 화성시 융건로182, 1층(배양동)"
UMM0344,1,24-N-잠수함 승조원 티셔츠 제조 ,물품,총액계약,제한경쟁,적격심사제,Y,국군재정관리단,ZD00303,국군재정관리단,ZD00303,87.995,133323894,132350000,122727273,2024-04-08,11:00:00,개찰완료,117359300,88.025,2024-04-08,(주)이은의류,권영재,권영재,377-88-02401,광주광역시 남구 대남대로181번길5-5 (봉선동)
UMM0342,1,24-M-스키장구 (플레이트 등 8품목) 구매,물품,총액계약,제한경쟁,적격심사제,Y,국군재정관리단,ZD00303,국군재정관리단,ZD00303,87.995,229893610,230580000,213818182,2024-04-08,11:00:00,개찰완료,202298740,87.996,2024-04-08,월드모아,최종순,최종순,359-45-00524,"경상북도 포항시 북구 천마로90번길11, 206동 1702호(양덕동)"
UMM0355,1,24-F-김해기지 일반(공통)구역 제초 용역,용역,총액계약,제한경쟁,적격심사제,Y,국군재정관리단,ZD00303,국군재정관리단,ZD00303,87.995,110831062,112280000,116630000,2024-04-08,11:00:00,개찰완료,97563500,88.029,2024-04-08,주식회사 이지데코,김미선,김은조,890-87-00044,"경기도 고양시 일산서구 산현로17번길9(탄현동), 305호 (부건3차)"
EBB0036,1,케이블/배선장치류,물품,총액계약,일반경쟁,적격심사제,Y,방위사업청,1690000,방위사업청,1690000,,2762018892,2759593000,0,2024-04-09,11:00:00,개찰완료,2313000000,83.743,2024-04-09,연합정밀(주),김은주,문제상,312-81-09219,충청남도 천안시 동남구 목천읍 학수소사길219-27
EBB0029,1,함정용 실내 LED 등,물품,총액계약,일반경쟁,적격심사제,Y,방위사업청,1690000,방위사업청,1690000,,1944170001,1948000000,0,2024-04-09,10:30:00,개찰완료,1640000000,84.354,2024-04-09,대양전기공업(주),서영우,조대국,603-81-09788,부산광역시 사하구 장평로 245()
EBB0041,1,24년 155밀리 적재훈련탄,물품,총액계약,일반경쟁,적격심사제,Y,방위사업청,1690000,방위사업청,1690000,,1706209431,1704585000,0,2024-04-09,14:30:00,개찰완료,1431000000,83.87,2024-04-09,삼호정밀,김일천,김수영,622-02-60419,부산광역시 강서구 평강로217-1 (대저1동)
EBB0042,1,24년 단안형 야간투시경 부품류(구매),물품,총액계약,일반경쟁,적격심사제,Y,방위사업청,1690000,방위사업청,1690000,,626245801,624348000,0,2024-04-09,14:30:00,개찰완료,527574000,84.243,2024-04-09,덕인산업,장남인,임병성,621-16-74431,경상남도 양산시 유산공단3길33-0 (교동)
EBB0032,1,하네스류,물품,총액계약,일반경쟁,적격심사제,Y,방위사업청,1690000,방위사업청,1690000,,66106294,65797000,0,2024-04-09,11:00:00,개찰완료,55400000,83.804,2024-04-09,대호정기(주),신영근,신영근,622-81-06410,경상남도 김해시 진영읍 서부로179번길 48()
EBB0035,1,장갑차 수리부속류(K21),물품,총액계약,일반경쟁,적격심사제,Y,방위사업청,1690000,방위사업청,1690000,,409764395,407845000,0,2024-04-09,11:00:00,개찰완료,342875000,83.676,2024-04-09,평화정밀,조현배,이춘희,608-40-62145,부산광역시 강서구 미음산단3로120-0 (미음동)
EBB0038,1,시동기  엔진용,물품,총액계약,제한경쟁,적격심사제,Y,방위사업청,1690000,방위사업청,1690000,,180673906,181407000,0,2024-04-09,11:00:00,개찰완료,159129000,88.075,2024-04-09,진해공업,김재원,김재원,608-14-66967,경상남도 김해시 한림면 김해대로916번길54-42
HCF0075,1,(의무장비) 청력계 자동식,물품,총액계약,제한경쟁,적격심사제,Y,공군군수사령부,ZD00306,공군군수사령부,ZD00306,87.995,36157615,36064706,33441818,2024-04-09,10:30:00,개찰완료,35343410,97.748,2024-04-09,킴스헬스케어,박향미,박향미,123-33-82910,"경기도 군포시 번영로497-0 (산본동, 금화프라자) 502호"
HCF0076,1,(의무장비) 이비인후과 유니트,물품,총액계약,제한경쟁,적격심사제,Y,공군군수사령부,ZD00306,공군군수사령부,ZD00306,87.995,40705522,40672549,37714545,2024-04-09,10:30:00,개찰완료,35820721,87.999,2024-04-09,비트,이하경,이하경,159-11-01520,"경상북도 구미시 구미중앙로42길5-66, 6층 609-47호(송정동)"
HCF0078,1,(의무장비) 수술등 입식등 2종,물품,총액계약,제한경쟁,적격심사제,Y,공군군수사령부,ZD00306,공군군수사령부,ZD00306,87.995,45606840,45686275,42363636,2024-04-09,10:30:00,개찰완료,40135410,88.003,2024-04-09,주식회사 메디시온,김경호,김경호,128-86-86770,경기도 고양시 덕양구 삼막1길3(오금동)
HCF0077,1,방진화 제조,물품,총액계약,제한경쟁,적격심사제,Y,공군군수사령부,ZD00306,공군군수사령부,ZD00306,87.995,33225214,33044118,30640909,2024-04-09,10:30:00,개찰완료,29293135,88.165,2024-04-09,주식회사 칼로스,김혜진,김혜진,653-87-02098,"인천광역시 계양구 효서로45, 지하1층(효성동, 효성빌딩)"
HCF0080,1,24~'25년 기상정보지원기 유지보수,용역,총액계약,제한경쟁,적격심사제,Y,공군군수사령부,ZD00306,공군군수사령부,ZD00306,87.745,99560870,99897058,92631818,2024-04-09,10:30:00,개찰완료,87405208,87.79,2024-04-09,유한회사 동방이노베이션,김준식,안차순,404-81-20890,전북특별자치도 정읍시 북면 북면공단2길87-0
HCL0027,1,24-공군사관학교 통합 제초용역,용역,총액계약,일반경쟁,적격심사제,Y,공군사관학교,7002962,공군사관학교,7002962,85.495,336965306,340320230,314811364,2024-04-09,10:30:00,개찰완료,288262500,85.546,2024-04-11,주식회사우리종합관리,우원명,우원자,312-81-92630,"충청남도 천안시 동남구 청수9로55, 7층 1,2호 (청당동)"
HDK0012,1,24년 일반지역 제초용역,용역,총액계약,제한경쟁,적격심사제,Y,공군제11전투비행단,ZD00202,공군제11전투비행단,ZD00202,87.995,350085290,351188230,325647273,2024-04-09,10:30:00,개찰완료,308057730,87.995,2024-04-09,(주)이든조경,홍세미,홍세미,879-88-00947,대구광역시 달서구 상화로300-0 (도원동)
HDK0013,1,24년 활주로 제초용역,용역,총액계약,제한경쟁,적격심사제,Y,공군제11전투비행단,ZD00202,공군제11전투비행단,ZD00202,87.995,238495365,237017640,219780000,2024-04-09,10:30:00,개찰완료,209869490,87.997,2024-04-09,주식회사 기주건설,손상균,손상균,510-81-07737,"경상북도 경주시 초당길5번길7-1 (동천동), 2층"
HDM0026,1,24년 탄약저장시설 제초용역 ,용역,총액계약,제한경쟁,적격심사제,Y,공군제17전투비행단,ZD00206,공군제17전투비행단,ZD00206,87.995,121103429,120450000,109500000,2024-04-09,10:30:00,개찰완료,106569210,87.998,2024-04-09,새청 주식회사,김현석,김현석,212-81-88817,충청북도 음성군 음성읍 음성로134-14
HDM0027,1,24년 활주로지역 제초용역 ,용역,총액계약,제한경쟁,적격심사제,Y,공군제17전투비행단,ZD00206,공군제17전투비행단,ZD00206,87.995,211357606,211538000,192307273,2024-04-09,10:30:00,개찰완료,186000500,88.002,2024-04-09,고려조경 주식회사,양용순,이정환,425-81-02185,"충청북도 청주시 청원구 충청대로272번길11, 2층 (주성동)"
HDN0017,1,24-활주로 진입등 해상구조물 보수공사 건설사업관리,용역,총액계약,제한경쟁,적격심사제,Y,공군제18전투비행단,ZD00187,공군제18전투비행단,ZD00187,87.745,39437618,39411000,36545455,2024-04-09,13:00:00,개찰완료,34697000,87.979,2024-04-09,주식회사 동서엔지니어링,이익상,이창재,221-81-04733,강원특별자치도 춘천시 후석로44 (석사동) 3층
LCF0056,1,가위 붕대용 등 16항목 구매(의무),물품,총액계약,제한경쟁,적격심사제,Y,육군군수사령부,1290307,육군군수사령부,1290307,87.995,28882500,28893025,26266386,2024-04-09,11:00:00,개찰완료,25415773,87.997,2024-04-09,주식회사 제이코퍼레이션,진연우,진연우,766-86-00972,강원특별자치도 원주시 번재길165-15 (봉산동)
LCF0057,1,3웨이스탑코크 등 4항목 구매(의무),물품,총액계약,제한경쟁,적격심사제,Y,육군군수사령부,1290307,육군군수사령부,1290307,87.995,38992055,39071415,35519468,2024-04-09,11:00:00,개찰완료,37902610,97.205,2024-04-09,주영메딕스,김정임,김정임,206-22-85157,"서울특별시 광진구 뚝섬로31길20-0 (자양동, 대동아파트)상가106호"
LCF0046,1,안면두건 1항목 제조(피복),물품,총액계약,제한경쟁,적격심사제,Y,육군군수사령부,1290307,육군군수사령부,1290307,87.995,21509254,21640800,23004000,2024-04-09,11:00:00,개찰완료,19028502,88.466,2024-04-09,주식회사 토브더가먼트메이커,윤현수,강원구,129-86-78083,"서울특별시 성동구 성수이로147, 909호(성수동2가, 아이에스비즈타워)"
LCF0048,1,조종사용 목티 긴팔 등 4항목 제조(피복),물품,총액계약,제한경쟁,적격심사제,Y,육군군수사령부,1290307,육군군수사령부,1290307,87.995,43738306,43540240,39582036,2024-04-09,11:00:00,개찰완료,38611556,88.278,2024-04-09,주식회사 수영글로벌,박수영,박수영,607-81-90845,"대구광역시 달서구 성서서로47길15, B동  지하(신당동)"
LCF0060,1,타이어  공기압식  차량용 등 2항목 구매(기장),물품,총액계약,일반경쟁,적격심사제,Y,육군군수사령부,1290307,육군군수사령부,1290307,82.995,239027311,238396000,216723636,2024-04-09,11:00:00,개찰완료,198409028,83.006,2024-04-09,주식회사 멀티열린세상,주영철,주상원,161-81-00018,"경기도 광명시 광명로786번길4 (광명동),301호"
LCF0062,1,작전배낭 1항목 제조(피복),물품,총액계약,제한경쟁,적격심사제,Y,육군군수사령부,1290307,육군군수사령부,1290307,87.995,14974861,15120000,14114618,2024-04-09,11:00:00,개찰완료,13294800,88.78,2024-04-09,엔젤상사,남경식,남경식,301-16-48698,"충청북도 청주시 상당구 산성로16번길46(금천동, 201호, 202호, 402호)"
LCG0024,1,[24-육-73] 기여공약 이행을 위한 측량장비 구매,물품,총액계약,일반경쟁,적격심사제,Y,육군본부,1290298,육군본부,1290298,87.995,51844375,51360000,46690909,2024-04-09,11:00:00,개찰완료,45630350,88.014,2024-04-09,라이핏사이언스,신종걸,신종걸,629-14-00619,인천광역시 남동구 은봉로52-0 (논현동) NIC지식산업센터 1013호
LDG0028,1,에나멜 국방색 페인트 등 7개 품목 제조,물품,총액계약,제한경쟁,적격심사제,Y,육군 탄약지원사령부,ZD00086,육군 탄약지원사령부,ZD00086,87.995,50371279,50274540,45704127,2024-04-09,10:30:00,개찰완료,44420000,88.185,2024-04-09,에스에이치씨피주식회사,한향순,장진섭,314-81-67821,충청남도 금산군 추부면 한사래길 6()
LDG0029,1,24년 소화기 보관함 구매,물품,총액계약,제한경쟁,적격심사제,Y,육군 탄약지원사령부,ZD00086,육군 탄약지원사령부,ZD00086,87.995,57618911,58323100,53021000,2024-04-09,10:30:00,개찰완료,50702850,87.996,2024-04-10,환희 컴,김양희,김양희,638-08-01208,"서울특별시 서대문구 홍은중앙로1길65-0 (홍은동, 홍은동 동원 베네스트) 101동 502호"
LDH0383,1,(자재) ABS-M30 등 5종 구매,물품,총액계약,제한경쟁,적격심사제,Y,제2879부대,ZD00347,제2879부대,ZD00347,87.995,41856582,41872000,38827276,2024-04-09,13:00:00,개찰완료,41046708,98.065,2024-04-12,일우디지컴(주),고영남,고영남,107-81-93148,"서울특별시 영등포구 경인로80길 3-11, 영우빌딩3층(문래동1가)"
LDH0386,1,K1전차 펌프 구매,물품,총액계약,제한경쟁,적격심사제,Y,제2879부대,ZD00347,제2879부대,ZD00347,87.995,40563501,40588000,37636364,2024-04-09,13:00:00,개찰완료,39776240,98.059,2024-04-09,이지텍,최준석,최준석,669-04-01034,경상남도 양산시 상북면 소토1길14-0
LFC0027,1,24년 5~6월 가공후식(이온음료 등 8품목) 구매,물품,총액계약,일반경쟁,적격심사제,Y,육군훈련소,ZD00010,육군훈련소,ZD00010,82.995,274681419,271947810,247225282,2024-04-09,11:00:00,개찰완료,228028000,83.015,2024-04-09,주식회사 위주축산,이정숙,김서완,514-88-01563,경상남도 양산시 중앙로50-0 (남부동)
LKF0013,1,00여단 간부숙소 신축 가구 제조설치 납품,물품,총액계약,제한경쟁,적격심사제,Y,제6755부대,ZD00090,제6755부대,ZD00090,87.945,413666130,417547058,387180000,2024-04-09,10:30:00,개찰완료,365443400,88.342,2024-04-09,주식회사 제이시스템가구,장도선,장도선,327-88-02589,인천광역시 서구 대곡로263(대곡동)
LKP0081,1,00부대 창고 아연도금 철판 제조설치,물품,총액계약,제한경쟁,적격심사제,Y,제6335부대,Z006123,제6335부대,Z006123,87.995,18521872,18627451,17272727,2024-04-09,11:30:00,개찰완료,16329317,88.162,2024-04-09,태영조경 주식회사,김광진,이성숙,305-81-36815,"대전광역시 서구 둔산남로9번길5, 201호(둔산동)"
LMH0026,1,00부대 항공전술훈련 시뮬레이터 외주정비용역(C029),용역,총액계약,제한경쟁,적격심사제,Y,제7군단,ZD00101,제7군단,ZD00101,85.495,366252718,367178000,333798182,2024-04-09,10:30:00,개찰완료,359700000,98.21,2024-04-09,(주)네비웍스,원준희,이윤상,220-81-77117,경기도 안양시 동안구 부림로170번길41-18 (관양동)
MDD0062,1,2024년 수도병원 소방시설(작동기능/종합정밀) 점검,용역,총액계약,제한경쟁,적격심사제,Y,국군수도병원,ZD00236,국군수도병원,ZD00236,87.745,39739063,39689363,36817591,2024-04-09,11:00:00,개찰완료,34892000,87.802,2024-04-09,(주)유신플랜테크,홍성철,홍성철,105-86-19400,서울특별시 마포구 신촌로6길 24(동교동)
MDR0009,1,24년 고속단정  15인승 엔진 외주정비,용역,총액계약,제한경쟁,적격심사제,Y,제9965부대,ZD00075,제9965부대,ZD00075,87.745,58507700,58590000,53263636,2024-04-09,11:00:00,개찰완료,51341000,87.75,2024-04-09,혁신산업,김윤정,김윤정,615-19-20663,경상남도 김해시 한림면 한림로515번길224-0
MDR0011,1,24년 수영자이송정 외주정비,용역,총액계약,일반경쟁,적격심사제,Y,제9965부대,ZD00075,제9965부대,ZD00075,85.495,382560491,380000000,345454545,2024-04-09,11:00:00,개찰완료,331968000,86.775,2024-04-09,주식회사 로마스인더스트리즈,전애영,임정욱,222-81-08862,강원특별자치도 삼척시 근덕면 본동길 21-196 농공단지1블럭()
MDR0010,1,24년 선박엔진 외주정비,용역,총액계약,제한경쟁,적격심사제,Y,제9965부대,ZD00075,제9965부대,ZD00075,87.745,164351247,164331000,149391818,2024-04-09,11:00:00,개찰완료,144392230,87.855,2024-04-09,기성마린,이희상,이희상,620-02-83018,부산광역시 사상구 낙동대로1458 (삼락동)
SCF0320,1,동기장치  전기식 등 2종 구매,물품,총액계약,제한경쟁,적격심사제,Y,해군군수사령부,ZD00289,해군군수사령부,ZD00289,87.995,27887181,28000000,27515455,2024-04-09,10:30:00,개찰완료,26916000,96.517,2024-04-09,동진상사,윤영현,윤영현,221-06-97424,"경기도 평택시 평택5로34번길48, 402호(합정동)"
SCF0325,1,스프링 나선형 인장형 등 27종 구매,물품,총액계약,제한경쟁,적격심사제,Y,해군군수사령부,ZD00289,해군군수사령부,ZD00289,87.995,214857473,215000000,199987455,2024-04-09,10:30:00,개찰완료,189067710,87.996,2024-04-09,나니랜드,민채원,민채원,645-29-00667,경기도 성남시 수정구 시민로241번길28-7 (태평동)
SCF0198,2,표시판  레이더세트 제원용(DY-NDS) 유지보수 용역,용역,총액계약,일반경쟁,적격심사제,Y,해군군수사령부,ZD00289,해군군수사령부,ZD00289,85.495,309736539,309000000,287324000,2024-04-09,10:30:00,개찰완료,266682000,86.099,2024-04-09,한양무선통신,최영복,최영복,608-25-94213,경상남도 창원시 의창구 팔용로 399()
SCF0321,1,대잠립 충격흡수형 폼 분리형 튜브 3SET 구매,물품,총액계약,제한경쟁,적격심사제,Y,해군군수사령부,ZD00289,해군군수사령부,ZD00289,87.995,116799128,116000000,108409091,2024-04-09,10:30:00,개찰완료,102782000,87.998,2024-04-09,이도랜드,강현모,강현모,307-61-00237,서울특별시 양천구 가로공원로131 지하 (신월동)
SCF0319,1,필터  유체용 등 19종 구매,물품,총액계약,제한경쟁,적격심사제,Y,해군군수사령부,ZD00289,해군군수사령부,ZD00289,87.995,101187650,100000000,99180973,2024-04-09,10:30:00,개찰완료,90995500,89.927,2024-04-09,우진,김무공,김무공,204-50-69853,경상남도 고성군 고성읍 동외로191-0
SCF0322,1,위성방송수신안테나 5EA 구매,물품,총액계약,제한경쟁,적격심사제,Y,해군군수사령부,ZD00289,해군군수사령부,ZD00289,87.995,25986064,26000000,25000000,2024-04-09,10:30:00,개찰완료,22866490,87.995,2024-04-09,해성컴퍼니,박혜림,박혜림,213-05-17854,"대전광역시 동구 계족로358번길21 (성남동), 1층"
SCF0324,1,램프 형광등 등 5종 구매,물품,총액계약,제한경쟁,적격심사제,Y,해군군수사령부,ZD00289,해군군수사령부,ZD00289,87.995,36242099,36000000,38357469,2024-04-09,10:30:00,개찰완료,33156000,91.484,2024-04-09,세종상사,노정래,노정래,609-08-56097,경상남도 창원시 진해구 여명로52 (여좌동)
UMM0106,1,24-F-기압계  아네로이드식 구매,물품,총액계약,제한경쟁,적격심사제,Y,국군재정관리단,ZD00303,국군재정관리단,ZD00303,87.995,88105888,88180000,81770455,2024-04-09,11:00:00,개찰완료,77530000,87.996,2024-04-09,나연,김나연,김나연,630-40-01086,인천광역시 서구 청라한내로72번길1307호
UMM0376,1,(246082-D)백색가죽요대 등 10종 제조,물품,총액계약,제한경쟁,적격심사제,Y,국군재정관리단,ZD00303,국군재정관리단,ZD00303,87.995,109783373,109477800,115240664,2024-04-09,11:00:00,개찰완료,96614300,88.004,2024-04-09,(주)군장코퍼레이션,노광연,노광연,188-88-02586,충청남도 태안군 근흥면 근흥로242-28
UMM0369,1,(24F097-A) 제초용역,용역,총액계약,일반경쟁,적격심사제,Y,국군재정관리단,ZD00303,국군재정관리단,ZD00303,87.995,257721956,259233330,240380000,2024-04-09,11:00:00,개찰완료,226931000,88.052,2024-04-09,주식회사 공간이천이십,유혜경,정용조,198-87-01568,"경기도 평택시 평택로275, 208호(세교동)"
UMM0288,1,24-F-병영시설 방제 용역,용역,총액계약,제한경쟁,적격심사제,Y,국군재정관리단,ZD00303,국군재정관리단,ZD00303,87.745,206474576,205960000,210082260,2024-04-09,11:00:00,개찰완료,181171400,87.745,2024-04-09,베스트환경,김충섭,김충섭,741-28-00162,경상남도 창원시 의창구 남산로113번길26-1 (서상동) 101호
UMM0358,1,24-N-공기압축기 저압 5EA 제조,물품,총액계약,일반경쟁,적격심사제,Y,국군재정관리단,ZD00303,국군재정관리단,ZD00303,82.995,1319549485,1323520000,1227272727,2024-04-09,11:00:00,개찰완료,1118374400,84.754,2024-04-09,범한산업 주식회사,서정태,허철민,622-81-03072,"경상남도 창원시 마산회원구 자유무역4길62-0 (봉암동, 범한산업)"
UMM0356,1,24-F-광역발전기 세트 구매,물품,총액계약,일반경쟁,적격심사제,Y,국군재정관리단,ZD00303,국군재정관리단,ZD00303,82.995,2118472650,2121610000,1967319600,2024-04-09,11:00:00,개찰완료,1808900000,85.386,2024-04-09,유신에이치알 주식회사,허순정,박현숙,602-81-47358,부산광역시 기장군 장안읍 반룡산단2로25-0
UMM0357,1,24-F-헬륨가스 구매,물품,총액계약,일반경쟁,적격심사제,Y,국군재정관리단,ZD00303,국군재정관리단,ZD00303,82.995,691229035,689760000,639600000,2024-04-09,11:00:00,개찰완료,573745766,83.003,2024-04-09,한국가스텍,신중범,신중범,610-21-69704,울산광역시 울주군 온산읍 내동2길18-0
UMM0391,1,(247098-E) 수술포 36종 구매,물품,총액계약,제한경쟁,적격심사제,Y,국군재정관리단,ZD00303,국군재정관리단,ZD00303,87.995,84298244,83732110,77642509,2024-04-09,11:00:00,개찰완료,74180300,87.997,2024-04-09,주식회사 정현,심정현,심정현,671-88-01226,"경기도 의정부시 둔야로45번길11, 1층 1170호 (의정부동)"
UMM0325,1,24-N-휴대용 금속탐지기 구매,물품,총액계약,제한경쟁,적격심사제,Y,국군재정관리단,ZD00303,국군재정관리단,ZD00303,87.995,190533602,189000000,187172727,2024-04-09,11:00:00,개찰완료,167662400,87.996,2024-04-09,에이스,김미현,김미현,119-19-72076,서울특별시 금천구 가산디지털1로25 (가산동) 대륭테크노타운17차 제지하1층 제비102호
UMM0377,1,(247061-D)수술재료5 구매,물품,총액계약,제한경쟁,적격심사제,Y,국군재정관리단,ZD00303,국군재정관리단,ZD00303,87.995,149530101,148529411,137727273,2024-04-09,11:00:00,개찰완료,131584500,87.998,2024-04-09,JJ기획,하헌제,하헌제,128-37-60637,"경기도 고양시 일산동구 강석로33 (백석동, 대우IAAN) 217호"
UMM0307,1,24-F-제초기 구매,물품,총액계약,제한경쟁,적격심사제,Y,국군재정관리단,ZD00303,국군재정관리단,ZD00303,87.995,80343436,79590000,73806036,2024-04-09,11:00:00,개찰완료,70700900,87.998,2024-04-09,준아트,박용준,박용준,193-10-01412,"경기도 의정부시 안말로44(호원동, 현대아트홈) 602호"
UMM0397,1,(247019-F) 치과재료 구매,물품,총액계약,제한경쟁,적격심사제,Y,국군재정관리단,ZD00303,국군재정관리단,ZD00303,87.995,116373205,116379560,107915600,2024-04-09,11:00:00,개찰완료,102407160,87.998,2024-04-09,(주)모던애드,이재현,이재현,101-81-76364,"서울특별시 영등포구 도림로462, 206호 (문래동3가, 국화상가)"
UMM0392,1,(247108-E) 특수수술재료(지혈제) 구매,물품,총액계약,제한경쟁,적격심사제,Y,국군재정관리단,ZD00303,국군재정관리단,ZD00303,87.995,99167121,98664000,95418182,2024-04-09,11:00:00,개찰완료,98664000,99.492,2024-04-09,강원상사,김동국,김동국,221-02-48191,강원특별자치도 춘천시 남춘로17-0 (퇴계동)
UMM0363,1,24-N-펌프 원심식(EHP-80C) 제조(248071-F),물품,총액계약,제한경쟁,적격심사제,Y,국군재정관리단,ZD00303,국군재정관리단,ZD00303,87.995,208294179,207900000,232272727,2024-04-09,11:00:00,개찰완료,183333880,88.016,2024-04-09,주식회사엠아이텍,조형수,조다영,314-81-38229,"대전광역시 서구 구봉산북로7번길57, 2층 202호 (관저동)"
UMM0365,1,24-N-청수펌프(EHP-40B 50GPM)제조(248013-F),물품,총액계약,제한경쟁,적격심사제,Y,국군재정관리단,ZD00303,국군재정관리단,ZD00303,87.995,246902362,246000000,261818182,2024-04-09,11:00:00,개찰완료,217272500,87.999,2024-04-09,태성테크,하연희,하연희,435-18-00521,경상남도 창원시 의창구 대산면 가술산남로12번길20-1
UMM0372,1,(24F090-A) 유류중대 급유시설 기술민간위탁 용역,용역,총액계약,제한경쟁,적격심사제,Y,국군재정관리단,ZD00303,국군재정관리단,ZD00303,87.745,93456210,92879140,86124300,2024-04-09,11:00:00,개찰완료,82557000,88.337,2024-04-09,프라임방재주식회사,김회택,노희환,109-81-95477,"서울특별시 강서구 허준로 217, 가양테크노타운 908호(가양동)"
UMM0381,1,(24G008-H)24년 과학수사시스템 통합 유지관리용역,용역,총액계약,제한경쟁,적격심사제,Y,국군재정관리단,ZD00303,국군재정관리단,ZD00303,87.745,67518147,67741450,62814800,2024-04-09,11:00:00,개찰완료,59267954,87.78,2024-04-09,대양종합솔라팅 주식회사,한선미,한선미,836-81-00150,전라남도 영광군 대마면 전기차1로129-0
EBB0045,1,24년 등명구부품류,물품,총액계약,일반경쟁,적격심사제,Y,방위사업청,1690000,방위사업청,1690000,,537527571,536605000,0,2024-04-11,14:30:00,개찰완료,460869950,85.738,2024-04-11,주식회사 지앤피코리아,김옥금,김옥금,188-87-02901,경기도 양주시 광적면 현석로773-0
HCL0028,1,24-061 발전기세트  디젤엔진식,물품,총액계약,제한경쟁,적격심사제,Y,공군사관학교,7002962,공군사관학교,7002962,87.995,37678583,38000000,34545455,2024-04-11,11:00:00,개찰완료,33518300,88.958,2024-04-11,파워코리아 주식회사,김판준,김민정,124-86-39595,경기도 화성시 남양읍 무하로110번길40-18
HDQ0032,1,20비 24-66 컨테이너 부스  정비사 대기실 제조 구매,물품,총액계약,제한경쟁,적격심사제,Y,제20전투비행단,ZD00161,제20전투비행단,ZD00161,87.995,63116018,62980000,58400000,2024-04-11,10:30:00,개찰완료,55550000,88.012,2024-04-11,신강건설산업 주식회사,양인순,김세라,310-81-24631,충청남도 아산시 신정로333-26 (기산동)
LDH0105,2,K1A2 전장관리신호처리기 시험장비개발 연구용역,용역,총액계약,2단계경쟁(동시),최저가격제,N,제2879부대,ZD00347,제2879부대,ZD00347,0,53656835,53813000,49900000,2024-04-11,13:00:00,개찰완료,45320000,84.462,2024-04-11,주식회사 유니텍,이훈민,김상도,114-81-33264,"경기도 안양시 동안구 시민대로387  A동 1201-1호(관양동,디지털엠파이어)"
LPF0040,1,음식물류 폐기물 처리,용역,단가계약,제한경쟁,적격심사제,Y,제5067부대,ZD00019,제5067부대,ZD00019,84.245,180,180,176698473,2024-04-11,10:30:00,개찰완료,152,84.281,2024-04-15,중원산업,김경민,김경민,381-90-00161,"충청북도 충주시 대소원면 산정독정길222, 경복빌딩 203호"
MDD0060,1,2024  외과장비운영소모품(5-1) 4품목 구매,물품,총액계약,제한경쟁,적격심사제,Y,국군수도병원,ZD00236,국군수도병원,ZD00236,87.995,20034517,20062000,20531818,2024-04-11,11:00:00,개찰완료,19980000,99.727,2024-04-11,우분트코리아,강윤진,강인식,215-23-85051,"경기도 시흥시 대은로8-10 (은행동, 강원빌딩)"
MDD0061,1,2024 병리장비운영소모품(10) 8품목 구매,물품,총액계약,제한경쟁,적격심사제,Y,국군수도병원,ZD00236,국군수도병원,ZD00236,87.995,8696594,8662000,8307273,2024-04-11,11:00:00,개찰완료,7652840,87.998,2024-04-11,은서유통,윤운태,윤운태,224-21-11224,충청남도 보령시 남포면 봉덕삼현길305-136
SCF0328,1,잠수함 충·방전기(209급  214급 겸용/제주) 정비,물품,총액계약,일반경쟁,적격심사제,Y,해군군수사령부,ZD00289,해군군수사령부,ZD00289,82.995,216767987,219000000,203444545,2024-04-11,10:30:00,개찰완료,183959600,84.864,2024-04-11,이화전기공업 주식회사,위종묵,백기현,215-81-04548,"서울특별시 강남구 논현로 746, 석호빌딩(논현동)"
SCF0330,1,오더피커 1set 구매,물품,총액계약,제한경쟁,적격심사제,Y,해군군수사령부,ZD00289,해군군수사령부,ZD00289,87.995,33100163,33000000,30977273,2024-04-11,10:30:00,개찰완료,32791000,99.065,2024-04-12,주식회사 수성이브이,오세진,박선하,606-86-59448,"부산광역시 기장군 장안읍 명례산단6로124 , 사무동 2층 2호"
SCF0337,1,여과기 부품 등 20종 구매,물품,총액계약,제한경쟁,적격심사제,Y,해군군수사령부,ZD00289,해군군수사령부,ZD00289,87.995,129431300,130000000,120830000,2024-04-11,10:30:00,개찰완료,113893138,87.995,2024-04-12,(주)수디자인,길선미,길선미,186-88-01941,"대전광역시 유성구 복용동로43, 6층 F632호 (복용동)"
SCF0340,1,회로카드 조립체 등 20종 구매,물품,총액계약,제한경쟁,적격심사제,Y,해군군수사령부,ZD00289,해군군수사령부,ZD00289,82.995,476121481,472000000,458890909,2024-04-11,10:30:00,개찰완료,412500000,86.637,2024-04-12,이화전기공업 주식회사,위종묵,백기현,215-81-04548,"서울특별시 강남구 논현로 746, 석호빌딩(논현동)"
SCF0338,1,시일 밀봉형 등 20종 구매,물품,총액계약,제한경쟁,적격심사제,Y,해군군수사령부,ZD00289,해군군수사령부,ZD00289,87.995,146506106,146000000,135501818,2024-04-11,10:30:00,개찰완료,128918333,87.995,2024-04-12,(주)수디자인,길선미,길선미,186-88-01941,"대전광역시 유성구 복용동로43, 6층 F632호 (복용동)"
SCF0339,1,전원공급기 무정전식 등 7종 구매,물품,총액계약,제한경쟁,적격심사제,Y,해군군수사령부,ZD00289,해군군수사령부,ZD00289,87.995,181964365,182000000,183236364,2024-04-11,10:30:00,개찰완료,180180000,99.019,2024-04-12,주식회사 엠제이엠,김무진,김무진,481-86-01366,대구광역시 서구 새방로29길6-17 (상리동)
SCF0341,1,구명구 조끼형 구매,물품,총액계약,제한경쟁,적격심사제,Y,해군군수사령부,ZD00289,해군군수사령부,ZD00289,82.995,255378282,255000000,236684795,2024-04-11,10:30:00,개찰완료,211951530,82.995,2024-04-12,주식회사 원포인트 듀오,이인환,이인환,206-86-93703,"서울특별시 강북구 덕릉로40길74, 701호(번동, 강북전자공단)"
SFC0029,1,해병대 데이터 관리 및 활용 발전 방안 연구,용역,총액계약,2단계경쟁(동시),최저가격제,N,제9691부대,ZD00152,제9691부대,ZD00152,0,39392663,39094581,36990909,2024-04-11,10:30:00,개찰완료,27000000,68.54,2024-04-12,주식회사 베테랑콤,이재평,이재평,214-87-40937,서울특별시 서초구 서초동1432-13 202
UMM0312,1,24-F-선반  엔진용 구매,물품,총액계약,제한경쟁,적격심사제,Y,국군재정관리단,ZD00303,국군재정관리단,ZD00303,87.995,80380904,80740000,77505200,2024-04-11,11:00:00,개찰완료,70731240,87.995,2024-04-11,바른유통,안은순,안은순,608-49-18638,경기도 남양주시 진접읍 봉현로51-4 (길훈아파트) 106-101
UMM0374,1,24-M-훈련장 제초관리 용역,용역,총액계약,제한경쟁,적격심사제,Y,국군재정관리단,ZD00303,국군재정관리단,ZD00303,87.995,132465422,131730000,122150909,2024-04-11,11:00:00,개찰완료,116590050,88.015,2024-04-11,주식회사 고은건설,임주형,임주형,508-81-40150,경상북도 영양군 영양읍 중앙로85-1
UMM0354,1,24~27-N-얼음정수기(59대) 임차용역,용역,총액계약,제한경쟁,적격심사제,Y,국군재정관리단,ZD00303,국군재정관리단,ZD00303,87.745,136080580,135350000,125509091,2024-04-11,11:00:00,개찰완료,119411630,87.75,2024-04-11,을상 주식회사,이혜진,이혜진,268-88-00910,"경기도 용인시 기흥구 죽전로10, 6층 601-48호(보정동, 장은메디칼프라자)"
UMM0367,1,24-N-빌지펌프 4.5㎥HR 5EA 제조,물품,총액계약,제한경쟁,적격심사제,Y,국군재정관리단,ZD00303,국군재정관리단,ZD00303,87.995,179809823,179600000,189772727,2024-04-11,11:00:00,개찰완료,158228000,87.997,2024-04-11,주식회사 에이스중공업,신이철,조희주,234-87-00832,전북특별자치도 김제시 백산면 지평선산단3길89-13
UMM0373,1,24-N-고소작업대 A형 구매,물품,총액계약,일반경쟁,적격심사제,Y,국군재정관리단,ZD00303,국군재정관리단,ZD00303,82.995,287909560,287900000,349963636,2024-04-11,11:00:00,개찰완료,239005000,83.013,2024-04-11,한길씨앤씨 주식회사,신용인,김홍정,110-81-48993,"서울특별시 금천구 서부샛길632-0 (가산동, 대륭테크노타운5)"
UMM0371,1,24-N-가스엔진히트펌프 구매,물품,총액계약,제한경쟁,적격심사제,Y,국군재정관리단,ZD00303,국군재정관리단,ZD00303,87.995,112167191,111790000,103663636,2024-04-11,11:00:00,개찰완료,98701610,87.995,2024-04-11,씨에스컴퍼니,나철수,나철수,424-08-01327,"서울특별시 강동구 천호대로1139,11층 알1156호(길동)"
UMM0345,1,24-F-전원 공급기 구매,물품,총액계약,일반경쟁,적격심사제,Y,국군재정관리단,ZD00303,국군재정관리단,ZD00303,82.995,303354877,301680000,279741818,2024-04-11,11:00:00,개찰완료,251818310,83.011,2024-04-11,신흥리테일,최영철,최영철,675-02-03144,"충청남도 천안시 서북구 충무로124-24, 111동 801호(쌍용동, 현대홈타운아이파크)"
UMM0368,1,24-N-기술교범 외주번역 용역,용역,총액계약,제한경쟁,적격심사제,Y,국군재정관리단,ZD00303,국군재정관리단,ZD00303,87.745,152530237,151450000,140444682,2024-04-11,11:00:00,개찰완료,133838110,87.745,2024-04-11,주식회사 휴먼디앤씨,권혜란,권혜란,304-81-21037,충청북도 제천시 고암로1길15-0 (청전동)
EBB0052,1,24년 플런저 신속분리식,물품,총액계약,제한경쟁,적격심사제,Y,방위사업청,1690000,방위사업청,1690000,,35553690,35469000,0,2024-04-12,14:30:00,개찰완료,31290574,88.009,2024-04-12,가온테크,황진순,황진순,101-28-11221,부산광역시 사상구 낙동대로1390번길89-0 (삼락동)
EBB0056,1,24년 기관총 주야조준경 부품류(구매),물품,총액계약,일반경쟁,적격심사제,Y,방위사업청,1690000,방위사업청,1690000,,903309256,907764000,0,2024-04-12,14:30:00,개찰완료,764661794,84.651,2024-04-12,주식회사 엔미디어솔루션,조윤규,김정언,119-86-53412,"인천광역시 계양구 계산새로71, 비동 310호(계산동, 하이베라스)"
HCL0031,1,24-청주교육시설 BTL사업 전략환경영향평가 용역,용역,총액계약,일반경쟁,적격심사제,Y,공군사관학교,7002962,공군사관학교,7002962,87.745,149213792,148990000,135445455,2024-04-12,11:00:00,개찰완료,130950252,87.76,2024-04-15,주식회사 청호알앤디,김정민,김정민,159-86-01154,전라남도 무안군 현경면 유수정길34-31
HDM0029,1,24년 ACS/IDS 출입접근통제체계 유지보수,용역,총액계약,일반경쟁,적격심사제,Y,공군제17전투비행단,ZD00206,공군제17전투비행단,ZD00206,87.745,45423999,45180000,41072727,2024-04-12,10:30:00,개찰완료,39865476,87.763,2024-04-12,소성정보기술 주식회사,김금남,김금남,201-86-03701,서울특별시 구로구 공원로11길 33(구로동)
LCF0061,2,후레셔 유니트 등 2항목 제조(기장),물품,총액계약,제한경쟁,적격심사제,Y,육군군수사령부,1290307,육군군수사령부,1290307,87.745,69674244,69443709,63130645,2024-04-12,11:00:00,개찰완료,61401000,88.125,2024-04-12,진해공업,김재원,김재원,608-14-66967,경상남도 김해시 한림면 김해대로916번길54-42
LCF0041,1,일회용주사바늘26게이지 등 3품목 구매(의무),물품,총액계약,제한경쟁,적격심사제,Y,육군군수사령부,1290307,육군군수사령부,1290307,87.995,31819557,31773199,28884726,2024-04-12,11:00:00,개찰완료,28000000,87.996,2024-04-12,토리컴퍼니,조정윤,조정윤,662-54-00418,"경기도 화성시 동탄대로시범길189, 108호(청계동, 가든프라자)"
LDG0026,2,24년 폐지환통 위탁처리 용역,용역,총액계약,일반경쟁,적격심사제,Y,육군 탄약지원사령부,ZD00086,육군 탄약지원사령부,ZD00086,84.245,79140204,79200000,72000000,2024-04-12,10:30:00,개찰완료,66904700,84.539,2024-04-12,주식회사 조은환경개발,김애경,김애경,733-87-01468,경기도 양주시 칠봉산로314번길101-0 (봉양동)
LDG0030,1,나사 등 167개 품목 구매,물품,총액계약,제한경쟁,적격심사제,Y,육군 탄약지원사령부,ZD00086,육군 탄약지원사령부,ZD00086,87.995,185865933,187640300,170582091,2024-04-12,10:30:00,개찰완료,163559030,87.998,2024-04-15,휴앤케어,박진형,박진형,504-25-54471,대구광역시 북구 학남로60 (학정동)
LDG0031,1,가스관조립체 등 13개 품목 제조,물품,총액계약,제한경쟁,적격심사제,Y,육군 탄약지원사령부,ZD00086,육군 탄약지원사령부,ZD00086,82.995,302682853,301149960,273772691,2024-04-12,10:30:00,개찰완료,255631144,84.455,2024-04-15,도균테크,김도균,김도균,606-38-19751,부산광역시 사상구 낙동대로1318번길52-0 (삼락동)
LDH0332,1,RAM업무 고도화를 위한 잠정목표값 설정 연구용역,용역,총액계약,2단계경쟁(동시),최저가격제,N,제2879부대,ZD00347,제2879부대,ZD00347,0,29510635,29411000,27272727,2024-04-12,13:00:00,개찰완료,23000000,77.938,2024-04-12,국립금오공과대학교산학협력단,권오형,한달연,513-82-07067,"경상북도 구미시 대학로 61, 금오공과대학교 산학협력단(양호동)"
LDH0389,1,24-4차 정비용 장비 부품구매,물품,총액계약,제한경쟁,적격심사제,Y,제2879부대,ZD00347,제2879부대,ZD00347,87.995,15588863,15536000,14406727,2024-04-12,13:00:00,개찰완료,15360000,98.531,2024-04-12,에스와이테크,정미경,정미경,609-09-54951,경상남도 창원시 의창구 팔용로 355()
LDH0390,1,24년 전반기 정비장비 예비부품구매(공병장비류),물품,총액계약,제한경쟁,적격심사제,Y,제2879부대,ZD00347,제2879부대,ZD00347,87.995,28285067,28166000,26117682,2024-04-12,13:00:00,개찰완료,27943000,98.79,2024-04-12,에스와이테크,정미경,정미경,609-09-54951,경상남도 창원시 의창구 팔용로 355()
LDH0391,1,(자재) 에폭시프라이머코팅키트 제조,물품,총액계약,제한경쟁,적격심사제,Y,제2879부대,ZD00347,제2879부대,ZD00347,87.995,45106873,45164000,41879850,2024-04-12,13:00:00,개찰완료,39784000,88.199,2024-04-12,에스에이치씨피주식회사,한향순,장진섭,314-81-67821,충청남도 금산군 추부면 한사래길 6()
LDH0392,1,(일장) 장갑전투도자 키 기계용 등 8품목 구매,물품,총액계약,제한경쟁,적격심사제,Y,제2879부대,ZD00347,제2879부대,ZD00347,87.995,5128675,5100000,4729091,2024-04-12,13:00:00,개찰완료,4680000,91.251,2024-04-12,DGI산업,백지윤,백지윤,607-16-48427,"부산광역시 동래구 차밭골로21번길36, 1층 (온천동)"
LGP0076,2,24-2차 면류 다수품목 단가계약,물품,단가계약,일반경쟁,적격심사제,Y,제5378부대,ZD00217,제5378부대,ZD00217,82.995,8877,8964,8149,2024-04-12,11:00:00,개찰완료,8516,95.939,2024-04-12,씨제이프레시웨이 주식회사,이건일,권영석,603-81-11270,경기도 용인시 기흥구 기곡로32-0 (하갈동)
LGP0076,3,24-2차 면류 다수품목 단가계약,물품,단가계약,일반경쟁,적격심사제,Y,제5378부대,ZD00217,제5378부대,ZD00217,82.995,8877,8964,8149,2024-04-12,11:00:00,개찰완료,8516,95.939,2024-04-12,씨제이프레시웨이 주식회사,이건일,권영석,603-81-11270,경기도 용인시 기흥구 기곡로32-0 (하갈동)
LKP0070,2,액화석유가스,물품,단가계약,일반경쟁,적격심사제,Y,제6335부대,Z006123,제6335부대,Z006123,82.995,1682,1682,1481606280,2024-04-12,11:00:00,개찰완료,1450,86.185,2024-04-12,신라에너지,박용국,박용국,847-34-00613,경상북도 구미시 거양길280-0 (양호동)
LKP0073,2,액화석유가스,물품,단가계약,일반경쟁,적격심사제,Y,제6335부대,Z006123,제6335부대,Z006123,82.995,1701,1699,1128159471,2024-04-12,11:00:00,개찰완료,1428,83.998,2024-04-12,일신에너지(주),김보극,김보극,303-81-56566,충청북도 음성군 음성읍 충청대로1641  일신에너지(주)
LKP0082,1,24년 식기세척기 임차 용역(53군지단),용역,총액계약,제한경쟁,적격심사제,Y,제6335부대,Z006123,제6335부대,Z006123,87.745,21655789,21600000,19636364,2024-04-12,11:00:00,개찰완료,19016550,87.812,2024-04-12,(주)한성바이오테크,김재경,김재경,220-86-85188,"서울특별시 강남구 개포로25길18 (개포동, 1층)"
MDG0112,1,24년 의무장비(초음파진단기 사단용) 구매,물품,총액계약,제한경쟁,적격심사제,Y,국군의무사령부,1290291,국군의무사령부,1290291,87.995,38706726,38632580,35837273,2024-04-12,11:00:00,개찰완료,34060417,87.996,2024-04-12,라움,경미르,경미르,272-17-02275,"경기도 이천시 진상미로2229-12, 1층 일부호(고담동)"
MDG0110,1,24년 의무장비(레이저통증치료기) 구매,물품,총액계약,제한경쟁,적격심사제,Y,국군의무사령부,1290291,국군의무사령부,1290291,87.995,3435170,3430000,3181818,2024-04-12,11:00:00,개찰완료,3022860,87.997,2024-04-12,주식회사 정운씨앤씨,이한슬,이한슬,739-81-02236,"경기도 김포시 고촌읍 인향로210번길6, 1층 30호"
MDR0012,1,씽크대 제조설치납품,물품,총액계약,제한경쟁,적격심사제,Y,제9965부대,ZD00075,제9965부대,ZD00075,87.995,22834940,22900000,21240000,2024-04-12,10:30:00,개찰완료,20093630,87.995,2024-04-12,주식회사 쿤스트에프케이,조경호,조경호,233-81-06748,경기도 광주시 오포읍 포은대로339(추자동)
SCF0335,1,게이트밸브 등 8품목 구매,물품,총액계약,제한경쟁,적격심사제,Y,해군군수사령부,ZD00289,해군군수사령부,ZD00289,87.995,55220586,55000000,51247199,2024-04-12,10:30:00,개찰완료,48591720,87.995,2024-04-12,주식회사 대한하우징,유한,유한,120-88-29084,"인천광역시 남동구 만수서로37번길42,1층(만수동)"
SCF0333,1,판  안내용 1 000EA 구매,물품,총액계약,제한경쟁,적격심사제,Y,해군군수사령부,ZD00289,해군군수사령부,ZD00289,87.995,12083896,12000000,11825000,2024-04-12,10:30:00,개찰완료,10633300,87.995,2024-04-12,수에스지,김상영,김상영,411-18-91967,"부산광역시 동래구 쇠미로81번길22, 205동 306호(사직동, 사직2차 삼정그린코아아파트)"
SCF0336,1,베어링 등 22종 구매,물품,총액계약,제한경쟁,적격심사제,Y,해군군수사령부,ZD00289,해군군수사령부,ZD00289,87.995,78049663,78000000,73092209,2024-04-12,10:30:00,개찰완료,68681240,87.996,2024-04-12,주식회사 전북진설종합관리,한귀희,강봉창,773-86-00266,전북특별자치도 익산시 부송로196-0 (부송동)
SCF0334,1,회로카트 조립체 1EA 구매,물품,총액계약,제한경쟁,적격심사제,Y,해군군수사령부,ZD00289,해군군수사령부,ZD00289,87.995,54004031,54000000,52372000,2024-04-12,10:30:00,개찰완료,53265000,98.631,2024-04-12,(주)비아이엔씨,김여기,김여기,214-88-83817,서울특별시 서초구 양재동언남 18길3 (양재동  2층)
SFC0031,1,24-덕-체 자주식 그린 모어 등 2품목 구매,물품,총액계약,제한경쟁,적격심사제,Y,제9691부대,ZD00152,제9691부대,ZD00152,87.995,50180707,50254900,46600000,2024-04-12,10:30:00,개찰완료,44157680,87.997,2024-04-12,제이엘,이원성,이원성,495-31-01083,"경상남도 창원시 진해구 신항2로114, 717호(용원동, 다인로얄팰리스 부산 신항2차)"
UMM0398,1,24-N-평 중대형 구조물(00함 등) 부분보수 용역,용역,총액계약,제한경쟁,적격심사제,Y,국군재정관리단,ZD00303,국군재정관리단,ZD00303,87.745,172822347,172910000,160339091,2024-04-12,11:00:00,개찰완료,151778668,87.823,2024-04-12,주식회사 일성이엔지,오세만,김수정,602-81-53151,부산광역시 영도구 대교로2번길22-6 (봉래동3가) 2층
UMM0387,1,(246096-C) 155밀리 고폭탄용 탄대보호환 등 3종 제조,물품,총액계약,제한경쟁,적격심사제,Y,국군재정관리단,ZD00303,국군재정관리단,ZD00303,87.995,163113562,163718271,152130482,2024-04-12,11:00:00,개찰완료,143928000,88.237,2024-04-12,주식회사 케이씨아이,장동수,최순정,130-86-47329,경기도 파주시 탄현면 방촌로879번길42-3
UMM0366,1,24-N-정수장 및 수원지 제초용역,용역,총액계약,제한경쟁,적격심사제,Y,국군재정관리단,ZD00303,국군재정관리단,ZD00303,87.995,87719719,87430000,83615455,2024-04-12,11:00:00,개찰완료,77198296,88.005,2024-04-12,주식회사 미림조경,김정수,김정수,611-81-15428,"경상남도 거창군 거창읍 공수들1길29, 2층 203호"
UMM0388,1,24-N-평 오폐수처리시설 및 중계펌프장 위탁관리 용역,용역,총액계약,제한경쟁,적격심사제,Y,국군재정관리단,ZD00303,국군재정관리단,ZD00303,87.745,198703448,199040000,184564545,2024-04-12,11:00:00,개찰완료,174378950,87.758,2024-04-12,주식회사 혜성환경,장공례,강정아,123-81-73431,경기도 안양시 동안구 귀인로79번길35 (호계동)
UMM0402,1,(24F082-A) 방화지대 구축용역 (영천  창원),용역,총액계약,일반경쟁,적격심사제,Y,국군재정관리단,ZD00303,국군재정관리단,ZD00303,87.995,356797439,358964700,332858182,2024-04-12,11:00:00,개찰완료,314057000,88.021,2024-04-12,주식회사산림기술개발,강지현,박종규,416-81-65212,전라남도 고흥군 고흥읍 봉황길9
UMM0375,1,24-N-윤활유이송펌프(NLG-3) 제조,물품,총액계약,제한경쟁,적격심사제,Y,국군재정관리단,ZD00303,국군재정관리단,ZD00303,87.995,103155239,102350000,94909091,2024-04-12,11:00:00,개찰완료,90785000,88.008,2024-04-12,대성공업주식회사,김명화,김명화,539-88-00715,전라남도 목포시 대양산단로97번길42-15 (대양동)
UMM0393,1,24-F-보트  상륙용  공기팽창식 1품목 구매,물품,총액계약,제한경쟁,적격심사제,Y,국군재정관리단,ZD00303,국군재정관리단,ZD00303,87.995,82467138,82520000,76518636,2024-04-12,11:00:00,개찰완료,72567700,87.995,2024-04-12,아이컴퍼니,이정환,이정환,303-43-00847,"서울특별시 동작구 동작대로35차길12-5, 비01호(사당동, 금양빌라)"
UMM0380,1,(247116-C) 연구활동 재료(시약) 구매,물품,총액계약,제한경쟁,적격심사제,Y,국군재정관리단,ZD00303,국군재정관리단,ZD00303,87.995,131737586,132435686,122804000,2024-04-12,11:00:00,개찰완료,115992600,88.048,2024-04-12,주식회사우정상사,전남국,옥세미,475-87-00433,"제주특별자치도 제주시 연북로21-0, 에코에비뉴 1609호"
UMM0384,1,24-D-사이드슬립 테스타기 등 8종 구매,물품,총액계약,일반경쟁,적격심사제,Y,국군재정관리단,ZD00303,국군재정관리단,ZD00303,82.995,364490650,366800000,340127273,2024-04-12,11:00:00,개찰완료,302605190,83.021,2024-04-12,케이에스이엔지주식회사,김미옥,김미옥,113-86-00843,강원특별자치도 평창군 평창읍 농공단지길26
UMM0247,1,24-F-항공작전 녹음기 제조,물품,총액계약,제한경쟁,적격심사제,Y,국군재정관리단,ZD00303,국군재정관리단,ZD00303,87.995,305193699,305240000,283048364,2024-04-12,11:00:00,개찰완료,273189800,89.513,2024-04-12,엠에스전자통신주식회사,최민용,김창근,105-81-84717,서울특별시 강동구 성내로 52성원빌딩
UMM0417,1,(24F081-I)24년도 방화지대 구축 용역(제천 충주),용역,총액계약,일반경쟁,적격심사제,Y,국군재정관리단,ZD00303,국군재정관리단,ZD00303,87.995,454212158,452770588,419841818,2024-04-12,11:00:00,개찰완료,399829460,88.027,2024-04-12,주식회사 레드우드,김동인,김동인,515-81-55947,경상남도 고성군 상리면 척번정7길65-0
UMM0418,1,(24F083-I)24년도 방화지대 구축용역(대전 천안 세종),용역,총액계약,일반경쟁,적격심사제,Y,국군재정관리단,ZD00303,국군재정관리단,ZD00303,87.995,761277703,760079411,704800909,2024-04-12,11:00:00,개찰완료,670004000,88.01,2024-04-12,주식회사 동우산림개발,최지은,최지은,611-81-22462,"경상남도 창원시 마산합포구 해안대로15,711호(해운동, 경민파라다이스201)"
UMM0396,1,24-F-분석기 회로망 1종 구매,물품,총액계약,제한경쟁,적격심사제,Y,국군재정관리단,ZD00303,국군재정관리단,ZD00303,87.995,160204141,160700000,149020000,2024-04-12,11:00:00,개찰완료,140976680,87.998,2024-04-12,와이에스컴퍼니,정영석,정영석,480-17-01799,충청남도 홍성군 홍북읍 홍예로213-0 (엘에이치스타힐스) 121동 2201호
UMM0395,1,24-D-감정장비(고성능 액체크로마토그래피) 구매,물품,총액계약,제한경쟁,적격심사제,Y,국군재정관리단,ZD00303,국군재정관리단,ZD00303,87.995,99535629,99000000,99000000,2024-04-12,11:00:00,개찰완료,92400000,92.831,2024-04-12,에스엠씨케이 주식회사,임승영,임승영,392-81-02696,서울특별시 강서구 화곡로68길82-0 (등촌동) 109호
UMM0390,1,(247146-C) 특수수술재료(콜라겐창상치유제) 구매,물품,총액계약,일반경쟁,적격심사제,Y,국군재정관리단,ZD00303,국군재정관리단,ZD00303,82.995,554209138,550349333,510323927,2024-04-12,11:00:00,개찰완료,460543374,83.099,2024-04-12,모아상사,최중강,최중강,309-18-61646,인천광역시 미추홀구 인하로129(용현동)
UMM0404,1,(246123-E) 근속30주년 기념휘장 제조,물품,총액계약,일반경쟁,적격심사제,Y,국군재정관리단,ZD00303,국군재정관리단,ZD00303,82.995,531547307,533078300,494308973,2024-04-12,11:00:00,개찰완료,527747000,99.285,2024-04-12,사단법인 대한민국공무원 공상유공자회,김순재,심지숙,107-82-17448,"서울특별시 영등포구 국회대로750, 11층 1106호 (여의도동, 금산빌딩)"
UMM0400,1,(246011-G) 24년 00부대 화면전시체계 구축(리스물건),물품,총액계약,일반경쟁,적격심사제,Y,국군재정관리단,ZD00303,국군재정관리단,ZD00303,82.995,395996780,397398826,381562055,2024-04-12,11:00:00,개찰완료,328690200,83.003,2024-04-12,주식회사 에이치에스이노텍,박한석,박한석,312-86-46669,충청남도 천안시 동남구 목천읍 삼성3길8-61
UMM0370,1,24-F-탐지기  가스용 구매(249041-F),물품,총액계약,제한경쟁,적격심사제,Y,국군재정관리단,ZD00303,국군재정관리단,ZD00303,87.995,59264948,58390000,54150000,2024-04-12,11:00:00,개찰완료,52150900,87.996,2024-04-12,서우컴퍼니,서경희,서경희,190-39-00943,"대전광역시 유성구 자운로157번길132, 912동 102호 (신봉동, 자운대아파트9단지)"
UMM0405,1,(24G050-A생물안전3등급 연구시설(BL-3) 유지보수용역,용역,총액계약,일반경쟁,적격심사제,Y,국군재정관리단,ZD00303,국군재정관리단,ZD00303,87.745,111926982,112352940,104181818,2024-04-12,11:00:00,개찰완료,98644500,88.132,2024-04-17,(주) 웃샘,이명식,박민정,132-81-76465,충청북도 청주시 흥덕구 옥산면 덕촌삼성골길16
UMM0406,1,24-N-온수순환수펌프 4EA 제조,물품,총액계약,제한경쟁,적격심사제,Y,국군재정관리단,ZD00303,국군재정관리단,ZD00303,87.995,104126992,103920000,96363636,2024-04-12,11:00:00,개찰완료,91638000,88.005,2024-04-12,대성공업주식회사,김명화,김명화,539-88-00715,전라남도 목포시 대양산단로97번길42-15 (대양동)
UMM0411,1,24-F-취사용 고무장갑 구매,물품,총액계약,제한경쟁,적격심사제,Y,국군재정관리단,ZD00303,국군재정관리단,ZD00303,87.995,88279773,87890000,81498764,2024-04-12,11:00:00,개찰완료,77682550,87.995,2024-04-12,주식회사 은상컴퍼니,최은미,최은미,329-87-03326,"경기도 안산시 단원구 고잔2길45, 7층 701-376호(고잔동, 코스모프라자)"
EL30001,2,155mm지역거부탄 탐색개발,용역,총액계약,협상에의한계약(전자),협상,N,방위사업청,1690000,방위사업청,1690000,,,16785000000,0,2024-04-15,14:00:00,개찰완료,16785000000,,2024-06-25,주식회사 코리아디펜스인더스트리,정정모,,565-88-01784,세종특별자치시  세종로1229 (고운동) 707호
ESA0002,1,천궁II 정비대용 30kw 발전기세트,물품,총액계약,일반경쟁,적격심사제,Y,방위사업청,1690000,방위사업청,1690000,0,155412393,155696000,0,2024-04-15,11:00:00,개찰완료,131650000,84.71,2024-04-19,보국전기공업(주),곽기영,한상규,514-81-13134,대구광역시 달성군 구지면 국가산단동로42길90-0
HDG0008,1,<24-44> 10비 일반지역 및 탄약고 지역 제초용역,용역,총액계약,제한경쟁,적격심사제,Y,공군제10전투비행단,ZD00184,공군제10전투비행단,ZD00184,87.995,326937294,326722000,308370000,2024-04-15,11:00:00,개찰완료,287750590,88.014,2024-04-15,곡성군산림조합,이국섭,김무현,408-82-03212,전라남도 곡성군 곡성읍 군청로32
HDG0009,1,<24-43>10비 라인 및 유류저장지역 제초용역,용역,총액계약,제한경쟁,적격심사제,Y,공군제10전투비행단,ZD00184,공군제10전투비행단,ZD00184,87.995,268131588,269772000,255234540,2024-04-15,11:00:00,개찰완료,236107800,88.056,2024-04-15,유한회사 서경엘씨,김은진,변수영,416-81-47062,전라남도 순천시 안신기2길 30(가곡동)
LHN0023,1,24-신영-01 실내체육관 자동제어 제조 설치(수정),물품,총액계약,제한경쟁,적격심사제,Y,제2621부대,ZD00394,제2621부대,ZD00394,87.995,175319249,175670000,159700000,2024-04-15,11:00:00,개찰완료,154288041,88.004,2024-04-15,주식회사 태승전설,김주권,홍창록,651-88-00368,"인천광역시 서구 건지로45-26, 2층(석남동)"
LHN0024,1,24-신영-01 실내체육관 신축 무대장치 제조설치,물품,총액계약,제한경쟁,적격심사제,Y,제2621부대,ZD00394,제2621부대,ZD00394,87.995,208985522,208683000,189711818,2024-04-15,11:00:00,개찰완료,183907320,88,2024-04-15,(주)동영티엔씨,배상득,배상득,621-81-75710,경상남도 양산시 물금읍 야리2길43-0  101호(골든프라자)
LHQ0016,1,24년 사령부 영내 제초용역 (1차),용역,총액계약,제한경쟁,적격심사제,Y,제6619부대,1290300,제6619부대,1290300,87.745,49892196,49154660,46296364,2024-04-15,10:30:00,개찰완료,43798464,87.786,2024-04-15,주식회사 도시정원,이규억,김지민,245-87-01826,"대구광역시 북구 유통단지로8길46-12, 101호 (산격동)"
UMM0399,1,24-N-수직 이착륙형 무인기 제조(248048-F),물품,총액계약,일반경쟁,적격심사제,Y,국군재정관리단,ZD00303,국군재정관리단,ZD00303,82.995,291801091,289230000,270909091,2024-04-15,11:00:00,개찰완료,242500000,83.104,2024-04-15,주식회사 네온테크,황성일,최혜림,335-87-01207,경기도 안양시 동안구 부림로146(관양동) 네온테크 1층
UMM0379,1,24-N-연료유 승압펌프 제조(248070-F),물품,총액계약,일반경쟁,적격심사제,Y,국군재정관리단,ZD00303,국군재정관리단,ZD00303,82.995,326231298,327780000,567000000,2024-04-15,11:00:00,개찰완료,272332090,83.478,2024-04-15,주식회사지텍,김금옥,김금옥,605-81-43424,경기도 김포시 양촌읍 황금3로7번길36 (학운리)
UMM0382,1,24-N-수직밀링기 구매,물품,총액계약,제한경쟁,적격심사제,Y,국군재정관리단,ZD00303,국군재정관리단,ZD00303,87.995,139696705,139210000,129090909,2024-04-15,11:00:00,개찰완료,123013000,88.057,2024-04-15,케어원,이경열,이경열,621-23-15575,서울특별시 송파구 충민로66 (문정동)가든파이브라이프 테크노관 T7135호
UMM0420,1,24~25-F-OOOO 수집/분석장비 유지보수,용역,총액계약,일반경쟁,적격심사제,Y,국군재정관리단,ZD00303,국군재정관리단,ZD00303,85.495,247954156,249160000,231044545,2024-04-15,11:00:00,개찰완료,215500000,86.911,2024-04-15,라온시스템즈(주),김태호,최승룡,314-86-31288,"경기도 군포시 고산로148번길17-0, B동 1303호, 1304호, 1305호(당정동, 군포IT밸리)"
UMM0412,1,24-N-회로기판검사기 A형 구매,물품,총액계약,제한경쟁,적격심사제,Y,국군재정관리단,ZD00303,국군재정관리단,ZD00303,87.995,98058053,97350000,90272727,2024-04-15,11:00:00,개찰완료,86286331,87.995,2024-04-15,대산코리아 주식회사,심동수,심동수,255-86-01578,부산광역시 강서구 맥도길265번길61 (대저2동)
UMM0413,1,24-N-회로기판검사기 B형 구매,물품,총액계약,제한경쟁,적격심사제,Y,국군재정관리단,ZD00303,국군재정관리단,ZD00303,87.995,129140719,129410000,120000000,2024-04-15,11:00:00,개찰완료,113640887,87.997,2024-04-15,하나유통,김양래,김양래,258-60-00258,"제주특별자치도 제주시 오도9길94-0 (노형동, 노형아뜨리에3차)B동B01호"
UMM0383,1,24-F-축도기용 조각기 구매,물품,총액계약,제한경쟁,적격심사제,Y,국군재정관리단,ZD00303,국군재정관리단,ZD00303,87.995,57193420,57220000,55900000,2024-04-15,11:00:00,개찰완료,50327680,87.995,2024-04-15,에제르 컴퍼니,이우형,이우형,755-08-02628,"경기도 남양주시 별내중앙로30, 6층 605-317호(별내동, 별내로데오몰)"
UMM0409,1,24-N-소화펌프 227M3 / HR 제조,물품,총액계약,제한경쟁,적격심사제,Y,국군재정관리단,ZD00303,국군재정관리단,ZD00303,87.995,275082628,273900000,317454545,2024-04-15,11:00:00,개찰완료,242168680,88.034,2024-04-15,대영이엔지 주식회사,최재남,최재남,125-81-83968,충청남도 당진시 합덕읍 농공단지길31-0 (합덕농공단지)
UMM0414,1,24-F-분석기  주파수편이용 장비 구매,물품,총액계약,제한경쟁,적격심사제,Y,국군재정관리단,ZD00303,국군재정관리단,ZD00303,87.995,112660963,113580000,105326700,2024-04-15,11:00:00,개찰완료,99137960,87.996,2024-04-15,문경새재 사과나무,안상희,안상희,511-09-23369,경상북도 문경시 문경읍 주흘1길20-0
EBB0065,1,25파운드 연습탄,물품,총액계약,일반경쟁,적격심사제,Y,방위사업청,1690000,방위사업청,1690000,,821845736,824619000,0,2024-04-16,11:00:00,개찰완료,702383000,85.464,2024-04-16,주식회사 경일지엠씨,장명수,정민규,615-81-94269,경상남도 밀양시 부북면 춘화농공단지길12-30
EBB0083,1,장갑차 부품류,물품,총액계약,일반경쟁,적격심사제,Y,방위사업청,1690000,방위사업청,1690000,,377226218,377118000,0,2024-04-16,11:00:00,개찰완료,319990000,84.827,2024-04-16,우창기계 주식회사,김운태,우성제,609-81-35829,경상남도 창원시 성산구 공단로324-21 (웅남동)
HCF0081,2,24~'25년 상층대기분석장비 유지보수,용역,총액계약,제한경쟁,적격심사제,Y,공군군수사령부,ZD00306,공군군수사령부,ZD00306,87.745,92323177,91600980,84939091,2024-04-16,10:30:00,개찰완료,87020931,94.256,2024-04-16,유한회사 동방이노베이션,김준식,안차순,404-81-20890,전북특별자치도 정읍시 북면 북면공단2길87-0
HCF0087,1,24~'25년 항공기 전기계통 창정비장비 유지보수,용역,총액계약,제한경쟁,적격심사제,Y,공군군수사령부,ZD00306,공군군수사령부,ZD00306,87.745,91995873,92433130,113395455,2024-04-16,10:30:00,개찰완료,80950000,87.993,2024-04-16,MRO Tech(엠알오텍),안기수,안기수,244-52-00405,"대구광역시 북구 영송로15, 2층 6210호 (태전동, 대구보건대학교 복지관)"
HCF0088,1,24~'25년 정찰체계 지상장비 유지보수,용역,총액계약,제한경쟁,적격심사제,Y,공군군수사령부,ZD00306,공군군수사령부,ZD00306,87.745,192629183,191763725,177817273,2024-04-16,10:30:00,개찰완료,169068500,87.768,2024-04-16,에스정보통신 주식회사,황유모,민혜홍,502-81-98182,대구광역시 북구 경대로17길47-0 (복현동) 아이티융합산업빌딩 810호
HCF0074,2,[F-16 부품]키 기계용 제조,물품,총액계약,제한경쟁,적격심사제,Y,공군군수사령부,ZD00306,공군군수사령부,ZD00306,87.995,40388604,40265931,37337500,2024-04-16,10:30:00,개찰완료,35554000,88.029,2024-04-16,조강테크,조재만,조재만,737-10-00061,부산광역시 사상구 가야대로196번길63 1층 (학장동)
HCF0084,1,비행복 계급장류 제조,물품,총액계약,제한경쟁,적격심사제,Y,공군군수사령부,ZD00306,공군군수사령부,ZD00306,87.995,48128437,47976804,44487582,2024-04-16,10:30:00,개찰완료,42374150,88.043,2024-04-16,주식회사 플라이쿱,김기선,최성진,206-86-67277,서울특별시 성동구 동일로287(송정동) 플라이쿱빌딩
HCF0083,1,유류흡착롤 등 3종 구매,물품,총액계약,제한경쟁,적격심사제,Y,공군군수사령부,ZD00306,공군군수사령부,ZD00306,87.995,22872914,22949020,21280000,2024-04-16,10:30:00,개찰완료,20127350,87.996,2024-04-16,주식회사 대림산업기술,이필례,박은정,303-86-02497,경기도 군포시 엘에스로182번길28-7 (산본동) 2층
HDK0014,1,24년 POL지역 제초용역,용역,총액계약,제한경쟁,적격심사제,Y,공군제11전투비행단,ZD00202,공군제11전투비행단,ZD00202,87.995,67175465,66666660,61818182,2024-04-16,10:30:00,개찰완료,59112000,87.996,2024-04-16,(주)자연조경,김해원,김해원,706-88-02399,"인천광역시 남동구 앵고개로948번길54-0, 502-9호 (논현동)"
LCF0035,2,오일펜스 등 3항목 구매(물자),물품,총액계약,제한경쟁,적격심사제,Y,육군군수사령부,1290307,육군군수사령부,1290307,87.995,49169063,49071000,44610000,2024-04-16,11:00:00,개찰완료,43266900,87.996,2024-04-16,유진산업,장유진,장유진,640-29-01069,전라남도 순천시 조례1길11-0 (조례동)
LCG0025,1,[24-육-80] PC기반 수신체계(안테나) 제조,물품,총액계약,제한경쟁,적격심사제,Y,육군본부,1290298,육군본부,1290298,87.995,30273604,30209520,27463200,2024-04-16,11:00:00,개찰완료,26703600,88.207,2024-04-18,주식회사연화엠텍,김종엽,정회남,119-81-62158,경기도 안양시 만안구 전파로44번길36-0 (안양동)
LCM0026,1,24년 2분기 부대계약 영내자증식 구매,물품,총액계약,제한경쟁,적격심사제,Y,육군교육사령부,1290302,육군교육사령부,1290302,87.995,101125508,100632200,91483818,2024-04-16,10:30:00,개찰완료,88986237,87.995,2024-04-18,일광정보통신,정재성,정재성,502-01-44383,"경상북도 영천시 칠백로885-25(작산동, 2층)"
LDH0397,1,K9자주포 밸브 구매,물품,총액계약,제한경쟁,적격심사제,Y,제2879부대,ZD00347,제2879부대,ZD00347,87.995,8886186,8972000,8319805,2024-04-16,13:00:00,개찰완료,7873800,88.607,2024-04-16,에이치앤주식회사,한대일,한대일,301-86-07098,충청북도 청주시 서원구 남이면 양촌2길10-1
LDH0400,1,K9자주포 뽑게등19종 구매,물품,총액계약,제한경쟁,적격심사제,Y,제2879부대,ZD00347,제2879부대,ZD00347,87.995,8279505,8250000,7650789,2024-04-16,13:00:00,개찰완료,7296000,88.121,2024-04-16,진광사,최진욱,최진욱,615-16-41032,경상남도 김해시 진영읍 진영리1611-3 중흥s클래스 119-105
LDH0406,1,(자재) 고무링 구매,물품,총액계약,제한경쟁,적격심사제,Y,제2879부대,ZD00347,제2879부대,ZD00347,87.995,4310305,4294000,3982000,2024-04-16,13:00:00,개찰완료,3798500,88.126,2024-04-16,선우상사,도경호,도경호,605-01-42379,"부산광역시 사상구 괘감로 37, 산업용품상가 27-228(괘법동)"
LDH0404,1, K200 와셔 평면형 등 12종 구매,물품,총액계약,제한경쟁,적격심사제,Y,제2879부대,ZD00347,제2879부대,ZD00347,87.995,11846820,11831000,10970762,2024-04-16,13:00:00,개찰완료,10861000,91.678,2024-04-16,DGI산업,백지윤,백지윤,607-16-48427,"부산광역시 동래구 차밭골로21번길36, 1층 (온천동)"
LDH0407,1,K200 케이블조립체 등 5종 구매,물품,총액계약,제한경쟁,적격심사제,Y,제2879부대,ZD00347,제2879부대,ZD00347,87.995,11842566,11858000,10996199,2024-04-16,13:00:00,개찰완료,10886000,91.922,2024-04-16,DGI산업,백지윤,백지윤,607-16-48427,"부산광역시 동래구 차밭골로21번길36, 1층 (온천동)"
LDH0393,1,(정수) 분말활성탄 구매,물품,총액계약,제한경쟁,적격심사제,Y,제2879부대,ZD00347,제2879부대,ZD00347,87.995,48827681,48529000,45000000,2024-04-16,13:30:00,개찰완료,42975244,88.014,2024-04-16,에그트리,정혜영,정혜영,109-16-48184,"서울특별시 강서구 공항대로45길68-6, 106동 303호 (등촌동, 서광등촌마을아파트)"
LPM0006,1,24년 렌탈프린터 임차 통합계약 ,용역,총액계약,제한경쟁,적격심사제,Y,제9보병사단사령부,ZD00441,제9보병사단사령부,ZD00441,87.745,106866903,105698182,105698182,2024-04-16,11:00:00,개찰완료,93770510,87.745,2024-04-18,나나아울렛,김수나,김수나,660-72-00487,"경기도 안산시 상록구 해양4로31, 109동 2804호(사동, 그랑시티자이)"
MCD0011,1,군인연금제도 발전방향 연구,용역,총액계약,협상에의한계약(전자),협상,N,국방부(운영지원과),1290000,국방부(운영지원과),1290000,,98054000,,89140000,2024-04-16,17:00:00,개찰완료,98054000,100,2024-05-03,서울대학교 산학협력단,김재영,전현숙,119-82-03684,서울특별시 관악구 관악로1 (신림동)
MHD0035,1,국방기술 창업경진대회 시행 용역,용역,총액계약,협상에의한계약(전자),협상,N,방위사업청(운영지원과),1690000,방위사업청(운영지원과),1690000,,249000000,,226363636,2024-04-16,15:00:00,개찰완료,245000000,98.393,2024-05-02,쿠아,송정현,송정현,249-55-00212,대전광역시 유성구 신성로61번안길53 (신성동)
MHD0036,1,제8회 국방과학기술 대제전 행사 시행 용역,용역,총액계약,협상에의한계약(전자),협상,N,방위사업청(운영지원과),1690000,방위사업청(운영지원과),1690000,,500000000,,454545455,2024-04-16,15:00:00,개찰완료,494000000,98.8,2024-05-02,(사)한국방위산업진흥회,김유진,노경범,105-82-03711,"서울특별시 마포구 마포대로49, 13층(도화동, 성우빌딩)"
SCF0353,1,접속함 등 4품목 구매,물품,총액계약,제한경쟁,적격심사제,Y,해군군수사령부,ZD00289,해군군수사령부,ZD00289,87.995,158242338,159000000,147804545,2024-04-16,10:30:00,개찰완료,139245840,87.995,2024-04-16,민영상사,강민영,강민영,543-07-00622,경상북도 고령군 성산면 지경길58-0
SCF0350,1,부품키트  디젤엔진용 등 39종 구매,물품,총액계약,일반경쟁,적격심사제,Y,해군군수사령부,ZD00289,해군군수사령부,ZD00289,82.995,314195544,315000000,292890055,2024-04-16,10:30:00,개찰완료,261010730,83.072,2024-04-16,주식회사 디에스나이키,김준홍,박성태,101-81-45895,"서울특별시 구로구 구로중앙로134, 4층(구로동, 리치몰)"
SCF0349,1,스위치 유닛  전력전달용 등 10종 구매,물품,총액계약,제한경쟁,적격심사제,Y,해군군수사령부,ZD00289,해군군수사령부,ZD00289,87.995,162459505,162000000,151063500,2024-04-16,10:30:00,개찰완료,148716000,91.54,2024-04-16,세종상사,노정래,노정래,609-08-56097,경상남도 창원시 진해구 여명로52 (여좌동)
SCF0344,1,접촉자 세트  슬립 링용 등 7종 구매,물품,총액계약,제한경쟁,적격심사제,Y,해군군수사령부,ZD00289,해군군수사령부,ZD00289,87.995,151756927,153000000,142154545,2024-04-16,10:30:00,개찰완료,133541000,87.996,2024-04-16,엠에이치컴퍼니,박미화,박미화,289-10-01241,"서울특별시 중구 서소문로2길29, 101호 (중림동)"
SCF0348,1,제어장치  전동기-발전기용 등 3종 구매,물품,총액계약,제한경쟁,적격심사제,Y,해군군수사령부,ZD00289,해군군수사령부,ZD00289,87.995,56155263,56000000,52280000,2024-04-16,10:30:00,개찰완료,49493040,88.136,2024-04-16,에스와이테크,정미경,정미경,609-09-54951,경상남도 창원시 의창구 팔용로 355()
SCF0343,1,(긴급)봉합제 세트 등 86종,물품,총액계약,제한경쟁,적격심사제,Y,해군군수사령부,ZD00289,해군군수사령부,ZD00289,87.995,105377956,105239000,99085309,2024-04-16,10:30:00,개찰완료,92862800,88.123,2024-04-16,금강인터내셔날,손율겸,손율겸,565-30-01390,"부산광역시 해운대구 마린시티3로37-0 (우동), 22층 2312호 (한일오르듀)"
SCF0354,1,(긴급)노즐 연료 분사용 등 39종,물품,총액계약,제한경쟁,적격심사제,Y,해군군수사령부,ZD00289,해군군수사령부,ZD00289,87.995,138413447,138657000,137489182,2024-04-16,10:30:00,개찰완료,127564400,92.161,2024-04-16,세종상사,노정래,노정래,609-08-56097,경상남도 창원시 진해구 여명로52 (여좌동)
SCF0342,1,(긴급)레벨스위치 등 32종,물품,총액계약,제한경쟁,적격심사제,Y,해군군수사령부,ZD00289,해군군수사령부,ZD00289,87.995,42672923,42673000,39859273,2024-04-16,10:30:00,개찰완료,37550106,87.995,2024-04-16,지엔씨홀딩스,김미자,김미자,680-55-00747,"인천광역시 미추홀구 인하로299번길14, 가동 501호(주안동, 아주아파트)"
SDG0016,2,24-인-정수기임차용역,용역,총액계약,제한경쟁,적격심사제,Y,제2002부대,ZD00129,제2002부대,ZD00129,87.745,161433213,161130000,149472000,2024-04-16,10:30:00,개찰완료,141986170,87.953,2024-04-16,피엔종합관리 주식회사,박찬혁,박찬혁,224-88-02581,"인천광역시 서구 원당대로865, 505-28호(원당동, 대신프라자)"
SFG0046,1,공기청정기 필터 제조 구매,물품,총액계약,일반경쟁,적격심사제,Y,제9181부대,ZD00151,제9181부대,ZD00151,87.995,116595121,115980740,107545782,2024-04-16,10:30:00,개찰완료,102639590,88.03,2024-04-16,다모아필터 주식회사,양미정,양미정,837-87-02250,경상북도 구미시 산동읍 5공단7로74-0
UMM0416,1,(246137-D)탄약 정비용 자재(봉인 알루미늄) 제조,물품,총액계약,제한경쟁,적격심사제,Y,국군재정관리단,ZD00303,국군재정관리단,ZD00303,87.995,95257234,95128600,97381455,2024-04-16,11:00:00,개찰완료,83913500,88.091,2024-04-16,주식회사 에코비투,하영임,현영철,110-86-05795,"경기도 고양시 덕양구 삼원로73, 721호(원흥동, 원흥한일윈스타)"
UMM0419,1,24-N-습식선체청락기 구매,물품,총액계약,제한경쟁,적격심사제,Y,국군재정관리단,ZD00303,국군재정관리단,ZD00303,87.995,110792215,109680000,101709091,2024-04-16,11:00:00,개찰완료,97493333,87.996,2024-04-16,씨티원 경기지점,김은아,김은아,218-41-00526,"경기도 평택시 중앙로29, 537호 (통복동, 은호빌딩)"
UMM0394,1,24-F-부스 도장용 제조·설치(249077-F),물품,총액계약,일반경쟁,적격심사제,Y,국군재정관리단,ZD00303,국군재정관리단,ZD00303,82.995,742543541,747220000,692882782,2024-04-16,11:00:00,개찰완료,623476500,83.964,2024-04-16,한일기기(주),조항근,유병무,207-81-25668,경기도 이천시 백사면 청백리로671-24
UMM0415,1,(247147-D) 외과장비소모품(2) 86품목 구매,물품,총액계약,일반경쟁,적격심사제,Y,국군재정관리단,ZD00303,국군재정관리단,ZD00303,82.995,523034081,522688235,484674545,2024-04-16,11:00:00,개찰완료,434195520,83.014,2024-04-16,주식회사 에프엔프레시,김성열,홍미성,264-87-00717,전북특별자치도 김제시 순동산단길216-0 (순동)
UMM0403,1,24-N-포신약실검사장비 제조(248105-F),물품,총액계약,제한경쟁,적격심사제,Y,국군재정관리단,ZD00303,국군재정관리단,ZD00303,87.995,126467813,126470000,117272727,2024-04-16,11:00:00,개찰완료,111300000,88.006,2024-04-16,다온테크,박희준,박희준,824-45-00557,경상남도 창원시 의창구 충혼로91-0 (두대동) 벤처창업관 2층4호
UMM0410,1,24-F-활주로 제초용역,용역,총액계약,제한경쟁,적격심사제,Y,국군재정관리단,ZD00303,국군재정관리단,ZD00303,87.995,201610056,201840000,192081818,2024-04-16,11:00:00,개찰완료,177463300,88.023,2024-04-16,삼승이엔씨주식회사,조영실,조영실,137-88-00464,"광주광역시 광산구 신가삼효로2-10 , 3층 (신가동)"
UMM0421,1,(247095-B) 병리재료 79종 구매,물품,총액계약,일반경쟁,적격심사제,Y,국군재정관리단,ZD00303,국군재정관리단,ZD00303,82.995,515314526,516791860,488357509,2024-04-16,11:00:00,개찰완료,427686607,82.995,2024-04-16,아이스헌터용현15호점,신혜경,신혜경,752-33-01277,"인천광역시 미추홀구 매소홀로68, 상가동 1층 109,110호(용현동, 용현2단지금호타운)"
UMM0422,1,(246165-B)24년 정비피복(정비화) 구매,물품,총액계약,제한경쟁,적격심사제,Y,국군재정관리단,ZD00303,국군재정관리단,ZD00303,87.995,129388095,129088230,119700000,2024-04-16,11:00:00,개찰완료,113855228,87.995,2024-04-16,앤-티엠（N-TM),정호영,정호영,314-08-23500,대전광역시 중구 대종로630번길24-0 (중촌동)
ELA0014,1,공구상자(120밀리자주박격포 및 사격지휘차량),물품,총액계약,제한경쟁,적격심사제,Y,방위사업청,1690000,방위사업청,1690000,,176426763,176757000,0,2024-04-17,15:00:00,개찰완료,155705000,88.254,2024-04-17,동진테크,주진희,주진희,176-58-00273,부산광역시 사상구 낙동대로901번길25-38(감전동)
HCF0089,1,24-H-08 스팀 청소기,물품,총액계약,제한경쟁,적격심사제,Y,공군군수사령부,ZD00306,공군군수사령부,ZD00306,87.995,29890351,29991176,27810000,2024-04-17,10:30:00,개찰완료,26305770,88.007,2024-04-17,푸른에스씨,조미연,조미연,337-64-00281,"인천광역시 남동구 서창남순환로55-0 (서창동, 서창센트럴푸르지오)"
HCF0091,1,[항자단] 검시험기,물품,총액계약,제한경쟁,적격심사제,Y,공군군수사령부,ZD00306,공군군수사령부,ZD00306,87.995,65129786,65274510,60527273,2024-04-17,10:30:00,개찰완료,57311000,87.995,2024-04-17,아로유통,김정희,김정희,127-47-50227,경기도 의정부시 둔야로33번길9-0 (의정부동) A-12호
HCF0090,1,피피 멀티로프 5종 제조,물품,총액계약,제한경쟁,적격심사제,Y,공군군수사령부,ZD00306,공군군수사령부,ZD00306,87.995,32608180,32516078,30151273,2024-04-17,10:30:00,개찰완료,30706280,94.167,2024-04-17,永昌製綱 株式會社,박정운,서해선,622-81-06744,경상남도 김해시 상동면 동북로473번길 63()
HCF0086,1,플리스형 스웨터 명찰 제조,물품,총액계약,제한경쟁,적격심사제,Y,공군군수사령부,ZD00306,공군군수사령부,ZD00306,87.995,61587817,61759216,57267636,2024-04-17,10:30:00,개찰완료,54241967,88.072,2024-04-17,상신비앤비,유덕상,유덕상,127-38-86096,경기도 남양주시 진접읍 부마로80번길50-7
HDG0010,2,24-13-4 전기공사 관급자재(변압기),물품,총액계약,제한경쟁,적격심사제,Y,공군제10전투비행단,ZD00184,공군제10전투비행단,ZD00184,87.995,90315208,89941170,83400000,2024-04-17,11:00:00,개찰완료,83645200,92.614,2024-04-25,풍산전기주식회사,홍대희,윤혜민,134-81-00976,경기도 안산시 단원구 능안로71 (신길동)
LCF0088,2,환자용옷장(침상형) 등 7항목 구매(의무),물품,총액계약,제한경쟁,적격심사제,Y,육군군수사령부,1290307,육군군수사령부,1290307,87.995,17685349,17748816,16135287,2024-04-17,11:00:00,개찰완료,15577400,88.08,2024-04-17,주식회사 제이시스템가구,장도선,장도선,327-88-02589,인천광역시 서구 대곡로263(대곡동)
LCF0094,1,"응급처치표 등 6항목 구매(의무)		",물품,총액계약,제한경쟁,적격심사제,Y,육군군수사령부,1290307,육군군수사령부,1290307,87.995,28260028,28165173,25604703,2024-04-17,11:00:00,개찰완료,24867490,87.995,2024-04-17,에프엠(FM)한송,설석환,설석환,119-75-00582,광주광역시 동구 선교로38-33 (선교동)선교2차우방아이유쉘210동1901호
LCF0090,1,이소프로필알코올  공업용 등 10항목 구매(화생방),물품,총액계약,제한경쟁,적격심사제,Y,육군군수사령부,1290307,육군군수사령부,1290307,87.995,34823449,34542700,31402455,2024-04-17,11:00:00,개찰완료,30643000,87.995,2024-04-17,은성이엔지,송은하,송은하,650-28-01507,"전북특별자치도 전주시 덕진구 백제대로750, 1층 (인후동2가)"
LCF0092,1,청력계 자동식 등 17항목 구매(의무),물품,총액계약,제한경쟁,적격심사제,Y,육군군수사령부,1290307,육군군수사령부,1290307,87.995,51511586,51275000,46613636,2024-04-17,11:00:00,개찰완료,45329150,87.997,2024-04-17,태형상사주식회사,방은희,황인선,849-86-01577,"경기도 김포시 김포한강3로237번길16, (장기동, 314호)"
LCF0095,1,캐비넷 외과기구와 치료용품용 등 11항목 구매(의무),물품,총액계약,제한경쟁,적격심사제,Y,육군군수사령부,1290307,육군군수사령부,1290307,87.995,54120195,54520000,49563636,2024-04-17,11:00:00,개찰완료,48150900,88.97,2024-04-17,한국케이엔티(주),최해덕,박영우,130-86-07405,경기도 부천시 오정구 삼작로171번길9 (내동)
LCF0091,1,E/O 가스 및 스팀 멸균용 포장백 등 9항목 구매(의무),물품,총액계약,제한경쟁,적격심사제,Y,육군군수사령부,1290307,육군군수사령부,1290307,87.995,48209423,48152638,43775125,2024-04-17,11:00:00,개찰완료,42422760,87.996,2024-04-17,이엠이컴퍼니,성원민,성원민,562-07-01490,서울특별시 금천구 가산디지털1로171 (가산동) 3층 306-19
LCF0093,1,루어록켑 혈관접속용 등 4항목 구매(의무),물품,총액계약,제한경쟁,적격심사제,Y,육군군수사령부,1290307,육군군수사령부,1290307,87.995,40867701,40981380,37255800,2024-04-17,11:00:00,개찰완료,35962000,87.996,2024-04-17,주식회사 진성하이텍,조종열,조종열,403-81-83460,"경상남도 창원시 마산합포구 해안대로91, 상가 205호(해운동, 경민시티빌)"
LCF0089,1,항타기 등 12항목 제조(기일공구),물품,총액계약,제한경쟁,적격심사제,Y,육군군수사령부,1290307,육군군수사령부,1290307,87.995,132950569,133760000,121600000,2024-04-17,11:00:00,개찰완료,117278000,88.211,2024-04-17,제이엠테크,곽미숙,곽미숙,354-03-01931,"경상남도 양산시 학동길52, 1층층(어곡동, 제이엠테크)"
LCF0087,1,밸브 조립체 등 23항목 제조(일장-005),물품,총액계약,제한경쟁,적격심사제,Y,육군군수사령부,1290307,육군군수사령부,1290307,87.995,35132691,35087345,32492263,2024-04-17,11:30:00,개찰완료,31473000,89.583,2024-04-17,조은테크,양호득,양호득,606-38-13266,부산광역시 강서구 평강로171번길259-0 (대저1동)
LDH0423,1,발칸 총구용어댑터 구매,물품,총액계약,제한경쟁,적격심사제,Y,제2879부대,ZD00347,제2879부대,ZD00347,87.995,25000875,25210000,23377273,2024-04-17,13:00:00,개찰완료,22159200,88.633,2024-04-17,주윤테크,임길헌,임길헌,159-17-01143,부산광역시 사하구 하신중앙로3번나길16-6 (장림동)
LDH0417,1,K21 노즐 연료분사용 1종 구매,물품,총액계약,제한경쟁,적격심사제,Y,제2879부대,ZD00347,제2879부대,ZD00347,87.995,14555029,14556000,13498182,2024-04-17,13:00:00,개찰완료,12826440,88.123,2024-04-17,만사형통,육은석,육은석,143-20-01191,경기도 광주시 곤지암읍 경충대로811-2
LDH0419,1,통신 집적회로 등 55종 구매,물품,총액계약,제한경쟁,적격심사제,Y,제2879부대,ZD00347,제2879부대,ZD00347,87.995,26105916,26012000,24120972,2024-04-17,13:00:00,개찰완료,25491660,97.647,2024-04-17,지앤와이일렉텍(주),김보영,김양기,113-81-89367,서울특별시 구로구 경인로53길15-0 (구로동) 중앙유통단지 가동 3116호
MCD0015,1,`24년 국방M&S발전세미나 행사 대행,용역,총액계약,협상에의한계약(전자),협상,N,국방부(운영지원과),1290000,국방부(운영지원과),1290000,,44100000,,40090909,2024-04-17,11:00:00,개찰완료,42336000,96,2024-05-02,주식회사 콘텐츠펙토리상상역,최철욱,추성훈,107-87-41318,"서울특별시 강서구 공항대로103 (마곡동, 마곡 엠밸리 9단지) 업무동시설 507호"
MCR0017,2,안보학술연구용역(4.한국의군사전략),용역,총액계약,협상에의한계약(전자),협상,N,국방대학교,1290412,국방대학교,1290412,0,5379761,5372549,4981818,2024-04-17,10:30:00,개찰완료,5000000,92.94,2024-04-29,영남대학교산학협력단,김종수,이다정,515-82-06574,"경상북도 경산시 대학로280, 1층(대동)"
MDK0030,1,24-1차 동명부대 재보급물자 수송관리용역,용역,총액계약,일반경쟁,적격심사제,Y,국군수송사령부,1290460,국군수송사령부,1290460,87.745,230844831,229764705,213054545,2024-04-17,11:30:00,개찰완료,202635000,87.779,2024-04-17,주식회사 케이텍코퍼레이션,이경석,박영근,834-81-01075,"부산광역시 중구 중앙대로96-0 (중앙동4가), 12층"
MDR0013,1,수중나침의(어택보드) 구매,물품,총액계약,일반경쟁,적격심사제,Y,제9965부대,ZD00075,제9965부대,ZD00075,87.995,27358152,27137000,25163636,2024-04-17,11:00:00,개찰완료,24073890,87.995,2024-04-18,아즈위,권지영,권지영,854-43-00608,서울특별시 마포구 월드컵로15길84-4 (망원동) 202호
NIT0006,3,유전자 감정재료 구매 1차,물품,총액계약,제한경쟁,적격심사제,Y,국방부조사본부,1291063,국방부조사본부,1291063,87.995,205008537,204999300,186363000,2024-04-17,11:00:00,개찰완료,185458790,90.463,2024-04-19,(주)에이치엔에스바이오,차지환,김정은,108-81-81999,"서울특별시 구로구 디지털로272-0 (구로동, 한신아이티타워) 605~607호"
NIT0007,1,감정장비(중합효소연쇄반응장치) 구매,물품,총액계약,제한경쟁,적격심사제,Y,국방부조사본부,1291063,국방부조사본부,1291063,87.995,53984081,53647000,48770000,2024-04-17,11:00:00,개찰완료,48550700,89.935,2024-04-19,젠트리거,김승준,김승준,116-07-96324,서울특별시 강서구 마곡중앙5로1길20 (마곡동) 520호
SCF0217,2,고무판 등 7품목 구매,물품,총액계약,제한경쟁,적격심사제,Y,해군군수사령부,ZD00289,해군군수사령부,ZD00289,87.995,26111016,26000000,24170233,2024-04-17,10:30:00,개찰완료,23016740,88.149,2024-04-17,서아기업,이승미,이승미,412-16-02269,"서울특별시 성동구 금호로15-0 (금호동4가, 서울숲푸르지오아파트)105동904호"
SCF0314,2,24년 MSH 비자성 보조보일러 외주정비,물품,총액계약,일반경쟁,적격심사제,Y,해군군수사령부,ZD00289,해군군수사령부,ZD00289,82.995,32841441,33000000,33182727,2024-04-17,10:30:00,개찰완료,27802500,84.656,2024-04-17,피엠에스,권차순,피서윤,310-12-66106,경상남도 김해시 상동면 상동로685번길142-44
SCF0359,1,잠수함(SS-I  II) 통풍관 청소 용역,용역,총액계약,일반경쟁,적격심사제,Y,해군군수사령부,ZD00289,해군군수사령부,ZD00289,87.995,17071896,17000000,16483636,2024-04-17,10:30:00,개찰완료,15032000,88.051,2024-04-17,(주)태황산업,이헌재,이헌재,113-87-02154,부산광역시 사하구 옥천로71-5 (감천동)
SCF0358,1,호스 비금속제 등 6종 구매,물품,총액계약,제한경쟁,적격심사제,Y,해군군수사령부,ZD00289,해군군수사령부,ZD00289,87.995,5602196,5600000,5227884,2024-04-17,10:30:00,개찰완료,4945490,88.277,2024-04-17,에이스상사,김일천,김일천,585-51-00954,"부산광역시 사하구 다대로339, 1914호(장림동, 극동정림아파트)"
SCF0362,1,증폭기 가속도계 신호용 등 9종 구매,물품,총액계약,제한경쟁,적격심사제,Y,해군군수사령부,ZD00289,해군군수사령부,ZD00289,87.995,197869461,198000000,183727273,2024-04-17,10:30:00,개찰완료,178418240,90.169,2024-04-17,에이스상사,김일천,김일천,585-51-00954,"부산광역시 사하구 다대로339, 1914호(장림동, 극동정림아파트)"
SCF0318,1,탄약정비 공정의 자동화/무인화 방안 개발,용역,총액계약,2단계경쟁(동시),최저가격제,N,해군군수사령부,ZD00289,해군군수사령부,ZD00289,0,44999404,45000000,44545455,2024-04-17,10:30:00,개찰완료,42970000,95.49,2024-04-17,사단법인 한국국가전략연구원,한민구,이상규,643-82-00026,"서울특별시 용산구 한강대로62길41, 3층 (한강로1가)"
SCF0332,2,파병함정 FCU 청락/도장/소제 용역,용역,총액계약,일반경쟁,적격심사제,Y,해군군수사령부,ZD00289,해군군수사령부,ZD00289,87.995,89229781,89000000,82697945,2024-04-17,10:30:00,개찰완료,78526000,88.004,2024-04-17,주식회사 세선,이병수,엄기웅,606-86-57630,부산광역시 사상구 학감대로221번길15-0 (감전동)
SCF0355,1,(긴급) 냉각수 가이드 자켓 등 13종,물품,총액계약,제한경쟁,적격심사제,Y,해군군수사령부,ZD00289,해군군수사령부,ZD00289,87.995,15172000,15306000,14193545,2024-04-17,10:30:00,개찰완료,15152500,99.871,2024-04-17,제일테크,김문길,김문길,182-37-00235,부산광역시 사하구 다대로613-0 (다대동) 자유마트 220호
SCF0356,1,(긴급) 등  선박항해용 등 7종,물품,총액계약,제한경쟁,적격심사제,Y,해군군수사령부,ZD00289,해군군수사령부,ZD00289,87.995,36218244,36045000,35935364,2024-04-17,10:30:00,개찰완료,32040000,88.463,2024-04-17,토탈marine,허광주,허광주,878-38-00842,경상남도 창원시 마산회원구 회원동로42-1 (회원동)
SCF0361,1,디스플레이 유닛 다기능용 등 2품목 구매,물품,총액계약,제한경쟁,적격심사제,Y,해군군수사령부,ZD00289,해군군수사령부,ZD00289,87.995,58979988,59000000,55309091,2024-04-17,10:30:00,개찰완료,51899616,87.995,2024-04-17,팔복5112,강수현,강수현,593-38-00301,"경기도 파주시 송화로13, 109동 403호(아동동, 팜스프링아파트)"
SCF0363,1,(긴급)솔레노이드 밸브 등 5종,물품,총액계약,제한경쟁,적격심사제,Y,해군군수사령부,ZD00289,해군군수사령부,ZD00289,87.995,15625614,15701000,15100909,2024-04-17,10:30:00,개찰완료,15464900,98.971,2024-04-17,에이스상사,김일천,김일천,585-51-00954,"부산광역시 사하구 다대로339, 1914호(장림동, 극동정림아파트)"
SFC0034,1,디지털전용지 등 45품목 구매,물품,총액계약,제한경쟁,적격심사제,Y,제9691부대,ZD00152,제9691부대,ZD00152,87.995,49976340,49902100,45367818,2024-04-17,10:30:00,개찰완료,43982480,88.006,2024-04-17,제이예스,정진승,정진승,787-50-00494,"경상남도 창원시 마산회원구 봉암공단로6, 1층 136호-A135호(봉암동, 마산산업용재백화점)"
UMM0436,1,(246070-D)화재 및 화학기호판 9종 제조,물품,총액계약,제한경쟁,적격심사제,Y,국군재정관리단,ZD00303,국군재정관리단,ZD00303,87.995,139351455,138654030,140167864,2024-04-17,11:00:00,개찰완료,122626344,87.997,2024-04-17,주식회사 우진아이디,황준석,이지선,483-81-00276,경기도 양주시 광적면 그루고개로22-17
UMM0434,1,24-N-평 정수기 67대(함정 포함) 임차 용역,용역,총액계약,제한경쟁,적격심사제,Y,국군재정관리단,ZD00303,국군재정관리단,ZD00303,87.745,200050776,201000000,186381818,2024-04-17,11:00:00,개찰완료,175538526,87.746,2024-04-17,이새,임미현,임미현,282-26-01479,"대구광역시 동구 반야월북로221-0, 106동 1301호 (신서동, 신서화성파크드림)"
UMM0423,1,24-N-작업높이 가변형 작업대 구매,물품,총액계약,제한경쟁,적격심사제,Y,국군재정관리단,ZD00303,국군재정관리단,ZD00303,87.995,68863432,69000000,75000000,2024-04-17,11:00:00,개찰완료,60597000,87.995,2024-04-17,경기상사,박경희,박경희,275-02-01174,경기도 시흥시 중심상가로224(정왕동)영남 602동 103호
UMM0424,1,24-F-활주로 노견 및 엄체호 주변 제초 용역,용역,총액계약,제한경쟁,적격심사제,Y,국군재정관리단,ZD00303,국군재정관리단,ZD00303,87.995,162739407,162950000,151099091,2024-04-17,11:00:00,개찰완료,143203170,87.995,2024-04-17,동림환경건설(주),최성수,최성수,225-81-13888,강원특별자치도 영월군 영월읍 팔괴로217   2층
UMM0429,1,24-N-방화선벨트 제초용역,용역,총액계약,제한경쟁,적격심사제,Y,국군재정관리단,ZD00303,국군재정관리단,ZD00303,87.995,109852014,109540000,105268182,2024-04-17,11:00:00,개찰완료,96689130,88.017,2024-04-17,한빛건설(주),정은균,정은균,302-81-10679,경상남도 함양군 지곡면 지곡창촌길 7-1()
UMM0432,1,24-N-고성능 확대경 구매,물품,총액계약,제한경쟁,적격심사제,Y,국군재정관리단,ZD00303,국군재정관리단,ZD00303,87.995,94729732,94850000,87960727,2024-04-17,11:00:00,개찰완료,83359490,87.997,2024-04-17,루나테크,문경희,문경희,745-15-01047,"경기도 수원시 장안구 정자천로189번길40-0 (정자동, 연꽃마을벽산아파트)423동 2004호"
UMM0427,1,24-N-기포성시험기 구매,물품,총액계약,제한경쟁,적격심사제,Y,국군재정관리단,ZD00303,국군재정관리단,ZD00303,87.995,59922982,59400000,60609091,2024-04-17,11:00:00,개찰완료,52730440,87.997,2024-04-17,에제르유통,박선희,박선희,611-17-01409,서울특별시 영등포구 도신로36길14-1 (신길동)301호
UMM0435,1,(246174-C) 전력계 구매,물품,총액계약,제한경쟁,적격심사제,Y,국군재정관리단,ZD00303,국군재정관리단,ZD00303,87.995,206388424,208580098,193410636,2024-04-17,11:00:00,개찰완료,181689981,88.033,2024-04-17,와이에스,김수선나,김수선나,481-25-01875,"대전광역시 서구 가장로52, 5층 74호(괴정동, 천연빌딩)"
UMM0431,1,(24F092-A) 외진버스 민간용역(동부),용역,총액계약,제한경쟁,적격심사제,Y,국군재정관리단,ZD00303,국군재정관리단,ZD00303,77.995,1656908520,1639215680,1520000000,2024-04-17,11:00:00,개찰완료,1609700000,97.15,2024-04-17,매일관광주식회사,허봉,홍민정,221-81-01885,"강원특별자치도 춘천시 동내면 순환대로940, 1층"
UMM0437,1,24-F-병영시설 전문 방제용역,용역,총액계약,일반경쟁,적격심사제,Y,국군재정관리단,ZD00303,국군재정관리단,ZD00303,82.995,434751601,432710000,511998150,2024-04-17,11:00:00,개찰완료,361298700,83.104,2024-04-17,(주)삼양인터내셔날,하영봉,홍석문,217-81-09699,서울특별시 종로구 계동길31-0 (재동) 보헌빌딩
HCF0095,1,[패트리어트 작전차량 부품] 배터리블랙박스 등 15종,물품,총액계약,제한경쟁,적격심사제,Y,공군군수사령부,ZD00306,공군군수사령부,ZD00306,87.995,48245944,48105882,44607273,2024-04-18,10:30:00,개찰완료,42463000,88.013,2024-04-18,금강인터내셔날,손율겸,손율겸,565-30-01390,"부산광역시 해운대구 마린시티3로37-0 (우동), 22층 2312호 (한일오르듀)"
HCF0094,1,[시동용발전기 부품]주파수 제어기군 등 8종,물품,총액계약,제한경쟁,적격심사제,Y,공군군수사령부,ZD00306,공군군수사령부,ZD00306,87.995,160819745,161207794,149483591,2024-04-18,10:30:00,개찰완료,159595700,99.238,2024-04-18,주식회사 엠제이엠,김무진,김무진,481-86-01366,대구광역시 서구 새방로29길6-17 (상리동)
HCF0092,1,폭발물처리 방한복 제조,물품,총액계약,제한경쟁,적격심사제,Y,공군군수사령부,ZD00306,공군군수사령부,ZD00306,87.995,33404116,33300000,32651491,2024-04-18,10:30:00,개찰완료,29475218,88.238,2024-04-18,신화,김도화,김도화,132-15-23885,경기도 남양주시 오남읍 경복대로120-69
HDN0019,1,’24년 병사식당 자율운영부식 계약,물품,총액계약,제한경쟁,적격심사제,Y,공군제18전투비행단,ZD00187,공군제18전투비행단,ZD00187,87.995,105928826,105566000,97888727,2024-04-18,13:00:00,개찰완료,93382346,88.155,2024-04-18,그린F&B,이영재,이영재,224-16-98533,강원특별자치도 춘천시 동면 목골길14
LCM0022,1,24년 기술연구용역(1),용역,총액계약,2단계경쟁(동시),최저가격제,N,육군교육사령부,1290302,육군교육사령부,1290302,0,55883132,56200420,51091291,2024-04-18,13:00:00,개찰완료,50000000,89.472,2024-04-18,육군사관학교 산학협력단,방성완,이지유,564-82-00077,서울특별시 노원구 화랑로574-0 (공릉동)
LCM0023,1,24년 기술연구용역(2),용역,총액계약,2단계경쟁(동시),최저가격제,N,육군교육사령부,1290302,육군교육사령부,1290302,0,57032916,56923760,51748873,2024-04-18,13:00:00,개찰완료,54000000,94.682,2024-04-18,주식회사 스펙트럼인사이트연구소,최주평,최주평,745-87-02757,"충청북도 청주시 흥덕구 풍년로79번길3, 3층(가경동)"
LDH0346,1,부품도장기 외주정비 용역,용역,총액계약,2단계경쟁(동시),최저가격제,N,제2879부대,ZD00347,제2879부대,ZD00347,0,403758950,405905000,376385455,2024-04-18,13:00:00,개찰완료,361000000,89.409,2024-04-18,주식회사 한승피티씨,윤명달,이수진,606-81-56387,경상남도 김해시 한림면 김해대로927번길89-36
LDH0382,2,(자재) 스테인리스파우더 등 3종 구매,물품,총액계약,제한경쟁,적격심사제,Y,제2879부대,ZD00347,제2879부대,ZD00347,87.995,58354163,58313000,54072727,2024-04-18,13:00:00,개찰완료,56500000,96.822,2024-04-18,주식회사 에이디엠테크,임수창,임수창,487-81-01302,경상남도 사천시 사남면 방지로80-0 시험평가지원동 101호
LHQ0021,1,24년 중요시설 경계시스템 외주정비용역,용역,총액계약,제한경쟁,적격심사제,Y,제6619부대,1290300,제6619부대,1290300,87.745,109229457,109854147,101864755,2024-04-18,10:30:00,개찰완료,95892599,87.79,2024-04-18,(주)더원정보,이태훈,정인수,804-81-02559,"대구광역시 달성군 다사읍 대실역남로2길2-11, 1층"
LHQ0020,1,24년 7867부대 제초용역,용역,총액계약,제한경쟁,적격심사제,Y,제6619부대,1290300,제6619부대,1290300,87.745,20762238,20624110,19407509,2024-04-18,11:00:00,개찰완료,18220000,87.755,2024-04-18,주식회사 한국조경기술연구소,김동일,임은경,792-88-01595,"대전광역시 유성구 노은로144, 409호(지족동)"
LKP0087,1,24년 00부대 제초용역,용역,총액계약,일반경쟁,적격심사제,Y,제6335부대,Z006123,제6335부대,Z006123,87.745,39573759,39362931,36502091,2024-04-18,11:30:00,개찰완료,34724824,87.747,2024-04-18,주식회사 김앤장조경,김은혜,김은혜,334-86-02564,"강원특별자치도 춘천시 효석로67번길14 (석사동), 1-6호"
LKT0040,1,24년 5~6월 부대조달 급식품목(빵류) 구매,물품,총액계약,일반경쟁,적격심사제,Y,제1989부대,ZD00011,제1989부대,ZD00011,82.995,96219303,96127166,89136100,2024-04-18,10:30:00,개찰완료,79863218,83.001,2024-04-18,주식회사 야미푸드,손희영,손희영,125-81-56888,경기도 이천시 덕평로691번길46-0 (마장면)
LKT0041,1,24년 5~6월 부대조달 급식품목(식육가공품) 구매,물품,총액계약,일반경쟁,적격심사제,Y,제1989부대,ZD00011,제1989부대,ZD00011,82.995,63654254,63766666,59129091,2024-04-18,10:30:00,개찰완료,52837000,83.006,2024-04-18,참조은푸드,김미라,김미라,776-55-00790,"울산광역시 울주군 범서읍 천상6길28-8, 1층((32블럭5롯트) 1층 101호)"
LQG0034,1,작계훈련 2차 무기 등 수송 차량 임차(1권역),용역,총액계약,제한경쟁,적격심사제,Y,육군 52보병사단,ZD00273,육군 52보병사단,ZD00273,87.745,9249821,9200000,8363636,2024-04-18,10:30:00,개찰완료,8730800,94.388,2024-04-18,주식회사 삼성육운,이미자,이미자,139-81-28509,"인천광역시 남구 주안로 108, 경향프라자 401호(주안동)"
LQG0035,1,작계훈련 2차 무기 등 수송 차량 임차(2권역),용역,총액계약,제한경쟁,적격심사제,Y,육군 52보병사단,ZD00273,육군 52보병사단,ZD00273,87.745,8850767,8850000,8045455,2024-04-18,10:30:00,개찰완료,7920000,89.483,2024-04-18,주식회사케이이엠,곽한기,김주식,109-86-27542,경기도 부천시 길주로77번길19-45 (상동) 748호
LQG0036,1,박달훈련대 과학화체계 설치 및 유지보수 용역,용역,총액계약,제한경쟁,적격심사제,Y,육군 52보병사단,ZD00273,육군 52보병사단,ZD00273,87.745,34164625,33801000,30728182,2024-04-18,10:30:00,개찰완료,30092354,88.08,2024-04-18,아이티 월드((IT. WORLD),김영우,김영우,614-04-76461,부산광역시 동래구 여고로63번길86-0 (사직동) 1층
LQG0037,1,서초훈련대 과학화체계 설치 및 유지보수 용역,용역,총액계약,제한경쟁,적격심사제,Y,육군 52보병사단,ZD00273,육군 52보병사단,ZD00273,87.745,33759615,33801000,30728182,2024-04-18,10:30:00,개찰완료,29624580,87.751,2024-04-18,주식회사 엔트론,이정호,이정호,885-81-00619,"경기도 부천시 석천로345, 304동 505호 (삼정동, 부천테크노파크)"
SCF0327,2,조정기세트  전압용 등 2종 구매,물품,총액계약,제한경쟁,적격심사제,Y,해군군수사령부,ZD00289,해군군수사령부,ZD00289,87.995,19925478,20000000,19216818,2024-04-18,10:30:00,개찰완료,17534560,88,2024-04-18,더블제이,정희준,정희준,879-47-00833,"경기도 군포시 산본로226, 301호"
SCF0370,1,(긴급) 작동기  유압식-공기식  회전형 등 17종,물품,총액계약,제한경쟁,적격심사제,Y,해군군수사령부,ZD00289,해군군수사령부,ZD00289,87.995,145271626,145232000,134669727,2024-04-18,10:30:00,개찰완료,127832420,87.995,2024-04-18,수성,박현옥,박현옥,102-21-34719,"대구광역시 수성구 국채보상로846-0 (범어동, 청구성조타운) 101동 1002호"
SCQ0035,1,24-평 예초관리 용역,용역,총액계약,제한경쟁,적격심사제,Y,제9911부대,1290334,제9911부대,1290334,87.995,371878799,372625400,346708636,2024-04-18,10:30:00,개찰완료,327314151,88.016,2024-04-18,주식회사 경현,노현서,노현서,605-87-01770,충청북도 청주시 청원구 내수읍 내수로358
SFC0036,1,홍보물(캐릭터 열쇠고리 등 3품목) 제작 구매,물품,총액계약,제한경쟁,적격심사제,Y,제9691부대,ZD00152,제9691부대,ZD00152,87.995,41575894,41420500,44490000,2024-04-18,10:30:00,개찰완료,36584721,87.995,2024-04-18,제이디아이,전성운,전성운,779-41-01199,"서울특별시 구로구 경인로53길15, 라동 3층 3722호(구로동, 중앙유통단지)"
UMM0132,2,24-F- 제설기 트럭장착 제조(249019-F),물품,총액계약,일반경쟁,적격심사제,Y,국군재정관리단,ZD00303,국군재정관리단,ZD00303,82.995,388080741,387250000,359093636,2024-04-18,11:00:00,개찰완료,340900000,87.842,2024-04-18,리텍디티에스 주식회사,김태경,이기관,484-88-03014,세종특별자치시  연동면 명학산단남로60
UMM0386,2,(246069-C) 탄알집 봉인스티커 제조,물품,총액계약,제한경쟁,적격심사제,Y,국군재정관리단,ZD00303,국군재정관리단,ZD00303,87.995,77096585,76431156,70872527,2024-04-18,11:00:00,개찰완료,67860900,88.02,2024-04-18,팩컴코리아주식회사,김경수,김홍철,129-81-30366,"경기도 성남시 분당구 정자일로 162, 젤존타워2 8층(정자동)"
UMM0451,1,(246184-C) 5인승 전동승용카트 구매,물품,총액계약,일반경쟁,적격심사제,Y,국군재정관리단,ZD00303,국군재정관리단,ZD00303,82.995,725343204,733333333,680000000,2024-04-18,11:00:00,개찰완료,603118182,83.149,2024-04-18,한림 주식회사,임규율,배효진,127-81-78215,경기도 의정부시 범골로35번길42-0 (호원동)
EBB0088,1,시일 조립체 축통용 선박용,물품,총액계약,제한경쟁,적격심사제,Y,방위사업청,1690000,방위사업청,1690000,,153365008,152959000,0,2024-04-19,10:30:00,개찰완료,135016400,88.035,2024-04-19,제이케이에이치(J.K.H),하치규,하치규,379-57-00201,부산광역시 사상구 대동로209번길31-0 (학장동)
EBB0087,1,전술훈련용수류탄,물품,총액계약,일반경쟁,적격심사제,Y,방위사업청,1690000,방위사업청,1690000,,9493186749,9536364000,0,2024-04-19,11:00:00,개찰완료,8580800000,90.389,2024-04-19,한국씨앤오테크(주),오세홍,오관석,114-81-79542,경상북도 문경시 영순면 새갓길20-0
HCL0029,2,24-박물관 전시항공기 도장용역,용역,총액계약,일반경쟁,적격심사제,Y,공군사관학교,7002962,공군사관학교,7002962,87.745,53602618,53705000,48822727,2024-04-19,11:00:00,개찰완료,47190000,88.036,2024-04-22,한길이엔지 주식회사,전용성,오지안,228-86-03031,"대구광역시 북구 동북로117, 4층 403호 (산격동, 소프트웨어벤처타워)"
LHM0038,1,24년 렌탈프린터 임차용역 통합계약,용역,총액계약,제한경쟁,적격심사제,Y,제6685부대,ZD00115,제6685부대,ZD00115,87.745,131675390,131760000,119781818,2024-04-19,11:00:00,개찰완료,115539975,87.746,2024-04-19,클로이캘리,김애진,김애진,447-04-02976,강원특별자치도 원주시 배울로154-0 (반곡동)118동1303호
LHM0040,1,서화천 간부숙소 BTL사업 전략환경영향평가 용역,용역,총액계약,제한경쟁,적격심사제,Y,제6685부대,ZD00115,제6685부대,ZD00115,87.745,151903881,151520000,137745455,2024-04-19,11:00:00,개찰완료,133380000,87.805,2024-04-19,주식회사 선진환경,김근한,장경하,224-81-25455,강원특별자치도 원주시 치악로1351 (관설동)
LPC0013,1,24년 얼음정수기 임차 용역,용역,총액계약,일반경쟁,적격심사제,Y,제25보병사단,ZD00029,제25보병사단,ZD00029,85.495,268876752,270043200,245493818,2024-04-19,11:00:00,개찰완료,229940710,85.519,2024-04-21,주식회사 지에스위드,박미숙,김수경,206-86-89005,인천광역시 남동구 하촌서로54(만수동)
MDD0070,1,2024 외과장비운영소모품(3-2) 구매,물품,총액계약,제한경쟁,적격심사제,Y,국군수도병원,ZD00236,국군수도병원,ZD00236,87.995,9630674,9541340,9206145,2024-04-19,11:00:00,개찰완료,8925000,92.672,2024-04-19,도하인터내셔널 주식회사,김만봉,김만봉,539-88-01882,"경기도 남양주시 진접읍 금강로1553-21, 201,202호 (신우아파트상가)"
MDD0068,1,2024 병리장비운영소모품(10-3) 구매,물품,총액계약,제한경쟁,적격심사제,Y,국군수도병원,ZD00236,국군수도병원,ZD00236,87.995,46145260,46081560,42747273,2024-04-19,11:00:00,개찰완료,40709100,88.219,2024-04-19,석진메드,오석현,오석현,375-07-00581,경기도 하남시 덕풍북로259번길21-0 (덕풍동) 1층 102호
MDD0071,1,2024 병리장비운영소모품(5-2) 구매,물품,총액계약,제한경쟁,적격심사제,Y,국군수도병원,ZD00236,국군수도병원,ZD00236,87.995,37137097,37240000,34560000,2024-04-19,11:00:00,개찰완료,32680210,87.998,2024-04-19,제이엘,이원성,이원성,495-31-01083,"경상남도 창원시 진해구 신항2로114, 717호(용원동, 다인로얄팰리스 부산 신항2차)"
MDD0069,1,2024 외과장비운영소모품(5-2) 구매,물품,총액계약,제한경쟁,적격심사제,Y,국군수도병원,ZD00236,국군수도병원,ZD00236,87.995,22593421,22715600,22257364,2024-04-19,11:00:00,개찰완료,19957000,88.331,2024-04-19,주마메디칼,김정희,김정희,132-28-95394,경기도 남양주시 진접읍 금강로1553-21 (신우아파트) 상가 112호
MDG0116,1,의료 질 향상 도서 구매,물품,총액계약,제한경쟁,적격심사제,Y,국군의무사령부,1290291,국군의무사령부,1290291,90,996109,989500,899545,2024-04-19,11:00:00,개찰완료,910530,91.408,2024-04-19,청운서림,김건식,김건식,513-18-04604,경상북도 구미시 1공단로192-0 (공단동)
MDK0032,1,숙천고가교 정밀안전진단 및 제 1종성능평가 용역,용역,총액계약,제한경쟁,적격심사제,Y,국군수송사령부,1290460,국군수송사령부,1290460,87.745,184597841,185689215,172184545,2024-04-19,13:00:00,개찰완료,162678600,88.125,2024-04-22,주식회사 세본테크,강경미,김정화,807-86-00521,대구광역시 달서구 상화로177-0 (상인동)
MDK0033,1,부동터널 정밀안전진단 및 제1종성능평가 용역,용역,총액계약,제한경쟁,적격심사제,Y,국군수송사령부,1290460,국군수송사령부,1290460,87.745,152447816,152649019,141547273,2024-04-19,13:00:00,개찰완료,133797760,87.766,2024-04-22,도인 주식회사,조명애,조명애,136-87-01196,대구광역시 수성구 천을로31길7-10 (매호동)
MHD0042,1,○○레이더 지체상금 중재 위임계약,용역,총액계약,협상에의한계약(전자),협상,N,방위사업청(운영지원과),1690000,방위사업청(운영지원과),1690000,,500000000,,454545455,2024-04-19,15:00:00,개찰완료,380000000,76,2024-05-08,법무법인 (유한) 율촌,강석훈,장혜련,120-81-75202,"서울특별시 강남구 테헤란로521, 38층(삼성동)"
UMM0401,1,(24F080-A) 방화지대 구축용역(임실  영동),용역,총액계약,일반경쟁,적격심사제,Y,국군재정관리단,ZD00303,국군재정관리단,ZD00303,87.995,726174366,723299010,670695455,2024-04-19,11:00:00,개찰완료,639000000,87.995,2024-04-19,주식회사 숲처럼,이정녀,강영희,617-87-02049,전북특별자치도 정읍시 천변로340-21 (시기동)
UMM0443,1,24-F-소형표적기 완제품 구매,물품,총액계약,제한경쟁,적격심사제,Y,국군재정관리단,ZD00303,국군재정관리단,ZD00303,87.995,74300710,74550000,69136364,2024-04-19,11:00:00,개찰완료,65382300,87.996,2024-04-19,라온,이영용,이영용,848-09-02500,경기도 가평군 상면 수목원로386번길14-6
UMM0433,1,24-N-항공유 서비스펌프 50GPM 50PSI 2EA 제조,물품,총액계약,제한경쟁,적격심사제,Y,국군재정관리단,ZD00303,국군재정관리단,ZD00303,87.995,138258879,137060000,169090909,2024-04-19,11:00:00,개찰완료,121875410,88.15,2024-04-19,주식회사 주호산업,이남,이흥곤,799-88-00165,경기도 김포시 대곶면 대곶북로305번길42-56
UMM0439,1,24-F-00기지 일반지역 제초용역,용역,총액계약,제한경쟁,적격심사제,Y,국군재정관리단,ZD00303,국군재정관리단,ZD00303,87.995,110364522,110980000,108549091,2024-04-19,11:00:00,개찰완료,97126000,88.004,2024-04-19,더푸름 주식회사,이승민,김경민,354-88-02771,경상북도 의성군 의성읍 중앙길37-1
UMM0438,1,(24G053-I) 24년 임상병리 민간 위수탁 용역,용역,총액계약,일반경쟁,적격심사제,Y,국군재정관리단,ZD00303,국군재정관리단,ZD00303,77.995,2162909883,2157085931,2200227650,2024-04-19,11:00:00,개찰완료,1698822759,78.543,2024-04-19,의료법인 녹십자의료재단,이상곤,장상화,213-82-03521,경기도 용인시 기흥구 이현로30번길 107()
UMM0441,1,(246157-E) 컷팅기(호스용) 구매,물품,총액계약,제한경쟁,적격심사제,Y,국군재정관리단,ZD00303,국군재정관리단,ZD00303,87.995,70718859,71023520,65858182,2024-04-19,11:00:00,개찰완료,70384600,99.527,2024-04-19,주식회사 엠제이엠,김무진,김무진,481-86-01366,대구광역시 서구 새방로29길6-17 (상리동)
UMM0425,1,24-F-00비 활주로 제초용역,용역,총액계약,제한경쟁,적격심사제,Y,국군재정관리단,ZD00303,국군재정관리단,ZD00303,87.995,237185593,237010000,219780000,2024-04-19,11:00:00,개찰완료,208711699,87.995,2024-04-19,세원조경 주식회사,박세영,박세영,746-81-02461,"부산광역시 사하구 승학로123-4 (당리동, 당리신익아파트)11동307호"
UMM0440,1,(246152-E) 육군 체력단련장 캐디 피복 제조/구매,물품,총액계약,제한경쟁,적격심사제,Y,국군재정관리단,ZD00303,국군재정관리단,ZD00303,87.995,94018485,93716660,86900909,2024-04-19,11:00:00,개찰완료,82735085,87.998,2024-04-19,주식회사 제이에프,진주,윤경은,876-88-01248,"충청북도 청주시 청원구 율봉로159번길73-1, 301호(율량동, 스톰비오피스센터)"
UMM0444,1,(246102-D) 방탄방패 구매,물품,총액계약,제한경쟁,적격심사제,Y,국군재정관리단,ZD00303,국군재정관리단,ZD00303,87.995,94834505,94800000,88370836,2024-04-19,11:00:00,개찰완료,83449791,87.995,2024-04-19,에스에이치,이상혜,이상혜,557-19-01259,"경기도 김포시 김포한강2로208, 412-1403"
UMM0454,1,(24F126-A) 제초용역,용역,총액계약,일반경쟁,적격심사제,Y,국군재정관리단,ZD00303,국군재정관리단,ZD00303,87.995,291808164,290809230,282835173,2024-04-19,11:00:00,개찰완료,256833600,88.014,2024-04-19,주식회사 이지피플,지혜진,조선미,214-88-06426,"인천광역시 남동구 아암대로1223, 315호 (고잔동, 성강지식산업센터)"
UMM0447,1,(246164-F) 하계정비복 제조,물품,총액계약,제한경쟁,적격심사제,Y,국군재정관리단,ZD00303,국군재정관리단,ZD00303,87.995,124074864,123750000,114750000,2024-04-19,11:00:00,개찰완료,109296000,88.088,2024-04-19,대우유니폼,윤형석,윤형석,461-15-01042,경상남도 창원시 마산회원구 양덕로대우빌딩5층
UMM0446,1,(246163-F) 동계정비복 제조,물품,총액계약,제한경쟁,적격심사제,Y,국군재정관리단,ZD00303,국군재정관리단,ZD00303,87.995,107292425,107303920,99500000,2024-04-19,11:00:00,개찰완료,94881989,88.433,2024-04-19,현대종합상사,윤정만,정연주,608-21-68167,경상남도 창원시 마산회원구 봉암북10길2 (봉암동)
LAZ0003,1,24-부대 소개영화 제작 용역,용역,총액계약,2단계경쟁(동시),최저가격제,N,드론작전사령부,9800110,드론작전사령부,9800110,0,35225003,35592000,32356364,2024-04-22,10:30:00,개찰완료,20000000,56.777,2024-04-22,트렌드코리아 주식회사,장태준,장태준,429-86-02727,"경기도 시흥시 월곶해안로149-1 (월곶동) 에이동, 202호"
LDA0005,1,「24-강원-오수-1 설계용역」,용역,총액계약,2단계경쟁(동시),최저가격제,N,지상작전사령부,ZD00279,지상작전사령부,ZD00279,0,48060369,47766000,43423636,2024-04-22,10:00:00,개찰완료,0,0,2024-04-22,(주)후소엔지니어링,이경섭,이일권,408-81-31287,전라남도 화순군 춘양면 용회로339
LGT0017,1,24-강원-오수-4 설계용역,용역,총액계약,2단계경쟁(동시),최저가격제,N,제2307부대,ZD00001,제2307부대,ZD00001,0,85743846,85058000,77325455,2024-04-22,10:30:00,개찰완료,0,0,2024-04-22,주식회사 경우크린텍,심상조,서영민,304-81-06749,경상북도 영주시 풍기읍 기주로 101()
LGT0018,1,24-강원-오수-3 설계용역,용역,총액계약,2단계경쟁(동시),최저가격제,N,제2307부대,ZD00001,제2307부대,ZD00001,0,110100764,110285000,100259091,2024-04-22,10:30:00,개찰완료,0,0,2024-04-22,주식회사 경우크린텍,심상조,서영민,304-81-06749,경상북도 영주시 풍기읍 기주로 101()
MHD0039,2,함대함유도탄-II 사업분석,용역,총액계약,협상에의한계약(전자),협상,N,방위사업청(운영지원과),1690000,방위사업청(운영지원과),1690000,,60000000,,54545455,2024-04-22,15:00:00,개찰완료,57000000,95,2024-07-02,에스앤에스이앤지 주식회사,박종선,양용진,121-81-82744,"인천광역시 중구 인중로 178, 제이엘타워 1001호(사동)"
SFC0028,2,해병대 간부 및 병 획득율 제고를 위한 개선방안 연구,용역,총액계약,2단계경쟁(동시),최저가격제,N,제9691부대,ZD00152,제9691부대,ZD00152,0,38403884,38255590,36363636,2024-04-22,10:30:00,개찰완료,27861053,72.547,2024-04-23,단국대학교 천안캠퍼스 산학협력단,이재원,김예섭,312-82-16264,"충청남도 천안시 동남구 단대로119-0 (안서동, 단국대학교천안캠퍼스)"
UMM0449,1,24-F-발전기세트  디젤엔진식 구매,물품,총액계약,제한경쟁,적격심사제,Y,국군재정관리단,ZD00303,국군재정관리단,ZD00303,87.995,86900843,86260000,79993636,2024-04-22,11:00:00,개찰완료,76469280,87.996,2024-04-22,대일통상,이석원,이석원,848-42-00493,"서울특별시 도봉구 덕릉로66길17 (창동, 주공아파트)1711-402"
UMM0453,1,24-F-전기용접장비 트레일러 탑재식 구매,물품,총액계약,제한경쟁,적격심사제,Y,국군재정관리단,ZD00303,국군재정관리단,ZD00303,87.995,101644283,102320000,94887273,2024-04-22,11:00:00,개찰완료,89448100,88.001,2024-04-22,에이치에스물산,김종수,김종수,290-18-01228,강원특별자치도 속초시 만천7길23-6 (교동)
EBB0095,1,자주포 포탑부품류,물품,총액계약,일반경쟁,적격심사제,Y,방위사업청,1690000,방위사업청,1690000,,317043492,316951000,0,2024-04-23,11:00:00,개찰완료,271650000,85.682,2024-04-23,우창기계 주식회사,김운태,우성제,609-81-35829,경상남도 창원시 성산구 공단로324-21 (웅남동)
EBB0091,1,자주포 유지용 일반부품류,물품,총액계약,제한경쟁,적격심사제,Y,방위사업청,1690000,방위사업청,1690000,,273793630,274345000,0,2024-04-23,11:00:00,개찰완료,241278169,88.124,2024-04-23,주식회사 엔에이치,이남택,최소영,141-81-34270,경기도 남양주시 진접읍 내각1로73번길38-1
EBB0094,1,궤도장비부품류,물품,총액계약,일반경쟁,적격심사제,Y,방위사업청,1690000,방위사업청,1690000,,971502176,970173000,0,2024-04-23,11:00:00,개찰완료,818499000,84.25,2024-04-23,우주산업플랜트 주식회사,최창식,최창식,609-86-05878,경상남도 창원시 의창구 봉강가술로537번길42-0 (대산면)
EHF0007,2,수신기-송신기 무전기용,물품,총액계약,일반경쟁,적격심사제,Y,방위사업청,1690000,방위사업청,1690000,,1745324321,1739653000,0,2024-04-23,11:00:00,개찰완료,1555000000,89.095,2024-04-23,주식회사 에스알씨,임종근,옥창길,605-81-87500,부산광역시 남구 용호로252번길11-0 (용호동)
HCF0099,1,24~'25년 LAN/교환기 유지보수,용역,총액계약,제한경쟁,적격심사제,Y,공군군수사령부,ZD00306,공군군수사령부,ZD00306,77.995,1352603779,1353577274,1255135291,2024-04-23,10:30:00,개찰완료,1058293398,78.241,2024-04-23,티에스라인시스템 주식회사,최국현,박산근,107-86-35181,"서울특별시 영등포구 영신로220-0, 805호, 806호, 403호(영등포동8가, KnK디지털타워)"
HCF0097,1,목재 제조,물품,총액계약,제한경쟁,적격심사제,Y,공군군수사령부,ZD00306,공군군수사령부,ZD00306,87.995,36958708,36725490,34054545,2024-04-23,10:30:00,개찰완료,32558000,88.092,2024-04-23,우진목재(주),한상배,한상배,606-81-15635,부산광역시 강서구 녹산화전로 37()
HCF0096,1,군사경찰 대테러복 제조,물품,총액계약,제한경쟁,적격심사제,Y,공군군수사령부,ZD00306,공군군수사령부,ZD00306,87.995,37830161,37647059,34909091,2024-04-23,10:30:00,개찰완료,33880000,89.558,2024-04-23,주식회사 해피코리아,곽양근,황상원,610-86-14848,울산광역시 울주군 온양읍 화산발리로627-0
HCM0037,1,24년 일반지역 예초 용역,용역,총액계약,제한경쟁,적격심사제,Y,공군교육사령부,ZD00172,공군교육사령부,ZD00172,87.745,162619637,162087250,150299091,2024-04-23,13:00:00,개찰완료,142691230,87.745,2024-04-23,주식회사 이숲,정난주,박화영,687-81-00354,"경상남도 함안군 칠원읍 오곡로94-0 , 203호"
HDK0015,1,24년 탄약고지역 제초용역,용역,총액계약,제한경쟁,적격심사제,Y,공군제11전투비행단,ZD00202,공군제11전투비행단,ZD00202,87.995,90229057,90183200,83624427,2024-04-23,10:30:00,개찰완료,79398139,87.996,2024-04-23,주식회사 비취조경,장유석,장유석,792-88-01047,"경기도 화성시 남양읍 시청로50, 420호"
HDN0020,1,24년도 일반지역 제초용역 ,용역,총액계약,제한경쟁,적격심사제,Y,공군제18전투비행단,ZD00187,공군제18전투비행단,ZD00187,87.745,117300423,117061000,108548273,2024-04-23,13:00:00,개찰완료,102935088,87.753,2024-04-23,주식회사 이림,최재호,최재호,141-86-02467,강원특별자치도 강릉시 구정면 정등로24-24
HDN0021,1,24년 탄약고 지역 제초 유지관리,용역,총액계약,제한경쟁,적격심사제,Y,공군제18전투비행단,ZD00187,공군제18전투비행단,ZD00187,87.745,33488037,33415000,30985455,2024-04-23,13:00:00,개찰완료,29384680,87.746,2024-04-23,주식회사 건백림,이계천,이계천,223-81-12277,"강원특별자치도 춘천시 안마산로214, 상가동 3층 1호 (퇴계동, 퇴계금호타운아파트)"
HDP0022,1,(24-용역-31) 기지 일반구역 제초 유지관리 용역,용역,총액계약,일반경쟁,적격심사제,Y,공군제19전투비행단,ZD00189,공군제19전투비행단,ZD00189,87.995,254473098,253684300,230622091,2024-04-23,11:00:00,개찰완료,223927530,87.996,2024-04-23,주식회사 베네비타조경건설,성기덕,성기덕,338-88-02139,경기도 남양주시 경춘로460-0 (다산동)
LCF0103,1,절단기 석고붕대용 등 2항목 구매(의무),물품,총액계약,제한경쟁,적격심사제,Y,육군군수사령부,1290307,육군군수사령부,1290307,87.995,18071563,18171250,16519318,2024-04-23,11:00:00,개찰완료,15903441,88.002,2024-04-23,주식회사 블루엘,차다얼,차다얼,263-88-02441,경상북도 포항시 북구 법원로116번길42(장성동)
LCF0102,1,전극 심전계용 등 6항목 구매(의무),물품,총액계약,제한경쟁,적격심사제,Y,육군군수사령부,1290307,육군군수사령부,1290307,87.995,29060847,28842835,26220759,2024-04-23,11:00:00,개찰완료,25572634,87.996,2024-04-23,보미라인,박경주,박경주,298-19-01461,"충청남도 아산시 신창면 천우물로23, 207동 305호 (신아산 모아엘가 비스타 2차 아파트)"
LCF0101,1,붕대 외과용 등 8항목 구매(의무),물품,총액계약,제한경쟁,적격심사제,Y,육군군수사령부,1290307,육군군수사령부,1290307,87.995,46089069,46240549,42036863,2024-04-23,11:00:00,개찰완료,40559898,88.003,2024-04-23,주식회사 경진유통,서이현,서이현,806-87-01242,"경상남도 창원시 진해구 여좌로110-2 (여좌동, 수진빌라) 101호"
LCF0104,1,"잔류농약속성검사기 등 2항목 구매(의무)		",물품,총액계약,제한경쟁,적격심사제,Y,육군군수사령부,1290307,육군군수사령부,1290307,87.995,50781036,50691000,46082727,2024-04-23,11:00:00,개찰완료,44806270,88.234,2024-04-23,주식회사 마이크로디지탈,김경남,이금주,124-81-99109,경기도 성남시 분당구 판교로228번길15-0 (삼평동) WINS동 7층
LCF0084,2,백 진공포장용 등 3항목 제조(총포),물품,총액계약,제한경쟁,적격심사제,Y,육군군수사령부,1290307,육군군수사령부,1290307,87.995,32366650,32480376,29527615,2024-04-23,10:30:00,개찰완료,28526330,88.134,2024-04-23,동창원산업(주),정창,문혜영,553-81-01007,경상남도 의령군 용덕면 의합대로123-7
LCF0106,1,차량 고임목(중형) 등 6항목 구매(기장),물품,총액계약,제한경쟁,적격심사제,Y,육군군수사령부,1290307,육군군수사령부,1290307,87.995,135499512,135220766,122927969,2024-04-23,11:00:00,개찰완료,119233220,87.995,2024-04-23,유한회사 엔디클릭,최용석,최재영,408-81-89324,"전라남도 장성군 황룡면 강변로452-16, 3층 302호"
LCF0078,3,역세탱크 조립체 1항목 제조(일장-004),물품,총액계약,제한경쟁,적격심사제,Y,육군군수사령부,1290307,육군군수사령부,1290307,82.995,388148904,391018125,355471023,2024-04-23,11:30:00,개찰완료,336820780,86.776,2024-04-23,주식회사 우성아이비,이희재,박철민,104-86-53711,인천광역시 부평구 부평북로297-0 (갈산동)
LDH0399,2,K9자주포 부트등7종 구매,물품,총액계약,제한경쟁,적격심사제,Y,제2879부대,ZD00347,제2879부대,ZD00347,87.995,6271857,6306000,5847403,2024-04-23,13:00:00,개찰완료,5850000,93.273,2024-04-23,DGI산업,백지윤,백지윤,607-16-48427,"부산광역시 동래구 차밭골로21번길36, 1층 (온천동)"
LDH0424,1,K77지휘차 운송 및 저장용기 구매,물품,총액계약,제한경쟁,적격심사제,Y,제2879부대,ZD00347,제2879부대,ZD00347,87.995,29652236,29411000,27272727,2024-04-23,13:00:00,개찰완료,28822700,97.202,2024-04-23,이지텍,최준석,최준석,669-04-01034,경상남도 양산시 상북면 소토1길14-0
LHG0016,1,24년 렌탈프린터 임차용역,용역,총액계약,제한경쟁,적격심사제,Y,제1862부대,ZD00002,제1862부대,ZD00002,87.745,106353489,106632235,98877164,2024-04-23,11:00:00,개찰완료,93321093,87.746,2024-04-23,투띠앤코,김지은,김지은,831-29-01438,강원특별자치도 강릉시 산양큰길22번길32-0 (포남동) 201호
LHK0016,1,24-강원-폐수-1 설계용역,용역,총액계약,2단계경쟁(동시),최저가격제,N,제2군단,ZD00407,제2군단,ZD00407,0,59829412,59756000,54323636,2024-04-23,10:30:00,개찰완료,0,0,2024-04-23,주식회사 동부그린,정오용,송예린,416-81-14732,전라남도 순천시 해룡면 해룡산단6로100
LMH0017,1,경기남부-폐수-5공구 설계용역,용역,총액계약,2단계경쟁(동시),최저가격제,N,제7군단,ZD00101,제7군단,ZD00101,0,69511981,69626000,63296364,2024-04-23,10:30:00,개찰완료,0,0,2024-04-23,주식회사 동부그린,정오용,송예린,416-81-14732,전라남도 순천시 해룡면 해룡산단6로100
LPF0045,1,24년 후반기 작계훈련 무기수송 차량 임차,용역,총액계약,제한경쟁,적격심사제,Y,제5067부대,ZD00019,제5067부대,ZD00019,87.745,48282338,48125000,43750000,2024-04-23,10:30:00,개찰완료,43000000,89.059,2024-04-23,태산솔루션,이승호,이승호,123-25-82690,"경기도 광명시 오리로923, 1층(광명동, 대성빌딩)"
MCM0003,1,취약점 진단도구 구매,물품,총액계약,제한경쟁,적격심사제,Y,4284부대,ZD00924,4284부대,ZD00924,87.995,180102374,182000000,165454545,2024-04-23,10:30:00,개찰완료,179997950,99.942,2024-04-23,주식회사 마에스트로네트웍스,김성훈,김성훈,885-86-00647,"서울특별시 금천구 가산디지털1로5, 대륭테크노타운 20차 1934호"
MCM0005,1,사이버 기술분석용 라이선스 구매,물품,총액계약,제한경쟁,적격심사제,Y,4284부대,ZD00924,4284부대,ZD00924,87.995,207790480,206120000,205027273,2024-04-23,10:30:00,개찰완료,203999750,98.175,2024-04-23,씨지에스아이티(주),최규식,최규식,107-86-77070,"서울특별시 금천구 가산디지털1로1-0 (가산동, 더루벤스밸리) 1208호"
MDK0035,1,24-1차 한빛부대 재보급물자 수송관리용역,용역,총액계약,일반경쟁,적격심사제,Y,국군수송사령부,1290460,국군수송사령부,1290460,85.495,446035863,448529411,415909091,2024-04-23,11:00:00,개찰완료,383186400,85.909,2024-04-23,주식회사 대한씨앤에어,구학모,구학모,110-81-94347,서울특별시 중구 삼일대로363-0 (장교동) 장교빌딩 2512호
MHD0023,2,국방표준서 제정(7차) 연구,용역,총액계약,협상에의한계약(전자),협상,N,방위사업청(운영지원과),1690000,방위사업청(운영지원과),1690000,,200000000,,181818182,2024-04-23,15:00:00,개찰완료,180000000,90,2024-10-21,재단법인 한국기계전기전자시험연구원,안성일,이광수,123-82-14098,경기도 군포시 흥안대로27번길22-0 (금정동)
SCF0284,2,로프 와이어제 등 6종 구매,물품,총액계약,제한경쟁,적격심사제,Y,해군군수사령부,ZD00289,해군군수사령부,ZD00289,87.995,36467723,36000000,33728945,2024-04-23,10:30:00,개찰완료,32153370,88.169,2024-04-23,이엠이컴퍼니,성원민,성원민,562-07-01490,서울특별시 금천구 가산디지털1로171 (가산동) 3층 306-19
SCF0374,1,요소 등 25종 구매,물품,총액계약,제한경쟁,적격심사제,Y,해군군수사령부,ZD00289,해군군수사령부,ZD00289,87.995,41127602,41000000,38782727,2024-04-23,10:30:00,개찰완료,37105200,90.219,2024-04-24,주식회사 에이에스씨,임승수,임승수,125-86-08417,"경기도 안성시 공단1로99 (신건지동, 안성제1산업단지)"
SCF0375,1,(긴급) 제한기  유체유동용 등 94종,물품,총액계약,제한경쟁,적격심사제,Y,해군군수사령부,ZD00289,해군군수사령부,ZD00289,87.995,168953881,167958000,155743727,2024-04-23,10:30:00,개찰완료,148671950,87.995,2024-04-23,(주)랜스에디팅,모종규,모종규,201-81-88059,경기도 고양시 덕양구 무원로6번길20 (행신동) M타워 401호
SFD0034,1,간부숙소  디지털도어락 납품/설치,물품,총액계약,제한경쟁,적격심사제,Y,제9227부대,ZD00150,제9227부대,ZD00150,87.995,139286673,138774000,128681818,2024-04-23,10:30:00,개찰완료,122565629,87.995,2024-04-23,도담헬스케어,김수경,김수경,459-10-01379,"경상남도 창원시 마산회원구 내서읍 중리공단로4길41 , 4층"
SFH0056,1,24-B-통합구매(도어클로저 등 213품목),물품,총액계약,일반경쟁,적격심사제,Y,제9196부대,ZD00370,제9196부대,ZD00370,82.995,330156951,331318510,307222627,2024-04-23,10:30:00,개찰완료,274018550,82.996,2024-04-23,주식회사 유씨앤,권정숙,진보라,818-88-01316,"서울특별시 금천구 가산디지털1로233, 9층 915호(가산동, 에이스하이엔드타워9차)"
UAC0014,1,디지털인쇄재료 4종 수시 구매,물품,총액계약,제한경쟁,적격심사제,Y,국방출판지원단,ZD00908,국방출판지원단,ZD00908,87.995,48662245,48654000,45133636,2024-04-23,11:00:00,개찰완료,42821359,87.997,2024-04-23,스프리,임진아,임진아,485-15-02222,"인천광역시 연수구 랜드마크로68, 107동 606호(송도동, 랜드마크시티 센트럴 더샵)"
UMM0142,2,(246040-E) 전조기 3.7KW 구매,물품,총액계약,제한경쟁,적격심사제,Y,국군재정관리단,ZD00303,국군재정관리단,ZD00303,87.995,117029237,117534310,108986364,2024-04-23,11:00:00,개찰완료,116555500,99.595,2024-04-23,(주)비아이엔씨,김여기,김여기,214-88-83817,서울특별시 서초구 양재동언남 18길3 (양재동  2층)
UMM0457,1,24-F-조류퇴치기 구매,물품,총액계약,제한경쟁,적격심사제,Y,국군재정관리단,ZD00303,국군재정관리단,ZD00303,87.995,144520612,143570000,133130909,2024-04-23,11:00:00,개찰완료,127173158,87.996,2024-04-23,투걸(two girls),김지원,김지원,868-43-00494,경기도 이천시 갈산로87번길39-0 (갈산동)
HDN0022,1,24년도 POL 지역 제초,용역,총액계약,제한경쟁,적격심사제,Y,공군제18전투비행단,ZD00187,공군제18전투비행단,ZD00187,87.745,33401608,33330000,30906727,2024-04-24,13:00:00,개찰완료,29309930,87.75,2024-04-24,주식회사 건백림,이계천,이계천,223-81-12277,"강원특별자치도 춘천시 안마산로214, 상가동 3층 1호 (퇴계동, 퇴계금호타운아파트)"
LCH0018,1,7여단 훈련장 오수처리시설 신축 설계용역(24-설-11),용역,총액계약,2단계경쟁(동시),최저가격제,N,특수전사령부,ZD00055,특수전사령부,ZD00055,0,53980404,54558000,49598182,2024-04-24,11:00:00,개찰완료,0,0,2024-04-29,주식회사 에이치앤텍,김도은,이제승,215-81-69352,제주특별자치도 제주시 도공로154-7 (이호이동)
LDH0356,1,궤도공급기 제조 설치,물품,총액계약,2단계경쟁(동시),최저가격제,N,제2879부대,ZD00347,제2879부대,ZD00347,0,407535684,406958000,377361818,2024-04-24,13:00:00,개찰완료,372000000,91.28,2024-04-24,엔디티엔지니어링 주식회사,한현우,조권도,609-81-45405,경상남도 창원시 마산회원구 봉암동654-3번지 수출 제 2 공구
LDH0427,1,24-6차 정비용 장비 부품 구매,물품,총액계약,제한경쟁,적격심사제,Y,제2879부대,ZD00347,제2879부대,ZD00347,87.995,37312751,37076000,34379636,2024-04-24,13:00:00,개찰완료,33892100,90.832,2024-04-24,창신테크,박명숙,박명숙,650-02-01657,경상남도 밀양시 하남읍 양명길138-1
LHQ0011,2,24년 전반기 육군 정책연구 과제 연구용역,용역,총액계약,협상에의한계약(전자),협상,N,제6619부대,1290300,제6619부대,1290300,0,40158610,39827000,36357273,2024-04-24,14:00:00,개찰완료,32500000,80.929,2024-05-07,경운대학교 산학협력단,민정식,박상욱,513-82-07131,경상북도 구미시 산동읍 강동로730
LPN0003,1,24년 주거시설 도배 및 장판 설치납품(안양권역),물품,총액계약,제한경쟁,적격심사제,Y,수도군단,ZD00104,수도군단,ZD00104,82.995,268656664,268745498,249200373,2024-04-24,10:30:00,개찰완료,223035290,83.018,2024-04-24,주식회사 일신아이디,문희정,문희정,140-81-24482,경기도 광명시 범안로1039-0 (하안동) 삼호빌딩 비103호
LPN0004,1,24년 주거시설 도배 및 장판 설치납품(인천권역),물품,총액계약,제한경쟁,적격심사제,Y,수도군단,ZD00104,수도군단,ZD00104,82.995,330493451,331941733,307800518,2024-04-24,10:30:00,개찰완료,274543206,83.07,2024-04-24,다인건설(주),남소영,한진옥,128-86-60727,"경기도 고양시 덕양구 중앙로450, 501-1호(행신동, 명성프라자)"
LPN0005,1,24년 주거시설 도배 및 장판 설치납품(화성권역),물품,총액계약,제한경쟁,적격심사제,Y,수도군단,ZD00104,수도군단,ZD00104,87.995,185742906,184963705,171511800,2024-04-24,10:30:00,개찰완료,163481950,88.015,2024-04-24,대은건설 주식회사,지대호,박미영,863-87-01094,경기도 화성시 동탄기흥로590 (영천동) B동 273호
MDG0117,1,24년 의무장비(간섭파치료기) 구매,물품,총액계약,제한경쟁,적격심사제,Y,국군의무사령부,1290291,국군의무사령부,1290291,87.995,2799756,2802800,2600000,2024-04-24,11:00:00,개찰완료,2468540,88.169,2024-04-24,주식회사 한스메디칼,한재희,양현희,694-88-00894,경기도 군포시 고산로148번길17-0 (당정동) 318호
MDG0118,1,24년 환자만족도조사 및 환자경험평가 용역,용역,총액계약,2단계경쟁(동시),최저가격제,N,국군의무사령부,1290291,국군의무사령부,1290291,0,23160236,23033740,21367109,2024-04-24,15:30:00,개찰완료,20000000,86.354,2024-05-13,주식회사 정데이터,김의현,김의현,427-87-02150,"서울특별시 강남구 테헤란로503, 11층 1118호(삼성동, 하이브로빌딩)"
SCQ0038,1,단팥죽 등 24종 구매,물품,총액계약,제한경쟁,적격심사제,Y,제9911부대,1290334,제9911부대,1290334,87.995,147112890,146641000,136030727,2024-04-24,10:30:00,개찰완료,129456117,87.997,2024-04-24,케이푸드,김경애,김경애,156-62-00198,경기도 고양시 일산동구 무궁화로7층 703호34-0 (장항동)
SFC0037,1,인화기 잉크세트 등 62품목 구매,물품,총액계약,제한경쟁,적격심사제,Y,제9691부대,ZD00152,제9691부대,ZD00152,87.995,52091649,52175600,47464182,2024-04-24,11:00:00,개찰완료,45838184,87.995,2024-04-24,에벤에셀,박효선,박효선,425-06-02849,"경상남도 양산시 동면 금오12길4-13, 301호"
SFG0033,2,24-서울경기남부-오수-1공구 설계용역,용역,총액계약,2단계경쟁(동시),최저가격제,N,제9181부대,ZD00151,제9181부대,ZD00151,0,123565844,124042150,115020909,2024-04-24,11:00:00,개찰완료,0,0,2024-04-25,주식회사 에이치앤텍,김도은,이제승,215-81-69352,제주특별자치도 제주시 도공로154-7 (이호이동)
SFG0034,2,24-서울경기남부-오수-2공구 설계용역,용역,총액계약,2단계경쟁(동시),최저가격제,N,제9181부대,ZD00151,제9181부대,ZD00151,0,131259340,130963720,121439091,2024-04-24,11:00:00,개찰완료,0,0,2024-04-25,(주)후소엔지니어링,이경섭,이일권,408-81-31287,전라남도 화순군 춘양면 용회로339
UMM0466,1,24-N-전원변환기 DC24V 200A 제조,물품,총액계약,제한경쟁,적격심사제,Y,국군재정관리단,ZD00303,국군재정관리단,ZD00303,87.995,141345260,141170000,130909091,2024-04-24,11:00:00,개찰완료,124400000,88.011,2024-04-24,이화전기공업 주식회사,위종묵,주예은,215-81-04548,"서울특별시 강남구 논현로 746, 석호빌딩(논현동)"
UMM0458,1,24~25-F-트랙터 제조,물품,총액계약,일반경쟁,적격심사제,Y,국군재정관리단,ZD00303,국군재정관리단,ZD00303,82.995,1982312875,1979450000,1835494918,2024-04-24,11:00:00,개찰완료,1700000000,85.758,2024-04-24,리텍디티에스 주식회사,김태경,이기관,484-88-03014,세종특별자치시  연동면 명학산단남로60
UMM0482,1,(247149-F) 외과장비운영소모품(4) 구매,물품,총액계약,제한경쟁,적격심사제,Y,국군재정관리단,ZD00303,국군재정관리단,ZD00303,87.995,168833268,169558460,172959555,2024-04-24,11:00:00,개찰완료,148573730,88,2024-04-24,주식회사 관이네,김병관,김병관,291-81-01735,충청남도 계룡시 장안로39 (금암동)
UMM0462,1,(24F116-A) 육로 여객 수송용역(동부),용역,총액계약,제한경쟁,적격심사제,Y,국군재정관리단,ZD00303,국군재정관리단,ZD00303,85.495,334364486,333392000,312532727,2024-04-24,11:00:00,개찰완료,328500000,98.246,2024-04-24,매일관광주식회사,허봉,홍민정,221-81-01885,"강원특별자치도 춘천시 동내면 순환대로940, 1층"
UMM0463,1,(24F114-A)  급유시설 기술검사 민간위탁 용역,용역,총액계약,제한경쟁,적격심사제,Y,국군재정관리단,ZD00303,국군재정관리단,ZD00303,87.745,178513949,178128880,165174055,2024-04-24,11:00:00,개찰완료,156831000,87.853,2024-04-24,프라임방재주식회사,김회택,차민규,109-81-95477,"서울특별시 강서구 허준로 217, 가양테크노타운 908호(가양동)"
UMM0465,1,(24F066-I) 24년 음식물폐기물 위탁처리 용역(홍천),용역,총액계약,제한경쟁,적격심사제,Y,국군재정관리단,ZD00303,국군재정관리단,ZD00303,84.245,158332688,157258823,160404000,2024-04-24,11:00:00,개찰완료,133512740,84.324,2024-04-24,사계절환경,최원희,최원희,534-96-01368,"경기도 안산시 단원구 광덕2로50-3, 316호 (초지동)"
UMM0468,1,24-D-병영생활관 증축 및 개수 통합배선반 제조,물품,총액계약,제한경쟁,적격심사제,Y,국군재정관리단,ZD00303,국군재정관리단,ZD00303,87.995,252326903,252140000,233809091,2024-04-24,11:00:00,개찰완료,222060520,88.005,2024-04-24,대한정보통신(주),강철호,오채윤,416-81-84276,전라남도 순천시 해룡면 복성길14
EBB0099,1,꼬질대류,물품,총액계약,일반경쟁,적격심사제,Y,방위사업청,1690000,방위사업청,1690000,,572634413,573397000,0,2024-04-25,11:00:00,개찰완료,480200000,83.858,2024-04-25,테크노와이시스템주식회사,백철,박점자,303-81-38404,충청북도 음성군 대소면 대금로 165-8()
EBB0096,1,하네스류,물품,총액계약,일반경쟁,적격심사제,Y,방위사업청,1690000,방위사업청,1690000,,585986851,588566000,0,2024-04-25,11:00:00,개찰완료,493500000,84.216,2024-04-25,대호정기(주),신영근,신영근,622-81-06410,경상남도 김해시 진영읍 서부로179번길 48()
EPA0001,2,이동형자동기상관측장비,물품,총액계약,일반경쟁,적격심사제,Y,방위사업청,1690000,방위사업청,1690000,,391775511,393411000,0,2024-04-25,11:00:00,개찰완료,339281581,86.601,2024-04-25,주식회사 화성에어토탈,박호균,이수병,312-81-28098,대전광역시 동구 옻밭5길159-0 (판암동)
HCG0008,2,F-4 팬텀 퇴역식 행사 대행용역,용역,총액계약,2단계경쟁(동시),최저가격제,N,공군본부,1290339,공군본부,1290339,0,296927483,294117647,272727273,2024-04-25,11:00:00,개찰완료,269000000,90.594,2024-04-25,디에스지엔터프라이즈 주식회사(DSG Enterprise Ltd.),신동석,신동석,220-81-07469,"서울특별시 강남구 선릉로112길39-0 (삼성동, 진영빌딩) 4층"
HDF0040,1,24년 일반도로 제초용역,용역,총액계약,제한경쟁,적격심사제,Y,공군 제8전투비행단,ZD00185,공군 제8전투비행단,ZD00185,87.995,190397690,189100980,175348182,2024-04-25,11:30:00,개찰완료,167572980,88.012,2024-05-09,파란나라 주식회사,김수현,김재숙,220-88-82389,강원특별자치도 원주시 태장공단길54-10 (태장동)
LDH0402,2,K77지휘차 스프링 구매,물품,총액계약,제한경쟁,적격심사제,Y,제2879부대,ZD00347,제2879부대,ZD00347,87.995,1470925,1461000,1355636,2024-04-25,16:00:00,개찰완료,1295690,88.086,2024-04-26,환호테크,서선희,서선희,688-19-00326,부산광역시 사상구 가야대로103번길10(감전동)
LKT0043,1,24년 공기청정기 필터 제조 구매,물품,총액계약,제한경쟁,적격심사제,Y,제1989부대,ZD00011,제1989부대,ZD00011,87.995,123851102,123541529,114556691,2024-04-25,10:30:00,개찰완료,108992000,88.002,2024-04-25,(주)더원필터,조병덕,김보상,128-81-64413,경기도 고양시 일산동구 공릉천로71번길38-9 (사리현동)
LMH0028,1,24년 군단 직할 취사장 청소용역(C038),용역,총액계약,제한경쟁,적격심사제,Y,제7군단,ZD00101,제7군단,ZD00101,87.995,26087683,26200000,23818182,2024-04-25,10:30:00,개찰완료,22958370,88.004,2024-04-25,(주)남천종합관리,이순임,이순임,138-81-24062,"경기도 수원시 장안구 서부로2139, 2층 2114호(율전동, 에스케이허브블루)"
MDG0123,1,24년 의무장비(시약및약품냉장고소형(300L급)) 구매,물품,총액계약,제한경쟁,적격심사제,Y,국군의무사령부,1290291,국군의무사령부,1290291,87.995,28078517,28184800,26145455,2024-04-25,11:00:00,개찰완료,24707698,87.995,2024-04-25,다이아나,김미희,김미희,461-43-00522,"인천광역시 미추홀구 능해길32, 2동 1211호 (용현동, 동아아파트)"
MDG0124,1,24년 의무장비(전기수술기 피부과용) 구매,물품,총액계약,제한경쟁,적격심사제,Y,국군의무사령부,1290291,국군의무사령부,1290291,87.995,23889399,23713060,21997273,2024-04-25,11:00:00,개찰완료,21021500,87.995,2024-04-25,거성컴퍼니,김중혁,김중혁,141-12-01225,"전북특별자치도 익산시 선화로29길4, 2동 208호(남중동, 거성아파트)"
MDG0126,1,24년 의무장비(좌욕기) 구매,물품,총액계약,제한경쟁,적격심사제,Y,국군의무사령부,1290291,국군의무사령부,1290291,87.995,21084063,21070000,19545455,2024-04-25,11:00:00,개찰완료,18554020,88,2024-04-25,노브식스,이기석,이기석,466-27-00584,"인천광역시 남동구 문화서로65번길9, 1301호(구월동, 웰메이드)"
MDG0127,1,24년 의무장비(치료테이블전기식) 구매,물품,총액계약,제한경쟁,적격심사제,Y,국군의무사령부,1290291,국군의무사령부,1290291,87.995,7510610,7546000,7000000,2024-04-25,11:00:00,개찰완료,6609100,87.996,2024-04-25,주식회사우정상사,전남국,옥세미,475-87-00433,"제주특별자치도 제주시 연북로21-0, 에코에비뉴 1609호"
SCF0380,1,시일키트 등 15종 구매,물품,총액계약,제한경쟁,적격심사제,Y,해군군수사령부,ZD00289,해군군수사령부,ZD00289,87.995,133090189,134000000,130347000,2024-04-25,10:30:00,개찰완료,117113848,87.995,2024-04-25,엘제이,박희준,박희준,722-39-00702,경기도 화성시 10용사로456 (반송동) 302호
SCF0378,1,디지털 적외선 온도 측정기 1EA 구매,물품,총액계약,제한경쟁,적격심사제,Y,해군군수사령부,ZD00289,해군군수사령부,ZD00289,87.995,13077799,13000000,15281818,2024-04-25,10:30:00,개찰완료,11507840,87.995,2024-04-25,쏭즈,송현정,송현정,659-16-00195,"경기도 김포시 유현로200, 112동 2501호(풍무동, 풍무푸르지오)"
SCF0383,1,(긴급)방현재  선박용 1종,물품,총액계약,제한경쟁,적격심사제,Y,해군군수사령부,ZD00289,해군군수사령부,ZD00289,87.995,164997224,166166000,155000000,2024-04-25,16:00:00,개찰완료,145190300,87.995,2024-04-25,엘와이씨글로벌,김채현,김채현,696-30-01317,"서울특별시 동작구 만양로84-0 (노량진동, 삼익주상복합아파트) 101동 1809호"
UMM0473,1,(246139-F) 음주감지기 등 13종 구매,물품,총액계약,제한경쟁,적격심사제,Y,국군재정관리단,ZD00303,국군재정관리단,ZD00303,87.995,189892344,190705880,176836364,2024-04-25,11:00:00,개찰완료,167124284,88.01,2024-04-25,(주) 거승이엔씨,김주완,김재준,130-81-88892,서울특별시 마포구 성산로2길 47()
UMM0488,1,(24F096-I) 육군훈련소 조경관리용역,용역,총액계약,제한경쟁,적격심사제,Y,국군재정관리단,ZD00303,국군재정관리단,ZD00303,87.995,61817423,61741460,59340000,2024-04-25,11:00:00,개찰완료,54396495,87.995,2024-04-25,주식회사 크로바건설,임국문,임국문,513-81-27708,경상북도 구미시 선기동송선로 408
UMM0471,1,(24F139-A) 제초용역,용역,총액계약,제한경쟁,적격심사제,Y,국군재정관리단,ZD00303,국군재정관리단,ZD00303,87.995,75860054,76239340,70704091,2024-04-25,11:00:00,개찰완료,66756810,87.999,2024-04-25,위드원조경건설(주),김경숙,이미영,119-86-21512,서울특별시 관악구 신림로28길49-12 (신림동) 404호
LDH0369,1,페인트 알루미늄용(박리착색 자동화 시스템) 제조설치,물품,총액계약,2단계경쟁(동시),최저가격제,N,제2879부대,ZD00347,제2879부대,ZD00347,0,2272782994,2256085000,2092033636,2024-04-26,13:00:00,개찰완료,1962700000,86.356,2024-04-26,철근산업기계,함영철,함영철,606-44-82745,부산광역시 강서구 녹산산단262로49번길56-0 (송정동)
LKH0009,1,24년 00사단 제초관리 용역,용역,총액계약,제한경쟁,적격심사제,Y,제6128부대,ZD00091,제6128부대,ZD00091,87.995,168123523,167090190,151900173,2024-04-26,10:30:00,개찰완료,147944400,87.997,2024-04-26,주식회사 이숲,정난주,박화영,687-81-00354,"경상남도 함안군 칠원읍 오곡로94-0 , 203호"
MDD0072,1,2024 외과장비운영소모품(6) 20품목 구매,물품,총액계약,제한경쟁,적격심사제,Y,국군수도병원,ZD00236,국군수도병원,ZD00236,87.995,29507340,29524360,27973455,2024-04-26,17:00:00,개찰완료,25966895,88.001,2024-04-28,경기모아상사,최현준,최현준,265-01-01980,경기도 평택시 중앙로29 (통복동) 은호빌딩 579호
SCH0059,1,24-19호 야자매트 등 2종 구매,물품,총액계약,일반경쟁,적격심사제,Y,해군작전사령부,ZD00137,해군작전사령부,ZD00137,87.995,4055497,4100000,3803182,2024-04-26,10:30:00,개찰완료,3618690,89.229,2024-04-26,주식회사 코아람,온가현,문양현,325-87-00351,경기도 화성시 남양읍 주석로116-19
UMM0481,1,(247114-F) 의료재료 구매,물품,총액계약,일반경쟁,적격심사제,Y,국군재정관리단,ZD00303,국군재정관리단,ZD00303,82.995,849515940,853017090,825973464,2024-04-26,11:00:00,개찰완료,705191320,83.01,2024-04-26,주식회사 제이에프,진주,진주,876-88-01248,"충청북도 청주시 청원구 율봉로159번길73-1, 301호(율량동, 스톰비오피스센터)"
UMM0478,1,(247148-E) 24년 외과장비소모품(3) 47품목 구매,물품,총액계약,일반경쟁,적격심사제,Y,국군재정관리단,ZD00303,국군재정관리단,ZD00303,82.995,342918431,340367370,315613382,2024-04-26,11:00:00,개찰완료,284823050,83.058,2024-04-26,주식회사 제이에프,진주,진주,876-88-01248,"충청북도 청주시 청원구 율봉로159번길73-1, 301호(율량동, 스톰비오피스센터)"
UMM0483,1,(246151-C) 24-1차 교육장비 구매,물품,총액계약,제한경쟁,적격심사제,Y,국군재정관리단,ZD00303,국군재정관리단,ZD00303,87.995,225854394,226156862,209709091,2024-04-26,11:00:00,개찰완료,199329320,88.255,2024-04-26,구루멘토링 주식회사,최동양,최동양,119-87-03753,"서울특별시 구로구 디지털로243, 705호(구로동, 지하이시티)"
UMM0485,1,24-N-이동정비용 소형버스(3VAN) 제조,물품,총액계약,제한경쟁,적격심사제,Y,국군재정관리단,ZD00303,국군재정관리단,ZD00303,87.995,106289984,105880000,98181818,2024-04-26,11:00:00,개찰완료,99721000,93.819,2024-04-26,주식회사 와풀,송봉주,노재란,117-81-86004,경기도 김포시 월곶면 김포대로2708-37
UMM0474,1,(246156-C) 군악행사코트 제조,물품,총액계약,제한경쟁,적격심사제,Y,국군재정관리단,ZD00303,국군재정관리단,ZD00303,87.995,366668948,364000000,348727273,2024-04-26,11:00:00,개찰완료,322828980,88.043,2024-04-26,하디코퍼레이션,김형문,김형문,451-18-00974,"서울특별시 노원구 덕릉로115길8, 3층(상계동)"
UMM0490,1,(247158-F) 스펙트럼 분석기 등 3종 구매,물품,총액계약,제한경쟁,적격심사제,Y,국군재정관리단,ZD00303,국군재정관리단,ZD00303,87.995,172302352,171750980,159260000,2024-04-26,11:00:00,개찰완료,164780000,95.634,2024-04-26,주식회사 모렌스,권오경,장정연,314-86-44667,"대전광역시 유성구 한밭대로138 (노은동, 노은노블레스) 201호"
HCG0009,1,24-정보우세권  확보를 위한 정보력 강화방안 연구,용역,총액계약,협상에의한계약(전자),협상,N,공군본부,1290339,공군본부,1290339,,39687000,,36079091,2024-04-29,11:00:00,개찰완료,37000000,93.229,2024-05-10,주식회사 아이티존,김경일,최순아,314-81-55403,"대전광역시 대덕구 대화로120, 7층 729,730호(대화동, 가온비즈타워)"
HDK0017,1,복지대대  광성회관 식자재(농수산물 및 공산품류),물품,총액계약,제한경쟁,적격심사제,Y,공군제11전투비행단,ZD00202,공군제11전투비행단,ZD00202,82.995,452738291,452142660,419259564,2024-04-29,13:30:00,개찰완료,375820000,83.01,2024-04-29,하늘푸드,조미희,조미희,164-52-00638,부산광역시 강서구 맥도길473번길38-7 (대저2동)A동1호
LDH0381,1,엔진 성능시험장비 고장진단시스템 제조 설치,물품,총액계약,2단계경쟁(동시),최저가격제,N,제2879부대,ZD00347,제2879부대,ZD00347,0,223610515,222623000,206432727,2024-04-29,13:00:00,개찰완료,189500000,84.745,2024-04-29,주식회사 이알시스템,이창우,이창우,530-81-00121,충청북도 청주시 청원구 내수읍 은곡길72-55
LMP0013,1,24년 공기청정기 필터 제조구매계약,물품,총액계약,제한경쟁,적격심사제,Y,제1968부대,ZD00507,제1968부대,ZD00507,87.995,127960305,126627050,115115500,2024-04-29,11:00:00,개찰완료,112659782,88.042,2024-04-29,(주)파란필터산업,윤영훈,윤영훈,134-86-58134,경기도 화성시 우정읍 버들로827-20
MHD0045,1,방위사업 원가계산 외부용역 4차,용역,총액계약,협상에의한계약(전자),협상,N,방위사업청(운영지원과),1690000,방위사업청(운영지원과),1690000,,264450000,,240409091,2024-04-29,15:00:00,개찰완료,225500000,85.271,2024-05-09,태성회계법인,남상환,이소,220-87-60393,"서울특별시 강남구 역삼로25길35, 5층 (역삼동, 청오큐브타워)"
SCQ0031,3,차돌박이 등 135종 구매,물품,총액계약,제한경쟁,적격심사제,Y,제9911부대,1290334,제9911부대,1290334,87.995,217742366,215390000,199733545,2024-04-29,10:30:00,개찰완료,204620500,93.973,2024-04-29,주식회사조아,유종훈,유종훈,219-86-01801,경기도 평택시 포승읍 이평길36-3
SFG0047,1,농도계 및 화구 등 17품목 구매,물품,총액계약,제한경쟁,적격심사제,Y,제9181부대,ZD00151,제9181부대,ZD00151,87.995,12242402,12289000,11176364,2024-04-29,10:30:00,개찰완료,10772721,87.995,2024-04-30,천하장사삼남매,김양균,김양균,242-10-02260,"경기도 안산시 단원구 광덕동로25-0 (고잔동, 안산레이크타운 푸르지오)103동 802호"
UMM0448,1,24-M-대테러 방탄복 제조,물품,총액계약,제한경쟁,적격심사제,Y,국군재정관리단,ZD00303,국군재정관리단,ZD00303,87.995,166608091,165640000,153600000,2024-04-29,11:00:00,개찰완료,146843172,88.136,2024-04-29,주식회사 메이크띵즈,천나영,이광수,127-86-25881,"경기도 고양시 일산동구 문봉길70, 3동 (문봉동)"
UMM0484,1,24-F-기내식 운반차 제조,물품,총액계약,일반경쟁,적격심사제,Y,국군재정관리단,ZD00303,국군재정관리단,ZD00303,82.995,471016059,473660000,439212727,2024-04-29,11:00:00,개찰완료,402504000,85.454,2024-04-29,리텍디티에스 주식회사,김태경,이기관,484-88-03014,세종특별자치시  연동면 명학산단남로60
UMM0452,1,24-F-훈련용 방수복 제조,물품,총액계약,제한경쟁,적격심사제,Y,국군재정관리단,ZD00303,국군재정관리단,ZD00303,87.995,55421669,55500000,51472727,2024-04-29,11:00:00,개찰완료,48888895,88.212,2024-04-29,성진에스앤에프 주식회사,이성훈,이성훈,144-81-34115,경기도 용인시 처인구 모현읍 백옥대로2101번길63-48
UMM0475,1,24-N-온수순환수펌프 제조,물품,총액계약,제한경쟁,적격심사제,Y,국군재정관리단,ZD00303,국군재정관리단,ZD00303,87.995,63769032,64210000,59545455,2024-04-29,11:00:00,개찰완료,56119070,88.003,2024-04-29,주식회사지텍,김금옥,김금옥,605-81-43424,경기도 김포시 양촌읍 황금3로7번길36 (학운리)
UMM0486,1,24-F-군사경찰 가죽장구 제조,물품,총액계약,제한경쟁,적격심사제,Y,국군재정관리단,ZD00303,국군재정관리단,ZD00303,87.995,86064052,85720000,79486364,2024-04-29,11:00:00,개찰완료,75750385,88.016,2024-04-29,（주）씨앤에스코리아（CNS KOREA）,최춘,임한빈,109-86-46476,"경기도 부천시 석천로397,  201동 1103호 (삼정동, 부천테크노파크쌍용3차)"
EBB0107,1,24년 수입포,물품,총액계약,일반경쟁,적격심사제,Y,방위사업청,1690000,방위사업청,1690000,,539253178,544909000,0,2024-04-30,11:00:00,개찰완료,460194000,85.339,2024-04-30,(주)동인산업,김형도,김형도,607-81-39310,부산광역시 연제구 과정로344번길 53(연산동)
EBB0104,1,플렌지류,물품,총액계약,일반경쟁,적격심사제,Y,방위사업청,1690000,방위사업청,1690000,,54524525,54507000,0,2024-04-30,11:00:00,개찰완료,45693000,83.802,2024-04-30,평화정밀,조현배,이춘희,608-40-62145,부산광역시 강서구 미음산단3로120-0 (미음동)
ELA0016,1,24년 연막수류탄류,물품,총액계약,일반경쟁,적격심사제,Y,방위사업청,1690000,방위사업청,1690000,,2932103014,2942903000,0,2024-04-30,11:00:00,개찰완료,2530300000,86.296,2024-04-30,한국씨앤오테크(주),오세홍,오관석,114-81-79542,경상북도 문경시 영순면 새갓길20-0
HCF0104,1,[무장장착장비 부품]시동모터 등 62종,물품,총액계약,제한경쟁,적격심사제,Y,공군군수사령부,ZD00306,공군군수사령부,ZD00306,87.995,75440937,75707275,70201291,2024-04-30,10:30:00,개찰완료,66409890,88.028,2024-04-30,주식회사 씨티원 충남,조영숙,조영숙,795-87-01414,"충청남도 계룡시 장안로39, 303호 (금암동)"
HCF0106,1,이동용 체인톱 등 2종 구매,물품,총액계약,제한경쟁,적격심사제,Y,공군군수사령부,ZD00306,공군군수사령부,ZD00306,87.995,59237016,59820000,59820000,2024-04-30,10:30:00,개찰완료,52126960,87.997,2024-04-30,와이즈유통,박은선,박은선,202-22-93451,"서울특별시 강서구 화곡로26가길10-0 (화곡동, 서부아파트) 605"
HCG0003,2,24-공군 해상도 검증 표적 구조물 제작 설치,물품,총액계약,협상에의한계약(전자),협상,N,공군본부,1290339,공군본부,1290339,,47000000,,42727273,2024-04-30,11:00:00,개찰완료,46996400,99.992,2024-05-13,(주)우리디자인,조정선,조왕연,720-81-01456,충청남도 계룡시 금암로26-0 (금암동) 105호
LBB0011,1,민수용 작전식량,물품,단가계약,제한경쟁,적격심사제,Y,육군제7789부대,ZD00074,육군제7789부대,ZD00074,82.995,5041,5000,31690909,2024-04-30,10:30:00,개찰완료,4185,83.008,2024-04-30,거제축산물급식센터 주식회사,이정미,윤은영,351-88-02812,경상남도 거제시 수양로210 (양정동)
LCF0121,1,전압 조정기 등 14항목 구매(궤도-006),물품,총액계약,제한경쟁,적격심사제,Y,육군군수사령부,1290307,육군군수사령부,1290307,87.995,147054048,145862030,135031785,2024-04-30,11:30:00,개찰완료,145862000,99.189,2024-04-30,강원상사,김동국,김동국,221-02-48191,강원특별자치도 춘천시 남춘로17-0 (퇴계동)
LDH0428,1, K1전차 어댑터 등 15종 구매,물품,총액계약,제한경쟁,적격심사제,Y,제2879부대,ZD00347,제2879부대,ZD00347,87.995,16676136,16672000,15460145,2024-04-30,13:00:00,개찰완료,14674200,87.995,2024-05-02,삼강운수,정광필,정광필,622-01-59671,부산광역시 중구 충장대로9번길20 (중앙동4가) 701호
LDH0429,1, K1전차 어댑터 등 31종 구매,물품,총액계약,제한경쟁,적격심사제,Y,제2879부대,ZD00347,제2879부대,ZD00347,87.995,20548533,20612000,19113666,2024-04-30,13:00:00,개찰완료,18108300,88.124,2024-05-02,코비상사,김일우,김일우,104-36-00539,"부산광역시 강서구 명지국제2로41-0 (명지동, 더샵 명지퍼스트월드 3단지) 309동 2406호"
LDH0430,1,K200 링 베어링용 외부용 1종 구매,물품,총액계약,제한경쟁,적격심사제,Y,제2879부대,ZD00347,제2879부대,ZD00347,87.995,10124265,10117000,9381818,2024-04-30,13:00:00,개찰완료,8910200,88.008,2024-05-02,주안산업,강선자,강선자,885-22-01630,"경상남도 창원시 의창구 반계로104-9 (팔용동, 팔용벽산블루밍A단지)206-505"
LFP0005,1,24년 제초용역,용역,총액계약,제한경쟁,적격심사제,Y,육군보병학교,ZD00036,육군보병학교,ZD00036,87.745,152335235,152494117,141309091,2024-04-30,11:00:00,개찰완료,133668411,87.746,2024-04-30,주식회사 더푸른기업,염수자,염수자,409-81-86029,"전라남도 화순군 화순읍 광덕중앙길40-9 ,103호"
LFR0009,1,24년 공기청정기 필터 제조납품,물품,총액계약,제한경쟁,적격심사제,Y,육군기계화학교,ZD00035,육군기계화학교,ZD00035,87.995,31061779,31020000,28469400,2024-04-30,10:30:00,개찰완료,27334590,88,2024-04-30,대원필터,이오형,이오형,134-14-72798,부산광역시 기장군 정관읍 산단7로8-20
LKT0045,1,24년 부대계약 영내자 증식 구매,물품,총액계약,제한경쟁,적격심사제,Y,제1989부대,ZD00011,제1989부대,ZD00011,82.995,139061314,140491176,130273636,2024-04-30,10:30:00,개찰완료,115727188,83.22,2024-04-30,주식회사 엔미디어솔루션,조윤규,김정언,119-86-53412,"인천광역시 계양구 계산새로71, 비동 310호(계산동, 하이베라스)"
LMZ0005,1,24년 시설관리 민간인력 예초용역,용역,총액계약,제한경쟁,적격심사제,Y,제2236부대,ZD00778,제2236부대,ZD00778,87.745,117589258,116655000,106050000,2024-04-30,10:30:00,개찰완료,103208000,87.769,2024-05-03,주식회사 유진산업,정정환,송광숙,158-81-02228,"강원특별자치도 화천군 화천읍 중앙로3, 2층"
LNF0010,1,00부대 간부숙소 관급자재(전기  원격검침),물품,총액계약,제한경쟁,적격심사제,Y,제1보병사단,ZD00049,제1보병사단,ZD00049,87.995,140980733,140675000,127886364,2024-04-30,11:00:00,개찰완료,124075078,88.008,2024-04-30,한양기전공업 주식회사,호은선,김형태,491-87-01002,"인천광역시 서구 원전로59번길6, 1동 110호 (경서동)"
LNF0013,1,24년 제초용역-B권역,용역,총액계약,제한경쟁,적격심사제,Y,제1보병사단,ZD00049,제1보병사단,ZD00049,87.995,152055326,152087690,138261536,2024-04-30,11:00:00,개찰완료,133822337,88.008,2024-04-30,새안이엔지 주식회사,박병후,박병후,319-81-00484,경기도 파주시 파주읍 약수길14-0
LNG0019,2,24-29년 얼음정수기 임차 용역 (74대),용역,총액계약,제한경쟁,적격심사제,Y,육군 제1군단,ZD00275,육군 제1군단,ZD00275,87.745,187324302,187176470,173563636,2024-04-30,10:30:00,개찰완료,164386620,87.755,2024-04-30,수안,안은수,안은수,401-12-38677,"경기도 김포시 김포한강5로385, 204동 1505호(구래동, 호수마을 e편한세상아파트)"
MCR0021,1,1.정기기초과제(1.2개의전쟁과..),용역,총액계약,협상에의한계약(전자),협상,N,국방대학교,1290412,국방대학교,1290412,0,34537209,34313725,31818182,2024-04-30,10:30:00,개찰완료,33950000,98.299,2024-05-07,국방대학교산학협력단,이문걸,이다인,128-82-13342,충청남도 논산시 양촌면 황산벌로1040
MCR0022,1,2.정기기초과제(2.국가핵대응전략과...),용역,총액계약,협상에의한계약(전자),협상,N,국방대학교,1290412,국방대학교,1290412,0,34403744,34313725,31818182,2024-04-30,10:30:00,개찰완료,33660000,97.838,2024-05-07,국방대학교산학협력단,이문걸,이다인,128-82-13342,충청남도 논산시 양촌면 황산벌로1040
MCR0028,1,8.정기기초과제(8.상비병력...),용역,총액계약,협상에의한계약(전자),협상,N,국방대학교,1290412,국방대학교,1290412,0,9819015,9803921,9090909,2024-04-30,10:30:00,개찰완료,9608000,97.85,2024-05-07,(사)한국위기관리연구소,김운용,장재필,214-82-11121,서울특별시 강남구 논현로189길6 (압구정동)
MCR0030,1,10.군사과학정책연구(인공지능...),용역,총액계약,협상에의한계약(전자),협상,N,국방대학교,1290412,국방대학교,1290412,0,15396214,15294117,14181818,2024-04-30,10:30:00,개찰완료,14820000,96.257,2024-05-07,국방대학교산학협력단,이문걸,이다인,128-82-13342,충청남도 논산시 양촌면 황산벌로1040
MCR0032,1,12.정책현안연구(북한의전쟁수행...),용역,총액계약,협상에의한계약(전자),협상,N,국방대학교,1290412,국방대학교,1290412,0,22120316,21960784,20363636,2024-04-30,10:30:00,개찰완료,21500000,97.195,2024-05-07,국방대학교산학협력단,이문걸,이다인,128-82-13342,충청남도 논산시 양촌면 황산벌로1040
MDG0128,1,장비운영소모품(치과) 25종 구매,물품,총액계약,제한경쟁,적격심사제,Y,국군의무사령부,1290291,국군의무사령부,1290291,87.995,12579856,12468520,11335018,2024-04-30,11:00:00,개찰완료,11078160,88.062,2024-05-01,주식회사 더그린,김영심,김영심,402-81-87518,서울특별시 영등포구 도신로19길 8()
MDJ0023,1,의무장비(운동부하심전도계),물품,총액계약,일반경쟁,적격심사제,Y,국군대전병원,ZD00241,국군대전병원,ZD00241,87.995,48125360,47900000,43545455,2024-04-30,10:30:00,개찰완료,47181500,98.038,2024-04-30,피엔케이메디칼 주식회사,김민균,김민균,654-86-02264,"경기도 군포시 산본로323번길7-0, 401호 (산본동, 금성프라자빌딩)"
MDS0006,1,00체계 군직정비용 수리부속구매(안테나가스켓등16종),물품,총액계약,제한경쟁,적격심사제,Y,제3707부대,1290494,제3707부대,1290494,87.995,31302580,31372549,29090909,2024-04-30,10:30:00,개찰완료,27546890,88.001,2024-04-30,아델라,서주희,서주희,307-46-00592,"경기도 의정부시 송양로76 (민락동, 의정부민락우미린더스카이)"
SCF0387,1,분석기  스펙트럼용 구매,물품,총액계약,제한경쟁,적격심사제,Y,해군군수사령부,ZD00289,해군군수사령부,ZD00289,87.995,16977421,16900000,15729091,2024-04-30,10:30:00,개찰완료,14940270,88,2024-04-30,태형상사주식회사,방은희,황인선,849-86-01577,"경기도 김포시 김포한강3로237번길16, (장기동, 314호)"
SCF0391,1,고정기  케이블 릴용 등 2종 구매,물품,총액계약,제한경쟁,적격심사제,Y,해군군수사령부,ZD00289,해군군수사령부,ZD00289,87.995,76059922,76000000,70690909,2024-04-30,10:30:00,개찰완료,70667930,92.91,2024-04-30,라온상사,하정욱,하정욱,357-06-00719,경상남도 창원시 진해구 충장로468번길32-9(이동)
SCF0390,1,테이프  발광형 1종 구매,물품,총액계약,제한경쟁,적격심사제,Y,해군군수사령부,ZD00289,해군군수사령부,ZD00289,87.995,20012350,20000000,19090909,2024-04-30,10:30:00,개찰완료,17620000,88.045,2024-04-30,퓨리에어,황용균,황용균,353-29-00695,"경상남도 창원시 의창구 의창대로282번길9-15, 101호(중동)"
SCF0384,1,부챗살(냉동/덩어리),물품,단가계약,제한경쟁,적격심사제,Y,해군군수사령부,ZD00289,해군군수사령부,ZD00289,87.995,28427,28430,42181818,2024-04-30,10:30:00,개찰완료,25015,87.998,2024-04-30,송림축산,김미애,김미애,627-95-01606,"경상남도 창원시 진해구 동진로138, 지하층 100-1호(덕산동)"
SCF0385,1,(긴급) 양극전류용  음극방어 부식방지용 등 48종,물품,총액계약,제한경쟁,적격심사제,Y,해군군수사령부,ZD00289,해군군수사령부,ZD00289,87.995,57249157,56758000,52612691,2024-04-30,10:30:00,개찰완료,50389000,88.017,2024-04-30,주식회사 에바다,허아람,허아람,456-81-02063,경상남도 창원시 진해구 안청남로6번길6-0 (안골동) 에바다축산
SCK0044,1,탁송용 A형 포장박스 제조 납품,물품,총액계약,일반경쟁,적격심사제,Y,해군교육사령부,1290330,해군교육사령부,1290330,87.995,11696027,11760000,10909091,2024-04-30,10:30:00,개찰완료,10348800,88.481,2024-04-30,(주)대한종합포장,조명덕,조명덕,137-81-97558,경기도 김포시 대곶면 대곶남로481
SFM0038,1,여과기 킷트 등 36품목 제조,물품,총액계약,일반경쟁,적격심사제,Y,제3170부대,ZD00464,제3170부대,ZD00464,82.995,492181475,494156150,449232864,2024-04-30,10:30:00,개찰완료,428435000,87.048,2024-04-30,주식회사 건우엠티씨,문동식,김용철,758-81-01728,경상남도 창원시 의창구 차룡로16-0 (팔용동)
SFN0035,1,만능크리너 등 169종 구매 납품,물품,총액계약,제한경쟁,적격심사제,Y,연평부대,ZD00160,연평부대,ZD00160,87.995,128659818,128744840,119381582,2024-04-30,10:30:00,개찰완료,113214806,87.995,2024-04-30,주식회사아람송,장정희,장정희,869-86-00567,"인천광역시 남동구 능허대로649번길83,  2층 (고잔동)"
UAC0016,1,2024년 폐쇄망 3D SW 라이선스 구매,물품,총액계약,제한경쟁,적격심사제,Y,국방출판지원단,ZD00908,국방출판지원단,ZD00908,87.995,143407115,143910000,133500000,2024-04-30,11:00:00,개찰완료,140932000,98.274,2024-04-30,(주)아이센트릭,이상열,고동균,638-86-01905,"서울특별시 강남구 학동로31길12-0 (논현동,벤쳐캐슬빌딩)"
UMM0476,1,24-N-펄프장치  유압식  수동식 구매,물품,총액계약,일반경쟁,적격심사제,Y,국군재정관리단,ZD00303,국군재정관리단,ZD00303,82.995,339721770,341170000,316363636,2024-04-30,11:00:00,개찰완료,281952410,82.995,2024-04-30,나래유통,조성숙,조성숙,402-29-62940,"경기도 안양시 동안구 관평로138번길13, 802-306 (평촌동, 초원마을세경아파트)"
UMM0470,1,24-M-전광판 제조,물품,총액계약,제한경쟁,적격심사제,Y,국군재정관리단,ZD00303,국군재정관리단,ZD00303,87.995,69325705,68530000,63554545,2024-04-30,11:00:00,개찰완료,61527950,88.752,2024-04-30,주식회사 신성이에스,신재훈,김혜현,210-86-02370,경기도 남양주시 다산지금로202-0 (다산동) 현대테라타워DIMC BF08-0021~23호
UMM0503,1,(246161-C) 24년 LAN용 서지보호기 제조(리스물건),물품,총액계약,일반경쟁,적격심사제,Y,국군재정관리단,ZD00303,국군재정관리단,ZD00303,82.995,418449816,419013725,388540000,2024-04-30,11:00:00,개찰완료,356783500,85.263,2024-04-30,주식회사 메가셀,이영호,최원희,259-87-01354,경기도 용인시 처인구 모현읍 동산로4-0
UMM0495,1,(24F138-A)00학교 제초용역,용역,총액계약,제한경쟁,적격심사제,Y,국군재정관리단,ZD00303,국군재정관리단,ZD00303,87.995,59179445,59184100,56561818,2024-04-30,11:00:00,개찰완료,52079205,88.002,2024-04-30,(주)누리조경,임효숙,임효숙,860-87-01552,"경기도 광주시 오포읍 문형산길195 , 1층"
UMM0491,1,(247085-B) 의료기재(일반재료 280종) 구매,물품,총액계약,일반경쟁,적격심사제,Y,국군재정관리단,ZD00303,국군재정관리단,ZD00303,82.995,812207061,813783400,755463773,2024-04-30,11:00:00,개찰완료,674095000,82.995,2024-04-30,주식회사 진선메디칼,안형모,김지욱,317-81-36744,충청북도 청주시 청원구 오창읍 농소길33-58
UMM0496,1,(246091-C) 매트 위생용 등 2품목 구매,물품,총액계약,제한경쟁,적격심사제,Y,국군재정관리단,ZD00303,국군재정관리단,ZD00303,87.995,110395519,110990147,102918136,2024-04-30,11:00:00,개찰완료,97142580,87.995,2024-05-01,씨에이치컴퍼니,임철호,임철호,421-17-01145,"경기도 고양시 덕양구 오금로7, 306동 701호 (신원동)"
UMM0502,1,24-N-동원선박 군수지원 검증훈련 선박임차 용역,용역,총액계약,일반경쟁,적격심사제,Y,국군재정관리단,ZD00303,국군재정관리단,ZD00303,85.495,439340362,439700000,407727273,2024-04-30,11:00:00,개찰완료,381000000,86.72,2024-04-30,현대글로비스 주식회사,이규복,조재환,106-81-97118,"서울특별시 성동구 왕십리로83-21 (성수동1가, 아크로 서울포레스트)"
UMM0505,1,24-F-0전비 2중펜스 및 기지외곽 제초용역,용역,총액계약,제한경쟁,적격심사제,Y,국군재정관리단,ZD00303,국군재정관리단,ZD00303,87.995,119666538,120120000,116101818,2024-04-30,11:00:00,개찰완료,105362000,88.046,2024-04-30,부강건설 주식회사,김명자,김명자,123-87-01017,"광주광역시 서구 구성로89, 3310호(양동)"
UMM0508,1,24-N-00창 민간위탁 배송 용역,용역,총액계약,일반경쟁,적격심사제,Y,국군재정관리단,ZD00303,국군재정관리단,ZD00303,85.495,356642457,356350000,330436364,2024-04-30,11:00:00,개찰완료,307950720,86.347,2024-04-30,디에스케이글로넷 주식회사,정주비,임재혁,215-87-27261,"경기도 화성시 효행로1068, 9층 910-1호 (병점동, 리더스프라자)"
ETA0001,1,해상감시레이더-II 부대정비용 시험장비 및 BII,물품,총액계약,일반경쟁,적격심사제,Y,방위사업청,1690000,방위사업청,1690000,82.995,1544122233,1553528000,0,2024-05-01,15:00:00,개찰완료,1362757247,88.254,2024-05-01,지비아이 코리아 (GBI KOREA),박동철,표혜진,503-22-99566,"부산광역시 해운대구 센텀중앙로97-0 (재송동), 센텀스카이비즈 606호"
LCF0122,1,링크 트랙슈용 연결용 등 8항목 제조(자주포),물품,총액계약,제한경쟁,적격심사제,Y,육군군수사령부,1290307,육군군수사령부,1290307,87.995,161374920,160874550,146249591,2024-05-01,10:30:00,개찰완료,142049492,88.024,2024-05-01,뉴테크코리아 주식회사,이인순,이용민,872-81-02208,경기도 화성시 송산면 송산포도로510-13
LCJ0027,1,(24육-용역9)스마트 통합물류센터 신축 선행연구 용역,용역,총액계약,협상에의한계약(전자),협상,N,종합보급창,ZD00898,종합보급창,ZD00898,,54854000,,49867273,2024-05-01,10:00:00,개찰완료,41000000,74.743,2024-05-03,(사)국방시설연구협회,정주교,이도제,129-82-09370,"경기도 성남시 수정구 복정로84번길 22-15,(B-001호) (복정동)"
LDH0433,1,의무 환자응답스위치 등 11품목 구매,물품,총액계약,제한경쟁,적격심사제,Y,제2879부대,ZD00347,제2879부대,ZD00347,87.995,12502614,12401000,11500000,2024-05-01,13:00:00,개찰완료,12214980,97.699,2024-05-02,킴스헬스케어,박향미,박향미,123-33-82910,"경기도 군포시 번영로497-0 (산본동, 금화프라자) 502호"
LHD0020,1,제초관리 용역 (X032),용역,총액계약,제한경쟁,적격심사제,Y,제7162부대,ZD00003,제7162부대,ZD00003,87.995,286513437,287853392,266918600,2024-05-01,10:30:00,개찰완료,252146625,88.005,2024-05-01,(주)창조이앤에프,김정화,김정화,416-81-81605,강원특별자치도 태백시 연지로31 (황지동) 2층202호
LQG0039,1,서초훈련대 영상모의사격장비 유지보수 용역,용역,총액계약,제한경쟁,적격심사제,Y,육군 52보병사단,ZD00273,육군 52보병사단,ZD00273,87.745,101808089,101299000,92752727,2024-05-01,10:30:00,개찰완료,89427000,87.838,2024-05-01,주식회사 한국방재기술단,정민규,김옥희,408-86-02356,"경기도 과천시 별양상가로7, 502호(별양동)"
LQG0040,1,박달훈련대 영상모의사격장비 유지보수 용역,용역,총액계약,제한경쟁,적격심사제,Y,육군 52보병사단,ZD00273,육군 52보병사단,ZD00273,87.745,70272900,70273000,63884545,2024-05-01,10:30:00,개찰완료,62003300,88.232,2024-05-01,주식회사 한국방재기술단,정민규,김옥희,408-86-02356,"경기도 과천시 별양상가로7, 502호(별양동)"
LQS0007,1,24~'27년 얼음 냉ㆍ온 정수기 임차 용역,용역,총액계약,제한경쟁,적격심사제,Y,국방부,1290000,국방부,1290000,87.745,152180821,152280000,138436364,2024-05-01,11:00:00,개찰완료,133597400,87.788,2024-05-01,케이제이상사,강주현,강주현,121-22-16010,경기도 부천시 원미구 삼작로286-0 (도당동) 1층
MDD0074,1,2024 외과장비운영소모품(1-2) 2품목 구매,물품,총액계약,제한경쟁,적격심사제,Y,국군수도병원,ZD00236,국군수도병원,ZD00236,87.995,42826066,42738300,40230000,2024-05-01,17:00:00,개찰완료,37817840,88.305,2024-05-02,주식회사 한스메디칼,한재희,양현희,694-88-00894,경기도 군포시 고산로148번길17-0 (당정동) 318호
MDF0013,1,군 지휘통신체계 유지보수 발전방안 연구용역,용역,총액계약,협상에의한계약(서류),협상,N,국군지휘통신사령부,1290290,국군지휘통신사령부,1290290,0,47516666,47516666,44060909,2024-05-01,14:00:00,개찰완료,44200000,93.019,2024-05-16,주식회사 온품,김유혁,박준성,206-87-06603,서울특별시 영등포구 당산로49길13 (당산동6가)
MHD0044,1,과학화경계시스템사업의 기종결정 평가방안 연구,용역,총액계약,협상에의한계약(전자),협상,N,방위사업청(운영지원과),1690000,방위사업청(운영지원과),1690000,,31450000,,28590909,2024-05-01,15:00:00,개찰완료,26732500,85,2024-06-03,(사)한국위기관리연구소,김운용,장재필,214-82-11121,서울특별시 강남구 논현로189길6 (압구정동)
SCF0395,1,잠수함(SS-I  II) 선체 및 실내 청락 도장 용역,용역,총액계약,일반경쟁,적격심사제,Y,해군군수사령부,ZD00289,해군군수사령부,ZD00289,87.995,851661085,850000000,818740000,2024-05-01,10:30:00,개찰완료,755980000,88.765,2024-05-01,수일종합환경 주식회사,서영완,서영완,604-81-39330,부산광역시 동구 중앙대로180번길 12-10()
UMM0248,2,(246051-F) 체력단련장 코스관리용 모래 구매,물품,총액계약,일반경쟁,적격심사제,Y,국군재정관리단,ZD00303,국군재정관리단,ZD00303,82.995,547024183,542630320,523669191,2024-05-01,11:00:00,개찰완료,461664000,84.395,2024-05-01,삼양소재개발(주),이학영,김영자,307-81-14573,충청남도 공주시 우성면 용봉어천길 189()
UMM0499,1,(246159-B)M15 중대전차지뢰 목상자 등 12품목 제조,물품,총액계약,일반경쟁,적격심사제,Y,국군재정관리단,ZD00303,국군재정관리단,ZD00303,82.995,807412851,810569700,860489036,2024-05-01,11:00:00,개찰완료,684850000,84.82,2024-05-01,금성목재,유재득,유왕승,603-23-61241,부산광역시 사하구 하신중앙로84-0 (신평동)
UMM0494,1,24-M-얼음 냉온정수기 임차 용역,용역,총액계약,일반경쟁,적격심사제,Y,국군재정관리단,ZD00303,국군재정관리단,ZD00303,82.995,954222375,946580000,877745455,2024-05-01,11:00:00,개찰완료,812700995,85.168,2024-05-01,주식회사 더원시스템즈,옥유진,옥유진,357-88-02620,서울특별시 동대문구 왕산로200-0 (전농동) 가동 1525호
UMM0498,1,24-N-절연지 절단기 구매,물품,총액계약,일반경쟁,적격심사제,Y,국군재정관리단,ZD00303,국군재정관리단,ZD00303,82.995,240124741,243460000,229854545,2024-05-01,11:00:00,개찰완료,200113790,83.337,2024-05-01,케이에스이엔지주식회사,김미옥,김미옥,113-86-00843,강원특별자치도 평창군 평창읍 농공단지길26
HCF0109,1,[60전대]TIG 용접기 구매,물품,총액계약,제한경쟁,적격심사제,Y,공군군수사령부,ZD00306,공군군수사령부,ZD00306,87.995,32429709,32450980,30090909,2024-05-02,10:30:00,개찰완료,28536750,87.995,2024-05-02,주식회사 엠제이엠,김무진,김무진,481-86-01366,대구광역시 서구 새방로29길6-17 (상리동)
HCM0043,2,24-04-130 파형측정기 1품목 구매,물품,총액계약,제한경쟁,적격심사제,Y,공군교육사령부,ZD00172,공군교육사령부,ZD00172,87.995,54031635,53641176,49740000,2024-05-02,10:30:00,개찰완료,47545380,87.995,2024-05-02,햇살컴퍼니,정희정,정희정,122-32-88966,"경기도 시흥시 서울대학로278번길25-18, 512호(정왕동, 다인로얄팰리스 배곧3차)"
HDQ0041,1,24-육 해상사격장 환경조사 용역,용역,총액계약,일반경쟁,적격심사제,Y,제20전투비행단,ZD00161,제20전투비행단,ZD00161,87.745,42206711,41958921,38907364,2024-05-02,10:30:00,개찰완료,37498000,88.843,2024-05-03,재단법인 한국환경산업연구원,편서연,강인숙,402-82-22375,"경기도 수원시 영통구 대학4로17 (이의동) 에이스광교타워413호,412호,411호,410호"
LDH0434,1,K1전차 봉합재 등 5종 구매,물품,총액계약,제한경쟁,적격심사제,Y,제2879부대,ZD00347,제2879부대,ZD00347,87.995,18922033,18978000,17598406,2024-05-02,13:00:00,개찰완료,17420000,92.061,2024-05-02,DGI산업,백지윤,백지윤,607-16-48427,"부산광역시 동래구 차밭골로21번길36, 1층 (온천동)"
LGM0020,1,(24-용역-01) 24년 얼음정수기 임차 용역,용역,총액계약,일반경쟁,적격심사제,Y,제11기동사단,ZD00411,제11기동사단,ZD00411,85.495,367237464,368323200,341672727,2024-05-02,10:30:00,개찰완료,315307290,85.859,2024-05-02,디에이치바이오,김단희,김단희,292-09-00316,"경기도 수원시 영통구 광교중앙로170, 1동 5층 7호 507호(하동, 광교 효성해링턴 타워)"
LGP0083,1,재고번호미입력품목,물품,단가계약,제한경쟁,적격심사제,Y,제5378부대,ZD00217,제5378부대,ZD00217,82.995,1732,1727,2213850720,2024-05-02,11:00:00,개찰완료,1462,84.382,2024-05-02,신성가스공업(주),우국환,김동원,128-81-08425,경기도 파주시 문산읍 통일로 1708()
LGT0036,1,24년 군 주거시설 정기안전점검 용역(24-GS-9),용역,총액계약,제한경쟁,적격심사제,Y,제2307부대,ZD00001,제2307부대,ZD00001,87.745,149947017,149530000,135936364,2024-05-02,10:30:00,개찰완료,131578900,87.75,2024-05-03,(주)세화안전진단건축사사무소,박영규,박영규,283-81-00356,강원특별자치도 춘천시 후석로420번길7-0 (후평동) 춘천하이테크타워 8층 824호
LGT0040,1,'24년~'27년 식기세척기 임차 용역(24-GS-7) ,용역,총액계약,제한경쟁,적격심사제,Y,제2307부대,ZD00001,제2307부대,ZD00001,87.745,118719367,118800000,108000000,2024-05-02,11:00:00,개찰완료,104741060,88.225,2024-05-03,주식회사 건웅시스템(kunwoong Inc.),변종형,홍은숙,167-86-00097,강원도 원주시 호저면 굴미실길62-9
LNF0017,1,00부대 간부숙소 신축 관급자재(타일),물품,총액계약,제한경쟁,적격심사제,Y,제1보병사단,ZD00049,제1보병사단,ZD00049,87.995,221750679,220625000,200568182,2024-05-02,11:00:00,개찰완료,209593750,94.517,2024-05-03,주식회사 마도세라믹스,김태연,김태연,554-88-01014,경기도 화성시 마도면 화성로785번길32
MDD0073,1,2024 방사성의약품 PET-CT 2품목 구매,물품,총액계약,제한경쟁,적격심사제,Y,국군수도병원,ZD00236,국군수도병원,ZD00236,87.995,15440373,15336000,15163636,2024-05-02,17:00:00,개찰완료,15029000,97.335,2024-05-07,덕암물산 주식회사,문동원,한상기,142-81-64364,"경기도 용인시 기흥구 구성3로438번길 6 (청덕동,1층)"
MDI0001,1,연대행정 서버기능 개선사업,물품,총액계약,제한경쟁,적격심사제,Y,제7016부대,ZD00220,제7016부대,ZD00220,87.995,124850696,124850000,113500000,2024-05-02,10:30:00,개찰완료,110213400,88.276,2024-05-02,(주)디지탈쉽,박상우,오경선,220-81-77719,서울특별시 강남구 논현로127길23-0 (논현동) 유심빌딩 4층
MDI0002,1,사이버 방호관제체계 구축사업,물품,총액계약,제한경쟁,적격심사제,Y,제7016부대,ZD00220,제7016부대,ZD00220,87.995,200910265,201850000,183500000,2024-05-02,10:30:00,개찰완료,176987892,88.093,2024-05-02,다담시스 주식회사,장근수,김소원,736-86-02265,서울특별시 금천구 가산디지털1로1 (가산동) 1208호
SCF0218,2,펌프  윤활유 이송용 1종 구매,물품,총액계약,제한경쟁,적격심사제,Y,해군군수사령부,ZD00289,해군군수사령부,ZD00289,87.995,20814218,21000000,20000000,2024-05-02,10:30:00,개찰완료,18626740,89.49,2024-05-02,제일기계공업주식회사,김은지,박순주,137-81-19305,경기도 김포시 대곶면 대명항로205번길 30()
SCF0309,2,이어폰 엘리먼트 등 2품목 구매,물품,총액계약,제한경쟁,적격심사제,Y,해군군수사령부,ZD00289,해군군수사령부,ZD00289,87.995,13033157,13000000,13545455,2024-05-02,10:30:00,개찰완료,13000000,99.745,2024-05-02,주식회사 능인솔루션,신현종,신현종,137-86-53064,"서울특별시 금천구 가산디지털2로14, 1216호(가산동, 대륭테크노타운 12차)"
SCF0403,1,회로 차단기 등 21종 구매,물품,총액계약,제한경쟁,적격심사제,Y,해군군수사령부,ZD00289,해군군수사령부,ZD00289,87.995,21174725,21000000,20156364,2024-05-02,10:30:00,개찰완료,18633240,87.997,2024-05-02,주식회사 태성솔루션,김성희,김성희,770-81-02085,강원특별자치도 춘천시 성심로65-0 (효자동)
SCF0399,1,24년 MHC 감속기 외주 정비,물품,총액계약,일반경쟁,적격심사제,Y,해군군수사령부,ZD00289,해군군수사령부,ZD00289,82.995,364008769,362000000,336550909,2024-05-02,10:30:00,개찰완료,314940000,86.519,2024-05-02,범창주식회사,윤병구,윤혜영,608-81-78562,경상남도 함안군 칠북면 북원로153-186
SCF0397,1,필터엘리먼트  흡입공기 정화기용 등 11종,물품,총액계약,일반경쟁,적격심사제,Y,해군군수사령부,ZD00289,해군군수사령부,ZD00289,82.995,532453042,534000000,495851818,2024-05-02,14:30:00,개찰완료,442196150,83.048,2024-05-02,뉴테크인,유재희,유재희,723-35-01220,"인천광역시 남동구 만수서로55,125동 401호(만수동,포레시안)"
SCF0393,1,멀티메타 3EA 구매,물품,총액계약,제한경쟁,적격심사제,Y,해군군수사령부,ZD00289,해군군수사령부,ZD00289,87.995,4197027,4200000,3900000,2024-05-02,10:30:00,개찰완료,3742850,89.178,2024-05-02,주식회사 엠아이엘아이엔씨,정광일,정광일,452-87-03214,"부산광역시 해운대구 센텀동로99, 12층 1203호(재송동, 벽산이센텀클래스원)"
SCF0369,2,24년 함내외 및 함내무선통신체계 유지보수 정비,물품,총액계약,일반경쟁,적격심사제,Y,해군군수사령부,ZD00289,해군군수사령부,ZD00289,82.995,1242415363,1236000000,1238351818,2024-05-02,10:30:00,개찰완료,1045280000,84.132,2024-05-02,근영테크,윤순근,윤순근,606-04-75952,부산광역시 강서구 신호산단4로89(신호동)
SCF0408,1,와이퍼 조립체 등 7종 구매,물품,총액계약,제한경쟁,적격심사제,Y,해군군수사령부,ZD00289,해군군수사령부,ZD00289,87.995,77241799,77000000,71454545,2024-05-02,10:30:00,개찰완료,67969000,87.995,2024-05-02,영성기업사,권혁필,권혁필,605-11-73435,부산광역시 부산진구 전포대로254-0 (전포동)
SCF0405,1,팬 조립체 등 20종 구매,물품,총액계약,제한경쟁,적격심사제,Y,해군군수사령부,ZD00289,해군군수사령부,ZD00289,87.995,184507448,186000000,178553636,2024-05-02,10:30:00,개찰완료,162360300,87.996,2024-05-02,대연상사,맹인재,맹인재,658-61-00718,경상남도 창원시 진해구 용재로29번길5-15 (용원동) 301호
SCF0404,1,미케니컬 씰 등 20종 구매,물품,총액계약,제한경쟁,적격심사제,Y,해군군수사령부,ZD00289,해군군수사령부,ZD00289,87.995,178305613,177000000,168951000,2024-05-02,10:30:00,개찰완료,156905190,87.997,2024-05-02,고운유통,김고운이,김고운이,573-03-00867,"경상남도 거제시 옥포성안로29-1, 7층 702호(옥포동, 보광센츄어리)"
SCF0407,1,밸브 유량조절용 등 20종 구매,물품,총액계약,제한경쟁,적격심사제,Y,해군군수사령부,ZD00289,해군군수사령부,ZD00289,87.995,159749417,160000000,149124000,2024-05-02,10:30:00,개찰완료,140573760,87.996,2024-05-02,수앤주,신경수,신경수,827-29-00390,"경기도 구리시 안골로44-1, 302호 (교문동,다건시티)"
SCF0406,1,체인 체인호이스트용 등 10종 구매,물품,총액계약,제한경쟁,적격심사제,Y,해군군수사령부,ZD00289,해군군수사령부,ZD00289,87.995,137385896,137000000,127060455,2024-05-02,10:30:00,개찰완료,120893230,87.995,2024-05-02,다옴,조승희,조승희,206-44-18077,"경기도 용인시 기흥구 공세로82번길30-1 (공세동, 삼성팰리스)"
SCF0398,1,조난자무선식별장치(RFID) 유지보수 정비,물품,총액계약,일반경쟁,적격심사제,Y,해군군수사령부,ZD00289,해군군수사령부,ZD00289,82.995,91242434,91000000,89951818,2024-05-02,10:30:00,개찰완료,82244000,90.137,2024-05-02,주식회사 우리별,이정석,임용선,137-81-88011,경기도 김포시 양촌읍 황금1로89 (학운리2962)
SCF0409,1,(긴급)연결기 조인트 등 43종,물품,총액계약,제한경쟁,적격심사제,Y,해군군수사령부,ZD00289,해군군수사령부,ZD00289,87.995,60611508,60500000,56100855,2024-05-02,10:30:00,개찰완료,59728570,98.543,2024-05-02,경진테크,정태경,정태경,501-31-70508,"경상남도 창원시 성산구 원이대로495 (반림동, 트리비앙아파트) 230동 1607호"
SCF0400,1,(긴급)전달장치 압력용 등 21종,물품,총액계약,제한경쟁,적격심사제,Y,해군군수사령부,ZD00289,해군군수사령부,ZD00289,87.995,70211697,70322000,65290909,2024-05-02,10:30:00,개찰완료,63992500,91.142,2024-05-02,미래상사,김성길,김성길,881-35-00115,"부산광역시 사상구 낙동대로910, C동 253호(감전동, 마트월드)"
SCF0401,1,(긴급)밸브 솔레노이드용 등 47종,물품,총액계약,제한경쟁,적격심사제,Y,해군군수사령부,ZD00289,해군군수사령부,ZD00289,87.995,35769369,35678000,33084045,2024-05-02,10:30:00,개찰완료,32644590,91.264,2024-05-02,미래상사,김성길,김성길,881-35-00115,"부산광역시 사상구 낙동대로910, C동 253호(감전동, 마트월드)"
SCU0036,1,24-0전단 행사 대행 용역,용역,총액계약,제한경쟁,적격심사제,Y,제9918부대,ZD01068,제9918부대,ZD01068,87.745,42993433,43000000,40636364,2024-05-02,10:30:00,개찰완료,39000000,90.711,2024-05-02,(주)씨포스트제주,양성혁,양성혁,616-81-72351,"제주특별자치도 제주시 만덕로31, 4층 (건입동)"
SFH0066,1,24년 백령도 복지회관 식자재 구매,물품,총액계약,제한경쟁,적격심사제,Y,제9196부대,ZD00370,제9196부대,ZD00370,87.995,154918538,153986660,142787636,2024-05-02,10:30:00,개찰완료,152000000,98.116,2024-05-02,주식회사 옹진물산,곽창열,임태윤,807-86-01097,인천광역시 옹진군 백령면 사곶로122번길11-0
UMM0338,2,(247063-F) 수술재료7 구매,물품,총액계약,제한경쟁,적격심사제,Y,국군재정관리단,ZD00303,국군재정관리단,ZD00303,87.995,63094566,63224700,59256000,2024-05-02,11:00:00,개찰완료,58528702,92.763,2024-05-02,주식회사 영우이앤지,서승희,서승희,135-88-02715,"서울특별시 마포구 성지길25-11, 합정동 583호 (합정동)"
UMM0461,1,24-F-무산동 안저사진기 등 2종 구매,물품,총액계약,제한경쟁,적격심사제,Y,국군재정관리단,ZD00303,국군재정관리단,ZD00303,87.995,67427189,66660000,61818182,2024-05-02,11:00:00,개찰완료,59362530,88.039,2024-05-02,이브닝,김진희,김진희,370-25-01430,"서울특별시 중랑구 숙선옹주로9길25, 101동 1003호(묵동, 세방아파트)"
UMM0524,1,(247155-F) 전산운영용품 구매,물품,총액계약,제한경쟁,적격심사제,Y,국군재정관리단,ZD00303,국군재정관리단,ZD00303,87.995,63094077,63250000,58650000,2024-05-02,11:00:00,개찰완료,55519750,87.995,2024-05-03,주식회사 지아이티,이수용,김혜정,221-81-32831,강원특별자치도 춘천시 퇴계공단2길55-0 (퇴계동)
UMM0516,1,(24F017-G) 24년 VoIP 교환기 유지보수사업(삼성),용역,총액계약,제한경쟁,적격심사제,Y,국군재정관리단,ZD00303,국군재정관리단,ZD00303,87.745,119734027,120003330,122438209,2024-05-02,11:00:00,개찰완료,105107000,87.783,2024-05-02,(주)젤루텍,이두규,김유리,107-86-79665,"서울특별시 영등포구 경인로775-0 (문래동3가), 1동 722호"
UMM0515,1,(24F016-G) 24년 VoIP 교환기 유지보수사업(ELG),용역,총액계약,일반경쟁,적격심사제,Y,국군재정관리단,ZD00303,국군재정관리단,ZD00303,82.995,966054021,966740676,896432264,2024-05-02,11:00:00,개찰완료,802400000,83.059,2024-05-02,(주)젤루텍,이두규,김유리,107-86-79665,"서울특별시 영등포구 경인로775-0 (문래동3가), 1동 722호"
UMM0520,1,(247016)00부대 VoIP 교환기 구축사업(리스물건),물품,총액계약,일반경쟁,적격심사제,Y,국군재정관리단,ZD00303,국군재정관리단,ZD00303,82.995,609193351,607639370,563387073,2024-05-02,11:00:00,개찰완료,506799268,83.191,2024-05-02,주식회사 두루스코,김옥연,박인이,110-86-09224,"서울특별시 서대문구 연희로241, 2층 (연희동)"
UMM0522,1,(247192-C) 유전자감정장비(자동염기서열분석기) 구매,물품,총액계약,일반경쟁,적격심사제,Y,국군재정관리단,ZD00303,국군재정관리단,ZD00303,82.995,318775903,320294117,297000000,2024-05-02,11:00:00,개찰완료,285863600,89.675,2024-05-02,주식회사 엘씨케이테크놀로지스,홍광표,박점숙,105-86-64924,서울특별시 강서구 양천로401 (가양동) 강서한강자이타워 B동1503~1506호
EBB0118,1,윤활유 정유기,물품,총액계약,일반경쟁,적격심사제,Y,방위사업청,1690000,방위사업청,1690000,,384456178,385907000,0,2024-05-03,11:00:00,개찰완료,331000000,86.095,2024-05-03,해암테크 주식회사,천기식,허원정,609-86-17898,경상남도 창원시 성산구 곰절길9번길18(성주동)
EBB0121,1,취사기  트레일러 탑재식(400명분) 및 수리부속류,물품,총액계약,일반경쟁,적격심사제,Y,방위사업청,1690000,방위사업청,1690000,,1870737124,1876183000,0,2024-05-03,11:00:00,개찰완료,1612900000,86.217,2024-05-03,주식회사 동아에스디아이,계선홍,계선홍,779-81-00779,경기도 포천시 내촌면 부마로282번길82-27
EBB0124,1,패널  차량작동용,물품,총액계약,일반경쟁,적격심사제,Y,방위사업청,1690000,방위사업청,1690000,,3396603100,3372365000,0,2024-05-03,11:00:00,개찰완료,2923756964,86.078,2024-05-03,주식회사 엔미디어솔루션,조윤규,김정언,119-86-53412,"인천광역시 계양구 계산새로71, 비동 310호(계산동, 하이베라스)"
EBB0120,1,K계열전차 포신 부품류(구매),물품,총액계약,제한경쟁,적격심사제,Y,방위사업청,1690000,방위사업청,1690000,,190432076,189279000,0,2024-05-03,14:00:00,개찰완료,168170000,88.309,2024-05-03,한성정공,이승호,이승호,603-29-62034,부산광역시 사하구 다대로354번길 61()
EBB0115,1,구동제어장치류,물품,총액계약,일반경쟁,적격심사제,Y,방위사업청,1690000,방위사업청,1690000,,1901463618,1894702000,0,2024-05-03,11:00:00,개찰완료,1606700000,84.498,2024-05-03,대창마린테크(주),김효성,윤상열,606-81-68961,부산광역시 사상구 모덕로27번길 126()
EBB0117,1,장갑차 부품,물품,총액계약,일반경쟁,적격심사제,Y,방위사업청,1690000,방위사업청,1690000,,1434519154,1431611000,0,2024-05-03,13:00:00,개찰완료,1210000000,84.348,2024-05-03,삼호정밀,김일천,김수영,622-02-60419,부산광역시 강서구 평강로217-1 (대저1동)
EBB0123,1,케이블 및 배선장치류,물품,총액계약,일반경쟁,적격심사제,Y,방위사업청,1690000,방위사업청,1690000,,878931380,873973000,0,2024-05-03,11:00:00,개찰완료,740000000,84.193,2024-05-03,연합정밀(주),김은주,노철,312-81-09219,충청남도 천안시 동남구 목천읍 학수소사길219-27
EBB0053,2,24년~25년 UH-60 셀 전지용,물품,총액계약,일반경쟁,적격심사제,Y,방위사업청,1690000,방위사업청,1690000,,38767037,38637000,0,2024-05-03,14:00:00,개찰완료,34014750,87.741,2024-05-03,주식회사 서원,권준범,신동석,312-81-40957,"충청남도 천안시 서북구 백석공단2길16-0 (백석동), 2동 105호(백석동, 외국인투자전용산업)"
HCG0015,1,24년 Pitch Black 훈련 참가지원 용역,용역,총액계약,일반경쟁,적격심사제,Y,공군본부,1290339,공군본부,1290339,85.495,424962518,423787320,419162836,2024-05-03,14:00:00,개찰완료,363500000,85.536,2024-05-07,에브제트아시아 주식회사,조욱상,김경호,120-87-31282,"서울특별시 강서구 하늘길38, SGBAC 2층(방화동, 김포공항)"
LDH0435,1, (화공) 크실렌 1종구매,물품,총액계약,제한경쟁,적격심사제,Y,제2879부대,ZD00347,제2879부대,ZD00347,87.995,46127950,45671000,42350000,2024-05-03,13:00:00,개찰완료,40850630,88.559,2024-05-03,하나케미칼,조삼제,조삼제,606-08-70256,경상남도 김해시 흥동로43. JS빌딩 A동303호 (흥동)
LHG0019,1,‘24년 민간인력 제초관리용역,용역,총액계약,일반경쟁,적격심사제,Y,제1862부대,ZD00002,제1862부대,ZD00002,87.995,286160527,287917647,266978182,2024-05-03,10:30:00,개찰완료,251872285,88.017,2024-05-07,농심개발(주),정철수,서지현,127-81-13551,"경기도 포천시 일동면 화동로738, 1층 농심개발주식회사"
LKP0088,1,24년 2분기 부대계약(증식류) 구매,물품,총액계약,제한경쟁,적격심사제,Y,제6335부대,Z006123,제6335부대,Z006123,87.995,58914518,59273680,53885164,2024-05-03,10:30:00,개찰완료,51852299,88.012,2024-05-03,선진유통,오승임,오승임,664-64-00276,대전광역시 대덕구 동춘당로52번길14-0 (송촌동) 1층
LPK0007,1,24년 음식물류 폐기물 처리 용역,용역,총액계약,일반경쟁,적격심사제,Y,제8기동사단,ZD01124,제8기동사단,ZD01124,80.495,260315976,259255800,235687091,2024-05-03,11:00:00,개찰완료,210113000,80.714,2024-05-03,오션환경,김진태,김진태,866-55-00661,경기도 광명시 범안로1035-0 (하안동)
MCD0016,1,국방안전관리정보체계 최적 구축방안 연구,용역,총액계약,협상에의한계약(전자),협상,N,국방부(운영지원과),1290000,국방부(운영지원과),1290000,,45451000,,41319091,2024-05-03,17:00:00,개찰완료,37345000,82.165,2024-06-09,(주)지디시스,정승인,정승인,121-81-36968,"서울특별시 금천구 가산디지털1로181, 가산W센터 1401호,1402호(가산동)"
MDG0130,1,24년 의무장비(원심분리기 세포형) 구매,물품,총액계약,제한경쟁,적격심사제,Y,국군의무사령부,1290291,국군의무사령부,1290291,87.995,10777406,10780000,10000000,2024-05-03,11:00:00,개찰완료,9521400,88.345,2024-05-03,주식회사 남양메디칼,박현준,천세미,132-86-22800,경기도 남양주시 진접읍 양진로816-28
SFC0046,1,24-덕-자주식 잔디깍이 등 5품목 구매,물품,총액계약,제한경쟁,적격심사제,Y,제9691부대,ZD00152,제9691부대,ZD00152,87.995,35338036,35197050,32637273,2024-05-03,10:30:00,개찰완료,31095840,87.995,2024-05-03,주식회사 제이유통,박진우,박진우,897-86-01881,경기도 화성시 10용사로456 (반송동) 3층
SFC0047,1,경종 등 205품목 구매,물품,총액계약,제한경쟁,적격심사제,Y,제9691부대,ZD00152,제9691부대,ZD00152,87.995,35626166,35853510,32594100,2024-05-03,10:30:00,개찰완료,31349400,87.995,2024-05-03,솔바이크,김미화,김미화,172-09-00889,경기도 고양시 일산서구 장자길82번길9-0 (덕이동)
UMM0513,1,(24F100-I) 렌탈프린터 임차용역,용역,총액계약,일반경쟁,적격심사제,Y,국군재정관리단,ZD00303,국군재정관리단,ZD00303,87.745,93123211,92894117,86138182,2024-05-03,11:00:00,개찰완료,81711109,87.745,2024-05-03,라라픽,김사라,김사라,327-78-00409,"강원특별자치도 강릉시 범일로579번길29-6, 101동 802호(내곡동, 강릉블루밍더베스트아파트)"
UMM0511,1,(247122-D)산소이송 승압펌프 구매,물품,총액계약,제한경쟁,적격심사제,Y,국군재정관리단,ZD00303,국군재정관리단,ZD00303,87.995,97140505,98039215,90909091,2024-05-03,11:00:00,개찰완료,85484500,88,2024-05-03,(ZIA)컴퍼니,서지숙,서지숙,207-26-91951,경기도 김포시 김포한강1로97번길10-9 (장기동) 304호
HCR0024,1,공기청정기 필터 등 6종(24-052),물품,총액계약,제한경쟁,적격심사제,Y,공군제15특수임무비행단,ZD00174,공군제15특수임무비행단,ZD00174,87.995,17257476,17257050,16002000,2024-05-07,13:30:00,개찰완료,15186800,88.001,2024-05-07,엠에스필터주식회사,강진선,JIN JINGXI,724-88-00934,경기도 평택시 서탄면 수월암길15-50
HDF0043,1,[복지대대] 간부식당(일심회관) 식자재,물품,총액계약,일반경쟁,적격심사제,Y,공군 제8전투비행단,ZD00185,공군 제8전투비행단,ZD00185,82.995,388560011,385022352,357020727,2024-05-07,11:00:00,개찰완료,324188800,83.433,2024-05-09,마리푸드,김대현,김대현,116-52-00930,인천광역시 서구 염곡로15번길7-0 (가좌동) 2층 203호
HDS0006,1,24년 액화석유가스(LPG) 장기 구매 계약,물품,총액계약,제한경쟁,적격심사제,Y,공군미사일방어사령부,ZD00216,공군미사일방어사령부,ZD00216,87.995,102460533,103363000,95846400,2024-05-07,11:00:00,개찰완료,91318200,89.125,2024-05-07,주식회사영진에너지,조진영,김경선,410-81-99747,전라남도 영광군 영광읍 천년로8길1
LDH0436,1,(자재) 락카스프레이 황색 등 12종 구매,물품,총액계약,제한경쟁,적격심사제,Y,제2879부대,ZD00347,제2879부대,ZD00347,87.995,24425556,24673000,22879091,2024-05-07,13:00:00,개찰완료,21859960,89.496,2024-05-07,주식회사 창원상사,이은석,이은석,804-81-00357,경상북도 포항시 남구 대해로89-1 (대도동)
LMP0021,1,24년 제초용역 계약의뢰,용역,총액계약,일반경쟁,적격심사제,Y,제1968부대,ZD00507,제1968부대,ZD00507,87.995,318791703,316452820,287684382,2024-05-07,11:00:00,개찰완료,280609328,88.022,2024-05-07,주식회사 덕원조경,최지용,최지용,334-87-02260,강원특별자치도 철원군 갈말읍 호국로4967
MCJ0003,1,00부대 EMP 보호시설 구축 선행연구 용역,용역,총액계약,협상에의한계약(전자),협상,N,국방통합데이터센터,ZD01034,국방통합데이터센터,ZD01034,,100000000,,90909091,2024-05-07,11:00:00,개찰완료,74000000,74,2024-05-17,건축사사무소 모인건축,임평산,임평산,458-04-02597,"경기도 김포시 태장로789,732호 (장기동,금광하이테크시티)"
MDD0075,1,24년 국군수도병원 출입통제체계 유지관리 용역,용역,총액계약,제한경쟁,적격심사제,Y,국군수도병원,ZD00236,국군수도병원,ZD00236,87.745,33598089,33634570,31200900,2024-05-07,10:00:00,개찰완료,29533050,87.9,2024-05-07,닛시시스템 주식회사,서수진,조희순,870-88-02614,"경기도 용인시 기흥구 서천로201번길11, 9층 제티-9077호(농서동, 기흥테라타워 지식산업센터)"
MDF0015,1,회의실 브리핑시스템 노후 교체사업,물품,총액계약,일반경쟁,적격심사제,Y,국군지휘통신사령부,1290290,국군지휘통신사령부,1290290,82.995,316386892,314052607,291212418,2024-05-07,11:00:00,개찰완료,262597610,82.998,2024-05-07,세진정보주식회사,김은경,백원현,199-81-00589,충청남도 공주시 반포면 수실2길34
MDG0137,1,24-2차 의무비품(근관장측정기) 구매,물품,총액계약,제한경쟁,적격심사제,Y,국군의무사령부,1290291,국군의무사령부,1290291,87.995,5378224,5400000,8363636,2024-05-07,11:00:00,개찰완료,4734700,88.034,2024-05-07,아이컴퍼니,이정환,이정환,303-43-00847,"서울특별시 동작구 동작대로35차길12-5, 비01호(사당동, 금양빌라)"
MDG0138,1,24-2차 의무비품(투약용카트 등 6종) 구매,물품,총액계약,제한경쟁,적격심사제,Y,국군의무사령부,1290291,국군의무사령부,1290291,87.995,31662500,31539900,31143636,2024-05-07,11:00:00,개찰완료,27861850,87.996,2024-05-08,주식회사 지에스위드,박미숙,김수경,206-86-89005,인천광역시 남동구 하촌서로54(만수동)
MDG0136,1,24-1차 재생토너(MLT-D203 등 14종) 제조,물품,총액계약,제한경쟁,적격심사제,Y,국군의무사령부,1290291,국군의무사령부,1290291,87.995,19582146,19475800,23270455,2024-05-07,11:00:00,개찰완료,19122000,97.65,2024-05-07,선한복지센터,김현,김현,212-82-64471,"서울특별시 강동구 양재대로91길62-0 (성내동, 동아1차아파트) 4층"
MDG0132,1,응급처치 전신마네킹 등 2종 구매,물품,총액계약,제한경쟁,적격심사제,Y,국군의무사령부,1290291,국군의무사령부,1290291,87.995,8044702,8007710,7279736,2024-05-07,11:00:00,개찰완료,7079037,87.996,2024-05-08,주식회사 초창,윤지노,윤지노,623-87-02821,"세종특별자치시  한누리대로1824, 604-2"
MDG0134,1,임플란트2 8종 구매,물품,총액계약,제한경쟁,적격심사제,Y,국군의무사령부,1290291,국군의무사령부,1290291,87.995,48104939,48266278,44423636,2024-05-07,11:00:00,개찰완료,48093520,99.976,2024-05-07,제이웰,정재환,정재환,517-04-02464,경기도 성남시 분당구 성남대로926번길10-0 (야탑동) 5층 R5113호
UDA0010,1,00부대 신출 병영생활관 LPG 공급,물품,총액계약,제한경쟁,적격심사제,Y,제3190부대,ZD00805,제3190부대,ZD00805,82.995,323462757,320544000,291403636,2024-05-07,11:00:00,개찰완료,278365670,86.058,2024-05-07,창림에너지(주),김광성,김광성,127-81-07059,경기도 동두천시 평화로 2884-2(상봉암동)
UMM0493,1,24~25-F-보트 인원 수송용 제조,물품,총액계약,일반경쟁,적격심사제,Y,국군재정관리단,ZD00303,국군재정관리단,ZD00303,82.995,618722660,621700000,576492727,2024-05-07,11:00:00,개찰완료,522400000,84.432,2024-05-07,주식회사 우남마린,김한준,김도윤,622-81-17917,경상남도 김해시 상동면 동북로473번길14-23
UMM0509,1,24-N-파이프 벤딩기 A형 1대 구매,물품,총액계약,제한경쟁,적격심사제,Y,국군재정관리단,ZD00303,국군재정관리단,ZD00303,87.995,100562602,100200000,92918182,2024-05-07,11:00:00,개찰완료,88492360,87.997,2024-05-07,모빌테크,윤혁진,윤혁진,131-33-02479,강원특별자치도 춘천시 후석로420번길7-0 (후평동)
EBB0139,1,K10 탄약운반차량 수리부속 등,물품,총액계약,일반경쟁,적격심사제,Y,방위사업청,1690000,방위사업청,1690000,,55317406,55401000,0,2024-05-08,15:00:00,개찰완료,46621000,84.279,2024-05-08,(주)경도,조영,조기현,621-81-24977,경상남도 양산시 상북면 홍룡로42
EBB0113,1,기동화력 부속유지용 부품류,물품,총액계약,일반경쟁,적격심사제,Y,방위사업청,1690000,방위사업청,1690000,,1376383778,1372181000,0,2024-05-08,10:30:00,개찰완료,1162923000,84.491,2024-05-08,평화정밀,조현배,이춘희,608-40-62145,부산광역시 강서구 미음산단3로120-0 (미음동)
EBB0161,1,자주포 동력장치 부품류,물품,총액계약,일반경쟁,적격심사제,Y,방위사업청,1690000,방위사업청,1690000,,4592414270,4579327000,0,2024-05-08,11:05:00,개찰완료,4144000000,90.235,2024-05-08,평화정밀,조현배,이춘희,608-40-62145,부산광역시 강서구 미음산단3로120-0 (미음동)
EBB0142,1,60mm 박격포 부품류,물품,총액계약,일반경쟁,적격심사제,Y,방위사업청,1690000,방위사업청,1690000,,450712861,448163000,0,2024-05-08,11:00:00,개찰완료,390798000,86.706,2024-05-08,(주)경원R&D,김경래,김경래,165-81-02018,부산광역시 사상구 낙동대로1292번길9-0 (삼락동)
EBB0143,1,81mm 박격포 부품류,물품,총액계약,일반경쟁,적격심사제,Y,방위사업청,1690000,방위사업청,1690000,,408779527,410779000,0,2024-05-08,15:00:00,개찰완료,347960000,85.121,2024-05-08,우창기계 주식회사,김운태,우성제,609-81-35829,경상남도 창원시 성산구 공단로324-21 (웅남동)
EBB0134,1,방열기  엔진냉각제용,물품,총액계약,일반경쟁,적격심사제,Y,방위사업청,1690000,방위사업청,1690000,,1079837712,1077998000,0,2024-05-08,11:00:00,개찰완료,917400000,84.957,2024-05-08,(주)한조,김승재,김창민,610-81-22173,부산광역시 영도구 남항서로 20(남항동3가)
EBB0136,1,2024 KM11휴대용제독기 수리부속,물품,총액계약,제한경쟁,적격심사제,Y,방위사업청,1690000,방위사업청,1690000,,228588683,228518000,0,2024-05-08,11:00:00,개찰완료,201670400,88.224,2024-05-08,에프아이티에스 주식회사,오영석,정춘숙,255-86-00278,경기도 김포시 대곶면 대곶서로234번길78
EBB0132,1,2024 중형제독기 수리부속,물품,총액계약,제한경쟁,적격심사제,Y,방위사업청,1690000,방위사업청,1690000,,149756598,149207000,0,2024-05-08,11:00:00,개찰완료,132800000,88.677,2024-05-08,한성정공,이승호,이승호,603-29-62034,부산광역시 사하구 다대로354번길 61()
EBB0155,1,구동장치부품류(제조 일반),물품,총액계약,일반경쟁,적격심사제,Y,방위사업청,1690000,방위사업청,1690000,,1324677110,1326841000,0,2024-05-08,10:35:00,개찰완료,1123170000,84.788,2024-05-08,평화정밀,조현배,이춘희,608-40-62145,부산광역시 강서구 미음산단3로120-0 (미음동)
HCF0116,1,24~'25 연동통제소(TADIL-ICS) 유지보수,용역,총액계약,제한경쟁,적격심사제,Y,공군군수사령부,ZD00306,공군군수사령부,ZD00306,87.745,103406653,103796840,99820000,2024-05-08,10:30:00,개찰완료,90924600,87.929,2024-05-08,세영정보통신(주),이세영,최유진,513-81-14498,경상북도 구미시 산호대로 56-1()
HCF0117,1,24~'25 작전상황 전파체계(기지방송망) 유지보수,용역,총액계약,제한경쟁,적격심사제,Y,공군군수사령부,ZD00306,공군군수사령부,ZD00306,85.495,329603038,324500000,319620000,2024-05-08,10:30:00,개찰완료,281812025,85.5,2024-05-08,해용정보통신주식회사,백다리아,백다리아,128-86-41996,"경기도 고양시 일산동구 중산로 247306,307호 (중산동, 중산프라자)"
HDM0031,1,[24-0069] 24-5차 일반소모성자재(GUC) 구매,물품,총액계약,일반경쟁,적격심사제,Y,공군제17전투비행단,ZD00206,공군제17전투비행단,ZD00206,82.995,244568214,244629500,222390455,2024-05-08,11:00:00,개찰완료,202987600,82.998,2024-05-08,(주)씨앤씨솔루션,홍수정,김혜민,606-86-59002,부산광역시 강서구 녹산산업중로62-6 (송정동)
LCF0142,1,어댑터  소켓렌치용 등 45항목 구매(특무공구),물품,총액계약,일반경쟁,적격심사제,Y,육군군수사령부,1290307,육군군수사령부,1290307,82.995,326844728,326617097,297011674,2024-05-08,11:00:00,개찰완료,271387185,83.032,2024-05-08,스파클주식회사,전동훈,김윤권,117-81-31135,충청남도 천안시 동남구 성남면 대정1길 19-11스파클 주식회사
LCF0157,1,원심분리기 등 4항목 구매(의무),물품,총액계약,제한경쟁,적격심사제,Y,육군군수사령부,1290307,육군군수사령부,1290307,87.995,48077975,48080000,43709091,2024-05-08,11:00:00,개찰완료,46992000,97.741,2024-05-08,한일사이언스,유영재,유영재,121-24-64933,인천광역시 부평구 길주로585번길7-14 (갈산동)
LCF0156,1,조직분쇄기 등 8항목 구매(의무),물품,총액계약,제한경쟁,적격심사제,Y,육군군수사령부,1290307,육군군수사령부,1290307,87.995,46797527,46676000,42432727,2024-05-08,11:00:00,개찰완료,41180150,87.996,2024-05-08,유원케이,김명선,김명선,116-06-68855,"서울특별시 영등포구 국제금융로8길19, 208호(여의도동, 중앙빌딩)"
LCF0141,1,태극기도르래 등 3항목 구매(물자),물품,총액계약,제한경쟁,적격심사제,Y,육군군수사령부,1290307,육군군수사령부,1290307,87.995,46345466,46286240,42471873,2024-05-08,11:00:00,개찰완료,40781910,87.995,2024-05-08,동은이엔지,이동기,이동기,748-27-01414,"부산광역시 부산진구 성지로51번길48-7, 301호(초읍동, 우성그린빌)"
LCF0132,1,평판형 오일리스 베어링 등 7항목 제조(특무),물품,총액계약,제한경쟁,적격심사제,Y,육군군수사령부,1290307,육군군수사령부,1290307,87.995,16964351,17055422,15504929,2024-05-08,10:30:00,개찰완료,14984260,88.327,2024-05-08,동창원산업(주),정창,문혜영,553-81-01007,경상남도 의령군 용덕면 의합대로123-7
LCF0163,1,축  덮개용 등 24항목 생산능력제조(기장),물품,총액계약,제한경쟁,적격심사제,Y,육군군수사령부,1290307,육군군수사령부,1290307,82.995,177293963,176963082,160875529,2024-05-08,11:00:00,개찰완료,177000000,99.834,2024-05-08,삼호정밀,김일천,김수영,622-02-60419,부산광역시 강서구 평강로217-1 (대저1동)
LCF0144,1,시일 밀봉형 등 79항목 구매(일장-001),물품,총액계약,제한경쟁,적격심사제,Y,육군군수사령부,1290307,육군군수사령부,1290307,87.995,73489646,73102702,66457002,2024-05-08,11:30:00,개찰완료,65790000,89.522,2024-05-08,DGI산업,백지윤,백지윤,607-16-48427,"부산광역시 동래구 차밭골로21번길36, 1층 (온천동)"
LCF0151,1,쐐기 궤도슈우용 등 2항목 제조(궤도-004),물품,총액계약,제한경쟁,적격심사제,Y,육군군수사령부,1290307,육군군수사령부,1290307,87.995,227786158,227318868,206653516,2024-05-08,11:30:00,개찰완료,200566500,88.05,2024-05-08,주식회사 신창엠텍,김홍규,박기준,503-81-91498,대구광역시 달서구 성서공단북로4길8-0 (파호동)
LCF0160,1,패드  복부용 등 6항목 구매(의무),물품,총액계약,제한경쟁,적격심사제,Y,육군군수사령부,1290307,육군군수사령부,1290307,87.995,49148073,48961800,44510727,2024-05-08,11:00:00,개찰완료,43247955,87.995,2024-05-08,사수상사,이성호,이성호,355-64-00178,"부산광역시 부산진구 신암로133, 105동 601호(범천동, e편한세상 서면 더센트럴)"
LCF0140,1,렌치 세트 소켓용 등 48항목(특무공구),물품,총액계약,일반경쟁,적격심사제,Y,육군군수사령부,1290307,육군군수사령부,1290307,82.995,410808422,412276129,378322114,2024-05-08,11:00:00,개찰완료,340951946,82.995,2024-05-08,주식회사 드림팩토리,고은희,고은희,773-86-00704,경기도 남양주시 진건읍 진건오남로300 2층
LCF0158,1,멸균거즈 등 4항목 구매(의무),물품,총액계약,제한경쟁,적격심사제,Y,육군군수사령부,1290307,육군군수사령부,1290307,87.995,62873277,62670000,56972727,2024-05-08,11:00:00,개찰완료,55325416,87.995,2024-05-08,케이크루,강성중,강성중,119-09-87003,경기도 고양시 일산동구 호수로340-11 (백석동) 903호
LCF0139,1,항법가방 등 2항목 제조(피복),물품,총액계약,제한경쟁,적격심사제,Y,육군군수사령부,1290307,육군군수사령부,1290307,87.995,44788718,44540560,41549639,2024-05-08,11:00:00,개찰완료,39413900,87.999,2024-05-08,주식회사 메디시온,김경호,김경호,128-86-86770,경기도 고양시 덕양구 삼막1길3(오금동)
LCP0034,1,24년 제초관리 용역(중부권),용역,총액계약,제한경쟁,적격심사제,Y,육군제8971부대,ZD00098,육군제8971부대,ZD00098,87.745,143861937,144090441,133611136,2024-05-08,11:30:00,개찰완료,126231762,87.745,2024-05-08,그린산업 주식회사,정규덕,정규덕,225-81-20832,"강원특별자치도 영월군 영월읍 하송로35, 2층"
LCP0036,1,24년 제초관리 용역(남부권),용역,총액계약,제한경쟁,적격심사제,Y,육군제8971부대,ZD00098,육군제8971부대,ZD00098,87.745,61488597,61782656,57289373,2024-05-08,11:30:00,개찰완료,53953362,87.745,2024-05-08,주식회사 다림디자인조경,이시영,고인숙,717-86-00607,"충청남도 아산시 청운로41, 1층(온천동)"
LDC0011,1,재고번호미입력품목,용역,단가계약,제한경쟁,적격심사제,Y,육군과학화전투훈련단,ZD00561,육군과학화전투훈련단,ZD00561,84.245,299549,299000,104545396,2024-05-08,10:30:00,개찰완료,253460,84.613,2024-05-08,원탑기업(주),이호길,심수연,224-81-63158,강원특별자치도 원주시 흥업면 대안로386-0
LDH0438,1,K200 기어 스퍼형 1종 구매,물품,총액계약,제한경쟁,적격심사제,Y,제2879부대,ZD00347,제2879부대,ZD00347,87.995,13282672,13279000,12313636,2024-05-08,13:00:00,개찰완료,11703200,88.108,2024-05-08,우진테크,김우진,김우진,602-18-52099,경상남도 김해시 분성로557번길60-7 (어방동)
LFC0038,1,24년 부대조달 콩나물(세척) 구매,물품,총액계약,제한경쟁,적격심사제,Y,육군훈련소,ZD00010,육군훈련소,ZD00010,87.995,145006316,144770000,131609091,2024-05-08,11:00:00,개찰완료,127598715,87.995,2024-05-10,디앤에이(DNA),강수곤,강수곤,140-01-22390,"서울특별시 구로구 경인로54길4(구로동, 공구상가일번지 에이동 H-201호)"
LHM0045,1,24년 음식물쓰레기 처리용역,용역,총액계약,일반경쟁,적격심사제,Y,제6685부대,ZD00115,제6685부대,ZD00115,80.495,315831834,314559820,285963473,2024-05-08,11:00:00,개찰완료,254896590,80.706,2024-05-08,천성환경,신정훈,김남경,626-39-00419,경기도 부천시 부일로326-0 (중동) 2층 1-(722)호
LHR0025,1,24년 충북지역 군부대 제초용역,용역,총액계약,제한경쟁,적격심사제,Y,제5019부대,ZD00102,제5019부대,ZD00102,87.745,165644765,167004250,151858409,2024-05-08,10:30:00,개찰완료,145350890,87.748,2024-05-08,현성건설(주),류재충,변성균,301-81-95995,충청북도 청주시 상당구 낭성면 단재로2079-0
LKD0043,1,24년 제초관리용역(사단 사령부 및 99여단),용역,총액계약,제한경쟁,적격심사제,Y,제32보병사단,ZD00012,제32보병사단,ZD00012,87.995,153155018,151513110,137739191,2024-05-08,11:00:00,개찰완료,134806000,88.019,2024-05-08,주식회사 부흥조경,이환구,이환구,311-81-14437,충청남도 천안시 동남구 천안대로742-0 (신부동)
LKP0089,1,24년 디지털 인쇄재료 구매,물품,총액계약,제한경쟁,적격심사제,Y,제6335부대,Z006123,제6335부대,Z006123,87.995,45386558,45000000,40909091,2024-05-08,11:00:00,개찰완료,39986750,88.102,2024-05-08,멍이컴퍼니,나보배,나보배,689-42-01025,전라남도 목포시 마인계터로40번길4-0 (죽동) 179호
LPT0004,1,여성필수시설 신축 컨테이너 제조설치납품,물품,총액계약,제한경쟁,적격심사제,Y,제2062부대,ZD00022,제2062부대,ZD00022,87.995,107680440,109246800,99315273,2024-05-08,11:00:00,개찰완료,95126020,88.341,2024-05-08,주식회사 와이에스이앤디,전영오,전영오,290-87-01544,경기도 김포시 통진읍 고정1로97
MCM0007,1,사이버 침해사고 조사도구 라이선스 구매,물품,총액계약,제한경쟁,적격심사제,Y,4284부대,ZD00924,4284부대,ZD00924,82.995,549942873,546480000,498436364,2024-05-08,10:30:00,개찰완료,537189400,97.68,2024-05-08,주식회사  인섹시큐리티,김종광,정명화,119-86-48961,"서울특별시 금천구 가산디지털1로19, 406호, 407호, 408호, 409호(가산동,대륭테크노타운18차)"
MDJ0030,1,24년 보장구 연간계약,물품,총액계약,일반경쟁,적격심사제,Y,국군대전병원,ZD00241,국군대전병원,ZD00241,87.995,80591561,80431840,74582273,2024-05-08,10:30:00,개찰완료,70978327,88.071,2024-05-08,(주)닛신,구탁본,구탁본,206-86-28968,경기도 양평군 양평읍 중앙로260-0 국립교통재활병원 2층
MDJ0033,2,병건강검진소모품 연간계약,물품,총액계약,일반경쟁,적격심사제,Y,국군대전병원,ZD00241,국군대전병원,ZD00241,87.995,69207851,69232340,64197273,2024-05-08,10:30:00,개찰완료,60900890,87.997,2024-05-08,주식회사 플루토스,정순주,정순주,876-81-02457,"세종특별자치시  다정남로22-0 (다정동, 가온마을 1단지)116동 1503호"
MHD0031,2,군용총포등 안전보건경영시스템 컨설팅 지원사업,용역,총액계약,협상에의한계약(전자),협상,N,방위사업청(운영지원과),1690000,방위사업청(운영지원과),1690000,,91500000,,83181818,2024-05-08,15:00:00,개찰완료,89566400,97.886,2024-06-11,한국품질기술원 주식회사,안현철,안희연,136-88-01252,"경상남도 창원시 의창구 평산로23-0, 5층 501호(팔용동,신화테크노밸리)"
SCF0372,2,윤활유  냉매 압축기용 30EA 구매,물품,총액계약,제한경쟁,적격심사제,Y,해군군수사령부,ZD00289,해군군수사령부,ZD00289,87.995,9257680,9200000,9405000,2024-05-08,10:30:00,개찰완료,8550000,92.355,2024-05-08,나산상사,김순필,김순필,116-07-24873,경상북도 경주시 양남면 나산1길10 나동
SCF0410,1,축받이 조립체 등 8품목 구매,물품,총액계약,제한경쟁,적격심사제,Y,해군군수사령부,ZD00289,해군군수사령부,ZD00289,87.995,79578374,80000000,74856574,2024-05-08,10:30:00,개찰완료,70576000,88.687,2024-05-08,서광전자,오복룡,오복룡,608-40-76028,경상남도 창원시 진해구 이동로69번길 12()
SCF0411,1,연결봉 피스톤용 등 21종 구매,물품,총액계약,제한경쟁,적격심사제,Y,해군군수사령부,ZD00289,해군군수사령부,ZD00289,87.995,180019907,180000000,168803818,2024-05-08,10:30:00,개찰완료,159075000,88.365,2024-05-08,일용상사,권윤주,권윤주,215-42-01090,경상남도 창원시 의창구 북면 동곡로35-0 (창원무동휴먼빌아파트(2단지)) 205-804
SCF0293,2,안면보호구 공장직공용 등 8종 구매,물품,총액계약,제한경쟁,적격심사제,Y,해군군수사령부,ZD00289,해군군수사령부,ZD00289,87.995,30201277,30000000,30771930,2024-05-08,10:30:00,개찰완료,27068370,89.626,2024-05-08,주식회사 성우,김정애,김정애,594-81-00498,부산광역시 강서구 신호산단3로88번길68 (신호동)
SCF0427,1,베어링 등 44종 구매,물품,총액계약,제한경쟁,적격심사제,Y,해군군수사령부,ZD00289,해군군수사령부,ZD00289,87.995,122451407,121000000,123609009,2024-05-08,10:30:00,개찰완료,116160000,94.862,2024-05-08,대성물류,김성대,김성대,267-62-00241,"경기도 평택시 중앙2로13-0 (평택동, 센텀스카이빌딩)"
SCF0442,1,24~'26년 함정용 위성방송 수신안테나 유지보수 용역,용역,총액계약,일반경쟁,적격심사제,Y,해군군수사령부,ZD00289,해군군수사령부,ZD00289,85.495,326379959,330000000,306435709,2024-05-08,10:30:00,개찰완료,284839000,87.272,2024-05-08,한양무선통신,최영복,최영복,608-25-94213,경상남도 창원시 의창구 팔용로 399()
SCF0435,1,제주 잠수함 훈련장비(저주파  대함) 유지보수 용역,용역,총액계약,일반경쟁,적격심사제,Y,해군군수사령부,ZD00289,해군군수사령부,ZD00289,87.745,76159749,76000000,70714545,2024-05-08,10:30:00,개찰완료,66830000,87.749,2024-05-08,MRO Tech(엠알오텍),안기수,안기수,244-52-00405,"대구광역시 북구 영송로15, 2층 6210호 (태전동, 대구보건대학교 복지관)"
SCF0415,2,개스킷 등 15종 구매,물품,총액계약,제한경쟁,적격심사제,Y,해군군수사령부,ZD00289,해군군수사령부,ZD00289,87.995,159851450,159000000,159148000,2024-05-08,10:30:00,개찰완료,140663210,87.996,2024-05-08,오늘상사,김재희,김재희,415-13-05639,"경기도 부천시 원미구 길주로284, 2012호(중동, 신중동역헤리움메트로타워)"
SCF0434,1,전지 축전식 등 2품목 구매,물품,총액계약,제한경쟁,적격심사제,Y,해군군수사령부,ZD00289,해군군수사령부,ZD00289,87.995,57590781,57204000,52003636,2024-05-08,10:30:00,개찰완료,50677036,87.995,2024-05-08,아우파파,조세환,조세환,498-72-00408,충청남도 천안시 서북구 월봉로15-0 (쌍용동)104동104호
SCF0418,1,공기압축기 구매,물품,총액계약,제한경쟁,적격심사제,Y,해군군수사령부,ZD00289,해군군수사령부,ZD00289,87.995,8654851,8600000,8281818,2024-05-08,10:30:00,개찰완료,7616000,87.996,2024-05-08,희경,김희경,김희경,162-06-00708,"대구광역시 달서구 조암남로116, 102동 1101호(대천동, 이안 월배)"
SCF0417,1,건조오븐 구매,물품,총액계약,제한경쟁,적격심사제,Y,해군군수사령부,ZD00289,해군군수사령부,ZD00289,87.995,4731042,4700000,4763636,2024-05-08,10:30:00,개찰완료,4163800,88.01,2024-05-08,조이스툴,이나은,이나은,266-08-01279,"서울특별시 서대문구 포방터2길24, 201호(홍은동)"
SCF0425,1,압력펌프시험기 1EA 구매,물품,총액계약,제한경쟁,적격심사제,Y,해군군수사령부,ZD00289,해군군수사령부,ZD00289,87.995,13994078,14000000,14200000,2024-05-08,10:30:00,개찰완료,12314300,87.996,2024-05-08,구르미,이현아,이현아,209-17-85389,"서울특별시 강북구 오현로45 (미아동, 꿈의숲 해링턴 플레이스)106-303"
SCF0424,1,오-링 등 12종 구매,물품,총액계약,제한경쟁,적격심사제,Y,해군군수사령부,ZD00289,해군군수사령부,ZD00289,87.995,12014309,12000000,11831455,2024-05-08,10:30:00,개찰완료,10580510,88.065,2024-05-08,티케이(T.K)테크,김재욱,김재욱,440-70-00235,부산광역시 강서구 대저로3번길52-15 (대저1동)
SCF0431,1,수분검사기 구매,물품,총액계약,제한경쟁,적격심사제,Y,해군군수사령부,ZD00289,해군군수사령부,ZD00289,87.995,45718877,46000000,43327273,2024-05-08,10:30:00,개찰완료,40344130,88.243,2024-05-08,디에이치시스템 주식회사,황갑용,황갑용,822-86-02149,경상북도 경주시 동방북6길1 (동방동)
SCF0433,1,조끼 및 두건 46EA 구매,물품,총액계약,제한경쟁,적격심사제,Y,해군군수사령부,ZD00289,해군군수사령부,ZD00289,87.995,7282897,7300000,7527273,2024-05-08,10:30:00,개찰완료,6408889,87.999,2024-05-08,해오름유통,강유선,강유선,321-03-00290,"대구광역시 남구 대봉로30길12, 103동 1503호(이천동, 대봉교역 금호어울림 에듀리버)"
SCF0419,1,(긴급) 시일홀더 가스켓 등 98종,물품,총액계약,제한경쟁,적격심사제,Y,해군군수사령부,ZD00289,해군군수사령부,ZD00289,87.995,33447371,33538000,31099000,2024-05-08,10:30:00,개찰완료,29432376,87.996,2024-05-08,주식회사 경원전자,박경호,박경호,451-81-02995,"경기도 화성시 동탄지성로42-0 (반송동, 동탄시범한빛마을동탄아이파크)225동 1103호"
SCF0422,1,(긴급) 기어드라이브 윤활유펌프 등 10종,물품,총액계약,제한경쟁,적격심사제,Y,해군군수사령부,ZD00289,해군군수사령부,ZD00289,87.995,60808976,60766000,56347273,2024-05-08,10:30:00,개찰완료,53701952,88.312,2024-05-08,일용상사,권윤주,권윤주,215-42-01090,경상남도 창원시 의창구 북면 동곡로35-0 (창원무동휴먼빌아파트(2단지)) 205-804
SCF0421,1,(긴급) 밸브  스톱-체크형 등 57종,물품,총액계약,제한경쟁,적격심사제,Y,해군군수사령부,ZD00289,해군군수사령부,ZD00289,87.995,87199920,87149000,80811091,2024-05-08,10:30:00,개찰완료,76732000,87.995,2024-05-08,자야,최춘자,최춘자,144-24-00738,"경기도 고양시 덕양구 화신로233 (화정동, 옥빛마을) 1501동807호"
SCF0420,1,(긴급) 회로카드 조립체 등 57종,물품,총액계약,제한경쟁,적격심사제,Y,해군군수사령부,ZD00289,해군군수사령부,ZD00289,87.995,101638611,102241000,94805727,2024-05-08,10:30:00,개찰완료,93581100,92.072,2024-05-08,세종상사,노정래,노정래,609-08-56097,경상남도 창원시 진해구 여명로52 (여좌동)
SCF0426,1,호스 비금속제 15종 구매,물품,총액계약,제한경쟁,적격심사제,Y,해군군수사령부,ZD00289,해군군수사령부,ZD00289,87.995,49854673,50000000,47506364,2024-05-08,10:30:00,개찰완료,43999990,88.256,2024-05-08,토탈marine,허광주,허광주,878-38-00842,경상남도 창원시 마산회원구 회원동로42-1 (회원동)
SCF0440,1,PC-3000 Express upgrade kit 1종,물품,총액계약,제한경쟁,적격심사제,Y,해군군수사령부,ZD00289,해군군수사령부,ZD00289,87.995,11960349,11960000,11090909,2024-05-08,10:30:00,개찰완료,11900000,99.495,2024-05-08,(주)명정보기술,이명재,최우철,315-81-04436,충청북도 청주시 청원구 오창읍 과학산업3로 168()
SCF0430,1,부탄-프로판 혼합가스,물품,단가계약,제한경쟁,적격심사제,Y,해군군수사령부,ZD00289,해군군수사령부,ZD00289,82.995,1222,1225,396569825,2024-05-08,10:30:00,개찰완료,1025,83.883,2024-05-08,마산LPG충전소 동방도시가스,이상효,김순희,601-23-62152,경상남도 창원시 마산회원구 팔용로113-0 (합성동)
SCF0436,1,AIP산소  냉각된액체,물품,단가계약,제한경쟁,적격심사제,Y,해군군수사령부,ZD00289,해군군수사령부,ZD00289,87.995,272,269,166750000,2024-05-08,10:30:00,개찰완료,240,88.16,2024-05-08,주식회사 평화산소,이상관,박종범,612-81-50321,경상남도 거제시 연초면 연하해안로751-0
SCK0052,1,혈구계산기(자동식) 1대 구매 설치,물품,총액계약,일반경쟁,적격심사제,Y,해군교육사령부,1290330,해군교육사령부,1290330,87.995,53295086,52940000,49090909,2024-05-08,10:30:00,개찰완료,46897600,87.996,2024-05-08,가람몰,서정수,서정수,834-04-02826,"세종특별자치시  대평로80, 607동 401호(대평동, 해들마을6단지)"
UMM0517,1,24-F-전자감응식 헤드셋 2종구매(249059-F),물품,총액계약,제한경쟁,적격심사제,Y,국군재정관리단,ZD00303,국군재정관리단,ZD00303,87.995,221222629,220490000,214950700,2024-05-08,11:00:00,개찰완료,194665220,87.995,2024-05-08,더호두,엄세미,엄세미,764-32-00731,"인천광역시 서구 청마로170, 305동 1804호(당하동, 당하푸르지오)"
UMM0531,1,(247086-C) 보장구 70종 구매,물품,총액계약,일반경쟁,적격심사제,Y,국군재정관리단,ZD00303,국군재정관리단,ZD00303,82.995,694790568,693893810,674860909,2024-05-08,11:00:00,개찰완료,577602000,83.133,2024-05-08,홍익보조기,안세일,안세일,106-06-48852,서울특별시 용산구 한강대로7길18-12. 1층 (한강로3가)
UMM0506,1,24~25-F-변환기 전력용 정지형 제조,물품,총액계약,일반경쟁,적격심사제,Y,국군재정관리단,ZD00303,국군재정관리단,ZD00303,82.995,677898684,686460000,636540000,2024-05-08,11:00:00,개찰완료,593719254,87.582,2024-05-08,이화전기공업 주식회사,위종묵,주예은,215-81-04548,"서울특별시 강남구 논현로 746, 석호빌딩(논현동)"
UMM0507,1,24-N-00사령부 조경 및 제초 관리용역,용역,총액계약,일반경쟁,적격심사제,Y,국군재정관리단,ZD00303,국군재정관리단,ZD00303,87.995,275809272,275310000,255293636,2024-05-08,11:00:00,개찰완료,242947300,88.085,2024-05-08,동유주식회사,명희정,명희정,305-81-70303,대전광역시 중구 유천로33번길22 (유천동)
UMM0529,1,24-N-청수펌프 6㎥/HR 2EA 제조,물품,총액계약,제한경쟁,적격심사제,Y,국군재정관리단,ZD00303,국군재정관리단,ZD00303,87.995,70004425,69300000,66227273,2024-05-08,11:00:00,개찰완료,61630580,88.038,2024-05-08,미성엔지니어링,이희영,이희영,114-17-08314,경기도 김포시 양촌읍 황금3로7번길36-0
UMM0521,1,24-D-냉난방기 구매,물품,총액계약,제한경쟁,적격심사제,Y,국군재정관리단,ZD00303,국군재정관리단,ZD00303,87.995,87200978,87570000,81207273,2024-05-08,11:00:00,개찰완료,76732579,87.995,2024-05-09,민두웅,김민주,김민주,317-42-01004,"대전광역시 중구 대종로593번길17, 201호(선화동, 마이빌)"
UMM0534,1,(24F135-B) 24년 ASP 방화지대 구축용역(북부권),용역,총액계약,제한경쟁,적격심사제,Y,국군재정관리단,ZD00303,국군재정관리단,ZD00303,87.995,144729790,144142870,133659755,2024-05-08,11:00:00,개찰완료,127368500,88.004,2024-05-08,주식회사 수산림조경,조재성,조재성,465-87-02958,"전라남도 고흥군 고흥읍 흥양길52, 2층"
UMM0525,1,24-N-재난텐트 구매,물품,총액계약,제한경쟁,적격심사제,Y,국군재정관리단,ZD00303,국군재정관리단,ZD00303,87.995,162713674,162200000,150410909,2024-05-08,11:00:00,개찰완료,143198108,88.006,2024-05-08,커먼유니크,한인아,한인아,636-04-02580,"경기도 이천시 마장면 중앙로56, 201동 401호(이천마장리젠시빌란트더웰)"
UMM0518,1,24-F-00기지 활주로 제초용역,용역,총액계약,제한경쟁,적격심사제,Y,국군재정관리단,ZD00303,국군재정관리단,ZD00303,87.995,157299706,155960000,151099091,2024-05-08,11:00:00,개찰완료,138427800,88.002,2024-05-08,한서안전(주),서상섭,서상섭,505-81-18703,경상북도 경주시 원화로501(용강동)
UMM0489,2,(24F040-I) 24년 식자재 민간위탁 배송용역(00급양대),용역,총액계약,일반경쟁,적격심사제,Y,국군재정관리단,ZD00303,국군재정관리단,ZD00303,82.995,661050806,658485294,610595462,2024-05-08,11:00:00,개찰완료,645315588,97.619,2024-05-08,용마로지스주식회사,이종철,김성호,211-86-40630,"경기도 김포시 고촌읍 아라육로78, 2동"
UMM0535,1,(24F150-B) 군단 직할부대 제초용역,용역,총액계약,제한경쟁,적격심사제,Y,국군재정관리단,ZD00303,국군재정관리단,ZD00303,87.995,169289492,168946020,169664936,2024-05-08,11:00:00,개찰완료,148966580,87.995,2024-05-08,세림조경디자인 주식회사,지완석,변옥균,410-86-70328,"인천광역시 미추홀구 독정이로9번길56-0 (용현동), 1층 104호"
UMM0533,1,24-N-0전단 예초관리 용역,용역,총액계약,제한경쟁,적격심사제,Y,국군재정관리단,ZD00303,국군재정관리단,ZD00303,87.995,103753325,103890000,106055455,2024-05-08,11:00:00,개찰완료,91342700,88.038,2024-05-08,나무야조경주식회사,이춘미,임성종,892-88-01648,제주특별자치도 제주시 용원길30(용담이동)
UMM0532,1,24-N-공병업무지원용 드론 제조,물품,총액계약,일반경쟁,적격심사제,Y,국군재정관리단,ZD00303,국군재정관리단,ZD00303,82.995,292689332,292600000,316363636,2024-05-08,11:00:00,개찰완료,243110000,83.06,2024-05-08,주식회사 한컴인스페이스,최명진,김민재,314-86-31838,"대전광역시 유성구 엑스포로1, 12층(도룡동, 사이언스센터)"
UMM0546,1,24-N-근조화환 지원 용역,용역,총액계약,제한경쟁,적격심사제,Y,국군재정관리단,ZD00303,국군재정관리단,ZD00303,87.745,54133248,53960000,55042000,2024-05-08,11:00:00,개찰완료,47501590,87.749,2024-05-08,글로벌유통,장정화,장정화,381-14-02336,"광주광역시 서구 금화로115번길9, 203동 103호(금호동, 한국아파트)"
EBB0145,1,파노라마식 망원경,물품,총액계약,일반경쟁,적격심사제,Y,방위사업청,1690000,방위사업청,1690000,,364933893,364814000,0,2024-05-09,11:00:00,개찰완료,309650000,84.85,2024-05-09,(주)우경광학,류재복,ZHENG SHUNHUA,134-86-92369,경기도 안산시 단원구 해봉로334-0 (신길동)
EBB0146,1,K계열전차 포신 부품류(제조),물품,총액계약,일반경쟁,적격심사제,Y,방위사업청,1690000,방위사업청,1690000,,672860922,674888000,0,2024-05-09,15:00:00,개찰완료,566700000,84.222,2024-05-09,삼호정밀,김일천,김수영,622-02-60419,부산광역시 강서구 평강로217-1 (대저1동)
EBB0148,1,장갑차 부품류(어댑터  클램프 등),물품,총액계약,제한경쟁,적격심사제,Y,방위사업청,1690000,방위사업청,1690000,,41117955,40993000,0,2024-05-09,11:00:00,개찰완료,36200000,88.039,2024-05-09,환호테크,서선희,서선희,688-19-00326,부산광역시 사상구 가야대로103번길10(감전동)
LCM0024,2,24년 기술연구용역(3),용역,총액계약,2단계경쟁(동시),최저가격제,N,육군교육사령부,1290302,육군교육사령부,1290302,0,54930548,54938800,49944364,2024-05-09,13:00:00,개찰완료,38000000,69.178,2024-05-09,사단법인 미래안보산업전략연구원,박종재,정영숙,161-82-00091,서울특별시 영등포구 영등포로35길10-0 (영등포동6가) 8층 809호
LDH0451,1,(정비) 안전모 땀내피  구매,물품,총액계약,제한경쟁,적격심사제,Y,제2879부대,ZD00347,제2879부대,ZD00347,87.995,7557546,7619000,7065000,2024-05-09,13:00:00,개찰완료,6668200,88.232,2024-05-09,더퍼스트,이점선,이점선,836-09-02619,"경기도 광명시 철산로57 (철산동, 주공아파트)1323동1502호"
LDH0445,1,(일장) 다목적굴착기 저장기조립체 등 9품목 구매,물품,총액계약,제한경쟁,적격심사제,Y,제2879부대,ZD00347,제2879부대,ZD00347,87.995,22047629,22069000,20464818,2024-05-09,13:00:00,개찰완료,20260000,91.891,2024-05-09,DGI산업,백지윤,백지윤,607-16-48427,"부산광역시 동래구 차밭골로21번길36, 1층 (온천동)"
LDH0450,1,(일장) 장갑전투도자 스페이서 판형 등 19품목 구매,물품,총액계약,제한경쟁,적격심사제,Y,제2879부대,ZD00347,제2879부대,ZD00347,87.995,15989562,15895000,14739419,2024-05-09,13:00:00,개찰완료,15700000,98.189,2024-05-09,진광사,최진욱,최진욱,615-16-41032,경상남도 김해시 진영읍 진영리1611-3 중흥s클래스 119-105
LHG0021,2,생수,물품,단가계약,제한경쟁,적격심사제,Y,제1862부대,ZD00002,제1862부대,ZD00002,87.995,299,300,124384364,2024-05-09,11:00:00,개찰완료,264,88.074,2024-05-09,서울우유 춘천대리점,최승혁,최승혁,221-03-88827,"강원특별자치도 춘천시 남춘로5번길9-6, 101호 (퇴계동)"
LKD0044,1,24년 프린터 임차 용역,용역,총액계약,제한경쟁,적격심사제,Y,제32보병사단,ZD00012,제32보병사단,ZD00012,87.745,123524887,124080000,112800000,2024-05-09,11:00:00,개찰완료,108401483,87.756,2024-05-09,주식회사 와이에스제이,유수정,유수정,260-86-03243,"대전광역시 중구 동서대로1218, 7층 702호(태평동)"
LMR0027,1,24년 안전물자 세트 구매 ,물품,총액계약,제한경쟁,적격심사제,Y,제5군단사령부,ZD00009,제5군단사령부,ZD00009,82.995,254271909,253740000,230672727,2024-05-09,10:30:00,개찰완료,211035229,82.995,2024-05-10,늘푸른고기마을,최길순,최길순,222-09-47398,강원특별자치도 삼척시 청석로3길19 (교동)
LMU0022,2,재고번호미입력품목,물품,단가계약,제한경쟁,적격심사제,Y,6112부대,ZD01187,6112부대,ZD01187,82.995,1718,1715,2363012273,2024-05-09,10:30:00,개찰완료,1426,83.003,2024-05-09,(주) 한국가스산업,김동근,김동근,113-81-41892,경기도 양주시 광적면 부흥로133
LQG0041,1,(육성) 00부대 클린소독기 구매 납품,물품,총액계약,제한경쟁,적격심사제,Y,육군 52보병사단,ZD00273,육군 52보병사단,ZD00273,87.995,18727064,18612000,16920000,2024-05-09,10:30:00,개찰완료,16479210,87.996,2024-05-09,로이프,이수민,이수민,799-13-02001,"서울특별시 용산구 이촌로347, 14동 306호(서빙고동, 신동아아파트)"
MDG0139,1,재고번호미입력품목,물품,단가계약,일반경쟁,적격심사제,Y,국군의무사령부,1290291,국군의무사령부,1290291,82.995,1493,1502,312662027,2024-05-09,11:00:00,개찰완료,1252,83.856,2024-05-09,주식회사영진에너지,조진영,김경선,410-81-99747,전라남도 영광군 영광읍 천년로8길1
MHD0050,1,방위사업 원가계산 외부용역(5차),용역,총액계약,협상에의한계약(전자),협상,N,방위사업청(운영지원과),1690000,방위사업청(운영지원과),1690000,,259360000,,235781818,2024-05-09,15:00:00,개찰완료,207488000,80,2024-05-27,태경회계법인,김상운,서호성,206-86-42145,"서울특별시 강남구 테헤란로520, 2층(대치동, 삼안빌딩)"
SFC0053,4,공기청정기 필터류 제조 구매,물품,총액계약,제한경쟁,적격심사제,Y,제9691부대,ZD00152,제9691부대,ZD00152,87.995,28716110,28581300,26055000,2024-05-09,11:00:00,개찰완료,25286152,88.055,2024-05-09,주식회사 시대산업,유정열,성지옹,130-81-19532,경기도 화성시 팔탄면 석포로74번길10-49
SFG0051,1,안전장갑 등 598품목 구매,물품,총액계약,제한경쟁,적격심사제,Y,제9181부대,ZD00151,제9181부대,ZD00151,87.995,32386694,32286560,29938455,2024-05-09,10:30:00,개찰완료,28498870,87.995,2024-05-09,유진시스템,김인호,김인호,801-45-00189,"경기도 화성시 융건로182, 1층(배양동)"
UAB0031,1,24년도 체력단련장/ 골프연습장 골프연습공 제조,물품,총액계약,일반경쟁,적격심사제,Y,국군복지단,ZD00882,국군복지단,ZD00882,82.995,241988464,243199410,225512182,2024-05-09,11:00:00,개찰완료,214097796,88.474,2024-05-10,평산RT,김대연,김대연,606-16-46839,경상남도 김해시 김해대로2635번길11-28 (안동)
UMM0526,1,24-N-전기파리채 등 183종 구매,물품,총액계약,제한경쟁,적격심사제,Y,국군재정관리단,ZD00303,국군재정관리단,ZD00303,87.995,89688188,89040000,83300800,2024-05-09,11:00:00,개찰완료,78921141,87.995,2024-05-09,별하전력,최호원,최호원,852-12-01892,경기도 고양시 일산동구 백석로72번길62-0 (백석동) 지1층
UMM0459,2,24-N-발전기 50KW 4EA 제조,물품,총액계약,제한경쟁,적격심사제,Y,국군재정관리단,ZD00303,국군재정관리단,ZD00303,87.995,216225460,215680000,200000000,2024-05-09,11:00:00,개찰완료,204248000,94.46,2024-05-09,케이피브이(주),이일형,이재영,220-86-91356,경기도 광주시 초월읍 산수로590-0
UMM0542,1,(246175-D) 신앙상징물 4종 구매,물품,총액계약,제한경쟁,적격심사제,Y,국군재정관리단,ZD00303,국군재정관리단,ZD00303,87.995,57485599,57183970,53025136,2024-05-09,11:00:00,개찰완료,50584620,87.995,2024-05-09,프라임테크,전진국,전진국,119-18-71124,"경기도 시흥시 마유로226, C동 503호 (정왕동, 파인힐 오피스텔)"
UMM0541,1,(247153-D)deflate 2-layer 등 16종 구매,물품,총액계약,일반경쟁,적격심사제,Y,국군재정관리단,ZD00303,국군재정관리단,ZD00303,82.995,262803751,263552941,244385455,2024-05-09,11:00:00,개찰완료,218122050,82.998,2024-05-09,영도유통,조혜연,조혜연,680-30-00730,"경기도 안산시 단원구 다문화1길77, 5층 505호(원곡동)"
UMM0540,1,(246206-C) 투광조명(트레일러형 작업등) 세트 구매,물품,총액계약,일반경쟁,적격심사제,Y,국군재정관리단,ZD00303,국군재정관리단,ZD00303,82.995,352484801,355882352,330000000,2024-05-09,11:00:00,개찰완료,292614419,83.014,2024-05-09,(주)디테코,임해수,임해수,127-81-94985,"경기도 의정부시 범골로 128, 다다원빌딩2층(의정부동)"
UMM0538,1,(24F160-A) 영내외 직할대 민간 제초용역,용역,총액계약,제한경쟁,적격심사제,Y,국군재정관리단,ZD00303,국군재정관리단,ZD00303,87.995,76935678,76414910,70857464,2024-05-09,11:00:00,개찰완료,67700220,87.995,2024-05-09,대신조경,박영직,나송이,124-35-54556,"경기도 화성시 향남읍 배터길104-1,  2층"
DSS0017,1,IP 전화기 구매,물품,총액계약,제한경쟁,적격심사제,Y,국군제1068부대,ZD01123,국군제1068부대,ZD01123,87.995,46436465,46147200,45328400,2024-05-10,10:30:00,개찰완료,40867000,88.006,2024-05-10,주식회사 동우이앤지,김찬제,김찬제,128-86-66624,경기도 고양시 일산동구 일산로78-0 (백석동) 백석위브센티움 503호
EBB0149,1,24년 장비커버류(기동  총포  통신),물품,총액계약,제한경쟁,적격심사제,Y,방위사업청,1690000,방위사업청,1690000,,5319032117,5362893000,0,2024-05-10,11:00:00,개찰완료,4714358350,88.631,2024-05-10,주식회사 대창그랜드,정지훈,고정안,106-81-17526,경기도 안양시 동안구 시민대로109번길 24-2(호계동)
EBB0129,1,부품키트  소화기용,물품,총액계약,제한경쟁,적격심사제,Y,방위사업청,1690000,방위사업청,1690000,,26957938,26940000,0,2024-05-10,15:00:00,개찰완료,23721960,87.996,2024-05-10,에스엔더블유테크,명노헌,명노헌,606-24-47532,부산광역시 강서구 가리새2로13번길14-0 (생곡동)
EBB0128,1,터미날(축전지용),물품,총액계약,제한경쟁,적격심사제,Y,방위사업청,1690000,방위사업청,1690000,,59344138,59382000,0,2024-05-10,13:00:00,개찰완료,52244284,88.036,2024-05-10,다올,문성학,문성학,537-08-02729,경상남도 김해시 대동면 대동로417번길41-0
EBB0154,1,장갑차 부품(힌지 등),물품,총액계약,제한경쟁,적격심사제,Y,방위사업청,1690000,방위사업청,1690000,,45920077,45844000,0,2024-05-10,11:00:00,개찰완료,40471817,88.135,2024-05-10,지비아이 코리아 (GBI KOREA),박동철,표혜진,503-22-99566,"부산광역시 해운대구 센텀중앙로97-0 (재송동), 센텀스카이비즈 606호"
EBB0147,1,24년 (F-5) 키 브레이크 디스크 드라이브,물품,총액계약,일반경쟁,적격심사제,Y,방위사업청,1690000,방위사업청,1690000,,31017396,31033000,0,2024-05-10,11:00:00,개찰완료,26400000,85.113,2024-05-10,우창기계 주식회사,김운태,우성제,609-81-35829,경상남도 창원시 성산구 공단로324-21 (웅남동)
EBH0002,1,24년 부력방탄복,물품,총액계약,일반경쟁,적격심사제,Y,방위사업청,1690000,방위사업청,1690000,,184924672,184111000,0,2024-05-10,14:30:00,개찰완료,159034620,85.999,2024-05-10,주식회사 케이씨아이,장동수,최순정,130-86-47329,경기도 파주시 탄현면 방촌로879번길42-3
EPA0007,1,운고측정장비,물품,총액계약,제한경쟁,적격심사제,Y,방위사업청,1690000,방위사업청,1690000,,192538820,191100000,0,2024-05-10,11:00:00,개찰완료,188233500,97.763,2024-05-10,주식회사 웨덱스,양승구,양승구,473-87-00776,"경기도 의왕시 오봉산단3로25-0, 4층 제1동 410호 (삼동, 의왕테크노파크더리브비즈원)"
LDH0453,1,K21 밸브 선형 방향제어용 등 6종 ,물품,총액계약,제한경쟁,적격심사제,Y,제2879부대,ZD00347,제2879부대,ZD00347,87.995,85882796,86008000,79753455,2024-05-10,13:00:00,개찰완료,83427000,97.14,2024-05-10,금성특수산업,김진봉,김진봉,606-35-86453,부산광역시 사상구 광장로34 금성특수산업
LDH0454,1,K9자주포 장력장치 구매,물품,총액계약,제한경쟁,적격심사제,Y,제2879부대,ZD00347,제2879부대,ZD00347,87.995,15443257,15583000,14450067,2024-05-10,13:00:00,개찰완료,13691220,88.655,2024-05-10,에스엔더블유테크,명노헌,명노헌,606-24-47532,부산광역시 강서구 가리새2로13번길14-0 (생곡동)
LFC0039,1,24년 WHY캠페인식 정신전력 교육물품 구매,물품,총액계약,제한경쟁,적격심사제,Y,육군훈련소,ZD00010,육군훈련소,ZD00010,87.995,142969907,142771390,129792173,2024-05-10,11:00:00,개찰완료,125808800,87.996,2024-05-10,주식회사 헤움,박근호,박근호,183-81-01958,"충청남도 천안시 동남구 문암1길68 (안서동, 안서 금호 어울림)1층111호(A19)"
LGI0031,1,24년 ASP방화지대 구축용역,용역,총액계약,일반경쟁,적격심사제,Y,제3130부대,ZD01109,제3130부대,ZD01109,87.995,86060534,86374509,80092727,2024-05-10,11:00:00,개찰완료,75733500,88,2024-05-13,유한회사 남강산림개발,변준호,변준호,407-81-20185,"전라북도 남원시 광한북로 94-7(동충동, 남원산림조합 3층)"
LMR0028,1,항공전술훈련 시뮬레이터 유지보수 용역,용역,총액계약,제한경쟁,적격심사제,Y,제5군단사령부,ZD00009,제5군단사령부,ZD00009,87.745,148581220,149191430,135628573,2024-05-10,10:30:00,개찰완료,138000000,92.878,2024-05-10,(주)네비웍스,원준희,이윤상,220-81-77117,경기도 안양시 동안구 부림로170번길41-18 (관양동)
MCR0036,1,얼음 정수기 임차 용역,용역,총액계약,제한경쟁,적격심사제,Y,국방대학교,1290412,국방대학교,1290412,87.745,45303697,45360000,41236364,2024-05-10,11:00:00,개찰완료,39759490,87.762,2024-05-10,주식회사 케이앤제이,박광희,박광희,520-88-01743,"충청남도 계룡시 장안로39, 303호 (금암동)"
SFC0042,1,해병대 무인항공기 효율적 운용방안 연구,용역,총액계약,2단계경쟁(동시),최저가격제,N,제9691부대,ZD00152,제9691부대,ZD00152,0,24952401,24874753,22727273,2024-05-10,10:30:00,개찰완료,19822000,79.439,2024-05-13,한성대학교 산학협력단,이정훈,심지민,209-82-08319,서울특별시 성북구 삼선교로16길116-0 (삼선동2가)
UMM0510,2,(247117-D) 의약품(마약류) 13품목 구매,물품,총액계약,제한경쟁,적격심사제,Y,국군재정관리단,ZD00303,국군재정관리단,ZD00303,87.995,53445321,52924150,51183773,2024-05-10,11:00:00,개찰완료,52200000,97.669,2024-05-10,주식회사 한서팜,김수현,김수현,322-81-01612,"경기도 성남시 분당구 매화로48번길8-1, 102호 (야탑동)"
UMM0549,1,(246186-E) 육군표창장 표지 제조납품,물품,총액계약,제한경쟁,적격심사제,Y,국군재정관리단,ZD00303,국군재정관리단,ZD00303,87.995,328017860,329305150,305355691,2024-05-10,11:00:00,개찰완료,288691210,88.01,2024-05-10,주식회사 한일기획,황명순,이석종,303-81-71626,충청북도 충주시 목행초길7-0 (목행동)  2층
UMM0550,1,(24F173-A) 제초용역,용역,총액계약,제한경쟁,적격심사제,Y,국군재정관리단,ZD00303,국군재정관리단,ZD00303,87.995,103374212,103320480,98727000,2024-05-10,11:00:00,개찰완료,90964588,87.995,2024-05-10,주식회사 사계절조경,김영숙,김영숙,591-81-02541,충청북도 충주시 연원1길27-0 (연수동)
UMM0555,1,(246047-B) 155밀리 8호 추진장약포 제조,물품,총액계약,일반경쟁,적격심사제,Y,국군재정관리단,ZD00303,국군재정관리단,ZD00303,82.995,574602508,576311270,534397727,2024-05-10,11:00:00,개찰완료,502865000,87.515,2024-05-10,주식회사자연,이관섭,이관섭,126-81-99861,경기도 광주시 도척면 다람로36번길45-13
HCG0012,1,24년 국한문 혼용 공군 역사서 한글화 연구용역,용역,총액계약,2단계경쟁(동시),최저가격제,N,공군본부,1290339,공군본부,1290339,0,34055780,33760784,31305455,2024-05-13,11:00:00,개찰완료,32000000,93.963,2024-05-13,해동청역사문화연구소,이형걸,이형걸,879-46-00817,"서울특별시 구로구 경인로643 (신도림동, 신도림2차동아아파트) 203-602"
HCM0025,1,기본군사훈련단 식당 급식 민간위탁 운영,용역,총액계약,협상에의한계약(서류),협상,N,공군교육사령부,ZD00172,공군교육사령부,ZD00172,,34818750000,,31653409091,2024-05-13,13:00:00,개찰완료,34818750000,100,2024-05-30,푸디스트 주식회사,박정훈,김세훈,711-81-01637,서울특별시 용산구 청파로363(서계동)
LBB0012,2,24년  정비피복 제조 구매,물품,총액계약,2단계경쟁(동시),최저가격제,N,육군제7789부대,ZD00074,육군제7789부대,ZD00074,0,151646939,151131372,140140000,2024-05-13,17:30:00,개찰완료,148860000,98.162,2024-05-14,사단법인 강동장애인협회 동행,최경하,김태중,321-82-00640,"경기도 성남시 중원구 사기막골로124, 비즈동 B401-2호(상대원동, SKn테크노파크)"
LCG0029,1,[24-육-85] 무기체계별 EMP방호기술 적용방안 연구,용역,총액계약,협상에의한계약(전자),협상,N,육군본부,1290298,육군본부,1290298,0,48259694,47962000,43601818,2024-05-13,13:00:00,개찰완료,38370000,79.507,2024-06-03,(사)21세기군사연구소,김진욱,박계향,108-82-05061,"서울특별시 금천구 가산디지털2로184, 10층 1017호(가산동, 벽산디지털밸리2차)"
LCG0028,1,[24-육-84] 탄약부대 경계병력 민간전환 선결 연구,용역,총액계약,협상에의한계약(전자),협상,N,육군본부,1290298,육군본부,1290298,0,35616822,35522000,32292727,2024-05-13,13:00:00,개찰완료,32100000,90.125,2024-05-22,주식회사 안보기술연구원,경상현,경상현,741-87-01038,"경기도 안양시 만안구 만안로49,1303호(안양동, 호정타워)"
LGT0043,2,24년 제초용역,용역,총액계약,제한경쟁,적격심사제,Y,제2307부대,ZD00001,제2307부대,ZD00001,87.995,183163806,183547100,166861000,2024-05-13,10:30:00,개찰완료,161309250,88.068,2024-05-13,주식회사 대원조경건설,심재희,심재희,410-86-30914,강원특별자치도 춘천시 스무숲1길46-0 (석사동)
MCS0062,1,품안마을 노후 도배  장판 설치 납품,물품,총액계약,제한경쟁,적격심사제,Y,계룡대근무지원단,1290286,계룡대근무지원단,1290286,82.995,150636019,150712940,139752000,2024-05-13,11:00:00,개찰완료,125069321,83.027,2024-05-13,주식회사 씨에이파트너스,박홍주,김윤덕,312-86-60583,"충청남도 천안시 서북구 불당22대로92, 605호(불당동)"
MDJ0041,1,24년 의료기재(치과재료) 연간계약,물품,총액계약,일반경쟁,적격심사제,Y,국군대전병원,ZD00241,국군대전병원,ZD00241,87.995,144642391,144147820,133664364,2024-05-13,10:30:00,개찰완료,127280000,87.996,2024-05-13,제이투상사,김경미,김경미,460-02-01980,"경기도 남양주시 다산중앙로82번길12 (다산동, 다산자연앤e편한세상3차)5309-1903호"
MDJ0040,1,의료기재(일반 수술재료) 연간계약,물품,총액계약,일반경쟁,적격심사제,Y,국군대전병원,ZD00241,국군대전병원,ZD00241,87.995,105050484,104997960,97361764,2024-05-13,10:30:00,개찰완료,92439240,87.995,2024-05-13,윤희무역,강준길,강준길,633-29-01299,"경기도 고양시 일산동구 탄중로398, 805동 302호(중산동, 중산마을8단지아파트)"
MDJ0039,1,장비운영소모품(수술장비) 연간계약,물품,총액계약,일반경쟁,적격심사제,Y,국군대전병원,ZD00241,국군대전병원,ZD00241,87.995,124464148,123952330,114937636,2024-05-13,10:30:00,개찰완료,109527876,87.999,2024-05-13,삼일앨엔에스,손용익,손용익,602-18-64668,"경기도 안양시 동안구 관악대로249번길11, 2층 201호 (비산동)"
MDJ0038,1,장비운영소모품 병리장비(3) 연간계약,물품,총액계약,일반경쟁,적격심사제,Y,국군대전병원,ZD00241,국군대전병원,ZD00241,87.995,111308060,111479390,103371818,2024-05-13,10:30:00,개찰완료,97946692,87.996,2024-05-13,에이티아이,안태일,안태일,541-46-00886,"인천광역시 부평구 세월천로101, 703호(청천동, 그랜드뷰)"
MDJ0037,1,장비운영소모품 병리장비(2) 연간계약,물품,총액계약,일반경쟁,적격심사제,Y,국군대전병원,ZD00241,국군대전병원,ZD00241,87.995,112057811,111364680,103265455,2024-05-13,10:30:00,개찰완료,98605861,87.995,2024-05-13,성공물산,홍인남,홍인남,591-26-01470,충청남도 천안시 서북구 두정중3길43-1 (두정동)
MDJ0036,1,장비운영소모품(병리장비(1) 연간계약,물품,총액계약,일반경쟁,적격심사제,Y,국군대전병원,ZD00241,국군대전병원,ZD00241,87.995,147973336,148119580,137347273,2024-05-13,10:30:00,개찰완료,130209181,87.995,2024-05-13,주식회사 디앤피,정의인,정의인,863-87-02676,대구광역시 달성군 하빈면 하빈로77길39
MDJ0035,1,의약품 320종 연간계약,물품,총액계약,일반경쟁,적격심사제,Y,국군대전병원,ZD00241,국군대전병원,ZD00241,82.995,418313556,416371120,386089655,2024-05-13,10:30:00,개찰완료,347364160,83.039,2024-05-13,주식회사동부약품,이희구,이성우,122-81-93211,인천광역시 부평구 부흥북로117번길 12(주)동부약품
SFC0055,1,24-M-비궁 밑 SPIKE 해상사격표적기 제작 사업,물품,총액계약,제한경쟁,적격심사제,Y,제9691부대,ZD00152,제9691부대,ZD00152,87.995,195806703,196078050,181817836,2024-05-13,11:00:00,개찰완료,172362000,88.026,2024-05-13,미래테크,안찬호,안찬호,432-12-02246,"경기도 남양주시 순화궁로249, 5층 N514호(별내동, 별내역 파라곤스퀘어)"
MHD0107,3,함정 개조·개장 사업의 관급보험 도입방안 연구,용역,총액계약,협상에의한계약(전자),협상,N,방위사업청(운영지원과),1690000,방위사업청(운영지원과),1690000,,60005000,,54550000,2024-05-14,15:00:00,개찰완료,50000000,83.326,2024-07-02,호원대학교 산학협력단,정의붕,배미선,401-82-06673,"전북특별자치도 군산시 임피면 호원대3길 64,"
EBB0130,1,덮개  사령관 지휘소 지붕용,물품,총액계약,제한경쟁,적격심사제,Y,방위사업청,1690000,방위사업청,1690000,,1660459856,1654899000,0,2024-05-14,14:00:00,개찰완료,1466206999,88.301,2024-05-14,삼덕상공(주),김권기,구자홍,104-81-00766,서울특별시 중구 퇴계로12길 49(회현동1가)
EBH0006,1,정비키트  어뢰용 (제조),물품,총액계약,일반경쟁,적격심사제,Y,방위사업청,1690000,방위사업청,1690000,,559944336,562076000,0,2024-05-14,11:00:00,개찰완료,479000000,85.544,2024-05-14,MRO Tech(엠알오텍),안기수,안기수,244-52-00405,"대구광역시 북구 영송로15, 2층 6210호 (태전동, 대구보건대학교 복지관)"
HCF0110,2,여군 하이힐 제조,물품,총액계약,제한경쟁,적격심사제,Y,공군군수사령부,ZD00306,공군군수사령부,ZD00306,87.995,35685294,35750000,33150000,2024-05-14,10:30:00,개찰완료,31409000,88.016,2024-05-14,(주)한양어패럴,심홍규,김병호,113-86-80570,서울특별시 구로구 경인로53길90-0  1108호(구로동)
HCF0111,2,24-H-12 산탄총  12게이지  조수퇴치용,물품,총액계약,제한경쟁,적격심사제,Y,공군군수사령부,ZD00306,공군군수사령부,ZD00306,87.995,31475823,31705882,29400000,2024-05-14,10:30:00,개찰완료,28447000,90.377,2024-05-14,심산물산,이관재,이관재,215-14-54110,"서울특별시 송파구 백제고분로36길8, 2층 201호(석촌동, 고암빌딩)"
HCF0119,1,24-H-28 다중계기,물품,총액계약,제한경쟁,적격심사제,Y,공군군수사령부,ZD00306,공군군수사령부,ZD00306,87.995,47423640,47655882,44190000,2024-05-14,10:30:00,개찰완료,46226200,97.475,2024-05-14,주식회사 가이던트,이태호,이태호,251-81-00422,"대구광역시 수성구 알파시티1로160 (대흥동), 6층 604호,605호"
HCF0121,1,기어용 윤활유 구매,물품,총액계약,제한경쟁,적격심사제,Y,공군군수사령부,ZD00306,공군군수사령부,ZD00306,87.995,39413412,39150000,36302727,2024-05-14,10:30:00,개찰완료,34681900,87.995,2024-05-14,함초롬,최홍석,최홍석,748-12-01292,"충청남도 아산시 탕정면 선문로221번길70, 406호"
HCQ0031,1,24-052 탐지기 등 1종,물품,총액계약,제한경쟁,적격심사제,Y,공군제5공중기동비행단,ZD00193,공군제5공중기동비행단,ZD00193,87.995,99339308,99647050,92400000,2024-05-14,11:00:00,개찰완료,87413680,87.995,2024-05-21,엘유통,차다얼,차다얼,475-05-02871,"경기도 김포시 고촌읍 장차로31, 101동 408호(길훈2차아파트)"
HDQ0043,1,24-지정폐기물 위탁처리 용역,용역,총액계약,일반경쟁,적격심사제,Y,제20전투비행단,ZD00161,제20전투비행단,ZD00161,84.245,43725999,43654901,40480000,2024-05-14,11:00:00,개찰완료,36846000,84.265,2024-05-14,(주)동양환경,채상협,심민기,306-81-15434,대전광역시 대덕구 문평동로48번길 125(문평동)
LCF0174,1,오-링 등 92항목 제조(궤도 제조-006),물품,총액계약,제한경쟁,적격심사제,Y,육군군수사령부,1290307,육군군수사령부,1290307,87.995,180750411,179591953,163265412,2024-05-14,11:30:00,개찰완료,159643600,88.322,2024-05-14,이든산업,박용철,박용철,297-16-00624,부산광역시 강서구 호계로57번길20-0 (죽동동)
LCF0148,2,가열기 차량용 객실용 등 2항목 제조(궤도010),물품,총액계약,제한경쟁,적격심사제,Y,육군군수사령부,1290307,육군군수사령부,1290307,87.995,241162430,240210000,218372727,2024-05-14,11:30:00,개찰완료,212250651,88.011,2024-05-14,주식회사 엔미디어솔루션,조윤규,김정언,119-86-53412,"인천광역시 계양구 계산새로71, 비동 310호(계산동, 하이베라스)"
LCF0155,1,원추형 풍속기 등 3항목 구매(물자),물품,총액계약,제한경쟁,적격심사제,Y,육군군수사령부,1290307,육군군수사령부,1290307,87.995,49010988,49105700,45361273,2024-05-14,11:30:00,개찰완료,43127320,87.995,2024-05-14,주식회사 만상,장영화,장영화,783-81-03324,"경기도 평택시 고덕중앙로322, 412-17호(고덕동, 에이스에스타워)"
LCH0029,1,제초관리 용역(특-24-용-18),용역,총액계약,제한경쟁,적격심사제,Y,특수전사령부,ZD00055,특수전사령부,ZD00055,87.745,112976162,112093000,101902727,2024-05-14,10:30:00,개찰완료,99132600,87.746,2024-05-14,주식회사 고려원,이수희,한영수,204-81-85667,"경기도 성남시 수정구 위례서일로26. 1102호(창곡동, 라크리움)"
LDH0455,1,24-7차 정비용 장비 부품 구매,물품,총액계약,제한경쟁,적격심사제,Y,제2879부대,ZD00347,제2879부대,ZD00347,87.995,18691130,18794000,17427727,2024-05-14,13:00:00,개찰완료,16505080,88.304,2024-05-14,신동하이텍,이동열,이동열,609-22-36364,경상남도 창원시 마산회원구 봉암공단2길22-5 (봉암동)
LFC0041,1,24년 중대강의장 책상  의자 제조 계약,물품,총액계약,제한경쟁,적격심사제,Y,육군훈련소,ZD00010,육군훈련소,ZD00010,87.995,156646058,154800000,140727273,2024-05-14,11:00:00,개찰완료,138295000,88.285,2024-05-14,주식회사 금성강철,김성곤,김성곤,128-81-37177,경기도 고양시 일산동구 견달산로225번길 74()
LNG0022,2,[예비군] 야간투시경 제조 구매,물품,총액계약,제한경쟁,적격심사제,Y,육군 제1군단,ZD00275,육군 제1군단,ZD00275,87.995,70193724,70098039,65000000,2024-05-14,10:30:00,개찰완료,62500000,89.039,2024-05-14,한백항공(주),황인규,황인규,314-86-31842,"서울특별시 구로구 경인로53길90, 615호(구로동, 에스티엑스 더블유 타워)"
LPC0017,1,24년 공기청정기 필터 제조 구매,물품,총액계약,제한경쟁,적격심사제,Y,제25보병사단,ZD00029,제25보병사단,ZD00029,87.995,93003032,92834500,84395000,2024-05-14,11:00:00,개찰완료,81863600,88.022,2024-05-14,(주)조은필텍,이정숙,김태형,628-87-01230,부산광역시 강서구 녹산산단361로42-0 (송정동)
MCS0063,1,2024 복지회관 식자재 구매(축산물),물품,총액계약,일반경쟁,적격심사제,Y,계룡대근무지원단,1290286,계룡대근무지원단,1290286,87.995,110649882,110492740,102456909,2024-05-14,10:30:00,개찰완료,97907616,88.484,2024-05-20,(주)씨엘에스푸드,장지혜,장지혜,142-86-01419,부산광역시 강서구 명지오션시티8로10-5 (명지동)
MDR0020,1,전차.장갑차 관통시험 360 파노라마 촬영제작,용역,총액계약,제한경쟁,적격심사제,Y,제9965부대,ZD00075,제9965부대,ZD00075,87.995,43202855,43240000,40100000,2024-05-14,10:30:00,개찰완료,39600000,91.66,2024-05-14,프라임파노라마,정현철,정현철,450-77-00022,경기도 안양시 동안구 시민대로327번길11-41 (관양동) 디지털콘텐츠기업 성장지원센터 505호
SCF0308,2,스위치  액체 수평기용 등 4종 구매,물품,총액계약,제한경쟁,적격심사제,Y,해군군수사령부,ZD00289,해군군수사령부,ZD00289,87.995,36180807,36000000,33500000,2024-05-14,10:30:00,개찰완료,35900000,99.223,2024-05-14,주식회사 에코비투,하영임,현동윤,110-86-05795,"경기도 고양시 덕양구 삼원로73, 721호(원흥동, 원흥한일윈스타)"
SCF0446,1,절단기  케이블용  기뢰용 등 4종 구매,물품,총액계약,제한경쟁,적격심사제,Y,해군군수사령부,ZD00289,해군군수사령부,ZD00289,87.995,7319222,7300000,6792000,2024-05-14,10:30:00,개찰완료,6444000,88.042,2024-05-14,토탈marine,허광주,허광주,878-38-00842,경상남도 창원시 마산회원구 회원동로42-1 (회원동)
SCF0447,1,폐기관 단열재 등 18종 구매,물품,총액계약,제한경쟁,적격심사제,Y,해군군수사령부,ZD00289,해군군수사령부,ZD00289,87.995,127293609,127000000,117826364,2024-05-14,10:30:00,개찰완료,112020350,88.001,2024-05-14,주식회사 서원아이엔,이준한,이준한,504-86-18364,대구광역시 남구 현충로7길109-5 (대명동)
SCF0445,1,개스킷 등 20종 구매,물품,총액계약,제한경쟁,적격심사제,Y,해군군수사령부,ZD00289,해군군수사령부,ZD00289,87.995,7288882,7300000,6830302,2024-05-14,10:30:00,개찰완료,6423630,88.129,2024-05-14,도하테크,이은선,이은선,480-27-01672,부산광역시 강서구 대저로3번길52-15 (대저1동)
SCF0449,1,슬링 원형 등 3종 구매,물품,총액계약,제한경쟁,적격심사제,Y,해군군수사령부,ZD00289,해군군수사령부,ZD00289,87.995,54851518,55000000,51854545,2024-05-14,10:30:00,개찰완료,48266690,87.995,2024-05-14,두리 [dulu],이학현,이학현,355-30-00644,경기도 평택시 포승읍 서동대로597
SCF0452,1,K급 소화기 1종 제조,물품,총액계약,제한경쟁,적격심사제,Y,해군군수사령부,ZD00289,해군군수사령부,ZD00289,87.995,3293269,3300000,3133718,2024-05-14,10:30:00,개찰완료,2917890,88.601,2024-05-14,(주)한국소방기구제작소,정수현,박미화,503-81-11626,대구광역시 서구 평리로29길 33()
SCF0444,1,흄 후드 구매,물품,총액계약,제한경쟁,적격심사제,Y,해군군수사령부,ZD00289,해군군수사령부,ZD00289,87.995,6988975,7000000,7054545,2024-05-14,10:30:00,개찰완료,6467600,92.54,2024-05-14,주식회사 신영엘에스티,이대식,이대식,146-81-00848,경기도 파주시 광탄면 진지로41-0
SCF0451,1,목재내면연마기 1EA 구매,물품,총액계약,제한경쟁,적격심사제,Y,해군군수사령부,ZD00289,해군군수사령부,ZD00289,87.995,3002526,3000000,2863636,2024-05-14,10:30:00,개찰완료,2642120,87.996,2024-05-14,시나브로,김석환,김석환,196-26-01260,"경상북도 포항시 북구 새천년대로1235, 108동 3103호(장성동, 두산위브더제니스)"
SCF0453,1,필터 엘리먼트  유체용 등 4종 구매,물품,총액계약,제한경쟁,적격심사제,Y,해군군수사령부,ZD00289,해군군수사령부,ZD00289,87.995,29041684,29000000,31409091,2024-05-14,10:30:00,개찰완료,25557000,88.001,2024-05-14,대성물류,김성대,김성대,267-62-00241,"경기도 평택시 중앙2로13-0 (평택동, 센텀스카이빌딩)"
SCF0455,1,24년 수중탐색음탐기 5종 유지보수 정비,물품,총액계약,일반경쟁,적격심사제,Y,해군군수사령부,ZD00289,해군군수사령부,ZD00289,82.995,552454505,556000000,516262727,2024-05-14,10:30:00,개찰완료,519860000,94.1,2024-05-14,소나테크주식회사,박승수,윤영종,602-81-19250,"부산광역시 남구 황령대로353번길9-37 (대연동, 소나테크)"
SCF0448,1,(긴급) 밸브  앵글형 등 41종,물품,총액계약,제한경쟁,적격심사제,Y,해군군수사령부,ZD00289,해군군수사령부,ZD00289,87.995,170660637,168506000,156251400,2024-05-14,10:30:00,개찰완료,150176577,87.997,2024-05-14,바이뚜,박수하,박수하,185-09-02506,전라남도 장성군 장성읍 매화1길7 (그랜드센트럴장성) 505호
SCF0461,1,(긴급)조종간 자료입력용 등 3종,물품,총액계약,제한경쟁,적격심사제,Y,해군군수사령부,ZD00289,해군군수사령부,ZD00289,87.995,19568798,19525000,18105364,2024-05-14,10:30:00,개찰완료,17221039,88.002,2024-05-14,지그인더스트리,신종현,신종현,675-37-00815,인천광역시 연수구 원인재로212 (연수동)
SCF0450,1,(긴급) 스위치  압력식 등 39종,물품,총액계약,제한경쟁,적격심사제,Y,해군군수사령부,ZD00289,해군군수사령부,ZD00289,87.995,42262091,41867000,38822273,2024-05-14,10:30:00,개찰완료,38516500,91.137,2024-05-14,에이스상사,김일천,김일천,585-51-00954,"부산광역시 사하구 다대로339, 1914호(장림동, 극동정림아파트)"
SCF0460,1,24년 전지 축전식[ES2.912] 705EA 구매,물품,총액계약,제한경쟁,적격심사제,Y,해군군수사령부,ZD00289,해군군수사령부,ZD00289,87.995,12046565,12000000,11280000,2024-05-14,10:30:00,개찰완료,10600402,87.995,2024-05-14,존슨컴퍼니,문종수,문종수,826-09-02359,"부산광역시 부산진구 가야대로538, 101동 31층 3호(가야동, 가야롯데캐슬골드아너)"
SCF0457,1,적색 불꽃 신호 등 3종 구매,물품,총액계약,제한경쟁,적격심사제,Y,해군군수사령부,ZD00289,해군군수사령부,ZD00289,87.995,150181591,151000000,140228636,2024-05-14,10:30:00,개찰완료,144960000,96.523,2024-05-14,고려화공 주식회사,조영준,박재윤,603-81-10704,"부산광역시 서구 충무대로264, 8층 (충무동1가, 우양빌딩)"
SFC0057,1,24-해병-전산운영용품(314품목) 구매,물품,총액계약,일반경쟁,적격심사제,Y,제9691부대,ZD00152,제9691부대,ZD00152,82.995,396200849,396688680,360743418,2024-05-14,10:30:00,개찰완료,328850948,83.001,2024-05-14,대박나라,신선옥,신선옥,693-02-03216,"인천광역시 미추홀구 소성로120, 101동 704호(학익동)"
SFC0056,1,자격휘장(상륙기습특공 철제 등 20품목) 구매,물품,총액계약,제한경쟁,적격심사제,Y,제9691부대,ZD00152,제9691부대,ZD00152,87.995,49083682,49082000,44720000,2024-05-14,10:30:00,개찰완료,43191217,87.995,2024-05-14,행복전달소,최봉준,최봉준,192-10-02233,"광주광역시 서구 상무버들로40번길14 (유촌동, 상무버들마을1주공아파트)112-803"
SFN0042,1,비상수원 식수 구매 납품,물품,총액계약,제한경쟁,적격심사제,Y,연평부대,ZD00160,연평부대,ZD00160,87.995,129193264,129952940,120501818,2024-05-14,10:30:00,개찰완료,113859570,88.131,2024-05-14,우보유통,김봉준,김봉준,855-49-00656,"인천광역시 중구 연안부두로107번길34, 2동 2층 2호 (항동7가)"
UMM0559,1,(24F089-I) 24년 승진과학화훈련장 관리 민간위탁,용역,총액계약,제한경쟁,적격심사제,Y,국군재정관리단,ZD00303,국군재정관리단,ZD00303,87.995,78480995,78063725,72386364,2024-05-14,11:00:00,개찰완료,69061600,87.997,2024-05-14,남양산업,김창석,김창석,132-26-35577,경기도 남양주시 금곡동664-2
UMM0560,1,(24F112-A) 조경관리 용역,용역,총액계약,제한경쟁,적격심사제,Y,국군재정관리단,ZD00303,국군재정관리단,ZD00303,87.995,143924020,144671590,138457273,2024-05-14,11:00:00,개찰완료,126646100,87.995,2024-05-14,태석건설 주식회사,권기석,권민주,514-81-46635,대구광역시 달성군 화원읍 류목정길47
UMM0504,1,(247124-F) 임플란트3 구매,물품,총액계약,제한경쟁,적격심사제,Y,국군재정관리단,ZD00303,국군재정관리단,ZD00303,87.995,90145437,89912200,142780909,2024-05-14,11:00:00,개찰완료,81000000,89.854,2024-05-14,주식회사 매직케어,이석호,이석호,833-87-00740,"인천광역시 남동구 논고개로123번길35, 1동 9층 901호(논현동, 칼리오페)"
UMM0361,2,24-F-현상 유니트 X-선 필름용 구매 (249034-F),물품,총액계약,일반경쟁,적격심사제,Y,국군재정관리단,ZD00303,국군재정관리단,ZD00303,82.995,552067999,552000000,511854545,2024-05-14,11:00:00,개찰완료,507650000,91.954,2024-05-14,나우주식회사,정대혁,이진희,220-81-60635,"경기도 성남시 중원구 둔촌대로388, 410호 (상대원동, 크란츠 테크노)"
UMM0569,1,(246191-F) 무공훈장 제조,물품,총액계약,일반경쟁,적격심사제,Y,국군재정관리단,ZD00303,국군재정관리단,ZD00303,82.995,844864231,842811760,781516364,2024-05-14,11:00:00,개찰완료,702860870,83.192,2024-05-14,주식회사 흥선,김용기,설정근,134-81-03575,"경기도 안산시 단원구 만해로169번길28, 603블럭 11-1호 (신길동, 반월공단)"
UMM0552,1,24-N-고강도콘크리트말뚝 2종 제조,물품,총액계약,제한경쟁,적격심사제,Y,국군재정관리단,ZD00303,국군재정관리단,ZD00303,87.995,135113419,134710000,124916500,2024-05-14,11:00:00,개찰완료,121682220,90.059,2024-05-14,주식회사 금산씨알에이,김재우,오승환,712-81-01950,전북특별자치도 김제시 금산면 금평로281-177
UMM0564,1,(24F111-I) 24년 폐리튬 전지 위탁처리 용역,용역,총액계약,일반경쟁,적격심사제,Y,국군재정관리단,ZD00303,국군재정관리단,ZD00303,85.495,283035129,285735294,264954545,2024-05-14,11:00:00,개찰완료,245803984,86.845,2024-05-14,(주)에스쓰리알,서종현,임유진,403-81-48385,인천광역시 남동구 음실서로66-0 (운연동)
UMM0562,1,(24G017-H)24년 합동전쟁실습장비 임차용역,용역,총액계약,제한경쟁,적격심사제,Y,국군재정관리단,ZD00303,국군재정관리단,ZD00303,87.745,127096152,128405500,119176809,2024-05-14,11:00:00,개찰완료,112002981,88.124,2024-05-14,소성정보기술 주식회사,김금남,김금남,201-86-03701,서울특별시 구로구 공원로11길 33(구로동)
UMM0567,1,(24F122-A) ASP 방화지대 구축 용역,용역,총액계약,제한경쟁,적격심사제,Y,국군재정관리단,ZD00303,국군재정관리단,ZD00303,87.995,192037517,192217350,190763991,2024-05-14,11:00:00,개찰완료,169160200,88.087,2024-05-14,화성수원오산산림조합,최만식,이정현,124-82-01112,경기도 화성시 동탄순환대로127-23 (산척동)  208호
LCF0180,1,견인치료기경요추용 등 11항목 구매(의무),물품,총액계약,제한경쟁,적격심사제,Y,육군군수사령부,1290307,육군군수사령부,1290307,87.995,41124207,40816000,37105455,2024-05-16,16:00:00,개찰완료,36189360,88,2024-05-16,피앤에스글로벌주식회사,최진희,최진희,334-86-01245,경기도 의정부시 둔야로45번길11 (의정부동)
LCF0181,1,초음파치료기 등 14항목 구매(의무),물품,총액계약,제한경쟁,적격심사제,Y,육군군수사령부,1290307,육군군수사령부,1290307,87.995,36812260,36988000,33625455,2024-05-16,16:00:00,개찰완료,32394600,87.999,2024-05-16,주식회사보승글로벌,위나영,위나영,266-88-00200,"경상남도 창원시 진해구 웅동로162-0, 105동 501호(두동, 청안해오름아파트)"
LCF0177,1,배선장치 등 8항목 일반제조(특무),물품,총액계약,제한경쟁,적격심사제,Y,육군군수사령부,1290307,육군군수사령부,1290307,87.995,156462240,155205540,141095945,2024-05-16,15:30:00,개찰완료,138130000,88.283,2024-05-16,석산전자 주식회사,진희영,진희영,123-81-69617,"경기도 의왕시 오전공업길22, 201호(오전동, 동영벤처스텔)"
LCF0190,1,[용역-2] 무인경계시스템 유지보수용역,용역,총액계약,제한경쟁,적격심사제,Y,육군군수사령부,1290307,육군군수사령부,1290307,87.745,88582165,88475770,80432518,2024-05-16,15:30:00,개찰완료,77882570,87.921,2024-05-16,주식회사 피에스정보,정효상,변정옥,604-86-01479,대전광역시 중구 목중로16번길46-0 (중촌동)
LDH0476,1,총포/특무 고정나사 등 22종 구매,물품,총액계약,제한경쟁,적격심사제,Y,제2879부대,ZD00347,제2879부대,ZD00347,87.995,6318860,6318000,5858509,2024-05-16,17:00:00,개찰완료,5570747,88.16,2024-05-19,다연테크,홍다연,홍다연,279-16-02212,"부산광역시 부산진구 동평로218, 104동 8층 802호(부암동, 일동미라주 아파트)"
LDH0483,1,통신 회로카드조립체 1종 구매,물품,총액계약,제한경쟁,적격심사제,Y,제2879부대,ZD00347,제2879부대,ZD00347,87.995,38225734,38279000,35495436,2024-05-16,17:00:00,개찰완료,33637083,87.995,2024-05-19,창원,박은미,박은미,726-26-01722,"경기도 평택시 중앙로29, 5층 551호(통복동, 오피스밸리)"
LDH0459,1,(기동) T형관 파이프 및 튜브연결용 등 7종 구매,물품,총액계약,제한경쟁,적격심사제,Y,제2879부대,ZD00347,제2879부대,ZD00347,87.995,4826985,4836000,4484907,2024-05-16,16:00:00,개찰완료,4261967,88.294,2024-05-17,대림엠텍,김부경,김부경,424-01-02536,경상남도 김해시 진례면 테크노밸리로36
LDH0463,1,K77지휘차 나사 등 21종 구매,물품,총액계약,제한경쟁,적격심사제,Y,제2879부대,ZD00347,제2879부대,ZD00347,87.995,11507185,11514000,10676715,2024-05-16,17:00:00,개찰완료,10146500,88.175,2024-05-19,주안산업,강선자,강선자,885-22-01630,"경상남도 창원시 의창구 반계로104-9 (팔용동, 팔용벽산블루밍A단지)206-505"
LDH0465,1,K77지휘차 베어링 등 5종 구매,물품,총액계약,제한경쟁,적격심사제,Y,제2879부대,ZD00347,제2879부대,ZD00347,87.995,23172166,23029000,21354549,2024-05-16,17:00:00,개찰완료,23000000,99.257,2024-05-19,덕산베아링,신복승,박준배,605-01-99630,부산광역시 부산진구 서전로9번길 38()
LDH0469,1,K77지휘차 튜브류 등 8종 구매,물품,총액계약,제한경쟁,적격심사제,Y,제2879부대,ZD00347,제2879부대,ZD00347,87.995,11236346,11212000,10397001,2024-05-16,17:00:00,개찰완료,9912300,88.216,2024-05-19,삼강운수,정광필,정광필,622-01-59671,부산광역시 중구 충장대로9번길20 (중앙동4가) 701호
LDH0470,1,K77지휘차 호스류 등 16종 구매,물품,총액계약,제한경쟁,적격심사제,Y,제2879부대,ZD00347,제2879부대,ZD00347,87.995,21780862,21656000,20081645,2024-05-16,17:00:00,개찰완료,19261100,88.431,2024-05-19,이든산업,박용철,박용철,297-16-00624,부산광역시 강서구 호계로57번길20-0 (죽동동)
SCF0416,1,스톱워치 등 3종 구매,물품,총액계약,제한경쟁,적격심사제,Y,해군군수사령부,ZD00289,해군군수사령부,ZD00289,87.995,46049705,46000000,42944788,2024-05-16,15:30:00,개찰완료,40521980,87.996,2024-05-16,신라통상,김대성,김대성,504-07-47485,대구광역시 서구 통학로40길6-0 (평리동)
SCF0466,1,(긴급)수전용 플러그 등 4종,물품,총액계약,제한경쟁,적격심사제,Y,해군군수사령부,ZD00289,해군군수사령부,ZD00289,87.995,7046904,7064000,7458273,2024-05-16,15:30:00,개찰완료,6463560,91.721,2024-05-16,세종상사,노정래,노정래,609-08-56097,경상남도 창원시 진해구 여명로52 (여좌동)
SCK0057,1,24-00사 제초/조경 관리 용역,용역,총액계약,제한경쟁,적격심사제,Y,해군교육사령부,1290330,해군교육사령부,1290330,87.995,141553428,140150000,130010000,2024-05-16,15:30:00,개찰완료,124671690,88.073,2024-05-16,(주)우리조경개발,배이선,배이선,613-81-47396,"경상남도 진주시 숙호산로42-5 (이현동) 상가동동 1층 3호(이현동, 진주그린빌라)"
SCR0057,1,24~27 간부숙소 TV 및 인터넷 서비스 용역,용역,총액계약,제한경쟁,적격심사제,Y,해군제3함대사령부,ZD00155,해군제3함대사령부,ZD00155,87.745,131039334,130640000,121154400,2024-05-16,15:30:00,개찰완료,116244000,88.709,2024-05-16,주식회사 엘지헬로비전,송구영,강동진,117-81-13423,"서울특별시 마포구 월드컵북로56길19, 6층(상암동, 드림타워)"
SFC0062,1,24-덕-체 엔진블로어 등 2품목 구매,물품,총액계약,제한경쟁,적격심사제,Y,제9691부대,ZD00152,제9691부대,ZD00152,87.995,5124669,5150000,4718182,2024-05-16,15:30:00,개찰완료,4509900,88.003,2024-05-16,유노코리아,권지은,권지은,501-08-74151,"경기도 의정부시 부용로174-0 (신곡동, 상록아이파크) 104동 201호"
SFC0063,1,24-덕-체 소토사 등 3종 구매,물품,총액계약,제한경쟁,적격심사제,Y,제9691부대,ZD00152,제9691부대,ZD00152,87.995,20082055,20093330,18632000,2024-05-16,15:30:00,개찰완료,18034800,89.805,2024-05-16,원왕골재 주식회사,박기석,박기석,406-88-00531,"경기도 남양주시 늘을2로14번길3, 803호 (호평동, 에이스프라자)"
UMM0537,1,24-F-형광투시검사유니트 장비 제조,물품,총액계약,일반경쟁,적격심사제,Y,국군재정관리단,ZD00303,국군재정관리단,ZD00303,82.995,353030682,352540000,326909091,2024-05-16,15:30:00,개찰완료,293331500,83.089,2024-05-16,나우주식회사,정대혁,이진희,220-81-60635,"경기도 성남시 중원구 둔촌대로388, 410호 (상대원동, 크란츠 테크노)"
UMM0536,1,24-F-생화학분석기 대형 등 4종 구매,물품,총액계약,제한경쟁,적격심사제,Y,국군재정관리단,ZD00303,국군재정관리단,ZD00303,87.995,140915173,142660000,132290909,2024-05-16,15:30:00,개찰완료,124025600,88.014,2024-05-16,정원B&C,이숙,이숙,109-06-92643,"경기도 고양시 일산동구 강석로33, (백석동, 대우IAAN) 2층 217호"
UMM0544,1,24-D-2-1차 날개접지기 구매(241031-F),물품,총액계약,일반경쟁,적격심사제,Y,국군재정관리단,ZD00303,국군재정관리단,ZD00303,82.995,244970497,242640000,225000000,2024-05-16,15:30:00,개찰완료,203372000,83.018,2024-05-16,파인트리 트랜스월드 주식회사,최은미,김세겸,261-81-27995,"서울특별시 종로구 삼일대로32길36, 302호(익선동, 운현신화타워)"
UMM0565,1,24년 합동지속지원훈련 JLOTS 훈련 선박 임차 용역,용역,총액계약,일반경쟁,적격심사제,Y,국군재정관리단,ZD00303,국군재정관리단,ZD00303,82.995,1030184767,1038000000,981818182,2024-05-16,15:30:00,개찰완료,873996000,84.838,2024-05-16,씨제이대한통운 주식회사,신영수,정성욱,110-81-05034,"서울특별시 종로구 종로5길7, Tower 8"
EBB0125,2,MTU엔진 일반부품,물품,총액계약,일반경쟁,적격심사제,Y,방위사업청,1690000,방위사업청,1690000,,449629028,446474000,0,2024-05-17,14:00:00,개찰완료,379907191,84.493,2024-05-17,주식회사 에스엘상사,송영각,박영희,297-88-01580,"충청남도 계룡시 서금암3길5, 925호(금암동, 쉐리움오피스텔)"
EBB0150,2,24년 군용 트레일러용 관성제동장치,물품,총액계약,제한경쟁,적격심사제,Y,방위사업청,1690000,방위사업청,1690000,,223128305,223244000,0,2024-05-17,16:00:00,개찰완료,196444210,88.04,2024-05-17,뉴테크코리아 주식회사,이인순,이용민,872-81-02208,경기도 화성시 송산면 송산포도로510-13
EBB0168,1,24년 일반호스(구매),물품,총액계약,제한경쟁,적격심사제,Y,방위사업청,1690000,방위사업청,1690000,,204264445,204746000,0,2024-05-17,16:00:00,개찰완료,179825000,88.035,2024-05-17,삼영산업,문헌태,문헌태,622-09-65242,경상남도 김해시 분성로557번길60-7 (어방동)
EBB0179,1,장갑차 부품(축 및 기어류),물품,총액계약,일반경쟁,적격심사제,Y,방위사업청,1690000,방위사업청,1690000,,263774929,263802000,0,2024-05-17,16:00:00,개찰완료,223400000,84.693,2024-05-17,우창기계 주식회사,김운태,우성제,609-81-35829,경상남도 창원시 성산구 공단로324-21 (웅남동)
EBB0180,1,장갑차 부품,물품,총액계약,일반경쟁,적격심사제,Y,방위사업청,1690000,방위사업청,1690000,,104632514,104403000,0,2024-05-17,16:00:00,개찰완료,88600000,84.677,2024-05-17,우창기계 주식회사,김운태,우성제,609-81-35829,경상남도 창원시 성산구 공단로324-21 (웅남동)
EBB0185,1,가열기조립체류,물품,총액계약,일반경쟁,적격심사제,Y,방위사업청,1690000,방위사업청,1690000,,1556898140,1551465000,0,2024-05-17,16:00:00,개찰완료,1313123000,84.342,2024-05-17,주식회사덕인,장남인,임병성,141-81-50004,경상남도 양산시 유산공단3길33-0 (교동)
EBB0167,1,24년 천막  차량정비용,물품,총액계약,제한경쟁,적격심사제,Y,방위사업청,1690000,방위사업청,1690000,,159511459,159565000,0,2024-05-17,16:00:00,개찰완료,141212539,88.528,2024-05-17,강서실업,조부규,김마리,605-29-68446,경상남도 김해시 김해대로2644-0
EBB0183,1,24년 지뢰탐지기 부품(제조),물품,총액계약,일반경쟁,적격심사제,Y,방위사업청,1690000,방위사업청,1690000,,712579061,721044000,0,2024-05-17,16:00:00,개찰완료,616959037,86.581,2024-05-17,주식회사 와이어블(Wiable Corp.),김문환,김성욱,214-86-12657,"서울특별시 송파구 법원로11길28, 10층, 11층, 12층(문정동, 비케이타워)"
EBB0184,1,24년 지뢰탐지기 부품(구매),물품,총액계약,일반경쟁,적격심사제,Y,방위사업청,1690000,방위사업청,1690000,,1035409668,1035435000,0,2024-05-17,16:00:00,개찰완료,864182997,83.462,2024-05-17,주식회사 와이어블(Wiable Corp.),김문환,김성욱,214-86-12657,"서울특별시 송파구 법원로11길28, 10층, 11층, 12층(문정동, 비케이타워)"
HCF0098,2,합판 구매,물품,총액계약,제한경쟁,적격심사제,Y,공군군수사령부,ZD00306,공군군수사령부,ZD00306,87.995,29872050,30088235,27900000,2024-05-17,10:30:00,개찰완료,26337887,88.168,2024-05-17,다온유통,장선희,장선희,510-11-90214,"대구광역시 동구 팔공로260 108동 203호(봉무동, 협성휴포레 이시아폴리스)"
HCF0123,1,군사경찰 작전조끼 제조,물품,총액계약,제한경쟁,적격심사제,Y,공군군수사령부,ZD00306,공군군수사령부,ZD00306,87.995,30647198,30710784,28477273,2024-05-17,10:30:00,개찰완료,27014858,88.147,2024-05-17,진화퍼시픽 주식회사,백선옥,이새롬,208-81-21059,"서울특별시 종로구 율곡로14길14(연건동, 연건빌딩)"
HCF0124,1,군사경찰 안전반도 구매,물품,총액계약,제한경쟁,적격심사제,Y,공군군수사령부,ZD00306,공군군수사령부,ZD00306,87.995,31851569,31867647,29550000,2024-05-17,10:30:00,개찰완료,28028000,87.995,2024-05-17,파인트리 트랜스월드 주식회사,최은미,김세겸,261-81-27995,"서울특별시 종로구 삼일대로32길36, 302호(익선동, 운현신화타워)"
HDQ0044,1,24-탄약고 제초용역,용역,총액계약,일반경쟁,적격심사제,Y,제20전투비행단,ZD00161,제20전투비행단,ZD00161,87.995,168613269,167500980,155319091,2024-05-17,16:00:00,개찰완료,148376000,87.997,2024-05-17,대신개발 주식회사,김강분,최승우,315-81-31909,충청북도 청주시 상당구 용담로139번길16(용담동)
HDT0015,1,24년 오산기지 공동 제초용역,용역,총액계약,제한경쟁,적격심사제,Y,공군작사근무지원단,ZD00282,공군작사근무지원단,ZD00282,87.995,120296943,119240000,108400000,2024-05-17,15:00:00,개찰완료,105861486,88,2024-05-20,주식회사 동광조경,정미선,정미선,513-81-76719,인천광역시 강화군 강화읍 강화대로396(3층 303호)
LCF0200,1,수동밴딩기류 6품목 제조(물자),물품,총액계약,제한경쟁,적격심사제,Y,육군군수사령부,1290307,육군군수사령부,1290307,87.995,29596935,29687360,26988509,2024-05-17,16:00:00,개찰완료,26197620,88.514,2024-05-17,아산웰딩테크,김노경,김노경,136-01-90297,인천광역시 남동구 남동서로 52(고잔동) 남동공단 128블럭 1롯트 1층
LCF0188,1,수술대야전용 등 12항목 구매(의무),물품,총액계약,제한경쟁,적격심사제,Y,육군군수사령부,1290307,육군군수사령부,1290307,87.995,45595568,45723000,41566364,2024-05-17,16:00:00,개찰완료,40124710,88.001,2024-05-17,삼성삼림조합 주식회사,김영민,최유미,464-87-01918,"인천광역시 서구 염곡로306, 지하1층(석남동)"
LCF0186,1,현미경 등 4항목 구매(의무),물품,총액계약,제한경쟁,적격심사제,Y,육군군수사령부,1290307,육군군수사령부,1290307,87.995,28086063,28088280,29789091,2024-05-17,16:00:00,개찰완료,24714400,87.995,2024-05-17,(주)성현엔지니어링,최은석,박해준,217-81-29680,"서울특별시 도봉구 방학로7길7-0, 1층 (방학동)"
LCF0191,1,개스킷 등 83항목 제조(궤도 제조-002),물품,총액계약,제한경쟁,적격심사제,Y,육군군수사령부,1290307,육군군수사령부,1290307,87.995,63862196,64014962,58195420,2024-05-17,15:30:00,개찰완료,56259950,88.095,2024-05-17,동창원산업(주),정창,문혜영,553-81-01007,경상남도 의령군 용덕면 의합대로123-7
LCF0192,1,띠 지지용 등 7항목 제조(궤도 제조-005),물품,총액계약,제한경쟁,적격심사제,Y,육군군수사령부,1290307,육군군수사령부,1290307,87.995,132554411,132239915,120218105,2024-05-17,15:30:00,개찰완료,116781068,88.1,2024-05-17,선경,정왕균,정왕균,225-51-00727,경상남도 김해시 한림면 안곡로520-2
LCF0193,1,덮개조립체 탄약저장용 등 18항목 제조(궤도 제조-007,물품,총액계약,제한경쟁,적격심사제,Y,육군군수사령부,1290307,육군군수사령부,1290307,87.995,60381430,60671720,55156109,2024-05-17,15:30:00,개찰완료,53345900,88.348,2024-05-17,진해공업,김재원,김재원,608-14-66967,경상남도 김해시 한림면 김해대로916번길54-42
LCF0194,1,분리기 물분리용 액체연료식 등 4항목 제조(궤도),물품,총액계약,제한경쟁,적격심사제,Y,육군군수사령부,1290307,육군군수사령부,1290307,87.995,25703631,25682631,23347846,2024-05-17,15:30:00,개찰완료,22630310,88.043,2024-05-17,도하테크,이은선,이은선,480-27-01672,부산광역시 강서구 대저로3번길52-15 (대저1동)
LCF0195,1,호스 성형식 등 30항목 제조(궤도),물품,총액계약,제한경쟁,적격심사제,Y,육군군수사령부,1290307,육군군수사령부,1290307,87.995,68374416,68181111,61982828,2024-05-17,15:30:00,개찰완료,60210000,88.059,2024-05-17,동진테크,주진희,주진희,176-58-00273,부산광역시 사상구 낙동대로901번길25-38(감전동)
LCF0197,1,패드 트랙 수용 등 72항목 구매(궤도-003),물품,총액계약,일반경쟁,적격심사제,Y,육군군수사령부,1290307,육군군수사령부,1290307,82.995,271830139,269641228,245128389,2024-05-17,15:30:00,개찰완료,228146000,83.929,2024-05-17,조은테크,양호득,양호득,606-38-13266,부산광역시 강서구 평강로171번길259-0 (대저1동)
LCF0199,1,핀 분할형 등 52항목 구매(궤도-007),물품,총액계약,일반경쟁,적격심사제,Y,육군군수사령부,1290307,육군군수사령부,1290307,82.995,914044843,915720716,846287511,2024-05-17,15:30:00,개찰완료,758820636,83.017,2024-05-17,이레축산,임순희,최유리,606-38-14741,부산광역시 사상구 새벽시장로103번길24-0 (감전동)
LDG0043,2,천마유도탄 수리부속 수송용기 1품목 제조,물품,총액계약,제한경쟁,적격심사제,Y,육군 탄약지원사령부,ZD00086,육군 탄약지원사령부,ZD00086,82.995,374732843,377400000,343090909,2024-05-17,10:30:00,개찰완료,316500000,84.46,2024-05-17,금성목재,유재득,유왕승,603-23-61241,부산광역시 사하구 하신중앙로84-0 (신평동)
LDH0491,1,(일장) 다목적굴착기 어댑터 등 10품목 구매,물품,총액계약,제한경쟁,적격심사제,Y,제2879부대,ZD00347,제2879부대,ZD00347,87.995,14058012,14186000,13155109,2024-05-17,17:00:00,개찰완료,12546000,89.244,2024-05-20,진광사,최진욱,최진욱,615-16-41032,경상남도 김해시 진영읍 진영리1611-3 중흥s클래스 119-105
LFH0008,1,육군부사관학교 양성식당 민간위탁급식 용역,용역,총액계약,협상에의한계약(전자),협상,N,육군부사관학교,ZD00052,육군부사관학교,ZD00052,,6736500000,,6124090909,2024-05-17,11:00:00,개찰완료,6736500000,100,2024-06-05,주식회사 풀무원푸드앤컬처,이동훈,김보석,214-86-08930,서울특별시 송파구 송파대로34길29(송파동)
LMR0030,1,24년 승진훈련장 교전전술훈련 시스템 유지보수 ,용역,총액계약,제한경쟁,적격심사제,Y,제5군단사령부,ZD00009,제5군단사령부,ZD00009,87.745,94976466,94912000,86283636,2024-05-17,10:30:00,개찰완료,83350648,87.759,2024-05-17,주식회사 두루스코,김옥연,박인이,110-86-09224,"서울특별시 서대문구 연희로241, 2층 (연희동)"
MCM0008,1,지능형 악성코드 수집분석체계 라이선스 구매,물품,총액계약,일반경쟁,적격심사제,Y,4284부대,ZD00924,4284부대,ZD00924,82.995,257435392,256000000,232727273,2024-05-17,15:00:00,개찰완료,251647000,97.751,2024-05-17,주식회사  인섹시큐리티,김종광,정명화,119-86-48961,"서울특별시 금천구 가산디지털1로19, 406호, 407호, 408호, 409호(가산동,대륭테크노타운18차)"
SCF0470,1,건조제  활성식 등 3종 구매,물품,총액계약,제한경쟁,적격심사제,Y,해군군수사령부,ZD00289,해군군수사령부,ZD00289,87.995,15002814,15000000,17548162,2024-05-17,10:30:00,개찰완료,13350000,88.983,2024-05-17,토탈marine,허광주,허광주,878-38-00842,경상남도 창원시 마산회원구 회원동로42-1 (회원동)
SCF0459,3,호스 등 21종 구매,물품,총액계약,제한경쟁,적격심사제,Y,해군군수사령부,ZD00289,해군군수사령부,ZD00289,87.995,154711446,155000000,156811273,2024-05-17,10:30:00,개찰완료,136140375,87.996,2024-05-17,바라유통,박민아,박민아,724-45-01182,전라남도 해남군 산이면 건촌길75
SCF0469,1,비 직립형 등 5종 구매,물품,총액계약,제한경쟁,적격심사제,Y,해군군수사령부,ZD00289,해군군수사령부,ZD00289,87.995,19892976,20000000,25003636,2024-05-17,10:30:00,개찰완료,17504960,87.995,2024-05-17,에스알주식회사,이금석,김소현,857-87-00843,"경기도 수원시 영통구 청명남로39-0 (영통동), 럭셔리프라자 3층 301-8호"
SCF0476,1,변환기  수중 음파탐지기용 등 4품목 구매,물품,총액계약,제한경쟁,적격심사제,Y,해군군수사령부,ZD00289,해군군수사령부,ZD00289,87.995,29161615,29000000,27120000,2024-05-17,10:30:00,개찰완료,25717780,88.19,2024-05-17,에이스상사,김일천,김일천,585-51-00954,"부산광역시 사하구 다대로339, 1914호(장림동, 극동정림아파트)"
SCF0467,1,24년 잠수함(SS-II) 직류 전동기(통풍팬 모터) 정비,물품,총액계약,일반경쟁,적격심사제,Y,해군군수사령부,ZD00289,해군군수사령부,ZD00289,82.995,27876135,27900000,26489091,2024-05-17,15:30:00,개찰완료,23182419,83.162,2024-05-17,아남중공업주식회사,박상하,박기현,710-81-00260,경기도 시흥시 시화벤처로289-0 (정왕동)
SCF0473,1,(긴급)세라믹 울 등 46종,물품,총액계약,제한경쟁,적격심사제,Y,해군군수사령부,ZD00289,해군군수사령부,ZD00289,87.995,32657978,32596000,30225818,2024-05-17,10:30:00,개찰완료,29331500,89.814,2024-05-17,미래상사,김성길,김성길,881-35-00115,"부산광역시 사상구 낙동대로910, C동 253호(감전동, 마트월드)"
SCF0472,1,(긴급)앵글 건축용 등 36종,물품,총액계약,제한경쟁,적격심사제,Y,해군군수사령부,ZD00289,해군군수사령부,ZD00289,87.995,37661774,37656000,34917718,2024-05-17,10:30:00,개찰완료,33512600,88.983,2024-05-17,동우철강(주),김수근,김수근,608-81-39050,"경상남도 창원시 마산회원구 봉암공단6길75-0 (봉암동, 동우철강)"
SCK0058,1,생화학분석기(자동식) 1대 구매 설치,물품,총액계약,일반경쟁,적격심사제,Y,해군교육사령부,1290330,해군교육사령부,1290330,87.995,53380333,53430000,49545455,2024-05-17,10:30:00,개찰완료,46972450,87.995,2024-05-17,라온유통,김보명,김보명,278-40-00119,"대구광역시 달서구 도원로46, 610동 304호  (도원동, 별메마을)"
SFC0064,1,발전기 구매,물품,총액계약,제한경쟁,적격심사제,Y,제9691부대,ZD00152,제9691부대,ZD00152,87.995,49655432,49800000,45272727,2024-05-17,10:30:00,개찰완료,48499000,97.671,2024-05-17,신라통상,김대성,김대성,504-07-47485,대구광역시 서구 통학로40길6-0 (평리동)
SFG0053,1,디지털카메라 등 6품목 구매,물품,총액계약,제한경쟁,적격심사제,Y,제9181부대,ZD00151,제9181부대,ZD00151,87.995,9988750,9971500,9250000,2024-05-17,10:30:00,개찰완료,8789608,87.995,2024-05-17,두리,한미경,한미경,250-09-01418,"인천광역시 동구 송림로50 (송림동, 삼익아파트)1-103"
SFG0056,1,클리어 화일내지 등 190품목 구매,물품,총액계약,제한경쟁,적격심사제,Y,제9181부대,ZD00151,제9181부대,ZD00151,87.995,48442015,48831600,45218691,2024-05-17,10:30:00,개찰완료,42628920,87.999,2024-05-17,에스아이컴퍼니,정상일,정상일,251-07-01061,"경기도 수원시 영통구 동탄지성로488번길22 (망포동, 망포마을 벽산 이빌리지) 103동1102호"
UMM0571,1,(246014-G)24년 전시체계(비디오월) 구축(리스물건),물품,총액계약,일반경쟁,적격심사제,Y,국군재정관리단,ZD00303,국군재정관리단,ZD00303,82.995,4505084493,4542062400,4584451145,2024-05-17,15:00:00,개찰완료,3749064514,83.218,2024-05-17,주식회사 아이쿼드,김영태,김민겸,210-81-51181,경기도 하남시 미사대로520 (덕풍동) D동 441호
UMM0568,1,24-F-방탄헬멧 구매,물품,총액계약,제한경쟁,적격심사제,Y,국군재정관리단,ZD00303,국군재정관리단,ZD00303,87.995,116654574,116230000,107781818,2024-05-17,15:00:00,개찰완료,102908190,88.216,2024-05-17,주식회사 제이에프,진주,진주,876-88-01248,"충청북도 청주시 청원구 율봉로159번길73-1, 301호(율량동, 스톰비오피스센터)"
UMM0578,1,(246120-B)기동영상전송장비 구매(리스물건),물품,총액계약,일반경쟁,적격심사제,Y,국군재정관리단,ZD00303,국군재정관리단,ZD00303,82.995,776285371,778431370,721818182,2024-05-17,15:00:00,개찰완료,644352230,83.004,2024-05-17,정욱,김교욱,김교욱,846-60-00619,"강원특별자치도 원주시 흥업면 북원로1600, 108동 303호 (남원주 두산위브)"
UMM0347,2,(247106-C) 의료기재 봉합사 81종 구매,물품,총액계약,제한경쟁,적격심사제,Y,국군재정관리단,ZD00303,국군재정관리단,ZD00303,87.995,102768500,102693360,97238327,2024-05-17,15:00:00,개찰완료,97456040,94.83,2024-05-17,주식회사 메디시온,김경호,김경호,128-86-86770,경기도 고양시 덕양구 삼막1길3(오금동)
UMM0572,1,24-D-워크인쿨러 등 4종 구매,물품,총액계약,제한경쟁,적격심사제,Y,국군재정관리단,ZD00303,국군재정관리단,ZD00303,87.995,228480093,228560000,211943273,2024-05-17,15:00:00,개찰완료,201052580,87.995,2024-05-17,주식회사 제일타임씨티피,김경희,김경희,108-81-82101,서울특별시 중구 퇴계로36가길9(필동2가)세종빌딩3층
UMM0577,1,(24F134-B) 24년 ASP 방화지대 구축용역(연천처리장),용역,총액계약,제한경쟁,적격심사제,Y,국군재정관리단,ZD00303,국군재정관리단,ZD00303,87.995,104129744,103428460,95906391,2024-05-17,15:00:00,개찰완료,91723130,88.085,2024-05-17,(주)수림개발,김지영,박찬철,620-81-33906,울산광역시 울주군 삼남읍 벌장길19-0
UMM0588,1,(247019-H)00부대 지휘통신체계 구축,물품,총액계약,일반경쟁,적격심사제,Y,국군재정관리단,ZD00303,국군재정관리단,ZD00303,82.995,1435729205,1434711470,1330368818,2024-05-17,15:00:00,개찰완료,1192328500,83.046,2024-05-17,주식회사 인텔리빅스,최은수,박고은,114-81-99927,서울특별시 서초구 효령로34길4-0 (방배동) 프린스효령빌딩 6층 601호
UMM0582,1,24-N-군악기(피콜로 등 16종) 구매,물품,총액계약,제한경쟁,적격심사제,Y,국군재정관리단,ZD00303,국군재정관리단,ZD00303,87.995,203681584,203660000,192200000,2024-05-17,15:00:00,개찰완료,179233700,87.997,2024-05-17,에이치아이엠,이용재,이용재,108-18-32612,서울특별시 동작구 사당로4길27-0 (사당동)
UMM0543,1,24-D-냉장 냉동고 5종구매(241025-F),물품,총액계약,일반경쟁,적격심사제,Y,국군재정관리단,ZD00303,국군재정관리단,ZD00303,82.995,739133675,732390000,679127273,2024-05-17,15:00:00,개찰완료,613742820,83.035,2024-05-17,주식회사 터보코리아,박창훈,유인철,410-86-28908,광주광역시 광산구 평동산단2번로 204(장록동)
UMM0591,1,(246194-E) 영현백 구매,물품,총액계약,제한경쟁,적격심사제,Y,국군재정관리단,ZD00303,국군재정관리단,ZD00303,87.995,187997302,186960000,174099418,2024-05-17,15:00:00,개찰완료,165428348,87.995,2024-05-17,공손,엄정안,엄정안,375-12-01624,서울특별시 강북구 오현로9길159 (미아동) 204호
UMM0576,1,(246207-D)일체형 결속기 2종(16밀리/32밀리) 구매,물품,총액계약,일반경쟁,적격심사제,Y,국군재정관리단,ZD00303,국군재정관리단,ZD00303,82.995,404053205,402447000,403163636,2024-05-17,15:00:00,개찰완료,335349270,82.996,2024-05-17,주식회사 에이원씨에프,김준성,김수민,105-87-66972,"서울특별시 서초구 남부순환로358길62, 2층(양재동, 한터빌딩)"
UMM0585,1,(24F179-A) 관사 제초용역,용역,총액계약,제한경쟁,적격심사제,Y,국군재정관리단,ZD00303,국군재정관리단,ZD00303,87.995,59825965,60120160,68096709,2024-05-17,15:00:00,개찰완료,52646456,87.999,2024-05-17,시민종합조경 주식회사,김윤옥,손낙현,125-81-73359,"경기도 평택시 포승읍 평택항로184번길 26, 가동 206호"
UMM0575,1,(246234-D)소화기 보관함 구매,물품,총액계약,일반경쟁,적격심사제,Y,국군재정관리단,ZD00303,국군재정관리단,ZD00303,82.995,226477766,226561500,223875000,2024-05-17,15:00:00,개찰완료,187975978,82.999,2024-05-17,(주)다남정보통신,김석용,이지혜,136-81-30272,"경기도 고양시 일산동구 중앙로1305-30, 728호 (장항동, 일산마이다스오피스텔)"
UMM0573,1,(247013-H)군사법원 전자법정 시스템 교체사업,물품,총액계약,제한경쟁,적격심사제,Y,국군재정관리단,ZD00303,국군재정관리단,ZD00303,87.995,109356409,109420290,101462455,2024-05-17,15:00:00,개찰완료,96247370,88.012,2024-05-17,(주)하나정보통신,박은진,박은진,581-81-00319,"부산광역시 사상구 낙동대로902번길 30, 2층(감전동)"
UMM0584,1,(24F176-B)해안감시망연동체계 교체(금융리스),물품,총액계약,일반경쟁,최저가격제,N,국군재정관리단,ZD00303,국군재정관리단,ZD00303,0,1740935705,1736540260,1610246427,2024-05-17,15:00:00,개찰완료,1680699210,96.539,2024-05-17,미래에셋캐피탈(주),이만희,박영화,410-81-40265,"서울특별시 중구 을지로5길26, 6층 (수하동, 미래에셋센터원 웨스트타워)"
EKA0007,1,¼톤 통신장비 탑재차,물품,총액계약,일반경쟁,적격심사제,Y,방위사업청,1690000,방위사업청,1690000,,1675226243,1670842000,0,2024-05-20,14:30:00,개찰완료,1453634150,86.772,2024-05-20,주식회사 와풀,송봉주,노재란,117-81-86004,경기도 김포시 월곶면 김포대로2708-37
MCJ0005,1,2센터 외부 조경(예초) 관리 용역,용역,총액계약,제한경쟁,적격심사제,Y,국방통합데이터센터,ZD01034,국방통합데이터센터,ZD01034,87.745,16669005,16704400,15185818,2024-05-20,11:00:00,개찰완료,14626699,87.747,2024-05-20,(주)일촌,조윤주,조재원,514-81-58000,대구광역시 달성군 옥포읍 간경3길24-1
SFC0038,2,24-해병-사고예방 VR영상콘텐츠 제작 대행,용역,총액계약,2단계경쟁(동시),최저가격제,N,제9691부대,ZD00152,제9691부대,ZD00152,0,29402618,29386390,27249200,2024-05-20,10:30:00,개찰완료,26676967,90.729,2024-05-29,주식회사 요요인터렉티브,이경주,박수정,126-86-81105,"서울특별시 송파구 법원로127-0 (문정동) 문정대명벨리온 208, 209, 210호"
UMM0586,1,24-N-IR레이저 등 2종 구매,물품,총액계약,제한경쟁,적격심사제,Y,국군재정관리단,ZD00303,국군재정관리단,ZD00303,87.995,200465348,199010000,184545455,2024-05-20,11:00:00,개찰완료,176403350,87.996,2024-05-20,(주)선진종합상사,박선형,박선형,311-81-43155,"충청남도 당진시 대호만로1438-0 (석문면, 현대용접재료)"
UMM0558,1,24-D-체력단련장 코스관리장비 구매(241027-F),물품,총액계약,일반경쟁,적격심사제,Y,국군재정관리단,ZD00303,국군재정관리단,ZD00303,82.995,926003625,935020000,867027273,2024-05-20,11:00:00,개찰완료,778476325,84.068,2024-05-20,(주)상지일렉스,정원상,정원상,206-86-06585,서울특별시 성북구 화랑로19길77-8 2층 (장위동)
UMM0574,1,24-N-0함대 얼음정수기(195대) 임차 용역(함정포함),용역,총액계약,일반경쟁,적격심사제,Y,국군재정관리단,ZD00303,국군재정관리단,ZD00303,82.995,621637766,618260000,573300000,2024-05-20,11:00:00,개찰완료,517341136,83.222,2024-05-20,디에이치바이오,김단희,김단희,292-09-00316,"경기도 수원시 영통구 광교중앙로170, 1동 5층 7호 507호(하동, 광교 효성해링턴 타워)"
UMM0530,1,24-N-무선망 원격운용장치 구매(248139-F),물품,총액계약,일반경쟁,적격심사제,Y,국군재정관리단,ZD00303,국군재정관리단,ZD00303,82.995,293244915,294070000,272689091,2024-05-20,11:00:00,개찰완료,243474509,83.027,2024-05-20,극동크리트 주식회사,여도환,이송경,119-81-33240,"서울특별시 동작구 보라매로5길51, 402호(신대방동, 롯데타워)"
UMM0583,1,24-N-평 함정 및 유해환경근무자 특수건강검진 용역,용역,총액계약,일반경쟁,적격심사제,Y,국군재정관리단,ZD00303,국군재정관리단,ZD00303,87.745,102630401,103140000,105447470,2024-05-20,11:00:00,개찰완료,90490600,88.171,2024-05-20,안양세종의원,김영득,김정인,123-90-42793,경기도 안양시 만안구 충훈로83-0 (석수동)
UMM0581,1,24-D-쇼핑카트 등 6종 구매,물품,총액계약,제한경쟁,적격심사제,Y,국군재정관리단,ZD00303,국군재정관리단,ZD00303,87.995,114496552,115150000,110726364,2024-05-20,11:00:00,개찰완료,100752000,87.995,2024-05-20,다비드 주식회사,최양임,최양임,402-86-07940,전북특별자치도 전주시 덕진구 전주천동로364 (진북동)
UMM0580,1,24-F-변환기 주파수용 제조(249081-F),물품,총액계약,제한경쟁,적격심사제,Y,국군재정관리단,ZD00303,국군재정관리단,ZD00303,87.995,129288814,129410000,120000000,2024-05-20,11:00:00,개찰완료,114050700,88.213,2024-05-20,태일자동제어(주),한연수,한연수,408-81-32952,광주광역시 광산구 신가매결길28(신창동)
EBB0189,1,K계열 기동궤도부품류,물품,총액계약,일반경쟁,적격심사제,Y,방위사업청,1690000,방위사업청,1690000,,1210780192,1210405000,0,2024-05-21,11:00:00,개찰완료,1024500000,84.614,2024-05-21,대창마린테크(주),김효성,윤상열,606-81-68961,부산광역시 사상구 모덕로27번길 126()
EBB0152,2,24년~25년 (UH-60) 제어장치 시동보조기용 정비,물품,총액계약,일반경쟁,적격심사제,Y,방위사업청,1690000,방위사업청,1690000,,35164011,35187000,0,2024-05-21,14:00:00,개찰완료,30250000,86.025,2024-05-22,주식회사 원영전자,김창환,홍종운,129-86-84907,"경기도 성남시 중원구 사기막골로159-0 (상대원동, 금강하이테크2 아파트형공장) 711호"
EBB0190,1,핀 발사용,물품,총액계약,일반경쟁,적격심사제,Y,방위사업청,1690000,방위사업청,1690000,,330005705,330758000,0,2024-05-21,15:00:00,개찰완료,276180000,83.689,2024-05-21,(주)경도,조영,조기현,621-81-24977,경상남도 양산시 상북면 홍룡로42
HCG0010,1,24-공군 적정 상비병력 규모 연구 용역,용역,총액계약,2단계경쟁(동시),최저가격제,N,공군본부,1290339,공군본부,1290339,0,43696941,44060000,40054545,2024-05-21,11:00:00,개찰완료,38900000,89.022,2024-05-21,(사)한국전략문제연구소,박정기,박병희,106-82-05842,"서울특별시 용산구 청파로 40, 삼구빌딩 1815호(한강로3가)"
HCL0040,1,24-132 항공우주비행체 압력 측정시스템,물품,총액계약,제한경쟁,적격심사제,Y,공군사관학교,7002962,공군사관학교,7002962,87.995,213077939,214500000,195000000,2024-05-21,11:00:00,개찰완료,203775000,95.634,2024-05-21,(주)피디케이,한무필,김미경,314-81-58434,대전광역시 유성구 엑스포로339번길10-6 (문지동)
LCF0159,2,창상드레싱 등 2항목 구매(의무),물품,총액계약,제한경쟁,적격심사제,Y,육군군수사령부,1290307,육군군수사령부,1290307,87.995,34058539,34203480,31094073,2024-05-21,11:00:00,개찰완료,33400000,98.066,2024-05-21,제이비글로벌주식회사,박대희,박대희,657-88-01652,경기도 남양주시 송산로339번길28-11 (별내동) 101호
LCF0219,1,모사전송기 등 1항목 구매(통신),물품,총액계약,제한경쟁,적격심사제,Y,육군군수사령부,1290307,육군군수사령부,1290307,87.995,27728751,27832915,25302650,2024-05-21,11:00:00,개찰완료,24402790,88.005,2024-05-21,이모던솔루션,고상달,고상달,609-40-62847,"경상남도 창원시 의창구 팔용로423번길8, 지하(팔용동)"
LCF0175,2,부력판 등 7항목 제조(궤도 제조014),물품,총액계약,제한경쟁,적격심사제,Y,육군군수사령부,1290307,육군군수사령부,1290307,87.995,61508015,61939770,56308882,2024-05-21,11:30:00,개찰완료,54438040,88.505,2024-05-21,동창원산업(주),정창,문혜영,553-81-01007,경상남도 의령군 용덕면 의합대로123-7
LCF0207,2,다기관조립체  유압식 등 2항목 구매(특무),물품,총액계약,일반경쟁,적격심사제,Y,육군군수사령부,1290307,육군군수사령부,1290307,82.995,2361921048,2340095000,2127359091,2024-05-21,10:30:00,개찰완료,2073698500,87.797,2024-05-21,시연테크,손효경,손효경,306-12-51069,경상남도 창원시 성산구 웅남로316-0 (웅남동) 4동103호
LCF0205,1,몸체 브리지 베이스 등 1항목 생산능력제조(총포),물품,총액계약,제한경쟁,적격심사제,Y,육군군수사령부,1290307,육군군수사령부,1290307,82.995,163193295,162736300,147942091,2024-05-21,10:30:00,개찰완료,162736300,99.719,2024-05-21,삼호정밀,김일천,김수영,622-02-60419,부산광역시 강서구 평강로217-1 (대저1동)
LCG0035,1,[24-육-98] 의료기관 잠복결핵 검진,용역,총액계약,일반경쟁,적격심사제,Y,육군본부,1290298,육군본부,1290298,87.745,44626210,45038840,40944400,2024-05-21,12:00:00,개찰완료,39508700,88.532,2024-05-21,(사)대한결핵협회,신민석,김서진,107-82-03639,서울특별시 서초구 바우뫼로6길57 (우면동)
LCG0036,1,[24-육-101] 기여공약 이행을 위한 금속탐지장비 구매,물품,총액계약,제한경쟁,적격심사제,Y,육군본부,1290298,육군본부,1290298,87.995,31372810,31248000,28407273,2024-05-21,11:00:00,개찰완료,30966100,98.703,2024-05-21,지후,하창헌,하창헌,856-02-01309,경기도 고양시 덕양구 행신로131-11 (행신동) 304-2002
LDH0493,1,(기동) 축 차축용 자동차용 등 2종 구매,물품,총액계약,제한경쟁,적격심사제,Y,제2879부대,ZD00347,제2879부대,ZD00347,87.995,13489701,13416000,12440436,2024-05-21,13:00:00,개찰완료,12022000,89.119,2024-05-21,금성특수산업,김진봉,김진봉,606-35-86453,부산광역시 사상구 광장로34 금성특수산업
LDH0497,1, (자재) 하우징 상부 하부 부품키트 구매,물품,총액계약,제한경쟁,적격심사제,Y,제2879부대,ZD00347,제2879부대,ZD00347,87.995,127859783,126656000,117445364,2024-05-21,13:00:00,개찰완료,127289280,99.553,2024-05-21,모아컴,이상주,이상주,217-15-72222,서울특별시 송파구 양산로12 (거여동) 세신거여훼미리타운 303호
MCR0027,2,7.정기기초과제(7.생성형...),용역,총액계약,협상에의한계약(전자),협상,N,국방대학교,1290412,국방대학교,1290412,0,19530720,19607843,18181818,2024-05-21,10:30:00,개찰완료,18500000,94.722,2024-05-27,명지대학교 산학협력단,김영욱,김현정,135-82-11060,"경기도 용인시 처인구 명지로 116, 명지대학교(남동)"
MDG0140,1,24년 의무장비(탁도계) 구매,물품,총액계약,일반경쟁,적격심사제,Y,국군의무사령부,1290291,국군의무사령부,1290291,87.995,5011791,5017600,4654545,2024-05-21,11:00:00,개찰완료,4410480,88.002,2024-05-21,엠제이유통,강명진,강명진,844-23-01709,강원특별자치도 강릉시 남부로164번길12-0 (노암동)
MDG0142,1,24-4차 복지기금 자산성비품(소파 등 4종) 구매,물품,총액계약,제한경쟁,적격심사제,Y,국군의무사령부,1290291,국군의무사령부,1290291,87.995,6178600,6139000,5580909,2024-05-21,11:00:00,개찰완료,5436970,87.996,2024-05-21,이룸유통,김민서,김민서,131-41-64602,"인천광역시 남동구 운연천로11, 1305동 601호"
SCF0480,1,격막  밸브용  평면형 등 4종 제조,물품,총액계약,제한경쟁,적격심사제,Y,해군군수사령부,ZD00289,해군군수사령부,ZD00289,87.995,28119161,28000000,26750909,2024-05-21,10:30:00,개찰완료,24840700,88.34,2024-05-21,티케이(T.K)테크,김재욱,김재욱,440-70-00235,부산광역시 강서구 대저로3번길52-15 (대저1동)
SCF0481,1,전기다리미 86EA 구매,물품,총액계약,제한경쟁,적격심사제,Y,해군군수사령부,ZD00289,해군군수사령부,ZD00289,87.995,6396051,6400000,5941818,2024-05-21,10:30:00,개찰완료,6081500,95.082,2024-05-21,티나라교육기획,김정한,김정한,608-35-18378,울산광역시 중구 태화로130-0 (태화동)
SCF0478,2,(긴급) 펌프  유압식 1종,물품,총액계약,제한경쟁,적격심사제,Y,해군군수사령부,ZD00289,해군군수사령부,ZD00289,87.995,8151586,8137000,7545455,2024-05-21,10:30:00,개찰완료,7173040,87.995,2024-05-21,창조통상,손수진,손수진,838-17-00612,경기도 용인시 처인구 명지로16번길25-0 (역북동) 우미린센트럴파크 107-1001
SCF0486,1,(긴급)밸브  볼형 등 54종,물품,총액계약,제한경쟁,적격심사제,Y,해군군수사령부,ZD00289,해군군수사령부,ZD00289,87.995,28465453,28157000,26193818,2024-05-21,13:00:00,개찰완료,26833620,94.267,2024-05-21,경진테크,정태경,정태경,501-31-70508,"경상남도 창원시 성산구 원이대로495 (반림동, 트리비앙아파트) 230동 1607호"
SCF0483,1,덮개  포구용 1종 제조,물품,총액계약,제한경쟁,적격심사제,Y,해군군수사령부,ZD00289,해군군수사령부,ZD00289,87.995,46615004,47000000,43750000,2024-05-21,10:30:00,개찰완료,41385480,88.781,2024-05-21,에스엔더블유테크,명노헌,명노헌,606-24-47532,부산광역시 강서구 가리새2로13번길14-0 (생곡동)
UMM0593,1,24-F-포말제독기 구매,물품,총액계약,제한경쟁,적격심사제,Y,국군재정관리단,ZD00303,국군재정관리단,ZD00303,87.995,123896257,124810000,115734545,2024-05-21,11:00:00,개찰완료,109023890,87.996,2024-05-21,그리마,이양숙,이양숙,121-18-58065,인천광역시 동구 화도로29-0 (화수동)2층
UMM0601,1,(246014-C) 케이블  전화기용(야전선) 구매,물품,총액계약,일반경쟁,적격심사제,Y,국군재정관리단,ZD00303,국군재정관리단,ZD00303,82.995,317716778,319865000,362209782,2024-05-21,11:00:00,개찰완료,264433961,83.229,2024-05-21,주식회사 우리아이티,천재호,유민화,121-86-23721,"인천광역시 서구 가남로61, 219호 (가좌동, 토지산업2차지식산업센타)"
UMM0589,1,24-N-0함대 예초관리 용역,용역,총액계약,일반경쟁,적격심사제,Y,국군재정관리단,ZD00303,국군재정관리단,ZD00303,87.995,380936365,377180000,374731818,2024-05-21,11:00:00,개찰완료,335238400,88.003,2024-05-21,(주)에이블이앤지,장윤경,심세영,122-81-95257,서울특별시 금천구 가산디지털2로184-0 (가산동) 423호
UMM0597,1,24-F-신호발생기 1품목 구매,물품,총액계약,제한경쟁,적격심사제,Y,국군재정관리단,ZD00303,국군재정관리단,ZD00303,87.995,111844458,111460000,103360000,2024-05-21,11:00:00,개찰완료,98417568,87.995,2024-05-21,주식회사 크리스탈,전수정,전수정,893-81-02388,대전광역시 서구 청사로136 (월평동) 12층 R1268호
UMM0602,1,(246233-C) 24년 이동식 산불진화장비 구매,물품,총액계약,일반경쟁,적격심사제,Y,국군재정관리단,ZD00303,국군재정관리단,ZD00303,82.995,289244059,289800000,271636364,2024-05-21,11:00:00,개찰완료,240069160,82.998,2024-05-21,주식회사 코리아종합관리,박기흥,조운현,139-81-37653,"인천광역시 계양구 도두리로21-0 (계산동, 이-프라자) 704호"
UMM0608,1, (24F115-I)24년 렌탈프린터 임차용역,용역,총액계약,제한경쟁,적격심사제,Y,국군재정관리단,ZD00303,국군재정관리단,ZD00303,87.745,84641605,84182352,78060000,2024-05-21,11:00:00,개찰완료,74271059,87.747,2024-05-22,꿈꾸는다락방,박진화,박진화,651-01-03175,경기도 이천시 신둔면 원적로449번길389-19
UMM0595,1,24-D-승강기 위탁관리 용역,용역,총액계약,제한경쟁,적격심사제,Y,국군재정관리단,ZD00303,국군재정관리단,ZD00303,87.995,66165601,66500000,61666400,2024-05-21,11:00:00,개찰완료,58740000,88.777,2024-05-21,삼정엘리베이터(주),최강진,최윤정,105-81-88159,"서울특별시 양천구 목동서로 301-5, 지하1층 B01호(신정동 319-20)"
UMM0587,1,(246167-D)빔프로젝터 도입사업(리스자산),물품,총액계약,일반경쟁,적격심사제,Y,국군재정관리단,ZD00303,국군재정관리단,ZD00303,82.995,1652075693,1641550000,1545863636,2024-05-21,11:00:00,개찰완료,1374784592,83.215,2024-05-21,(주)가이드삼정,문용만,문용만,107-86-46179,서울특별시 강서구 화곡로416 더 스카이밸리5차 1319호
EBB0194,1,2024 화학탐지장비세트(CAM2) 수리부속(일반),물품,총액계약,일반경쟁,적격심사제,Y,방위사업청,1690000,방위사업청,1690000,,417499194,418138000,0,2024-05-22,11:00:00,개찰완료,353744800,84.729,2024-05-22,(주)센서테크,김미숙,김미숙,129-81-34964,대전광역시 유성구 죽동로171 (죽동)
EBB0197,1,장갑차 부품(어댑터류),물품,총액계약,일반경쟁,적격심사제,Y,방위사업청,1690000,방위사업청,1690000,,323906851,323144000,0,2024-05-22,16:00:00,개찰완료,273988000,84.588,2024-05-22,예지정밀,김정모,오영애,606-33-69862,경상남도 김해시 대동면 대동산단4로146-9
EBH0009,1,24년 장비커버류(기동 총포),물품,총액계약,제한경쟁,적격심사제,Y,방위사업청,1690000,방위사업청,1690000,,17715259,17669000,0,2024-05-22,13:00:00,개찰완료,16041680,90.552,2024-05-22,부림산업,조주희,지서영,615-18-46614,경상남도 김해시 김해대로2646-0 (안동)
EBH0008,1,24년 발칸 유지부품(구매),물품,총액계약,일반경쟁,적격심사제,Y,방위사업청,1690000,방위사업청,1690000,,1439332616,1438775000,0,2024-05-22,11:00:00,개찰완료,1214150000,84.355,2024-05-22,에스브이에스주식회사,이진우,강문수,125-81-20605,경기도 안성시 공도읍 원승두길143-12
LCF0239,1,브래킷트 우측용 등 1항목 제조(총포),물품,총액계약,제한경쟁,적격심사제,Y,육군군수사령부,1290307,육군군수사령부,1290307,87.995,1553534,1566908,1424462,2024-05-22,10:30:00,개찰완료,1377700,88.681,2024-05-22,에스엔더블유테크,명노헌,명노헌,606-24-47532,부산광역시 강서구 가리새2로13번길14-0 (생곡동)
LCF0230,1,방수 주머니 등 16항목 구매(궤도-018),물품,총액계약,제한경쟁,적격심사제,Y,육군군수사령부,1290307,육군군수사령부,1290307,87.995,139718963,139284665,127527363,2024-05-22,11:30:00,개찰완료,122946790,87.995,2024-05-22,정우디앤피,이영남,이영남,201-13-59915,서울특별시 중구 퇴계로218-7 (필동2가)
LCF0229,1,개스킷 등 54항목 제조(자주포),물품,총액계약,제한경쟁,적격심사제,Y,육군군수사령부,1290307,육군군수사령부,1290307,87.995,22339198,22388460,20353145,2024-05-22,10:30:00,개찰완료,19668300,88.043,2024-05-22,금진산업,이강욱,이강욱,604-36-72339,부산광역시 사상구 삼락천로33-0 (삼락동)
LCF0233,1,펠트 기계식 성형식 등 21항목 제조(총포),물품,총액계약,제한경쟁,적격심사제,Y,육군군수사령부,1290307,육군군수사령부,1290307,87.995,1988924,1981970,1801791,2024-05-22,10:30:00,개찰완료,1843085,92.667,2024-05-22,이든산업,박용철,박용철,297-16-00624,부산광역시 강서구 호계로57번길20-0 (죽동동)
LCF0234,1,렌즈 등용 등 2항목 제조(총포),물품,총액계약,제한경쟁,적격심사제,Y,육군군수사령부,1290307,육군군수사령부,1290307,87.995,13504504,13446950,12224500,2024-05-22,10:30:00,개찰완료,11893500,88.07,2024-05-22,소올산업,김민경,김복겸,128-39-42496,강원특별자치도 춘천시 춘천로58(효자동)
LCF0235,1,덮개 보호용 등 60항목 제조(총포),물품,총액계약,제한경쟁,적격심사제,Y,육군군수사령부,1290307,육군군수사령부,1290307,87.995,194839558,194728470,177025882,2024-05-22,10:30:00,개찰완료,171461920,88.001,2024-05-22,주식회사 시그니처와이케이고,박영춘,박영춘,899-86-01631,"경기도 부천시 조마루로385번길92, 907호(원미동, 부천테크노밸리 U1 center)"
LDG0048,1,105밀리 고폭탄 파라핀 지환통 제조/생산능력,물품,총액계약,일반경쟁,적격심사제,Y,육군 탄약지원사령부,ZD00086,육군 탄약지원사령부,ZD00086,82.995,1585766111,1580280000,1436618182,2024-05-22,10:30:00,개찰완료,1373247517,86.598,2024-05-22,주식회사 수원지관산업,장주현,조길형,124-86-52147,경기도 화성시 향남읍 발안로679-14
LPF0048,1,24-27년 예비군 육성지원(프린터) 임차,용역,총액계약,제한경쟁,적격심사제,Y,제5067부대,ZD00019,제5067부대,ZD00019,87.745,184314178,185220000,168381818,2024-05-22,10:30:00,개찰완료,161737940,87.751,2024-05-23,유노코리아,권지은,권지은,501-08-74151,"경기도 의정부시 부용로174-0 (신곡동, 상록아이파크) 104동 201호"
LPF0049,1,24-27년 예비군 육성지원(공기청정기) 임차,용역,총액계약,제한경쟁,적격심사제,Y,제5067부대,ZD00019,제5067부대,ZD00019,87.745,138195636,136620000,124200000,2024-05-22,10:30:00,개찰완료,121279700,87.759,2024-05-23,주하라 댄스피트니스,김연재,김연재,215-63-00441,경기도 남양주시 진접읍 장현로134-0 3층
LQG0044,1,24년 전반기 공기청정기 필터 제조 납품,물품,총액계약,제한경쟁,적격심사제,Y,육군 52보병사단,ZD00273,육군 52보병사단,ZD00273,87.995,28814046,28847000,26354545,2024-05-22,10:30:00,개찰완료,25358508,88.007,2024-05-22,다모아필터 주식회사,양미정,양미정,837-87-02250,경상북도 구미시 산동읍 5공단7로74-0
SCF0259,3,24년 기체혼합기 정비,물품,총액계약,일반경쟁,적격심사제,Y,해군군수사령부,ZD00289,해군군수사령부,ZD00289,82.995,126911919,127000000,118645455,2024-05-22,10:30:00,개찰완료,110000000,86.674,2024-05-22,주식회사 에이앤지테크,김경훈,김욱용,696-88-00473,"경기도 부천시 원미구 도약로282번길6(도당동, AG빌딩)"
SCF0490,1,저울(30kg  150kg) 2종 구매,물품,총액계약,제한경쟁,적격심사제,Y,해군군수사령부,ZD00289,해군군수사령부,ZD00289,87.995,2403379,2400000,2406509,2024-05-22,10:30:00,개찰완료,2116000,88.042,2024-05-22,(주)씨앤씨솔루션,홍수정,김혜민,606-86-59002,부산광역시 강서구 녹산산업중로62-6 (송정동)
SCF0488,1,(긴급)실리카샌드 1종,물품,총액계약,제한경쟁,적격심사제,Y,해군군수사령부,ZD00289,해군군수사령부,ZD00289,87.995,12955492,13000000,12054545,2024-05-22,13:00:00,개찰완료,11652000,89.938,2024-05-22,삼영기계(주),한금태,양천국,306-81-17349,충청남도 공주시 월미농공단지길39-0 (월미동)
SFC0040,2,해병대 고유 무기체계별 맞춤식 정비개념 연구,용역,총액계약,2단계경쟁(동시),최저가격제,N,제9691부대,ZD00152,제9691부대,ZD00152,0,24787572,24868547,22727273,2024-05-22,10:30:00,개찰완료,21000000,84.719,2024-05-24,건양대학교 산학협력단,홍영기,김봉환,308-82-06340,"충청남도 논산시 대학로 121, 건양대학교 산학협력단(내동)"
SFC0041,2,인공근육 기반 전투원용 슈트 개발 발전방향 연구,용역,총액계약,2단계경쟁(동시),최저가격제,N,제9691부대,ZD00152,제9691부대,ZD00152,0,20334327,20442392,18690909,2024-05-22,10:30:00,개찰완료,18656000,91.746,2024-05-24,한성대학교 산학협력단,이정훈,심지민,209-82-08319,서울특별시 성북구 삼선교로16길116-0 (삼선동2가)
SFH0079,1,24-B-음식물쓰레기 처리기 임차장비 용역,용역,총액계약,제한경쟁,적격심사제,Y,제9196부대,ZD00370,제9196부대,ZD00370,82.995,540716154,540441170,501136364,2024-05-22,11:00:00,개찰완료,454942400,84.137,2024-05-22,에코스마트 주식회사,이현주,이현주,124-86-39445,경기도 화성시 팔탄면 무하로156번길9-0
SFN0038,1,24-Y-복-복지회관 신축사업 선행연구용역,용역,총액계약,2단계경쟁(동시),최저가격제,N,연평부대,ZD00160,연평부대,ZD00160,0,92050982,92486270,85760000,2024-05-22,10:30:00,개찰완료,65000000,70.613,2024-05-22,(사)국방시설연구협회,정주교,이도제,129-82-09370,"경기도 성남시 수정구 복정로84번길 22-15,(B-001호) (복정동)"
UAC0018,1,디지털인쇄재료 7종 수시 구매,물품,총액계약,제한경쟁,적격심사제,Y,국방출판지원단,ZD00908,국방출판지원단,ZD00908,87.995,46479510,46398000,43041000,2024-05-22,11:00:00,개찰완료,40901080,87.998,2024-05-23,디엔지유통,조창현,조창현,225-09-52643,"경기도 동두천시 생연로28, 306동 203호(지행동, 부영아파트)"
UMM0616,1,(246166-C) 24년 LAN용 UPS 제조설치(리스자산),물품,총액계약,제한경쟁,적격심사제,Y,국군재정관리단,ZD00303,국군재정관리단,ZD00303,87.995,1211211907,1212588235,1124400000,2024-05-22,11:00:00,개찰완료,1066440830,88.047,2024-05-22,주식회사 포인트이엔지,장갑상,장갑상,870-86-00062,경기도 군포시 공단로149-0 (당동)지하 104호
UMM0605,1,24-N-00사 얼음정수기(41대) 임차용역,용역,총액계약,제한경쟁,적격심사제,Y,국군재정관리단,ZD00303,국군재정관리단,ZD00303,87.745,93862046,94050000,87218182,2024-05-22,11:00:00,개찰완료,82369369,87.755,2024-05-22,주원글로벌,서진주,서진주,468-16-01259,"경상남도 창원시 성산구 원이대로774 (상남동, 성원아파트) 201동 2002호"
UMM0628,1,(24F123-I) 보급부대 근무분야 민간위탁 강원춘천,용역,총액계약,일반경쟁,적격심사제,Y,국군재정관리단,ZD00303,국군재정관리단,ZD00303,77.995,1848666209,1842421220,1727361255,2024-05-22,11:00:00,개찰완료,1806000000,97.692,2024-05-22,공우이엔씨 주식회사,이한기,장동규,120-87-79739,"서울특별시 영등포구 여의대방로43라길6-0 (신길동, 신길프라자3층)"
UMM0592,1,24-M-사열차 제조(248026-F),물품,총액계약,제한경쟁,적격심사제,Y,국군재정관리단,ZD00303,국군재정관리단,ZD00303,87.995,129922669,128470000,134545455,2024-05-22,11:00:00,개찰완료,118970000,91.569,2024-05-22,주식회사 와풀,송봉주,노재란,117-81-86004,경기도 김포시 월곶면 김포대로2708-37
UMM0606,1,(24F166-A) 렌탈프린터 용역,용역,총액계약,제한경쟁,적격심사제,Y,국군재정관리단,ZD00303,국군재정관리단,ZD00303,87.745,96884781,97247050,90174545,2024-05-22,11:00:00,개찰완료,85014050,87.747,2024-05-22,주식회사 퍼스트텍,양영선,방예림,842-87-00706,경기도 시흥시 문화마을로16번길45-0 3층 (대야동)
UMM0625,1,(246076-F) 들것  플라스틱 구매,물품,총액계약,제한경쟁,적격심사제,Y,국군재정관리단,ZD00303,국군재정관리단,ZD00303,87.995,139647249,139852940,129681818,2024-05-22,11:00:00,개찰완료,122892000,88.001,2024-05-22,주식회사 제이씨이앤엠,박찬우,박찬우,106-86-92568,경기도 고양시 일산서구 덕이로281-18 (덕이동)
HCF0130,1,24-H-46 합성기 전기 주파수용,물품,총액계약,제한경쟁,적격심사제,Y,공군군수사령부,ZD00306,공군군수사령부,ZD00306,87.995,44138875,43901000,42360000,2024-05-23,10:30:00,개찰완료,38842770,88.001,2024-05-23,반석유통,편미영,편미영,721-03-01733,"대전광역시 유성구 지족로362 (지족동, 반석마을아파트3단지) 302-1404"
HCF0131,1,[항자단] 워커 그리스용,물품,총액계약,제한경쟁,적격심사제,Y,공군군수사령부,ZD00306,공군군수사령부,ZD00306,87.995,68499861,68714706,63717273,2024-05-23,10:30:00,개찰완료,60277400,87.996,2024-05-23,주식회사 진성하이텍,조종열,조종열,403-81-83460,"경상남도 창원시 마산합포구 해안대로91, 상가 205호(해운동, 경민시티빌)"
HCF0132,1,[항자단] 동판부식 시험기 등 4종,물품,총액계약,제한경쟁,적격심사제,Y,공군군수사령부,ZD00306,공군군수사령부,ZD00306,87.995,112918205,112860000,105948073,2024-05-23,10:30:00,개찰완료,99363640,87.996,2024-05-23,영흥인퍼스,홍현기,홍현기,130-39-75914,"경기도 부천시 원미구 조마루로385번길122, 1012호(춘의동, 삼보테크노타워)"
HCF0128,1,[항공등화 부품]전지 축전식 구매,물품,총액계약,제한경쟁,적격심사제,Y,공군군수사령부,ZD00306,공군군수사령부,ZD00306,87.995,51260096,51232431,47506436,2024-05-23,10:30:00,개찰완료,45106322,87.995,2024-05-23,인플(interior plus),정현석,정현석,763-01-00919,부산광역시 사상구 새벽시장로29번길48-0 (감전동) 1층
HCF0129,1,24-H-32 발전기  기능용  전자시험용,물품,총액계약,제한경쟁,적격심사제,Y,공군군수사령부,ZD00306,공군군수사령부,ZD00306,87.995,36222736,36214588,33580800,2024-05-23,10:30:00,개찰완료,31896700,88.057,2024-05-23,주식회사 티엠시스,김선철,김선철,122-88-00967,경기도 성남시 수정구 성남대로1210번길16-2 비01호(수진동)
HDG0013,1,<24-47> 24년 공군 10비 특수건강진단 민간위탁용역,용역,총액계약,제한경쟁,적격심사제,Y,공군제10전투비행단,ZD00184,공군제10전투비행단,ZD00184,87.745,110594126,110726470,102673630,2024-05-23,11:00:00,개찰완료,97156650,87.849,2024-05-23,안양세종의원,김영득,김정인,123-90-42793,경기도 안양시 만안구 충훈로83-0 (석수동)
LCF0242,1,덮개조립체 포탑용 등 12항목 구매(항공),물품,총액계약,제한경쟁,적격심사제,Y,육군군수사령부,1290307,육군군수사령부,1290307,87.995,59219722,59251070,53864609,2024-05-23,11:00:00,개찰완료,52187157,88.124,2024-05-24,부림산업,조주희,지서영,615-18-46614,경상남도 김해시 김해대로2646-0 (안동)
LCF0220,1,내부방탄복  판문점 등 1항목 제조(피복),물품,총액계약,제한경쟁,적격심사제,Y,육군군수사령부,1290307,육군군수사령부,1290307,87.995,22950318,22846330,20769391,2024-05-23,11:00:00,개찰완료,20197710,88.006,2024-05-23,주식회사 순수팩토리,신지원,신지원,154-87-01267,경기도 고양시 덕양구 삼원로40-1 (삼송동)
LCF0187,1,심장세동제거기검사기 등 1항목 구매(의무),물품,총액계약,제한경쟁,적격심사제,Y,육군군수사령부,1290307,육군군수사령부,1290307,87.995,22787689,22604000,20549091,2024-05-23,11:00:00,개찰완료,20052050,87.995,2024-05-24,디케이컴퍼니(DK company),권정훈,권정훈,176-19-00503,"경기도 용인시 처인구 포곡읍 포곡로118번길52-12 , E동 401호(샤론빌리지)"
LCF0243,1,방진마스크(N95) 등 7항목 구매(의무),물품,총액계약,제한경쟁,적격심사제,Y,육군군수사령부,1290307,육군군수사령부,1290307,87.995,23678860,23713711,29827392,2024-05-23,11:00:00,개찰완료,20836340,87.995,2024-05-24,아트소마,유진숙,유진숙,826-77-00103,"서울특별시 서대문구 홍연길77-0 (연희동, 한인트윈빌) 202호 C-46"
LCF0237,1,소켓 소켓 렌치용 등 12항목 구매(항공공구),물품,총액계약,제한경쟁,적격심사제,Y,육군군수사령부,1290307,육군군수사령부,1290307,87.995,183476930,182145815,165587105,2024-05-23,11:00:00,개찰완료,161452000,87.995,2024-05-23,케이 글로벌,김간순,김간순,314-13-57455,대전광역시 대덕구 대화로160-0 (대화동) 1동 306호(산업용재유통상가)
LCF0238,1,자동 에어릴 등 10항목 구매(항공공구),물품,총액계약,제한경쟁,적격심사제,Y,육군군수사령부,1290307,육군군수사령부,1290307,87.995,125492558,125956829,114506208,2024-05-23,11:00:00,개찰완료,110427392,87.995,2024-05-23,거송비드프로,송종형,송종형,369-11-02392,"경상남도 창녕군 부곡면 온천중앙로34, 2층(중앙상가)"
LCF0221,1,고정구 무기 구성품 정비용 등 13항목 제조(총포공구),물품,총액계약,제한경쟁,적격심사제,Y,육군군수사령부,1290307,육군군수사령부,1290307,87.995,123335329,123008288,111825716,2024-05-23,11:00:00,개찰완료,108555000,88.016,2024-05-23,환호테크,서선희,서선희,688-19-00326,부산광역시 사상구 가야대로103번길10(감전동)
LCF0224,1,유압식 쇼트램 등 4항목 구매(궤도공구),물품,총액계약,일반경쟁,적격심사제,Y,육군군수사령부,1290307,육군군수사령부,1290307,82.995,265685508,263533067,239575515,2024-05-23,11:00:00,개찰완료,220519870,83,2024-05-23,서인상사,정영경,정영경,421-51-00121,"경기도 성남시 중원구 금상로134, 107동 702호(상대원동, 선경상대원2차아파트)"
LCF0225,1,충전 햄머 드릴 등 3항목 구매(궤도공구),물품,총액계약,제한경쟁,적격심사제,Y,육군군수사령부,1290307,육군군수사령부,1290307,87.995,198497011,197963876,179967160,2024-05-23,11:00:00,개찰완료,174667602,87.995,2024-05-23,착한참치상회,이민규,이민규,552-05-02260,경기도 수원시 영통구 광교중앙로240-0 (하동) 1층 107호 착한참치상회
LCF0226,1,인버터 등 7항목 구매(궤도공구),물품,총액계약,일반경쟁,적격심사제,Y,육군군수사령부,1290307,육군군수사령부,1290307,82.995,269842121,269670141,245154674,2024-05-23,11:00:00,개찰완료,237552000,88.033,2024-05-23,동진테크,주진희,주진희,176-58-00273,부산광역시 사상구 낙동대로901번길25-38(감전동)
LCF0223,1,솔 세척용 프라이머용 등 29항목 구매(총포공구),물품,총액계약,제한경쟁,적격심사제,Y,육군군수사령부,1290307,육군군수사령부,1290307,87.995,70904628,70375983,64087320,2024-05-23,11:00:00,개찰완료,62393230,87.995,2024-05-23,에스와이유통,김춘임,김춘임,208-17-99823,"경기도 하남시 역말로15번길35, 103동 301호(덕풍동, 덕풍쌍용아파트)"
LCF0222,1,어댑터 호이스트용 등 14항목 제조(총포공구),물품,총액계약,제한경쟁,적격심사제,Y,육군군수사령부,1290307,육군군수사령부,1290307,87.995,44097420,44214361,40194874,2024-05-23,11:00:00,개찰완료,38872350,88.151,2024-05-23,동창원산업(주),정창,문혜영,553-81-01007,경상남도 의령군 용덕면 의합대로123-7
LCG0040,1,[24-육-90] 전반기 예비군지휘관 근무복류 제조 구매,물품,총액계약,제한경쟁,적격심사제,Y,육군본부,1290298,육군본부,1290298,87.995,13421897,13412740,12193400,2024-05-23,12:00:00,개찰완료,11836202,88.185,2024-05-24,성진에스앤에프 주식회사,이성훈,이성훈,144-81-34115,경기도 용인시 처인구 모현읍 백옥대로2101번길63-48
LIK0037,1, ‘24년 부대계약 부식(7~9월)(빵류) 제조 / 구매,물품,단가계약,일반경쟁,적격심사제,Y,제2217부대,ZD01107,제2217부대,ZD01107,82.995,1136066,1122303,937659320,2024-05-23,10:30:00,개찰완료,943969,83.091,2024-05-23,천지수산,최재우,최재우,804-38-00671,"부산광역시 서구 원양로35-0 (암남동) 도매장동 2층 31호, 39호, 40호, 119호, 120호, 125호"
LMK0024,1,[24-C21] 24년 제초 용역 계약,용역,총액계약,일반경쟁,적격심사제,Y,제3007부대,ZD00363,제3007부대,ZD00363,87.995,315365854,314735400,286123091,2024-05-23,10:30:00,개찰완료,277513850,87.997,2024-05-23,(주)탑이에프아이,안인호,안인호,221-81-28074,강원특별자치도 홍천군 북방면 성동로66-0
SCF0496,1,전지  축전식 5 680EA 구매,물품,총액계약,제한경쟁,적격심사제,Y,해군군수사령부,ZD00289,해군군수사령부,ZD00289,87.995,12793346,12800000,11876364,2024-05-23,10:30:00,개찰완료,11257700,87.996,2024-05-23,리브뉴,강미현,강미현,216-10-71453,경상남도 남해군 상주면 상주로68번길13-5
SCF0497,1,펌프  원심식 등 12종 구매,물품,총액계약,제한경쟁,적격심사제,Y,해군군수사령부,ZD00289,해군군수사령부,ZD00289,87.995,89617616,90000000,101411000,2024-05-23,10:30:00,개찰완료,79470000,88.676,2024-05-23,토탈marine,허광주,허광주,878-38-00842,경상남도 창원시 마산회원구 회원동로42-1 (회원동)
SCF0493,1,교정기  전압용 등 8종 구매,물품,총액계약,일반경쟁,적격심사제,Y,해군군수사령부,ZD00289,해군군수사령부,ZD00289,82.995,450357727,451000000,421651091,2024-05-23,10:30:00,개찰완료,373827590,83.006,2024-05-23,스피드,김혜명,김혜명,697-60-00278,"인천광역시 미추홀구 토금남로4번길25-12, 101호(용현동, 선영하이츠빌)"
SCF0498,1,컵 세라믹제 등 7종 구매,물품,총액계약,제한경쟁,적격심사제,Y,해군군수사령부,ZD00289,해군군수사령부,ZD00289,87.995,26095618,26000000,24114727,2024-05-23,10:30:00,개찰완료,22978520,88.055,2024-05-23,다엘시스템,임혜영,임혜영,773-09-00800,"충청남도 부여군 부여읍 중앙로11, 2층"
SCF0491,1,전원 공급 모듈 등 2종 구매,물품,총액계약,제한경쟁,적격심사제,Y,해군군수사령부,ZD00289,해군군수사령부,ZD00289,87.995,35978413,36000000,33636364,2024-05-23,10:30:00,개찰완료,31713660,88.146,2024-05-23,서광전자,오복룡,오복룡,608-40-76028,경상남도 창원시 진해구 이동로69번길 12()
SCF0495,1,프로펠러  선박용 등 4종 구매,물품,총액계약,제한경쟁,적격심사제,Y,해군군수사령부,ZD00289,해군군수사령부,ZD00289,87.995,164315636,164000000,152541364,2024-05-23,10:30:00,개찰완료,144591820,87.996,2024-05-23,제이에스컴퍼니,오정심,오정심,163-13-00994,"경기도 남양주시 화도읍 수레로1233번길34, 113-802"
SFD0045,1,24-P-용-01 침수예방사업 선행연구용역,용역,총액계약,제한경쟁,적격심사제,Y,제9227부대,ZD00150,제9227부대,ZD00150,87.745,98109341,98039000,90909091,2024-05-23,10:30:00,개찰완료,86107500,87.766,2024-05-23,주식회사 태양이엔지,김자이,박진호,251-86-02750,경상북도 포항시 북구 대해로15-0 (죽도동) 2층
UMM0512,2,(246176-E) 절삭유 통합 공급장치 제조 설치,물품,총액계약,일반경쟁,적격심사제,Y,국군재정관리단,ZD00303,국군재정관리단,ZD00303,82.995,426701329,429095090,397888182,2024-05-23,11:00:00,개찰완료,357737160,83.837,2024-05-23,주식회사지텍,김금옥,김금옥,605-81-43424,경기도 김포시 양촌읍 황금3로7번길36 (학운리)
UMM0620,1,24-N-OO사 조경관리 용역,용역,총액계약,제한경쟁,적격심사제,Y,국군재정관리단,ZD00303,국군재정관리단,ZD00303,87.995,63904160,63990000,59340000,2024-05-23,11:00:00,개찰완료,56236772,88.001,2024-05-23,주식회사 조은조경나무병원,김혜영,황중수,342-88-01731,"경상북도 경산시 성암로3길6, 1층 (옥산동)"
EBB0199,1,조준장치 등(지명),물품,총액계약,지명경쟁,적격심사제,Y,방위사업청,1690000,방위사업청,1690000,,1960003993,1967959000,0,2024-05-24,11:00:00,개찰완료,1672740000,85.343,2024-05-24,(주)우경광학,류재복,ZHENG SHUNHUA,134-86-92369,경기도 안산시 단원구 해봉로334-0 (신길동)
EBB0203,1,스페이서류,물품,총액계약,일반경쟁,적격심사제,Y,방위사업청,1690000,방위사업청,1690000,,608114463,606990000,0,2024-05-24,11:00:00,개찰완료,512330000,84.248,2024-05-24,주식회사덕인,장남인,임병성,141-81-50004,경상남도 양산시 유산공단3길33-0 (교동)
EBB0200,1,하우징류,물품,총액계약,일반경쟁,적격심사제,Y,방위사업청,1690000,방위사업청,1690000,,192146616,192409000,0,2024-05-24,11:00:00,개찰완료,161100000,83.842,2024-05-24,주식회사덕인,장남인,임병성,141-81-50004,경상남도 양산시 유산공단3길33-0 (교동)
EBB0202,1,연막탄발사기 부품류,물품,총액계약,일반경쟁,적격심사제,Y,방위사업청,1690000,방위사업청,1690000,,405906569,405666000,0,2024-05-24,16:00:00,개찰완료,354578514,87.354,2024-05-24,주식회사 엔아이티,전규성,전규성,666-88-02830,"경상북도 김천시 혁신로288-5, 303호(율곡동, 스네일파크)"
HCG0018,1,24-미래 한국공군 훈련기 성능 및 적정 규모 연구,용역,총액계약,2단계경쟁(동시),최저가격제,N,공군본부,1290339,공군본부,1290339,0,43085365,43138000,39285455,2024-05-24,11:00:00,개찰완료,28000000,64.987,2024-05-24,사단법인 안보경영연구원,전건욱,조대현,120-82-07415,"서울특별시 강남구 언주로527, 10층 (역삼동)"
LCF0244,1,230mm 창정비시설 관급(방폭형 항온항습기) 제조설치,물품,총액계약,일반경쟁,적격심사제,Y,육군군수사령부,1290307,육군군수사령부,1290307,82.995,1447695979,1449401000,1317637273,2024-05-24,10:30:00,개찰완료,1201657680,83.004,2024-05-24,주식회사 대성테크윈,성낙구,성낙구,606-81-82890,경상남도 김해시 상동면 상동로 450-9()
LDG0049,1,24~27년 얼음정수기(45대) 임차 용역,용역,총액계약,일반경쟁,적격심사제,Y,육군 탄약지원사령부,ZD00086,육군 탄약지원사령부,ZD00086,87.745,73754683,72936000,66305455,2024-05-24,10:30:00,개찰완료,64719000,87.749,2024-05-24,케이제이상사,강주현,강주현,121-22-16010,경기도 부천시 원미구 삼작로286-0 (도당동) 1층
LDG0051,1,24년 폐기물(혼용재질) 위탁처리 용역,용역,총액계약,일반경쟁,적격심사제,Y,육군 탄약지원사령부,ZD00086,육군 탄약지원사령부,ZD00086,84.245,100118614,99220000,90200000,2024-05-24,10:30:00,개찰완료,84516383,84.416,2024-05-24,주식회사 이한산업,김학민,전미숙,587-86-01039,충청남도 아산시 선장면 삽교천로2-35
LDG0052,1,24년 폐기물(PCP상자) 위탁처리 용역,용역,총액계약,일반경쟁,적격심사제,Y,육군 탄약지원사령부,ZD00086,육군 탄약지원사령부,ZD00086,84.245,199843841,201600000,183272727,2024-05-24,10:30:00,개찰완료,170200800,85.166,2024-05-24,네이처이앤티주식회사,이호진,김동현,506-81-04518,경상북도 포항시 남구 대송면 철강로492번길49
LDH0504,1,K9자주포 나사등20종 구매,물품,총액계약,제한경쟁,적격심사제,Y,제2879부대,ZD00347,제2879부대,ZD00347,87.995,5459469,5506000,5106258,2024-05-24,13:00:00,개찰완료,4834800,88.558,2024-05-27,코비상사,김일우,김일우,104-36-00539,"부산광역시 강서구 명지국제2로41-0 (명지동, 더샵 명지퍼스트월드 3단지) 309동 2406호"
LDH0505,1,K9자주포 롤러등4종 구매,물품,총액계약,제한경쟁,적격심사제,Y,제2879부대,ZD00347,제2879부대,ZD00347,87.995,2472670,2494000,2312625,2024-05-24,13:00:00,개찰완료,2193900,88.725,2024-05-27,에스케이(SK)산업,박수경,박수경,449-03-02636,경상남도 창원시 성산구 원이대로774 (상남동) 512-304
LDH0506,1,K9자주포 슬리브등2종 구매,물품,총액계약,제한경쟁,적격심사제,Y,제2879부대,ZD00347,제2879부대,ZD00347,87.995,6006659,5972000,5538349,2024-05-24,13:00:00,개찰완료,5291500,88.093,2024-05-27,선우테크,권은향,권은향,882-31-01098,"경상남도 창원시 의창구 반계로104-21 (팔용동, 벽산블루밍아파트B단지)103동701호"
LDH0507,1,K9자주포 안내기등4종 구매,물품,총액계약,제한경쟁,적격심사제,Y,제2879부대,ZD00347,제2879부대,ZD00347,87.995,6686410,6702000,6215455,2024-05-24,13:00:00,개찰완료,5886300,88.033,2024-05-27,에스케이(SK)산업,박수경,박수경,449-03-02636,경상남도 창원시 성산구 원이대로774 (상남동) 512-304
LDH0508,1, K9자주포 오링등19종 구매,물품,총액계약,제한경쟁,적격심사제,Y,제2879부대,ZD00347,제2879부대,ZD00347,87.995,4588342,4598000,4264175,2024-05-24,13:00:00,개찰완료,4046010,88.18,2024-05-27,도하테크,이은선,이은선,480-27-01672,부산광역시 강서구 대저로3번길52-15 (대저1동)
LDH0509,1,K9자주포 호스조립체등3종 구매,물품,총액계약,제한경쟁,적격심사제,Y,제2879부대,ZD00347,제2879부대,ZD00347,87.995,1881826,1871000,1735500,2024-05-24,13:00:00,개찰완료,1656000,87.999,2024-05-27,현대정밀가스켓,이의정,이의정,605-45-63500,부산광역시 사상구 가야대로175번길29-0 (감전동)
LDH0522,1, K9자주포 나사 기계용등10종 구매,물품,총액계약,제한경쟁,적격심사제,Y,제2879부대,ZD00347,제2879부대,ZD00347,87.995,7496645,7528000,6981334,2024-05-24,13:00:00,개찰완료,6612500,88.206,2024-05-27,주안산업,강선자,강선자,885-22-01630,"경상남도 창원시 의창구 반계로104-9 (팔용동, 팔용벽산블루밍A단지)206-505"
LDH0510,1,K1전차 스위치 등 5종 구매,물품,총액계약,제한경쟁,적격심사제,Y,제2879부대,ZD00347,제2879부대,ZD00347,87.995,51390782,51419000,47679455,2024-05-24,13:00:00,개찰완료,50390620,98.053,2024-05-27,모아컴,이상주,이상주,217-15-72222,서울특별시 송파구 양산로12 (거여동) 세신거여훼미리타운 303호
LDH0512,1,K9자주포 베어링등17종 구매,물품,총액계약,제한경쟁,적격심사제,Y,제2879부대,ZD00347,제2879부대,ZD00347,87.995,8594970,8496000,7878142,2024-05-24,13:00:00,개찰완료,8490000,98.778,2024-05-27,현대정밀가스켓,이의정,이의정,605-45-63500,부산광역시 사상구 가야대로175번길29-0 (감전동)
LDH0513,1, K9자주포 부싱등4종 구매,물품,총액계약,제한경쟁,적격심사제,Y,제2879부대,ZD00347,제2879부대,ZD00347,87.995,2012455,2021000,1874820,2024-05-24,13:00:00,개찰완료,1775500,88.225,2024-05-27,에스엔더블유테크,명노헌,명노헌,606-24-47532,부산광역시 강서구 가리새2로13번길14-0 (생곡동)
LDH0516,1,K10탄운차 베어링등7종 구매,물품,총액계약,제한경쟁,적격심사제,Y,제2879부대,ZD00347,제2879부대,ZD00347,87.995,7403421,7415000,6876564,2024-05-24,13:00:00,개찰완료,6542600,88.372,2024-05-27,덕산베아링,신복승,박준배,605-01-99630,부산광역시 부산진구 서전로9번길 38()
LHG0024,1,24년 공기청정기 필터 제조 구매 ,물품,총액계약,제한경쟁,적격심사제,Y,제1862부대,ZD00002,제1862부대,ZD00002,87.995,154547810,154425000,140386364,2024-05-24,10:30:00,개찰완료,135999000,87.998,2024-05-24,(주)더원필터,조병덕,김보상,128-81-64413,경기도 고양시 일산동구 공릉천로71번길38-9 (사리현동)
LIK0023,1,24년 정비피복 제조계약,물품,총액계약,2단계경쟁(동시),최저가격제,N,제2217부대,ZD01107,제2217부대,ZD01107,0,145352801,145673000,132430000,2024-05-24,10:30:00,개찰완료,138389350,95.209,2024-05-24,주식회사 하이디,김건수,노현웅,141-81-18585,경기도 파주시 법원읍 파주로2550-0
LKD0049,1,24~27년 32사단 식기세척기 임차 용역,용역,총액계약,제한경쟁,적격심사제,Y,제32보병사단,ZD00012,제32보병사단,ZD00012,87.745,183802991,183312000,166647273,2024-05-24,11:00:00,개찰완료,161717100,87.983,2024-05-27,굿모닝테크,최정은,최정은,828-12-01827,충청남도 논산시 부적면 부인길160-0
LPC0024,1,24년 72여단 제초 용역,용역,총액계약,제한경쟁,적격심사제,Y,제25보병사단,ZD00029,제25보병사단,ZD00029,87.995,180559052,178986350,169750555,2024-05-24,11:00:00,개찰완료,158885346,87.996,2024-05-24,주식회사 청목,최홍아,김덕기,613-81-47775,경상남도 남해군 이동면 남해대로2431번길71
MHD0055,1,방위사업 원가계산 외부용역(6차),용역,총액계약,협상에의한계약(전자),협상,N,방위사업청(운영지원과),1690000,방위사업청(운영지원과),1690000,,482460000,,438600000,2024-05-24,15:00:00,개찰완료,374000000,77.519,2024-06-11,태성회계법인,남상환,이소,220-87-60393,"서울특별시 강남구 역삼로25길35, 5층 (역삼동, 청오큐브타워)"
SCL0025,1,24-00학교 교내식당 위탁용역,용역,총액계약,협상에의한계약(전자),협상,N,해군사관학교,1290331,해군사관학교,1290331,,16380000000,,14890909091,2024-05-24,10:00:00,개찰완료,16380000000,100,2024-06-20,푸디스트 주식회사,박정훈,김영찬,711-81-01637,서울특별시 용산구 청파로363(서계동)
SFC0065,1,행잉화일 등 70품목 구매,물품,총액계약,제한경쟁,적격심사제,Y,제9691부대,ZD00152,제9691부대,ZD00152,87.995,9679571,9707360,8824873,2024-05-24,10:30:00,개찰완료,8542160,88.249,2024-05-24,협성산업사,임종금,임종금,113-14-93398,서울특별시 구로구 고척동103-4 고척상가 나동 사-178
SFC0067,1,토너 등 6품목 구매,물품,총액계약,제한경쟁,적격심사제,Y,제9691부대,ZD00152,제9691부대,ZD00152,87.995,27334153,27498920,25499000,2024-05-24,10:30:00,개찰완료,24053040,87.996,2024-05-24,제이씨드림,김현구,김현구,772-18-00416,울산광역시 울주군 온양읍 남창로944-2
UMM0604,1,24-F-공기호흡기 등 2종 구매,물품,총액계약,제한경쟁,적격심사제,Y,국군재정관리단,ZD00303,국군재정관리단,ZD00303,87.995,181849273,183600000,171000000,2024-05-24,11:00:00,개찰완료,160037250,88.005,2024-05-24,휴앤케어,박진형,박진형,504-25-54471,대구광역시 북구 학남로60 (학정동)
UMM0622,1,(246140-B) 4방향 차입식 팔레트 2종 제조,물품,총액계약,일반경쟁,적격심사제,Y,국군재정관리단,ZD00303,국군재정관리단,ZD00303,82.995,480047579,480767340,463889373,2024-05-24,11:00:00,개찰완료,402161000,83.775,2024-05-24,금성목재,유재득,유왕승,603-23-61241,부산광역시 사하구 하신중앙로84-0 (신평동)
UMM0614,1,(247170-C) 병원장비소모품(1) 119품목 구매,물품,총액계약,일반경쟁,적격심사제,Y,국군재정관리단,ZD00303,국군재정관리단,ZD00303,82.995,556084023,555685440,538839300,2024-05-24,11:00:00,개찰완료,463092742,83.277,2024-05-24,주식회사 멀티열린세상,주영철,주상원,161-81-00018,"경기도 광명시 광명로786번길4 (광명동),301호"
UMM0619,1,(247021-H)내부망웹메일메신저노후교체(리스자산),물품,총액계약,일반경쟁,적격심사제,Y,국군재정관리단,ZD00303,국군재정관리단,ZD00303,87.995,233045290,231862740,215000000,2024-05-24,11:00:00,개찰완료,205073000,87.997,2024-05-24,지후,하창헌,하창헌,856-02-01309,경기도 고양시 덕양구 행신로131-11 (행신동) 304-2002
UMM0621,1,(24F174-A) 부대관리 민간 제초관리용역,용역,총액계약,일반경쟁,적격심사제,Y,국군재정관리단,ZD00303,국군재정관리단,ZD00303,87.995,272015813,271104980,282832900,2024-05-24,11:00:00,개찰완료,239365000,87.996,2024-05-24,주식회사 네이처조경,정영재,정영재,648-81-01926,"대구광역시 동구 이노밸리로26길18, 1층 106호(각산동, 성덕빌딩)"
HCG0006,2,24-미래 공군병력 부족 대비 인력공급 확대방안 연구,용역,총액계약,협상에의한계약(전자),협상,N,공군본부,1290339,공군본부,1290339,,39396000,,35814545,2024-05-27,11:00:00,개찰완료,36000000,91.379,2024-06-09,연세대학교 산학협력단,홍종일,권소희,110-82-10500,"서울특별시 서대문구 연세로 50, 연세대학교(신촌동)"
LCF0246,1,펌프 원심식 등 5항목 구매(일장-004),물품,총액계약,제한경쟁,적격심사제,Y,육군군수사령부,1290307,육군군수사령부,1290307,87.995,104237643,104138400,94671273,2024-05-27,10:30:00,개찰완료,102055300,97.906,2024-05-27,주식회사 에코비투,하영임,현영철,110-86-05795,"경기도 고양시 덕양구 삼원로73, 721호(원흥동, 원흥한일윈스타)"
LCF0245,1,밸브 체크형 등 36항목 구매(일장-010),물품,총액계약,일반경쟁,적격심사제,Y,육군군수사령부,1290307,육군군수사령부,1290307,82.995,262189122,262637343,238761221,2024-05-27,10:30:00,개찰완료,217788316,83.065,2024-05-27,주식회사 대성에프앤디,조태광,조태광,331-88-00810,부산광역시 강서구 맥도강변길912-47 (대저2동)
LFS0002,1,AI를 적용한 화생방 드론봇 전력체계 연구 용역,용역,총액계약,2단계경쟁(동시),최저가격제,N,육군화학학교,ZD00039,육군화학학교,ZD00039,0,35851041,35980390,33363636,2024-05-27,15:00:00,개찰완료,35000000,97.626,2024-05-27,주식회사 씨이엠아이,박재완,박재완,314-86-32138,"대전광역시 유성구 대학로31-0 (봉명동, 유성한진오피스텔) 2215호"
LGT0026,1,24년 군 주거시설 개선사업 선행연구(24-GD-51),용역,총액계약,2단계경쟁(동시),최저가격제,N,제2307부대,ZD00001,제2307부대,ZD00001,0,143038863,144111650,131010591,2024-05-27,10:30:00,개찰완료,72000000,50.335,2024-05-27,(사)국방시설연구협회,정주교,이도제,129-82-09370,"경기도 성남시 수정구 복정로84번길 22-15,(B-001호) (복정동)"
MHD0057,1,소형무장헬기 양산 패키지 시설사업(4차),용역,총액계약,협상에의한계약(전자),협상,N,방위사업청(운영지원과),1690000,방위사업청(운영지원과),1690000,,72000000,,65454545,2024-05-27,15:00:00,개찰완료,64900000,90.138,2024-08-06,(주)에프오알엠도시건축공간연구소,권시형,양진,264-81-32634,"서울특별시 송파구 법원로11길25-0, A동 1310호(문정동, 에이치비즈니스파크)"
UMM0610,1,24-N-기 신호용 등 134종 제조(248130-F),물품,총액계약,제한경쟁,적격심사제,Y,국군재정관리단,ZD00303,국군재정관리단,ZD00303,87.995,158362126,156220000,144867482,2024-05-27,11:00:00,개찰완료,144815940,91.446,2024-05-27,주식회사 엔미디어솔루션,조윤규,김정언,119-86-53412,"인천광역시 계양구 계산새로71, 비동 310호(계산동, 하이베라스)"
UMM0626,1,24-F-전동카트  승용식 1종 구매,물품,총액계약,일반경쟁,적격심사제,Y,국군재정관리단,ZD00303,국군재정관리단,ZD00303,82.995,624534851,625490000,580000000,2024-05-27,11:00:00,개찰완료,518352800,82.998,2024-05-27,삼보기업,박미숙,박미숙,463-28-00092,"경기도 고양시 덕양구 원당로59번길120-0 (주교동, 예중파크뷰아파트) 101동 10층 3호"
UMM0629,1,24-N-통신기반체계 이전 광전송장치 제조,물품,총액계약,제한경쟁,적격심사제,Y,국군재정관리단,ZD00303,국군재정관리단,ZD00303,87.995,110815065,111060000,102991818,2024-05-27,11:00:00,개찰완료,97634599,88.105,2024-05-27,(주)신용아이엔씨,최성식,최성식,409-81-77573,전라남도 장성군 남면 나노산단2로106
UMM0613,1,24-F-군사경찰 방탄헬멧 제조,물품,총액계약,제한경쟁,적격심사제,Y,국군재정관리단,ZD00303,국군재정관리단,ZD00303,87.995,86186633,86100000,91222091,2024-05-27,11:00:00,개찰완료,75854000,88.011,2024-05-27,주식회사 비엠아이,심정훈,강원묵,132-86-34096,"경기도 남양주시 진건읍 진관산단로54번길3, 2층"
EBB0205,1,브래킷  판류,물품,총액계약,일반경쟁,적격심사제,Y,방위사업청,1690000,방위사업청,1690000,,286068322,286261000,0,2024-05-28,11:00:00,개찰완료,242500000,84.769,2024-05-28,우창기계 주식회사,김운태,우성제,609-81-35829,경상남도 창원시 성산구 공단로324-21 (웅남동)
EBB0207,1,24년 장갑전투도자 부품(구매),물품,총액계약,일반경쟁,적격심사제,Y,방위사업청,1690000,방위사업청,1690000,,339168428,339690000,0,2024-05-28,11:00:00,개찰완료,289982590,85.498,2024-05-28,에스엔더블유테크,명노헌,명노헌,606-24-47532,부산광역시 강서구 가리새2로13번길14-0 (생곡동)
EBH0011,1,24년 KGGB 수리부속,물품,총액계약,일반경쟁,적격심사제,Y,방위사업청,1690000,방위사업청,1690000,,733848385,737982000,0,2024-05-28,11:00:00,개찰완료,632819000,86.232,2024-05-28,와이디일렉트로닉스 주식회사,김희수,김희수,661-87-00510,"부산광역시 금정구 개좌로273-20 (회동동), 브이원타워 604호"
EKA0013,1,망원경 엘보형(방향틀용),물품,총액계약,일반경쟁,적격심사제,Y,방위사업청,1690000,방위사업청,1690000,,434126449,430768000,0,2024-05-28,10:30:00,개찰완료,363998000,83.846,2024-05-29,(주)우경광학,류재복,ZHENG SHUNHUA,134-86-92369,경기도 안산시 단원구 해봉로334-0 (신길동)
EKA0011,1,덮개 입구용(방향틀용),물품,총액계약,제한경쟁,적격심사제,Y,방위사업청,1690000,방위사업청,1690000,,164301929,164801000,0,2024-05-28,10:30:00,개찰완료,144662320,88.046,2024-05-29,주식회사 에이지광학,이수경,이수경,410-81-58538,"경기도 화성시 동탄역로156, 에이동 1012호(오산동, 동탄역 롯데캐슬)"
HCF0138,1,24-H-22 중 고층 자주식 고소작업대,물품,총액계약,제한경쟁,적격심사제,Y,공군군수사령부,ZD00306,공군군수사령부,ZD00306,87.995,48939556,48874510,45320000,2024-05-28,10:30:00,개찰완료,43065200,87.996,2024-05-28,주식회사 이음,전병욱,전병욱,586-87-00223,서울특별시 서대문구 포방터2길24 (홍은동)
HCF0137,1,24-H-05 톱  띠형  금속절단형,물품,총액계약,제한경쟁,적격심사제,Y,공군군수사령부,ZD00306,공군군수사령부,ZD00306,87.995,22663995,22647059,21000000,2024-05-28,10:30:00,개찰완료,19943231,87.995,2024-05-28,지그인더스트리,신종현,신종현,675-37-00815,인천광역시 연수구 원인재로212 (연수동)
LCF0247,1,삼각대 사격통제 기구용 등 1항목 제조(총포),물품,총액계약,제한경쟁,적격심사제,Y,육군군수사령부,1290307,육군군수사령부,1290307,87.995,54071661,54271168,49337425,2024-05-28,10:30:00,개찰완료,47606755,88.043,2024-05-29,지비아이 코리아 (GBI KOREA),박동철,표혜진,503-22-99566,"부산광역시 해운대구 센텀중앙로97-0 (재송동), 센텀스카이비즈 606호"
LCF0262,1,엘보  파이프 및 튜브 연결용 등 26항목 구매(기장),물품,총액계약,제한경쟁,적격심사제,Y,육군군수사령부,1290307,육군군수사령부,1290307,87.995,23538789,23467763,21334330,2024-05-28,11:00:00,개찰완료,20739200,88.106,2024-05-28,우진테크,김우진,김우진,602-18-52099,경상남도 김해시 분성로557번길60-7 (어방동)
LCF0261,1,스프링  지지용 등 11항목 제조(기장),물품,총액계약,제한경쟁,적격심사제,Y,육군군수사령부,1290307,육군군수사령부,1290307,87.995,14790399,14662746,13329769,2024-05-28,11:00:00,개찰완료,13053190,88.254,2024-05-28,이든산업,박용철,박용철,297-16-00624,부산광역시 강서구 호계로57번길20-0 (죽동동)
LCF0248,1,부트 먼지 및 습기 방지용 등 1항목 제조(특무),물품,총액계약,제한경쟁,적격심사제,Y,육군군수사령부,1290307,육군군수사령부,1290307,87.995,8895036,8868000,8061818,2024-05-28,10:30:00,개찰완료,7830440,88.031,2024-05-29,에스엔더블유테크,명노헌,명노헌,606-24-47532,부산광역시 강서구 가리새2로13번길14-0 (생곡동)
LCF0257,1,오-링 등 23항목 구매(궤도-012),물품,총액계약,제한경쟁,적격심사제,Y,육군군수사령부,1290307,육군군수사령부,1290307,87.995,30387696,30370559,27609599,2024-05-28,11:30:00,개찰완료,26754940,88.045,2024-05-28,도하테크,이은선,이은선,480-27-01672,부산광역시 강서구 대저로3번길52-15 (대저1동)
LCF0256,1,플러그 조립체 시일링용 등 33항목 구매(궤도-014),물품,총액계약,제한경쟁,적격심사제,Y,육군군수사령부,1290307,육군군수사령부,1290307,87.995,199509546,199340795,181218905,2024-05-28,11:30:00,개찰완료,175619000,88.025,2024-05-28,동진테크,주진희,주진희,176-58-00273,부산광역시 사상구 낙동대로901번길25-38(감전동)
LCM0029,1,24년 학교교실 장비도입(스크린 제조설치) 사업,물품,총액계약,제한경쟁,적격심사제,Y,육군교육사령부,1290302,육군교육사령부,1290302,87.995,49817811,49998000,45452727,2024-05-28,10:30:00,개찰완료,44245730,88.815,2024-05-29,(주)윤씨네,이미희,허달윤,134-81-73450,경기도 화성시 양감면 초록로532번길38-0
LDH0526,1, K200 스위치 온도조절용 등 13종 구매,물품,총액계약,제한경쟁,적격심사제,Y,제2879부대,ZD00347,제2879부대,ZD00347,87.995,13049705,13060000,12110655,2024-05-28,13:00:00,개찰완료,11535000,88.392,2024-06-03,현대정밀가스켓,이의정,이의정,605-45-63500,부산광역시 사상구 가야대로175번길29-0 (감전동)
LDH0527,1,K200 오-링 등 18종 구매,물품,총액계약,제한경쟁,적격심사제,Y,제2879부대,ZD00347,제2879부대,ZD00347,87.995,9341300,9355000,8674960,2024-05-28,13:00:00,개찰완료,8248640,88.302,2024-06-03,티케이(T.K)테크,김재욱,김재욱,440-70-00235,부산광역시 강서구 대저로3번길52-15 (대저1동)
LDH0534,1,K200 시일 등 7종 구매,물품,총액계약,제한경쟁,적격심사제,Y,제2879부대,ZD00347,제2879부대,ZD00347,87.995,4395866,4410000,4089442,2024-05-28,13:00:00,개찰완료,3882650,88.325,2024-06-03,도하테크,이은선,이은선,480-27-01672,부산광역시 강서구 대저로3번길52-15 (대저1동)
LDH0540,1,K221 덮개 방수용 등 8종 구매,물품,총액계약,제한경쟁,적격심사제,Y,제2879부대,ZD00347,제2879부대,ZD00347,87.995,7200479,7254000,6727273,2024-05-28,13:00:00,개찰완료,6650000,92.354,2024-06-03,DGI산업,백지윤,백지윤,607-16-48427,"부산광역시 동래구 차밭골로21번길36, 1층 (온천동)"
LFC0044,1,24년 7~9월 가공후식(이온음료 등 7품목) 구매,물품,총액계약,일반경쟁,적격심사제,Y,육군훈련소,ZD00010,육군훈련소,ZD00010,82.995,458061562,455762880,414329891,2024-05-28,11:00:00,개찰완료,380197095,83.001,2024-05-28,주식회사 코주부비앤에프 (B&F),이춘복,나병선,303-81-56659,경기도 하남시 감이남로74-24 (감이동)
LFH0010,2,24년 얼음정수기 임차 용역,용역,총액계약,제한경쟁,적격심사제,Y,육군부사관학교,ZD00052,육군부사관학교,ZD00052,87.745,121325580,122236363,122236363,2024-05-28,11:00:00,개찰완료,106756850,87.992,2024-05-29,주식회사 오거스트,장원진,장원진,183-88-00564,경기도 김포시 통진읍 옹달샘로80
LHD0027,1,00부대 생활관 증개축 관급자재(샌드위치패널)(Y040),물품,총액계약,제한경쟁,적격심사제,Y,제7162부대,ZD00003,제7162부대,ZD00003,87.995,213742594,213444117,197920909,2024-05-28,10:30:00,개찰완료,190700000,89.219,2024-05-28,株式會社 信友産業,최상권,빈석원,306-81-17994,"대전광역시 대덕구 문평동로65-0 (문평동, (주)신우산업)"
LHK0040,1,작전지휘시설 신축 선행연구용역,용역,총액계약,일반경쟁,적격심사제,Y,제2군단,ZD00407,제2군단,ZD00407,87.745,188652850,187611000,170555455,2024-05-28,10:30:00,개찰완료,165630000,87.796,2024-05-28,(주)디앤오종합건축사사무소,정봉원,정봉원,120-87-08194,"서울특별시 송파구 법원로9길26, D동 1104호(문정동, H-비즈니스파크)"
LHM0053,1,24년 체력단련기구(헬스기구) 임차 용역,용역,총액계약,제한경쟁,적격심사제,Y,제6685부대,ZD00115,제6685부대,ZD00115,87.745,89000708,90000000,81818182,2024-05-28,11:00:00,개찰완료,78993000,88.755,2024-05-29,주식회사 스포플렉스,남병태,박선엽,127-86-26537,경기도 양주시 광적면 그루고개로143번길244-10
LKM0024,1,24~27년 신병교육대대 병영식당 급식 민간위탁(재),용역,총액계약,협상에의한계약(서류),협상,N,제2632부대,ZD00060,제2632부대,ZD00060,0,13140000000,13140000000,11945454545,2024-05-28,10:00:00,개찰완료,13140000000,100,2024-06-12,주식회사 풀무원푸드앤컬처,이동훈,김유진,214-86-08930,서울특별시 송파구 송파대로34길29(송파동)
LKM0034,1,24년 사단 사령부 제초용역,용역,총액계약,제한경쟁,적격심사제,Y,제2632부대,ZD00060,제2632부대,ZD00060,87.745,202133673,202624190,184203809,2024-05-28,10:30:00,개찰완료,177377983,87.752,2024-05-29,주식회사 늘푸른조경,김종태,김종태,196-81-03194,전북특별자치도 장수군 장수읍 장천로204-0
LPC0025,1,24년 71여단 제초 용역,용역,총액계약,제한경쟁,적격심사제,Y,제25보병사단,ZD00029,제25보병사단,ZD00029,87.995,118887077,119229390,113066173,2024-05-28,11:00:00,개찰완료,104617800,87.997,2024-05-28,주식회사 동하조경건설,김재우,김재우,756-87-02626,경상남도 산청군 산청읍 중앙로2번길18
MDG0143,1,24년 의무장비(혈액가온장치) 구매,물품,총액계약,제한경쟁,적격심사제,Y,국군의무사령부,1290291,국군의무사령부,1290291,87.995,18495260,18326000,17000000,2024-05-28,11:00:00,개찰완료,17960000,97.105,2024-05-28,주식회사 에스엠플래닛,조현선,조현선,606-86-62996,"경기도 성남시 수정구 창업로43-0 (시흥동)1층, 글로벌비즈니스센터"
SCF0502,1,밸브  안전릴리프형 등 27종 구매,물품,총액계약,제한경쟁,적격심사제,Y,해군군수사령부,ZD00289,해군군수사령부,ZD00289,87.995,164084190,164000000,153432182,2024-05-28,10:30:00,개찰완료,144385900,87.995,2024-05-28,해오름,이옥희,이옥희,729-02-01837,"경기도 남양주시 별내1로6, 103동 2004호(별내동,힐스테이트)"
SCF0511,1,압력비교검사기 1EA 구매,물품,총액계약,제한경쟁,적격심사제,Y,해군군수사령부,ZD00289,해군군수사령부,ZD00289,87.995,26019493,26000000,24118182,2024-05-28,10:30:00,개찰완료,22896050,87.995,2024-05-28,김가유통,김성민,김성민,103-67-00578,"인천광역시 부평구 경원대로1269, 111동 303호(산곡동, 현대아파트)"
SCF0492,2,압력시험기,물품,총액계약,제한경쟁,적격심사제,Y,해군군수사령부,ZD00289,해군군수사령부,ZD00289,87.995,25077283,25000000,23636364,2024-05-28,10:30:00,개찰완료,22067000,87.995,2024-05-28,서희테크,홍애란,홍애란,308-12-67378,"인천광역시 미추홀구 주안동로39-1 (주안동, 트인자리애) 101동 302호"
SCF0500,1,박스  플라스틱제(대) 등 2종 / 제조,물품,총액계약,제한경쟁,적격심사제,Y,해군군수사령부,ZD00289,해군군수사령부,ZD00289,87.995,6658957,6600000,6309091,2024-05-28,10:30:00,개찰완료,6117200,91.864,2024-05-28,고광산업주식회사,고광칠,문복희,124-81-74845,경기도 평택시 서탄면 수월암4길62
SCF0501,1,가스 점검액 790EA 구매,물품,총액계약,제한경쟁,적격심사제,Y,해군군수사령부,ZD00289,해군군수사령부,ZD00289,87.995,3779310,3800000,3555000,2024-05-28,10:30:00,개찰완료,3330000,88.111,2024-05-28,명성,장종운,장종운,605-21-38290,부산광역시 동구 성남이로38번길 37()
SCF0512,1,폴리머 탄창 2 511EA 구매,물품,총액계약,제한경쟁,적격심사제,Y,해군군수사령부,ZD00289,해군군수사령부,ZD00289,87.995,46094181,46000000,43371818,2024-05-28,10:30:00,개찰완료,40630000,88.145,2024-05-28,주식회사 엠아이티에스프리시즌,김홍석,유봉현,584-87-01191,경기도 화성시 안녕남로50번길22 (안녕동)
SCF0509,1,스티어링 실린더 등 19종 구매,물품,총액계약,제한경쟁,적격심사제,Y,해군군수사령부,ZD00289,해군군수사령부,ZD00289,87.995,59309357,60000000,55656045,2024-05-28,10:30:00,개찰완료,52205800,88.022,2024-05-28,주식회사 이현코리아,이순화,이순화,721-87-02921,경상남도 창원시 마산합포구 해안대로11 (해운동) 401-10호
SCF0507,1,기-의장대 등 13종 구매,물품,총액계약,제한경쟁,적격심사제,Y,해군군수사령부,ZD00289,해군군수사령부,ZD00289,87.995,50708020,50000000,46947455,2024-05-28,10:30:00,개찰완료,44626664,88.007,2024-05-28,빌리언우먼,최의선,최의선,894-09-02556,"경상남도 사천시 신항로64 (동금동, 삼천포 예미지)102-501"
SCF0499,1,회로카드 조립체 등 2종 구매,물품,총액계약,제한경쟁,적격심사제,Y,해군군수사령부,ZD00289,해군군수사령부,ZD00289,87.995,12029654,12000000,12220000,2024-05-28,10:30:00,개찰완료,11150000,92.687,2024-05-28,주식회사 휴엔스,한재윤,한재윤,138-81-33014,경기도 의왕시 오전공업길13-0 (오전동)
SCF0503,1,복사용지 등 39종 구매,물품,총액계약,제한경쟁,적격심사제,Y,해군군수사령부,ZD00289,해군군수사령부,ZD00289,87.995,5027038,5000000,4715364,2024-05-28,10:30:00,개찰완료,4424000,88.004,2024-05-28,영화상사,서옥경,서옥경,607-18-32614,부산광역시 연제구 거제천로 233()
SCF0508,1,(긴급) 타이밍 기어 케이스 커버 등 84종,물품,총액계약,제한경쟁,적격심사제,Y,해군군수사령부,ZD00289,해군군수사령부,ZD00289,87.995,14278646,14233000,13198727,2024-05-28,10:30:00,개찰완료,12569130,88.027,2024-05-28,울림플러스,송채경,송채경,247-78-00516,"부산광역시 강서구 신호산단2로29, 5층 506-84호(신호동, 신호프라자)"
SCP0062,1,산불진화복(외투) 등 3종 구매,물품,총액계약,제한경쟁,적격심사제,Y,제8385부대,1290333,제8385부대,1290333,87.995,8774091,8800000,8181818,2024-05-28,10:30:00,개찰완료,7725900,88.053,2024-05-28,거산,명영환,명영환,112-09-93498,"경기도 군포시 흥안대로27번길26, 지층(금정동)"
UMM0336,2,24-D-오토바이 1 450cc 이상 구매,물품,총액계약,제한경쟁,적격심사제,Y,국군재정관리단,ZD00303,국군재정관리단,ZD00303,87.995,114575745,114360000,106050000,2024-05-28,11:00:00,개찰완료,114000000,99.497,2024-05-28,(유)기흥모터스 용인점,이계웅,양정열,142-85-08128,경기도 용인시 기흥구 신정로105-4 (신갈동)
UMM0612,1,24-D-동력계산대 구매,물품,총액계약,제한경쟁,적격심사제,Y,국군재정관리단,ZD00303,국군재정관리단,ZD00303,87.995,99897905,99140000,91935000,2024-05-28,11:00:00,개찰완료,87906447,87.996,2024-05-28,히트,이지미,이지미,833-08-01502,경상북도 칠곡군 동명면 봉암3길37
UMM0632,1,(24F108-I) 24년 제초용역,용역,총액계약,제한경쟁,적격심사제,Y,국군재정관리단,ZD00303,국군재정관리단,ZD00303,87.995,205383127,205532437,203533636,2024-05-28,11:00:00,개찰완료,180729600,87.996,2024-05-28,주식회사 선호개발,윤종선,윤종선,143-81-31681,경기도 김포시 유현로238번길43-0 (풍무동) 401호(샤인프라자)
UMM0640,1,24-N-전투실험용 소형전술급 무인기 임차용역,용역,총액계약,제한경쟁,적격심사제,Y,국군재정관리단,ZD00303,국군재정관리단,ZD00303,87.745,166519011,167020000,159090909,2024-05-28,11:00:00,개찰완료,146800000,88.158,2024-05-28,주식회사억세스위,이준범,이준범,842-81-01533,경기도 수원시 권선구 산업로195-58 (고색동) 3층
UMM0643,1,(246188-C) 24년 프린터 도입사업(리스자산),물품,총액계약,일반경쟁,적격심사제,Y,국군재정관리단,ZD00303,국군재정관리단,ZD00303,82.995,1849737604,1845250000,1719090909,2024-05-28,11:00:00,개찰완료,1537538000,83.121,2024-05-28,(주)아이엔지시스템,김정화,임희석,214-86-26637,"서울특별시 금천구 가산디지털1로70, 1101,505호(가산동, 호서대벤처타워)"
UMM0615,1,24-N-다관절리프트 구매,물품,총액계약,제한경쟁,적격심사제,Y,국군재정관리단,ZD00303,국군재정관리단,ZD00303,87.995,153482268,153790000,142609091,2024-05-28,11:00:00,개찰완료,135056840,87.995,2024-05-28,기본(The Gibbon),오영열,오영열,751-21-01121,"광주광역시 남구 노대실로49, 606동 101호 (노대동, 송화 레이크 포레)"
UMM0634,1,(246183-B) 오실로스코프 구매,물품,총액계약,제한경쟁,적격심사제,Y,국군재정관리단,ZD00303,국군재정관리단,ZD00303,87.995,63048768,63540190,58919091,2024-05-28,11:00:00,개찰완료,55480492,87.996,2024-05-28,채시하우징,양희권,양희권,157-57-00649,경기도 김포시 고촌읍 수기로136 (캐슬앤파밀리에시티 2단지)
UMM0631,1,24~27-F-얼음정수기 임차 용역,용역,총액계약,제한경쟁,적격심사제,Y,국군재정관리단,ZD00303,국군재정관리단,ZD00303,87.745,183394019,182240000,168987273,2024-05-28,11:00:00,개찰완료,160931490,87.751,2024-05-28,그린워터,최안나,최안나,668-11-00573,"인천광역시 서구 봉오대로283번길6 (가정동, 뉴서울아파트) 상가동103호"
UMM0659,1,(24F136-I) 24년 ASP 방화지대 구축용역(서부권) ,용역,총액계약,제한경쟁,적격심사제,Y,국군재정관리단,ZD00303,국군재정관리단,ZD00303,87.995,178696268,179665490,166598909,2024-05-28,11:00:00,개찰완료,157339600,88.048,2024-05-28,주식회사한백임업,이옥순,이옥순,502-86-09364,경상북도 울진군 평해읍 월송길221-0
UMM0660,1,(24F137-I) 24년 ASP 방화지대 구축용역(중부권),용역,총액계약,제한경쟁,적격심사제,Y,국군재정관리단,ZD00303,국군재정관리단,ZD00303,87.995,193516394,194331215,180198036,2024-05-28,11:00:00,개찰완료,170464640,88.087,2024-05-28,유한회사 재영,윤재영,윤재영,415-81-27836,전라남도 여수시 선원7길16-0 (선원동)
UMM0624,1,24-N-기본피복(해군 여군 흑단화 등 2종) 구매,물품,총액계약,제한경쟁,적격심사제,Y,국군재정관리단,ZD00303,국군재정관리단,ZD00303,87.995,126174234,126550000,117350000,2024-05-28,11:00:00,개찰완료,111045000,88.009,2024-05-28,주식회사 머니정,이도근,정일근,229-88-02363,"서울특별시 종로구 종로36길17 (종로5가) 1,2,3층"
UMM0636,1,(247130-B) 장비운영소모품(병리6) 90종 구매,물품,총액계약,일반경쟁,적격심사제,Y,국군재정관리단,ZD00303,국군재정관리단,ZD00303,82.995,350130366,351251170,325705636,2024-05-28,11:00:00,개찰완료,290594163,82.995,2024-05-28,엠앤에스코리아,김문수,김문수,206-23-85251,"경기도 포천시 군내면 포천로909번길10, 나동 2층"
UMM0630,1,24-M-IP교환기 교체사업(리스자산),물품,총액계약,일반경쟁,적격심사제,Y,국군재정관리단,ZD00303,국군재정관리단,ZD00303,82.995,779388405,783730000,734545455,2024-05-28,11:00:00,개찰완료,647938860,83.134,2024-05-28,주식회사 도경,정길호,차희영,128-87-08320,"경기도 고양시 덕양구 삼원로63, 12층 에프1205호(원흥동, 고양 아크비즈 지식산업센터)"
UMM0635,1,(246170-B) 24년 통신장비용 축전지 구매,물품,총액계약,일반경쟁,적격심사제,Y,국군재정관리단,ZD00303,국군재정관리단,ZD00303,82.995,281577920,283269410,262668000,2024-05-28,11:00:00,개찰완료,233697200,82.995,2024-05-28,(주)현대전기시스템,최실호,최실호,606-86-12031,부산광역시 사상구 새벽로167번길56-0 (감전동)
UMM0639,1,(24F151-B) 24년 얼음정수기 임차 용역 ,용역,총액계약,제한경쟁,적격심사제,Y,국군재정관리단,ZD00303,국군재정관리단,ZD00303,87.745,151616793,150776470,139810909,2024-05-28,11:00:00,개찰완료,133161400,87.827,2024-05-28,그린워터,최안나,최안나,668-11-00573,"인천광역시 서구 봉오대로283번길6 (가정동, 뉴서울아파트) 상가동103호"
EBB0212,1,스위치 온도조절용,물품,총액계약,일반경쟁,적격심사제,Y,방위사업청,1690000,방위사업청,1690000,,198507136,198506000,0,2024-05-29,16:30:00,개찰완료,166736000,83.994,2024-05-29,주식회사덕인,장남인,임병성,141-81-50004,경상남도 양산시 유산공단3길33-0 (교동)
EBB0215,1,판조립체  덮개용(K1전차),물품,총액계약,제한경쟁,적격심사제,Y,방위사업청,1690000,방위사업청,1690000,,37018100,37070000,0,2024-05-29,16:30:00,개찰완료,32594000,88.048,2024-05-29,혁신산업,김윤정,김윤정,615-19-20663,경상남도 김해시 한림면 한림로515번길224-0
EBH0010,2,24년 오리콘 몸통(덮개),물품,총액계약,일반경쟁,적격심사제,Y,방위사업청,1690000,방위사업청,1690000,,348020529,347802000,0,2024-05-29,16:30:00,개찰완료,293500000,84.334,2024-05-29,삼호정밀,김일천,김수영,622-02-60419,부산광역시 강서구 평강로217-1 (대저1동)
EBH0018,1,24년 VIC-7K/9K부품류,물품,총액계약,일반경쟁,적격심사제,Y,방위사업청,1690000,방위사업청,1690000,,470516565,471955000,0,2024-05-29,16:30:00,개찰완료,400000000,85.012,2024-05-29,연합정밀(주),김은주,문제상,312-81-09219,충청남도 천안시 동남구 목천읍 학수소사길219-27
EBH0012,1,자이로 유니트 어뢰용(정비),물품,총액계약,제한경쟁,적격심사제,Y,방위사업청,1690000,방위사업청,1690000,,221984127,221535000,0,2024-05-29,16:30:00,개찰완료,196324400,88.44,2024-05-29,와이디일렉트로닉스 주식회사,김희수,김희수,661-87-00510,"부산광역시 금정구 개좌로273-20 (회동동), 브이원타워 604호"
ELA0020,1,24년 경량화수류탄 파라핀 지환통,물품,총액계약,일반경쟁,적격심사제,Y,방위사업청,1690000,방위사업청,1690000,,363781865,362079000,0,2024-05-29,16:30:00,개찰완료,311750000,85.696,2024-05-29,(주)오성지관,오정호,오능규,124-86-56293,경기도 양주시 칠봉산로337번길11 (봉양동)
HCF0139,1,[신궁 유도탄 부품]가스관 조립체 등 5종 제조,물품,총액계약,제한경쟁,적격심사제,Y,공군군수사령부,ZD00306,공군군수사령부,ZD00306,87.995,26046384,26195294,24290182,2024-05-29,16:00:00,개찰완료,23125200,88.784,2024-05-29,도균테크,김도균,김도균,606-38-19751,부산광역시 사상구 낙동대로1318번길52-0 (삼락동)
LCF0265,1,리드선 전기용 등 15항목 구매(총포),물품,총액계약,제한경쟁,적격심사제,Y,육군군수사령부,1290307,육군군수사령부,1290307,87.995,7263092,7249610,6590555,2024-05-29,16:00:00,개찰완료,7185000,98.924,2024-05-29,시온테크,박혜성,박혜성,312-27-10674,충청남도 천안시 서북구 백석공단1로10-0 (백석동)
LCF0267,1,필터 유체용 등 1항목 구매(총포),물품,총액계약,제한경쟁,적격심사제,Y,육군군수사령부,1290307,육군군수사령부,1290307,87.995,12232004,12179392,11072175,2024-05-29,16:00:00,개찰완료,10808000,88.358,2024-05-29,주식회사 서한산업,강윤식,강윤식,603-81-53585,부산광역시 사하구 다산로176번길 35()
LCF0268,1,벙어리장갑 내열용 등 3항목 구매(총포),물품,총액계약,제한경쟁,적격심사제,Y,육군군수사령부,1290307,육군군수사령부,1290307,87.995,45220127,44836200,40760182,2024-05-29,16:00:00,개찰완료,39792520,87.997,2024-05-29,토우코퍼레이션,양정화,양정화,485-34-00375,경상남도 김해시 상동면 상동로279-21
LDH0542,1,(특무) 창정비용 일반물자 구매,물품,총액계약,제한경쟁,적격심사제,Y,제2879부대,ZD00347,제2879부대,ZD00347,87.995,6063495,6078000,5636364,2024-05-29,16:30:00,개찰완료,5389670,88.887,2024-05-30,주식회사 모든통상,최광용,최광용,117-81-77636,"서울특별시 구로구 가마산로232 (구로동, 스페스큐브)"
LGI0032,1,에너지바 등 17종,물품,단가계약,제한경쟁,적격심사제,Y,제3130부대,ZD01109,제3130부대,ZD01109,82.995,24390,24295,198926682,2024-05-29,16:00:00,개찰완료,20253,83.037,2024-05-30,주식회사 삼성육운,이미자,이미자,139-81-28509,"인천광역시 남구 주안로 108, 경향프라자 401호(주안동)"
LGI0033,1,과일류 3종,물품,단가계약,제한경쟁,적격심사제,Y,제3130부대,ZD01109,제3130부대,ZD01109,82.995,5117,5133,95446964,2024-05-29,16:00:00,개찰완료,4248,83.01,2024-05-30,(주)해도식품,이종순,이기창,417-81-38270,전라남도 여수시 국동남8길10(국동)
LGI0034,1,간식류 6종,물품,단가계약,제한경쟁,적격심사제,Y,제3130부대,ZD01109,제3130부대,ZD01109,82.995,3578,3531,122433636,2024-05-29,16:00:00,개찰완료,2970,83.022,2024-05-30,거제축산물급식센터 주식회사,이정미,윤은영,351-88-02812,경상남도 거제시 수양로210 (양정동)
LGI0035,1,음료류 14종,물품,단가계약,제한경쟁,적격심사제,Y,제3130부대,ZD01109,제3130부대,ZD01109,82.995,13218,13158,265204055,2024-05-29,16:00:00,개찰완료,10972,83.008,2024-05-30,주식회사 멀티열린세상,주영철,주상원,161-81-00018,"경기도 광명시 광명로786번길4 (광명동),301호"
LGI0037,1,아이스크림 6종,물품,단가계약,제한경쟁,적격심사제,Y,제3130부대,ZD01109,제3130부대,ZD01109,82.995,11892,11913,438774300,2024-05-29,16:00:00,개찰완료,9870,82.997,2024-05-30,주식회사 에스앤피인터내셔널,김호기,이희은,114-86-19495,"경기도 광주시 오포읍 봉골길81번길11-4, 2층 (문형리)"
LGI0051,1,유제품류 6종,물품,단가계약,제한경쟁,적격심사제,Y,제3130부대,ZD01109,제3130부대,ZD01109,82.995,4989,4989,199281000,2024-05-29,16:00:00,개찰완료,4141,82.997,2024-05-30,주식회사 위앤코리아,노현창,송일호,128-86-69198,경기도 파주시 연다산길248  (연다산동)
LGT0050,2,24년 얼음정수기 임차용역 (24.6~27.5),용역,총액계약,제한경쟁,적격심사제,Y,제2307부대,ZD00001,제2307부대,ZD00001,87.745,161882405,162000000,147272727,2024-05-29,16:30:00,개찰완료,143284440,88.511,2024-05-29,큐어컴퍼니,이지행,이지행,533-29-01378,강원특별자치도 횡성군 서원면 신평석화로905-0
LQG0045,1,(육성) 예비군 무기 총기보관용 박스 제조 납품,물품,총액계약,제한경쟁,적격심사제,Y,육군 52보병사단,ZD00273,육군 52보병사단,ZD00273,87.995,4152560,4210000,8830000,2024-05-29,16:00:00,개찰완료,3702000,89.149,2024-05-29,전일목재산업 주식회사,김병진,김신일,405-81-07677,전북특별자치도 김제시 백구면 금백로1138-0
MDF0023,1,전관방송시스템 노후 교체사업,물품,총액계약,제한경쟁,적격심사제,Y,국군지휘통신사령부,1290290,국군지휘통신사령부,1290290,87.995,856948088,857791401,795406573,2024-05-29,16:00:00,개찰완료,754101700,87.998,2024-05-29,이에스텍이엔지 주식회사,최정환,신희경,170-81-01326,"경기도 화성시 동탄첨단산업1로27, 515호,516호 (금강펜테리움아이엑스타워)"
SCF0513,1,(긴급) 과급기 등 2종,물품,총액계약,제한경쟁,적격심사제,Y,해군군수사령부,ZD00289,해군군수사령부,ZD00289,87.995,125617206,126100000,116929545,2024-05-29,16:00:00,개찰완료,110537180,87.995,2024-05-29,재윤상사,임명택,임명택,594-15-00625,"경기도 시흥시 월곶중앙로14번길87, 215-307(월곶동)"
SCF0514,1,(긴급)정류기 반도체 장치용 등 2종,물품,총액계약,제한경쟁,적격심사제,Y,해군군수사령부,ZD00289,해군군수사령부,ZD00289,87.995,24099924,24250000,22486945,2024-05-29,16:00:00,개찰완료,23996500,99.57,2024-05-29,제일테크,김문길,김문길,182-37-00235,부산광역시 사하구 다대로613-0 (다대동) 자유마트 220호
UMM0618,2,(246022-G) VoIP용 음성동보장치 제조설치(리스물건),물품,총액계약,제한경쟁,적격심사제,Y,국군재정관리단,ZD00303,국군재정관리단,ZD00303,87.995,165886895,167117647,154963636,2024-05-29,16:00:00,개찰완료,147350000,88.825,2024-05-29,주식회사유비라인,이병오,안현정,105-86-54519,"서울특별시 금천구 디지털로9길 32, 갑을그레이트밸리 A동 1602호(가산동)"
UMM0647,1,(246103-E) 담요  폭발군수품처리용 1항목 제조,물품,총액계약,제한경쟁,적격심사제,Y,국군재정관리단,ZD00303,국군재정관리단,ZD00303,87.995,111840555,112000000,103854545,2024-05-29,16:00:00,개찰완료,98435150,88.013,2024-05-29,탑에스씨,이승은,이승은,209-25-69555,"서울특별시 영등포구 여의대방로43나길12, 1층 (신길동)"
UMM0648,1,(246214-E) 자동표기용 종이(울트라컷)구매,물품,총액계약,제한경쟁,적격심사제,Y,국군재정관리단,ZD00303,국군재정관리단,ZD00303,87.995,88039720,88096790,81689755,2024-05-29,16:00:00,개찰완료,77471260,87.995,2024-05-29,소영프로젝트,정소영,정소영,742-13-00477,"경기도 하남시 미사강변한강로290-3 (망월동,미사강변도시C3단지)"
UMM0649,1,(24F194-A) 제초용역 ,용역,총액계약,일반경쟁,적격심사제,Y,국군재정관리단,ZD00303,국군재정관리단,ZD00303,87.995,247236332,248009010,247374273,2024-05-29,16:00:00,개찰완료,217668000,88.04,2024-05-29,다산종합조경주식회사,장영수,장영수,114-86-41361,"인천광역시 남동구 소래역로46번길28-0, 504호 (논현동)"
UMM0641,1,(24G191-A) 클라우드 기반 구축 상용SW 2차 금융리스 ,물품,총액계약,일반경쟁,최저가격제,N,국군재정관리단,ZD00303,국군재정관리단,ZD00303,0,340706509,339009100,329556524,2024-05-29,16:00:00,개찰완료,325457200,95.524,2024-05-29,주식회사 우리카드,박완식,조진형,101-86-79070,서울특별시 종로구 종로1길50-0 (중학동) 더케이트윈타워
EBB0204,2,일반호스(전차  장갑차용)(구매),물품,총액계약,제한경쟁,적격심사제,Y,방위사업청,1690000,방위사업청,1690000,,69933375,69677000,0,2024-05-30,15:30:00,개찰완료,61540500,87.998,2024-05-30,시앤에스테크,최재식,최재식,239-70-00329,부산광역시 사상구 학감대로252번길68-0 (주례동)
EBH0024,1,24년 발칸 사격제어부 부품,물품,총액계약,일반경쟁,적격심사제,Y,방위사업청,1690000,방위사업청,1690000,,925673888,925759000,0,2024-05-30,16:30:00,개찰완료,783192000,84.607,2024-05-30,건웅테크 주식회사,박영혜,장상기,606-81-68883,부산광역시 강서구 가리새2로58-0 (범방동)
EBH0017,1,BTCS 부품(구매),물품,총액계약,제한경쟁,적격심사제,Y,방위사업청,1690000,방위사업청,1690000,,264005068,264600000,0,2024-05-30,16:30:00,개찰완료,232600000,88.104,2024-05-30,주식회사 오공,권기순,권기순,458-81-03205,경기도 구리시 수택천로16번길32-0 (수택동)
EBH0019,1,BTCS 부품(일반 제조),물품,총액계약,일반경쟁,적격심사제,Y,방위사업청,1690000,방위사업청,1690000,,597769979,598873000,0,2024-05-30,15:00:00,개찰완료,507844000,84.956,2024-05-30,주식회사덕인,장남인,임병성,141-81-50004,경상남도 양산시 유산공단3길33-0 (교동)
HCF0143,1,항공기 기관 창정비장비 유지보수,용역,총액계약,제한경쟁,적격심사제,Y,공군군수사령부,ZD00306,공군군수사령부,ZD00306,87.745,33986621,34063725,31586364,2024-05-30,10:30:00,개찰완료,29935050,88.078,2024-05-30,(주)이엔씨테크,이종희,이은경,301-81-57064,충청북도 청주시 흥덕구 2순환로742번길2 (화계동)
HCF0141,1,유압유 미립자 분석기 교정키트 구매,물품,총액계약,제한경쟁,적격심사제,Y,공군군수사령부,ZD00306,공군군수사령부,ZD00306,87.995,34445195,34509804,32000000,2024-05-30,10:30:00,개찰완료,30313412,88.004,2024-05-30,근영유통,박수영,박수영,208-13-79737,"대구광역시 북구 태전로1, 101동 302호 (태전동, 태전역 더 뉴클래스)"
LBA0045,1,‘24년 7~9월 부대조달 부식(빵류 55품목) 구매,물품,총액계약,일반경쟁,적격심사제,Y,제2167부대,ZD00053,제2167부대,ZD00053,82.995,2280809392,2289252640,2081138764,2024-05-30,10:30:00,개찰완료,1893097470,83.001,2024-05-30,아이리치베이커리,정양숙,정양숙,613-10-48982,경상남도 진주시 대곡면 진의로612-4
LBA0046,1,‘24년 7~9월 부대조달 부식(미소된장) 제조/구매,물품,총액계약,제한경쟁,적격심사제,Y,제2167부대,ZD00053,제2167부대,ZD00053,87.995,10533436,10520580,9564164,2024-05-30,10:30:00,개찰완료,9296993,88.261,2024-05-30,동해식품(주),김진은,김진은,226-81-00033,강원특별자치도 강릉시 모산로169번길30 (담산동)
LBA0047,1,‘24년 7~9월 부대조달 부식(햄류 2품목) 구매,물품,총액계약,일반경쟁,적격심사제,Y,제2167부대,ZD00053,제2167부대,ZD00053,82.995,539591968,537353658,488503325,2024-05-30,10:30:00,개찰완료,447847404,82.997,2024-05-30,삼일앨엔에스,손용익,손용익,602-18-64668,"경기도 안양시 동안구 관악대로249번길11, 2층 201호 (비산동)"
LCF0269,1,조종사용 머플러 1항목 제조(피복),물품,총액계약,제한경쟁,적격심사제,Y,육군군수사령부,1290307,육군군수사령부,1290307,87.995,12245894,12178590,11071445,2024-05-30,16:30:00,개찰완료,10810750,88.28,2024-05-30,주식회사 마크온탑,신승자,신승자,511-81-27226,서울특별시 영등포구 여의대방로43나길10-1 (신길동)  1층
LFK0039,1,1수송교육연대 얼음정수기 임차 용역,용역,총액계약,제한경쟁,적격심사제,Y,육군종합군수학교,ZD00042,육군종합군수학교,ZD00042,87.745,64960447,64800000,58909091,2024-05-30,15:30:00,개찰완료,57014550,87.768,2024-05-30,해오름컴퍼니,이필기,이필기,812-01-01393,"서울특별시 마포구 신촌로196, 4층(염리동)"
LFK0040,1,2수송교육연대 얼음정수기 임차 용역,용역,총액계약,제한경쟁,적격심사제,Y,육군종합군수학교,ZD00042,육군종합군수학교,ZD00042,87.745,48722503,48600000,44181818,2024-05-30,15:30:00,개찰완료,42808680,87.862,2024-05-30,필립시스템,김재롱,김재롱,220-05-58080,경기도 김포시 대곶면 대곶북로158번길1-0 204호(창고동)
LFN0022,1,24년 3사교 주변국 군사유적지 탐방 여행용역,용역,총액계약,2단계경쟁(동시),최저가격제,N,육군3사관학교,1290306,육군3사관학교,1290306,0,415634782,411400000,374000000,2024-05-30,14:00:00,개찰완료,375374000,90.313,2024-05-30,(주)하나투어,송미선,송성대,102-81-39440,서울특별시 종로구 인사동5길41-0 (공평동)
LIK0027,1,24년 부대계약(7~9월) 부식(일반품목1),물품,단가계약,2단계경쟁(동시),최저가격제,N,제2217부대,ZD01107,제2217부대,ZD01107,0,2527842,2511134,1084499865,2024-05-30,13:30:00,개찰완료,1305621,51.649,2024-05-30,삼성웰스토리 주식회사,정해린,김재겸,104-86-51732,경기도 성남시 분당구 구미로8-0 (구미동)
LIK0028,1,24년 부대계약(7~9월) 부식(일반품목2),물품,단가계약,2단계경쟁(동시),최저가격제,N,제2217부대,ZD01107,제2217부대,ZD01107,0,1828877,1827903,2196947040,2024-05-30,13:30:00,개찰완료,1019753,55.758,2024-05-30,씨제이프레시웨이 주식회사,이건일,권영석,603-81-11270,경기도 용인시 기흥구 기곡로32-0 (하갈동)
LKG0055,1,24년 7~9월 부대계약(빵류) 구매,물품,총액계약,제한경쟁,적격심사제,Y,육군제53보병사단,ZD00094,육군제53보병사단,ZD00094,87.995,748957981,746121620,678292382,2024-05-30,11:00:00,개찰완료,661161622,88.277,2024-05-30,주식회사 로만,배순옥,배순옥,311-81-44421,충청남도 예산군 신암면 용산로159
LKG0056,1,24년 7~9월 부대계약(일반품목) 구매,물품,총액계약,일반경쟁,적격심사제,Y,육군제53보병사단,ZD00094,육군제53보병사단,ZD00094,82.995,3306072553,3326599720,3024181564,2024-05-30,11:00:00,개찰완료,2744684615,83.019,2024-05-30,한림 주식회사,임규율,배효진,127-81-78215,경기도 의정부시 범골로35번길42-0 (호원동)
LPF0055,1,24년 사령부 및 훈련장 제초 용역,용역,총액계약,제한경쟁,적격심사제,Y,제5067부대,ZD00019,제5067부대,ZD00019,87.745,60450152,60975310,55432100,2024-05-30,16:00:00,개찰완료,53063153,87.78,2024-05-30,주식회사 범하건설산업,박선협,장선희,162-86-01499,경기도 화성시 동탄대로683-0 (영천동) 1층 144호
LPF0056,1,24년 예비군훈련대 제초 용역,용역,총액계약,제한경쟁,적격심사제,Y,제5067부대,ZD00019,제5067부대,ZD00019,87.745,39774816,39965120,36331927,2024-05-30,16:00:00,개찰완료,34901320,87.747,2024-05-30,주식회사 소담,김권예,정창호,613-81-43459,경기도 시흥시 은계번영길5-0 (은행동)
MCL0004,1,24-1차 ○○○체계 운용품 구매,물품,총액계약,제한경쟁,적격심사제,Y,국방정보본부,1290277,국방정보본부,1290277,87.995,47824903,48020000,44545455,2024-05-30,10:30:00,개찰완료,42083770,87.995,2024-05-30,주식회사 도경,정길호,배석천,128-87-08320,"경기도 고양시 덕양구 삼원로63, 12층 에프1205호(원흥동, 고양 아크비즈 지식산업센터)"
MDD0079,1,24년 의무장비(헤모글로빈 A1C자동분석기) 구매,물품,총액계약,제한경쟁,적격심사제,Y,국군수도병원,ZD00236,국군수도병원,ZD00236,87.995,44226849,44000000,45000000,2024-05-30,11:00:00,개찰완료,38917800,87.995,2024-05-30,더스테이지,한아름,한아름,409-35-61040,경기도 안양시 동안구 관양로269-5 (관양동) 3층
MDD0080,1,24년 재투자 의무장비(파라핀수욕조) 구매,물품,총액계약,제한경쟁,적격심사제,Y,국군수도병원,ZD00236,국군수도병원,ZD00236,87.995,9850848,9900000,10000000,2024-05-30,11:00:00,개찰완료,8668900,88.001,2024-05-30,제이투산업,최진이,최진이,790-01-00527,"인천광역시 남동구 서창남순환로9, 1001동 18층 1804호(서창동, e편한세상서창)"
MHD0059,1,2024년도 2분기 전산(프린터) 소모품 구매,물품,총액계약,제한경쟁,적격심사제,Y,방위사업청(운영지원과),1690000,방위사업청(운영지원과),1690000,87.995,213448711,212800000,219817273,2024-05-30,14:30:00,개찰완료,187824480,87.995,2024-05-30,라니상사,정혜란,정혜란,761-42-00293,"인천광역시 연수구 컨벤시아대로42번길96, 601-1502(송도동, 더샵 엑스포)"
SCF0516,1,밀폐형인화점측정기 1EA 구매,물품,총액계약,제한경쟁,적격심사제,Y,해군군수사령부,ZD00289,해군군수사령부,ZD00289,87.995,37730271,38000000,35772727,2024-05-30,10:30:00,개찰완료,33201004,87.995,2024-05-30,에스유상사,김상욱,김상욱,212-25-92275,경기도 하남시 미사대로520 (덕풍동)현대지식산업센터2차 C동 A624호
SCF0515,1,스위치 근접식 2EA 구매,물품,총액계약,제한경쟁,적격심사제,Y,해군군수사령부,ZD00289,해군군수사령부,ZD00289,87.995,28674964,29000000,27272727,2024-05-30,10:30:00,개찰완료,25232800,87.995,2024-05-30,주식회사 이현코리아,이순화,이순화,721-87-02921,경상남도 창원시 마산합포구 해안대로11 (해운동) 401-10호
UAC0019,1,인쇄재료 48종 수시 구매,물품,총액계약,제한경쟁,적격심사제,Y,국방출판지원단,ZD00908,국방출판지원단,ZD00908,87.995,47939156,48239000,44758500,2024-05-30,15:30:00,개찰완료,42185160,87.997,2024-05-30,조이유통,권민순,권민순,378-17-00949,"경기도 의정부시 송양로94-0 (민락동, 민락엘레트19단지)1903-2602"
UDA0012,1,24년 얼음정수기 임차,용역,총액계약,제한경쟁,적격심사제,Y,제3190부대,ZD00805,제3190부대,ZD00805,87.745,113783827,113400000,103090909,2024-05-30,16:30:00,개찰완료,100358550,88.201,2024-05-30,필립시스템,김재롱,김재롱,220-05-58080,경기도 김포시 대곶면 대곶북로158번길1-0 204호(창고동)
UMM0652,1,[24F142-A]  취사장 청소용역,용역,총액계약,제한경쟁,적격심사제,Y,국군재정관리단,ZD00303,국군재정관리단,ZD00303,87.995,82780801,82078430,76109091,2024-05-30,15:30:00,개찰완료,72849531,88.002,2024-05-30,(주)크린에코,박동선,박동선,505-81-65303,경상북도 경주시 감포읍 동해안로2229
UMM0678,1,(247134-F) 장비운영소모품(외과3) 구매,물품,총액계약,제한경쟁,적격심사제,Y,국군재정관리단,ZD00303,국군재정관리단,ZD00303,87.995,99119454,98647840,91473455,2024-05-30,15:30:00,개찰완료,87221786,87.996,2024-05-30,주식회사 모아텍,황상남,황상남,485-86-01669,대구광역시 수성구 범어천로54-0 (범어동) 3층 337호
UMM0650,1,24-N-0함대 비데 임차용역,용역,총액계약,제한경쟁,적격심사제,Y,국군재정관리단,ZD00303,국군재정관리단,ZD00303,87.745,67725384,68190000,64407273,2024-05-30,15:30:00,개찰완료,59859040,88.384,2024-05-30,그린워터,최안나,최안나,668-11-00573,"인천광역시 서구 봉오대로283번길6 (가정동, 뉴서울아파트) 상가동103호"
UMM0642,1,24-M-상륙작전 탑재모델 유지보수,용역,총액계약,제한경쟁,적격심사제,Y,국군재정관리단,ZD00303,국군재정관리단,ZD00303,87.745,64325451,63760000,58252218,2024-05-30,15:30:00,개찰완료,60500000,94.052,2024-05-30,주식회사 코테스,고기종,고기종,327-81-01204,충청북도 청주시 흥덕구 비하로59-2 (비하동)
UMM0638,1,24-N-육성용접기 구매(248147-F),물품,총액계약,제한경쟁,적격심사제,Y,국군재정관리단,ZD00303,국군재정관리단,ZD00303,87.995,110770989,110000000,107520000,2024-05-30,15:30:00,개찰완료,97473900,87.995,2024-05-30,스토리큐라,이선영,이선영,339-29-01214,"서울특별시 은평구 증산로1길26 (수색동, DMC청구아파트) 103동 304호"
UMM0679,1,(246195-F) 디지털 인쇄장비 구매,물품,총액계약,제한경쟁,적격심사제,Y,국군재정관리단,ZD00303,국군재정관리단,ZD00303,87.995,69127689,69127450,64100000,2024-05-30,15:30:00,개찰완료,60828942,87.995,2024-05-31,한부자 컴퍼니,한승택,한승택,167-33-01014,"광주광역시 서구 월드컵4강로28번길60, 101동 104호(화정동, 신동아아파트)"
UMM0661,1,(24G186-I) 노후 LAN 교체사업 금융리스,물품,총액계약,일반경쟁,최저가격제,N,국군재정관리단,ZD00303,국군재정관리단,ZD00303,0,5654944605,5628927872,5741506430,2024-05-30,15:30:00,개찰완료,5621887020,99.415,2024-05-30,미래에셋캐피탈(주),이만희,박영화,410-81-40265,"서울특별시 중구 을지로5길26, 6층 (수하동, 미래에셋센터원 웨스트타워)"
UMM0675,1,24~25-D-주한미군기지이전 이사화물 수송용역,용역,총액계약,제한경쟁,적격심사제,Y,국군재정관리단,ZD00303,국군재정관리단,ZD00303,87.745,192509650,191070000,194900970,2024-05-30,15:30:00,개찰완료,183250000,95.19,2024-05-30,대신로지스틱스 주식회사,양임석,주은옥,206-81-74680,"서울특별시 송파구 오금로46길5-0 (가락동, 보성빌딩) 3층"
EBB0225,1,전지 재충전불가식(BA-3517),물품,총액계약,일반경쟁,적격심사제,Y,방위사업청,1690000,방위사업청,1690000,,352742267,351978000,0,2024-05-31,15:00:00,개찰완료,309703680,87.798,2024-05-31,주식회사 서원,권준범,신동석,312-81-40957,"충청남도 천안시 서북구 백석공단2길16-0 (백석동), 2동 105호(백석동, 외국인투자전용산업)"
EBB0223,1,적외선차폐 발연체계 수리부속,물품,총액계약,제한경쟁,적격심사제,Y,방위사업청,1690000,방위사업청,1690000,,118808116,118546000,0,2024-05-31,15:00:00,개찰완료,104575300,88.02,2024-05-31,대명 ENG,이갑용,이갑용,603-01-87894,"부산광역시 강서구 녹산산업중로100-0 (송정동), A동"
EBB0218,1,엘보우류,물품,총액계약,제한경쟁,적격심사제,Y,방위사업청,1690000,방위사업청,1690000,,141458306,142524000,0,2024-05-31,14:00:00,개찰완료,125278580,88.562,2024-05-31,도하테크,이은선,이은선,480-27-01672,부산광역시 강서구 대저로3번길52-15 (대저1동)
EBH0013,2,24년 발칸 유지부품(제조),물품,총액계약,일반경쟁,적격심사제,Y,방위사업청,1690000,방위사업청,1690000,,295900475,297619000,0,2024-05-31,14:00:00,개찰완료,251000000,84.825,2024-05-31,삼호정밀,김일천,김수영,622-02-60419,부산광역시 강서구 평강로217-1 (대저1동)
EBH0027,1,24년 발칸 축전식 전지(제조),물품,총액계약,일반경쟁,적격심사제,Y,방위사업청,1690000,방위사업청,1690000,,103794090,102749000,0,2024-05-31,11:00:00,개찰완료,91914900,88.555,2024-05-31,주식회사 서원,권준범,신동석,312-81-40957,"충청남도 천안시 서북구 백석공단2길16-0 (백석동), 2동 105호(백석동, 외국인투자전용산업)"
EKA0015,1,`24년 삼각대 사격통제 기구용(방향틀용),물품,총액계약,일반경쟁,적격심사제,Y,방위사업청,1690000,방위사업청,1690000,,93804929,93955000,0,2024-05-31,10:30:00,개찰완료,79821900,85.093,2024-05-31,주식회사 케이씨아이,장동수,최순정,130-86-47329,경기도 파주시 탄현면 방촌로879번길42-3
HDR0004,1,24-방공관제사-38(발전기),물품,총액계약,제한경쟁,적격심사제,Y,공군방공관제사령부,ZD00198,공군방공관제사령부,ZD00198,87.995,68418856,67941176,63000000,2024-05-31,11:00:00,개찰완료,63500000,92.81,2024-06-03,(주)썬테크,이선휴,박현후,416-81-14765,전라남도 순천시 해룡면 율촌산단4로101
LDH0547,1,(자재) 마봉강 등 20종 구매,물품,총액계약,제한경쟁,적격심사제,Y,제2879부대,ZD00347,제2879부대,ZD00347,87.995,22953111,22827000,21166872,2024-05-31,13:00:00,개찰완료,20202840,88.017,2024-06-03,상일상사,조용경,조용경,825-13-01015,경상남도 창원시 마산회원구 합포로274 (양덕동) 401호
LIK0029,1,24년 부대계약(7~9월) 부식(일반품목3),물품,단가계약,2단계경쟁(동시),최저가격제,N,제2217부대,ZD01107,제2217부대,ZD01107,0,1536256,1547984,2045702809,2024-05-31,10:30:00,개찰완료,903835,58.833,2024-05-31,씨제이프레시웨이 주식회사,이건일,권영석,603-81-11270,경기도 용인시 기흥구 기곡로32-0 (하갈동)
MCR0043,1,정책현안 연구용역(2. 두개의 전쟁과 미래전쟁),용역,총액계약,협상에의한계약(전자),협상,N,국방대학교,1290412,국방대학교,1290412,0,24988245,25000000,22727273,2024-05-31,10:30:00,개찰완료,22734000,90.978,2024-06-10,국방대학교산학협력단,이문걸,이다인,128-82-13342,충청남도 논산시 양촌면 황산벌로1040
SFC0061,1,24-덕-홍보물(다이어리 등 2품목) 제작 구매,물품,총액계약,2단계경쟁(동시),최저가격제,N,제9691부대,ZD00152,제9691부대,ZD00152,0,62968122,63254900,58654545,2024-05-31,10:30:00,개찰완료,62761500,99.671,2024-05-31,(주)메이든,전미정,전미정,617-86-13796,부산광역시 동래구 충렬대로399-0 (안락동) 2층
SFD0046,1,24-P-문화예술공연,용역,총액계약,협상에의한계약(전자),협상,N,제9227부대,ZD00150,제9227부대,ZD00150,0,31118815,31372000,29090909,2024-05-31,13:00:00,개찰완료,30509270,98.041,2024-06-12,주식회사 갬블러크루,이준학,이준학,201-86-37540,"서울특별시 중구 동호로24길19-17 (장충동2가, 평안빌딩)"
SFH0065,2,24-B-부대 소개영상 제작 용역,용역,총액계약,2단계경쟁(분리),최저가격제,N,제9196부대,ZD00370,제9196부대,ZD00370,0,28758552,28768620,26676364,2024-05-31,13:30:00,개찰완료,14980000,52.088,2024-05-31,트렌드코리아 주식회사,장태준,장태준,429-86-02727,"경기도 시흥시 월곶해안로149-1 (월곶동) 에이동, 202호"
UMM0666,1,(246028-G) 2군단 화면전시체계 교체사업(리스자산),물품,총액계약,제한경쟁,적격심사제,Y,국군재정관리단,ZD00303,국군재정관리단,ZD00303,87.995,98310205,97858588,90741600,2024-05-31,11:00:00,개찰완료,86513465,88,2024-05-31,주식회사 두루스코,김옥연,박인이,110-86-09224,"서울특별시 서대문구 연희로241, 2층 (연희동)"
UMM0668,1,(246216-C) 24-1차 재난구조 장비 및 물자 구매,물품,총액계약,일반경쟁,적격심사제,Y,국군재정관리단,ZD00303,국군재정관리단,ZD00303,82.995,371849963,371066666,344080000,2024-05-31,11:00:00,개찰완료,308619060,82.995,2024-05-31,에스와이유통,김춘임,김춘임,208-17-99823,"경기도 하남시 역말로15번길35, 103동 301호(덕풍동, 덕풍쌍용아파트)"
UMM0667,1,(247225-C) 24년 고정형 음원수집기지 구축,물품,총액계약,일반경쟁,적격심사제,Y,국군재정관리단,ZD00303,국군재정관리단,ZD00303,82.995,232879545,233076800,251754545,2024-05-31,11:00:00,개찰완료,193397806,83.046,2024-05-31,천연테크놀러지,이미자,차지희,412-05-54062,"전라남도 나주시 동수농공단지길109, 1층(운곡동)"
UMM0662,1,(247029-H)전자식 교환기(VoIP) 교체,물품,총액계약,제한경쟁,적격심사제,Y,국군재정관리단,ZD00303,국군재정관리단,ZD00303,87.995,173228687,172768620,160203636,2024-05-31,11:00:00,개찰완료,152434270,87.995,2024-05-31,(주)아이필넷,김명선,오철식,129-86-06070,경기도 성남시 분당구 성남대로926번길10-0 (야탑동)
EBH0021,1,24년 수상함용 레이더류 부품(구매)(C),물품,총액계약,제한경쟁,적격심사제,Y,방위사업청,1690000,방위사업청,1690000,,91363605,91420000,0,2024-06-03,15:30:00,개찰완료,81479900,89.182,2024-06-03,주식회사 엔아이티,전규성,전규성,666-88-02830,"경상북도 김천시 혁신로288-5, 303호(율곡동, 스네일파크)"
HCF0127,1,주요 비행피복류 맞음성 개선 및 표준화 연구,용역,총액계약,2단계경쟁(동시),최저가격제,N,공군군수사령부,ZD00306,공군군수사령부,ZD00306,0,95683581,96333333,89327273,2024-06-03,11:00:00,개찰완료,84770000,88.594,2024-06-03,테크디,윤미경,윤미경,230-01-49260,"경기도 하남시 미사대로550, 4층 43호(덕풍동, 현대지식산업센터 한강미사)"
MHD0043,2,군용총포·도검·화약류 안전관리 발전방안 연구,용역,총액계약,협상에의한계약(전자),협상,N,방위사업청(운영지원과),1690000,방위사업청(운영지원과),1690000,,70240000,,63854545,2024-06-03,15:00:00,개찰완료,67160000,95.615,2024-07-16,(사)한국무기체계안전협회,안동만,이정민,452-82-00207,대전광역시 유성구 온천로59-0 (봉명동) 905호
UHC0012,1,24년 병영시설 방제 용역계약,용역,총액계약,제한경쟁,적격심사제,Y,공군 작사예하 방포사예하 제2여단,ZD00947,공군 작사예하 방포사예하 제2여단,ZD00947,87.745,53931849,53913370,49992400,2024-06-03,10:30:00,개찰완료,47323458,87.746,2024-06-04,(유)퍼스트,김미숙,김미숙,402-81-96924,전북특별자치도 전주시 완산구 중화산로15-0 (효자동1가)
UMM0599,1,24-F-군사경찰 8자 하강기 등 구매(249064-F),물품,총액계약,제한경쟁,적격심사제,Y,국군재정관리단,ZD00303,국군재정관리단,ZD00303,87.995,54438413,54420000,53120582,2024-06-03,11:00:00,개찰완료,47903304,87.995,2024-06-03,희운기획,이지운,이지운,578-58-00412,"경기도 안양시 동안구 평촌대로211번길21-0 (호계동, 목련아파트) 302동 1408호"
UMM0677,1,24-F-해상임무장구 6종 구매,물품,총액계약,제한경쟁,적격심사제,Y,국군재정관리단,ZD00303,국군재정관리단,ZD00303,87.995,152246317,152720000,146933582,2024-06-03,11:00:00,개찰완료,134737440,88.499,2024-06-03,에스와이알(SYR),박서영,박서영,686-39-01123,충청북도 음성군 원남면 보천로61
UMM0655,1,24-D-골프카트 배터리구매 ,물품,총액계약,제한경쟁,적격심사제,Y,국군재정관리단,ZD00303,국군재정관리단,ZD00303,87.995,160636305,161040000,166800000,2024-06-03,11:00:00,개찰완료,141352860,87.995,2024-06-03,지에스(GS)유통,국중찬,국중찬,698-11-02121,"서울특별시 강동구 구천면로50길15-8 (천호동), 2층"
UMM0672,1,24-N-교환기 교체 사업,물품,총액계약,제한경쟁,적격심사제,Y,국군재정관리단,ZD00303,국군재정관리단,ZD00303,87.995,144162947,142290000,131946364,2024-06-03,11:00:00,개찰완료,126875610,88.008,2024-06-03,(주)오토텍,염희숙,홍복희,605-81-34930,부산광역시 수영구 장대골로31번길16-1 (광안동)
EBB0226,1,파이프류(제조),물품,총액계약,제한경쟁,적격심사제,Y,방위사업청,1690000,방위사업청,1690000,,55615914,55475000,0,2024-06-04,14:00:00,개찰완료,48940100,87.996,2024-06-04,대주정공 주식회사,백이용,백이용,622-81-21857,경상남도 김해시 주촌면 서부로1499번길49-50
EBB0228,2,장갑차 현수장치 부품(구매),물품,총액계약,일반경쟁,적격심사제,Y,방위사업청,1690000,방위사업청,1690000,,454756260,454534000,0,2024-06-04,11:00:00,개찰완료,381000000,83.781,2024-06-04,대창마린테크(주),김효성,윤상열,606-81-68961,부산광역시 사상구 모덕로27번길 126()
EBH0015,2,24년 전술용 전자식전화기 세트(TA-512KA),물품,총액계약,일반경쟁,적격심사제,Y,방위사업청,1690000,방위사업청,1690000,,99206684,98405000,0,2024-06-04,11:00:00,개찰완료,86104000,86.792,2024-06-04,한국전기통신주식회사,지정식,윤혁진,137-81-05723,인천광역시 서구 가정로77번길 50-10(가좌동)
EBH0030,1,덮개 조립체 등 해성 수리부속류(구매),물품,총액계약,제한경쟁,적격심사제,Y,방위사업청,1690000,방위사업청,1690000,,144027810,142641000,0,2024-06-04,14:00:00,개찰완료,127948000,88.835,2024-06-04,조은테크,양호득,양호득,606-38-13266,부산광역시 강서구 평강로171번길259-0 (대저1동)
EBH0026,1,전지  축전식(BB-701K),물품,총액계약,제한경쟁,적격심사제,Y,방위사업청,1690000,방위사업청,1690000,,169802889,169759000,0,2024-06-04,11:30:00,개찰완료,149599000,88.101,2024-06-04,주식회사 큐브뷰,김태성,김태성,629-86-00182,서울특별시 금천구 가산디지털1로225 (가산동)1416호
ER70001,3,위성전군방공경보체계 경미한 성능개량,물품,총액계약,협상에의한계약(서류),협상,N,방위사업청,1690000,방위사업청,1690000,,,44648000000,0,2024-06-04,18:00:00,개찰완료,44648000000,,2024-10-16,한화시스템(주),손재일,,513-81-17175,"경상북도 구미시 1공단로 244, 사서함50호(공단동)"
HCF0115,2,[패트리어트 시스템프레임 부품]판 균형기용 등 89종,물품,총액계약,일반경쟁,적격심사제,Y,공군군수사령부,ZD00306,공군군수사령부,ZD00306,82.995,690532146,695795475,645192167,2024-06-04,10:30:00,개찰완료,611500000,88.554,2024-06-04,주식회사 브이엘디인터내셔널코리아,양태희,양태희,352-87-02195,경기도 고양시 일산서구 킨텍스로255 디엠시티 스카이뷰 오피스동 307호
HCG0017,2,24년 기상레이다 적정 경제수명 산출 연구,용역,총액계약,2단계경쟁(동시),최저가격제,N,공군본부,1290339,공군본부,1290339,0,18363154,18114706,16797273,2024-06-04,11:00:00,개찰완료,16200000,88.22,2024-06-10,(사)한국기상전문인협회,권태순,권태순,114-82-07031,"서울특별시 금천구 가산디지털2로46, 611호(가산동, 에이스태세라타워)"
HDC0028,1,24-용-53 탄약고 제초 용역,용역,총액계약,일반경쟁,적격심사제,Y,공군제1전투비행단,ZD00173,공군제1전투비행단,ZD00173,87.745,122973692,121087058,112280727,2024-06-04,10:30:00,개찰완료,107960999,87.791,2024-06-05,주식회사 가람엘앤씨,설승진,김민지,122-81-55653,"경기도 성남시 수정구 위례서일로26, 1110호(창곡동,라크리움)"
LCF0318,1,심장세동제거기 등 6항목 구매(의무),물품,총액계약,제한경쟁,적격심사제,Y,육군군수사령부,1290307,육군군수사령부,1290307,87.995,44491888,44502000,40456364,2024-06-04,11:00:00,개찰완료,39150919,87.995,2024-06-04,쌍둥이사진관,전승호,전승호,612-08-67886,부산광역시 서구 천마로191-1 (남부민동)
LCF0278,1,패킹 너트 등 17항목 제조(자주포),물품,총액계약,제한경쟁,적격심사제,Y,육군군수사령부,1290307,육군군수사령부,1290307,87.995,214063797,214216621,194742383,2024-06-04,10:30:00,개찰완료,188407715,88.014,2024-06-04,동창원산업(주),정창,문혜영,553-81-01007,경상남도 의령군 용덕면 의합대로123-7
LCF0279,1,벨트 차량내 안전용 등 19항목 제조(자주포),물품,총액계약,제한경쟁,적격심사제,Y,육군군수사령부,1290307,육군군수사령부,1290307,87.995,148569188,148720277,135200252,2024-06-04,10:30:00,개찰완료,130807274,88.044,2024-06-04,주식회사 엔미디어솔루션,조윤규,김정언,119-86-53412,"인천광역시 계양구 계산새로71, 비동 310호(계산동, 하이베라스)"
LCF0283,1,스냅 훅 등 11항목 구매(총포),물품,총액계약,일반경쟁,적격심사제,Y,육군군수사령부,1290307,육군군수사령부,1290307,82.995,424351575,423783963,385258148,2024-06-04,10:30:00,개찰완료,353398000,83.279,2024-06-04,티에이치이주식회사,제갈옥,제갈옥,606-81-85408,부산광역시 강서구 녹산산단289로32-0 (송정동)
LCF0291,1,가방 공구용 등 12항목 구매(기일공구),물품,총액계약,제한경쟁,적격심사제,Y,육군군수사령부,1290307,육군군수사령부,1290307,87.995,198996265,198882958,180802689,2024-06-04,11:00:00,개찰완료,175109489,87.996,2024-06-04,셈코,최부호,장태선,503-15-35813,경상북도 칠곡군 왜관읍 공단로7길33 셈코
LCF0292,1,밸브 조절용 유압식 등 14항목 구매(기일공구),물품,총액계약,제한경쟁,적격심사제,Y,육군군수사령부,1290307,육군군수사령부,1290307,87.995,128370766,128040284,116400258,2024-06-04,11:00:00,개찰완료,127015900,98.944,2024-06-04,주식회사 삼마기업,이가은,김혁진,473-88-02505,"서울특별시 마포구 월드컵로34길6, 1동 14층 1406호(성산동,태림센트윈2차)"
LCF0293,1,가위 금속절단용 수동식 등 24항목 구매(기일공구),물품,총액계약,제한경쟁,적격심사제,Y,육군군수사령부,1290307,육군군수사령부,1290307,87.995,170825495,171395569,155814154,2024-06-04,11:00:00,개찰완료,150328185,88.001,2024-06-04,동명유통,이경주,이경주,579-32-01447,"강원특별자치도 원주시 원문로121, 210동 2층 208호(원동, 원동아파트)"
LCF0294,1,렌치 오픈엔드형 등 63항목 구매(기일공구),물품,총액계약,일반경쟁,적격심사제,Y,육군군수사령부,1290307,육군군수사령부,1290307,82.995,279163079,279109392,253735811,2024-06-04,11:00:00,개찰완료,231692937,82.995,2024-06-04,버닝,김희영,김희영,886-52-00233,"전라남도 목포시 하당로40, 1층(상동)"
LCF0295,1,렌치 파이프용 등 25항목 구매(기일공구),물품,총액계약,제한경쟁,적격심사제,Y,육군군수사령부,1290307,육군군수사령부,1290307,87.995,197288943,197259339,179326672,2024-06-04,11:00:00,개찰완료,173608940,87.997,2024-06-04,케이엠글로벌,박미영,박미영,344-10-01121,"충청남도 천안시 서북구 검은들3길46, 8층 803-2(8020)호(불당동, 미래시티빌딩)"
LCF0296,1,소켓 소켓 렌치용 등 91항목 구매(기일공구),물품,총액계약,제한경쟁,적격심사제,Y,육군군수사령부,1290307,육군군수사령부,1290307,87.995,181040534,181377931,164889028,2024-06-04,11:00:00,개찰완료,159306647,87.995,2024-06-05,한일기획,홍성희,홍성희,604-30-62348,"경상북도 경주시 황성로69번길10, 301동 20층 02호(황성동, 청우아파트)"
LCF0297,1,연장기 소켓 렌치용 등 26항목 구매(기일공구),물품,총액계약,일반경쟁,적격심사제,Y,육군군수사령부,1290307,육군군수사령부,1290307,82.995,256755091,256758195,233416541,2024-06-04,11:00:00,개찰완료,213096464,82.996,2024-06-04,산동금속공업주식회사,배선봉,배준영,513-81-13994,경상북도 구미시 산동면 동백로 360()
LCF0298,1,주입기 액체용 직접공급식 등 11항목 구매(기일공구),물품,총액계약,일반경쟁,적격심사제,Y,육군군수사령부,1290307,육군군수사령부,1290307,82.995,245214625,242511683,220465166,2024-06-04,11:00:00,개찰완료,203595920,83.027,2024-06-04,그리마,이양숙,이양숙,121-18-58065,인천광역시 동구 화도로29-0 (화수동)2층
LCF0299,1,플러그 렌치 등 47항목 구매(기일공구),물품,총액계약,제한경쟁,적격심사제,Y,육군군수사령부,1290307,육군군수사령부,1290307,87.995,197069278,197369464,179426785,2024-06-04,11:00:00,개찰완료,173412232,87.995,2024-06-04,희망테크,이숙자,이숙자,604-53-00680,"경상북도 포항시 북구 우창동로113, 102동 1403호(우현동, 우현지구 도나우타운 아파트)"
LCF0300,1,드릴 비틀림식 등 27항목 구매(기일공구),물품,총액계약,제한경쟁,적격심사제,Y,육군군수사령부,1290307,육군군수사령부,1290307,87.995,153776519,152956422,139051293,2024-06-04,11:00:00,개찰완료,135318390,87.996,2024-06-04,포플(4pple),백종미,백종미,757-03-02099,"인천광역시 부평구 동암남로7번길24, 101호(십정동)"
LCF0306,1,에어드럼용 오일펌프 등 2항목 구매(궤도공구),물품,총액계약,제한경쟁,적격심사제,Y,육군군수사령부,1290307,육군군수사령부,1290307,87.995,98939792,98497374,89543067,2024-06-04,11:00:00,개찰완료,87062100,87.995,2024-06-05,더큰기프트,이선상,이선상,262-43-00736,"강원특별자치도 원주시 흥양로102번길20, 101동 205-5호(태장동, 삼정백조아파트)"
LCF0307,1,렌치 토크용 등 39항목 구매(궤도공구),물품,총액계약,일반경쟁,적격심사제,Y,육군군수사령부,1290307,육군군수사령부,1290307,82.995,394445336,398584153,362398264,2024-06-04,11:00:00,개찰완료,327382090,82.998,2024-06-04,아이케이엠상사,김경옥,김경옥,291-79-00145,경기도 광주시 오포읍 청석로74-0 (광주역우방아이유쉘2단지) 204동 804호
LCF0308,1,이동식 공구함 세트 등 3항목 구매(궤도공구),물품,총액계약,일반경쟁,적격심사제,Y,육군군수사령부,1290307,육군군수사령부,1290307,82.995,370512288,371545200,337768364,2024-06-04,11:00:00,개찰완료,307509770,82.995,2024-06-04,주식회사 혜경,김명선,김명선,503-81-64569,"대구광역시 동구 동촌로56길34-0, 2층 (방촌동)"
LCF0309,1,임펙 렌치 등 6항목 구매(궤도공구),물품,총액계약,제한경쟁,적격심사제,Y,육군군수사령부,1290307,육군군수사령부,1290307,87.995,206409980,205611594,186919631,2024-06-04,11:00:00,개찰완료,181642070,88,2024-06-04,하늘상사,이준우,이준우,616-28-40795,제주특별자치도 제주시 남광로181 (일도이동) 306-404
LCF0310,1,이동대 수공구용 등 3항목 구매(궤도공구),물품,총액계약,제한경쟁,적격심사제,Y,육군군수사령부,1290307,육군군수사령부,1290307,87.995,156920376,156700940,142455400,2024-06-04,11:00:00,개찰완료,138084800,87.996,2024-06-04,케이에스엠,권영석,권영석,710-17-01588,"경기도 남양주시 다산순환로166, 7층 701호 (다산동, 다산신화타워)"
LCF0311,1,굴절계 등 6항목 구매(궤도공구),물품,총액계약,일반경쟁,적격심사제,Y,육군군수사령부,1290307,육군군수사령부,1290307,82.995,258668611,258183488,234712262,2024-06-04,11:00:00,개찰완료,214688411,82.997,2024-06-04,그린코리아주식회사,유용섭,유진주,135-86-11433,경기도 화성시 배양길53-6 (배양동)
LCF0312,1,호스조립체 등 2항목 구매(궤도공구),물품,총액계약,제한경쟁,적격심사제,Y,육군군수사령부,1290307,육군군수사령부,1290307,87.995,98375652,97997500,89088636,2024-06-04,11:00:00,개찰완료,97016700,98.618,2024-06-04,주식회사 엠제이엠,김무진,김무진,481-86-01366,대구광역시 서구 새방로29길6-17 (상리동)
LCF0313,1,보관용상자 등 10항목 구매(궤도공구),물품,총액계약,제한경쟁,적격심사제,Y,육군군수사령부,1290307,육군군수사령부,1290307,87.995,155222452,153506482,139551347,2024-06-04,11:00:00,개찰완료,143236900,92.278,2024-06-04,신영에이텍,이상기,이상기,609-04-51342,경상남도 창원시 마산회원구 봉암공단2길22-5 (봉암동)
LCF0260,2,뚜껑  공기 여과기 등 9항목 제조(기장),물품,총액계약,제한경쟁,적격심사제,Y,육군군수사령부,1290307,육군군수사령부,1290307,87.995,112026055,111745509,101586826,2024-06-04,11:00:00,개찰완료,101688000,90.771,2024-06-04,제이에이치텍,강종현,강종현,648-03-02612,부산광역시 사상구 가야대로196번길63
LCF0315,1,브래킷트 조립체 팬용 등 21항목 제조(궤도 제조-013),물품,총액계약,제한경쟁,적격심사제,Y,육군군수사령부,1290307,육군군수사령부,1290307,87.995,21279324,21292039,19356399,2024-06-04,11:30:00,개찰완료,18762120,88.17,2024-06-04,동창원산업(주),정창,문혜영,553-81-01007,경상남도 의령군 용덕면 의합대로123-7
LCF0273,1,베이스 커플링 조립용 등 25항목 제조(총포),물품,총액계약,제한경쟁,적격심사제,Y,육군군수사령부,1290307,육군군수사령부,1290307,87.995,106753836,106225030,96568209,2024-06-04,10:30:00,개찰완료,93980090,88.034,2024-06-04,동창원산업(주),정창,문혜영,553-81-01007,경상남도 의령군 용덕면 의합대로123-7
LCF0280,1,증압기조립체 등 3항목 구매(자주포),물품,총액계약,일반경쟁,적격심사제,Y,육군군수사령부,1290307,육군군수사령부,1290307,82.995,1033016940,1035000000,940909091,2024-06-04,10:30:00,개찰완료,857434908,83.002,2024-06-04,(주)세호,정병석,정수진,410-81-64554,광주광역시 광산구 상완길164-0 (수완동)
LCH0037,1,00부대 특수작전 모의훈련체계 유지보수 용역,용역,총액계약,제한경쟁,적격심사제,Y,특수전사령부,ZD00055,특수전사령부,ZD00055,85.495,253999901,254442000,231310909,2024-06-04,10:30:00,개찰완료,217992060,85.823,2024-06-07,(주) 투데이게이트,김익훈,장동윤,113-86-04679,"서울특별시 금천구 디지털로9길32-0 (가산동, 갑을 그레이트밸리) 비동 804호"
LCK0016,1,[일반-24-85] 00부대 얼음정수기 임차용역,용역,총액계약,제한경쟁,적격심사제,Y,수도방위사령부,ZD00069,수도방위사령부,ZD00069,85.495,266488976,268920000,244472727,2024-06-04,10:30:00,개찰완료,230810660,86.611,2024-06-04,디에이치바이오,김단희,김단희,292-09-00316,"경기도 수원시 영통구 광교중앙로170, 1동 5층 7호 507호(하동, 광교 효성해링턴 타워)"
LCK0018,1,"[일반-24-86] 시설업무 및 공사감독관 차량 임차용역	",용역,총액계약,제한경쟁,적격심사제,Y,수도방위사령부,ZD00069,수도방위사령부,ZD00069,87.745,162381755,161769600,147063273,2024-06-04,10:30:00,개찰완료,161568000,99.498,2024-06-04,주식회사 카일이삼제스퍼,송윤화,홍요한,220-81-66191,"서울특별시 서초구 반포대로27길16, 7층(서초동, 파크빌딩)"
LDH0549,1,K1전차 리테이너 등 17종 구매,물품,총액계약,제한경쟁,적격심사제,Y,제2879부대,ZD00347,제2879부대,ZD00347,87.995,30191122,30020000,27836984,2024-06-04,13:00:00,개찰완료,26633930,88.217,2024-06-05,금성특수산업,김진봉,김진봉,606-35-86453,부산광역시 사상구 광장로34 금성특수산업
LDH0551,1,K1전차 리테이너및롤러 등 2종 구매,물품,총액계약,제한경쟁,적격심사제,Y,제2879부대,ZD00347,제2879부대,ZD00347,87.995,86309586,85845000,79602204,2024-06-04,13:00:00,개찰완료,76225500,88.316,2024-06-05,에스디(SD)기계산업,최승달,최승달,109-30-44170,"경상남도 창원시 의창구 팔용로346번길22, 1동 1층 3호(팔용동, 에스엔에스테크)"
LDH0552,1,K1전차 베어링 등 3종 구매,물품,총액계약,제한경쟁,적격심사제,Y,제2879부대,ZD00347,제2879부대,ZD00347,87.995,90562453,91301000,84661365,2024-06-04,13:00:00,개찰완료,80223600,88.583,2024-06-05,삼강운수,정광필,정광필,622-01-59671,부산광역시 중구 충장대로9번길20 (중앙동4가) 701호
LDH0553,1,K1전차 베어링 등 12종 구매,물품,총액계약,제한경쟁,적격심사제,Y,제2879부대,ZD00347,제2879부대,ZD00347,87.995,69431736,69546000,64488214,2024-06-04,13:00:00,개찰완료,61143200,88.062,2024-06-05,주안산업,강선자,강선자,885-22-01630,"경상남도 창원시 의창구 반계로104-9 (팔용동, 팔용벽산블루밍A단지)206-505"
LDH0557,1,K1전차 와셔 등 46종 구매,물품,총액계약,제한경쟁,적격심사제,Y,제2879부대,ZD00347,제2879부대,ZD00347,87.995,33140634,33090000,30684055,2024-06-04,13:00:00,개찰완료,29180800,88.051,2024-06-05,에스케이(SK)산업,박수경,박수경,449-03-02636,경상남도 창원시 성산구 원이대로774 (상남동) 512-304
LDH0560,1,K77지휘차 반사경 구매,물품,총액계약,제한경쟁,적격심사제,Y,제2879부대,ZD00347,제2879부대,ZD00347,87.995,2670287,2676000,2481818,2024-06-04,13:00:00,개찰완료,2363000,88.492,2024-06-05,명성RT,박경숙,박경숙,541-07-01455,인천광역시 동구 방축로83번길23 (송림동.인천산업용품유통단지)30동208호
LGP0102,1,24-3차 후식류 다수품목 단가계약,물품,단가계약,일반경쟁,적격심사제,Y,제5378부대,ZD00217,제5378부대,ZD00217,82.995,52631,52417,47652,2024-06-04,11:00:00,개찰완료,43683,82.997,2024-06-04,주식회사 코주부비앤에프 (B&F),이춘복,나병선,303-81-56659,경기도 하남시 감이남로74-24 (감이동)
LGP0101,1,24-3차 식자재 다수품목 단가계약(경기 서부),물품,단가계약,일반경쟁,적격심사제,Y,제5378부대,ZD00217,제5378부대,ZD00217,82.995,2108844,2105402,1914002,2024-06-04,11:00:00,개찰완료,1750283,82.997,2024-06-04,농업회사법인 다올주식회사,이규호,강병구,153-87-01492,경상북도 경주시 현곡면 나원계탑길46
LGP0100,1,24-3차 식자재 다수품목 단가계약(경기 남부),물품,단가계약,일반경쟁,적격심사제,Y,제5378부대,ZD00217,제5378부대,ZD00217,82.995,2128649,2126842,1933493,2024-06-04,11:00:00,개찰완료,1767129,83.016,2024-06-04,(주)캐파맥스,이동국,이영길,129-81-79923,경기도 하남시 초이로92번길 70-27()
LHG0029,2,간부숙소 신축 관급자재(자동제어) 제조 설치,물품,총액계약,제한경쟁,적격심사제,Y,제1862부대,ZD00002,제1862부대,ZD00002,87.995,250752281,250415686,232203636,2024-06-04,10:30:00,개찰완료,220705870,88.017,2024-06-04,주식회사 광명전기,이재광,김동규,134-81-04007,경기도 안산시 단원구 목내로160 (목내동)
LIK0044,2,24년 LPG(액화석유가스) 구매,물품,단가계약,제한경쟁,적격심사제,Y,제2217부대,ZD01107,제2217부대,ZD01107,82.995,1683,1690,7040223882,2024-06-04,11:00:00,개찰완료,1397,82.998,2024-06-04,춘천LPG충전소,최정훈,최정훈,221-13-49731,강원특별자치도 춘천시 경춘로2307-0
LKS0041,1,육군복지포털(휴드림) 기능개선 용역,용역,총액계약,제한경쟁,적격심사제,Y,육군인사사령부,ZD00788,육군인사사령부,ZD00788,87.745,45909429,46505882,43123636,2024-06-04,10:30:00,개찰완료,40694900,88.641,2024-06-04,주식회사 빛을 꿈꾸는 사람들,김상희,김종욱,417-81-31694,"전라남도 여수시 대통로47-1,2층(화장동)"
LMU0025,1,(24-급-027) '24-2차 부대계약 식자재(가공품류) 계약,물품,단가계약,일반경쟁,적격심사제,Y,6112부대,ZD01187,6112부대,ZD01187,82.995,2032492,2056056,1091597405,2024-06-04,11:00:00,개찰완료,1692560,83.275,2024-06-04,주식회사 대평,김동주,조병현,511-81-04558,"경기도 성남시 분당구 황새울로311번길14, 604호(서현동, 리더스빌딩)"
LMU0026,1,(24-급-028) '24-2차 부대계약 식자재(가공품류) 계약,물품,단가계약,일반경쟁,적격심사제,Y,6112부대,ZD01187,6112부대,ZD01187,82.995,1981010,1984607,1301641388,2024-06-04,11:00:00,개찰완료,1645329,83.055,2024-06-04,주식회사 동원홈푸드,정문목,김영훈,312-81-25280,"서울특별시 서초구 마방로68(양재동, 동원산업빌딩)"
LMU0027,1,(24-급-029) '24-2차 부대계약 식자재(가공품류) 계약,물품,단가계약,일반경쟁,적격심사제,Y,6112부대,ZD01187,6112부대,ZD01187,82.995,1602373,1595202,1891448365,2024-06-04,11:00:00,개찰완료,1330435,83.029,2024-06-04,매쉬미디어(주),김문선,송솔비,128-86-73106,서울특별시 마포구 양화로183-0 (동교동) 효성홍익인간오피스텔 14층 1412호
LNG0037,1,24년 기동영상전송장비 정비 용역,용역,총액계약,제한경쟁,적격심사제,Y,육군 제1군단,ZD00275,육군 제1군단,ZD00275,87.745,19024261,18974509,17594545,2024-06-04,10:30:00,개찰완료,16718141,87.878,2024-06-04,주식회사 디앤비엔지니어링,이호천,김현미,132-81-66569,경기도 고양시 덕양구 호국로1907번길72-38 (벽제동)
LPF0058,1,24-27년 얼음 및 대형 정수기 임차 용역,용역,총액계약,제한경쟁,적격심사제,Y,제5067부대,ZD00019,제5067부대,ZD00019,87.745,99492692,99000000,90000000,2024-06-04,10:30:00,개찰완료,87536000,87.982,2024-06-05,이비컴퍼니,홍은복,홍은복,254-18-01426,경기도 안양시 동안구 경수대로947-0 (비산동) 101동 507호
SCF0432,3,300KW 육상발전기 엔진 정비,물품,총액계약,일반경쟁,적격심사제,Y,해군군수사령부,ZD00289,해군군수사령부,ZD00289,82.995,52570732,53000000,51223636,2024-06-04,10:30:00,개찰완료,46596000,88.634,2024-06-04,화창기계,유인섭,유인섭,117-13-65164,인천광역시 계양구 평리길 118-10화창기계
SCF0520,1,유압식 절곡기 1EA 구매,물품,총액계약,제한경쟁,적격심사제,Y,해군군수사령부,ZD00289,해군군수사령부,ZD00289,87.995,29937294,30000000,28090909,2024-06-04,10:30:00,개찰완료,26343530,87.995,2024-06-04,주식회사 바른프린테크,김연수,김연수,119-87-07588,"서울특별시 중구 퇴계로27길25, 305호(충무로3가, 청림빌딩)"
SCF0532,1,24년 고압가스 용기 검사정비,물품,총액계약,일반경쟁,적격심사제,Y,해군군수사령부,ZD00289,해군군수사령부,ZD00289,82.995,371004922,370000000,516971355,2024-06-04,10:30:00,개찰완료,320400000,86.36,2024-06-04,주식회사아이피티,이상봉,김영민,850-88-01019,부산광역시 사상구 대동로269번길47-0 (감전동)
SCF0527,1,페인트 분무기 6EA 구매,물품,총액계약,제한경쟁,적격심사제,Y,해군군수사령부,ZD00289,해군군수사령부,ZD00289,87.995,28744885,29000000,27818182,2024-06-04,10:30:00,개찰완료,25295430,87.999,2024-06-04,제이와이코리아,김정열,김정열,703-39-01281,"경기도 부천시 소사구 양지로234-38, 505동 2302호(옥길동, 엘에이치옥길센트럴힐)"
SCF0519,1,청소용 릴호수 1종 구매,물품,총액계약,제한경쟁,적격심사제,Y,해군군수사령부,ZD00289,해군군수사령부,ZD00289,87.995,37203930,37000000,39713327,2024-06-04,10:30:00,개찰완료,32737810,87.995,2024-06-05,부광컴퍼니,김광호,김광호,879-54-00409,"충청남도 당진시 송악읍 중흥1길50, 103동 1402호(당진 송악 경남아너스빌)"
SCF0517,1,기상팩스 수신기 5EA 구매,물품,총액계약,제한경쟁,적격심사제,Y,해군군수사령부,ZD00289,해군군수사령부,ZD00289,87.995,32251749,32000000,30000000,2024-06-04,10:30:00,개찰완료,28380000,87.995,2024-06-04,주식회사 케이제이,김정옥,김정옥,854-86-00298,대전광역시 대덕구 대전로1397번안길70-0 (읍내동)
SCF0524,1,테이블리프트 2EA 구매,물품,총액계약,제한경쟁,적격심사제,Y,해군군수사령부,ZD00289,해군군수사령부,ZD00289,87.995,45434786,45000000,42000000,2024-06-04,10:30:00,개찰완료,39981060,87.996,2024-06-04,엔씨솔루션,이상석,이상석,414-02-64717,"경기도 광명시 오리로651번길8, 1621호(하안동)"
SCF0525,1,실린더  나사용 1종 구매,물품,총액계약,제한경쟁,적격심사제,Y,해군군수사령부,ZD00289,해군군수사령부,ZD00289,87.995,9323347,9300000,8627591,2024-06-04,10:30:00,개찰완료,8630400,92.567,2024-06-04,세명종합공구,이정자,이정자,585-41-00635,경상남도 창원시 진해구 용원동로294 (용원동)
SCF0518,1,아크용접기 등 2종 구매,물품,총액계약,제한경쟁,적격심사제,Y,해군군수사령부,ZD00289,해군군수사령부,ZD00289,87.995,37911280,38000000,35709091,2024-06-04,10:30:00,개찰완료,33360124,87.995,2024-06-05,커먼유니크,한인아,한인아,636-04-02580,"경기도 이천시 마장면 중앙로56, 201동 401호(이천마장리젠시빌란트더웰)"
SCF0526,1,오실로스코프(100MHz) 1EA 구매,물품,총액계약,제한경쟁,적격심사제,Y,해군군수사령부,ZD00289,해군군수사령부,ZD00289,87.995,21258815,21000000,20100909,2024-06-04,10:30:00,개찰완료,18706830,87.995,2024-06-04,승리산업,이승현,이승현,608-19-48187,"경기도 시흥시 월곶중앙로70번길3,  진주마을 풍림1차 아이원 115-911"
SCF0522,1,공기 샘플러 2Set 구매,물품,총액계약,제한경쟁,적격심사제,Y,해군군수사령부,ZD00289,해군군수사령부,ZD00289,87.995,5614153,5600000,5198000,2024-06-04,10:30:00,개찰완료,5170000,92.088,2024-06-04,산트,이상태,이상태,119-15-46546,경기도 안양시 동안구 시민대로267(관양동) 아크로팰리스 512호
SCF0530,1,로프.섬유제 2EA 제조,물품,총액계약,제한경쟁,적격심사제,Y,해군군수사령부,ZD00289,해군군수사령부,ZD00289,87.995,22148569,22000000,20800000,2024-06-04,10:30:00,개찰완료,21460000,96.891,2024-06-04,주식회사대한로프,박성호,최은현,622-81-21371,"경상남도 김해시 마사로36-31 (생림면, 대한로프)"
SCK0068,1,상용 소프트웨어 구매,물품,총액계약,일반경쟁,적격심사제,Y,해군교육사령부,1290330,해군교육사령부,1290330,87.995,24092235,24090000,22338000,2024-06-04,10:30:00,개찰완료,23999790,99.616,2024-06-04,에스엠엘컴퍼니,송주연,송주연,826-30-01349,"서울특별시 마포구 만리재로14, 2201호"
UMM0688,1,24-N-섬유유연제 등 2품목 구매,물품,총액계약,제한경쟁,적격심사제,Y,국군재정관리단,ZD00303,국군재정관리단,ZD00303,87.995,57023811,57360000,55316909,2024-06-04,11:00:00,개찰완료,50178155,87.995,2024-06-05,은혜상사,김병완,김병완,598-50-00351,경상북도 포항시 남구 효성로88.302동402호(효자웰빙타운에스케이뷰3차)
UMM0711,1,(247211-F)전산운영용품 구매,물품,총액계약,제한경쟁,적격심사제,Y,국군재정관리단,ZD00303,국군재정관리단,ZD00303,87.995,103280884,103388960,102660818,2024-06-04,11:00:00,개찰완료,90882400,87.995,2024-06-04,정현이엔에스,이시현,이시현,519-62-00384,강원특별자치도 삼척시 근덕면 덕산1길59-12
UMM0685,1,24-D-전자레인지 구매,물품,총액계약,제한경쟁,적격심사제,Y,국군재정관리단,ZD00303,국군재정관리단,ZD00303,87.995,82347023,81750000,75809091,2024-06-04,11:00:00,개찰완료,72461764,87.995,2024-06-05,리치코리아,박도연,박도연,722-33-00466,"경기도 의정부시 신촌로18-7 (가능동, 의정부 SK VIEW) 102-1104"
UMM0676,1,24-D-소형굴삭기 구매,물품,총액계약,제한경쟁,적격심사제,Y,국군재정관리단,ZD00303,국군재정관리단,ZD00303,87.995,72798346,72950000,68600000,2024-06-04,11:00:00,개찰완료,71418050,98.103,2024-06-04,(주)오성인피니티,김희숙,서정대,214-86-50438,"서울특별시 강남구 남부순환로365길 5, 중명 213(도곡동)"
UMM0709,1,(24F145-I) 24년 취사장 청소용역,용역,총액계약,제한경쟁,적격심사제,Y,국군재정관리단,ZD00303,국군재정관리단,ZD00303,87.995,75072639,75784313,70272727,2024-06-04,11:00:00,개찰완료,66091330,88.036,2024-06-04,에이원산업 주식회사,정용조,정지혜,409-81-92439,광주광역시 북구 하남대로807번길9-5 (운암동)
UMM0708,1,(247231-E) 이동형앰프시스템 교체 사업,물품,총액계약,제한경쟁,적격심사제,Y,국군재정관리단,ZD00303,국군재정관리단,ZD00303,87.995,116220538,115435290,107040000,2024-06-04,11:00:00,개찰완료,102269025,87.995,2024-06-04,탑플러스 유통,김춘미,김춘미,307-53-00284,"경기도 의정부시 녹양로18번길19-11 , 1층1호(가능동)"
UMM0671,1,(247131-C) 장비운영소모품(병리7) 39종 구매,물품,총액계약,일반경쟁,적격심사제,Y,국군재정관리단,ZD00303,국군재정관리단,ZD00303,82.995,250307775,249290600,243864545,2024-06-04,11:00:00,개찰완료,207763654,83.003,2024-06-04,삼일앨엔에스,손용익,손용익,602-18-64668,"경기도 안양시 동안구 관악대로249번길11, 2층 201호 (비산동)"
UMM0686,1,(247127-D)장비운영소모품(병리3) 59종 구매,물품,총액계약,일반경쟁,적격심사제,Y,국군재정관리단,ZD00303,국군재정관리단,ZD00303,82.995,248684619,247529411,229527273,2024-06-04,11:00:00,개찰완료,206419840,83.004,2024-06-04,주식회사 원포인트 듀오,이인환,이인환,206-86-93703,"서울특별시 강북구 덕릉로40길74, 701호(번동, 강북전자공단)"
UMM0689,1,(247126-C) 장비운영소모품(병리2) 59종 구매,물품,총액계약,일반경쟁,적격심사제,Y,국군재정관리단,ZD00303,국군재정관리단,ZD00303,82.995,290770619,289150000,268120909,2024-06-04,11:00:00,개찰완료,241348000,83.002,2024-06-04,그리마,이양숙,이양숙,121-18-58065,인천광역시 동구 화도로29-0 (화수동)2층
UMM0682,1,(246024-G) 24년 대형전시체계 교체사업(리스자산),물품,총액계약,일반경쟁,적격심사제,Y,국군재정관리단,ZD00303,국군재정관리단,ZD00303,82.995,875883860,874811696,811189027,2024-06-04,11:00:00,개찰완료,726953173,82.996,2024-06-04,엠에스원디지털 주식회사,엄종만,최한나,117-81-53920,"서울특별시 영등포구 양평로149-0, 1106호 (양평동5가)"
UMM0684,1,24-F-차량 견인식 FO제거 스위퍼 구매,물품,총액계약,일반경쟁,적격심사제,Y,국군재정관리단,ZD00303,국군재정관리단,ZD00303,82.995,379275222,379010000,351450000,2024-06-04,11:00:00,개찰완료,314859530,83.016,2024-06-04,(주)미래엠앤에스,박지호,남석희,138-81-47615,"경기도 과천시 별양상가1로18,비-1호 (별양동) 과천오피스텔 5층"
UMM0690,1,(246092-D)치과재료 151품목 구매,물품,총액계약,일반경쟁,적격심사제,Y,국군재정관리단,ZD00303,국군재정관리단,ZD00303,82.995,413429435,410730588,380859273,2024-06-04,11:00:00,개찰완료,343158198,83.002,2024-06-04,이엠이컴퍼니,성원민,성원민,562-07-01490,서울특별시 금천구 가산디지털1로171 (가산동) 3층 306-19
EBB0230,1,끈류,물품,총액계약,제한경쟁,적격심사제,Y,방위사업청,1690000,방위사업청,1690000,,191917295,191796000,0,2024-06-05,11:00:00,개찰완료,168984500,88.05,2024-06-05,주식회사 신창엠텍,김홍규,박기준,503-81-91498,대구광역시 달서구 성서공단북로4길8-0 (파호동)
EBB0231,1,간  조준용,물품,총액계약,일반경쟁,적격심사제,Y,방위사업청,1690000,방위사업청,1690000,,290604899,291011000,0,2024-06-05,15:00:00,개찰완료,244885000,84.267,2024-06-05,평화정밀,조현배,이춘희,608-40-62145,부산광역시 강서구 미음산단3로120-0 (미음동)
EBB0232,1,24년 K계열 소화기 부품류,물품,총액계약,지명경쟁,적격심사제,Y,방위사업청,1690000,방위사업청,1690000,,12740694410,12758297000,0,2024-06-05,14:30:00,개찰완료,10857990000,85.222,2024-06-05,에스앤티모티브주식회사,권형순,김회영,621-81-47887,부산광역시 기장군 철마면 여락송정로 363()
EBB0233,1,탄약 지환통류,물품,총액계약,일반경쟁,적격심사제,Y,방위사업청,1690000,방위사업청,1690000,,82434725,82308000,0,2024-06-05,10:30:00,개찰완료,70867180,85.967,2024-06-05,(주)오성지관,오정호,오능규,124-86-56293,경기도 양주시 칠봉산로337번길11 (봉양동)
EBH0031,1,센서시스템(일반 제조),물품,총액계약,일반경쟁,적격심사제,Y,방위사업청,1690000,방위사업청,1690000,,727125681,729095000,0,2024-06-05,11:00:00,개찰완료,624364000,85.867,2024-06-05,블랙썬 주식회사,이희부,이희부,417-86-00013,"서울특별시 영등포구 양평로157, 1608호 (양평동5가, 투웨니퍼스트밸리)"
EBH0036,1,24년 저고도탐지레이더 수리부속(구매),물품,총액계약,제한경쟁,적격심사제,Y,방위사업청,1690000,방위사업청,1690000,,92790965,93037000,0,2024-06-05,10:30:00,개찰완료,82988073,89.435,2024-06-05,주식회사 나우이노,황재희,황재희,852-81-01258,경상북도 칠곡군 북삼읍 인평2길20 B동
LBA0043,1,‘24년 7~9월 식자재 다수품목 단가계약,물품,총액계약,2단계경쟁(동시),최저가격제,N,제2167부대,ZD00053,제2167부대,ZD00053,0,10282028152,10274323505,9340294095,2024-06-05,12:30:00,개찰완료,6660330212,64.776,2024-06-05,농업회사법인주식회사대화농산,최태은,정지현,797-86-00923,경기도 수원시 영통구 법조로25-0 (하동) SK VIEW LAKE A동 3716호
LKF0040,1,24년 00부대 신교대대 민간위탁 급식 2차 시범사업,용역,총액계약,협상에의한계약(전자),협상,N,제6755부대,ZD00090,제6755부대,ZD00090,0,13213770693,13140000000,11945454545,2024-06-05,11:00:00,개찰완료,13140000000,99.441,2024-06-13,주식회사 풀무원푸드앤컬처,이동훈,배유경,214-86-08930,서울특별시 송파구 송파대로34길29(송파동)
LKP0102,1,24년 전반기 국기검 자동차정비 실기교육 물품구매,물품,총액계약,제한경쟁,적격심사제,Y,제6335부대,Z006123,제6335부대,Z006123,87.995,30870751,30927500,28115909,2024-06-05,11:00:00,개찰완료,27164800,87.995,2024-06-05,주식회사 원포인트 듀오,이인환,이인환,206-86-93703,"서울특별시 강북구 덕릉로40길74, 701호(번동, 강북전자공단)"
LKP0103,1,24년 정비피복(하계정비복 등 4종) 제조 납품,물품,총액계약,제한경쟁,적격심사제,Y,제6335부대,Z006123,제6335부대,Z006123,87.995,98826913,99600000,90545455,2024-06-05,11:00:00,개찰완료,87220910,88.256,2024-06-05,태광산업,황승옥,황승옥,206-03-48559,경기도 포천시 신북면 장자경제로144-8
MDD0083,1,24년 의무장비(환자체온조절기 자동식(물타입)) 구매,물품,총액계약,제한경쟁,적격심사제,Y,국군수도병원,ZD00236,국군수도병원,ZD00236,87.995,37160609,37240000,34545455,2024-06-05,17:00:00,개찰완료,32700520,87.997,2024-06-07,주식회사 성우팜,박정희,박정희,667-81-00646,서울특별시 영등포구 여의대로24 지하 114-2호(여의도동)
MDD0081,1,2024년 국군수도병원 외상센터 수술기구 구매,물품,총액계약,제한경쟁,적격심사제,Y,국군수도병원,ZD00236,국군수도병원,ZD00236,87.995,28944033,28821800,26736364,2024-06-05,17:00:00,개찰완료,25473010,88.007,2024-06-07,해냄코리아,장경희,장경희,374-30-00927,"경기도 의정부시 회룡로254, 701동 1702 (장암동, 장암주공7단지)"
MDD0084,1,2024 의무장비(심장세동제거기) 구매,물품,총액계약,제한경쟁,적격심사제,Y,국군수도병원,ZD00236,국군수도병원,ZD00236,87.995,26489924,26460000,24545455,2024-06-05,17:00:00,개찰완료,23309930,87.995,2024-06-07,승재유통,하경남,하경남,513-19-03126,경상북도 구미시 진평길77 골든하이츠 102호 (진평동)
SCF0529,2,친환경 금속 녹 세정제 3종 구매,물품,총액계약,제한경쟁,적격심사제,Y,해군군수사령부,ZD00289,해군군수사령부,ZD00289,87.995,31870172,32000000,31437273,2024-06-05,10:30:00,개찰완료,28044580,87.996,2024-06-05,(주)우리피플즈,조영훈,조영훈,367-81-01314,"전북특별자치도 전주시 완산구 효자로161, 웨스트빌 207호"
SCI0061,1,리드선 조립체 1종 구매,물품,총액계약,제한경쟁,적격심사제,Y,제9121부대,ZD00141,제9121부대,ZD00141,87.995,237605845,237000000,219763636,2024-06-05,10:30:00,개찰완료,209081400,87.995,2024-06-05,대성하이테크,엄영순,엄영순,686-11-00265,울산광역시 울주군 서생면 명산리104-2 대성하이테크
UMM0712,1,24-N-OO사 예초용역,용역,총액계약,제한경쟁,적격심사제,Y,국군재정관리단,ZD00303,국군재정관리단,ZD00303,87.995,121085021,121440000,113126364,2024-06-05,11:00:00,개찰완료,106559990,88.004,2024-06-05,주식회사 솔누리,황수태,황수태,508-81-16548,경상북도 청송군 청송읍 군청로1-0
UMM0687,1,24-D-인쇄용편집기 구매,물품,총액계약,일반경쟁,적격심사제,Y,국군재정관리단,ZD00303,국군재정관리단,ZD00303,82.995,320809933,320670000,306203636,2024-06-05,11:00:00,개찰완료,266273130,83,2024-06-05,오리,김은수,김은수,491-41-00174,경기도 의정부시 녹양로18번길 19-11
UMM0697,1,24-M-오수처리시설 위탁관리 용역,용역,총액계약,일반경쟁,적격심사제,Y,국군재정관리단,ZD00303,국군재정관리단,ZD00303,85.495,274224479,273140000,253278745,2024-06-05,11:00:00,개찰완료,234546318,85.53,2024-06-05,청해ENV주식회사,이병관,이병기,141-81-09617,"경기도 파주시 가나무로143, 3층 (금릉동, 파주메트로프라자1)"
UMM0703,1,24-N-0함대 얼음정수기 임차용역(85대),용역,총액계약,일반경쟁,적격심사제,Y,국군재정관리단,ZD00303,국군재정관리단,ZD00303,85.495,279232724,279500000,259172727,2024-06-05,11:00:00,개찰완료,239419700,85.741,2024-06-05,홍주리더스 주식회사,김영용,이희자,832-86-00148,인천광역시 서구 염곡로14번길10-0 (가좌동)
UMM0696,1,(247125-B) 장비운영소모품(병리1) 128종 구매,물품,총액계약,제한경쟁,적격심사제,Y,국군재정관리단,ZD00303,국군재정관리단,ZD00303,87.995,174277934,174310490,161633364,2024-06-05,11:00:00,개찰완료,153356460,87.995,2024-06-05,다인,김태영,김태영,156-32-01486,"경상북도 포항시 북구 중흥로265, 108호 성원메디컬빌딩 108호 B22(죽도동)"
UMM0698,1,(247135-B) 장비운영소모품(방사선) 18종 구매,물품,총액계약,일반경쟁,적격심사제,Y,국군재정관리단,ZD00303,국군재정관리단,ZD00303,82.995,367728927,368150000,347104545,2024-06-05,11:00:00,개찰완료,305243194,83.007,2024-06-05,주식회사 제이에프,진주,윤경은,876-88-01248,"충청북도 청주시 청원구 율봉로159번길73-1, 301호(율량동, 스톰비오피스센터)"
UMM0701,1,(247154-B) 24년 의무장비(체외충격파치료기) 구매,물품,총액계약,제한경쟁,적격심사제,Y,국군재정관리단,ZD00303,국군재정관리단,ZD00303,87.995,60988386,61274500,56818182,2024-06-05,11:00:00,개찰완료,60793000,99.679,2024-06-05,동진상사,윤영현,윤영현,221-06-97424,"경기도 평택시 평택5로34번길48, 402호(합정동)"
UMM0714,1,(24F149-I) 24년 제초용역,용역,총액계약,일반경쟁,적격심사제,Y,국군재정관리단,ZD00303,국군재정관리단,ZD00303,87.995,272573379,271874200,263840909,2024-06-05,11:00:00,개찰완료,239860600,87.998,2024-06-05,와이제이그린(주),김다은,김다은,555-81-02356,경기도 용인시 기흥구 공세로180-0 (공세동)
UMM0723,1,(246219-F)체력단련장 운영용 전동카트 구매,물품,총액계약,제한경쟁,적격심사제,Y,국군재정관리단,ZD00303,국군재정관리단,ZD00303,87.995,79470629,79264700,73500000,2024-06-05,11:00:00,개찰완료,69931750,87.996,2024-06-05,yes중앙스포츠,임현길,임현길,234-17-00391,"경상북도 구미시 형곡로41길17, 4층 3호 (형곡동, 국제전원맨션2차)"
UMM0715,1,(24F171-I) 5군단 제초용역 (1공구),용역,총액계약,제한경쟁,적격심사제,Y,국군재정관리단,ZD00303,국군재정관리단,ZD00303,87.995,82436692,82239578,81640636,2024-06-05,11:00:00,개찰완료,72540550,87.995,2024-06-05,우진조경(주),전경애,김진규,141-81-11452,경기도 고양시 일산동구 일산로372번길58-17 (정발산동)
UMM0716,1,(24F172-I) 5군단 제초용역 (2공구),용역,총액계약,제한경쟁,적격심사제,Y,국군재정관리단,ZD00303,국군재정관리단,ZD00303,87.995,65722391,65513837,65728091,2024-06-05,11:00:00,개찰완료,57833000,87.995,2024-06-05,주식회사태우조경,황연숙,황연숙,873-86-00509,"강원특별자치도 춘천시 소양강로10, 비엔아이 지식산업센터 523호(후평동)"
UMM0702,1,24-F-수평 밀링머신 1종 구매,물품,총액계약,제한경쟁,적격심사제,Y,국군재정관리단,ZD00303,국군재정관리단,ZD00303,87.995,232610216,235000000,219573636,2024-06-05,11:00:00,개찰완료,204703833,88.002,2024-06-05,와이에스,김수선나,김수선나,481-25-01875,"대전광역시 서구 가장로52, 5층 74호(괴정동, 천연빌딩)"
UMM0717,1,24-F-신형 저장랙 제조,물품,총액계약,일반경쟁,적격심사제,Y,국군재정관리단,ZD00303,국군재정관리단,ZD00303,82.995,307679720,309800000,287272727,2024-06-05,11:00:00,개찰완료,259175400,84.235,2024-06-05,주식회사 디에스나이키,김준홍,박성태,101-81-45895,"서울특별시 구로구 구로중앙로134, 4층(구로동, 리치몰)"
UMM0721,1,24-N-UPS 노후 배터리 교체,물품,총액계약,제한경쟁,적격심사제,Y,국군재정관리단,ZD00303,국군재정관리단,ZD00303,87.995,57224419,57840000,55316364,2024-06-05,11:00:00,개찰완료,50361650,88.007,2024-06-05,거성기업주식회사,고금란,이종혁,409-81-80777,전북특별자치도 순창군 순창읍 장류로245-0 3층
EBH0033,1,탐색레이다 여과기(일반 제조),물품,총액계약,제한경쟁,적격심사제,Y,방위사업청,1690000,방위사업청,1690000,,192007813,192109000,0,2024-06-07,17:00:00,개찰완료,169165000,88.103,2024-06-07,삼우시스템 주식회사,김용식,이지윤,133-81-37709,"경기도 광명시 하안로228, 374호(하안동, 시범공단)"
HCQ0045,1,5비 김해기지 작전지휘시설 신축공사(콘크리트파일),물품,총액계약,일반경쟁,적격심사제,Y,공군제5공중기동비행단,ZD00193,공군제5공중기동비행단,ZD00193,82.995,249715816,249689210,231530000,2024-06-07,11:00:00,개찰완료,207253000,82.995,2024-06-07,명진푸드,임경희,임경희,234-96-00979,경기도 성남시 중원구 광명로100번길13-1 (성남동)1층
HDQ0046,2,24-유해환경근무자 특수건강진단 민간위탁 용역,용역,총액계약,제한경쟁,적격심사제,Y,제20전투비행단,ZD00161,제20전투비행단,ZD00161,87.745,114492361,114054486,127845873,2024-06-07,10:30:00,개찰완료,100927765,88.152,2024-06-07,아이본병원,김동운,김용욱,279-96-00900,"충청남도 천안시 서북구 불당25로206, 3,4,5층 외 불당25로 208 4,5층(불당동)"
HDQ0047,1,23-충-공-3A 무대장치(용성문화회관 개선공사),물품,총액계약,제한경쟁,적격심사제,Y,제20전투비행단,ZD00161,제20전투비행단,ZD00161,87.995,257607906,258594200,251809091,2024-06-07,11:00:00,개찰완료,226822350,88.049,2024-06-07,주식회사 부력에너지,예성해,이동은,502-81-32948,"경상북도 경산시 협석2길29, 나동, 다동(남천면)"
LAZ0005,1,24-00부대 전력화 추진방안 정책연구용역,용역,총액계약,협상에의한계약(전자),최저가격제,N,드론작전사령부,9800110,드론작전사령부,9800110,0,49561556,49930000,45390909,2024-06-07,14:00:00,개찰완료,39944000,80.594,2024-06-24,(사)21세기군사연구소,김진욱,박계향,108-82-05061,"서울특별시 금천구 가산디지털2로184, 10층 1017호(가산동, 벽산디지털밸리2차)"
LBA0049,1,24년 얼음 정수기 임차 용역,용역,총액계약,제한경쟁,적격심사제,Y,제2167부대,ZD00053,제2167부대,ZD00053,87.745,113095874,113400000,103090909,2024-06-07,10:30:00,개찰완료,99343630,87.84,2024-06-07,해오름컴퍼니,이필기,이필기,812-01-01393,"서울특별시 마포구 신촌로196, 4층(염리동)"
LCF0212,2,호스조립체  비금속제 등 41항목 구매(기장),물품,총액계약,제한경쟁,적격심사제,Y,육군군수사령부,1290307,육군군수사령부,1290307,87.995,31770474,31498042,28634584,2024-06-07,16:30:00,개찰완료,28000000,88.132,2024-06-09,주식회사 케이에스이노텍,나유민,나유민,889-88-01400,경기도 부천시 원미구 부천로198번길36-0 (춘의동) 춘의테크노파크 102동 1401호
LCG0031,2,[24-육-91] 무건리 훈련장 갈등 비용분석 연구,용역,총액계약,2단계경쟁(동시),최저가격제,N,육군본부,1290298,육군본부,1290298,0,15007931,15000000,13636364,2024-06-07,13:00:00,개찰완료,13805000,91.984,2024-06-07,유한회사 행정과 소통연구소,홍수정,이경순,874-81-02771,"서울특별시 광진구 광나루로56길63, 지하1층 113호 에스46(구의동)"
LCM0031,2,24년 3분기 부대계약 영내자증식 구매,물품,총액계약,제한경쟁,적격심사제,Y,육군교육사령부,1290302,육군교육사령부,1290302,87.995,99244854,100278800,91162545,2024-06-07,10:30:00,개찰완료,87372900,88.037,2024-06-10,새늘,조희열,조희열,608-29-12771,경상남도 김해시 진영읍 진영로454번길75
LDG0060,1,24년 공기청정기 필터 제조,물품,총액계약,제한경쟁,적격심사제,Y,육군 탄약지원사령부,ZD00086,육군 탄약지원사령부,ZD00086,87.995,96265832,96428900,87662636,2024-06-07,10:30:00,개찰완료,84729300,88.015,2024-06-07,(주)뉴라이즌,이승욱,이상국,888-88-01542,"부산광역시 해운대구 센텀중앙로97, 센텀스카이비즈 A동 3511"
LFC0047,1,24년 7~9월 부대조달 경쟁계약품목(부식류) 구매,물품,총액계약,일반경쟁,적격심사제,Y,육군훈련소,ZD00010,육군훈련소,ZD00010,82.995,927170223,923827580,839843255,2024-06-07,11:00:00,개찰완료,769525433,82.997,2024-06-07,(주)비락,이항용,장성진,617-81-07886,부산광역시 남구 자성로152 (문현동) 한일오피스텔 12층
LNQ0029,1,24년 제초관리용역 ,용역,총액계약,제한경쟁,적격심사제,Y,제17보병사단,ZD00375,제17보병사단,ZD00375,87.745,185197775,186657060,169688236,2024-06-07,10:30:00,개찰완료,162521000,87.755,2024-06-07,주식회사 레인조경,임재훈,임재훈,498-86-00934,"인천광역시 연수구 센트럴로313(송도동, 20층 제비2024호,2025호 송도씨워크인테라스한라)"
MDD0086,1,2024 국가지정입원치료병상 헤파필터 제조설치,물품,총액계약,제한경쟁,적격심사제,Y,국군수도병원,ZD00236,국군수도병원,ZD00236,87.995,24814875,24707760,22920000,2024-06-07,16:00:00,개찰완료,21982435,88.585,2024-06-10,(주)파란필터산업,윤영훈,윤영훈,134-86-58134,경기도 화성시 우정읍 버들로827-20
MHD0058,2,2024 한-중동아프리카 방산협력 컨퍼런스 행사 진행,용역,총액계약,협상에의한계약(전자),협상,N,방위사업청(운영지원과),1690000,방위사업청(운영지원과),1690000,,197500000,,179545455,2024-06-07,15:00:00,개찰완료,197000000,99.746,2024-07-02,주식회사 채널케이,이윤경,김수정,265-88-02336,"서울특별시 송파구 송파대로201, A동 8층 A-806,807호(문정동, 송파 테라타워2)"
SCF0535,1,증기압측정기 구매,물품,총액계약,제한경쟁,적격심사제,Y,해군군수사령부,ZD00289,해군군수사령부,ZD00289,87.995,34206520,34000000,32209091,2024-06-07,10:30:00,개찰완료,30100113,87.995,2024-06-07,영디자인,김영현,김영현,414-02-17738,"인천광역시 계양구 봉오대로686번길12-15, 201호(작전동)"
UAC0020,1,수리부속 28종 구매,물품,총액계약,일반경쟁,적격심사제,Y,국방출판지원단,ZD00908,국방출판지원단,ZD00908,87.995,35956364,35966000,33363636,2024-06-07,11:00:00,개찰완료,33215000,92.375,2024-06-08,대전인재사,고인곤,고인곤,306-10-64288,대전광역시 동구 선화로 212()
UMM0705,1,24-F-정비업무용 부스 1종 제조,물품,총액계약,제한경쟁,적격심사제,Y,국군재정관리단,ZD00303,국군재정관리단,ZD00303,87.995,73312062,73600000,68250000,2024-06-07,11:00:00,개찰완료,64579100,88.087,2024-06-07,디자인 청호,서월석,서월석,122-26-45933,"인천광역시 부평구 부평대로337, 4층 440호 (청천동, 부평 제이타워3차 지식산업센터)"
UMM0695,1,24-D-자담 인쇄용지 구매(241035-F),물품,총액계약,일반경쟁,적격심사제,Y,국군재정관리단,ZD00303,국군재정관리단,ZD00303,82.995,334654052,330880000,306818182,2024-06-07,11:00:00,개찰완료,277866000,83.03,2024-06-07,파인트리 트랜스월드 주식회사,최은미,이철,261-81-27995,"서울특별시 종로구 삼일대로32길36, 302호(익선동, 운현신화타워)"
UMM0710,1,24-N-모타건조로 A형 구매,물품,총액계약,제한경쟁,적격심사제,Y,국군재정관리단,ZD00303,국군재정관리단,ZD00303,87.995,175945781,176900000,164036364,2024-06-07,11:00:00,개찰완료,154824649,87.995,2024-06-07,해리넷,한현주,한현주,723-19-01249,"대구광역시 서구 평리로54길13, 501호(내당동)"
EBB0235,1,교정간격 부품류,물품,총액계약,일반경쟁,적격심사제,Y,방위사업청,1690000,방위사업청,1690000,,737973230,735856000,0,2024-06-10,11:00:00,개찰완료,628420000,85.154,2024-06-10,(주)세광이앤지,김종식,김태하,811-88-00183,울산광역시 울주군 언양읍 반천산업로108-65
EKA0017,1,확성기 영구 자석식(차륜형지휘소용차량 2차양산),물품,총액계약,제한경쟁,적격심사제,Y,방위사업청,1690000,방위사업청,1690000,,162175603,162787000,0,2024-06-10,10:30:00,개찰완료,143297004,88.359,2024-06-10,성도교역,최계영,최계영,110-15-69561,"서울특별시 서대문구 수색로138-0, 2층(북가좌동)"
HCG0021,1,24-그린나래호텔 리모델링 계획의 적절성 분석연구,용역,총액계약,협상에의한계약(전자),협상,N,공군본부,1290339,공군본부,1290339,,27282000,,25298182,2024-06-10,11:00:00,개찰완료,20000000,73.308,2024-06-19,사단법인 한국국가전략연구원,한민구,이상규,643-82-00026,"서울특별시 용산구 한강대로62길41, 3층 (한강로1가)"
LCF0324,1,장치대 탄적치대 이송용 등 2항목 구매(총포공구),물품,총액계약,제한경쟁,적격심사제,Y,육군군수사령부,1290307,육군군수사령부,1290307,87.995,113493304,112486489,102260445,2024-06-10,10:30:00,개찰완료,99872437,87.998,2024-06-10,정컴퍼니,정은경,정은경,711-79-00315,"서울특별시 성동구 상원길63, 101동 7층 702호(성수동1가, 쌍용아파트)"
LCF0326,1,슬링 빔형 등 5항목 제조(궤도공구),물품,총액계약,제한경쟁,적격심사제,Y,육군군수사령부,1290307,육군군수사령부,1290307,87.995,79037181,79322824,72111658,2024-06-10,11:00:00,개찰완료,69674260,88.153,2024-06-10,동창원산업(주),정창,문혜영,553-81-01007,경상남도 의령군 용덕면 의합대로123-7
LCF0327,1,펀치 구동핀용 등 7항목 제조(궤도공구),물품,총액계약,제한경쟁,적격심사제,Y,육군군수사령부,1290307,육군군수사령부,1290307,87.995,92323495,92592452,84174956,2024-06-10,11:00:00,개찰완료,81362415,88.127,2024-06-10,동창원산업(주),정창,문혜영,553-81-01007,경상남도 의령군 용덕면 의합대로123-7
LCF0333,1,스위치 등 41항목 구매(궤도-017),물품,총액계약,일반경쟁,적격심사제,Y,육군군수사령부,1290307,육군군수사령부,1290307,82.995,833205161,837860345,761691223,2024-06-10,11:30:00,개찰완료,691947010,83.046,2024-06-10,티디에프 주식회사,안소영,전혁,418-81-39516,인천광역시 서구 대곡로89번안길29 (대곡동)
LCF0325,1,키트-스탈첵 엔진용 등 7항목 구매(총포공구),물품,총액계약,제한경쟁,적격심사제,Y,육군군수사령부,1290307,육군군수사령부,1290307,87.995,211739569,212240517,192945925,2024-06-10,11:00:00,개찰완료,186320280,87.995,2024-06-10,주식회사 엔베이스,조병일,조병일,849-88-01270,"전북특별자치도 전주시 덕진구 기린대로945-6, 109호(여의동)"
LCF0334,1,스위치 압력식 등 1항목 구매(궤도-020),물품,총액계약,제한경쟁,적격심사제,Y,육군군수사령부,1290307,육군군수사령부,1290307,87.995,27537601,27670230,25154755,2024-06-10,11:30:00,개찰완료,24416000,88.664,2024-06-10,제이에이치텍,강종현,강종현,648-03-02612,부산광역시 사상구 가야대로196번길63
LDH0565,1,(정비) 지퍼백밀봉형중형 등 173종 구매,물품,총액계약,제한경쟁,적격심사제,Y,제2879부대,ZD00347,제2879부대,ZD00347,87.995,46200648,45917000,42578036,2024-06-10,13:00:00,개찰완료,40753963,88.21,2024-06-20,상일상사,조용경,조용경,825-13-01015,경상남도 창원시 마산회원구 합포로274 (양덕동) 401호
LGI0042,1,부식류 186종,물품,단가계약,2단계경쟁(동시),최저가격제,N,제3130부대,ZD01109,제3130부대,ZD01109,0,3040310,3065337,1813709509,2024-06-10,10:30:00,개찰완료,1549154,50.953,2024-06-10,씨제이프레시웨이 주식회사,이건일,권영석,603-81-11270,경기도 용인시 기흥구 기곡로32-0 (하갈동)
LGI0043,1,부식류 124종,물품,단가계약,2단계경쟁(동시),최저가격제,N,제3130부대,ZD01109,제3130부대,ZD01109,0,1392003,1382439,972832264,2024-06-10,10:30:00,개찰완료,801815,57.601,2024-06-10,(주)아워홈 동서울영업소,구미현,전광용,716-85-00062,경기도 광주시 초월읍 산수로642-27
LGI0044,1,부식류 110종,물품,단가계약,2단계경쟁(동시),최저가격제,N,제3130부대,ZD01109,제3130부대,ZD01109,0,1497383,1484529,1722735736,2024-06-10,10:30:00,개찰완료,820945,54.825,2024-06-10,씨제이프레시웨이 주식회사,이건일,권영석,603-81-11270,경기도 용인시 기흥구 기곡로32-0 (하갈동)
LGI0045,1,부식류 164종,물품,단가계약,2단계경쟁(동시),최저가격제,N,제3130부대,ZD01109,제3130부대,ZD01109,0,1839853,1836836,2660738036,2024-06-10,10:30:00,개찰완료,1012097,55.009,2024-06-10,(주)아워홈 동서울영업소,구미현,전광용,716-85-00062,경기도 광주시 초월읍 산수로642-27
LGI0046,1,부식류 83종,물품,단가계약,2단계경쟁(동시),최저가격제,N,제3130부대,ZD01109,제3130부대,ZD01109,0,1010540,1000523,511296127,2024-06-10,10:30:00,개찰완료,589308,58.316,2024-06-10,씨제이프레시웨이 주식회사,이건일,권영석,603-81-11270,경기도 용인시 기흥구 기곡로32-0 (하갈동)
LQH0029,1,(육성)워리어플랫폼 조준경·확대경·총기레일 제조,물품,총액계약,제한경쟁,적격심사제,Y,제3697부대,ZD00248,제3697부대,ZD00248,87.995,173181900,171485290,159013636,2024-06-10,10:30:00,개찰완료,152690000,88.167,2024-06-11,주식회사 수옵틱스,임도현,김창식,450-81-00636,경상남도 창원시 마산회원구 자유무역3길193-0 (양덕동)
MDK0046,1,24년 군 상용드론(UAV 포함) 보험,용역,총액계약,일반경쟁,적격심사제,Y,국군수송사령부,1290460,국군수송사령부,1290460,47.995,1262678635,1258326470,1183373018,2024-06-10,11:00:00,개찰완료,606166250,48.006,2024-06-10,롯데손해보험(주),이은호,최성민,104-81-30770,서울특별시 중구 소월로3 (남창동)
UMM0725,1,24-N-00사 얼음정수기(98대) 임차용역,용역,총액계약,제한경쟁,적격심사제,Y,국군재정관리단,ZD00303,국군재정관리단,ZD00303,87.745,209406084,211320000,211680000,2024-06-10,11:00:00,개찰완료,184296398,88.009,2024-06-10,나우,임재성,임재성,114-16-55921,"경상남도 창원시 마산회원구 팔용로215-0 (구암동, 중앙하이츠) 106동 1201호"
EBB0241,1,K9 전동기 조립체,물품,총액계약,일반경쟁,적격심사제,Y,방위사업청,1690000,방위사업청,1690000,,426990300,428655000,0,2024-06-11,11:00:00,개찰완료,373166000,87.394,2024-06-11,(주)범한네트웍스,김성혜,김정래,617-81-67884,부산광역시 기장군 기장읍 배산로56번길26-19
EBB0240,1,소화기(총류)부품류(구매),물품,총액계약,일반경쟁,적격심사제,Y,방위사업청,1690000,방위사업청,1690000,,1108115106,1108804000,0,2024-06-11,11:00:00,개찰완료,935356935,84.409,2024-06-11,주식회사 엔미디어솔루션,조윤규,김정언,119-86-53412,"인천광역시 계양구 계산새로71, 비동 310호(계산동, 하이베라스)"
EBB0237,1,케이블립체류,물품,총액계약,일반경쟁,적격심사제,Y,방위사업청,1690000,방위사업청,1690000,,3212609234,3211178000,0,2024-06-11,14:00:00,개찰완료,2699000000,84.012,2024-06-11,연합정밀(주),김은주,문제상,312-81-09219,충청남도 천안시 동남구 목천읍 학수소사길219-27
EBB0239,1,피스톤링류,물품,총액계약,제한경쟁,적격심사제,Y,방위사업청,1690000,방위사업청,1690000,,69520658,69840000,0,2024-06-11,14:00:00,개찰완료,61317700,88.2,2024-06-11,케이디에스,김용해,김용해,222-04-86722,경상북도 구미시 1공단로10길73-4 (공단동)
HCF0133,3,24~'27 KT-100 CPT 유지보수,용역,총액계약,제한경쟁,적격심사제,Y,공군군수사령부,ZD00306,공군군수사령부,ZD00306,87.745,151096154,151720880,150283636,2024-06-11,10:30:00,개찰완료,132728104,87.843,2024-06-11,주식회사 포스시스템,이용보,이용보,318-81-02892,"대전광역시 유성구 테크노4로17, B동 614호(관평동, 대덕비즈센터)"
HCF0145,2,음성통신통제체계 유지보수,용역,총액계약,제한경쟁,적격심사제,Y,공군군수사령부,ZD00306,공군군수사령부,ZD00306,85.495,291652380,292865686,271566364,2024-06-11,10:30:00,개찰완료,251000000,86.061,2024-06-11,(주)젤루텍,이두규,김유리,107-86-79665,"서울특별시 영등포구 경인로775-0 (문래동3가), 1동 722호"
LBA0051,1,‘24년 7~9월 부대조달 부식(돈가스 8품목) 제조/구매,물품,총액계약,제한경쟁,적격심사제,Y,제2167부대,ZD00053,제2167부대,ZD00053,87.995,589661454,593263760,539330691,2024-06-11,10:30:00,개찰완료,522042446,88.532,2024-06-11,(주)진푸드시스템,박관식,박관식,127-86-17440,경기도 포천시 포천로1039
LCF0350,1,부목 만능용 등 3항목 구매(의무),물품,총액계약,제한경쟁,적격심사제,Y,육군군수사령부,1290307,육군군수사령부,1290307,87.995,41259731,41179999,37436363,2024-06-11,11:00:00,개찰완료,36307037,87.996,2024-06-11,레뉴앤코(LENUE&Co.),김성민,김성민,546-23-00878,"서울특별시 송파구 위례순환로478, 5층 503호(장지동, 센트라포레)"
LCF0349,1,스테이플러 피부 외과용 등 2항목 구매(의무),물품,총액계약,제한경쟁,적격심사제,Y,육군군수사령부,1290307,육군군수사령부,1290307,87.995,45942906,46140720,41946109,2024-06-11,11:00:00,개찰완료,40429690,87.999,2024-06-11,태형상사주식회사,방은희,황인선,849-86-01577,"경기도 김포시 김포한강3로237번길16, (장기동, 314호)"
LCF0348,1,정맥주사 세트(50S) 등 4항목 구매(의무),물품,총액계약,제한경쟁,적격심사제,Y,육군군수사령부,1290307,육군군수사령부,1290307,87.995,35353938,35284655,32076959,2024-06-11,11:00:00,개찰완료,31109740,87.995,2024-06-11,유한회사 엔디클릭,최용석,최재영,408-81-89324,"전라남도 장성군 황룡면 강변로452-16, 3층 302호"
LCF0347,1,환자용옷장(침대형) 등 11항목 구매(의무),물품,총액계약,제한경쟁,적격심사제,Y,육군군수사령부,1290307,육군군수사령부,1290307,87.995,55303678,54893943,49903585,2024-06-11,11:00:00,개찰완료,48664803,87.995,2024-06-11,수시로몰,박수민,박수민,622-12-71652,서울특별시 송파구 동남로13길44-5 (가락동)진주힐탑빌 다동 201호
LCF0351,1,외과낭 일회용 등 2항목 구매(의무),물품,총액계약,제한경쟁,적격심사제,Y,육군군수사령부,1290307,육군군수사령부,1290307,87.995,43440091,43200360,39273055,2024-06-11,11:00:00,개찰완료,38225135,87.995,2024-06-11,녹양코리아,김지영,김지영,353-69-00328,경기도 의정부시 녹양로62번길11-32 (녹양동) 3층1호
LCF0345,1,롤러믹스기 등 2항목 구매(의무),물품,총액계약,제한경쟁,적격심사제,Y,육군군수사령부,1290307,육군군수사령부,1290307,87.995,44781295,44530000,40481818,2024-06-11,11:00:00,개찰완료,39405407,87.995,2024-06-11,서하,권도현,권도현,306-16-99042,"서울특별시 금천구 독산로72길56-5 (독산동, 조양아트빌)"
LCF0344,1,봉투 오물 비닐100매 등 8항목 구매(의무),물품,총액계약,제한경쟁,적격심사제,Y,육군군수사령부,1290307,육군군수사령부,1290307,87.995,49960081,49581000,45073636,2024-06-11,11:00:00,개찰완료,43962977,87.996,2024-06-11,히트,이지미,이지미,833-08-01502,경상북도 칠곡군 동명면 봉암3길37
LCF0343,2,감염예방용 살균소독티슈 등 2항목 구매(의무),물품,총액계약,제한경쟁,적격심사제,Y,육군군수사령부,1290307,육군군수사령부,1290307,87.995,44017122,43570712,39609738,2024-06-11,11:00:00,개찰완료,38733160,87.995,2024-06-11,엔젤가구,이자영,이자영,130-44-17693,경기도 부천시 부천로235 (춘의동)
LCF0352,1,접착식탄력붕대 등 2항목 구매(의무),물품,총액계약,제한경쟁,적격심사제,Y,육군군수사령부,1290307,육군군수사령부,1290307,87.995,49675750,49722620,45202382,2024-06-11,11:00:00,개찰완료,43713144,87.996,2024-06-11,라온유통,김보명,김보명,278-40-00119,"대구광역시 달서구 도원로46, 610동 304호  (도원동, 별메마을)"
LCF0341,1,보조통접착물 추출용 등 3항목  제조(자주포),물품,총액계약,제한경쟁,적격심사제,Y,육군군수사령부,1290307,육군군수사령부,1290307,87.995,12206834,12093575,10994159,2024-06-11,10:30:00,개찰완료,10750120,88.066,2024-06-12,티케이(T.K)테크,김재욱,김재욱,440-70-00235,부산광역시 강서구 대저로3번길52-15 (대저1동)
LCH0038,1,화산 특수작전종합훈련장 선행연구용역(특-24-용-24),용역,총액계약,일반경쟁,적격심사제,Y,특수전사령부,ZD00055,특수전사령부,ZD00055,87.745,99762381,99984660,90895145,2024-06-11,10:30:00,개찰완료,87546350,87.754,2024-06-11,에이스 컴퍼니,정택호,정택호,372-26-00661,"인천광역시 서구 건지로404, 207동 1501호(가좌동, 가좌한신휴플러스아파트)"
LCK0019,1,[육성지원금-24-4] LED전광판 설치 납품,물품,총액계약,제한경쟁,적격심사제,Y,수도방위사령부,ZD00069,수도방위사령부,ZD00069,87.995,88017635,88389400,80354000,2024-06-11,10:30:00,개찰완료,78177840,88.82,2024-06-11,사회적협동조합 푸른하늘,정성대,정상업,291-82-00107,경기도 용인시 처인구 원삼면 백원로262번길46-0
LCM0032,1, '24년 7~9월 부대계약 부식 구매(일반품목),물품,총액계약,일반경쟁,적격심사제,Y,육군교육사령부,1290302,육군교육사령부,1290302,82.995,7235949753,7282698150,6620634682,2024-06-11,10:30:00,개찰완료,6011946077,83.084,2024-06-12,주식회사 제이에프,진주,윤경은,876-88-01248,"충청북도 청주시 청원구 율봉로159번길73-1, 301호(율량동, 스톰비오피스센터)"
LDH0431,4, K200 피스톤 내연기관용 등 2종 구매,물품,총액계약,제한경쟁,적격심사제,Y,제2879부대,ZD00347,제2879부대,ZD00347,87.995,24204348,24124000,22370000,2024-06-11,13:00:00,개찰완료,22400000,92.545,2024-06-11,DGI산업,백지윤,백지윤,607-16-48427,"부산광역시 동래구 차밭골로21번길36, 1층 (온천동)"
LDH0531,2, K200 배선장치 갈래형 등 10종 구매,물품,총액계약,제한경쟁,적격심사제,Y,제2879부대,ZD00347,제2879부대,ZD00347,87.995,28655821,28850000,26751887,2024-06-11,13:00:00,개찰완료,25350000,88.463,2024-06-11,유진,전진배,전진배,656-65-00762,"부산광역시 동래구 명안로52-1 (명장동), 2층"
LDH0518,2,K9자주포 전원공급기등2종 구매,물품,총액계약,제한경쟁,적격심사제,Y,제2879부대,ZD00347,제2879부대,ZD00347,87.995,15951407,16003000,14839273,2024-06-11,13:00:00,개찰완료,15101422,94.671,2024-06-11,구구컴퍼니,김수현,김수현,894-46-00489,경기도 광명시 시청로29번길8-1 (철산동)
LGI0055,1,빵류 45종,물품,단가계약,제한경쟁,적격심사제,Y,제3130부대,ZD01109,제3130부대,ZD01109,82.995,778523,778662,1219340664,2024-06-11,10:30:00,개찰완료,646289,83.014,2024-06-11,씨제이프레시웨이 주식회사,이건일,김도형,603-81-11270,경기도 용인시 기흥구 기곡로32-0 (하갈동)
LGI0054,1,식육가공품류 10종,물품,단가계약,제한경쟁,적격심사제,Y,제3130부대,ZD01109,제3130부대,ZD01109,82.995,200612,200670,477706036,2024-06-11,10:30:00,개찰완료,166530,83.01,2024-06-11,주식회사 대산식품,임성득,박소영,502-81-65769,대구광역시 북구 도남중앙로2길40-0 (국우동) F동
LGP0106,1,24-3차 면류 다수품목 단가계약(구매),물품,단가계약,일반경쟁,적격심사제,Y,제5378부대,ZD00217,제5378부대,ZD00217,82.995,15520,15589,14172,2024-06-11,11:00:00,개찰완료,12903,83.136,2024-06-11,(주)아워홈 동서울영업소,구미현,전광용,716-85-00062,경기도 광주시 초월읍 산수로642-27
LGP0107,1,24-3차 빵류 다수품목 단가계약(구매),물품,단가계약,일반경쟁,적격심사제,Y,제5378부대,ZD00217,제5378부대,ZD00217,82.995,503109,501083,455530,2024-06-11,11:00:00,개찰완료,417603,83.004,2024-06-11,이엠미트,임은미,임은미,714-30-01158,부산광역시 강서구 대저중앙로172번길49-0 (대저1동)
LKT0055,1,24년 7~9월 부대조달 급식품목(빵류) 제조납품,물품,총액계약,제한경쟁,적격심사제,Y,제1989부대,ZD00011,제1989부대,ZD00011,87.995,551629583,552751568,512551455,2024-06-11,10:30:00,개찰완료,498969000,90.453,2024-06-11,무민,조예주,조예주,149-05-01110,경기도 수원시 영통구 동수원로543-0 (원천동) 1층 103호
LNF0020,3,00부대 노후배관 개선 관급자재(계측제어),물품,총액계약,제한경쟁,적격심사제,Y,제1보병사단,ZD00049,제1보병사단,ZD00049,87.995,178594011,177805000,161640909,2024-06-11,10:30:00,개찰완료,157169600,88.003,2024-06-11,주식회사일렉콤,이용회,김정민,133-81-28627,"경기도 이천시 마장면 덕이로202번길 99,"
LNF0022,2,105밀리 곡사포 성능개량사업 관급(크레인),물품,총액계약,제한경쟁,적격심사제,Y,제1보병사단,ZD00049,제1보병사단,ZD00049,87.995,140841828,140810000,128009091,2024-06-11,10:30:00,개찰완료,123952969,88.008,2024-06-11,진성기계주식회사,이진규,이동우,134-81-81741,"경기도 안산시 단원구 정왕천동로24,(성곡동) 시화공단 4바 869"
LPF0057,2,신병교육대 다기능 페인트 제조설치 납품(24-27),물품,총액계약,일반경쟁,적격심사제,Y,제5067부대,ZD00019,제5067부대,ZD00019,87.995,193317523,193499000,175908182,2024-06-11,10:30:00,개찰완료,170370000,88.129,2024-06-13,주식회사 디엔씨,최종배,김주환,621-81-23828,경상남도 김해시 진영읍 김해대로118-51 ((주)디엔씨)
MBC0006,1,여단 화면전시체계 구매 설치(리스물건),물품,총액계약,일반경쟁,적격심사제,Y,육군제1911부대,ZD01126,육군제1911부대,ZD01126,87.995,108138827,106980000,97254545,2024-06-11,11:00:00,개찰완료,95159286,87.997,2024-06-11,주식회사 솔더,김학진,김학진,226-81-27589,강원특별자치도 강릉시 경포로80-0 (교동)
MDG0147,1,환자관찰장치 실시간연동솔루션 구매,물품,총액계약,제한경쟁,적격심사제,Y,국군의무사령부,1290291,국군의무사령부,1290291,87.995,188956854,190300000,173000000,2024-06-11,11:00:00,개찰완료,187350350,99.149,2024-06-11,주식회사 유니와이드,김창환,조호성,138-81-50425,서울특별시 구로구 디지털로26길5-0 (구로동) 1404호
MDG0148,1,24-3차 의무비품(병실칸막이 등 3종) 구매,물품,총액계약,제한경쟁,적격심사제,Y,국군의무사령부,1290291,국군의무사령부,1290291,87.995,23646650,23650000,26094545,2024-06-11,11:00:00,개찰완료,20808310,87.996,2024-06-11,미야오(MEOW)비드,이지현,이지현,778-14-02199,강원특별자치도 동해시 청운1길52-0 (쇄운동) 501동A06호
MDG0150,1,00병원 공조기 필터 교체 설치납품,물품,총액계약,제한경쟁,적격심사제,Y,국군의무사령부,1290291,국군의무사령부,1290291,87.995,69627820,68976000,62705455,2024-06-11,11:00:00,개찰완료,61380000,88.154,2024-06-11,(주)태종필터,이종태,이종태,142-81-85807,경기도 시흥시 수인로3106번길65-0 (안현동)
SCF0541,1,공기압축 휀다 등 5종 제조,물품,총액계약,제한경쟁,적격심사제,Y,해군군수사령부,ZD00289,해군군수사령부,ZD00289,82.995,370186418,368000000,341370000,2024-06-11,10:30:00,개찰완료,314272000,84.895,2024-06-11,주식회사씨앤텍,곽석,금현희,602-81-51037,경상남도 김해시 안곡로460-0 (한림면)
SCF0552,1,ㅇㅇ함 롤러커튼 외주정비,물품,총액계약,일반경쟁,적격심사제,Y,해군군수사령부,ZD00289,해군군수사령부,ZD00289,82.995,133176828,133000000,159295455,2024-06-11,10:30:00,개찰완료,111094900,83.419,2024-06-11,피엠에스,권차순,피서윤,310-12-66106,경상남도 김해시 상동면 상동로685번길142-44
SCF0551,1,잠수함 위성지휘 통신체계 유지보수 정비,물품,총액계약,일반경쟁,적격심사제,Y,해군군수사령부,ZD00289,해군군수사령부,ZD00289,82.995,76175901,76000000,74148182,2024-06-11,10:30:00,개찰완료,64394000,84.533,2024-06-11,한양무선통신,최영복,최영복,608-25-94213,경상남도 창원시 의창구 팔용로 399()
SCF0392,2,MHC 추진제어 케이블 정비,물품,총액계약,일반경쟁,적격심사제,Y,해군군수사령부,ZD00289,해군군수사령부,ZD00289,82.995,332611133,333000000,309146364,2024-06-11,10:30:00,개찰완료,280552500,84.348,2024-06-11,주식회사 일성이엔지,오세만,오세만,602-81-53151,부산광역시 영도구 대교로2번길22-6 (봉래동3가) 2층
SCF0556,1,24년 잠수함 전술훈련장비 유지보수 용역,용역,총액계약,일반경쟁,적격심사제,Y,해군군수사령부,ZD00289,해군군수사령부,ZD00289,87.745,173429624,174000000,161420909,2024-06-11,10:30:00,개찰완료,152523500,87.945,2024-06-11,주식회사 정엔지니어링,박정철,이수연,605-81-50809,부산광역시 부산진구 성지곡로51번길 27(초읍동)
SCF0547,1,연점시험기,물품,총액계약,제한경쟁,적격심사제,Y,해군군수사령부,ZD00289,해군군수사령부,ZD00289,87.995,42239868,42000000,39345455,2024-06-11,10:30:00,개찰완료,37169166,87.995,2024-06-12,쿨우주인,최은주,최은주,386-05-02358,"대구광역시 달서구 월배로11길9-16, 102동 2205호(유천동, 진천역 화성파크리젠시 아파트)"
SCF0550,1,양념분쇄기 등 3종 구매,물품,총액계약,제한경쟁,적격심사제,Y,해군군수사령부,ZD00289,해군군수사령부,ZD00289,87.995,23093684,23000000,23790064,2024-06-11,10:30:00,개찰완료,22693000,98.264,2024-06-11,강원상사,김동국,김동국,221-02-48191,강원특별자치도 춘천시 남춘로17-0 (퇴계동)
SCF0543,1,케이블 특수목적용 전기식 등 37종 구매,물품,총액계약,제한경쟁,적격심사제,Y,해군군수사령부,ZD00289,해군군수사령부,ZD00289,82.995,260452884,260000000,269107636,2024-06-11,10:30:00,개찰완료,216164646,82.995,2024-06-11,에솜 주식회사,강길영,김누리,129-86-17766,경기도 성남시 중원구 사기막골로148-0 (상대원동) 6층 610호
SCF0542,1,탐침-도선조립체 시험용 등 9종 구매,물품,총액계약,제한경쟁,적격심사제,Y,해군군수사령부,ZD00289,해군군수사령부,ZD00289,87.995,154351025,153000000,142430909,2024-06-11,10:30:00,개찰완료,135826000,87.998,2024-06-11,미코정원,서명옥,서명옥,807-12-02149,인천광역시 부평구 경원대로1432번길20-0 (부평동)3동201호
SCF0544,1,초음파 탐침기 구매,물품,총액계약,제한경쟁,적격심사제,Y,해군군수사령부,ZD00289,해군군수사령부,ZD00289,87.995,14004864,14000000,14109091,2024-06-11,10:30:00,개찰완료,12323612,87.995,2024-06-12,수코리아,차수연,차수연,887-63-00469,"경기도 의정부시 입석로70번길26 (녹양동, 호명산빌리지) 110동205호"
SCF0454,2,OO급 잠수함 통합양강마스트 정비,물품,총액계약,일반경쟁,적격심사제,Y,해군군수사령부,ZD00289,해군군수사령부,ZD00289,82.995,154877875,153000000,142740000,2024-06-11,10:30:00,개찰완료,141000000,91.039,2024-06-11,(주)엔케이,천남주,조하종,603-81-06888,부산광역시 강서구 과학산단로194-11 (지사동)
SCF0536,1,(긴급) 밸브  조절용  계통압력용 1종,물품,총액계약,제한경쟁,적격심사제,Y,해군군수사령부,ZD00289,해군군수사령부,ZD00289,87.995,36226518,36378000,33732727,2024-06-11,10:30:00,개찰완료,31877560,87.995,2024-06-11,엠와이커머스,김미영,김미영,684-74-00449,서울특별시 동대문구 전농로23길78-0 (전농동) 2층 201호
SCF0546,1,콘크리트믹서기 등 3종 3대 구매,물품,총액계약,제한경쟁,적격심사제,Y,해군군수사령부,ZD00289,해군군수사령부,ZD00289,87.995,32904305,33000000,32781818,2024-06-11,10:30:00,개찰완료,28954200,87.995,2024-06-12,엘비벤처스,이미랑,이미랑,512-25-01941,"경기도 시흥시 시청로59-0 (장현동, 새재마을 대동아파트) 508동 706호"
SCF0539,1,브러시 전기접점용 등 7종 구매,물품,총액계약,제한경쟁,적격심사제,Y,해군군수사령부,ZD00289,해군군수사령부,ZD00289,87.995,47970274,48000000,45141126,2024-06-11,10:30:00,개찰완료,42211840,87.995,2024-06-11,제이엘,이원성,이원성,495-31-01083,"경상남도 창원시 진해구 신항2로114, 717호(용원동, 다인로얄팰리스 부산 신항2차)"
SCF0538,1,PU PALM  장갑  등 150종 구매,물품,총액계약,제한경쟁,적격심사제,Y,해군군수사령부,ZD00289,해군군수사령부,ZD00289,87.995,89663073,89000000,83330455,2024-06-11,10:30:00,개찰완료,78899590,87.995,2024-06-11,어썸스토어,고윤미,고윤미,572-08-01612,"강원특별자치도 원주시 나비허리길57-0, 105동 305호 (단구동, 단구 신성 미소지움)"
SCF0537,1,(긴급) 세척제  산성  파이프라인용 등 3종,물품,총액계약,제한경쟁,적격심사제,Y,해군군수사령부,ZD00289,해군군수사령부,ZD00289,87.995,11886562,11880000,11661818,2024-06-11,10:30:00,개찰완료,10459660,87.995,2024-06-11,주식회사 혼정보통신,유정아,유정아,827-86-02014,대전광역시 중구 동서대로1218-0 (태평동) 7층
SCF0549,1,발전기  교류식 1종 구매,물품,총액계약,일반경쟁,적격심사제,Y,해군군수사령부,ZD00289,해군군수사령부,ZD00289,82.995,659310470,660000000,700000000,2024-06-11,10:30:00,개찰완료,553744000,83.988,2024-06-11,대흥기전(주),신동윤,신동윤,136-81-31738,경기도 김포시 하성면 하성로 377-33()
SCF0554,1,(긴급)국기봉 유압 펌프 장치 등 4종,물품,총액계약,제한경쟁,적격심사제,Y,해군군수사령부,ZD00289,해군군수사령부,ZD00289,87.995,9775994,9796000,9084091,2024-06-11,10:30:00,개찰완료,8604650,88.018,2024-06-11,코니코어시스템,이혜영,이혜영,441-02-02765,"인천광역시 남동구 논고개로17, 1108동 2104호(논현동, 에코메트로한화꿈에그린아파트)"
SCF0557,1,24년 잠수함 조함/저주파 훈련장비 유지보수 용역,용역,총액계약,일반경쟁,적격심사제,Y,해군군수사령부,ZD00289,해군군수사령부,ZD00289,87.745,35198926,35000000,37364545,2024-06-11,10:30:00,개찰완료,31113950,88.394,2024-06-11,아이티 월드((IT. WORLD),김영우,김영우,614-04-76461,부산광역시 동래구 여고로63번길86-0 (사직동) 1층
SCF0559,1,LST-I 보조제어반(ACC)  보수통제장치(DCC) 정비,물품,총액계약,일반경쟁,적격심사제,Y,해군군수사령부,ZD00289,해군군수사령부,ZD00289,82.995,1577607718,1586000000,1502648182,2024-06-11,10:30:00,개찰완료,1321900000,83.791,2024-06-11,주식회사산엔지니어링,임준석,양재혁,129-81-66864,경기도 성남시 분당구 성남대로912-0 (야탑동) BYC빌딩 607
SCK0072,1,공기청정기 필터 5종 제조 납품,물품,총액계약,일반경쟁,적격심사제,Y,해군교육사령부,1290330,해군교육사령부,1290330,87.995,6181563,6140000,5700000,2024-06-11,10:30:00,개찰완료,5440000,88.003,2024-06-11,예일크린테크 (주),박환수,박환수,119-81-65780,경기도 파주시 탄현면 소리개길164-15
SFN0052,1,24-Y-제초관리 용역,용역,총액계약,제한경쟁,적격심사제,Y,연평부대,ZD00160,연평부대,ZD00160,87.745,134897669,134910780,125099091,2024-06-11,10:30:00,개찰완료,118454900,87.81,2024-06-11,주식회사 서래조경,이현영,이현영,416-81-99406,"인천광역시 강화군 양도면 장하길4, 1층 2호"
UMM0754,1,(247173-F) 재호흡기 구매,물품,총액계약,일반경쟁,적격심사제,Y,국군재정관리단,ZD00303,국군재정관리단,ZD00303,82.995,548209327,550000000,510000000,2024-06-11,11:00:00,개찰완료,455031900,83.003,2024-06-11,크레용 컴퍼니,윤대연,윤대연,261-59-00471,"인천광역시 서구 서로3로277, 2804동 1702호(원당동, 검단신도시 로제비앙라포레)"
UMM0753,1,(246190-E) '24-1차 체력단련장 관리장비 통합구매,물품,총액계약,일반경쟁,적격심사제,Y,국군재정관리단,ZD00303,국군재정관리단,ZD00303,82.995,362804052,362254900,335909091,2024-06-11,11:00:00,개찰완료,329652400,90.862,2024-06-11,(주)텍스코,정종수,이은영,135-81-30570,경기도 용인시 기흥구 용구대로 1965SANGGAL MALL 2층 (주) 텍스코
UMM0727,1,(246189-D) 모니터 도입사업(리스자산),물품,총액계약,일반경쟁,적격심사제,Y,국군재정관리단,ZD00303,국군재정관리단,ZD00303,82.995,14565992578,14474620000,14003295455,2024-06-11,11:00:00,개찰완료,12152820000,83.432,2024-06-11,주식회사 엔와이컴퓨터,이재원,양혜선,106-81-65222,"서울특별시 금천구 가산디지털2로18, 406호(가산동)"
UMM0728,1,(246202-D)지형분석장비 교체사업(리스자산),물품,총액계약,일반경쟁,적격심사제,Y,국군재정관리단,ZD00303,국군재정관리단,ZD00303,82.995,646165482,646426000,611118182,2024-06-11,11:00:00,개찰완료,536375639,83.009,2024-06-11,주식회사 엔에이치,이남택,최소영,141-81-34270,경기도 남양주시 진접읍 내각1로73번길38-1
UMM0752,1,(247128-E) 장비운영소모품(병리4) 41종 구매,물품,총액계약,제한경쟁,적격심사제,Y,국군재정관리단,ZD00303,국군재정관리단,ZD00303,87.995,150923034,150327050,139394182,2024-06-11,11:00:00,개찰완료,133048307,88.156,2024-06-11,동산 주식회사,김진아,김진아,149-87-01775,전라남도 목포시 삼학로303-1 (용해동)
UMM0751,1,(247198-E) 기초잠수착용물자 구매,물품,총액계약,제한경쟁,적격심사제,Y,국군재정관리단,ZD00303,국군재정관리단,ZD00303,87.995,96581841,96505880,89487273,2024-06-11,11:00:00,개찰완료,84987800,87.995,2024-06-11,와이엠글로벌,김영만,김영만,543-16-01230,"인천광역시 계양구 효서로112번길7, 6동 101호(효성동, 미래골든타운)"
UMM0732,1,24-N-PE수도관 구매,물품,총액계약,제한경쟁,적격심사제,Y,국군재정관리단,ZD00303,국군재정관리단,ZD00303,87.995,140356006,139300000,129174545,2024-06-11,11:00:00,개찰완료,123506660,87.995,2024-06-11,아리유통,이유선,이유선,411-24-93947,"인천광역시 연수구 원인재로237, 104동 301호(연수동, 대우1차아파트)"
UMM0735,1,(246031-G)사전학습지원 기반체계(콘텐츠학습) 교체,물품,총액계약,일반경쟁,적격심사제,Y,국군재정관리단,ZD00303,국군재정관리단,ZD00303,82.995,602395140,603695833,559790682,2024-06-11,11:00:00,개찰완료,500252730,83.043,2024-06-11,(주)나우시스템,신은영,신은영,408-81-40165,광주광역시 광산구 비아로24번길56-4 (비아동)
UMM0740,1,24-N-평 조경관리 용역,용역,총액계약,일반경쟁,적격심사제,Y,국군재정관리단,ZD00303,국군재정관리단,ZD00303,87.995,254216519,254160000,237359091,2024-06-11,11:00:00,개찰완료,223999000,88.113,2024-06-11,지엘 주식회사,유득한,하승효,403-81-57827,전북특별자치도 김제시 벽성로386 (서암동)
UMM0755,1,(246240-F) 승용 사열차 제조,물품,총액계약,제한경쟁,적격심사제,Y,국군재정관리단,ZD00303,국군재정관리단,ZD00303,87.995,165131684,164617940,160312418,2024-06-11,11:00:00,개찰완료,145521970,88.124,2024-06-11,주식회사 유아이테크,김현국,김현국,143-81-24098,경기도 화성시 팔탄면 3.1만세로612-23
UMM0724,1,24-F-워게임장비 구매,물품,총액계약,일반경쟁,적격심사제,Y,국군재정관리단,ZD00303,국군재정관리단,ZD00303,82.995,408988754,407890000,378228182,2024-06-11,11:00:00,개찰완료,339586400,83.03,2024-06-11,초코인터내셔널 주식회사,고찬갑,고찬갑,705-88-00103,경기도 남양주시 별내면 용암비루개길140-0
UMM0734,1,24-N-자동확보기 세트 등 4종 구매,물품,총액계약,일반경쟁,적격심사제,Y,국군재정관리단,ZD00303,국군재정관리단,ZD00303,82.995,675621234,671520000,622690909,2024-06-11,11:00:00,개찰완료,560782350,83.002,2024-06-11,주식회사 포빌리언,이두성,이두성,118-81-33586,"인천광역시 계양구 계산새로71, D동 1107호(계산동, 하이베라스)"
UMM0745,1,(24F175-B) 육군훈련소 렌탈프린터 임차용역,용역,총액계약,제한경쟁,적격심사제,Y,국군재정관리단,ZD00303,국군재정관리단,ZD00303,87.745,197728934,197385880,183030545,2024-06-11,11:00:00,개찰완료,173498641,87.745,2024-06-11,파라다이소,탁숙영,탁숙영,796-75-00389,"경기도 김포시 통진읍 율마로450번길51, 601동 1003호(김포마송 LH6단지)"
EBH0047,1,24년 케이블조립체류(차폐용)(제조),물품,총액계약,일반경쟁,적격심사제,Y,방위사업청,1690000,방위사업청,1690000,,517982628,519082000,0,2024-06-12,11:00:00,개찰완료,440000000,84.944,2024-06-12,연합정밀(주),김은주,문제상,312-81-09219,충청남도 천안시 동남구 목천읍 학수소사길219-27
EBH0032,2,24년 발칸 사격통제부품(구매),물품,총액계약,제한경쟁,적격심사제,Y,방위사업청,1690000,방위사업청,1690000,,236112926,236184000,0,2024-06-12,11:00:00,개찰완료,224374800,95.028,2024-06-12,주식회사 나우이노,황재희,황재희,852-81-01258,경상북도 칠곡군 북삼읍 인평2길20 B동
LHG0032,1,GOP부대 음식물 쓰레기 건조기 임차용역,용역,총액계약,제한경쟁,적격심사제,Y,제1862부대,ZD00002,제1862부대,ZD00002,87.745,104884847,104500000,95000000,2024-06-12,10:30:00,개찰완료,92350000,88.048,2024-06-12,(주)콘포테크,신현목,장혜원,128-86-27994,"경기도 양주시 광적면 현석로42-38, 가동"
LKF0043,1,24년 육성지원사업 방탄복세트 I형 제조구매,물품,총액계약,제한경쟁,적격심사제,Y,제6755부대,ZD00090,제6755부대,ZD00090,87.995,192957690,193598039,179518182,2024-06-12,10:30:00,개찰완료,169906990,88.054,2024-06-13,주식회사 유노인더스트리,정민영,정민영,721-86-02185,경기도 남양주시 화도읍 비룡로292번길11
MDG0145,1,24년 의무장비(침대자동식 응급실용) 구매,물품,총액계약,제한경쟁,적격심사제,Y,국군의무사령부,1290291,국군의무사령부,1290291,87.995,41406188,41160000,38181818,2024-06-12,11:00:00,개찰완료,36435580,87.995,2024-06-12,오르보,장석임,장석임,361-11-00522,"서울특별시 은평구 서오릉로14, 3층(녹번동)"
MDJ0042,1,복부수술 견인용 수술기구 구매,물품,총액계약,일반경쟁,적격심사제,Y,국군대전병원,ZD00241,국군대전병원,ZD00241,87.995,34901205,35186260,32627273,2024-06-12,10:30:00,개찰완료,30720020,88.019,2024-06-12,스카이코리아,이건석,이건석,115-77-00226,"서울특별시 동작구 여의대방로22나길79-7, 102호(신대방동, 하이빌)"
UMM0731,1,24-N-함정 매트리스 세척 및 소독 용역,용역,총액계약,제한경쟁,적격심사제,Y,국군재정관리단,ZD00303,국군재정관리단,ZD00303,87.745,120473959,119400000,121791400,2024-06-12,11:00:00,개찰완료,105716000,87.75,2024-06-12,석산마스타기업 주식회사,배영순,안승훈,116-81-01531,서울특별시 서초구 신반포로312 (반포동)
UMM0737,1,24-N-긴급구조잠수세트 등 2종 구매,물품,총액계약,제한경쟁,적격심사제,Y,국군재정관리단,ZD00303,국군재정관리단,ZD00303,87.995,69537307,69210000,64181818,2024-06-12,11:00:00,개찰완료,61190350,87.996,2024-06-12,(주)에스엘푸드,김설곤,박영효,608-81-60266,경상남도 함안군 군북면 함안산단7길40-0
UMM0749,1,(24F131-A) 보급부대 근무분야 민간위탁(전남 장성),용역,총액계약,일반경쟁,적격심사제,Y,국군재정관리단,ZD00303,국군재정관리단,ZD00303,77.995,1450295315,1448302590,1342971500,2024-06-12,11:00:00,개찰완료,1420000000,97.911,2024-06-13,공우이엔씨 주식회사,이한기,장동규,120-87-79739,"서울특별시 영등포구 여의대방로43라길6-0 (신길동, 신길프라자3층)"
UMM0750,1,(24F130-A) 보급근무분야 민간위탁(대구 수성),용역,총액계약,일반경쟁,적격심사제,Y,국군재정관리단,ZD00303,국군재정관리단,ZD00303,77.995,1322108470,1329962460,1233237918,2024-06-12,11:00:00,개찰완료,1303000000,98.554,2024-06-12,공우이엔씨 주식회사,이한기,장동규,120-87-79739,"서울특별시 영등포구 여의대방로43라길6-0 (신길동, 신길프라자3층)"
LCF0361,1,백열등 등 72항목 구매(자주포),물품,총액계약,일반경쟁,적격심사제,Y,육군군수사령부,1290307,육군군수사령부,1290307,82.995,542982854,541425364,492204876,2024-06-13,10:30:00,개찰완료,451602760,83.17,2024-06-13,미성엔지니어링,이희영,이희영,114-17-08314,경기도 김포시 양촌읍 황금3로7번길36-0
LCF0359,1,클램프 루프형 등 41항목 제조(자주포),물품,총액계약,제한경쟁,적격심사제,Y,육군군수사령부,1290307,육군군수사령부,1290307,87.995,40856970,40921100,37201000,2024-06-13,10:30:00,개찰완료,36006000,88.126,2024-06-13,(주)경원R&D,김경래,김경래,165-81-02018,부산광역시 사상구 낙동대로1292번길9-0 (삼락동)
LCF0354,2,모사전송기 등 1항목 구매(통신),물품,총액계약,제한경쟁,적격심사제,Y,육군군수사령부,1290307,육군군수사령부,1290307,87.995,28081182,27832915,25302650,2024-06-13,11:00:00,개찰완료,26441260,94.16,2024-06-13,주식회사 송운,장동숙,장동숙,478-87-02838,"경기도 김포시 김포대로839, 3층 306-2호(사우동, 보보스프라자)"
LCJ0036,1,(24군책-물품023)파렛트 3단 저장랙 제조,물품,총액계약,제한경쟁,적격심사제,Y,종합보급창,ZD00898,종합보급창,ZD00898,82.995,76795634,77212540,71597091,2024-06-13,11:00:00,개찰완료,66535500,86.639,2024-06-13,제이엠테크,곽미숙,곽미숙,354-03-01931,"경상남도 양산시 학동길52, 1층층(어곡동, 제이엠테크)"
LDH0529,2,K200 핀 잠금용 등 13종 구매,물품,총액계약,제한경쟁,적격심사제,Y,제2879부대,ZD00347,제2879부대,ZD00347,87.995,18903915,18824000,17455446,2024-06-13,13:00:00,개찰완료,17470000,92.414,2024-06-13,신기산업,박재완,박재완,396-08-01342,부산광역시 북구 의성로59번길1 (덕천동)
LDH0530,2, K200 디스크 클러치 차량용 3종 구매,물품,총액계약,제한경쟁,적격심사제,Y,제2879부대,ZD00347,제2879부대,ZD00347,87.995,11380464,11391000,10563304,2024-06-13,13:00:00,개찰완료,10570000,92.878,2024-06-13,신기산업,박재완,박재완,396-08-01342,부산광역시 북구 의성로59번길1 (덕천동)
LGI0053,1,탄약정비공장 정비용장비 제조 설치,물품,총액계약,일반경쟁,적격심사제,Y,제3130부대,ZD01109,제3130부대,ZD01109,82.995,3303393963,3299083333,3059150000,2024-06-13,11:00:00,개찰완료,2759990000,83.55,2024-06-13,우주산업플랜트 주식회사,최창식,최창식,609-86-05878,경상남도 창원시 의창구 봉강가술로537번길42-0 (대산면)
LKP0106,1,24년 3분기 부대계약부식(식자재) 구매,물품,총액계약,일반경쟁,적격심사제,Y,제6335부대,Z006123,제6335부대,Z006123,82.995,5596712197,5566681158,5060619235,2024-06-13,10:30:00,개찰완료,4646152919,83.015,2024-06-13,주식회사 대선에프에스,백용선,백용선,126-86-29114,경기도 광주시 오포읍 수렁개길33-36
MDR0030,1,GNSS 측량장비세트 구매,물품,총액계약,제한경쟁,적격심사제,Y,제9965부대,ZD00075,제9965부대,ZD00075,87.995,37964394,38036000,35270000,2024-06-13,11:00:00,개찰완료,33414700,88.015,2024-06-14,주식회사 블루웍스,송혜자,김민석,124-81-47805,경기도 성남시 분당구 판교역로225-15 (삼평동) 4층
SCF0562,1,AGS 전기추진체계  배전반 및 추진전동기 정비,물품,총액계약,일반경쟁,적격심사제,Y,해군군수사령부,ZD00289,해군군수사령부,ZD00289,82.995,1700168257,1718000000,1648475455,2024-06-13,10:30:00,개찰완료,1432630000,84.264,2024-06-13,주식회사산엔지니어링,임준석,양재혁,129-81-66864,경기도 성남시 분당구 성남대로912-0 (야탑동) BYC빌딩 607
SCF0568,1,탐지기  가스용 등 6종 구매,물품,총액계약,제한경쟁,적격심사제,Y,해군군수사령부,ZD00289,해군군수사령부,ZD00289,87.995,19847460,20000000,18590000,2024-06-13,10:30:00,개찰완료,17624800,88.801,2024-06-13,일용상사,권윤주,권윤주,215-42-01090,경상남도 창원시 의창구 북면 동곡로35-0 (창원무동휴먼빌아파트(2단지)) 205-804
SCF0561,1,LST-I 발전기 원격제어반(EPCC) 정비,물품,총액계약,일반경쟁,적격심사제,Y,해군군수사령부,ZD00289,해군군수사령부,ZD00289,82.995,542078487,547000000,507785455,2024-06-13,10:30:00,개찰완료,454184493,83.785,2024-06-13,주식회사 플렛디스,권병헌,최연기,130-81-90137,경상남도 창원시 진해구 웅천서로41번길93(제덕동)
SCF0567,1,오-링 등 23종 구매,물품,총액계약,일반경쟁,적격심사제,Y,해군군수사령부,ZD00289,해군군수사령부,ZD00289,82.995,779648298,781000000,724564818,2024-06-13,10:30:00,개찰완료,647135493,83.003,2024-06-13,주식회사 컴버스테크,김보성,이선,203-81-64674,"서울특별시 금천구 벚꽃로 234, 에이스하이엔드타워6차 401~404호(가산동)"
SCF0570,1,(긴급)구리양극조립체 등 60종,물품,총액계약,제한경쟁,적격심사제,Y,해군군수사령부,ZD00289,해군군수사령부,ZD00289,87.995,117937627,117863000,112302636,2024-06-13,10:30:00,개찰완료,115647175,98.057,2024-06-13,일용상사,권윤주,권윤주,215-42-01090,경상남도 창원시 의창구 북면 동곡로35-0 (창원무동휴먼빌아파트(2단지)) 205-804
SCF0564,1,24년 함정 화장실/세면장 바닥교체 용역,용역,총액계약,일반경쟁,적격심사제,Y,해군군수사령부,ZD00289,해군군수사령부,ZD00289,87.995,2666352591,2666000000,2472739091,2024-06-13,10:30:00,개찰완료,2353130000,88.252,2024-06-13,주식회사 세선,이병수,엄기웅,606-86-57630,부산광역시 사상구 학감대로221번길15-0 (감전동)
SCR0065,1,공기청정기 필터 7종 661점 구매,물품,총액계약,제한경쟁,적격심사제,Y,해군제3함대사령부,ZD00155,해군제3함대사령부,ZD00155,87.995,56157928,55782000,51722909,2024-06-13,10:30:00,개찰완료,49451255,88.057,2024-06-13,주식회사 원에어테크,이주원,이주원,152-87-02955,경기도 파주시 월롱면 정문로293번길101-0
UMM0730,1,24-N-디지털 컬러 인쇄 시스템 및 재단기 구매,물품,총액계약,일반경쟁,적격심사제,Y,국군재정관리단,ZD00303,국군재정관리단,ZD00303,82.995,731013170,725780000,673000000,2024-06-13,11:00:00,개찰완료,606764371,83.003,2024-06-13,리치코리아,박도연,박도연,722-33-00466,"경기도 의정부시 신촌로18-7 (가능동, 의정부 SK VIEW) 102-1104"
UMM0764,1,(24F157-A)  근무분야 민간위탁(인천 부평),용역,총액계약,일반경쟁,적격심사제,Y,국군재정관리단,ZD00303,국군재정관리단,ZD00303,77.995,1722254190,1719938220,1595444483,2024-06-13,11:00:00,개찰완료,1687250000,97.967,2024-06-13,광인산업(주),김형주,김인승,211-86-12532,"서울특별시 용산구 원효로51, 308호(산천동, 삼성테마트)"
UMM0765,1,(24F155-A) 근무분야 민간위탁(강원 원주),용역,총액계약,일반경쟁,적격심사제,Y,국군재정관리단,ZD00303,국군재정관리단,ZD00303,77.995,1473461679,1474942310,1367673782,2024-06-13,11:00:00,개찰완료,1446910000,98.198,2024-06-13,광인산업(주),김형주,김인승,211-86-12532,"서울특별시 용산구 원효로51, 308호(산천동, 삼성테마트)"
UMM0741,1,24~29-N-정수기 176대 임차 용역,용역,총액계약,일반경쟁,적격심사제,Y,국군재정관리단,ZD00303,국군재정관리단,ZD00303,82.995,676604859,672940000,624000000,2024-06-13,11:00:00,개찰완료,563288411,83.252,2024-06-13,(주)명진클라비스,이영식,한우리,138-81-44447,"경기도 안양시 동안구 벌말로123, 802호(관양동, 평촌스마트베이)"
UMM0748,1,(246226-D)기동영상전송장비 구매,물품,총액계약,일반경쟁,적격심사제,Y,국군재정관리단,ZD00303,국군재정관리단,ZD00303,82.995,273919672,272735294,252900000,2024-06-13,11:00:00,개찰완료,227340177,82.995,2024-06-13,주식회사 썬플라워즈,김종석,김종석,122-86-43550,"인천광역시 서구 가석로30, 광양프런티어밸리 3차 301호 (가좌동)"
UMM0758,1,(24F165-I) 24년 렌탈프린터 임차 용역,용역,총액계약,제한경쟁,적격심사제,Y,국군재정관리단,ZD00303,국군재정관리단,ZD00303,87.745,68960688,68658823,63665455,2024-06-13,11:00:00,개찰완료,60511025,87.747,2024-06-14,아가스(Agath),한현규,한현규,803-68-00414,대전광역시 유성구 구룡달전로191번길17(구룡동)
UMM0743,1,(24F146-B) 얼음정수기 임차용역,용역,총액계약,제한경쟁,적격심사제,Y,국군재정관리단,ZD00303,국군재정관리단,ZD00303,87.745,137826616,137647050,127636364,2024-06-13,11:00:00,개찰완료,120948700,87.754,2024-06-13,그린워터,최안나,최안나,668-11-00573,"인천광역시 서구 봉오대로283번길6 (가정동, 뉴서울아파트) 상가동103호"
UMM0726,1,24-N-기관단총 라이트 구매,물품,총액계약,제한경쟁,적격심사제,Y,국군재정관리단,ZD00303,국군재정관리단,ZD00303,87.995,75484395,74930000,77290909,2024-06-13,11:00:00,개찰완료,66422504,87.995,2024-06-13,비앤와이컴퍼니,배지현,배지현,151-15-00831,경상북도 구미시 신비로131 (비산동)
UMM0762,1,(24G152-A) 외진셔틀버스용역(양주병원),용역,총액계약,일반경쟁,적격심사제,Y,국군재정관리단,ZD00303,국군재정관리단,ZD00303,85.495,249733695,253000000,240000000,2024-06-13,11:00:00,개찰완료,240350000,96.242,2024-06-13,주식회사 두레고속관광,장근수,이세종,227-81-02295,강원특별자치도 강릉시 용지로167-0 (교동)
UMM0767,1,(247023-H)기록관리시스템 노후 교체사업(리스자산),물품,총액계약,제한경쟁,적격심사제,Y,국군재정관리단,ZD00303,국군재정관리단,ZD00303,82.995,1233377425,1231568620,1142000000,2024-06-13,11:00:00,개찰완료,1023884900,83.014,2024-06-13,주식회사 코어인프라,김정훈,김효수,129-86-79307,"경기도 의왕시 이미로40, C동 904호,905호 (포일동, 인덕원IT밸리)"
EBB0247,1,K계열전차 부품류,물품,총액계약,일반경쟁,적격심사제,Y,방위사업청,1690000,방위사업청,1690000,,1692953993,1698115000,0,2024-06-14,11:00:00,개찰완료,1468000000,86.712,2024-06-14,(주)세원시스템,서현동,박상철,776-88-00105,경상남도 창원시 의창구 팔용로359번길15(팔용동)
EBH0046,1,24년 오리콘 부품(슬리브 등),물품,총액계약,일반경쟁,적격심사제,Y,방위사업청,1690000,방위사업청,1690000,,230844106,231280000,0,2024-06-14,11:00:00,개찰완료,195600000,84.732,2024-06-14,삼호정밀,김일천,김수영,622-02-60419,부산광역시 강서구 평강로217-1 (대저1동)
EBH0043,1,부유대 조립체  방탄헬멧 내피용,물품,총액계약,제한경쟁,적격심사제,Y,방위사업청,1690000,방위사업청,1690000,,1786725324,1777744000,0,2024-06-14,11:00:00,개찰완료,1482994000,83,2024-06-14,삼부산업 주식회사,노석우,김병규,126-81-13621,경기도 광주시 옥토골길33-44 (태전동)
HCF0155,1,폭발물처리 작전용 셔츠 제조,물품,총액계약,제한경쟁,적격심사제,Y,공군군수사령부,ZD00306,공군군수사령부,ZD00306,87.995,33653418,33764706,31309091,2024-06-14,10:30:00,개찰완료,29641000,88.077,2024-06-14,주식회사 더엔진,오현택,이용준,214-87-53150,"서울특별시 용산구 원효로134-0 (원효로3가), 5층"
LBB0016,2,취사용 LPG,물품,단가계약,제한경쟁,적격심사제,Y,육군제7789부대,ZD00074,육군제7789부대,ZD00074,82.995,1773,1770,5396118545,2024-06-14,10:30:00,개찰완료,1472,83.02,2024-06-14,(주) 한국가스산업,김동근,김동근,113-81-41892,경기도 양주시 광적면 부흥로133
LCF0258,2,솔레노이드  전기식 등 17항목 구매(기장),물품,총액계약,제한경쟁,적격심사제,Y,육군군수사령부,1290307,육군군수사령부,1290307,87.995,76904288,76336149,69396499,2024-06-14,10:30:00,개찰완료,67684510,88.011,2024-06-14,미성엔지니어링,이희영,이희영,114-17-08314,경기도 김포시 양촌읍 황금3로7번길36-0
MDZ0001,1,국방데이터 품질점검 실증 및 운영방안 연구 사업,용역,총액계약,협상에의한계약(전자),협상,N,합동상호운용성기술센터,ZD01035,합동상호운용성기술센터,ZD01035,0,45968610,46205882,42845455,2024-06-14,10:30:00,개찰완료,42417000,92.273,2024-06-27,사단법인 안보경영연구원,전건욱,조대현,120-82-07415,"서울특별시 강남구 언주로527, 10층 (역삼동)"
SDG0027,1,노후 행정시설 신축공사(GHP실외기),물품,총액계약,제한경쟁,적격심사제,Y,제2002부대,ZD00129,제2002부대,ZD00129,87.995,194317192,192854000,178900000,2024-06-14,10:30:00,개찰완료,171773514,88.398,2024-06-14,(주)세이버이엔지,강유경,이찬용,131-86-04736,"인천광역시 연수구 센트럴로415-0 (송도동), 106동 3404호(송도동,힐스테이트 송도 더테라스)"
DSS0030,1,국방 사이버보안 지원체계 구축사업,용역,총액계약,지명경쟁,최저가격제,N,국군제1068부대,ZD01123,국군제1068부대,ZD01123,0,4235471854,4224203020,3840184564,2024-06-17,10:30:00,개찰완료,2722500000,64.278,2024-06-17,(주)네오위드넷,탁지훈,탁지훈,220-87-68809,"경기도 성남시 수정구 창업로17-0 (시흥동), 에프동 3층 313호(판교아이스퀘어)"
EKA0019,1,24년 소총 5.56mm K2/K2C1,물품,총액계약,지명경쟁,적격심사제,Y,방위사업청,1690000,방위사업청,1690000,,20910070579,20916124000,0,2024-06-17,10:30:00,개찰완료,17950000000,85.843,2024-06-17,에스앤티모티브주식회사,권형순,김회영,621-81-47887,부산광역시 기장군 철마면 여락송정로 363()
HCG0024,1,24-신규 무기체계 도입시  전력화 군수지원방안 연구,용역,총액계약,협상에의한계약(전자),협상,N,공군본부,1290339,공군본부,1290339,,61000000,,55454545,2024-06-17,11:00:00,개찰완료,56120000,92,2024-06-24,사단법인 미래안보산업전략연구원,박종재,정영숙,161-82-00091,서울특별시 영등포구 영등포로35길10-0 (영등포동6가) 8층 809호
HCL0043,1,24-충-공-9 설계용역,용역,총액계약,제한경쟁,적격심사제,Y,공군사관학교,7002962,공군사관학교,7002962,86.745,147710079,147967000,134515455,2024-06-17,10:30:00,개찰완료,128598120,87.061,2024-06-18,중앙포럼건축사사무소 주식회사,임종환,홍성미,574-88-02278,"서울특별시 강남구 개포로235, 3층 301호(개포동, 한영빌딩)"
LKG0063,1,의무근무대 신축(자동제어 제조설치),물품,총액계약,제한경쟁,적격심사제,Y,육군제53보병사단,ZD00094,육군제53보병사단,ZD00094,87.995,105911709,105857830,96247273,2024-06-17,11:00:00,개찰완료,93197383,87.995,2024-06-17,주식회사 에이스티앤비,임승천,정희선,123-86-40385,"경기도 안양시 만안구 전파로53, 비동 본관3층(안양동)"
LPG0016,2,(수정2) 24-1차 임차용 얼음정수기 입찰공고,용역,총액계약,제한경쟁,적격심사제,Y,제2136부대,ZD00376,제2136부대,ZD00376,87.745,137705581,137700000,125181818,2024-06-17,10:30:00,개찰완료,121791440,88.443,2024-06-17,디에이치바이오,김단희,김단희,292-09-00316,"경기도 수원시 영통구 광교중앙로170, 1동 5층 7호 507호(하동, 광교 효성해링턴 타워)"
MDD0091,1,2024 병리장비운영소모품(10-2) 4품목 구매 ,물품,총액계약,제한경쟁,적격심사제,Y,국군수도병원,ZD00236,국군수도병원,ZD00236,87.995,65006308,64954400,60254545,2024-06-17,12:00:00,개찰완료,57230750,88.038,2024-06-17,주식회사 복은,김령은,김령은,616-86-28355,"경상남도 창원시 진해구 용원북로17번길15-0 (용원동, 가온빌 101호)"
MHD0053,1,효율적 획득업무 수행을 위한 WBS 표준화 연구,용역,총액계약,협상에의한계약(전자),협상,N,방위사업청(운영지원과),1690000,방위사업청(운영지원과),1690000,,51820000,,47109091,2024-06-17,15:00:00,개찰완료,47100000,90.891,2024-07-19,국립금오공과대학교산학협력단,권오형,권인자,513-82-07067,"경상북도 구미시 대학로 61, 금오공과대학교 산학협력단(양호동)"
MHD0054,1,항공통제기 2차 시설사업 기본계획 수립 연구용역,용역,총액계약,협상에의한계약(전자),협상,N,방위사업청(운영지원과),1690000,방위사업청(운영지원과),1690000,,50000000,,45454545,2024-06-17,15:00:00,개찰완료,45100000,90.2,2024-07-30,(주)에프오알엠도시건축공간연구소,권시형,양진,264-81-32634,"서울특별시 송파구 법원로11길25-0, A동 1310호(문정동, 에이치비즈니스파크)"
UMM0742,1,24-N-탐조등 12인치 제조(248121-F),물품,총액계약,일반경쟁,적격심사제,Y,국군재정관리단,ZD00303,국군재정관리단,ZD00303,82.995,321822735,321560000,298181818,2024-06-17,11:00:00,개찰완료,283061160,87.955,2024-06-17,사회적협동조합 푸른하늘,정성대,정상업,291-82-00107,경기도 용인시 처인구 원삼면 백원로262번길46-0
UMM0763,1,24-M-동원생활관 제로에너지 제조 설치(248083-F),물품,총액계약,제한경쟁,적격심사제,Y,국군재정관리단,ZD00303,국군재정관리단,ZD00303,87.995,81459382,81120000,77545455,2024-06-17,11:00:00,개찰완료,71682560,87.997,2024-06-17,(주)경일,조명래,김유나,409-81-12721,"광주광역시 북구 하서로396, 601호(양산동, 경일빌딩)"
EBB0258,1,곡사포 일반부품류(제조),물품,총액계약,제한경쟁,적격심사제,Y,방위사업청,1690000,방위사업청,1690000,,203029977,202624000,0,2024-06-18,11:00:00,개찰완료,178709100,88.021,2024-06-18,오승산업,오세화,하종길,595-08-00125,부산광역시 사상구 학감대로252번길83 (주례동)
EBH0053,1,24년 케이블조립체류(비차폐용)(제조),물품,총액계약,일반경쟁,적격심사제,Y,방위사업청,1690000,방위사업청,1690000,,1276688359,1269525000,0,2024-06-18,11:00:00,개찰완료,1068500000,83.693,2024-06-18,연합정밀(주),김은주,문제상,312-81-09219,충청남도 천안시 동남구 목천읍 학수소사길219-27
EBH0054,1,24년 케이블조립체류(통신장비용)(제조),물품,총액계약,일반경쟁,적격심사제,Y,방위사업청,1690000,방위사업청,1690000,,581505331,582819000,0,2024-06-18,11:00:00,개찰완료,493900000,84.934,2024-06-18,연합정밀(주),김은주,문제상,312-81-09219,충청남도 천안시 동남구 목천읍 학수소사길219-27
EBH0049,1,신형 방탄헬멧(대형),물품,총액계약,제한경쟁,적격심사제,Y,방위사업청,1690000,방위사업청,1690000,,10888555201,10895577000,0,2024-06-18,11:00:00,개찰완료,9644107500,88.571,2024-06-18,(주)대성테크,문혜숙,김동원,606-81-37885,부산광역시 강서구 녹산산단261로74번길 33()
EBH0055,1,24년 비호용 전원공급기(제조),물품,총액계약,일반경쟁,적격심사제,Y,방위사업청,1690000,방위사업청,1690000,,420257740,417360000,0,2024-06-18,14:00:00,개찰완료,364355320,86.698,2024-06-18,주식회사 시너스텍,손옥경,손옥경,607-81-91427,부산광역시 기장군 정관읍 산단4로159
EBH0051,1,24년 천마 궤도 부품류(제조),물품,총액계약,일반경쟁,적격심사제,Y,방위사업청,1690000,방위사업청,1690000,,442358655,437703000,0,2024-06-18,14:00:00,개찰완료,368900000,83.393,2024-06-18,대창마린테크(주),김효성,윤상열,606-81-68961,부산광역시 사상구 모덕로27번길 126()
EBH0040,2,24년 위장망체계 지지대세트류,물품,총액계약,일반경쟁,적격심사제,Y,방위사업청,1690000,방위사업청,1690000,,4831986595,4843456000,0,2024-06-18,11:00:00,개찰완료,4158785059,86.067,2024-06-18,도균테크,김도균,김도균,606-38-19751,부산광역시 사상구 낙동대로1318번길52-0 (삼락동)
HCF0114,2,[무장장착장비 부품]밸브조립체 등 10종,물품,총액계약,제한경쟁,적격심사제,Y,공군군수사령부,ZD00306,공군군수사령부,ZD00306,87.995,84926030,85978588,79725600,2024-06-18,10:30:00,개찰완료,84397858,99.378,2024-06-18,원욱,김선한,김선한,384-01-03654,"경상남도 창원시 성산구 용지로169번길13, 3층 320호(용호동, 라이크빌-1)"
HCF0156,1,24-H-31 톱  동력 절단용,물품,총액계약,제한경쟁,적격심사제,Y,공군군수사령부,ZD00306,공군군수사령부,ZD00306,87.995,38904704,38823529,36000000,2024-06-18,10:30:00,개찰완료,34235130,87.997,2024-06-18,모든상사,김기태,김기태,139-45-00556,경기도 오산시 부산중앙로42 (부산동)
HCM0050,1,24-04-137 방송장비 1품목 구매,물품,총액계약,제한경쟁,적격심사제,Y,공군교육사령부,ZD00172,공군교육사령부,ZD00172,87.995,44537327,44706215,41454855,2024-06-18,10:30:00,개찰완료,39190920,87.995,2024-06-18,주식회사 오로라,정순애,박소영,372-81-01581,"경기도 고양시 덕양구 능곡로13번길16-0 , 202동 2401호(토당동, 능곡2차현대홈타운)"
HCQ0050,1,5비 김해기지 간부숙소 신축(자동제어),물품,총액계약,제한경쟁,적격심사제,Y,공군제5공중기동비행단,ZD00193,공군제5공중기동비행단,ZD00193,87.995,114118432,113863720,105845455,2024-06-18,11:00:00,개찰완료,100425329,88,2024-06-19,베스트 주식회사,남상미,남상미,445-87-00640,대전광역시 유성구 갑동로25번길53-28 (갑동)
HCQ0051,1,5비 김해기지 간부숙소 신축(가구),물품,총액계약,제한경쟁,적격심사제,Y,공군제5공중기동비행단,ZD00193,공군제5공중기동비행단,ZD00193,87.995,412217380,415325490,385120000,2024-06-18,11:00:00,개찰완료,363129770,88.091,2024-06-19,에스알주식회사,이상민,이상민,317-81-05028,충청북도 청주시 서원구 남이면 척산화당로 105-4에스알(주)
HDQ0053,1,20비 24-185 냉장고,물품,총액계약,제한경쟁,적격심사제,Y,제20전투비행단,ZD00161,제20전투비행단,ZD00161,87.995,156093662,154411700,143181818,2024-06-18,11:00:00,개찰완료,137377300,88.009,2024-06-20,제이유테크,유제욱,유제욱,203-22-64167,충청남도 천안시 서북구 쌍용17길25-0 (쌍용동)
LBA0052,1,24년 진지공사용 폐타이어 위탁수송 용역,용역,총액계약,일반경쟁,적격심사제,Y,제2167부대,ZD00053,제2167부대,ZD00053,84.245,159362003,159120000,144654545,2024-06-18,10:30:00,개찰완료,134843419,84.614,2024-06-18,대원종합상사(울산),김철구,김동우,610-02-31304,울산광역시 울주군 웅촌면 대복동천로 62()
LCF0364,1,도관 조립체 등 72항목 구매(자주포),물품,총액계약,일반경쟁,적격심사제,Y,육군군수사령부,1290307,육군군수사령부,1290307,82.995,724555832,724180993,658346357,2024-06-18,10:30:00,개찰완료,604000000,83.361,2024-06-18,주윤테크,임길헌,임길헌,159-17-01143,부산광역시 사하구 하신중앙로3번나길16-6 (장림동)
LCF0332,2,볼 밸브용 배기구멍형 등 37항목 구매(궤도),물품,총액계약,일반경쟁,적격심사제,Y,육군군수사령부,1290307,육군군수사령부,1290307,82.995,398990217,399895259,363541145,2024-06-18,11:30:00,개찰완료,334312430,83.789,2024-06-18,주식회사화일,권영신,조용태,889-88-00565,경기도 성남시 분당구 야탑로28-0 (야탑동) 우당빌딩 201호
LCF0270,2,덮개 총포용 등 20항목 구매(총포),물품,총액계약,제한경쟁,적격심사제,Y,육군군수사령부,1290307,육군군수사령부,1290307,87.995,61329404,61368594,55789631,2024-06-18,10:30:00,개찰완료,54017300,88.077,2024-06-18,대명 ENG,이갑용,이갑용,603-01-87894,"부산광역시 강서구 녹산산업중로100-0 (송정동), A동"
LCF0367,1,렌치 소켓용 등 36항목 구매(총포공구),물품,총액계약,제한경쟁,적격심사제,Y,육군군수사령부,1290307,육군군수사령부,1290307,87.995,47242573,47276113,43073521,2024-06-18,10:30:00,개찰완료,41573580,88,2024-06-18,은성세미,황영식,석성균,156-54-00325,"인천광역시 미추홀구 주염로58, 620-1호(주안동, 주안시범공단)"
LCF0368,1,렌치 스패너용 등 40항목 구매(총포공구),물품,총액계약,제한경쟁,적격심사제,Y,육군군수사령부,1290307,육군군수사령부,1290307,87.995,46250760,46509475,42281341,2024-06-18,10:30:00,개찰완료,40790960,88.195,2024-06-18,디에이치시스템 주식회사,황갑용,황갑용,822-86-02149,경상북도 경주시 동방북6길1 (동방동)
LCF0370,1,플라이어 리테이닝링용 등 36항목 구매(총포공구),물품,총액계약,제한경쟁,적격심사제,Y,육군군수사령부,1290307,육군군수사령부,1290307,87.995,50328895,50705906,46096278,2024-06-18,10:30:00,개찰완료,44289300,87.999,2024-06-18,에이치에스유통,윤현수,윤현수,836-02-02814,"대구광역시 달서구 갈밭남로17, 205동 1205호(대곡동, 수목원호정포레스트)"
LCF0371,1,접촉자조립체 전기용 등 13항목 구매(총포공구),물품,총액계약,제한경쟁,적격심사제,Y,육군군수사령부,1290307,육군군수사령부,1290307,87.995,227110269,228769998,207972725,2024-06-18,10:30:00,개찰완료,199854742,87.998,2024-06-18,에이치앤에이치 커뮤니케이션,신훈,신훈,698-57-00252,"인천광역시 부평구 경원대로1269-0 (산곡동, 현대아파트) 117-301"
LCF0372,1,＇24년 합동 화력시뮬레이터 정비(용역),용역,총액계약,제한경쟁,적격심사제,Y,육군군수사령부,1290307,육군군수사령부,1290307,77.995,1800010819,1800000000,1636363636,2024-06-18,10:30:00,개찰완료,1408332317,78.24,2024-06-18,주식회사 피앤씨솔루션,최치원,김승범,636-87-00042,"서울특별시 서초구 강남대로10길53(양재동, 피앤씨빌딩)"
LCH0040,1,기구 강하용 헬륨가스 구매(특-24-물-40),물품,총액계약,일반경쟁,적격심사제,Y,특수전사령부,ZD00055,특수전사령부,ZD00055,82.995,260016790,261602000,237820000,2024-06-18,10:30:00,개찰완료,216139550,83.125,2024-06-18,삼정산업가스(주),심승일,백승락,127-81-18672,경기도 포천시 가산면 가산리473
LCH0041,1,공중물자 부품 구매(특-24-물-39),물품,총액계약,제한경쟁,적격심사제,Y,특수전사령부,ZD00055,특수전사령부,ZD00055,87.995,78757506,79090000,71900000,2024-06-18,10:30:00,개찰완료,69303780,87.996,2024-06-18,(주)원더비즈,강석훈,강석훈,214-88-35601,"경기도 수원시 권선구 금곡로196번길62, 304-12호(금곡동, 에스제이타워)"
LCK0021,1,[육성지원금-24-5] 심폐소생술마네킹 등 2종 구매,물품,총액계약,제한경쟁,적격심사제,Y,수도방위사령부,ZD00069,수도방위사령부,ZD00069,87.995,84365660,85000000,77272727,2024-06-18,10:30:00,개찰완료,74247740,88.007,2024-06-18,영신상사,박재완,박재완,641-13-01023,경기도 부천시 원미로177번길21-0 (원미동)
LDG0067,1,6차(천안)전력시설 개선공사-관급 케이블,물품,총액계약,제한경쟁,적격심사제,Y,육군 탄약지원사령부,ZD00086,육군 탄약지원사령부,ZD00086,87.995,112118571,111975430,101795845,2024-06-18,10:30:00,개찰완료,98659180,87.995,2024-06-18,크린상사,이규순,이규순,221-58-00573,"서울특별시 강동구 천중로50길23, 2층(길동)"
LGT0057,2,24년~'27년 얼음정수기 임차 용역(24-GS-8),용역,총액계약,제한경쟁,적격심사제,Y,제2307부대,ZD00001,제2307부대,ZD00001,87.745,169425453,170100000,154636364,2024-06-18,11:00:00,개찰완료,149320600,88.133,2024-06-19,세준,김귀남,김귀남,340-11-02066,강원특별자치도 평창군 용평면 서낭골길12-15
LHQ0029,1,24년 장기미래비전연구수행 정책연구과제사업,용역,총액계약,협상에의한계약(전자),협상,N,제6619부대,1290300,제6619부대,1290300,0,34936133,34892000,31818182,2024-06-18,14:00:00,개찰완료,29750000,85.155,2024-06-21,사단법인 안보경영연구원,전건욱,조대현,120-82-07415,"서울특별시 강남구 언주로527, 10층 (역삼동)"
LKT0059,1,24년 7~9월 부대조달 급식품목(식육가공품) 구매,물품,총액계약,제한경쟁,적격심사제,Y,제1989부대,ZD00011,제1989부대,ZD00011,82.995,197651527,197000784,182673455,2024-06-18,10:30:00,개찰완료,164042500,82.995,2024-06-18,해찬푸드,서정희,서정희,878-03-01422,부산광역시 강서구 공항로383번길40 (대저2동)
LMK0026,1,[[24-C43] 24년 7여단 KCTC 훈련 급식품목 간편식 ,물품,총액계약,일반경쟁,적격심사제,Y,제3007부대,ZD00363,제3007부대,ZD00363,82.995,260352333,259367400,235788545,2024-06-18,10:30:00,개찰완료,216087202,82.997,2024-06-18,주식회사 에스티엑스에프앤씨,이성기,이성기,117-87-01875,부산광역시 남구 신선로217-15 (감만동)
LMU0030,1,(24-급-030) '24-2차 부대계약 식자재(빵류) 계약,물품,단가계약,일반경쟁,적격심사제,Y,6112부대,ZD01187,6112부대,ZD01187,82.995,280439,281110,335951182,2024-06-18,11:00:00,개찰완료,232764,82.999,2024-06-18,푸디스트 주식회사,박정훈,이유영,711-81-01637,서울특별시 용산구 청파로363(서계동)
MCD0022,3,국방 연구개발 법제 개선 연구,용역,총액계약,협상에의한계약(전자),협상,N,국방부(운영지원과),1290000,국방부(운영지원과),1290000,,99300000,,90272727,2024-06-18,11:00:00,개찰완료,99000000,99.697,2024-07-08,한국법제연구원,한영수,이기영,102-82-06325,세종특별자치시  국책연구원로15-0 (반곡동)
MCD0032,1,의무시설 시설공사비 적정 편성 기준 연구,용역,총액계약,협상에의한계약(전자),협상,N,국방부(운영지원과),1290000,국방부(운영지원과),1290000,,40000000,,36363636,2024-06-18,11:00:00,개찰완료,38000000,95,2024-07-15,(주)에프오알엠도시건축공간연구소,권시형,양진,264-81-32634,"서울특별시 송파구 법원로11길25-0, A동 1310호(문정동, 에이치비즈니스파크)"
MDD0092,1,2024 전산장비(영상CD등록기) 구매,물품,총액계약,제한경쟁,적격심사제,Y,국군수도병원,ZD00236,국군수도병원,ZD00236,87.995,23969192,23716000,22000000,2024-06-18,12:00:00,개찰완료,23000000,95.956,2024-06-18,아이지엠 주식회사,김삼수,김삼수,135-86-16762,"경기도 수원시 영통구 덕영대로1556번길16, D-503호 (영통동, 디지털엠파이어빌딩)"
MDG0156,1,24년 의무장비(수액조절기 분석기) 구매,물품,총액계약,제한경쟁,적격심사제,Y,국군의무사령부,1290291,국군의무사령부,1290291,87.995,25858956,25872000,24000000,2024-06-18,11:00:00,개찰완료,22755700,87.999,2024-06-18,유한회사 엔디클릭,최용석,최재영,408-81-89324,"전라남도 장성군 황룡면 강변로452-16, 3층 302호"
MDG0155,1,24년 의무장비(고주파수술기 하지정맥용) 구매,물품,총액계약,제한경쟁,적격심사제,Y,국군의무사령부,1290291,국군의무사령부,1290291,87.995,24602704,24480400,22709091,2024-06-18,11:00:00,개찰완료,21655518,88.02,2024-06-18,디디인터내셔널,황윤섭,황윤섭,621-45-00642,인천광역시 부평구 열우물로90-0 (십정동) 109동 23층 4호(더샵부평센트럴시티)
MDG0151,1,24-3차 소방기구(소화기 등 4종) 구매,물품,총액계약,제한경쟁,적격심사제,Y,국군의무사령부,1290291,국군의무사령부,1290291,87.995,7747947,7700000,7000000,2024-06-18,11:00:00,개찰완료,6818320,88.001,2024-06-19,비에스상사,공영자,공영자,201-31-62559,"부산광역시 남구 천제등로38번길67-0 (대연동, 청운빌라) , 302"
MDR0028,2,방탄복 제조 ,물품,총액계약,제한경쟁,적격심사제,Y,제9965부대,ZD00075,제9965부대,ZD00075,87.995,46781322,46666000,43272727,2024-06-18,11:00:00,개찰완료,41177000,88.02,2024-06-18,주식회사 엠아이티에스프리시즌,김홍석,유봉현,584-87-01191,경기도 화성시 안녕남로50번길22 (안녕동)
MDS0009,1,00체계 수리부속 구매(전원공급기 등 15종),물품,총액계약,제한경쟁,적격심사제,Y,제3707부대,1290494,제3707부대,1290494,87.995,47935892,48205882,44700000,2024-06-18,10:30:00,개찰완료,42183978,88,2024-06-18,동명이앤엘,노홍규,노홍규,123-19-82608,"경기도 과천시 뒷골로44-16 (과천동, 과천동 단독주택)"
SCF0579,1,안전포크 등 4종 구매,물품,총액계약,제한경쟁,적격심사제,Y,해군군수사령부,ZD00289,해군군수사령부,ZD00289,87.995,22069010,22000000,21066638,2024-06-18,10:30:00,개찰완료,19424570,88.017,2024-06-18,대한냉동,서원하,서원하,609-18-61115,경상남도 창원시 진해구 충장로 291()
SCF0584,1,초음파누설검사기 2EA 구매,물품,총액계약,제한경쟁,적격심사제,Y,해군군수사령부,ZD00289,해군군수사령부,ZD00289,87.995,33124249,33000000,30690909,2024-06-18,10:30:00,개찰완료,32115600,96.954,2024-06-18,유한회사 제이엠스토아,이희경,이재근,160-87-00870,"전북특별자치도 전주시 덕진구 유상로67, 301-1호(팔복동2가, 전주혁신창업허브)"
SCF0577,1,유체정역학유니트 등 2종 구매,물품,총액계약,제한경쟁,적격심사제,Y,해군군수사령부,ZD00289,해군군수사령부,ZD00289,87.995,123709302,124000000,115517182,2024-06-18,10:30:00,개찰완료,108858610,87.995,2024-06-18,기호종합상사,손기호,손기호,463-11-02224,경상북도 경산시 진량읍 공단1로7길22
SCF0578,1,플랫트 실링 등 10종 구매,물품,총액계약,제한경쟁,적격심사제,Y,해군군수사령부,ZD00289,해군군수사령부,ZD00289,87.995,44992042,45000000,42230909,2024-06-18,10:30:00,개찰완료,39641000,88.106,2024-06-18,우복테크,최윤영,최윤영,551-42-00736,대구광역시 달서구 진천로18길60 (진천동) 103동 1101호
SCF0587,1,기관장비 유지보수 용역,용역,총액계약,일반경쟁,적격심사제,Y,해군군수사령부,ZD00289,해군군수사령부,ZD00289,87.745,92544232,93000000,86737364,2024-06-18,10:30:00,개찰완료,81580980,88.153,2024-06-18,한국산업기계기술 주식회사,서효진,서효진,447-87-00928,울산광역시 울주군 웅촌면 고연로129-1 B동102호
SCF0597,1,유증기 감지기 등 7종 구매,물품,총액계약,제한경쟁,적격심사제,Y,해군군수사령부,ZD00289,해군군수사령부,ZD00289,87.995,145651635,145000000,135090364,2024-06-18,10:30:00,개찰완료,128166670,87.995,2024-06-18,제이루,정연지,정연지,167-09-02468,"경기도 부천시 원미구 부천로25, 802호(심곡동, 노블레스부천)"
SCF0576,1,백업링 등 11종 구매,물품,총액계약,제한경쟁,적격심사제,Y,해군군수사령부,ZD00289,해군군수사령부,ZD00289,87.995,187373338,186000000,179246727,2024-06-18,10:30:00,개찰완료,164882500,87.996,2024-06-18,새한전기조명,정현준,정현준,465-19-01038,경상남도 창원시 성산구 창이대로719번길1-0 (사파동)
SCF0585,1,프레임리프트 2EA 구매,물품,총액계약,제한경쟁,적격심사제,Y,해군군수사령부,ZD00289,해군군수사령부,ZD00289,87.995,7509868,7500000,6958182,2024-06-18,10:30:00,개찰완료,6608732,88,2024-06-18,태양테크,이지현,이지현,802-31-01355,"경상남도 창원시 마산회원구 3.15대로732-0 (합성동, 남산빌딩) 4층 4139호"
SCF0573,1,(긴급)엘리베이터 가스켓 등 16종,물품,총액계약,제한경쟁,적격심사제,Y,해군군수사령부,ZD00289,해군군수사령부,ZD00289,87.995,36449995,36624000,34139273,2024-06-18,13:00:00,개찰완료,32075800,87.999,2024-06-18,정수프라자,정차용,정차용,506-06-41272,"경상북도 포항시 남구 중흥로106-0 , 1층(상도동)"
SCF0574,1,(긴급)잉곳 주석-청동용 등 3종,물품,총액계약,제한경쟁,적격심사제,Y,해군군수사령부,ZD00289,해군군수사령부,ZD00289,87.995,37744884,37745000,35000000,2024-06-18,13:00:00,개찰완료,33550000,88.886,2024-06-18,주식회사 비에스씨,신관영,신관영,615-81-97849,경상남도 김해시 진영읍 본산로212번길26-1
SCF0591,1,’24년 함정 취사장 바닥 교체 용역,용역,총액계약,일반경쟁,적격심사제,Y,해군군수사령부,ZD00289,해군군수사령부,ZD00289,87.995,1669717179,1656000000,1536434545,2024-06-18,10:30:00,개찰완료,1506000000,90.194,2024-06-18,주식회사 삼광지에스,이선재,이선재,172-87-00534,부산광역시 기장군 기장읍 대변로154-0 323호
UMM0776,1,(24F177-A)  민간 제초관리 용역,용역,총액계약,제한경쟁,적격심사제,Y,국군재정관리단,ZD00303,국군재정관리단,ZD00303,87.995,196512975,196118620,183830873,2024-06-18,11:00:00,개찰완료,172921800,87.995,2024-06-18,주식회사 그리다 조경,박현열,김옥주,747-81-00700,경상남도 거제시 국산7길5 (옥포동) 1층
UMM0707,2,24-N-주파수변환기 제조,물품,총액계약,제한경쟁,적격심사제,Y,국군재정관리단,ZD00303,국군재정관리단,ZD00303,87.995,85194010,84310000,78181818,2024-06-18,11:00:00,개찰완료,75192000,88.259,2024-06-18,에이씨피코리아주식회사,김대환,이윤희,123-81-85015,"경기도 군포시 고산로148번길17(당정동,군포아이티밸리303호, 304호)"
UMM0810,1,(24F156-I) '24년 근무분야 민간위탁(양주 덕정),용역,총액계약,일반경쟁,적격심사제,Y,국군재정관리단,ZD00303,국군재정관리단,ZD00303,77.995,1647750294,1648456563,1528568814,2024-06-18,11:00:00,개찰완료,1617135000,98.141,2024-06-18,광인산업(주),김형주,김인승,211-86-12532,"서울특별시 용산구 원효로51, 308호(산천동, 삼성테마트)"
UMM0598,3,차세대 D-PIS 구축 장비(백업 어플라이언스) 구매 ,물품,총액계약,2단계경쟁(동시),최저가격제,N,국군재정관리단,ZD00303,국군재정관리단,ZD00303,0,39876035,39930000,36300000,2024-06-18,11:00:00,개찰완료,39303000,98.562,2024-06-18,주식회사 보스테크,이헌웅,정해붕,107-87-93378,"서울특별시 영등포구 당산로41길11, W동 비133호, 제15층 1511호,1512호(당산동4가, 당산 SK V1 center)"
UMM0780,1,(247136-C) 장비운영소모품(병원) 125종 구매,물품,총액계약,일반경쟁,적격심사제,Y,국군재정관리단,ZD00303,국군재정관리단,ZD00303,82.995,319311648,315001068,292091900,2024-06-18,11:00:00,개찰완료,265176610,83.046,2024-06-18,이앤씨케이블 주식회사,내성경,내성경,113-86-38335,서울특별시 구로구 경인로53길15-0 (구로동) 중앙유통단지 다동 1204호
UMM0775,1,(247132-D)장비운영소모품(외과1) 41종 구매,물품,총액계약,제한경쟁,적격심사제,Y,국군재정관리단,ZD00303,국군재정관리단,ZD00303,87.995,72481671,71993000,68690000,2024-06-18,11:00:00,개찰완료,63780300,87.995,2024-06-18,주식회사 정현,심정현,심정현,671-88-01226,"경기도 의정부시 둔야로45번길11, 1층 1170호 (의정부동)"
UMM0777,1,24~27-N-얼음정수기(131대) 임차용역,용역,총액계약,일반경쟁,적격심사제,Y,국군재정관리단,ZD00303,국군재정관리단,ZD00303,85.495,212916345,211740000,227439818,2024-06-18,11:00:00,개찰완료,195039854,91.603,2024-06-18,삼성기술 주식회사,차현화,이보람,730-87-00489,전라남도 강진군 강진읍 중앙로45-5
UMM0797,1,24-N-0함대 유해환경작업자 건강검진 용역,용역,총액계약,일반경쟁,적격심사제,Y,국군재정관리단,ZD00303,국군재정관리단,ZD00303,87.745,102674069,102620000,104681260,2024-06-18,11:00:00,개찰완료,90202958,87.853,2024-06-18,케이메디컬의원,이상재,박상용,213-98-89291,"충청남도 아산시 탕정면 한들물빛6로16, 7층, 8층"
UMM0773,1,(247213-D)외상처리 마네킨 등 2품목 구매,물품,총액계약,제한경쟁,적격심사제,Y,국군재정관리단,ZD00303,국군재정관리단,ZD00303,87.995,172097177,171176470,158727273,2024-06-18,11:00:00,개찰완료,151437304,87.995,2024-06-18,세종산업,박주영,박주영,713-73-00454,대구광역시 서구 달서로43길4-0 (비산동)
UMM0789,1,24-F-00사격장 폐탄수거용역,용역,총액계약,일반경쟁,적격심사제,Y,국군재정관리단,ZD00303,국군재정관리단,ZD00303,85.495,311068713,312250000,290495455,2024-06-18,11:00:00,개찰완료,266484000,85.667,2024-06-18,삼오해양주식회사,박영자,박영자,307-81-36451,"전라남도 영암군 삼호읍 아산길46-7, 1호"
UMM0769,1,(246220-C) 전투장구류 클린소독기 구매,물품,총액계약,제한경쟁,적격심사제,Y,국군재정관리단,ZD00303,국군재정관리단,ZD00303,87.995,103625881,103135200,109818182,2024-06-18,11:00:00,개찰완료,91185807,87.995,2024-06-18,휴텍레이저,박상호,박상호,301-29-46929,"충청북도 청주시 서원구 사운로46번길2, 102호(사직동)"
UMM0782,1,(246236-F) 공기청정기 필터 제조,물품,총액계약,제한경쟁,적격심사제,Y,국군재정관리단,ZD00303,국군재정관리단,ZD00303,87.995,99935151,99718050,117788682,2024-06-18,11:00:00,개찰완료,87947000,88.004,2024-06-18,(주)더원필터,조병덕,김보상,128-81-64413,경기도 고양시 일산동구 공릉천로71번길38-9 (사리현동)
UMM0779,1,(246258-C) 특정지역 특수피복 제조(신사복류),물품,총액계약,제한경쟁,적격심사제,Y,국군재정관리단,ZD00303,국군재정관리단,ZD00303,87.995,141252530,140896000,130702127,2024-06-18,11:00:00,개찰완료,124313710,88.008,2024-06-18,주식회사 순수팩토리,신지원,신지원,154-87-01267,경기도 고양시 덕양구 삼원로40-1 (삼송동)
UMM0803,1,(24G180-I) 24년 병영 및 행정시설 전문방제용역,용역,총액계약,일반경쟁,적격심사제,Y,국군재정관리단,ZD00303,국군재정관리단,ZD00303,87.745,142967234,141339650,154610500,2024-06-18,11:00:00,개찰완료,125487000,87.773,2024-06-18,(주)청남종합개발,이강세,이강세,138-81-24077,"경기도 안양시 동안구 경수대로927, 201호(비산동, 삼익상가)"
UMM0806,1,(24F184-I) 24년 제초용역,용역,총액계약,제한경쟁,적격심사제,Y,국군재정관리단,ZD00303,국군재정관리단,ZD00303,87.995,149787241,151340839,141329727,2024-06-18,11:00:00,개찰완료,131982900,88.113,2024-06-18,주식회사 승현,최윤호,차수경,689-81-01418,강원특별자치도 영월군 영월읍 선돌길149
UMM0781,1,(247037-H)웹 방화벽 구축,물품,총액계약,제한경쟁,적격심사제,Y,국군재정관리단,ZD00303,국군재정관리단,ZD00303,87.995,64627373,64705880,60000000,2024-06-18,11:00:00,개찰완료,56886695,88.022,2024-06-18,(주)데이타솔루션,유호종,손선경,504-81-63807,대구광역시 중구 동덕로 64-15(대봉동28-7)
UMM0808,1,(24F198-I) 경기  강원지역 작업환경측정 위탁용역,용역,총액계약,일반경쟁,적격심사제,Y,국군재정관리단,ZD00303,국군재정관리단,ZD00303,77.995,2033735172,2043907000,1975525364,2024-06-18,11:00:00,개찰완료,1634900000,80.389,2024-06-18,주식회사 이엔직업환경연구소,이신우,이신우,306-81-36948,부산광역시 부산진구 서면문화로47 (부전동) 6층
UMM0809,1,(24F199-I) 충청  경상  전라지역 작업환경측정 위탁,용역,총액계약,일반경쟁,적격심사제,Y,국군재정관리단,ZD00303,국군재정관리단,ZD00303,85.495,355558790,355004200,377977100,2024-06-18,11:00:00,개찰완료,304228940,85.563,2024-06-18,주식회사 진주고려병원산업보건센터,최우호,최우호,149-86-00236,경상남도 진주시 동진로275-0 (상대동)
UMM0798,1,(24F132-I) 보급부대 근무분야 민간위탁(경남 김해),용역,총액계약,일반경쟁,적격심사제,Y,국군재정관리단,ZD00303,국군재정관리단,ZD00303,77.995,1329708374,1324582137,1228248891,2024-06-18,11:00:00,개찰완료,1298000000,97.615,2024-06-18,공우이엔씨 주식회사,이한기,장동규,120-87-79739,"서울특별시 영등포구 여의대방로43라길6-0 (신길동, 신길프라자3층)"
UMM0799,1,(24F133-I) 보급부대 근무분야 민간위탁(대전 유성),용역,총액계약,일반경쟁,적격심사제,Y,국군재정관리단,ZD00303,국군재정관리단,ZD00303,77.995,1591799028,1596614411,1480497000,2024-06-18,11:00:00,개찰완료,1566000000,98.379,2024-06-18,공우이엔씨 주식회사,이한기,장동규,120-87-79739,"서울특별시 영등포구 여의대방로43라길6-0 (신길동, 신길프라자3층)"
EBB0253,1,브라켓류(제조),물품,총액계약,제한경쟁,적격심사제,Y,방위사업청,1690000,방위사업청,1690000,,95363401,95660000,0,2024-06-19,11:00:00,개찰완료,84020660,88.105,2024-06-19,티케이(T.K)테크,김재욱,김재욱,440-70-00235,부산광역시 강서구 대저로3번길52-15 (대저1동)
LCF0379,1,창  관찰용 등 2항목 구매(항공),물품,총액계약,제한경쟁,적격심사제,Y,육군군수사령부,1290307,육군군수사령부,1290307,87.995,21859343,21921450,19928591,2024-06-19,11:00:00,개찰완료,20100000,91.951,2024-06-19,신기산업,박재완,박재완,396-08-01342,부산광역시 북구 의성로59번길1 (덕천동)
LDA0025,1,[24-D44] 본청 UPS 교체 설치납품,물품,총액계약,제한경쟁,적격심사제,Y,지상작전사령부,ZD00279,지상작전사령부,ZD00279,87.995,216873523,216369000,196699091,2024-06-19,11:00:00,개찰완료,190902369,88.024,2024-06-19,아이에프텍 주식회사,허창회,강승아,123-81-90124,"경기도 안양시 동안구 학의로250 (관양동, 관양 두산 벤처다임)8층 805호,2층 205호208호"
LKF0045,1,24년 00부대 유휴시설 건설폐기물 처리용역,용역,총액계약,제한경쟁,적격심사제,Y,제6755부대,ZD00090,제6755부대,ZD00090,87.745,205477414,204094480,189251245,2024-06-19,11:00:00,개찰완료,180722925,87.952,2024-06-19,동성이엔티,류기남,장정균,508-07-37086,경상북도 안동시 일직면 중반들길14-45
LMU0031,1,24-016 24-1차 지정폐기물 위탁처리 용역,용역,총액계약,제한경쟁,적격심사제,Y,6112부대,ZD01187,6112부대,ZD01187,84.245,49104293,49134160,45579000,2024-06-19,10:30:00,개찰완료,41458890,84.43,2024-06-19,주식회사 삼동그린,노정일,정종철,406-81-05556,"경기도 화성시 향남읍 백토관리길61-36, 에이동, 비동"
LQG0054,1,예비군훈련대 방탄보호판 개폐장치 설치 납품,물품,총액계약,제한경쟁,적격심사제,Y,육군 52보병사단,ZD00273,육군 52보병사단,ZD00273,87.995,216243693,215715370,200000000,2024-06-19,10:30:00,개찰완료,190285600,87.995,2024-06-19,해밀컴퍼니,박소유,박소유,347-15-01746,서울특별시 강서구 초원로6길36-0 (방화동) 2층
MCR0042,2,정책현안 연구용역(1. 북한의무기체계와..),용역,총액계약,협상에의한계약(전자),협상,N,국방대학교,1290412,국방대학교,1290412,0,25189889,25000000,22727273,2024-06-19,10:30:00,개찰완료,24500000,97.261,2024-06-21,국방대학교산학협력단,이문걸,이다인,128-82-13342,충청남도 논산시 양촌면 황산벌로1040
MDF0025,1,24-2차 상용 SW 구매(EMS7),물품,총액계약,제한경쟁,적격심사제,Y,국군지휘통신사령부,1290290,국군지휘통신사령부,1290290,87.995,135871088,135882352,126000000,2024-06-19,10:30:00,개찰완료,119569676,88.002,2024-06-19,주식회사 우진지앤에스,김화경,장중원,382-87-00771,"서울특별시 송파구 법원로11길7, 제11층 제1120호(문정동,문정현대지식산업센터)"
MDG0157,1,24년 의무장비(격리병실음압유지기) 구매,물품,총액계약,제한경쟁,적격심사제,Y,국군의무사령부,1290291,국군의무사령부,1290291,87.995,8813505,8731800,8100000,2024-06-19,11:00:00,개찰완료,8620000,97.804,2024-06-19,주마메디칼,김정희,김정희,132-28-95394,경기도 남양주시 진접읍 금강로1553-21 (신우아파트) 상가 112호
MDR0033,1,기상관측장비 교체,물품,총액계약,제한경쟁,적격심사제,Y,제9965부대,ZD00075,제9965부대,ZD00075,87.995,34402200,34336000,31839000,2024-06-19,11:00:00,개찰완료,30294653,88.06,2024-06-19,주식회사 세진정보통신,김선미,김선미,615-81-33428,경상남도 김해시 칠산로291번길16-5 (화목동)
SCF0590,1,시일  밀봉형 등 5종 구매,물품,총액계약,제한경쟁,적격심사제,Y,해군군수사령부,ZD00289,해군군수사령부,ZD00289,87.995,6342018,6300000,5897273,2024-06-19,10:30:00,개찰완료,5585770,88.075,2024-06-19,신동하이텍,이동열,이동열,609-22-36364,경상남도 창원시 마산회원구 봉암공단2길22-5 (봉암동)
SCF0603,1,동계취사모 등 2종 제조,물품,총액계약,제한경쟁,적격심사제,Y,해군군수사령부,ZD00289,해군군수사령부,ZD00289,87.995,8016478,8000000,7509091,2024-06-19,10:30:00,개찰완료,7058470,88.049,2024-06-19,주식회사 순수팩토리,신지원,신지원,154-87-01267,경기도 고양시 덕양구 삼원로40-1 (삼송동)
SCF0608,1,스위치  누름식 등 4종 구매,물품,총액계약,제한경쟁,적격심사제,Y,해군군수사령부,ZD00289,해군군수사령부,ZD00289,87.995,141466535,142000000,132244264,2024-06-19,10:30:00,개찰완료,124485180,87.996,2024-06-19,크린상사,이규순,이규순,221-58-00573,"서울특별시 강동구 천중로50길23, 2층(길동)"
SCF0609,1,전원공급기  등 4종 구매,물품,총액계약,일반경쟁,적격심사제,Y,해군군수사령부,ZD00289,해군군수사령부,ZD00289,82.995,282516245,282000000,262040000,2024-06-19,10:30:00,개찰완료,234500729,83.004,2024-06-19,주식회사 매사,강종효,김서이,109-86-45502,"서울특별시 영등포구 선유로49길23,  1001호, 1107호, 1108호 (양평동4가,아이에스비즈타워2차)"
SCF0592,1,게이지  기체흐름 측정용 등 3종 구매,물품,총액계약,제한경쟁,적격심사제,Y,해군군수사령부,ZD00289,해군군수사령부,ZD00289,87.995,71846957,72000000,67100000,2024-06-19,10:30:00,개찰완료,65289600,90.873,2024-06-19,세종상사,노정래,노정래,609-08-56097,경상남도 창원시 진해구 여명로52 (여좌동)
SCF0594,1,필터 하부조립체 등 3종,물품,총액계약,제한경쟁,적격심사제,Y,해군군수사령부,ZD00289,해군군수사령부,ZD00289,87.995,174230573,174000000,162168182,2024-06-19,10:30:00,개찰완료,153316469,87.996,2024-06-19,이루다,이정원,이정원,270-49-00802,충청남도 계룡시 엄사면 번영3길91-0 (대동황토방아파트) 109동 603호
SCF0607,1,군악  의장 행사모 구매,물품,총액계약,제한경쟁,적격심사제,Y,해군군수사령부,ZD00289,해군군수사령부,ZD00289,87.995,8211003,8200000,8014545,2024-06-19,10:30:00,개찰완료,7952960,96.857,2024-06-19,주식회사 나루지엠에스,조승현,송준협,214-88-54990,"서울특별시 서초구 사임당로19길 40-8,  2층(서초동)"
SCF0596,1,소자 등 24종 구매,물품,총액계약,제한경쟁,적격심사제,Y,해군군수사령부,ZD00289,해군군수사령부,ZD00289,87.995,170402687,172000000,160264364,2024-06-19,10:30:00,개찰완료,149968450,88.008,2024-06-19,보니어,나용재,나용재,363-18-01846,"경기도 시흥시 매화2로48번길4-5 (매화동, 매화동다세대) 402호"
SCF0602,1,군사경찰 행사복 등 7종 제조,물품,총액계약,제한경쟁,적격심사제,Y,해군군수사령부,ZD00289,해군군수사령부,ZD00289,87.995,33106492,33000000,31207273,2024-06-19,10:30:00,개찰완료,29142450,88.026,2024-06-19,（주）씨앤에스코리아（CNS KOREA）,최춘,임한빈,109-86-46476,"경기도 부천시 석천로397,  201동 1103호 (삼정동, 부천테크노파크쌍용3차)"
SCF0605,1,부식 방지제 등 31종 구매,물품,총액계약,일반경쟁,적격심사제,Y,해군군수사령부,ZD00289,해군군수사령부,ZD00289,82.995,410154749,406000000,380141569,2024-06-19,10:30:00,개찰완료,370000000,90.209,2024-06-19,에코플루이드,정은,정은,603-41-03060,경상남도 김해시 주촌면 서부로1409번길83-6
SCF0606,1,해류유속계 구매,물품,총액계약,제한경쟁,적격심사제,Y,해군군수사령부,ZD00289,해군군수사령부,ZD00289,87.995,46892820,47000000,43900000,2024-06-19,10:30:00,개찰완료,44870000,95.686,2024-06-19,(주)지오테크시스템,유호상,유호상,107-86-66234,"경기도 부천시 조마루로385번길122, 106호 (춘의동, 삼보테크노타워)"
SCF0604,1,함정 화장실/세면장 리모델링 정비,물품,총액계약,일반경쟁,적격심사제,Y,해군군수사령부,ZD00289,해군군수사령부,ZD00289,82.995,3238055950,3247000000,3118607273,2024-06-19,10:30:00,개찰완료,2719530000,83.986,2024-06-19,주식회사종합해사,최진익,백승열,601-81-08293,부산광역시 영도구 남항남로22-0 (남항동3가)
SCF0611,1,24년 함정 실내 청락/도장 용역,용역,총액계약,일반경쟁,적격심사제,Y,해군군수사령부,ZD00289,해군군수사령부,ZD00289,87.995,1446763445,1434000000,1396035455,2024-06-19,10:30:00,개찰완료,1276000000,88.196,2024-06-19,주식회사 케이에스금상,남인순,남인순,617-81-74463,"부산광역시 기장군 기장읍 대변로154, 322호"
SCF0610,1,(긴급)엑츄에이터 등 2종,물품,총액계약,제한경쟁,적격심사제,Y,해군군수사령부,ZD00289,해군군수사령부,ZD00289,87.995,13062198,12990000,12045455,2024-06-19,10:30:00,개찰완료,12340500,94.474,2024-06-19,대성물류,김성대,김성대,267-62-00241,"경기도 평택시 중앙2로13-0 (평택동, 센텀스카이빌딩)"
SCF0612,1,24년 항만경비정(HP) 유도관 및 추진기 외주정비,물품,총액계약,일반경쟁,적격심사제,Y,해군군수사령부,ZD00289,해군군수사령부,ZD00289,82.995,753520159,755000000,863795455,2024-06-19,10:30:00,개찰완료,628990000,83.473,2024-06-19,우주산업플랜트 주식회사,최창식,최창식,609-86-05878,경상남도 창원시 의창구 봉강가술로537번길42-0 (대산면)
SCF0613,1,24년 항만수송정(YF) 유도관 및 추진기 외주정비,물품,총액계약,일반경쟁,적격심사제,Y,해군군수사령부,ZD00289,해군군수사령부,ZD00289,82.995,509617459,513000000,541262727,2024-06-19,10:30:00,개찰완료,442990000,86.925,2024-06-19,우주산업플랜트 주식회사,최창식,최창식,609-86-05878,경상남도 창원시 의창구 봉강가술로537번길42-0 (대산면)
SDF0073,2,GASKET 등 40종 구매,물품,총액계약,제한경쟁,적격심사제,Y,제5738부대,ZD00158,제5738부대,ZD00158,87.995,132899479,132000000,123080909,2024-06-19,14:30:00,개찰완료,126722000,95.351,2024-06-19,에스에이치테크,김상호,서정길,856-29-00888,"경상북도 포항시 남구 동해면 일월로11번길22, 102호(천호골든아파트)"
SFG0063,1,MCU PCB 및 정재염 등 38품목 구매,물품,총액계약,제한경쟁,적격심사제,Y,제9181부대,ZD00151,제9181부대,ZD00151,87.995,63107548,63234920,58636018,2024-06-19,10:30:00,개찰완료,55532200,87.996,2024-06-19,주식회사 소낙,하장보,하장보,124-87-45639,"경기도 수원시 팔달구 권선로751, 201동 501호 (인계동, 동양파라곤)"
UAB0044,1,’25년도 국군복지단 달력 제조,물품,총액계약,일반경쟁,적격심사제,Y,국군복지단,ZD00882,국군복지단,ZD00882,87.995,31436938,31372540,29090909,2024-06-19,11:00:00,개찰완료,27671900,88.023,2024-07-08,충무기획인쇄,김영수,김영수,201-24-66431,서울특별시 중구 서애로5길 9()
UAB0045,1,국군복지단 가격조사 위탁용역,용역,총액계약,일반경쟁,적격심사제,Y,국군복지단,ZD00882,국군복지단,ZD00882,87.745,205039966,202920000,188168182,2024-06-19,17:00:00,개찰완료,179959450,87.767,2024-06-20,사단법인 한국물가정보,노영현,이승률,202-82-55198,경기도 파주시 회동길354-0 (서패동)
UMM0783,1,(246026-G)24년 대형화면전시체계 교체사업(리스자산),물품,총액계약,제한경쟁,적격심사제,Y,국군재정관리단,ZD00303,국군재정관리단,ZD00303,82.995,452025473,451887568,419023018,2024-06-19,11:00:00,개찰완료,375167860,82.997,2024-06-19,주식회사 더나은산업,이예나,차중표,117-81-56325,"경기도 고양시 일산동구 백마로223, 430호 (장항동, 현대에뜨레보)"
UMM0646,2,24-N-전원변환기(DC24V 400A) 제조(248153-F),물품,총액계약,일반경쟁,적격심사제,Y,국군재정관리단,ZD00303,국군재정관리단,ZD00303,82.995,482159195,484000000,454472727,2024-06-19,11:00:00,개찰완료,424000000,87.937,2024-06-19,주식회사 현대파워,박치만,박광선,130-81-61398,"경기도 부천시 원미구 송내대로388, 201동 904호 (약대동, 부천테크노파크)"
UMM0817,1,(24F187-A) 근무분야 민간위탁 용역(경기포천),용역,총액계약,일반경쟁,적격심사제,Y,국군재정관리단,ZD00303,국군재정관리단,ZD00303,77.995,1839518592,1835171180,1701704191,2024-06-19,11:00:00,개찰완료,1800302000,97.868,2024-06-19,광인산업(주),김형주,김인승,211-86-12532,"서울특별시 용산구 원효로51, 308호(산천동, 삼성테마트)"
UMM0793,1,(247133-E) 장비운영소모품(외과2) 38종 구매,물품,총액계약,제한경쟁,적격심사제,Y,국군재정관리단,ZD00303,국군재정관리단,ZD00303,87.995,77328115,76880530,71289227,2024-06-19,11:00:00,개찰완료,68048540,87.999,2024-06-19,올커니,김은재,김은재,345-42-00728,경기도 양주시 양주산성로164번길87-19 (남방동)
UMM0785,1,24-N-0함대 물탱크 청소용역,용역,총액계약,제한경쟁,적격심사제,Y,국군재정관리단,ZD00303,국군재정관리단,ZD00303,87.745,84946543,85570000,85124000,2024-06-19,11:00:00,개찰완료,74555690,87.767,2024-06-19,주식회사 뉴하나회,이경춘,황조환,398-86-00352,"인천광역시 서구 완정로158-0, 7층 702호 (마전동, 중앙빌딩)"
UMM0812,1,24-D-이동마트 차량(3.5톤) 제조,물품,총액계약,제한경쟁,적격심사제,Y,국군재정관리단,ZD00303,국군재정관리단,ZD00303,87.995,164782955,164700000,153161818,2024-06-19,11:00:00,개찰완료,146021200,88.614,2024-06-19,주식회사 와풀,송봉주,노재란,117-81-86004,경기도 김포시 월곶면 김포대로2708-37
UMM0787,1,(24F241-B) 24년 통합관리시스템 하드웨어 교체,물품,총액계약,제한경쟁,적격심사제,Y,국군재정관리단,ZD00303,국군재정관리단,ZD00303,87.995,58297088,58300000,58500000,2024-06-19,11:00:00,개찰완료,51300060,87.997,2024-06-19,은서유통,윤운태,윤운태,224-21-11224,충청남도 보령시 남포면 봉덕삼현길305-136
UMM0768,1,24-N-방공 고속지령대 제조 설치(248174-F),물품,총액계약,제한경쟁,적격심사제,Y,국군재정관리단,ZD00303,국군재정관리단,ZD00303,87.995,251385154,249490000,231347709,2024-06-19,11:00:00,개찰완료,235000000,93.482,2024-06-19,한국전기통신주식회사,지정식,김성진,137-81-05723,인천광역시 서구 가정로77번길 50-10(가좌동)
UMM0791,1,(246235-E) 항공기용 위성통신 단말기 교체,물품,총액계약,제한경쟁,적격심사제,Y,국군재정관리단,ZD00303,국군재정관리단,ZD00303,87.995,141774584,142647050,132272727,2024-06-19,11:00:00,개찰완료,132804300,93.672,2024-06-19,주식회사 모두텔,박종식,김보영,602-81-36185,"부산광역시 해운대구 센텀동로71, 607호 (우동, 벽산e-센텀클래스원2차)"
UMM0796,1,(24F196-A) 특수건강 위탁용역(경기 강원),용역,총액계약,일반경쟁,적격심사제,Y,국군재정관리단,ZD00303,국군재정관리단,ZD00303,77.995,1326867451,1321171520,1225086318,2024-06-19,11:00:00,개찰완료,1050493956,79.17,2024-06-19,케이메디컬의원,이상재,박상용,213-98-89291,"충청남도 아산시 탕정면 한들물빛6로16, 7층, 8층"
UMM0814,1,(246196-C) 특정지역 특수피복 제조,물품,총액계약,제한경쟁,적격심사제,Y,국군재정관리단,ZD00303,국군재정관리단,ZD00303,87.995,363994400,360596509,334371309,2024-06-19,11:00:00,개찰완료,323718000,88.934,2024-06-19,주식회사 유노인더스트리,정민영,정민영,721-86-02185,경기도 남양주시 화도읍 비룡로292번길11
EBB0261,1,24년 표준차 유지부품,물품,총액계약,일반경쟁,적격심사제,Y,방위사업청,1690000,방위사업청,1690000,,298300618,298189000,0,2024-06-20,11:00:00,개찰완료,251373000,84.268,2024-06-20,주식회사덕인,장남인,임병성,141-81-50004,경상남도 양산시 유산공단3길33-0 (교동)
EBB0266,1,2024 특수보호의(Level A),물품,총액계약,일반경쟁,적격심사제,Y,방위사업청,1690000,방위사업청,1690000,,1078519948,1080352000,0,2024-06-20,11:00:00,개찰완료,915058144,84.843,2024-06-20,주식회사 한컴라이프케어,오병진,노현정,135-81-21955,경기도 용인시 처인구 양지면 중부대로1960번길53
EBB0259,1,K계열 궤도장비 부품류,물품,총액계약,일반경쟁,적격심사제,Y,방위사업청,1690000,방위사업청,1690000,,1485035211,1501347000,0,2024-06-20,11:00:00,개찰완료,1277483000,86.023,2024-06-20,주식회사덕인,장남인,임병성,141-81-50004,경상남도 양산시 유산공단3길33-0 (교동)
EBB0262,1,24년 지뢰살포기 부품(제조),물품,총액계약,제한경쟁,적격심사제,Y,방위사업청,1690000,방위사업청,1690000,,112224687,112300000,0,2024-06-20,11:00:00,개찰완료,99120000,88.322,2024-06-20,주식회사 나우이노,황재희,황재희,852-81-01258,경상북도 칠곡군 북삼읍 인평2길20 B동
EBB0263,1,24년 다목적굴착기 부품(구매),물품,총액계약,제한경쟁,적격심사제,Y,방위사업청,1690000,방위사업청,1690000,,208927511,209427000,0,2024-06-20,11:00:00,개찰완료,183999000,88.068,2024-06-20,한영기계,박대정,박대정,606-33-98727,부산광역시 사상구 새벽로63번길53-0 (학장동)
EBH0025,2,지상감시레이더 부품(구매),물품,총액계약,제한경쟁,적격심사제,Y,방위사업청,1690000,방위사업청,1690000,,137153374,137929000,0,2024-06-20,11:00:00,개찰완료,121442885,88.545,2024-06-20,(주)소닉컴텍,문지환,김중희,526-81-01169,"인천광역시 부평구 부평대로337, 부평 제이타워3차 지식산업센터 제5층 제523호 (청천동)"
HDE0007,1,우주안전 발전 생태계(거버넌스) 구축 연구 용역,용역,총액계약,협상에의한계약(전자),협상,N,공군항공안전단,ZD00181,공군항공안전단,ZD00181,0,39447997,39215686,36363636,2024-06-20,14:00:00,개찰완료,36890000,93.515,2024-06-26,한국항공대학교 산학협력단,오현웅,이경은,128-82-08698,"경기도 고양시 덕양구 항공대학로76-0 (화전동, 한국항공대학교내)"
LCF0384,1,고정구 항공기정비용 등 3항목 구매(항공공구),물품,총액계약,제한경쟁,적격심사제,Y,육군군수사령부,1290307,육군군수사령부,1290307,87.995,105840899,105038791,95489810,2024-06-20,10:30:00,개찰완료,103988500,98.249,2024-06-20,주식회사 엠제이엠,김무진,김무진,481-86-01366,대구광역시 서구 새방로29길6-17 (상리동)
LCF0388,1,환자관찰장치 10항목 구매(의무),물품,총액계약,제한경쟁,적격심사제,Y,육군군수사령부,1290307,육군군수사령부,1290307,87.995,38729025,38610000,35100000,2024-06-20,11:00:00,개찰완료,34079681,87.995,2024-06-20,럭키필드,조평길,조평길,819-02-02653,"경기도 남양주시 가운로2길114, 110호 (다산동, 미성프라자)"
LCF0383,1,송풍기  원심식 2항목 구매(화생방),물품,총액계약,제한경쟁,적격심사제,Y,육군군수사령부,1290307,육군군수사령부,1290307,87.995,103646383,102660688,94994356,2024-06-20,10:30:00,개찰완료,100606000,97.066,2024-06-20,주식회사 에코비투,하영임,현영철,110-86-05795,"경기도 고양시 덕양구 삼원로73, 721호(원흥동, 원흥한일윈스타)"
LCF0385,2,230mm급 다련장 창정비시설 신축 관급자재(자동제어),물품,총액계약,일반경쟁,적격심사제,Y,육군군수사령부,1290307,육군군수사령부,1290307,87.995,328099021,326858980,297144527,2024-06-20,11:00:00,개찰완료,288717621,87.997,2024-06-20,주식회사 벽우,한기흥,송성식,311-81-03963,충청남도 당진시 시곡로327(시곡동)
LCF0386,1,230mm급 다련장 창정비시설 신축 관급자재(GHP실외기),물품,총액계약,일반경쟁,적격심사제,Y,육군군수사령부,1290307,육군군수사령부,1290307,87.995,159153412,159720000,145200000,2024-06-20,11:00:00,개찰완료,140051600,87.997,2024-06-20,태성냉동공조(주),서종권,서종권,613-81-21402,경상남도 사천시 축동면 사천대로 2206()
LFN0023,1,24년 3사관학교 생도식당 민간위탁급식 용역,용역,총액계약,협상에의한계약(전자),협상,N,육군3사관학교,1290306,육군3사관학교,1290306,,10164000000,,9240000000,2024-06-20,14:00:00,개찰완료,10164000000,100,2024-07-15,삼성웰스토리 주식회사,정해린,김재겸,104-86-51732,경기도 성남시 분당구 구미로8-0 (구미동)
LHG0034,1,을지회관 신축 관급자재(자동제어) 제조 설치,물품,총액계약,제한경쟁,적격심사제,Y,제1862부대,ZD00002,제1862부대,ZD00002,87.995,114603543,114779411,106431818,2024-06-20,10:30:00,개찰완료,100862430,88.009,2024-06-20,주식회사 성일시스템,오기철,서대원,122-86-28296,인천광역시 계양구 경명대로1017번길31(계산동)
LKT0061,1,24-217차 육성예산지원 침낭 제조납품,물품,총액계약,제한경쟁,적격심사제,Y,제1989부대,ZD00011,제1989부대,ZD00011,87.995,59279913,59411764,55090909,2024-06-20,10:30:00,개찰완료,52254882,88.149,2024-06-20,성도교역,최계영,최계영,110-15-69561,"서울특별시 서대문구 수색로138-0, 2층(북가좌동)"
MDG0159,1,24년 의무장비(소독기 저온 멸균형 중형(EO gas))구매,물품,총액계약,제한경쟁,적격심사제,Y,국군의무사령부,1290291,국군의무사령부,1290291,87.995,29222496,29204000,27090909,2024-06-20,11:00:00,개찰완료,25715140,87.997,2024-06-20,유한회사 창해,류제성,류제성,410-86-32912,광주광역시 광산구 풍영철길로15(콜롬버스월드 302호)
SCF0615,1,개스킷 등 10종 구매,물품,총액계약,제한경쟁,적격심사제,Y,해군군수사령부,ZD00289,해군군수사령부,ZD00289,87.995,4827848,4800000,5190070,2024-06-20,10:30:00,개찰완료,4248890,88.007,2024-06-20,에스제이상사,곽새롬,곽새롬,820-41-01177,"경상남도 김해시 관동로138, 1404동 301호(관동동, 죽림마을 동원로얄듀크아파트14단지)"
SCF0630,1,00함 No.1 FAS 램 텐션 축전기 외주정비,물품,총액계약,일반경쟁,적격심사제,Y,해군군수사령부,ZD00289,해군군수사령부,ZD00289,82.995,129616831,129000000,127011818,2024-06-20,10:30:00,개찰완료,108360000,83.6,2024-06-20,피엠에스,권차순,피서윤,310-12-66106,경상남도 김해시 상동면 상동로685번길142-44
SCF0618,1,(긴급)강철조각 1종,물품,총액계약,제한경쟁,적격심사제,Y,해군군수사령부,ZD00289,해군군수사령부,ZD00289,87.995,95663448,94607000,87727273,2024-06-20,10:30:00,개찰완료,86564500,90.488,2024-06-20,제일테크,김문길,김문길,182-37-00235,부산광역시 사하구 다대로613-0 (다대동) 자유마트 220호
SCF0622,1,LST-II 탄약승강기 외주정비,물품,총액계약,일반경쟁,적격심사제,Y,해군군수사령부,ZD00289,해군군수사령부,ZD00289,82.995,202058076,202000000,189230909,2024-06-20,10:30:00,개찰완료,170084000,84.175,2024-06-20,(주)대명엘리베이터,김동건,문지영,620-81-07392,"울산광역시 북구 활밤로 19(효문동, (주)대명엘레베이터)"
SCF0633,1,전투함(DDG  DDH-II) 화재감시장치 유지보수 정비,물품,총액계약,일반경쟁,적격심사제,Y,해군군수사령부,ZD00289,해군군수사령부,ZD00289,82.995,275442477,277000000,257289091,2024-06-20,10:30:00,개찰완료,230881400,83.822,2024-06-20,비아이산업주식회사,김영수,원종군,106-81-79236,부산광역시 강서구 공항로767번다길32 (대저2동)
SCF0631,1,24년 함정 Non-Skid 청락/도장 용역,용역,총액계약,일반경쟁,적격심사제,Y,해군군수사령부,ZD00289,해군군수사령부,ZD00289,87.995,5271083712,5270000000,5450292727,2024-06-20,10:30:00,개찰완료,4644224000,88.107,2024-06-20,조아해양산업(주),김위산,김위산,602-81-36491,부산광역시 수영구 수미로63번길6-0 (망미동) 401호
SCF0632,1,DDH-II 화재감시장치 정비,물품,총액계약,일반경쟁,적격심사제,Y,해군군수사령부,ZD00289,해군군수사령부,ZD00289,82.995,254442079,256000000,239420000,2024-06-20,10:30:00,개찰완료,213631736,83.96,2024-06-20,주식회사 플렛디스,권병헌,최연기,130-81-90137,경상남도 창원시 진해구 웅천서로41번길93(제덕동)
SCF0634,1,24년 함정 하우스 건현 청락/도장 용역,용역,총액계약,일반경쟁,적격심사제,Y,해군군수사령부,ZD00289,해군군수사령부,ZD00289,87.995,1122451928,1123000000,1041465455,2024-06-20,10:30:00,개찰완료,988581033,88.073,2024-06-20,주식회사 준서,이희목,이희목,839-87-02751,부산광역시 영도구 봉래나루로254-0 (봉래동4가)
SCF0625,1,(긴급)회로카드 조립체 1종,물품,총액계약,제한경쟁,적격심사제,Y,해군군수사령부,ZD00289,해군군수사령부,ZD00289,87.995,9622351,9607000,8909091,2024-06-20,10:30:00,개찰완료,8876800,92.251,2024-06-20,세종상사,노정래,노정래,609-08-56097,경상남도 창원시 진해구 여명로52 (여좌동)
SCF0624,1,함정 수밀개폐구 정비,물품,총액계약,일반경쟁,적격심사제,Y,해군군수사령부,ZD00289,해군군수사령부,ZD00289,82.995,969180678,966000000,1084374545,2024-06-20,10:30:00,개찰완료,819651000,84.571,2024-06-20,(주)포코엔지니어링,김귀동,정진호,602-81-27274,부산광역시 사하구 감천항로405번길21-0 (구평동)
SCF0620,1,육군경비정 디젤엔진(MTU 12V183) 총분해 정비,물품,총액계약,일반경쟁,적격심사제,Y,해군군수사령부,ZD00289,해군군수사령부,ZD00289,82.995,2551072938,2556000000,2507250909,2024-06-20,10:30:00,개찰완료,2187424800,85.745,2024-06-20,(주) 우리해양기술,윤석봉,김수연,606-86-10144,부산광역시 강서구 녹산산업북로249-0 (송정동)
SFC0074,1,24-덕-디지털전용지 등 42품목 구매,물품,총액계약,제한경쟁,적격심사제,Y,제9691부대,ZD00152,제9691부대,ZD00152,87.995,49701514,49969000,45426364,2024-06-20,10:30:00,개찰완료,43742690,88.01,2024-06-20,나경기획,유정훈,유정훈,788-10-00792,경기도 동두천시 동광로87-0 (생연동) 203호
SFH0087,1,24-B-물탱크 청소 용역,용역,총액계약,제한경쟁,적격심사제,Y,제9196부대,ZD00370,제9196부대,ZD00370,87.745,140818426,141003280,130748500,2024-06-20,10:30:00,개찰완료,123564540,87.747,2024-06-20,주식회사 명성종합환경,오세정,오세정,442-86-01487,"인천광역시 서구 심곡로8번길3-27, 104호 (심곡동)"
UMM0761,2,(246168-E) ’24년 스크린 도입사업(리스자산),물품,총액계약,제한경쟁,적격심사제,Y,국군재정관리단,ZD00303,국군재정관리단,ZD00303,87.995,148268583,149732000,144990909,2024-06-20,11:00:00,개찰완료,130844522,88.248,2024-06-20,진전에스엘,박용균,박용균,101-04-67073,"경기도 양주시 남면 검준2길79, (1동), 검준2길 81(3동)"
UMM0825,1,(24F161-A) 근무분야 민간위탁 용역(강원 강릉),용역,총액계약,일반경쟁,적격심사제,Y,국군재정관리단,ZD00303,국군재정관리단,ZD00303,77.995,1315965596,1313388320,1217869173,2024-06-20,11:00:00,개찰완료,1288000000,97.874,2024-06-20,공우이엔씨 주식회사,이한기,장동규,120-87-79739,"서울특별시 영등포구 여의대방로43라길6-0 (신길동, 신길프라자3층)"
UMM0824,1,(24F162-A) 근무분야 민간위탁 용역(강원 인제),용역,총액계약,일반경쟁,적격심사제,Y,국군재정관리단,ZD00303,국군재정관리단,ZD00303,77.995,1720098312,1720452140,1595328355,2024-06-20,11:00:00,개찰완료,1687000000,98.075,2024-06-20,공우이엔씨 주식회사,이한기,장동규,120-87-79739,"서울특별시 영등포구 여의대방로43라길6-0 (신길동, 신길프라자3층)"
UMM0770,1,24-N-고래-2호 등 7종 제조,물품,총액계약,제한경쟁,적격심사제,Y,국군재정관리단,ZD00303,국군재정관리단,ZD00303,87.995,142129211,141260000,130989109,2024-06-20,11:00:00,개찰완료,125160600,88.061,2024-06-20,창대기업,박영진,박영진,562-21-01119,경기도 광주시 초월읍 무갑길23번길51-20
UMM0801,1,24-M-정훈물자 구매,물품,총액계약,일반경쟁,적격심사제,Y,국군재정관리단,ZD00303,국군재정관리단,ZD00303,87.995,72282645,72630000,75193382,2024-06-20,11:00:00,개찰완료,63607650,87.998,2024-06-20,예림유통,김정옥,김정옥,413-04-94736,"경기도 수원시 장안구 상률로32 (율전동, 밤꽃마을뜨란채) 103-1504"
UMM0739,1,24-D-휴게실 편의장비 비품 구매,물품,총액계약,제한경쟁,적격심사제,Y,국군재정관리단,ZD00303,국군재정관리단,ZD00303,87.995,65396518,64970000,60248000,2024-06-20,11:00:00,개찰완료,57549105,88,2024-06-20,어뮤즈,권오준,권오준,804-56-00622,"충청북도 청주시 흥덕구 서현로66 (가경동, 청주 가경 IPARK) 101동 1601호"
UMM0830,1,(247222-E) 의무장비(수술등 천장식) 구매,물품,총액계약,제한경쟁,적격심사제,Y,국군재정관리단,ZD00303,국군재정관리단,ZD00303,87.995,50277920,50000000,52727273,2024-06-20,11:00:00,개찰완료,45900000,91.292,2024-06-20,주식회사 메디플링크,이상선,이상선,534-81-00690,"서울특별시 강남구 논현로8길12, 201-1 (개포동)"
UMM0828,1,(246246-C) 학교교실 장비도입(PC 등 제조),물품,총액계약,제한경쟁,적격심사제,Y,국군재정관리단,ZD00303,국군재정관리단,ZD00303,87.995,1249630241,1252352941,1161272727,2024-06-20,11:00:00,개찰완료,1100906400,88.098,2024-06-20,주식회사 트리엠,김동수,박현수,220-86-05262,"서울특별시 성동구 상원길19, 4층(성수동1가, 신한 IT TOWER)"
UMM0829,1,(246239-E) 육군 군기 7종 제조,물품,총액계약,제한경쟁,적격심사제,Y,국군재정관리단,ZD00303,국군재정관리단,ZD00303,87.995,57663246,57704700,53934545,2024-06-20,11:00:00,개찰완료,50742100,87.997,2024-06-20,유한회사 은가비,이은희,강석,895-81-01051,광주광역시 광산구 산음능동길115-28 (지산동)
UMM0826,1,(24F197-A)특수건강진단위탁용역(경상 전라),용역,총액계약,일반경쟁,적격심사제,Y,국군재정관리단,ZD00303,국군재정관리단,ZD00303,85.495,364833768,366112900,339486509,2024-06-20,11:00:00,개찰완료,313272402,85.867,2024-06-20,미래한국병원,임영국,배시온,312-91-53766,충청남도 아산시 번영로230번길13 (모종동)
UMM0831,1,(24F154-B) 24년 식기세척기 임차용역,용역,총액계약,제한경쟁,적격심사제,Y,국군재정관리단,ZD00303,국군재정관리단,ZD00303,87.745,102283776,102598030,95136364,2024-06-20,11:00:00,개찰완료,90090050,88.078,2024-06-20,에스지원,김성진,김성진,391-04-00374,"경기도 하남시 미사강변한강로135, 나동 0622호(망월동, 미사강변스카이폴리스)"
EBB0267,1,K-9 엔진부품류(구매),물품,총액계약,제한경쟁,적격심사제,Y,방위사업청,1690000,방위사업청,1690000,,39381196,39367000,0,2024-06-21,11:00:00,개찰완료,34666900,88.029,2024-06-21,오승산업,오세화,하종길,595-08-00125,부산광역시 사상구 학감대로252번길83 (주례동)
EBB0269,1,궤도장비 부품류(장갑차용),물품,총액계약,일반경쟁,적격심사제,Y,방위사업청,1690000,방위사업청,1690000,,1067066835,1060615000,0,2024-06-21,14:00:00,개찰완료,898556000,84.208,2024-06-21,주식회사덕인,장남인,임병성,141-81-50004,경상남도 양산시 유산공단3길33-0 (교동)
EBH0057,1,함정용 부력방탄판(대형)(울산급 Batch-Ⅲ 함수품),물품,단가계약,제한경쟁,최저가격제,N,방위사업청,1690000,방위사업청,1690000,,291437,293550,0,2024-06-21,13:00:00,개찰완료,199280,68.378,2024-06-21,카본헥사 주식회사,김준석,김준석,291-87-02264,전라남도 나주시 남평읍 풍림죽림길86-0
EBH0058,1,장갑판(방탄판(중)) 레벨Ⅳ,물품,단가계약,제한경쟁,최저가격제,N,방위사업청,1690000,방위사업청,1690000,,278714,276450,0,2024-06-21,13:00:00,개찰완료,189850,68.116,2024-06-21,카본헥사 주식회사,김준석,김준석,291-87-02264,전라남도 나주시 남평읍 풍림죽림길86-0
LKM0035,1,24~25년 렌탈프린터 임차 용역,용역,총액계약,제한경쟁,적격심사제,Y,제2632부대,ZD00060,제2632부대,ZD00060,87.745,119700982,120679900,109709000,2024-06-21,11:00:00,개찰완료,105467016,88.108,2024-06-24,수OA,조성진,조성진,254-13-00214,전라북도 군산시 구영6길133-4 (영화동)
LNG0040,1,오수처리시설공사 설계용역(24-경기북부-오수-1공구),용역,총액계약,2단계경쟁(동시),최저가격제,N,육군 제1군단,ZD00275,육군 제1군단,ZD00275,0,20467892,20479411,18990000,2024-06-21,10:00:00,개찰완료,0,0,2024-06-21,열린환경기술 주식회사,김완중,김완중,305-86-24385,대전광역시 대덕구 덕암로222 (덕암동) 7
LPF0053,1,재)24-27년 신병교육대대 병영식당 민간위탁 이동급식,용역,총액계약,협상에의한계약(전자),협상,N,제5067부대,ZD00019,제5067부대,ZD00019,0,9855000000,9855000000,8959090909,2024-06-21,10:00:00,개찰완료,9855000000,100,2024-06-25,주식회사 푸드윈,김봉환,이승연,123-86-37712,"경기도 군포시 공단로149-0 (당동, 아이밸리 군포)"
SFG0060,1,24-K-해상기상관측부이 유지보수 용역,용역,총액계약,2단계경쟁(동시),최저가격제,N,제9181부대,ZD00151,제9181부대,ZD00151,0,374318863,372082660,345022109,2024-06-21,10:30:00,개찰완료,318799429,85.167,2024-07-02,주식회사 씨텍,장필순,백상훈,605-86-12417,부산광역시 사상구 모라로22-0 (모라동) 부산벤처타워 1509호
UAB0037,1,휴양시설  기숙사 민·관·군 개발운영 연구용역 ,용역,총액계약,2단계경쟁(동시),최저가격제,N,국군복지단,ZD00882,국군복지단,ZD00882,0,58424482,58823520,54545455,2024-06-21,15:00:00,개찰완료,38677000,66.199,2024-06-24,주식회사 플랜에이디벨롭먼트,서은진,서은주,534-86-02636,"서울특별시 영등포구 국제금융로8길25, 6층 607호 (여의도동, 주택건설회관)"
UMM0813,1,24-F-절곡기  유압식 구매,물품,총액계약,제한경쟁,적격심사제,Y,국군재정관리단,ZD00303,국군재정관리단,ZD00303,87.995,129255049,129410000,120000000,2024-06-21,11:00:00,개찰완료,113738021,87.995,2024-06-21,지엘(GL)몰,박두원,박두원,230-01-35714,서울특별시 관악구 법원단지길65 (신림동) B03호
UMM0820,1,(246255-C) 외상처치 시뮬레이션 킷 등 5종 구매,물품,총액계약,제한경쟁,적격심사제,Y,국군재정관리단,ZD00303,국군재정관리단,ZD00303,87.995,95077087,95850196,88879273,2024-06-21,11:00:00,개찰완료,83663730,87.995,2024-06-21,정투유통,정주영,정주영,804-48-00914,충청남도 아산시 삼동로40 (모종동)3층 301-37호
UMM0821,1,(246266-C) 마이크로필름 촬영기 등 3종 구매,물품,총액계약,제한경쟁,적격심사제,Y,국군재정관리단,ZD00303,국군재정관리단,ZD00303,87.995,208039294,206735294,191700000,2024-06-21,11:00:00,개찰완료,202400000,97.289,2024-06-21,주식회사 산돌비엠티,윤종수,김은아,105-87-58128,"서울특별시 마포구 양화로3길 82, 국민빌딩 2층(합정동 426-21 국민빌딩 2층)"
UMM0819,1,(247238-D)병원전 외상소생술 전신 마네킨 구매,물품,총액계약,제한경쟁,적격심사제,Y,국군재정관리단,ZD00303,국군재정관리단,ZD00303,87.995,146692532,145588235,135000000,2024-06-21,11:00:00,개찰완료,129094805,88.003,2024-06-21,주식회사 현백,김경백,김경백,606-86-31979,부산광역시 강서구 낙동북로43번길38-16(강동동)
UMM0811,1,24-F-주파수 측정세트 구매 (249046-F),물품,총액계약,일반경쟁,적격심사제,Y,국군재정관리단,ZD00303,국군재정관리단,ZD00303,82.995,305811434,307350000,285000000,2024-06-21,11:00:00,개찰완료,253809000,82.995,2024-06-21,정엔터프라이즈,이지효,이지효,121-18-72790,인천광역시 동구 화수동104-3 1층
DSS0029,2,노트북 구매,물품,총액계약,제한경쟁,적격심사제,Y,국군제1068부대,ZD01123,국군제1068부대,ZD01123,87.995,76733275,77000000,70070000,2024-06-24,10:30:00,개찰완료,67566501,88.053,2024-06-24,유니버스,김선민,김대원,726-24-01261,경기도 용인시 처인구 금학로403-0 (김량장동)
DSS0032,1,PC 1 200대 구매(리스물건),물품,총액계약,제한경쟁,적격심사제,Y,국군제1068부대,ZD01123,국군제1068부대,ZD01123,87.995,898216303,897600000,872727273,2024-06-24,10:30:00,개찰완료,792792000,88.262,2024-06-24,(주)다컴시스템,황준호,김윤승,107-87-91986,"경기도 안양시 동안구 엘에스로91번길34-0 (호계동 , (주)다나와빌딩 )"
HCQ0038,2,24-124 멀티-엔진세척장비 등 1종,물품,총액계약,제한경쟁,적격심사제,Y,공군제5공중기동비행단,ZD00193,공군제5공중기동비행단,ZD00193,87.995,122923560,123761650,114760809,2024-06-24,11:00:00,개찰완료,109269000,88.891,2024-06-25,지비아이 코리아 (GBI KOREA),박동철,표혜진,503-22-99566,"부산광역시 해운대구 센텀중앙로97-0 (재송동), 센텀스카이비즈 606호"
LDH0575,1,K9자주포케이블조립체및스위치구매,물품,총액계약,제한경쟁,적격심사제,Y,제2879부대,ZD00347,제2879부대,ZD00347,87.995,5572754,5582000,5176800,2024-06-24,13:00:00,개찰완료,4931520,88.493,2024-06-24,주식회사 씨앤티솔루션,김양훈,김양훈,609-81-98106,경상남도 창원시 의창구 차룡단지로19(팔용동)
UMM0822,1,24-F-연료탱크 등 2종 제조,물품,총액계약,제한경쟁,적격심사제,Y,국군재정관리단,ZD00303,국군재정관리단,ZD00303,87.995,113721891,114060000,105767891,2024-06-24,11:00:00,개찰완료,100266800,88.168,2024-06-24,부성,이승현,이승현,613-31-91581,경상남도 함안군 칠원읍 용산5길101-0
UMM0816,1,24-N-유도가열기 구매,물품,총액계약,제한경쟁,적격심사제,Y,국군재정관리단,ZD00303,국군재정관리단,ZD00303,87.995,96381495,95680000,88727273,2024-06-24,11:00:00,개찰완료,94999990,98.566,2024-06-24,(주)비아이엔씨,김여기,김여기,214-88-83817,서울특별시 서초구 양재동언남 18길3 (양재동  2층)
UMM0778,1,24-N-탐조등 19인치 제조 (248122-F),물품,총액계약,일반경쟁,적격심사제,Y,국군재정관리단,ZD00303,국군재정관리단,ZD00303,82.995,551747422,551350000,511254545,2024-06-24,11:00:00,개찰완료,545828800,98.927,2024-06-24,대양전기공업(주),서영우,조대국,603-81-09788,부산광역시 사하구 장평로 245()
EBB0272,1,24년 광학장비부품류(지명),물품,총액계약,지명경쟁,적격심사제,Y,방위사업청,1690000,방위사업청,1690000,,61046346,61541000,0,2024-06-25,14:30:00,개찰완료,56492000,92.539,2024-06-25,(주)우경광학,류재복,ZHENG SHUNHUA,134-86-92369,경기도 안산시 단원구 해봉로334-0 (신길동)
EBB0273,1,자주포 일반부품류,물품,총액계약,일반경쟁,적격심사제,Y,방위사업청,1690000,방위사업청,1690000,,4815465295,4810261000,0,2024-06-25,11:00:00,개찰완료,4078221000,84.69,2024-06-25,주식회사덕인,장남인,임병성,141-81-50004,경상남도 양산시 유산공단3길33-0 (교동)
EBB0271,1,24년 120밀리 적재모의훈련탄,물품,총액계약,일반경쟁,적격심사제,Y,방위사업청,1690000,방위사업청,1690000,,286088850,286473000,0,2024-06-25,14:30:00,개찰완료,245470540,85.802,2024-06-25,에이테크솔루션(주),유영목,홍영기,135-81-48139,경기도 화성시 정남면 가장로 277()
EBB0206,3,24년 축전식 전지(밀폐형),물품,총액계약,일반경쟁,적격심사제,Y,방위사업청,1690000,방위사업청,1690000,,5412995440,5413360000,0,2024-06-25,11:00:00,개찰완료,4650162000,85.907,2024-06-25,한국전지공업(협),조남준,고광규,214-82-00925,"서울특별시 강남구 도곡로3길 25, 삼성애니텔 901호(역삼동)"
HCM0051,1,24-06-198 총상 모형 박스 등 4품목 구매,물품,총액계약,제한경쟁,적격심사제,Y,공군교육사령부,ZD00172,공군교육사령부,ZD00172,87.995,50036808,50000000,46363636,2024-06-25,10:30:00,개찰완료,44030850,87.996,2024-06-25,필라델피아사이언티픽 솔루션,이준호,이준호,168-06-01670,강원특별자치도 횡성군 안흥면 서동로상안2길112
HDP0026,1,23-F-정비고 개보수 증축 통합배선 설치 용역,용역,총액계약,일반경쟁,적격심사제,Y,공군제19전투비행단,ZD00189,공군제19전투비행단,ZD00189,87.995,168636071,168180000,152890909,2024-06-25,11:00:00,개찰완료,148398440,87.999,2024-06-25,주식회사 나래넷츠,이용수,이용수,728-86-00795,"경기도 부천시 석천로345, 304동 701호 (삼정동, 부천테크노파크)"
LCF0340,2,105밀리 방청심지 제거 캡 세트 1항목 제조(궤도016),물품,총액계약,제한경쟁,적격심사제,Y,육군군수사령부,1290307,육군군수사령부,1290307,87.995,45881185,45980000,42520000,2024-06-25,11:30:00,개찰완료,40410442,88.076,2024-06-25,(주)대일정공,최우연,박건국,307-88-00030,경상남도 김해시 진례면 서부로436번길37-28
LCF0391,2,베어링 슬리브형 등 77항목 구매(총포),물품,총액계약,제한경쟁,적격심사제,Y,육군군수사령부,1290307,육군군수사령부,1290307,87.995,175347841,176094108,160085553,2024-06-25,10:30:00,개찰완료,154763828,88.261,2024-06-25,(주)대일정공,최우연,박건국,307-88-00030,경상남도 김해시 진례면 서부로436번길37-28
LCF0392,1,패널 전기-전자장비용 등 22항목 제조(특무),물품,총액계약,제한경쟁,적격심사제,Y,육군군수사령부,1290307,육군군수사령부,1290307,87.995,34793337,34792560,31629600,2024-06-25,10:30:00,개찰완료,30767910,88.43,2024-06-25,동창원산업(주),정창,문혜영,553-81-01007,경상남도 의령군 용덕면 의합대로123-7
LCF0394,1,스위치 및 전선 조립체 등 14항목 구매(특무),물품,총액계약,제한경쟁,적격심사제,Y,육군군수사령부,1290307,육군군수사령부,1290307,87.995,98246414,98915260,89922964,2024-06-25,10:30:00,개찰완료,87181227,88.737,2024-06-25,주식회사 엔아이티,전규성,전규성,666-88-02830,"경상북도 김천시 혁신로288-5, 303호(율곡동, 스네일파크)"
LDC0013,3,손망실 마일즈장비 제조납품,물품,총액계약,일반경쟁,적격심사제,Y,육군과학화전투훈련단,ZD00561,육군과학화전투훈련단,ZD00561,82.995,215454109,215340196,199703636,2024-06-25,10:30:00,개찰완료,182393200,84.655,2024-06-25,(주)네스랩,이재호,홍성혜,305-81-55132,대전광역시 유성구 테크노2로 194()
LDH0578,1,K1전차 클램프 등 2종 구매,물품,총액계약,제한경쟁,적격심사제,Y,제2879부대,ZD00347,제2879부대,ZD00347,87.995,1821618,1825000,1692286,2024-06-25,13:00:00,개찰완료,1612200,88.503,2024-06-25,선우테크,권은향,권은향,882-31-01098,"경상남도 창원시 의창구 반계로104-21 (팔용동, 벽산블루밍아파트B단지)103동701호"
LGN0009,1,24~27년 얼음정수기 임차 용역,용역,총액계약,제한경쟁,적격심사제,Y,제5925부대,ZD00253,제5925부대,ZD00253,87.745,123952874,124200000,112909091,2024-06-25,10:30:00,개찰완료,108770050,87.751,2024-06-26,해오름컴퍼니,이필기,이필기,812-01-01393,"서울특별시 마포구 신촌로196, 4층(염리동)"
LHK0043,1,24년 예비전력예산(동원훈련장 자산취득비)2층침대,물품,총액계약,일반경쟁,적격심사제,Y,제2군단,ZD00407,제2군단,ZD00407,87.995,120016753,119790000,108900000,2024-06-25,10:30:00,개찰완료,105654000,88.032,2024-06-25,주식회사 메이드스틸,이정원,김주영,633-86-01875,경기도 파주시 법원읍 법원2산단1로11
LKT0062,1,24-220차 육성예산지원 개인천막 제조납품,물품,총액계약,제한경쟁,적격심사제,Y,제1989부대,ZD00011,제1989부대,ZD00011,87.995,47629065,47794117,44318182,2024-06-25,10:30:00,개찰완료,47158000,99.01,2024-06-25,주식회사 해피코리아,곽양근,황상원,610-86-14848,울산광역시 울주군 온양읍 화산발리로627-0
LMU0032,1,24-015 24-1차 일반폐기물 위탁처리 용역,용역,총액계약,제한경쟁,적격심사제,Y,6112부대,ZD01187,6112부대,ZD01187,84.245,37267218,37240000,34545455,2024-06-25,10:30:00,개찰완료,31490500,84.499,2024-06-25,주식회사 대영산업개발,최대성,최대성,129-86-92450,경기도 화성시 서신면 해운로458번길2-0
LQP0029,1,24년 스테레오 위성영상 구매,물품,총액계약,일반경쟁,적격심사제,Y,제1891부대,ZD00803,제1891부대,ZD00803,82.995,491405541,495000000,454545455,2024-06-25,10:30:00,개찰완료,409161000,83.263,2024-06-25,(주)에스아이아이에스,김문규,이민영,318-81-00249,"대전광역시 유성구 과학로169-84, 132호 (어은동, 한국항공우주연구원 국가위성정보활용지원센터)"
MCD0028,2,국방과학기술 전문인력 소요분석 연구,용역,총액계약,협상에의한계약(전자),협상,N,국방부(운영지원과),1290000,국방부(운영지원과),1290000,,49700000,,45181818,2024-06-25,11:00:00,개찰완료,46200000,92.957,2024-07-09,사단법인 안보경영연구원,전건욱,조대현,120-82-07415,"서울특별시 강남구 언주로527, 10층 (역삼동)"
SCF0646,1,인입식 비트 A형 4EA 구매,물품,총액계약,일반경쟁,적격심사제,Y,해군군수사령부,ZD00289,해군군수사령부,ZD00289,82.995,258331880,258000000,240000000,2024-06-25,10:30:00,개찰완료,214405000,82.995,2024-06-25,주식회사 수연티앤씨,김세영,김세영,591-81-00427,"서울특별시 성북구 성북로4길52-0 (돈암동, 한진아파트) 210-404"
SCF0650,1,연결봉  피스톤용 등 23종 구매,물품,총액계약,제한경쟁,적격심사제,Y,해군군수사령부,ZD00289,해군군수사령부,ZD00289,87.995,140794845,140000000,133498000,2024-06-25,10:30:00,개찰완료,123893000,87.995,2024-06-25,전고스토어,오인자,오인자,822-21-01141,전북특별자치도 전주시 완산구 견훤왕궁로59-1 (중노송동)
SCF0640,1,잠수사 리콜 1종 구매,물품,총액계약,제한경쟁,적격심사제,Y,해군군수사령부,ZD00289,해군군수사령부,ZD00289,87.995,41362670,41000000,38181818,2024-06-25,10:30:00,개찰완료,36397240,87.995,2024-06-25,탑클라우드유통,박지은,박지은,829-14-01974,"서울특별시 은평구 서오릉로267, 801호(구산동, 세영아파트)"
SCF0639,1,RF필터 3품목 구매,물품,총액계약,일반경쟁,적격심사제,Y,해군군수사령부,ZD00289,해군군수사령부,ZD00289,82.995,629244316,629000000,584100000,2024-06-25,10:30:00,개찰완료,528673000,84.017,2024-06-25,주식회사 아이스펙,한순갑,조용준,609-81-71015,경상남도 창원시 의창구 팔용로371번길8-0 (팔용동)
SCF0638,1,(긴급) 밸브  글로브형 등 4종,물품,총액계약,제한경쟁,적격심사제,Y,해군군수사령부,ZD00289,해군군수사령부,ZD00289,87.995,32950291,32808000,33894000,2024-06-25,10:30:00,개찰완료,28994660,87.995,2024-06-25,명정산업,김송림,김송림,610-48-01040,경기도 하남시 감일중앙로20-0 103동 204호
SCF0654,1,해군 탄약 항온항습기 유지보수 정비,물품,총액계약,일반경쟁,적격심사제,Y,해군군수사령부,ZD00289,해군군수사령부,ZD00289,82.995,431376546,434000000,466889809,2024-06-25,10:30:00,개찰완료,360197580,83.499,2024-06-25,주식회사 동흥하이랙,김하일,최선경,211-81-50171,"서울특별시 금천구 벚꽃로 254, 월드메르디앙 벤처센터 709호(가산동 60-24)"
SCF0656,1,고속단정 선체 외주정비,물품,총액계약,일반경쟁,적격심사제,Y,해군군수사령부,ZD00289,해군군수사령부,ZD00289,82.995,323360552,321000000,311612727,2024-06-25,10:30:00,개찰완료,284000000,87.827,2024-06-25,주식회사 반도마린,김종백,김종백,137-86-52600,부산광역시 강서구 미음산단로327 (미음동)
SCF0635,1,(긴급) 송풍기  날개 축방향형 1종,물품,총액계약,제한경쟁,적격심사제,Y,해군군수사령부,ZD00289,해군군수사령부,ZD00289,87.995,8065630,8039000,7454545,2024-06-25,10:30:00,개찰완료,7154710,88.706,2024-06-25,대한냉동,서원하,서원하,609-18-61115,경상남도 창원시 진해구 충장로 291()
SCF0636,1,(긴급) 펌프  회전식 등 3종,물품,총액계약,제한경쟁,적격심사제,Y,해군군수사령부,ZD00289,해군군수사령부,ZD00289,87.995,11678917,11633000,10787273,2024-06-25,10:30:00,개찰완료,10295205,88.152,2024-06-25,국제전기,김승민,김승민,605-45-60328,부산광역시 강서구 유통단지1로41-0 (대저2동)126동120호
SCF0648,1,함정 조명계통(LED) 교체 용역,용역,총액계약,일반경쟁,적격심사제,Y,해군군수사령부,ZD00289,해군군수사령부,ZD00289,85.495,360464864,360000000,334389091,2024-06-25,10:30:00,개찰완료,308886200,85.691,2024-06-25,주식회사 지엔이피에스,이창호,김민경,493-88-00118,"전라남도 장성군 남면 나노산단2로106, 비동"
SCF0649,1,함정 취사장/승조원 식당 리모델링 정비,물품,총액계약,일반경쟁,적격심사제,Y,해군군수사령부,ZD00289,해군군수사령부,ZD00289,82.995,1682892294,1684000000,1562200909,2024-06-25,10:30:00,개찰완료,1404040000,83.43,2024-06-25,주식회사종합해사,최진익,백승열,601-81-08293,부산광역시 영도구 남항남로22-0 (남항동3가)
SCF0655,1,OO함 해상보급장치 NO.1  2 RAS 외주정비,물품,총액계약,일반경쟁,적격심사제,Y,해군군수사령부,ZD00289,해군군수사령부,ZD00289,82.995,414337190,413000000,383429091,2024-06-25,10:30:00,개찰완료,347456900,83.858,2024-06-25,피엠에스,권차순,피서윤,310-12-66106,경상남도 김해시 상동면 상동로685번길142-44
SCK0076,1,원심분리기(소형) 1대 구매 설치,물품,총액계약,일반경쟁,적격심사제,Y,해군교육사령부,1290330,해군교육사령부,1290330,87.995,6471078,6470000,6000000,2024-06-25,10:30:00,개찰완료,5695170,88.009,2024-06-25,유한회사 정석,정안나,정안나,764-86-02386,"전라남도 목포시 영산로93-1, 3층 321호(명륜동, 전남빌딩)"
SCQ0064,1,24-평 00숙소 유선TV방송 및 인터넷 설치 관리 용역,용역,총액계약,제한경쟁,적격심사제,Y,제9911부대,1290334,제9911부대,1290334,85.495,491880361,497363000,461376000,2024-06-25,10:30:00,개찰완료,425326802,86.469,2024-06-25,에스케이브로드밴드 주식회사,박진효,이창환,214-86-18758,서울특별시 중구 퇴계로 24()
SFC0075,1,24-덕-상용정보통신장비 보관함 등 5품목 구매,물품,총액계약,제한경쟁,적격심사제,Y,제9691부대,ZD00152,제9691부대,ZD00152,87.995,18367543,18379900,16709000,2024-06-25,10:30:00,개찰완료,16162557,87.995,2024-06-25,하나유통,김양래,김양래,258-60-00258,"제주특별자치도 제주시 오도9길94-0 (노형동, 노형아뜨리에3차)B동B01호"
UAC0025,1,2024년 2-2차 CTP판출력기 구매,물품,총액계약,일반경쟁,적격심사제,Y,국방출판지원단,ZD00908,국방출판지원단,ZD00908,82.995,336534072,339570000,315000000,2024-06-25,11:00:00,개찰완료,279559452,83.07,2024-06-25,주식회사 에스앤피,김유미,김유미,569-81-02113,"경기도 안산시 상록구 샘골로136, 2층 204호-166 (본오동)"
UMM0837,1,24-N-전자저울 구매,물품,총액계약,제한경쟁,적격심사제,Y,국군재정관리단,ZD00303,국군재정관리단,ZD00303,87.995,69270831,68620000,63636364,2024-06-25,11:00:00,개찰완료,60958330,87.999,2024-06-25,범진아크릴,신범식,신진호,104-06-17692,서울특별시 중구 마른내로57-0 (인현동1가) 1층
UMM0847,1,(24F201-A) 식자재 민간위탁배송 용역,용역,총액계약,일반경쟁,적격심사제,Y,국군재정관리단,ZD00303,국군재정관리단,ZD00303,85.495,368885319,371791490,351263573,2024-06-25,11:00:00,개찰완료,368135870,99.796,2024-06-25,(주)산양미트,이청우,심성보,224-81-26546,강원도 원주시 소초면 송황유사길 23()
UMM0848,1,(247227-E) 총상모형 등 18품목 구매,물품,총액계약,제한경쟁,적격심사제,Y,국군재정관리단,ZD00303,국군재정관리단,ZD00303,87.995,213972944,212539210,197081818,2024-06-25,11:00:00,개찰완료,188348537,88.024,2024-06-25,(유)목양,임정숙,곽은혜,314-81-26325,충청남도 논산시 연무읍 연무로 320()
UMM0834,1,(247262-C) 병리장비운영소모품(2) 47품목 구매,물품,총액계약,제한경쟁,적격심사제,Y,국군재정관리단,ZD00303,국군재정관리단,ZD00303,87.995,66635996,66562823,61721891,2024-06-25,11:00:00,개찰완료,65231500,97.892,2024-06-25,주식회사 한스피엠아이,한경아,한경아,123-86-08935,경기도 군포시 고산로151번길28-0 (당정동) 403호
UMM0832,1,24-F-정전류조정기 등 8종 구매,물품,총액계약,제한경쟁,적격심사제,Y,국군재정관리단,ZD00303,국군재정관리단,ZD00303,87.995,107531275,107900000,100053500,2024-06-25,11:00:00,개찰완료,94622560,87.995,2024-06-25,찬호상사,윤점숙,윤점숙,187-77-00099,"경기도 하남시 미사강변동로177-0 (망월동, 미사강변도시12단지) 1205-2505"
UMM0846,1,(246260-E) 무공훈장 부상(기념 메달) 제조,물품,총액계약,제한경쟁,적격심사제,Y,국군재정관리단,ZD00303,국군재정관리단,ZD00303,87.995,191997644,191176470,177272727,2024-06-25,11:00:00,개찰완료,168952500,87.997,2024-06-25,주식회사 중앙플러스,유설,유설,714-81-03255,경기도 남양주시 진접읍 경복대로바람골길65-0
UMM0794,1,24-F-군사경찰 방탄복 제조,물품,총액계약,제한경쟁,적격심사제,Y,국군재정관리단,ZD00303,국군재정관리단,ZD00303,87.995,60794867,60820000,56400000,2024-06-25,11:00:00,개찰완료,53519775,88.033,2024-06-25,모아패션&정경아드레스,정경아,정경아,268-29-01343,서울특별시 금천구 시흥대로61길30 (시흥동)
UMM0849,1,(246223-F)재난구조장비 구매,물품,총액계약,일반경쟁,적격심사제,Y,국군재정관리단,ZD00303,국군재정관리단,ZD00303,82.995,307750283,308765680,286310000,2024-06-25,11:00:00,개찰완료,255419540,82.995,2024-06-25,신화비엠씨(주),임춘심,홍숭원,122-81-93846,"인천광역시 남동구 서창남순환로6, 401호 (서창동, 신화빌딩)"
UMM0823,1,(24G025-H)출입통제체계 유지보수 용역,용역,총액계약,제한경쟁,적격심사제,Y,국군재정관리단,ZD00303,국군재정관리단,ZD00303,87.745,161225104,161900000,167181818,2024-06-25,11:00:00,개찰완료,141471599,87.747,2024-06-25,주식회사 반석시스템,김욱진,김욱진,850-86-03240,"광주광역시 광산구 하남산단6번로57, 에이동512호 (오선동,케이비아이지식산업센터)"
UMM0835,1,24-N-덕트 청소용역,용역,총액계약,제한경쟁,적격심사제,Y,국군재정관리단,ZD00303,국군재정관리단,ZD00303,87.995,85416051,85410000,79200000,2024-06-25,11:00:00,개찰완료,75163030,87.996,2024-06-25,주식회사 성은종합환경,최영란,최영란,295-86-00674,경기도 수원시 영통구 신원로55 (신동) 테크트리 영통 지식산업센터 612호
UMM0836,1,24-M-전시자원소요산정모델 장비 교체,물품,총액계약,제한경쟁,적격심사제,Y,국군재정관리단,ZD00303,국군재정관리단,ZD00303,87.995,106692686,106860000,99090909,2024-06-25,11:00:00,개찰완료,93896065,88.006,2024-06-25,비키,김민지,김민지,166-49-01007,"경상남도 사천시 정동면 여옥길36, 106동 803호(송보파인빌아파트)"
EBB0277,1,2024 인체제독용물자세트 수리부속(제조),물품,총액계약,일반경쟁,적격심사제,Y,방위사업청,1690000,방위사업청,1690000,,1205439938,1202962000,0,2024-06-26,11:00:00,개찰완료,1042727400,86.501,2024-06-26,이엔테크 주식회사,백동석,백동석,130-81-71386,"경기도 부천시 오정구 신흥로511번길13-42, 601호(오정동, 오정물류단지 4-2-2)"
EBB0278,1,2024 인체제독용물자세트 수리부속(구매),물품,총액계약,일반경쟁,적격심사제,Y,방위사업청,1690000,방위사업청,1690000,,350884685,350586000,0,2024-06-26,11:00:00,개찰완료,299999000,85.497,2024-06-26,주식회사 비츠로,선동호,선동호,597-87-01289,광주광역시 광산구 하남산단9번로195-11 (도천동)
LCF0403,1,뚜껑 주입구용 등 26항목 제조(궤도-003),물품,총액계약,제한경쟁,적격심사제,Y,육군군수사령부,1290307,육군군수사령부,1290307,87.995,25306859,25450963,23137239,2024-06-26,11:30:00,개찰완료,22353473,88.329,2024-06-26,동창원산업(주),정창,문혜영,553-81-01007,경상남도 의령군 용덕면 의합대로123-7
LCG0049,1,[24-육-128] 예비전력발전세미나 주제 연구(Ⅰ),용역,총액계약,협상에의한계약(전자),협상,N,육군본부,1290298,육군본부,1290298,0,30058602,30000000,27272727,2024-06-26,13:00:00,개찰완료,29096400,96.798,2024-07-15,육군3사관학교 산학협력단,손창호,강민식,799-82-00275,경상북도 영천시 고경면 호국로495-0
LCH0046,1,함정장비 수리부속 구매(특-24-물-41),물품,총액계약,일반경쟁,적격심사제,Y,특수전사령부,ZD00055,특수전사령부,ZD00055,87.995,43137259,42939000,39035455,2024-06-26,10:30:00,개찰완료,37959500,87.997,2024-06-26,주식회사 우영물산,박미순,박미순,597-81-00217,부산광역시 강서구 미음산단로139번길9 (구랑동) 202호
LDC0014,2,교전훈련장비 수리부속 구매(24-12차),물품,총액계약,일반경쟁,적격심사제,Y,육군과학화전투훈련단,ZD00561,육군과학화전투훈련단,ZD00561,82.995,399675759,401343333,372154727,2024-06-26,10:30:00,개찰완료,331725880,82.998,2024-06-26,태양이엔지 주식회사,박준희,박준희,615-81-68228,경상남도 밀양시 중앙로 129()
LGM0025,1,(24-대보수-17) 간접가열보일러 제조설치 납품,물품,총액계약,제한경쟁,적격심사제,Y,제11기동사단,ZD00411,제11기동사단,ZD00411,87.995,136919467,136808000,126909091,2024-06-26,11:00:00,개찰완료,120660000,88.124,2024-06-26,주식회사 동광보일러,박정연,황현진,140-81-21883,충청남도 아산시 수장로67-0 (배미동)
LHR0032,2,24~27년 가스식 식기세척기 임차용역,용역,총액계약,제한경쟁,적격심사제,Y,제5019부대,ZD00102,제5019부대,ZD00102,87.745,65141002,64800000,58909091,2024-06-26,10:30:00,개찰완료,57159950,87.748,2024-06-26,에스지원,김성진,오수경,391-04-00374,"경기도 하남시 미사강변한강로135, 나동 0622호(망월동, 미사강변스카이폴리스)"
LHR0033,2,24~27년 전기식 식기세척기 임차용역,용역,총액계약,제한경쟁,적격심사제,Y,제5019부대,ZD00102,제5019부대,ZD00102,87.745,86225808,86400000,78545455,2024-06-26,10:30:00,개찰완료,75951209,88.084,2024-06-26,에이포하우스 주식회사,김홍민,김은미,883-87-01778,서울특별시 성동구 성수일로77-0 (성수동1가) 서울숲IT밸리 15층 1509호
LQG0055,1,00부대 사무자동화 비품(책상 등) 제조 납품,물품,총액계약,제한경쟁,적격심사제,Y,육군 52보병사단,ZD00273,육군 52보병사단,ZD00273,87.995,92504032,92699500,84508636,2024-06-26,10:30:00,개찰완료,81439900,88.039,2024-06-26,사회적협동조합 대광,허만종,허만종,430-82-00250,경상북도 상주시 함창읍 영동길9-32
MCM0011,1,조사분석 라이선스 구매,물품,총액계약,제한경쟁,적격심사제,Y,4284부대,ZD00924,4284부대,ZD00924,82.995,288029397,286730000,260663636,2024-06-26,10:30:00,개찰완료,281570300,97.757,2024-06-26,주식회사  인섹시큐리티,김종광,정명화,119-86-48961,"서울특별시 금천구 가산디지털1로19, 406호, 407호, 408호, 409호(가산동,대륭테크노타운18차)"
MCM0012,1,사이버 교육용 라이선스 구매,물품,총액계약,제한경쟁,적격심사제,Y,4284부대,ZD00924,4284부대,ZD00924,87.995,30192057,30338000,29081818,2024-06-26,10:30:00,개찰완료,27230000,90.189,2024-06-26,에이치제이엘,이호준,이호준,566-04-02511,서울특별시 영등포구 의사당대로38 (여의도동) 101동 412호
SCF0657,1,P-3 엔진시험기 유지보수 정비,물품,총액계약,일반경쟁,적격심사제,Y,해군군수사령부,ZD00289,해군군수사령부,ZD00289,82.995,122015511,122000000,115860909,2024-06-26,10:30:00,개찰완료,104435000,85.591,2024-06-26,주식회사 이알시스템,이창우,이창우,530-81-00121,충청북도 청주시 청원구 내수읍 은곡길72-55
SCF0658,1,항공교통관제 시뮬레이터 유지보수 용역,용역,총액계약,일반경쟁,적격심사제,Y,해군군수사령부,ZD00289,해군군수사령부,ZD00289,87.745,132813993,133000000,123481818,2024-06-26,10:30:00,개찰완료,116552110,87.755,2024-06-26,셀코정보기술 주식회사,임윤정,임윤정,109-86-51964,서울특별시 도봉구 도봉로169나길78(도봉동)
SCF0660,1,(긴급)회전자 엔진 포핏밸브용 등 4종,물품,총액계약,제한경쟁,적격심사제,Y,해군군수사령부,ZD00289,해군군수사령부,ZD00289,87.995,21330637,21523000,20389091,2024-06-26,10:30:00,개찰완료,18770440,87.997,2024-06-26,일맥상사,김정은,김정은,313-15-02422,"경기도 성남시 분당구 미금로23, 104-904"
SCF0659,1,(긴급)와이어 로프 조립체 세트 등 62종,물품,총액계약,제한경쟁,적격심사제,Y,해군군수사령부,ZD00289,해군군수사령부,ZD00289,87.995,33532471,33365000,31022927,2024-06-26,10:30:00,개찰완료,29509090,88.001,2024-06-26,백제기업,백진영,백진영,180-12-01064,"충청남도 천안시 동남구 청수로99-0 102동 1203호 (청수동,극동아파트)"
UAC0024,1,24년 전반기 옵셋인쇄기 롤러피복교체 외주정비 용역,용역,총액계약,제한경쟁,적격심사제,Y,국방출판지원단,ZD00908,국방출판지원단,ZD00908,87.745,13585694,13583350,12839091,2024-06-26,11:00:00,개찰완료,11985000,88.217,2024-06-26,주식회사 금성테크롤,전형갑,전형갑,206-81-93052,경기도 광주시 도척면 다람로36번길31-8
UMM0771,1,24-N-주야간 전선 관측장비 제조(248106-F),물품,총액계약,제한경쟁,적격심사제,Y,국군재정관리단,ZD00303,국군재정관리단,ZD00303,87.995,725365671,732160000,678915000,2024-06-26,11:00:00,개찰완료,641546155,88.444,2024-06-26,주식회사 삼신씨엔에스,정명호,김아리,140-81-34995,경기도 시흥시 금화로332번길13-22 (산현동)
UMM0833,1,24-N-철근탐지기 2대 구매,물품,총액계약,제한경쟁,적격심사제,Y,국군재정관리단,ZD00303,국군재정관리단,ZD00303,87.995,58098409,58820000,54545455,2024-06-26,11:00:00,개찰완료,51169800,88.074,2024-06-26,태양도기제작소,이종언,박병규,117-15-60896,서울특별시 양천구 목동로1길 32()
UMM0843,1,(24G190-I) 정수기 임차 용역,용역,총액계약,일반경쟁,적격심사제,Y,국군재정관리단,ZD00303,국군재정관리단,ZD00303,87.745,128609276,128932941,119556000,2024-06-26,11:00:00,개찰완료,113092638,87.935,2024-06-26,큐어컴퍼니,이지행,이지행,533-29-01378,강원특별자치도 횡성군 서원면 신평석화로905-0
UMM0840,1,(246242-C) 공기청정기 필터 제조,물품,총액계약,제한경쟁,적격심사제,Y,국군재정관리단,ZD00303,국군재정관리단,ZD00303,87.995,204573260,203172549,188396364,2024-06-26,11:00:00,개찰완료,180248997,88.109,2024-06-26,(주)파란필터산업,윤영훈,윤영훈,134-86-58134,경기도 화성시 우정읍 버들로827-20
UMM0841,1,24-N-사거리 측정기 구매,물품,총액계약,제한경쟁,적격심사제,Y,국군재정관리단,ZD00303,국군재정관리단,ZD00303,87.995,169978243,170000000,168181818,2024-06-26,11:00:00,개찰완료,149572525,87.995,2024-06-26,리모네케이,김화영,김화영,698-66-00628,"서울특별시 구로구 신도림로11, 601동 102호(신도림동, 신도림3차대림아파트)"
UMM0852,1,24-M-사업장 비배출시설계폐기물 처리용역,용역,총액계약,일반경쟁,적격심사제,Y,국군재정관리단,ZD00303,국군재정관리단,ZD00303,80.495,235962112,236280000,225818182,2024-06-26,11:00:00,개찰완료,191020566,80.953,2024-06-26,주식회사 옹진해운,차태정,이후상,515-86-00826,인천광역시 옹진군 연평면 연평로821번길75
EBB0282,1,상자/바스켓류,물품,총액계약,제한경쟁,적격심사제,Y,방위사업청,1690000,방위사업청,1690000,,224464960,223191000,0,2024-06-27,11:00:00,개찰완료,200250000,89.212,2024-06-27,주식회사 천명하이텍,윤명자,윤명자,523-81-01710,부산광역시 사상구 새벽시장로124(감전동)
LDA0026,1,00부대 음성녹취시스템 교체납품,물품,총액계약,일반경쟁,적격심사제,Y,지상작전사령부,ZD00279,지상작전사령부,ZD00279,87.995,28201505,28248000,25680000,2024-06-27,11:00:00,개찰완료,25705680,91.15,2024-06-28,엠에스전자통신주식회사,최민용,김창근,105-81-84717,서울특별시 강동구 성내로 52성원빌딩
LDH0584,1,(자재) 튜브 등 12종 구매,물품,총액계약,제한경쟁,적격심사제,Y,제2879부대,ZD00347,제2879부대,ZD00347,87.995,113583102,113870000,105588927,2024-06-27,13:00:00,개찰완료,101853205,89.672,2024-06-28,주식회사 씨에스대현,김채선,김채선,816-88-01737,경상남도 김해시 삼안로60번길8 (지내동)
LDH0586,1,(자재) 너트 등 31종 구매,물품,총액계약,제한경쟁,적격심사제,Y,제2879부대,ZD00347,제2879부대,ZD00347,87.995,98545153,98523000,91358455,2024-06-27,13:00:00,개찰완료,87026350,88.311,2024-06-27,SY전자,김석규,김석규,124-37-97883,경기도 화성시 중리북길52-0 (중동)
LDH0581,1,발칸 계전기 구매,물품,총액계약,제한경쟁,적격심사제,Y,제2879부대,ZD00347,제2879부대,ZD00347,87.995,12419273,12355000,11456525,2024-06-27,13:00:00,개찰완료,12320000,99.2,2024-06-27,캐시드림,이상미,이상미,539-12-01679,"서울특별시 관악구 남부순환로256라길12-0 (남현동, 한백리츠빌) 203호"
LHG0039,1,24년 안전점검 및 내진성능평가 용역-1공구,용역,총액계약,제한경쟁,적격심사제,Y,제1862부대,ZD00002,제1862부대,ZD00002,87.745,144026376,144331000,131210000,2024-06-27,10:30:00,개찰완료,126430000,87.782,2024-06-27,주식회사 다담엔지니어링,가상현,이도영,314-86-30237,강원특별자치도 원주시 양지로70 (반곡동)
LHG0040,1,24년 안전점검 및 내진성능평가 용역-2공구,용역,총액계약,제한경쟁,적격심사제,Y,제1862부대,ZD00002,제1862부대,ZD00002,87.745,154996115,155632000,141483636,2024-06-27,10:30:00,개찰완료,136330000,87.957,2024-06-27,주식회사 다담엔지니어링,가상현,이도영,314-86-30237,강원특별자치도 원주시 양지로70 (반곡동)
LKP0112,1,바나나,물품,단가계약,일반경쟁,적격심사제,Y,제6335부대,Z006123,제6335부대,Z006123,82.995,3699,3700,642050909,2024-06-27,10:30:00,개찰완료,3071,83.002,2024-06-27,태민,황혜경,황혜경,208-07-71578,서울특별시 송파구 올림픽로32길57-6 (방이동)
LKP0114,1,24년 3분기 부대계약부식(빵류) 제조/구매,물품,총액계약,제한경쟁,적격심사제,Y,제6335부대,Z006123,제6335부대,Z006123,87.995,126035310,125470348,114063953,2024-06-27,10:30:00,개찰완료,110935870,88.019,2024-06-27,보배푸드,박경영,박경영,601-98-18203,경기도 수원시 장안구 수성로381번길8-0 (조원동)
LNR0019,1,00부대 전력시설 개선 수배전반 제조 설치 납품,물품,총액계약,제한경쟁,적격심사제,Y,수도기계화보병사단,ZD00361,수도기계화보병사단,ZD00361,87.995,88303062,88520000,80472727,2024-06-27,11:00:00,개찰완료,77732637,88.029,2024-06-27,엔에스하이텍 주식회사,김상준,김준형,107-87-33822,경기도 포천시 소흘읍 소흘로89-13
SCF0665,1,육전케이블 등 2종 구매,물품,총액계약,제한경쟁,적격심사제,Y,해군군수사령부,ZD00289,해군군수사령부,ZD00289,87.995,128889507,130000000,120949091,2024-06-27,10:30:00,개찰완료,115870000,89.898,2024-06-28,연합정밀(주),김은주,문제상,312-81-09219,충청남도 천안시 동남구 목천읍 학수소사길219-27
SCF0661,1,마칭 훈련용 모자 등 3종 구매,물품,총액계약,제한경쟁,적격심사제,Y,해군군수사령부,ZD00289,해군군수사령부,ZD00289,87.995,25973100,26000000,27745455,2024-06-27,10:30:00,개찰완료,22855140,87.995,2024-06-28,대양산업개발 주식회사,전광식,전광식,609-81-87991,"경상남도 창원시 의창구 도계로 71(도계동, 진한데파트)"
SCF0664,1,(긴급)주철 등 5종,물품,총액계약,제한경쟁,적격심사제,Y,해군군수사령부,ZD00289,해군군수사령부,ZD00289,87.995,42422373,42282000,39207273,2024-06-27,10:30:00,개찰완료,41215400,97.154,2024-06-27,(주)비아이엔씨,김여기,김여기,214-88-83817,서울특별시 서초구 양재동언남 18길3 (양재동  2층)
SCF0663,1,유리 등 3종 구매,물품,총액계약,제한경쟁,적격심사제,Y,해군군수사령부,ZD00289,해군군수사령부,ZD00289,87.995,7254668,7200000,7300000,2024-06-27,10:30:00,개찰완료,6686000,92.161,2024-06-28,신영에이텍,이상기,이상기,609-04-51342,경상남도 창원시 마산회원구 봉암공단2길22-5 (봉암동)
SCU0043,1,공기청정기 필터 (27평형) 등 18종 제조(구매),물품,총액계약,제한경쟁,적격심사제,Y,제9918부대,ZD01068,제9918부대,ZD01068,87.995,21404579,21400000,19884000,2024-06-27,10:30:00,개찰완료,18843232,88.033,2024-06-27,사단법인 한국장애인미래정책포럼,배영환,윤경덕,107-82-12647,서울특별시 영등포구 선유로9길10 (문래동6가)2층 203호(에스케이브이원센터
UMM0851,1,24-M-00부대 조경관리 용역,용역,총액계약,제한경쟁,적격심사제,Y,국군재정관리단,ZD00303,국군재정관리단,ZD00303,87.995,165459431,165910000,155454545,2024-06-27,11:00:00,개찰완료,145627670,88.014,2024-06-27,주식회사 공감,이경희,이경희,652-81-02453,"전라남도 함평군 함평읍 광남길83 ,3층"
UMM0842,1,24-N-목재절단기 2대 구매,물품,총액계약,제한경쟁,적격심사제,Y,국군재정관리단,ZD00303,국군재정관리단,ZD00303,87.995,83288747,83920000,77818182,2024-06-27,11:00:00,개찰완료,73290350,87.995,2024-06-27,필유통상사,문락필,문락필,283-07-01277,"경기도 부천시 범안로80-0 (범박동, 부천범박힐스테이트2단지)202동 301호"
UMM0864,1,(24F195-I) 보급부대 근무분야 민간위탁(경기 고양),용역,총액계약,일반경쟁,적격심사제,Y,국군재정관리단,ZD00303,국군재정관리단,ZD00303,77.995,1844049592,1850355406,1720480736,2024-06-27,11:00:00,개찰완료,1814000000,98.37,2024-06-27,공우이엔씨 주식회사,이한기,장동규,120-87-79739,"서울특별시 영등포구 여의대방로43라길6-0 (신길동, 신길프라자3층)"
UMM0865,1,(247026-H)사이버 방호체계 구매(설치),물품,총액계약,제한경쟁,적격심사제,Y,국군재정관리단,ZD00303,국군재정관리단,ZD00303,87.995,128565699,128480000,131800000,2024-06-27,11:00:00,개찰완료,113132850,87.996,2024-06-27,주식회사월드아이,신영구,정경림,106-86-74084,"서울특별시 강북구 월계로37길15-0 (번동, 천보빌딩) 4층"
EBH0073,1,24년 발칸 총열부부품(제조),물품,총액계약,일반경쟁,적격심사제,Y,방위사업청,1690000,방위사업청,1690000,,141383040,141429000,0,2024-06-28,11:00:00,개찰완료,124450000,88.023,2024-06-28,주식회사 천명하이텍,윤명자,윤명자,523-81-01710,부산광역시 사상구 새벽시장로124(감전동)
EBH0066,1,24년 성능개량 위치보고접속장치 수리부속(구매),물품,총액계약,일반경쟁,적격심사제,Y,방위사업청,1690000,방위사업청,1690000,,1265489868,1262017000,0,2024-06-28,11:00:00,개찰완료,1077383913,85.135,2024-06-28,지나테크,한선주,한혜원,596-21-01427,충청남도 천안시 서북구 직산읍 직산로136-0 충남테크노파크 정보영상융합센터 606호
LHN0054,1,24년 공기청정기 필터 구매,물품,총액계약,일반경쟁,적격심사제,Y,제2621부대,ZD00394,제2621부대,ZD00394,87.995,40409177,40539000,36853636,2024-06-28,10:30:00,개찰완료,35558800,87.996,2024-06-28,고려정공 주식회사,김순자,김순자,135-81-34106,경기도 용인시 처인구 모현읍 독점로268
LMH0031,1,다락대훈련장 간이 갈등영향분석 연구용역(C037),용역,총액계약,2단계경쟁(동시),최저가격제,N,제7군단,ZD00101,제7군단,ZD00101,0,24702468,24904000,22640000,2024-06-28,11:00:00,개찰완료,23100000,93.512,2024-07-01,유한회사 갈등조정센터,백도현,백도현,113-86-68877,"경기도 성남시 분당구 탄천상로164, A동 2층 247호(구미동, 시그마2오피스텔)"
MCD0035,1,민간 아웃소싱 시범사업을 위한 제도화 방안 연구,용역,총액계약,협상에의한계약(전자),협상,N,국방부(운영지원과),1290000,국방부(운영지원과),1290000,,79999000,,72726364,2024-06-28,11:00:00,개찰완료,79999000,100,2024-07-18,(사단) 한국정치학회,조화순,심장원,120-82-03345,서울특별시 마포구 동교로183-11 (동교동) 한국정치학회빌딩 4층 한국정치학회
MDG0154,2,환자치료식 194종 구매,물품,총액계약,제한경쟁,적격심사제,Y,국군의무사령부,1290291,국군의무사령부,1290291,87.995,70247454,70625130,64204664,2024-06-28,11:00:00,개찰완료,62305100,88.693,2024-07-01,(주)진영씨엔씨,김종진,김종진,142-81-46008,"경기도 용인시 처인구 중부대로1154, 301호 (삼가동,인앤인프라자)"
MDG0160,1,24-3차 취사기구(식판 등 8종) 구매,물품,총액계약,제한경쟁,적격심사제,Y,국군의무사령부,1290291,국군의무사령부,1290291,87.995,42587216,42902000,39001818,2024-06-28,11:00:00,개찰완료,37475000,87.995,2024-07-03,영신상사,박재완,박재완,641-13-01023,경기도 부천시 원미로177번길21-0 (원미동)
UMM0854,1,24-N-FILTER BAG 등 2종 구매,물품,총액계약,제한경쟁,적격심사제,Y,국군재정관리단,ZD00303,국군재정관리단,ZD00303,87.995,83509235,83310000,77252000,2024-06-28,11:00:00,개찰완료,73502170,88.016,2024-06-28,유니온필텍 주식회사,김도용,김도용,704-81-01978,"경기도 성남시 중원구 사기막골로62번길37-0 (상대원동), 스타타워 b110호"
UMM0856,1,24-M-쿼드콘 구매,물품,총액계약,일반경쟁,적격심사제,Y,국군재정관리단,ZD00303,국군재정관리단,ZD00303,82.995,317050630,317640000,294545455,2024-06-28,11:00:00,개찰완료,263158000,83.001,2024-06-28,주식회사 농업회사법인 포프리,김회수,류경우,622-87-00010,전라남도 화순군 능주면 효죽로433
HCG0026,1,24-사고예방 영상콘텐츠 제작 용역,용역,총액계약,2단계경쟁(동시),최저가격제,N,공군본부,1290339,공군본부,1290339,0,34876688,35000000,31818182,2024-07-01,11:00:00,개찰완료,17600000,50.463,2024-07-01,주식회사 단군픽쳐스,조상환,조상환,106-86-54716,"서울특별시 강서구 금낭화로51, 3층(방화동)"
HCQ0056,1,공정화물의장시설 신축 시설공사(오버헤드크레인),물품,총액계약,제한경쟁,적격심사제,Y,공군제5공중기동비행단,ZD00193,공군제5공중기동비행단,ZD00193,87.995,254333521,257852940,239100000,2024-07-01,10:00:00,개찰완료,224873550,88.416,2024-07-01,주식회사 가인씨엔에스,윤순희,이다혜,794-81-00083,"경기도 안산시 단원구 광덕서로92-0 406호(고잔동,대원빌딩)"
LDH0591,1,(자재) 희석제 등 2종 구매,물품,총액계약,제한경쟁,적격심사제,Y,제2879부대,ZD00347,제2879부대,ZD00347,87.995,7585562,7676000,7117818,2024-07-01,13:00:00,개찰완료,6852000,90.329,2024-07-01,에스에이치씨피주식회사,한향순,장진섭,314-81-67821,충청남도 금산군 추부면 한사래길 6()
UHC0015,2,패트리어트 전원공급체계 장비 외주정비 용역계약,용역,총액계약,제한경쟁,적격심사제,Y,공군 작사예하 방포사예하 제2여단,ZD00947,공군 작사예하 방포사예하 제2여단,ZD00947,82.995,973274268,977352940,906272727,2024-07-01,10:30:00,개찰완료,904540000,92.937,2024-07-01,이화전기공업 주식회사,위종묵,배길홍,215-81-04548,"서울특별시 강남구 논현로 746, 석호빌딩(논현동)"
UMM0853,1,24-D-쇼핑타운 장비비품 구매,물품,총액계약,제한경쟁,적격심사제,Y,국군재정관리단,ZD00303,국군재정관리단,ZD00303,87.995,82641317,82650000,77908655,2024-07-01,11:00:00,개찰완료,72720330,87.995,2024-07-01,제이와이 시스템,신유연,신유연,290-17-02161,"경상남도 김해시 율하6로17-0 (장유동, 율하자이힐스테이트) 109-1104"
UMM0792,1,24-F-풀 트레일러 제조,물품,총액계약,제한경쟁,적격심사제,Y,국군재정관리단,ZD00303,국군재정관리단,ZD00303,87.995,94098372,94110000,87272727,2024-07-01,11:00:00,개찰완료,82803805,87.997,2024-07-01,뉴테크코리아 주식회사,이인순,이용민,872-81-02208,경기도 화성시 송산면 송산포도로510-13
UMM0857,1,24-N-소형세차기 구매,물품,총액계약,제한경쟁,적격심사제,Y,국군재정관리단,ZD00303,국군재정관리단,ZD00303,87.995,85649126,85800000,80000000,2024-07-01,11:00:00,개찰완료,75367149,87.995,2024-07-01,주식회사 뮤템,이진주,이대경,284-87-02043,경기도 용인시 기흥구 하갈로175 (상갈동)
UMM0859,1,24-N-백면걸레 구매,물품,총액계약,제한경쟁,적격심사제,Y,국군재정관리단,ZD00303,국군재정관리단,ZD00303,87.995,72825123,73320000,67990909,2024-07-01,11:00:00,개찰완료,64083147,87.995,2024-07-01,아트아키,박충만,박충만,622-51-00821,"경기도 안양시 만안구 양화로135번길45 (박달동, 벽산아파트)104동402호"
UMM0867,1,24-N-벤딩머신 구매,물품,총액계약,제한경쟁,적격심사제,Y,국군재정관리단,ZD00303,국군재정관리단,ZD00303,87.995,100063442,100090000,92818182,2024-07-01,11:00:00,개찰완료,88051120,87.995,2024-07-01,천지유통,권윤지,권윤지,123-62-00636,"경상남도 창원시 진해구 충장로657번길35, 202동 1801호"
EBB0284,1,자주포 스프링류,물품,총액계약,제한경쟁,적격심사제,Y,방위사업청,1690000,방위사업청,1690000,,40642530,40601000,0,2024-07-02,11:00:00,개찰완료,35765100,87.999,2024-07-02,삼영산업,문헌태,문헌태,622-09-65242,경상남도 김해시 분성로557번길60-7 (어방동)
EBH0076,1,24년 발칸 열영상야간조준기(제조),물품,총액계약,제한경쟁,적격심사제,Y,방위사업청,1690000,방위사업청,1690000,,60658178,60755000,0,2024-07-02,11:00:00,개찰완료,53466000,88.143,2024-07-02,진해공업,김재원,김재원,608-14-66967,경상남도 김해시 한림면 김해대로916번길54-42
HCF0165,1,[항공자동기상관측장비]하우징 전자 구성품용 등 3종,물품,총액계약,제한경쟁,적격심사제,Y,공군군수사령부,ZD00306,공군군수사령부,ZD00306,87.995,133878853,133884200,125445155,2024-07-02,10:30:00,개찰완료,117806716,87.995,2024-07-02,수앤주,신경수,신경수,827-29-00390,"경기도 구리시 안골로44-1, 302호 (교문동,다건시티)"
HCF0166,1,[신궁 유도탄 부품]가스관조립체 등 6종 제조,물품,총액계약,제한경쟁,적격심사제,Y,공군군수사령부,ZD00306,공군군수사령부,ZD00306,87.995,34151270,33915069,31448518,2024-07-02,10:30:00,개찰완료,33067000,96.825,2024-07-02,조강테크,조재만,조재만,737-10-00061,부산광역시 사상구 가야대로196번길63 1층 (학장동)
HCF0168,1,24-H-34/35 소형 타이어 탈착기등 2종,물품,총액계약,제한경쟁,적격심사제,Y,공군군수사령부,ZD00306,공군군수사령부,ZD00306,87.995,70014973,69914706,64830000,2024-07-02,10:30:00,개찰완료,61610307,87.995,2024-07-02,올어라운드라이트,진영주,진영주,728-03-03178,"강원특별자치도 동해시 청운1길52-0 (쇄운동),501호"
HDM0044,1,액화석유가스(LPG),물품,단가계약,일반경쟁,적격심사제,Y,공군제17전투비행단,ZD00206,공군제17전투비행단,ZD00206,82.995,1329,1336,945793640,2024-07-02,10:30:00,개찰완료,1125,84.681,2024-07-02,행운에너지,이정희,이정희,228-42-00248,충청북도 청주시 흥덕구 강촌로211-0 (서촌동)
LCF0374,2,디스플레이  광전자식 등 14항목 구매(통신),물품,총액계약,제한경쟁,적격심사제,Y,육군군수사령부,1290307,육군군수사령부,1290307,87.995,51154745,51398156,46725596,2024-07-02,11:00:00,개찰완료,45016778,88.001,2024-07-03,주식회사 엄지,김유담,홍석민,450-88-01309,경기도 성남시 중원구 광명로94번길14-1 (성남동) 지층
LCF0380,2,침대  비조정식 10항목 구매(의무),물품,총액계약,제한경쟁,적격심사제,Y,육군군수사령부,1290307,육군군수사령부,1290307,87.995,53252051,53248000,48407273,2024-07-02,11:00:00,개찰완료,46891228,88.055,2024-07-03,서진디스플레이 주식회사,김성구,김윤정,113-86-78341,서울특별시 구로구 경인로53길15-0 (구로동) 다동 321호
LCF0409,1,부품킷트 고저 실린더용 등 2항목 구매(자주포),물품,총액계약,일반경쟁,적격심사제,Y,육군군수사령부,1290307,육군군수사령부,1290307,82.995,469517596,468055499,425504999,2024-07-02,11:30:00,개찰완료,389818390,83.025,2024-07-03,케이에스이엔지주식회사,김미옥,김미옥,113-86-00843,강원특별자치도 평창군 평창읍 농공단지길26
LCH0047,1,공수지상종합훈련장 선행연구용역(특-24-용-28),용역,총액계약,일반경쟁,적격심사제,Y,특수전사령부,ZD00055,특수전사령부,ZD00055,87.745,100116593,99984660,90895145,2024-07-02,10:30:00,개찰완료,87850000,87.747,2024-07-02,주식회사 대홍관리,김금자,장혜민,540-81-00088,부산광역시 동구 중앙대로286번길9-0 (초량동) 306호
LDC0015,1,국제과학화전투경연대회 장비전시 부스 등 임차,용역,총액계약,제한경쟁,적격심사제,Y,육군과학화전투훈련단,ZD00561,육군과학화전투훈련단,ZD00561,87.745,152190682,153431372,142272727,2024-07-02,10:30:00,개찰완료,137320000,90.228,2024-07-02,토파즈,전인수,전인수,227-64-00418,강원특별자치도 태백시 태백로1554-0 (문곡동) 2층 221호
MDD0093,2,2024 동맥 초음파 실습모형 구매,물품,총액계약,제한경쟁,적격심사제,Y,국군수도병원,ZD00236,국군수도병원,ZD00236,87.995,7879768,7840000,7272727,2024-07-02,12:00:00,개찰완료,7840000,99.495,2024-07-02,(주)메드닉스,신영순,이민호,134-81-55054,"서울특별시 금천구 벚꽃로 278, SJ테크노빌 912호(가산동)"
MDP0005,2,24-1차 전산장비(PC) 교체사업 ,물품,총액계약,제한경쟁,적격심사제,Y,한미연합군사령부,1290294,한미연합군사령부,1290294,87.995,48224089,48627450,45090909,2024-07-02,11:00:00,개찰완료,43900000,91.033,2024-07-10,주식회사 에이치케이시스템,이해진,이승열,132-86-14542,경기도 남양주시 오남읍 진건오남로555번길17-6
SCF0601,2,기능성침낭 43SE 제조,물품,총액계약,제한경쟁,적격심사제,Y,해군군수사령부,ZD00289,해군군수사령부,ZD00289,87.995,15138806,15000000,14190000,2024-07-02,10:30:00,개찰완료,14550000,96.11,2024-07-08,부림산업,조주희,지서영,615-18-46614,경상남도 김해시 김해대로2646-0 (안동)
SCF0671,1,10톤 가레이지작키 1EA 구매,물품,총액계약,제한경쟁,적격심사제,Y,해군군수사령부,ZD00289,해군군수사령부,ZD00289,87.995,2113183,2100000,1954545,2024-07-02,10:30:00,개찰완료,1883500,89.13,2024-07-02,해솔상사,남예주,남예주,267-21-01010,"경상북도 칠곡군 북삼읍 북삼로2길37, 3층 307호(우림하이츠)"
SCF0669,1,조절밸브 등 7종 구매,물품,총액계약,제한경쟁,적격심사제,Y,해군군수사령부,ZD00289,해군군수사령부,ZD00289,87.995,51937825,52000000,48590000,2024-07-02,10:30:00,개찰완료,45713450,88.015,2024-07-02,엠제이원,김진욱,김진욱,734-37-00415,"경상남도 김해시 번화1로84번길9-0 (삼문동, 젤미마을7단지e그린타운) 704동 1704호"
SCF0668,1,링 피스톤용 등 17종 구매,물품,총액계약,제한경쟁,적격심사제,Y,해군군수사령부,ZD00289,해군군수사령부,ZD00289,82.995,287011393,285000000,265145636,2024-07-02,10:30:00,개찰완료,238226990,83.002,2024-07-02,이언,박해리,박해리,542-31-01282,"경기도 부천시 경인옛로118번길33, 403호"
SCF0677,1,천 커튼용 구매 4 700MR 구매,물품,총액계약,제한경쟁,적격심사제,Y,해군군수사령부,ZD00289,해군군수사령부,ZD00289,87.995,32885909,33000000,31319091,2024-07-02,10:30:00,개찰완료,28937970,87.995,2024-07-02,엔플,김병훈,김병훈,441-08-01337,"충청북도 청주시 흥덕구 대농로55, 205동 3301호(복대동, 두산위브지웰시티2차)"
SCF0679,1,(긴급)바  금속제(황동봉 C3604 12.7Ø) 등 42종,물품,총액계약,제한경쟁,적격심사제,Y,해군군수사령부,ZD00289,해군군수사령부,ZD00289,87.995,56365308,56494000,52528055,2024-07-02,13:00:00,개찰완료,49600710,87.998,2024-07-02,소망상사,최인숙,최인숙,106-38-98839,"경기도 평택시 안중읍 안현로서6길10, 406-비10호(대원빌딩)"
SCF0680,1,(긴급)에폭시 프라이머 코팅 키트 등 12종,물품,총액계약,제한경쟁,적격심사제,Y,해군군수사령부,ZD00289,해군군수사령부,ZD00289,87.995,8448175,8408000,7797273,2024-07-02,13:00:00,개찰완료,7439400,88.059,2024-07-02,미래상사,김성길,김성길,881-35-00115,"부산광역시 사상구 낙동대로910, C동 253호(감전동, 마트월드)"
SCF0673,1,전기전도도측정기 1EA 구매,물품,총액계약,제한경쟁,적격심사제,Y,해군군수사령부,ZD00289,해군군수사령부,ZD00289,87.995,6322996,6300000,5854545,2024-07-02,10:30:00,개찰완료,5563930,87.995,2024-07-02,이루유통,정윤식,정윤식,250-16-01304,"경기도 용인시 기흥구 흥덕2로117번길14, 604동 103호(영덕동, 광교레이크스위첸)"
SCF0681,1,뼈발골닭다리정육,물품,단가계약,제한경쟁,적격심사제,Y,해군군수사령부,ZD00289,해군군수사령부,ZD00289,87.995,15093,15196,59181818,2024-07-02,10:30:00,개찰완료,13300,88.122,2024-07-02,지(g)-마트,송낙천,정영권,609-23-98824,"경상남도 창원시 진해구 조천북로62 105(경화동,하이존상가 105~107)"
SCF0674,1,헌병 의장 장갑류 2종 제조,물품,총액계약,제한경쟁,적격심사제,Y,해군군수사령부,ZD00289,해군군수사령부,ZD00289,87.995,12912696,13000000,12309091,2024-07-02,10:30:00,개찰완료,11409120,88.355,2024-07-02,주식회사 유노인더스트리,정민영,정민영,721-86-02185,경기도 남양주시 화도읍 비룡로292번길11
SCF0682,1,돼지등갈비(냉동),물품,단가계약,제한경쟁,적격심사제,Y,해군군수사령부,ZD00289,해군군수사령부,ZD00289,87.995,11632,11568,47200000,2024-07-02,10:30:00,개찰완료,10240,88.035,2024-07-02,행복유통,이윤영,강문정,822-01-01522,경상남도 창원시 진해구 태평로48번길2-0 (태평동)1층
SCF0684,1,깐메추리알,물품,단가계약,제한경쟁,적격심사제,Y,해군군수사령부,ZD00289,해군군수사령부,ZD00289,87.995,6413,6372,8272727,2024-07-02,10:30:00,개찰완료,5655,88.183,2024-07-02,류홀마트(합포점),최정임,최정임,346-22-00096,경상남도 창원시 마산합포구 문화동로1-0 (월포동)
SCF0683,1,슬라이스치즈,물품,단가계약,제한경쟁,적격심사제,Y,해군군수사령부,ZD00289,해군군수사령부,ZD00289,87.995,4547,4558,4227273,2024-07-02,10:30:00,개찰완료,4007,88.13,2024-07-02,키즈앤하우스,조용호,조용호,789-15-02084,경상남도 양산시 덕계로80-0 (덕계동)
SCF0685,1,우엉조림,물품,단가계약,제한경쟁,적격심사제,Y,해군군수사령부,ZD00289,해군군수사령부,ZD00289,87.995,7679,7647,4963636,2024-07-02,10:30:00,개찰완료,6768,88.137,2024-07-02,행복유통,이윤영,강문정,822-01-01522,경상남도 창원시 진해구 태평로48번길2-0 (태평동)1층
SCF0666,1,(긴급) 스위치 유닛  전력전달용 1종,물품,총액계약,제한경쟁,적격심사제,Y,해군군수사령부,ZD00289,해군군수사령부,ZD00289,87.995,7903023,7843000,7272727,2024-07-02,10:30:00,개찰완료,7708800,97.542,2024-07-02,태양전자,이상덕,이상덕,609-18-60625,경상남도 창원시 진해구 충장로 73-14()
SCF0672,1,케이블조립체 특수목적용 전기용 등 5종 구매,물품,총액계약,제한경쟁,적격심사제,Y,해군군수사령부,ZD00289,해군군수사령부,ZD00289,82.995,340376922,341000000,316860909,2024-07-02,10:30:00,개찰완료,282497000,82.995,2024-07-02,주식회사 진성하이텍,조종열,조종열,403-81-83460,"경상남도 창원시 마산합포구 해안대로91, 상가 205호(해운동, 경민시티빌)"
SCF0686,1,하계취사복 하의 4 000SH 제조,물품,총액계약,제한경쟁,적격심사제,Y,해군군수사령부,ZD00289,해군군수사령부,ZD00289,87.995,49628761,49000000,46181818,2024-07-02,10:30:00,개찰완료,44645985,89.959,2024-07-02,수담,김이본,정담,501-24-51105,경상북도 경주시 백률로57번길5-0 (동천동) 203호
SFC0069,2,개인 보호 장구류(개인보호 킷 등 6품목) 구매,물품,총액계약,제한경쟁,적격심사제,Y,제9691부대,ZD00152,제9691부대,ZD00152,87.995,5706015,5649000,5135455,2024-07-02,10:30:00,개찰완료,5021410,88.002,2024-07-02,달달스마일,이혜선,이혜선,316-04-62592,경기도 용인시 처인구 포곡읍 포곡로72-0 2층 204호 A184
SFG0070,1,잡초방지용 부직포 구매,물품,총액계약,제한경쟁,적격심사제,Y,제9181부대,ZD00151,제9181부대,ZD00151,87.995,16478418,16299000,15113636,2024-07-02,10:30:00,개찰완료,14501250,88.001,2024-07-02,이은글로벌,최성경,최성경,335-38-01422,"경기도 김포시 유현로215, 222동 202호(풍무동, 풍무 센트럴 푸르지오)"
SFG0071,1,COVER  elecrical plate 등 9품목 구매(수리부속),물품,총액계약,제한경쟁,적격심사제,Y,제9181부대,ZD00151,제9181부대,ZD00151,87.995,42866571,43107200,39191273,2024-07-02,10:30:00,개찰완료,37721600,87.997,2024-07-02,에이스 컴퍼니,정택호,정택호,372-26-00661,"인천광역시 서구 건지로404, 207동 1501호(가좌동, 가좌한신휴플러스아파트)"
SFG0072,1,체력단련기구 구매,물품,총액계약,제한경쟁,적격심사제,Y,제9181부대,ZD00151,제9181부대,ZD00151,87.995,58951739,58791340,54515609,2024-07-02,10:30:00,개찰완료,51874680,87.995,2024-07-02,지니유통,곽용진,곽용진,261-38-01252,경기도 하남시 하남대로830-0 (덕풍동)108동 1503호
SFN0055,1,24-Y-물탱크 청소 용역,용역,총액계약,제한경쟁,적격심사제,Y,연평부대,ZD00160,연평부대,ZD00160,87.745,123187063,122501170,113592000,2024-07-02,10:30:00,개찰완료,108160500,87.801,2024-07-02,강원방역,이진선,이진선,137-20-27411,"인천광역시 서구 봉오대로318번길23-0 (가정동, 하나아파트상가동3층10호)"
UMM0879,1,(246244-E) 부대비품(영상편집기) 제조/설치,물품,총액계약,제한경쟁,적격심사제,Y,국군재정관리단,ZD00303,국군재정관리단,ZD00303,87.995,92019638,91012410,87389091,2024-07-02,11:00:00,개찰완료,87310000,94.881,2024-07-02,주식회사 에이치케이시스템,이해진,이승열,132-86-14542,경기도 남양주시 오남읍 진건오남로555번길17-6
UMM0870,1,(246263-D) 차량오일 수거기 등 2품목 구매,물품,총액계약,제한경쟁,적격심사제,Y,국군재정관리단,ZD00303,국군재정관리단,ZD00303,87.995,128184273,128827500,119458227,2024-07-02,11:00:00,개찰완료,112796000,87.995,2024-07-02,샘물기업,박민진,박민진,203-36-73760,"충청남도 천안시 서북구 불당23로10, 501동 1층 103호(불당동, 호반 베르디움 센트로 포레)"
UMM0881,1,(246264-E) 타이어 탈착기 2종 구매,물품,총액계약,일반경쟁,적격심사제,Y,국군재정관리단,ZD00303,국군재정관리단,ZD00303,82.995,624851108,621372540,576181818,2024-07-02,11:00:00,개찰완료,518608147,82.997,2024-07-02,주식회사 교성,차국열,차국열,221-81-30338,강원특별자치도 춘천시 동면 춘천순환로387-0
UMM0871,1,(24G024-H)조종훈련장비 유지보수 용역,용역,총액계약,제한경쟁,적격심사제,Y,국군재정관리단,ZD00303,국군재정관리단,ZD00303,87.745,103393492,103622380,98795836,2024-07-02,11:00:00,개찰완료,90735900,87.757,2024-07-02,청남정보통신 주식회사,박규대,박규대,314-81-45114,대전광역시 서구 계룡로245번길40 2층 (월평동)
UMM0872,1,(24G033-H)IP전화기 유지보수 용역,용역,총액계약,제한경쟁,적격심사제,Y,국군재정관리단,ZD00303,국군재정관리단,ZD00303,87.745,97613736,96970580,89918182,2024-07-02,11:00:00,개찰완료,85695760,87.79,2024-07-02,셀코정보기술 주식회사,임윤정,임윤정,109-86-51964,서울특별시 도봉구 도봉로169나길78(도봉동)
UMM0877,1,(247046-H)상황실 브리핑시스템 구축,물품,총액계약,제한경쟁,적격심사제,Y,국군재정관리단,ZD00303,국군재정관리단,ZD00303,87.995,141798078,141644300,133867545,2024-07-02,11:00:00,개찰완료,124777256,87.996,2024-07-02,주식회사 경기방재,최대현,유현진,127-81-68793,경기도 의정부시 의정로110번길 15()
EBH0075,1,안테나조립체(AS-992K)및부품,물품,총액계약,일반경쟁,적격심사제,Y,방위사업청,1690000,방위사업청,1690000,,830596267,834065000,0,2024-07-03,11:00:00,개찰완료,701100000,84.409,2024-07-03,충무정밀(주),이창영,이창영,117-81-07504,서울특별시 강서구 강서로468-0 (등촌동) 에이스테크노타워 301호
EBH0080,1,24년 천마 수리부속(호스등_구매),물품,총액계약,제한경쟁,적격심사제,Y,방위사업청,1690000,방위사업청,1690000,,169209558,167765000,0,2024-07-03,11:00:00,개찰완료,166087350,98.154,2024-07-03,대현테크,전현규,전현규,770-43-00275,부산광역시 강서구 평강로171번길259-0 (대저1동)
LKM0037,1,24~29년 얼음정수기 임차 용역,용역,총액계약,제한경쟁,적격심사제,Y,제2632부대,ZD00060,제2632부대,ZD00060,87.745,176915816,178494000,162267273,2024-07-03,11:00:00,개찰완료,155246470,87.751,2024-07-04,전주이야기,이인환,이인환,306-49-01342,전북특별자치도 전주시 덕진구 노송여울2길154 (진북동)
SCF0689,1,세척제 용매용 1종 구매,물품,총액계약,제한경쟁,적격심사제,Y,해군군수사령부,ZD00289,해군군수사령부,ZD00289,87.995,9527846,9500000,8892000,2024-07-03,10:30:00,개찰완료,8392550,88.084,2024-07-03,에스제이상사,곽새롬,곽새롬,820-41-01177,"경상남도 김해시 관동로138, 1404동 301호(관동동, 죽림마을 동원로얄듀크아파트14단지)"
SCF0695,1,위보 노트북 쿨링 스탠드 등 12종 구매,물품,총액계약,제한경쟁,적격심사제,Y,해군군수사령부,ZD00289,해군군수사령부,ZD00289,87.995,8979010,8900000,8290909,2024-07-03,10:30:00,개찰완료,7901260,87.997,2024-07-04,제이컴,김지은,김지은,165-29-00647,강원특별자치도 춘천시 충혼길52번길10 (온의동) 드림타워 3층 306-69
SCF0692,1,폐기 신축관 조립체 등 3종 구매,물품,총액계약,일반경쟁,적격심사제,Y,해군군수사령부,ZD00289,해군군수사령부,ZD00289,82.995,241194513,242000000,224481312,2024-07-03,10:30:00,개찰완료,210100000,87.108,2024-07-03,성신디펜스솔루션(주) 부산공장,전봉욱,이희진,314-85-43434,부산광역시 강서구 녹산산단261로74번길54-0 (송정동)
UMM0674,2,(247129-F)장비운영소모품(병리5) 구매,물품,총액계약,일반경쟁,적격심사제,Y,국군재정관리단,ZD00303,국군재정관리단,ZD00303,82.995,274764819,274982740,254984000,2024-07-03,11:00:00,개찰완료,228062170,83.002,2024-07-03,이엠이컴퍼니,성원민,성원민,562-07-01490,서울특별시 금천구 가산디지털1로171 (가산동) 3층 306-19
UMM0874,1,24-F-연삭기 원통형 2점 구매,물품,총액계약,제한경쟁,적격심사제,Y,국군재정관리단,ZD00303,국군재정관리단,ZD00303,87.995,171956825,171910000,159410909,2024-07-03,11:00:00,개찰완료,151314110,87.995,2024-07-03,레오컴퍼니,유지민,유지민,488-37-00657,"경기도 의정부시 동일로397, 210동 1105호(장암동, 장암2단지주공아파트)"
UMM0885,1,(247228-F) 고속단정 제조,물품,총액계약,제한경쟁,적격심사제,Y,국군재정관리단,ZD00303,국군재정관리단,ZD00303,87.995,654449759,647058820,600000000,2024-07-03,11:00:00,개찰완료,585500000,89.464,2024-07-03,주식회사 우남마린,김한준,김도윤,622-81-17917,경상남도 김해시 상동면 동북로473번길14-23
UMM0886,1,(246249-F) 전자칠판 등 제조설치,물품,총액계약,제한경쟁,적격심사제,Y,국군재정관리단,ZD00303,국군재정관리단,ZD00303,87.995,567946139,564020000,587090909,2024-07-03,11:00:00,개찰완료,500238000,88.078,2024-07-03,엠에스원디지털 주식회사,엄종만,최한나,117-81-53920,"서울특별시 영등포구 양평로149-0, 1106호 (양평동5가)"
UMM0873,1,(247039-H)24-2차 상용SW 구매,물품,총액계약,일반경쟁,적격심사제,Y,국군재정관리단,ZD00303,국군재정관리단,ZD00303,82.995,779282945,784558820,727500000,2024-07-03,11:00:00,개찰완료,662687000,85.038,2024-07-03,주식회사 중앙첨단소재,김영신,류용열,105-81-99490,"경기도 안양시 동안구 시민대로115, 5층 503호 (호계동)"
EBH0061,2,PP-2K부품(구매),물품,총액계약,일반경쟁,적격심사제,Y,방위사업청,1690000,방위사업청,1690000,,492238204,493132000,0,2024-07-04,14:30:00,개찰완료,414595477,84.226,2024-07-04,주식회사 와이어블(Wiable Corp.),김문환,김성욱,214-86-12657,"서울특별시 송파구 법원로11길28, 10층, 11층, 12층(문정동, 비케이타워)"
LCF0418,1,발광 다이오드 등 38항목 구매(통신),물품,총액계약,제한경쟁,적격심사제,Y,육군군수사령부,1290307,육군군수사령부,1290307,82.995,265328766,263724770,239749791,2024-07-04,11:00:00,개찰완료,225100000,84.838,2024-07-04,주식회사 세연인터내셔널,신현철,신현철,327-81-00184,"경기도 구리시 수택천로16번길32, 2층 (수택동, 세연빌딩)"
LKD0058,1,육-00사단 방탄조끼 I 형 제조/납품,물품,총액계약,제한경쟁,적격심사제,Y,제32보병사단,ZD00012,제32보병사단,ZD00012,87.995,151218795,150926470,139950000,2024-07-04,11:00:00,개찰완료,133254170,88.12,2024-07-04,주식회사 유노인더스트리,정민영,정민영,721-86-02185,경기도 남양주시 화도읍 비룡로292번길11
SCF0700,1,(긴급)코일형 스테인레스 강선 5.0 등 38종,물품,총액계약,제한경쟁,적격심사제,Y,해군군수사령부,ZD00289,해군군수사령부,ZD00289,87.995,38478648,38334000,36026091,2024-07-04,13:00:00,개찰완료,33860430,87.997,2024-07-04,대광산업,이종명,이종명,609-16-69087,경상남도 창원시 마산회원구 양덕북5길97 (양덕동1층상가)
SFC0079,1,잉크패드 리필 등 64품목 구매,물품,총액계약,제한경쟁,적격심사제,Y,제9691부대,ZD00152,제9691부대,ZD00152,87.995,9107070,9124700,8295182,2024-07-04,10:30:00,개찰완료,8013790,87.995,2024-07-04,대흥상사,박현숙,박현숙,539-15-01739,"전북특별자치도 익산시 약촌로228 (영등동, 동신아파트) 105-703"
EBH0081,1,수신기-송신기 무전기용(구매),물품,총액계약,일반경쟁,적격심사제,Y,방위사업청,1690000,방위사업청,1690000,,734870781,727076000,0,2024-07-05,11:00:00,개찰완료,636191500,86.571,2024-07-05,석산전자 주식회사,진희영,진희영,123-81-69617,"경기도 의왕시 오전공업길22, 201호(오전동, 동영벤처스텔)"
LCF0425,1,시일  밀봉형 등 58항목 구매(기장),물품,총액계약,제한경쟁,적격심사제,Y,육군군수사령부,1290307,육군군수사령부,1290307,87.995,74407856,74629031,67844574,2024-07-05,10:30:00,개찰완료,65960870,88.647,2024-07-05,에스엔더블유테크,명노헌,명노헌,606-24-47532,부산광역시 강서구 가리새2로13번길14-0 (생곡동)
LNR0020,1,00부대 더 좋은 병영식당 취사기구 구매,물품,총액계약,제한경쟁,적격심사제,Y,수도기계화보병사단,ZD00361,수도기계화보병사단,ZD00361,87.995,108950040,108940410,99036736,2024-07-05,11:00:00,개찰완료,95870741,87.995,2024-07-05,썬블루,이혜용,이혜용,402-37-16325,경기도 파주시 문산읍 방촌로1213-20
LPN0007,1,개인전투천막 구매(육성-4),물품,총액계약,제한경쟁,적격심사제,Y,수도군단,ZD00104,수도군단,ZD00104,87.995,41746717,41862745,38818182,2024-07-05,10:30:00,개찰완료,36739690,88.006,2024-07-05,주식회사 유노인더스트리,정민영,정민영,721-86-02185,경기도 남양주시 화도읍 비룡로292번길11
MCD0037,1,2024년 군 급식 및 피복 만족도 조사,용역,총액계약,협상에의한계약(전자),협상,N,국방부(운영지원과),1290000,국방부(운영지원과),1290000,,49897000,,45360909,2024-07-05,17:00:00,개찰완료,45400000,90.987,2024-07-30,(주)더밸류업컨설팅,조희숙,박득민,206-86-58536,서울특별시 강남구 논현로86길29 (역삼동) 3층
MCS0085,1,24- 간부숙소 및 구룡품안콘도 청소용역,용역,총액계약,일반경쟁,적격심사제,Y,계룡대근무지원단,1290286,계룡대근무지원단,1290286,87.995,668797395,668033290,619449055,2024-07-05,10:30:00,개찰완료,588511910,87.995,2024-07-05,주식회사 보성기업,황종길,소수정,607-81-74511,부산광역시 해운대구 센텀중앙로90-0 (재송동) 본동 2312호
UMM0878,1,24-F-시험세트  항공기 엔진용  구매(249116-F),물품,총액계약,제한경쟁,적격심사제,Y,국군재정관리단,ZD00303,국군재정관리단,ZD00303,87.995,131695351,131890000,122300000,2024-07-05,11:00:00,개찰완료,115885836,87.995,2024-07-05,선아골드넷,김은아,김은아,457-09-01907,"전라남도 순천시 조례연동길5, 315동 801호(조례동, 순천조례3차 대주파크빌)"
UMM0883,1,(246251-D) 사전학습지원 기반체계(노트북) 도입사업,물품,총액계약,일반경쟁,적격심사제,Y,국군재정관리단,ZD00303,국군재정관리단,ZD00303,82.995,3879791524,3864450980,3583400000,2024-07-05,11:00:00,개찰완료,3238271906,83.465,2024-07-05,한신정보주식회사,정상진,주정돈,609-81-41001,경상남도 창원시 진해구 백구로59-0 (대천동)
UMM0884,1,(246243-D)교육장비(미디어월) 구축 사업,물품,총액계약,제한경쟁,적격심사제,Y,국군재정관리단,ZD00303,국군재정관리단,ZD00303,87.995,102366197,101394444,95538991,2024-07-05,11:00:00,개찰완료,90084283,88.001,2024-07-05,주식회사 영진씨엔씨,김미경,김미경,121-81-46073,"인천광역시 부평구 마장로168, 3층(산곡동)"
HCQ0055,2,공정화물의장시설 신축 시설공사(자동제어),물품,총액계약,제한경쟁,적격심사제,Y,공군제5공중기동비행단,ZD00193,공군제5공중기동비행단,ZD00193,87.995,120387224,119573520,110877273,2024-07-08,10:00:00,개찰완료,105936160,87.996,2024-07-09,주식회사 코젠,윤영근,윤정아,213-81-76895,서울특별시 서초구 바우뫼로43길 56양재동 3-4 경원빌딩
LMH0044,1,호국훈련 살수차량 위탁운영(C066),용역,총액계약,일반경쟁,적격심사제,Y,제7군단,ZD00101,제7군단,ZD00101,87.745,49191121,49500000,45000000,2024-07-08,10:30:00,개찰완료,44992500,91.464,2024-07-08,주식회사 경원물류,이혜진,이혜진,238-86-02664,"충청북도 청주시 흥덕구 풍년로206번길46, 비109호 (가경동, 오피스밸리)"
MDD0097,1,24년 국군수도병원 기계설비 성능점검 용역,용역,총액계약,제한경쟁,적격심사제,Y,국군수도병원,ZD00236,국군수도병원,ZD00236,87.745,115890934,116237310,107826818,2024-07-08,11:00:00,개찰완료,101701820,87.756,2024-07-08,(주)우원티앤시,이선옥,이주희,113-81-90942,"서울특별시 구로구 공원로71-0 (구로동, 구로신협빌딩)"
UMM0876,1,24-F-2SAWS 사이버방호체계 구축,물품,총액계약,일반경쟁,적격심사제,Y,국군재정관리단,ZD00303,국군재정관리단,ZD00303,82.995,301570171,298580000,276867273,2024-07-08,11:00:00,개찰완료,250311999,83.002,2024-07-08,(주)조흥테크,박희용,박희용,412-81-08897,"전라남도 강진군 강진읍 영랑로24, 3층"
EBB0286,1,장비 일반고무제품류,물품,총액계약,일반경쟁,적격심사제,Y,방위사업청,1690000,방위사업청,1690000,,1915780378,1910913000,0,2024-07-09,11:00:00,개찰완료,1624710000,84.806,2024-07-09,주식회사덕인,장남인,임병성,141-81-50004,경상남도 양산시 유산공단3길33-0 (교동)
LCF0407,2,파이프  예비가열기용 등 71항목 구매(기장-014),물품,총액계약,제한경쟁,적격심사제,Y,육군군수사령부,1290307,육군군수사령부,1290307,87.995,197727531,198665644,180605131,2024-07-09,10:30:00,개찰완료,178790000,90.422,2024-07-09,신기산업,박재완,박재완,396-08-01342,부산광역시 북구 의성로59번길1 (덕천동)
LCF0420,1,윤활유 증기터빈용 1항목 구매(급연),물품,총액계약,제한경쟁,적격심사제,Y,육군군수사령부,1290307,육군군수사령부,1290307,87.995,26745183,26730000,24300000,2024-07-09,10:30:00,개찰완료,23534428,87.995,2024-07-09,청정클린,유지원,유지원,887-79-00456,전북특별자치도 전주시 완산구 감나무3길12-6 (서신동)
LCF0426,1,칫솔케이스 등 2항목 구매(피복),물품,총액계약,제한경쟁,적격심사제,Y,육군군수사령부,1290307,육군군수사령부,1290307,87.995,27830637,28152000,25592727,2024-07-09,10:30:00,개찰완료,24489900,87.996,2024-07-09,아원종합상사,우명옥,우명옥,526-28-01413,"경기도 김포시 풍무로68번길10, 303동 401호(풍무동, 김포 풍무 꿈에그린 더 포레듀 3단지)"
LCG0058,1,[24-육-150] 한  아세안 국제 군수 포럼 항공권 발권,용역,총액계약,제한경쟁,적격심사제,Y,육군본부,1290298,육군본부,1290298,87.745,47081574,46906800,42642545,2024-07-09,12:30:00,개찰완료,41345640,87.817,2024-07-09,(주)탑투어,최성규,최성규,276-88-03145,"전라남도 여수시 소라면 여순로133-1,2층"
LCG0060,1,[24-육-152] 육군 기획홍보영상 촬영 및 편집 용역,용역,총액계약,일반경쟁,적격심사제,Y,육군본부,1290298,육군본부,1290298,87.745,19992064,20000000,18181818,2024-07-09,12:30:00,개찰완료,17557320,87.821,2024-07-09,주식회사 오로지스튜디오,윤혁진,김미린,837-81-01870,"광주광역시 동구 백서로177, 2층(서석동)"
LDC0016,1,부족 마일즈장비 제조납품,물품,총액계약,일반경쟁,적격심사제,Y,육군과학화전투훈련단,ZD00561,육군과학화전투훈련단,ZD00561,82.995,880789818,883300000,819060000,2024-07-09,10:30:00,개찰완료,733590000,83.287,2024-07-09,(주)유텍,황인협,박범하,314-81-25990,"대전광역시 유성구 반석로10-0 (반석동, 반석역프라자) 8층 801호"
LDH0589,2,(자재) 호스피팅 등 25종 구매,물품,총액계약,제한경쟁,적격심사제,Y,제2879부대,ZD00347,제2879부대,ZD00347,87.995,29987610,29962000,27783691,2024-07-09,13:00:00,개찰완료,29362000,97.913,2024-07-09,원욱,김선한,김선한,384-01-03654,"경상남도 창원시 성산구 용지로169번길13, 3층 320호(용호동, 라이크빌-1)"
LDH0585,2,(자재) 호스 등 16종 구매,물품,총액계약,제한경쟁,적격심사제,Y,제2879부대,ZD00347,제2879부대,ZD00347,87.995,36735633,36920000,34235745,2024-07-09,13:00:00,개찰완료,32573778,88.67,2024-07-09,선경,정왕균,정왕균,225-51-00727,경상남도 김해시 한림면 안곡로520-2
LDH0597,1,K21 개스킷 등 2종 구매  ,물품,총액계약,제한경쟁,적격심사제,Y,제2879부대,ZD00347,제2879부대,ZD00347,87.995,11583811,11680000,10830758,2024-07-09,13:00:00,개찰완료,10238650,88.387,2024-07-09,도하테크,이은선,이은선,480-27-01672,부산광역시 강서구 대저로3번길52-15 (대저1동)
LDH0598,1,K200 링 세트 피스톤용 등 4종 구매,물품,총액계약,제한경쟁,적격심사제,Y,제2879부대,ZD00347,제2879부대,ZD00347,87.995,6544683,6543000,6067174,2024-07-09,13:00:00,개찰완료,6000000,91.677,2024-07-09,신기산업,박재완,박재완,396-08-01342,부산광역시 북구 의성로59번길1 (덕천동)
LDH0600,1,K9자주포 스위치 압력식 구매,물품,총액계약,제한경쟁,적격심사제,Y,제2879부대,ZD00347,제2879부대,ZD00347,87.995,2774829,2769000,2568344,2024-07-09,13:00:00,개찰완료,2464000,88.798,2024-07-09,동양기전,황정태,황정태,198-50-00016,부산광역시 사상구 모덕로96번길55-0 (덕포동)
LHQ0035,1,24년 SMS전송시스템 교체사업(전송장비 슈터기),물품,총액계약,일반경쟁,적격심사제,Y,제6619부대,1290300,제6619부대,1290300,82.995,37001792,37000000,34224545,2024-07-09,11:00:00,개찰완료,36075000,97.495,2024-07-09,주식회사 아이엘미디어,정은진,정미경,682-88-01658,"경기도 하남시 하남대로947, A동 703호 (풍산동, 하남테크노밸리 U1 CENTER)"
LIK0050,1,UAV 정비용장비(동정압시험기) 구매계약,물품,총액계약,제한경쟁,적격심사제,Y,제2217부대,ZD01107,제2217부대,ZD01107,87.995,48745589,48400000,44000000,2024-07-09,11:00:00,개찰완료,42894100,87.995,2024-07-09,이룸유통,김민서,김민서,131-41-64602,"인천광역시 남동구 운연천로11, 1305동 601호"
LPF0062,1,간부숙소 신축 시설공사-다기능성페인트 192,물품,총액계약,일반경쟁,적격심사제,Y,제5067부대,ZD00019,제5067부대,ZD00019,87.995,25537527,25537000,23215455,2024-07-09,10:30:00,개찰완료,22584000,88.434,2024-07-10,에스에이치씨피주식회사,한향순,장진섭,314-81-67821,충청남도 금산군 추부면 한사래길 6()
MCD0036,1,무기체계 시험평가 사고예방 안전매뉴얼 연구,용역,총액계약,협상에의한계약(전자),협상,N,국방부(운영지원과),1290000,국방부(운영지원과),1290000,,28388000,,25807273,2024-07-09,17:00:00,개찰완료,28000000,98.633,2024-07-23,계명대학교 산학협력단,김범준,정아름,503-82-09622,"대구광역시 달서구 달구벌대로1095-0 (신당동, 계명대학교)"
MDR0037,1,다공성 음압호스 구매,물품,총액계약,제한경쟁,적격심사제,Y,제9965부대,ZD00075,제9965부대,ZD00075,87.995,49476657,50000000,46363636,2024-07-09,11:00:00,개찰완료,43591400,88.104,2024-07-09,테라이엔씨,박성진,박성진,623-16-00541,"경기도 안양시 만안구 덕천로152번길25, 제18층  에이 1809비호(안양동,  안양아이에스BIZ타워센트럴)"
MGO0001,1,탐색구조헬기 영상전송장비 장착 개선,물품,총액계약,2단계경쟁(동시),최저가격제,N,국방기술품질원,B551544,국방기술품질원,B551544,0,4084850329,4130000000,3754545455,2024-07-09,15:00:00,개찰완료,3209000000,78.558,2024-07-16,주식회사 중앙첨단소재,김영신,박지형,105-81-99490,"경기도 안양시 동안구 시민대로115, 5층 503호 (호계동)"
MHD0065,1,자주도하장비 및 특수작전용경전술차량 시설연구용역,용역,총액계약,협상에의한계약(전자),협상,N,방위사업청(운영지원과),1690000,방위사업청(운영지원과),1690000,,55000000,,50000000,2024-07-09,15:00:00,개찰완료,52250000,95,2024-08-06,(주)에프오알엠도시건축공간연구소,권시형,양진,264-81-32634,"서울특별시 송파구 법원로11길25-0, A동 1310호(문정동, 에이치비즈니스파크)"
SCF0647,2,의장 영관예식도 구매,물품,총액계약,제한경쟁,적격심사제,Y,해군군수사령부,ZD00289,해군군수사령부,ZD00289,87.995,8014449,8000000,7500000,2024-07-09,10:30:00,개찰완료,7057200,88.055,2024-07-09,주식회사 대림산업기술,이필례,박은정,303-86-02497,경기도 군포시 엘에스로182번길28-7 (산본동) 2층
SCF0702,1,(긴급) 조명등  전기식 1종,물품,총액계약,제한경쟁,적격심사제,Y,해군군수사령부,ZD00289,해군군수사령부,ZD00289,87.995,28540897,28754000,29545455,2024-07-09,10:30:00,개찰완료,25114750,87.995,2024-07-09,육일공사,김희정,김희정,872-23-00684,"전북특별자치도 전주시 덕진구 만성로147-0 (만성동, 전주 만성 에코르 1단지)101/1707"
SCF0701,1,(긴급) 멤브레인 조립체 1종,물품,총액계약,제한경쟁,적격심사제,Y,해군군수사령부,ZD00289,해군군수사령부,ZD00289,87.995,57460033,57647000,53454545,2024-07-09,10:30:00,개찰완료,50562980,87.996,2024-07-09,문테크,김순옥,김순옥,696-04-00551,경상북도 김천시 부항면 안간1길65-26
SCF0709,1,전지  축전식 3EA 구매,물품,총액계약,제한경쟁,적격심사제,Y,해군군수사령부,ZD00289,해군군수사령부,ZD00289,87.995,17924980,18000000,17496000,2024-07-09,10:30:00,개찰완료,15773260,87.995,2024-07-09,하림상사,최하림,최하림,205-18-45816,"경기도 수원시 장안구 파장로112-13, 402호(파장동)"
SCF0698,2,유흡착재  로프부착형 등 2종 구매,물품,총액계약,제한경쟁,적격심사제,Y,해군군수사령부,ZD00289,해군군수사령부,ZD00289,87.995,26261308,26000000,24250000,2024-07-09,10:30:00,개찰완료,23135320,88.096,2024-07-09,메인커머스,오유림,오유림,819-51-00712,"충청북도 청주시 상당구 산성로98번길23, 7층 제7696(용담동)"
SCF0708,1,재난대비물자 12종 구매,물품,총액계약,제한경쟁,적격심사제,Y,해군군수사령부,ZD00289,해군군수사령부,ZD00289,87.995,6570219,6500000,6055455,2024-07-09,10:30:00,개찰완료,5782400,88.009,2024-07-09,주식회사 제이디글로벌,김현영,김현영,703-86-01174,"경상남도 창원시 마산합포구 산호북4길30, 가동 상가212호(산호동, 용마맨션)"
SCF0707,1,초음파세척기 1EA 구매,물품,총액계약,제한경쟁,적격심사제,Y,해군군수사령부,ZD00289,해군군수사령부,ZD00289,87.995,28319840,28600000,32272727,2024-07-09,10:30:00,개찰완료,25198858,88.979,2024-07-09,제일산업,김영안,김영안,137-46-00241,경상남도 창원시 의창구 의창대로282번길9-15 (중동)
SCF0710,1,워커리프트트럭 1SET 구매,물품,총액계약,제한경쟁,적격심사제,Y,해군군수사령부,ZD00289,해군군수사령부,ZD00289,87.995,46591464,46000000,42850000,2024-07-09,10:30:00,개찰완료,40999862,87.998,2024-07-09,더긋다,심유리,심유리,276-20-02020,"인천광역시 부평구 원적로361 (산곡동, 한화아파트) 104-1501"
SCF0703,1,날개  프로펠러용  선박용 등 1종 구매,물품,총액계약,제한경쟁,적격심사제,Y,해군군수사령부,ZD00289,해군군수사령부,ZD00289,87.995,179209164,177000000,164545455,2024-07-09,10:30:00,개찰완료,175230000,97.779,2024-07-09,(주)신라금속,김형진,양혁진,603-81-09793,부산광역시 강서구 녹산산단17로14번길34-0 (송정동)
SCF0705,1,군사경찰 견식줄 등 13종 구매,물품,총액계약,제한경쟁,적격심사제,Y,해군군수사령부,ZD00289,해군군수사령부,ZD00289,87.995,15151066,15000000,14166364,2024-07-09,10:30:00,개찰완료,13332870,87.999,2024-07-09,해밀테크,박선화,박선화,194-62-00133,"전라남도 순천시 팔마5길84-0 (연향동), 201호"
SCF0704,1,재난대비 물자(넉가래 등 18종) 구매,물품,총액계약,제한경쟁,적격심사제,Y,해군군수사령부,ZD00289,해군군수사령부,ZD00289,87.995,2801777,2800000,2673636,2024-07-09,10:30:00,개찰완료,2465860,88.01,2024-07-09,마카툴 코리아,이용석,이용석,506-49-00716,"경상북도 경주시 현곡면 나원길176, 나동"
UMM0892,1,(246032-G) 24년 화상회의체계 구축사업(리스자산),물품,총액계약,일반경쟁,적격심사제,Y,국군재정관리단,ZD00303,국군재정관리단,ZD00303,82.995,5481551433,5427183117,5032478891,2024-07-09,11:00:00,개찰완료,4794862012,87.472,2024-07-09,영현정보통신(주),김두식,김두식,121-81-40540,"서울특별시 구로구 공원로6나길12-0 (구로동,경방빌딩) 301호"
UMM0905,1,(246245-F) 노트북 도입사업(리스자산),물품,총액계약,일반경쟁,적격심사제,Y,국군재정관리단,ZD00303,국군재정관리단,ZD00303,82.995,2702613174,2702148030,2505628182,2024-07-09,11:00:00,개찰완료,2243881214,83.026,2024-07-09,삼성전자 주식회사,한종희,배재원,124-81-00998,경기도 수원시 영통구 삼성로 129(매탄동)
UMM0906,1,(247253-F) 유전자 검사 재료 구매,물품,총액계약,일반경쟁,적격심사제,Y,국군재정관리단,ZD00303,국군재정관리단,ZD00303,82.995,670219872,669404900,620720909,2024-07-09,11:00:00,개찰완료,597009248,89.076,2024-07-09,주식회사 휴먼앤사이언스,박희진,박희진,273-87-01364,충청북도 청주시 흥덕구 오송읍 연제만수길49-0
UMM0895,1,24-M-군악기(수자폰 등 7종) 구매,물품,총액계약,제한경쟁,적격심사제,Y,국군재정관리단,ZD00303,국군재정관리단,ZD00303,87.995,86247676,85670000,79445455,2024-07-09,11:00:00,개찰완료,75895120,87.996,2024-07-09,박상(주),박경훈,박경훈,277-81-03187,"대전광역시 유성구 은구비남로33번길13-8, 3181호(지족동, 양지빌딩)"
UMM0891,1,24-N-경호물자 세트 구매,물품,총액계약,제한경쟁,적격심사제,Y,국군재정관리단,ZD00303,국군재정관리단,ZD00303,87.995,69169380,68890000,63886000,2024-07-09,11:00:00,개찰완료,60866080,87.995,2024-07-09,전고스토어,오인자,오인자,822-21-01141,전북특별자치도 전주시 완산구 견훤왕궁로59-1 (중노송동)
HCF0164,1,중소기업진흥 적용개발무기체계 적정군수지원방안연구,용역,총액계약,2단계경쟁(동시),최저가격제,N,공군군수사령부,ZD00306,공군군수사령부,ZD00306,0,70993034,70462509,65337964,2024-07-10,13:00:00,개찰완료,56778690,79.977,2024-07-10,(사)21세기군사연구소,김진욱,박계향,108-82-05061,"서울특별시 금천구 가산디지털2로184, 10층 1017호(가산동, 벽산디지털밸리2차)"
HCF0171,1,솔벤트 구매,물품,총액계약,제한경쟁,적격심사제,Y,공군군수사령부,ZD00306,공군군수사령부,ZD00306,87.995,19581771,19478800,20317600,2024-07-10,10:30:00,개찰완료,17242360,88.053,2024-07-10,새롬상사,최준호,최준호,523-03-03248,경상남도 김해시 수가로242-9(응달동)
HDF0052,1,‘24년~‘27년 가스(LPG),물품,총액계약,제한경쟁,적격심사제,Y,공군 제8전투비행단,ZD00185,공군 제8전투비행단,ZD00185,87.995,118328694,117857139,109285711,2024-07-10,11:00:00,개찰완료,104330640,88.17,2024-07-12,주식회사 강원에너지산업,용수정,용수정,336-81-01192,강원특별자치도 춘천시 신동면 혈동고개길384
HDQ0066,1,20비 24-134 항공기 냉각용 절연유(COOLANOL 25R),물품,총액계약,제한경쟁,적격심사제,Y,제20전투비행단,ZD00161,제20전투비행단,ZD00161,87.995,166228465,166078000,154000000,2024-07-10,11:00:00,개찰완료,146498380,88.13,2024-07-10,참존,이정호,이정호,244-76-00100,"경기도 남양주시 다산순환로166, 701호(다산동, 다산신화타워)"
LCF0430,1,발전기  교류식 등 3항목 구매(기장),물품,총액계약,제한경쟁,적격심사제,Y,육군군수사령부,1290307,육군군수사령부,1290307,87.995,104927222,105707558,96097780,2024-07-10,10:30:00,개찰완료,92900000,88.537,2024-07-10,주식회사 세연인터내셔널,신현철,신현철,327-81-00184,"경기도 구리시 수택천로16번길32, 2층 (수택동, 세연빌딩)"
LCF0433,1,베어링  볼형 등 19항목 구매(기동-구매-020),물품,총액계약,제한경쟁,적격심사제,Y,육군군수사령부,1290307,육군군수사령부,1290307,87.995,128583183,127920571,116291428,2024-07-10,10:30:00,개찰완료,127500000,99.157,2024-07-10,주식회사 에코비투,하영임,현동윤,110-86-05795,"경기도 고양시 덕양구 삼원로73, 721호(원흥동, 원흥한일윈스타)"
LCG0057,2,[24-육-149] 한  아세안 국제 군수 포럼 행사대행,용역,총액계약,제한경쟁,적격심사제,Y,육군본부,1290298,육군본부,1290298,87.745,56428517,56466820,51333473,2024-07-10,12:30:00,개찰완료,49546217,87.803,2024-07-11,(주)경남종합개발,서경남,서경남,134-86-52431,경기도 안산시 단원구 적금로65-0 (고잔동). 306호
LIK0051,1,검사세트 포신용 로봇형 구매,물품,총액계약,제한경쟁,적격심사제,Y,제2217부대,ZD01107,제2217부대,ZD01107,87.995,31334206,31309000,28462727,2024-07-10,11:00:00,개찰완료,27659180,88.271,2024-07-10,해솔상사,남예주,남예주,267-21-01010,"경상북도 칠곡군 북삼읍 북삼로2길37, 3층 307호(우림하이츠)"
LKG0069,1,00부대 주둔지 소규모환경영향평가 용역,용역,총액계약,일반경쟁,적격심사제,Y,육군제53보병사단,ZD00094,육군제53보병사단,ZD00094,87.745,207413126,209513000,190466364,2024-07-10,11:00:00,개찰완료,181998000,87.746,2024-07-11,주식회사 대영엔지니어링,유병화,손성호,120-81-23062,"경상남도 창원시 성산구 중앙대로 56(상남동, 양지프라자301-2호)"
LKG0070,1,00부대 주둔지 소규모재해영향평가 용역,용역,총액계약,일반경쟁,적격심사제,Y,육군제53보병사단,ZD00094,육군제53보병사단,ZD00094,87.745,207819151,210000000,190909091,2024-07-10,11:00:00,개찰완료,182422000,87.779,2024-07-11,주식회사 보람엔지니어링건축사사무소,김현석,김욱진,127-81-93254,"경상북도 구미시 수출대로152, (공단동) 지식산업센터 제2층 206호"
LKP0118,1,24년 식품검사장비 운영소모품 구매,물품,총액계약,제한경쟁,적격심사제,Y,제6335부대,Z006123,제6335부대,Z006123,87.995,41061273,41259000,37508891,2024-07-10,11:00:00,개찰완료,36137800,88.009,2024-07-10,더펜상사주식회사,고혜숙,고혜숙,609-81-78075,부산광역시 강서구 미음산단로139번길9 (구랑동)
MDD0099,1,24년 재투자 의무장비(기관지내시경마취과용)구매,물품,총액계약,제한경쟁,적격심사제,Y,국군수도병원,ZD00236,국군수도병원,ZD00236,87.995,50128773,49980000,46363636,2024-07-10,12:00:00,개찰완료,44132900,88.039,2024-07-10,주식회사 정현,심정현,심정현,671-88-01226,"경기도 의정부시 둔야로45번길11, 1층 1170호 (의정부동)"
MDG0153,2,24-3차 후생용구(이발기 등 2종) 구매,물품,총액계약,제한경쟁,적격심사제,Y,국군의무사령부,1290291,국군의무사령부,1290291,87.995,1017241,1023000,1172727,2024-07-10,11:00:00,개찰완료,980000,96.339,2024-07-10,주식회사 이음,전병욱,전병욱,586-87-00223,서울특별시 서대문구 포방터2길24 (홍은동)
SCF0711,1,(긴급) 밸브  제어식  압력 및 온도용 1종,물품,총액계약,제한경쟁,적격심사제,Y,해군군수사령부,ZD00289,해군군수사령부,ZD00289,87.995,14141632,14113000,13087273,2024-07-10,10:30:00,개찰완료,12444220,87.997,2024-07-10,코니코어시스템,이혜영,이혜영,441-02-02765,"인천광역시 남동구 논고개로17, 1108동 2104호(논현동, 에코메트로한화꿈에그린아파트)"
SCF0713,1,(긴급)리셉터클 육전 연결용 등 2종,물품,총액계약,제한경쟁,적격심사제,Y,해군군수사령부,ZD00289,해군군수사령부,ZD00289,87.995,12820971,12800000,12454545,2024-07-10,10:30:00,개찰완료,11968000,93.347,2024-07-10,세종상사,노정래,노정래,609-08-56097,경상남도 창원시 진해구 여명로52 (여좌동)
SFG0073,1,M60 진공포장 박스 제조 구매,물품,총액계약,일반경쟁,적격심사제,Y,제9181부대,ZD00151,제9181부대,ZD00151,87.995,7893711,7928200,7351636,2024-07-10,10:30:00,개찰완료,6985560,88.495,2024-07-10,(주)전일우드텍,문연실,노금실,401-81-36243,전북특별자치도 김제시 백구면 금백로1162
SFG0074,1,크레인용 배터리 등 102품목 구매(수리부속),물품,총액계약,제한경쟁,적격심사제,Y,제9181부대,ZD00151,제9181부대,ZD00151,87.995,23082352,23033000,21357882,2024-07-10,10:30:00,개찰완료,20311720,87.996,2024-07-10,주식회사 디엘정보,남환희,남가령,768-87-00989,경기도 남양주시 다산순환로220-0 (다산동) 다산리코빌파크뷰 301
UMM0554,2,24-N-태풍피항 함정  계류부이 및 부이샤클 제조 ,물품,총액계약,일반경쟁,적격심사제,Y,국군재정관리단,ZD00303,국군재정관리단,ZD00303,82.995,293842729,292460000,301372727,2024-07-10,11:00:00,개찰완료,256951200,87.445,2024-07-10,지엠(GM)테크,김명숙,박영희,610-27-67391,울산광역시 울주군 웅촌면 정주권로224-0
UMM0899,1,(246272-E) 스캐너 구매,물품,총액계약,제한경쟁,적격심사제,Y,국군재정관리단,ZD00303,국군재정관리단,ZD00303,87.995,73523775,73107700,68000000,2024-07-10,11:00:00,개찰완료,64697370,87.995,2024-07-10,픽,이용우,이용우,329-29-00974,충청북도 제천시 백운면 구학산로748
UMM0893,1,24-N-해상 대테러 작전 지원용 드론 제조,물품,총액계약,제한경쟁,적격심사제,Y,국군재정관리단,ZD00303,국군재정관리단,ZD00303,87.995,189912109,187740000,181818182,2024-07-10,11:00:00,개찰완료,187740000,98.856,2024-07-10,주식회사 한컴인스페이스,최명진,김민재,314-86-31838,"대전광역시 유성구 엑스포로1, 12층(도룡동, 사이언스센터)"
LCF0389,3,플랩  내측 튜브용 등 13항목 제조(기동-제조-007-재),물품,총액계약,제한경쟁,적격심사제,Y,육군군수사령부,1290307,육군군수사령부,1290307,82.995,235657622,235451143,214046494,2024-07-11,10:30:00,개찰완료,235451140,99.912,2024-07-11,동아타이어공업 주식회사,김상헌,김태형,601-86-00898,경상남도 양산시 유산공단11길11-0(유산동)
LFN0025,1,24-2학기 생도교과서(국내서) 구매,물품,총액계약,제한경쟁,적격심사제,Y,육군3사관학교,1290306,육군3사관학교,1290306,90,147566989,146574620,133249655,2024-07-11,14:00:00,개찰완료,132838539,90.019,2024-07-12,에스와이상사,박서영,박서영,576-26-01388,"경상북도 경주시 능원길22-0 (도지동, 코아루 그랑블) 103동502호"
LNR0021,1,24년 공기청정기 필터 제조 구매,물품,총액계약,일반경쟁,적격심사제,Y,수도기계화보병사단,ZD00361,수도기계화보병사단,ZD00361,87.995,118280671,117683000,106984545,2024-07-11,11:00:00,개찰완료,104282000,88.164,2024-07-11,(주) 한새,김진석,김기대,137-81-96812,인천광역시 서구 보듬5로6-0 (오류동)
SCF0716,1,UDT팔각모 등 3종 제조,물품,총액계약,제한경쟁,적격심사제,Y,해군군수사령부,ZD00289,해군군수사령부,ZD00289,87.995,32340051,32000000,29990000,2024-07-11,10:30:00,개찰완료,29120000,90.043,2024-07-11,주식회사 예감,강중원,반성규,126-86-61701,경기도 하남시 청뜰로5(풍산동)
SCF0719,1,24년 Lynx 항공기 기내녹음장비 유지보수 정비,물품,총액계약,일반경쟁,적격심사제,Y,해군군수사령부,ZD00289,해군군수사령부,ZD00289,82.995,74644046,75000000,69562727,2024-07-11,10:30:00,개찰완료,64000000,85.74,2024-07-11,한양무선통신,최영복,최영복,608-25-94213,경상남도 창원시 의창구 팔용로 399()
SCF0715,1,4주식리프트  소형 2EA 구매,물품,총액계약,제한경쟁,적격심사제,Y,해군군수사령부,ZD00289,해군군수사령부,ZD00289,87.995,18947958,19000000,17763636,2024-07-11,10:30:00,개찰완료,16673273,87.995,2024-07-11,도윤마켓,이동훈,이동훈,203-17-99677,"서울특별시 강서구 방화대로34길88 (방화동, 마곡 푸르지오)105동702호"
SCF0714,1,동계취사복 2 530EA 제조,물품,총액계약,제한경쟁,적격심사제,Y,해군군수사령부,ZD00289,해군군수사령부,ZD00289,87.995,48529238,49000000,49979000,2024-07-11,10:30:00,개찰완료,42912300,88.425,2024-07-11,지지올레,이윤희,이윤희,132-14-36404,"경기도 부천시 원미구 옥산로208번길37, 4층(도당동)"
UMM0904,1,(24G215-A)군 의료요원 배상책임보험 용역,용역,총액계약,일반경쟁,적격심사제,Y,국군재정관리단,ZD00303,국군재정관리단,ZD00303,47.995,583561697,585000000,590263636,2024-07-11,11:00:00,개찰완료,281500000,48.238,2024-07-11,삼성화재해상보험 주식회사,이문화,황현정,202-81-45617,서울특별시 서초구 서초대로74길14 (서초동)
UMM0901,1,24~25-D-별관 시스템에어컨(GHP) 연간 유지관리 용역,용역,총액계약,제한경쟁,적격심사제,Y,국군재정관리단,ZD00303,국군재정관리단,ZD00303,87.995,56776875,56700000,52576800,2024-07-11,11:00:00,개찰완료,49963520,87.999,2024-07-11,(주)우림에너지,최해숙,최해숙,204-81-82791,"경기도 남양주시 경춘로982,4층 403호(금곡동,병지빌딩)"
UMM0902,1,(246036-B1)대형전시체계 교체 사업(리스자산),물품,총액계약,일반경쟁,적격심사제,Y,국군재정관리단,ZD00303,국군재정관리단,ZD00303,87.995,202645159,201361370,205729509,2024-07-11,11:00:00,개찰완료,178319180,87.995,2024-07-11,엘림네트웍스 주식회사,이경욱,이경욱,121-81-72625,인천광역시 서구 원당대로480번길47-1 (왕길동)
EKA0021,1,10톤 상용구난차,물품,총액계약,일반경쟁,적격심사제,Y,방위사업청,1690000,방위사업청,1690000,,8600789545,8569522000,0,2024-07-12,11:00:00,개찰완료,7663076652,89.097,2024-07-12,주식회사 평강비아이엠(B. I. M),최길호,김지호,403-81-22968,전북특별자치도 익산시 삼기면 삼기농공단지길44-0
LCF0412,2,튜브 등 15항목 구매(일장-014),물품,총액계약,제한경쟁,적격심사제,Y,육군군수사령부,1290307,육군군수사령부,1290307,87.995,50917615,50415980,45832709,2024-07-12,10:30:00,개찰완료,46998540,92.303,2024-07-15,동영사,안광선,안광선,450-05-00933,"부산광역시 금정구 금사로35, 2층(서동)"
MCD0039,1,전군 통합된 자살예방교육 교재 개발,용역,총액계약,협상에의한계약(전자),협상,N,국방부(운영지원과),1290000,국방부(운영지원과),1290000,,73312000,,66647273,2024-07-12,17:00:00,개찰완료,70000000,95.482,2024-07-25,주식회사 디에잇컴퍼니,김희진,김희진,404-87-02007,"경기도 부천시 지봉로43, 비에이104호(역곡동, 카톨릭대학교 밤비노관)"
MDJ0043,1,의무장비(태아감시장치) 구매계약,물품,총액계약,일반경쟁,적격심사제,Y,국군대전병원,ZD00241,국군대전병원,ZD00241,87.995,8575334,8627440,8000000,2024-07-12,13:30:00,개찰완료,7546345,88,2024-07-12,에스에이엠 컴퍼니,김재호,김재호,169-33-01174,경기도 수원시 장안구 영화로85번길30-2 (정자동)
MGO0003,2,후방지역 위성통신체계 전투효율성 개선,물품,총액계약,2단계경쟁(동시),최저가격제,N,국방기술품질원,B551544,국방기술품질원,B551544,0,5803588977,5804000000,6900000000,2024-07-12,15:00:00,개찰완료,4433000000,76.383,2024-07-22,주식회사 머큐리,황하영,이창형,137-81-31255,인천광역시 서구 가재울로 90(가좌동)
UMM0896,1,24-N-카본제거기 구매,물품,총액계약,제한경쟁,적격심사제,Y,국군재정관리단,ZD00303,국군재정관리단,ZD00303,87.995,168490901,169310000,157000000,2024-07-12,11:00:00,개찰완료,148264870,87.995,2024-07-12,다모아테크,백나현,백나현,504-27-57185,"대구광역시 동구 팔공로28길11,  102호(불로동)"
HCL0050,2,24-공군사관학교 4학년 생도 해외항법훈련 용역,용역,총액계약,협상에의한계약(서류),협상,N,공군사관학교,7002962,공군사관학교,7002962,0,465421470,465421470,438152082,2024-07-15,10:30:00,개찰완료,457769570,98.355,2024-07-25,주식회사 글로벌에이케이,김찬영,임재훈,107-88-00110,"서울특별시 강서구 하늘길38 (방화동, 김포국제공항), 2층 계류장측 281호"
HDK0021,1,24년 대구기지 특수건강진단 민간위탁 검진 용역,용역,총액계약,제한경쟁,적격심사제,Y,공군제11전투비행단,ZD00202,공군제11전투비행단,ZD00202,87.745,141268374,141255850,131118182,2024-07-15,11:00:00,개찰완료,124190000,87.91,2024-07-15,(사) 대한산업보건협회 대구지역본부,백헌기,권태규,503-82-10167,대구광역시 달서구 성서공단로15길 40(19-15)
LCJ0042,1,(24육군-해파37)한빛부대 지원용 컨테이너 2차 구매,물품,총액계약,제한경쟁,적격심사제,Y,종합보급창,ZD00898,종합보급창,ZD00898,82.995,114293185,114705880,106363636,2024-07-15,11:00:00,개찰완료,97535556,85.338,2024-07-15,주식회사인성하우징,김철민,김철민,494-86-03002,경기도 화성시 팔탄면 율암길34번길34-2
LCM0046,2,24년 드론봇챌린지 대회 행사 용역,용역,총액계약,협상에의한계약(전자),협상,N,육군교육사령부,1290302,육군교육사령부,1290302,0,55544503,55267190,50242900,2024-07-15,13:30:00,개찰완료,48635400,87.561,2024-07-26,에이스기획,최경희,김별,301-31-99642,충청북도 청주시 서원구 청남로2097번길22-0 (수곡동)
LNG0056,1,24년 식기세척기 임차 용역,용역,총액계약,일반경쟁,적격심사제,Y,육군 제1군단,ZD00275,육군 제1군단,ZD00275,87.745,157108796,158400000,144000000,2024-07-15,11:00:00,개찰완료,139090900,88.531,2024-07-15,에스지원,김성진,오수경,391-04-00374,"경기도 하남시 미사강변한강로135, 나동 0622호(망월동, 미사강변스카이폴리스)"
MHD0051,3,특수작전용대형기동헬기 기종결정 평가방안 연구,용역,총액계약,협상에의한계약(전자),협상,N,방위사업청(운영지원과),1690000,방위사업청(운영지원과),1690000,,35000000,,31818182,2024-07-15,15:00:00,개찰완료,33000000,94.285,2024-08-26,사단법인 안보경영연구원,전건욱,조대현,120-82-07415,"서울특별시 강남구 언주로527, 10층 (역삼동)"
MHD0060,2,2024년 방산물자 현황분석 연구용역,용역,총액계약,협상에의한계약(전자),협상,N,방위사업청(운영지원과),1690000,방위사업청(운영지원과),1690000,,96000000,,87272727,2024-07-15,15:00:00,개찰완료,95907000,99.903,2024-09-02,국방기술품질원,신상범,진수빈,204-82-09119,경상남도 진주시 동진로420 (충무공동)
UMM0897,1,24-D-69톤 트랙터 구매,물품,총액계약,제한경쟁,적격심사제,Y,국군재정관리단,ZD00303,국군재정관리단,ZD00303,87.995,184120021,183750000,170674545,2024-07-15,11:00:00,개찰완료,181900000,98.794,2024-07-15,씨지에스아이티(주),최규식,최규식,107-86-77070,"서울특별시 금천구 가산디지털1로1-0 (가산동, 더루벤스밸리) 1208호"
EBB0293,1,고압호스(전차),물품,총액계약,제한경쟁,적격심사제,Y,방위사업청,1690000,방위사업청,1690000,,198235352,198509000,0,2024-07-16,11:00:00,개찰완료,174635430,88.094,2024-07-16,태양산업,윤창권,윤창권,606-38-89510,경상남도 양산시 학동길58(어곡동)
ELA0024,1,충전기 전지용,물품,총액계약,일반경쟁,적격심사제,Y,방위사업청,1690000,방위사업청,1690000,,536092985,535396000,0,2024-07-16,11:00:00,개찰완료,483850000,90.254,2024-07-16,주식회사 신보,유재정,박준범,123-81-29804,경기도 안양시 만안구 덕천로48번길29-0 (안양동)
HCF0173,1,조달-기관-1  냉각수 장비 제조,물품,총액계약,일반경쟁,적격심사제,Y,공군군수사령부,ZD00306,공군군수사령부,ZD00306,87.995,59446784,59730000,54300000,2024-07-16,10:30:00,개찰완료,52314180,88.001,2024-07-16,주식회사 성운이엔지,김기형,김필화,314-86-33229,"대전광역시 유성구 테크노2로319, A동(탑립동)"
HDP0030,1,가스연료(LPG) 구매,물품,총액계약,제한경쟁,적격심사제,Y,공군제19전투비행단,ZD00189,공군제19전투비행단,ZD00189,87.995,119077882,119700000,108818182,2024-07-16,11:00:00,개찰완료,107730000,90.47,2024-07-16,주식회사거성에너지,박정봉,박정봉,303-81-77708,충청북도 충주시 서흥1길22-0 (목행동)
LCF0358,3,다이얼 눈금식 등 38항목 제조(총포),물품,총액계약,제한경쟁,적격심사제,Y,육군군수사령부,1290307,육군군수사령부,1290307,87.995,85000898,85324540,77567764,2024-07-16,11:30:00,개찰완료,75093000,88.343,2024-07-16,진해공업,김재원,김재원,608-14-66967,경상남도 김해시 한림면 김해대로916번길54-42
LDH0611,1,통신 축전기(37A268443) 구매,물품,총액계약,제한경쟁,적격심사제,Y,제2879부대,ZD00347,제2879부대,ZD00347,87.995,12129854,12070000,11192727,2024-07-16,13:00:00,개찰완료,10687019,88.105,2024-07-17,일광정보통신,정재성,정재성,502-01-44383,"경상북도 영천시 칠백로885-25(작산동, 2층)"
LDH0612,1,통신 캐패시터(012768069) 구매,물품,총액계약,제한경쟁,적격심사제,Y,제2879부대,ZD00347,제2879부대,ZD00347,87.995,38074660,38333000,35545455,2024-07-16,13:00:00,개찰완료,37950000,99.672,2024-07-17,모아컴,이상주,이상주,217-15-72222,서울특별시 송파구 양산로12 (거여동) 세신거여훼미리타운 303호
LGP0110,1,24년 화력장비 정비장비(검사세트 포신용 로봇형)구매,물품,총액계약,제한경쟁,적격심사제,Y,제5378부대,ZD00217,제5378부대,ZD00217,87.995,31211886,31309000,28462727,2024-07-16,11:00:00,개찰완료,27591000,88.399,2024-07-16,지티시스템,정대석,정대석,130-39-00882,경기도 수원시 영통구 광교로109-0 (이의동) 한국나노기술원 2층 창업지원센터
LPN0008,2,예비군 야전배낭 구매(육성-1),물품,총액계약,제한경쟁,적격심사제,Y,수도군단,ZD00104,수도군단,ZD00104,87.995,37280782,37187970,34483391,2024-07-16,10:30:00,개찰완료,32835929,88.077,2024-07-16,주식회사 엔에이치,이남택,최소영,141-81-34270,경기도 남양주시 진접읍 내각1로73번길38-1
MCD0027,2,군 복무가치 제고 방안 연구,용역,총액계약,협상에의한계약(전자),협상,N,국방부(운영지원과),1290000,국방부(운영지원과),1290000,,49500000,,45000000,2024-07-16,11:00:00,개찰완료,49500000,100,2024-08-13,(사단) 한국정치학회,조화순,심장원,120-82-03345,서울특별시 마포구 동교로183-11 (동교동) 한국정치학회빌딩 4층 한국정치학회
MDG0165,1,고양병원 공조기 필터 교체 설치납품,물품,총액계약,제한경쟁,적격심사제,Y,국군의무사령부,1290291,국군의무사령부,1290291,87.995,21513320,21504860,19549873,2024-07-16,11:00:00,개찰완료,18930810,87.995,2024-07-16,(주)에어드림,김명진,김영태,462-88-01700,경기도 남양주시 화도읍 가곡로88번길29-0
MDG0168,1,서울지구병원 수배전 설비 제조 설치 납품,물품,총액계약,제한경쟁,적격심사제,Y,국군의무사령부,1290291,국군의무사령부,1290291,87.995,38381102,38401000,34910000,2024-07-16,11:00:00,개찰완료,33791800,88.042,2024-07-16,탑인더스트리(주),최정현,이정임,118-81-17437,"서울특별시 구로구 디지털로29길 38, 구로3차 에이스테크노타워 704호(구로동)"
MDG0169,1,서울지구병원 UPS 노후설비 부품 교체 설치 납품,물품,총액계약,제한경쟁,적격심사제,Y,국군의무사령부,1290291,국군의무사령부,1290291,87.995,26550396,26637000,24215455,2024-07-16,11:00:00,개찰완료,23373380,88.034,2024-07-16,주식회사문장전력,이주선,이주선,553-88-01044,"서울특별시 강북구 도봉로23나길31, 1층 3호(미아동)"
MDG0171,1,구리병원 전열교환기 필터 제조 설치 납품,물품,총액계약,제한경쟁,적격심사제,Y,국군의무사령부,1290291,국군의무사령부,1290291,87.995,5050398,5071000,4610000,2024-07-16,11:00:00,개찰완료,4447840,88.069,2024-07-16,예일크린테크 (주),박환수,박환수,119-81-65780,경기도 파주시 탄현면 소리개길164-15
MDS0011,1,707체계 수리부속 구매(레이돔 보수킷트),물품,총액계약,제한경쟁,적격심사제,Y,제3707부대,1290494,제3707부대,1290494,87.995,33755475,33347745,30922455,2024-07-16,10:30:00,개찰완료,30593000,90.631,2024-07-16,주식회사 칼라투,김보민,김보민,222-81-35447,"경기도 고양시 덕양구 중앙로558번길16-16, 308-A호(행신동, 능곡종합프라자)"
SCF0628,2,000함 함수추진기 외주정비,물품,총액계약,일반경쟁,적격심사제,Y,해군군수사령부,ZD00289,해군군수사령부,ZD00289,82.995,222834295,222000000,206780909,2024-07-16,10:30:00,개찰완료,195360000,87.67,2024-07-16,주식회사 태양테크,최형규,정성숙,608-81-80904,경상남도 창원시 마산회원구 봉암공단11길 51()
SCF0727,1,LSF-I 무레나 부양팬 플랩 외주정비,물품,총액계약,일반경쟁,적격심사제,Y,해군군수사령부,ZD00289,해군군수사령부,ZD00289,82.995,42240746,42000000,45880909,2024-07-16,10:30:00,개찰완료,36960000,87.498,2024-07-16,주식회사 태양테크,최형규,정성숙,608-81-80904,경상남도 창원시 마산회원구 봉암공단11길 51()
SCF0653,2,24년 LynxFTD(모의비행장치) 유지보수 용역,용역,총액계약,일반경쟁,적격심사제,Y,해군군수사령부,ZD00289,해군군수사령부,ZD00289,87.745,126053955,127000000,121694545,2024-07-16,10:30:00,개찰완료,111224000,88.235,2024-07-16,MRO Tech(엠알오텍),안기수,안기수,244-52-00405,"대구광역시 북구 영송로15, 2층 6210호 (태전동, 대구보건대학교 복지관)"
SCF0728,1,실리콘 테이프(회색) 등 89종 구매,물품,총액계약,제한경쟁,적격심사제,Y,해군군수사령부,ZD00289,해군군수사령부,ZD00289,87.995,9333086,9400000,9339568,2024-07-16,10:30:00,개찰완료,8216520,88.036,2024-07-16,예천,추승보,추승보,512-07-93995,"대구광역시 동구 팔공로101길55, 207동 6층 610호(지묘동, 팔공2차보성아파트)"
SCF0729,1,파이프나선기 10EA 구매,물품,총액계약,제한경쟁,적격심사제,Y,해군군수사령부,ZD00289,해군군수사령부,ZD00289,87.995,22814317,23000000,23863636,2024-07-16,10:30:00,개찰완료,20075730,87.996,2024-07-16,위즈원텍,김태성,김태성,490-25-01243,"대전광역시 서구 월평로24, 3층 302호 (월평동)"
SCF0721,1,베어링 덮개 등 5종 구매,물품,총액계약,제한경쟁,적격심사제,Y,해군군수사령부,ZD00289,해군군수사령부,ZD00289,87.995,20971491,21000000,19554545,2024-07-16,10:30:00,개찰완료,18454010,87.995,2024-07-16,이동유통,최민지,최민지,201-20-73614,"경상남도 창원시 의창구 남산로20 (팔용동, 벽산블루밍아파트C단지) 302-105"
SCF0724,1,(긴급)바퀴 캐스터용 후륜 등 13종,물품,총액계약,제한경쟁,적격심사제,Y,해군군수사령부,ZD00289,해군군수사령부,ZD00289,87.995,13939028,13850000,12843364,2024-07-16,13:00:00,개찰완료,12265830,87.996,2024-07-16,현민유통,김지은,김지은,515-07-31154,"경상북도 경산시 삼성현로91길10, 2001동 602호(사동, 팰리스부영2단지)"
SCF0723,1,(긴급)소프트웨어 구매(SOLIDWORKS Professional),물품,총액계약,제한경쟁,적격심사제,Y,해군군수사령부,ZD00289,해군군수사령부,ZD00289,87.995,17787997,17794000,16500000,2024-07-16,13:00:00,개찰완료,15742100,88.498,2024-07-16,지후,하창헌,하창헌,856-02-01309,경기도 고양시 덕양구 행신로131-11 (행신동) 304-2002
SFC0077,1,24-해병-SNS 영상 콘텐츠 제작 대행,용역,총액계약,2단계경쟁(동시),최저가격제,N,제9691부대,ZD00152,제9691부대,ZD00152,0,40197308,40041170,37129091,2024-07-16,10:30:00,개찰완료,32061700,79.76,2024-07-16,주식회사 푸른잎커뮤니케이션,박정은,박정은,631-88-01951,"서울특별시 마포구 성암로330, 404-1호(상암동, XR코워킹오피스)"
SFC0081,2,24-해병-이동식 취약점 분석평가 도구(상용SW) 구매,물품,총액계약,제한경쟁,적격심사제,Y,제9691부대,ZD00152,제9691부대,ZD00152,87.995,40297701,40000000,36363636,2024-07-16,10:30:00,개찰완료,39990000,99.236,2024-07-16,주식회사 우진지앤에스,김화경,장중원,382-87-00771,"서울특별시 송파구 법원로11길7, 제11층 제1120호(문정동,문정현대지식산업센터)"
SFC0082,1,변환 어댑터 플러그 등 277품목 구매,물품,총액계약,제한경쟁,적격심사제,Y,제9691부대,ZD00152,제9691부대,ZD00152,87.995,52577985,52055380,48214800,2024-07-16,10:30:00,개찰완료,46267720,87.998,2024-07-16,주식회사 새집다오,임용대,임용대,788-88-01956,인천광역시 연수구 앵고개로250-0 (동춘동) 7층 707호
UMM0925,1,24-F-방송장비세트(혼합 스테이지  주파수용) 제조,물품,총액계약,제한경쟁,적격심사제,Y,국군재정관리단,ZD00303,국군재정관리단,ZD00303,87.995,750040364,744430000,738160455,2024-07-16,11:00:00,개찰완료,660092700,88.007,2024-07-16,한일통신 주식회사,강창선,김지은,314-81-93654,"대전광역시 유성구 테크노8로28, 2층(용산동)"
UMM0913,1,24-N-함정 복원력 모니터 시스템 구축,용역,총액계약,제한경쟁,적격심사제,Y,국군재정관리단,ZD00303,국군재정관리단,ZD00303,87.745,92372105,92870000,88069127,2024-07-16,11:00:00,개찰완료,81660970,88.404,2024-07-16,로즈사운드랩,최성환,최성환,331-57-00010,"경기도 고양시 일산서구 대화1로12-6 (대화동, 해냄스토리) 2동 401호"
UMM0923,1,(246252-E) 교실 장비도입(빔프로젝터 등 구매설치),물품,총액계약,일반경쟁,적격심사제,Y,국군재정관리단,ZD00303,국군재정관리단,ZD00303,82.995,1839119088,1832178000,1725160000,2024-07-16,11:00:00,개찰완료,1526698595,83.012,2024-07-16,주식회사 벡트,유창수,곽승희,220-87-27579,서울특별시 강남구 역삼로 229(역삼동)
UMM0900,1,24-D-계룡대 출입통제체계 교체(리스자산),물품,총액계약,제한경쟁,적격심사제,Y,국군재정관리단,ZD00303,국군재정관리단,ZD00303,87.995,740539042,744710000,714000000,2024-07-16,11:00:00,개찰완료,652306250,88.085,2024-07-16,지에스네트웍스(주),임동배,최정호,206-81-93673,"서울특별시 성동구 아차산로84, 404호 (성수동2가, 홍인빌딩)"
UMM0907,1,24-F-작동기 구매,물품,총액계약,제한경쟁,적격심사제,Y,국군재정관리단,ZD00303,국군재정관리단,ZD00303,87.995,55427624,54960000,50969000,2024-07-16,11:00:00,개찰완료,52863000,95.373,2024-07-16,에이티 솔루션 (AT Solution),김병겸,김병겸,761-20-01010,대구광역시 동구 동촌로16길8 (검사동) 2층 202호
UMM0909,1,24-F-공구키트  사제폭발물 처리용 구매,물품,총액계약,제한경쟁,적격심사제,Y,국군재정관리단,ZD00303,국군재정관리단,ZD00303,87.995,79424523,80000000,76363636,2024-07-16,11:00:00,개찰완료,69889945,87.995,2024-07-16,(유)목양,임정숙,곽은혜,314-81-26325,충청남도 논산시 연무읍 연무로 320()
UMM0866,2,(24F101-A)식기세척기 임차용역 ,용역,총액계약,제한경쟁,적격심사제,Y,국군재정관리단,ZD00303,국군재정관리단,ZD00303,87.745,169137678,170147050,157772727,2024-07-16,11:00:00,개찰완료,149660500,88.484,2024-07-16,에스지원,김성진,김성진,391-04-00374,"경기도 하남시 미사강변한강로135, 나동 0622호(망월동, 미사강변스카이폴리스)"
UMM0931,1,(24F104-I) 얼음정수기 임차 용역,용역,총액계약,제한경쟁,적격심사제,Y,국군재정관리단,ZD00303,국군재정관리단,ZD00303,87.745,190329144,190588235,176727273,2024-07-16,11:00:00,개찰완료,167030970,87.759,2024-07-16,워터즈,김범석,김범석,562-08-02273,서울특별시 서초구 사임당로19길14-0 (서초동) 5동 3층호
UMM0912,1,24-F-전화기용 케이블 10종 구매,물품,총액계약,제한경쟁,적격심사제,Y,국군재정관리단,ZD00303,국군재정관리단,ZD00303,87.995,171856273,171870000,159372818,2024-07-16,11:00:00,개찰완료,151225050,87.995,2024-07-16,주식회사 태원전력,홍경혜,강병원,388-86-00883,"강원특별자치도 춘천시 동면 구룡당길19, 2층"
UMM0921,1,(246298-C) 생도 교과서 구매,물품,총액계약,제한경쟁,적격심사제,Y,국군재정관리단,ZD00303,국군재정관리단,ZD00303,90,171174187,170350800,154864364,2024-07-16,11:00:00,개찰완료,154057550,90,2024-07-16,대은기업,심은희,심은희,116-04-81946,"부산광역시 금정구 금강로541번길40-0 (구서동, 구서우성아파트) 16동 1301호"
EBB0294,1,반자동식부교 부품(제조),물품,총액계약,제한경쟁,적격심사제,Y,방위사업청,1690000,방위사업청,1690000,,174261095,174622000,0,2024-07-17,14:00:00,개찰완료,153505790,88.089,2024-07-17,도하테크,이은선,이은선,480-27-01672,부산광역시 강서구 대저로3번길52-15 (대저1동)
EBH0064,2,24년 신궁 부품(구매),물품,총액계약,일반경쟁,적격심사제,Y,방위사업청,1690000,방위사업청,1690000,,2053753290,2057266000,0,2024-07-17,13:00:00,개찰완료,1735280472,84.493,2024-07-17,주식회사 와이어블(Wiable Corp.),김문환,김성욱,214-86-12657,"서울특별시 송파구 법원로11길28, 10층, 11층, 12층(문정동, 비케이타워)"
EBH0086,1,24년 천마 수리부속(하우징류),물품,총액계약,일반경쟁,적격심사제,Y,방위사업청,1690000,방위사업청,1690000,,391768617,392235000,0,2024-07-17,11:00:00,개찰완료,331500000,84.616,2024-07-17,삼호정밀,김일천,김수영,622-02-60419,부산광역시 강서구 평강로217-1 (대저1동)
HDL0016,1,국고지원시설 액화석유가스(LPG) 구매,물품,총액계약,제한경쟁,적격심사제,Y,공군제16전투비행단,ZD00186,공군제16전투비행단,ZD00186,82.995,660105536,656268860,608540218,2024-07-17,11:00:00,개찰완료,553089940,83.788,2024-07-17,주식회사 가스원,정명수,정하연,505-81-50756,경상북도 경주시 내외로390-21 (외동읍)
LCF0440,1,펌프 연료용 전기식 등 2항목 구매(궤도-024),물품,총액계약,제한경쟁,적격심사제,Y,육군군수사령부,1290307,육군군수사령부,1290307,82.995,454783271,454145886,412859896,2024-07-17,17:30:00,개찰완료,377552730,83.018,2024-07-18,동부이앤피 주식회사,이경숙,이연주,132-81-37273,경기도 구리시 이문안로158 동양빌딩 3층 2호
LDH0603,2,(일장) 다목적굴착기 냉각기 윤활유식 엔진용 구매,물품,총액계약,제한경쟁,적격심사제,Y,제2879부대,ZD00347,제2879부대,ZD00347,87.995,35277419,35210000,32649453,2024-07-17,13:00:00,개찰완료,31078000,88.096,2024-07-17,진광사,최진욱,최진욱,615-16-41032,경상남도 김해시 진영읍 진영리1611-3 중흥s클래스 119-105
LKP0119,1,24년 군량곡 민간위탁배송(육훈소),용역,총액계약,제한경쟁,적격심사제,Y,제6335부대,Z006123,제6335부대,Z006123,87.745,45515594,45603830,41458027,2024-07-17,11:00:00,개찰완료,43323630,95.184,2024-07-17,디에스케이글로넷 주식회사,정주비,임재혁,215-87-27261,"경기도 화성시 효행로1068, 9층 910-1호 (병점동, 리더스프라자)"
LMH0045,1,우수상용품(대형 구조물 에어텐트) 구매(C069),물품,총액계약,일반경쟁,적격심사제,Y,제7군단,ZD00101,제7군단,ZD00101,87.995,121146546,121500000,110454545,2024-07-17,10:30:00,개찰완료,106605670,87.997,2024-07-17,순조로운,우순조,우순조,810-09-02280,"경상남도 양산시 동면 외송로30, 711동 2502호(사송더샵데시앙 2차 7단지)"
SCF0699,2,잠수함(SS-I  II  III) 조종훈련장비 유지보수 용역,용역,총액계약,일반경쟁,적격심사제,Y,해군군수사령부,ZD00289,해군군수사령부,ZD00289,85.495,291109611,294000000,276111818,2024-07-17,10:30:00,개찰완료,253149000,86.96,2024-07-17,한양무선통신,최영복,최영복,608-25-94213,경상남도 창원시 의창구 팔용로 399()
SCF0736,2,원심과급기  엔진용  비-항공기용 1종 구매,물품,총액계약,제한경쟁,적격심사제,Y,해군군수사령부,ZD00289,해군군수사령부,ZD00289,82.995,869196525,865000000,802495782,2024-07-17,14:30:00,개찰완료,721424500,82.999,2024-07-17,주식회사 포빌리언,이두성,이두성,118-81-33586,"인천광역시 계양구 계산새로71, D동 1107호(계산동, 하이베라스)"
SCF0738,1,필터 엘리먼트  유체용 등 2종 구매,물품,총액계약,제한경쟁,적격심사제,Y,해군군수사령부,ZD00289,해군군수사령부,ZD00289,87.995,25976609,26000000,24297327,2024-07-17,10:30:00,개찰완료,23000000,88.541,2024-07-17,주식회사 서한산업,강윤식,강윤식,603-81-53585,부산광역시 사하구 다산로176번길 35()
SCF0740,1,(긴급)구리니켈 파이프 등 30종,물품,총액계약,제한경쟁,적격심사제,Y,해군군수사령부,ZD00289,해군군수사령부,ZD00289,87.995,12274242,12307000,11412473,2024-07-17,10:30:00,개찰완료,12034000,98.042,2024-07-17,에이스상사,김일천,김일천,585-51-00954,"부산광역시 사하구 다대로339, 1914호(장림동, 극동정림아파트)"
SCF0743,1,DDH-II 에어컨 동력 케이블 및 차단기 교체 정비,물품,총액계약,일반경쟁,적격심사제,Y,해군군수사령부,ZD00289,해군군수사령부,ZD00289,82.995,288669195,286000000,265777273,2024-07-17,10:30:00,개찰완료,251700000,87.193,2024-07-17,주식회사 엠바이지,강석원,정서연,602-81-63718,부산광역시 영도구 남항서로42-0 (남항동3가)
SCF0737,1,측면펜더 등 4종 제조,물품,총액계약,제한경쟁,적격심사제,Y,해군군수사령부,ZD00289,해군군수사령부,ZD00289,87.995,168510249,168000000,166300000,2024-07-17,10:30:00,개찰완료,148374290,88.05,2024-07-17,주식회사 동일알엔씨,박도우,박경남,621-81-56993,경상남도 양산시 어곡공단3길 38(어곡동)
SCF0735,1,대형차량스캐너 2EA 구매,물품,총액계약,제한경쟁,적격심사제,Y,해군군수사령부,ZD00289,해군군수사령부,ZD00289,87.995,9435924,9500000,8812727,2024-07-17,10:30:00,개찰완료,9214000,97.648,2024-07-17,동진상사,윤영현,윤영현,221-06-97424,"경기도 평택시 평택5로34번길48, 402호(합정동)"
SFC0084,1,24-해병-전기안전관리자 선임 및 관리 운영 대행 용역,용역,총액계약,제한경쟁,적격심사제,Y,제9691부대,ZD00152,제9691부대,ZD00152,87.745,59358847,59313720,55000000,2024-07-17,11:00:00,개찰완료,53000000,89.287,2024-07-18,백상코퍼레이션(주),김중권,장경희,105-81-33654,"서울특별시 마포구 마포대로 49(도화동, 성우빌딩)"
UMM0927,1,(24G110-A) 병영시설 민간 전문방제 위탁용역,용역,총액계약,제한경쟁,적격심사제,Y,국군재정관리단,ZD00303,국군재정관리단,ZD00303,87.745,94001920,93353480,86564136,2024-07-17,11:00:00,개찰완료,82483120,87.746,2024-07-17,주식회사 고주몽,강수지,강수지,732-86-00246,경기도 안산시 상록구 당골4길1-0 (사동) 1층
UMM0919,1,24-N-음식물분쇄기 13대 구매,물품,총액계약,제한경쟁,적격심사제,Y,국군재정관리단,ZD00303,국군재정관리단,ZD00303,87.995,56698010,57200000,61218182,2024-07-17,11:00:00,개찰완료,49892590,87.997,2024-07-17,신흥리테일,최영철,최영철,675-02-03144,"충청남도 천안시 서북구 충무로124-24, 111동 801호(쌍용동, 현대홈타운아이파크)"
UMM0932,1,24-N-해군 사병동행사복 등 10종 제조,물품,총액계약,제한경쟁,적격심사제,Y,국군재정관리단,ZD00303,국군재정관리단,ZD00303,87.995,119621394,119180000,110520000,2024-07-17,11:00:00,개찰완료,105285769,88.015,2024-07-17,주식회사 엔미디어솔루션,조윤규,김정언,119-86-53412,"인천광역시 계양구 계산새로71, 비동 310호(계산동, 하이베라스)"
UMM0929,1,(247271-D) 디지털 인쇄장비 구매,물품,총액계약,제한경쟁,적격심사제,Y,국군재정관리단,ZD00303,국군재정관리단,ZD00303,87.995,163002145,161764705,150000000,2024-07-17,11:00:00,개찰완료,143433790,87.995,2024-07-17,플러스전자 주식회사,추동호,추동호,184-87-02724,경기도 김포시 월곶면 문수산로370번길81-10
UMM0940,1,(247268-E) 호흡용 고압공기 압축기 구매,물품,총액계약,제한경쟁,적격심사제,Y,국군재정관리단,ZD00303,국군재정관리단,ZD00303,87.995,76839767,76470580,70909091,2024-07-17,11:00:00,개찰완료,67615300,87.995,2024-07-17,제이앤제이,진형조,진형조,747-25-01678,"인천광역시 계양구 효서로324, 102동 1801호(작전동, 작전동풍림아이원아파트)"
UMM0917,1,24-N-대형차량 리프트 구매(설치)(248195-F),물품,총액계약,제한경쟁,적격심사제,Y,국군재정관리단,ZD00303,국군재정관리단,ZD00303,87.995,177329061,178430000,165454545,2024-07-17,11:00:00,개찰완료,156040900,87.995,2024-07-18,유원,차성희,차성희,515-13-20231,부산광역시 기장군 정관읍 방곡로29 (부산정관지구 이지 더원 5차 아파트)
UMM0935,1,24-N-00창 관급자재(고강도콘크리트파일) 제조 ,물품,총액계약,제한경쟁,적격심사제,Y,국군재정관리단,ZD00303,국군재정관리단,ZD00303,87.995,169443859,168710000,156448182,2024-07-17,11:00:00,개찰완료,149443360,88.196,2024-07-17,(주)미라보콘크리트,김종남,심당섭,214-86-80252,전라남도 무안군 청계면 청계공단길120
UMM0923,1,(247043-H)브리핑시스템 교체 사업(리스자산),물품,총액계약,제한경쟁,적격심사제,Y,국군재정관리단,ZD00303,국군재정관리단,ZD00303,87.995,122268319,122372550,116107791,2024-07-17,11:00:00,개찰완료,107594299,87.998,2024-07-17,도원정보시스템 주식회사,김종호,김종호,119-86-19447,경기도 안양시 동안구 흥안대로445(평촌동) 제6층 615호 안양평촌동지식산업센터
EBB0297,1,케이블/배선장치류(사전의향서),물품,총액계약,일반경쟁,적격심사제,Y,방위사업청,1690000,방위사업청,1690000,,117584207,116837000,0,2024-07-18,11:00:00,개찰완료,99450000,84.577,2024-07-18,주식회사덕인,장남인,임병성,141-81-50004,경상남도 양산시 유산공단3길33-0 (교동)
EBB0296,1,장갑차 부품류(사전의향서),물품,총액계약,일반경쟁,적격심사제,Y,방위사업청,1690000,방위사업청,1690000,,213420291,212769000,0,2024-07-18,11:00:00,개찰완료,179789000,84.241,2024-07-18,대창마린테크(주),김효성,윤상열,606-81-68961,부산광역시 사상구 모덕로27번길 126()
EBB0295,1,반자동식부교 부품(구매),물품,총액계약,제한경쟁,적격심사제,Y,방위사업청,1690000,방위사업청,1690000,,141634178,141989000,0,2024-07-18,14:00:00,개찰완료,124740200,88.072,2024-07-18,제이에이치텍,강종현,강종현,648-03-02612,부산광역시 사상구 가야대로196번길63
EBH0084,1,24년 특수무기 케이블조립체류,물품,총액계약,일반경쟁,적격심사제,Y,방위사업청,1690000,방위사업청,1690000,,439864239,441136000,0,2024-07-18,11:00:00,개찰완료,374300000,85.094,2024-07-18,연합정밀(주),김은주,문제상,312-81-09219,충청남도 천안시 동남구 목천읍 학수소사길219-27
EKA0022,1,천막 차량정비용(2.5톤 정비샵),물품,총액계약,제한경쟁,적격심사제,Y,방위사업청,1690000,방위사업청,1690000,,227345521,225625000,0,2024-07-18,12:00:00,개찰완료,202272800,88.971,2024-07-18,삼부산업 주식회사,노석우,김병규,126-81-13621,경기도 광주시 옥토골길33-44 (태전동)
HCG0031,1,24-성남시 고도제한 완화요구 공공갈등 관리방안 연구,용역,총액계약,2단계경쟁(동시),최저가격제,N,공군본부,1290339,공군본부,1290339,0,30039384,30000000,27272727,2024-07-18,11:00:00,개찰완료,23000000,76.566,2024-07-18,동국대학교 WISE캠퍼스 산학협력단,반상우,조희정,505-82-09007,경상북도 경주시 동대로 123(석장동)
HCM0055,2,24-06-196 초경량 비행장치 무인멀티곹터 셋트 1품목 ,물품,총액계약,제한경쟁,적격심사제,Y,공군교육사령부,ZD00172,공군교육사령부,ZD00172,87.995,52863435,52411764,48600000,2024-07-18,10:30:00,개찰완료,46583576,88.12,2024-07-18,주식회사 자이언트드론,이용우,조효근,820-86-00029,강원특별자치도 춘천시 서면 박사로882
HCM0057,1,24-06-219 레벨측정기 1품목 구매,물품,총액계약,제한경쟁,적격심사제,Y,공군교육사령부,ZD00172,공군교육사령부,ZD00172,87.995,34474050,34423529,31920000,2024-07-18,10:30:00,개찰완료,31663140,91.846,2024-07-18,연수컴퍼니,김성휘,김성휘,697-63-00717,부산광역시 해운대구 세실로158-0 (좌동) 109동 1502호
HDN0027,1,4차,물품,단가계약,일반경쟁,적격심사제,Y,공군제18전투비행단,ZD00187,공군제18전투비행단,ZD00187,82.995,249397574,248448000,253416970,2024-07-18,11:30:00,개찰완료,219012990,87.816,2024-07-18,대일에너지주식회사,장혜경,최은순,222-81-19675,강원특별자치도 동해시 동해대로5271-0 (천곡동)
LCF0441,1,대테러 장비(사거리측정기  레이저용) 구매,물품,총액계약,일반경쟁,적격심사제,Y,육군군수사령부,1290307,육군군수사령부,1290307,82.995,299641916,299040000,299042732,2024-07-18,11:30:00,개찰완료,248690581,82.995,2024-07-18,써플민,예선민,예선민,863-53-00896,"대구광역시 수성구 달구벌대로2435, 109동 2603호(범어동, 두산위브더제니스)"
LDH0621,1,(자재) 사각철파이프 등 32종 구매,물품,총액계약,제한경쟁,적격심사제,Y,제2879부대,ZD00347,제2879부대,ZD00347,87.995,42224045,42225000,39154246,2024-07-18,13:00:00,개찰완료,37155900,87.997,2024-07-18,(주)종로인더스트리,노종헌,노종헌,606-81-93193,부산광역시 사상구 새벽로 130()
LHG0045,1,간부숙소 신축 관급자재(타일) 제조,물품,총액계약,제한경쟁,적격심사제,Y,제1862부대,ZD00002,제1862부대,ZD00002,87.995,89965807,89612250,83095000,2024-07-18,11:00:00,개찰완료,79532600,88.403,2024-07-18,태영세라믹 주식회사,이동기,신승희,401-81-27929,충청남도 당진군 면천면 면천로 1092-5()
LNF0035,1,시설복구 CCTV 자재 구매,물품,총액계약,제한경쟁,적격심사제,Y,제1보병사단,ZD00049,제1보병사단,ZD00049,87.995,116024624,116474950,105886318,2024-07-18,11:00:00,개찰완료,102096100,87.995,2024-07-18,주식회사 동양종합환경,이충용,이충용,121-86-16050,"경기도 고양시 일산서구 덕이로30-24 (덕이동), 104호"
LQG0057,1,00부대 얼음정수기 임차 용역,용역,총액계약,제한경쟁,적격심사제,Y,육군 52보병사단,ZD00273,육군 52보병사단,ZD00273,87.745,94840690,93960000,85418182,2024-07-18,10:30:00,개찰완료,83236000,87.764,2024-07-18,스마트엠,변해규,변해규,823-42-00970,"강원특별자치도 원주시 현충로304, 205동 309호(태장동, 태봉우성2차아파트)"
UMM0941,1,(247049-H)사이버 침해대응시스템 구축(리스자산),물품,총액계약,일반경쟁,적격심사제,Y,국군재정관리단,ZD00303,국군재정관리단,ZD00303,82.995,824242246,822843130,763000000,2024-07-18,11:00:00,개찰완료,684136463,83.001,2024-07-18,주식회사 유앤케이테크,김영애,김영애,295-86-00499,경기도 남양주시 다산순환로20-0 (다산동) 현대프리미어캠퍼스 에이동 3층 347호
EBB0299,1,2024 KM9제독차 세트 수리부속,물품,총액계약,일반경쟁,적격심사제,Y,방위사업청,1690000,방위사업청,1690000,,438255551,439602000,0,2024-07-19,11:00:00,개찰완료,370144000,84.458,2024-07-19,대창마린테크(주),김효성,윤상열,606-81-68961,부산광역시 사상구 모덕로27번길 126()
EBB0298,1,전차  차량 부품류(제조),물품,총액계약,일반경쟁,적격심사제,Y,방위사업청,1690000,방위사업청,1690000,,293851324,293062000,0,2024-07-19,11:00:00,개찰완료,251200000,85.485,2024-07-19,주식회사덕인,장남인,임병성,141-81-50004,경상남도 양산시 유산공단3길33-0 (교동)
EBH0089,1,24년 천마 수리부속(축전기등_구매),물품,총액계약,일반경쟁,적격심사제,Y,방위사업청,1690000,방위사업청,1690000,,1147846243,1155566000,0,2024-07-19,11:00:00,개찰완료,977955500,85.199,2024-07-19,에이테크솔루션(주),유영목,홍영기,135-81-48139,경기도 화성시 정남면 가장로 277()
MDI0003,1,무선 VPN장비 확보사업,물품,총액계약,제한경쟁,적격심사제,Y,제7016부대,ZD00220,제7016부대,ZD00220,87.995,22385823,22418000,20380000,2024-07-19,10:30:00,개찰완료,19746900,88.211,2024-07-19,두복산전(주),이영두,김상미,113-81-37229,"서울특별시 서대문구 독립문공원길13-0, 202호(현저동,독립문극동프라자)"
MHP0013,2,유전자 감정장비 검/교정 용역,용역,총액계약,제한경쟁,적격심사제,Y,국방부유해발굴감식단,1291087,국방부유해발굴감식단,1291087,87.745,67039441,67067000,60970000,2024-07-19,11:00:00,개찰완료,64384100,96.039,2024-07-19,젠트리거,김승준,김승준,116-07-96324,서울특별시 강서구 마곡중앙5로1길20 (마곡동) 520호
UAB0047,2,’24년 체력단련장 락카룸 비품(락카) 구매,물품,총액계약,일반경쟁,적격심사제,Y,국군복지단,ZD00882,국군복지단,ZD00882,87.995,114573529,113752940,105480000,2024-07-19,10:00:00,개찰완료,100830400,88.004,2024-07-23,주식회사 선정퍼니처,강나연,강나연,557-86-01417,대전광역시 동구 대별로5-0 (대별동)
EBH0090,1,24년 소형 대공표적기(구매),물품,총액계약,제한경쟁,적격심사제,Y,방위사업청,1690000,방위사업청,1690000,,133482917,133369000,0,2024-07-22,14:00:00,개찰완료,117516490,88.038,2024-07-22,주식회사 이에스티,한설란,황성진,217-87-02174,"인천광역시 미추홀구 주염로58, 공장동 620호 (주안동, 주안시범공단)"
EBH0092,1,24년 현궁 케이블 조립체류,물품,총액계약,제한경쟁,적격심사제,Y,방위사업청,1690000,방위사업청,1690000,,182240795,182734000,0,2024-07-22,15:00:00,개찰완료,160655000,88.155,2024-07-22,한성정공,이승호,이승호,603-29-62034,부산광역시 사하구 다대로354번길 61()
MDD0101,1,2024년 2-3차 의무비품 구매,물품,총액계약,제한경쟁,적격심사제,Y,국군수도병원,ZD00236,국군수도병원,ZD00236,87.995,49222649,48643280,45123636,2024-07-22,11:00:00,개찰완료,43317800,88.003,2024-07-22,지렉트,김기식,김기식,602-25-93083,경기도 의정부시 시민로122번길41-1 (의정부동) 201호
MDG0173,1,24년 일반장비(차륜정비장비) 구매,물품,총액계약,일반경쟁,적격심사제,Y,국군의무사령부,1290291,국군의무사령부,1290291,87.995,31533857,31257100,28995455,2024-07-22,11:00:00,개찰완료,27749400,87.998,2024-07-22,엔제이이엔티,정남정,정남정,208-37-02063,"경기도 김포시 김포한강2로229 (장기동, 한강호반베르디움)515동 1102호"
UMM0916,2,(24F209-A) 간부 피복 택배 용역,용역,총액계약,일반경쟁,적격심사제,Y,국군재정관리단,ZD00303,국군재정관리단,ZD00303,82.995,937793725,927443520,859993090,2024-07-22,11:00:00,개찰완료,927443520,98.896,2024-07-22,씨제이대한통운 주식회사,신영수,박찬호,110-81-05034,"서울특별시 종로구 종로5길7, Tower 8"
EBB0301,1,K계열전차 부품류,물품,총액계약,제한경쟁,적격심사제,Y,방위사업청,1690000,방위사업청,1690000,,259371041,258193000,0,2024-07-23,14:00:00,개찰완료,228873000,88.241,2024-07-23,우창기계 주식회사,김운태,우성제,609-81-35829,경상남도 창원시 성산구 공단로324-21 (웅남동)
EBB0300,1,K계열전차 부품류,물품,총액계약,일반경쟁,적격심사제,Y,방위사업청,1690000,방위사업청,1690000,,1346904464,1343072000,0,2024-07-23,11:00:00,개찰완료,1139191260,84.578,2024-07-23,에이테크솔루션(주),유영목,홍영기,135-81-48139,경기도 화성시 정남면 가장로 277()
EBH0096,1,24년 특수무기 볼트  너트류,물품,총액계약,제한경쟁,적격심사제,Y,방위사업청,1690000,방위사업청,1690000,,99677242,99896000,0,2024-07-23,13:00:00,개찰완료,87761600,88.045,2024-07-23,대명 ENG,이갑용,이갑용,603-01-87894,"부산광역시 강서구 녹산산업중로100-0 (송정동), A동"
HCF0175,1,24-H-24 드릴링머신  직립형,물품,총액계약,제한경쟁,적격심사제,Y,공군군수사령부,ZD00306,공군군수사령부,ZD00306,87.995,22323654,22352941,20727273,2024-07-23,10:30:00,개찰완료,19771180,88.566,2024-07-23,경진테크,정태경,정태경,501-31-70508,"경상남도 창원시 성산구 원이대로495 (반림동, 트리비앙아파트) 230동 1607호"
HCQ0063,1,대테러작전지원시설 신축 관급자재(GHP 실외기),물품,총액계약,일반경쟁,적격심사제,Y,공군제5공중기동비행단,ZD00193,공군제5공중기동비행단,ZD00193,82.995,259284777,261046070,242060909,2024-07-23,10:00:00,개찰완료,215213559,83.002,2024-07-24,(주)에이스테크,임군택,김지영,416-81-11093,전라남도 광양시 중마중앙로215 (중동)
HCQ0062,1,공정화물의장시설 신축 시설공사(GHP실외기),물품,총액계약,일반경쟁,적격심사제,Y,공군제5공중기동비행단,ZD00193,공군제5공중기동비행단,ZD00193,82.995,254389025,254705880,236181818,2024-07-23,10:00:00,개찰완료,211131229,82.995,2024-07-24,(주)대성엔팍스,차인석,차지선,503-81-46988,대구광역시 북구 연암로42길41-1 (산격동)
LBA0054,1,24년 경축특식(추석·국군의날) 빵류 6품목 구매,물품,총액계약,제한경쟁,적격심사제,Y,제2167부대,ZD00053,제2167부대,ZD00053,82.995,206436073,204907175,186279250,2024-07-23,10:30:00,개찰완료,171345420,83.001,2024-07-23,주식회사 와이즈,윤동일,최현철,426-81-01573,"경기도 안양시 동안구 벌말로66-0 (관양동), b동 1103호(평촌역하이필드)"
LCF0417,2,봉합사 비흡수성 외과용 등 3품목 구매(의무),물품,총액계약,제한경쟁,적격심사제,Y,육군군수사령부,1290307,육군군수사령부,1290307,87.995,25767278,25586384,23260349,2024-07-23,11:00:00,개찰완료,25074656,97.312,2024-07-23,연홍코퍼레이션,지애경,지애경,202-35-05919,"경기도 시흥시 연성로83, 5층 501, 502,503호(하상동, 현대프라자)"
LCF0442,1,시트 조립체 등 2항목 구매(특무),물품,총액계약,제한경쟁,적격심사제,Y,육군군수사령부,1290307,육군군수사령부,1290307,87.995,34006448,33920380,30836709,2024-07-23,11:30:00,개찰완료,33241972,97.751,2024-07-23,연홍코퍼레이션,지애경,지애경,202-35-05919,"경기도 시흥시 연성로83, 5층 501, 502,503호(하상동, 현대프라자)"
LCH0051,1,차단벽구조사격장 고무블럭 설치 납품(특-24-물-43),물품,총액계약,일반경쟁,적격심사제,Y,특수전사령부,ZD00055,특수전사령부,ZD00055,87.995,150369728,149000000,135454545,2024-07-23,10:30:00,개찰완료,132328110,88.001,2024-07-23,다올,이시우,이시우,171-70-00154,"충청북도 청주시 흥덕구 2순환로1222, 1동 17층 15호(강서동, 신해블루지움)"
LCP0051,1,00부대 지정폐기물(폐유) 처리 용역,용역,총액계약,제한경쟁,적격심사제,Y,육군제8971부대,ZD00098,육군제8971부대,ZD00098,84.245,160204658,158529411,147000000,2024-07-23,11:30:00,개찰완료,143495000,89.569,2024-07-23,주식회사 강우이앤이,양우지,박안라,215-88-01180,"세종특별자치시  조치원읍 내창3길19, 202호"
LDC0017,1,국제과학화전투경연대회 영상장비 등 임차,용역,총액계약,일반경쟁,적격심사제,Y,육군과학화전투훈련단,ZD00561,육군과학화전투훈련단,ZD00561,85.495,281338636,279411764,259090909,2024-07-23,10:30:00,개찰완료,241271000,85.758,2024-07-24,주식회사 한국디엘피,황영식,황영식,120-87-42488,경기도 하남시 초광로46번길128-0 (광암동)
LDH0618,1,24-8차 정비용 장비 부품 구매,물품,총액계약,제한경쟁,적격심사제,Y,제2879부대,ZD00347,제2879부대,ZD00347,87.995,24202723,24235000,22473000,2024-07-23,13:00:00,개찰완료,21646950,89.44,2024-07-23,신영에이텍,이상기,이상기,609-04-51342,경상남도 창원시 마산회원구 봉암공단2길22-5 (봉암동)
LDH0625,1,(자재) 부품제작자재 호스 구매,물품,총액계약,제한경쟁,적격심사제,Y,제2879부대,ZD00347,제2879부대,ZD00347,87.995,40542199,40819000,37850727,2024-07-23,13:00:00,개찰완료,36013788,88.83,2024-07-23,선경,정왕균,정왕균,225-51-00727,경상남도 김해시 한림면 안곡로520-2
LDH0626,1,K200 플러그 파이프용 등 19종 구매,물품,총액계약,제한경쟁,적격심사제,Y,제2879부대,ZD00347,제2879부대,ZD00347,87.995,15671521,15660000,14521187,2024-07-23,13:00:00,개찰완료,13853000,88.396,2024-07-24,현대정밀가스켓,이의정,이의정,605-45-63500,부산광역시 사상구 가야대로175번길29-0 (감전동)
LGC0022,1,24년 노후 냉난방기 종합세척 용역,용역,총액계약,제한경쟁,적격심사제,Y,육군학생군사학교,ZD00252,육군학생군사학교,ZD00252,87.745,195935531,196078235,181818000,2024-07-23,13:30:00,개찰완료,171925950,87.746,2024-07-23,성동기업 주식회사,김백룡,지정옥,129-86-69885,경기도 성남시 수정구 헌릉로890번길47-14 (복정동)
LKP0122,1,24년 급식 민간위탁배송(중앙조달 경남권),용역,총액계약,일반경쟁,적격심사제,Y,제6335부대,Z006123,제6335부대,Z006123,85.495,548069796,544760850,495237136,2024-07-23,11:00:00,개찰완료,516978000,94.327,2024-07-23,용마로지스주식회사,이종철,김성호,211-86-40630,"경기도 김포시 고촌읍 아라육로78, 2동"
LKP0121,1,24년 급식 민간위탁배송(중앙조달 충청권),용역,총액계약,일반경쟁,적격심사제,Y,제6335부대,Z006123,제6335부대,Z006123,82.995,845902394,841605000,765095455,2024-07-23,11:00:00,개찰완료,779900000,92.197,2024-07-23,주식회사그린,황정실,전주현,126-81-25068,경기도 여주시 대신면 여양로693-10
LPF0063,3,간부숙소 신축 다기능성페인트 제조 204,물품,총액계약,일반경쟁,적격심사제,Y,제5067부대,ZD00019,제5067부대,ZD00019,87.995,29705750,29593000,26902727,2024-07-23,10:30:00,개찰완료,28423000,95.681,2024-07-23,에스에이치씨피주식회사,한향순,장진섭,314-81-67821,충청남도 금산군 추부면 한사래길 6()
MDG0174,1,양주병원 공조기 필터 교체 설치납품,물품,총액계약,제한경쟁,적격심사제,Y,국군의무사령부,1290291,국군의무사령부,1290291,87.995,50462574,50877240,46252036,2024-07-23,11:00:00,개찰완료,44599700,88.381,2024-07-24,고려정공 주식회사,김순자,김순자,135-81-34106,경기도 용인시 처인구 모현읍 독점로268
MDR0040,1,24년 디지털 포렌식 SW 라이선스 구매,물품,총액계약,일반경쟁,적격심사제,Y,제9965부대,ZD00075,제9965부대,ZD00075,82.995,258983186,256321000,238100000,2024-07-23,11:00:00,개찰완료,251200000,96.994,2024-07-23,(주)제트코,김한희,김지혜,120-86-20089,"서울특별시 송파구 송파대로201-0 (문정동) 송파테라타워2 A동 1213,1214,1215,1216,1217,1218호"
MDS0012,1,RF장비 제작용 부품ㆍ자재 구매(증폭IC 등 81종),물품,총액계약,제한경쟁,적격심사제,Y,제3707부대,1290494,제3707부대,1290494,87.995,42778953,42576470,39480000,2024-07-23,10:30:00,개찰완료,37646196,88.001,2024-07-23,용인컴퓨터편의점,김연희,김연희,472-01-02952,경기도 용인시 처인구 백옥대로1149-0 (김량장동)
SCF0617,3,잠수함 디젤 및 축전지 감시장치 PCB 정비,물품,총액계약,일반경쟁,적격심사제,Y,해군군수사령부,ZD00289,해군군수사령부,ZD00289,82.995,139520203,140000000,130281818,2024-07-23,10:30:00,개찰완료,123900000,88.804,2024-07-23,주식회사 일성이엔지,오세만,오세만,602-81-53151,부산광역시 영도구 대교로2번길22-6 (봉래동3가) 2층
SCF0749,1,전원공급기 등 15종 구매,물품,총액계약,일반경쟁,적격심사제,Y,해군군수사령부,ZD00289,해군군수사령부,ZD00289,82.995,718781165,712000000,685682530,2024-07-23,10:30:00,개찰완료,704880000,98.066,2024-07-23,주식회사 유니메인,박진우,박진우,140-81-69140,경기도 시흥시 서울대학로59-20 701호 (배곧동)
SCF0748,1,(긴급)바 금속제 등 36종,물품,총액계약,제한경쟁,적격심사제,Y,해군군수사령부,ZD00289,해군군수사령부,ZD00289,87.995,35327446,35068000,33899564,2024-07-23,10:30:00,개찰완료,32262560,91.324,2024-07-23,동우철강(주),김수근,김수근,608-81-39050,"경상남도 창원시 마산회원구 봉암공단6길75-0 (봉암동, 동우철강)"
UMM0850,2,24-N-기관단총 조준경 구매,물품,총액계약,제한경쟁,적격심사제,Y,국군재정관리단,ZD00303,국군재정관리단,ZD00303,87.995,141612489,141430000,138498182,2024-07-23,11:00:00,개찰완료,125160000,88.382,2024-07-23,(주)이오시스템,한정규,서종호,137-81-09108,인천광역시 서구 가재울로38-0 (가좌동)
UMM0607,2,24-F-필터 유닛 액체용 압력식 구매,물품,총액계약,제한경쟁,적격심사제,Y,국군재정관리단,ZD00303,국군재정관리단,ZD00303,87.995,213764240,213270000,197760000,2024-07-23,11:00:00,개찰완료,188102000,87.995,2024-07-23,현코리아,신애경,신애경,249-17-01510,부산광역시 연제구 아시아드대로7-0 (거제동)103-2201
UMM0774,2,(246247-D) 이동형 심리생리반응 분석장비 구매,물품,총액계약,제한경쟁,적격심사제,Y,국군재정관리단,ZD00303,국군재정관리단,ZD00303,87.995,59015811,58823529,54545455,2024-07-23,11:00:00,개찰완료,53118640,90.007,2024-07-23,(주)비아이엔씨,김여기,김여기,214-88-83817,서울특별시 서초구 양재동언남 18길3 (양재동  2층)
UMM0936,1,24-N-특전 전투복 상의 등 6종 제조,물품,총액계약,제한경쟁,적격심사제,Y,국군재정관리단,ZD00303,국군재정관리단,ZD00303,87.995,98114302,97760000,90654545,2024-07-23,11:00:00,개찰완료,86405850,88.066,2024-07-23,주식회사 제이투,정재찬,이혜림,262-86-01163,경기도 남양주시 진접읍 경복대로바람골길69-38
UMM0938,1,24-N-해병대 휴대용 수중통화기 4세트 구매,물품,총액계약,제한경쟁,적격심사제,Y,국군재정관리단,ZD00303,국군재정관리단,ZD00303,87.995,223060428,222410000,206236364,2024-07-23,11:00:00,개찰완료,196282326,87.995,2024-07-23,(주)케이탑솔루션,조범진,윤송이,226-81-34907,"강원특별자치도 원주시 솔우물1길1-2, 2층(무실동)"
UMM0950,1,(246269-F) 안전모 등 21종 구매,물품,총액계약,제한경쟁,적격심사제,Y,국군재정관리단,ZD00303,국군재정관리단,ZD00303,87.995,185090257,183037320,169725518,2024-07-23,11:00:00,개찰완료,162870268,87.995,2024-07-23,리사컴퍼니,신은정,신은정,183-25-00744,인천광역시 서구 한들로73-0 (백석동) 202동 1501호
UMM0944,1,(246295-D) 승용 사열차 제조,물품,총액계약,제한경쟁,적격심사제,Y,국군재정관리단,ZD00303,국군재정관리단,ZD00303,87.995,173437095,172549019,160000000,2024-07-23,11:00:00,개찰완료,152766130,88.081,2024-07-23,주식회사 유아이테크,김현국,김현국,143-81-24098,경기도 화성시 팔탄면 3.1만세로612-23
UMM0933,1,24-N-모타균형검사기 구매,물품,총액계약,제한경쟁,적격심사제,Y,국군재정관리단,ZD00303,국군재정관리단,ZD00303,87.995,147635435,146270000,135640000,2024-07-23,11:00:00,개찰완료,129931600,88.008,2024-07-23,참조은푸드,김미라,김미라,776-55-00790,"울산광역시 울주군 범서읍 천상6길28-8, 1층((32블럭5롯트) 1층 101호)"
EBB0306,1,K계열 전차 부품류(구매),물품,총액계약,일반경쟁,적격심사제,Y,방위사업청,1690000,방위사업청,1690000,,635438115,635879000,0,2024-07-24,11:00:00,개찰완료,534138360,84.058,2024-07-24,나라오토시스 주식회사,노기석,김재훈,603-81-15505,부산광역시 강서구 과학산단로194-33 (지사동)
EBB0305,1,120밀리 자주박격포 연습탄(KC296) 파라핀 지환통,물품,총액계약,일반경쟁,적격심사제,Y,방위사업청,1690000,방위사업청,1690000,,25578858,25665000,0,2024-07-24,14:30:00,개찰완료,22100000,86.399,2024-07-24,(주)오성지관,오정호,오정호,124-86-56293,경기도 양주시 칠봉산로337번길11 (봉양동)
EBH0098,1,24년 TA-512K 부품(구매),물품,총액계약,일반경쟁,적격심사제,Y,방위사업청,1690000,방위사업청,1690000,,330980617,330122000,0,2024-07-24,11:00:00,개찰완료,283283000,85.588,2024-07-24,(주)범한네트웍스,김성혜,김정래,617-81-67884,부산광역시 기장군 기장읍 배산로56번길26-19
EM50001,2,군수지원함(AOE-II) 2차 함 건조,물품,총액계약,협상에의한계약(서류),협상,N,방위사업청,1690000,방위사업청,1690000,,,4.60E+11,0,2024-07-24,11:30:00,개찰완료,4.60E+11,,2024-08-19,한화오션 주식회사,김희철,,104-81-57667,경상남도 거제시 거제대로3370 (아주동)
EM30001,2,고속함(PKX-A) 성능개량 ,물품,총액계약,수의계약,협상,N,방위사업청,1690000,방위사업청,1690000,,,1.25E+11,0,2024-07-24,14:30:00,개찰완료,1.25E+11,,2024-10-30,(주)에이치제이중공업,김완석,,602-81-42993,부산광역시 영도구 태종로 233(봉래동5가)
HCF0176,1,[60전대] 2.5인치 노즐 등 96종 구매,물품,총액계약,제한경쟁,적격심사제,Y,공군군수사령부,ZD00306,공군군수사령부,ZD00306,87.995,143458327,143973060,135651355,2024-07-24,10:30:00,개찰완료,136770000,95.337,2024-07-24,삼호상사,서 민 숙,서민숙,314-12-19963,대구광역시 북구 유통단지로16 산업용재관 26-24(산격동)
LFC0051,1,24년 추석 경축특식(마카롱) 계약,물품,총액계약,제한경쟁,적격심사제,Y,육군훈련소,ZD00010,육군훈련소,ZD00010,87.995,32417665,32523000,29566364,2024-07-24,11:00:00,개찰완료,28570000,88.13,2024-07-24,장가네제과,장억재,장억재,272-69-00145,대구광역시 북구 팔달로45(노원동3가)
LFC0052,1,24년 국군의날 경축특식(훈제닭다리) 제조/구매,물품,총액계약,제한경쟁,적격심사제,Y,육군훈련소,ZD00010,육군훈련소,ZD00010,87.995,38428935,38562000,35056364,2024-07-24,11:00:00,개찰완료,33826500,88.023,2024-07-25,오뉴푸드,황혜민,황혜민,706-04-02889,"인천광역시 서구 염곡로15번길7, 2층 202호(가좌동, 탑 엔지니어링)"
MDD0100,1,국군수도병원 LED안내 전광판 설치 납품 ,물품,총액계약,제한경쟁,적격심사제,Y,국군수도병원,ZD00236,국군수도병원,ZD00236,87.995,30242431,30341290,28145909,2024-07-24,11:00:00,개찰완료,26616050,88.008,2024-07-24,주식회사 엔에스,주라나,정영민,824-81-02077,전라남도 화순군 동면 충의로1133
MDG0175,1,24-4차 의무비품(의료용싱크대 등 2종) 구매,물품,총액계약,제한경쟁,적격심사제,Y,국군의무사령부,1290291,국군의무사령부,1290291,87.995,10084686,10115000,11136364,2024-07-24,11:00:00,개찰완료,8874300,87.997,2024-07-25,(주)플러스모던,박희민,박희민,131-86-22262,"서울특별시 영등포구 도림로462-0 (문래동3가, 국화상가지하 7호)"
MDG0176,1,24-3차 영현실비품(부검대) 구매,물품,총액계약,제한경쟁,적격심사제,Y,국군의무사령부,1290291,국군의무사령부,1290291,87.995,34778470,34500000,31363636,2024-07-24,11:00:00,개찰완료,30603670,87.996,2024-07-25,새롬미디어,김동현,김동현,205-26-69434,부산광역시 금정구 놀이마당로32 (청룡동)
MDR0038,2,지구측위시스템 구매,물품,총액계약,제한경쟁,적격심사제,Y,제9965부대,ZD00075,제9965부대,ZD00075,87.995,44857773,45197000,41910000,2024-07-24,11:00:00,개찰완료,44310784,98.78,2024-07-24,주식회사 오정,김윤현,김윤현,589-81-03310,"대전광역시 서구 갈마로219번길47, 469호(괴정동, 위스퀘어빌딩)"
SCF0752,1,해상초계기 비행관리체계 유지보수 용역,용역,총액계약,일반경쟁,적격심사제,Y,해군군수사령부,ZD00289,해군군수사령부,ZD00289,87.745,82224607,82000000,76401818,2024-07-24,10:30:00,개찰완료,72155000,87.753,2024-07-24,다알시스 주식회사,최윤호,김소희,391-86-01817,"경기도 수원시 권선구 일월천로4번길2, 4층(구운동, 씨지에스빌딩)"
UMM0663,1,24-A-00부대 물절약투자대행사업(WASCO  24-A122),용역,총액계약,협상에의한계약(전자),협상,N,국군재정관리단,ZD00303,국군재정관리단,ZD00303,,4097000000,,3724545454,2024-07-24,11:00:00,개찰완료,2870000000,70.051,2024-08-13,주식회사 도화엔지니어링,김덕구,성동주,211-81-08009,서울특별시 강남구 삼성로 438(대치동)
UMM0664,1,24-A-00부대 물절약투자대행사업(WASCO  24-A121),용역,총액계약,협상에의한계약(전자),협상,N,국군재정관리단,ZD00303,국군재정관리단,ZD00303,,1562000000,,1420000000,2024-07-24,11:00:00,개찰완료,1093500000,70.006,2024-08-13,주식회사 건화,황규영,김동호,138-81-01152,경기도 안양시 동안구 흥안대로427번길 38(관양동 954-6)
UMM0665,1,24-A-00부대 물절약투자대행사업(WASCO  24-A127),용역,총액계약,협상에의한계약(전자),협상,N,국군재정관리단,ZD00303,국군재정관리단,ZD00303,,1353000000,,1230000000,2024-07-24,11:00:00,개찰완료,947200000,70.007,2024-08-13,주식회사 건화,황규영,김동호,138-81-01152,경기도 안양시 동안구 흥안대로427번길 38(관양동 954-6)
UMM0945,1,24-N- 관급자재(내진철근)구매(248160-F),물품,총액계약,제한경쟁,적격심사제,Y,국군재정관리단,ZD00303,국군재정관리단,ZD00303,87.995,126864129,127300000,122686364,2024-07-24,11:00:00,개찰완료,122589900,96.63,2024-07-24,주식회사 삼마기업,이가은,김혁진,473-88-02505,"서울특별시 마포구 월드컵로34길6, 1동 14층 1406호(성산동,태림센트윈2차)"
UMM0928,2,(24F213-A) 근무분야 민간위탁 용역,용역,총액계약,일반경쟁,적격심사제,Y,국군재정관리단,ZD00303,국군재정관리단,ZD00303,77.995,1077901410,1082305210,1003592109,2024-07-24,11:00:00,개찰완료,1060000000,98.339,2024-07-24,공우이엔씨 주식회사,이한기,장동규,120-87-79739,"서울특별시 영등포구 여의대방로43라길6-0 (신길동, 신길프라자3층)"
UMM0943,1,24-N-해병대 4주식 리프트 구매,물품,총액계약,제한경쟁,적격심사제,Y,국군재정관리단,ZD00303,국군재정관리단,ZD00303,87.995,188182020,188720000,175000000,2024-07-24,11:00:00,개찰완료,165590931,87.995,2024-07-24,주식회사 태광,최찬웅,최찬웅,304-81-28651,강원특별자치도 평창군 평창읍 농공단지길23-9
UMM0952,1,24-N-철싱커 제조,물품,총액계약,제한경쟁,적격심사제,Y,국군재정관리단,ZD00303,국군재정관리단,ZD00303,87.995,171382709,172540000,160000000,2024-07-24,11:00:00,개찰완료,150824518,88.004,2024-07-24,휴앤조이,이상엽,이상엽,456-28-00852,강원특별자치도 원주시 호저면 막골길74
HCG0033,1,24-유.무인복합전투체계중심 기지방어작전 수행방안 ,용역,총액계약,2단계경쟁(동시),최저가격제,N,공군본부,1290339,공군본부,1290339,0,42681562,43000000,39090909,2024-07-25,11:00:00,개찰완료,33970000,79.589,2024-07-25,사단법인 안보경영연구원,전건욱,조대현,120-82-07415,"서울특별시 강남구 언주로527, 10층 (역삼동)"
LAZ0013,1,24-00 위치추적용 단말기 구매,물품,총액계약,일반경쟁,적격심사제,Y,드론작전사령부,9800110,드론작전사령부,9800110,0,28194176,28435000,25850000,2024-07-25,11:00:00,개찰완료,24932000,88.429,2024-07-25,주식회사 공감아이티,김명례,이진선,331-87-00206,"충청남도 계룡시 서금암3길5, 쉐리움오피스텔206호"
LCF0416,2,테이프 접착식 등 46항목 구매(항공),물품,총액계약,일반경쟁,적격심사제,Y,육군군수사령부,1290307,육군군수사령부,1290307,82.995,1284091947,1290348700,1303739717,2024-07-25,11:00:00,개찰완료,1250348700,97.372,2024-07-25,유콘시스템 주식회사,최우종,신승건,305-81-47063,대전광역시 유성구 테크노2로40-9 (관평동)
LDH0633,1,(특무) 직접회로 등 29품목 구매,물품,총액계약,제한경쟁,적격심사제,Y,제2879부대,ZD00347,제2879부대,ZD00347,87.995,10576391,10467000,9705809,2024-07-25,13:00:00,개찰완료,10365000,98.001,2024-07-25,시온테크,박혜성,박혜성,312-27-10674,충청남도 천안시 서북구 백석공단1로10-0 (백석동)
LDH0631,1,(자재) 스테인리스 파우더 등 3종 구매,물품,총액계약,제한경쟁,적격심사제,Y,제2879부대,ZD00347,제2879부대,ZD00347,87.995,190308416,191372000,177454545,2024-07-25,13:00:00,개찰완료,187350000,98.445,2024-07-25,주식회사 씨이피테크,임수창,유재희,106-86-64096,"서울특별시 영등포구 영신로220-0 (영등포동8가, KnK디지털타워 208호)"
LHN0058,1,24~'27년 얼음 정수기 임차 용역  ,용역,총액계약,일반경쟁,적격심사제,Y,제2621부대,ZD00394,제2621부대,ZD00394,87.995,219081809,217080000,197345455,2024-07-25,10:30:00,개찰완료,192792000,88,2024-07-25,주식회사 라온아띠,강세구,강세구,772-87-00955,경기도 양주시 고읍남로191번길85-11 (광사동) 5층 라온아띠
LNG0059,1,‘24~27년 얼음 냉·온정수기 임차용역,용역,총액계약,제한경쟁,적격심사제,Y,육군 제1군단,ZD00275,육군 제1군단,ZD00275,87.745,124376841,124740000,113400000,2024-07-25,11:00:00,개찰완료,109135000,87.745,2024-07-25,제이앤씨컴퍼니,장성혜,장성혜,523-16-00839,"경기도 여주시 가남읍 일신로38,101-204 (마이다스 연립)"
MGO0005,1,FFG-II 추가 축접지장치(360도 축 접지) 설치,물품,총액계약,2단계경쟁(동시),최저가격제,N,국방기술품질원,B551544,국방기술품질원,B551544,0,647796598,650000000,590909091,2024-07-25,15:00:00,개찰완료,630000000,97.252,2024-08-12,주식회사 대영,허남민,허남민,275-86-02168,"경상남도 창원시 진해구 충장로657번길28, 503호(장천동, 이엠시티빌딩)"
SCF0688,2,공기압축기  이동식 1EA 구매,물품,총액계약,제한경쟁,적격심사제,Y,해군군수사령부,ZD00289,해군군수사령부,ZD00289,87.995,3737053,3700000,3489091,2024-07-25,10:30:00,개찰완료,3431720,91.829,2024-07-25,에스제이상사,곽새롬,곽새롬,820-41-01177,"경상남도 김해시 관동로138, 1404동 301호(관동동, 죽림마을 동원로얄듀크아파트14단지)"
SCF0757,1,등 침대용 1종 구매,물품,총액계약,제한경쟁,적격심사제,Y,해군군수사령부,ZD00289,해군군수사령부,ZD00289,87.995,96409403,97000000,90820673,2024-07-25,10:30:00,개찰완료,84836200,87.995,2024-07-25,체리시스템,조성민,조성민,606-33-57842,부산광역시 강서구 공항로461-0 (대저2동)
SCF0754,1,목재 외형 연마기 구매,물품,총액계약,제한경쟁,적격심사제,Y,해군군수사령부,ZD00289,해군군수사령부,ZD00289,87.995,15242956,15000000,14000000,2024-07-25,10:30:00,개찰완료,13414938,88.007,2024-07-25,반석악기,성현우,성현우,104-13-14956,부산광역시 기장군 정관읍 예림길45-10
SCQ0076,1,24-평 00아파트 시설물관리 용역,용역,총액계약,제한경쟁,적격심사제,Y,제9911부대,1290334,제9911부대,1290334,87.995,2241821592,2243679000,2081335636,2024-07-25,10:30:00,개찰완료,1973900000,88.048,2024-07-25,국제경보산업(주),정일영,박기조,107-81-21815,서울특별시 금천구 벚꽃로244-0 (가산동) 13층 1308호
UMM0948,1,(246270-C) 치장창고 물품 구매(지게차 등 5종),물품,총액계약,일반경쟁,적격심사제,Y,국군재정관리단,ZD00303,국군재정관리단,ZD00303,82.995,357401599,353940000,368300000,2024-07-25,11:00:00,개찰완료,298731610,83.584,2024-07-25,보광산업,김보령,김보령,682-55-00821,"경상남도 창원시 성산구 용지로169번길11-31, 3층(용호동, 동진빌딩)"
UMM0947,1,(247286-C) 작전용 헤드폰 구매,물품,총액계약,제한경쟁,적격심사제,Y,국군재정관리단,ZD00303,국군재정관리단,ZD00303,87.995,83954340,83988235,77880000,2024-07-25,11:00:00,개찰완료,73876050,87.995,2024-07-25,햇살이네,장예슬,장예슬,475-20-02215,인천광역시 서구 청마로78-0 (당하동) 2동 5층 502호
UMM0949,1,(247294-C)대테러 RF기동영상전송장비 구매(리스자산),물품,총액계약,일반경쟁,적격심사제,Y,국군재정관리단,ZD00303,국군재정관리단,ZD00303,82.995,278176658,277450980,257272727,2024-07-25,11:00:00,개찰완료,231072700,83.066,2024-07-25,주식회사 발렌베리,송광선,송광선,326-81-01031,"대전광역시 서구 도산로485-0, 4층 (탄방동)"
UMM0951,1,(247296-E) 정보통신장비(PC 제조),물품,총액계약,제한경쟁,적격심사제,Y,국군재정관리단,ZD00303,국군재정관리단,ZD00303,87.995,81336824,81560000,81920000,2024-07-25,11:00:00,개찰완료,71823800,88.304,2024-07-25,주식회사 가주정보기술,심원화,박조현,626-88-02093,부산광역시 북구 효열로111-0 (금곡동) 503호
UMM0958,1,(246257-F) 안전교육 VR 장비 구매,물품,총액계약,일반경쟁,적격심사제,Y,국군재정관리단,ZD00303,국군재정관리단,ZD00303,82.995,344065337,343135290,318180000,2024-07-25,11:00:00,개찰완료,285582000,83.002,2024-07-25,엠디유통,황도아,황도아,750-16-00881,"경기도 남양주시 다산중앙로123번길29, 3405동 2404호(다산동, 다산역자연앤푸르지오)"
DSS0038,1,경계용 CCTV 구축사업,물품,총액계약,제한경쟁,적격심사제,Y,국군제1068부대,ZD01123,국군제1068부대,ZD01123,87.995,145163104,143897000,132425000,2024-07-26,10:30:00,개찰완료,127742100,87.999,2024-07-26,주식회사 온유정보,안찬건,안찬건,416-81-58235,전라남도 목포시 복산길64-3 (옥암동)
HDF0053,1,제8전투비행단 부대소개영상 제작 용역,용역,총액계약,2단계경쟁(동시),최저가격제,N,공군 제8전투비행단,ZD00185,공군 제8전투비행단,ZD00185,0,29126213,29411764,27272727,2024-07-26,10:30:00,개찰완료,15000000,51.5,2024-07-29,아이버,박진형,박진형,307-09-80460,"세종특별자치시  노을3로92-0 (한솔동), 1동 2층 201호(하나프라자)"
LDH0634,1,(자재) 철파이프 등 5종 구매,물품,총액계약,제한경쟁,적격심사제,Y,제2879부대,ZD00347,제2879부대,ZD00347,87.995,135603318,134869000,125060909,2024-07-26,13:00:00,개찰완료,129173347,95.258,2024-07-26,원욱,김선한,김선한,384-01-03654,"경상남도 창원시 성산구 용지로169번길13, 3층 320호(용호동, 라이크빌-1)"
LHM0082,1,24년 개인화기 사격훈련장 CCTV 제조/설치,물품,총액계약,제한경쟁,적격심사제,Y,제6685부대,ZD00115,제6685부대,ZD00115,87.995,11812648,11775000,10704545,2024-07-26,11:00:00,개찰완료,10395700,88.004,2024-07-30,(주)삼원파워텍,한승준,백영민,231-81-07912,강원특별자치도 철원군 김화읍 외골길17-36
MDD0098,2,2024 병원장비운영소모품(1-2) 구매,물품,총액계약,제한경쟁,적격심사제,Y,국군수도병원,ZD00236,국군수도병원,ZD00236,87.995,56512595,56359800,52281818,2024-07-26,12:00:00,개찰완료,55232604,97.735,2024-07-26,연홍코퍼레이션,지애경,지애경,202-35-05919,"경기도 시흥시 연성로83, 5층 501, 502,503호(하상동, 현대프라자)"
MDG0178,1,24년 의무장비(효소면역측정기 중형) 구매,물품,총액계약,제한경쟁,적격심사제,Y,국군의무사령부,1290291,국군의무사령부,1290291,87.995,68503088,67914000,63000000,2024-07-26,11:00:00,개찰완료,60279410,87.995,2024-07-26,두꺼비,박민수,박민수,105-19-83972,"경기도 고양시 덕양구 삼원로14-1, 101호 (삼송동)"
MHD0072,1,2024년도 3분기 전산(프린터) 소모품 구매,물품,총액계약,제한경쟁,적격심사제,Y,방위사업청(운영지원과),1690000,방위사업청(운영지원과),1690000,87.995,212440465,212700000,219761818,2024-07-26,13:30:00,개찰완료,186937700,87.995,2024-07-26,솔우테크,송유나,송유나,179-28-01008,"경상남도 김해시 한림면 한림로682-5 , 지하층"
NIT0009,2,국방헬프콜 홍모물(로고라이트) 제작설치,물품,총액계약,일반경쟁,적격심사제,Y,국방부조사본부,1291063,국방부조사본부,1291063,87.995,35532793,35640000,32400000,2024-07-26,11:00:00,개찰완료,31267083,87.995,2024-07-26,주식회사 정인터내셔널,박정규,박정규,506-81-93063,"인천광역시 부평구 부평대로301, 7층 716호 (청천동, 남광센트렉스)"
NIT0010,1,하계 대테러복 제조 구매,물품,총액계약,제한경쟁,적격심사제,Y,국방부조사본부,1291063,국방부조사본부,1291063,87.995,11650529,11660000,10600000,2024-07-26,11:00:00,개찰완료,10271073,88.159,2024-07-26,성진에스앤에프 주식회사,이성훈,이성훈,144-81-34115,경기도 용인시 처인구 모현읍 백옥대로2101번길63-48
SCF0762,1,다중계기(10MHz) 9EA 구매,물품,총액계약,제한경쟁,적격심사제,Y,해군군수사령부,ZD00289,해군군수사령부,ZD00289,87.995,8840315,8900000,8304545,2024-07-26,10:30:00,개찰완료,8624500,97.558,2024-07-26,주식회사 엠아이엘아이엔씨,정광일,정광일,452-87-03214,"부산광역시 해운대구 센텀동로99, 12층 1203호(재송동, 벽산이센텀클래스원)"
SCF0761,1,타이어탈착기 소형 2EA 구매,물품,총액계약,제한경쟁,적격심사제,Y,해군군수사령부,ZD00289,해군군수사령부,ZD00289,87.995,10025230,10000000,9465455,2024-07-26,10:30:00,개찰완료,8821720,87.995,2024-07-26,(주)새길파트너스,김동석,김동석,116-88-03047,"경기도 평택시 고덕면 도시지원1길116, 4층 428호(고덕G1지식산업센터)"
SCF0758,1,덮개  발사대 등 5종 구매,물품,총액계약,제한경쟁,적격심사제,Y,해군군수사령부,ZD00289,해군군수사령부,ZD00289,87.995,21851672,22000000,21619727,2024-07-26,10:30:00,개찰완료,19228970,87.997,2024-07-26,대호상사,서석현,서석현,855-54-00683,대전광역시 서구 계룡로566-0 4층 228호 (괴정동)
SFC0085,2,복사용지 등 128품목 구매,물품,총액계약,제한경쟁,적격심사제,Y,제9691부대,ZD00152,제9691부대,ZD00152,87.995,50847764,51037700,46397909,2024-07-26,10:30:00,개찰완료,44743970,87.995,2024-07-26,캠프홀릭,이재혁,이재혁,210-09-89740,경기도 포천시 소흘읍 소흘로75-1 라동
UMM0942,1,24-N-자연석판석 제조,물품,총액계약,제한경쟁,적격심사제,Y,국군재정관리단,ZD00303,국군재정관리단,ZD00303,87.995,55893321,55510000,51480000,2024-07-26,11:00:00,개찰완료,49394218,88.372,2024-07-26,월드다이아몬드,최태성,최영은,869-28-00913,충청남도 논산시 가야곡면 강청1길8-16
UMM0939,1,24-N-방폭 트레일러  폭발물 운송용 제조,물품,총액계약,제한경쟁,적격심사제,Y,국군재정관리단,ZD00303,국군재정관리단,ZD00303,87.995,124008800,123370000,114401818,2024-07-26,11:00:00,개찰완료,114734000,92.52,2024-07-26,아이 씨 피 주식회사,김우진,전충익,139-81-35897,충청남도 당진시 송악로368-74 (송악읍)
UMM0946,1,24-N-자동목재대패기 구매(248205-F),물품,총액계약,제한경쟁,적격심사제,Y,국군재정관리단,ZD00303,국군재정관리단,ZD00303,87.995,124398129,124000000,117454545,2024-07-26,11:00:00,개찰완료,109464146,87.995,2024-07-26,(주)수디자인,길선미,길선미,186-88-01941,"대전광역시 유성구 복용동로43, 6층 F632호 (복용동)"
HCM0058,1,항과고 제54기 국토순례 용역계약,용역,총액계약,2단계경쟁(동시),최저가격제,N,공군교육사령부,ZD00172,공군교육사령부,ZD00172,0,37996907,38213000,34739091,2024-07-29,13:00:00,개찰완료,37440900,98.536,2024-07-29,썬투어 주식회사,주철우,주철우,203-87-03475,"경상남도 김해시 함박로119번길21, 709호(외동, 메리어트빌딩)"
HDM0046,1,24년 청주기지 특수건강진단 민간위탁 용역,용역,총액계약,제한경쟁,적격심사제,Y,공군제17전투비행단,ZD00206,공군제17전투비행단,ZD00206,87.745,101566476,101282340,101282340,2024-07-29,10:30:00,개찰완료,89640690,88.258,2024-07-31,(사단)대한산업보건협회 충북지역본부,백헌기,노태광,315-82-01421,충청북도 청주시 흥덕구 직지대로 397()
LCG0048,5,[24-육-121] UAV작전수행 복합비행장 운용 방안,용역,총액계약,협상에의한계약(전자),협상,N,육군본부,1290298,육군본부,1290298,0,35274825,35058000,31870909,2024-07-29,13:00:00,개찰완료,34001000,96.388,2024-08-28,주식회사 한솔엔지니어링글로벌,김한용,김미진,129-81-28050,서울특별시 송파구 올림픽로505-0 (풍납동)
SFC0078,2,24-해병-다자인 컨텐츠 제작 대행,용역,총액계약,2단계경쟁(동시),최저가격제,N,제9691부대,ZD00152,제9691부대,ZD00152,0,31847591,31728430,29420909,2024-07-29,10:30:00,개찰완료,22605000,70.978,2024-07-29,주식회사 플라잉피그,김민,이진숙,117-81-49237,서울특별시 금천구 벚꽃로36길30-0 (가산동) 가산KS타워 510~513호
UMM0955,1,24-N-어뢰 인양기 구매,물품,총액계약,제한경쟁,적격심사제,Y,국군재정관리단,ZD00303,국군재정관리단,ZD00303,87.995,152116352,150980000,140000000,2024-07-29,11:00:00,개찰완료,133855848,87.995,2024-08-05,더블유비로지스틱스 주식회사,손우준,손우준,177-87-03477,"서울특별시 금천구 가산디지털1로233, 9차 914호(가산동, 에이스하이엔드타워9차)"
EBB0308,1,자주포 운영용 수리부속류,물품,총액계약,일반경쟁,적격심사제,Y,방위사업청,1690000,방위사업청,1690000,,1287471826,1289244000,0,2024-07-30,11:00:00,개찰완료,1112960000,86.445,2024-07-30,우창기계 주식회사,김운태,우성제,609-81-35829,경상남도 창원시 성산구 공단로324-21 (웅남동)
EBB0309,1,브래킷 및 판류,물품,총액계약,제한경쟁,적격심사제,Y,방위사업청,1690000,방위사업청,1690000,,127407003,126810000,0,2024-07-30,14:00:00,개찰완료,112134300,88.012,2024-07-30,원탑 하이테크,박경순,박경순,143-03-02816,부산광역시 강서구 녹산산업중로100-0 (송정동)
HCF0178,1,[항자단] 수분분리지수 시험기 1종 2대,물품,총액계약,제한경쟁,적격심사제,Y,공군군수사령부,ZD00306,공군군수사령부,ZD00306,87.995,70684344,69951373,64864000,2024-07-30,10:30:00,개찰완료,62200410,87.997,2024-07-30,나리인터내셔널,김은경,김은경,537-28-01257,"경기도 수원시 권선구 금곡로140번길29-0 (금곡동, 수원호매실휴먼시아8단지아파트)802동1303호"
HDN0028,1,24년도 일반지역 추가 제초용역,용역,총액계약,제한경쟁,적격심사제,Y,공군제18전투비행단,ZD00187,공군제18전투비행단,ZD00187,87.745,68753809,68797000,63794327,2024-07-30,13:00:00,개찰완료,60330080,87.747,2024-07-30,주식회사 건백림,이계천,이계천,223-81-12277,"강원특별자치도 춘천시 안마산로214, 상가동 3층 1호 (퇴계동, 퇴계금호타운아파트)"
LBB0024,1,24-2차 지정폐기물 위탁처리 용역,용역,총액계약,일반경쟁,적격심사제,Y,육군제7789부대,ZD00074,육군제7789부대,ZD00074,84.245,84990871,84887110,78745000,2024-07-30,10:30:00,개찰완료,71606110,84.251,2024-07-30,부경산업(주),강인중,임슬기,134-81-40584,"경기도 안산시 단원구 신원로91번길16-0 (성곡동, 부경산업(주))"
LBB0024,2,24-2차 지정폐기물 위탁처리 용역,용역,총액계약,일반경쟁,적격심사제,Y,육군제7789부대,ZD00074,육군제7789부대,ZD00074,84.245,84990871,84887110,78745000,2024-07-30,10:30:00,개찰완료,71606110,84.251,2024-07-30,부경산업(주),강인중,임슬기,134-81-40584,"경기도 안산시 단원구 신원로91번길16-0 (성곡동, 부경산업(주))"
LBB0025,1,24-2차 일반폐기물 위탁처리 용역,용역,총액계약,일반경쟁,적격심사제,Y,육군제7789부대,ZD00074,육군제7789부대,ZD00074,84.245,85042574,84882700,79650000,2024-07-30,10:30:00,개찰완료,71745410,84.364,2024-08-01,주식회사 해든,황의선,김규성,337-86-01924,전북특별자치도 익산시 여산면 여강로347-16
LCF0450,1,전원공급기 등 1항목 구매(통신),물품,총액계약,제한경쟁,적격심사제,Y,육군군수사령부,1290307,육군군수사령부,1290307,87.995,15990383,16001000,14546364,2024-07-30,11:00:00,개찰완료,14071130,87.997,2024-07-30,오장군유통,오세국,오세국,496-32-01405,서울특별시 강북구 한천로124다길38-0 (번동)
LCH0055,1,00부대 개발제한구역 관리계획 수립용역(특-24-용-31),용역,총액계약,제한경쟁,적격심사제,Y,특수전사령부,ZD00055,특수전사령부,ZD00055,87.745,58458045,58527000,53206364,2024-07-30,10:30:00,개찰완료,51472000,88.049,2024-07-30,(주)하우엔지니어링건축사사무소,손병찬,문수필,621-81-11768,"경상남도 양산시 물금읍 증산역로149, 204호 (세영프라자)"
LCH0056,1,00부대 국군의 날 태권도복 구매(특-24-물-57),물품,총액계약,제한경쟁,적격심사제,Y,특수전사령부,ZD00055,특수전사령부,ZD00055,87.995,52814413,53000000,48181818,2024-07-30,10:30:00,개찰완료,46474320,87.995,2024-07-30,주식회사 준어패럴,원성준,원성준,173-87-02971,"대전광역시 대덕구 대화로106번길66, 232호 (대화동, 펜타플렉스)"
LDH0602,2,K9자주포 통및막대피스톤등13종 구매,물품,총액계약,제한경쟁,적격심사제,Y,제2879부대,ZD00347,제2879부대,ZD00347,87.995,14451953,14483000,13430525,2024-07-30,13:00:00,개찰완료,13034523,90.192,2024-07-30,디에스테크,김동욱,김동욱,520-78-00366,부산광역시 부산진구 성지로34번길15-0 (연지동) 1층
LPF0068,1,토양오염복원공사 - 사업장폐기물처리(특23-9),용역,총액계약,일반경쟁,적격심사제,Y,제5067부대,ZD00019,제5067부대,ZD00019,80.495,268787502,269095900,244632636,2024-07-30,11:00:00,개찰완료,218223320,81.188,2024-07-30,주식회사 와이에스워터,이호진,이호진,137-81-48514,인천광역시 서구 건지로153번길 32-1()
LPM0028,1,24년 9사단 얼음정수기 임차용역,용역,총액계약,제한경쟁,적격심사제,Y,제9보병사단사령부,ZD00441,제9보병사단사령부,ZD00441,87.745,141771607,142560000,129600000,2024-07-30,11:00:00,개찰완료,124403558,87.749,2024-08-01,만물상,김은철,김은철,657-12-01036,전북특별자치도 김제시 신풍길224-0 (요촌동)
MDG0179,1,의학도서 구매,물품,총액계약,제한경쟁,적격심사제,Y,국군의무사령부,1290291,국군의무사령부,1290291,90,3524719,3509000,3190000,2024-07-30,11:00:00,개찰완료,3173333,90.03,2024-07-30,(주)협성산업,임재춘,임재춘,140-81-61167,서울특별시 구로구 경인로43길42 (고척동)
MFH0011,2,24년 표준설계도 제개정 설계용역,용역,총액계약,일반경쟁,적격심사제,Y,국방시설본부,ZD00554,국방시설본부,ZD00554,86.745,176853375,176470588,163636364,2024-07-30,10:30:00,개찰완료,153692000,86.903,2024-07-30,주식회사 건보엔지니어링건축사사무소,송영주,송영주,358-88-00741,"경기도 성남시 분당구 정자일로1, 비동 1304호(금곡동, 코오롱트리폴리스1)"
SCF0774,1,디젤 매연측정기 1EA 구매,물품,총액계약,제한경쟁,적격심사제,Y,해군군수사령부,ZD00289,해군군수사령부,ZD00289,87.995,3390688,3400000,3227273,2024-07-30,10:30:00,개찰완료,2984608,88.023,2024-07-30,태신,윤태훈,윤태훈,119-15-56836,"경기도 광명시 디지털로56-0 (철산동, 철산래미안자이)101-2801호"
SCF0777,1,송풍기 등 15종 구매,물품,총액계약,제한경쟁,적격심사제,Y,해군군수사령부,ZD00289,해군군수사령부,ZD00289,87.995,177550739,179000000,193828727,2024-07-30,10:30:00,개찰완료,157588900,88.757,2024-07-30,토탈marine,허광주,허광주,878-38-00842,경상남도 창원시 마산회원구 회원동로42-1 (회원동)
SCF0676,2,매트세척기 2EA 구매,물품,총액계약,제한경쟁,적격심사제,Y,해군군수사령부,ZD00289,해군군수사령부,ZD00289,87.995,6411001,6400000,6000000,2024-07-30,10:30:00,개찰완료,6335000,98.814,2024-07-30,다담시스 주식회사,장근수,서권,736-86-02265,서울특별시 금천구 가산디지털1로1 (가산동) 1208호
SCF0778,1,냉장고 의료용 중형 2대 구매,물품,총액계약,제한경쟁,적격심사제,Y,해군군수사령부,ZD00289,해군군수사령부,ZD00289,87.995,17064145,17000000,16000000,2024-07-30,10:30:00,개찰완료,15015931,87.996,2024-07-30,일우디지컴(주),고영남,고영남,107-81-93148,"서울특별시 영등포구 경인로80길 3-11, 영우빌딩3층(문래동1가)"
SCF0765,1,회로카드 조립체 6종 구매,물품,총액계약,제한경쟁,적격심사제,Y,해군군수사령부,ZD00289,해군군수사령부,ZD00289,87.995,52049198,52000000,48540000,2024-07-30,10:30:00,개찰완료,48365000,92.921,2024-07-30,세종상사,노정래,노정래,609-08-56097,경상남도 창원시 진해구 여명로52 (여좌동)
SCF0770,1,스포트용접기 2EA 구매,물품,총액계약,제한경쟁,적격심사제,Y,해군군수사령부,ZD00289,해군군수사령부,ZD00289,87.995,6897992,6900000,6463636,2024-07-30,10:30:00,개찰완료,6800010,98.579,2024-07-30,마니,신동심,신동심,615-19-37072,경상남도 창원시 의창구 북면 동곡로33-0  휴먼빌108-501
SCF0773,1,탐지기 금속결함탐지용 전기식 1EA 구매,물품,총액계약,제한경쟁,적격심사제,Y,해군군수사령부,ZD00289,해군군수사령부,ZD00289,87.995,7442516,7400000,7197000,2024-07-30,10:30:00,개찰완료,6549380,87.999,2024-07-30,디에이전,전동애,전동애,819-28-00863,"서울특별시 구로구 디지털로31길41, 312-118(구로동)"
SCF0775,1,로프 섬유제 2종 제조,물품,총액계약,제한경쟁,적격심사제,Y,해군군수사령부,ZD00289,해군군수사령부,ZD00289,87.995,95523088,96000000,89108600,2024-07-30,10:30:00,개찰완료,84469000,88.427,2024-07-30,永昌製綱 株式會社,박정운,서해선,622-81-06744,경상남도 김해시 상동면 동북로473번길 63()
SCF0776,1,전자청진기 3EA 구매,물품,총액계약,제한경쟁,적격심사제,Y,해군군수사령부,ZD00289,해군군수사령부,ZD00289,87.995,24919677,25000000,24000000,2024-07-30,10:30:00,개찰완료,21928120,87.995,2024-07-30,써니팩토리(Sunny Factory),박천영,박천영,219-20-23492,"경기도 양평군 용문면 용문로371번길8, 1층"
SCF0780,1,(긴급)제재목 경질 등 6종 ,물품,총액계약,제한경쟁,적격심사제,Y,해군군수사령부,ZD00289,해군군수사령부,ZD00289,87.995,17058985,16862000,15635745,2024-07-30,13:00:00,개찰완료,15055357,88.254,2024-07-30,주식회사 갑천만수,안중철,안중철,419-88-02063,"대전광역시 서구 갈마로219번길47, 445호(괴정동)"
SCF0769,1,게이지  압력측정용  문자판식 등 16종 구매,물품,총액계약,제한경쟁,적격심사제,Y,해군군수사령부,ZD00289,해군군수사령부,ZD00289,87.995,17070765,17000000,15927273,2024-07-30,10:30:00,개찰완료,15022200,87.999,2024-07-30,호호상사,김기홍,김기홍,188-12-02086,"서울특별시 강서구 곰달래로15길27, 502호(화곡동)"
SCF0779,1,통합배선 제조설치(0전단 예비전력관리전대 본관 신축,물품,총액계약,제한경쟁,적격심사제,Y,해군군수사령부,ZD00289,해군군수사령부,ZD00289,87.995,22015490,22000000,20670909,2024-07-30,10:30:00,개찰완료,19372645,87.995,2024-07-30,세종방송통신(주),김민주,안현숙,307-81-40519,"세종특별자치시  조치원읍 충현로98, 202호"
SEE0032,1,전투부식(김치날치알밥 등 13품목) 구매,물품,총액계약,제한경쟁,적격심사제,Y,제9해병여단,ZD01066,제9해병여단,ZD01066,87.995,156351134,155183637,144004936,2024-07-30,10:30:00,개찰완료,138880700,88.826,2024-07-30,주식회사 탑티어로지스,강병엽,강병엽,433-88-01833,제주특별자치도 제주시 첨단로5길1-0 (영평동) 3층
UMM0970,1,(246038-B1) 24년 BCTP 장비 교체사업(리스자산),물품,총액계약,일반경쟁,적격심사제,Y,국군재정관리단,ZD00303,국군재정관리단,ZD00303,82.995,413326494,417644110,387270000,2024-07-30,11:00:00,개찰완료,344052480,83.239,2024-07-30,(주)한국전자정보시스템,김정현,김정현,106-81-25614,경기도 고양시 덕양구 독곶이길113(주교동)
UMM0930,2,24년-D-군 표준화차 8량 제조(241044-F),물품,총액계약,일반경쟁,적격심사제,Y,국군재정관리단,ZD00303,국군재정관리단,ZD00303,82.995,2365121098,2362350000,2190545455,2024-07-30,11:00:00,개찰완료,2155000000,91.115,2024-07-30,(주)케이씨떠블유아이,정윤호,이동섭,116-81-42449,서울특별시 구로구 디지털로31길38-21 이앤씨벤쳐드림타워3차 703호
UMM0972,1,24-F-피복석 등 2건 구매,물품,총액계약,제한경쟁,적격심사제,Y,국군재정관리단,ZD00303,국군재정관리단,ZD00303,87.995,93733799,92980000,86223091,2024-07-30,11:00:00,개찰완료,90499000,96.548,2024-07-30,다담시스 주식회사,장근수,서권,736-86-02265,서울특별시 금천구 가산디지털1로1 (가산동) 1208호
UMM0968,1,(24F117-I) 24년 육로여객 수송용역(서부),용역,총액계약,제한경쟁,적격심사제,Y,국군재정관리단,ZD00303,국군재정관리단,ZD00303,87.745,220235164,221156039,205071964,2024-07-30,11:00:00,개찰완료,209788600,95.256,2024-07-30,두레고속관광(주),장근수,태소정,132-81-30590,경기도 구리시 건원대로34번길27-0 (인창동) 지하1층 115호
EBB0310,1,24년 모의신관(K519),물품,총액계약,제한경쟁,적격심사제,Y,방위사업청,1690000,방위사업청,1690000,,121353811,121275000,0,2024-07-31,14:30:00,개찰완료,106855400,88.052,2024-07-31,대림엠텍,김부경,김부경,424-01-02536,경상남도 김해시 진례면 테크노밸리로36
EBH0106,1,24년 천마 수리부속(연결기등_구매),물품,총액계약,제한경쟁,적격심사제,Y,방위사업청,1690000,방위사업청,1690000,,226169465,225941000,0,2024-07-31,11:00:00,개찰완료,199128900,88.044,2024-08-02,에이치디 하이테크,김헌제,김헌제,702-43-00893,경상남도 창원시 성산구 반월로67번길30-0 (신촌동)
HCF0174,1,민간우수체계기반 전평시 민군 수송물류업무 협력연구,용역,총액계약,2단계경쟁(동시),최저가격제,N,공군군수사령부,ZD00306,공군군수사령부,ZD00306,0,49260585,49019607,45454545,2024-07-31,13:00:00,개찰완료,37500000,76.125,2024-07-31,(사)21세기군사연구소,김진욱,박계향,108-82-05061,"서울특별시 금천구 가산디지털2로184, 10층 1017호(가산동, 벽산디지털밸리2차)"
HDG0026,1,경기지역 취사  난방  장비용 LPG 구매(3년),물품,총액계약,제한경쟁,적격심사제,Y,공군제10전투비행단,ZD00184,공군제10전투비행단,ZD00184,82.995,432191042,433382350,401863636,2024-07-31,10:30:00,개찰완료,393858000,91.13,2024-07-31,주식회사 에이치비에너지,윤길숙,이영춘,125-86-04065,경기도 평택시 진위면 진위로119-0
LDH0635,1,(일장) 장갑전투도자 어댑터 직선형 등 4품목 구매,물품,총액계약,제한경쟁,적격심사제,Y,제2879부대,ZD00347,제2879부대,ZD00347,87.995,3073714,3073000,2849674,2024-07-31,13:00:00,개찰완료,2715000,88.329,2024-07-31,진광사,최진욱,최진욱,615-16-41032,경상남도 김해시 진영읍 진영리1611-3 중흥s클래스 119-105
MCD0047,1,상비병력 규모 최적 결정을 위한 제도 조합 방안 연구,용역,총액계약,협상에의한계약(전자),협상,N,국방부(운영지원과),1290000,국방부(운영지원과),1290000,,48975000,,44522727,2024-07-31,11:00:00,개찰완료,44891000,91.661,2024-08-20,국방대학교산학협력단,이문걸,이다인,128-82-13342,충청남도 논산시 양촌면 황산벌로1040
MCD0048,1,「국방혁신 4.0 기본계획」 수정1호 발전방안 연구,용역,총액계약,협상에의한계약(전자),협상,N,국방부(운영지원과),1290000,국방부(운영지원과),1290000,,33850000,,30772727,2024-07-31,11:00:00,개찰완료,30900000,91.285,2024-08-21,(사)한국전략문제연구소,박정기,박병희,106-82-05842,"서울특별시 용산구 청파로 40, 삼구빌딩 1815호(한강로3가)"
MDG0180,1,24년 일반장비(차체인양기 4주식 리프트) 구매,물품,총액계약,일반경쟁,적격심사제,Y,국군의무사령부,1290291,국군의무사령부,1290291,87.995,15748707,15631000,14500000,2024-07-31,11:00:00,개찰완료,13858167,87.995,2024-07-31,주식회사충청유통,이기정,이기정,199-87-00091,충청남도 논산시 부적면 마구평2길29-0
MDK0056,1,24-2차 동명부대 재보급물자 수송관리용역,용역,총액계약,일반경쟁,적격심사제,Y,국군수송사령부,1290460,국군수송사령부,1290460,87.745,222770202,223241176,207005455,2024-07-31,11:00:00,개찰완료,195485000,87.751,2024-07-31,세계실업 주식회사,이대형,송경순,502-81-68126,대구광역시 북구 검단공단로 92-16()
SCF0782,1,펌프  모터구동용 1EA 구매,물품,총액계약,제한경쟁,적격심사제,Y,해군군수사령부,ZD00289,해군군수사령부,ZD00289,87.995,131136368,130000000,121300000,2024-07-31,10:30:00,개찰완료,115397750,87.998,2024-07-31,경북상회,박은희,박은희,605-09-46139,부산광역시 강서구 신호산단2로75번길49-0 (신호동)
SCF0783,1,(긴급)비석면판 압축식 등 37종,물품,총액계약,제한경쟁,적격심사제,Y,해군군수사령부,ZD00289,해군군수사령부,ZD00289,87.995,38552383,38645000,36491591,2024-07-31,10:30:00,개찰완료,36326000,94.225,2024-07-31,미래상사,김성길,김성길,881-35-00115,"부산광역시 사상구 낙동대로910, C동 253호(감전동, 마트월드)"
SCF0784,1,24년 해군 중요시설경계시스템 유지보수 용역,용역,총액계약,일반경쟁,적격심사제,Y,해군군수사령부,ZD00289,해군군수사령부,ZD00289,85.495,326247164,325000000,301985455,2024-07-31,10:30:00,개찰완료,279608430,85.704,2024-07-31,한일통신 주식회사,강창선,김지은,314-81-93654,"대전광역시 유성구 테크노8로28, 2층(용산동)"
SFG0080,1,IP 뷸렛 카메라 등 5품목 구매,물품,총액계약,제한경쟁,적격심사제,Y,제9181부대,ZD00151,제9181부대,ZD00151,87.995,48163279,47922000,44454545,2024-07-31,10:30:00,개찰완료,42386260,88.005,2024-07-31,주식회사 제이더블유,이상민,김훈진,669-87-01041,"경기도 광명시 하안로60-0, E동 411호 (소하동, 광명테크노파크)"
UMM0964,1,(246287-D) 종교행사용TV 등 2품목 구매 설치,물품,총액계약,제한경쟁,적격심사제,Y,국군재정관리단,ZD00303,국군재정관리단,ZD00303,87.995,212143681,213600000,218181818,2024-07-31,11:00:00,개찰완료,186676420,87.995,2024-07-31,우성실업,박선형,박선형,643-12-01342,"서울특별시 강동구 올림픽로89길57, 103동 201호(천호동, 강변그대家(가) River View(리버 뷰))"
UMM0963,1,(247047-H)사이버위협경보체계 교체사업(리스자산),물품,총액계약,일반경쟁,적격심사제,Y,국군재정관리단,ZD00303,국군재정관리단,ZD00303,82.995,979473533,985954900,914249091,2024-07-31,11:00:00,개찰완료,813014510,83.005,2024-07-31,주식회사 휴먼시스템,김준형,이지숙,127-81-90728,경기도 포천시 원동교길43-1 (동교동)
UMM0975,1,(24F204-I) 음식물 폐기물 감량기 임차용역,용역,총액계약,일반경쟁,적격심사제,Y,국군재정관리단,ZD00303,국군재정관리단,ZD00303,85.495,315810746,315575294,292624364,2024-07-31,11:00:00,개찰완료,272889576,86.409,2024-07-31,에코스마트 주식회사,이현주,정하늘,124-86-39445,경기도 화성시 팔탄면 무하로156번길9-0
UMM0957,1,24-N-남성용 5부 수영복 등 4종 구매,물품,총액계약,일반경쟁,적격심사제,Y,국군재정관리단,ZD00303,국군재정관리단,ZD00303,82.995,410691928,407000000,391527273,2024-07-31,11:00:00,개찰완료,340874340,83,2024-07-31,주식회사 마크,곽명화,곽명화,830-88-00578,경상남도 창원시 성산구 용지로111 (중앙동)
UMM0960,1,(246261-F) 차량엔진 분석기 구매 ,물품,총액계약,일반경쟁,적격심사제,Y,국군재정관리단,ZD00303,국군재정관리단,ZD00303,82.995,220570536,220000000,300000000,2024-07-31,11:00:00,개찰완료,183584110,83.231,2024-07-31,에스제이상사,곽새롬,곽새롬,820-41-01177,"경상남도 김해시 관동로138, 1404동 301호(관동동, 죽림마을 동원로얄듀크아파트14단지)"
UMM0962,1,(246104-F)일회용 반창고 등 5품목 구매,물품,총액계약,제한경쟁,적격심사제,Y,국군재정관리단,ZD00303,국군재정관리단,ZD00303,87.995,68018001,67497800,87377273,2024-07-31,11:00:00,개찰완료,59856000,88,2024-07-31,주식회사 경훈테크,CHOI HUI BONG,CHOI HUI BONG,135-81-17688,경기도 파주시 금정로8-0 (금촌동)
UMM0966,1,(246052-B1) 해안기동대대 비디오월 구축(리스자산),물품,총액계약,제한경쟁,적격심사제,Y,국군재정관리단,ZD00303,국군재정관리단,ZD00303,87.995,140782416,141135880,133602809,2024-07-31,11:00:00,개찰완료,123885762,87.998,2024-07-31,(주)필텍시스템,윤득필,윤득필,607-81-83946,부산광역시 동래구 쇠미로129번길140 (온천동)
UMM0978,1,24-D-전자동 GSR 주사전자현미경 구매,물품,총액계약,일반경쟁,적격심사제,Y,국군재정관리단,ZD00303,국군재정관리단,ZD00303,82.995,976042772,975490000,904545455,2024-07-31,11:00:00,개찰완료,955350000,97.879,2024-07-31,칼자이스 주식회사,정현석,박소미,203-81-51510,"서울특별시 송파구 법원로135, 1301호  (문정동, 소노타워)"
EBB0311,1,24년 공용화기 부품류(제조),물품,총액계약,일반경쟁,적격심사제,Y,방위사업청,1690000,방위사업청,1690000,,1375203760,1377278000,0,2024-08-01,11:00:00,개찰완료,1181635000,85.924,2024-08-01,주식회사 엔에이치,이남택,이혜원,141-81-34270,경기도 남양주시 진접읍 내각1로73번길38-1
HCL0052,1,24-200 파우더형 3D 프린터 등 4종,물품,총액계약,제한경쟁,적격심사제,Y,공군사관학교,7002962,공군사관학교,7002962,82.995,264412735,262126000,238296364,2024-08-01,11:00:00,개찰완료,254990000,96.436,2024-08-02,씨앤디아이 주식회사,김광열,윤동권,130-86-05407,경기도 시흥시 매화산단3길58 (매화동)
LCG0063,1,[24-육-160] 군 보수체계 개선을 위한 연구,용역,총액계약,2단계경쟁(동시),최저가격제,N,육군본부,1290298,육군본부,1290298,0,28395103,28394000,25812727,2024-08-01,13:00:00,개찰완료,28050000,98.784,2024-08-04,한국법제연구원,한영수,이기영,102-82-06325,세종특별자치시  국책연구원로15-0 (반곡동)
LDH0637,1,(특무) 오리콘 패킹 등 35품목 구매,물품,총액계약,제한경쟁,적격심사제,Y,제2879부대,ZD00347,제2879부대,ZD00347,87.995,18828754,18734000,17371727,2024-08-01,13:00:00,개찰완료,16570223,88.004,2024-08-06,주식회사 서원아이엔,이준한,이준한,504-86-18364,대구광역시 남구 현충로7길109-5 (대명동)
LNQ0035,1,주거대보수 아파트 완제품(신발장 붙박이장),물품,총액계약,제한경쟁,적격심사제,Y,제17보병사단,ZD00375,제17보병사단,ZD00375,87.995,179590672,178861760,165920000,2024-08-01,11:00:00,개찰완료,158050440,88.005,2024-08-02,주식회사 코스모스,한금고,한금고,231-81-06572,경기도 포천시 가산면 마현4길1
LNQ0036,1,주거대보수 아파트 완제품(싱크대) 제조설치납품,물품,총액계약,제한경쟁,적격심사제,Y,제17보병사단,ZD00375,제17보병사단,ZD00375,87.995,286607094,284139240,263580000,2024-08-01,11:00:00,개찰완료,252287240,88.025,2024-08-02,주식회사 일꾼,김세종,김세종,323-87-01219,대전광역시 서구 계룡로585번길44-0 (탄방동)
UMM0926,2,(246224-B) 24년 예비군 무기진공포장 박스 제조,물품,총액계약,일반경쟁,적격심사제,Y,국군재정관리단,ZD00303,국군재정관리단,ZD00303,82.995,441303186,442531500,410347391,2024-08-01,11:00:00,개찰완료,382313250,86.632,2024-08-01,전일목재산업 주식회사,김병진,김신일,405-81-07677,전북특별자치도 김제시 백구면 금백로1138-0
UMM0704,2,24-F-충전선  냉매충전 및 시험다기관용 구매,물품,총액계약,제한경쟁,적격심사제,Y,국군재정관리단,ZD00303,국군재정관리단,ZD00303,87.995,52812500,52800000,58460909,2024-08-01,11:00:00,개찰완료,46551960,88.145,2024-08-01,연수컴퍼니,김성휘,김성휘,697-63-00717,부산광역시 해운대구 세실로158-0 (좌동) 109동 1502호
UMM0959,1,24-N-후반기 합동상륙훈련 선박임차 용역,용역,총액계약,일반경쟁,적격심사제,Y,국군재정관리단,ZD00303,국군재정관리단,ZD00303,77.995,1640525816,1629200000,1586363636,2024-08-01,11:00:00,개찰완료,1494000000,91.068,2024-08-01,현대글로비스 주식회사,이규복,조재환,106-81-97118,"서울특별시 성동구 왕십리로83-21 (성수동1가, 아크로 서울포레스트)"
UMM0965,1,24~27-N-00사 식기세척기(4대) 임차용역 ,용역,총액계약,제한경쟁,적격심사제,Y,국군재정관리단,ZD00303,국군재정관리단,ZD00303,87.745,72636595,72350000,67090909,2024-08-01,11:00:00,개찰완료,63763470,87.784,2024-08-01,필립시스템,김재롱,김재롱,220-05-58080,경기도 김포시 대곶면 대곶북로158번길1-0 204호(창고동)
UMM0984,1,(247248-E) 고속고무보트 7인용 제조,물품,총액계약,일반경쟁,적격심사제,Y,국군재정관리단,ZD00303,국군재정관리단,ZD00303,82.995,76365371,77086270,71480000,2024-08-01,11:00:00,개찰완료,65579450,85.875,2024-08-01,주식회사 우성아이비,이희재,이현정,104-86-53711,인천광역시 부평구 부평북로297-0 (갈산동)
UMM0983,1,24-F-노트북  프린터  모니터 도입(리스자산),물품,총액계약,일반경쟁,적격심사제,Y,국군재정관리단,ZD00303,국군재정관리단,ZD00303,82.995,8907407939,8890310000,8315153945,2024-08-01,11:00:00,개찰완료,7403235838,83.113,2024-08-01,(주)아이엔지시스템,김정화,임희석,214-86-26637,"서울특별시 금천구 가산디지털1로70, 1101,505호(가산동, 호서대벤처타워)"
EAD0001,1,국제상업 해상운송(미동부지역),용역,단가계약,일반경쟁,적격심사제,Y,방위사업청,1690000,방위사업청,1690000,,117,117,0,2024-08-02,14:30:00,개찰완료,94,80.271,2024-08-02,선진로지스틱스(주),정유진,유승민,102-81-21052,"서울특별시 강동구 양재대로 1553, 선진빌딩4층(천호동)"
EAD0002,1,국제상업 해상운송(미서부지역),용역,단가계약,일반경쟁,적격심사제,Y,방위사업청,1690000,방위사업청,1690000,,89,88,0,2024-08-02,14:30:00,개찰완료,79,87.835,2024-08-02,세방익스프레스 (주),김종선,김일수,220-81-02085,"서울특별시 강남구 선릉로 433,(역삼동, 세방빌딩 8층)"
EAD0003,2,국제상업 해상운송(유럽1지역),용역,단가계약,일반경쟁,적격심사제,Y,방위사업청,1690000,방위사업청,1690000,,82,82,0,2024-08-02,14:30:00,개찰완료,67,81.568,2024-08-02,(주)스카이로드,김영찬,정재익,109-81-51090,"서울특별시 강서구 방화대로381(방화동, 스카이 1997)"
EAD0004,2,국제상업 해상운송(유럽2지역),용역,단가계약,일반경쟁,적격심사제,Y,방위사업청,1690000,방위사업청,1690000,,75,76,0,2024-08-02,14:30:00,개찰완료,61,81.428,2024-08-02,우원해운항공(주),윤왕용,박상진,105-81-73224,"서울특별시 금천구 가산디지털1로 219, 벽산디지털밸리 6차 1516호(가산동)"
EAD0005,2,국제상업 해상운송(아시아지역),용역,단가계약,일반경쟁,적격심사제,Y,방위사업청,1690000,방위사업청,1690000,,65,65,0,2024-08-02,14:30:00,개찰완료,53,81.538,2024-08-02,주식회사 파빅스로지스틱스,박용찬,박용찬,101-86-54410,서울특별시 중랑구 신내역로111 (신내동) 신내SK V1센터 A-923
EAD0006,2,국제상업 항공운송(유럽지역),용역,단가계약,일반경쟁,적격심사제,Y,방위사업청,1690000,방위사업청,1690000,,58,58,0,2024-08-02,14:30:00,개찰완료,51,87.385,2024-08-02,(주)파멕스해운항공,차정준,박창수,104-81-69751,서울특별시 중구 퇴계로141-7 (충무로2가) 16층 1603호
EAD0007,2,국제상업 항공운송(미국및기타지역),용역,단가계약,일반경쟁,적격심사제,Y,방위사업청,1690000,방위사업청,1690000,,87,87,0,2024-08-02,14:30:00,개찰완료,70,80.163,2024-08-02,씨제이대한통운 주식회사,신영수,정성욱,110-81-05034,"서울특별시 종로구 종로5길7, Tower 8"
EBH0105,1,24년 일반/통신장비 커버류,물품,총액계약,제한경쟁,적격심사제,Y,방위사업청,1690000,방위사업청,1690000,,617851553,620966000,0,2024-08-02,11:00:00,개찰완료,544500000,88.127,2024-08-05,강서실업,조부규,김마리,605-29-68446,경상남도 김해시 김해대로2644-0
EKA0023,1,일반공구류(차륜형지휘소용차량 2차양산),물품,총액계약,일반경쟁,적격심사제,Y,방위사업청,1690000,방위사업청,1690000,,2323916986,2336518000,0,2024-08-02,14:30:00,개찰완료,1962670000,84.455,2024-08-06,주식회사 삼마기업,이가은,김혁진,473-88-02505,"서울특별시 마포구 월드컵로34길6, 1동 14층 1406호(성산동,태림센트윈2차)"
EKA0024,1,천막 일반전투용,물품,총액계약,제한경쟁,적격심사제,Y,방위사업청,1690000,방위사업청,1690000,,40396083,40821000,0,2024-08-02,10:30:00,개찰완료,36126585,89.43,2024-08-05,삼덕상공(주),김권기,김효진,104-81-00766,서울특별시 중구 퇴계로12길 49(회현동1가)
LCF0436,2,판 설치용 등 33항목 구매(화생방),물품,총액계약,제한경쟁,적격심사제,Y,육군군수사령부,1290307,육군군수사령부,1290307,87.995,205058695,204792899,186175363,2024-08-02,16:00:00,개찰완료,188921500,92.13,2024-08-05,보고통상,윤준하,윤준하,606-36-47215,"부산광역시 사상구 대동로303, B111호(감전동, 부산디지털밸리아파트형공장)"
LCF0437,2,배전반 등 13항목 구매(화생방),물품,총액계약,제한경쟁,적격심사제,Y,육군군수사령부,1290307,육군군수사령부,1290307,87.995,174776038,174288489,158444081,2024-08-02,16:00:00,개찰완료,153897027,88.053,2024-08-05,(주)신영엔지니어링,김복식,송경희,416-81-07454,전라남도 광양시 옥곡면 옥진로 363()
LCF0447,1,작업대 등 2항목 구매(기일공구),물품,총액계약,제한경쟁,적격심사제,Y,육군군수사령부,1290307,육군군수사령부,1290307,87.995,105520764,105070784,95518895,2024-08-02,16:00:00,개찰완료,92864420,88.005,2024-08-05,에이블커머스,윤진희,윤진희,559-34-00754,"경기도 화성시 동탄순환대로21길53,1311-402 (청계동, 롯데캐슬 알바트로스)"
LCF0457,1,공구키트 포탑 정비공용 1항목 제조(총포공구),물품,총액계약,제한경쟁,적격심사제,Y,육군군수사령부,1290307,육군군수사령부,1290307,87.995,55609843,56100000,51000000,2024-08-02,16:00:00,개찰완료,49429710,88.886,2024-08-05,대림엠텍,김부경,김부경,424-01-02536,경상남도 김해시 진례면 테크노밸리로36
LIK0054,1,24년 경축특식(국군의 날) 조각케익 제조,물품,단가계약,제한경쟁,적격심사제,Y,제2217부대,ZD01107,제2217부대,ZD01107,87.995,3013,3000,51886364,2024-08-02,10:30:00,개찰완료,2945,97.734,2024-08-02,주식회사 온세까세로,박성언,박성언,897-81-00887,강원특별자치도 원주시 상지대길83-0 (우산동) 상지대학교 벤처창업관 103호
MGO0006,1,헬기 이착함 유도등장치 운용성 향상,물품,총액계약,2단계경쟁(동시),최저가격제,N,국방기술품질원,B551544,국방기술품질원,B551544,0,5652310880,5659000000,5572727273,2024-08-02,15:00:00,개찰완료,4244000000,75.084,2024-09-05,주식회사세문,안창세,안창세,843-87-01085,서울특별시 서초구 서초대로254-0 (서초동) 오퓨런스빌딩 12층 1211-A호
UMM0845,2,(24F061-A)  음식물류 쓰레기 폐기물 위탁처리 용역,용역,총액계약,제한경쟁,적격심사제,Y,국군재정관리단,ZD00303,국군재정관리단,ZD00303,84.245,130570332,130764700,121254545,2024-08-02,11:00:00,개찰완료,110097000,84.32,2024-08-02,사계절환경,최원희,최원희,534-96-01368,"경기도 안산시 단원구 광덕2로50-3, 316호 (초지동)"
UMM0973,1,(247044-H)노후 화상회의시스템 교체(리스자산),물품,총액계약,일반경쟁,적격심사제,Y,국군재정관리단,ZD00303,국군재정관리단,ZD00303,82.995,543664350,543876000,525662727,2024-08-02,11:00:00,개찰완료,451254000,83.002,2024-08-02,강북유통,김미경,김미경,692-12-00613,"서울특별시 강북구 오현로56-0 (미아동, 꿈의숲 롯데캐슬) 103-702"
UMM0967,1,24-N-근속30주년 기념 배지 제조(248200-F),물품,총액계약,일반경쟁,적격심사제,Y,국군재정관리단,ZD00303,국군재정관리단,ZD00303,82.995,274264011,271520000,251774545,2024-08-02,11:00:00,개찰완료,247082000,90.089,2024-08-02,지우실업 주식회사,김지우,김귀남,127-86-46741,경기도 동두천시 신천로366번길13-0 (상봉암동)
DSS0040,1,전산자료 보완관리시스템 구매(S/W)(리스물건),물품,총액계약,지명경쟁,최저가격제,N,국군제1068부대,ZD01123,국군제1068부대,ZD01123,0,1910704909,1925076300,1851653209,2024-08-05,10:30:00,개찰완료,1364668800,71.422,2024-08-05,주식회사 인젠트,남석우,이병희,117-81-30043,"서울특별시 영등포구 국제금융로2길36 (여의도동) 8층,9층(여의도동,유화증권빌딩)"
SFC0087,1,24-덕-수송정 1척 이송 예인 용역(2),용역,총액계약,제한경쟁,적격심사제,Y,제9691부대,ZD00152,제9691부대,ZD00152,87.745,27427848,27500000,25000000,2024-08-05,11:00:00,개찰완료,26000000,94.794,2024-08-06,해상해운,반학수,반학수,789-24-00981,인천광역시 중구 축항대로118번길29-25(항동7가)
UMM0971,1,24-N-탄약정비용 집진기 제조(248192-F),물품,총액계약,제한경쟁,적격심사제,Y,국군재정관리단,ZD00303,국군재정관리단,ZD00303,87.995,264142615,262700000,243600000,2024-08-05,11:00:00,개찰완료,232549900,88.039,2024-08-05,주식회사 리박산업기계,김태호,오은옥,123-81-42151,"경기도 안산시 단원구 번영로15번길19, 4바동 753호 (성곡동, 시화공단)"
EBB0312,1,궤도장비 방열기,물품,총액계약,일반경쟁,적격심사제,Y,방위사업청,1690000,방위사업청,1690000,,66434304,66570000,0,2024-08-06,14:00:00,개찰완료,56400000,84.895,2024-08-06,(주)한조,김승재,김창민,610-81-22173,부산광역시 영도구 남항서로 20(남항동3가)
HCM0060,1,24-07-054 초음파진단기 사단용 1품목 ,물품,총액계약,제한경쟁,적격심사제,Y,공군교육사령부,ZD00172,공군교육사령부,ZD00172,87.995,37145561,37254901,34545455,2024-08-06,10:30:00,개찰완료,32687050,87.997,2024-08-06,다선,유한근,유한근,209-28-39071,"경기도 수원시 팔달구 장다리로276-0 (인계동) 5층 502-96호(인계동, 동부빌딩)(인계동, 동부프라자)"
LCF0446,2,차폐 개스킷 전자식 등 34항목 구매(특무),물품,총액계약,제한경쟁,적격심사제,Y,육군군수사령부,1290307,육군군수사령부,1290307,87.995,45661992,45780380,41618527,2024-08-06,11:30:00,개찰완료,41202123,90.232,2024-08-06,디에스테크,김동욱,김동욱,520-78-00366,부산광역시 부산진구 성지로34번길15-0 (연지동) 1층
LCF0479,1,내부투시기 1품목 구매(통신),물품,총액계약,제한경쟁,적격심사제,Y,육군군수사령부,1290307,육군군수사령부,1290307,87.995,77651893,77177538,70161398,2024-08-06,11:00:00,개찰완료,68330600,87.996,2024-08-06,하이하이샵,이흥숙,이흥숙,695-16-02049,"경기도 이천시 백사면 이여로88번길4, 805호(건일아파트)"
LCF0478,1,24년 대테러장비(소총 전술라이트) 구매,물품,총액계약,2단계경쟁(동시),최저가격제,N,육군군수사령부,1290307,육군군수사령부,1290307,0,266138012,265284758,241167962,2024-08-06,17:00:00,개찰완료,136340000,51.229,2024-09-02,일진하이테크,최한영,최재복,124-01-48194,경기도 평택시 포승장안로542-58 (포승읍)
LCF0473,1,제어함 등 6항목 구매(자주포),물품,총액계약,일반경쟁,적격심사제,Y,육군군수사령부,1290307,육군군수사령부,1290307,82.995,857370558,858310590,780282355,2024-08-06,11:30:00,개찰완료,717021916,83.63,2024-08-06,주식회사 엔아이티,전규성,전규성,666-88-02830,"경상북도 김천시 혁신로288-5, 303호(율곡동, 스네일파크)"
LCF0466,1,전자 구성품 조립체 등 9항목 구매(자주포),물품,총액계약,일반경쟁,적격심사제,Y,육군군수사령부,1290307,육군군수사령부,1290307,82.995,681317571,685695566,623359605,2024-08-06,11:30:00,개찰완료,574177942,84.274,2024-08-06,주식회사 엔아이티,전규성,전규성,666-88-02830,"경상북도 김천시 혁신로288-5, 303호(율곡동, 스네일파크)"
LCF0472,1,필터 무선주파수 혼신용 등 9항목 구매(자주포),물품,총액계약,일반경쟁,적격심사제,Y,육군군수사령부,1290307,육군군수사령부,1290307,82.995,331875445,329227714,299297922,2024-08-06,11:30:00,개찰완료,279843000,84.321,2024-08-06,석산전자 주식회사,진희영,진희영,123-81-69617,"경기도 의왕시 오전공업길22, 201호(오전동, 동영벤처스텔)"
LCF0471,1,집적회로 디지털형 등 16항목 구매(자주포),물품,총액계약,일반경쟁,적격심사제,Y,육군군수사령부,1290307,육군군수사령부,1290307,82.995,402428040,401234999,364759090,2024-08-06,11:30:00,개찰완료,334890046,83.217,2024-08-06,주식회사 엔아이티,전규성,전규성,666-88-02830,"경상북도 김천시 혁신로288-5, 303호(율곡동, 스네일파크)"
LCF0470,1,회로카드 조립체 등 7항목 구매(자주포),물품,총액계약,일반경쟁,적격심사제,Y,육군군수사령부,1290307,육군군수사령부,1290307,82.995,296484377,296408016,269461833,2024-08-06,11:30:00,개찰완료,247722155,83.553,2024-08-06,주식회사 엔아이티,전규성,전규성,666-88-02830,"경상북도 김천시 혁신로288-5, 303호(율곡동, 스네일파크)"
LCF0475,1,브래킷 설치용 등 23항목 제조(자주포),물품,총액계약,제한경쟁,적격심사제,Y,육군군수사령부,1290307,육군군수사령부,1290307,87.995,18053141,17967435,16334032,2024-08-06,11:30:00,개찰완료,17500000,96.936,2024-08-06,우창기계 주식회사,김운태,우성제,609-81-35829,경상남도 창원시 성산구 공단로324-21 (웅남동)
LCF0468,1,조종간 자료입력용 등 10항목 구매(총포),물품,총액계약,일반경쟁,적격심사제,Y,육군군수사령부,1290307,육군군수사령부,1290307,82.995,600549760,599445784,544950713,2024-08-06,11:30:00,개찰완료,509070340,84.767,2024-08-06,주식회사 엔아이티,전규성,전규성,666-88-02830,"경상북도 김천시 혁신로288-5, 303호(율곡동, 스네일파크)"
LCF0462,1,비금속제 특수형 단면 등 17항목 구매(총포),물품,총액계약,제한경쟁,적격심사제,Y,육군군수사령부,1290307,육군군수사령부,1290307,87.995,17203544,17166288,15605716,2024-08-06,11:30:00,개찰완료,15145473,88.036,2024-08-06,선경,정왕균,정왕균,225-51-00727,경상남도 김해시 한림면 안곡로520-2
LCF0474,1,롤러 등 80항목 제조(총포),물품,총액계약,제한경쟁,적격심사제,Y,육군군수사령부,1290307,육군군수사령부,1290307,87.995,211109817,211391760,192174327,2024-08-06,11:30:00,개찰완료,186257280,88.227,2024-08-06,대림엠텍,김부경,김부경,424-01-02536,경상남도 김해시 진례면 테크노밸리로36
LCG0070,1,[24-육-173] 영상분석 SW 라이선스 구매(리스물건),물품,총액계약,제한경쟁,적격심사제,Y,육군본부,1290298,육군본부,1290298,87.995,125605636,125492000,114083636,2024-08-06,12:30:00,개찰완료,120000000,95.537,2024-08-06,(주)제트코,김한희,김지혜,120-86-20089,"서울특별시 송파구 송파대로201-0 (문정동) 송파테라타워2 A동 1213,1214,1215,1216,1217,1218호"
LDH0636,2,(일장) 교량가설단정 선박항해용 등 25품목 구매,물품,총액계약,제한경쟁,적격심사제,Y,제2879부대,ZD00347,제2879부대,ZD00347,87.995,26357086,26253000,24344262,2024-08-06,13:00:00,개찰완료,24400000,92.574,2024-08-06,신기산업,박재완,박재완,396-08-01342,부산광역시 북구 의성로59번길1 (덕천동)
LFC0054,2,육훈소 유입 변압기 제조 및 납품,물품,총액계약,일반경쟁,적격심사제,Y,육군훈련소,ZD00010,육군훈련소,ZD00010,87.995,278628927,278300000,253000000,2024-08-06,10:30:00,개찰완료,245182000,87.995,2024-08-06,조일성업전기(주),김동섭,반성실,106-81-04832,"경기도 시흥시 산기대학로 156, 시화공단2나 301(정왕동)"
LHQ0037,1,항공작전망 무선통합제어(RCU)체계 구축,물품,총액계약,일반경쟁,적격심사제,Y,제6619부대,1290300,제6619부대,1290300,82.995,191482862,192823529,178800000,2024-08-06,11:00:00,개찰완료,159835926,83.472,2024-08-06,주식회사 소담정보통신,주옥,김선영,186-87-01018,서울특별시 마포구 동교로134 3층 (서교동)
LIK0056,1,24년 경축특식(추석) 아이스모찌 제조/구매,물품,단가계약,제한경쟁,적격심사제,Y,제2217부대,ZD01107,제2217부대,ZD01107,87.995,2998,3000,51886364,2024-08-06,10:30:00,개찰완료,2638,88.001,2024-08-06,윤슬,박수진,박수진,103-59-00535,"서울특별시 성북구 성북로4길52 (돈암동, 한진아파트) 210동 404호"
LKP0124,1,24년 2차 화공가스류 구매,물품,총액계약,제한경쟁,적격심사제,Y,제6335부대,Z006123,제6335부대,Z006123,87.995,23642497,23547000,21406364,2024-08-06,11:00:00,개찰완료,20819640,88.06,2024-08-06,제이케이지산업가스 주식회사,손종익,유지영,767-87-00818,"경기도 김포시 대곶면 약암로497, 외 3필지"
LKP0125,1,24년 급식 민간위탁배송(부대조달 경북권),용역,총액계약,일반경쟁,적격심사제,Y,제6335부대,Z006123,제6335부대,Z006123,77.995,1862210604,1859876760,1690797055,2024-08-06,13:30:00,개찰완료,1788600000,96.047,2024-08-06,대신로지스틱스 주식회사,양임석,최윤석,206-81-74680,"서울특별시 송파구 오금로46길5-0 (가락동, 보성빌딩) 3층"
LMP0033,1,24~27년 얼음정수기 임차용역,용역,총액계약,일반경쟁,적격심사제,Y,제1968부대,ZD00507,제1968부대,ZD00507,82.995,621374878,622080000,565527273,2024-08-06,11:00:00,개찰완료,516486330,83.119,2024-08-07,디에이치바이오,김단희,김단희,292-09-00316,"경기도 수원시 영통구 광교중앙로170, 1동 5층 7호 507호(하동, 광교 효성해링턴 타워)"
MDG0182,1,병영도서관 도서 구매,물품,총액계약,제한경쟁,적격심사제,Y,국군의무사령부,1290291,국군의무사령부,1290291,90,13494320,13411600,12192364,2024-08-06,11:00:00,개찰완료,12144910,90,2024-08-08,주식회사 플루토스,정순주,정순주,876-81-02457,"세종특별자치시  다정남로22-0 (다정동, 가온마을 1단지)116동 1503호"
MDR0042,1,24년 000부대 소고기 등심 등 13품목,물품,총액계약,제한경쟁,적격심사제,Y,제9965부대,ZD00075,제9965부대,ZD00075,87.995,58941542,58836000,54557273,2024-08-06,10:30:00,개찰완료,51905100,88.061,2024-08-06,로아푸드,강이경,강이경,704-44-00988,"경상남도 창원시 진해구 용원중로25번길6-19 (용원동), 101호"
SCF0733,2,기중기정 크레인 외주정비,물품,총액계약,일반경쟁,적격심사제,Y,해군군수사령부,ZD00289,해군군수사령부,ZD00289,82.995,36002142,36000000,38529091,2024-08-06,10:30:00,개찰완료,30261000,84.053,2024-08-06,(주)테크플라워,김종철,김기환,615-81-31681,부산광역시 사상구 대동로303-0 (감전동)
SCF0793,1,케이블조립체  특수목적용 전기용 1종 구매,물품,총액계약,제한경쟁,적격심사제,Y,해군군수사령부,ZD00289,해군군수사령부,ZD00289,87.995,64254414,64000000,60000000,2024-08-06,10:30:00,개찰완료,56570160,88.04,2024-08-06,유엔글로벌,박현숙,박현숙,388-30-01492,부산광역시 남구 진남로206-0 (문현동) 3층 375호
SCF0795,1,오토미션오일교환기 2EA 구매,물품,총액계약,제한경쟁,적격심사제,Y,해군군수사령부,ZD00289,해군군수사령부,ZD00289,87.995,4818234,4800000,4576364,2024-08-06,10:30:00,개찰완료,4530300,94.024,2024-08-06,더블유엠,최원익,최원익,558-08-01504,서울특별시 영등포구 영신로38길18(영등포동6가) 흥무빌딩 3087호
SCF0768,2,세척키트  총포용 2종 제조,물품,총액계약,제한경쟁,적격심사제,Y,해군군수사령부,ZD00289,해군군수사령부,ZD00289,87.995,85947353,86000000,80509091,2024-08-06,10:30:00,개찰완료,76059600,88.495,2024-08-06,혁신산업,김윤정,김윤정,615-19-20663,경상남도 김해시 한림면 한림로515번길224-0
SCF0792,1,고배율 관측경 구매,물품,총액계약,제한경쟁,적격심사제,Y,해군군수사령부,ZD00289,해군군수사령부,ZD00289,87.995,39160672,39000000,36993600,2024-08-06,10:30:00,개찰완료,34467580,88.015,2024-08-06,영해산업,김창수,김창수,139-20-64033,"부산광역시 북구 화명신도시로39, 703동 2502호(화명동, 대림쌍용강변타운)"
SCF0794,1,금속탐지기,물품,총액계약,제한경쟁,적격심사제,Y,해군군수사령부,ZD00289,해군군수사령부,ZD00289,87.995,31311554,31000000,29454545,2024-08-06,10:30:00,개찰완료,27552994,87.996,2024-08-06,김앤한컴퍼니,김상현,김상현,666-36-00809,서울특별시 서대문구 명물1길28-0 (창천동)
SCF0799,1,00창 비닐 등 117종 구매,물품,총액계약,제한경쟁,적격심사제,Y,해군군수사령부,ZD00289,해군군수사령부,ZD00289,87.995,11508090,11500000,10719109,2024-08-06,10:30:00,개찰완료,10126660,87.996,2024-08-06,제이에이치테크,황태겸,황정호,320-13-00622,경상남도 양산시 주남로288 (주남동) 영산대학교 중앙도서관 6602호
SCF0798,1,목재각끌기 2SET 구매,물품,총액계약,제한경쟁,적격심사제,Y,해군군수사령부,ZD00289,해군군수사령부,ZD00289,87.995,19352202,19300000,18400000,2024-08-06,10:30:00,개찰완료,17031478,88.007,2024-08-06,투피에스(TWOPS),김동호,김동호,292-27-01449,"인천광역시 부평구 열우물로90, 119동 1703호(십정동, 더샵부평센트럴시티)"
SCF0790,1,합성고무 보온재 등 4품목 구매,물품,총액계약,제한경쟁,적격심사제,Y,해군군수사령부,ZD00289,해군군수사령부,ZD00289,87.995,46896304,47000000,44047273,2024-08-06,10:30:00,개찰완료,41280100,88.024,2024-08-06,대광산업,이종명,이종명,609-16-69087,경상남도 창원시 마산회원구 양덕북5길97 (양덕동1층상가)
SCF0789,1,(긴급) 실린더  작동용  선형 1종,물품,총액계약,제한경쟁,적격심사제,Y,해군군수사령부,ZD00289,해군군수사령부,ZD00289,87.995,21103421,21176000,19636364,2024-08-06,10:30:00,개찰완료,18570090,87.995,2024-08-06,비즈멤버스컴퍼니,박영배,박영배,102-13-07987,서울특별시 영등포구 도신로9길10-1 (대림동)
SCF0786,1,(긴급) 펌프  원심식 등 3종,물품,총액계약,제한경쟁,적격심사제,Y,해군군수사령부,ZD00289,해군군수사령부,ZD00289,87.995,4909215,4895000,4539091,2024-08-06,10:30:00,개찰완료,4393590,89.496,2024-08-06,영보상사,이종복,이종복,586-60-00532,충청남도 보령시 오천면 오천해안로499-6
SCF0800,2,(긴급)판 금속제 등 3종,물품,총액계약,제한경쟁,적격심사제,Y,해군군수사령부,ZD00289,해군군수사령부,ZD00289,87.995,32706687,32824000,30436927,2024-08-06,10:30:00,개찰완료,30455800,93.117,2024-08-06,라온상사,하정욱,하정욱,357-06-00719,경상남도 창원시 진해구 충장로468번길32-9(이동)
SCF0788,1,해상-호크나이프 91EA 구매,물품,총액계약,제한경쟁,적격심사제,Y,해군군수사령부,ZD00289,해군군수사령부,ZD00289,87.995,22951372,23000000,21509091,2024-08-06,10:30:00,개찰완료,20196166,87.995,2024-08-07,황노가,이장호,이장호,204-11-18563,"서울특별시 동대문구 한천로39길28(전농동, 지층가요교실)"
UDA0014,1,24년 전차훈련용 폭음기 구매,물품,총액계약,제한경쟁,적격심사제,Y,제3190부대,ZD00805,제3190부대,ZD00805,87.995,157136323,156456300,142233000,2024-08-06,11:00:00,개찰완료,138277300,87.998,2024-08-12,한국유통,이기숙,이기숙,423-34-00979,"경기도 연천군 전곡읍 전은길98-53, 102호"
UMM0981,1,24-F-케이블 등 7종 구매,물품,총액계약,제한경쟁,적격심사제,Y,국군재정관리단,ZD00303,국군재정관리단,ZD00303,87.995,67841709,67680000,62766591,2024-08-06,11:00:00,개찰완료,59706190,88.008,2024-08-06,이스타,이정민,이정민,854-01-01835,경기도 시흥시 마유로423번길20-2 (정왕동) 202호
UMM0976,1,24-N-밸브시험기 구매,물품,총액계약,제한경쟁,적격심사제,Y,국군재정관리단,ZD00303,국군재정관리단,ZD00303,87.995,54887323,54900000,50909091,2024-08-06,11:00:00,개찰완료,48298200,87.995,2024-08-06,그린종합사무기,임근우,임근우,315-03-22815,충청북도 청주시 서원구 남이면 남석로326
UMM0980,1,(247045-H)정보보호장비(방화벽) 교체사업(리스자산),물품,총액계약,제한경쟁,적격심사제,Y,국군재정관리단,ZD00303,국군재정관리단,ZD00303,82.995,1159811957,1157326470,1073157273,2024-08-06,11:00:00,개찰완료,962648741,83,2024-08-06,주식회사 아이시큐,김형택,김경우,436-88-02210,부산광역시 남구 수영로312-0 (대연동) 926호 (21센츄리시티 오피스텔)
UMM0974,1,24-F-CNC방전가공기 구매,물품,총액계약,제한경쟁,적격심사제,Y,국군재정관리단,ZD00303,국군재정관리단,ZD00303,87.995,116308003,116310000,107851818,2024-08-06,11:00:00,개찰완료,102480740,88.111,2024-08-06,대림엠텍,김부경,김부경,424-01-02536,경상남도 김해시 진례면 테크노밸리로36
UMM0977,1,24-N-자동목재대패기 구매,물품,총액계약,제한경쟁,적격심사제,Y,국군재정관리단,ZD00303,국군재정관리단,ZD00303,87.995,62174019,62000000,58181818,2024-08-06,11:00:00,개찰완료,54710040,87.995,2024-08-06,대영,송인섭,송인섭,874-33-01145,대구광역시 북구 매전로50-8 (태전동)
UMM0979,1,(247038-H)출입통제체계 교체 사업(리스자산),물품,총액계약,일반경쟁,적격심사제,Y,국군재정관리단,ZD00303,국군재정관리단,ZD00303,87.995,1403165920,1409157530,1306673355,2024-08-06,11:00:00,개찰완료,1235536600,88.053,2024-08-06,(주)텍센,권유찬,박혜진,119-81-41207,"서울특별시 금천구 가산디지털2로67, 402호(가산동, 에이스하이엔드타워7차)"
UMM0985,1,(24F163-I) 24년 얼음 냉온정수기 임차,용역,총액계약,제한경쟁,적격심사제,Y,국군재정관리단,ZD00303,국군재정관리단,ZD00303,87.745,201629682,201600000,186938182,2024-08-06,11:00:00,개찰완료,176929000,87.749,2024-08-06,네이션,김우진,김우진,282-30-00797,"서울특별시 강북구 삼양로27길19, 208동 1401호(미아동, 삼성래미안트리베라아파트)"
UMM0996,1,24-F-1차 브리핑시스템 도입사업 금융리스,물품,총액계약,일반경쟁,최저가격제,N,국군재정관리단,ZD00303,국군재정관리단,ZD00303,0,1282437954,1275050000,1182320609,2024-08-06,11:00:00,개찰완료,1236118300,96.388,2024-08-06,롯데캐피탈(주),추광식,이정은,120-81-55981,"서울특별시 강남구 테헤란로 142(역삼동, ARC PLACE) 7층"
HDF0054,1,[복지대대] ‘24-2차 병사식당 자율운영급식,물품,총액계약,제한경쟁,적격심사제,Y,공군 제8전투비행단,ZD00185,공군 제8전투비행단,ZD00185,87.995,44231572,44344882,41119800,2024-08-07,11:00:00,개찰완료,39021279,88.22,2024-08-07,주식회사 야미푸드,손희영,최유식,125-81-56888,경기도 이천시 덕평로691번길46-0 (마장면)
LBA0058,1,24년 유류시험장비 구매,물품,총액계약,일반경쟁,적격심사제,Y,제2167부대,ZD00053,제2167부대,ZD00053,82.995,356643154,356649700,324227000,2024-08-07,11:00:00,개찰완료,296043150,83.008,2024-08-07,우드피아이에스티,김지은,김지은,129-39-04739,"강원특별자치도 춘천시 충혼길52번길10-0, 3층 305-45호 (온의동)"
LDH0638,1,24-9차 정비용 장비 부품 구매,물품,총액계약,제한경쟁,적격심사제,Y,제2879부대,ZD00347,제2879부대,ZD00347,87.995,21460746,21391000,19835636,2024-08-07,13:00:00,개찰완료,19703000,91.809,2024-08-07,신영에이텍,이상기,이상기,609-04-51342,경상남도 창원시 마산회원구 봉암공단2길22-5 (봉암동)
LDH0639,1,(자재) 특수윤활유 모리코트 구매,물품,총액계약,제한경쟁,적격심사제,Y,제2879부대,ZD00347,제2879부대,ZD00347,87.995,2442022,2431000,2254545,2024-08-07,13:00:00,개찰완료,2166021,88.697,2024-08-07,보성이엘에스 주식회사,차병련,차병련,119-86-01592,"서울특별시 금천구 시흥대로97, 23동 310호"
LDH0651,1,통신 변압기 등 9종 구매,물품,총액계약,제한경쟁,적격심사제,Y,제2879부대,ZD00347,제2879부대,ZD00347,87.995,8730968,8819000,8177815,2024-08-07,13:00:00,개찰완료,7740920,88.66,2024-08-07,주식회사 앤드영,권남영,권남영,374-81-01025,경상북도 구미시 1공단로212 (공단동)
LDH0647,1,통신 캐패시터(012768069) 구매,물품,총액계약,제한경쟁,적격심사제,Y,제2879부대,ZD00347,제2879부대,ZD00347,87.995,26934656,26833000,24881818,2024-08-07,13:00:00,개찰완료,26620000,98.831,2024-08-07,모아컴,이상주,이상주,217-15-72222,서울특별시 송파구 양산로12 (거여동) 세신거여훼미리타운 303호
LDH0643,1,(자재) 제재목 등 2종 구매,물품,총액계약,제한경쟁,적격심사제,Y,제2879부대,ZD00347,제2879부대,ZD00347,87.995,10150817,10068000,9335827,2024-08-07,13:00:00,개찰완료,8966000,88.327,2024-08-07,(주)한일목재,김성환,김성환,147-87-01503,경상남도 김해시 생림면 생림대로657-28
LGP0121,2,경축특식(초코조각케익),물품,단가계약,제한경쟁,적격심사제,Y,제5378부대,ZD00217,제5378부대,ZD00217,87.995,2581,2580,46334455,2024-08-07,11:00:00,개찰완료,2275,88.149,2024-08-07,영베이커리,김원기,안창용,512-07-66542,경상북도 봉화군 봉화읍 1농공단지길 73()
LGP0125,2,재고번호미입력품목,물품,단가계약,제한경쟁,적격심사제,Y,제5378부대,ZD00217,제5378부대,ZD00217,87.995,4604,4600,4182,2024-08-07,11:00:00,개찰완료,4052,88.009,2024-08-07,주식회사 프라임푸드시스템,허두임,허두임,874-86-00268,경상남도 창원시 진해구 안골로285번길12-1 (안골동)
LGP0122,2,경축특식(아이스롤케익),물품,단가계약,제한경쟁,적격심사제,Y,제5378부대,ZD00217,제5378부대,ZD00217,87.995,2861,2850,36013636,2024-08-07,11:00:00,개찰완료,2604,91.003,2024-08-07,주식회사 온세까세로,박성언,박성언,897-81-00887,강원특별자치도 원주시 상지대길83-0 (우산동) 상지대학교 벤처창업관 103호
LGP0123,2,경축특식(도넛),물품,단가계약,제한경쟁,적격심사제,Y,제5378부대,ZD00217,제5378부대,ZD00217,87.995,2994,3000,91377273,2024-08-07,11:00:00,개찰완료,2640,88.173,2024-08-07,동광푸드,이민숙,이민숙,123-20-33855,강원도 철원군 김화읍 외골길33-41(가동)
LGP0124,2,경축특식(냉동슈),물품,단가계약,제한경쟁,적격심사제,Y,제5378부대,ZD00217,제5378부대,ZD00217,87.995,2809,2800,10563636,2024-08-07,11:00:00,개찰완료,2473,88.014,2024-08-07,(주)조이푸드,김영식,음현철,129-86-10176,"경기도 성남시 중원구 사기막골로105번길25, 611호 (중앙인더스피아2차, 상대원동)"
LHR0036,1,사단 간부숙소 신축 선행연구 용역,용역,총액계약,2단계경쟁(동시),최저가격제,N,제5019부대,ZD00102,제5019부대,ZD00102,0,90460576,90707350,82461227,2024-08-07,10:30:00,개찰완료,44500000,49.192,2024-08-07,(사)국방시설연구협회,정주교,이도제,129-82-09370,"경기도 성남시 수정구 복정로84번길 22-15,(B-001호) (복정동)"
LKG0077,1,126여단 3 5대대 개편(자동제어 제조설치),물품,총액계약,제한경쟁,적격심사제,Y,육군제53보병사단,ZD00094,육군제53보병사단,ZD00094,87.995,275800389,274833000,249848182,2024-08-07,11:00:00,개찰완료,242709188,88.001,2024-08-07,유한회사 지에이시스템,원승연,유승현,402-81-58293,전북특별자치도 전주시 완산구 백제대로305-0 (중화산동2가)
LKP0126,1,재고번호미입력품목,물품,단가계약,제한경쟁,적격심사제,Y,제6335부대,Z006123,제6335부대,Z006123,87.995,3004,3000,129700909,2024-08-07,10:30:00,개찰완료,2666,88.751,2024-08-07,주식회사비엠,김선현,김선현,796-87-02075,"경상남도 창원시 진해구 용원서로31번길19, 4층(용원동)"
LKP0127,1,경축특식(냉동조각케이크),물품,단가계약,제한경쟁,적격심사제,Y,제6335부대,Z006123,제6335부대,Z006123,87.995,2988,3000,133685455,2024-08-07,10:30:00,개찰완료,2638,88.268,2024-08-07,(주)아인츠푸드,노일한,이성호,698-81-00072,경기도 이천시 백사면 원적로970번길86-29
SCF0803,1,부이 92EA 제조,물품,총액계약,제한경쟁,적격심사제,Y,해군군수사령부,ZD00289,해군군수사령부,ZD00289,82.995,852977311,853000000,791200000,2024-08-07,10:30:00,개찰완료,711566377,83.421,2024-08-07,주식회사 경남바이오,김성중,김성중,466-86-00674,경상남도 의령군 정곡면 의합대로984-5
SCK0090,1,마약검사 키트(6종) 구매,물품,총액계약,일반경쟁,적격심사제,Y,해군교육사령부,1290330,해군교육사령부,1290330,87.995,34087231,33770000,31318182,2024-08-07,10:30:00,개찰완료,29995156,87.995,2024-08-07,주식회사 로운트리,고은희,고은희,110-88-02638,"서울특별시 노원구 동일로1038, 4층 427호(공릉동)"
SFD0071,1,24-P-용-04 부대이전사업 전략환경영향평가 용역,용역,총액계약,제한경쟁,적격심사제,Y,제9227부대,ZD00150,제9227부대,ZD00150,87.745,176891126,177780000,164850909,2024-08-07,10:30:00,개찰완료,155345900,87.82,2024-08-07,주식회사 천마이앤씨,박창규,서혜련,274-81-00371,"경상북도 영천시 중앙동1길51, 2층 201호(문외동)"
UMM0986,1,(246250-C) 원격교육 스튜디오 교체사업,물품,총액계약,일반경쟁,적격심사제,Y,국군재정관리단,ZD00303,국군재정관리단,ZD00303,82.995,1019153927,1018430000,952382727,2024-08-07,11:00:00,개찰완료,845907806,83,2024-08-07,(주)화성이엔지,김택환,곽미경,105-87-40405,서울특별시 마포구 성미산로11길15(성산동)
UMM0922,2,(246256-E) 조끼  방탄복 3형 등 5항목 제조,물품,총액계약,일반경쟁,적격심사제,Y,국군재정관리단,ZD00303,국군재정관리단,ZD00303,82.995,1541168617,1538627450,1426727273,2024-08-07,11:00:00,개찰완료,1279622092,83.029,2024-08-07,성도교역,최계영,최계영,110-15-69561,"서울특별시 서대문구 수색로138-0, 2층(북가좌동)"
UMM0992,1,(247230-D)환자시뮬레이터 구매,물품,총액계약,제한경쟁,적격심사제,Y,국군재정관리단,ZD00303,국군재정관리단,ZD00303,87.995,132101527,132352941,122727273,2024-08-07,11:00:00,개찰완료,116245500,87.997,2024-08-07,주식회사 늘본푸드,조태광,조성혜,606-86-48790,부산광역시 강서구 공항로1207번길32-0 (대저1동)
UMM0937,1,24-F-자동혈구계산기  구매,물품,총액계약,제한경쟁,적격심사제,Y,국군재정관리단,ZD00303,국군재정관리단,ZD00303,87.995,79157750,79310000,73545455,2024-08-07,11:00:00,개찰완료,69657973,87.998,2024-08-07,대광산업,이종명,이종명,609-16-69087,경상남도 창원시 마산회원구 양덕북5길97 (양덕동1층상가)
UMM0990,1,(246248-C) 모바일기기 증거분석 교체(HW)(리스자산),물품,총액계약,제한경쟁,적격심사제,Y,국군재정관리단,ZD00303,국군재정관리단,ZD00303,87.995,109830968,109690000,103363636,2024-08-07,11:00:00,개찰완료,96656930,88.005,2024-08-07,다우미디어테크,조동원,조동원,465-39-00473,"경기도 부천시 송내대로388-0 200동 502호 (약대동, 부천테크노파크)"
UMM0989,1,(246313-C) 육군 상장용지 제조,물품,총액계약,제한경쟁,적격심사제,Y,국군재정관리단,ZD00303,국군재정관리단,ZD00303,87.995,69304585,68705882,63709091,2024-08-07,11:00:00,개찰완료,61026000,88.054,2024-08-07,인터미디어 성림디앤피,강정임,김운기,201-04-81598,"서울특별시 중구 을지로18길 19, 신도빌딩301호(인현동1가)"
UMM0993,1,24-F-중량랙(단일형)하부 등 27품목 제조,물품,총액계약,일반경쟁,적격심사제,Y,국군재정관리단,ZD00303,국군재정관리단,ZD00303,82.995,418105083,416340000,394000000,2024-08-07,11:00:00,개찰완료,347050000,83.005,2024-08-07,주식회사 디에스나이키,김준홍,박성태,101-81-45895,"서울특별시 구로구 구로중앙로134, 4층(구로동, 리치몰)"
UMM0994,1,24-F-교환기 교체 사업,물품,총액계약,일반경쟁,적격심사제,Y,국군재정관리단,ZD00303,국군재정관리단,ZD00303,82.995,3110984127,3130750000,2903059091,2024-08-07,11:00:00,개찰완료,2585000000,83.092,2024-08-07,지에이치정보통신주식회사,이원준,이원준,305-81-96448,충청남도 금산군 금산읍 남사직1길14-4
EBH0110,1,PRC-999K부품(구매),물품,총액계약,일반경쟁,적격심사제,Y,방위사업청,1690000,방위사업청,1690000,,1410777344,1408080000,0,2024-08-08,11:00:00,개찰완료,1205210000,85.428,2024-08-08,(주)범한네트웍스,김성혜,김정래,617-81-67884,부산광역시 기장군 기장읍 배산로56번길26-19
LCF0482,1,어댑터 직선형 튜브및보스연결용등46항목제조(자주포),물품,총액계약,제한경쟁,적격심사제,Y,육군군수사령부,1290307,육군군수사령부,1290307,87.995,49708064,49826255,45296595,2024-08-08,11:30:00,개찰완료,43904710,88.325,2024-08-08,동창원산업(주),정창,문혜영,553-81-01007,경상남도 의령군 용덕면 의합대로123-7
LCF0485,1,회로 차단기 등 24항목 제조(자주포),물품,총액계약,제한경쟁,적격심사제,Y,육군군수사령부,1290307,육군군수사령부,1290307,87.995,197821748,200201120,182001018,2024-08-08,11:30:00,개찰완료,176418000,89.18,2024-08-08,석산전자 주식회사,진희영,진희영,123-81-69617,"경기도 의왕시 오전공업길22, 201호(오전동, 동영벤처스텔)"
LCF0483,1,하우징 개방손잡이용 등 4항목 제조(자주포),물품,총액계약,제한경쟁,적격심사제,Y,육군군수사령부,1290307,육군군수사령부,1290307,87.995,46067675,45700511,41545919,2024-08-08,11:30:00,개찰완료,40645000,88.228,2024-08-08,에이치디 하이테크,김헌제,김헌제,702-43-00893,경상남도 창원시 성산구 반월로67번길30-0 (신촌동)
LCF0486,1,케이블 조립체 등 62항목 제조(자주포),물품,총액계약,제한경쟁,적격심사제,Y,육군군수사령부,1290307,육군군수사령부,1290307,87.995,177656221,177897007,161724552,2024-08-08,11:30:00,개찰완료,156764000,88.24,2024-08-08,석산전자 주식회사,진희영,진희영,123-81-69617,"경기도 의왕시 오전공업길22, 201호(오전동, 동영벤처스텔)"
LCF0487,1,배선장치 갈래형 등 21항목 제조(자주포),물품,총액계약,제한경쟁,적격심사제,Y,육군군수사령부,1290307,육군군수사령부,1290307,87.995,204086381,204682590,186075082,2024-08-08,11:30:00,개찰완료,179784440,88.092,2024-08-08,케이에스이엔지주식회사,김미옥,김미옥,113-86-00843,강원특별자치도 평창군 평창읍 농공단지길26
LCF0488,1,설상화 등 3항목 제조(자주포),물품,총액계약,제한경쟁,적격심사제,Y,육군군수사령부,1290307,육군군수사령부,1290307,87.995,109987060,110275920,100250836,2024-08-08,11:30:00,개찰완료,96861650,88.066,2024-08-08,케이에스이엔지주식회사,김미옥,김미옥,113-86-00843,강원특별자치도 평창군 평창읍 농공단지길26
LCF0489,1,축압기 유압식 등 6항목 제조(자주포),물품,총액계약,제한경쟁,적격심사제,Y,육군군수사령부,1290307,육군군수사령부,1290307,87.995,204145589,203751309,185228463,2024-08-08,11:30:00,개찰완료,187960000,92.071,2024-08-08,보고통상,윤준하,윤준하,606-36-47215,"부산광역시 사상구 대동로303, B111호(감전동, 부산디지털밸리아파트형공장)"
LDH0654,1,(자재) 에폭시프라이머코팅키트 구매,물품,총액계약,제한경쟁,적격심사제,Y,제2879부대,ZD00347,제2879부대,ZD00347,87.995,8047084,8048000,7463236,2024-08-08,13:00:00,개찰완료,7410000,92.083,2024-08-08,에스와이알(SYR),박서영,박서영,686-39-01123,충청북도 음성군 원남면 보천로61
LKF0056,1,24년 00부대 얼음정수기 임차용역,용역,총액계약,일반경쟁,적격심사제,Y,제6755부대,ZD00090,제6755부대,ZD00090,87.745,243076510,243000000,225327273,2024-08-08,11:00:00,개찰완료,213290000,87.746,2024-08-08,멎지,편윤경,편윤경,628-04-02070,전라남도 고흥군 남양면 월악선무정길55
LQG0061,1,(육성) 00부대 총기보관용 박스 제조 납품,물품,총액계약,제한경쟁,적격심사제,Y,육군 52보병사단,ZD00273,육군 52보병사단,ZD00273,87.995,32138786,31946000,29100909,2024-08-08,10:30:00,개찰완료,28282460,88.001,2024-08-08,지지그린 주식회사,이석환,이석환,426-81-02698,경상남도 함안군 군북면 삼봉로52-1
MHD0073,1,지휘헬기-II 기종결정 평가방안에 관한 정책연구용역,용역,총액계약,협상에의한계약(전자),협상,N,방위사업청(운영지원과),1690000,방위사업청(운영지원과),1690000,,45000000,,40909091,2024-08-08,15:00:00,개찰완료,41850000,93,2024-09-06,사단법인 안보경영연구원,전건욱,조대현,120-82-07415,"서울특별시 강남구 언주로527, 10층 (역삼동)"
SCF0807,1,수성백색페인트 등 2종 구매,물품,총액계약,제한경쟁,적격심사제,Y,해군군수사령부,ZD00289,해군군수사령부,ZD00289,87.995,34153636,34300000,31860000,2024-08-08,10:30:00,개찰완료,30054346,87.997,2024-08-08,주식회사 한마음플러스,이희준,이희준,446-87-01792,"경기도 포천시 소흘읍 광릉수목원로836번길4-13, 1층"
SCF0805,1,함정 선체(갑판) 청락/도장 용역,용역,총액계약,일반경쟁,적격심사제,Y,해군군수사령부,ZD00289,해군군수사령부,ZD00289,87.995,584728770,584000000,541620000,2024-08-08,10:30:00,개찰완료,514680000,88.02,2024-08-08,수일종합환경 주식회사,서영완,오민희,604-81-39330,부산광역시 동구 중앙대로180번길 12-10()
SCF0806,1,(긴급)Binder 등 2종,물품,총액계약,제한경쟁,적격심사제,Y,해군군수사령부,ZD00289,해군군수사령부,ZD00289,87.995,26090522,25989000,24099091,2024-08-08,10:30:00,개찰완료,25729110,98.614,2024-08-08,케이티씨,김진호,김진호,124-37-28498,경기도 화성시 비봉면 현대기아로825-23
SFC0088,1,디지털 전용지 등 18품목 구매,물품,총액계약,제한경쟁,적격심사제,Y,제9691부대,ZD00152,제9691부대,ZD00152,87.995,50134745,50100000,45545455,2024-08-08,10:30:00,개찰완료,44116162,87.995,2024-08-08,리프,우하라,우하라,273-73-00427,"경기도 김포시 양촌읍 황금로48번길13-7, 201호"
UMM0995,1,24-D-바이올린 등 7종 구매,물품,총액계약,제한경쟁,적격심사제,Y,국군재정관리단,ZD00303,국군재정관리단,ZD00303,87.995,177565816,179280000,170072727,2024-08-08,11:00:00,개찰완료,156270300,88.006,2024-08-08,와이엠글로벌,김영만,김영만,543-16-01230,"인천광역시 계양구 효서로112번길7, 6동 101호(효성동, 미래골든타운)"
UMM0997,1,(246057-G) 24년도 국방망 사이버 위협정찰도구 구매,물품,총액계약,제한경쟁,적격심사제,Y,국군재정관리단,ZD00303,국군재정관리단,ZD00303,87.995,80293251,79945620,84545455,2024-08-08,11:00:00,개찰완료,70654450,87.995,2024-08-08,스피드,김혜명,김혜명,697-60-00278,"인천광역시 미추홀구 토금남로4번길25-12, 101호(용현동, 선영하이츠빌)"
UMM1001,1,(24F206-I) 기화성 부식방지제 활용 치장용역,용역,총액계약,일반경쟁,적격심사제,Y,국군재정관리단,ZD00303,국군재정관리단,ZD00303,77.995,1249208073,1248915952,1158085700,2024-08-08,11:00:00,개찰완료,1000000000,80.05,2024-08-08,주식회사 지러스트,김지택,배원호,119-81-16178,경기도 광명시 새빛공원로67-0 (일직동) 자이타워B-1506
MCR0051,1,가스열펌프 배출가스 저감장치 구매(설치납품),물품,총액계약,일반경쟁,적격심사제,Y,국방대학교,1290412,국방대학교,1290412,82.995,57406188,57362000,52147273,2024-08-09,11:00:00,개찰완료,52773040,91.929,2024-08-09,주식회사 알오씨오토시스템,유정준,박철주,730-87-00209,"경기도 오산시 독산성로425-0, 6층 5호(세교동)"
MDG0170,2,생물안전3등급실험실(BL-3) 운영 컨설팅 용역,용역,총액계약,2단계경쟁(동시),최저가격제,N,국군의무사령부,1290291,국군의무사령부,1290291,0,41045577,40800000,37090909,2024-08-09,10:00:00,개찰완료,35700000,86.976,2024-08-12,주식회사 한양이엔지,이정민,최중석,635-88-00600,"서울특별시 금천구 가산디지털2로70, 9층 916호(가산동, 대륭테크노타운19차)"
UMM0999,1,(246051-B1) 주전산기 교체사업(진급  리스계약),물품,총액계약,일반경쟁,적격심사제,Y,국군재정관리단,ZD00303,국군재정관리단,ZD00303,82.995,335654460,338235290,313636364,2024-08-09,11:00:00,개찰완료,279044110,83.134,2024-08-09,행복물류,장복남,장복남,658-18-01268,전라남도 순천시 해룡면 해룡산단6로138 (1층9호)
EKA0025,1,24년 기관단총 5.56mm K1A,물품,총액계약,지명경쟁,적격심사제,Y,방위사업청,1690000,방위사업청,1690000,,62117817,62417000,0,2024-08-12,10:30:00,개찰완료,53625000,86.327,2024-08-12,에스앤티모티브주식회사,권형순,지진성,621-81-47887,부산광역시 기장군 철마면 여락송정로 363()
ESA0004,1,24년 보조전원공급기(30mm차륜형대공포용),물품,총액계약,일반경쟁,적격심사제,Y,방위사업청,1690000,방위사업청,1690000,,961037050,952560000,0,2024-08-12,11:00:00,개찰완료,807655000,84.039,2024-08-12,현대파워시스템 주식회사,전용곤,한승열,129-81-12048,경기도 광주시 광여로115-1 (곤지암읍)
HCQ0067,1,24년 김해기지 부대소개영상 제작 용역,용역,총액계약,협상에의한계약(전자),협상,N,공군제5공중기동비행단,ZD00193,공군제5공중기동비행단,ZD00193,0,60415500,60587254,56180909,2024-08-12,15:00:00,개찰완료,55000000,91.036,2024-08-30,주식회사 씨엘엠스타일,윤찬원,윤정인,371-88-00327,"서울특별시 서초구 반포대로88, 5층(서초동, 반석빌딩)"
LCG0065,1,[24-육-170] 안전문화 콘텐츠 제작,용역,총액계약,2단계경쟁(동시),최저가격제,N,육군본부,1290298,육군본부,1290298,0,30095171,30000000,27272727,2024-08-12,13:00:00,개찰완료,14900000,49.509,2024-08-18,트렌드코리아 주식회사,장태준,장태준,429-86-02727,"경기도 시흥시 월곶해안로149-1 (월곶동) 에이동, 202호"
LKH0026,1,00해감대 개편시설공사(자동제어 제조설치),물품,총액계약,일반경쟁,적격심사제,Y,제6128부대,ZD00091,제6128부대,ZD00091,87.995,37069364,36870000,33518182,2024-08-12,10:30:00,개찰완료,32622684,88.004,2024-08-12,주식회사 세원,박정아,최강민,407-81-33109,충청남도 계룡시 엄사면 도곡로128-25
LPM0026,1,9사단 사령부 병영식당 민간위탁 급식용역 ,용역,총액계약,협상에의한계약(서류),협상,N,제9보병사단사령부,ZD00441,제9보병사단사령부,ZD00441,,5219500000,,4745000000,2024-08-12,11:00:00,개찰완료,5219500000,100,2024-09-30,주식회사 동원홈푸드,정문목,염은혜,312-81-25280,"서울특별시 서초구 마방로68(양재동, 동원산업빌딩)"
MHD0076,1,통신가설차 경미한 성능개량 사업분석,용역,총액계약,협상에의한계약(전자),협상,N,방위사업청(운영지원과),1690000,방위사업청(운영지원과),1690000,,50000000,,45454545,2024-08-12,15:00:00,개찰완료,44000000,88,2024-10-22,사단법인 미래안보산업전략연구원,박종재,정영숙,161-82-00091,서울특별시 영등포구 영등포로35길10-0 (영등포동6가) 8층 809호
MHD0075,1,120mm자주박격포 및 사격지휘차량 성능개량 사업분석,용역,총액계약,협상에의한계약(전자),협상,N,방위사업청(운영지원과),1690000,방위사업청(운영지원과),1690000,,50000000,,45454545,2024-08-12,15:00:00,개찰완료,42000000,84,2024-09-06,사단법인 안보경영연구원,전건욱,조대현,120-82-07415,"서울특별시 강남구 언주로527, 10층 (역삼동)"
EBH0115,1,PRC-96K부품(구매),물품,총액계약,일반경쟁,적격심사제,Y,방위사업청,1690000,방위사업청,1690000,,535083833,535321000,0,2024-08-13,15:00:00,개찰완료,449100000,83.93,2024-08-13,(주)인콘,박종진,신영우,113-81-63616,"경기도 안양시 동안구 전파로104번길14, 2,3층(호계동)"
EBH0113,1,24년 천마 수리부속류(구매),물품,총액계약,일반경쟁,적격심사제,Y,방위사업청,1690000,방위사업청,1690000,,389791756,391160000,0,2024-08-13,11:00:00,개찰완료,336475830,86.321,2024-08-13,대림엠텍,김부경,김부경,424-01-02536,경상남도 김해시 진례면 테크노밸리로36
HCF0181,2,24~'25 F-15K SWMF 지원장비 유지보수,용역,총액계약,제한경쟁,적격심사제,Y,공군군수사령부,ZD00306,공군군수사령부,ZD00306,87.745,21441810,21443137,19883636,2024-08-13,10:30:00,개찰완료,18825000,87.795,2024-08-13,(주)이엔씨테크,이종희,이은경,301-81-57064,충청북도 청주시 흥덕구 2순환로742번길2 (화계동)
HCF0184,2,24~'25 KF-16 SWMF 지원장비 유지보수,용역,총액계약,제한경쟁,적격심사제,Y,공군군수사령부,ZD00306,공군군수사령부,ZD00306,87.745,20499091,20486274,18996364,2024-08-13,10:30:00,개찰완료,18003000,87.823,2024-08-13,(주)이엔씨테크,이종희,이은경,301-81-57064,충청북도 청주시 흥덕구 2순환로742번길2 (화계동)
HCF0194,1,엘레본 서보 등 2종,물품,총액계약,제한경쟁,적격심사제,Y,공군군수사령부,ZD00306,공군군수사령부,ZD00306,87.995,127375907,126568627,117363636,2024-08-13,10:30:00,개찰완료,112187130,88.075,2024-08-14,바이민,주민,주민,202-21-90952,"대구광역시 수성구 청수로25길48-5, 1층(황금동)"
HCL0053,1,24-237 2학기 교과서,물품,총액계약,제한경쟁,적격심사제,Y,공군사관학교,7002962,공군사관학교,7002962,90,150310702,149289630,135717845,2024-08-13,11:00:00,개찰완료,135290740,90.007,2024-08-13,다올,이시우,이시우,171-70-00154,"충청북도 청주시 흥덕구 2순환로1222, 1동 17층 15호(강서동, 신해블루지움)"
LBB0032,3,커피(아메리카노),물품,단가계약,제한경쟁,적격심사제,Y,육군제7789부대,ZD00074,육군제7789부대,ZD00074,82.995,1399,1400,42798000,2024-08-13,10:30:00,개찰완료,1162,83.034,2024-08-13,이룸푸드,양광영,양광영,629-27-01563,부산광역시 사상구 새벽시장로78-6 (감전동) 1층
LGC0026,1,24년 학군후보생 여행용 가방 제조납품,물품,총액계약,제한경쟁,적격심사제,Y,육군학생군사학교,ZD00252,육군학생군사학교,ZD00252,82.995,203490090,202867500,198955455,2024-08-13,10:30:00,개찰완료,169415900,83.255,2024-08-13,성지EMB,이근호,이근호,110-15-86288,"인천광역시 계양구 봉오대로743번길29, 1동 3층 301호(작전동, 삼보아파트상가)"
LGI0064,1,훈제닭다리,물품,단가계약,제한경쟁,적격심사제,Y,제3130부대,ZD01109,제3130부대,ZD01109,82.995,3010,3000,88917273,2024-08-13,10:30:00,개찰완료,2499,83.013,2024-08-13,골든벨,정영자,정영자,123-32-34385,경기도 안양시 동안구 관평로69번길 7-45(평촌동1층)
LGI0065,1,떠먹는티라미수,물품,단가계약,제한경쟁,적격심사제,Y,제3130부대,ZD01109,제3130부대,ZD01109,87.995,2993,3000,88917273,2024-08-13,10:30:00,개찰완료,2638,88.149,2024-08-13,장가네제과,장억재,장억재,272-69-00145,대구광역시 북구 팔달로45(노원동3가)
LHQ0036,1,24-전라제주-폐수-01 설계용역,용역,총액계약,2단계경쟁(동시),최저가격제,N,제6619부대,1290300,제6619부대,1290300,0,21604257,21538236,19971818,2024-08-13,11:00:00,개찰완료,0,0,2024-08-13,주식회사 동부그린,정오용,송예린,416-81-14732,전라남도 순천시 해룡면 해룡산단6로100
LMU0033,1,(24-급-031) `24-2차 경축특식(훈제닭다리) 계약,물품,단가계약,제한경쟁,적격심사제,Y,6112부대,ZD01187,6112부대,ZD01187,87.995,2947,2940,14700000,2024-08-13,11:00:00,개찰완료,2593,87.999,2024-08-13,주식회사 미소랑,김지혜,박영분,848-87-02828,"인천광역시 중구 연안부두로107번길34, 2동 1층(항동7가)"
LMU0034,1,(24-급-032) `24-2차 경축특식(아이스모찌) 계약,물품,단가계약,제한경쟁,적격심사제,Y,6112부대,ZD01187,6112부대,ZD01187,87.995,2910,2940,35012727,2024-08-13,11:00:00,개찰완료,2561,88.017,2024-08-13,다오,성치오,성치오,128-92-74329,"인천광역시 중구 연안부두로107번길34, 2동 1층(항동7가)"
LMU0035,1,(24-급-033) `24-2차 경축특식(글레이즈드도넛) 계약,물품,단가계약,제한경쟁,적격심사제,Y,6112부대,ZD01187,6112부대,ZD01187,87.995,2954,2940,34210909,2024-08-13,11:00:00,개찰완료,2602,88.095,2024-08-13,아이리치베이커리,정양숙,정양숙,613-10-48982,경상남도 진주시 대곡면 진의로612-4
MHD0071,2,방산메일시스템 유지보수 사업,용역,총액계약,협상에의한계약(전자),협상,N,방위사업청(운영지원과),1690000,방위사업청(운영지원과),1690000,,80600000,,73272727,2024-08-13,15:00:00,개찰완료,78988000,98,2024-09-02,주식회사 유나이티드시스템,김혜정,김혜정,851-88-02379,경기도 하남시 미사강변중앙로208-0 (망월동) 7층 7160호
SCF0751,2,대잠RIB 엔진 정비,물품,총액계약,일반경쟁,적격심사제,Y,해군군수사령부,ZD00289,해군군수사령부,ZD00289,82.995,374660309,376000000,349087273,2024-08-13,10:30:00,개찰완료,330869000,88.311,2024-08-13,화창기계,유인섭,유인섭,117-13-65164,인천광역시 계양구 평리길 118-10화창기계
SCF0787,1,실리콘 등 3종 구매,물품,총액계약,제한경쟁,적격심사제,Y,해군군수사령부,ZD00289,해군군수사령부,ZD00289,87.995,34256930,34000000,31581818,2024-08-13,10:30:00,개찰완료,30144871,87.996,2024-08-13,찬스드림인터내셔널,김찬중,김찬중,469-07-01191,"경기도 남양주시 퇴계원읍 퇴계원로141, 105동 703호(금호어울림아파트)"
SCF0772,2,ㅇㅇ함 무인기뢰처리기 데빗트 외주정비,물품,총액계약,일반경쟁,적격심사제,Y,해군군수사령부,ZD00289,해군군수사령부,ZD00289,82.995,104219028,104000000,96831818,2024-08-13,10:30:00,개찰완료,89180000,85.569,2024-08-13,주식회사 일성이엔지,오세만,오세만,602-81-53151,부산광역시 영도구 대교로2번길22-6 (봉래동3가) 2층
SCF0811,1,차돌박이,물품,단가계약,제한경쟁,적격심사제,Y,해군군수사령부,ZD00289,해군군수사령부,ZD00289,87.995,22012,22058,51136364,2024-08-13,10:30:00,개찰완료,19386,88.072,2024-08-13,주식회사 원양에프엔지 농업회사법인,심세진,김나영,680-88-00537,경상남도 창원시 마산합포구 진전면 팔의사로511-97
SCF0810,1,냉동수육용삼겹살,물품,단가계약,제한경쟁,적격심사제,Y,해군군수사령부,ZD00289,해군군수사령부,ZD00289,87.995,18679,18627,69090909,2024-08-13,10:30:00,개찰완료,16448,88.056,2024-08-13,류홀마트(합포점),최정임,최정임,346-22-00096,경상남도 창원시 마산합포구 문화동로1-0 (월포동)
SCF0809,1,대패삼겹살(냉동),물품,단가계약,제한경쟁,적격심사제,Y,해군군수사령부,ZD00289,해군군수사령부,ZD00289,87.995,12090,12058,50318182,2024-08-13,10:30:00,개찰완료,10643,88.028,2024-08-13,송림축산,김미애,김미애,627-95-01606,"경상남도 창원시 진해구 동진로138, 지하층 100-1호(덕산동)"
SCF0808,1,씻어나온쌀,물품,단가계약,제한경쟁,적격심사제,Y,해군군수사령부,ZD00289,해군군수사령부,ZD00289,87.995,20159,20098,18636364,2024-08-13,10:30:00,개찰완료,17747,88.034,2024-08-13,류홀마트(합포점),최정임,최정임,346-22-00096,경상남도 창원시 마산합포구 문화동로1-0 (월포동)
SCK0092,1,공기청정기 필터 8종 제조 납품,물품,총액계약,일반경쟁,적격심사제,Y,해군교육사령부,1290330,해군교육사령부,1290330,87.995,16649226,16580000,15382545,2024-08-13,10:30:00,개찰완료,14652700,88.008,2024-08-13,(주)조은필텍,이정숙,이준오,628-87-01230,부산광역시 강서구 녹산산단361로42-0 (송정동)
SFC0091,1,의무장비(의료용 중형 냉장고),물품,총액계약,제한경쟁,적격심사제,Y,제9691부대,ZD00152,제9691부대,ZD00152,87.995,8798483,8800000,8000000,2024-08-13,10:30:00,개찰완료,7742541,87.998,2024-08-13,주식회사 은상컴퍼니,최은미,최은미,329-87-03326,"경기도 안산시 단원구 고잔2길45, 7층 701-376호(고잔동, 코스모프라자)"
SFC0090,1,열선풍속계 등 2품목 구매,물품,총액계약,제한경쟁,적격심사제,Y,제9691부대,ZD00152,제9691부대,ZD00152,87.995,1716394,1713000,1557273,2024-08-13,10:30:00,개찰완료,1511400,88.056,2024-08-13,케이씨테크노(주),이석형,이석형,128-81-42777,경기도 고양시 일산서구 송산로 221()
SFN0067,2,24-Y-일반폐기물 처리 용역,용역,총액계약,제한경쟁,적격심사제,Y,연평부대,ZD00160,연평부대,ZD00160,84.245,205238013,207813720,192700000,2024-08-13,10:30:00,개찰완료,175422800,85.472,2024-08-13,주식회사 석천기업,이주신,정영언,548-88-02148,"인천광역시 서구 검단천로203, 1층(오류동)"
UAC0026,1,디지털후가공시스템 구매,물품,총액계약,일반경쟁,적격심사제,Y,국방출판지원단,ZD00908,국방출판지원단,ZD00908,82.995,862632561,872200000,809090909,2024-08-13,11:00:00,개찰완료,750000000,86.943,2024-08-13,주식회사 솔버스,서용수,신호철,114-81-62435,"서울특별시 영등포구 양산로43, 705호 (양평동3가, 우림이비지센터)"
UMM0953,2,24-N-UFS훈련 합동수송 실제훈련 선박 임차용역,용역,총액계약,제한경쟁,적격심사제,Y,국군재정관리단,ZD00303,국군재정관리단,ZD00303,87.745,86685696,86270000,80000000,2024-08-13,11:00:00,개찰완료,83681900,96.534,2024-08-13,주식회사씨캐리어,김순오,김순오,109-81-60610,"서울특별시 송파구 올림픽로35가길10-0 제6층 B동 제613호 (신천동, 잠실 더샵스타파크)"
UMM1019,1,(246288-E) 음향장비세트 구매,물품,총액계약,제한경쟁,적격심사제,Y,국군재정관리단,ZD00303,국군재정관리단,ZD00303,87.995,113341707,114249010,105940000,2024-08-13,11:00:00,개찰완료,99738290,87.997,2024-08-13,다우상사,이나현,이나현,485-40-01093,"울산광역시 남구 장검1길21-32, 상가동 지하층 101호(무거동, 선진아트맨션)"
UMM0988,2,(246307-C) 피아식별띠 제조,물품,총액계약,제한경쟁,적격심사제,Y,국군재정관리단,ZD00303,국군재정관리단,ZD00303,87.995,85835147,85032000,85032000,2024-08-13,11:00:00,개찰완료,83331360,97.083,2024-08-13,연홍코퍼레이션,지애경,지애경,202-35-05919,"경기도 시흥시 연성로83, 5층 501, 502,503호(하상동, 현대프라자)"
UMM1018,1,(246305-E) '24년 착색장비(회전식 샌딩기) 구매,물품,총액계약,제한경쟁,적격심사제,Y,국군재정관리단,ZD00303,국군재정관리단,ZD00303,87.995,64589118,64705880,60000000,2024-08-13,11:00:00,개찰완료,56836020,87.996,2024-08-13,파운트,권석헌,권석헌,507-05-43432,"인천광역시 부평구 마장로143번길25-4, 1동 201호(산곡동, 한마음 맨션)"
UMM1004,1,(24G034-H)정보체계 통합 유지보수 용역,용역,총액계약,일반경쟁,적격심사제,Y,국군재정관리단,ZD00303,국군재정관리단,ZD00303,77.995,2082687750,2077265800,1926191927,2024-08-13,11:00:00,개찰완료,1624550400,78.002,2024-08-13,(주) 투데이게이트,김익훈,이민주,113-86-04679,"서울특별시 금천구 디지털로9길32-0 (가산동, 갑을 그레이트밸리) 비동 804호"
UMM1009,1,(24F219-A) 식자재 민간위탁 배송 용역,용역,총액계약,일반경쟁,적격심사제,Y,국군재정관리단,ZD00303,국군재정관리단,ZD00303,82.995,781549966,778033060,721448836,2024-08-13,11:00:00,개찰완료,762371250,97.546,2024-08-13,용마로지스주식회사,이종철,김성호,211-86-40630,"경기도 김포시 고촌읍 아라육로78, 2동"
LCF0499,1,솔레노이드조립체 등 6항목 구매(자주포),물품,총액계약,제한경쟁,적격심사제,Y,육군군수사령부,1290307,육군군수사령부,1290307,87.995,89810006,89422308,81293007,2024-08-14,11:30:00,개찰완료,79055590,88.025,2024-08-14,티케이(T.K)테크,김재욱,김재욱,440-70-00235,부산광역시 강서구 대저로3번길52-15 (대저1동)
LCF0501,1,클램프 호스용 등 14항목 제조(자주포),물품,총액계약,제한경쟁,적격심사제,Y,육군군수사령부,1290307,육군군수사령부,1290307,87.995,36893967,36647597,33315997,2024-08-14,11:30:00,개찰완료,32599880,88.361,2024-08-14,이든산업,박용철,박용철,297-16-00624,부산광역시 강서구 호계로57번길20-0 (죽동동)
LCF0503,1,베어링 볼형 환상형 등 8항목 구매(총포),물품,총액계약,제한경쟁,적격심사제,Y,육군군수사령부,1290307,육군군수사령부,1290307,87.995,4034548,4051960,3683600,2024-08-14,11:30:00,개찰완료,3573530,88.573,2024-08-14,에스엔더블유테크,명노헌,명노헌,606-24-47532,부산광역시 강서구 가리새2로13번길14-0 (생곡동)
LCF0504,1,스프링 나선형 압축 등 44항목 제조(총포),물품,총액계약,제한경쟁,적격심사제,Y,육군군수사령부,1290307,육군군수사령부,1290307,87.995,9767164,9863980,8967255,2024-08-14,11:30:00,개찰완료,8680300,88.872,2024-08-14,삼영산업,문헌태,문헌태,622-09-65242,경상남도 김해시 분성로557번길60-7 (어방동)
LCF0492,1,230mm 창정비시설 관급(호이스트크레인) 제조설치,물품,총액계약,일반경쟁,적격심사제,Y,육군군수사령부,1290307,육군군수사령부,1290307,87.995,1052041363,1049939000,954490000,2024-08-14,11:00:00,개찰완료,925861717,88.006,2024-08-14,주식회사 에스씨모빌리티,한영민,최성건,317-88-01910,"부산광역시 사하구 다대로624, 5층(다대동)"
LCF0497,1,드라이버 시일용 등 17항목 구매(총포공구),물품,총액계약,제한경쟁,적격심사제,Y,육군군수사령부,1290307,육군군수사령부,1290307,87.995,208867044,208039502,189126820,2024-08-14,10:30:00,개찰완료,183792772,87.995,2024-08-14,하주스토어,김병순,김병순,524-24-01874,광주광역시 북구 면앙로121번길96-3 (문흥동)
LCF0506,1,링 베어링용 외부용 등 14항목 구매(궤도-002),물품,총액계약,제한경쟁,적격심사제,Y,육군군수사령부,1290307,육군군수사령부,1290307,87.995,16913050,16971146,15428315,2024-08-14,11:30:00,개찰완료,14959047,88.446,2024-08-14,선경,정왕균,정왕균,225-51-00727,경상남도 김해시 한림면 안곡로520-2
LCG0066,1,[24-육-172] 미래 작전부대 지원에 적합한 신에너지,용역,총액계약,협상에의한계약(전자),협상,N,육군본부,1290298,육군본부,1290298,0,44587882,44858000,40909091,2024-08-14,13:00:00,개찰완료,43512260,97.587,2024-08-26,주식회사 자람앤수엔지니어링,오대영,신수영,138-81-76949,"경기도 안양시 동안구 엘에스로91번길16-39, 803호 (호계동, 안양아이티밸리)"
LGC0027,1,24년 교육종합정보시스템 HW 및 SW 교체(리스자산),물품,총액계약,제한경쟁,적격심사제,Y,육군학생군사학교,ZD00252,육군학생군사학교,ZD00252,82.995,283924577,282352941,261818182,2024-08-14,10:30:00,개찰완료,237050000,83.49,2024-08-14,주식회사 코어스톤,박경구,박찬구,845-87-00909,"대전광역시 유성구 가정로218, 407호 (가정동, ETRI융합기술연구생산센터)"
LHQ0039,2,24년 국가기술자격검정 굴삭기VR 운전시뮬레이터 구매,물품,총액계약,제한경쟁,적격심사제,Y,제6619부대,1290300,제6619부대,1290300,87.995,17912158,18000000,16363636,2024-08-14,11:00:00,개찰완료,16950000,94.628,2024-08-14,주식회사 심지,정재욱,정윤아,610-86-24031,울산광역시 울주군 청량읍 율리영해1길울산광역시 울주군 청량읍 율리영해1길 54
LKP0129,1,24년 급식 민간위탁배송(부대조달 경남권),용역,총액계약,일반경쟁,적격심사제,Y,제6335부대,Z006123,제6335부대,Z006123,77.995,2511336898,2499131290,2271937536,2024-08-14,11:30:00,개찰완료,2447899000,97.473,2024-08-14,용마로지스주식회사,이종철,김성호,211-86-40630,"경기도 김포시 고촌읍 아라육로78, 2동"
SCF0813,1,해병대 호흡조절기 검사수리기 2대 구매,물품,총액계약,제한경쟁,적격심사제,Y,해군군수사령부,ZD00289,해군군수사령부,ZD00289,87.995,48629854,49000000,45450000,2024-08-14,10:30:00,개찰완료,42792000,87.995,2024-08-14,주식회사 갑목,홍두표,남은희,140-81-04943,경기도 시흥시 소망공원로334-0 (정왕동)
UMM1011,1,(247052-H)통신사 등 3개지역 LAN 노후 교체사업,물품,총액계약,일반경쟁,적격심사제,Y,국군재정관리단,ZD00303,국군재정관리단,ZD00303,82.995,528005912,525527380,518451636,2024-08-14,11:00:00,개찰완료,438241940,82.999,2024-08-14,스피드,김혜명,김혜명,697-60-00278,"인천광역시 미추홀구 토금남로4번길25-12, 101호(용현동, 선영하이츠빌)"
UMM1005,1,24-N-프레임 리프트 구매,물품,총액계약,제한경쟁,적격심사제,Y,국군재정관리단,ZD00303,국군재정관리단,ZD00303,87.995,70591172,70090000,65000000,2024-08-14,11:00:00,개찰완료,62119700,87.999,2024-08-19,브레인비,오아랑,오아랑,727-20-00684,"서울특별시 광진구 자양로135, 4층 406호 (문패 506호)(자양동, 자양오피스텔)"
UMM1006,1,24-F-탐지기  가스용 구매,물품,총액계약,제한경쟁,적격심사제,Y,국군재정관리단,ZD00303,국군재정관리단,ZD00303,87.995,75978349,76170000,70636364,2024-08-14,11:00:00,개찰완료,66857280,87.995,2024-08-19,에스클래스주식회사,서정미,서정미,704-88-02729,"경기도 고양시 일산동구 무궁화로20-18, 5층 47 (장항동, 하임빌로데오빌딩)"
UMM1002,1,24-D-인쇄용 워크플로우 구매,물품,총액계약,일반경쟁,적격심사제,Y,국군재정관리단,ZD00303,국군재정관리단,ZD00303,82.995,235340484,235670000,221818182,2024-08-14,11:00:00,개찰완료,195335730,83.001,2024-08-16,레오컴퍼니,유지민,유지민,488-37-00657,"경기도 의정부시 동일로397, 210동 1105호(장암동, 장암2단지주공아파트)"
UMM1022,1,(24F218-I) 식자재 민간위탁 배송용역(수도군단),용역,총액계약,일반경쟁,적격심사제,Y,국군재정관리단,ZD00303,국군재정관리단,ZD00303,77.995,1850326009,1852465598,1717740827,2024-08-14,11:00:00,개찰완료,1800000000,97.28,2024-08-14,동원로엑스 주식회사,박성순,전현주,120-87-62427,서울특별시 서초구 마방로68-0 (양재동) 동원산업빌딩
UMM1016,1,(24G233-A) 식기세척기 임차 용역,용역,총액계약,제한경쟁,적격심사제,Y,국군재정관리단,ZD00303,국군재정관리단,ZD00303,87.745,118575341,118941170,110290909,2024-08-14,11:00:00,개찰완료,104490000,88.121,2024-08-14,에이포하우스 주식회사,김홍민,김은미,883-87-01778,서울특별시 성동구 성수일로77-0 (성수동1가) 서울숲IT밸리 15층 1509호
HDM0049,1,24년 부대소개영상 제작용역,용역,총액계약,2단계경쟁(동시),최저가격제,N,공군제17전투비행단,ZD00206,공군제17전투비행단,ZD00206,0,30176187,30000000,27272727,2024-08-16,10:30:00,개찰완료,14800000,49.045,2024-08-21,트렌드코리아 주식회사,장태준,장태준,429-86-02727,"경기도 시흥시 월곶해안로149-1 (월곶동) 에이동, 202호"
LCM0051,2,24년 4분기 부대계약 영내자증식 구매,물품,총액계약,제한경쟁,적격심사제,Y,육군교육사령부,1290302,육군교육사령부,1290302,87.995,100660263,100278800,91162545,2024-08-16,10:30:00,개찰완료,88927200,88.343,2024-08-21,주식회사 강산푸드앤덕,정미경,유은진,276-81-01959,부산광역시 강서구 낙동남로622번길42-0 (녹산동)
LHN0060,1,00시설 중거리 카메라 제조설치 ,물품,총액계약,일반경쟁,적격심사제,Y,제2621부대,ZD00394,제2621부대,ZD00394,87.995,92482483,92300000,83909091,2024-08-16,10:30:00,개찰완료,81379964,87.995,2024-08-16,지엔네텔(주),고시영,고주명,215-86-02337,서울특별시 송파구 성내천로22길 7(마천동)
LMU0037,1,(24-급-035) `24-4차 부대계약 식자재(가공품류) 계약,물품,단가계약,일반경쟁,적격심사제,Y,6112부대,ZD01187,6112부대,ZD01187,82.995,2614857,2582672,993167681,2024-08-16,11:00:00,개찰완료,2192270,83.839,2024-08-19,주식회사 홍익식품,이상훈,이상훈,201-86-46243,경기도 시흥시 계수로126번길29-19 (계수동)
LMU0039,1,(24-급-037) `24-4차 부대계약 식자재(가공품류) 계약,물품,단가계약,일반경쟁,적격심사제,Y,6112부대,ZD01187,6112부대,ZD01187,82.995,1823447,1825669,1685711980,2024-08-16,11:00:00,개찰완료,1514058,83.032,2024-08-19,주식회사 삼마기업,이가은,김혁진,473-88-02505,"서울특별시 마포구 월드컵로34길6, 1동 14층 1406호(성산동,태림센트윈2차)"
LMU0041,1,(24-급-036) `24-4차 부대계약 식자재(가공품류) 계약,물품,단가계약,일반경쟁,적격심사제,Y,6112부대,ZD01187,6112부대,ZD01187,82.995,2509358,2517936,1331715916,2024-08-16,11:00:00,개찰완료,2082762,82.999,2024-08-19,주식회사 신라명과,박창훈,강윤구,123-81-12055,경기도 안양시 만안구 덕천로72번길30 (안양동)
SCF0760,2,브레이크오일교환기 2EA 구매,물품,총액계약,제한경쟁,적격심사제,Y,해군군수사령부,ZD00289,해군군수사령부,ZD00289,87.995,4417670,4400000,5223636,2024-08-16,10:30:00,개찰완료,4318600,97.757,2024-08-16,더블유엠,최원익,최원익,558-08-01504,서울특별시 영등포구 영신로38길18(영등포동6가) 흥무빌딩 3087호
SDQ0088,1,잉곳 주석 청동용 등 26종 구매,물품,총액계약,제한경쟁,적격심사제,Y,해군제2수리창,ZD00986,해군제2수리창,ZD00986,87.995,47422182,47300000,43834545,2024-08-16,13:30:00,개찰완료,41729230,87.995,2024-08-16,평화상사,성혜정,성혜정,793-44-00367,"경기도 남양주시 와부읍 덕소로213-0, 102동 504호(덕소강변서희스타힐스)"
UAC0027,1,인쇄재료 12종 수시 구매,물품,총액계약,제한경쟁,적격심사제,Y,국방출판지원단,ZD00908,국방출판지원단,ZD00908,87.995,47050149,47600000,44160636,2024-08-16,11:00:00,개찰완료,41402350,87.996,2024-08-16,와이엠글로벌,김영만,김영만,543-16-01230,"인천광역시 계양구 효서로112번길7, 6동 101호(효성동, 미래골든타운)"
UAC0028,1,디지털인쇄재료 1종 수시구매,물품,총액계약,제한경쟁,적격심사제,Y,국방출판지원단,ZD00908,국방출판지원단,ZD00908,87.995,41402681,41260000,38280000,2024-08-16,11:00:00,개찰완료,36432580,87.995,2024-08-16,(주)제이인터내셔날,김도영,지소연,857-81-00569,경상남도 양산시 어실로446(어곡동)
UMM1015,1,24-N-승용식 5갱 모아 등 2종 구매,물품,총액계약,제한경쟁,적격심사제,Y,국군재정관리단,ZD00303,국군재정관리단,ZD00303,87.995,135801033,136270000,126363636,2024-08-16,11:00:00,개찰완료,119502460,87.998,2024-08-16,한빛상사,오경아,오경아,188-51-00883,경기도 남양주시 진접읍 봉현로51-4 (길훈아파트) 103-302
LDH0665,1,24-9차 물류이동장비(8톤 전동화물운반차) 구매,물품,총액계약,제한경쟁,적격심사제,Y,제2879부대,ZD00347,제2879부대,ZD00347,87.995,38169989,38300000,35514918,2024-08-19,13:00:00,개찰완료,37999000,99.552,2024-08-19,에이치제이시스템,윤현정,윤현정,184-10-00874,경상남도 창원시 의창구 지귀로63-0 (봉곡동)
LMP0036,1,24년 취사장 청소용역,용역,총액계약,제한경쟁,적격심사제,Y,제1968부대,ZD00507,제1968부대,ZD00507,87.995,86204288,86200000,78363636,2024-08-19,11:00:00,개찰완료,75864880,88.005,2024-08-21,(주)부남환경관리,김진희,김진희,138-81-24058,"경기도 안양시 동안구 경수대로927, 204호"
MCS0100,1,2024 복지회관 식자재 구매(농산물),물품,총액계약,일반경쟁,적격심사제,Y,계룡대근무지원단,1290286,계룡대근무지원단,1290286,87.995,65703284,65602750,60831645,2024-08-19,10:30:00,개찰완료,58176500,88.544,2024-08-21,주식회사 강산푸드앤덕,정미경,유은진,276-81-01959,부산광역시 강서구 낙동남로622번길42-0 (녹산동)
MCS0101,1,2024 복지회관 식자재 구매(공산품 및 소모품),물품,총액계약,일반경쟁,적격심사제,Y,계룡대근무지원단,1290286,계룡대근무지원단,1290286,87.995,92214397,91872540,85190945,2024-08-19,10:30:00,개찰완료,81472500,88.351,2024-08-21,주식회사 강산푸드앤덕,정미경,유은진,276-81-01959,부산광역시 강서구 낙동남로622번길42-0 (녹산동)
UMM1014,1,24-M-00망 유해사이트 차단체계 교체(리스자산),물품,총액계약,일반경쟁,적격심사제,Y,국군재정관리단,ZD00303,국군재정관리단,ZD00303,87.995,227210472,227950000,211372727,2024-08-19,11:00:00,개찰완료,199942730,87.998,2024-08-19,(주)애니씨앤에스,이일규,이일규,106-86-16518,서울특별시 용산구 원효로84길12-0 (원효로1가) 미성상사빌딩 5층
UMM1021,1,24-F-비용분석용 상용SW 구매,물품,총액계약,제한경쟁,적격심사제,Y,국군재정관리단,ZD00303,국군재정관리단,ZD00303,87.995,196853066,196070000,181818182,2024-08-19,11:00:00,개찰완료,184000000,93.47,2024-08-19,(주)프라이전트,이성로,이성로,214-86-24833,"대전광역시 유성구 대학로 27, 현대리조텔 2층(봉명동)"
HCM0061,1,24-07-259 LED 전광판 1품목 제조 구매,물품,총액계약,제한경쟁,적격심사제,Y,공군교육사령부,ZD00172,공군교육사령부,ZD00172,87.995,101350591,100833333,93500000,2024-08-20,10:30:00,개찰완료,89185510,87.997,2024-08-20,주식회사 나우시스템,이종한,박선하,113-86-36870,"서울특별시 금천구 가산디지털2로53, 9층 911호,912호(가산동, 한라시그마밸리)"
HDG0027,1,24년 간부식당 급식류 식자재 계약,물품,총액계약,일반경쟁,적격심사제,Y,공군제10전투비행단,ZD00184,공군제10전투비행단,ZD00184,82.995,412880781,413152870,383105390,2024-08-20,11:00:00,개찰완료,342907829,83.052,2024-08-20,주식회사 야미푸드,손희영,최유식,125-81-56888,경기도 이천시 덕평로691번길46-0 (마장면)
LCF0516,2,모터 유압식 등 2항목 구매(일장-022),물품,총액계약,제한경쟁,적격심사제,Y,육군군수사령부,1290307,육군군수사령부,1290307,87.995,121644619,121641294,110582995,2024-08-20,10:30:00,개찰완료,107652545,88.497,2024-08-21,선경,정왕균,정왕균,225-51-00727,경상남도 김해시 한림면 안곡로520-2
LCF0511,1,저항기 가변식 등 42항목 구매(궤도-016),물품,총액계약,일반경쟁,적격심사제,Y,육군군수사령부,1290307,육군군수사령부,1290307,82.995,334720688,332654575,302413250,2024-08-20,11:30:00,개찰완료,277986488,83.05,2024-08-20,뉴테크코리아 주식회사,이인순,이용민,872-81-02208,경기도 화성시 송산면 송산포도로510-13
LCF0513,1,간격유지기 등 48항목 구매(궤도-004),물품,총액계약,제한경쟁,적격심사제,Y,육군군수사령부,1290307,육군군수사령부,1290307,87.995,206802425,207196517,188360470,2024-08-20,11:30:00,개찰완료,182800000,88.393,2024-08-20,뉴테크코리아 주식회사,이인순,이용민,872-81-02208,경기도 화성시 송산면 송산포도로510-13
LCF0515,2,리드선 전기용 등 35항목 제조(생산능력 궤도-002),물품,총액계약,제한경쟁,적격심사제,Y,육군군수사령부,1290307,육군군수사령부,1290307,82.995,475525350,476068399,432789454,2024-08-20,11:30:00,개찰완료,439600000,92.445,2024-08-20,대호정기(주),신영근,신영근,622-81-06410,경상남도 김해시 진영읍 서부로179번길 48()
LCG0075,1,[24-육-194] 참모총장 표창 부상품(손목시계) 구매 ,물품,총액계약,제한경쟁,적격심사제,Y,육군본부,1290298,육군본부,1290298,87.995,31114617,31110000,28281818,2024-08-20,12:30:00,개찰완료,31110000,99.985,2024-08-21,란쯔시계,윤용선,윤용선,114-03-15860,"경기도 하남시 감일로102번길27, 301호 (감일동, 감일중앙프라자)"
LCG0077,1,[24-육-197] 지상군페스티벌 물품임차 용역,용역,총액계약,제한경쟁,적격심사제,Y,육군본부,1290298,육군본부,1290298,87.745,48622134,48486020,44078200,2024-08-20,12:30:00,개찰완료,42701472,87.823,2024-08-21,주식회사 에르젠코퍼레이션,최황순,유병목,360-81-02947,"서울특별시 성동구 상원12길30, 507호(성수동1가, 동진아이티타워)"
LCG0076,1,[24-육-193] 정훈실 사진인화기 구매,물품,총액계약,제한경쟁,적격심사제,Y,육군본부,1290298,육군본부,1290298,87.995,49185028,49280000,44800000,2024-08-20,12:30:00,개찰완료,43285000,88.004,2024-08-21,에이스컴퍼니,김예림,김예림,615-35-00274,"경기도 의정부시 둔야로33번길9, B1층 9-89호(의정부동, 덕암오피스텔)"
LCG0079,1,[24-육-196] 참모총장 표창 부상품(메달) 구매 ,물품,총액계약,제한경쟁,적격심사제,Y,육군본부,1290298,육군본부,1290298,87.995,31426887,31520000,28654545,2024-08-20,12:30:00,개찰완료,27700000,88.141,2024-08-21,월드에이앤씨,김철수,김철수,104-06-39075,서울특별시 성북구 장월로1라길11-0 (상월곡동)
LCM0057,1,24년 10~12월 부대계약 부식 구매(일반품목),물품,총액계약,일반경쟁,적격심사제,Y,육군교육사령부,1290302,육군교육사령부,1290302,82.995,4871733484,4848212000,4407465455,2024-08-20,10:30:00,개찰완료,4043924600,83.007,2024-08-21,대신로지스틱스 주식회사,양임석,주은옥,206-81-74680,"서울특별시 송파구 오금로46길5-0 (가락동, 보성빌딩) 3층"
LDH0663,2,화학작용제 탐지장비(K-CAM2) 시험장비 제조,물품,총액계약,제한경쟁,적격심사제,Y,제2879부대,ZD00347,제2879부대,ZD00347,87.995,61324537,61470000,57000000,2024-08-20,13:00:00,개찰완료,57000000,92.948,2024-08-20,MRO Tech(엠알오텍),안기수,안기수,244-52-00405,"대구광역시 북구 영송로15, 2층 6210호 (태전동, 대구보건대학교 복지관)"
LDH0666,1,(정비) 용접봉 구매,물품,총액계약,제한경쟁,적격심사제,Y,제2879부대,ZD00347,제2879부대,ZD00347,87.995,21144976,21172000,19632727,2024-08-20,13:00:00,개찰완료,18609236,88.007,2024-08-20,유현사운드,이영배,이영배,405-04-96709,강원특별자치도 화천군 간동면 간척리길357-0  1층 3호
LGP0130,1,후식류 다수품목 단가계약,물품,단가계약,일반경쟁,적격심사제,Y,제5378부대,ZD00217,제5378부대,ZD00217,82.995,52160,52430,47664,2024-08-20,11:00:00,개찰완료,43310,83.032,2024-08-20,(주)빙그레,전창원,이상영,132-81-00631,경기도 남양주시 다산순환로45 (다산동)
LGP0131,1,24-4차 식자재 다수품목 단가계약(경기 서부),물품,단가계약,일반경쟁,적격심사제,Y,제5378부대,ZD00217,제5378부대,ZD00217,82.995,1545924,1546287,1405715,2024-08-20,11:00:00,개찰완료,1283416,83.019,2024-08-20,동아오츠카주식회사,박철호,김충인,123-81-09055,경기도 안양시 만안구 연현로1번길 96(석수동)
LGP0132,1,24-4차 식자재 다수품목 단가계약(경기 남부),물품,단가계약,일반경쟁,적격심사제,Y,제5378부대,ZD00217,제5378부대,ZD00217,82.995,1973691,1968802,1789820,2024-08-20,11:00:00,개찰완료,1639367,83.06,2024-08-20,아름상사,이지윤,이지윤,211-23-68711,"서울특별시 송파구 양산로12 지하1층 108호 (거여동,세신거여훼밀리타운)"
LHP0031,1,(24F183-A) 사업장 폐기물(생활쓰레기) 수집운반용역,용역,총액계약,제한경쟁,적격심사제,Y,제5861부대,ZD00300,제5861부대,ZD00300,84.245,209631079,207802000,188910909,2024-08-20,11:00:00,개찰완료,178564051,85.18,2024-08-20,영동산업합자회사,이경재,이경재,227-81-01715,강원특별자치도 고성군 토성면 성대로3-27
LKP0130,1,24년 폐타이어 운반용역,용역,총액계약,일반경쟁,적격심사제,Y,제6335부대,Z006123,제6335부대,Z006123,87.745,132350644,131630059,122056964,2024-08-20,11:30:00,개찰완료,116607500,88.104,2024-08-20,대원종합상사(울산),김철구,김동우,610-02-31304,울산광역시 울주군 웅촌면 대복동천로 62()
LPM0031,1,여성필수시설(컨테이너) 제조설치 납품,물품,총액계약,제한경쟁,적격심사제,Y,제9보병사단사령부,ZD00441,제9보병사단사령부,ZD00441,87.995,168410169,166800000,151636364,2024-08-20,10:30:00,개찰완료,148708210,88.301,2024-08-20,삼창씨앤에스(주),최상규,최상규,126-86-65920,경기도 이천시 율면 산양리263  삼창씨앤에스(주)
LQG0062,2,(육성) 00부대 야간투시경 제조 납품,물품,총액계약,제한경쟁,적격심사제,Y,육군 52보병사단,ZD00273,육군 52보병사단,ZD00273,87.995,174200987,175500000,159545455,2024-08-20,10:30:00,개찰완료,154023542,88.417,2024-08-20,주식회사 코렉스,안광선,안광선,271-81-03554,"부산광역시 금정구 수원지로8, 3층 일부(회동동)"
MCD0051,1,자운대 지역 부대 배치방안 등 검토 용역,용역,총액계약,협상에의한계약(전자),협상,N,국방부(운영지원과),1290000,국방부(운영지원과),1290000,,145000000,,131818182,2024-08-20,17:00:00,개찰완료,143000000,98.62,2024-09-02,주식회사 새김이앤씨,최주원,최주원,576-81-00850,"경기도 안양시 동안구 벌말로126, 2901호, 2902호(관양동, 오비즈타워)"
MDG0183,1,수술재료8 구매,물품,총액계약,제한경쟁,적격심사제,Y,국군의무사령부,1290291,국군의무사령부,1290291,87.995,47417754,47190000,45204545,2024-08-20,11:00:00,개찰완료,41727286,87.999,2024-08-21,레오,최민희,최민희,609-32-65290,"대구광역시 달서구 서당로7길8, 1층 1층 동북편(신당동)"
MHD0081,1,방위사업 원가계산 외부용역(7차),용역,총액계약,협상에의한계약(전자),협상,N,방위사업청(운영지원과),1690000,방위사업청(운영지원과),1690000,,463000000,,420909091,2024-08-20,15:00:00,개찰완료,347250000,75,2024-09-02,태경회계법인,김상운,서호성,206-86-42145,"서울특별시 강남구 테헤란로520, 2층(대치동, 삼안빌딩)"
NIT0011,1,24년 자동염기서열분석기 검교정 등 정비,물품,총액계약,제한경쟁,적격심사제,Y,국방부조사본부,1291063,국방부조사본부,1291063,87.995,62200808,61824400,56204000,2024-08-20,11:00:00,개찰완료,59351000,95.418,2024-08-22,(주) 솔포스텍,오문진,오문진,211-88-02227,"서울특별시 송파구 송파대로24길5-6 (가락동,1층)"
SCF0823,1,CO2 용접기 2EA 구매,물품,총액계약,제한경쟁,적격심사제,Y,해군군수사령부,ZD00289,해군군수사령부,ZD00289,87.995,6460130,6400000,5967273,2024-08-20,10:30:00,개찰완료,5692000,88.109,2024-08-20,뉴테크코리아 주식회사,이인순,이용민,872-81-02208,경기도 화성시 송산면 송산포도로510-13
SCF0815,1,목재절단기 2SET 구매,물품,총액계약,제한경쟁,적격심사제,Y,해군군수사령부,ZD00289,해군군수사령부,ZD00289,87.995,23161607,23000000,22060000,2024-08-20,10:30:00,개찰완료,20381100,87.995,2024-08-20,에어컴퍼니,윤윤정,윤윤정,879-17-00398,"인천광역시 서구 청라에메랄드로156, 206-1504"
SCF0817,1,전자 모듈 표준화형 6종 구매,물품,총액계약,제한경쟁,적격심사제,Y,해군군수사령부,ZD00289,해군군수사령부,ZD00289,87.995,86044609,86000000,80519636,2024-08-20,10:30:00,개찰완료,75717470,87.997,2024-08-20,올커니,김은재,김은재,345-42-00728,경기도 양주시 양주산성로164번길87-19 (남방동)
SCF0826,1,릴 케이블용 등 13종 구매,물품,총액계약,제한경쟁,적격심사제,Y,해군군수사령부,ZD00289,해군군수사령부,ZD00289,87.995,38888011,39000000,36643706,2024-08-20,10:30:00,개찰완료,34219770,87.995,2024-08-20,라이언테크,차선아,차선아,503-19-96593,대구광역시 남구 성당로60길97-2 (대명동) 강남빌라 4-401
SCF0824,1,해병대 산소분석기 4개 구매,물품,총액계약,제한경쟁,적격심사제,Y,해군군수사령부,ZD00289,해군군수사령부,ZD00289,87.995,8257416,8200000,8181818,2024-08-20,10:30:00,개찰완료,8026720,97.206,2024-08-20,새롬상사,최준호,최준호,523-03-03248,경상남도 김해시 수가로242-9(응달동)
SCF0818,1,디스플레이 유닛 등 3종,물품,총액계약,제한경쟁,적격심사제,Y,해군군수사령부,ZD00289,해군군수사령부,ZD00289,87.995,63308403,63130000,61554545,2024-08-20,10:30:00,개찰완료,55708342,87.995,2024-08-21,태광이엔에스,박준영,박준영,658-29-01449,강원특별자치도 삼척시 근덕면 덕산1길59-12
SCF0816,1,소형진동다짐기 3대 구매,물품,총액계약,제한경쟁,적격심사제,Y,해군군수사령부,ZD00289,해군군수사령부,ZD00289,87.995,28953675,29000000,27409091,2024-08-20,10:30:00,개찰완료,28420000,98.156,2024-08-20,연홍코퍼레이션,지애경,지애경,202-35-05919,"경기도 시흥시 연성로83, 5층 501, 502,503호(하상동, 현대프라자)"
SCF0819,1,(긴급)비디오프로젝터 등 4종 구매 설치,물품,총액계약,제한경쟁,적격심사제,Y,해군군수사령부,ZD00289,해군군수사령부,ZD00289,87.995,17211360,17093000,15850000,2024-08-20,13:00:00,개찰완료,15145490,87.997,2024-08-21,케이엠티,김형석,김형석,844-28-01441,"경기도 수원시 장안구 경수대로1110-39, 106동 402호(파장동, 포레나 북수원)"
SCF0821,1,(긴급) 스위치 압력식 등 9종,물품,총액계약,제한경쟁,적격심사제,Y,해군군수사령부,ZD00289,해군군수사령부,ZD00289,87.995,36206157,36014000,36190909,2024-08-20,10:30:00,개찰완료,31860433,87.997,2024-08-21,루나픽스,박진선,박진선,108-26-92347,"경기도 화성시 병점노을1로14, 102동 304호(병점동, 화성병점 행복주택)"
SFN0068,1,24-5차 물품 통합구매,물품,총액계약,제한경쟁,적격심사제,Y,연평부대,ZD00160,연평부대,ZD00160,87.995,111322467,112561680,104375382,2024-08-20,10:30:00,개찰완료,98072030,88.097,2024-08-20,유명,이정훈,이정훈,119-49-00225,인천광역시 미추홀구 학익로116 (학익동) 103동2902호
UMM1024,1,24-N-총기 진공포장기 구매(248190-F),물품,총액계약,제한경쟁,적격심사제,Y,국군재정관리단,ZD00303,국군재정관리단,ZD00303,87.995,146301143,145580000,135000000,2024-08-20,11:00:00,개찰완료,128738554,87.995,2024-08-20,(주)매싼커뮤니케이션,한기만,허지은,119-86-11182,"서울특별시 금천구 가산디지털1로205, 9층 904호(가산동,케이씨씨웰츠밸리)"
UMM1012,2,(246290-C) 5.56밀리 철사띠상자 등 3개 품목 제조,물품,총액계약,제한경쟁,적격심사제,Y,국군재정관리단,ZD00303,국군재정관리단,ZD00303,87.995,155849899,155171911,143886682,2024-08-20,11:00:00,개찰완료,137900000,88.482,2024-08-20,금성목재,유재득,유왕승,603-23-61241,부산광역시 사하구 하신중앙로84-0 (신평동)
UMM1020,1,(246274-D)모바일기기 포렌식 SW 2종 구매,물품,총액계약,제한경쟁,적격심사제,Y,국군재정관리단,ZD00303,국군재정관리단,ZD00303,87.995,218417786,218440000,212400000,2024-08-20,11:00:00,개찰완료,192313000,88.048,2024-08-20,구루멘토링 주식회사,최동양,최동양,119-87-03753,"서울특별시 구로구 디지털로243, 705호(구로동, 지하이시티)"
UMM1027,1,(246306-F)항공기용 위성통신 단말기 교체사업(2차),물품,총액계약,제한경쟁,적격심사제,Y,국군재정관리단,ZD00303,국군재정관리단,ZD00303,87.995,143233515,142647050,132272727,2024-08-20,11:00:00,개찰완료,132804300,92.718,2024-08-20,주식회사 모두텔,박종식,김보영,602-81-36185,"부산광역시 해운대구 센텀동로71, 607호 (우동, 벽산e-센텀클래스원2차)"
UMM1025,1,(246319-C) 생도 가방 제조,물품,총액계약,제한경쟁,적격심사제,Y,국군재정관리단,ZD00303,국군재정관리단,ZD00303,87.995,67470518,67500000,62590909,2024-08-20,11:00:00,개찰완료,59388964,88.022,2024-08-20,주식회사 코아,이양임,이양임,431-81-02235,서울특별시 동대문구 사가정로238-4 (장안동)
UMM1044,1,(246309-F) 들것 접는형 단단한막대식 구매,물품,총액계약,제한경쟁,적격심사제,Y,국군재정관리단,ZD00303,국군재정관리단,ZD00303,87.995,93834687,93320000,86533091,2024-08-20,11:00:00,개찰완료,82571420,87.996,2024-08-20,주식회사 에스피글로벌,신윤진,신윤진,679-81-02176,세종특별자치시  남세종로454-0 (보람동) 8층 802-882호
UMM1017,1,24-N-고속무인표적정 제조 및 설치,물품,총액계약,일반경쟁,적격심사제,Y,국군재정관리단,ZD00303,국군재정관리단,ZD00303,82.995,706549367,711760000,660000000,2024-08-20,11:00:00,개찰완료,626000000,88.599,2024-08-20,기가알에프(주),조보형,이경현,129-81-39765,"경기도 안양시 동안구 흥안대로 415, 두산벤처다임 925(평촌동)"
UMM1042,1,(246320-E) 생도 테니스화 구매,물품,총액계약,제한경쟁,적격심사제,Y,국군재정관리단,ZD00303,국군재정관리단,ZD00303,87.995,54189197,54901960,50909091,2024-08-20,11:00:00,개찰완료,47691923,88.01,2024-08-20,주식회사 다발로,이범석,이범석,757-86-03015,충청북도 제천시 내토로589 (동현동)
UMM1026,1,(24G246-A) 얼음 냉온 정수기 임차용역,용역,총액계약,제한경쟁,적격심사제,Y,국군재정관리단,ZD00303,국군재정관리단,ZD00303,87.745,124589300,124500000,115363636,2024-08-20,11:00:00,개찰완료,109321390,87.745,2024-08-20,제이앤제이기획,정재니,정재니,263-42-00616,서울특별시 노원구 동일로175길16 (공릉동)
UMM1040,1,(246331-C) 오실로스코프 구매,물품,총액계약,제한경쟁,적격심사제,Y,국군재정관리단,ZD00303,국군재정관리단,ZD00303,87.995,138487121,138038235,127999091,2024-08-20,11:00:00,개찰완료,121862119,87.995,2024-08-20,한성건설 주식회사,이혜미,이혜미,428-86-02520,"강원특별자치도 영월군 영월읍 팔괴로217, 2층"
UMM1028,1,(246318-F) 수사관 조끼 등 3종 제조,물품,총액계약,제한경쟁,적격심사제,Y,국군재정관리단,ZD00303,국군재정관리단,ZD00303,87.995,100734587,101007450,93661455,2024-08-20,11:00:00,개찰완료,88665000,88.018,2024-08-20,사단법인 한국장애인환경사회복지협회 디딤중증장애인사업단,김경자,김경자,780-82-00572,"광주광역시 광산구 평동로803번길26-0 (옥동), 나동"
UMM1034,1,(246299-D) 병사용 간행물(3종) 구매,물품,총액계약,제한경쟁,적격심사제,Y,국군재정관리단,ZD00303,국군재정관리단,ZD00303,90,140831372,140154970,128693345,2024-08-20,11:00:00,개찰완료,126748690,90,2024-08-20,레이크,강주현,강주현,688-36-01507,"경기도 화성시 동탄대로6길50, 3032동 604호 (산척동, 더레이크시티부영5단지)"
UMM1041,1,(247300-E) 00체계 레이돔 항온제습기 제조설치,물품,총액계약,제한경쟁,적격심사제,Y,국군재정관리단,ZD00303,국군재정관리단,ZD00303,87.995,184615956,184107840,170718182,2024-08-20,11:00:00,개찰완료,162650000,88.101,2024-08-20,현대기술산업(주),이지철,김서현,212-81-35703,서울특별시 강동구 성내로6길 31()
UMM1043,1,(246315-F) 생도 침구류 제조 ,물품,총액계약,제한경쟁,적격심사제,Y,국군재정관리단,ZD00303,국군재정관리단,ZD00303,87.995,73632549,72939050,67784727,2024-08-20,11:00:00,개찰완료,71480269,97.076,2024-08-20,연홍코퍼레이션,지애경,지애경,202-35-05919,"경기도 시흥시 연성로83, 5층 501, 502,503호(하상동, 현대프라자)"
UMM1039,1,(24G121-I) 얼음 냉온정수기 임차 용역,용역,총액계약,일반경쟁,적격심사제,Y,국군재정관리단,ZD00303,국군재정관리단,ZD00303,85.495,527632677,534225882,495373091,2024-08-20,11:00:00,개찰완료,455963520,86.416,2024-08-20,에스케이매직 주식회사,김완성,김미숙,104-86-48203,"서울특별시 종로구 청계천로85, 18층(관철동, 삼일빌딩)"
EPA0012,3,항공기 견인차(4 000 LBS),물품,총액계약,일반경쟁,적격심사제,Y,방위사업청,1690000,방위사업청,1690000,,1733074733,1721750000,0,2024-08-21,11:00:00,개찰완료,1529000000,88.224,2024-08-21,정우정공주식회사,이상완,이상완,402-81-23343,전북특별자치도 완주군 봉동읍 완주산단7로89-0
ESA0005,1,레이저대공무기(Block-Ⅰ) 전원공급조립체,물품,총액계약,일반경쟁,적격심사제,Y,방위사업청,1690000,방위사업청,1690000,,4208671940,4221701000,0,2024-08-21,11:00:00,개찰완료,3594976822,85.418,2024-08-21,현대파워시스템 주식회사,전용곤,한승열,129-81-12048,경기도 광주시 광여로115-1 (곤지암읍)
LDH0671,1,K77지휘차 나사 등 31종 구매,물품,총액계약,제한경쟁,적격심사제,Y,제2879부대,ZD00347,제2879부대,ZD00347,87.995,24469367,24374000,22601567,2024-08-21,13:00:00,개찰완료,21545000,88.048,2024-08-21,현대정밀가스켓,이의정,이의정,605-45-63500,부산광역시 사상구 가야대로175번길29-0 (감전동)
LDH0672,1,K77지휘차 너트 등 20종 구매,물품,총액계약,제한경쟁,적격심사제,Y,제2879부대,ZD00347,제2879부대,ZD00347,87.995,14291011,14159000,13130178,2024-08-21,13:00:00,개찰완료,12611250,88.246,2024-08-21,이든산업,박용철,박용철,297-16-00624,부산광역시 강서구 호계로57번길20-0 (죽동동)
LDH0675,1,K77지휘차 베어링 등 4종 구매,물품,총액계약,제한경쟁,적격심사제,Y,제2879부대,ZD00347,제2879부대,ZD00347,87.995,4213861,4244000,3935632,2024-08-21,13:00:00,개찰완료,3729415,88.503,2024-08-21,(주)경원R&D,김경래,김경래,165-81-02018,부산광역시 사상구 낙동대로1292번길9-0 (삼락동)
LDH0679,1,K77지휘차 호스 등 14종 구매,물품,총액계약,제한경쟁,적격심사제,Y,제2879부대,ZD00347,제2879부대,ZD00347,87.995,33567550,33588000,31145969,2024-08-21,13:00:00,개찰완료,29745200,88.612,2024-08-21,원일종합상사,김종화,김종화,605-44-63236,부산광역시 사상구 사상로51-0 (주례동)
LDH0684,1, K200 베어링 롤러식 테이퍼형 등 16종 구매,물품,총액계약,제한경쟁,적격심사제,Y,제2879부대,ZD00347,제2879부대,ZD00347,87.995,22136265,22288000,20667969,2024-08-21,13:00:00,개찰완료,19575500,88.431,2024-08-21,에스케이(SK)산업,박수경,박수경,449-03-02636,경상남도 창원시 성산구 원이대로774 (상남동) 512-304
LDH0686,1,K200 와셔 평면형 등 3종 구매,물품,총액계약,제한경쟁,적격심사제,Y,제2879부대,ZD00347,제2879부대,ZD00347,87.995,13560295,13558000,12572120,2024-08-21,13:00:00,개찰완료,11937200,88.03,2024-08-21,장원테크,성효정,성효정,748-25-01803,"충청남도 당진시 운곡로197-8, 105동 902호(채운동, 신당진이안아파트)호"
LDH0689,1,K200 볼트 기계용 등 22종 구매,물품,총액계약,제한경쟁,적격심사제,Y,제2879부대,ZD00347,제2879부대,ZD00347,87.995,20839210,20861000,19344430,2024-08-21,13:00:00,개찰완료,18368343,88.143,2024-08-21,다연테크,홍다연,홍다연,279-16-02212,"부산광역시 부산진구 동평로218, 104동 8층 802호(부암동, 일동미라주 아파트)"
LGI0073,1,구운계란 등 7종,물품,단가계약,제한경쟁,적격심사제,Y,제3130부대,ZD01109,제3130부대,ZD01109,82.995,9093,8982,118236882,2024-08-21,10:30:00,개찰완료,7550,83.031,2024-08-21,(주)씨엘에스푸드,장지혜,장지혜,142-86-01419,부산광역시 강서구 명지오션시티8로10-5 (명지동)
LGI0074,1,간식류 15종,물품,단가계약,제한경쟁,적격심사제,Y,제3130부대,ZD01109,제3130부대,ZD01109,82.995,25542,25440,273051091,2024-08-21,10:30:00,개찰완료,21200,83.003,2024-08-21,주식회사 두준,김현우,안세연,403-81-82632,"경기도 고양시 일산동구 백마로195, 제7층 제7001-2호 (장항동, 엠시티타워앤엠시티오피스텔)"
LGI0075,1,과일류 2종,물품,단가계약,제한경쟁,적격심사제,Y,제3130부대,ZD01109,제3130부대,ZD01109,82.995,4554,4563,104258727,2024-08-21,10:30:00,개찰완료,3780,82.996,2024-08-21,주식회사 삼마기업,이가은,김혁진,473-88-02505,"서울특별시 마포구 월드컵로34길6, 1동 14층 1406호(성산동,태림센트윈2차)"
LGI0076,1,음료류 12종,물품,단가계약,제한경쟁,적격심사제,Y,제3130부대,ZD01109,제3130부대,ZD01109,82.995,26399,26365,141150000,2024-08-21,10:30:00,개찰완료,21911,82.999,2024-08-21,오케이팜,오세옥,오세옥,265-28-01070,경상남도 창원시 진해구 안청남로6번길8-1 (안골동) 1층
LGI0077,1,유제품류 7종,물품,단가계약,제한경쟁,적격심사제,Y,제3130부대,ZD01109,제3130부대,ZD01109,82.995,7787,7825,159656455,2024-08-21,10:30:00,개찰완료,6463,82.999,2024-08-21,케이엠유통(주),이재용,이재용,354-86-03117,부산광역시 강서구 공항로301번가길23-0 (대저2동)
LGT0074,1,24년 군 주거시설 개선사업 선행연구(2차)(24-GD-69),용역,총액계약,2단계경쟁(동시),최저가격제,N,제2307부대,ZD00001,제2307부대,ZD00001,0,90542154,90324050,82112773,2024-08-21,10:30:00,개찰완료,59999000,66.266,2024-08-21,주식회사 한국건설경영기술원,박장권,최민정,832-86-02845,경기도 고양시 덕양구 권율대로656-0 (원흥동) 17층 1739호
MDG0184,1,24년 식기세척기 임차 용역(대구 전라),용역,총액계약,제한경쟁,적격심사제,Y,국군의무사령부,1290291,국군의무사령부,1290291,87.745,44045244,44452800,41236364,2024-08-21,11:00:00,개찰완료,38760610,88.001,2024-08-21,오피스 유통,주민정,주민정,248-14-01777,충청남도 계룡시 엄사면 번영3길73-12 (삼진아파트)
EBH0117,1,VRC-946K장치대부품(구매),물품,총액계약,일반경쟁,적격심사제,Y,방위사업청,1690000,방위사업청,1690000,,2110049543,2120475000,0,2024-08-22,11:00:00,개찰완료,1763174000,83.56,2024-08-22,연합정밀(주),김은주,문제상,312-81-09219,충청남도 천안시 동남구 목천읍 학수소사길219-27
LBB0031,2,초코 조각케이크,물품,단가계약,제한경쟁,적격심사제,Y,육군제7789부대,ZD00074,육군제7789부대,ZD00074,87.995,2402,2400,73368000,2024-08-22,10:30:00,개찰완료,2220,92.431,2024-08-22,무민,조예주,조예주,149-05-01110,경기도 수원시 영통구 동수원로543-0 (원천동) 1층 103호
LBB0030,2,따먹는 티라미수,물품,단가계약,제한경쟁,적격심사제,Y,육군제7789부대,ZD00074,육군제7789부대,ZD00074,87.995,2704,2700,82539000,2024-08-22,10:30:00,개찰완료,2389,88.362,2024-08-22,(주)조이푸드,김영식,음현철,129-86-10176,"경기도 성남시 중원구 사기막골로105번길25, 611호 (중앙인더스피아2차, 상대원동)"
LDH0695,1,K10탄운차 저항기등56종 구매,물품,총액계약,제한경쟁,적격심사제,Y,제2879부대,ZD00347,제2879부대,ZD00347,87.995,13764332,13806000,12802431,2024-08-22,13:00:00,개찰완료,13569770,98.586,2024-08-22,지앤와이일렉텍(주),김보영,김양기,113-81-89367,서울특별시 구로구 경인로53길15-0 (구로동) 중앙유통단지 가동 3116호
LDH0699,1,K9자주포 패킹등19종 구매,물품,총액계약,제한경쟁,적격심사제,Y,제2879부대,ZD00347,제2879부대,ZD00347,87.995,5020328,5013000,4649055,2024-08-22,13:00:00,개찰완료,4417700,87.996,2024-08-22,엠에스산업,정명식,정명식,237-04-02802,"부산광역시 강서구 명지국제2로41 (명지동, 더샵 명지퍼스트월드 3단지)"
SCF0835,1,배터리충전기  황산 3EA 구매,물품,총액계약,제한경쟁,적격심사제,Y,해군군수사령부,ZD00289,해군군수사령부,ZD00289,87.995,7873294,7900000,7363636,2024-08-22,10:30:00,개찰완료,6969600,88.522,2024-08-22,주식회사 삼성기전,오상범,오상범,312-81-48487,"충청남도 아산시 연암산로71-13 (음봉면, (주)삼성기전)"
SCF0834,1,해병대 이동식 자동랩핑기 1대 구매,물품,총액계약,제한경쟁,적격심사제,Y,해군군수사령부,ZD00289,해군군수사령부,ZD00289,87.995,11979259,12000000,11818182,2024-08-22,10:30:00,개찰완료,10543050,88.01,2024-08-22,와이에치산업,전영환,전영환,194-61-00077,"경기도 수원시 영통구 효원로363-0 (매탄동, 매탄 위브 하늘채) 120-702"
SCF0833,1,스팀세척기 2EA 구매,물품,총액계약,제한경쟁,적격심사제,Y,해군군수사령부,ZD00289,해군군수사령부,ZD00289,87.995,9889360,10000000,9969091,2024-08-22,10:30:00,개찰완료,8710750,88.082,2024-08-22,민스 라이징,김성민,김성민,777-05-02082,"서울특별시 구로구 오리로20길26-10 (궁동, 대명하이빌) 701호 복층"
SCF0832,1,고압세척기 5EA 구매,물품,총액계약,제한경쟁,적격심사제,Y,해군군수사령부,ZD00289,해군군수사령부,ZD00289,87.995,16180532,16000000,14872727,2024-08-22,10:30:00,개찰완료,14238097,87.995,2024-08-22,아이앤월드,장선경,장선경,878-02-01901,"광주광역시 남구 효우로262, 104동 805호(행암동, 효천LH천년나무1단지아파트)"
SCF0831,1,자주식 제설기 1SET 구매,물품,총액계약,제한경쟁,적격심사제,Y,해군군수사령부,ZD00289,해군군수사령부,ZD00289,87.995,22095006,22000000,21180000,2024-08-22,10:30:00,개찰완료,19442957,87.997,2024-08-22,써니컴즈,조현선,조현선,597-29-00640,"충청북도 제천시 용두천로6길14, 2층(남천동)"
SCF0830,1,전지  재충전불가식 등 4종 구매,물품,총액계약,제한경쟁,적격심사제,Y,해군군수사령부,ZD00289,해군군수사령부,ZD00289,87.995,12964275,13000000,12711273,2024-08-22,10:30:00,개찰완료,11407936,87.995,2024-08-22,에스엘,한지선,한지선,652-11-02426,"경기도 하남시 덕산로39-0 (덕풍동, 한솔리치빌아파트1단지) 108-1803"
SCF0829,1,대형 타이어 탈착기 3SET 구매,물품,총액계약,제한경쟁,적격심사제,Y,해군군수사령부,ZD00289,해군군수사령부,ZD00289,87.995,26954530,27000000,25909091,2024-08-22,10:30:00,개찰완료,23718711,87.995,2024-08-22,라비,엄호정,엄호정,294-49-00910,인천광역시 동구 화도진로16 (송림동) 동인천역 파크푸르지오 105동 2703호
SCF0836,1,(긴급)MIT-HASH 1종,물품,총액계약,제한경쟁,적격심사제,Y,해군군수사령부,ZD00289,해군군수사령부,ZD00289,87.995,1745257,1727000,1601818,2024-08-22,10:30:00,개찰완료,1727000,98.953,2024-08-22,강원상사,김동국,김동국,221-02-48191,강원특별자치도 춘천시 남춘로17-0 (퇴계동)
SCF0838,1,(긴급)튜브 및 이음쇠 금속제 등 53종,물품,총액계약,제한경쟁,적격심사제,Y,해군군수사령부,ZD00289,해군군수사령부,ZD00289,87.995,57136242,57250000,53087236,2024-08-22,10:30:00,개찰완료,50462440,88.319,2024-08-22,코스모검사기술,정지민,정지민,204-37-92938,경상남도 김해시 한림면 안곡로520-2
UMM1045,1,(246055-B1)사이버 모의공격 및 평가도구,물품,총액계약,제한경쟁,적격심사제,Y,국군재정관리단,ZD00303,국군재정관리단,ZD00303,87.995,175495056,176470580,163636364,2024-08-22,11:00:00,개찰완료,154634950,88.113,2024-08-22,(주)원더비즈,강석훈,강석훈,214-88-35601,"경기도 수원시 권선구 금곡로196번길62, 304-12호(금곡동, 에스제이타워)"
UMM1048,1,24~29-M-대형 냉온수기 임차 용역,용역,총액계약,일반경쟁,적격심사제,Y,국군재정관리단,ZD00303,국군재정관리단,ZD00303,82.995,706424799,705000000,661418182,2024-08-22,11:00:00,개찰완료,586812990,83.068,2024-08-22,(주)한성바이오테크,김재경,김재경,220-86-85188,"서울특별시 강남구 개포로25길18 (개포동, 1층)"
UAB0056,1,국방컨벤션센터 일용직 인력공급 용역(긴급),용역,총액계약,일반경쟁,적격심사제,Y,국군복지단,ZD00882,국군복지단,ZD00882,87.745,43692856,43398620,40242364,2024-08-23,16:00:00,개찰완료,38416000,87.922,2024-08-26,(주)태원에이엠,이성희,이성희,212-81-09772,서울특별시 금천구 벚꽃로254-0 (가산동) 1202호
HCF0193,1,항공용금속재료 가공방법별 기계적물성치측정방안연구,용역,총액계약,2단계경쟁(동시),최저가격제,N,공군군수사령부,ZD00306,공군군수사령부,ZD00306,0,82096580,82058459,81767764,2024-08-26,13:00:00,개찰완료,67817144,82.606,2024-08-26,주식회사피레타,최현선,박한솔,314-81-99599,대전광역시 유성구 국제과학3로22-0 (신동)
LCG0074,1,[24-육-189] 과학화 동원훈련장 시범사업 추진 연구,용역,총액계약,2단계경쟁(동시),최저가격제,N,육군본부,1290298,육군본부,1290298,0,40965150,41152210,37411100,2024-08-26,13:00:00,개찰완료,33333000,81.369,2024-09-10,건양대학교 산학협력단,홍영기,김봉환,308-82-06340,"충청남도 논산시 대학로 121, 건양대학교 산학협력단(내동)"
LKG0085,1,24년 10~12월 부대계약(일반품목) 구매,물품,총액계약,일반경쟁,적격심사제,Y,육군제53보병사단,ZD00094,육군제53보병사단,ZD00094,82.995,3459371400,3458772225,3144338386,2024-08-26,11:00:00,개찰완료,2872821622,83.044,2024-08-26,(주)동성식품,이용택,이선미,135-81-03845,경기도 용인시 처인구 유림로 1351층(유방동)
MDK0057,1,24-2차 한빛부대 재보급물자 수송관리용역,용역,총액계약,일반경쟁,적격심사제,Y,국군수송사령부,1290460,국군수송사령부,1290460,85.495,332627106,334411764,310090909,2024-08-26,11:00:00,개찰완료,285209600,85.744,2024-08-26,주식회사 파빅스로지스틱스,박용찬,박용찬,101-86-54410,서울특별시 중랑구 신내역로111 (신내동) 신내SK V1센터 A-923
MDL0004,2,국외수집자료(영어) 국문 번역,용역,총액계약,협상에의한계약(전자),협상,N,국방부군사편찬연구소,1290472,국방부군사편찬연구소,1290472,,14197500,,12906818,2024-08-26,11:00:00,개찰완료,13203675,93,2024-09-04,외교센터 번역 아포스티유 주식회사,홍미경,홍미경,844-88-01289,서울특별시 종로구 율곡로6-0  트윈 트리 빌딩 B2 (중학동)
UMM1054,1,24-N-체력단련장 캐디 피복 제조,물품,총액계약,제한경쟁,적격심사제,Y,국군재정관리단,ZD00303,국군재정관리단,ZD00303,87.995,100428135,99400000,92174000,2024-08-26,11:00:00,개찰완료,88425000,88.048,2024-08-26,사단법인 하나복지회,이영임,이영임,104-82-12594,"서울특별시 중구 수표로48-7, 201호(을지로3가)"
EBB0307,3,사격 훈련장비세트(제조),물품,총액계약,일반경쟁,적격심사제,Y,방위사업청,1690000,방위사업청,1690000,,962675231,962528000,0,2024-08-27,10:30:00,개찰완료,813000000,84.452,2024-08-27,대호정기(주),신영근,신영근,622-81-06410,경상남도 김해시 진영읍 서부로179번길 48()
HCF0198,1,공군 CCTV 통합유지보수,용역,총액계약,제한경쟁,적격심사제,Y,공군군수사령부,ZD00306,공군군수사령부,ZD00306,77.995,2680868647,2663160410,2705931818,2024-08-27,10:30:00,개찰완료,2093803346,78.101,2024-08-27,영현정보통신(주),김두식,김두식,121-81-40540,"서울특별시 구로구 공원로6나길12-0 (구로동,경방빌딩) 301호"
HCL0055,1,24-공군박물관 특별기획전 설계 및 제작설치,용역,총액계약,일반경쟁,적격심사제,Y,공군사관학교,7002962,공군사관학교,7002962,87.995,137166952,137935390,127272727,2024-08-27,10:30:00,개찰완료,120856000,88.108,2024-08-27,주식회사 씨앤씨파트너스,김태호,김태호,301-86-32414,충청북도 청주시 상당구 무농정로2번길66-20 (방서동)
HCL0058,1,24-충-공-7 설계용역(공사 노후배수로 개선),용역,총액계약,일반경쟁,적격심사제,Y,공군사관학교,7002962,공군사관학교,7002962,87.745,188977222,186422000,169474545,2024-08-27,10:30:00,개찰완료,165826000,87.749,2024-08-27,주식회사 서화기술공사,이준호,배준한,608-81-84083,경상남도 김해시 호계로422번길34-5 (부원동)
LBA0063,1,‘24년 10~12월 부대조달 부식(빵류 62품목) 구매,물품,총액계약,일반경쟁,적격심사제,Y,제2167부대,ZD00053,제2167부대,ZD00053,82.995,1871938737,1891431975,1719483614,2024-08-27,10:30:00,개찰완료,1555513600,83.096,2024-08-27,케이엠유통(주),이재용,이재용,354-86-03117,부산광역시 강서구 공항로301번가길23-0 (대저2동)
LBA0059,1,‘24년 10~12월 부대조달 부식(햄류 4품목) 구매,물품,총액계약,일반경쟁,적격심사제,Y,제2167부대,ZD00053,제2167부대,ZD00053,82.995,532385633,532931261,484482965,2024-08-27,10:30:00,개찰완료,441890563,83.001,2024-08-27,주식회사 신라명과,박창훈,강윤구,123-81-12055,경기도 안양시 만안구 덕천로72번길30 (안양동)
LDH0701,1,K1전차 개스킷 등 13종 구매,물품,총액계약,제한경쟁,적격심사제,Y,제2879부대,ZD00347,제2879부대,ZD00347,87.995,8241659,8248000,7648413,2024-08-27,13:00:00,개찰완료,7346220,89.135,2024-08-27,이든산업,박용철,박용철,297-16-00624,부산광역시 강서구 호계로57번길20-0 (죽동동)
LDH0702,1, K1전차 오링 등 29종 구매,물품,총액계약,제한경쟁,적격심사제,Y,제2879부대,ZD00347,제2879부대,ZD00347,87.995,19119250,19068000,17681947,2024-08-27,13:00:00,개찰완료,16859000,88.178,2024-08-27,환호테크,서선희,서선희,688-19-00326,부산광역시 사상구 가야대로103번길10(감전동)
LDH0703,1, K1전차 베어링 등 7종 구매,물품,총액계약,제한경쟁,적격심사제,Y,제2879부대,ZD00347,제2879부대,ZD00347,87.995,17949372,17973000,16665886,2024-08-27,13:00:00,개찰완료,15859500,88.356,2024-08-27,세강상사,신종태,신종태,607-20-31544,"부산광역시 부산진구 백양관문로10-0 (당감동, 주공아파트 3단지)"
LDH0705,1,K1전차 스프링 등 3종 구매,물품,총액계약,제한경쟁,적격심사제,Y,제2879부대,ZD00347,제2879부대,ZD00347,87.995,809904,812000,753582,2024-08-27,13:00:00,개찰완료,739400,91.294,2024-08-27,금성특수산업,김진봉,김진봉,606-35-86453,부산광역시 사상구 광장로34 금성특수산업
LDH0707,1,K21 개스킷 등 15종 구매 ,물품,총액계약,제한경쟁,적격심사제,Y,제2879부대,ZD00347,제2879부대,ZD00347,87.995,11114164,11091000,10284925,2024-08-27,13:00:00,개찰완료,9784000,88.031,2024-08-27,인성테크,이주연,이주연,232-34-00897,부산광역시 사상구 학감대로123번길40 (학장동)
LDH0710,1, K21 베어링 롤러식 등 2종 구매,물품,총액계약,제한경쟁,적격심사제,Y,제2879부대,ZD00347,제2879부대,ZD00347,87.995,13532048,13556000,12570364,2024-08-27,13:00:00,개찰완료,11917020,88.065,2024-08-27,주식회사연합시스템,윤준삼,김준영,130-81-52230,경기도 김포시 양촌읍 황금로323번길26-0
LGP0135,1,24-4차 빵류 다수품목 단가계약,물품,단가계약,일반경쟁,적격심사제,Y,제5378부대,ZD00217,제5378부대,ZD00217,82.995,749334,758164,689240,2024-08-27,11:00:00,개찰완료,624783,83.378,2024-08-27,주식회사 두준,김현우,안세연,403-81-82632,"경기도 고양시 일산동구 백마로195, 제7층 제7001-2호 (장항동, 엠시티타워앤엠시티오피스텔)"
LIK0057,1,24년 부대계약 부식(10~12월)(일반1),물품,단가계약,2단계경쟁(동시),최저가격제,N,제2217부대,ZD01107,제2217부대,ZD01107,0,2374909,2347307,1136648355,2024-08-27,13:30:00,개찰완료,1336400,56.271,2024-08-27,(주)아워홈 동서울영업소,구미현,전광용,716-85-00062,경기도 광주시 초월읍 산수로642-27
LIK0058,1,24년 부대계약 부식(10~12월)(일반2),물품,단가계약,2단계경쟁(동시),최저가격제,N,제2217부대,ZD01107,제2217부대,ZD01107,0,1896174,1901215,2193301663,2024-08-27,13:30:00,개찰완료,1075000,56.693,2024-08-27,(주)아워홈 동서울영업소,구미현,전광용,716-85-00062,경기도 광주시 초월읍 산수로642-27
LIK0059,1,24년 부대계약 부식(10~12월)(일반3),물품,단가계약,2단계경쟁(동시),최저가격제,N,제2217부대,ZD01107,제2217부대,ZD01107,0,2359291,2350913,2241959158,2024-08-27,13:30:00,개찰완료,1309800,55.516,2024-08-27,(주)아워홈 동서울영업소,구미현,전광용,716-85-00062,경기도 광주시 초월읍 산수로642-27
LIK0063,1, ‘24년 부대계약 부식(10~12월)(빵류) 제조/구매,물품,단가계약,일반경쟁,적격심사제,Y,제2217부대,ZD01107,제2217부대,ZD01107,82.995,962752,955832,908559143,2024-08-27,10:30:00,개찰완료,799312,83.023,2024-08-27,매쉬미디어(주),김문선,김성은,128-86-73106,서울특별시 마포구 양화로183-0 (동교동) 효성홍익인간오피스텔 14층 1412호
LMU0042,1,(24-급-034) `24-2차 경축특식(크로플) 계약,물품,단가계약,제한경쟁,적격심사제,Y,6112부대,ZD01187,6112부대,ZD01187,87.995,2934,2940,15501818,2024-08-27,11:00:00,개찰완료,2586,88.142,2024-08-27,주식회사 로만,배순옥,배순옥,311-81-44421,충청남도 예산군 신암면 용산로159
LNJ0004,1,24년 얼음정수기 임차 용역(79대),용역,총액계약,제한경쟁,적격심사제,Y,육군 제2573부대,ZD00779,육군 제2573부대,ZD00779,87.745,125732106,125470580,116345455,2024-08-27,11:00:00,개찰완료,110325360,87.746,2024-08-27,에스비컴퍼니,백승빈,백승빈,297-07-03013,"경기도 김포시 김포한강2로273, 508동 2502호(장기동, 청송마을 모아미래도엘가)"
MCT0042,2,24-2차 선수급식(축산)구매,물품,총액계약,일반경쟁,적격심사제,Y,국군체육부대,1290464,국군체육부대,1290464,87.745,134545561,135154000,122867273,2024-08-27,11:00:00,개찰완료,118823342,88.314,2024-08-27,주식회사 롯데축산,김홍수,변은혜,608-86-06573,경상남도 함안군 칠원읍 예용로105
MDG0185,1,부수장비(광화일스캐너) 구매,물품,총액계약,제한경쟁,적격심사제,Y,국군의무사령부,1290291,국군의무사령부,1290291,87.995,26655382,26730000,24300000,2024-08-27,11:00:00,개찰완료,23530000,88.274,2024-08-27,(주)성빈아이엔티,이기상,정보라,106-86-27107,서울특별시 영등포구 양평로21길26 선유도역1차아이에스비즈타워 801호(양평동5가)
MHD0078,2,40mm고속유탄기관총-Ⅱ 사업분석,용역,총액계약,협상에의한계약(전자),협상,N,방위사업청(운영지원과),1690000,방위사업청(운영지원과),1690000,,60000000,,54545455,2024-08-27,15:00:00,개찰완료,57000000,95,2024-10-09,(사)21세기군사연구소,김진욱,박계향,108-82-05061,"서울특별시 금천구 가산디지털2로184, 10층 1017호(가산동, 벽산디지털밸리2차)"
SCF0741,2,0-00호정 함내 배전반 외주정비 ,물품,총액계약,일반경쟁,적격심사제,Y,해군군수사령부,ZD00289,해군군수사령부,ZD00289,82.995,35022614,35000000,33032727,2024-08-27,10:30:00,개찰완료,29580000,84.459,2024-08-27,근영테크,윤순근,윤순근,606-04-75952,부산광역시 강서구 신호산단4로89(신호동)
SCF0791,2,자동전압조절기 구매,물품,총액계약,제한경쟁,적격심사제,Y,해군군수사령부,ZD00289,해군군수사령부,ZD00289,87.995,4125274,4100000,3818182,2024-08-27,10:30:00,개찰완료,3990600,96.735,2024-08-27,더블유엠,최원익,최원익,558-08-01504,서울특별시 영등포구 영신로38길18(영등포동6가) 흥무빌딩 3087호
SCF0839,1,필터엘리먼트  유체용 등 4종 구매,물품,총액계약,제한경쟁,적격심사제,Y,해군군수사령부,ZD00289,해군군수사령부,ZD00289,87.995,67376950,67000000,69078200,2024-08-27,10:30:00,개찰완료,59289820,87.997,2024-08-27,주식회사 태원엠티,김태원,김유진,606-86-23843,부산광역시 강서구 신호산단3로88번길60-0 (신호동)
SCF0840,1,에폭시 코팅 키트 등 33종 구매,물품,총액계약,일반경쟁,적격심사제,Y,해군군수사령부,ZD00289,해군군수사령부,ZD00289,82.995,251578654,250000000,274043414,2024-08-27,10:30:00,개찰완료,208848300,83.015,2024-08-27,레인보우,신경미,신경미,120-12-24328,"서울특별시 구로구 디지털로26길43-0 , R동 1102-A43호"
SCF0843,1,울트라랙 등 16종 구매,물품,총액계약,제한경쟁,적격심사제,Y,해군군수사령부,ZD00289,해군군수사령부,ZD00289,87.995,9448630,9500000,8824545,2024-08-27,10:30:00,개찰완료,9392000,99.4,2024-08-27,주식회사강원,김동국,김동국,444-88-02453,"서울특별시 강서구 공항대로45가길11-0 (등촌동, 강서메트로칸), 4층 423호"
SCF0844,1,24년 함정 수면하 선저 조패류 수중소제 용역,용역,총액계약,일반경쟁,적격심사제,Y,해군군수사령부,ZD00289,해군군수사령부,ZD00289,85.495,402081920,402000000,373605173,2024-08-27,10:30:00,개찰완료,344283797,85.625,2024-08-27,대한수중공사,이종민,이종민,122-16-81513,"인천광역시 중구 연안부두로21번길20, 대한수중공사(항동7가)"
SCF0845,1,(긴급) 컴퓨터 하부조립체 등 3종,물품,총액계약,제한경쟁,적격심사제,Y,해군군수사령부,ZD00289,해군군수사령부,ZD00289,87.995,19119146,19197000,17800909,2024-08-27,10:30:00,개찰완료,18887000,98.785,2024-08-27,에이스상사,김일천,김일천,585-51-00954,"부산광역시 사하구 다대로339, 1914호(장림동, 극동정림아파트)"
SCF0846,1,해병대 대형버스  37인승 6대 구매,물품,총액계약,제한경쟁,적격심사제,Y,해군군수사령부,ZD00289,해군군수사령부,ZD00289,82.995,1242976913,1236000000,1146545455,2024-08-27,10:30:00,개찰완료,1222200000,98.328,2024-08-27,기아 주식회사,송호성,정재영,119-81-02316,서울특별시 서초구 헌릉로 12()
SFC0096,1,의무장비(손세척대 등 2품목) 구매,물품,총액계약,제한경쟁,적격심사제,Y,제9691부대,ZD00152,제9691부대,ZD00152,87.995,17504066,17600000,16000000,2024-08-27,10:30:00,개찰완료,15403025,87.996,2024-08-27,명준유통,임소영,임소영,573-08-00673,경기도 의정부시 신촌로17번길40-32 (가능동)
SFC0095,1,의무장비(환자체온조절기 공기식) 구매,물품,총액계약,제한경쟁,적격심사제,Y,제9691부대,ZD00152,제9691부대,ZD00152,87.995,14291516,14100000,12818182,2024-08-27,10:30:00,개찰완료,12581100,88.031,2024-08-27,제이에스씨 코퍼레이션,남궁복자,남궁복자,237-22-01447,"경기도 용인시 처인구 한터로152번길45-0 (고림동, 인정피렌체빌리지1차아파트) 106-505"
SFC0097,1,카보네이트 방패 구매,물품,총액계약,제한경쟁,적격심사제,Y,제9691부대,ZD00152,제9691부대,ZD00152,87.995,3536852,3520000,3200000,2024-08-27,10:30:00,개찰완료,3112590,88.004,2024-08-27,남컴퍼니,남유리,남유리,480-08-02345,"경기도 부천시 석천로2번길58-0 (상동, 대용화이트빌리지나동) 503호"
UMM1000,1,24-N- 해안경계부대 출동차량 제조(248157-F),물품,총액계약,일반경쟁,적격심사제,Y,국군재정관리단,ZD00303,국군재정관리단,ZD00303,82.995,524689558,525950000,487700000,2024-08-27,11:00:00,개찰완료,455677000,86.846,2024-08-27,주식회사 와풀,송봉주,노재란,117-81-86004,경기도 김포시 월곶면 김포대로2708-37
UMM1068,1,(246323-E) 25년 생도 침구류 제조,물품,총액계약,제한경쟁,적격심사제,Y,국군재정관리단,ZD00303,국군재정관리단,ZD00303,87.995,76036995,76670190,71094182,2024-08-27,11:00:00,개찰완료,67091500,88.235,2024-08-27,주식회사 대창,이호웅,황혜란,503-81-31786,대구광역시 서구 문화로21길26(이현동)
UMM1023,2,(24F220-I) 식자재 민간위탁 배송용역(8급양대),용역,총액계약,일반경쟁,적격심사제,Y,국군재정관리단,ZD00303,국군재정관리단,ZD00303,82.995,583595605,579012490,536902491,2024-08-27,11:00:00,개찰완료,581733850,99.68,2024-08-27,(주)산양미트,이청우,심성보,224-81-26546,강원도 원주시 소초면 송황유사길 23()
UMM1064,1,(246324-F) 생도 가방류 제조,물품,총액계약,제한경쟁,적격심사제,Y,국군재정관리단,ZD00303,국군재정관리단,ZD00303,87.995,68933776,68647050,63654545,2024-08-27,11:00:00,개찰완료,60673600,88.017,2024-08-27,주식회사 더엔진,오현택,이용준,214-87-53150,"서울특별시 용산구 원효로134-0 (원효로3가), 5층"
UMM1051,1,24-F-공군수첩 및 업무받침대 제조(249140-F),물품,총액계약,제한경쟁,적격심사제,Y,국군재정관리단,ZD00303,국군재정관리단,ZD00303,87.995,95802639,95640000,88685000,2024-08-27,11:00:00,개찰완료,84304430,87.998,2024-08-27,주식회사 우리출력,김재현,김수진,163-88-00920,광주광역시 동구 백서로137번길23-1 (금동)
UMM1071,1,(247327-F)안전보호세트 구매,물품,총액계약,제한경쟁,적격심사제,Y,국군재정관리단,ZD00303,국군재정관리단,ZD00303,87.995,57189221,56493000,56675455,2024-08-27,11:00:00,개찰완료,50325140,87.997,2024-08-27,주식회사 세명,최기철,김영진,124-86-67524,강원특별자치도 춘천시 동내면 동내로262-21
UMM1062,1,(246338-C) 생도 명찰 등 제조,물품,총액계약,제한경쟁,적격심사제,Y,국군재정관리단,ZD00303,국군재정관리단,ZD00303,87.995,72165632,72017901,66780236,2024-08-27,11:00:00,개찰완료,63591800,88.119,2024-08-27,진보상사,이정대,이정대,119-01-43654,"서울특별시 금천구 시흥대로123길84, 2층(독산동, 2층)"
UMM1059,1,24-N-페인트 스프레이 부스 제조,물품,총액계약,일반경쟁,적격심사제,Y,국군재정관리단,ZD00303,국군재정관리단,ZD00303,82.995,376227294,377010000,349600000,2024-08-27,11:00:00,개찰완료,314619000,83.624,2024-08-27,한일기기(주),조항근,유병무,207-81-25668,경기도 이천시 백사면 청백리로671-24
UMM1069,1,(246316-C) 질소주입기 구매,물품,총액계약,일반경쟁,적격심사제,Y,국군재정관리단,ZD00303,국군재정관리단,ZD00303,82.995,973403996,980088235,908809091,2024-08-27,11:00:00,개찰완료,807963000,83.003,2024-08-27,대성상사,장근영,장근영,109-15-37109,서울특별시 강서구 마곡동마곡엠밸리6단지604-504
UMM1074,1,(247285-F) HF송수신기 구매설치,물품,총액계약,제한경쟁,적격심사제,Y,국군재정관리단,ZD00303,국군재정관리단,ZD00303,87.995,93023621,92205880,85500000,2024-08-27,11:00:00,개찰완료,81866060,88.005,2024-08-27,주식회사 아진통신,김성중,김성중,410-86-49164,광주광역시 광산구 비아안길113-15 (비아동)
HCF0196,1,무기체계 공급망 관리(SCM) 최적화 프로세스 연구,용역,총액계약,2단계경쟁(동시),최저가격제,N,공군군수사령부,ZD00306,공군군수사령부,ZD00306,0,49199810,49019607,45454545,2024-08-28,13:00:00,개찰완료,47500000,96.545,2024-08-28,광운대학교산학협력단,정영욱,남인선,210-82-08677,"서울특별시 노원구 광운로 20(월계동, 광운대학교)"
LCK0034,2,[일반-24-142-1] 00부대 병영식당 비품구매(1),물품,총액계약,제한경쟁,적격심사제,Y,수도방위사령부,ZD00069,수도방위사령부,ZD00069,87.995,54608282,54400000,49454545,2024-08-28,10:30:00,개찰완료,48108626,88.097,2024-08-28,삼우금속개발주식회사,정병기,김소영,301-81-29758,경기도 김포시 통진읍 고척로 231()
LNG0072,1,00부대 설계용역 (24-북-172),용역,총액계약,제한경쟁,적격심사제,Y,육군 제1군단,ZD00275,육군 제1군단,ZD00275,87.745,120480029,120037254,111307273,2024-08-28,10:30:00,개찰완료,105809100,87.822,2024-08-28,주식회사 만유방재엔지니어링,김원기,전계섭,214-86-64607,경기도 광명시 새빛공원로67 광명역 자이타워 B동 1510호(일직동 515-1)
SCF0670,2,회로카드 조립체 등 5종 구매,물품,총액계약,제한경쟁,적격심사제,Y,해군군수사령부,ZD00289,해군군수사령부,ZD00289,87.995,66180435,66000000,63817481,2024-08-28,10:30:00,개찰완료,64003700,96.71,2024-08-28,호박마켓,김광훈,김광훈,202-08-52226,"경기도 수원시 팔달구 중부대로80 (인계동, 인계한양수자인) 101동 603호"
SCF0847,1,(긴급) 콘덴서  냉각용 등 6종,물품,총액계약,제한경쟁,적격심사제,Y,해군군수사령부,ZD00289,해군군수사령부,ZD00289,87.995,40551709,40474000,37531273,2024-08-28,10:30:00,개찰완료,37843120,93.32,2024-08-28,토탈marine,허광주,허광주,878-38-00842,경상남도 창원시 마산회원구 회원동로42-1 (회원동)
UMM0982,2,24-D-트레일러 2종 제조,물품,총액계약,제한경쟁,적격심사제,Y,국군재정관리단,ZD00303,국군재정관리단,ZD00303,87.995,109422636,109200000,110909091,2024-08-28,11:00:00,개찰완료,97297200,88.918,2024-08-28,캠핑플레인 주식회사,이동수,전혜원,245-88-02031,경기도 화성시 남양읍 남양로451번길5-9
UMM1056,1,24-N-탄약견인장비 구매,물품,총액계약,제한경쟁,적격심사제,Y,국군재정관리단,ZD00303,국군재정관리단,ZD00303,87.995,85937405,86030000,79778182,2024-08-28,11:00:00,개찰완료,75621400,87.995,2024-08-28,아이디,인혜정,인혜정,164-10-00808,인천광역시 계양구 주부토로472번길33-0 (작전동) 1동 5층11호
UMM1078,1,(246088-E) 3연대 정비종합실습장(자동제어)제조설치,물품,총액계약,제한경쟁,적격심사제,Y,국군재정관리단,ZD00303,국군재정관리단,ZD00303,87.995,270614712,271568620,251818182,2024-08-28,11:00:00,개찰완료,238361980,88.081,2024-08-28,KS전기제어,김효종,김효종,158-31-00322,"대전광역시 서구 구봉산북로16번길3-0, 3,4층 (관저동)"
UMM1058,1,24-M-2차 전세버스 수송용역,용역,총액계약,제한경쟁,적격심사제,Y,국군재정관리단,ZD00303,국군재정관리단,ZD00303,82.995,538704775,536520000,531407636,2024-08-28,11:00:00,개찰완료,447511190,83.071,2024-08-28,주식회사 길벗여행사,김용기,김용기,130-86-40059,"인천광역시 부평구 평천로 398, 에스엠메디칼프라자 501호(삼산동)"
UMM1055,1,24-M-근거리전산망 교체사업(리스자산),물품,총액계약,제한경쟁,적격심사제,Y,국군재정관리단,ZD00303,국군재정관리단,ZD00303,87.995,145711460,146520000,135872727,2024-08-28,11:00:00,개찰완료,128246000,88.013,2024-08-28,주식회사 아이엑스비,허재훈,김윤식,215-86-94536,"경기도 안양시 동안구 벌말로123, 에이동 601호(관양동,평촌스마트베이)"
UMM1057,1,24-M-교-얼음정수기 임차용역,용역,총액계약,일반경쟁,적격심사제,Y,국군재정관리단,ZD00303,국군재정관리단,ZD00303,85.495,315083867,315500000,292560000,2024-08-28,11:00:00,개찰완료,269440010,85.513,2024-08-28,디에이치바이오,김단희,김단희,292-09-00316,"경기도 수원시 영통구 광교중앙로170, 1동 5층 7호 507호(하동, 광교 효성해링턴 타워)"
HCF0201,1,인터컴 시스템,물품,총액계약,제한경쟁,적격심사제,Y,공군군수사령부,ZD00306,공군군수사령부,ZD00306,87.995,28766867,28630392,26548182,2024-08-29,10:30:00,개찰완료,25314228,87.997,2024-08-29,주식회사 오성테크,김윤현,김윤현,145-81-02877,"인천광역시 남동구 앵고개로490번길53, 남동공단142블럭 20로트 2층 1호(고잔동)"
LCH0062,1,OO부대 훈련장 공중동작시설 자동화체계(23-신-12-6),물품,총액계약,일반경쟁,적격심사제,Y,특수전사령부,ZD00055,특수전사령부,ZD00055,87.995,1444481550,1451610000,1319645455,2024-08-29,11:00:00,개찰완료,1279652280,88.589,2024-08-30,(주) 대경산전,김대호,전기룡,402-81-64121,전북특별자치도 전주시 덕진구 신복로26-0 (팔복동1가)
LDH0716,1,총포 베어링 2종 구매,물품,총액계약,제한경쟁,적격심사제,Y,제2879부대,ZD00347,제2879부대,ZD00347,87.995,17326129,17273000,16017200,2024-08-29,13:00:00,개찰완료,15251000,88.023,2024-08-29,주식회사 범만테크,성순이,우재봉,138-88-00773,부산광역시 중구 대청북길31 (대청동4가)
LHD0036,1,[주거]BTL 노후 도배/장판 보수(Z111),물품,총액계약,제한경쟁,적격심사제,Y,제7162부대,ZD00003,제7162부대,ZD00003,87.995,143445039,143289798,132921891,2024-08-29,10:30:00,개찰완료,126242690,88.007,2024-08-29,주식회사 미건,박창성,박창성,225-81-21068,강원특별자치도 평창군 평창읍 후평길1(2층)
LHN0065,1,24년 공기청정기 필터 구매 2차,물품,총액계약,일반경쟁,적격심사제,Y,제2621부대,ZD00394,제2621부대,ZD00394,87.995,46071457,45984000,41803636,2024-08-29,11:00:00,개찰완료,40542849,87.999,2024-08-29,정수필터레이션,손윤희,김현정,439-01-00428,경상북도 경주시 외동읍 별미길20-0
LHP0032,1,24~27년도 얼음정수기 임차 용역,용역,총액계약,일반경쟁,적격심사제,Y,제5861부대,ZD00300,제5861부대,ZD00300,85.495,536793060,536130000,487390909,2024-08-29,11:00:00,개찰완료,459510254,85.602,2024-08-29,한국렌탈판매협동조합,정영이,정영이,121-86-27824,"인천광역시 미추홀구 아암대로45번길77-8, 1층(용현동)"
NIT0016,1,국방헬프콜 홍보영상 및 포스터 제작 용역,용역,총액계약,일반경쟁,적격심사제,Y,국방부조사본부,1291063,국방부조사본부,1291063,87.745,28954338,28800000,26181818,2024-08-29,10:30:00,개찰완료,25410240,87.759,2024-08-29,주식회사 엠앤케이,김원상,박수경,408-86-10536,"광주광역시 동구 금남로245, 718호(금남로1가, 전일빌딩245)"
SCF0848,1,24년 이지스전투체계 육상지원장비 유지보수 용역,용역,총액계약,일반경쟁,적격심사제,Y,해군군수사령부,ZD00289,해군군수사령부,ZD00289,85.495,433675729,431000000,399980000,2024-08-29,10:30:00,개찰완료,378310000,87.233,2024-08-29,주식회사 코테스,고기종,고기종,327-81-01204,충청북도 청주시 흥덕구 비하로59-2 (비하동)
SCF0849,1,(긴급)에폭시 프라이머 코팅 키트 등 12종,물품,총액계약,제한경쟁,적격심사제,Y,해군군수사령부,ZD00289,해군군수사령부,ZD00289,87.995,14130989,14256000,13219818,2024-08-29,10:30:00,개찰완료,12932920,91.521,2024-08-29,에이스상사,김일천,김일천,585-51-00954,"부산광역시 사하구 다대로339, 1914호(장림동, 극동정림아파트)"
UMM1065,1,(247283-D) 수중확성기 구매,물품,총액계약,제한경쟁,적격심사제,Y,국군재정관리단,ZD00303,국군재정관리단,ZD00303,87.995,60901920,60784313,56363636,2024-08-29,11:00:00,개찰완료,53591000,87.995,2024-08-29,나우종합관리주식회사,홍명옥,주모란,754-88-00478,"인천광역시 연수구 원인재로216, 401동 208,210호 (연수동, 연수1차시영상가)"
UMM1066,1,(24F247-A) ASP 방화지대 구축용역,용역,총액계약,제한경쟁,적격심사제,Y,국군재정관리단,ZD00303,국군재정관리단,ZD00303,87.995,132028011,131676470,122100000,2024-08-29,11:00:00,개찰완료,116250000,88.049,2024-08-29,주식회사 신화,장보람,장재형,537-81-02095,강원특별자치도 태백시 황지로184 (황지동)
UMM1080,1, (24F223-A) 얼음정수기 임차용역,용역,총액계약,일반경쟁,적격심사제,Y,국군재정관리단,ZD00303,국군재정관리단,ZD00303,85.495,364437517,365294110,338727273,2024-08-29,11:00:00,개찰완료,311746000,85.541,2024-08-29,주식회사 레이나(REINA Inc.),김예림,김예림,710-86-01828,"서울특별시 강북구 도봉로77길6, 404호 (수유동 이테크밸리오피스텔)"
UMM1083,1,(246328-C) 유류시험장비 구매,물품,총액계약,제한경쟁,적격심사제,Y,국군재정관리단,ZD00303,국군재정관리단,ZD00303,87.995,137263076,136145400,136995455,2024-08-29,11:00:00,개찰완료,120787920,87.997,2024-08-29,주식회사 범산,변동희,오선화,221-81-31749,"경기도 고양시 일산서구 일산로662, 503호 (대화동, 하나로프라자)"
EBH0093,2,소형정찰드론,물품,총액계약,수의계약,협상,N,방위사업청,1690000,방위사업청,1690000,,,1500000000,0,2024-08-30,14:00:00,개찰완료,1470000000,,2024-09-23,성우엔지니어링,김성남,,106-31-74411,충청북도 청주시 흥덕구 옥산면 신촌길23-22
EKA0028,1,(`24년) 지뢰살포기 부품류 7종,물품,총액계약,제한경쟁,적격심사제,Y,방위사업청,1690000,방위사업청,1690000,,228759915,230141000,0,2024-08-30,15:00:00,개찰완료,201405600,88.042,2024-08-30,혁신산업,김윤정,김윤정,615-19-20663,경상남도 김해시 한림면 한림로515번길224-0
LGI0066,1,부식류 83종,물품,단가계약,2단계경쟁(동시),최저가격제,N,제3130부대,ZD01109,제3130부대,ZD01109,0,959299,961546,666529091,2024-08-30,10:30:00,개찰완료,522880,54.506,2024-08-30,한샘유통 주식회사,유임묵,이 호,125-81-68889,경기도 평택시 포승읍 여술2길25
LGI0067,1,부식류 190종,물품,단가계약,2단계경쟁(동시),최저가격제,N,제3130부대,ZD01109,제3130부대,ZD01109,0,2888123,2872586,1718842918,2024-08-30,10:30:00,개찰완료,1601185,55.44,2024-08-30,씨제이프레시웨이 주식회사,이건일,권영석,603-81-11270,경기도 용인시 기흥구 기곡로32-0 (하갈동)
LGI0068,1,부식류 145종,물품,단가계약,2단계경쟁(동시),최저가격제,N,제3130부대,ZD01109,제3130부대,ZD01109,0,1348528,1336716,1575132800,2024-08-30,10:30:00,개찰완료,861977,63.919,2024-08-30,주식회사 엔미디어솔루션,조윤규,김정언,119-86-53412,"인천광역시 계양구 계산새로71, 비동 310호(계산동, 하이베라스)"
LGI0069,1,부식류 109종,물품,단가계약,2단계경쟁(동시),최저가격제,N,제3130부대,ZD01109,제3130부대,ZD01109,0,1515803,1516690,1986411491,2024-08-30,10:30:00,개찰완료,831298,54.842,2024-08-30,주식회사 엔미디어솔루션,조윤규,김정언,119-86-53412,"인천광역시 계양구 계산새로71, 비동 310호(계산동, 하이베라스)"
LGI0070,1,부식류 171종,물품,단가계약,2단계경쟁(동시),최저가격제,N,제3130부대,ZD01109,제3130부대,ZD01109,0,1986504,1968077,1134690991,2024-08-30,10:30:00,개찰완료,1315640,66.228,2024-08-30,(주)현대그린푸드,박홍진,김유수,656-81-02756,"경기도 용인시 수지구 문인로30-0 (동천동, 현대그린푸드)"
MCD0057,1,기술인력육성 보조사업자 운영성과평가 및 연구,용역,총액계약,협상에의한계약(전자),협상,N,국방부(운영지원과),1290000,국방부(운영지원과),1290000,,49931000,,45391818,2024-08-30,17:00:00,개찰완료,49120000,98.375,2024-09-24,협동조합 미래국방산업네트워크,권호영,권호영,887-86-02675,대전광역시 유성구 테크노4로17-0 (관평동) 대덕비즈센터 D동 612호
MCD0058,1,국군의 날 행사 도시락 제조 납품,물품,총액계약,협상에의한계약(전자),협상,N,국방부(운영지원과),1290000,국방부(운영지원과),1290000,,296593800,,269630727,2024-08-30,17:00:00,개찰완료,296593800,100,2024-09-18,(주)기락,송옥섭,송옥섭,204-86-12155,경기도 남양주시 별내면 송산로넉바위길6
MCD0059,1,24년 우수장병 국외시찰 행사 용역,용역,총액계약,협상에의한계약(전자),협상,N,국방부(운영지원과),1290000,국방부(운영지원과),1290000,,46000000,,41818182,2024-08-30,17:00:00,개찰완료,45990000,99.978,2024-09-24,도련투어,이도련,이도련,107-20-41431,서울특별시 용산구 이태원로22-0 (용산동3가) 국방부종합민원실 지하1층
NIT0012,4,24년도 디지털포렌식 SW 라이센스 구매,물품,총액계약,협상에의한계약(서류),협상,N,국방부조사본부,1291063,국방부조사본부,1291063,0,282668000,282668000,256970909,2024-08-30,11:00:00,개찰완료,275000000,97.287,2024-09-03,(주)제트코,김한희,이찬홍,120-86-20089,"서울특별시 송파구 송파대로201-0 (문정동) 송파테라타워2 A동 1213,1214,1215,1216,1217,1218호"
UMM1060,1,24-N-해병대 비금속탐지기 등 2종 구매,물품,총액계약,제한경쟁,적격심사제,Y,국군재정관리단,ZD00303,국군재정관리단,ZD00303,87.995,114912757,114930000,106576509,2024-08-30,11:00:00,개찰완료,113063170,98.39,2024-08-30,웰컴퍼니,장석우,장석우,609-30-50551,경기도 고양시 덕양구 무원로6번길61 606-1호(행신동)
UMM1061,1,24-M-소규모 네트워크 장비 교체,물품,총액계약,제한경쟁,적격심사제,Y,국군재정관리단,ZD00303,국군재정관리단,ZD00303,87.995,99132820,99410000,92181818,2024-08-30,11:00:00,개찰완료,87233269,87.996,2024-08-30,아이티 월드((IT. WORLD),김영우,김영우,614-04-76461,부산광역시 동래구 여고로63번길86-0 (사직동) 1층
UMM1067,1,24-F-체력단련장 농약 3종 구매,물품,총액계약,제한경쟁,적격심사제,Y,국군재정관리단,ZD00303,국군재정관리단,ZD00303,87.995,98531447,98540000,91376000,2024-08-30,11:00:00,개찰완료,86817270,88.111,2024-08-30,주식회사 제일조경나무병원,박창준,박창준,544-88-02433,"충청남도 금산군 금산읍 비호로42-1, 2층"
LCF0521,1,감소기 튜브형 등 26항목 제조(일장-제조-012),물품,총액계약,제한경쟁,적격심사제,Y,육군군수사령부,1290307,육군군수사령부,1290307,87.995,108878317,109201182,99273802,2024-09-02,10:30:00,개찰완료,96019000,88.189,2024-09-02,진해공업,김재원,김재원,608-14-66967,경상남도 김해시 한림면 김해대로916번길54-42
LCF0522,1,와이어 로프 조립체 등 5항목 제조(일장-제조-013),물품,총액계약,제한경쟁,적격심사제,Y,육군군수사령부,1290307,육군군수사령부,1290307,87.995,45826585,45743430,41584936,2024-09-02,10:30:00,개찰완료,40376600,88.107,2024-09-02,대명 ENG,이갑용,이갑용,603-01-87894,"부산광역시 강서구 녹산산업중로100-0 (송정동), A동"
LQG0063,1,00부대 실외사격장(동원) 방호시스템 설치 납품,물품,총액계약,제한경쟁,적격심사제,Y,육군 52보병사단,ZD00273,육군 52보병사단,ZD00273,87.995,109662327,109377000,99433636,2024-09-02,10:30:00,개찰완료,96497493,87.995,2024-09-02,미건상사,최정애,최정애,431-75-00444,대전광역시 대덕구 동춘당로114번길60 (송촌동) 308동 1603호
SFC0094,1,24-해병-성희롱 성폭력 예방 콘텐츠 제작 대행,용역,총액계약,2단계경쟁(동시),최저가격제,N,제9691부대,ZD00152,제9691부대,ZD00152,0,18426740,18340977,18181818,2024-09-02,10:30:00,개찰완료,11110000,60.292,2024-09-04,주식회사 플라잉피그,김민,이진숙,117-81-49237,서울특별시 금천구 벚꽃로36길30-0 (가산동) 가산KS타워 510~513호
UMM1081,1,24-N-대형텐트 등 3종 구매(248219-F),물품,총액계약,일반경쟁,적격심사제,Y,국군재정관리단,ZD00303,국군재정관리단,ZD00303,82.995,330132225,329490000,305532727,2024-09-02,11:00:00,개찰완료,273995312,82.995,2024-09-02,주앤주,최미정,최미정,201-15-25821,서울특별시 광진구 면목로25-0 (군자동) 202호
UMM1082,1,24-N-리치트럭 2대 구매,물품,총액계약,제한경쟁,적격심사제,Y,국군재정관리단,ZD00303,국군재정관리단,ZD00303,87.995,68709868,69150000,70000000,2024-09-02,11:00:00,개찰완료,60480526,88.023,2024-09-02,매쉬미디어(주),김문선,김성은,128-86-73106,서울특별시 마포구 양화로183-0 (동교동) 효성홍익인간오피스텔 14층 1412호
DSS0044,1,온나라 시스템 유지보수 용역,용역,총액계약,제한경쟁,적격심사제,Y,국군제1068부대,ZD01123,국군제1068부대,ZD01123,87.745,29678956,29840000,27127273,2024-09-03,10:30:00,개찰완료,26204447,88.293,2024-09-03,주식회사 에스앤케이,김두환,김두환,132-86-15798,"경기도 하남시 미사강변서로25, F544호 (풍산동, 미사테스타타워지식산업센터))"
HCF0202,1,F-35A 지원체계 유지보수,용역,총액계약,제한경쟁,적격심사제,Y,공군군수사령부,ZD00306,공군군수사령부,ZD00306,87.745,158607243,158461990,146937482,2024-09-03,10:30:00,개찰완료,139218366,87.775,2024-09-03,아이티 월드((IT. WORLD),김영우,김영우,614-04-76461,부산광역시 동래구 여고로63번길86-0 (사직동) 1층
HCG0041,1,24-벨기에 국제군악제 화물운송 용역,용역,총액계약,제한경쟁,적격심사제,Y,공군본부,1290339,공군본부,1290339,87.745,68893084,68627451,63583636,2024-09-03,11:00:00,개찰완료,60561000,87.905,2024-09-03,주식회사 디비아이앤티,박효정,박효정,455-81-02319,"서울특별시 중구 삼일대로363-0 (장교동) 1,2동 23층 13호(장교동, 장교빌딩)"
LBA0064,1,‘24년 10~12월 식자재 다수품목 단가계약,물품,총액계약,2단계경쟁(동시),최저가격제,N,제2167부대,ZD00053,제2167부대,ZD00053,0,9308416707,9224400096,8385818269,2024-09-03,10:00:00,개찰완료,5792923260,62.233,2024-09-03,주식회사 푸드머스,박광순,김소영,120-86-03023,경기도 용인시 처인구 원삼면 맹리로2번길31
LCF0512,2,시료흡입막 1항목 구매(화생방),물품,총액계약,제한경쟁,적격심사제,Y,육군군수사령부,1290307,육군군수사령부,1290307,87.995,72395465,72385740,65805218,2024-09-03,10:30:00,개찰완료,63829740,88.168,2024-09-03,대림엠텍,김부경,김부경,424-01-02536,경상남도 김해시 진례면 테크노밸리로36
LCF0519,1,스프링 판형 등 4항목 제조(총포),물품,총액계약,제한경쟁,적격심사제,Y,육군군수사령부,1290307,육군군수사령부,1290307,87.995,597151,597820,543473,2024-09-03,11:30:00,개찰완료,540000,90.429,2024-09-03,우진테크,김우진,김우진,602-18-52099,경상남도 김해시 분성로557번길60-7 (어방동)
LCG0080,1,[24-육-205] 전산운영용품 구매 5차,물품,총액계약,제한경쟁,적격심사제,Y,육군본부,1290298,육군본부,1290298,87.995,164452885,163945700,156874736,2024-09-03,12:30:00,개찰완료,144710515,87.995,2024-09-03,뽀들뽀들,양민희,양민희,741-53-00766,경기도 의왕시 시청1로10-0 (고천동) 고천파크루체 106동 802호
LCK0035,2,[일반-24-142-2] 00부대 병영식당 비품 구매(2),물품,총액계약,제한경쟁,적격심사제,Y,수도방위사령부,ZD00069,수도방위사령부,ZD00069,87.995,42350524,42138000,38307273,2024-09-03,10:30:00,개찰완료,37279561,88.026,2024-09-04,벨로스주식회사,권순신,권순신,128-86-16065,경기도 남양주시 수동면 비룡로654-12
LDH0697,2,K9자주포 밸브 구매,물품,총액계약,제한경쟁,적격심사제,Y,제2879부대,ZD00347,제2879부대,ZD00347,87.995,2408594,2392000,2218615,2024-09-03,13:00:00,개찰완료,2200000,91.339,2024-09-03,도하테크,이은선,이은선,480-27-01672,부산광역시 강서구 대저로3번길52-15 (대저1동)
LDH0723,1,K1전차 베어링 등 2종 구매,물품,총액계약,제한경쟁,적격심사제,Y,제2879부대,ZD00347,제2879부대,ZD00347,87.995,9932817,9953000,9229338,2024-09-03,13:00:00,개찰완료,8777950,88.373,2024-09-03,덕산베아링,신복승,신복승,605-01-99630,부산광역시 부산진구 서전로9번길 38()
LGI0081,1,식육가공품류 12종,물품,단가계약,제한경쟁,적격심사제,Y,제3130부대,ZD01109,제3130부대,ZD01109,82.995,207882,207132,457136764,2024-09-03,10:30:00,개찰완료,172563,83.009,2024-09-03,주식회사 동양비즈,신태권,최유정,709-86-02185,"경상북도 포항시 남구 오천읍 원동로3, 2층 203에이2호"
LKT0069,1,24년 10~12월 부대조달 급식품목(빵류) 제조/납품,물품,총액계약,제한경쟁,적격심사제,Y,제1989부대,ZD00011,제1989부대,ZD00011,87.995,320653395,320595588,297279545,2024-09-03,10:30:00,개찰완료,298000000,92.935,2024-09-03,무민,조예주,조예주,149-05-01110,경기도 수원시 영통구 동수원로543-0 (원천동) 1층 103호
LMU0044,1,(24-급-038) '24-4차 부대계약 식자재 납품(빵류) 계 ,물품,단가계약,일반경쟁,적격심사제,Y,6112부대,ZD01187,6112부대,ZD01187,82.995,441547,443461,396489528,2024-09-03,11:00:00,개찰완료,366521,83.008,2024-09-03,주식회사 喜昶乳業,박창현,황건식,621-81-05854,경상남도 양산시 신기로114-0 (북정동)
MCD0060,1,2024년 군 책임운영기관 고객만족도조사 용역,용역,총액계약,협상에의한계약(전자),협상,N,국방부(운영지원과),1290000,국방부(운영지원과),1290000,,26000000,,23636364,2024-09-03,11:00:00,개찰완료,24500000,94.23,2024-09-26,주식회사 에스에이컨설팅,윤지성,하늘,732-81-00391,서울특별시 영등포구 영중로65-4 (영등포동6가) 4층
MHD0084,1,방위사업 원가계산 외부용역(8차),용역,총액계약,협상에의한계약(전자),협상,N,방위사업청(운영지원과),1690000,방위사업청(운영지원과),1690000,,80000000,,72727273,2024-09-03,15:00:00,개찰완료,56000000,70,2024-09-20,태경회계법인,김상운,서호성,206-86-42145,"서울특별시 강남구 테헤란로520, 2층(대치동, 삼안빌딩)"
SCF0857,1,고속단정 2종 제조,물품,총액계약,제한경쟁,적격심사제,Y,해군군수사령부,ZD00289,해군군수사령부,ZD00289,87.995,8319010055,8235000000,7636363636,2024-09-03,10:30:00,개찰완료,7559730000,90.872,2024-09-03,현대선박기술 주식회사,조성근,조성근,452-87-03363,울산광역시 울주군 온산읍 당월로272-12
SCF0856,1,가솔린 매연 측정기 3SET 구매,물품,총액계약,제한경쟁,적격심사제,Y,해군군수사령부,ZD00289,해군군수사령부,ZD00289,87.995,12006529,12000000,12600000,2024-09-03,10:30:00,개찰완료,10565442,87.997,2024-09-03,성우실업,장상규,장상규,110-14-21503,"서울특별시 은평구 불광로90-0 (불광동, 대호프라자 아파트)상가동1층156호"
SCF0852,1,양극 등 5종 구매,물품,총액계약,제한경쟁,적격심사제,Y,해군군수사령부,ZD00289,해군군수사령부,ZD00289,87.995,8053788,8000000,7432000,2024-09-03,10:30:00,개찰완료,7087000,87.995,2024-09-03,동진상사,윤영현,윤영현,221-06-97424,"경기도 평택시 평택5로34번길48, 402호(합정동)"
SCF0855,1,레펠장갑 구매,물품,총액계약,제한경쟁,적격심사제,Y,해군군수사령부,ZD00289,해군군수사령부,ZD00289,87.995,10957581,11000000,10654255,2024-09-03,10:30:00,개찰완료,9642260,87.996,2024-09-03,안진상사,이민지,이민지,406-03-53540,"인천광역시 서구 청라커낼로163, 485동 403호(청라동, 청라29블럭 호반베르디움)"
SCF0853,1,구명식량 2 937BX 구매,물품,총액계약,제한경쟁,적격심사제,Y,해군군수사령부,ZD00289,해군군수사령부,ZD00289,87.995,17105288,17000000,16634100,2024-09-03,10:30:00,개찰완료,16749930,97.922,2024-09-03,케이플러스,이주연,이주연,767-04-01982,강원특별자치도 동해시 동해대로5464-0 (평릉동) 2층 203-54호
SCF0858,1,야전앰프 5EA 구매,물품,총액계약,제한경쟁,적격심사제,Y,해군군수사령부,ZD00289,해군군수사령부,ZD00289,87.995,16903609,17000000,16653636,2024-09-03,10:30:00,개찰완료,14874436,87.995,2024-09-03,이한,김수철,김수철,607-66-00675,"인천광역시 계양구 봉오대로743번길8, 101동 805호(작전동, 현대아파트)"
SFG0089,1,일반팬 등 6품목 구매,물품,총액계약,제한경쟁,적격심사제,Y,제9181부대,ZD00151,제9181부대,ZD00151,87.995,10152475,10180000,9439636,2024-09-03,10:30:00,개찰완료,8933860,87.996,2024-09-03,경민상사,남경민,남경민,581-70-00521,"인천광역시 서구 봉오재2로13, 102동 1602호(가정동, 루원더퍼스트)"
UMM1092,1,24-M-군단급 UAV 영상판독시스템 교체(리스자산),물품,총액계약,일반경쟁,적격심사제,Y,국군재정관리단,ZD00303,국군재정관리단,ZD00303,82.995,629315754,629320000,591113636,2024-09-03,11:00:00,개찰완료,522405800,83.011,2024-09-03,株式會社 錦湖이.티.시,김두현,김혜정,615-81-19727,"경상남도 김해시 칠산로291번길16-5, 2층(화목동)"
UMM1094,1,(247059-H)온라인교육시스템 교체(리스자산),물품,총액계약,일반경쟁,적격심사제,Y,국군재정관리단,ZD00303,국군재정관리단,ZD00303,82.995,960232122,947941170,879000000,2024-09-03,11:00:00,개찰완료,797000000,83,2024-09-03,(주)이지테크론,하명헌,하창헌,106-86-32672,서울특별시 강서구 양천로583-0 (염창동)  A동 405호
UMM1077,1,24- F-체력단련장 전동승용카트 구매(249143-F),물품,총액계약,제한경쟁,적격심사제,Y,국군재정관리단,ZD00303,국군재정관리단,ZD00303,87.995,111112747,110000000,102000000,2024-09-03,11:00:00,개찰완료,97774000,87.995,2024-09-03,케이상사,송문철,송문철,809-28-01695,"경기도 부천시 오정구 역곡로284번길31, 1층(작동)"
UMM1085,1,24-M-얼음 냉온정수기 및 대형정수기 임차용역,용역,총액계약,일반경쟁,적격심사제,Y,국군재정관리단,ZD00303,국군재정관리단,ZD00303,82.995,772260525,769340000,717600000,2024-09-03,11:00:00,개찰완료,662342868,85.766,2024-09-03,한국렌탈판매협동조합,정영이,정영이,121-86-27824,"인천광역시 미추홀구 아암대로45번길77-8, 1층(용현동)"
UMM1088,1,(246326-E) 분석용 고성능 PC등 5품목 (리스자산),물품,총액계약,제한경쟁,적격심사제,Y,국군재정관리단,ZD00303,국군재정관리단,ZD00303,87.995,115871279,116286990,113618182,2024-09-03,11:00:00,개찰완료,102893934,88.8,2024-09-03,도원정보시스템 주식회사,김종호,김종호,119-86-19447,경기도 안양시 동안구 흥안대로445(평촌동) 제6층 615호 안양평촌동지식산업센터
UMM1086,1,(247346-C) 재단기 구매,물품,총액계약,제한경쟁,적격심사제,Y,국군재정관리단,ZD00303,국군재정관리단,ZD00303,87.995,88355481,88431372,82000000,2024-09-03,11:00:00,개찰완료,77748580,87.995,2024-09-03,히또컴퍼니,유대겸,유대겸,415-44-00910,충청남도 공주시 회선동길13-0 (주미동)
UMM1096,1,(246330-F) 소총 탄피받이 제조 ,물품,총액계약,일반경쟁,적격심사제,Y,국군재정관리단,ZD00303,국군재정관리단,ZD00303,82.995,270658601,268850780,249298000,2024-09-03,11:00:00,개찰완료,226372357,83.637,2024-09-03,우일무역 주식회사,김도영,윤석필,140-81-65538,경기도 시흥시 월곶해안로119-0 (월곶동)
UMM1089,1,(246333-F) 고소작업대 구매,물품,총액계약,제한경쟁,적격심사제,Y,국군재정관리단,ZD00303,국군재정관리단,ZD00303,87.995,124206725,123529410,114545455,2024-09-03,11:00:00,개찰완료,109296351,87.995,2024-09-03,행운유통,김현태,김현태,874-15-00948,"경상남도 창원시 의창구 북면 동곡로33, 101동 501호(창원무동휴먼빌아파트(1단지))"
UMM1093,1,(24F230-I) 얼음 정수기 임차용역,용역,총액계약,일반경쟁,적격심사제,Y,국군재정관리단,ZD00303,국군재정관리단,ZD00303,82.995,571844869,574648235,532855636,2024-09-03,11:00:00,개찰완료,476776680,83.375,2024-09-03,디에이치바이오,김단희,김단희,292-09-00316,"경기도 수원시 영통구 광교중앙로170, 1동 5층 7호 507호(하동, 광교 효성해링턴 타워)"
UMM1095,1,24-F-항공기술정보 외주번역(한영) 용역,용역,총액계약,일반경쟁,적격심사제,Y,국군재정관리단,ZD00303,국군재정관리단,ZD00303,85.495,312833070,313790000,290977273,2024-09-03,11:00:00,개찰완료,272030000,86.956,2024-09-03,(주)프로랭스,권영조,문성준,116-81-42925,"서울특별시 금천구 디지털로 130, 남성플라자빌딩 8층(가산동)"
HDC0038,2,24-164 탐지기  화학제  자동식 등 1종 구매,물품,총액계약,일반경쟁,적격심사제,Y,공군제1전투비행단,ZD00173,공군제1전투비행단,ZD00173,87.995,45522084,45192156,41905455,2024-09-04,10:30:00,개찰완료,44933000,98.705,2024-09-04,진해상사,김동국,김동국,412-09-29047,경상남도 창원시 마산회원구 삼호로38-0 (양덕동)
LDH0726,1,(자재) ㄱ형강 등 15종 구매,물품,총액계약,제한경쟁,적격심사제,Y,제2879부대,ZD00347,제2879부대,ZD00347,87.995,23111657,23206000,21518564,2024-09-04,13:00:00,개찰완료,20420300,88.354,2024-09-04,(주)종로인더스트리,노종헌,노종헌,606-81-93193,부산광역시 사상구 새벽로 130()
LDH0728,1,(자재) 마봉강 등 43종 구매,물품,총액계약,제한경쟁,적격심사제,Y,제2879부대,ZD00347,제2879부대,ZD00347,87.995,44137619,44159000,40947645,2024-09-04,13:00:00,개찰완료,41200300,93.345,2024-09-04,하나상공,조현영,조현영,176-24-01049,경상남도 창원시 의창구 창이대로187번길61 (봉곡동)
LDH0729,1,(자재) 스텐봉 등 21종 구매,물품,총액계약,제한경쟁,적격심사제,Y,제2879부대,ZD00347,제2879부대,ZD00347,87.995,32829763,32552000,30184955,2024-09-04,13:00:00,개찰완료,29408000,89.577,2024-09-04,선경,정왕균,정왕균,225-51-00727,경상남도 김해시 한림면 안곡로520-2
LDH0730,1,(자재) 필터 구매,물품,총액계약,제한경쟁,적격심사제,Y,제2879부대,ZD00347,제2879부대,ZD00347,87.995,31149717,30980000,28727273,2024-09-04,13:00:00,개찰완료,27846960,89.397,2024-09-04,주식회사 창원상사,이은석,이은석,804-81-00357,경상북도 포항시 남구 대해로89-1 (대도동)
LDH0731,1,(자재) 도장자재 단조철선 등 28종 구매,물품,총액계약,제한경쟁,적격심사제,Y,제2879부대,ZD00347,제2879부대,ZD00347,87.995,7061741,6999000,6490058,2024-09-04,13:00:00,개찰완료,6225260,88.154,2024-09-04,주식회사 창원상사,이은석,이은석,804-81-00357,경상북도 포항시 남구 대해로89-1 (대도동)
LDH0736,1,통신 소켓(375110974) 구매,물품,총액계약,제한경쟁,적격심사제,Y,제2879부대,ZD00347,제2879부대,ZD00347,87.995,9856845,9913000,9192727,2024-09-04,13:00:00,개찰완료,8778354,89.058,2024-09-04,디엔테크,김해천,김해천,124-46-08607,"경기도 화성시 동탄대로677-5, 8층 812호(영천동, 비전IT타워)"
LDH0738,1,(화공) 하론소화약제가스 구매,물품,총액계약,제한경쟁,적격심사제,Y,제2879부대,ZD00347,제2879부대,ZD00347,87.995,48863918,48823000,45272727,2024-09-04,13:00:00,개찰완료,46381840,94.92,2024-09-04,주식회사 페스,송지원,강정임,421-88-01204,경기도 김포시 대곶면 송마로52번길79
LGI0080,2,빵류 48종,물품,단가계약,제한경쟁,적격심사제,Y,제3130부대,ZD01109,제3130부대,ZD01109,82.995,693894,696576,953059891,2024-09-04,10:30:00,개찰완료,575929,82.999,2024-09-04,제이푸드,윤지현,윤지현,849-10-02611,인천광역시 서구 석남로25-0 (석남동) 제가동 2층 202호
LKD0066,1,육-24년 육성지원사업 작전용 드론 통합 구매,물품,총액계약,제한경쟁,적격심사제,Y,제32보병사단,ZD00012,제32보병사단,ZD00012,87.995,139172890,140000000,127272727,2024-09-04,11:00:00,개찰완료,122792000,88.229,2024-09-04,주식회사 순돌이드론,조순식,조순식,659-81-01998,경기도 하남시 하남대로947 (풍산동) C-1202
SCF0859,1,AOE-I 화물용 승강기 No.1  2  3 외주정비,물품,총액계약,일반경쟁,적격심사제,Y,해군군수사령부,ZD00289,해군군수사령부,ZD00289,82.995,2382724347,2391000000,2249040909,2024-09-04,10:30:00,개찰완료,2013222000,84.492,2024-09-04,(주)대명엘리베이터,김동건,문지영,620-81-07392,"울산광역시 북구 활밤로 19(효문동, (주)대명엘레베이터)"
UMM1084,1,24-N-보어스코프 구매(248214-F),물품,총액계약,제한경쟁,적격심사제,Y,국군재정관리단,ZD00303,국군재정관리단,ZD00303,87.995,122037290,121770000,129200000,2024-09-04,11:00:00,개찰완료,107482400,88.073,2024-09-04,주식회사 진성하이텍,조종열,조종열,403-81-83460,"경상남도 창원시 마산합포구 해안대로91, 상가 205호(해운동, 경민시티빌)"
UMM1102,1,(246335-D) 프린터(2차) 도입사업(리스물건),물품,총액계약,일반경쟁,적격심사제,Y,국군재정관리단,ZD00303,국군재정관리단,ZD00303,82.995,275324230,271764705,252000000,2024-09-04,11:00:00,개찰완료,228598540,83.028,2024-09-04,우리가치상사,유현희,유현희,502-38-94249,"경기도 군포시 공단로284, 101-2호 일부(금정동, 한림벤쳐타운)"
UMM1090,1,(24G255-A) 인터넷 확장사업 금융리스,물품,총액계약,일반경쟁,최저가격제,N,국군재정관리단,ZD00303,국군재정관리단,ZD00303,0,1003831674,995058820,922690909,2024-09-04,11:00:00,개찰완료,966902381,96.321,2024-09-04,미래에셋캐피탈(주),이만희,박영화,410-81-40265,"서울특별시 중구 을지로5길26, 6층 (수하동, 미래에셋센터원 웨스트타워)"
UMM1103,1,24-N-노트북  모니터  프린터 도입(리스자산),물품,총액계약,일반경쟁,적격심사제,Y,국군재정관리단,ZD00303,국군재정관리단,ZD00303,82.995,6161186350,6116830000,5687073545,2024-09-04,11:00:00,개찰완료,5115147267,83.022,2024-09-04,주식회사 엔미디어솔루션,조윤규,김정언,119-86-53412,"인천광역시 계양구 계산새로71, 비동 310호(계산동, 하이베라스)"
DSS0039,1,손목시계,물품,단가계약,2단계경쟁(동시),최저가격제,N,국군제1068부대,ZD01123,국군제1068부대,ZD01123,0,44806,44500,22909091,2024-09-05,10:30:00,개찰완료,43800,97.754,2024-09-05,도우덱인터내셔날 주식회사,이병조,최형우,105-86-94850,"인천광역시 부평구 부평대로337, 제이타워3차 339호 (청천동)"
EBH0121,1,24년 비호 주전원공급기 정비,물품,총액계약,일반경쟁,적격심사제,Y,방위사업청,1690000,방위사업청,1690000,,1534799064,1515348000,0,2024-09-05,15:00:00,개찰완료,1341000000,87.373,2024-09-05,금광테크 주식회사,김민준,김수미,615-81-89897,"경상남도 김해시 주촌면 농소리622-3,골든루트로130번길12-1"
ELA0026,2,조준장치(81mm박격포-Ⅱ용),물품,총액계약,지명경쟁,적격심사제,Y,방위사업청,1690000,방위사업청,1690000,,52983634,53127000,0,2024-09-05,15:00:00,개찰완료,46800000,88.329,2024-09-05,(주)우경광학,류재복,ZHENG SHUNHUA,134-86-92369,경기도 안산시 단원구 해봉로334-0 (신길동)
LCF0528,1,바스켓 가교장비용 등 9항목 구매(일장-024)재,물품,총액계약,일반경쟁,적격심사제,Y,육군군수사령부,1290307,육군군수사령부,1290307,82.995,687678413,686750255,624318414,2024-09-05,10:30:00,개찰완료,570766000,82.998,2024-09-05,장원유통,정미라,정미라,770-05-01684,"경기도 부천시 심곡로63번길22,나동 302호 (심곡본동, 혜광주택)"
LCF0529,1,전동식 청소기용 등 7항목 구매(일장-025)재,물품,총액계약,제한경쟁,적격심사제,Y,육군군수사령부,1290307,육군군수사령부,1290307,87.995,179440203,180571636,164156033,2024-09-05,10:30:00,개찰완료,158655660,88.417,2024-09-05,주식회사 지유노,반상수,반상수,331-81-03273,충청남도 천안시 서북구 백석공단4길15-0 (백석동)
LCF0531,1,좌석 차량용 1항목 구매(일장-027)재,물품,총액계약,제한경쟁,적격심사제,Y,육군군수사령부,1290307,육군군수사령부,1290307,87.995,38324621,38413330,34921209,2024-09-05,10:30:00,개찰완료,37845550,98.749,2024-09-05,대아테크,변오석,변오석,607-49-85492,부산광역시 금정구 공단동로41번길10-0 (금사동)
LFC0062,1,`24년 육훈소 2차 제초관리 용역,용역,총액계약,제한경쟁,적격심사제,Y,육군훈련소,ZD00010,육군훈련소,ZD00010,87.995,124681407,124623000,113293636,2024-09-05,11:00:00,개찰완료,109722871,88.002,2024-09-05,(주)다림조경,이은용,이명희,311-81-31926,충청남도 당진시 합덕읍 남부로1693-0
LFC0060,1,24년 10~12월 가공후식(이온음료 등 4품목) 구매,물품,총액계약,일반경쟁,적격심사제,Y,육군훈련소,ZD00010,육군훈련소,ZD00010,82.995,533662917,533400000,484909091,2024-09-05,11:00:00,개찰완료,442941359,83,2024-09-05,주식회사 씨앤푸드,이상민,이고은,642-81-01141,"경상북도 경산시 펜타힐즈2로9, 5층 504호(중산동, 펜타힐즈엠타워)"
LFC0061,1,24년 10~12월 경쟁계약품목(부식류) 구매,물품,총액계약,일반경쟁,적격심사제,Y,육군훈련소,ZD00010,육군훈련소,ZD00010,82.995,1029281384,1035653230,941502936,2024-09-05,11:00:00,개찰완료,854411677,83.01,2024-09-05,주식회사 파파콜렉션,박영일,박영일,110-81-92387,"서울특별시 은평구 응암로12길15 (응암동, 지층 제2동 비101호)"
LKF0061,1,24년 00부대 식기세척기 임차용역,용역,총액계약,제한경쟁,적격심사제,Y,제6755부대,ZD00090,제6755부대,ZD00090,87.745,127711444,127058820,117818182,2024-09-05,11:00:00,개찰완료,112123050,87.794,2024-09-05,봄앤현,이희주,이희주,573-18-02156,"충청남도 계룡시 엄사면 번영로113-32 (계룡파라디아), 106동 2303호"
LPF0074,2,24년 예비군 육성(응급처치킷/야전지혈대) 제조/구매,물품,총액계약,제한경쟁,적격심사제,Y,제5067부대,ZD00019,제5067부대,ZD00019,87.995,140229736,140107500,127370455,2024-09-05,10:30:00,개찰완료,123633860,88.165,2024-09-05,주식회사 메디시온,김경호,김경호,128-86-86770,경기도 고양시 덕양구 삼막1길3(오금동)
SCF0862,1,견시용 차양모 등 2종 제조,물품,총액계약,제한경쟁,적격심사제,Y,해군군수사령부,ZD00289,해군군수사령부,ZD00289,87.995,16010561,16000000,14863636,2024-09-05,10:30:00,개찰완료,14111199,88.136,2024-09-05,연홍코퍼레이션,지애경,지애경,202-35-05919,"경기도 시흥시 연성로83, 5층 501, 502,503호(하상동, 현대프라자)"
SCF0842,2,24년 잠수함용 측심기(VE-5900) 정비,물품,총액계약,일반경쟁,적격심사제,Y,해군군수사령부,ZD00289,해군군수사령부,ZD00289,82.995,95880584,96000000,89798182,2024-09-05,10:30:00,개찰완료,84200000,87.817,2024-09-05,주식회사 휴엔스,한재윤,한재윤,138-81-33014,경기도 의왕시 오전공업길13-0 (오전동)
SCF0863,1,해군 목재선반 1대  구매,물품,총액계약,제한경쟁,적격심사제,Y,해군군수사령부,ZD00289,해군군수사령부,ZD00289,87.995,11014897,11000000,24545455,2024-09-05,10:30:00,개찰완료,9693000,87.999,2024-09-05,장원유통,정미라,정미라,770-05-01684,"경기도 부천시 심곡로63번길22,나동 302호 (심곡본동, 혜광주택)"
UMM1008,2,(247322-C) 2인승 동력 PG 구매,물품,총액계약,제한경쟁,적격심사제,Y,국군재정관리단,ZD00303,국군재정관리단,ZD00303,87.995,62382128,62274509,57745455,2024-09-05,11:00:00,개찰완료,55424333,88.846,2024-09-05,에스와이알(SYR),박서영,박서영,686-39-01123,충청북도 음성군 원남면 보천로61
UMM1111,1,(246314-E) 생도피복(직위장류 등 4품목) 제조,물품,총액계약,제한경쟁,적격심사제,Y,국군재정관리단,ZD00303,국군재정관리단,ZD00303,87.995,81914839,81334310,75419091,2024-09-05,11:00:00,개찰완료,72086000,88.001,2024-09-05,주식회사티그리스,김미경,최태훈,603-81-74936,부산광역시 사하구 을숙도대로651-0 (신평동) 2층
UMM1097,1,(246332-E) 경호부대 특정지역 대테러(기동)복류 제조,물품,총액계약,제한경쟁,적격심사제,Y,국군재정관리단,ZD00303,국군재정관리단,ZD00303,87.995,96949770,96790310,89751018,2024-09-05,11:00:00,개찰완료,85355337,88.04,2024-09-05,(주)보광아이엔티,차순자,정원남,503-81-60506,대구광역시 서구 국채보상로20길24-0 (중리동)
UMM1110,1,(246339-D) 생도 스포츠복류 구매,물품,총액계약,제한경쟁,적격심사제,Y,국군재정관리단,ZD00303,국군재정관리단,ZD00303,87.995,118917149,118892410,123232273,2024-09-05,11:00:00,개찰완료,104641345,87.995,2024-09-05,시온유통,송현주,송현주,832-62-00685,"대전광역시 중구 목동로37, 117동 1103호(목동, 목양마을아파트)"
UMM1109,1,(246341-F)병영생활플래너 표지 제조,물품,총액계약,제한경쟁,적격심사제,Y,국군재정관리단,ZD00303,국군재정관리단,ZD00303,87.995,152453191,151529410,140509091,2024-09-05,11:00:00,개찰완료,134153390,87.996,2024-09-05,에이스기획,백명기,백명기,306-02-52792,대전광역시 동구 태전로 27()
UMM1106,1,(247058-H)음향장비(대출력 앰프) 노후교체,물품,총액계약,일반경쟁,적격심사제,Y,국군재정관리단,ZD00303,국군재정관리단,ZD00303,82.995,721154924,720788490,668367509,2024-09-05,11:00:00,개찰완료,598526295,82.995,2024-09-05,에스텍아이앤씨 주식회사,박길현,오선아,305-81-50966,대전광역시 유성구 문지로272-37 (문지동)
LCF0523,2,운송 및 저장용기 1항목 제조(일장-제조-014),물품,총액계약,제한경쟁,적격심사제,Y,육군군수사령부,1290307,육군군수사령부,1290307,87.995,28537253,28731600,26119636,2024-09-06,10:30:00,개찰완료,25344432,88.811,2024-09-06,코스모검사기술,정지민,정지민,204-37-92938,경상남도 김해시 한림면 안곡로520-2
LCF0535,1,절연체  열차단용 등 36항목 구매(일장-031)재,물품,총액계약,제한경쟁,적격심사제,Y,육군군수사령부,1290307,육군군수사령부,1290307,87.995,30721615,30712330,27920300,2024-09-06,10:30:00,개찰완료,27044200,88.029,2024-09-06,더펜상사주식회사,고혜숙,고혜숙,609-81-78075,부산광역시 강서구 미음산단로139번길9 (구랑동)
LDH0739,1,통신 트랜지스터(37A206469) 구매,물품,총액계약,제한경쟁,적격심사제,Y,제2879부대,ZD00347,제2879부대,ZD00347,87.995,29873411,29823000,27654545,2024-09-06,13:00:00,개찰완료,26401705,88.378,2024-09-06,모아컴,이상주,이상주,217-15-72222,서울특별시 송파구 양산로12 (거여동) 세신거여훼미리타운 303호
MDD0103,1,2024년 외과장비운영소모품(5-2) 19품목 구매(2),물품,총액계약,제한경쟁,적격심사제,Y,국군수도병원,ZD00236,국군수도병원,ZD00236,87.995,38752313,38363100,38036000,2024-09-06,12:00:00,개찰완료,34264700,88.419,2024-09-06,주마메디칼,김정희,김정희,132-28-95394,경기도 남양주시 진접읍 금강로1553-21 (신우아파트) 상가 112호
UAC0031,1,2025년 월력 인쇄용지 구매,물품,총액계약,제한경쟁,적격심사제,Y,국방출판지원단,ZD00908,국방출판지원단,ZD00908,87.995,166273539,165620000,153636364,2024-09-06,11:00:00,개찰완료,147204000,88.531,2024-09-06,세풍지업상사,정헌화,정헌화,306-15-70335,대전광역시 동구 태전로 56-9()
UMM1101,1,(247057-H)음성분석시스템 개선사업(리스자산),물품,총액계약,제한경쟁,적격심사제,Y,국군재정관리단,ZD00303,국군재정관리단,ZD00303,87.995,139914910,139371070,129235000,2024-09-06,11:00:00,개찰완료,136576000,97.613,2024-09-06,(주)미디어큐브,김재경,김재경,114-86-09186,서울특별시 강남구 논현로136길16 (논현동)
UMM1104,1,(246062-G) 24년 00기동대대 전시체계 구축(리스자산),물품,총액계약,제한경쟁,적격심사제,Y,국군재정관리단,ZD00303,국군재정관리단,ZD00303,87.995,143324786,143446078,133013636,2024-09-06,11:00:00,개찰완료,126120830,87.996,2024-09-06,대신네트웍스(주),장우혁,박미녀,514-81-07442,"대구광역시 달서구 달서대로 559, 이앤씨이노비즈타워 606호(신당동)"
EBH0126,1,24년 통신쉘터용 냉난반기 정비,물품,총액계약,제한경쟁,적격심사제,Y,방위사업청,1690000,방위사업청,1690000,,341261025,341669000,0,2024-09-09,11:00:00,개찰완료,301409580,88.322,2024-09-09,주식회사 동흥하이랙,김하일,최선경,211-81-50171,"서울특별시 금천구 벚꽃로 254, 월드메르디앙 벤처센터 709호(가산동 60-24)"
EBH0124,1,24년 케이블조립체(탐지3호용)(제조),물품,총액계약,일반경쟁,적격심사제,Y,방위사업청,1690000,방위사업청,1690000,,256843343,257316000,0,2024-09-09,11:00:00,개찰완료,219722000,85.547,2024-09-09,(주)범한네트웍스,김성혜,김정래,617-81-67884,부산광역시 기장군 기장읍 배산로56번길26-19
HDS0008,2,무기체계 레이다 특성을 고려한 작전성 검토기준 정립,용역,총액계약,협상에의한계약(전자),협상,N,공군미사일방어사령부,ZD00216,공군미사일방어사령부,ZD00216,0,38420542,38464000,35430909,2024-09-09,11:00:00,개찰완료,36020000,93.751,2024-09-10,광운대학교산학협력단,정영욱,남인선,210-82-08677,"서울특별시 노원구 광운로 20(월계동, 광운대학교)"
LCJ0050,1,(24육군-용역020)자동화창고 스태커크레인 정비 용역,용역,총액계약,제한경쟁,적격심사제,Y,종합보급창,ZD00898,종합보급창,ZD00898,87.745,97729107,97611760,90512727,2024-09-09,11:00:00,개찰완료,87871490,89.913,2024-09-09,주식회사 주은테크,김만영,김만영,840-81-01181,경기도 광명시 오리로651번길8. 현대테라타워 제지1층 107호
SFC0100,1,24-덕-도청탐지시스템 유지보수 용역,용역,총액계약,제한경쟁,적격심사제,Y,제9691부대,ZD00152,제9691부대,ZD00152,87.745,68719946,68954370,63939509,2024-09-09,11:00:00,개찰완료,60463370,87.985,2024-09-09,셀코정보기술 주식회사,임윤정,임윤정,109-86-51964,서울특별시 도봉구 도봉로169나길78(도봉동)
UMM1108,1,24-M-취사장 후드 청소용역,용역,총액계약,제한경쟁,적격심사제,Y,국군재정관리단,ZD00303,국군재정관리단,ZD00303,87.995,115613335,114310000,106000000,2024-09-09,11:00:00,개찰완료,101735900,87.996,2024-09-09,광평산업주식회사,이필숙,이필숙,608-81-64132,"경상남도 창원시 마산합포구 오동동10길 56, 가고파오피스텔115호(오동동)"
EBB0324,1,K55송풍기(신형),물품,총액계약,일반경쟁,적격심사제,Y,방위사업청,1690000,방위사업청,1690000,,635224700,634672000,0,2024-09-10,11:00:00,개찰완료,558511000,87.923,2024-09-10,주식회사 동성전기,김상완,박효진,622-81-06986,경상남도 김해시 진영읍 서부로123번길 18()
EBB0323,1,2024 화학탐지장비세트(K-CAM2) 수리부속(일반),물품,총액계약,일반경쟁,적격심사제,Y,방위사업청,1690000,방위사업청,1690000,,958526034,956382000,0,2024-09-10,10:30:00,개찰완료,805894694,84.076,2024-09-10,주식회사 와이어블(Wiable Corp.),김문환,김성욱,214-86-12657,"서울특별시 송파구 법원로11길28, 10층, 11층, 12층(문정동, 비케이타워)"
EBB0325,1,보병전투차량용 등,물품,총액계약,제한경쟁,적격심사제,Y,방위사업청,1690000,방위사업청,1690000,,84364461,84135000,0,2024-09-10,11:00:00,개찰완료,74250000,88.01,2024-09-10,주식회사덕인,장남인,임병성,141-81-50004,경상남도 양산시 유산공단3길33-0 (교동)
HCF0210,1,피아식별용 IR 2종 구매,물품,총액계약,제한경쟁,적격심사제,Y,공군군수사령부,ZD00306,공군군수사령부,ZD00306,87.995,41387060,41333333,38327273,2024-09-10,10:30:00,개찰완료,36419030,87.996,2024-09-10,바로정,백지환,백지환,757-04-03310,"인천광역시 미추홀구 주안로182, 907호(주안동, 해마루 더펠리체)"
HCF0212,1,광전송장비 유지보수,용역,총액계약,제한경쟁,적격심사제,Y,공군군수사령부,ZD00306,공군군수사령부,ZD00306,87.745,98211227,98452941,91292727,2024-09-10,10:30:00,개찰완료,86366002,87.939,2024-09-10,신아시스템 주식회사,신장화,신장화,609-81-73686,"경상남도 창원시 의창구 읍성로 110,  신아빌101호(소답동)"
HCG0044,1,24-공군 전투실험 및 M&S 발전 세미나 행사대행 용역,용역,총액계약,제한경쟁,적격심사제,Y,공군본부,1290339,공군본부,1290339,87.745,26783058,26764706,24818182,2024-09-10,11:00:00,개찰완료,23502150,87.75,2024-09-10,(주)포컴,김종철,김민지,230-81-02966,"서울특별시 송파구 충민로66(문정동, 가든파이브라이프9층티-9088호)"
LBA0066,1,‘24년10~12월 부대조달부식(돈가스 8품목) 제조/구매,물품,총액계약,제한경쟁,적격심사제,Y,제2167부대,ZD00053,제2167부대,ZD00053,87.995,612599538,609626594,554205995,2024-09-10,10:30:00,개찰완료,542909000,88.623,2024-09-10,지푸드(G-FOOD),정재천,정재천,123-04-99779,경기도 평택시 청북읍 청오로405-15
LCG0081,1,[24-육-203] 모바일 포렌식 SW 5종 구매(리스물건),물품,총액계약,제한경쟁,적격심사제,Y,육군본부,1290298,육군본부,1290298,87.995,39361091,39400000,35818182,2024-09-10,12:30:00,개찰완료,34689445,88.131,2024-09-10,주식회사 혼정보통신,유정아,유정아,827-86-02014,대전광역시 중구 동서대로1218-0 (태평동) 7층
LCG0082,1,[24-육-219] 자동차(외산)포렌식 분석 KIT(리스),물품,총액계약,제한경쟁,적격심사제,Y,육군본부,1290298,육군본부,1290298,87.995,48167276,47960000,43600000,2024-09-10,12:30:00,개찰완료,45562000,94.591,2024-09-10,(주) 솔포스텍,오문진,오문진,211-88-02227,"서울특별시 송파구 송파대로24길5-6 (가락동,1층)"
LDH0727,2,(자재) 경창캐스터 등 18종 구매,물품,총액계약,제한경쟁,적격심사제,Y,제2879부대,ZD00347,제2879부대,ZD00347,87.995,5438161,5397000,5005125,2024-09-10,13:00:00,개찰완료,5150000,94.701,2024-09-10,선우상사,도경호,도경호,605-01-42379,"부산광역시 사상구 괘감로 37, 산업용품상가 27-228(괘법동)"
LDH0743,1,발칸 케이스 구매,물품,총액계약,제한경쟁,적격심사제,Y,제2879부대,ZD00347,제2879부대,ZD00347,87.995,23319042,23233000,21543671,2024-09-10,13:00:00,개찰완료,20675500,88.663,2024-09-10,세진테크,변규익,변규익,776-07-00538,"경기도 남양주시 경춘로337번길, 102-1304(도농동,효성 해링턴타워)"
LHQ0043,1,도시락,물품,단가계약,2단계경쟁(동시),최저가격제,N,제6619부대,1290300,제6619부대,1290300,0,41476639,41280000,37527273,2024-09-10,10:30:00,개찰완료,8000,0.019,2024-09-10,주식회사 씨엠케이푸드,윤민환,임현주,508-87-00510,대구광역시 수성구 지범로48길30 (범물동)
LKP0135,1,24년 4분기 부대계약부식(식자재) 구매,물품,총액계약,일반경쟁,적격심사제,Y,제6335부대,Z006123,제6335부대,Z006123,82.995,5621992500,5638188199,5125625635,2024-09-10,10:30:00,개찰완료,4666220935,82.999,2024-09-10,(주)아워홈 동서울영업소,구미현,양창열,716-85-00062,경기도 광주시 초월읍 산수로642-27
LMP0038,1,24년 제초용역(신병교육대대 훈련장),용역,총액계약,일반경쟁,적격심사제,Y,제1968부대,ZD00507,제1968부대,ZD00507,87.995,46041800,45999680,41817891,2024-09-10,11:00:00,개찰완료,40515023,87.996,2024-09-11,(주)유한조경개발,정인규,정인규,130-81-94884,"경기도 부천시 소사구 옥길로124, 1005호(옥길동, 문영 퀸즈파크 C)"
LPC0039,1,24년 식기세척기 임차용역,용역,총액계약,일반경쟁,적격심사제,Y,제25보병사단,ZD00029,제25보병사단,ZD00029,85.495,369318148,367200000,333818182,2024-09-10,11:00:00,개찰완료,317885000,86.073,2024-09-10,에스지원,김성진,김성진,391-04-00374,"경기도 하남시 미사강변한강로135, 나동 0622호(망월동, 미사강변스카이폴리스)"
LPG0020,1,작전대기시설 컨테이너 제조/구매,물품,총액계약,제한경쟁,적격심사제,Y,제2136부대,ZD00376,제2136부대,ZD00376,87.995,144559761,144000000,146545455,2024-09-10,10:30:00,개찰완료,128146300,88.645,2024-09-10,영림산업주식회사,최영문,고상곤,128-81-77484,경기도 고양시 덕양구 무원로6번길12-0 (행신동) 대흥빌딩 303호
MDR0050,1,24년 000부대 육포 구매,물품,총액계약,제한경쟁,적격심사제,Y,제9965부대,ZD00075,제9965부대,ZD00075,87.995,69140650,69088000,64064000,2024-09-10,10:30:00,개찰완료,60842680,87.998,2024-09-10,나나아울렛,김수나,김수나,660-72-00487,"경기도 안산시 상록구 해양4로31, 109동 2804호(사동, 그랑시티자이)"
MHD0077,1,우주무기체계 효율적 획득 및 운영을 위한 발전방향 ,용역,총액계약,협상에의한계약(전자),협상,N,방위사업청(운영지원과),1690000,방위사업청(운영지원과),1690000,,57805000,,52550000,2024-09-10,15:00:00,개찰완료,54915000,95,2024-09-27,국방대학교산학협력단,이문걸,오중택,128-82-13342,충청남도 논산시 양촌면 황산벌로1040
MHP0015,1,2차 발굴물자 구매납품,물품,총액계약,제한경쟁,적격심사제,Y,국방부유해발굴감식단,1291087,국방부유해발굴감식단,1291087,87.995,17885280,17898000,23135000,2024-09-10,11:00:00,개찰완료,15738677,87.997,2024-09-11,주식회사 참좋은,배지희,배지희,411-88-02657,"경기도 평택시 중앙2로13, 602-1-655호(평택동, 센텀스카이)"
SCF0868,1,폭발물처리반 작전복 등 6종 구매,물품,총액계약,제한경쟁,적격심사제,Y,해군군수사령부,ZD00289,해군군수사령부,ZD00289,87.995,38162509,38000000,35771636,2024-09-10,10:30:00,개찰완료,33732021,88.39,2024-09-10,주식회사 마크온탑,신승자,신승자,511-81-27226,서울특별시 영등포구 여의대방로43나길10-1 (신길동)  1층
SCF0870,1,에어컨 가스 회수 충전기 4EA 구매,물품,총액계약,제한경쟁,적격심사제,Y,해군군수사령부,ZD00289,해군군수사령부,ZD00289,87.995,21066269,21000000,20000000,2024-09-10,10:30:00,개찰완료,18537320,87.995,2024-09-10,영신상사,박재완,박재완,641-13-01023,경기도 부천시 원미로177번길21-0 (원미동)
SCF0874,1,군악 의장 행사단화류 제조,물품,총액계약,제한경쟁,적격심사제,Y,해군군수사령부,ZD00289,해군군수사령부,ZD00289,87.995,19934128,20000000,20209091,2024-09-10,10:30:00,개찰완료,17560000,88.09,2024-09-10,(주)한양어패럴,심홍규,김병호,113-86-80570,서울특별시 구로구 경인로53길90-0  1108호(구로동)
SCF0869,1,시일조립체 굴대용 용수철 부하식 1종 구매,물품,총액계약,제한경쟁,적격심사제,Y,해군군수사령부,ZD00289,해군군수사령부,ZD00289,87.995,40212577,40000000,37272727,2024-09-10,10:30:00,개찰완료,35386000,87.997,2024-09-10,팜컨설팅,이원균,이원균,163-20-01370,"경기도 시흥시 진말로10 (장곡동, 연성3차 대우아파트)121동601호"
SCF0872,1,해병대 10Kw 발전기 세트 구매,물품,총액계약,제한경쟁,적격심사제,Y,해군군수사령부,ZD00289,해군군수사령부,ZD00289,87.995,6671968,6600000,9272727,2024-09-10,10:30:00,개찰완료,6044280,90.592,2024-09-10,주식회사 서화테크,조미숙,최영식,245-81-02707,서울특별시 성북구 아리랑로19길111-0 (정릉동)
SCF0873,1,닻 1EA 제조,물품,총액계약,제한경쟁,적격심사제,Y,해군군수사령부,ZD00289,해군군수사령부,ZD00289,87.995,89769009,90000000,83576500,2024-09-10,10:30:00,개찰완료,79100000,88.115,2024-09-10,동창원산업(주),정창,문혜영,553-81-01007,경상남도 의령군 용덕면 의합대로123-7
SCF0867,1,커플링 축용 고정식 등 33종 구매,물품,총액계약,제한경쟁,적격심사제,Y,해군군수사령부,ZD00289,해군군수사령부,ZD00289,82.995,324437382,324000000,303896331,2024-09-10,10:30:00,개찰완료,269359870,83.023,2024-09-10,정욱,김교욱,김교욱,846-60-00619,"강원특별자치도 원주시 흥업면 북원로1600, 108동 303호 (남원주 두산위브)"
SCF0871,1,이동식 공기 압축기 구매,물품,총액계약,제한경쟁,적격심사제,Y,해군군수사령부,ZD00289,해군군수사령부,ZD00289,87.995,8954890,8900000,8272727,2024-09-10,10:30:00,개찰완료,8282000,92.485,2024-09-10,마니,신동심,신동심,615-19-37072,경상남도 창원시 의창구 북면 동곡로33-0  휴먼빌108-501
SFC0101,1,의무장비[혈액가스 분석기(휴대용)] 구매,물품,총액계약,제한경쟁,적격심사제,Y,제9691부대,ZD00152,제9691부대,ZD00152,87.995,12540998,12500000,11363636,2024-09-10,10:30:00,개찰완료,11035600,87.996,2024-09-10,주식회사 원스타,신범수,신범수,641-87-02417,"경기도 안산시 단원구 광덕3로145-5, 3층 301-66호 (고잔동)"
UMM1107,1,24-M-해강안경계부대 중소초급 상황실 개선(리스자산),물품,총액계약,제한경쟁,적격심사제,Y,국군재정관리단,ZD00303,국군재정관리단,ZD00303,87.995,144279920,143400000,138000000,2024-09-10,11:00:00,개찰완료,141535800,98.098,2024-09-10,주식회사 에스앤브이테크,김용석,김용석,753-88-02022,"서울특별시 도봉구 노해로397-15 (창동, 백상빌딩) 1106호"
UMM1105,1,24-F-생성형 AI 개발용 기반체계 구매,물품,총액계약,일반경쟁,적격심사제,Y,국군재정관리단,ZD00303,국군재정관리단,ZD00303,82.995,642389497,643430000,612635455,2024-09-10,11:00:00,개찰완료,533240408,83.008,2024-09-10,주식회사 경기방재,최대현,유현진,127-81-68793,경기도 의정부시 의정로110번길 15()
UMM1113,1,(247050-H)지리공간정보가시화 체계 서버보강,물품,총액계약,제한경쟁,적격심사제,Y,국군재정관리단,ZD00303,국군재정관리단,ZD00303,87.995,57637158,57254900,53090909,2024-09-10,11:00:00,개찰완료,50727320,88.011,2024-09-10,원케어,김광연,김광연,414-37-01238,"서울특별시 강동구 명일로13길15, 2층 201호(둔촌동, 탑스빌딩)"
DSS0047,1,안보관 음향시스템 개선사업,물품,총액계약,제한경쟁,적격심사제,Y,국군제1068부대,ZD01123,국군제1068부대,ZD01123,87.995,1058369242,1054157500,977025000,2024-09-11,11:00:00,개찰완료,931316316,87.995,2024-09-11,엠에스원디지털 주식회사,엄종만,최한나,117-81-53920,"서울특별시 영등포구 양평로149-0, 1106호 (양평동5가)"
EBB0326,1,40미리 연습탄 파라핀 지환통 ,물품,총액계약,일반경쟁,적격심사제,Y,방위사업청,1690000,방위사업청,1690000,,97683381,97682000,0,2024-09-11,11:00:00,개찰완료,84104200,86.098,2024-09-11,(주)오성지관,오정호,오능규,124-86-56293,경기도 양주시 칠봉산로337번길11 (봉양동)
EBH0128,1,기갑병헬멧부품(구매),물품,총액계약,제한경쟁,적격심사제,Y,방위사업청,1690000,방위사업청,1690000,,78334063,77523000,0,2024-09-11,11:00:00,개찰완료,72111000,92.055,2024-09-11,에스와이알(SYR),박서영,박서영,686-39-01123,충청북도 음성군 원남면 보천로61
EBH0123,1,24년 비호 포체계 수리부속(구매),물품,총액계약,일반경쟁,적격심사제,Y,방위사업청,1690000,방위사업청,1690000,,1360424354,1367433000,0,2024-09-11,14:00:00,개찰완료,1148254919,84.404,2024-09-11,주식회사 엔미디어솔루션,조윤규,김정언,119-86-53412,"인천광역시 계양구 계산새로71, 비동 310호(계산동, 하이베라스)"
LCF0539,1,클램프 호스용 등 49항목 구매(궤도-025),물품,총액계약,제한경쟁,적격심사제,Y,육군군수사령부,1290307,육군군수사령부,1290307,87.995,63893823,63187232,57442938,2024-09-11,11:30:00,개찰완료,61923400,96.916,2024-09-11,에스씨(SC) 테크윈,박효연,박효연,624-34-01116,경상남도 김해시 한림면 김해대로916번길113
LCF0546,1,스프링 스위치 등 12항목 제조(총포),물품,총액계약,제한경쟁,적격심사제,Y,육군군수사령부,1290307,육군군수사령부,1290307,87.995,3289081,3303510,3003191,2024-09-11,11:30:00,개찰완료,2920300,88.787,2024-09-11,에스엔더블유테크,명노헌,명노헌,606-24-47532,부산광역시 강서구 가리새2로13번길14-0 (생곡동)
LKD0067,1,육-00부대 전투원용 무전기 체계 제조/납품,물품,총액계약,제한경쟁,적격심사제,Y,제32보병사단,ZD00012,제32보병사단,ZD00012,87.995,141822250,141885000,128986364,2024-09-11,11:00:00,개찰완료,126140730,88.942,2024-09-19,주식회사 중앙첨단소재,김영신,류용열,105-81-99490,"경기도 안양시 동안구 시민대로115, 5층 503호 (호계동)"
LPC0040,1,25사단 사령부 간부숙소 신축 관급자재(타일) 제조,물품,총액계약,일반경쟁,적격심사제,Y,제25보병사단,ZD00029,제25보병사단,ZD00029,87.995,34385482,34666000,31514545,2024-09-11,11:00:00,개찰완료,30500000,88.7,2024-09-11,(주)대보세라믹스,박현식,이재민,408-81-07939,전북특별자치도 순창군 풍산면 풍산로94-27
MDG0187,1,부수장비(바코드프린터) 구매,물품,총액계약,제한경쟁,적격심사제,Y,국군의무사령부,1290291,국군의무사령부,1290291,87.995,16921164,16896000,15360000,2024-09-11,11:00:00,개찰완료,14890000,87.996,2024-09-12,상켐,박상문,박상문,730-56-00340,전북특별자치도 군산시 요죽안1길61-8 (오식도동)
MDW0021,1,25년 생도피복(맞춤피복) 제조구매,물품,총액계약,2단계경쟁(동시),최저가격제,N,국군간호사관학교,ZD00244,국군간호사관학교,ZD00244,0,247025945,243708000,221552727,2024-09-11,11:00:00,개찰완료,242950000,98.349,2024-09-11,하디코퍼레이션,김형문,김형문,451-18-00974,"서울특별시 노원구 덕릉로115길8, 3층(상계동)"
UMM1114,1,24-F-고출력 증폭기 1품목 구매,물품,총액계약,제한경쟁,적격심사제,Y,국군재정관리단,ZD00303,국군재정관리단,ZD00303,87.995,122049086,121260000,130000000,2024-09-11,11:00:00,개찰완료,107407840,88.003,2024-09-11,주식회사 게이트웨이,이현주,김현석,581-88-00297,경기도 양주시 화합로1710번길12-0 (옥정동) B127호
UMM1087,2,(246311-E) 분석용 고성능 PC등 2품목 (리스자산),물품,총액계약,제한경쟁,적격심사제,Y,국군재정관리단,ZD00303,국군재정관리단,ZD00303,87.995,125160558,125241170,116132727,2024-09-11,11:00:00,개찰완료,110255000,88.09,2024-09-11,(주)컴트리,이숙영,문송철,214-88-00529,"서울특별시 금천구 가산디지털1로30,1712호 (가산동,에이스하이엔드타워10차)"
UMM1122,1,(246329-E) 육군달력 후가공 제조 납품,물품,총액계약,제한경쟁,적격심사제,Y,국군재정관리단,ZD00303,국군재정관리단,ZD00303,87.995,61833414,61450980,56981818,2024-09-11,11:00:00,개찰완료,54438000,88.039,2024-09-11,디자인단풍 주식회사,정명효,이지훈,281-88-02207,경상남도 창원시 마산회원구 회성시장2길131-0 (회성동)
UMM1118,1,24~26-N-유도무기 교육훈련장비(GMTT) 유지보수 용역,용역,총액계약,제한경쟁,적격심사제,Y,국군재정관리단,ZD00303,국군재정관리단,ZD00303,87.745,174486059,173940000,173919927,2024-09-11,11:00:00,개찰완료,153171870,87.784,2024-09-11,(주)이젠정보통신,이동필,오순택,108-81-54468,"서울특별시 구로구 디지털로31길41-0 (구로동, 이앤씨벤처드림타워6차) 601호"
UMM1119,1,(247055-H)종합심사낙찰제입찰금액심사프로그램구매,물품,총액계약,일반경쟁,적격심사제,Y,국군재정관리단,ZD00303,국군재정관리단,ZD00303,82.995,331397119,330941170,306872727,2024-09-11,11:00:00,개찰완료,325600000,98.25,2024-09-11,(주)아이디어정보기술,유흥배,유흥배,211-87-75209,서울특별시 구로구 디지털로34길55-0 (구로동)
UMM1123,1,(246301-F) 기지국 무전기 등 5종 구축사업,물품,총액계약,제한경쟁,적격심사제,Y,국군재정관리단,ZD00303,국군재정관리단,ZD00303,87.995,168515024,168395190,156148273,2024-09-11,11:00:00,개찰완료,148292700,87.999,2024-09-11,다산정보통신(주),구성철,구성철,132-81-82574,"경기도 남양주시 화도읍 소래비로13번길43-1 ,2층"
LCF0544,1,K9 자주포 전기전자시험장비 운영체제 개선 재료 구매,물품,총액계약,제한경쟁,적격심사제,Y,육군군수사령부,1290307,육군군수사령부,1290307,87.995,48786240,48708000,45454541,2024-09-12,10:30:00,개찰완료,43025400,88.191,2024-09-12,주식회사 케이에스씨앤씨,조원채,조원채,142-81-77291,"경기도 용인시 기흥구 동백3로11번길33,801-26호 (중동,새롬프라자)"
LDC0021,1,K-4발사기 LCD모듈 제조 및 교체,물품,총액계약,일반경쟁,적격심사제,Y,육군과학화전투훈련단,ZD00561,육군과학화전투훈련단,ZD00561,87.995,89925878,89984313,83440000,2024-09-12,10:30:00,개찰완료,79299990,88.183,2024-09-12,주식회사 지투오,권일균,권일균,313-86-02742,경기도 용인시 처인구 남사읍 원암로21-4
LDH0745,1,K9자주포 연결기(4978) 구매,물품,총액계약,제한경쟁,적격심사제,Y,제2879부대,ZD00347,제2879부대,ZD00347,87.995,4121820,4105000,3806473,2024-09-12,13:00:00,개찰완료,3630000,88.067,2024-09-12,모아컴,이상주,이상주,217-15-72222,서울특별시 송파구 양산로12 (거여동) 세신거여훼미리타운 303호
LKT0065,1,‘24~27년 신병교육대대 병영식당 급식 민간위탁,용역,총액계약,협상에의한계약(전자),협상,N,제1989부대,ZD00011,제1989부대,ZD00011,0,10699959391,10676250000,9705681818,2024-09-12,10:00:00,개찰완료,10676250000,99.778,2024-10-15,(주)아워홈,구미현,이지혜,107-81-76324,서울특별시 강서구 마곡중앙10로91(마곡동)
LKT0071,1,24년 10~12월 부대조달 급식품목(식육가공품) 구매,물품,총액계약,일반경쟁,적격심사제,Y,제1989부대,ZD00011,제1989부대,ZD00011,82.995,285026364,285183823,264443182,2024-09-12,10:30:00,개찰완료,236591100,83.006,2024-09-12,시온코리아,길봉진,길봉진,144-01-74871,경기도 성남시 분당구 야탑로145-0 (야탑동)
SCF0877,1,(긴급) 압축기  왕복식 1종,물품,총액계약,제한경쟁,적격심사제,Y,해군군수사령부,ZD00289,해군군수사령부,ZD00289,87.995,5449674,5392000,5000000,2024-09-12,10:30:00,개찰완료,5230500,95.978,2024-09-12,제일테크,김문길,김문길,182-37-00235,부산광역시 사하구 다대로613-0 (다대동) 자유마트 220호
UMM1124,1,(247041-H)출입통제체계 구축 사업,물품,총액계약,제한경쟁,적격심사제,Y,국군재정관리단,ZD00303,국군재정관리단,ZD00303,87.995,178055238,177705880,164781818,2024-09-12,11:00:00,개찰완료,156679873,87.995,2024-09-12,주식회사 우형정보통신,김복녀,김복녀,121-81-62471,"인천광역시 남동구 함박뫼로347번길162, 403호 (남촌동)"
UMM1116,1,24-N-탑승식 습식 청소차 구매,물품,총액계약,제한경쟁,적격심사제,Y,국군재정관리단,ZD00303,국군재정관리단,ZD00303,87.995,80697517,80780000,74909091,2024-09-12,11:00:00,개찰완료,71010000,87.995,2024-09-12,아주,민연자,민연자,190-01-02216,"경기도 평택시 청북읍 안청로4길17, 201호"
UMM1117,1,24-M-00장비 네트워크 연동장비 도입,물품,총액계약,제한경쟁,적격심사제,Y,국군재정관리단,ZD00303,국군재정관리단,ZD00303,87.995,138811959,137850000,127830000,2024-09-12,11:00:00,개찰완료,130614000,94.094,2024-09-12,(주)우리넷,김광수,홍성혜,124-81-68611,경기도 안양시 동안구 시민대로353-0 (관양동)
UMM1120,1,(246047-B1)대형차량 운전교육 시뮬레이터 구매 설치,물품,총액계약,일반경쟁,적격심사제,Y,국군재정관리단,ZD00303,국군재정관리단,ZD00303,82.995,764734032,764705880,709090909,2024-09-12,11:00:00,개찰완료,634705880,82.996,2024-09-12,영재유통,윤채영,윤채영,236-25-01649,"경기도 시흥시 신흥마을1길37, 101동 1405호(신천동, 상아아파트)"
LNR0023,1,사단 작전지휘시설 신축사업 선행연구 용역,용역,총액계약,2단계경쟁(동시),최저가격제,N,수도기계화보병사단,ZD00361,수도기계화보병사단,ZD00361,0,97297357,97767000,88879091,2024-09-13,10:30:00,개찰완료,48700000,50.052,2024-09-13,(사)국방시설연구협회,정주교,이도제,129-82-09370,"경기도 성남시 수정구 복정로84번길 22-15,(B-001호) (복정동)"
MCD0065,1,2024년도 군 주거지원 만족도 조사,용역,총액계약,협상에의한계약(전자),협상,N,국방부(운영지원과),1290000,국방부(운영지원과),1290000,,18000000,,16363636,2024-09-13,17:00:00,개찰완료,16400000,91.111,2024-09-30,주식회사 에스에이컨설팅,윤지성,하늘,732-81-00391,서울특별시 영등포구 영중로65-4 (영등포동6가) 4층
MCD0066,1,24년 국방민원서비스 만족도 조사 연구,용역,총액계약,협상에의한계약(전자),협상,N,국방부(운영지원과),1290000,국방부(운영지원과),1290000,,36411000,,33100909,2024-09-13,17:00:00,개찰완료,34000000,93.378,2024-10-02,알앤알컨설팅 주식회사,조희아,이은경,130-86-47668,"서울특별시 서초구 신반포로303, 101호 (잠원동, 에스엘빌딩)"
MCD0067,1,안전하고 신뢰할 수 있는 AI활용 국방가이드라인 연구,용역,총액계약,협상에의한계약(전자),협상,N,국방부(운영지원과),1290000,국방부(운영지원과),1290000,,46183000,,41984545,2024-09-13,16:00:00,개찰완료,36946000,79.999,2024-10-09,주식회사 와이매틱스,방준성,방준성,225-81-29828,"대전광역시 유성구 죽동로321-0 (죽동, 죽동금성백조예미지), 102동 201호"
LHN0070,1,24년~27년 식기세척기 임차 용역,용역,총액계약,일반경쟁,적격심사제,Y,제2621부대,ZD00394,제2621부대,ZD00394,87.995,190864015,191920080,174472800,2024-09-19,10:30:00,개찰완료,168176360,88.113,2024-09-19,봄앤현,이희주,이희주,573-18-02156,"충청남도 계룡시 엄사면 번영로113-32 (계룡파라디아), 106동 2303호"
EBH0120,2,24년 AM무전기 부품(구매),물품,총액계약,제한경쟁,적격심사제,Y,방위사업청,1690000,방위사업청,1690000,,204548446,205100000,0,2024-09-20,11:00:00,개찰완료,180500000,88.243,2024-09-20,주식회사 오공,권기순,권기순,458-81-03205,경기도 구리시 수택천로16번길32-0 (수택동)
EBH0130,1,봉합재조립체 패킹링용 등 수리부속(구매),물품,총액계약,제한경쟁,적격심사제,Y,방위사업청,1690000,방위사업청,1690000,,109620794,109843000,0,2024-09-20,14:00:00,개찰완료,96537000,88.064,2024-09-23,조강테크,조재만,조재만,737-10-00061,부산광역시 사상구 가야대로196번길63 1층 (학장동)
LBA0068,1,24년 ASP 방화지대 구축 용역,용역,총액계약,제한경쟁,적격심사제,Y,제2167부대,ZD00053,제2167부대,ZD00053,87.995,149610215,148999750,135454318,2024-09-20,10:30:00,개찰완료,132000000,88.229,2024-09-20,여주시산림조합,이후정,서진오,126-82-01175,경기도 여주시 삼밭골길10-0 (월송동)
LBB0034,1,민수용 작전식량,물품,단가계약,제한경쟁,적격심사제,Y,육군제7789부대,ZD00074,육군제7789부대,ZD00074,82.995,4933,4900,180890182,2024-09-20,10:30:00,개찰완료,4095,83.008,2024-09-20,주식회사 삼양소방,백승준,김서연,127-86-45062,경기도 포천시 호국로634-0 (소흘읍) 나동 3호
LCG0084,1,[24-육-166] 건설정보모델링용 SW 구매,물품,총액계약,제한경쟁,적격심사제,Y,육군본부,1290298,육군본부,1290298,87.995,46113222,46200000,42000000,2024-09-20,12:30:00,개찰완료,41448548,89.884,2024-09-20,주식회사 비엘엠파트너스,장동근,김서림,694-87-01085,서울특별시 송파구 법원로8길8-0 (문정동)문정역2차 SK V1 1125-1126호
LCG0083,1,[24-육-216] 포렌식 SW  수사장비 등 12종(리스),물품,총액계약,제한경쟁,적격심사제,Y,육군본부,1290298,육군본부,1290298,87.995,114347442,113720000,103381818,2024-09-20,12:30:00,개찰완료,101200000,88.502,2024-09-20,(주)제트코,김한희,김지혜,120-86-20089,"서울특별시 송파구 송파대로201-0 (문정동) 송파테라타워2 A동 1213,1214,1215,1216,1217,1218호"
LDA0045,1,(D075) 24년 도서관 자동화시스템 구축 사업,물품,총액계약,제한경쟁,적격심사제,Y,지상작전사령부,ZD00279,지상작전사령부,ZD00279,87.995,120528158,120314000,109376364,2024-09-20,11:00:00,개찰완료,106090300,88.021,2024-09-30,주식회사 동부아이씨티,정진욱,정진욱,240-88-00057,"경기도 안양시 동안구 벌말로123, 에이 사무동 611호(관양동, 평촌스마트베이)"
LDH0755,1,(정수) 액상황산알루미늄 구매(2차),물품,총액계약,제한경쟁,적격심사제,Y,제2879부대,ZD00347,제2879부대,ZD00347,87.995,16791895,16803000,15581818,2024-09-20,13:30:00,개찰완료,14776070,87.995,2024-09-23,주식회사 오로드,박인태,박인태,238-86-01710,충청남도 천안시 서북구 신당새터2길15 (신당동)
LDH0760,1,K21 저항기 고정식 등 67종 구매,물품,총액계약,제한경쟁,적격심사제,Y,제2879부대,ZD00347,제2879부대,ZD00347,87.995,12525267,12578000,11663714,2024-09-20,13:00:00,개찰완료,11994750,95.764,2024-09-20,지앤와이일렉텍(주),김보영,김양기,113-81-89367,서울특별시 구로구 경인로53길15-0 (구로동) 중앙유통단지 가동 3116호
LGP0144,1,24-2차 특수무기 전력변환기(천마 비호) 외주정비용역,용역,총액계약,제한경쟁,적격심사제,Y,제5378부대,ZD00217,제5378부대,ZD00217,87.745,199448454,199200000,181090909,2024-09-20,11:00:00,개찰완료,175500000,87.992,2024-09-20,(주)이화일렉콤,이정상,전상열,126-81-46461,경기도 광주시 회안대로1061-55 (송정동)
LKG0093,1,24년 10~12월 부대계약(빵류) 구매,물품,총액계약,제한경쟁,적격심사제,Y,육군제53보병사단,ZD00094,육군제53보병사단,ZD00094,87.995,623688309,618873125,562611932,2024-09-20,11:00:00,개찰완료,550103943,88.201,2024-09-20,아이리치베이커리,정양숙,정양숙,613-10-48982,경상남도 진주시 대곡면 진의로612-4
LQG0064,1,(육성) 24년 검문소 경량화 물자 제조 납품,물품,총액계약,제한경쟁,적격심사제,Y,육군 52보병사단,ZD00273,육군 52보병사단,ZD00273,87.995,70551850,70355000,65434545,2024-09-20,10:30:00,개찰완료,62086000,88,2024-09-20,탑에스씨,이승은,이승은,209-25-69555,"서울특별시 영등포구 여의대방로43나길12, 1층 (신길동)"
LQG0065,1,(육성) 예비군기동대 감시정찰용 드론 제조 납품,물품,총액계약,제한경쟁,적격심사제,Y,육군 52보병사단,ZD00273,육군 52보병사단,ZD00273,87.995,74334882,74600000,67818182,2024-09-20,10:30:00,개찰완료,65759900,88.464,2024-09-20,주식회사 니어스랩,최재혁,한승탁,129-87-00068,"서울특별시 송파구 정의로8길9, AJ 빌딩 3층"
LQG0066,1,(육성) 00부대 야전배낭 제조 납품,물품,총액계약,제한경쟁,적격심사제,Y,육군 52보병사단,ZD00273,육군 52보병사단,ZD00273,87.995,40758513,40750000,37045455,2024-09-20,10:30:00,개찰완료,35868720,88.003,2024-09-20,주식회사 에프엔서플라이,박재성,조진환,846-81-02102,"경기도 고양시 덕양구 꽃내음1길94 (향동동), 상가1층"
LQG0067,1,(육성) 00부대 진공청소기 등 8종 구매 납품,물품,총액계약,제한경쟁,적격심사제,Y,육군 52보병사단,ZD00273,육군 52보병사단,ZD00273,87.995,38556005,38761730,38113636,2024-09-20,10:30:00,개찰완료,34028922,88.258,2024-09-20,주식회사 지유노,반상수,반상수,331-81-03273,충청남도 천안시 서북구 백석공단4길15-0 (백석동)
MDG0188,1,24-5차 의무비품(산소포화도측정기 등 4종) 구매,물품,총액계약,제한경쟁,적격심사제,Y,국군의무사령부,1290291,국군의무사령부,1290291,87.995,6333760,6300000,7477273,2024-09-20,11:00:00,개찰완료,5874485,92.748,2024-09-20,주식회사 대경엠에스,이태경,이태경,269-86-00277,"대구광역시 동구 화랑로147, 2층(효목동)"
MDG0191,1,24-5차 의무비품(물리치료용 침대) 구매,물품,총액계약,제한경쟁,적격심사제,Y,국군의무사령부,1290291,국군의무사령부,1290291,87.995,40083605,39900000,42000000,2024-09-20,11:00:00,개찰완료,35271919,87.995,2024-09-20,세렌디피티,신소담,신소담,169-04-02168,"경기도 남양주시 다산중앙로145번길15, 8층 801-99호(다산동, 신해센트럴타워 II)"
MDG0192,1,통신물자(건전지) 구매,물품,총액계약,제한경쟁,적격심사제,Y,국군의무사령부,1290291,국군의무사령부,1290291,87.995,10033476,9923900,9021727,2024-09-20,11:00:00,개찰완료,8829400,87.999,2024-09-20,스타일담아,유진경,유진경,801-23-00061,"서울특별시 성북구 종암로22길12-8, 2층 201호(종암동)"
MHD0087,1,2024년 방위사업 이러닝콘텐츠 제작,용역,총액계약,협상에의한계약(전자),협상,N,방위사업청(운영지원과),1690000,방위사업청(운영지원과),1690000,,194000000,,176363636,2024-09-20,15:00:00,개찰완료,190000000,97.938,2024-09-27,주식회사 위지런,이기영,이기영,120-87-90165,경기도 광명시 일직로43 (일직동) GIDC B동 2105~6호
NIT0020,1,마약감정재료 구매 2차,물품,총액계약,제한경쟁,적격심사제,Y,국방부조사본부,1291063,국방부조사본부,1291063,87.995,59601603,59200000,53818182,2024-09-20,11:00:00,개찰완료,52448100,87.997,2024-09-20,주식회사 무안유통,김형균,김형균,826-86-01967,"경기도 평택시 중앙2로13, 6층 602-1-409호(평택동, 센텀스카이)"
SCF0884,1,AOE-I 추진기관 R-3(24 000H) 총분해정비,물품,총액계약,일반경쟁,적격심사제,Y,해군군수사령부,ZD00289,해군군수사령부,ZD00289,82.995,6777269933,6800000000,6708480000,2024-09-20,10:30:00,개찰완료,6289800000,92.807,2024-09-20,주식회사종합해사,최진익,백승열,601-81-08293,부산광역시 영도구 남항남로22-0 (남항동3가)
SCF0876,2,잠수함(SS-I) 자동시동기(20kW) 정비,물품,총액계약,일반경쟁,적격심사제,Y,해군군수사령부,ZD00289,해군군수사령부,ZD00289,82.995,85425374,86000000,80649091,2024-09-20,10:30:00,개찰완료,73315000,85.823,2024-09-20,주식회사 일성이엔지,오세만,오세만,602-81-53151,부산광역시 영도구 대교로2번길22-6 (봉래동3가) 2층
SCF0881,1,24년 함정 기관실 청락/도장 용역,용역,총액계약,일반경쟁,적격심사제,Y,해군군수사령부,ZD00289,해군군수사령부,ZD00289,87.995,418074285,415000000,390713691,2024-09-20,10:30:00,개찰완료,369598000,88.404,2024-09-20,센텀환경 주식회사,이형재,박소희,499-87-00327,부산광역시 중구 중앙대로136-0 (중앙동4가) KT중부산빌딩 5층
SCK0105,1,공기청정기 필터 6종 제조 납품,물품,총액계약,일반경쟁,적격심사제,Y,해군교육사령부,1290330,해군교육사령부,1290330,87.995,14808312,14870000,13795909,2024-09-20,10:30:00,개찰완료,13043300,88.08,2024-09-20,(주)조은필텍,이정숙,이정숙,628-87-01230,부산광역시 강서구 녹산산단361로42-0 (송정동)
SFC0104,1,24-덕-체 타석 휴게의자 구매,물품,총액계약,제한경쟁,적격심사제,Y,제9691부대,ZD00152,제9691부대,ZD00152,87.995,2723745,2728000,2480000,2024-09-20,10:30:00,개찰완료,2700000,99.128,2024-09-20,동진상사,윤영현,윤영현,221-06-97424,"경기도 평택시 평택5로34번길48, 402호(합정동)"
UAC0032,1,디지털인쇄재료 5종 구매,물품,총액계약,제한경쟁,적격심사제,Y,국방출판지원단,ZD00908,국방출판지원단,ZD00908,87.995,48335134,48369000,44870000,2024-09-20,11:00:00,개찰완료,42542590,88.015,2024-09-20,우정디자인,김귀화,김귀화,410-29-49104,광주광역시 서구 천변좌로90 (농성동)
UMM1037,1,(24F185-A) 소음영향도 조사용역,용역,총액계약,제한경쟁,적격심사제,Y,국군재정관리단,ZD00303,국군재정관리단,ZD00303,86.745,198573336,199372540,184872727,2024-09-20,11:00:00,개찰완료,172975616,87.109,2024-09-20,주식회사 엔브이티,정태량,전형준,201-86-34238,"서울특별시 중구 동호로7길41, 2층(신당동)"
UMM1033,1,(24F189-A) 군 사격장 소음영향도 조사 용역,용역,총액계약,일반경쟁,적격심사제,Y,국군재정관리단,ZD00303,국군재정관리단,ZD00303,77.995,1991152945,1993725490,1848727273,2024-09-20,11:00:00,개찰완료,1564476392,78.571,2024-09-20,주식회사 엔브이티,정태량,전형준,201-86-34238,"서울특별시 중구 동호로7길41, 2층(신당동)"
UMM1129,1,(24F224-I) 숲 가꾸기(벌목) 시공 용역,용역,총액계약,일반경쟁,적격심사제,Y,국군재정관리단,ZD00303,국군재정관리단,ZD00303,87.995,323744405,322743480,306553636,2024-09-20,11:00:00,개찰완료,284927300,88.009,2024-09-20,산림법인태산 주식회사,김민재,김민재,190-87-02258,"충청남도 당진시 밤절로132-57, 604호 (수청동, 오션오피스텔)"
UMM1130,1,(246349-F) 인쇄재료 구매,물품,총액계약,제한경쟁,적격심사제,Y,국군재정관리단,ZD00303,국군재정관리단,ZD00303,87.995,78446767,78770000,73041273,2024-09-20,11:00:00,개찰완료,69030030,87.996,2024-09-20,예강,김송현,김송현,412-09-43904,"충청남도 금산군 금산읍 비호산로5-0 , 104동 601호"
UMM1126,1,(24F071-I)24년 전기안전관리대행 용역,용역,총액계약,일반경쟁,적격심사제,Y,국군재정관리단,ZD00303,국군재정관리단,ZD00303,87.745,25111644,25078245,24679982,2024-09-20,11:00:00,개찰완료,22049130,87.804,2024-09-20,(주)무림전기,박종성,박종성,128-86-23829,"경기도 고양시 덕양구 화중로 32-31, 효원빌딩 507호(화정동)"
UMM1131,1,(247312-F) 전산소모품 구매,물품,총액계약,제한경쟁,적격심사제,Y,국군재정관리단,ZD00303,국군재정관리단,ZD00303,87.995,210177758,209491950,194256173,2024-09-20,11:00:00,개찰완료,184945970,87.995,2024-09-20,이지프라자,김형규,김형규,214-02-16314,"경기도 고양시 일산동구 백석로108번길59-15, 1층 (백석동)"
LHR0045,1,24-27년 신병교육대대 병영식당 급식 민간위탁 용역,용역,총액계약,협상에의한계약(전자),협상,N,제5019부대,ZD00102,제5019부대,ZD00102,0,11497500000,11497500000,10452272727,2024-09-23,10:30:00,개찰완료,11497500000,100,2024-09-24,주식회사 동원홈푸드,정문목,최다윤,312-81-25280,"서울특별시 서초구 마방로68(양재동, 동원산업빌딩)"
MHD0089,1,생성형 AI 서비스 구축 방안 정책연구용역,용역,총액계약,협상에의한계약(전자),협상,N,방위사업청(운영지원과),1690000,방위사업청(운영지원과),1690000,,42250000,,38409091,2024-09-23,15:00:00,개찰완료,35000000,82.84,2024-09-27,세종대학교산학협력단,권현한,우윤지,206-82-07591,서울특별시 광진구 군자동98 집현관 216
EBH0131,1,24년 현궁 모의유도탄 부품,물품,총액계약,일반경쟁,적격심사제,Y,방위사업청,1690000,방위사업청,1690000,,381483457,382307000,0,2024-09-24,14:00:00,개찰완료,339947000,89.111,2024-09-24,(주)경원R&D,김경래,김경래,165-81-02018,부산광역시 사상구 낙동대로1292번길9-0 (삼락동)
HCG0045,1,24-2024 사천에어쇼 항공우주  체험장 부스설치 용역,용역,총액계약,제한경쟁,적격심사제,Y,공군본부,1290339,공군본부,1290339,87.745,48779638,48337059,44821636,2024-09-24,11:00:00,개찰완료,46117500,94.542,2024-09-24,주식회사 해울디자인,김종표,김지원,211-88-13461,"서울특별시 송파구 충민로66, L-9006호 (문정동, 가든파이브 라이프) 리빙관"
LDH0767,1,K21스위치 토글식 1종 구매 ,물품,총액계약,제한경쟁,적격심사제,Y,제2879부대,ZD00347,제2879부대,ZD00347,87.995,720046,724000,672102,2024-09-24,13:00:00,개찰완료,637337,88.513,2024-09-24,서진디스플레이 주식회사,김성구,김윤정,113-86-78341,서울특별시 구로구 경인로53길15-0 (구로동) 다동 321호
MHD0085,2,방위사업계약 및 지체상금 제도 선진화 개선방안 연구,용역,총액계약,협상에의한계약(전자),협상,N,방위사업청(운영지원과),1690000,방위사업청(운영지원과),1690000,,37000000,,33636364,2024-09-24,15:00:00,개찰완료,36190000,97.81,2024-10-11,법무법인 집현전,봉만수,이태영,264-81-25415,"서울특별시 서초구 반포대로106-0 (서초동) 4, 5층"
MHD0088,1, 2024년도 방위사업청 대국민 인지도조사 용역사업,용역,총액계약,협상에의한계약(전자),협상,N,방위사업청(운영지원과),1690000,방위사업청(운영지원과),1690000,,34000000,,30909091,2024-09-24,15:00:00,개찰완료,30600000,90,2024-10-14,(주)엠브레인컨설팅,강윤모,김우현,858-87-02806,"서울특별시 서초구 명달로9, 1층, 7층 (방배동)"
SCF0888,1,사출기  제트식 등 20종 구매,물품,총액계약,제한경쟁,적격심사제,Y,해군군수사령부,ZD00289,해군군수사령부,ZD00289,87.995,142741477,142000000,131701545,2024-09-24,10:30:00,개찰완료,125606910,87.996,2024-09-24,디어유통,김경민,김경민,662-29-00982,경상남도 창원시 의창구 반계로101 (팔용동) 103동 301호
SCF0882,1,체인  합금강 특수강 8 000MR 구매,물품,총액계약,제한경쟁,적격심사제,Y,해군군수사령부,ZD00289,해군군수사령부,ZD00289,87.995,145546360,145000000,134545455,2024-09-24,10:30:00,개찰완료,131268500,90.19,2024-09-24,마니,신동심,신동심,615-19-37072,경상남도 창원시 의창구 북면 동곡로33-0  휴먼빌108-501
UMM1125,1,24-N-선체부식방지장치 제조(249124-F),물품,총액계약,일반경쟁,적격심사제,Y,국군재정관리단,ZD00303,국군재정관리단,ZD00303,82.995,296605427,295800000,308443636,2024-09-24,11:00:00,개찰완료,247004370,83.277,2024-09-24,주식회사케이씨,손영태,유근정,603-81-19291,부산광역시 강서구 미음산단3로165-0 (미음동)
UMM1132,1,(247060-H)전산자료 보안관리시스템 교체(리스자산),물품,총액계약,일반경쟁,적격심사제,Y,국군재정관리단,ZD00303,국군재정관리단,ZD00303,82.995,1138649129,1133658330,1051210455,2024-09-24,11:00:00,개찰완료,945113690,83.003,2024-09-24,주식회사 성진정보통신,문계철,원지혜,714-88-00617,"서울특별시 금천구 가산디지털2로98-0 (가산동), 2동 1014호"
UMM1050,1,(24F221-A)소음영향도 조사용역,용역,총액계약,제한경쟁,적격심사제,Y,국군재정관리단,ZD00303,국군재정관리단,ZD00303,86.745,199767525,199372540,184872727,2024-09-24,11:00:00,개찰완료,174850000,87.526,2024-09-24,한국환경설계(주),김하근,김하근,215-87-10493,"서울특별시 송파구 석촌호수로138, 202호 (삼전동)"
UMM1135,1,(246352-E) 00부대 항공기유도등(라이트건) 구매,물품,총액계약,제한경쟁,적격심사제,Y,국군재정관리단,ZD00303,국군재정관리단,ZD00303,87.995,58415229,57911760,53700000,2024-09-24,11:00:00,개찰완료,51402550,87.995,2024-09-24,유틸리제,이수지,이수지,233-25-01960,"서울특별시 강남구 영동대로85길17, 601호(대치동, 우정에쉐르)"
UMM1137,1,24-M-비누상자 등 8품목 구매,물품,총액계약,제한경쟁,적격심사제,Y,국군재정관리단,ZD00303,국군재정관리단,ZD00303,87.995,201449293,200580000,186000000,2024-09-24,11:00:00,개찰완료,177265500,87.995,2024-09-24,레버넌트23,최준화,최준화,602-17-66577,서울특별시 관악구 당곡길31-11 (봉천동)
UMM1127,1,24-N-00사 기지영상공유시스템 구축 금융리스,물품,총액계약,일반경쟁,최저가격제,N,국군재정관리단,ZD00303,국군재정관리단,ZD00303,0,267382541,267560000,284276350,2024-09-24,11:00:00,개찰완료,251483750,94.053,2024-09-24,롯데캐피탈(주),추광식,이정은,120-81-55981,"서울특별시 강남구 테헤란로 142(역삼동, ARC PLACE) 7층"
EPA0025,1,트레일러  탄약적재운송용(KMT-1),물품,총액계약,제한경쟁,적격심사제,Y,방위사업청,1690000,방위사업청,1690000,,228181387,228000000,0,2024-09-25,11:00:00,개찰완료,201520000,88.315,2024-09-25,주식회사 에어밴,조성훈,조은영,125-81-99607,경기도 안성시 죽산면 장원공단길35-27
LCF0549,1,스위치 누름식 등 6항목 구매(통신),물품,총액계약,일반경쟁,적격심사제,Y,육군군수사령부,1290307,육군군수사령부,1290307,82.995,368906420,367378000,333980000,2024-09-25,11:00:00,개찰완료,311150000,84.343,2024-09-25,석산전자 주식회사,진희영,진희영,123-81-69617,"경기도 의왕시 오전공업길22, 201호(오전동, 동영벤처스텔)"
LCF0548,1,K5 방독면 안경테 등 1항목 구매(의무),물품,총액계약,제한경쟁,적격심사제,Y,육군군수사령부,1290307,육군군수사령부,1290307,87.995,32011135,31920000,29018182,2024-09-25,14:00:00,개찰완료,28168230,87.995,2024-09-25,아우름,권혜숙,권혜숙,206-52-01284,"인천광역시 미추홀구 인주대로23번길35(숭의동, 숭의동 공장)"
LCG0089,1,[24-육-215] 안전 경고등 휘슬 제조구매,물품,총액계약,제한경쟁,적격심사제,Y,육군본부,1290298,육군본부,1290298,87.995,38181155,38080000,34618182,2024-09-25,12:30:00,개찰완료,33625000,88.067,2024-09-25,에스와이알(SYR),박서영,박서영,686-39-01123,충청북도 음성군 원남면 보천로61
LCG0087,1,[24-육-227] 무선 데이터통신 운영환경 동적분석 장비,물품,총액계약,제한경쟁,적격심사제,Y,육군본부,1290298,육군본부,1290298,87.995,35595307,35526000,32296364,2024-09-25,12:30:00,개찰완료,35400000,99.451,2024-09-25,진해상사,김동국,김동국,412-09-29047,경상남도 창원시 마산회원구 삼호로38-0 (양덕동)
LKH0029,1,00중대 작전대기시설(컨테이너 1동) 제조설치납품,물품,총액계약,일반경쟁,적격심사제,Y,제6128부대,ZD00091,제6128부대,ZD00091,87.995,44309206,44500000,40454545,2024-09-25,10:30:00,개찰완료,38996870,88.01,2024-09-25,서원컨테이너하우징,박연종,박종규,128-15-93155,충청북도 청주시 청원구 내수읍 구성새동네길79-24
LKT0072,1,24~27년 식기세척기 임차 용역,용역,총액계약,제한경쟁,적격심사제,Y,제1989부대,ZD00011,제1989부대,ZD00011,87.745,153183096,151764705,140727273,2024-09-25,11:00:00,개찰완료,134683580,87.923,2024-09-25,봄앤현,이희주,이희주,573-18-02156,"충청남도 계룡시 엄사면 번영로113-32 (계룡파라디아), 106동 2303호"
SCF0889,1,계산기 등 325종 구매,물품,총액계약,제한경쟁,적격심사제,Y,해군군수사령부,ZD00289,해군군수사령부,ZD00289,87.995,25141796,25000000,23924773,2024-09-25,10:30:00,개찰완료,22123530,87.995,2024-09-25,디와이시스템,채가희,채가희,369-15-01902,"부산광역시 강서구 명지국제7로111-0, 108동 805호(명지동, 명지더웨스턴)"
SCF0890,1,비디오 기도삽관기 3대 구매,물품,총액계약,제한경쟁,적격심사제,Y,해군군수사령부,ZD00289,해군군수사령부,ZD00289,87.995,11057229,11000000,10500000,2024-09-25,10:30:00,개찰완료,9756780,88.238,2024-09-25,주식회사 한스메디칼,한재희,양현희,694-88-00894,경기도 군포시 고산로148번길17-0 (당정동) 318호
UMM1139,1,(246340-E) 군인복무기본법 소책자 표지 제작,물품,총액계약,제한경쟁,적격심사제,Y,국군재정관리단,ZD00303,국군재정관리단,ZD00303,87.995,91620434,90881370,84271818,2024-09-25,11:00:00,개찰완료,80639400,88.014,2024-09-25,주식회사 완산정판,전태완,전태완,201-86-41501,"서울특별시 중구 서애로6-1 (충무로5가, 인산빌딩)"
UMM1140,1,24-N-헬기 시동/정비 전원공급장치 제조,물품,총액계약,일반경쟁,적격심사제,Y,국군재정관리단,ZD00303,국군재정관리단,ZD00303,82.995,759432906,757050000,702000000,2024-09-25,11:00:00,개찰완료,635737100,83.712,2024-09-25,현대파워시스템 주식회사,전용곤,한승열,129-81-12048,경기도 광주시 광여로115-1 (곤지암읍)
EBH0132,1,24년 천마 분배함 정비,물품,총액계약,일반경쟁,적격심사제,Y,방위사업청,1690000,방위사업청,1690000,,251663587,252349000,0,2024-09-26,14:30:00,개찰완료,217000000,86.226,2024-09-26,(주)소닉컴텍,문지환,김중희,526-81-01169,"인천광역시 부평구 부평대로337, 부평 제이타워3차 지식산업센터 제5층 제523호 (청천동)"
HCF0215,2,조기경보(SPS-1000) 자동점검장비 유지보수,용역,총액계약,제한경쟁,적격심사제,Y,공군군수사령부,ZD00306,공군군수사령부,ZD00306,87.745,12786147,12832610,34491818,2024-09-26,10:30:00,개찰완료,11235000,87.868,2024-09-26,주식회사 이알시스템,이창우,이창우,530-81-00121,충청북도 청주시 청원구 내수읍 은곡길72-55
LCI0006,1,현O원 진지 OOO체계 이전사업(24-105),용역,총액계약,지명경쟁,적격심사제,Y,육군제6501부대,ZD00020,육군제6501부대,ZD00020,87.745,186821074,187397440,170361309,2024-09-26,10:30:00,개찰완료,185500000,99.292,2024-09-26,주식회사 씨엔테크,김훈석,김훈석,234-81-02857,"경기도 김포시 양촌읍 황금로117, 이젠테크노존 가동 411호"
LDH0761,2, K21 베어링 등 2종 구매,물품,총액계약,제한경쟁,적격심사제,Y,제2879부대,ZD00347,제2879부대,ZD00347,87.995,9095739,9041000,8383521,2024-09-26,13:00:00,개찰완료,8948000,98.375,2024-09-26,금성특수산업,김진봉,김진봉,606-35-86453,부산광역시 사상구 광장로34 금성특수산업
LFN0034,1,24년 3사교 무선 LAN 장비 구매,물품,총액계약,제한경쟁,적격심사제,Y,육군3사관학교,1290306,육군3사관학교,1290306,87.995,184814122,184000000,167272727,2024-09-26,11:00:00,개찰완료,174499990,94.419,2024-09-26,씨지에스아이티(주),최규식,최규식,107-86-77070,"서울특별시 금천구 가산디지털1로1-0 (가산동, 더루벤스밸리) 1208호"
LGT0083,1,24년 노후 ATICIS 네트워크 장비 교체사업(리스물건),물품,총액계약,일반경쟁,적격심사제,Y,제2307부대,ZD00001,제2307부대,ZD00001,82.995,692756125,685949000,623590000,2024-09-26,11:00:00,개찰완료,575110270,83.017,2024-09-26,(주)산들정보통신,김현주,김병수,515-81-16847,경상북도 경산시 경안로39길31(중방동) 2층
MDG0194,2,24년 의무장비(수액조절기 일반용) 구매,물품,총액계약,제한경쟁,적격심사제,Y,국군의무사령부,1290291,국군의무사령부,1290291,87.995,25221260,25143370,23324091,2024-09-26,11:00:00,개찰완료,22201597,88.027,2024-09-26,대광산업,이종명,이종명,609-16-69087,경상남도 창원시 마산회원구 양덕북5길97 (양덕동1층상가)
SCF0785,4,24년 P-3 항공기 방빙장치 시간측정기 정비,물품,총액계약,일반경쟁,적격심사제,Y,해군군수사령부,ZD00289,해군군수사령부,ZD00289,82.995,53735041,54000000,51024545,2024-09-26,10:30:00,개찰완료,48000000,89.327,2024-09-26,주식회사 엠바이지,강석원,양예린,602-81-63718,부산광역시 영도구 남항서로42-0 (남항동3가)
SCF0894,1,(긴급)항공급유 연결장치 1종,물품,총액계약,제한경쟁,적격심사제,Y,해군군수사령부,ZD00289,해군군수사령부,ZD00289,87.995,18079121,17930000,19090909,2024-09-26,10:30:00,개찰완료,15908820,87.995,2024-09-26,주식회사 늘해랑컴퍼니,장아리,장아리,584-87-03049,"경기도 화성시 동탄순환대로12길12, 이레스페이스-디83호(산척동, 제이제이파크프라자)"
SFG0096,1,탄피받이 구매,물품,총액계약,제한경쟁,적격심사제,Y,제9181부대,ZD00151,제9181부대,ZD00151,87.995,26593829,26470500,24545455,2024-09-26,10:30:00,개찰완료,23401870,87.997,2024-09-26,다감,이주리,이주리,470-13-01076,"경기도 안산시 단원구 원선1로37, 103-201(원곡동)"
UMM1138,1,24-N-태블릿 PC 구매(248240-F),물품,총액계약,제한경쟁,적격심사제,Y,국군재정관리단,ZD00303,국군재정관리단,ZD00303,87.995,159849424,159860000,148240000,2024-09-26,11:00:00,개찰완료,140660300,87.995,2024-09-26,열매,최소정,최소정,550-55-00499,"경기도 고양시 일산서구 탄현로136, 110동 1906호(탄현동, 일산에듀포레푸르지오)"
UMM1144,1,(247353-F) 5톤 지게차 구매,물품,총액계약,제한경쟁,적격심사제,Y,국군재정관리단,ZD00303,국군재정관리단,ZD00303,87.995,67034889,66590980,61748000,2024-09-26,11:00:00,개찰완료,58987732,87.995,2024-09-26,대명산업,배일숙,배일숙,676-14-00707,"울산광역시 남구 봉월로146번길11 (신정동, 태성시티타워) 905호"
UMM1143,1,(24G268-A) 온나라시스템 통합구축 금융리스,물품,총액계약,일반경쟁,최저가격제,N,국군재정관리단,ZD00303,국군재정관리단,ZD00303,0,8469655131,8433009240,7819699482,2024-09-26,11:00:00,개찰완료,8400958560,99.188,2024-09-26,롯데캐피탈(주),추광식,이정은,120-81-55981,"서울특별시 강남구 테헤란로 142(역삼동, ARC PLACE) 7층"
DSS0051,1,000 정보체계 시스템 유지보수 용역,용역,총액계약,지명경쟁,최저가격제,N,국군제1068부대,ZD01123,국군제1068부대,ZD01123,0,432691653,435505000,395913636,2024-09-27,10:30:00,개찰완료,286000000,66.097,2024-09-27,케이투웹테크(주),김태일,이수형,220-86-05961,"서울특별시 금천구 가마산로96, 1510호 (가산동, 대륭테크노타운8)"
EWA0002,1,장보고-III Batch-I 정비지원장비(플라이어 등 117종),물품,총액계약,제한경쟁,적격심사제,Y,방위사업청,1690000,방위사업청,1690000,,124354419,124440000,0,2024-09-27,11:00:00,개찰완료,115554980,92.923,2024-09-27,주식회사 서화테크,조미숙,최영식,245-81-02707,서울특별시 성북구 아리랑로19길111-0 (정릉동)
LDH0781,1,(정비) 실리콘 건 등 13종 구매,물품,총액계약,제한경쟁,적격심사제,Y,제2879부대,ZD00347,제2879부대,ZD00347,87.995,9029065,9052000,8394400,2024-09-27,13:00:00,개찰완료,7975280,88.328,2024-09-27,디앤에이(DNA),강수곤,강수곤,140-01-22390,"서울특별시 구로구 경인로54길4(구로동, 공구상가일번지 에이동 H-201호)"
LDH0779,1,(정비) 티그용접봉 등 12종 구매,물품,총액계약,제한경쟁,적격심사제,Y,제2879부대,ZD00347,제2879부대,ZD00347,87.995,14477471,14449000,13398300,2024-09-27,13:00:00,개찰완료,12851661,88.77,2024-09-27,주식회사 창원상사,이은석,이은석,804-81-00357,경상북도 포항시 남구 대해로89-1 (대도동)
LDH0791,1,(정비) 가제수입포 등 11종 구매,물품,총액계약,제한경쟁,적격심사제,Y,제2879부대,ZD00347,제2879부대,ZD00347,87.995,12754146,12636000,11717718,2024-09-27,13:00:00,개찰완료,11239089,88.121,2024-09-27,주식회사 창원상사,이은석,이은석,804-81-00357,경상북도 포항시 남구 대해로89-1 (대도동)
LDH0776,1,(정비) 방독마스크필터 등 12종 구매,물품,총액계약,제한경쟁,적격심사제,Y,제2879부대,ZD00347,제2879부대,ZD00347,87.995,20834969,20669000,19166700,2024-09-27,13:00:00,개찰완료,18358600,88.114,2024-09-27,주식회사 대경코리아,조민구,조민구,199-87-02105,경상남도 창원시 의창구 원이대로271 (봉곡동) 3층 314-C호
LDH0788,1,(정비) 방진필터 등 9종 구매,물품,총액계약,제한경쟁,적격심사제,Y,제2879부대,ZD00347,제2879부대,ZD00347,87.995,13333662,13306000,12339155,2024-09-27,13:00:00,개찰완료,11741665,88.06,2024-09-27,지앤와이일렉텍(주),김보영,김양기,113-81-89367,서울특별시 구로구 경인로53길15-0 (구로동) 중앙유통단지 가동 3116호
LDH0775,1,(정비) 보호복 후드일체형 등 13종 구매,물품,총액계약,제한경쟁,적격심사제,Y,제2879부대,ZD00347,제2879부대,ZD00347,87.995,21430962,21357000,19804491,2024-09-27,13:00:00,개찰완료,18916038,88.264,2024-09-27,(주)디에스인프라,조용경,조용경,109-86-32588,경기도 평택시 원평로35번길42 (평택동)
LDH0783,1,(정비) 견인고리셋 등 32종 구매,물품,총액계약,제한경쟁,적격심사제,Y,제2879부대,ZD00347,제2879부대,ZD00347,87.995,11029781,11033000,10231291,2024-09-27,13:00:00,개찰완료,9879499,89.571,2024-09-27,그린존,김근아,김근아,686-54-00656,"경상북도 포항시 북구 칠성로42-1, 2층(남빈동)"
LDH0785,1,(정비) 에어카플링잭 등 49종 구매,물품,총액계약,제한경쟁,적격심사제,Y,제2879부대,ZD00347,제2879부대,ZD00347,87.995,8193564,8232000,7633873,2024-09-27,13:00:00,개찰완료,7235620,88.308,2024-09-27,하나상공,조현영,조현영,176-24-01049,경상남도 창원시 의창구 창이대로187번길61 (봉곡동)
LDH0778,1,(정비) 스틸 절단석 등 41종 구매,물품,총액계약,제한경쟁,적격심사제,Y,제2879부대,ZD00347,제2879부대,ZD00347,87.995,28248450,28423000,26356191,2024-09-27,13:00:00,개찰완료,25280834,89.494,2024-09-27,주식회사 창원상사,이은석,이은석,804-81-00357,경상북도 포항시 남구 대해로89-1 (대도동)
LDH0786,1,(정비) 자동 용접면 카트리지 등 41종 구매,물품,총액계약,제한경쟁,적격심사제,Y,제2879부대,ZD00347,제2879부대,ZD00347,87.995,12123069,12115000,11234182,2024-09-27,13:00:00,개찰완료,10775686,88.885,2024-09-27,주식회사 창원상사,이은석,이은석,804-81-00357,경상북도 포항시 남구 대해로89-1 (대도동)
LDH0792,1,(화공) 아세톤 공업용 등 7종 구매,물품,총액계약,제한경쟁,적격심사제,Y,제2879부대,ZD00347,제2879부대,ZD00347,87.995,10850797,10873000,10083044,2024-09-27,13:00:00,개찰완료,9633800,88.784,2024-09-27,주식회사 에이에스씨,임승수,임승수,125-86-08417,"경기도 안성시 공단1로99 (신건지동, 안성제1산업단지)"
LDH0771,1,(자재) 회로카드조립체  영상용 부품키트 등 4종 구매,물품,총액계약,제한경쟁,적격심사제,Y,제2879부대,ZD00347,제2879부대,ZD00347,87.995,5294624,5312000,4925818,2024-09-27,13:00:00,개찰완료,4710832,88.973,2024-09-27,모아컴,이상주,이상주,217-15-72222,서울특별시 송파구 양산로12 (거여동) 세신거여훼미리타운 303호
LDH0772,1,(자재) 스펀지 흰색 등 45종 구매,물품,총액계약,제한경쟁,적격심사제,Y,제2879부대,ZD00347,제2879부대,ZD00347,87.995,6363313,6332000,5871782,2024-09-27,13:00:00,개찰완료,5669990,89.104,2024-09-27,그린존,김근아,김근아,686-54-00656,"경상북도 포항시 북구 칠성로42-1, 2층(남빈동)"
LDH0770,1,(일장) 장갑전투도자 핸드 빌지 등 8품목 구매,물품,총액계약,제한경쟁,적격심사제,Y,제2879부대,ZD00347,제2879부대,ZD00347,87.995,9637488,9683000,8978955,2024-09-27,13:00:00,개찰완료,8520000,88.404,2024-09-27,정원사,최정현,최정현,609-23-25812,"경상남도 창원시 성산구 창원대로780번길23-0 (외동, 두산아파트) 505호"
LKP0137,1,24년 급식 민간위탁배송(부대조달 충청권),용역,총액계약,일반경쟁,적격심사제,Y,제6335부대,Z006123,제6335부대,Z006123,77.995,3802373278,3792221530,3447474118,2024-09-27,10:30:00,개찰완료,3679000000,96.755,2024-09-27,주식회사그린,황정실,전주현,126-81-25068,경기도 여주시 대신면 여양로693-10
LKP0138,1,24년 정수약품(요소수) 계약 의뢰,물품,총액계약,제한경쟁,적격심사제,Y,제6335부대,Z006123,제6335부대,Z006123,87.995,31568459,31483300,28621182,2024-09-27,11:00:00,개찰완료,27778755,87.995,2024-09-30,샤샤플래닛,엄지예,엄지예,648-10-02570,"인천광역시 연수구 해송로143-0 (송도동, 송도웰카운티1단지) 123-1403"
MHD0094,1,2024년 4분기 전산(프린터) 소모품 구매,물품,총액계약,제한경쟁,적격심사제,Y,방위사업청(운영지원과),1690000,방위사업청(운영지원과),1690000,87.995,213539954,212800000,219798182,2024-09-27,14:30:00,개찰완료,187907630,87.996,2024-09-27,모두의상사,김영진,김영진,401-73-00153,"인천광역시 부평구 부흥로286번길30, 1401호"
SCI0115,1,AIP수소(5 000KG) 납품,물품,총액계약,일반경쟁,적격심사제,Y,제9121부대,ZD00141,제9121부대,ZD00141,87.995,89589449,90040000,83500000,2024-09-27,10:30:00,개찰완료,78875040,88.04,2024-09-27,유진산업가스 주식회사,김동호,최진이,311-81-19015,충청남도 당진시 송악읍 월곡로240
UMM1072,1,(24F188-I) 군 사격장 소음영향도 조사 용역,용역,총액계약,일반경쟁,적격심사제,Y,국군재정관리단,ZD00303,국군재정관리단,ZD00303,86.745,201229386,199372549,184872727,2024-09-27,11:00:00,개찰완료,179000000,88.953,2024-09-27,주식회사 삼우에이엔씨,조만희,조만희,214-87-61908,"서울특별시 동작구 남부순환로2021, 2층 (사당동)"
UMM1136,1,24-M-손세정제 구매,물품,총액계약,제한경쟁,적격심사제,Y,국군재정관리단,ZD00303,국군재정관리단,ZD00303,87.995,219863680,220580000,204545455,2024-09-27,11:00:00,개찰완료,193469518,87.995,2024-09-27,아크,이지은,이지은,505-36-34606,"부산광역시 동래구 충렬대로487-0, 110동 604호(안락동, 안락 SK아파트)"
UMM1145,1,(24F259-I) 정보체계 통합 금융리스,물품,총액계약,일반경쟁,최저가격제,N,국군재정관리단,ZD00303,국군재정관리단,ZD00303,0,3756805611,3753929784,3480916709,2024-09-27,11:00:00,개찰완료,3672700829,97.761,2024-09-27,미래에셋캐피탈(주),이만희,박영화,410-81-40265,"서울특별시 중구 을지로5길26, 6층 (수하동, 미래에셋센터원 웨스트타워)"
LDH0798,1,발칸 케이블조립체 구매,물품,총액계약,제한경쟁,적격심사제,Y,제2879부대,ZD00347,제2879부대,ZD00347,87.995,51931244,51929000,48153229,2024-09-30,13:00:00,개찰완료,45698000,87.997,2024-09-30,석산전자 주식회사,진희영,진희영,123-81-69617,"경기도 의왕시 오전공업길22, 201호(오전동, 동영벤처스텔)"
LDH0796,1,K1전차 집적회로 구매,물품,총액계약,제한경쟁,적격심사제,Y,제2879부대,ZD00347,제2879부대,ZD00347,87.995,4043554,4019000,3727273,2024-09-30,13:00:00,개찰완료,3560000,88.041,2024-09-30,모아컴,이상주,이상주,217-15-72222,서울특별시 송파구 양산로12 (거여동) 세신거여훼미리타운 303호
MDG0195,1,24년 화상회의체계 노후장비 교체,물품,총액계약,일반경쟁,적격심사제,Y,국군의무사령부,1290291,국군의무사령부,1290291,87.995,30139634,30119320,27940000,2024-09-30,11:00:00,개찰완료,26521800,87.996,2024-09-30,크레용 컴퍼니,윤대연,윤대연,261-59-00471,"인천광역시 서구 서로3로277, 2804동 1702호(원당동, 검단신도시 로제비앙라포레)"
UAC0036,1,후반기 맞춤용지 구매(재경지원반),물품,총액계약,제한경쟁,적격심사제,Y,국방출판지원단,ZD00908,국방출판지원단,ZD00908,87.995,38752276,38935000,36118182,2024-09-30,11:00:00,개찰완료,34101000,87.997,2024-09-30,하늘기업,고명천,고명천,305-44-60095,"서울특별시 강서구 양천로40, 1층(방화동)"
ESA0006,1,특수공구(전술지대지유도무기),물품,총액계약,제한경쟁,적격심사제,Y,방위사업청,1690000,방위사업청,1690000,,22925276,22943000,0,2024-10-02,11:00:00,개찰완료,20215700,88.18,2024-10-02,대림엠텍,김부경,김부경,424-01-02536,경상남도 김해시 진례면 테크노밸리로36
LKP0140,1,24년 4분기 부대계약부식(빵류) 제조/구매,물품,총액계약,제한경쟁,적격심사제,Y,제6335부대,Z006123,제6335부대,Z006123,87.995,181169844,180153400,163775818,2024-10-02,10:30:00,개찰완료,159425984,87.998,2024-10-02,참좋은사람들,배상진,배상진,793-22-00536,제주특별자치도 제주시 지석11길6 (삼양이동) 203호
LMR0054,1,24-18 다락대 훈련장 시설보강 자재구매(PC모듈),물품,총액계약,제한경쟁,적격심사제,Y,제5군단사령부,ZD00009,제5군단사령부,ZD00009,87.995,108686452,108900000,99000000,2024-10-02,11:00:00,개찰완료,95643000,87.999,2024-10-02,해리엔터프라이즈,신창훈,신창훈,699-03-02508,"인천광역시 남동구 용천로87번길23 (구월동, 구월 힐스테이트) 3102동 802호"
LMU0047,1,24-물용-010 민수용 전투식량 구매 계약,물품,총액계약,일반경쟁,적격심사제,Y,6112부대,ZD01187,6112부대,ZD01187,82.995,344717660,345509800,314099818,2024-10-02,11:00:00,개찰완료,286150767,83.01,2024-10-02,매쉬미디어(주),김문선,김성은,128-86-73106,서울특별시 마포구 양화로183-0 (동교동) 효성홍익인간오피스텔 14층 1412호
MDF0031,1,전장망 사이버방호체계 노후 교체사업(리스물건),물품,총액계약,일반경쟁,적격심사제,Y,국군지휘통신사령부,1290290,국군지휘통신사령부,1290290,82.995,806786607,809273882,750417600,2024-10-02,10:30:00,개찰완료,671402133,83.219,2024-10-02,신아시스템 주식회사,신장화,신장화,609-81-73686,"경상남도 창원시 의창구 읍성로 110,  신아빌101호(소답동)"
MDF0032,1,24~25년 MW통신체계 성능개선 감리용역,용역,총액계약,제한경쟁,적격심사제,Y,국군지휘통신사령부,1290290,국군지휘통신사령부,1290290,87.745,188660714,187813725,174154545,2024-10-02,10:30:00,개찰완료,165611000,87.782,2024-10-02,(주)덕원이.엔.지,권나희,정선미,502-81-38511,경상북도 포항시 남구 대이로19번길7(대잠동)
MDR0048,3,24년 000부대 휴대용 금속탐지기 세트 구매,물품,총액계약,제한경쟁,적격심사제,Y,제9965부대,ZD00075,제9965부대,ZD00075,87.995,33135254,33000000,30600000,2024-10-02,10:30:00,개찰완료,32010000,96.604,2024-10-02,해원산업,김민지,김민지,702-71-00014,"서울특별시 도봉구 마들로11길65, 5층 503-13호(창동)"
MDR0055,2,24년 000부대 삼겹살 등 130품목,물품,총액계약,제한경쟁,적격심사제,Y,제9965부대,ZD00075,제9965부대,ZD00075,87.995,55719329,55880000,51821518,2024-10-02,10:30:00,개찰완료,55466000,99.545,2024-10-02,태안군로컬푸드사업단,조민구,조민구,316-82-62251,충청남도 태안군 남면 안면대로1641-0
SCF0899,1,누수탐지기 3대 구매,물품,총액계약,제한경쟁,적격심사제,Y,해군군수사령부,ZD00289,해군군수사령부,ZD00289,87.995,37236794,37000000,34708091,2024-10-02,10:30:00,개찰완료,32771000,88.007,2024-10-02,오늘상사,김재희,김재희,415-13-05639,"경기도 부천시 원미구 길주로284, 2012호(중동, 신중동역헤리움메트로타워)"
SCF0898,1,3축 가속도센서 등 5종 68점 구매,물품,총액계약,제한경쟁,적격심사제,Y,해군군수사령부,ZD00289,해군군수사령부,ZD00289,87.995,37604335,38000000,36100000,2024-10-02,10:30:00,개찰완료,33092680,88.002,2024-10-02,(LS)컴퍼니,이상운,이상운,633-50-00450,"경기도 남양주시 다산중앙로145번길15, 8층 802-04호(다산동, 신해센트럴타워 )"
SCF0900,1,차륜평형기  소형 2EA 구매,물품,총액계약,제한경쟁,적격심사제,Y,해군군수사령부,ZD00289,해군군수사령부,ZD00289,87.995,10024589,10000000,9504000,2024-10-02,10:30:00,개찰완료,8821200,87.995,2024-10-02,삼이유통,김승환,김승환,182-25-01416,"경기도 연천군 전곡읍 전은길98-53, 1층 101호"
SFC0108,1,24-덕-VR 구매 설치,물품,총액계약,제한경쟁,적격심사제,Y,제9691부대,ZD00152,제9691부대,ZD00152,87.995,32113228,32271400,29912818,2024-10-02,10:30:00,개찰완료,28259000,87.998,2024-10-02,미진상사,허미진,허미진,281-14-00979,"경기도 용인시 수지구 포은대로219, 306동 1202호(상현동, 서원마을3단지아이파크)"
SFC0109,1,고무아령 등 10품목 구매,물품,총액계약,제한경쟁,적격심사제,Y,제9691부대,ZD00152,제9691부대,ZD00152,87.995,2769912,2772000,2520000,2024-10-02,10:30:00,개찰완료,2437433,87.996,2024-10-02,현대보수작업,이재미,이재미,137-16-97507,경기도 김포시 고촌읍 신곡로3번길34-38
UAC0040,1,인쇄재료 67종 수시 구매,물품,총액계약,제한경쟁,적격심사제,Y,국방출판지원단,ZD00908,국방출판지원단,ZD00908,87.995,47324013,47614000,44169755,2024-10-02,11:00:00,개찰완료,41647390,88.004,2024-10-02,바로정,백지환,백지환,757-04-03310,"인천광역시 미추홀구 주안로182, 907호(주안동, 해마루 더펠리체)"
UMM1147,1,24-D-후반기 인쇄용지 21종 구매,물품,총액계약,일반경쟁,적격심사제,Y,국군재정관리단,ZD00303,국군재정관리단,ZD00303,82.995,1298299632,1304600000,1209726273,2024-10-02,11:00:00,개찰완료,1081895964,83.331,2024-10-02,성도교역,최계영,최계영,110-15-69561,"서울특별시 서대문구 수색로138-0, 2층(북가좌동)"
HCF0221,1,무정전전원장치(방공관제) 유지보수,용역,총액계약,제한경쟁,적격심사제,Y,공군군수사령부,ZD00306,공군군수사령부,ZD00306,85.495,404651286,405602670,417426364,2024-10-04,10:30:00,개찰완료,349730900,86.427,2024-10-04,주식회사 화인시스템,주광훈,김현우,131-81-61260,"경기도 군포시 고산로 166, SK벤티움 104동 307~309호(당정동)"
HCF0222,1,무정전전원장치(항행안전) 유지보수,용역,총액계약,제한경쟁,적격심사제,Y,공군군수사령부,ZD00306,공군군수사령부,ZD00306,85.495,504461720,500284760,483350409,2024-10-04,10:30:00,개찰완료,438260220,86.876,2024-10-04,태일자동제어(주),한연수,한연수,408-81-32952,광주광역시 광산구 신가매결길28(신창동)
LCF0555,2,K9자주포 전기장치 시험장비(ETS) SW개선 재료 구매,물품,총액계약,제한경쟁,적격심사제,Y,육군군수사령부,1290307,육군군수사령부,1290307,87.995,49202253,48708000,45454541,2024-10-04,10:30:00,개찰완료,43718400,88.854,2024-10-04,(주)씨에스글로비즈,오세록,양승열,107-87-11814,"경기도 과천시 과천대로7길65, 과천상상자이타워 B동 1220호"
LDH0800,1,(자재) 알루미늄판 등 17종 구매,물품,총액계약,제한경쟁,적격심사제,Y,제2879부대,ZD00347,제2879부대,ZD00347,87.995,19057142,19026000,17642727,2024-10-04,13:00:00,개찰완료,18500000,97.076,2024-10-07,주식회사 신태양,라상혁,라상혁,654-87-00813,대구광역시 수성구 들안로109-0 (상동)
MHP0016,1,DNA시료채취 키트 구매(2차),물품,총액계약,제한경쟁,적격심사제,Y,국방부유해발굴감식단,1291087,국방부유해발굴감식단,1291087,87.995,15807352,15906800,14460727,2024-10-04,11:00:00,개찰완료,13912100,88.01,2024-10-04,구구코리아,박미영,박미영,425-07-02910,"서울특별시 성동구 왕십리로21마길13, 2층(행당동)"
SCF0902,2,(긴급)판 금속제 등 60종,물품,총액계약,제한경쟁,적격심사제,Y,해군군수사령부,ZD00289,해군군수사령부,ZD00289,87.995,44223074,43947000,41445073,2024-10-04,13:00:00,개찰완료,39464480,89.239,2024-10-04,경진테크,정태경,정태경,501-31-70508,"경상남도 창원시 성산구 원이대로495 (반림동, 트리비앙아파트) 230동 1607호"
UMM1148,1,24-N-전원변환기 DC24V300A 2EA 제조,물품,총액계약,제한경쟁,적격심사제,Y,국군재정관리단,ZD00303,국군재정관리단,ZD00303,87.995,126308403,126820000,117600909,2024-10-04,11:00:00,개찰완료,111551031,88.316,2024-10-04,주식회사 엔미디어솔루션,조윤규,성신용,119-86-53412,"인천광역시 계양구 계산새로71, 비동 310호(계산동, 하이베라스)"
UMM1153,1,24-D-자운대지역 조경관리 용역(00학교 지역),용역,총액계약,제한경쟁,적격심사제,Y,국군재정관리단,ZD00303,국군재정관리단,ZD00303,87.995,101210487,101160000,95392255,2024-10-04,11:00:00,개찰완료,89077000,88.011,2024-10-04,나도조경,김응례,남제우,314-15-71903,"대전광역시 유성구 진잠로101-1, 2층(교촌동)"
UMM1149,1,24~25-F-학습포털체계 교체 감리,용역,총액계약,제한경쟁,적격심사제,Y,국군재정관리단,ZD00303,국군재정관리단,ZD00303,87.745,135797320,136060000,126167655,2024-10-04,11:00:00,개찰완료,119180000,87.763,2024-10-04,주식회사 한국전산감리원,김병양,이명희,754-81-02268,"경기도 과천시 과천대로12길117, 지동 501호 (문원동,과천 펜타원)"
LDH0769,2,(일장) 장갑전투도자 호스조립체 비금속제 구매,물품,총액계약,제한경쟁,적격심사제,Y,제2879부대,ZD00347,제2879부대,ZD00347,87.995,1872631,1869000,1733255,2024-10-07,13:00:00,개찰완료,1650000,88.111,2024-10-07,진광사,최진욱,최진욱,615-16-41032,경상남도 김해시 진영읍 진영리1611-3 중흥s클래스 119-105
LDH0768,2,(일장) 다목적굴착기 절연체 등 5품목 구매,물품,총액계약,제한경쟁,적격심사제,Y,제2879부대,ZD00347,제2879부대,ZD00347,87.995,8582192,8597000,7971991,2024-10-07,13:00:00,개찰완료,7615550,88.736,2024-10-07,대아테크,변오석,변오석,607-49-85492,부산광역시 금정구 공단동로41번길10-0 (금사동)
LDH0774,2,(항공) UH60 슬리브 등 2종 구매,물품,총액계약,제한경쟁,적격심사제,Y,제2879부대,ZD00347,제2879부대,ZD00347,87.995,12052405,12036000,11161200,2024-10-07,13:00:00,개찰완료,11790000,97.822,2024-10-07,주식회사 씨티엘에어로,고이근,이승헌,345-87-03124,"서울특별시 영등포구 국제금융로6길33, 910호(여의도동)"
LDH0804,1,K77지휘차 회로카드조립체 구매,물품,총액계약,제한경쟁,적격심사제,Y,제2879부대,ZD00347,제2879부대,ZD00347,87.995,24863230,25167000,23337273,2024-10-07,13:00:00,개찰완료,22196900,89.276,2024-10-07,서광전자,오복룡,오복룡,608-40-76028,경상남도 창원시 진해구 이동로69번길 12()
LKG0094,1,[육성]전투원용 무전기 구매,물품,총액계약,일반경쟁,적격심사제,Y,육군제53보병사단,ZD00094,육군제53보병사단,ZD00094,87.995,169781145,169257000,153870000,2024-10-07,11:00:00,개찰완료,165364000,97.398,2024-10-16,주식회사 중앙첨단소재,김영신,류용열,105-81-99490,"경기도 안양시 동안구 시민대로115, 5층 503호 (호계동)"
UAC0041,1,2024년 2-1차 재투자장비 구매(UV평판인쇄기 등 2종),물품,총액계약,제한경쟁,적격심사제,Y,국방출판지원단,ZD00908,국방출판지원단,ZD00908,87.995,100860495,101760000,94400000,2024-10-07,11:00:00,개찰완료,88938840,88.18,2024-10-07,한솔상사,조희원,조희원,408-13-84806,"광주광역시 동구 화산로350번길18, 1동 4호(용산동, 동산타워 제상가)"
EBH0133,1,24년 비호체계 수리부속(구매),물품,총액계약,일반경쟁,적격심사제,Y,방위사업청,1690000,방위사업청,1690000,,1395024199,1382467000,0,2024-10-08,14:00:00,개찰완료,1223450000,87.7,2024-10-08,주식회사 세연인터내셔널,신현철,신현철,327-81-00184,"경기도 구리시 수택천로16번길32, 2층 (수택동, 세연빌딩)"
LFR0013,1,전차포사격장 방화지대 제초용역,용역,총액계약,제한경쟁,적격심사제,Y,육군기계화학교,ZD00035,육군기계화학교,ZD00035,87.745,32369573,32529000,30000000,2024-10-08,10:30:00,개찰완료,28408451,87.762,2024-10-08,주식회사 다은건설산업,양수연,류효승,686-81-01516,광주광역시 서구 무진대로486(덕흥동)
MCD0068,2,24년 하반기 모범군무원 격려 국내시찰,용역,총액계약,협상에의한계약(전자),협상,N,국방부(운영지원과),1290000,국방부(운영지원과),1290000,,38205750,,34732500,2024-10-08,17:00:00,개찰완료,38000000,99.461,2024-10-22,주식회사 플랜더제이,함영순,박종걸,289-86-03206,서울특별시 도봉구 우이천로298-0 (쌍문동) 6층 유아이오피스 102호
MCD0069,1,24년 병영생활상담관 보수교육 운영,용역,총액계약,협상에의한계약(전자),협상,N,국방부(운영지원과),1290000,국방부(운영지원과),1290000,,27000000,,24545455,2024-10-08,17:00:00,개찰완료,26000000,96.296,2024-10-18,주식회사 휴노아이앤씨,천정현,박혜원,533-88-01147,"경기도 성남시 분당구 서현로170, 12층 티동 1208호 (서현동, 풍림아이원플러스))"
MCD0072,1,예비군법 개정방안 연구,용역,총액계약,협상에의한계약(전자),협상,N,국방부(운영지원과),1290000,국방부(운영지원과),1290000,,30000000,,27272727,2024-10-08,17:00:00,개찰완료,30000000,100,2024-10-31,주식회사 입법정책연구원,강남기,김준우,649-81-00691,"서울특별시 영등포구 국회대로70길12, 802호 (여의도동,대산빌딩)"
SCF0827,2,케이블  전력용 등 22종 구매,물품,총액계약,일반경쟁,적격심사제,Y,해군군수사령부,ZD00289,해군군수사령부,ZD00289,82.995,314129604,313000000,290344273,2024-10-08,10:30:00,개찰완료,285330000,90.831,2024-10-08,(주)극동전기,이상영,이상영,113-81-66777,경기도 시흥시 금화로627번길40-0 (금이동)
SCF0827,3,케이블  전력용 등 22종 구매,물품,총액계약,일반경쟁,적격심사제,Y,해군군수사령부,ZD00289,해군군수사령부,ZD00289,82.995,314129604,313000000,290344273,2024-10-08,10:30:00,개찰완료,285330000,90.831,2024-10-08,(주)극동전기,이상영,이상영,113-81-66777,경기도 시흥시 금화로627번길40-0 (금이동)
SCF0903,1,스텐슬 절단기 2set 구매,물품,총액계약,제한경쟁,적격심사제,Y,해군군수사령부,ZD00289,해군군수사령부,ZD00289,87.995,25978923,26000000,24560000,2024-10-08,10:30:00,개찰완료,22965360,88.399,2024-10-08,엔시텍,강형석,강형석,501-39-95179,"대전광역시 서구 도산로403번길21, 탄방동 4층 20호(탄방동, 전자타운)"
SCF0906,1,(긴급) 개스킷 등 78종,물품,총액계약,제한경쟁,적격심사제,Y,해군군수사령부,ZD00289,해군군수사령부,ZD00289,87.995,178375555,178722000,167870273,2024-10-08,10:30:00,개찰완료,156966388,87.997,2024-10-08,피스앤웍스,김고은,김고은,299-27-01324,"경기도 김포시 고촌읍 김포대로328, 1023호"
SCF0901,3,해병대 목재 밀링기 등 2종 구매,물품,총액계약,제한경쟁,적격심사제,Y,해군군수사령부,ZD00289,해군군수사령부,ZD00289,87.995,40074675,40000000,37454545,2024-10-08,10:30:00,개찰완료,35264172,87.996,2024-10-08,와이에스엘코리아,이영순,이영순,346-03-01997,서울특별시 광진구 자양로42길53 (구의동) 301호
SCK0123,1,산불진화복(외투) 등 3종 구매,물품,총액계약,일반경쟁,적격심사제,Y,해군교육사령부,1290330,해군교육사령부,1290330,87.995,8848581,8820000,8181818,2024-10-08,10:30:00,개찰완료,7787150,88.004,2024-10-08,제이엠컴퍼니,박진우,박진우,127-40-37977,"경기도 의정부시 동일로397 (장암동, 장암2단지주공아파트) 215동 1407호"
SCU0061,1,24-별관 신축 관급자재(제로에너지)제조 설치,물품,총액계약,제한경쟁,적격심사제,Y,제9918부대,ZD01068,제9918부대,ZD01068,88,64640033,64900000,62590909,2024-10-08,10:30:00,개찰완료,57054000,88.264,2024-10-08,주식회사 정우계전,강희열,강희병,616-86-19308,제주특별자치도 제주시 도련동길52-0 (도련일동)
SFC0110,1,PCB 파쇄기 제조 구매,물품,총액계약,제한경쟁,적격심사제,Y,제9691부대,ZD00152,제9691부대,ZD00152,87.995,19848968,19800000,18000000,2024-10-08,10:30:00,개찰완료,17532900,88.331,2024-10-08,케이씨테크노(주),이석형,이석형,128-81-42777,경기도 고양시 일산서구 송산로 221()
SFC0111,1,인화지 등 16품목 구매,물품,총액계약,제한경쟁,적격심사제,Y,제9691부대,ZD00152,제9691부대,ZD00152,87.995,29075956,29221000,26564545,2024-10-08,10:30:00,개찰완료,25585900,87.996,2024-10-08,푸른에스씨,조미연,조미연,337-64-00281,"인천광역시 남동구 서창남순환로55-0 (서창동, 서창센트럴푸르지오)"
UAF0002,1,2024년도 국방전직교육원 고객만족도 조사,용역,총액계약,협상에의한계약(서류),협상,N,국방부,1290000,국방부,1290000,,40000000,,36363636,2024-10-08,10:30:00,개찰완료,37500000,93.75,2024-10-22,주식회사 에스에이컨설팅,윤지성,신성철,732-81-00391,서울특별시 영등포구 영중로65-4 (영등포동6가) 4층
UMM1164,1,24-M-교-액화염소가스용기 검사 및 처리 용역,용역,총액계약,제한경쟁,적격심사제,Y,국군재정관리단,ZD00303,국군재정관리단,ZD00303,87.745,117789035,117410000,108875500,2024-10-08,11:00:00,개찰완료,103379505,87.766,2024-10-08,주식회사 평화산소공업,김진태,최재익,606-86-58717,"부산광역시 사상구 대동로269번길41-0 (감전동, 주식회사 평화산소)"
UMM1163,1,개인정보영향평가(밀리패스  병적관리시스템) 용역,용역,총액계약,제한경쟁,적격심사제,Y,국군재정관리단,ZD00303,국군재정관리단,ZD00303,87.745,119444772,119358617,110677991,2024-10-08,12:00:00,개찰완료,105120400,88.007,2024-10-08,주식회사 한국전산감리원,김병양,이명희,754-81-02268,"경기도 과천시 과천대로12길117, 지동 501호 (문원동,과천 펜타원)"
UMM1150,1,(247354-C) 액체크로마토그래피 이중질량분석기 구매,물품,총액계약,일반경쟁,적격심사제,Y,국군재정관리단,ZD00303,국군재정관리단,ZD00303,82.995,344742855,343137254,318181818,2024-10-08,11:00:00,개찰완료,308616000,89.52,2024-10-08,한국애질런트테크놀로지스(주),유재수,최유진,116-81-76217,"서울특별시 서초구 강남대로369, 9,10,13,14층(서초동, 디에타워)"
UMM1162,1,(247061-H)VoIP 교환기 도입사업(리스자산),물품,총액계약,일반경쟁,적격심사제,Y,국군재정관리단,ZD00303,국군재정관리단,ZD00303,82.995,1537213930,1534119600,1422547273,2024-10-08,11:00:00,개찰완료,1276477000,83.038,2024-10-08,(주)글로벌텔레콤,서승현,김진송,220-81-43387,"서울특별시 영등포구 영등포로150,A동 L152호,1304호~1313호"
UMM1151,1,(24G270-A)국방부 교환기  교체사업 금융리스,물품,총액계약,일반경쟁,최저가격제,N,국군재정관리단,ZD00303,국군재정관리단,ZD00303,0,8704535756,8661629780,9025429091,2024-10-08,11:00:00,개찰완료,8485352470,97.481,2024-10-08,미래에셋캐피탈(주),이만희,박영화,410-81-40265,"서울특별시 중구 을지로5길26, 6층 (수하동, 미래에셋센터원 웨스트타워)"
UMM1156,1,24-F-군견(작전견) 건사료 구매(249150-F),물품,총액계약,일반경쟁,적격심사제,Y,국군재정관리단,ZD00303,국군재정관리단,ZD00303,82.995,357044622,356590000,330656455,2024-10-08,11:00:00,개찰완료,296417290,83.019,2024-10-08,(주)씨티원서비스,최현준,최현준,121-81-86809,"인천광역시 남동구 앵고개로490번길53, 남동공단142블럭20로트(고잔동)"
UMM1158,1,(246046-B1)견인차량 운전교육 시뮬레이터 구매 설치,물품,총액계약,일반경쟁,적격심사제,Y,국군재정관리단,ZD00303,국군재정관리단,ZD00303,82.995,440120751,436271300,404542482,2024-10-08,11:00:00,개찰완료,366050500,83.17,2024-10-08,주식회사 젠탑(GENTOP),박홍대,박홍대,608-81-56200,경상남도 창원시 마산회원구 내서읍 광려천남로 59(재)마산밸리 717호
UMM1160,1,(247053-H)출입통제체계 구축,물품,총액계약,제한경쟁,적격심사제,Y,국군재정관리단,ZD00303,국군재정관리단,ZD00303,87.995,160086774,160199760,148548873,2024-10-08,11:00:00,개찰완료,140872843,87.997,2024-10-08,(주)세원씨앤에스,양성윤,양성윤,409-81-74561,광주광역시 북구 동운로32번길65-0 (동림동)
LCF0559,1,브래킷트 등 23항목 제조(기동-016)재,물품,총액계약,제한경쟁,적격심사제,Y,육군군수사령부,1290307,육군군수사령부,1290307,87.995,102907855,103130440,93754945,2024-10-10,10:30:00,개찰완료,91184000,88.607,2024-10-10,혁신산업,김윤정,김윤정,615-19-20663,경상남도 김해시 한림면 한림로515번길224-0
LHN0073,1,24년 취사피복 구매,물품,총액계약,일반경쟁,적격심사제,Y,제2621부대,ZD00394,제2621부대,ZD00394,87.995,64360873,63648000,57861818,2024-10-10,10:30:00,개찰완료,57919680,89.992,2024-10-11,주식회사 예감,강중원,반성규,126-86-61701,경기도 하남시 청뜰로5(풍산동)
SCF0907,2,해병대 목재선반(CNC) 1대 구매,물품,총액계약,제한경쟁,적격심사제,Y,해군군수사령부,ZD00289,해군군수사령부,ZD00289,87.995,24927532,25000000,23454545,2024-10-10,10:30:00,개찰완료,21935180,87.995,2024-10-10,따옴컴퍼니,강태은,강태은,413-74-00527,"인천광역시 미추홀구 경인로252번길24-3, 402호(도화동)"
SCF0908,1,대테러 작전조끼 1종 구매,물품,총액계약,제한경쟁,적격심사제,Y,해군군수사령부,ZD00289,해군군수사령부,ZD00289,87.995,30097659,30000000,28254545,2024-10-10,10:30:00,개찰완료,26484560,87.995,2024-10-10,레버너스,이상중,이상중,397-36-00790,"경기도 부천시 원종로66번길49, 3동 301호"
SCF0910,1,종이가방 3종 구매,물품,총액계약,제한경쟁,적격심사제,Y,해군군수사령부,ZD00289,해군군수사령부,ZD00289,87.995,8473644,8500000,7900000,2024-10-10,10:30:00,개찰완료,7456481,87.996,2024-10-10,서진기계,윤건오,윤건오,504-31-37508,경상북도 칠곡군 왜관읍 아곡5길115-0
LCF0562,1,다기능접속장치(MFE) 유선카드조립체 대체픔 개발,물품,총액계약,제한경쟁,적격심사제,Y,육군군수사령부,1290307,육군군수사령부,1290307,87.995,50472657,49800000,45454544,2024-10-11,10:30:00,개찰완료,48300000,95.695,2024-10-11,시스랩스,김기수,김기수,745-62-00339,경상남도 창원시 마산회원구 봉암북7길21 (봉암동) 6동 701호
LNR0025,1,00부대 취사식당 신축공사 감리용역(건축  상주),용역,총액계약,제한경쟁,적격심사제,Y,수도기계화보병사단,ZD00361,수도기계화보병사단,ZD00361,87.745,137410298,136532000,124120000,2024-10-11,11:00:00,개찰완료,120572965,87.746,2024-10-11,가우건축건축사사무소,이만호,이만호,128-27-00135,경기도 고양시 일산동구 성현로98-1 (성석동)
MDG0186,2,24년 일반장비(공기압축기) 구매,물품,총액계약,일반경쟁,적격심사제,Y,국군의무사령부,1290291,국군의무사령부,1290291,87.995,3296182,3283000,3045455,2024-10-11,11:00:00,개찰완료,2900700,88.001,2024-10-11,케이씨테크노(주),이석형,이석형,128-81-42777,경기도 고양시 일산서구 송산로 221()
MDG0196,1,24년 의무장비(혈액가온장치) 구매,물품,총액계약,제한경쟁,적격심사제,Y,국군의무사령부,1290291,국군의무사령부,1290291,87.995,18443602,18326000,17000000,2024-10-11,11:00:00,개찰완료,18142740,98.368,2024-10-11,주식회사 한스메디칼,한재희,양현희,694-88-00894,경기도 군포시 고산로148번길17-0 (당정동) 318호
MDG0197,1,24년 의무장비(자동흉부압박기) 구매,물품,총액계약,제한경쟁,적격심사제,Y,국군의무사령부,1290291,국군의무사령부,1290291,87.995,31379560,31458000,29181818,2024-10-11,11:00:00,개찰완료,30199700,96.24,2024-10-11,주식회사 한스메디칼,한재희,양현희,694-88-00894,경기도 군포시 고산로148번길17-0 (당정동) 318호
MDG0198,1,24년 의무장비(흡인기 음압치료용) 구매,물품,총액계약,제한경쟁,적격심사제,Y,국군의무사령부,1290291,국군의무사령부,1290291,87.995,2751160,2744000,2545455,2024-10-11,11:00:00,개찰완료,2740000,99.594,2024-10-11,우분트코리아,강윤진,강인식,215-23-85051,"경기도 시흥시 대은로8-10 (은행동, 강원빌딩)"
MDG0199,1,24년 의무장비(호기산화질소측정기) 구매,물품,총액계약,제한경쟁,적격심사제,Y,국군의무사령부,1290291,국군의무사령부,1290291,87.995,16805844,16816800,15600000,2024-10-11,11:00:00,개찰완료,16720000,99.489,2024-10-11,유진시스템,김인호,김인호,801-45-00189,"경기도 화성시 융건로182, 1층(배양동)"
MDG0200,1,24년 의무장비(비디오기도삽관기) 구매,물품,총액계약,제한경쟁,적격심사제,Y,국군의무사령부,1290291,국군의무사령부,1290291,87.995,22691391,22589000,20954545,2024-10-11,11:00:00,개찰완료,19967670,87.996,2024-10-11,주식회사 리덤비,한장희,한장희,684-88-03138,"충청남도 홍성군 홍북읍 충남대로50, 208-13호(국제아르페온 2차)"
MDG0201,1,24년 의무장비(침대자동식 응급실용) 구매,물품,총액계약,제한경쟁,적격심사제,Y,국군의무사령부,1290291,국군의무사령부,1290291,87.995,20811391,21070000,19545455,2024-10-11,11:00:00,개찰완료,18631490,89.525,2024-10-11,주식회사원진엠씨,김원강,김원강,105-87-01324,서울특별시 강서구 양천로30길32-0 (마곡동) 마곡빌딩2층
MDG0203,1,24년 의무장비(레이저치료기) 구매,물품,총액계약,제한경쟁,적격심사제,Y,국군의무사령부,1290291,국군의무사령부,1290291,87.995,28789912,29008000,26909091,2024-10-11,11:00:00,개찰완료,28000000,97.256,2024-10-11,주식회사 유아이메디텍,유태형,유태형,741-87-01362,경기도 광주시 중앙로319번길10-27 (송정동) 401호
MDG0204,1,24년 의무장비(전기자극치료기) 구매,물품,총액계약,제한경쟁,적격심사제,Y,국군의무사령부,1290291,국군의무사령부,1290291,87.995,11010491,10976000,10181818,2024-10-11,11:00:00,개찰완료,9688950,87.997,2024-10-11,백제기업,백진영,백진영,180-12-01064,"충청남도 천안시 동남구 청수로99-0 102동 1203호 (청수동,극동아파트)"
MDG0205,1,24년 의무장비(심전도계 병원용) 구매,물품,총액계약,제한경쟁,적격심사제,Y,국군의무사령부,1290291,국군의무사령부,1290291,87.995,14022855,14014000,13000000,2024-10-11,11:00:00,개찰완료,12339470,87.995,2024-10-11,와일드메이커,조서현,조서현,625-58-00644,충청남도 천안시 동남구 먹거리3길34-1 (신부동)
UMM1165,1,(246282-C) 전산운영용품 구매,물품,총액계약,제한경쟁,적격심사제,Y,국군재정관리단,ZD00303,국군재정관리단,ZD00303,87.995,67304968,67865000,62929364,2024-10-11,11:00:00,개찰완료,59228499,88,2024-10-13,이서설비,최선경,최선경,534-14-02018,"경기도 평택시 지제동삭3로11, 107동 304호(세교동, 평택지제역자이)"
HCF0232,1,24-F-엔진 포워드 마운트 등 42종 제조,물품,총액계약,일반경쟁,적격심사제,Y,공군군수사령부,ZD00306,공군군수사령부,ZD00306,82.995,272168718,272675740,269845200,2024-10-14,11:00:00,개찰완료,235233300,86.429,2024-10-14,제이엠테크,곽미숙,곽미숙,354-03-01931,"경상남도 양산시 학동길52, 1층층(어곡동, 제이엠테크)"
HDF0061,1,24-253  00대대  24-2차 식자재 구매,물품,총액계약,제한경쟁,적격심사제,Y,공군 제8전투비행단,ZD00185,공군 제8전투비행단,ZD00185,87.995,148356689,148302176,137516564,2024-10-14,11:00:00,개찰완료,130548100,87.996,2024-10-14,(주)진영씨엔씨,김종진,김종진,142-81-46008,"경기도 용인시 처인구 중부대로1154, 301호 (삼가동,인앤인프라자)"
LCN0062,1,24년 4학년 생도 안보동맹 현장방문 여행 용역,용역,총액계약,협상에의한계약(전자),협상,N,육군사관학교,1290305,육군사관학교,1290305,,520166000,,472878182,2024-10-14,11:00:00,개찰완료,517565000,99.499,2024-10-22,주식회사 인터비즈투어,오장균,송민혁,107-87-07324,"서울특별시 강남구 영동대로324, 203호(대치동, 타워크리스탈빌딩)"
MDD0107,1,24년 재투자 의무장비(초저온냉동고) 구매,물품,총액계약,제한경쟁,적격심사제,Y,국군수도병원,ZD00236,국군수도병원,ZD00236,87.995,9402864,9378600,8700000,2024-10-14,17:00:00,개찰완료,9220000,98.055,2024-10-14,일신바이오센터,김영동,이진영,306-04-23516,대전광역시 유성구 학하북로25-0 (학하동)
MDD0105,1,24년 재투자 의무장비(자동흉부압박기)구매,물품,총액계약,제한경쟁,적격심사제,Y,국군수도병원,ZD00236,국군수도병원,ZD00236,87.995,32853337,33000000,32727273,2024-10-14,17:00:00,개찰완료,31680000,96.428,2024-10-14,주식회사 한스메디칼,한재희,양현희,694-88-00894,경기도 군포시 고산로148번길17-0 (당정동) 318호
MDK0061,1,24년 항만종합전술훈련 선박임차,용역,총액계약,일반경쟁,적격심사제,Y,국군수송사령부,1290460,국군수송사령부,1290460,87.745,156163885,156401176,145026545,2024-10-14,11:00:00,개찰완료,137257000,87.892,2024-10-14,씨제이대한통운 주식회사,신영수,정성욱,110-81-05034,"서울특별시 종로구 종로5길7, Tower 8"
UMM1166,1,24-N-VR기기 등 7종 구매 설치,물품,총액계약,제한경쟁,적격심사제,Y,국군재정관리단,ZD00303,국군재정관리단,ZD00303,87.995,133039463,132670000,123027273,2024-10-14,11:00:00,개찰완료,117085700,88.008,2024-10-14,강원종합상사,이재순,이재순,102-20-94476,강원특별자치도 화천군 간동면 온수길74
ELA0030,2,K5방독면 8차 양산,물품,총액계약,지명경쟁,적격심사제,Y,방위사업청,1690000,방위사업청,1690000,,18119447475,18119034000,0,2024-10-15,11:00:00,개찰완료,15060999796,83.12,2024-10-15,에스지생활안전 주식회사,성정현,이형선,213-81-89949,경기도 평택시 신평로28(유천동)
HCF0231,1,[상층대기 분석장비]회로카드 조립체 등 4종 구매,물품,총액계약,제한경쟁,적격심사제,Y,공군군수사령부,ZD00306,공군군수사령부,ZD00306,87.995,145278030,144216520,133728409,2024-10-15,10:30:00,개찰완료,142100860,97.813,2024-10-15,에스엠트레이딩,정성문,정성문,688-29-01192,"경상남도 창원시 진해구 신항2로114, 2013호(용원동, 다인로얄팰리스부산신항2차)"
HCF0226,1,컴퓨터 기상자료용(NC-LFP) 구매,물품,총액계약,제한경쟁,적격심사제,Y,공군군수사령부,ZD00306,공군군수사령부,ZD00306,87.995,131597357,131417647,121860000,2024-10-15,10:30:00,개찰완료,129000000,98.026,2024-10-15,주식회사 파코코리아인더스,송재혁,김유정,120-81-34161,"서울특별시 금천구 두산로70, A동 1008~1011호,2510호,L104호(현대지식산업센터)"
LCG0088,2,[24-육-221] 주전산기 교체사업(장군인사)(리스물건),물품,총액계약,제한경쟁,적격심사제,Y,육군본부,1290298,육군본부,1290298,87.995,42871550,42900000,39000000,2024-10-15,12:30:00,개찰완료,37751000,88.056,2024-10-15,한국마켓,서동근,서동근,328-01-02975,"경기도 과천시 광창로34-0 (과천동, 한국마켓)"
LDH0810,1,(자재) 부품제작자재 마봉강 등 29종 구매,물품,총액계약,제한경쟁,적격심사제,Y,제2879부대,ZD00347,제2879부대,ZD00347,87.995,68073103,68244000,63281535,2024-10-15,13:00:00,개찰완료,60020730,88.17,2024-10-15,주식회사 우경엔텍,박순성,이동희,606-81-78794,부산광역시 사상구 학감대로177번길19(학장동)
LDH0811,1,(화공) 실리콘 등 9종 구매,물품,총액계약,제한경쟁,적격심사제,Y,제2879부대,ZD00347,제2879부대,ZD00347,87.995,5693964,5675000,5262939,2024-10-15,13:00:00,개찰완료,5669319,99.567,2024-10-15,그린존,김근아,김근아,686-54-00656,"경상북도 포항시 북구 칠성로42-1, 2층(남빈동)"
LHN0075,1,24년 정비피복 구매,물품,총액계약,일반경쟁,적격심사제,Y,제2621부대,ZD00394,제2621부대,ZD00394,87.995,286867824,284445000,258586364,2024-10-15,10:30:00,개찰완료,252497000,88.018,2024-10-15,주식회사 마크온탑,신승자,신승자,511-81-27226,서울특별시 영등포구 여의대방로43나길10-1 (신길동)  1층
LQG0070,1,2차 작계훈련 무기 등 수송 차량 임차(1권역),용역,총액계약,제한경쟁,적격심사제,Y,육군 52보병사단,ZD00273,육군 52보병사단,ZD00273,87.745,9859809,9900000,9000000,2024-10-15,10:30:00,개찰완료,8695477,88.191,2024-10-15,주식회사 케이지비이엔지,고민희,고민희,122-86-17450,"인천광역시 부평구 새벌로29, 209호 (청천동, 부평테크노타워)"
LQG0071,1,2차 작계훈련 무기 등 수송 차량 임차(2권역),용역,총액계약,제한경쟁,적격심사제,Y,육군 52보병사단,ZD00273,육군 52보병사단,ZD00273,87.745,6772081,6800000,6181818,2024-10-15,10:30:00,개찰완료,5972651,88.195,2024-10-15,주식회사 케이지비이엔지,고민희,고민희,122-86-17450,"인천광역시 부평구 새벌로29, 209호 (청천동, 부평테크노타워)"
LQG0072,1,2차 작계훈련 무기 등 수송 차량 임차(3권역),용역,총액계약,제한경쟁,적격심사제,Y,육군 52보병사단,ZD00273,육군 52보병사단,ZD00273,87.745,8924290,8950000,8136364,2024-10-15,10:30:00,개찰완료,7861063,88.086,2024-10-15,주식회사 케이지비이엔지,고민희,고민희,122-86-17450,"인천광역시 부평구 새벌로29, 209호 (청천동, 부평테크노타워)"
MDD0104,1,2024년 임상의학연구센터 통계프로그램 구매,물품,총액계약,제한경쟁,적격심사제,Y,국군수도병원,ZD00236,국군수도병원,ZD00236,87.995,26479866,26460000,24545455,2024-10-15,16:00:00,개찰완료,25960000,98.036,2024-10-16,주식회사 지니클라우드,박홍련,전희수,815-87-00010,"서울특별시 강남구 강남대로62길24-0 (역삼동,해송빌딩)3층"
MDG0206,1,24년 의무장비(레이저수술기 이산화탄소) 구매,물품,총액계약,제한경쟁,적격심사제,Y,국군의무사령부,1290291,국군의무사령부,1290291,87.995,8628991,8624000,15600000,2024-10-15,11:00:00,개찰완료,7593700,88.002,2024-10-15,더 까까주까 우승오피스마트,오순옥,오순옥,220-03-74693,경기도 남양주시 퇴계원읍 도제원로98-0
MDG0207,1,24년 의무장비(요분석기) 구매,물품,총액계약,제한경쟁,적격심사제,Y,국군의무사령부,1290291,국군의무사령부,1290291,87.995,48485926,48510000,9636364,2024-10-15,11:00:00,개찰완료,42665467,87.995,2024-10-15,주식회사 해피트리,이진우,이진우,778-88-01769,경상북도 포항시 남구 연일읍 유강길9번길61-0 상가동 108호(대림한숲타운1차상가)
MDG0208,1,24년 의무장비(자동적혈구 침강속도측정기) 구매,물품,총액계약,제한경쟁,적격심사제,Y,국군의무사령부,1290291,국군의무사령부,1290291,87.995,47847545,47432000,9636364,2024-10-15,11:00:00,개찰완료,42104590,87.997,2024-10-15,제이컴,김지은,김지은,165-29-00647,강원특별자치도 춘천시 충혼길52번길10 (온의동) 드림타워 3층 306-69
MDJ0056,1,의무장비(간이수면검사기),물품,총액계약,제한경쟁,적격심사제,Y,국군대전병원,ZD00241,국군대전병원,ZD00241,87.995,10900629,10784310,10000000,2024-10-15,10:30:00,개찰완료,10245150,93.986,2024-10-15,티나라교육기획,김정한,김정한,608-35-18378,울산광역시 중구 태화로130-0 (태화동)
MDJ0055,1,의무장비(견관절 지속운동기),물품,총액계약,제한경쟁,적격심사제,Y,국군대전병원,ZD00241,국군대전병원,ZD00241,87.995,13010119,12941170,12000000,2024-10-15,10:30:00,개찰완료,11448270,87.995,2024-10-15,주식회사 오로드,박인태,박인태,238-86-01710,충청남도 천안시 서북구 신당새터2길15 (신당동)
MDJ0054,1,의무장비(도상검안경),물품,총액계약,제한경쟁,적격심사제,Y,국군대전병원,ZD00241,국군대전병원,ZD00241,87.995,8334162,8333330,7727273,2024-10-15,10:30:00,개찰완료,7334164,88.001,2024-10-15,기장유통,김경화,김경화,192-41-00087,경상북도 포항시 북구 양덕로44번길16-0 (양덕동)
MDJ0057,1,의무장비(산소소생기),물품,총액계약,제한경쟁,적격심사제,Y,국군대전병원,ZD00241,국군대전병원,ZD00241,87.995,7898638,7941170,7363636,2024-10-15,10:30:00,개찰완료,6950820,88,2024-10-15,무안유통,김형균,김형균,647-50-00385,전라남도 목포시 삼학로18번길6(상락동1가)
MDJ0052,1,의무장비(수액조절기 일반용),물품,총액계약,제한경쟁,적격심사제,Y,국군대전병원,ZD00241,국군대전병원,ZD00241,87.995,11787373,11764700,10909091,2024-10-15,10:30:00,개찰완료,10372880,87.999,2024-10-15,다얼테크,차정수,차정수,711-31-00384,"경기도 김포시 고촌읍 장차로13-0 , 우성빌딩 308호"
MDJ0051,1,의무장비(수액조절기 주사용 미세주입기),물품,총액계약,제한경쟁,적격심사제,Y,국군대전병원,ZD00241,국군대전병원,ZD00241,87.995,4766465,4745090,4400000,2024-10-15,10:30:00,개찰완료,4650200,97.56,2024-10-15,주식회사 한스메디칼,한재희,양현희,694-88-00894,경기도 군포시 고산로148번길17-0 (당정동) 318호
MDJ0049,1,의무장비(시약 및 약품냉장고 소형),물품,총액계약,제한경쟁,적격심사제,Y,국군대전병원,ZD00241,국군대전병원,ZD00241,87.995,25959795,25980380,24090909,2024-10-15,10:30:00,개찰완료,22844418,87.999,2024-10-15,엠와이엘티,김수안,김수안,371-23-01778,"충청남도 당진시 수청1로51, 203동 1604호(수청동,호반써밋시그니처2차)"
MDJ0058,1,전산장비(광화일스캐너) 구매,물품,총액계약,제한경쟁,적격심사제,Y,국군대전병원,ZD00241,국군대전병원,ZD00241,87.995,5762830,5758820,5340000,2024-10-15,10:30:00,개찰완료,5071300,88,2024-10-15,한국마켓,서동근,서동근,328-01-02975,"경기도 과천시 광창로34-0 (과천동, 한국마켓)"
SCF0916,1,24년 P-3 야전 SIL 유지보수 용역,용역,총액계약,일반경쟁,적격심사제,Y,해군군수사령부,ZD00289,해군군수사령부,ZD00289,87.745,20066796,20000000,18606364,2024-10-15,10:30:00,개찰완료,17633165,87.872,2024-10-15,주식회사 케이티엔티,오성근,정지현,314-81-64047,대전광역시 유성구 장대로95 (장대동) KT유성빌딩 3층
SCF0913,1,(긴급) 임펠러 펌프용 원심식 등 2종,물품,총액계약,제한경쟁,적격심사제,Y,해군군수사령부,ZD00289,해군군수사령부,ZD00289,87.995,6783743,6729000,6240000,2024-10-15,10:30:00,개찰완료,6000500,88.454,2024-10-15,에이스상사,김일천,김일천,585-51-00954,"부산광역시 사하구 다대로339, 1914호(장림동, 극동정림아파트)"
SCF0912,1,(긴급)핀 토글용 유두형 등 32종,물품,총액계약,제한경쟁,적격심사제,Y,해군군수사령부,ZD00289,해군군수사령부,ZD00289,87.995,28621831,28444000,26848000,2024-10-15,13:00:00,개찰완료,25185930,87.995,2024-10-15,(주)상지피앤아이,이용주,이용주,104-81-58671,"서울특별시 중구 마른내로54-1, 3층 306호 (인현동1가)"
UMM1171,1,(246336-E) 심폐소생술 마네킹 제조,물품,총액계약,제한경쟁,적격심사제,Y,국군재정관리단,ZD00303,국군재정관리단,ZD00303,87.995,129675859,129850000,134909091,2024-10-15,11:00:00,개찰완료,114239800,88.096,2024-10-15,하디코퍼레이션,김형문,김형문,451-18-00974,"서울특별시 노원구 덕릉로115길8, 3층(상계동)"
UMM1169,1,24-N-표적예인용 드론 구매,물품,총액계약,일반경쟁,적격심사제,Y,국군재정관리단,ZD00303,국군재정관리단,ZD00303,82.995,280226041,276470000,256363636,2024-10-15,11:00:00,개찰완료,232872150,83.101,2024-10-15,주식회사 은상컴퍼니,최은미,최은미,329-87-03326,"경기도 안산시 단원구 고잔2길45, 7층 701-376호(고잔동, 코스모프라자)"
HDM0053,1,활주로 접근등 트레일러 세트 등 5품목 구매,물품,총액계약,일반경쟁,적격심사제,Y,공군제17전투비행단,ZD00206,공군제17전투비행단,ZD00206,87.995,182794779,181685900,165169000,2024-10-16,10:30:00,개찰완료,176990000,96.824,2024-10-16,유양산전(주),임대영,김미정,138-81-01924,"경기도 안양시 동안구 부림로188번길9-0 (관양동, 유양산전)"
LDH0802,2,K1전차 슬리이브 구매,물품,총액계약,제한경쟁,적격심사제,Y,제2879부대,ZD00347,제2879부대,ZD00347,87.995,23050505,23054000,21377932,2024-10-16,13:00:00,개찰완료,20292500,88.034,2024-10-16,엠에스산업,정명식,정명식,237-04-02802,"부산광역시 강서구 명지국제2로41 (명지동, 더샵 명지퍼스트월드 3단지)"
LPM0034,2,주-대-1 일산에버나인 아파트 싱크대 제조설치납품,물품,총액계약,2단계경쟁(동시),최저가격제,N,제9보병사단사령부,ZD00441,제9보병사단사령부,ZD00441,0,761963150,759313350,690284864,2024-10-16,11:00:00,개찰완료,607450680,79.721,2024-10-29,주식회사 네오퍼스,윤진현,장세숙,127-81-61145,경기도 포천시 정금로255번길 4-29(가산면)
MDG0209,1,24년 의무장비(시약 및 약품냉장고 소형) 구매,물품,총액계약,제한경쟁,적격심사제,Y,국군의무사령부,1290291,국군의무사령부,1290291,87.995,10420991,10388000,9636364,2024-10-16,11:00:00,개찰완료,9172991,88.024,2024-10-16,삼일앨엔에스,손용익,손용익,602-18-64668,"경기도 안양시 동안구 관악대로249번길11, 2층 201호 (비산동)"
MDG0210,1,24-3차 조달 연구장비(의약품 냉동고) 구매,물품,총액계약,제한경쟁,적격심사제,Y,국군의무사령부,1290291,국군의무사령부,1290291,87.995,20059284,19998000,18180000,2024-10-16,10:30:00,개찰완료,19580000,97.61,2024-10-16,주식회사 쏠바이오텍,류재산,이연정,296-86-02530,"대전광역시 서구 대덕대로319, 2층 212호(월평동, 우림빌딩)"
NIT0021,1,후반기 유전자 감정재료 구매 ,물품,총액계약,일반경쟁,적격심사제,Y,국방부조사본부,1291063,국방부조사본부,1291063,87.995,257108337,255357850,232143500,2024-10-16,11:00:00,개찰완료,228998000,89.066,2024-10-16,(주)에이치엔에스바이오,차지환,김정은,108-81-81999,"서울특별시 구로구 디지털로272-0 (구로동, 한신아이티타워) 605~607호"
NIT0022,2,국방헬프콜 홍보물(버스 부착용스티커) 제작 부착,물품,총액계약,일반경쟁,적격심사제,Y,국방부조사본부,1291063,국방부조사본부,1291063,87.995,49926396,49650480,45136800,2024-10-16,11:00:00,개찰완료,43933600,87.996,2024-10-16,주식회사 선샤인,양종인,양종인,122-81-73383,인천광역시 계양구 평리길97-0 (평동)
SFC0120,1,24-덕-장기체공 드론장비 임차 용역(1-3),용역,총액계약,일반경쟁,적격심사제,Y,제9691부대,ZD00152,제9691부대,ZD00152,87.745,40047869,40000000,36363636,2024-10-16,11:00:00,개찰완료,39200000,97.882,2024-10-16,(주)두산 모빌리티 이노베이션,김종선,송범준,281-86-00511,경기도 용인시 수지구 수지로112번길10-0 (성복동)
SFN0081,1,24-6차 물품 통합구매,물품,총액계약,제한경쟁,적격심사제,Y,연평부대,ZD00160,연평부대,ZD00160,87.995,135695376,136608280,126673136,2024-10-16,10:30:00,개찰완료,119425312,88.009,2024-10-16,케이수아넷,김은아,김은아,283-06-00932,"인천광역시 중구 신도시북로43번길11, 103동 102호(운서동, 풍림아이원아파트)"
UMM1146,1,24~27-D-공기청정기 임차 용역,용역,총액계약,제한경쟁,적격심사제,Y,국군재정관리단,ZD00303,국군재정관리단,ZD00303,87.745,175063666,173900000,161259055,2024-10-16,11:00:00,개찰완료,153619700,87.75,2024-10-16,대성산업,이미향,이미향,184-03-01763,"전라남도 순천시 왕궁길95 (조례동, 송촌프라임)105-1203"
LBB0041,1,민수용 작전식량,물품,단가계약,제한경쟁,적격심사제,Y,육군제7789부대,ZD00074,육군제7789부대,ZD00074,82.995,4949,4900,178181818,2024-10-17,10:30:00,개찰완료,4110,83.05,2024-10-17,주식회사 그린테이블,김흔중,김흔중,762-86-02298,"경기도 화성시 동탄광역환승로63-0 (오산동, 동탄역 반도유보라 아이비파크 7. 106동 3층 304호0)"
LCF0561,2,항법 계기비행 모의훈련장비  개발 재료 구매,물품,총액계약,제한경쟁,적격심사제,Y,육군군수사령부,1290307,육군군수사령부,1290307,87.995,35595003,35585000,34090909,2024-10-17,11:30:00,개찰완료,31393087,88.195,2024-10-17,(주)심스리얼리티,김명환,황민,292-86-00919,대전광역시 유성구 테크노중앙로74-0 (관평동) 4층
LCK0039,1,[일반-24-182-2] 00부대 병영식당2 비품 구매,물품,총액계약,제한경쟁,적격심사제,Y,수도방위사령부,ZD00069,수도방위사령부,ZD00069,87.995,51240409,51083000,46439091,2024-10-17,10:30:00,개찰완료,45100000,88.016,2024-10-17,주식회사 대신종합주방기구,박찬의,박준성,134-81-24279,경기도 안산시 단원구 진흥로128번길20 (성곡동)
LMU0051,2,24년 식자재 민간위탁 배송용역(홍천),용역,총액계약,일반경쟁,적격심사제,Y,6112부대,ZD01187,6112부대,ZD01187,85.495,349704517,350755294,325245818,2024-10-17,11:00:00,개찰완료,345000000,98.654,2024-10-17,(주)산양미트,이청우,이청우,224-81-26546,강원도 원주시 소초면 송황유사길 23()
LMU0052,1,24년 식자재 민간위탁 배송용역(양평 가평),용역,총액계약,일반경쟁,적격심사제,Y,6112부대,ZD01187,6112부대,ZD01187,82.995,776425399,782997186,726051936,2024-10-17,11:00:00,개찰완료,759350670,97.8,2024-10-17,용마로지스주식회사,이종철,김성호,211-86-40630,"경기도 김포시 고촌읍 아라육로78, 2동"
MCJ0007,2,DBMS SW 직접구매 및 설치사업(리스물건),물품,총액계약,제한경쟁,적격심사제,Y,국방통합데이터센터,ZD01034,국방통합데이터센터,ZD01034,82.995,54852067,55000000,51500000,2024-10-17,11:00:00,개찰완료,50985000,92.95,2024-10-17,주식회사 와이즈테크놀로지,이정,육미영,314-81-91812,대전광역시 유성구 엑스포로131 (도룡동) 별관 4층
MDD0110,1,24년 재투자 의무장비(침대 자동식(일반용)) 구매,물품,총액계약,제한경쟁,적격심사제,Y,국군수도병원,ZD00236,국군수도병원,ZD00236,87.995,37553093,37837800,35100000,2024-10-17,17:00:00,개찰완료,33046399,87.999,2024-10-18,부자네,곽현정,곽현정,335-22-00679,"울산광역시 남구 야음로26번길34, 204동 501호(야음동, 대현 더샵 2단지)"
SCF0922,1,비디오프로젝터 구매/설치,물품,총액계약,제한경쟁,적격심사제,Y,해군군수사령부,ZD00289,해군군수사령부,ZD00289,87.995,2240696,2244000,2081373,2024-10-17,10:30:00,개찰완료,1975750,88.175,2024-10-17,주식회사 대준아이씨티,김홍대,박명준,741-88-00661,울산광역시 남구 봉월로36-0 (신정동)
SFG0101,1,철판 등 3품목 구매,물품,총액계약,제한경쟁,적격심사제,Y,제9181부대,ZD00151,제9181부대,ZD00151,87.995,14679073,14559350,13500491,2024-10-17,10:30:00,개찰완료,12917270,87.997,2024-10-17,하루상사,김민지,김민지,589-03-02889,"경기도 수원시 권선구 세지로4번길49-24 (세류동, 문화주택)"
SFL0039,1,24-교-장병 문화예술공연,용역,총액계약,협상에의한계약(전자),협상,N,제3283부대,ZD00157,제3283부대,ZD00157,0,26022968,26078431,24181818,2024-10-17,13:00:00,개찰완료,25550000,98.182,2024-10-17,주식회사 이음에듀테인먼트,박하늘,박하늘,349-86-01835,"서울특별시 관악구 은천로93, 502동201호(봉천동, 벽산블루밍아파트)"
UMM1029,2,24-D-마트용 종이봉투 제조,물품,총액계약,일반경쟁,적격심사제,Y,국군재정관리단,ZD00303,국군재정관리단,ZD00303,82.995,291613229,291210000,270034500,2024-10-17,11:00:00,개찰완료,259409870,88.956,2024-10-17,주식회사 상일이앤피,김병순,양종만,113-81-76066,경기도 파주시 탄현면 국원말길 10-52()
LMB0021,1,식기세척기 임차(2대),용역,총액계약,제한경쟁,적격심사제,Y,제8278부대,ZD00021,제8278부대,ZD00021,87.745,72731985,72000000,65454545,2024-10-18,10:30:00,개찰완료,63896420,87.851,2024-10-18,엔시텍,강형석,강형석,501-39-95179,"대전광역시 서구 도산로403번길21, 탄방동 4층 20호(탄방동, 전자타운)"
MCD0075,1,군무원 소개 및 채용 홍보물 제작,용역,총액계약,협상에의한계약(전자),협상,N,국방부(운영지원과),1290000,국방부(운영지원과),1290000,,109000000,,99090909,2024-10-18,17:00:00,개찰완료,93740000,86,2024-10-31,주식회사초콜릿커뮤니케이션,정소영,정소영,105-88-05292,서울특별시 마포구 성미산로10길60 (서교동)
UMM1172,1,(24G274-A)교육망 정보보호체계 구축 금융리스,물품,총액계약,일반경쟁,최저가격제,N,국군재정관리단,ZD00303,국군재정관리단,ZD00303,0,310943159,309091910,286612500,2024-10-18,11:00:00,개찰완료,308729500,99.288,2024-10-18,롯데캐피탈(주),추광식,이정은,120-81-55981,"서울특별시 강남구 테헤란로 142(역삼동, ARC PLACE) 7층"
LDH0813,1,K21 노즐 연료분사용 1종 구매,물품,총액계약,제한경쟁,적격심사제,Y,제2879부대,ZD00347,제2879부대,ZD00347,87.995,21207719,21253000,19707345,2024-10-21,13:00:00,개찰완료,18675747,88.061,2024-10-21,창원,박은미,박은미,726-26-01722,"경기도 평택시 중앙로29, 5층 551호(통복동, 오피스밸리)"
LFR0014,1,24년 교실내 공기청정기 필터 제조납품,물품,총액계약,제한경쟁,적격심사제,Y,육군기계화학교,ZD00035,육군기계화학교,ZD00035,87.995,10679260,10690000,9891818,2024-10-21,10:30:00,개찰완료,9401780,88.037,2024-10-22,대원필터,이오형,이오형,134-14-72798,부산광역시 기장군 정관읍 산단7로8-20
MDD0111,1,24년 재투자 의무장비(전자동정제분류포장기)구매,물품,총액계약,제한경쟁,적격심사제,Y,국군수도병원,ZD00236,국군수도병원,ZD00236,87.995,74634229,74186000,68818182,2024-10-21,11:00:00,개찰완료,67200000,90.039,2024-10-21,파우스,조재원,조재원,209-18-62651,"인천광역시 미추홀구 승학길5-30, 2층 (문학동)"
EBB0336,2,K5 방독면 수리부속(방산),물품,총액계약,지명경쟁,적격심사제,Y,방위사업청,1690000,방위사업청,1690000,,1472108619,1471585000,0,2024-10-22,10:30:00,개찰완료,1355000000,92.044,2024-10-22,주식회사 한컴라이프케어,오병진,고희철,135-81-21955,경기도 용인시 처인구 양지면 중부대로1960번길53
HDM0054,1,[24-0173] 24-8차 일반소모성자재(GUC) 구매,물품,총액계약,일반경쟁,적격심사제,Y,공군제17전투비행단,ZD00206,공군제17전투비행단,ZD00206,82.995,331274367,330446950,327643818,2024-10-22,10:30:00,개찰완료,274977200,83.005,2024-10-22,웰스,천훈아,이강일,129-29-25282,"경기도 성남시 분당구 불정로219-0 (정자동, 한솔마을) 청구상가  비108호"
LCG0092,1,[24-육-223] 지능정보기술단 회의실 음향장비 구매,물품,총액계약,제한경쟁,적격심사제,Y,육군본부,1290298,육군본부,1290298,87.995,24452029,24434000,22212727,2024-10-22,12:30:00,개찰완료,21516610,87.995,2024-10-23,엘컴퍼니,이창민,이창민,673-23-01126,경기도 용인시 기흥구 언동로125번길26-1 (중동) A동 402호
LCK0042,1,[일반-24-188] 대테러초동조치부대 물자 구매,물품,총액계약,제한경쟁,적격심사제,Y,수도방위사령부,ZD00069,수도방위사령부,ZD00069,82.995,256778175,256684490,233349536,2024-10-22,10:30:00,개찰완료,213751000,83.243,2024-10-22,탑에스씨,이승은,이승은,209-25-69555,"서울특별시 영등포구 여의대방로43나길12, 1층 (신길동)"
LCK0043,1,[일반-24-139-1] 00부대 병영식당 비품 구매(1),물품,총액계약,제한경쟁,적격심사제,Y,수도방위사령부,ZD00069,수도방위사령부,ZD00069,82.995,117480720,117623000,106930000,2024-10-22,10:30:00,개찰완료,97510210,83.001,2024-10-22,주식회사 원포인트 듀오,이인환,이인환,206-86-93703,"서울특별시 강북구 덕릉로40길74, 701호(번동, 강북전자공단)"
LDH0816,1,발칸 케이스 구매,물품,총액계약,제한경쟁,적격심사제,Y,제2879부대,ZD00347,제2879부대,ZD00347,87.995,36478791,36509000,33854340,2024-10-22,13:00:00,개찰완료,32109600,88.022,2024-10-22,선우테크,권은향,권은향,882-31-01098,"경상남도 창원시 의창구 반계로104-21 (팔용동, 벽산블루밍아파트B단지)103동701호"
LGP0152,1,24년 얼음정수기 임차 용역,용역,총액계약,제한경쟁,적격심사제,Y,제5378부대,ZD00217,제5378부대,ZD00217,87.745,152721943,153792000,139810909,2024-10-22,11:00:00,개찰완료,134012060,87.749,2024-10-22,엘에스 서플라이,이수진,이수진,173-05-01850,"경기도 김포시 김포한강8로333, 309동 202호"
LHQ0047,2,보안 검색장비 구매,물품,총액계약,일반경쟁,적격심사제,Y,제6619부대,1290300,제6619부대,1290300,82.995,91768706,91861038,90909091,2024-10-22,11:00:00,개찰완료,76200000,83.034,2024-10-22,씨엠스코주식회사,안동권,김만,786-87-00444,충청남도 당진시 송악읍 부곡공단4길65
LMK0036,1,[24-04]00부대 실내체육관 신축 자동제어 제조설치,물품,총액계약,제한경쟁,적격심사제,Y,제3007부대,ZD00363,제3007부대,ZD00363,87.995,174025939,174779000,158890000,2024-10-22,11:00:00,개찰완료,153158890,88.009,2024-10-23,주식회사 유피엘,고혜정,박상열,593-87-01104,전북특별자치도 부안군 행안면 부안3농공단지길99-0
LQG0073,1,24년 검문소 경량화 물자 제조 납품,물품,총액계약,제한경쟁,적격심사제,Y,육군 52보병사단,ZD00273,육군 52보병사단,ZD00273,87.995,144817492,143617500,133369091,2024-10-22,10:30:00,개찰완료,127487000,88.032,2024-10-22,주식회사 마크온탑,신승자,신승자,511-81-27226,서울특별시 영등포구 여의대방로43나길10-1 (신길동)  1층
MCD0073,2,24년 군소음보상 업무관계자 워크숍행사 대행,용역,총액계약,협상에의한계약(전자),협상,N,국방부(운영지원과),1290000,국방부(운영지원과),1290000,,35000000,,31818182,2024-10-22,17:00:00,개찰완료,34893760,99.696,2024-10-28,주식회사이엔에이,이재범,이재범,571-88-00325,"경기도 안산시 단원구 광덕4로234 (고잔동) 천혜로데오프라자 301호,302호,303호"
SCF0924,1,수리함정 클리닝 용역,용역,총액계약,일반경쟁,적격심사제,Y,해군군수사령부,ZD00289,해군군수사령부,ZD00289,87.995,43179417,43000000,47721764,2024-10-22,10:30:00,개찰완료,38120000,88.282,2024-10-22,주식회사 삼광지에스,이선재,이선재,172-87-00534,부산광역시 기장군 기장읍 대변로154-0 323호
SCF0926,1,(긴급) 세척제 산성 파이프라인용 등 3종,물품,총액계약,제한경쟁,적격심사제,Y,해군군수사령부,ZD00289,해군군수사령부,ZD00289,87.995,11814575,11880000,11400000,2024-10-22,10:30:00,개찰완료,10396415,87.996,2024-10-22,주호종합상사,배주호,배주호,710-21-01644,경상남도 창원시 마산회원구 내서읍 광려천북로198-0 (중리 한백아파트)
SCF0930,1,해병대 차량용 배터리 충전기 14EA 구매,물품,총액계약,제한경쟁,적격심사제,Y,해군군수사령부,ZD00289,해군군수사령부,ZD00289,87.995,37182068,37000000,34363636,2024-10-22,10:30:00,개찰완료,32718368,87.995,2024-10-22,지에이치켐(GH켐),염규학,염규학,197-48-00422,"충청북도 청주시 서원구 월평로24, 806동 2층 203호(분평동, 현대대우아파트)"
SCK0133,1,전사벨트 뭉치 등 24종 구매,물품,총액계약,제한경쟁,적격심사제,Y,해군교육사령부,1290330,해군교육사령부,1290330,87.995,21582950,21570000,20004455,2024-10-22,10:30:00,개찰완료,19046310,88.247,2024-10-22,대광산업,이종명,이종명,609-16-69087,경상남도 창원시 마산회원구 양덕북5길97 (양덕동1층상가)
SCK0132,1,국악피복(취타복 등 6종) 제조 납품,물품,총액계약,일반경쟁,적격심사제,Y,해군교육사령부,1290330,해군교육사령부,1290330,87.995,31629491,31410000,29128182,2024-10-22,10:30:00,개찰완료,27856980,88.072,2024-10-22,(주)경동직물,전은주,두정미,209-81-51269,서울특별시 성북구 종암로14길 20-28(종암동)
SFC0122,1,개인보호장구류 (방한귀마개 등 21품목) 구매,물품,총액계약,제한경쟁,적격심사제,Y,제9691부대,ZD00152,제9691부대,ZD00152,87.995,11892075,11820160,10862600,2024-10-22,10:30:00,개찰완료,10464617,87.996,2024-10-22,다파라스 (Daparace),엄정현,엄정현,883-45-00750,"경기도 성남시 분당구 황새울로335번길8, 4층 4-07호 (서현동, 덕산빌딩)"
SFG0102,1,제설함 등 19품목 구매,물품,총액계약,제한경쟁,적격심사제,Y,제9181부대,ZD00151,제9181부대,ZD00151,87.995,66771633,66303900,61588182,2024-10-22,10:30:00,개찰완료,58758768,87.999,2024-10-22,와이제이,최연진,최연진,564-41-00657,"경기도 고양시 일산동구 위시티4로45-0 (식사동)411동1201호(식사동,위시티자이4단지아파트)"
UMM1176,1,24-M-수제선 갈대제거 용역,용역,총액계약,제한경쟁,적격심사제,Y,국군재정관리단,ZD00303,국군재정관리단,ZD00303,87.995,208916727,207100000,193580000,2024-10-22,11:00:00,개찰완료,183844000,87.998,2024-10-22,주식회사 중앙조경,김동수,전아린,450-87-00512,"경기도 수원시 권선구 호매실로90번길27, 409호 (호매실동)"
UMM1173,1,(247363-C)다발성외상 구조훈련 마네킹 등 4품목 구매,물품,총액계약,일반경쟁,적격심사제,Y,국군재정관리단,ZD00303,국군재정관리단,ZD00303,82.995,667599186,666784313,618290909,2024-10-22,11:00:00,개찰완료,554135800,83.004,2024-10-22,(주)미래엠앤에스,박지호,남석희,138-81-47615,"경기도 과천시 별양상가1로18,비-1호 (별양동) 과천오피스텔 5층"
UMM1184,1,24-D-PHC파일 제조,물품,총액계약,제한경쟁,적격심사제,Y,국군재정관리단,ZD00303,국군재정관리단,ZD00303,87.995,181720649,183330000,170000000,2024-10-22,11:00:00,개찰완료,160820000,88.498,2024-10-22,성우파일 주식회사,김용길,정영수,253-88-00859,충청북도 영동군 용산면 영동산단로217-0
UMM1188,1,(246275-C) 특정지역 감시조피복  등산복류 구매,물품,총액계약,제한경쟁,적격심사제,Y,국군재정관리단,ZD00303,국군재정관리단,ZD00303,87.995,197784281,199418000,188172727,2024-10-22,11:00:00,개찰완료,174042147,87.995,2024-10-22,주식회사 삼진유체기계,이정석,윤선영,561-86-00213,경기도 화성시 남양읍 현대기아로125번길34
HDL0024,1,영내관사 액화석유가스(LPG) 공급계약 의뢰,물품,총액계약,일반경쟁,적격심사제,Y,공군제16전투비행단,ZD00186,공군제16전투비행단,ZD00186,82.995,276382288,277067660,256917291,2024-10-23,11:00:00,개찰완료,235507511,85.21,2024-10-23,주식회사 가스엔,강현호,강현호,537-81-00888,경상북도 상주시 외남면 옥성수자동길46-0
LDH0819,1,(자재) 부품제작자재 항공난연천용접착제 구매,물품,총액계약,제한경쟁,적격심사제,Y,제2879부대,ZD00347,제2879부대,ZD00347,87.995,7658335,7638000,7082564,2024-10-23,13:00:00,개찰완료,6930000,90.489,2024-10-24,주식회사 창원상사,이은석,이은석,804-81-00357,경상북도 포항시 남구 대해로89-1 (대도동)
LKP0142,1,24-2차 일반폐기물처리용역,용역,총액계약,일반경쟁,적격심사제,Y,제6335부대,Z006123,제6335부대,Z006123,84.245,63782069,63773500,57975909,2024-10-23,11:30:00,개찰완료,53878674,84.473,2024-10-23,주식회사 주원,김기홍,김진,125-86-03144,경기도 평택시 송탄고가길5-43 (진위면)
MDR0060,1,수중통신기 구매,물품,총액계약,제한경쟁,적격심사제,Y,제9965부대,ZD00075,제9965부대,ZD00075,87.995,46138319,46176000,42818182,2024-10-23,11:00:00,개찰완료,40599496,87.995,2024-10-23,에스오케이,서상봉,서상봉,198-72-00420,"경기도 파주시 한마음1길25-0 (금촌동, 파주금촌주공아파트1단지)"
SFG0103,1,전차표적지 및 스틸타겟 구매,물품,총액계약,제한경쟁,적격심사제,Y,제9181부대,ZD00151,제9181부대,ZD00151,87.995,53171751,53621560,49721818,2024-10-23,10:30:00,개찰완료,46789260,87.996,2024-10-23,원당상회,조소현,조소현,760-16-00933,경기도 김포시 고촌읍 신곡로3번길34-38 (강변마을 동부센트레빌)204-801
UMM1180,1,24-N-해양부생물 생성방지장치 제조,물품,총액계약,제한경쟁,적격심사제,Y,국군재정관리단,ZD00303,국군재정관리단,ZD00303,87.995,48514638,48510000,58161818,2024-10-23,11:00:00,개찰완료,42810075,88.241,2024-10-23,주식회사 일성이엔지,오세만,오세만,602-81-53151,부산광역시 영도구 대교로2번길22-6 (봉래동3가) 2층
UMM1179,1,(247062-H)노후 무선교육망 교체사업(리스자산),물품,총액계약,일반경쟁,적격심사제,Y,국군재정관리단,ZD00303,국군재정관리단,ZD00303,82.995,870790158,874161030,810585691,2024-10-23,11:00:00,개찰완료,722915170,83.018,2024-10-23,세진정보주식회사,김은경,김은경,199-81-00589,충청남도 공주시 반포면 수실2길34
UMM1182,1,(246366-E) 기동형 방송시스템 제조설치,물품,총액계약,제한경쟁,적격심사제,Y,국군재정관리단,ZD00303,국군재정관리단,ZD00303,87.995,87932990,88235290,81818182,2024-10-23,11:00:00,개찰완료,77756800,88.427,2024-10-23,주식회사 금강특장차,오세덕,김혜란,137-81-64867,인천광역시 서구 북항로28-46 (원창동)
EBB0338,1,전시 통제기(K55 자주포용),물품,총액계약,일반경쟁,적격심사제,Y,방위사업청,1690000,방위사업청,1690000,,876303336,871659000,0,2024-10-24,11:00:00,개찰완료,757770000,86.473,2024-10-24,(주)범한네트웍스,김성혜,김정래,617-81-67884,부산광역시 기장군 기장읍 배산로56번길26-19
HCF0235,1,항공기 기내 소화기 구매,물품,총액계약,제한경쟁,적격심사제,Y,공군군수사령부,ZD00306,공군군수사령부,ZD00306,87.995,96382924,95441176,88500000,2024-10-24,10:30:00,개찰완료,84836601,88.02,2024-10-24,모아테크,김은아,김은아,782-09-01711,"대전광역시 서구 갈마로219번길47, 위스퀘어빌딩 338호"
LCF0565,1,권선  회전자용 등 5항목 구매(기동-033),물품,총액계약,제한경쟁,적격심사제,Y,육군군수사령부,1290307,육군군수사령부,1290307,87.995,139271431,140400000,127636364,2024-10-24,10:30:00,개찰완료,123115040,88.399,2024-10-24,주식회사지텍,김금옥,김금옥,605-81-43424,경기도 김포시 양촌읍 황금3로7번길36 (학운리)
SDQ0105,1,시일평면형 등 97종 구매,물품,총액계약,제한경쟁,적격심사제,Y,해군제2수리창,ZD00986,해군제2수리창,ZD00986,87.995,97373196,98000000,90547149,2024-10-24,13:30:00,개찰완료,85690094,88.001,2024-10-24,세이프티코리아,장덕윤,장덕윤,376-07-01619,"경기도 포천시 소흘읍 호국로287번길9-60, 9동 1층 108호"
SFG0104,1,해상작전화 등 2품목 구매,물품,총액계약,제한경쟁,적격심사제,Y,제9181부대,ZD00151,제9181부대,ZD00151,87.995,28353069,28452940,26383636,2024-10-24,10:30:00,개찰완료,24950030,87.997,2024-10-24,주식회사지텍,김금옥,김금옥,605-81-43424,경기도 김포시 양촌읍 황금3로7번길36 (학운리)
SFG0105,1,링크탄 계수기 구매,물품,총액계약,제한경쟁,적격심사제,Y,제9181부대,ZD00151,제9181부대,ZD00151,87.995,45134821,45120500,41839091,2024-10-24,10:30:00,개찰완료,39716490,87.995,2024-10-24,디에스샵,신향미,신향미,279-77-00423,경기도 수원시 팔달구 매산로92번길10(매산로3가)
LNR0026,1,24년 식기세척기 임차용역,용역,총액계약,일반경쟁,적격심사제,Y,수도기계화보병사단,ZD00361,수도기계화보병사단,ZD00361,85.495,257683808,257400000,252000000,2024-10-25,11:00:00,개찰완료,222007500,86.155,2024-10-25,주식회사 덕수기업,윤인원,김용일,312-86-73619,충청남도 아산시 음봉면 음봉로575-0
SFG0106,1,파레트 제조 구매,물품,총액계약,일반경쟁,적격심사제,Y,제9181부대,ZD00151,제9181부대,ZD00151,87.995,53647273,53418600,49533636,2024-10-25,10:30:00,개찰완료,49500000,92.269,2024-10-25,금성목재,유재득,유왕승,603-23-61241,부산광역시 사하구 하신중앙로84-0 (신평동)
UMM1185,1,(24G225-A) 클라우드기반 구축 금융리스,물품,총액계약,일반경쟁,최저가격제,N,국군재정관리단,ZD00303,국군재정관리단,ZD00303,0,6053570335,6032934930,5757109255,2024-10-25,11:00:00,개찰완료,5923727580,97.855,2024-10-25,미래에셋캐피탈(주),이만희,박영화,410-81-40265,"서울특별시 중구 을지로5길26, 6층 (수하동, 미래에셋센터원 웨스트타워)"
UMM1190,1,(24G264-A)사이버위협 탐지체계 구축 금융리스,물품,총액계약,일반경쟁,최저가격제,N,국군재정관리단,ZD00303,국군재정관리단,ZD00303,0,1383227104,1377302050,1284885803,2024-10-25,11:00:00,개찰완료,1347746790,97.434,2024-10-25,미래에셋캐피탈(주),이만희,박영화,410-81-40265,"서울특별시 중구 을지로5길26, 6층 (수하동, 미래에셋센터원 웨스트타워)"
HDS0009,1,24-미-5 미사일방어태세 보강 공사 방호벽 제조설치,물품,총액계약,제한경쟁,적격심사제,Y,공군미사일방어사령부,ZD00216,공군미사일방어사령부,ZD00216,87.995,820752997,824840000,749855455,2024-10-28,11:00:00,개찰완료,792000000,96.496,2024-10-28,주식회사태성콘크리트,전상국,한의규,312-81-11864,충청남도 아산시 월선길2-49 (영인면)
SFG0108,1,슈팅백 등 4품목 구매,물품,총액계약,제한경쟁,적격심사제,Y,제9181부대,ZD00151,제9181부대,ZD00151,87.995,41884514,41978000,38925091,2024-10-28,10:30:00,개찰완료,36856310,87.995,2024-10-28,디에이치코리아,손동훈,손동훈,736-02-02246,"경기도 시흥시 검바위2로37-8, 다동 501호(은행동, 한영아파트)"
LDH0787,2,(정비) 동절기 귀마개 등 29종 구매,물품,총액계약,제한경쟁,적격심사제,Y,제2879부대,ZD00347,제2879부대,ZD00347,87.995,11998395,12062000,11185400,2024-10-29,13:00:00,개찰완료,10570830,88.102,2024-10-30,이네트워크,이정배,이정배,403-34-00728,"강원특별자치도 고성군 간성읍 흘리령길25, 1층 1호"
LDH0784,2,(정비) 용접가죽장갑 등 34종 구매,물품,총액계약,제한경쟁,적격심사제,Y,제2879부대,ZD00347,제2879부대,ZD00347,87.995,18969158,18854000,17483473,2024-10-29,13:00:00,개찰완료,16701150,88.043,2024-11-01,성천기획,이미진,이미진,303-14-62144,경기도 포천시 가산면 가산로348번길40-0
LDH0830,1,(화공) 고진공구리스 등 15종 구매,물품,총액계약,제한경쟁,적격심사제,Y,제2879부대,ZD00347,제2879부대,ZD00347,87.995,12884059,12789000,11858909,2024-10-29,13:00:00,개찰완료,11375175,88.288,2024-10-29,그린존,김근아,김근아,686-54-00656,"경상북도 포항시 북구 칠성로42-1, 2층(남빈동)"
LFK0074,1,24년 조리실습장 비품(PTZ 카메라 등) 설치납품,물품,총액계약,제한경쟁,적격심사제,Y,육군종합군수학교,ZD00042,육군종합군수학교,ZD00042,87.995,79729150,79563000,72330000,2024-10-29,11:00:00,개찰완료,70159971,87.997,2024-10-29,주식회사비컴,김득환,장윤정,123-81-97898,경기도 안양시 동안구 벌말로123-0 평촌스마트베이 A동 910호 (관양동)
LGC0029,1,25년 학군후보생 티셔츠류 제조납품,물품,총액계약,제한경쟁,적격심사제,Y,육군학생군사학교,ZD00252,육군학생군사학교,ZD00252,87.995,152012795,153068627,141936364,2024-10-29,10:30:00,개찰완료,133821480,88.033,2024-10-29,(주)성원,정민철,정민철,132-81-94798,경기도 남양주시 진접읍 부마로106번길148-2
LHG0051,1,24년 생활폐기물 수집운반 용역,용역,총액계약,제한경쟁,적격심사제,Y,제1862부대,ZD00002,제1862부대,ZD00002,84.245,216494812,215364705,199701818,2024-10-29,11:00:00,개찰완료,182726000,84.402,2024-10-29,평화산업(합자),전순득,전순득,223-81-09049,강원특별자치도 인제군 북면 금강로 529()
LKP0146,1,24-2차 지정폐기물처리용역,용역,총액계약,일반경쟁,적격심사제,Y,제6335부대,Z006123,제6335부대,Z006123,84.245,132645746,132475500,120432273,2024-10-29,11:30:00,개찰완료,111968293,84.411,2024-10-29,(주)케이에스에너지,김광수,이재석,140-81-29911,경기도 화성시 정남면 내향로240-55 (주)케이에스에너지
MDR0062,1,24년 부대비품 9차 구매,물품,총액계약,제한경쟁,적격심사제,Y,제9965부대,ZD00075,제9965부대,ZD00075,87.995,47399085,47418000,43970000,2024-10-29,11:00:00,개찰완료,41756900,88.096,2024-10-29,주식회사 다나,한신옥,한신옥,141-81-06172,경기도 파주시 광탄면 보광로1100번길 19-37주식회사 다나
SEE0049,1,코팅 필름 등 539품목 구매,물품,총액계약,제한경쟁,적격심사제,Y,제9해병여단,ZD01066,제9해병여단,ZD01066,87.995,114164588,114705383,106779100,2024-10-29,10:30:00,개찰완료,100493000,88.024,2024-10-29,알덱스이엔지,설수국,설수국,848-16-01135,제주특별자치도 제주시 우도면 연평리1571-3
SFC0127,1,24-덕-야외전시 장비 보강 및 도색 용역,용역,총액계약,제한경쟁,적격심사제,Y,제9691부대,ZD00152,제9691부대,ZD00152,87.745,29211013,29116000,26469091,2024-10-29,11:00:00,개찰완료,25777760,88.246,2024-10-29,(주)아산항공,김경모,김경모,617-86-04583,경상남도 밀양시 삼랑진읍 미전2길27
UMM1178,2,(246065-G) 10해감대대 화면전시체계 구축(리스자산),물품,총액계약,제한경쟁,적격심사제,Y,국군재정관리단,ZD00303,국군재정관리단,ZD00303,87.995,139602802,140352941,130145455,2024-10-29,11:00:00,개찰완료,122856780,88.004,2024-10-29,한국종합통신,이기동,이기동,221-03-38666,"강원특별자치도 춘천시 동면 만천로26-53, 1층"
UMM1187,2,(246063-G) 16해감기동대대 전시체계 구축(리스자산),물품,총액계약,제한경쟁,적격심사제,Y,국군재정관리단,ZD00303,국군재정관리단,ZD00303,87.995,144182746,143744470,133290327,2024-10-29,11:00:00,개찰완료,126883240,88.001,2024-10-29,주식회사 포넷,조대홍,조대홍,409-86-18244,전라남도 나주시 노안면 노안로455-41
LDH0831,1,(정비) 지퍼백밀봉형중형 등 62종 구매,물품,총액계약,제한경쟁,적격심사제,Y,제2879부대,ZD00347,제2879부대,ZD00347,87.995,6497990,6521000,6046836,2024-10-30,13:00:00,개찰완료,5789260,89.093,2024-10-30,주식회사 성우,김정애,김정애,594-81-00498,부산광역시 강서구 신호산단3로88번길68 (신호동)
MDI0004,1,노후 통합감지기 교체사업,물품,총액계약,지명경쟁,적격심사제,Y,제7016부대,ZD00220,제7016부대,ZD00220,87.995,220588440,219283610,199980336,2024-10-30,10:30:00,개찰완료,194500000,88.173,2024-10-30,주식회사 케이텍솔루션,임경택,임경택,209-81-55983,서울특별시 성북구 한천로80길37 (석관동)
UMM1196,1,24-N-대형 차륜평형기 구매,물품,총액계약,제한경쟁,적격심사제,Y,국군재정관리단,ZD00303,국군재정관리단,ZD00303,87.995,69812528,69790000,74909091,2024-10-30,11:00:00,개찰완료,61431610,87.995,2024-10-30,한빛정보시스템,이영혁,이영혁,346-29-00737,"경상남도 창원시 성산구 창원대로1209번길22 (성주동, 프리빌리지2차) 211-2304"
UMM1203,1,24-F-마약검사키트  1품목 구매,물품,총액계약,제한경쟁,적격심사제,Y,국군재정관리단,ZD00303,국군재정관리단,ZD00303,87.995,72372883,71700000,66490909,2024-10-30,11:00:00,개찰완료,63684896,87.995,2024-10-30,한스테크,한연숙,한연숙,682-15-00198,"서울특별시 강서구 곰달래로245, 2-3호(화곡동)"
LHD0049,1,민수형 전투식량(함수형) 구매(X116),물품,총액계약,일반경쟁,적격심사제,Y,제7162부대,ZD00003,제7162부대,ZD00003,87.995,143764659,144000000,133527273,2024-10-31,10:30:00,개찰완료,141066000,98.122,2024-10-31,(주)참맛,조병철,김연태,135-81-25077,경기도 안성시 공도읍 문터길 99-27()
MDG0212,1,24년 의무장비(자동분석기 생화학용 중형) 구매,물품,총액계약,제한경쟁,적격심사제,Y,국군의무사령부,1290291,국군의무사령부,1290291,87.995,95323322,96040000,89090909,2024-10-31,11:00:00,개찰완료,83883830,87.999,2024-10-31,주식회사 바른프린테크,김연수,김연수,119-87-07588,"서울특별시 중구 퇴계로27길25, 305호(충무로3가, 청림빌딩)"
MDP0010,1,24년 지형분석장비 구매(리스물건),물품,총액계약,제한경쟁,적격심사제,Y,한미연합군사령부,1290294,한미연합군사령부,1290294,82.995,92090489,92917640,86160000,2024-10-31,11:00:00,개찰완료,76455421,83.022,2024-10-31,해용정보통신주식회사,백다리아,백다리아,128-86-41996,"경기도 고양시 일산동구 중산로 247306,307호 (중산동, 중산프라자)"
