입찰공고명,공고기관명,최종낙찰금액,최종낙찰율,최종낙찰일자,최종낙찰업체명,최종낙찰업체대표자명,최종낙찰업체담당자명,최종낙찰업체주소,최종낙찰금액_num,낙찰율_num,연구주제,기관_상위
상륙기동헬기 조종시뮬레이터 선행연구,방위사업청(운영지원과),28000000.0,93.333,2016-02-11,재단법인 한국군사문제연구원,김형철,,"경기도 성남시 수정구 위례대로83(창곡동, 국방문화센터)",28000000.0,93.333,상륙기동헬기 조종시뮬레이터 선행연구,중앙행정기관
특수작전용 유탄발사기사업 선행연구,방위사업청(운영지원과),71000000.0,95.826,2016-01-06,사단법인 안보경영연구원,전건욱,,"서울특별시 강남구 언주로527, 10층 (역삼동)",71000000.0,95.826,특수작전용 유탄발사기사업 선행연구,중앙행정기관
국방연구시설·장비 종합관리 방안 연구,방위사업청(운영지원과),70626600.0,87.0,2016-02-26,(재)한국산업개발연구원,백훈,,서울특별시 서초구 남부순환로319길 13(서초동),70626600.0,87.0,국방연구시설·장비 종합관리 방안 연구,중앙행정기관
국방우주력 발전을 위한 민·군 기술협력 방안 연구,방위사업청(운영지원과),51000000.0,85.0,2016-03-11,사단법인 안보경영연구원,전건욱,,"서울특별시 강남구 언주로527, 10층 (역삼동)",51000000.0,85.0,국방우주력 발전을 위한 민·군 기술협력 방안 연구,중앙행정기관
미래특임 및 항공 통합 특임여단 편성방안 연구용역,육군교육사령부,26780000.0,97.696,2016-02-05,(사)한국전략문제연구소,박정기,구종우,"서울특별시 용산구 청파로 40, 삼구빌딩 1815호(한강로3가)",26780000.0,97.696,미래특임 및 항공 통합 특임여단 편성방안 연구용역,군
특임여단 북괴군 핵 화생시설 점령/확보방안 연구용역,육군교육사령부,24550000.0,96.364,2016-02-05,(사)한국전략문제연구소,박정기,구종우,"서울특별시 용산구 청파로 40, 삼구빌딩 1815호(한강로3가)",24550000.0,96.364,특임여단 북괴군 핵 화생시설 점령/확보방안 연구용역,군
국방 전력발전체계에서의 전투실험체계 정립 연구용역,육군교육사령부,19200000.0,98.58,2016-02-05,서강대학교산학협력단,신관우,안구름,서울특별시 마포구 백범로35-0 (신수동),19200000.0,98.58,국방 전력발전체계에서의 전투실험체계 정립 연구용역,군
해안경계 임무전환 관련 안보상황 평가체계 연구,국방부(운영지원과),26000000.0,83.106,2016-03-10,(사)국방소프트웨어협회,황일선,,대전광역시 유성구 대덕대로512번길20-0 (도룡동) 대전정보문화산업진흥원 304호,26000000.0,83.106,해안경계 임무전환 관련 안보상황 평가체계 연구,중앙행정기관
민군 협력을 통한 상호가치 창출 활성화 방안 연구,국방부(운영지원과),38000000.0,90.67,2016-03-08,사단법인 안보경영연구원,전건욱,,"서울특별시 강남구 언주로527, 10층 (역삼동)",38000000.0,90.67,민군 협력을 통한 상호가치 창출 활성화 방안 연구,중앙행정기관
정신전력 측정도구 및 지표 개발 연구,국방부(운영지원과),,,,,,,,,,정신전력 측정도구 및 지표 개발 연구,중앙행정기관
수도권 동원예비군 수송방법 개선방안 연구,국방부(운영지원과),38000000.0,95.0,2016-01-22,사단법인 안보경영연구원,전건욱,,"서울특별시 강남구 언주로527, 10층 (역삼동)",38000000.0,95.0,수도권 동원예비군 수송방법 개선방안 연구,중앙행정기관
전력발휘 보장을 위한 예비군훈련체계 연구,국방부(운영지원과),30000000.0,92.965,2016-01-26,상명대학교산학협력단,유훈,,"서울특별시 종로구 홍지문2길20-0 (홍지동, 상명대학교)",30000000.0,92.965,전력발휘 보장을 위한 예비군훈련체계 연구,중앙행정기관
조종사 보호의세트-Ⅱ사업 선행연구,방위사업청(운영지원과),61789317.0,92.773,2016-02-19,육군사관학교 산학협력단,김주희,,서울특별시 노원구 화랑로574-0 (공릉동),61789317.0,92.773,조종사 보호의세트-Ⅱ사업 선행연구,중앙행정기관
상륙공격헬기 체계운용요구 및 PBL 적용방안 연구용역,제9691부대,34000000.0,87.441,2016-02-04,주식회사 한국사업관리연구원,황순용,황순용,"인천광역시 서구 로봇랜드로155-11 (청라동), 5층 504호",34000000.0,87.441,상륙공격헬기 체계운용요구 및 PBL 적용방안 연구용역,제9691부대
소형전술차량 시설사업 선행연구,방위사업청(운영지원과),61600000.0,91.94,2016-02-24,(주)에프오알엠도시건축공간연구소,권시형,,"서울특별시 송파구 법원로11길25-0, A동 1310호(문정동, 에이치비즈니스파크)",61600000.0,91.94,소형전술차량 시설사업 선행연구,중앙행정기관
군사시설 건축공법(경량화) 개선 연구,국군재정관리단,68370000.0,91.012,2016-02-25,(주)디앤오종합건축사사무소,정봉원,정봉원,"서울특별시 송파구 법원로9길26, D동 1104호(문정동, H-비즈니스파크)",68370000.0,91.012,군사시설 건축공법(경량화) 개선 연구,국군재정관리단
선체고정음탐기 선행연구 용역,방위사업청(운영지원과),47000000.0,94.0,2016-01-19,사단법인 안보경영연구원,전건욱,,"서울특별시 강남구 언주로527, 10층 (역삼동)",47000000.0,94.0,선체고정음탐기 선행연구 용역,중앙행정기관
230mm급 무유도탄사업 선행연구,방위사업청(운영지원과),56000000.0,84.959,2016-02-11,사단법인 한국방위사업연구원,장복철,,서울특별시 용산구 새창로128-1 (용문동) 2층,56000000.0,84.959,230mm급 무유도탄사업 선행연구,중앙행정기관
잠수함용 부유식기만기 경미한 성능개량 선행연구,방위사업청(운영지원과),36000000.0,90.0,2016-02-17,사단법인 한국방위사업연구원,장복철,,서울특별시 용산구 새창로128-1 (용문동) 2층,36000000.0,90.0,잠수함용 부유식기만기 경미한 성능개량 선행연구,중앙행정기관
근무주정 내항성 향상 함형 개발 연구,해군본부,,,,,,,,,,근무주정 내항성 향상 함형 개발 연구,군
근무주정 내항성 향상 함형 개발 연구,해군본부,,,,,,,,,,근무주정 내항성 향상 함형 개발 연구,군
다도해함 개조 설계 방안 연구,해군본부,,,,,,,,,,다도해함 개조 설계 방안 연구,군
다목적 항무지원정 함형 발전 연구,해군본부,26000000.0,93.896,2016-03-10,에스앤에스이앤지 주식회사,박종선,전재신,"인천광역시 중구 인중로 178, 제이엘타워 1001호(사동)",26000000.0,93.896,다목적 항무지원정 함형 발전 연구,군
지상군 전략 및 작전수행개념 연구,육군교육사령부,17490000.0,91.533,2016-03-21,사단법인 한국국방발전연구원,김효근,이경생,서울특별시 강동구 양재대로1377 (성내동 삼원빌딩 408호),17490000.0,91.533,지상군 전략 및 작전수행개념 연구,군
무인비행체계의 공격 방어체계 정립 연구용역,육군교육사령부,17600000.0,91.23,2016-03-28,사단법인 한국국방발전연구원,김효근,이경생,서울특별시 강동구 양재대로1377 (성내동 삼원빌딩 408호),17600000.0,91.23,무인비행체계의 공격 방어체계 정립 연구용역,군
동서지형의 차이를 고려한 부대 및 전력구조 연구용역,육군교육사령부,15930000.0,81.609,2016-03-21,사단법인 한국국가전략연구원,한민구,이상규,"서울특별시 용산구 한강대로62길41, 3층 (한강로1가)",15930000.0,81.609,동서지형의 차이를 고려한 부대 및 전력구조 연구용역,군
주변국 지상군에 대한 부대 및 전력구조 연구,육군교육사령부,18915000.0,98.129,2016-03-21,(사)21세기군사연구소,김진욱,박계향,"서울특별시 금천구 가산디지털2로184, 10층 1017호(가산동, 벽산디지털밸리2차)",18915000.0,98.129,주변국 지상군에 대한 부대 및 전력구조 연구,군
도약적 우위능력을 위한 미래 전력 창출 방향 연구,육군교육사령부,15930000.0,81.738,2016-03-21,사단법인 한국국가전략연구원,한민구,이상규,"서울특별시 용산구 한강대로62길41, 3층 (한강로1가)",15930000.0,81.738,도약적 우위능력을 위한 미래 전력 창출 방향 연구,군
전차와 육군헬기의 혁신적인 운용개념 발전 연구,육군교육사령부,,,,,,,,,,전차와 육군헬기의 혁신적인 운용개념 발전 연구,군
전차와 육군헬기의 혁신적인 운용개념 발전 연구,육군교육사령부,,,,,,,,,,전차와 육군헬기의 혁신적인 운용개념 발전 연구,군
무인기술을 적용한 현용전력 극대화 방안 연구,육군교육사령부,,,,,,,,,,무인기술을 적용한 현용전력 극대화 방안 연구,군
무인기술을 적용한 현용전력 극대화 방안 연구,육군교육사령부,18300000.0,94.863,2016-03-31,사단법인 한국국가전략연구원,한민구,이상규,"서울특별시 용산구 한강대로62길41, 3층 (한강로1가)",18300000.0,94.863,무인기술을 적용한 현용전력 극대화 방안 연구,군
한국 육군 교육훈련관리의 개선방안 연구,육군교육사령부,,,,,,,,,,한국 육군 교육훈련관리의 개선방안 연구,군
한국 육군 교육훈련관리의 개선방안 연구,육군교육사령부,17900000.0,92.574,2016-03-22,사단법인 대한민국 육군발전협회,권오성,이윤정,"서울특별시 용산구 이태원로 29, 전쟁기념관 4층(용산동1가)",17900000.0,92.574,한국 육군 교육훈련관리의 개선방안 연구,군
전장리더십 역량의 평시 개발 연구,육군교육사령부,16700000.0,84.795,2016-03-21,재단법인 한국군사문제연구원,김형철,이수행,"경기도 성남시 수정구 위례대로83(창곡동, 국방문화센터)",16700000.0,84.795,전장리더십 역량의 평시 개발 연구,군
보코더 특성분석 플랫폼 개발 연구용역,국군재정관리단,98000000.0,98.495,2016-03-11,한양대학교 산학협력단,변중무,이나라,"서울특별시 성동구 왕십리로 222, 한양대학교 내 한양종합기술연구원 110호(행당동)",98000000.0,98.495,보코더 특성분석 플랫폼 개발 연구용역,국군재정관리단
전투실험 연구용역,육군정보통신학교,26219000.0,84.316,2016-03-14,(사)21세기군사연구소,김진욱,박계향,"서울특별시 금천구 가산디지털2로184, 10층 1017호(가산동, 벽산디지털밸리2차)",26219000.0,84.316,전투실험 연구용역,군
부품국산화율 산정방식 등  제도 개선방안 연구,방위사업청(운영지원과),44900000.0,100.0,2016-03-16,산업연구원,주현,,세종특별자치시  시청대로370-0,44900000.0,100.0,부품국산화율 산정방식 등  제도 개선방안 연구,중앙행정기관
저 전송률 보코더 개발 연구용역,국군재정관리단,98000000.0,99.519,2016-03-08,한양대학교 에리카산학협력단,박태준,정수민,"경기도 안산시 상록구 한양대학로55-0 (사동, 한양대학교 안산캠퍼스)",98000000.0,99.519,저 전송률 보코더 개발 연구용역,국군재정관리단
공병분야 M&S 연구용역,육군공병학교,,,,,,,,,,공병분야 M&S 연구용역,군
공병분야 M&S 연구용역,육군공병학교,,,,,,,,,,공병분야 M&S 연구용역,군
국방상호운용성 마스터플랜 연구,국방부(운영지원과),62000000.0,87.834,2016-04-12,사단법인 안보경영연구원,전건욱,,"서울특별시 강남구 언주로527, 10층 (역삼동)",62000000.0,87.834,국방상호운용성 마스터플랜 연구,중앙행정기관
연구소 회의실 AV시스템 제조설치 납품,국군화생방방호사령부,42090000.0,88.004,2016-04-06,주식회사 세명에스엠지,장병철,이한솔,서울특별시 금천구 가산디지털1로171-0 (가산동) 가산SK V1 센터 1505호,42090000.0,88.004,연구소 회의실 AV시스템 제조설치 납품,기관
해병대9여단 임무.역할 확대 및 발전방향 연구용역,제9691부대,13900000.0,71.265,2016-04-28,(재)한국해양전략연구소,정의승,김미희,서울특별시 마포구 월드컵북로5길59 (서교동),13900000.0,71.265,해병대9여단 임무.역할 확대 및 발전방향 연구용역,제9691부대
전투발전세미나 수행 연구용역,육군교육사령부,31022000.0,94.339,2016-04-25,(사)한국전략문제연구소,박정기,구종우,"서울특별시 용산구 청파로 40, 삼구빌딩 1815호(한강로3가)",31022000.0,94.339,전투발전세미나 수행 연구용역,군
화생방 연구활동 재료 시약 구매,국군화생방방호사령부,54412430.0,89.256,2016-03-31,일송 유에프티,이덕호,이덕호,"서울특별시 강남구 테헤란로64길13, 504호 (대치동, 선릉역 풍림아이원레몬)",54412430.0,89.256,화생방 연구활동 재료 시약 구매,기관
국방 사이버전 EA 개념 연구,국방부(운영지원과),48000000.0,97.521,2016-06-09,재단법인 한국군사문제연구원,김형철,,"경기도 성남시 수정구 위례대로83(창곡동, 국방문화센터)",48000000.0,97.521,국방 사이버전 EA 개념 연구,중앙행정기관
16년도 급식분야 시범사업 추진분석 및 개선방안 연구,국방부(운영지원과),32000000.0,96.723,2016-04-25,(사)한국식품기술사협회,박온서,,"서울특별시 송파구 법원로127-0 (문정동,대명벨리온)1117,1118호",32000000.0,96.723,16년도 급식분야 시범사업 추진분석 및 개선방안 연구,중앙행정기관
삼군부 재현 및 이전을 위한 연구,국방부(운영지원과),65980000.0,94.366,2016-04-22,재단법인 한울문화재연구원,최종규,,경기도 수원시 장안구 파장천로 31(),65980000.0,94.366,삼군부 재현 및 이전을 위한 연구,중앙행정기관
화생방 연구 재료 초자 구매,국군화생방방호사령부,44876300.0,88.188,2016-04-01,미라클,임창흥,임창흥,"경기도 부천시 원미구 중동로254번길28-0 (중동, 메트로펠리스3)",44876300.0,88.188,화생방 연구 재료 초자 구매,기관
화생방 연구 재료 가스 구매,국군화생방방호사령부,12756700.0,68.159,2016-04-01,엠에스동민특수가스(주),박 동순,박동순,경기도 평택시 청북면 고렴길181번길 13(),12756700.0,68.159,화생방 연구 재료 가스 구매,기관
전투기 시뮬레이터와 창공모델 연동시험 연구 용역,국군재정관리단,95700000.0,72.781,2016-04-08,(주)케이씨이아이,고현준,이영익,"서울특별시 구로구 디지털로32길 30, 코오롱디지털타워빌란트15층(구로동)",95700000.0,72.781,전투기 시뮬레이터와 창공모델 연동시험 연구 용역,국군재정관리단
미래 합동작전과 해군.해병대 공동 비전 연구,해군본부,,,,,,,,,,미래 합동작전과 해군.해병대 공동 비전 연구,군
미래 합동작전과 해군.해병대 공동 비전 연구,해군본부,14700000.0,83.55,2016-04-12,재단법인 한국군사문제연구원,김형철,이수행,"경기도 성남시 수정구 위례대로83(창곡동, 국방문화센터)",14700000.0,83.55,미래 합동작전과 해군.해병대 공동 비전 연구,군
장비별 잔여수명을 고려한 순환 창정비 적용방안 연구,국방부(운영지원과),31068350.0,85.0,2016-04-26,호원대학교 산학협력단,정의붕,,"전라북도 군산시 임피면 호원대3길 64,",31068350.0,85.0,장비별 잔여수명을 고려한 순환 창정비 적용방안 연구,중앙행정기관
안정화지역 기반시설 복구방안 연구,국방부(운영지원과),21982550.0,88.689,2016-05-03,사단법인 한국군사시설연구소,김진욱,,"서울특별시 금천구 가산디지털2로184, 1017호(가산동, 벽산.경인디지털밸리2)",21982550.0,88.689,안정화지역 기반시설 복구방안 연구,중앙행정기관
북한의 기뢰전 전술 분석 및 대응책 연구,해군본부,17500000.0,98.95,2016-04-06,사단법인 대한민국해군발전협회,엄현성,이종범,서울특별시 영등포구 여의대방로43나길20-0 (신길동),17500000.0,98.95,북한의 기뢰전 전술 분석 및 대응책 연구,군
레이저대공무기사업 선행연구 및 운용요구서 연구,방위사업청(운영지원과),132000000.0,84.646,2016-04-12,세종대학교산학협력단,유상호,,서울특별시 광진구 군자동98 집현관 216,132000000.0,84.646,레이저대공무기사업 선행연구 및 운용요구서 연구,중앙행정기관
방산기술보호체계 발전방안 연구용역,방위사업청(운영지원과),44000000.0,97.777,2016-03-30,성균관대학교 산학협력단,최재붕,,"경기도 수원시 장안구 서부로 2066, 성균관대학교 자연과학캠퍼스 내(천천동)",44000000.0,97.777,방산기술보호체계 발전방안 연구용역,중앙행정기관
폭발물처리 자격신설 연구,국방부(운영지원과),45000000.0,100.0,2016-04-21,한국직업능력연구원,류장수,,세종특별자치시  시청대로370 세종국책연구단지 사회정책동,45000000.0,100.0,폭발물처리 자격신설 연구,중앙행정기관
전출처 전자정보 통합 및 적위협 가시화 방안연구,공군본부,31460000.0,78.69,2016-04-08,이비티주식회사,임중수,윤형규,"경기도 성남시 수정구 창업로54, 504호 (시흥동)",31460000.0,78.69,전출처 전자정보 통합 및 적위협 가시화 방안연구,군
국방사업관리 자격신설 연구,국방부(운영지원과),41210000.0,91.577,2016-04-19,건국대학교 산학협력단,윤동열,,"서울특별시 광진구 능동로120, 건국대학교내(화양동)",41210000.0,91.577,국방사업관리 자격신설 연구,중앙행정기관
군인연금기금 책임준비금의 적정 규모 기준 설정 연구,국방부,30000000.0,100.0,2016-05-12,사단법인 한국사회보험연구소,방극윤,,서울특별시 마포구 도화동51-1 성우빌딩 703호,30000000.0,100.0,군인연금기금 책임준비금의 적정 규모 기준 설정 연구,중앙행정기관
16년 정비지원부대 직무값 기반의 직무분석 연구용역,국군재정관리단,45100000.0,74.789,2016-04-07,(주) 한국능률협회컨설팅,한수희,주진형,서울특별시 영등포구 여의공원로 101(여의도동),45100000.0,74.789,16년 정비지원부대 직무값 기반의 직무분석 연구용역,국군재정관리단
국방로봇 운용을 위한 법/제도 개정 및 인증제도 연구,방위사업청(운영지원과),39949397.0,80.058,2016-04-29,광운대학교산학협력단,정영욱,,"서울특별시 노원구 광운로 20(월계동, 광운대학교)",39949397.0,80.058,국방로봇 운용을 위한 법/제도 개정 및 인증제도 연구,중앙행정기관
접적해역 상시정찰용 UAV 선행연구용역,해군본부,,,,,,,,,,접적해역 상시정찰용 UAV 선행연구용역,군
해상작전 유/무인기 최적화 운용방안 연구,해군본부,20950000.0,89.843,2016-04-08,재단법인 한국군사문제연구원,김형철,이수행,"경기도 성남시 수정구 위례대로83(창곡동, 국방문화센터)",20950000.0,89.843,해상작전 유/무인기 최적화 운용방안 연구,군
한국형 손상통제 모의훈련형 CBT 구축방안연구,해군본부,19650000.0,61.313,2016-03-18,주식회사 지노스,최양열,명승배,"서울특별시 금천구 가산디지털1로212, 701호(가산동,코오롱디지털타워애스턴)",19650000.0,61.313,한국형 손상통제 모의훈련형 CBT 구축방안연구,군
FF급 함정 손상대응 훈련 시나리오 개발 연구,해군본부,31680000.0,97.865,2016-04-01,(주)마린테크인,김경빈,류형열,"부산광역시 해운대구 센텀동로 35, 센텀SH밸리 404호(우동)",31680000.0,97.865,FF급 함정 손상대응 훈련 시나리오 개발 연구,군
총 수명주기간 함정 안전진단 수행체계 개선방안 연구,해군본부,23700000.0,86.079,2016-03-18,세종대학교산학협력단,유상호,임경선,서울특별시 광진구 군자동98 집현관 216,23700000.0,86.079,총 수명주기간 함정 안전진단 수행체계 개선방안 연구,군
국방 클라우드 컴퓨팅 운영환경 구축방안 연구,국방부(운영지원과),59000000.0,93.44,2016-04-06,사단법인 안보경영연구원,전건욱,,"서울특별시 강남구 언주로527, 10층 (역삼동)",59000000.0,93.44,국방 클라우드 컴퓨팅 운영환경 구축방안 연구,중앙행정기관
2.75 유도로켓(차량탑재형) 시설사업 선행연구,방위사업청(운영지원과),60163945.0,93.534,2016-07-13,주식회사도시경영연구원,권선애,,"서울특별시 성북구 화랑로76, 제3층 307호(하월곡동,코업스타클래스)",60163945.0,93.534,2.75 유도로켓(차량탑재형) 시설사업 선행연구,중앙행정기관
해병대 리더십개념 및 리더像 정립 연구용역,제9691부대,25622520.0,82.537,2016-06-10,주식회사 한국심리평가원,이정화,이정화,서울특별시 강남구 선릉로64길6-0 (대치동) 2층,25622520.0,82.537,해병대 리더십개념 및 리더像 정립 연구용역,제9691부대
다원적 민주주의 사회의 장병 정훈교육 방향 연구,국방부(운영지원과),59892000.0,100.0,2016-06-07,(사단) 한국정치학회,최아진,,서울특별시 마포구 동교로183-11 (동교동) 한국정치학회빌딩 4층 한국정치학회,59892000.0,100.0,다원적 민주주의 사회의 장병 정훈교육 방향 연구,중앙행정기관
체계적인 해군 C4I 체계 유지보수 관리방안 연구,해군본부,,,,,,,,,,체계적인 해군 C4I 체계 유지보수 관리방안 연구,군
주요 군사시설의 방호설계 기준 개정 연구용역,국군재정관리단,161576000.0,86.519,2016-05-25,사단법인 한국군사시설연구소,김진욱,김진욱,"서울특별시 금천구 가산디지털2로184, 1017호(가산동, 벽산.경인디지털밸리2)",161576000.0,86.519,주요 군사시설의 방호설계 기준 개정 연구용역,국군재정관리단
폭발물처리 교육 전군 통합 필요성 검토 및 방안 연구,국방부(운영지원과),23475000.0,94.886,2016-07-06,국방대학교산학협력단,이문걸,,충청남도 논산시 양촌면 황산벌로1040,23475000.0,94.886,폭발물처리 교육 전군 통합 필요성 검토 및 방안 연구,중앙행정기관
주거시설 관리 및 운영 전문성 제고 방안 연구,국방부(운영지원과),80300000.0,99.783,2016-06-17,(재)주택산업연구원,서종대,,"서울특별시 영등포구 국제금융로8길 25, 주택건설회관 10층(여의도동)",80300000.0,99.783,주거시설 관리 및 운영 전문성 제고 방안 연구,중앙행정기관
창조국방 추진을 위한 창의적 문화조성 방안 연구,국방부(운영지원과),,,,,,,,,,창조국방 추진을 위한 창의적 문화조성 방안 연구,중앙행정기관
CSRP 화생방 연구 재료 초자 구매,국군화생방방호사령부,109747400.0,88.632,2016-04-21,럭키상사,임창욱,임창욱,서울특별시 금천구 가산디지털2로123-0 (가산동) 1010-391호,109747400.0,88.632,CSRP 화생방 연구 재료 초자 구매,기관
패트리어트 PAC-3 유도탄(2차)사업 선행연구,방위사업청(운영지원과),59000000.0,87.235,2016-05-31,사단법인 안보경영연구원,전건욱,,"서울특별시 강남구 언주로527, 10층 (역삼동)",59000000.0,87.235,패트리어트 PAC-3 유도탄(2차)사업 선행연구,중앙행정기관
CSRP 화생방 연구 자료 시약 구매,국군화생방방호사령부,15185500.0,89.818,2016-04-21,디엔아이,박문희,박문희,경기도 화성시 동탄첨단산업1로14-0 (영천동)  KTX밸리 707호,15185500.0,89.818,CSRP 화생방 연구 자료 시약 구매,기관
해상작전 위성통신체계 성능개량 선행연구,방위사업청(운영지원과),59220593.0,61.72,2016-06-13,주식회사 씨이지앤드플러스,김규형,,"서울특별시 용산구 한강대로109-0 (한강로2가),404호(용성비즈텔)",59220593.0,61.72,해상작전 위성통신체계 성능개량 선행연구,중앙행정기관
무인 수색차량사업 운용요구서(ORD) 연구,방위사업청(운영지원과),26685855.0,88.952,2016-06-15,육군사관학교 산학협력단,김주희,,서울특별시 노원구 화랑로574-0 (공릉동),26685855.0,88.952,무인 수색차량사업 운용요구서(ORD) 연구,중앙행정기관
그린캠프 개선 및 프로그램 개발 연구용역,국군재정관리단,260000000.0,88.149,2016-05-09,중앙대학교 산학협력단,고중혁,안혜경,서울특별시 동작구 흑석로84 (흑석동),260000000.0,88.149,그린캠프 개선 및 프로그램 개발 연구용역,국군재정관리단
ATCIS 2차 성능개량 0000체계 운용요구서 연구,방위사업청(운영지원과),27606353.0,78.875,2016-06-07,주식회사 씨이지앤드플러스,김규형,,"서울특별시 용산구 한강대로109-0 (한강로2가),404호(용성비즈텔)",27606353.0,78.875,ATCIS 2차 성능개량 0000체계 운용요구서 연구,중앙행정기관
화생방 연구활동 기술용역 재료 초자 구매,국군화생방방호사령부,15746500.0,89.799,2016-04-29,디엔아이,박문희,박문희,경기도 화성시 동탄첨단산업1로14-0 (영천동)  KTX밸리 707호,15746500.0,89.799,화생방 연구활동 기술용역 재료 초자 구매,기관
서북도서용 무인항공기 선행연구,방위사업청(운영지원과),81373600.0,79.939,2016-06-13,한양대학교 산학협력단,변중무,,"서울특별시 성동구 왕십리로 222, 한양대학교 내 한양종합기술연구원 110호(행당동)",81373600.0,79.939,서북도서용 무인항공기 선행연구,중앙행정기관
함 탑재용 무인항공기 선행연구,방위사업청(운영지원과),110310737.0,79.899,2016-06-13,(주)심네트,차진섭,,대전광역시 유성구 죽동로157-0 (죽동),110310737.0,79.899,함 탑재용 무인항공기 선행연구,중앙행정기관
범국민 안보의식조사 연구용역,국군재정관리단,,,,,,,,,,범국민 안보의식조사 연구용역,국군재정관리단
차륜형장갑차 시설사업 선행연구,방위사업청(운영지원과),62773570.0,92.235,2016-05-25,주식회사도시경영연구원,권선애,,"서울특별시 성북구 화랑로76, 제3층 307호(하월곡동,코업스타클래스)",62773570.0,92.235,차륜형장갑차 시설사업 선행연구,중앙행정기관
탄소섬유탄 선행연구,방위사업청(운영지원과),78000000.0,93.79,2016-06-14,사단법인 안보경영연구원,전건욱,,"서울특별시 강남구 언주로527, 10층 (역삼동)",78000000.0,93.79,탄소섬유탄 선행연구,중앙행정기관
수직이륙형UAV 기지건설 가능성에 관한 연구용역,제9691부대,24900000.0,85.806,2016-05-20,주식회사 대한,설영만,신호철,"인천광역시 남동구 인주대로591번길64, 410호(구월동, 타원벨라움)",24900000.0,85.806,수직이륙형UAV 기지건설 가능성에 관한 연구용역,제9691부대
KAAV-Ⅱ운용요구서 구체화에 관한 연구용역,제9691부대,,,,,,,,,,KAAV-Ⅱ운용요구서 구체화에 관한 연구용역,제9691부대
2.75인치 유도로켓 창정비 개발 사업추진 연구용역,제9691부대,,,,,,,,,,2.75인치 유도로켓 창정비 개발 사업추진 연구용역,제9691부대
KAAV RCWS/KAAV-Ⅱ총수명주기 비용에 관한 연구용역,제9691부대,22500000.0,92.79,2016-05-20,주식회사 베테랑콤,이재평,이재평,서울특별시 서초구 서초동1432-13 202,22500000.0,92.79,KAAV RCWS/KAAV-Ⅱ총수명주기 비용에 관한 연구용역,제9691부대
16년 차세대 첨단함정 건조가능성 검토 연구용역,국군재정관리단,,,,,,,,,,16년 차세대 첨단함정 건조가능성 검토 연구용역,국군재정관리단
내부자 사이버위협 방어대책 연구용역,육군본부,38000000.0,94.529,2016-05-17,한국과학기술원,이광형,김기현,대전광역시 유성구 대학로291-0 (구성동),38000000.0,94.529,내부자 사이버위협 방어대책 연구용역,군
원주기지 활주로 재포장사업 선행연구 용역,공군 제8전투비행단,,,,,,,,,,원주기지 활주로 재포장사업 선행연구 용역,군
원주기지 활주로 재포장사업 선행연구 용역,공군 제8전투비행단,,,,,,,,,,원주기지 활주로 재포장사업 선행연구 용역,군
OO사단 등 9개 부대 개편사업 선행연구 용역,국군재정관리단,,,,,,,,,,OO사단 등 9개 부대 개편사업 선행연구 용역,국군재정관리단
16-인성교육프로그램 등 연구 용역 계약,공군교육사령부,32612420.0,93.194,2016-07-20,한국버츄프로젝트,김영경,이미선,"서울특별시 종로구 율곡로6길36 (운니동, 오피스텔월드) 1008호",32612420.0,93.194,16-인성교육프로그램 등 연구 용역 계약,군
계기착륙장치(ILS)사업 선행연구,방위사업청(운영지원과),41000000.0,86.331,2016-08-03,한국교통대학교산학협력단,김성룡,,충청북도 충주시 대학로50-0 (대소원면),41000000.0,86.331,계기착륙장치(ILS)사업 선행연구,중앙행정기관
CH-47헬기 호이스트 군직정비방안 연구 용역,제2879부대,,,,,,,,,,CH-47헬기 호이스트 군직정비방안 연구 용역,제2879부대
16-00원 종합발전 비전 연구용역,합동군사대학교,,,,,,,,,,SUPPRESSED,대학
유도무기 품질인증사격시험 기준 정립 및 절차 연구,방위사업청(운영지원과),34000000.0,90.185,2016-08-22,사단법인 안보경영연구원,전건욱,,"서울특별시 강남구 언주로527, 10층 (역삼동)",34000000.0,90.185,유도무기 품질인증사격시험 기준 정립 및 절차 연구,중앙행정기관
장비 고장예측 시스템 개발방안 기초연구 용역,해군군수사령부,22900000.0,48.428,2016-06-23,주식회사 리얼웹,김종귀,김영애,"서울특별시 강남구 봉은사로129-1, 5층(논현동)",22900000.0,48.428,장비 고장예측 시스템 개발방안 기초연구 용역,군
전시 공군탄약소요산정 모델 개선ㆍ보완 연구,공군본부,,,,,,,,,,전시 공군탄약소요산정 모델 개선ㆍ보완 연구,군
창조국방 추진을 위한 창의적 문화조성 방안 연구,국방부(운영지원과),,,,,,,,,,창조국방 추진을 위한 창의적 문화조성 방안 연구,중앙행정기관
아웃도어용식량의 전투식량 활용 및 비축 타당성 연구,국방부(운영지원과),24650000.0,94.997,2016-07-01,한양대학교 산학협력단,변중무,,"서울특별시 성동구 왕십리로 222, 한양대학교 내 한양종합기술연구원 110호(행당동)",24650000.0,94.997,아웃도어용식량의 전투식량 활용 및 비축 타당성 연구,중앙행정기관
전구급 항공작전 분석모델의 표적가중치 산정 연구,공군본부,43000000.0,87.243,2016-06-13,사단법인 안보경영연구원,전건욱,황병윤,"서울특별시 강남구 언주로527, 10층 (역삼동)",43000000.0,87.243,전구급 항공작전 분석모델의 표적가중치 산정 연구,군
방위산업 발전 및 경쟁력 강화를 위한 법적기반 연구,방위사업청(운영지원과),45000000.0,100.0,2016-07-07,법무법인(유한) 세종,오종한,,서울특별시 종로구 종로3길17 (청진동 디타워 디2),45000000.0,100.0,방위산업 발전 및 경쟁력 강화를 위한 법적기반 연구,중앙행정기관
독점조달 및 계약비리 등 조달제도 개선방안 연구,국방부(운영지원과),32600000.0,99.755,2016-07-01,(주)한신솔루션,노희영,,"서울특별시 서초구 서초중앙로20길 24, 서종빌딩 4층(서초동)",32600000.0,99.755,독점조달 및 계약비리 등 조달제도 개선방안 연구,중앙행정기관
연구소 기술용역 재료비 초자 구매,국군화생방방호사령부,7258200.0,88.883,2016-06-03,오도테크,이경미,이지혜,"서울특별시 금천구 가산디지털1로119-0 (가산동, SK트윈테크타워, a동 10층 6호)",7258200.0,88.883,연구소 기술용역 재료비 초자 구매,기관
군사시설 주변지역 지원방안 연구,국방부(운영지원과),79000000.0,87.341,2016-10-10,(재)한국산업개발연구원,백훈,,서울특별시 서초구 남부순환로319길 13(서초동),79000000.0,87.341,군사시설 주변지역 지원방안 연구,중앙행정기관
국군교도소 운영 개선방안 연구,국방부(운영지원과),14957385.0,99.715,2016-10-07,가톨릭관동대학교 산학협력단,김규한,,강원특별자치도 강릉시 범일로579번길24(내곡동),14957385.0,99.715,국군교도소 운영 개선방안 연구,중앙행정기관
군 장병 정신건강 실태조사 연구용역,국군재정관리단,,,,,,,,,,군 장병 정신건강 실태조사 연구용역,국군재정관리단
주요 선진국의 획득제도 사례분석을 통한 시사점 연구,방위사업청(운영지원과),41850000.0,93.0,2016-10-13,사단법인 안보경영연구원,전건욱,,"서울특별시 강남구 언주로527, 10층 (역삼동)",41850000.0,93.0,주요 선진국의 획득제도 사례분석을 통한 시사점 연구,중앙행정기관
우수 과학기술 인재의 국방(군) 분야 활용방안 연구,국방부(운영지원과),28000000.0,93.333,2016-09-08,육군사관학교 산학협력단,김주희,,서울특별시 노원구 화랑로574-0 (공릉동),28000000.0,93.333,우수 과학기술 인재의 국방(군) 분야 활용방안 연구,중앙행정기관
침낭 품질개선 선행연구 용역,육군본부,,,,,,,,,,침낭 품질개선 선행연구 용역,군
해상종합전술훈련장 체계구축 사업 개념 연구,해군본부,20000000.0,80.72,2016-09-09,한남대학교 산학협력단,김태동,고상범,대전광역시 유성구 유성대로1646-0 (전민동),20000000.0,80.72,해상종합전술훈련장 체계구축 사업 개념 연구,군
국방 의료정보 빅데이터 분석체계 구축사업 연구용역,국군재정관리단,98000000.0,99.497,2016-08-23,주식회사에이스게이트,김시근,황병수,서울특별시 서초구 방배로19길21-0 (방배동),98000000.0,99.497,국방 의료정보 빅데이터 분석체계 구축사업 연구용역,국군재정관리단
전술이동통신체계 구축방안 연구용역,제6619부대,28296800.0,81.182,2016-09-09,(사)21세기군사연구소,김진욱,박계향,"서울특별시 금천구 가산디지털2로184, 10층 1017호(가산동, 벽산디지털밸리2차)",28296800.0,81.182,전술이동통신체계 구축방안 연구용역,제6619부대
사이버방호체계 최적화 및 고도화 구축 연구용역,육군본부,42123000.0,98.423,2016-09-08,한국과학기술원,이광형,김기현,대전광역시 유성구 대학로291-0 (구성동),42123000.0,98.423,사이버방호체계 최적화 및 고도화 구축 연구용역,군
중증외상질환 예후예측인자 발굴 및 관리방안 연구,국군재정관리단,,,,,,,,,,중증외상질환 예후예측인자 발굴 및 관리방안 연구,국군재정관리단
중증외상질환 예후예측인자 발굴 및 관리방안 연구,국군재정관리단,,,,,,,,,,중증외상질환 예후예측인자 발굴 및 관리방안 연구,국군재정관리단
국방 무인로봇 시험평가 적용방안 연구,육군본부,39249000.0,86.511,2016-09-12,사단법인 한국방위사업연구원,장복철,이윤아,서울특별시 용산구 새창로128-1 (용문동) 2층,39249000.0,86.511,국방 무인로봇 시험평가 적용방안 연구,군
취약점 군 영향성 평가 및 조치결과 관리방안 연구,4284부대,33600000.0,68.735,2016-08-12,숭실대학교 산학협력단,이진욱,이민행,서울특별시 동작구 상도로 369(상도동),33600000.0,68.735,취약점 군 영향성 평가 및 조치결과 관리방안 연구,4284부대
기술연구 환경구축 PC사업,국군재정관리단,75806813.0,88.113,2016-07-26,주식회사 이엠텍아이엔씨,이덕수,조현정,"서울특별시 용산구 청파로40, 3층 (한강로3가, 삼구빌딩)",75806813.0,88.113,기술연구 환경구축 PC사업,국군재정관리단
사이버전 수행개념 및 절차 연구,국방부(운영지원과),48500000.0,98.497,2016-08-23,(사)한국안보문제연구소,김희상,,"서울특별시 마포구 마포대로 173, 현대하이엘 816호(공덕동)",48500000.0,98.497,사이버전 수행개념 및 절차 연구,중앙행정기관
훈련 및 부대운영 빅데이터 활용방안 연구용역,국군재정관리단,,,,,,,,,,훈련 및 부대운영 빅데이터 활용방안 연구용역,국군재정관리단
훈련 및 부대운영 빅데이터 활용방안 연구용역,국군재정관리단,62410000.0,79.06,2016-09-06,(주)이씨마이너,민광기,류상윤,"서울특별시 강남구 논현로28길54-0 4층 (도곡동, 덕원빌딩)",62410000.0,79.06,훈련 및 부대운영 빅데이터 활용방안 연구용역,국군재정관리단
군사학 연구방법론에 대한 연구 용역,국방대학교,,,,,,,,,,군사학 연구방법론에 대한 연구 용역,중앙행정기관
병력책정기준 산정과 연계한 조직진단 기법 체계 연구,공군본부,34920000.0,99.411,2016-08-22,(주) 한국능률협회컨설팅,한수희,정현승,서울특별시 영등포구 여의공원로 101(여의도동),34920000.0,99.411,병력책정기준 산정과 연계한 조직진단 기법 체계 연구,군
민간인 지뢰제거 방안 연구,국방부(운영지원과),30000000.0,89.506,2016-08-01,사단법인 안보경영연구원,전건욱,,"서울특별시 강남구 언주로527, 10층 (역삼동)",30000000.0,89.506,민간인 지뢰제거 방안 연구,중앙행정기관
군단정찰용 무인항공기-Ⅱ 시설사업 선행연구,방위사업청(운영지원과),50600000.0,84.916,2016-09-08,사단법인 안보경영연구원,전건욱,,"서울특별시 강남구 언주로527, 10층 (역삼동)",50600000.0,84.916,군단정찰용 무인항공기-Ⅱ 시설사업 선행연구,중앙행정기관
중고도정찰용 무인항공기 시설사업 선행연구,방위사업청(운영지원과),46400000.0,85.067,2016-09-08,사단법인 안보경영연구원,전건욱,,"서울특별시 강남구 언주로527, 10층 (역삼동)",46400000.0,85.067,중고도정찰용 무인항공기 시설사업 선행연구,중앙행정기관
BigData /vc를 활용한 무기체계 효과분석 연구,해군본부,13900000.0,48.319,2016-08-25,주식회사 서남아이에스,양선원,이기찬,서울특별시 금천구 디지털로130-0 남성프라자 9층 912호  (가산동),13900000.0,48.319,BigData /vc를 활용한 무기체계 효과분석 연구,군
군수품 상용화 확대 정책 추진 로드맵 수립 연구,국방부(운영지원과),75630000.0,98.692,2016-09-09,재단법인한국조달연구원,백명기,,"서울특별시 강남구 언주로319, 5층,6층(역삼동,조우회관)",75630000.0,98.692,군수품 상용화 확대 정책 추진 로드맵 수립 연구,중앙행정기관
BigData/VC를 활용한 무기체계 효과분석 연구,해군본부,,,,,,,,,,BigData/VC를 활용한 무기체계 효과분석 연구,군
전력지원체계OMS/MP및RAM분석/LSA적용방안연구,육군본부,31230000.0,80.759,2016-12-02,(사)21세기군사연구소,김진욱,박계향,"서울특별시 금천구 가산디지털2로184, 10층 1017호(가산동, 벽산디지털밸리2차)",31230000.0,80.759,전력지원체계OMS/MP및RAM분석/LSA적용방안연구,군
K200A1장갑차 시뮬레이터 연구개발,국군재정관리단,547250000.0,37.138,2016-12-20,주식회사 바로텍시너지,구칠효,이진아,경상남도 진주시 정촌면 연꽃로141,547250000.0,37.138,K200A1장갑차 시뮬레이터 연구개발,국군재정관리단
소화기 소음기 선행연구 용역,육군본부,,,,,,,,,,소화기 소음기 선행연구 용역,군
기술연구 환경구축 사업 리스,국군재정관리단,,,,,,,,,,기술연구 환경구축 사업 리스,국군재정관리단
육군 항공관제 시뮬레이터 연구개발,국군재정관리단,1747000000.0,67.804,2016-12-09,주식회사 유니텍,이훈민,김상도,"경기도 안양시 동안구 학의로282, 501호,502호,503호 (관양동, 금강펜테리움아이티타워)",1747000000.0,67.804,육군 항공관제 시뮬레이터 연구개발,국군재정관리단
기갑 및 기계화부대 중대급 교전훈련장비 연구용역,육군본부,24590160.0,82.939,2016-12-12,호원대학교 산학협력단,정의붕,김정일,"전라북도 군산시 임피면 호원대3길 64,",24590160.0,82.939,기갑 및 기계화부대 중대급 교전훈련장비 연구용역,군
국방통합 온라인 공개강좌(M-MOOC) 설계 방안 연구,국방부(운영지원과),27223000.0,92.648,2016-11-22,사단법인 한국융합안보연구원(Korea Convergence Security Institute),이홍기,,서울특별시 서초구 서운로13-0 (서초동),27223000.0,92.648,국방통합 온라인 공개강좌(M-MOOC) 설계 방안 연구,중앙행정기관
ICBM 기반 통합 시설물관리체계 구축 개념 연구용역,국군재정관리단,71324220.0,90.674,2016-11-18,서울대학교 산학협력단,김재영,김현숙,서울특별시 관악구 관악로1 (신림동),71324220.0,90.674,ICBM 기반 통합 시설물관리체계 구축 개념 연구용역,국군재정관리단
CCTV 효율적 관리 및 AI분야 군 적용방안 연구,국방부(운영지원과),42000000.0,90.956,2016-10-10,사)국방정보통신협회,박래호,,"서울특별시 용산구 이태원로29, 421호(용산동1가, 전쟁기념관)",42000000.0,90.956,CCTV 효율적 관리 및 AI분야 군 적용방안 연구,중앙행정기관
전략환경 변화에 따른 공군전투기 전력 구축방안 연구,공군본부,28000000.0,97.664,2016-10-28,사단법인 안보경영연구원,전건욱,황병윤,"서울특별시 강남구 언주로527, 10층 (역삼동)",28000000.0,97.664,전략환경 변화에 따른 공군전투기 전력 구축방안 연구,군
단기 복무 청년층 장병 진로지원 프로그램 개발 연구,국방부(운영지원과),46640000.0,99.658,2017-01-09,(사)한국능률협회,최권석,,"서울특별시 영등포구 의사당대로22, 8층 9층 10층(여의도동, 이룸센터)",46640000.0,99.658,단기 복무 청년층 장병 진로지원 프로그램 개발 연구,중앙행정기관
방산수출을 위한 DFAR(美 국방조달규정) 번역 및 연구,방위사업청(운영지원과),35854000.0,91.0,2017-02-07,재단법인한국조달연구원,백명기,,"서울특별시 강남구 언주로319, 5층,6층(역삼동,조우회관)",35854000.0,91.0,방산수출을 위한 DFAR(美 국방조달규정) 번역 및 연구,중앙행정기관
절충교역 제도 선진화 방안 연구,방위사업청(운영지원과),44121200.0,92.497,2017-01-18,광운대학교산학협력단,정영욱,,"서울특별시 노원구 광운로 20(월계동, 광운대학교)",44121200.0,92.497,절충교역 제도 선진화 방안 연구,중앙행정기관
국방군사시설 건축바닥면적 기준 개정 연구용역,국군재정관리단,86048438.0,94.758,2016-12-08,서울대학교 산학협력단,김재영,김현숙,서울특별시 관악구 관악로1 (신림동),86048438.0,94.758,국방군사시설 건축바닥면적 기준 개정 연구용역,국군재정관리단
의료기재(금연구역 표지판 등 85종)구매,제5738부대,32900000.0,82.151,2016-11-22,와이파이컴퍼니,김기순,오석현,"경기도 안양시 동안구 관평로138번길24-0 106호 (평촌동, 초원아파트 상가동)",32900000.0,82.151,의료기재(금연구역 표지판 등 85종)구매,제5738부대
항공전력 도입을 고려한 효율적 운용방안 연구용역,제5738부대,45000000.0,91.117,2016-12-06,한서대학교 산학협력단,김현성,이준직,충청남도 서산시 해미면 한서1로 46 한서대학교내산학협력단,45000000.0,91.117,항공전력 도입을 고려한 효율적 운용방안 연구용역,제5738부대
연구소 화생방연구활동 재료비 초자 구매,국군화생방방호사령부,21066800.0,88.139,2016-11-16,미래산업,임순옥,임순옥,"경기도 파주시 문산로26번길14-0 (문산읍, 문산호수아파트)",21066800.0,88.139,연구소 화생방연구활동 재료비 초자 구매,기관
군인연금 수급요건 및 분할연금 도입 연구,국방부,19700000.0,98.5,2016-12-27,사단법인 한국고용복지연금연구원,전용일,,서울특별시 중구 무교로16(무교동),19700000.0,98.5,군인연금 수급요건 및 분할연금 도입 연구,중앙행정기관
방위사업비리 가중처벌 법안에 대한 연구,국방부(운영지원과),19645000.0,100.0,2017-01-18,(주)한신솔루션,노희영,,"서울특별시 서초구 서초중앙로20길 24, 서종빌딩 4층(서초동)",19645000.0,100.0,방위사업비리 가중처벌 법안에 대한 연구,중앙행정기관
군 주거지원 법령의 문제점 및 개선방안 연구,국방부(운영지원과),,,,,,,,,,군 주거지원 법령의 문제점 및 개선방안 연구,중앙행정기관
정출연 주관 기술개발사업제도(가칭) 운영방안 연구,국방부(운영지원과),38000000.0,95.0,2017-01-24,사단법인 안보경영연구원,전건욱,,"서울특별시 강남구 언주로527, 10층 (역삼동)",38000000.0,95.0,정출연 주관 기술개발사업제도(가칭) 운영방안 연구,중앙행정기관
합동성을 고려한 대전차전력의 적정 소요 연구,국방부(운영지원과),41952170.0,85.616,2017-01-31,(사)21세기군사연구소,김진욱,,"서울특별시 금천구 가산디지털2로184, 10층 1017호(가산동, 벽산디지털밸리2차)",41952170.0,85.616,합동성을 고려한 대전차전력의 적정 소요 연구,중앙행정기관
전력지원체계 연구개발 기술수준 조사 및 평가 용역,국방부(운영지원과),94569000.0,99.281,2016-12-27,국방기술품질원,허건영,,경상남도 진주시 동진로420 (충무공동),94569000.0,99.281,전력지원체계 연구개발 기술수준 조사 및 평가 용역,중앙행정기관
사업성과관리(EVM) 적용 고도화 방안 연구,방위사업청(운영지원과),54450000.0,99.0,2017-04-19,사단법인 안보경영연구원,전건욱,,"서울특별시 강남구 언주로527, 10층 (역삼동)",54450000.0,99.0,사업성과관리(EVM) 적용 고도화 방안 연구,중앙행정기관
LVC체계와 훈련모델 방안 연구용역,제9691부대,18000000.0,81.178,2017-03-02,사단법인 안보경영연구원,전건욱,황병윤,"서울특별시 강남구 언주로527, 10층 (역삼동)",18000000.0,81.178,LVC체계와 훈련모델 방안 연구용역,제9691부대
작전환경 변화 및 공군 합동 고려한 포병 발전 연구,육군교육사령부,16500000.0,84.213,2017-03-23,(사)한국전략문제연구소,박정기,구종우,"서울특별시 용산구 청파로 40, 삼구빌딩 1815호(한강로3가)",16500000.0,84.213,작전환경 변화 및 공군 합동 고려한 포병 발전 연구,군
17년 전투발전 연구용역 과제 세미나 수행 용역,육군교육사령부,28000000.0,87.994,2017-03-23,(사)한국전략문제연구소,박정기,구종우,"서울특별시 용산구 청파로 40, 삼구빌딩 1815호(한강로3가)",28000000.0,87.994,17년 전투발전 연구용역 과제 세미나 수행 용역,군
해군 통합연동체계 SW 연구용역,국군재정관리단,82000000.0,55.557,2017-03-14,주식회사 휴먼씨엔씨,오철홍,김영수,"대전광역시 유성구 죽동로297번길68 (죽동) CNU프라자  701,702호",82000000.0,55.557,해군 통합연동체계 SW 연구용역,국군재정관리단
안정화 작전을 위한 기반시설 복구부대 운영방안 연구,국방부(운영지원과),26400000.0,99.656,2017-04-11,육군사관학교 산학협력단,김주희,김종환,서울특별시 노원구 화랑로574-0 (공릉동),26400000.0,99.656,안정화 작전을 위한 기반시설 복구부대 운영방안 연구,중앙행정기관
국방표준화 개발을 위한 협력기관 지정 활용방안 연구,방위사업청(운영지원과),49500000.0,99.0,2017-03-14,한국세라믹기술원,정연길,,경상남도 진주시 소호로101-0 (충무공동),49500000.0,99.0,국방표준화 개발을 위한 협력기관 지정 활용방안 연구,중앙행정기관
화생방 방호물자 적정방호 수준 연구,합동참모본부,41651000.0,86.946,2017-04-19,(사)21세기군사연구소,김진욱,박계향,"서울특별시 금천구 가산디지털2로184, 10층 1017호(가산동, 벽산디지털밸리2차)",41651000.0,86.946,화생방 방호물자 적정방호 수준 연구,합동참모본부
17년 분광분석 폭발물탐지 연구용역,육군공병학교,,,,,,,,,,17년 분광분석 폭발물탐지 연구용역,군
17년 분광분석 폭발물탐지 연구용역,육군공병학교,,,,,,,,,,17년 분광분석 폭발물탐지 연구용역,군
국방기록관 업무효율화를 위한 방안 연구,국방부(운영지원과),31649782.0,96.54,2017-03-28,사단법인한국국가기록연구원,이승휘,주현미,"서울특별시 서대문구 거북골로 34, 명지대학교 본관 10층 11033호(남가좌동)",31649782.0,96.54,국방기록관 업무효율화를 위한 방안 연구,중앙행정기관
AI 기반 UAV 군집운용 해상작전적용 가능성 연구,해군본부,,,,,,,,,,AI 기반 UAV 군집운용 해상작전적용 가능성 연구,군
유도무기 적정 수리부속 보유량 산출 연구 용역,해군본부,21000000.0,73.378,2017-03-10,사단법인 안보경영연구원,전건욱,황병윤,"서울특별시 강남구 언주로527, 10층 (역삼동)",21000000.0,73.378,유도무기 적정 수리부속 보유량 산출 연구 용역,군
L-V-C 전투실험체계 구축방안 연구 용역,해군본부,27000000.0,93.362,2017-03-10,주식회사 링크나인시스템,박헌제,이기석,"대전광역시 유성구 테크노4로17, 디동 202호(관평동,대덕비즈센터)",27000000.0,93.362,L-V-C 전투실험체계 구축방안 연구 용역,군
최신함정 적정부하율 산정기법 연구 용역,해군본부,,,,,,,,,,최신함정 적정부하율 산정기법 연구 용역,군
최신함정 적정부하율 산정기법 연구 용역,해군본부,,,,,,,,,,최신함정 적정부하율 산정기법 연구 용역,군
함정 네트워크 설계 및 무선통신 발전방향 연구 용역,해군본부,,,,,,,,,,함정 네트워크 설계 및 무선통신 발전방향 연구 용역,군
함정 네트워크 설계 및 무선통신 발전방향 연구 용역,해군본부,,,,,,,,,,함정 네트워크 설계 및 무선통신 발전방향 연구 용역,군
운용함정 손상대응 훈련 시나리오 연구 용역,해군본부,,,,,,,,,,운용함정 손상대응 훈련 시나리오 연구 용역,군
운용함정 손상대응 훈련 시나리오 연구 용역,해군본부,,,,,,,,,,운용함정 손상대응 훈련 시나리오 연구 용역,군
직ㆍ간접 전투경험 공유확대 연구용역,육군본부,,,,,,,,,,직ㆍ간접 전투경험 공유확대 연구용역,군
북핵 미사일 대응방안 연구용역,제9691부대,15150000.0,70.445,2017-03-02,자주국방네트워크,신인균,신인균,"서울특별시 서초구 서운로 226, 서초오피스텔 404호(서초동)",15150000.0,70.445,북핵 미사일 대응방안 연구용역,제9691부대
미래 무기체계 소요 연구용역,제9691부대,15290000.0,70.715,2017-03-02,(재)한국해양전략연구소,정의승,김미희,서울특별시 마포구 월드컵북로5길59 (서교동),15290000.0,70.715,미래 무기체계 소요 연구용역,제9691부대
공기조화계통(HAVC) 성능개선 방안 연구 용역,해군본부,,,,,,,,,,공기조화계통(HAVC) 성능개선 방안 연구 용역,군
공기조화계통(HAVC) 성능개선 방안 연구 용역,해군본부,,,,,,,,,,공기조화계통(HAVC) 성능개선 방안 연구 용역,군
국방기술조직을 활용한 함정 기술관리 방안 연구 용역,해군본부,,,,,,,,,,국방기술조직을 활용한 함정 기술관리 방안 연구 용역,군
국방기술조직을 활용한 함정 기술관리 방안 연구 용역,해군본부,,,,,,,,,,국방기술조직을 활용한 함정 기술관리 방안 연구 용역,군
함정 총수명주기 고려 탑재장비 획득방안 연구 용역,해군본부,,,,,,,,,,함정 총수명주기 고려 탑재장비 획득방안 연구 용역,군
함정 총수명주기 고려 탑재장비 획득방안 연구 용역,해군본부,23900000.0,82.482,2017-03-20,사단법인 안보경영연구원,전건욱,황병윤,"서울특별시 강남구 언주로527, 10층 (역삼동)",23900000.0,82.482,함정 총수명주기 고려 탑재장비 획득방안 연구 용역,군
함정 설계 건조 기준 및 함정규칙 정립 연구 용역,해군본부,,,,,,,,,,함정 설계 건조 기준 및 함정규칙 정립 연구 용역,군
50년 함건조 사례분석 및 발전방안 정립 연구 용역,해군본부,,,,,,,,,,50년 함건조 사례분석 및 발전방안 정립 연구 용역,군
17년 통합기후예측시스템 연구개발 용역,국군재정관리단,,,,,,,,,,17년 통합기후예측시스템 연구개발 용역,국군재정관리단
잠수함 승조부사관 도태방지개선 연구 용역,해군본부,13000000.0,63.585,2017-03-17,(재)한국해양전략연구소,정의승,양정승,서울특별시 마포구 월드컵북로5길59 (서교동),13000000.0,63.585,잠수함 승조부사관 도태방지개선 연구 용역,군
주요체계 사이버위협분석 및 대응방안 연구용역,해군본부,22825000.0,78.391,2017-03-17,(주)두두아이티,박영선,김중곤,"서울특별시 금천구 가마산로96-0, 213호(가산동, 대륭테크노타운8차)",22825000.0,78.391,주요체계 사이버위협분석 및 대응방안 연구용역,군
해군  해경운용 및 전방위 안보 강화방안 연구용역,해군본부,12720714.0,62.084,2017-03-17,(재)한국해양전략연구소,정의승,양정승,서울특별시 마포구 월드컵북로5길59 (서교동),12720714.0,62.084,해군  해경운용 및 전방위 안보 강화방안 연구용역,군
한국해군 협동교전절차(CEC) 수행방안 연구용역,해군본부,,,,,,,,,,한국해군 협동교전절차(CEC) 수행방안 연구용역,군
한국해군 협동교전절차(CEC) 수행방안 연구용역,해군본부,23500000.0,82.233,2017-03-24,김근우시스템공학기술연구소,김근우,김근우,충청남도 계룡시 두마면 두계리116 계룡대림이-편한세상 109-902,23500000.0,82.233,한국해군 협동교전절차(CEC) 수행방안 연구용역,군
국방과학기술기본법 제정을 통한 국방연구개발 혁신,방위사업청(운영지원과),52000000.0,94.545,2017-03-16,과학기술정책연구원,문미옥,,세종특별자치시  반곡동시청대로 370,52000000.0,94.545,국방과학기술기본법 제정을 통한 국방연구개발 혁신,중앙행정기관
CBRS 적용한 전투발전체계의 문제점 및 발전방향 연구,육군교육사령부,16900000.0,87.144,2017-03-24,(사)한국전략문제연구소,박정기,구종우,"서울특별시 용산구 청파로 40, 삼구빌딩 1815호(한강로3가)",16900000.0,87.144,CBRS 적용한 전투발전체계의 문제점 및 발전방향 연구,군
CBRS 적용한 전투발전체계의 문제점 및 발전방향 연구,육군교육사령부,,,,,,,,,,CBRS 적용한 전투발전체계의 문제점 및 발전방향 연구,군
한반도 작전환경에 적합한 사단 구조 및 편성 연구,육군교육사령부,16900000.0,87.426,2017-03-23,(사)한국전략문제연구소,박정기,구종우,"서울특별시 용산구 청파로 40, 삼구빌딩 1815호(한강로3가)",16900000.0,87.426,한반도 작전환경에 적합한 사단 구조 및 편성 연구,군
한국군 공정사단 필요성 및 운용개념 편성방안 연구,육군교육사령부,16400000.0,84.904,2017-03-23,사단법인 한국국방발전연구원,김효근,이경생,서울특별시 강동구 양재대로1377 (성내동 삼원빌딩 408호),16400000.0,84.904,한국군 공정사단 필요성 및 운용개념 편성방안 연구,군
생존성 향상을 위한 개인 부대방호 능력 분석 연구,육군교육사령부,14933000.0,77.955,2017-03-23,(사)21세기군사연구소,김진욱,박계향,"서울특별시 금천구 가산디지털2로184, 10층 1017호(가산동, 벽산디지털밸리2차)",14933000.0,77.955,생존성 향상을 위한 개인 부대방호 능력 분석 연구,군
LVC 연동체계 개발을 위한 아키텍처 설계방안 연구,육군교육사령부,18500000.0,96.339,2017-03-23,한국과학기술원,이광형,주정만,대전광역시 유성구 대학로291-0 (구성동),18500000.0,96.339,LVC 연동체계 개발을 위한 아키텍처 설계방안 연구,군
한국형 임무형 지휘 정착을 위한 리더십 적용 연구,육군교육사령부,18000000.0,93.087,2017-03-23,주식회사 한국심리평가원,이정화,이정화,서울특별시 강남구 선릉로64길6-0 (대치동) 2층,18000000.0,93.087,한국형 임무형 지휘 정착을 위한 리더십 적용 연구,군
전쟁양상을 고려한 전사자 관리의 분석 및 발전 연구,육군교육사령부,16900000.0,87.206,2017-03-23,(사)한국전략문제연구소,박정기,구종우,"서울특별시 용산구 청파로 40, 삼구빌딩 1815호(한강로3가)",16900000.0,87.206,전쟁양상을 고려한 전사자 관리의 분석 및 발전 연구,군
방위산업기술 유출 및 침해 대응체계 구축방안 연구,방위사업청(운영지원과),34625052.0,96.18,2017-03-09,명지대학교 산학협력단,김영욱,,"경기도 용인시 처인구 명지로 116, 명지대학교(남동)",34625052.0,96.18,방위산업기술 유출 및 침해 대응체계 구축방안 연구,중앙행정기관
국방개혁과 연계한 예비군법 발전방안 연구,국방부(운영지원과),23500000.0,89.862,2017-03-09,건양대학교 산학협력단,홍영기,김상진,"충청남도 논산시 대학로 121, 건양대학교 산학협력단(내동)",23500000.0,89.862,국방개혁과 연계한 예비군법 발전방안 연구,중앙행정기관
군사사 연구총서1차/2차세계대전관련연구용역(과제2),국방부군사편찬연구소,3000000.0,100.0,2017-03-09,상명대학교산학협력단,유훈,이상국,"서울특별시 종로구 홍지문2길20-0 (홍지동, 상명대학교)",3000000.0,100.0,군사사 연구총서1차/2차세계대전관련연구용역(과제2),중앙행정기관
군사사연구총서베트남전쟁관련주제연구용역(과제3),국방부군사편찬연구소,,,,,,,,,,군사사연구총서베트남전쟁관련주제연구용역(과제3),중앙행정기관
군사사연구총서고대~근대한국군사사연구용역(과제4),국방부군사편찬연구소,3000000.0,100.0,2017-03-09,고려대학교산학협력단,권정환,정기쁨,"서울특별시 성북구 안암로145 (안암동5가, 고려대학교)",3000000.0,100.0,군사사연구총서고대~근대한국군사사연구용역(과제4),중앙행정기관
군사사연구총서군사사(국제분쟁사등)연구용역(과제5),국방부군사편찬연구소,,,,,,,,,,군사사연구총서군사사(국제분쟁사등)연구용역(과제5),중앙행정기관
미래 예비군 차등화 편성ㆍ관리개념 연구용역,육군본부,19000000.0,84.76,2017-02-27,사단법인 한국국가전략연구원,한민구,이상규,"서울특별시 용산구 한강대로62길41, 3층 (한강로1가)",19000000.0,84.76,미래 예비군 차등화 편성ㆍ관리개념 연구용역,군
현역-초기대응  예비군-전쟁승리 개념연구 용역,육군본부,27000000.0,79.651,2017-02-24,사단법인 안보경영연구원,전건욱,황병윤,"서울특별시 강남구 언주로527, 10층 (역삼동)",27000000.0,79.651,현역-초기대응  예비군-전쟁승리 개념연구 용역,군
국방산업혁신펀드(가칭) 시행방안 연구,국방부(운영지원과),,,,,,,,,,국방산업혁신펀드(가칭) 시행방안 연구,중앙행정기관
국방산업혁신펀드(가칭) 시행방안 연구,국방부(운영지원과),,,,,,,,,,국방산업혁신펀드(가칭) 시행방안 연구,중앙행정기관
2017 서울안보대화 프로그램 기획 및 발전방안 연구,국방부(운영지원과),,,,,,,,,,2017 서울안보대화 프로그램 기획 및 발전방안 연구,중앙행정기관
2017 서울안보대화 프로그램 기획 및 발전방안 연구,국방부(운영지원과),,,,,,,,,,2017 서울안보대화 프로그램 기획 및 발전방안 연구,중앙행정기관
반환 미군기지 매각 활성화를 위한 처분 방안 연구,국방부(운영지원과),26885000.0,90.996,2017-03-06,주식회사 테크피아엔지니어링종합건축사사무소,백은주,김은민,경기도 광주시 중앙로200-0 (송정동) 203호,26885000.0,90.996,반환 미군기지 매각 활성화를 위한 처분 방안 연구,중앙행정기관
강릉병원 기능조정 연구용역,국군의무사령부,,,,,,,,,,강릉병원 기능조정 연구용역,기관
산악지역에서의 적정 무기체계 및 전투수행 방법 연구,육군교육사령부,21430000.0,88.034,2017-02-07,(사)한국전략문제연구소,박정기,구종우,"서울특별시 용산구 청파로 40, 삼구빌딩 1815호(한강로3가)",21430000.0,88.034,산악지역에서의 적정 무기체계 및 전투수행 방법 연구,군
전투실험 설계 및 결과 분석 방법 연구용역,육군교육사령부,18000000.0,86.131,2017-02-07,사단법인 안보경영연구원,전건욱,황병윤,"서울특별시 강남구 언주로527, 10층 (역삼동)",18000000.0,86.131,전투실험 설계 및 결과 분석 방법 연구용역,군
미군 전투실험 논리 및 기법의 우리군 적용방안 연구,육군교육사령부,20720000.0,82.773,2017-02-07,(사)한국전략문제연구소,박정기,구종우,"서울특별시 용산구 청파로 40, 삼구빌딩 1815호(한강로3가)",20720000.0,82.773,미군 전투실험 논리 및 기법의 우리군 적용방안 연구,군
군 주거지원 법령의 문제점 및 개선방안 연구,국방부(운영지원과),49000000.0,98.989,2017-02-10,법무법인(유한)태평양,서동우,,"서울특별시 종로구 우정국로26(공평동, 센트로폴리스빌딩)",49000000.0,98.989,군 주거지원 법령의 문제점 및 개선방안 연구,중앙행정기관
KF-16 AIFF 점검 및 교환 기술 개발 연구 용역,국군재정관리단,79800000.0,71.59,2017-02-13,세영정보통신(주),이세영,송용재,경상북도 구미시 산호대로 56-1(),79800000.0,71.59,KF-16 AIFF 점검 및 교환 기술 개발 연구 용역,국군재정관리단
18~22 방위산업육성 기본계획 수립을 위한 정책연구,방위사업청(운영지원과),99000000.0,99.0,2017-03-06,산업연구원,주현,,세종특별자치시  시청대로370-0,99000000.0,99.0,18~22 방위산업육성 기본계획 수립을 위한 정책연구,중앙행정기관
군사사연구총서 제6집 6.25관련주제 연구용역 (과제1),국방부군사편찬연구소,2700000.0,90.0,2017-03-09,국방대학교산학협력단,이문걸,김채미,충청남도 논산시 양촌면 황산벌로1040,2700000.0,90.0,군사사연구총서 제6집 6.25관련주제 연구용역 (과제1),중앙행정기관
해상작전헬기 2차사업 기종결정 평가항목/가중치 연구,방위사업청(운영지원과),44000000.0,88.0,2017-03-24,(재)한국산업개발연구원,백훈,,서울특별시 서초구 남부순환로319길 13(서초동),44000000.0,88.0,해상작전헬기 2차사업 기종결정 평가항목/가중치 연구,중앙행정기관
최근 전력화 장비·물자 ILS 분석 및 개선방안 연구,국방부(운영지원과),80000000.0,90.726,2017-04-28,사단법인 미래안보산업전략연구원,박종재,박종재,서울특별시 영등포구 영등포로35길10-0 (영등포동6가) 8층 809호,80000000.0,90.726,최근 전력화 장비·물자 ILS 분석 및 개선방안 연구,중앙행정기관
방위사업 국제공동연구개발 가이드라인 연구,방위사업청(운영지원과),59889431.0,99.815,2017-06-01,법무법인(유한) 광장,김상곤,,"서울특별시 중구 남대문로63 (남대문로2가,한진빌딩)",59889431.0,99.815,방위사업 국제공동연구개발 가이드라인 연구,중앙행정기관
고속전투정 기지건설 방안 연구 용역,제9691부대,,,,,,,,,,고속전투정 기지건설 방안 연구 용역,제9691부대
군 지역 유무인기 통합운용 안정성 연구 용역,제9691부대,17200000.0,77.202,2017-04-28,재단법인 한국군사문제연구원,김형철,이수행,"경기도 성남시 수정구 위례대로83(창곡동, 국방문화센터)",17200000.0,77.202,군 지역 유무인기 통합운용 안정성 연구 용역,제9691부대
상륙작전에 적합한 4.2대체전력 확보 연구 용역,제9691부대,17800000.0,83.174,2017-04-28,주식회사 베테랑콤,이재평,이재평,서울특별시 서초구 서초동1432-13 202,17800000.0,83.174,상륙작전에 적합한 4.2대체전력 확보 연구 용역,제9691부대
사이버전문인력 육성을 위한 교육 및 개선방안 연구,국방부(운영지원과),35000000.0,84.175,2017-04-28,고려대학교산학협력단,권정환,정기쁨,"서울특별시 성북구 안암로145 (안암동5가, 고려대학교)",35000000.0,84.175,사이버전문인력 육성을 위한 교육 및 개선방안 연구,중앙행정기관
정보학교 드론 연구용역,제7군단,19500000.0,79.473,2017-04-11,한양대학교 산학협력단,변중무,유선희,"서울특별시 성동구 왕십리로 222, 한양대학교 내 한양종합기술연구원 110호(행당동)",19500000.0,79.473,정보학교 드론 연구용역,제7군단
정보학교 사이버공간정보 연구용역,제7군단,,,,,,,,,,정보학교 사이버공간정보 연구용역,제7군단
정보학교 사이버공간정보 연구용역,제7군단,18500000.0,94.201,2017-04-18,사단법인군사정보발전연구소,조보근,석봉한,서울특별시 광진구 천호대로524-0 (군자동),18500000.0,94.201,정보학교 사이버공간정보 연구용역,제7군단
우수인재의 개념과 자격기준 연구용역,육군본부,,,,,,,,,,우수인재의 개념과 자격기준 연구용역,군
2017 PACC & PAMS 연구용역,육군본부,,,,,,,,,,2017 PACC & PAMS 연구용역,군
2017 PACC & PAMS 연구용역,육군본부,,,,,,,,,,2017 PACC & PAMS 연구용역,군
2017년 범국민 안보의식조사 연구용역,국군재정관리단,68800000.0,97.796,2017-05-15,주식회사 현대리서치,김용섭,황예진,"서울특별시 서초구 강남대로6길11 선우빌딩 4,5층 (양재동)",68800000.0,97.796,2017년 범국민 안보의식조사 연구용역,국군재정관리단
병영환경 및 상담대상자 특성과 연계한 상담기법 연구,육군교육사령부,15690000.0,82.788,2017-04-07,사단법인 대한군상담학회,김완일,권소영,서울특별시 서초구 과천대로946 (방배우성아파트 상가) 302호,15690000.0,82.788,병영환경 및 상담대상자 특성과 연계한 상담기법 연구,군
계층별 리더십 핵심역량 정립 연구용역,제9691부대,25520000.0,82.93,2017-04-14,(사)한국능률협회,최권석,주현도,"서울특별시 영등포구 의사당대로22, 8층 9층 10층(여의도동, 이룸센터)",25520000.0,82.93,계층별 리더십 핵심역량 정립 연구용역,제9691부대
공군기지 작전환경을 고려한 무인기 운영방안 연구,공군본부,28900000.0,99.737,2017-04-07,재단법인 한국군사문제연구원,김형철,이수행,"경기도 성남시 수정구 위례대로83(창곡동, 국방문화센터)",28900000.0,99.737,공군기지 작전환경을 고려한 무인기 운영방안 연구,군
공군기지 작전환경을 고려한 무인기 운영방안 연구,공군본부,,,,,,,,,,공군기지 작전환경을 고려한 무인기 운영방안 연구,군
군시설 공사비 기준단가 산정 연구용역,국군재정관리단,126086000.0,97.114,2017-04-03,(주)에프오알엠도시건축공간연구소,권시형,권시형,"서울특별시 송파구 법원로11길25-0, A동 1310호(문정동, 에이치비즈니스파크)",126086000.0,97.114,군시설 공사비 기준단가 산정 연구용역,국군재정관리단
전투준비태세 평가체계 발전방향 연구,국방부(운영지원과),24150000.0,83.997,2017-04-03,사단법인 안보경영연구원,전건욱,황병윤,"서울특별시 강남구 언주로527, 10층 (역삼동)",24150000.0,83.997,전투준비태세 평가체계 발전방향 연구,중앙행정기관
교육연구자료 원문 DB 구축 용역,국방대학교,8095360.0,88.606,2017-03-23,(주)미래스캔,채규수,채규수,"경기도 화성시 동탄첨단산업1로27 (영천동, 금강 펜테리움아이엑스타워) A동1708,1709호",8095360.0,88.606,교육연구자료 원문 DB 구축 용역,중앙행정기관
군 의료 혁신을 위한 의료전달체계 개편 연구용역,국군재정관리단,,,,,,,,,,군 의료 혁신을 위한 의료전달체계 개편 연구용역,국군재정관리단
군 의료 혁신을 위한 의료전달체계 개편 연구용역,국군재정관리단,,,,,,,,,,군 의료 혁신을 위한 의료전달체계 개편 연구용역,국군재정관리단
화생방 환자 진료를 위한 군 병원 개선 방안 연구용역,국군의무사령부,31957000.0,80.845,2017-04-18,사단법인 통일안보전략연구소,강우철,강우철,서울특별시 용산구 이태원로29-0 (용산동1가) 전쟁기념관 435호,31957000.0,80.845,화생방 환자 진료를 위한 군 병원 개선 방안 연구용역,기관
한국형 임무형 지휘와 리더십 관계 정립 연구용역,육군교육사령부,,,,,,,,,,한국형 임무형 지휘와 리더십 관계 정립 연구용역,군
장거리공대지유도탄 2차사업 운용요구서 연구,방위사업청(운영지원과),38000000.0,90.476,2017-05-16,사단법인 안보경영연구원,전건욱,,"서울특별시 강남구 언주로527, 10층 (역삼동)",38000000.0,90.476,장거리공대지유도탄 2차사업 운용요구서 연구,중앙행정기관
박옥규 제독 평전 제작 연구 용역,해군본부,15900000.0,71.48,2017-04-06,사단법인 대한민국해군발전협회,엄현성,이종범,서울특별시 영등포구 여의대방로43나길20-0 (신길동),15900000.0,71.48,박옥규 제독 평전 제작 연구 용역,군
함정 연구개발 군 요구조건 관리방안 연구용역,해군본부,25000000.0,86.458,2017-03-24,서울대학교 산학협력단,김재영,김현숙,서울특별시 관악구 관악로1 (신림동),25000000.0,86.458,함정 연구개발 군 요구조건 관리방안 연구용역,군
4차 산업혁명 기술 함정적용 방안 연구용역,해군본부,22600000.0,76.596,2017-04-03,해군사관학교 산학협력단,홍순국,이형민,"경상남도 창원시 진해구 중원로1-0 (남빈동, 해군사관학교내)",22600000.0,76.596,4차 산업혁명 기술 함정적용 방안 연구용역,군
무인수상정 탑재운용 군 요구조건 도출 연구용역,해군본부,24900000.0,85.445,2017-04-19,호원대학교 산학협력단,정의붕,김정일,"전라북도 군산시 임피면 호원대3길 64,",24900000.0,85.445,무인수상정 탑재운용 군 요구조건 도출 연구용역,군
확산탄에 의한 활주로 피해양상 연구용역,국군재정관리단,68706000.0,99.706,2017-03-31,주식회사 한솔엔지니어링글로벌,김한용,김미진,서울특별시 송파구 올림픽로505-0 (풍납동),68706000.0,99.706,확산탄에 의한 활주로 피해양상 연구용역,국군재정관리단
철근콘크리트 방폭문 파괴거동분석 및 실증실험 연구,육군공병학교,,,,,,,,,,철근콘크리트 방폭문 파괴거동분석 및 실증실험 연구,군
차기 C4I체계 성능개량 및 유지보수방안 연구,해군본부,30182000.0,80.79,2017-04-11,사단법인 국방지능정보기술융합협회,채수장,정시영,"서울특별시 동작구 상도로133, 5층 (상도동, 두덕빌딩)",30182000.0,80.79,차기 C4I체계 성능개량 및 유지보수방안 연구,군
지상작전과 연계한 사이버전 수행방안 연구,육군본부,23200000.0,69.716,2017-06-07,(주)두두아이티,박영선,김중곤,"서울특별시 금천구 가마산로96-0, 213호(가산동, 대륭테크노타운8차)",23200000.0,69.716,지상작전과 연계한 사이버전 수행방안 연구,군
美 안보지원관리교범(SAMM) 최신화 및 번역 연구,방위사업청(운영지원과),20000000.0,80.0,2017-06-09,사단법인 한국방위사업연구원,장복철,,서울특별시 용산구 새창로128-1 (용문동) 2층,20000000.0,80.0,美 안보지원관리교범(SAMM) 최신화 및 번역 연구,중앙행정기관
상호운용성 정보보증 평가기준 고도화 방안 연구,합동상호운용성기술센터,,,,,,,,,,상호운용성 정보보증 평가기준 고도화 방안 연구,합동상호운용성기술센터
상호운용성 정보보증 평가기준 고도화 방안 연구,합동상호운용성기술센터,,,,,,,,,,상호운용성 정보보증 평가기준 고도화 방안 연구,합동상호운용성기술센터
차세대 인터넷쇼핑몰 구축 정보전략계획 연구용역,국군복지단,,,,,,,,,,차세대 인터넷쇼핑몰 구축 정보전략계획 연구용역,국군복지단
차세대 인터넷쇼핑몰 구축 정보전략계획 연구용역,국군복지단,,,,,,,,,,차세대 인터넷쇼핑몰 구축 정보전략계획 연구용역,국군복지단
국방아키텍처 메타모델 표준화 구축 및 활용방안 연구,합동상호운용성기술센터,40000000.0,80.938,2017-06-02,아주대학교 산학협력단,김상인,송문수,"경기도 수원시 영통구 월드컵로 206(원천동, 아주대학교)",40000000.0,80.938,국방아키텍처 메타모델 표준화 구축 및 활용방안 연구,합동상호운용성기술센터
17년 EMP 방호 성능유지 향상방안 연구용역,국군재정관리단,89000000.0,75.704,2017-06-12,(주)한국기술연구소,민경찬,송승현,경기도 광주시 도척면 상림리51-19,89000000.0,75.704,17년 EMP 방호 성능유지 향상방안 연구용역,국군재정관리단
잠수함 업체주도 연구개발 장비의 시험평가 방안,합동참모본부,,,,,,,,,,잠수함 업체주도 연구개발 장비의 시험평가 방안,합동참모본부
국방규격에서 인용 중인 폐지된 KS 제정 연구,방위사업청(운영지원과),48900000.0,97.8,2017-06-23,한국표준협회,강명수,,"서울특별시 강남구 테헤란로69길5(삼성동,DT센터)",48900000.0,97.8,국방규격에서 인용 중인 폐지된 KS 제정 연구,중앙행정기관
군 의사결정 지원을 위한 빅데이터 활용방안 연구용역,합동참모본부,21806000.0,87.224,2017-06-02,국방대학교산학협력단,이문걸,김채미,충청남도 논산시 양촌면 황산벌로1040,21806000.0,87.224,군 의사결정 지원을 위한 빅데이터 활용방안 연구용역,합동참모본부
함정 상가 위치 및 횡경사 측정시스템 연구개발용역,국군재정관리단,129858900.0,87.873,2017-05-17,(주)디에이치기술단,정병훈,최임찬,"부산광역시 연제구 중앙대로1054번길6, 5층 (연산동)",129858900.0,87.873,함정 상가 위치 및 횡경사 측정시스템 연구개발용역,국군재정관리단
항공우주력 국제학술회의 연구용역,공군본부,,,,,,,,,,항공우주력 국제학술회의 연구용역,군
국방보안관리사 자격신설 연구,국방부(운영지원과),45000000.0,100.0,2017-05-29,한국직업능력연구원,류장수,김형민,세종특별자치시  시청대로370 세종국책연구단지 사회정책동,45000000.0,100.0,국방보안관리사 자격신설 연구,중앙행정기관
영상판독사 자격신설 연구,국방부(운영지원과),45000000.0,100.0,2017-05-29,한국직업능력연구원,류장수,김형민,세종특별자치시  시청대로370 세종국책연구단지 사회정책동,45000000.0,100.0,영상판독사 자격신설 연구,중앙행정기관
직ㆍ간접 전투경험 공유 확대 연구용역,육군본부,15655720.0,77.457,2017-05-23,(사)21세기군사연구소,김진욱,박계향,"서울특별시 금천구 가산디지털2로184, 10층 1017호(가산동, 벽산디지털밸리2차)",15655720.0,77.457,직ㆍ간접 전투경험 공유 확대 연구용역,군
적 사이버공격 의도분석 지표개발 및 평가방안 연구,국방부(운영지원과),32000000.0,84.217,2017-05-24,대전대학교 산학협력단,이영환,전영은,대전광역시 동구 대학로62-0 (용운동),32000000.0,84.217,적 사이버공격 의도분석 지표개발 및 평가방안 연구,중앙행정기관
KMTF기반 국방정보체계 연동 고도화 방안 연구,합동상호운용성기술센터,46736191.0,95.189,2017-05-26,(주)도전하는사람들,송태현,박진주,"서울특별시 구로구 디지털로26길61, 에이스하이엔드타워2차 2001호 (구로동)",46736191.0,95.189,KMTF기반 국방정보체계 연동 고도화 방안 연구,합동상호운용성기술센터
상호운용성 평가 업무의 정량화 모델에 관한 연구,합동상호운용성기술센터,,,,,,,,,,상호운용성 평가 업무의 정량화 모델에 관한 연구,합동상호운용성기술센터
AI기반 군집 UAV 해상작전 적용 가능성 연구용역,국군재정관리단,96000000.0,96.457,2017-05-15,울산과학기술원,이용훈,김재현,울산광역시 울주군 언양읍 유니스트길50-0 울산과학기술원,96000000.0,96.457,AI기반 군집 UAV 해상작전 적용 가능성 연구용역,국군재정관리단
동원선박 자원관리 구축방안 연구용역,국군재정관리단,77200000.0,97.359,2017-05-15,목포해양대학교 산학협력단,양창조,이정암,전라남도 목포시 해양대학로 91(죽교동),77200000.0,97.359,동원선박 자원관리 구축방안 연구용역,국군재정관리단
국방 시뮬레이터 운용실태 및 발전방안에 관한 연구,합동참모본부,25000000.0,98.285,2017-05-17,사단법인 안보경영연구원,전건욱,황병윤,"서울특별시 강남구 언주로527, 10층 (역삼동)",25000000.0,98.285,국방 시뮬레이터 운용실태 및 발전방안에 관한 연구,합동참모본부
소화기 소음기 선행연구용역,국군재정관리단,65840000.0,95.517,2017-06-12,사단법인 국방지능정보기술융합협회,채수장,경상현,"서울특별시 동작구 상도로133, 5층 (상도동, 두덕빌딩)",65840000.0,95.517,소화기 소음기 선행연구용역,국군재정관리단
군수부대 저장시설 기동화 방안 연구용역,국군재정관리단,50000000.0,78.663,2017-05-29,사단법인 안보경영연구원,전건욱,황병윤,"서울특별시 강남구 언주로527, 10층 (역삼동)",50000000.0,78.663,군수부대 저장시설 기동화 방안 연구용역,국군재정관리단
부대소개영화 제작 용역(연구단),공군본부,24045000.0,81.253,2017-05-22,주식회사 단군픽쳐스,조상환,조상환,"서울특별시 마포구 성산로2길55, 602호(성산동, 샤인빌딩)",24045000.0,81.253,부대소개영화 제작 용역(연구단),군
한국형 군경력 학점전환제 마련에 관한 연구,국방부(운영지원과),47000000.0,97.571,2017-07-14,상명대학교산학협력단,유훈,이우학,"서울특별시 종로구 홍지문2길20-0 (홍지동, 상명대학교)",47000000.0,97.571,한국형 군경력 학점전환제 마련에 관한 연구,중앙행정기관
상륙돌격장갑차-Ⅱ추진전략에 관한 연구용역,제9691부대,,,,,,,,,,상륙돌격장갑차-Ⅱ추진전략에 관한 연구용역,제9691부대
LMS(학습관리시스템) 개념 연구용역,국군간호사관학교,38500000.0,96.886,2017-06-30,주식회사 미주씨앤디,김근채,오세형,"대전광역시 서구 대덕대로249번길30-0, 403호(둔산동, 베스트피엘씨빌딩)",38500000.0,96.886,LMS(학습관리시스템) 개념 연구용역,기관
복합식 소해장비 자기/음향 측정장비 연구개발 사업,국군재정관리단,1750000000.0,73.8,2017-09-08,대양전기공업(주),서영우,배정원,부산광역시 사하구 장평로 245(),1750000000.0,73.8,복합식 소해장비 자기/음향 측정장비 연구개발 사업,국군재정관리단
신분별 직무분석을 통한 적정 계급구조 연구,공군본부,,,,,,,,,,신분별 직무분석을 통한 적정 계급구조 연구,군
신분별 직무분석을 통한 적정 계급구조 연구,공군본부,,,,,,,,,,신분별 직무분석을 통한 적정 계급구조 연구,군
사회공학기법과 사이버 작전과의 연계성 연구,4284부대,,,,,,,,,,사회공학기법과 사이버 작전과의 연계성 연구,4284부대
사회공학기법과 사이버 작전과의 연계성 연구,4284부대,34000000.0,93.245,2017-08-02,육군사관학교 산학협력단,김주희,김종환,서울특별시 노원구 화랑로574-0 (공릉동),34000000.0,93.245,사회공학기법과 사이버 작전과의 연계성 연구,4284부대
민관군 상생을 위한 다락대훈련장 운영방안 연구용역,육군본부,26950000.0,91.394,2017-07-26,유한회사 갈등조정센터,백도현,백도현,"경기도 성남시 분당구 탄천상로164, A동 2층 247호(구미동, 시그마2오피스텔)",26950000.0,91.394,민관군 상생을 위한 다락대훈련장 운영방안 연구용역,군
헬기ㆍUAV 전력화 고려 타군비행장 활용방안 연구용역,육군본부,29167000.0,73.809,2017-07-14,한양대학교 산학협력단,변중무,유선희,"서울특별시 성동구 왕십리로 222, 한양대학교 내 한양종합기술연구원 110호(행당동)",29167000.0,73.809,헬기ㆍUAV 전력화 고려 타군비행장 활용방안 연구용역,군
『국방표준서 제정』연구,방위사업청(운영지원과),99990000.0,99.99,2017-08-24,(재)한국화학융합시험연구원,김현철,이창환,경기도 과천시 교육원로98(중앙동),99990000.0,99.99,『국방표준서 제정』연구,중앙행정기관
전시 효율적 해외구매 방안에 관한 연구,방위사업청(운영지원과),40038000.0,88.973,2017-07-28,국방대학교산학협력단,이문걸,이창환,충청남도 논산시 양촌면 황산벌로1040,40038000.0,88.973,전시 효율적 해외구매 방안에 관한 연구,중앙행정기관
국방 인공지능(AI) 활용 실증기획 연구,국방부(운영지원과),82300000.0,100.0,2017-08-08,광주과학기술원,임기철,박한미,광주광역시 북구 첨단과기로123 (오룡동),82300000.0,100.0,국방 인공지능(AI) 활용 실증기획 연구,중앙행정기관
실전적 모의지원 연구,합동참모본부,48000000.0,97.063,2017-06-15,사단법인 안보경영연구원,전건욱,황병윤,"서울특별시 강남구 언주로527, 10층 (역삼동)",48000000.0,97.063,실전적 모의지원 연구,합동참모본부
국방기상 빅데이터 통합을 위한 정책연구,공군본부,,,,,,,,,,국방기상 빅데이터 통합을 위한 정책연구,군
국방기상 빅데이터 통합을 위한 정책연구,공군본부,,,,,,,,,,국방기상 빅데이터 통합을 위한 정책연구,군
방산 용역 원가 및 이윤제도 개선방안 연구,방위사업청(운영지원과),49000000.0,98.0,2017-07-26,사단법인 미래안보산업전략연구원,박종재,이창환,서울특별시 영등포구 영등포로35길10-0 (영등포동6가) 8층 809호,49000000.0,98.0,방산 용역 원가 및 이윤제도 개선방안 연구,중앙행정기관
OO사단 등 부대개편부대이전사업 선행연구 용역,국군재정관리단,70562996.0,66.062,2017-08-01,(주)에프오알엠도시건축공간연구소,권시형,권시형,"서울특별시 송파구 법원로11길25-0, A동 1310호(문정동, 에이치비즈니스파크)",70562996.0,66.062,OO사단 등 부대개편부대이전사업 선행연구 용역,국군재정관리단
해군박물관 기본개념 선행연구용역,국군재정관리단,58500000.0,67.683,2017-07-03,숙명여자대학교산학협력단,오중산,김영숙,"서울특별시 용산구 청파로47길 100, 숙명여자대학교내(청파동2가)",58500000.0,67.683,해군박물관 기본개념 선행연구용역,국군재정관리단
17-공군 사이버보안 교육 및 관리체계 구축 연구 용역,공군교육사령부,32000000.0,93.428,2017-07-13,대전대학교 산학협력단,이영환,전영은,대전광역시 동구 대학로62-0 (용운동),32000000.0,93.428,17-공군 사이버보안 교육 및 관리체계 구축 연구 용역,군
자동전사시스템 연구 용역,제3707부대,133100000.0,96.734,2017-07-27,주식회사 루키스,김종성,조길래,"서울특별시 성동구 성수일로4길25, 16층 (성수동2가, 서울숲코오롱디지털타워 1차)",133100000.0,96.734,자동전사시스템 연구 용역,제3707부대
공군 무기체계 EMP 방호능력 향상 방안 연구,공군본부,30000000.0,77.129,2017-07-03,주식회사 한국전자파연구소,장세희,홍주의,세종특별자치시  연동면 원합강1길50-0,30000000.0,77.129,공군 무기체계 EMP 방호능력 향상 방안 연구,군
전력지원체계 획득법령 제정에 관한 연구,국방부(운영지원과),48000000.0,99.626,2017-07-12,(주)한신솔루션,노희영,유재은,"서울특별시 서초구 서초중앙로20길 24, 서종빌딩 4층(서초동)",48000000.0,99.626,전력지원체계 획득법령 제정에 관한 연구,중앙행정기관
부품단종 정보획득 및 관리 시범사업 연구,국방부(운영지원과),59800000.0,92.116,2017-07-12,(주)레오이노비젼,백원철,양승국,"서울특별시 금천구 디지털로9길 33, IT미래타워 1905(가산동)",59800000.0,92.116,부품단종 정보획득 및 관리 시범사업 연구,중앙행정기관
국내 연구개발 항공무장 확보 방안 연구,국방부(운영지원과),36000000.0,80.0,2017-07-07,국민대학교산학협력단,이인형,오승환,"서울특별시 성북구 정릉로 77, 국민대학교내(정릉동)",36000000.0,80.0,국내 연구개발 항공무장 확보 방안 연구,중앙행정기관
ATCIS 2차 성능개량사업 연구,방위사업청(운영지원과),15730000.0,85.269,2017-07-11,주식회사 씨이지앤드플러스,김규형,,"서울특별시 용산구 한강대로109-0 (한강로2가),404호(용성비즈텔)",15730000.0,85.269,ATCIS 2차 성능개량사업 연구,중앙행정기관
과학에 기초한 장병 정신교육 연구용역,육군본부,,,,,,,,,,과학에 기초한 장병 정신교육 연구용역,군
장병 스트레스평정체계 개선 연구용역 계약,공군본부,20000000.0,95.238,2017-07-28,서울여자대학교 산학협력단,홍헬렌,박연선,"서울특별시 노원구 화랑로 621(공릉동, 서울여자대학교)",20000000.0,95.238,장병 스트레스평정체계 개선 연구용역 계약,군
개전초 동원긴요부대 전시 완정성 보장 방안 연구,육군본부,,,,,,,,,,개전초 동원긴요부대 전시 완정성 보장 방안 연구,군
개전초 동원긴요부대 전시 완정성 보장 방안 연구,육군본부,15490000.0,79.705,2017-07-31,자주국방네트워크,신인균,신인균,"서울특별시 서초구 서운로 226, 서초오피스텔 404호(서초동)",15490000.0,79.705,개전초 동원긴요부대 전시 완정성 보장 방안 연구,군
미래 예비군훈련 제도 종합발전 방안 연구,육군본부,,,,,,,,,,미래 예비군훈련 제도 종합발전 방안 연구,군
국방 인공지능(AI) 활용 실증기획 연구,국방부(운영지원과),,,,,,,,,,국방 인공지능(AI) 활용 실증기획 연구,중앙행정기관
군 간부 획득환경 변화에 대비한 선발제도 방안 연구,국방부(운영지원과),61191900.0,92.365,2018-07-13,상명대학교산학협력단,유훈,김수권,"서울특별시 종로구 홍지문2길20-0 (홍지동, 상명대학교)",61191900.0,92.365,군 간부 획득환경 변화에 대비한 선발제도 방안 연구,중앙행정기관
민수용 드론의 비행기지 작전지원 활용방안 연구,공군본부,25500000.0,85.0,2018-07-30,아주대학교 산학협력단,김상인,성진숙,"경기도 수원시 영통구 월드컵로 206(원천동, 아주대학교)",25500000.0,85.0,민수용 드론의 비행기지 작전지원 활용방안 연구,군
2018년 범국민 안보의식조사 연구 용역,국군재정관리단,60000000.0,99.096,2018-05-28,주식회사 현대리서치,김용섭,조반석,"서울특별시 서초구 강남대로6길11 선우빌딩 4,5층 (양재동)",60000000.0,99.096,2018년 범국민 안보의식조사 연구 용역,국군재정관리단
영평사격장 이전 가능성 연구,국방부(운영지원과),45000000.0,97.921,2018-06-01,대진대학교 산학협력단,김명운,최선미,"경기도 포천시 호국로 1007, 대진대학교 산학협력단(선단동)",45000000.0,97.921,영평사격장 이전 가능성 연구,중앙행정기관
공군합성전장(LVC)훈련체계구축개념구체화방안연구,국군재정관리단,142000000.0,95.987,2018-06-21,한길씨앤씨 주식회사,신용인,김홍정,"서울특별시 금천구 서부샛길632-0 (가산동, 대륭테크노타운5)",142000000.0,95.987,공군합성전장(LVC)훈련체계구축개념구체화방안연구,국군재정관리단
군 C4I체계 보호방안 연구 용역,합동참모본부,,,,,,,,,,군 C4I체계 보호방안 연구 용역,합동참모본부
군 C4I체계 보호방안 연구 용역,합동참모본부,28350000.0,89.843,2018-08-03,주식회사 안보기술연구원,경상현,경상현,"경기도 안양시 만안구 만안로49, 519호(안양동, 호정타워)",28350000.0,89.843,군 C4I체계 보호방안 연구 용역,합동참모본부
국방정보통신망 구축방향 연구 용역,합동참모본부,37600000.0,80.0,2018-07-18,주식회사 안보기술연구원,경상현,경상현,"경기도 안양시 만안구 만안로49, 519호(안양동, 호정타워)",37600000.0,80.0,국방정보통신망 구축방향 연구 용역,합동참모본부
소규모 정보체계 개발방법론 연구,국방전산정보원,29800000.0,79.935,2018-08-08,주식회사 브이웨이,노경현,홍성현,"서울특별시 중구 퇴계로243, 5층 501호 (충무로5가, 평광빌딩)",29800000.0,79.935,소규모 정보체계 개발방법론 연구,중앙행정기관
폭파구 피해복구 보조기층 다짐도 측정방법 연구,공군본부,,,,,,,,,,폭파구 피해복구 보조기층 다짐도 측정방법 연구,군
전평시 군수부대 기동화 방안 연구용역,국군재정관리단,75000000.0,88.191,2018-08-01,인천대학교 산학협력단,김규원,김연경,"인천광역시 연수구 갯벌로27, 인천대학교 이노베이션센터(송도동)",75000000.0,88.191,전평시 군수부대 기동화 방안 연구용역,국군재정관리단
공군 탄약 저장시설 지하터널화 방안 연구,공군본부,,,,,,,,,,공군 탄약 저장시설 지하터널화 방안 연구,군
가상현실 및 증강현실 기술적용 방안 연구,공군본부,30226350.0,96.472,2018-06-25,충남대학교 산학협력단,김용주,지재필,"대전광역시 유성구 대학로 99(궁동, 충남대학교)",30226350.0,96.472,가상현실 및 증강현실 기술적용 방안 연구,군
정보체계 취약점 진단을 위한 모의환경 구축방안 연구,4284부대,38500000.0,83.102,2018-08-01,(주)두두아이티,박영선,김중곤,"서울특별시 금천구 가마산로96-0, 213호(가산동, 대륭테크노타운8차)",38500000.0,83.102,정보체계 취약점 진단을 위한 모의환경 구축방안 연구,4284부대
청년 장병 군내 일자리 창출 방안에 따른 연구용역,공군본부,24900000.0,98.131,2018-05-31,(주) 한국능률협회컨설팅,한수희,이형원,서울특별시 영등포구 여의공원로 101(여의도동),24900000.0,98.131,청년 장병 군내 일자리 창출 방안에 따른 연구용역,군
병력책정 기준연구(비행대대 조직구조 개선방안),공군본부,,,,,,,,,,병력책정 기준연구(비행대대 조직구조 개선방안),군
병력책정 기준연구(비행대대 조직구조 개선방안),공군본부,,,,,,,,,,병력책정 기준연구(비행대대 조직구조 개선방안),군
병력책정기준(정보통신분야 임무/기능 적절성 연구),공군본부,,,,,,,,,,병력책정기준(정보통신분야 임무/기능 적절성 연구),군
초소형 전술위성체계 구축방안 연구,공군본부,34000000.0,97.158,2018-06-15,연세대학교 산학협력단,김지현,이혜진,"서울특별시 서대문구 연세로 50, 연세대학교(신촌동)",34000000.0,97.158,초소형 전술위성체계 구축방안 연구,군
공군 방공포부대 이전 요구 연구용역,공군본부,,,,,,,,,,공군 방공포부대 이전 요구 연구용역,군
공군 방공포부대 이전 요구 연구용역,공군본부,,,,,,,,,,공군 방공포부대 이전 요구 연구용역,군
2.75유도로켓 창정비 비용 대 효과분석 연구용역,제9691부대,18000000.0,74.925,2018-05-18,재단법인 한국군사문제연구원,김형철,이수행,"경기도 성남시 수정구 위례대로83(창곡동, 국방문화센터)",18000000.0,74.925,2.75유도로켓 창정비 비용 대 효과분석 연구용역,제9691부대
해병대 무인화전투체계 도입방안 연구용역,제9691부대,25490000.0,67.06,2018-05-18,사단법인 한국국방발전연구원,김효근,이경생,서울특별시 강동구 양재대로1377 (성내동 삼원빌딩 408호),25490000.0,67.06,해병대 무인화전투체계 도입방안 연구용역,제9691부대
해강안 경계철책 철거(대체)관련 설계 연구 용역,국방부(운영지원과),,,,,,,,,,해강안 경계철책 철거(대체)관련 설계 연구 용역,중앙행정기관
해강안 경계철책 철거(대체)관련 설계 연구 용역,국방부(운영지원과),,,,,,,,,,해강안 경계철책 철거(대체)관련 설계 연구 용역,중앙행정기관
00국가 해커추적 및 정보수집방안 연구,4284부대,86000000.0,86.344,2018-08-30,주식회사 화이트스캔,안은희,안은희,"서울특별시 용산구 한강대로30길25 (한강로2가, 아스테리움 용산) 11층 2호",86000000.0,86.344,00국가 해커추적 및 정보수집방안 연구,4284부대
낙하산전문포장사 자격신설 연구,국방부(운영지원과),44990000.0,99.977,2018-06-18,한국직업능력연구원,류장수,김형민,세종특별자치시  시청대로370 세종국책연구단지 사회정책동,44990000.0,99.977,낙하산전문포장사 자격신설 연구,중앙행정기관
손상통제사 자격신설 연구,국방부(운영지원과),,,,,,,,,,손상통제사 자격신설 연구,중앙행정기관
손상통제사 자격신설 연구,국방부(운영지원과),44990000.0,99.977,2018-06-26,한국직업능력연구원,류장수,김형민,세종특별자치시  시청대로370 세종국책연구단지 사회정책동,44990000.0,99.977,손상통제사 자격신설 연구,중앙행정기관
민수용 드론의 비행기지 작전지원 활용방안 연구,공군본부,,,,,,,,,,민수용 드론의 비행기지 작전지원 활용방안 연구,군
민수용 드론의 비행기지 작전지원 활용방안 연구,공군본부,,,,,,,,,,민수용 드론의 비행기지 작전지원 활용방안 연구,군
00 군공항 설계기본요구조건 작성 연구용역,국군재정관리단,150000000.0,60.496,2018-06-07,주식회사 도화엔지니어링,손영일,유근영,서울특별시 강남구 삼성로 438(대치동),150000000.0,60.496,00 군공항 설계기본요구조건 작성 연구용역,국군재정관리단
공개출처정보(OSINT) 활용 사이버위협 분석방안 연구,4284부대,39884834.0,90.319,2018-06-26,육군사관학교 산학협력단,김주희,양정학,서울특별시 노원구 화랑로574-0 (공릉동),39884834.0,90.319,공개출처정보(OSINT) 활용 사이버위협 분석방안 연구,4284부대
상호운용성 정보보증 평가기준의 체계별 적용방안연구,합동상호운용성기술센터,48588600.0,99.119,2018-05-09,사)국방정보통신협회,박래호,이철호,"서울특별시 용산구 이태원로29, 421호(용산동1가, 전쟁기념관)",48588600.0,99.119,상호운용성 정보보증 평가기준의 체계별 적용방안연구,합동상호운용성기술센터
교육연구자료 원문 DB 구축 용역,국방대학교,8084500.0,89.198,2018-05-09,(주)우림데이타,이상진,방은옥,"서울특별시 금천구 벚꽃로254-0 (가산동, 월드메르디앙벤처센타) 1109호",8084500.0,89.198,교육연구자료 원문 DB 구축 용역,중앙행정기관
방공전력 발전방향 연구 용역,합동참모본부,,,,,,,,,,방공전력 발전방향 연구 용역,합동참모본부
방공전력 발전방향 연구 용역,합동참모본부,,,,,,,,,,방공전력 발전방향 연구 용역,합동참모본부
한국군 전술데이터링크 표준화 및 발전방안 연구 용역,합동참모본부,,,,,,,,,,한국군 전술데이터링크 표준화 및 발전방안 연구 용역,합동참모본부
한국형 긴급비행장피해체계 개발 연구 용역,공군본부,29920000.0,90.596,2018-05-21,주식회사 웨이브텍,이승모,이승모,경기도 안양시 만안구 일직로94번길15-0 (석수동),29920000.0,90.596,한국형 긴급비행장피해체계 개발 연구 용역,군
급식유통센터 성과분석 및 (경남권)필요성 연구,국방부(운영지원과),,,,,,,,,,급식유통센터 성과분석 및 (경남권)필요성 연구,중앙행정기관
급식유통센터 성과분석 및 (경남권)필요성 연구,국방부(운영지원과),41500000.0,99.939,2018-06-18,주식회사 신나는세상,가회광,가회광,"서울특별시 구로구 디지털로288, 18층 1806호(구로동, 대륭포스트타워1차)",41500000.0,99.939,급식유통센터 성과분석 및 (경남권)필요성 연구,중앙행정기관
공군 리더십 교육프로그램 개발 연구용역,공군사관학교,,,,,,,,,,공군 리더십 교육프로그램 개발 연구용역,군
실전적 모의지원 연구 용역,합동참모본부,,,,,,,,,,실전적 모의지원 연구 용역,합동참모본부
실전적 모의지원 연구 용역,합동참모본부,48000000.0,96.015,2018-08-03,사단법인 안보경영연구원,전건욱,황병윤,"서울특별시 강남구 언주로527, 10층 (역삼동)",48000000.0,96.015,실전적 모의지원 연구 용역,합동참모본부
18-직무분석을 통한 계급/직급 책정기준 연구,해군본부,45000000.0,97.751,2018-07-26,(주)휴먼이퀘이션,이홍민,조명희,"서울특별시 마포구 마포대로 12, 한신오피스텔(마포동)",45000000.0,97.751,18-직무분석을 통한 계급/직급 책정기준 연구,군
18년 수송기술 용역연구,국군수송사령부,26000000.0,89.266,2018-06-20,육군사관학교 산학협력단,김주희,이동희,서울특별시 노원구 화랑로574-0 (공릉동),26000000.0,89.266,18년 수송기술 용역연구,기관
복합무기체계 시험평가 제도개선에 관한 연구,합동참모본부,,,,,,,,,,복합무기체계 시험평가 제도개선에 관한 연구,합동참모본부
복합무기체계 시험평가 제도개선에 관한 연구,합동참모본부,40000000.0,100.0,2018-07-06,서울대학교 산학협력단,김재영,김소미,서울특별시 관악구 관악로1 (신림동),40000000.0,100.0,복합무기체계 시험평가 제도개선에 관한 연구,합동참모본부
4차산업혁명 기반 무기체계 시험평가 발전방안 연구,합동참모본부,38000000.0,95.0,2018-06-28,사단법인 안보경영연구원,전건욱,황병윤,"서울특별시 강남구 언주로527, 10층 (역삼동)",38000000.0,95.0,4차산업혁명 기반 무기체계 시험평가 발전방안 연구,합동참모본부
공개SW 군 확산을 위한 정책수립 연구,국방부(운영지원과),34700000.0,97.967,2018-07-21,주식회사 굿컨설팅그룹,김산회,김산회,"서울특별시 강남구 역삼로17길57, 그랜드빌딩 B1층 (역삼동)",34700000.0,97.967,공개SW 군 확산을 위한 정책수립 연구,중앙행정기관
군 사격장 소음기준 및 비용추계 연구 용역,국방부(운영지원과),94410260.0,98.0,2018-07-25,한국환경연구원,이창훈,전진우,세종특별자치시  반곡동 시청대로370 세종국책연구단지 B동(과학.인프라동) 8-11층,94410260.0,98.0,군 사격장 소음기준 및 비용추계 연구 용역,중앙행정기관
정보역량 강화 연구용역,육군본부,,,,,,,,,,정보역량 강화 연구용역,군
정보역량 강화 연구용역,육군본부,,,,,,,,,,정보역량 강화 연구용역,군
SIEM을 활용한 사이버 침해 경로 도출방안 연구,4284부대,36080000.0,84.894,2018-07-25,(주)두두아이티,박영선,김중곤,"서울특별시 금천구 가마산로96-0, 213호(가산동, 대륭테크노타운8차)",36080000.0,84.894,SIEM을 활용한 사이버 침해 경로 도출방안 연구,4284부대
연구활동 재료(시약) 113종 구매 ,국군재정관리단,68937000.0,88.107,2018-05-02,주식회사 제이에스원,김정숙,김정숙,충청북도 청주시 청원구 사뜸로67번길24-0 (율량동),68937000.0,88.107,연구활동 재료(시약) 113종 구매 ,국군재정관리단
연구활동 재료(초자) 189종 구매,국군재정관리단,55737000.0,88.12,2018-05-02,주식회사 케이제이,김정옥,김정옥,대전광역시 대덕구 대전로1397번안길70-0 (읍내동),55737000.0,88.12,연구활동 재료(초자) 189종 구매,국군재정관리단
기갑및기계화부대 중대급 교전훈련장비 선행연구 용역,국군재정관리단,52000000.0,80.819,2018-06-19,사단법인 미래안보산업전략연구원,박종재,유현국,서울특별시 영등포구 영등포로35길10-0 (영등포동6가) 8층 809호,52000000.0,80.819,기갑및기계화부대 중대급 교전훈련장비 선행연구 용역,국군재정관리단
해병항공해상운용을위한동원선박운용개념연구용역,제9691부대,24800000.0,63.513,2018-06-04,재단법인 한국군사문제연구원,김형철,이수행,"경기도 성남시 수정구 위례대로83(창곡동, 국방문화센터)",24800000.0,63.513,해병항공해상운용을위한동원선박운용개념연구용역,제9691부대
미래 예비전력 역할과 적정규모 편성 연구용역,육군본부,17890000.0,61.089,2018-07-03,자주국방네트워크,신인균,신인균,"서울특별시 서초구 서운로 226, 서초오피스텔 404호(서초동)",17890000.0,61.089,미래 예비전력 역할과 적정규모 편성 연구용역,군
동원전력 내실화 방안 연구용역,육군본부,16790000.0,56.803,2018-07-18,자주국방네트워크,신인균,신인균,"서울특별시 서초구 서운로 226, 서초오피스텔 404호(서초동)",16790000.0,56.803,동원전력 내실화 방안 연구용역,군
KCTC 교전훈련장비 선행연구 용역,육군본부,30000000.0,67.703,2018-06-27,사단법인 한국기업연구원,이승후,문우정,"서울특별시 강남구 도산대로 507, 대신빌딩205호(청담동)",30000000.0,67.703,KCTC 교전훈련장비 선행연구 용역,군
군 사이버훈련장 활용을 통한 사이버전 대응전력 연구,국방부(운영지원과),67956820.0,94.545,2018-06-21,사)국방정보통신협회,박래호,이철호,"서울특별시 용산구 이태원로29, 421호(용산동1가, 전쟁기념관)",67956820.0,94.545,군 사이버훈련장 활용을 통한 사이버전 대응전력 연구,중앙행정기관
해병대리더십교육성과측정체계개발연구용역,제9691부대,28000000.0,95.468,2018-06-29,(주)리서치랩,도정화,배영실,"서울특별시 강남구 테헤란로78길16, 6층 (대치동, 노벨빌딩)",28000000.0,95.468,해병대리더십교육성과측정체계개발연구용역,제9691부대
국방정보화정책 핵심성과지표 가이드라인 연구,국방부(운영지원과),91047000.0,97.9,2018-05-22,주식회사 공공정책성과평가연구원,김동준,노민택,"서울특별시 서초구 방배천로155, 유청빌딩 3층(방배동 821-8)",91047000.0,97.9,국방정보화정책 핵심성과지표 가이드라인 연구,중앙행정기관
해병대 창설 70주년 기념 해병대 서체 제작 연구용역,제9691부대,,,,,,,,,,해병대 창설 70주년 기념 해병대 서체 제작 연구용역,제9691부대
상호운용성성공요인분석을 통한 평가업무발전방안연구,합동상호운용성기술센터,43000000.0,99.49,2018-05-30,주식회사 공공정책성과평가연구원,김동준,노민택,"서울특별시 서초구 방배천로155, 유청빌딩 3층(방배동 821-8)",43000000.0,99.49,상호운용성성공요인분석을 통한 평가업무발전방안연구,합동상호운용성기술센터
연합/합동 연습모의모델 획득 및 운영방안 연구,합동참모본부,41500000.0,98.809,2018-04-18,사단법인 안보경영연구원,전건욱,황병윤,"서울특별시 강남구 언주로527, 10층 (역삼동)",41500000.0,98.809,연합/합동 연습모의모델 획득 및 운영방안 연구,합동참모본부
2018년 서울안보대화 사이버워킹그룹 지원 연구,국방부(운영지원과),42650000.0,95.058,2018-04-24,명지대학교 산학협력단,김영욱,김현정,"경기도 용인시 처인구 명지로 116, 명지대학교(남동)",42650000.0,95.058,2018년 서울안보대화 사이버워킹그룹 지원 연구,중앙행정기관
국방·군사시설기준 부분개정 연구용역,국군재정관리단,86214600.0,91.122,2018-05-16,사단법인 한국군사시설연구소,김진욱,김진욱,"서울특별시 금천구 가산디지털2로184, 1017호(가산동, 벽산.경인디지털밸리2)",86214600.0,91.122,국방·군사시설기준 부분개정 연구용역,국군재정관리단
18-해군C4I체계 발전을 위한 연구,해군본부,25500000.0,84.629,2018-03-09,김근우시스템공학기술연구소,김근우,김근우,충청남도 계룡시 두마면 두계리116 계룡대림이-편한세상 109-902,25500000.0,84.629,18-해군C4I체계 발전을 위한 연구,군
RAM 분석 및 군수지원 분석방법 선진화 연구(1차),방위사업청(운영지원과),53900000.0,94.561,2018-03-22,(주)카이엠,정운찬,정운찬,"서울특별시 구로구 디지털로33길11-0 (구로동, 에이스 테크노타워8) 1406호",53900000.0,94.561,RAM 분석 및 군수지원 분석방법 선진화 연구(1차),중앙행정기관
EMP 군 시험기준 정립방안 연구,국방부(운영지원과),28807500.0,75.0,2018-03-20,(재)한국정보통신산업연구원,강창선,김영삼,경기도 수원시 장안구 하률로12번길80-0 (천천동),28807500.0,75.0,EMP 군 시험기준 정립방안 연구,중앙행정기관
육군 미디어전 교리화 연구용역,육군본부,28000000.0,94.224,2018-03-26,사단법인 한국국가전략연구원,한민구,이상규,"서울특별시 용산구 한강대로62길41, 3층 (한강로1가)",28000000.0,94.224,육군 미디어전 교리화 연구용역,군
ISR 자산의 효율적 통합 운용방안 연구,합동참모본부,,,,,,,,,,ISR 자산의 효율적 통합 운용방안 연구,합동참모본부
ISR 자산의 효율적 통합 운용방안 연구,합동참모본부,,,,,,,,,,ISR 자산의 효율적 통합 운용방안 연구,합동참모본부
ISR 자산의 효율적 통합 운용방안 연구,합동참모본부,,,,,,,,,,ISR 자산의 효율적 통합 운용방안 연구,합동참모본부
항공기 상태기반정비(CBM) 공군 적용방안 연구,국방부(운영지원과),32560000.0,91.26,2018-03-27,사단법인 안보경영연구원,전건욱,황병윤,"서울특별시 강남구 언주로527, 10층 (역삼동)",32560000.0,91.26,항공기 상태기반정비(CBM) 공군 적용방안 연구,중앙행정기관
군대의 가치를 표현할 수 있는 의식과 의례 개념 연구,국방부(운영지원과),20747000.0,100.0,2018-03-13,육군사관학교 산학협력단,김주희,김종환,서울특별시 노원구 화랑로574-0 (공릉동),20747000.0,100.0,군대의 가치를 표현할 수 있는 의식과 의례 개념 연구,중앙행정기관
군 간부 자살 특성 및 간부 자살예방시스템 연구,국방부(운영지원과),38900000.0,97.469,2018-04-24,조선대학교 산학협력단,최한철,이광민,"광주광역시 동구 조선대길126(서석동, 조선대학교 내))",38900000.0,97.469,군 간부 자살 특성 및 간부 자살예방시스템 연구,중앙행정기관
18-함정EMP보호대책적용사례분석및개선사항도출연구,해군본부,19500000.0,66.59,2018-03-05,(재)한국정보통신산업연구원,강창선,김영삼,경기도 수원시 장안구 하률로12번길80-0 (천천동),19500000.0,66.59,18-함정EMP보호대책적용사례분석및개선사항도출연구,군
해병대사령부 통.폐합과 재창설에 관한 연구용역,제9691부대,,,,,,,,,,해병대사령부 통.폐합과 재창설에 관한 연구용역,제9691부대
한국형 공지기동부대 작전수행개념 연구용역,제9691부대,11704900.0,67.695,2018-03-12,(재)한국해양전략연구소,정의승,김지현,서울특별시 마포구 월드컵북로5길59 (서교동),11704900.0,67.695,한국형 공지기동부대 작전수행개념 연구용역,제9691부대
미래 한국 해병대의 군구조 연구용역,제9691부대,11704900.0,67.566,2018-03-12,(재)한국해양전략연구소,정의승,김지현,서울특별시 마포구 월드컵북로5길59 (서교동),11704900.0,67.566,미래 한국 해병대의 군구조 연구용역,제9691부대
해무극복용 영상감시체계 선행연구용역,국군재정관리단,47900000.0,81.009,2018-04-06,재단법인 한국군사문제연구원,김형철,이수행,"경기도 성남시 수정구 위례대로83(창곡동, 국방문화센터)",47900000.0,81.009,해무극복용 영상감시체계 선행연구용역,국군재정관리단
18-미래 해상 무인/자율무기체계 개발방향 연구,해군본부,24900000.0,85.567,2018-03-05,한국과학기술원,이광형,주정만,대전광역시 유성구 대학로291-0 (구성동),24900000.0,85.567,18-미래 해상 무인/자율무기체계 개발방향 연구,군
다목적 제설장비 운용기준 재정립 및 대체방안 연구,공군본부,,,,,,,,,,다목적 제설장비 운용기준 재정립 및 대체방안 연구,군
다목적 제설장비 운용기준 재정립 및 대체방안 연구,공군본부,,,,,,,,,,다목적 제설장비 운용기준 재정립 및 대체방안 연구,군
항행안전시설 비행점검장비의 군 필요성...연구,공군본부,,,,,,,,,,항행안전시설 비행점검장비의 군 필요성...연구,군
DIDC 전문인력 강화를 위한 역량 평가모델 연구,국방통합데이터센터,35310000.0,83.991,2018-03-19,(주)두두아이티,박영선,김중곤,"서울특별시 금천구 가마산로96-0, 213호(가산동, 대륭테크노타운8차)",35310000.0,83.991,DIDC 전문인력 강화를 위한 역량 평가모델 연구,중앙행정기관
최신 ICT를 적용한 국방컴퓨터체계 운용 방안 연구,국방통합데이터센터,,,,,,,,,,최신 ICT를 적용한 국방컴퓨터체계 운용 방안 연구,중앙행정기관
최신 ICT를 적용한 국방컴퓨터체계 운용 방안 연구,국방통합데이터센터,,,,,,,,,,최신 ICT를 적용한 국방컴퓨터체계 운용 방안 연구,중앙행정기관
18-P3탑재장비PBL적용타당성검증및성과지표개발연구,해군본부,26900000.0,95.877,2018-03-29,사단법인 안보경영연구원,전건욱,황병윤,"서울특별시 강남구 언주로527, 10층 (역삼동)",26900000.0,95.877,18-P3탑재장비PBL적용타당성검증및성과지표개발연구,군
18-해상종합전술훈련장사업타당성 국내개발가능성연구,해군본부,48000000.0,98.805,2018-03-29,한남대학교 산학협력단,김태동,한상동,대전광역시 유성구 유성대로1646-0 (전민동),48000000.0,98.805,18-해상종합전술훈련장사업타당성 국내개발가능성연구,군
18-P-3 기체수명연장 필요성 및 수행방안 연구,해군본부,28884152.0,99.686,2018-03-29,한국항공대학교 산학협력단,곽재수,김선미,"경기도 고양시 덕양구 항공대학로76-0 (화전동, 한국항공대학교내)",28884152.0,99.686,18-P-3 기체수명연장 필요성 및 수행방안 연구,군
부대활동 유형별 위험성 평가체계 연구용역,육군본부,27500000.0,95.546,2018-03-13,사단법인 한국국방발전연구원,김효근,이경생,서울특별시 강동구 양재대로1377 (성내동 삼원빌딩 408호),27500000.0,95.546,부대활동 유형별 위험성 평가체계 연구용역,군
육군 자살예방교육 프로그램 연구개발,육군본부,,,,,,,,,,육군 자살예방교육 프로그램 연구개발,군
육군 자살예방교육 프로그램 연구개발,육군본부,48500000.0,97.721,2018-04-10,사단법인 한국자살예방협회,민성호,권경모,"서울특별시 중구 을지로6, 재능빌딩 11층 1105, 1106, 1107호",48500000.0,97.721,육군 자살예방교육 프로그램 연구개발,군
NCoE 구현을 위한 합참중심 QoS 모델 연구 용역,합동참모본부,36756500.0,89.063,2018-04-19,아주대학교 산학협력단,김상인,송문수,"경기도 수원시 영통구 월드컵로 206(원천동, 아주대학교)",36756500.0,89.063,NCoE 구현을 위한 합참중심 QoS 모델 연구 용역,합동참모본부
ICT 기술 적용한 미래 지휘통신체계구현 가능성 연구,육군교육사령부,,,,,,,,,,ICT 기술 적용한 미래 지휘통신체계구현 가능성 연구,군
ICT 기술 적용한 미래 지휘통신체계구현 가능성 연구,육군교육사령부,,,,,,,,,,ICT 기술 적용한 미래 지휘통신체계구현 가능성 연구,군
신 작전수행개념 구현을 위한 교리발전 방안 연구용역,육군교육사령부,19999000.0,82.252,2018-03-22,(사)한국전략문제연구소,박정기,구종우,"서울특별시 용산구 청파로 40, 삼구빌딩 1815호(한강로3가)",19999000.0,82.252,신 작전수행개념 구현을 위한 교리발전 방안 연구용역,군
전투발전 연구용역 과제 세미나 수행 용역,육군교육사령부,31000000.0,87.37,2018-03-22,사단법인 한국국가전략연구원,한민구,이상규,"서울특별시 용산구 한강대로62길41, 3층 (한강로1가)",31000000.0,87.37,전투발전 연구용역 과제 세미나 수행 용역,군
용사의 집 운영개념 연구용역,육군인사사령부,24450525.0,99.039,2018-05-03,주식회사 에이치.티.씨,김곤중,문재성,"서울특별시 마포구 서강로136-0 (노고산동, 아이비타워) 5층",24450525.0,99.039,용사의 집 운영개념 연구용역,군
전시 물자동원 실효성 제고방안 연구,국방부(운영지원과),23000000.0,85.084,2018-03-05,사단법인 한국국가전략연구원,한민구,이상규,"서울특별시 용산구 한강대로62길41, 3층 (한강로1가)",23000000.0,85.084,전시 물자동원 실효성 제고방안 연구,중앙행정기관
예비군훈련 적정 보상비 연구,국방부(운영지원과),26050000.0,99.613,2018-03-12,(사)한국전략문제연구소,박정기,구종우,"서울특별시 용산구 청파로 40, 삼구빌딩 1815호(한강로3가)",26050000.0,99.613,예비군훈련 적정 보상비 연구,중앙행정기관
군 범죄피해자 보호·지원을 위한 정책 연구,국방부(운영지원과),30300000.0,90.982,2018-03-05,(사)한국전략문제연구소,박정기,구종우,"서울특별시 용산구 청파로 40, 삼구빌딩 1815호(한강로3가)",30300000.0,90.982,군 범죄피해자 보호·지원을 위한 정책 연구,중앙행정기관
전역예정장병 취업역량 강화 방안 연구,국방부(운영지원과),25700000.0,91.186,2018-04-10,상명대학교산학협력단,유훈,오원석,"서울특별시 종로구 홍지문2길20-0 (홍지동, 상명대학교)",25700000.0,91.186,전역예정장병 취업역량 강화 방안 연구,중앙행정기관
전군 연례 리더십 수준 진단 연구용역,육군교육사령부,,,,,,,,,,전군 연례 리더십 수준 진단 연구용역,군
부대개편이전사업 선행연구(00부대 등 4개 부대),국군재정관리단,70700000.0,81.881,2018-05-10,(주)에프오알엠도시건축공간연구소,권시형,권시형,"서울특별시 송파구 법원로11길25-0, A동 1310호(문정동, 에이치비즈니스파크)",70700000.0,81.881,부대개편이전사업 선행연구(00부대 등 4개 부대),국군재정관리단
무기체계 안전성 시험평가방안 연구,국방부(운영지원과),37169000.0,79.984,2018-03-09,한국자동차연구원,나승식,홍성휘,충청남도 천안시 동남구 풍세로303-0,37169000.0,79.984,무기체계 안전성 시험평가방안 연구,중앙행정기관
V-C 체계간 연동기술 연구,국군재정관리단,130000000.0,65.826,2018-03-19,주식회사 휴먼씨엔씨,오철홍,김영수,"대전광역시 유성구 죽동로297번길68 (죽동) CNU프라자  701,702호",130000000.0,65.826,V-C 체계간 연동기술 연구,국군재정관리단
18-함정 자기한계치 기준 설정방안 연구,해군본부,,,,,,,,,,18-함정 자기한계치 기준 설정방안 연구,군
기술성숙도평가(TRA) 내실화 방안 연구,방위사업청(운영지원과),53000000.0,96.363,2018-04-25,사단법인 안보경영연구원,전건욱,석재민,"서울특별시 강남구 언주로527, 10층 (역삼동)",53000000.0,96.363,기술성숙도평가(TRA) 내실화 방안 연구,중앙행정기관
연구소 장비(분광광도계 등 4종)구매,육군 제3808부대,,,,,,,,,,연구소 장비(분광광도계 등 4종)구매,군
연구소 장비(분광광도계 등 4종)구매,육군 제3808부대,37500000.0,88.047,2018-04-17,주식회사자연,이관섭,이관섭,경기도 광주시 도척면 다람로36번길45-13,37500000.0,88.047,연구소 장비(분광광도계 등 4종)구매,군
FA-50 성능개량 방안 연구,공군본부,,,,,,,,,,FA-50 성능개량 방안 연구,군
FA-50 성능개량 방안 연구,공군본부,,,,,,,,,,FA-50 성능개량 방안 연구,군
한국군병사에서 적응장애의 양상과 위험요인 연구용역,국군수도병원,,,,,,,,,,한국군병사에서 적응장애의 양상과 위험요인 연구용역,국군수도병원
정보통신기능 성능개량 체계 구축 연구 용역,합동참모본부,,,,,,,,,,정보통신기능 성능개량 체계 구축 연구 용역,합동참모본부
기동전투장비의 무인화 운용 적용방안 연구용역,합동참모본부,,,,,,,,,,기동전투장비의 무인화 운용 적용방안 연구용역,합동참모본부
기동전투장비의 무인화 운용 적용방안 연구용역,합동참모본부,41500000.0,98.299,2018-02-13,사단법인 안보경영연구원,전건욱,최예슬,"서울특별시 강남구 언주로527, 10층 (역삼동)",41500000.0,98.299,기동전투장비의 무인화 운용 적용방안 연구용역,합동참모본부
춘천병원 기능강화 연구용역,국군의무사령부,,,,,,,,,,춘천병원 기능강화 연구용역,기관
무기거래조약에 따른 수출입통제 개선방안 연구,방위사업청(운영지원과),37200000.0,93.0,2018-01-31,사단법인 안보경영연구원,전건욱,이창환,"서울특별시 강남구 언주로527, 10층 (역삼동)",37200000.0,93.0,무기거래조약에 따른 수출입통제 개선방안 연구,중앙행정기관
무기체계 유형별 맞춤형 R&D 수행절차 연구,방위사업청(운영지원과),73150000.0,95.0,2018-01-08,사단법인 안보경영연구원,전건욱,이창환,"서울특별시 강남구 언주로527, 10층 (역삼동)",73150000.0,95.0,무기체계 유형별 맞춤형 R&D 수행절차 연구,중앙행정기관
17-군 세차 폐수처리시설 운영 개선방안 연구용역,국군재정관리단,190000000.0,96.713,2017-12-28,(사)한국물환경학회,박준홍,김미정,"서울특별시 종로구 삼봉로81-0 (수송동, 두산위브파빌리온) 1137호",190000000.0,96.713,17-군 세차 폐수처리시설 운영 개선방안 연구용역,국군재정관리단
통합교육정보체계 고도화 개념연구 용역,국군재정관리단,95000000.0,96.163,2018-02-09,주식회사 에스유지,김창관,김창관,"부산광역시 해운대구 센텀6로21,  인텔리움센텀 807호,808호(우동)",95000000.0,96.163,통합교육정보체계 고도화 개념연구 용역,국군재정관리단
00부대 연구소 수배분전반 등 제조설치 납품,제1363부대,119029120.0,87.997,2017-12-14,주식회사 삼원산업,박지현,박지현,제주특별자치도 제주시 애월읍 광상로26-0,119029120.0,87.997,SUPPRESSED,제1363부대
전투하중을 고려한 인체공학적 개인군장체계 연구,국방부(운영지원과),92811080.0,100.0,2018-02-02,서울대학교 산학협력단,김재영,현혜경,서울특별시 관악구 관악로1 (신림동),92811080.0,100.0,전투하중을 고려한 인체공학적 개인군장체계 연구,중앙행정기관
18-정긍모 제독 평전 연구,해군본부,15800000.0,71.436,2018-02-13,사단법인 대한민국해군발전협회,엄현성,이종범,서울특별시 영등포구 여의대방로43나길20-0 (신길동),15800000.0,71.436,18-정긍모 제독 평전 연구,군
18-효과적인 정보수집함 운용방안 개념연구,해군본부,47600000.0,97.794,2018-02-09,주식회사 안보기술연구원,경상현,경상현,"경기도 안양시 만안구 만안로49, 519호(안양동, 호정타워)",47600000.0,97.794,18-효과적인 정보수집함 운용방안 개념연구,군
화기별·탄종별 사격장 안전 기준 정립 연구,국방부(운영지원과),30550000.0,93.568,2017-12-19,사단법인 안보경영연구원,전건욱,황병윤,"서울특별시 강남구 언주로527, 10층 (역삼동)",30550000.0,93.568,화기별·탄종별 사격장 안전 기준 정립 연구,중앙행정기관
전투복 위장무늬  디자인 및 적용소재 연구용역,국군재정관리단,93000000.0,95.609,2017-12-13,상명대학교산학협력단,유훈,이우학,"서울특별시 종로구 홍지문2길20-0 (홍지동, 상명대학교)",93000000.0,95.609,전투복 위장무늬  디자인 및 적용소재 연구용역,국군재정관리단
00학교 종합정보체계 고도화사업 개념연구,국군간호사관학교,42680000.0,98.727,2017-08-22,주식회사 미주씨앤디,김근채,오세형,"대전광역시 서구 대덕대로249번길30-0, 403호(둔산동, 베스트피엘씨빌딩)",42680000.0,98.727,00학교 종합정보체계 고도화사업 개념연구,기관
발칸교전모의기 선행연구용역,육군본부,21000000.0,50.052,2017-12-07,주식회사 아레스,김진원,유선미,대전광역시 유성구 노은로170-0 (지족동) 스타시티빌딩 6층,21000000.0,50.052,발칸교전모의기 선행연구용역,군
CH/HH-47D 성능개량사업 운용요구서 연구,방위사업청(운영지원과),37800000.0,90.0,2017-08-18,세종대학교산학협력단,유상호,이창환,서울특별시 광진구 군자동98 집현관 216,37800000.0,90.0,CH/HH-47D 성능개량사업 운용요구서 연구,중앙행정기관
군 급식제도의 시스템 개선을 위한 연구,국방부(운영지원과),,,,,,,,,,군 급식제도의 시스템 개선을 위한 연구,중앙행정기관
군 경계작전에 적합한 LED등기구 기준 정립 연구용역,제7821부대,,,,,,,,,,SUPPRESSED,제7821부대
군 경계작전에 적합한 LED등기구 기준 정립 연구용역,제7821부대,,,,,,,,,,SUPPRESSED,제7821부대
17-추수평가 개선 및 환류방안 연구,공군사관학교,37900830.0,102.438,2017-08-24,서울대학교 산학협력단,김재영,김소미,서울특별시 관악구 관악로1 (신림동),37900830.0,102.438,17-추수평가 개선 및 환류방안 연구,군
정책연구 과제(화생방),공군본부,,,,,,,,,,정책연구 과제(화생방),군
교육연구자료 원문 DB 구축 용역,국방대학교,7680800.0,88.551,2017-11-08,(주)데이터클립,송귀섭,송귀섭,"서울특별시 금천구 가산디지털1로145,12층 1207호(에이스하이엔드타워3차)",7680800.0,88.551,교육연구자료 원문 DB 구축 용역,중앙행정기관
00부대 신축 사전 타당성검토 연구용역,육군제8971부대,28775000.0,87.761,2017-08-29,주식회사도시경영연구원,권선애,남혜정,"서울특별시 성북구 화랑로76, 제3층 307호(하월곡동,코업스타클래스)",28775000.0,87.761,00부대 신축 사전 타당성검토 연구용역,군
17-리더십 진단도구 개발 연구용역 계약,공군사관학교,29300000.0,99.855,2017-08-21,주식회사 태드솔루션,이도형,이도형,"서울특별시 마포구 마포대로109 (공덕동, 롯데캐슬 프레지던트) 101동 2102호",29300000.0,99.855,17-리더십 진단도구 개발 연구용역 계약,군
함정 미래추진체계 기술적 대응 방안 정립 연구,해군본부,39500000.0,87.606,2017-08-29,서울대학교 산학협력단,김재영,김소미,서울특별시 관악구 관악로1 (신림동),39500000.0,87.606,함정 미래추진체계 기술적 대응 방안 정립 연구,군
00 군공항 설계기본요구조건 작성 연구용역,국군재정관리단,175000000.0,70.886,2017-09-22,주식회사 행림종합건축사사무소,이용호,김미옥,경기도 안양시 동안구 흥안대로 516(관양동 1505-22),175000000.0,70.886,00 군공항 설계기본요구조건 작성 연구용역,국군재정관리단
해군 부사관 조직문화 혁신방안 연구용역,해군교육사령부,,,,,,,,,,해군 부사관 조직문화 혁신방안 연구용역,군
원자력함정 운용시 지원시설  국내법규 등 연구 용역,해군본부,34000000.0,99.284,2017-10-24,사단법인 녹색삶지식원,이상희,최동숙,"서울특별시 서초구 방배로27길12-0 (방배동), 201호",34000000.0,99.284,원자력함정 운용시 지원시설  국내법규 등 연구 용역,군
00포대 주변지역 토양오염 원인조사 연구용역,공군미사일방어사령부,44805000.0,65.758,2017-10-24,(재)서해환경과학연구소,신철호,김상수,전라북도 전주시 완산구 장승배기로263 (평화동1가),44805000.0,65.758,00포대 주변지역 토양오염 원인조사 연구용역,군
병영도서관 중장기 발전방안 연구,국방부 국방정책실,48983340.0,98.0,2017-08-22,숙명여자대학교산학협력단,오중산,김영숙,"서울특별시 용산구 청파로47길 100, 숙명여자대학교내(청파동2가)",48983340.0,98.0,병영도서관 중장기 발전방안 연구,중앙행정기관
군 급식제도의 시스템 개선을 위한 연구,국방부(운영지원과),88500000.0,93.044,2017-09-19,연세대학교 산학협력단,김지현,이혜진,"서울특별시 서대문구 연세로 50, 연세대학교(신촌동)",88500000.0,93.044,군 급식제도의 시스템 개선을 위한 연구,중앙행정기관
4차 산업혁명과 항공우주력 발전 패러다임 변화 연구,공군본부,,,,,,,,,,4차 산업혁명과 항공우주력 발전 패러다임 변화 연구,군
무기체계별 적정 수명주기 및 도태 후 활용방안 연구,국방부(운영지원과),63650000.0,95.0,2017-08-21,사단법인 미래안보산업전략연구원,박종재,유현국,서울특별시 영등포구 영등포로35길10-0 (영등포동6가) 8층 809호,63650000.0,95.0,무기체계별 적정 수명주기 및 도태 후 활용방안 연구,중앙행정기관
국가 우주개발 정책과 공군의 역할 연구,공군본부,30240000.0,84.948,2019-06-27,충남대학교 산학협력단,김용주,김지나,"대전광역시 유성구 대학로 99(궁동, 충남대학교)",30240000.0,84.948,국가 우주개발 정책과 공군의 역할 연구,군
군인 고용보험 가입의 효과성 연구,국방부(운영지원과),38115000.0,90.629,2019-06-04,세종대학교산학협력단,유상호,정새롬,서울특별시 광진구 군자동98 집현관 216,38115000.0,90.629,군인 고용보험 가입의 효과성 연구,중앙행정기관
안정적인 해병항공 운용방안 연구 용역,제9691부대,31500000.0,80.748,2019-07-05,재단법인 한국군사문제연구원,김형철,이수행,"경기도 성남시 수정구 위례대로83(창곡동, 국방문화센터)",31500000.0,80.748,안정적인 해병항공 운용방안 연구 용역,제9691부대
자살사고 사후관리를 위한 치유프로그램 연구,국방부(운영지원과),48900000.0,100.0,2019-07-11,삼성서울병원,박승우,남은숙,서울특별시 강남구 일원로81-0 (일원동),48900000.0,100.0,자살사고 사후관리를 위한 치유프로그램 연구,중앙행정기관
정보통신부대의 조직발전방향 연구,합동참모본부,35000000.0,84.788,2019-07-09,경희대학교산학협력단,김윤혁,조해주,"경기도 용인시 기흥구 덕영대로1732-0 (서천동, 경희대학교 국제캠퍼스내)",35000000.0,84.788,정보통신부대의 조직발전방향 연구,합동참모본부
국방연동관리센터 운영 및 발전 방안 연구,국방전산정보원,,,,,,,,,,국방연동관리센터 운영 및 발전 방안 연구,중앙행정기관
국방연동관리센터 운영 및 발전 방안 연구,국방전산정보원,,,,,,,,,,국방연동관리센터 운영 및 발전 방안 연구,중앙행정기관
드론 유형별 시험평가 방안 연구용역,육군본부,40500549.0,94.69,2019-07-24,광운대학교산학협력단,정영욱,엄지성,"서울특별시 노원구 광운로 20(월계동, 광운대학교)",40500549.0,94.69,드론 유형별 시험평가 방안 연구용역,군
부대재배치 선행연구 용역(2019F065-B),국군재정관리단,43613496.0,73.71,2019-06-12,(주)에프오알엠도시건축공간연구소,권시형,권시형,"서울특별시 송파구 법원로11길25-0, A동 1310호(문정동, 에이치비즈니스파크)",43613496.0,73.71,부대재배치 선행연구 용역(2019F065-B),국군재정관리단
전시 급식지원체계 개선방안 연구,국방부(운영지원과),,,,,,,,,,전시 급식지원체계 개선방안 연구,중앙행정기관
사이버 위협수준 평가 신뢰도 향상방안 연구,4284부대,,,,,,,,,,사이버 위협수준 평가 신뢰도 향상방안 연구,4284부대
사이버 위협수준 평가 신뢰도 향상방안 연구,4284부대,,,,,,,,,,사이버 위협수준 평가 신뢰도 향상방안 연구,4284부대
비행기지 빅데이터 기반 비행안전 관리체계 방안 연구,공군본부,75000000.0,82.438,2019-07-29,한국과학기술원,이광형,이윤기,대전광역시 유성구 대학로291-0 (구성동),75000000.0,82.438,비행기지 빅데이터 기반 비행안전 관리체계 방안 연구,군
부대개편 시설사업 선행연구 용역(2019F059-B),국군재정관리단,69835741.0,70.51,2019-06-10,(주)에프오알엠도시건축공간연구소,권시형,권시형,"서울특별시 송파구 법원로11길25-0, A동 1310호(문정동, 에이치비즈니스파크)",69835741.0,70.51,부대개편 시설사업 선행연구 용역(2019F059-B),국군재정관리단
패트리어트 유도탄수명 고려한 효과적 확보 방안 연구,공군본부,22000000.0,99.713,2019-07-11,엠텍리서치,이준식,이준식,"경상북도 구미시 1공단로212 (공단동) 제2층 226호(공단동, 한라시그마밸리)",22000000.0,99.713,패트리어트 유도탄수명 고려한 효과적 확보 방안 연구,군
디지털 혁신시대 SW개발역량 강화방안 연구용역,육군본부,42020000.0,79.045,2019-06-10,(주)두두아이티,박영선,배수호,"서울특별시 금천구 가마산로96-0, 213호(가산동, 대륭테크노타운8차)",42020000.0,79.045,디지털 혁신시대 SW개발역량 강화방안 연구용역,군
전인교육 설문지 개발 및 활용성 증대 방안 연구,공군본부,24200000.0,96.925,2019-06-19,한국인성교육연구소 주식회사,홍승신,왕금분,"서울특별시 중구 퇴계로213, 309-24호(충무로4가, 일흥빌딩)",24200000.0,96.925,전인교육 설문지 개발 및 활용성 증대 방안 연구,군
스마트 공군력 건설을 위한 조직 발전 방안 연구,공군본부,38000000.0,88.02,2019-06-21,대전대학교 산학협력단,이영환,박서연,대전광역시 동구 대학로62-0 (용운동),38000000.0,88.02,스마트 공군력 건설을 위한 조직 발전 방안 연구,군
도면(2D 및 3D) 통합관리방안 연구용역,방위사업청(운영지원과),,,,,,,,,,도면(2D 및 3D) 통합관리방안 연구용역,중앙행정기관
유·무인 복합체계 발전방안 연구,방위사업청(운영지원과),52024700.0,85.666,2019-07-08,(사)21세기군사연구소,김진욱,박계향,"서울특별시 금천구 가산디지털2로184, 10층 1017호(가산동, 벽산디지털밸리2차)",52024700.0,85.666,유·무인 복합체계 발전방안 연구,중앙행정기관
비행대대 조종사 적정 편제 및 대체 인력 운영 연구,공군본부,,,,,,,,,,비행대대 조종사 적정 편제 및 대체 인력 운영 연구,군
국방정보화 정책평가 수행 및 발전방안 수립 연구,국방부(운영지원과),68862000.0,99.8,2019-06-04,주식회사 공공정책성과평가연구원,김동준,김동준,"서울특별시 서초구 방배천로155, 유청빌딩 3층(방배동 821-8)",68862000.0,99.8,국방정보화 정책평가 수행 및 발전방안 수립 연구,중앙행정기관
포별분배기 회로카드(6종) 시험장비개발 연구용역,제2879부대,,,,,,,,,,포별분배기 회로카드(6종) 시험장비개발 연구용역,제2879부대
포별분배기 회로카드(6종) 시험장비개발 연구용역,제2879부대,,,,,,,,,,포별분배기 회로카드(6종) 시험장비개발 연구용역,제2879부대
샵차량 발전기 전자제어기 정비기술개발 연구용역,제2879부대,,,,,,,,,,샵차량 발전기 전자제어기 정비기술개발 연구용역,제2879부대
공군기지 무선통신 기반구축 및 운영향상 방안 연구,공군본부,43000000.0,93.661,2019-07-23,주식회사 안보기술연구원,경상현,경상현,"경기도 안양시 만안구 만안로49, 519호(안양동, 호정타워)",43000000.0,93.661,공군기지 무선통신 기반구축 및 운영향상 방안 연구,군
상호운용성 전문화교육체계 연구,합동상호운용성기술센터,,,,,,,,,,상호운용성 전문화교육체계 연구,합동상호운용성기술센터
수중전술기기통제사 자격 신설 연구,국방부(운영지원과),,,,,,,,,,수중전술기기통제사 자격 신설 연구,중앙행정기관
수중전술기기통제사 자격 신설 연구,국방부(운영지원과),38280000.0,85.066,2019-06-21,재단법인 중소조선연구원,서용석,이영섭,부산광역시 강서구 녹산산단232로 38-6(),38280000.0,85.066,수중전술기기통제사 자격 신설 연구,중앙행정기관
국방 데이터 관리체계 수립 연구,국방부(운영지원과),61925430.0,80.5,2019-06-25,아주대학교 산학협력단,김상인,손보연,"경기도 수원시 영통구 월드컵로 206(원천동, 아주대학교)",61925430.0,80.5,국방 데이터 관리체계 수립 연구,중앙행정기관
2019년 범국민 안보의식조사 연구 용역,국방대학교,69000000.0,94.403,2019-07-10,주식회사 코리아리서치센터,조우철,박지훈,서울특별시 서초구 사임당로32 (서초동) 재우빌딩 9층,69000000.0,94.403,2019년 범국민 안보의식조사 연구 용역,중앙행정기관
2019년 범국민 안보의식조사 연구 용역,국방대학교,,,,,,,,,,2019년 범국민 안보의식조사 연구 용역,중앙행정기관
무인항공기 무인비행장치 전문 운용사 자격신설 연구,국방부(운영지원과),40810000.0,90.688,2019-06-07,한성대학교 산학협력단,노광현,장소영,서울특별시 성북구 삼선교로16길116-0 (삼선동2가),40810000.0,90.688,무인항공기 무인비행장치 전문 운용사 자격신설 연구,중앙행정기관
무인전투체계 발전방향 연구,합동참모본부,,,,,,,,,,무인전투체계 발전방향 연구,합동참모본부
무인전투체계 발전방향 연구,합동참모본부,,,,,,,,,,무인전투체계 발전방향 연구,합동참모본부
19-2-00사 터널형 탄약고 신축 타당성 검토 연구 용역,국군재정관리단,81443000.0,88.603,2019-07-16,(사)대한토목학회,허준행,장현정,서울특별시 송파구 중대로25길 3-16(),81443000.0,88.603,19-2-00사 터널형 탄약고 신축 타당성 검토 연구 용역,국군재정관리단
19-추진기 CIS 분석/평가방안 정립 연구,해군본부,,,,,,,,,,19-추진기 CIS 분석/평가방안 정립 연구,군
19-함정 ORD 작성을 위한 설계/건조 요구조건 연구,해군본부,,,,,,,,,,19-함정 ORD 작성을 위한 설계/건조 요구조건 연구,군
19-헬기형 UAV 운용을 위한 함정설계 개념 연구,해군본부,23750000.0,97.498,2019-06-14,재단법인 한국군사문제연구원,김형철,이수행,"경기도 성남시 수정구 위례대로83(창곡동, 국방문화센터)",23750000.0,97.498,19-헬기형 UAV 운용을 위한 함정설계 개념 연구,군
군 모바일 업무혁신 추진방안 연구용역,육군본부,41000000.0,88.942,2019-06-17,주식회사 안보기술연구원,경상현,경상현,"경기도 안양시 만안구 만안로49, 519호(안양동, 호정타워)",41000000.0,88.942,군 모바일 업무혁신 추진방안 연구용역,군
자동처리체계 구축 및 연구용 부품 구매,제3707부대,60668800.0,88.106,2019-06-04,정호정보통신,엄기숙,엄기숙,경기도 오산시 삼미로47번길81-12 (내삼미동),60668800.0,88.106,자동처리체계 구축 및 연구용 부품 구매,제3707부대
인사교육장교 경력관리 개선을 위한 연구용역,공군본부,,,,,,,,,,인사교육장교 경력관리 개선을 위한 연구용역,군
인사교육장교 경력관리 개선을 위한 연구용역,공군본부,,,,,,,,,,인사교육장교 경력관리 개선을 위한 연구용역,군
방위사업 전문교육기관 시설 기초조사 연구,방위사업청(운영지원과),,,,,,,,,,방위사업 전문교육기관 시설 기초조사 연구,중앙행정기관
국방정책 연구지원 발전 기획 연구,국방부(운영지원과),49060000.0,99.825,2019-06-26,한국과학기술원,이광형,이윤기,대전광역시 유성구 대학로291-0 (구성동),49060000.0,99.825,국방정책 연구지원 발전 기획 연구,중앙행정기관
연구활동 재료(시약 초자)361종 구매(20197096-E),국군재정관리단,131206430.0,88.124,2019-05-16,하늘유통,심상필,심상필,"서울특별시 마포구 월드컵북로501-0 (상암동, 상암월드컵파크9단지)904동1005호",131206430.0,88.124,연구활동 재료(시약 초자)361종 구매(20197096-E),국군재정관리단
죽변 비상활주로 민ㆍ민갈등 해소방안 연구,공군본부,26950000.0,91.118,2019-07-11,동국대학교 WISE캠퍼스 산학협력단,반상우,김서현,경상북도 경주시 동대로 123(석장동),26950000.0,91.118,죽변 비상활주로 민ㆍ민갈등 해소방안 연구,군
주변국 무기체계 운영개념 및 제원 연구,합동참모본부,42000000.0,95.454,2019-05-17,국방대학교산학협력단,이문걸,김채미,충청남도 논산시 양촌면 황산벌로1040,42000000.0,95.454,주변국 무기체계 운영개념 및 제원 연구,합동참모본부
미래 육군의 우주분야 활용방안 연구 용역,육군본부,,,,,,,,,,미래 육군의 우주분야 활용방안 연구 용역,군
미래 육군의 우주분야 활용방안 연구 용역,육군본부,14500000.0,71.174,2019-06-20,사단법인 안보경영연구원,전건욱,황병윤,"서울특별시 강남구 언주로527, 10층 (역삼동)",14500000.0,71.174,미래 육군의 우주분야 활용방안 연구 용역,군
드론봇 전투체계 통합관제체계 구축 연구용역,육군본부,,,,,,,,,,드론봇 전투체계 통합관제체계 구축 연구용역,군
드론봇 전투체계 통합관제체계 구축 연구용역,육군본부,,,,,,,,,,드론봇 전투체계 통합관제체계 구축 연구용역,군
효과성·활용성 중심의 군내 NCS 적용방안 연구용역,육군인사사령부,35000000.0,94.725,2019-06-21,청주대학교산학협력단,홍양희,박수정,"충청북도 청주시 청원구 대성로298-0 (내덕동, 청주대학교)",35000000.0,94.725,효과성·활용성 중심의 군내 NCS 적용방안 연구용역,군
국방시설분야 4차 산업기술 활용방안 연구용역,국방시설본부,,,,,,,,,,국방시설분야 4차 산업기술 활용방안 연구용역,중앙행정기관
공군기지 무선통신 기반구축 및 운영향상 방안 연구,공군본부,,,,,,,,,,공군기지 무선통신 기반구축 및 운영향상 방안 연구,군
19-운용함정 소음 진동 성능점검 기술연구 용역,국군재정관리단,109387000.0,95.661,2019-05-13,국방기술품질원,허건영,한경희,경상남도 진주시 동진로420 (충무공동),109387000.0,95.661,19-운용함정 소음 진동 성능점검 기술연구 용역,국군재정관리단
우주기상 군 작전 영향 연구 용역,국군재정관리단,64200000.0,86.028,2019-05-22,사단법인 한국우주과학회,최기혁,고미희,대전광역시 유성구 대덕대로776-0 (화암동) 한국천문연구원,64200000.0,86.028,우주기상 군 작전 영향 연구 용역,국군재정관리단
민간인력 편성기준 연구(2019K003-B),국군재정관리단,58530000.0,76.054,2019-03-27,사단법인 안보경영연구원,전건욱,황병윤,"서울특별시 강남구 언주로527, 10층 (역삼동)",58530000.0,76.054,민간인력 편성기준 연구(2019K003-B),국군재정관리단
국방 클라우드 확산 정책 연구 용역,국방부(운영지원과),46996989.0,95.0,2019-04-25,주식회사 굿컨설팅그룹,김산회,김산회,"서울특별시 강남구 역삼로17길57, 그랜드빌딩 B1층 (역삼동)",46996989.0,95.0,국방 클라우드 확산 정책 연구 용역,중앙행정기관
선진전투실험 발전현황 및 육군전투실험 향상방안연구,육군교육사령부,25100000.0,86.436,2019-03-05,육군사관학교 산학협력단,김주희,양정학,서울특별시 노원구 화랑로574-0 (공릉동),25100000.0,86.436,선진전투실험 발전현황 및 육군전투실험 향상방안연구,군
전투실험 중장기 종합발전계획 연구용역,육군교육사령부,32300000.0,84.799,2019-03-05,(사)21세기군사연구소,김진욱,박계향,"서울특별시 금천구 가산디지털2로184, 10층 1017호(가산동, 벽산디지털밸리2차)",32300000.0,84.799,전투실험 중장기 종합발전계획 연구용역,군
DCS와 FMS 경쟁 시 공정성 제고를 위한 평가방안 연구,방위사업청(운영지원과),45000000.0,90.0,2019-04-15,사단법인 안보경영연구원,전건욱,황병윤,"서울특별시 강남구 언주로527, 10층 (역삼동)",45000000.0,90.0,DCS와 FMS 경쟁 시 공정성 제고를 위한 평가방안 연구,중앙행정기관
생물안전밀폐실험실(BL3 3등급 연구시설)유지보수용역,국군재정관리단,136260000.0,88.873,2019-03-27,주식회사 녹십자이엠,박충권,장미선,"경기도 성남시 분당구 구미로8, 2층(구미동, 엠타워)",136260000.0,88.873,생물안전밀폐실험실(BL3 3등급 연구시설)유지보수용역,국군재정관리단
승선근무예비역의 병역제도 발전 방안 연구 용역,국방부(운영지원과),38960000.0,96.152,2019-04-30,해양산업드론일자리창출협동조합,전영섭,전영섭,전라남도 목포시 해안로148번길14-0 (해안동1가),38960000.0,96.152,승선근무예비역의 병역제도 발전 방안 연구 용역,중앙행정기관
융합형 신개념기술시범(ACTD) 제도 정립방안 연구,방위사업청(운영지원과),38250000.0,85.0,2019-05-01,(사)21세기군사연구소,김진욱,박계향,"서울특별시 금천구 가산디지털2로184, 10층 1017호(가산동, 벽산디지털밸리2차)",38250000.0,85.0,융합형 신개념기술시범(ACTD) 제도 정립방안 연구,중앙행정기관
자주발칸 제어용 모듈 대체품 개발 연구용역,제2879부대,34760000.0,97.929,2019-03-08,제이에스전자,염진수,염진수,"대전광역시 유성구 테크노3로 65, 한신에스메카 241(관평동)",34760000.0,97.929,자주발칸 제어용 모듈 대체품 개발 연구용역,제2879부대
방위사업청 방산원가구조 개선에 관한 연구,방위사업청(운영지원과),79000000.0,99.254,2019-04-02,삼일회계법인,윤훈수,김경환,서울특별시 용산구 한강대로100(한강로2가),79000000.0,99.254,방위사업청 방산원가구조 개선에 관한 연구,중앙행정기관
계엄의 민주적 통제방안을 위한 법 제도 연구,국방부(운영지원과),19220000.0,96.967,2019-02-27,주식회사 처음헌법연구소,김규호,김규호,서울특별시 영등포구 여의대방로67길11-0 (여의도동) 5층 A5-29호,19220000.0,96.967,계엄의 민주적 통제방안을 위한 법 제도 연구,중앙행정기관
미래 특수작전수행 개념과 전력발전 소요 연구용역,육군교육사령부,34000000.0,92.368,2019-03-22,사단법인 한국국가전략연구원,한민구,이상규,"서울특별시 용산구 한강대로62길41, 3층 (한강로1가)",34000000.0,92.368,미래 특수작전수행 개념과 전력발전 소요 연구용역,군
첨단과학기술의 군 활용성 제고 발전방안 연구용역,육군교육사령부,29620000.0,81.229,2019-03-22,(사)한국전략문제연구소,박정기,구종우,"서울특별시 용산구 청파로 40, 삼구빌딩 1815호(한강로3가)",29620000.0,81.229,첨단과학기술의 군 활용성 제고 발전방안 연구용역,군
주파수변환기 대체품 연구개발 용역(2019H028-B),국군재정관리단,,,,,,,,,,주파수변환기 대체품 연구개발 용역(2019H028-B),국군재정관리단
인천지역 도심 친화적 통합 재배치 연구용역2019F009,국군재정관리단,73400000.0,74.675,2019-04-18,(주)디앤오종합건축사사무소,정봉원,정봉원,"서울특별시 송파구 법원로9길26, D동 1104호(문정동, H-비즈니스파크)",73400000.0,74.675,인천지역 도심 친화적 통합 재배치 연구용역2019F009,국군재정관리단
원격제어조립체 개발 연구개발(2019H027-B),국군재정관리단,,,,,,,,,,원격제어조립체 개발 연구개발(2019H027-B),국군재정관리단
원격제어조립체 개발 연구개발(2019H027-B),국군재정관리단,,,,,,,,,,원격제어조립체 개발 연구개발(2019H027-B),국군재정관리단
국방정보체계 SW 품질시험 프레임워크 발전방안 연구,국방전산정보원,39347000.0,95.851,2019-05-13,소프트플로우 주식회사,소범석,원미정,"경기도 성남시 수정구 달래내로46-0 (시흥동), A타워 8층 805호 (성남글로벌융합센터)",39347000.0,95.851,국방정보체계 SW 품질시험 프레임워크 발전방안 연구,중앙행정기관
전투발전 연구용역 과제 세미나 수행 용역,육군교육사령부,32250000.0,90.743,2019-03-22,사단법인 한국국가전략연구원,한민구,이상규,"서울특별시 용산구 한강대로62길41, 3층 (한강로1가)",32250000.0,90.743,전투발전 연구용역 과제 세미나 수행 용역,군
통합 센서검사기 개발 연구용역,해군군수사령부,38374449.0,87.886,2019-03-26,신우정보기술,정현찬,정현찬,"경상남도 창원시 마산회원구 자유무역3길208, 3층 301호(양덕동,혁신지원센터)",38374449.0,87.886,통합 센서검사기 개발 연구용역,군
차세대 첨단함정 건조가능성 연구용역(2019H044-B),국군재정관리단,309881000.0,98.724,2019-03-28,한화오션 주식회사,권혁웅,강민,경상남도 거제시 거제대로3370 (아주동),309881000.0,98.724,차세대 첨단함정 건조가능성 연구용역(2019H044-B),국군재정관리단
2019년도 방위산업기술 보호수준 분석 및 진단연구,방위사업청(운영지원과),144000000.0,100.0,2019-03-21,(사)한국산업기술보호협회,정양호,박혜인,서울특별시 서초구 서운로1길34-0 (서초동),144000000.0,100.0,2019년도 방위산업기술 보호수준 분석 및 진단연구,중앙행정기관
76mm 함포 약실 정밀검사용 장비개발 연구용역,해군군수사령부,,,,,,,,,,76mm 함포 약실 정밀검사용 장비개발 연구용역,군
국군역사기념관(가칭) 건립사업 선행연구,국방부(운영지원과),60000000.0,78.947,2019-04-15,(주)디앤오종합건축사사무소,정봉원,정봉원,"서울특별시 송파구 법원로9길26, D동 1104호(문정동, H-비즈니스파크)",60000000.0,78.947,국군역사기념관(가칭) 건립사업 선행연구,중앙행정기관
2019 서울안보대화 사이버워킹그룹 발전연구,국방부(운영지원과),44000000.0,98.082,2019-05-13,명지대학교 산학협력단,김영욱,김해진,"경기도 용인시 처인구 명지로 116, 명지대학교(남동)",44000000.0,98.082,2019 서울안보대화 사이버워킹그룹 발전연구,중앙행정기관
국방대학교 조직컨설팅 연구 용역,국방대학교,40900000.0,82.854,2019-04-11,주식회사 휴먼컨설팅앤메니지먼트,한창모,우수진,서울특별시 강남구 테헤란로81길26-0 (삼성동) 유림빌딩3층,40900000.0,82.854,국방대학교 조직컨설팅 연구 용역,중앙행정기관
워리어 플랫폼 후속군수지원 방안 연구,국방부(운영지원과),31692000.0,95.0,2019-04-03,(사)21세기군사연구소,김진욱,박계향,"서울특별시 금천구 가산디지털2로184, 10층 1017호(가산동, 벽산디지털밸리2차)",31692000.0,95.0,워리어 플랫폼 후속군수지원 방안 연구,중앙행정기관
방위사업 분야 블록체인 적용방안 연구,방위사업청(운영지원과),47500000.0,95.0,2019-04-30,광운대학교산학협력단,정영욱,엄지성,"서울특별시 노원구 광운로 20(월계동, 광운대학교)",47500000.0,95.0,방위사업 분야 블록체인 적용방안 연구,중앙행정기관
방산수출 진흥을 위한 보호법령 정비방안 연구,방위사업청(운영지원과),67000000.0,100.0,2019-03-28,한국법제연구원,한영수,이기영,세종특별자치시  국책연구원로15-0 (반곡동),67000000.0,100.0,방산수출 진흥을 위한 보호법령 정비방안 연구,중앙행정기관
잔류강도 해석기법 연구(2019H039-A),국군재정관리단,,,,,,,,,,잔류강도 해석기법 연구(2019H039-A),국군재정관리단
19-함정 고전압 육전공급설비 적용방안 연구,해군본부,30670000.0,90.476,2019-05-07,주식회사 플렉스시스템,이충환,이용길,"경기도 안양시 동안구 벌말로126(관양동, 평촌오비즈타워) 1308-1313호",30670000.0,90.476,19-함정 고전압 육전공급설비 적용방안 연구,군
국외도입 군수품 품질확보 선진화 방안 연구,방위사업청(운영지원과),48000000.0,91.673,2019-03-27,(사)21세기군사연구소,김진욱,박계향,"서울특별시 금천구 가산디지털2로184, 10층 1017호(가산동, 벽산디지털밸리2차)",48000000.0,91.673,국외도입 군수품 품질확보 선진화 방안 연구,중앙행정기관
군 대민지원 분야 및 적정 범위 연구,국방부(운영지원과),25000000.0,77.272,2019-03-25,사단법인 대한민국 육군발전협회,권오성,김시나,"서울특별시 용산구 이태원로 29, 전쟁기념관 4층(용산동1가)",25000000.0,77.272,군 대민지원 분야 및 적정 범위 연구,중앙행정기관
CH/HH-47D 성능개량 시설사업기본계획 연구용역,방위사업청(운영지원과),,,,,,,,,,CH/HH-47D 성능개량 시설사업기본계획 연구용역,중앙행정기관
감염 및 외상분야 군의료 특성화 연구용역,국군수도병원,46989000.0,93.978,2019-05-07,고려대학교 의료원 산학협력단,김학준,김서영,"서울특별시 성북구 정릉로161 6층(정릉동, 정의관)",46989000.0,93.978,감염 및 외상분야 군의료 특성화 연구용역,국군수도병원
해병대 작전환경에 적합한 M&S 전력분석 연구 용역,제9691부대,14500000.0,74.545,2019-02-22,사단법인 안보경영연구원,전건욱,황병윤,"서울특별시 강남구 언주로527, 10층 (역삼동)",14500000.0,74.545,해병대 작전환경에 적합한 M&S 전력분석 연구 용역,제9691부대
19-스마트쉽 무선네트워크 활용방안 연구,해군본부,31500000.0,92.221,2019-03-28,해군사관학교 산학협력단,홍순국,정연환,"경상남도 창원시 진해구 중원로1-0 (남빈동, 해군사관학교내)",31500000.0,92.221,19-스마트쉽 무선네트워크 활용방안 연구,군
19-TSCE 기반 함정 체계통합방안 연구 용역,해군본부,42000000.0,86.943,2019-03-19,한남대학교 산학협력단,김태동,한상동,대전광역시 유성구 유성대로1646-0 (전민동),42000000.0,86.943,19-TSCE 기반 함정 체계통합방안 연구 용역,군
19-해양무인체계 탑재/운용 함정 설계개념 연구,해군본부,26900000.0,92.423,2019-03-28,호원대학교 산학협력단,정의붕,김정일,"전라북도 군산시 임피면 호원대3길 64,",26900000.0,92.423,19-해양무인체계 탑재/운용 함정 설계개념 연구,군
19-적정 승조원 소요인원 정량화 방안 연구,해군본부,,,,,,,,,,19-적정 승조원 소요인원 정량화 방안 연구,군
GPS 항재밍 성능점검 개선방향에 대한 연구,공군본부,23941000.0,80.904,2019-03-15,덕산넵코어스 주식회사,이수훈,김양숙,대전광역시 유성구 테크노2로66-6 (관평동),23941000.0,80.904,GPS 항재밍 성능점검 개선방향에 대한 연구,군
도태항공기 활용 EMP야외환경 시험 연구용역,국군재정관리단,,,,,,,,,,도태항공기 활용 EMP야외환경 시험 연구용역,국군재정관리단
전술항법장비(TACAN) 시설사업기본계획 연구용역,방위사업청(운영지원과),36000000.0,90.0,2019-04-22,사단법인 안보경영연구원,전건욱,황병윤,"서울특별시 강남구 언주로527, 10층 (역삼동)",36000000.0,90.0,전술항법장비(TACAN) 시설사업기본계획 연구용역,중앙행정기관
국내 한도액계약 및 성과기반계약 활성화 방안 연구,방위사업청(운영지원과),55550572.0,80.112,2019-04-30,사단법인 대한민국공군발전협회,김은기,최미락,서울특별시 동작구 여의대방로36길92(대방동),55550572.0,80.112,국내 한도액계약 및 성과기반계약 활성화 방안 연구,중앙행정기관
집중정신전력교육 프로그램 개발 연구용역,육군본부,,,,,,,,,,집중정신전력교육 프로그램 개발 연구용역,군
함정 GPS 함속력계 신호 변환 장치 개발 연구용역,국군재정관리단,69348331.0,88.018,2019-04-09,주식회사 한국티이에스,김대웅,송종호,"경상남도 창원시 성산구 완암로50-0 (성산동, SK테크노파크) 넥스동 1103호",69348331.0,88.018,함정 GPS 함속력계 신호 변환 장치 개발 연구용역,국군재정관리단
국방아키텍처 검증체계 발전 연구,합동상호운용성기술센터,45000000.0,90.435,2019-04-25,아주대학교 산학협력단,김상인,손보연,"경기도 수원시 영통구 월드컵로 206(원천동, 아주대학교)",45000000.0,90.435,국방아키텍처 검증체계 발전 연구,합동상호운용성기술센터
19-미래 유무인 항공전력 복합운용 전력소요 연구,해군본부,27500000.0,74.025,2019-03-14,사단법인 한국국가전략연구원,한민구,이상규,"서울특별시 용산구 한강대로62길41, 3층 (한강로1가)",27500000.0,74.025,19-미래 유무인 항공전력 복합운용 전력소요 연구,군
19-AW159 PBL 비용대효과분석 및 성과지표 개발 연구,해군본부,37900000.0,96.164,2019-03-26,사단법인 안보경영연구원,전건욱,황병윤,"서울특별시 강남구 언주로527, 10층 (역삼동)",37900000.0,96.164,19-AW159 PBL 비용대효과분석 및 성과지표 개발 연구,군
19-군 자체 안전보건경영시스템 인증제도 구축 연구,해군본부,26000000.0,65.634,2019-03-26,김근우시스템공학기술연구소,김근우,김근우,충청남도 계룡시 두마면 두계리116 계룡대림이-편한세상 109-902,26000000.0,65.634,19-군 자체 안전보건경영시스템 인증제도 구축 연구,군
19-미래 군사용 해상기지 발전방안 연구,해군본부,16900000.0,84.435,2019-04-01,주식회사 안보기술연구원,경상현,경상현,"경기도 안양시 만안구 만안로49, 519호(안양동, 호정타워)",16900000.0,84.435,19-미래 군사용 해상기지 발전방안 연구,군
19-한국 해양안보에 미치는 갈등요인과 대응방안 연구,해군본부,14990000.0,75.063,2019-04-01,세종대학교산학협력단,유상호,이슬,서울특별시 광진구 군자동98 집현관 216,14990000.0,75.063,19-한국 해양안보에 미치는 갈등요인과 대응방안 연구,군
국방표준서 제정(3차) 연구,방위사업청(운영지원과),534000000.0,89.0,2019-04-22,재단법인 에프아이티아이시험연구원,김화영,박성철,서울특별시 강서구 마곡중앙8로3길79-0 (마곡동),534000000.0,89.0,국방표준서 제정(3차) 연구,중앙행정기관
76mm 함포 약실 정밀검사용 장비개발 연구용역,해군군수사령부,,,,,,,,,,76mm 함포 약실 정밀검사용 장비개발 연구용역,군
전자도서관정보체계 고도화개념연구용역(2019G005-H),국군재정관리단,95000000.0,96.798,2019-03-13,(주)디아이엔티,최성만,최성만,"서울특별시 구로구 경인로53가길10, 5층 507호(구로동, 구로 대명벨리온 지식산업센터)",95000000.0,96.798,전자도서관정보체계 고도화개념연구용역(2019G005-H),국군재정관리단
4차 산업혁명 주요기술 활용 안전관리 발전방안 연구,공군항공안전단,32000000.0,82.684,2019-04-04,대전대학교 산학협력단,이영환,박서연,대전광역시 동구 대학로62-0 (용운동),32000000.0,82.684,4차 산업혁명 주요기술 활용 안전관리 발전방안 연구,군
함정구조해석용 모델링 DB 개발 연구(2019H038-E),국군재정관리단,60693111.0,87.978,2019-04-04,금오공과대학교산학협력단,권오형,변윤진,"경상북도 구미시 대학로 61, 금오공과대학교 산학협력단(양호동)",60693111.0,87.978,함정구조해석용 모델링 DB 개발 연구(2019H038-E),국군재정관리단
2019 서울안보대화 프로그램 기획 및 발전방향 연구,국방부(운영지원과),41610000.0,80.019,2019-02-20,한국외국어대학교 연구산학협력단,김재욱,황미영,경기도 용인시 처인구 모현면 외대로 81(),41610000.0,80.019,2019 서울안보대화 프로그램 기획 및 발전방향 연구,중앙행정기관
한국군의 곤충매개 감염질환 예방 전략 개발 연구용역,국군수도병원,,,,,,,,,,한국군의 곤충매개 감염질환 예방 전략 개발 연구용역,국군수도병원
1형 복합부위 통증증후군 생체지표 발굴 연구용역,국군수도병원,,,,,,,,,,1형 복합부위 통증증후군 생체지표 발굴 연구용역,국군수도병원
함정사업 적정 사업기간 연구,방위사업청(운영지원과),,,,,,,,,,함정사업 적정 사업기간 연구,중앙행정기관
우주 무기체계 사업을 위한 계약적 보완 방안 연구,방위사업청(운영지원과),47500000.0,95.0,2019-01-16,한국항공대학교 산학협력단,곽재수,김선미,"경기도 고양시 덕양구 항공대학로76-0 (화전동, 한국항공대학교내)",47500000.0,95.0,우주 무기체계 사업을 위한 계약적 보완 방안 연구,중앙행정기관
청년장병의 군 복무간 지원 및 보상(취업분야) 연구,국방부(운영지원과),,,,,,,,,,청년장병의 군 복무간 지원 및 보상(취업분야) 연구,중앙행정기관
청년장병의 군 복무간 지원 및 보상(취업분야) 연구,국방부(운영지원과),47000000.0,94.699,2018-12-18,청주대학교산학협력단,홍양희,박수정,"충청북도 청주시 청원구 대성로298-0 (내덕동, 청주대학교)",47000000.0,94.699,청년장병의 군 복무간 지원 및 보상(취업분야) 연구,중앙행정기관
청정국방 구현을 위한 반부패 청렴정책 추진방안 연구,국방부(운영지원과),37488300.0,93.0,2018-12-19,이매니지먼트(주),나상억,나상억,서울특별시 구로구 가마산로279-0 (구로동) 907호,37488300.0,93.0,청정국방 구현을 위한 반부패 청렴정책 추진방안 연구,중앙행정기관
미활용 군용지의 태양광 자원조사 및 활용방안 연구,국방부(운영지원과),55500000.0,79.285,2018-12-10,한빛디엔에스(주),이현화,이한웅,"서울특별시 강서구 양천로551-17, 301호 (가양동)",55500000.0,79.285,미활용 군용지의 태양광 자원조사 및 활용방안 연구,중앙행정기관
12.7mm 파쇄탄 선행연구 용역,국군재정관리단,69000000.0,79.291,2018-12-17,사단법인 미래안보산업전략연구원,박종재,유현국,서울특별시 영등포구 영등포로35길10-0 (영등포동6가) 8층 809호,69000000.0,79.291,12.7mm 파쇄탄 선행연구 용역,국군재정관리단
위성 무기체계 시험평가 제도개선에 관한 연구,국방부(운영지원과),,,,,,,,,,위성 무기체계 시험평가 제도개선에 관한 연구,중앙행정기관
위성 무기체계 시험평가 제도개선에 관한 연구,국방부(운영지원과),44015400.0,95.0,2018-09-11,한국항공대학교 산학협력단,곽재수,임소영,"경기도 고양시 덕양구 항공대학로76-0 (화전동, 한국항공대학교내)",44015400.0,95.0,위성 무기체계 시험평가 제도개선에 관한 연구,중앙행정기관
인공지능을 적용한 군사드론의 체계 연구,합동참모본부,33000000.0,93.457,2018-09-03,육군사관학교 산학협력단,김주희,양정학,서울특별시 노원구 화랑로574-0 (공릉동),33000000.0,93.457,인공지능을 적용한 군사드론의 체계 연구,합동참모본부
풍력발전기에 의한 방공레이다 등의 작전영향 연구,국방부(운영지원과),,,,,,,,,,풍력발전기에 의한 방공레이다 등의 작전영향 연구,중앙행정기관
풍력발전기에 의한 방공레이다 등의 작전영향 연구,국방부(운영지원과),,,,,,,,,,풍력발전기에 의한 방공레이다 등의 작전영향 연구,중앙행정기관
풍력발전기에 의한 방공레이다 등의 작전영향 연구,국방부(운영지원과),,,,,,,,,,풍력발전기에 의한 방공레이다 등의 작전영향 연구,중앙행정기관
군의 드론봇 전투체계 발전방향 연구 용역,육군본부,42955440.0,92.749,2018-08-09,한국항공대학교 산학협력단,곽재수,김선미,"경기도 고양시 덕양구 항공대학로76-0 (화전동, 한국항공대학교내)",42955440.0,92.749,군의 드론봇 전투체계 발전방향 연구 용역,군
복합재 항공기 구조물 구조건전성 해석기법 연구용역,국군재정관리단,84816000.0,86.174,2018-09-27,충남대학교 산학협력단,김용주,김지혜,"대전광역시 유성구 대학로 99(궁동, 충남대학교)",84816000.0,86.174,복합재 항공기 구조물 구조건전성 해석기법 연구용역,국군재정관리단
18-수동소나의 합리적인 작전운용성능 설정방안 연구,해군본부,,,,,,,,,,18-수동소나의 합리적인 작전운용성능 설정방안 연구,군
18-수동소나의 합리적인 작전운용성능 설정방안 연구,해군본부,,,,,,,,,,18-수동소나의 합리적인 작전운용성능 설정방안 연구,군
장비 적정수명 결정요인 선정 및 결정방법연구,해군본부,35254365.0,69.288,2018-10-29,강원대학교산학협력단,장철성,한선여,강원특별자치도 춘천시 강원대학길1 (효자동),35254365.0,69.288,장비 적정수명 결정요인 선정 및 결정방법연구,군
기동화 지능화된 네트워크 전투체계 연구용역,육군본부,13744000.0,54.004,2018-09-03,자주국방네트워크,신인균,신인균,"서울특별시 서초구 서운로 226, 서초오피스텔 404호(서초동)",13744000.0,54.004,기동화 지능화된 네트워크 전투체계 연구용역,군
전자전기 확보 및 효율적 운용방안 연구,공군본부,23500000.0,95.601,2018-10-16,재단법인 한국군사문제연구원,김형철,이수행,"경기도 성남시 수정구 위례대로83(창곡동, 국방문화센터)",23500000.0,95.601,전자전기 확보 및 효율적 운용방안 연구,군
전자전기 확보 및 효율적 운용방안 연구,공군본부,,,,,,,,,,전자전기 확보 및 효율적 운용방안 연구,군
18-공군 비행교수법 교육 프로그램 개선 및 개발 연구,공군교육사령부,,,,,,,,,,18-공군 비행교수법 교육 프로그램 개선 및 개발 연구,군
군수품 수송용 드론 선행연구 용역,국군재정관리단,72566048.0,76.562,2018-11-26,광운대학교산학협력단,정영욱,엄지성,"서울특별시 노원구 광운로 20(월계동, 광운대학교)",72566048.0,76.562,군수품 수송용 드론 선행연구 용역,국군재정관리단
전·평시 예비군 보류직종의 적정성 연구,국방부(운영지원과),24540000.0,99.987,2018-11-23,(사)한국전략문제연구소,박정기,구종우,"서울특별시 용산구 청파로 40, 삼구빌딩 1815호(한강로3가)",24540000.0,99.987,전·평시 예비군 보류직종의 적정성 연구,중앙행정기관
상륙돌격장갑차 수명유지를 위한 방안 연구용역,제9691부대,13900000.0,70.658,2018-08-23,주식회사 베테랑콤,이재평,이재평,서울특별시 서초구 서초동1432-13 202,13900000.0,70.658,상륙돌격장갑차 수명유지를 위한 방안 연구용역,제9691부대
00지역 실내공기질 개선 연구용역,국군재정관리단,62848000.0,91.802,2018-10-12,주식회사 이에이엔테크놀로지,신지웅,차윤아,서울특별시 강남구 테헤란로77길11-19 (삼성동) EAN빌딩,62848000.0,91.802,00지역 실내공기질 개선 연구용역,국군재정관리단
국방 모바일 환경 구축을 위한 기반 연구,국방부(운영지원과),44000000.0,93.084,2018-10-24,주식회사 안보기술연구원,경상현,경상현,"경기도 안양시 만안구 만안로49, 519호(안양동, 호정타워)",44000000.0,93.084,국방 모바일 환경 구축을 위한 기반 연구,중앙행정기관
야전운용시험 성과분석 및 발전방안 연구,국방부(운영지원과),36000000.0,84.705,2018-11-08,사단법인 안보경영연구원,전건욱,황병윤,"서울특별시 강남구 언주로527, 10층 (역삼동)",36000000.0,84.705,야전운용시험 성과분석 및 발전방안 연구,중앙행정기관
국방획득 유연성제고 위한 선진국 획득사례 연구,방위사업청(운영지원과),52000000.0,94.545,2018-12-17,사단법인 안보경영연구원,전건욱,황병윤,"서울특별시 강남구 언주로527, 10층 (역삼동)",52000000.0,94.545,국방획득 유연성제고 위한 선진국 획득사례 연구,중앙행정기관
방산육성 수출확대 위한 산업협력 쿼터제 방안 연구,방위사업청(운영지원과),50000000.0,90.909,2018-12-18,(주)카이엠,정운찬,정운찬,"서울특별시 구로구 디지털로33길11-0 (구로동, 에이스 테크노타워8) 1406호",50000000.0,90.909,방산육성 수출확대 위한 산업협력 쿼터제 방안 연구,중앙행정기관
육군 스마트 안전관리 모형개발 연구용역,국군재정관리단,175000000.0,80.289,2018-08-31,(주)싸이버텍,이정원,이정원,"서울특별시 용산구 한강대로211, 102동 1605호(한강로1가, 대우월드마크용산)",175000000.0,80.289,육군 스마트 안전관리 모형개발 연구용역,국군재정관리단
지형 지질등을 고려한 지하형 탄약고 신축타당성 연구,국방부(운영지원과),74500000.0,74.93,2018-08-16,(주)에스코컨설턴트,박치면,현민,"서울특별시 서초구 반포대로14길 71, 엘지서초에클라트 2117호(서초동)",74500000.0,74.93,지형 지질등을 고려한 지하형 탄약고 신축타당성 연구,중앙행정기관
군사시설 타운화 개념의 부대 재배치 방안 연구,국방부(운영지원과),,,,,,,,,,군사시설 타운화 개념의 부대 재배치 방안 연구,중앙행정기관
군사시설 타운화 개념의 부대 재배치 방안 연구,국방부(운영지원과),,,,,,,,,,군사시설 타운화 개념의 부대 재배치 방안 연구,중앙행정기관
인공지능을 활용한 사이버위협 탐지기술 연구용역,4284부대,,,,,,,,,,인공지능을 활용한 사이버위협 탐지기술 연구용역,4284부대
정보시스템 성능향상을 위한 GPU기술 응용방안 연구,국방전산정보원,,,,,,,,,,정보시스템 성능향상을 위한 GPU기술 응용방안 연구,중앙행정기관
안전관련 법령의 군내 적용 방안 연구,국방부(운영지원과),30000000.0,93.826,2018-08-28,주식회사 안보기술연구원,경상현,경상현,"경기도 안양시 만안구 만안로49, 519호(안양동, 호정타워)",30000000.0,93.826,안전관련 법령의 군내 적용 방안 연구,중앙행정기관
육군 로고를 군수품에 적용하는 방안 연구,국방부(운영지원과),,,,,,,,,,육군 로고를 군수품에 적용하는 방안 연구,중앙행정기관
육군 로고를 군수품에 적용하는 방안 연구,국방부(운영지원과),,,,,,,,,,육군 로고를 군수품에 적용하는 방안 연구,중앙행정기관
정신전력 평가도구 개발 연구용역,육군본부,,,,,,,,,,정신전력 평가도구 개발 연구용역,군
정신전력 평가도구 개발 연구용역,육군본부,,,,,,,,,,정신전력 평가도구 개발 연구용역,군
교육연구자료 원문 DB 구축 용역,국방대학교,7620000.0,88.692,2018-11-07,한국마이크로데이타(주),박승호,박승호,"서울특별시 구로구 디지털로33길55, 1009호 (구로동, 이앤씨벤처드림타워2차)",7620000.0,88.692,교육연구자료 원문 DB 구축 용역,중앙행정기관
’18년 군 책임운영기관 고객만족도조사 연구용역,국방부(운영지원과),23500000.0,94.758,2018-10-15,주식회사 에스에이컨설팅,윤지성,윤지성,서울특별시 영등포구 영중로65-4 (영등포동6가) 4층,23500000.0,94.758,’18년 군 책임운영기관 고객만족도조사 연구용역,중앙행정기관
군 환경시설 관리 효율화 방안 정책연구용역,육군본부,,,,,,,,,,군 환경시설 관리 효율화 방안 정책연구용역,군
영평사격장 주변지역 주민이주 방안 연구,국방부(운영지원과),43000000.0,89.918,2018-11-01,대진대학교 산학협력단,김명운,최선미,"경기도 포천시 호국로 1007, 대진대학교 산학협력단(선단동)",43000000.0,89.918,영평사격장 주변지역 주민이주 방안 연구,중앙행정기관
ㅇㅇ학교 전통 계승 및 발전방안 학술연구용역,해군사관학교,,,,,,,,,,ㅇㅇ학교 전통 계승 및 발전방안 학술연구용역,군
공군 품목관리관 자격인증제도 도입방안 연구용역,공군본부,,,,,,,,,,공군 품목관리관 자격인증제도 도입방안 연구용역,군
공군 품목관리관 자격인증제도 도입방안 연구용역,공군본부,,,,,,,,,,공군 품목관리관 자격인증제도 도입방안 연구용역,군
연구개발 부품[캐피시터등50종1655점 구매],공군83정보통신정비창,13384650.0,88.075,2020-05-08,캐리온,이대용,이대용,경기도 김포시 양촌읍 대곶남로580번길38-0,13384650.0,88.075,연구개발 부품[캐피시터등50종1655점 구매],군
어뢰이송 및 저장체계 비상작동 조종장치 연구용역,해군군수사령부,,,,,,,,,,어뢰이송 및 저장체계 비상작동 조종장치 연구용역,군
한국형전투기를 위한 무장선정 최적화방안 연구용역,공군본부,23661000.0,79.223,2020-05-29,대전대학교 산학협력단,이영환,박서연,대전광역시 동구 대학로62-0 (용운동),23661000.0,79.223,한국형전투기를 위한 무장선정 최적화방안 연구용역,군
국방정보시스템 사이버침해대비안전성확보방안 연구,국방부(운영지원과),45800000.0,99.827,2020-06-15,세종대학교산학협력단,유상호,방윤지,서울특별시 광진구 군자동98 집현관 216,45800000.0,99.827,국방정보시스템 사이버침해대비안전성확보방안 연구,중앙행정기관
조종사 피로관리 프로그램 개발 연구용역,공군항공안전단,37161344.0,94.164,2020-05-01,한국교통대학교산학협력단,김성룡,이정민,충청북도 충주시 대학로50-0 (대소원면),37161344.0,94.164,조종사 피로관리 프로그램 개발 연구용역,군
2020년 군 조직의 양성평등 지표 조사 및 분석 연구,국방부(운영지원과),,,,,,,,,,2020년 군 조직의 양성평등 지표 조사 및 분석 연구,중앙행정기관
2020년 군 조직의 양성평등 지표 조사 및 분석 연구,국방부(운영지원과),30000000.0,100.0,2020-06-02,한국여성정책연구원,문유경,이진선,"서울특별시 은평구 진흥로 225,(불광동)",30000000.0,100.0,2020년 군 조직의 양성평등 지표 조사 및 분석 연구,중앙행정기관
국방 안전사고조사 표준화 시스템 구축방안 연구,국방부(운영지원과),36290000.0,83.748,2020-05-15,한국항공대학교 산학협력단,곽재수,김지혜,"경기도 고양시 덕양구 항공대학로76-0 (화전동, 한국항공대학교내)",36290000.0,83.748,국방 안전사고조사 표준화 시스템 구축방안 연구,중앙행정기관
사이버 기술연구 환경구축 SW(라이선스) 구매,4284부대,3948880.0,88.188,2020-03-31,디엔씨오토메이션,현동재,현동재,인천광역시 연수구 송도미래로30-0 (송도동) C동 1315,3948880.0,88.188,사이버 기술연구 환경구축 SW(라이선스) 구매,4284부대
고속전투주정 시설사업기본계획 수립 연구용역,방위사업청(운영지원과),54450000.0,99.0,2020-06-02,사단법인 안보경영연구원,전건욱,김지훈,"서울특별시 강남구 언주로527, 10층 (역삼동)",54450000.0,99.0,고속전투주정 시설사업기본계획 수립 연구용역,중앙행정기관
(20F087-A)부대재배치 사업 선행연구용역,국군재정관리단,57005608.0,82.444,2020-05-25,서울대학교 산학협력단,김재영,김소미,서울특별시 관악구 관악로1 (신림동),57005608.0,82.444,(20F087-A)부대재배치 사업 선행연구용역,국군재정관리단
20-MTU엔진 PBL 비용대효과분석 및 성과지표 연구,해군본부,,,,,,,,,,20-MTU엔진 PBL 비용대효과분석 및 성과지표 연구,군
20-MTU엔진 PBL 비용대효과분석 및 성과지표 연구,해군본부,31600000.0,80.239,2020-04-27,사단법인 안보경영연구원,전건욱,김지훈,"서울특별시 강남구 언주로527, 10층 (역삼동)",31600000.0,80.239,20-MTU엔진 PBL 비용대효과분석 및 성과지표 연구,군
20-PKMR엔진 PBL 비용대효과분석 및 성과지표 연구,해군본부,,,,,,,,,,20-PKMR엔진 PBL 비용대효과분석 및 성과지표 연구,군
20-PKMR엔진 PBL 비용대효과분석 및 성과지표 연구,해군본부,34400000.0,87.707,2020-04-27,사단법인 안보경영연구원,전건욱,김지훈,"서울특별시 강남구 언주로527, 10층 (역삼동)",34400000.0,87.707,20-PKMR엔진 PBL 비용대효과분석 및 성과지표 연구,군
미래 트랜드 변화와 육군의 대응방향 연구 용역,육군본부,24900000.0,99.6,2020-04-28,(사)한국전략문제연구소,박정기,구종우,"서울특별시 용산구 청파로 40, 삼구빌딩 1815호(한강로3가)",24900000.0,99.6,미래 트랜드 변화와 육군의 대응방향 연구 용역,군
해병대 과학화 전투사격장 구축 연구용역,제9691부대,,,,,,,,,,해병대 과학화 전투사격장 구축 연구용역,제9691부대
BLT급 쌍방훈련 제병협동훈련장 구축 연구용역,제9691부대,,,,,,,,,,BLT급 쌍방훈련 제병협동훈련장 구축 연구용역,제9691부대
20-해군사관생도 복제개선 연구,해군본부,38800000.0,98.191,2020-05-25,경남대학교 산학협력단,강재관,전아영,"경상남도 창원시 마산합포구 경남대학로7-0 (월영동, 경남대학교)",38800000.0,98.191,20-해군사관생도 복제개선 연구,군
유도로켓(비궁) 성능개량 소요 및 방법 분석 연구용역,제9691부대,27447792.0,81.543,2020-06-24,우석대학교 산학협력단,정희석,전치우,전라북도 완주군 삼례읍 삼례로 443 우석대학교내(본관 12층),27447792.0,81.543,유도로켓(비궁) 성능개량 소요 및 방법 분석 연구용역,제9691부대
군 리더십코칭 프로그램 개발 연구용역,육군교육사령부,11528000.0,73.491,2020-05-12,아시아상담코칭학회,김상겸,김상겸,서울특별시 중구 필동로1길30(필동3가) 동국대학교,11528000.0,73.491,군 리더십코칭 프로그램 개발 연구용역,군
자주도하장비 시설사업기본계획 수립을 위한 연구용역,방위사업청(운영지원과),44500000.0,89.0,2020-05-29,사단법인 안보경영연구원,전건욱,김지훈,"서울특별시 강남구 언주로527, 10층 (역삼동)",44500000.0,89.0,자주도하장비 시설사업기본계획 수립을 위한 연구용역,중앙행정기관
군용물자 HSK 연계표 연구,방위사업청(운영지원과),57000000.0,98.705,2020-05-19,(사) 한국관세무역개발원,이찬기,김병찬,"서울특별시 강서구 마곡중앙5로22, 7층(마곡동)",57000000.0,98.705,군용물자 HSK 연계표 연구,중앙행정기관
국방 정보기술 조사·분석 연구,국방부(운영지원과),68200000.0,98.748,2020-05-26,국방기술품질원,허건영,승아현,경상남도 진주시 동진로420 (충무공동),68200000.0,98.748,국방 정보기술 조사·분석 연구,중앙행정기관
차세대 기동헬기 발전방향 연구 용역,육군본부,39980600.0,85.0,2020-07-08,(사)21세기군사연구소,김진욱,박계향,"서울특별시 금천구 가산디지털2로184, 10층 1017호(가산동, 벽산디지털밸리2차)",39980600.0,85.0,차세대 기동헬기 발전방향 연구 용역,군
동원위주 부대 기계화 장비 개편시 효율성 분석 연구,육군본부,37219600.0,88.0,2020-07-08,(사)21세기군사연구소,김진욱,박계향,"서울특별시 금천구 가산디지털2로184, 10층 1017호(가산동, 벽산디지털밸리2차)",37219600.0,88.0,동원위주 부대 기계화 장비 개편시 효율성 분석 연구,군
헬기와 UAV의 통합운용을 위한 비행장 설치방안 연구,육군본부,43270000.0,91.993,2020-07-08,재단법인 한국군사문제연구원,김형철,이수행,"경기도 성남시 수정구 위례대로83(창곡동, 국방문화센터)",43270000.0,91.993,헬기와 UAV의 통합운용을 위한 비행장 설치방안 연구,군
KOLAS 인정 기반 구축 연구용역,해군군수사령부,40150000.0,83.79,2020-04-16,기술표준화연구소,금재호,금재호,경기도 구리시 산마루로46-0 (갈매동) 404동 1702호,40150000.0,83.79,KOLAS 인정 기반 구축 연구용역,군
국회 협력 조직 및 업무 개선 방안 연구,국방부(운영지원과),,,,,,,,,,국회 협력 조직 및 업무 개선 방안 연구,중앙행정기관
육군 핵심가치 실천수칙에 관한 연구 용역,육군본부,25200000.0,84.283,2020-04-14,(사)한국전략문제연구소,박정기,구종우,"서울특별시 용산구 청파로 40, 삼구빌딩 1815호(한강로3가)",25200000.0,84.283,육군 핵심가치 실천수칙에 관한 연구 용역,군
20년 해병대 조직문화 수준진단 표준설계 연구용역,제9691부대,25800000.0,86.444,2020-05-06,사단법인 씨알리더십연구원,최은수,최은수,"서울특별시 서초구 서초대로1길17, 2층 226호(방배동)",25800000.0,86.444,20년 해병대 조직문화 수준진단 표준설계 연구용역,제9691부대
우주기상 영향 연구용역,국군재정관리단,67500000.0,85.46,2020-06-30,(주)레이다앤스페이스,박재우,박세원,대전광역시 유성구 테크노3로65-0 (관평동) 한산에스메카 333호,67500000.0,85.46,우주기상 영향 연구용역,국군재정관리단
탄약 및 용기 레이저 제청 시스템 응용연구 용역,해군군수사령부,35000000.0,97.2,2020-05-08,(주)아이엠티,최재성,이재원,"경기도 수원시 영통구 신원로306, 1동 8층(원천동, 이노플렉스)",35000000.0,97.2,탄약 및 용기 레이저 제청 시스템 응용연구 용역,군
20-조난위치지시 무선송신기(잠수함 부이용) 연구개발,국군재정관리단,221067000.0,98.668,2020-07-07,주식회사 에스알씨,임종근,옥창길,부산광역시 남구 용호로252번길11-0 (용호동),221067000.0,98.668,20-조난위치지시 무선송신기(잠수함 부이용) 연구개발,국군재정관리단
국방표준서 제정(4차) 연구,방위사업청(운영지원과),539999000.0,89.999,2020-06-01,(재)한국기계전기전자시험연구원,안성일,최광호,경기도 군포시 흥안대로27번길22-0 (금정동),539999000.0,89.999,국방표준서 제정(4차) 연구,중앙행정기관
예비전력 예산  국방예산의 1%달성 방안 연구,육군본부,,,,,,,,,,예비전력 예산  국방예산의 1%달성 방안 연구,군
예비전력 예산  국방예산의 1%달성 방안 연구,육군본부,,,,,,,,,,예비전력 예산  국방예산의 1%달성 방안 연구,군
상비군 수준의 동원위주부대 전력보강 방안 연구,육군본부,,,,,,,,,,상비군 수준의 동원위주부대 전력보강 방안 연구,군
상비군 수준의 동원위주부대 전력보강 방안 연구,육군본부,19200000.0,64.919,2020-05-12,재단법인 한국군사문제연구원,김형철,이수행,"경기도 성남시 수정구 위례대로83(창곡동, 국방문화센터)",19200000.0,64.919,상비군 수준의 동원위주부대 전력보강 방안 연구,군
(207110-C) '20년 연구활동 재료(시약  초자) 구매,국군재정관리단,139675810.0,88.015,2020-05-19,예원,신명화,신명화,"경기도 고양시 일산서구 산현로17번길38, 1102동 503호",139675810.0,88.015,(207110-C) '20년 연구활동 재료(시약  초자) 구매,국군재정관리단
ICT기반 입체영상 활용방안 연구 용역,제9965부대,49000000.0,101.47,2020-04-13,주식회사 한컴인스페이스,최명진,김민재,대전광역시 유성구 유성대로1312번길20-62 (장동) 3층,49000000.0,101.47,ICT기반 입체영상 활용방안 연구 용역,제9965부대
BLT급 과학화상륙(지상)전 모의훈련체계 구축 연구,제9691부대,,,,,,,,,,BLT급 과학화상륙(지상)전 모의훈련체계 구축 연구,제9691부대
KT-100 PBL 적용방안 연구용역,공군군수사령부,38250000.0,85.977,2020-06-09,사단법인 안보경영연구원,전건욱,김지훈,"서울특별시 강남구 언주로527, 10층 (역삼동)",38250000.0,85.977,KT-100 PBL 적용방안 연구용역,군
4차 산업혁명  군 적용을 위한 R&D 발전방안 연구,육군본부,21325000.0,84.997,2020-05-04,한성대학교 산학협력단,노광현,박소연,서울특별시 성북구 삼선교로16길116-0 (삼선동2가),21325000.0,84.997,4차 산업혁명  군 적용을 위한 R&D 발전방안 연구,군
20년 국방정책연구과제,합동참모본부,27640000.0,90.762,2020-05-01,사단법인 안보경영연구원,전건욱,김지훈,"서울특별시 강남구 언주로527, 10층 (역삼동)",27640000.0,90.762,20년 국방정책연구과제,합동참모본부
공군 전략급 자산 대테러 작전개념 연구용역,공군본부,18000000.0,85.18,2020-05-06,대전대학교 산학협력단,이영환,박서연,대전광역시 동구 대학로62-0 (용운동),18000000.0,85.18,공군 전략급 자산 대테러 작전개념 연구용역,군
20-청상어 장전용 유압식 어셈블리 연구개발용역,국군재정관리단,,,,,,,,,,20-청상어 장전용 유압식 어셈블리 연구개발용역,국군재정관리단
군사시설 유형별 시설기준 제 개정 연구,국군재정관리단,118450000.0,79.668,2020-06-17,(주)디앤오종합건축사사무소,정봉원,정봉원,"서울특별시 송파구 법원로9길26, D동 1104호(문정동, H-비즈니스파크)",118450000.0,79.668,군사시설 유형별 시설기준 제 개정 연구,국군재정관리단
육군내 기술연구소 신설방안 연구 용역,육군본부,23900000.0,95.6,2020-05-14,(사)한국전략문제연구소,박정기,구종우,"서울특별시 용산구 청파로 40, 삼구빌딩 1815호(한강로3가)",23900000.0,95.6,육군내 기술연구소 신설방안 연구 용역,군
지뢰제거에 관한 법안 연구 용역,국방부(운영지원과),62000000.0,91.176,2020-04-07,대진대학교 산학협력단,김명운,이유진,"경기도 포천시 호국로 1007, 대진대학교 산학협력단(선단동)",62000000.0,91.176,지뢰제거에 관한 법안 연구 용역,중앙행정기관
신기술을 적용한 무기효과자료 산출 방법론 연구,합동참모본부,,,,,,,,,,신기술을 적용한 무기효과자료 산출 방법론 연구,합동참모본부
신기술을 적용한 무기효과자료 산출 방법론 연구,합동참모본부,,,,,,,,,,신기술을 적용한 무기효과자료 산출 방법론 연구,합동참모본부
무기체계 RAM 시험평가의 효율적 수행방안 연구,합동참모본부,,,,,,,,,,무기체계 RAM 시험평가의 효율적 수행방안 연구,합동참모본부
무기체계 RAM 시험평가의 효율적 수행방안 연구,합동참모본부,,,,,,,,,,무기체계 RAM 시험평가의 효율적 수행방안 연구,합동참모본부
20-쇄빙능력 보유 함정 건조/설계 기반기술 연구,해군본부,,,,,,,,,,20-쇄빙능력 보유 함정 건조/설계 기반기술 연구,군
20-쇄빙능력 보유 함정 건조/설계 기반기술 연구,해군본부,37500000.0,95.071,2020-06-04,인하공업전문대학 산학협력단,박기식,박정자,인천광역시 미추홀구 인하로100-0 (용현동) 인하공업전문대학,37500000.0,95.071,20-쇄빙능력 보유 함정 건조/설계 기반기술 연구,군
비행기지 계기착륙장치 노후교체 적정시기 연구용역,공군본부,34582000.0,91.247,2020-06-25,한국교통대학교산학협력단,김성룡,이정민,충청북도 충주시 대학로50-0 (대소원면),34582000.0,91.247,비행기지 계기착륙장치 노후교체 적정시기 연구용역,군
웨어러블 로봇 운용개념 연구용역,육군종합군수학교,,,,,,,,,,웨어러블 로봇 운용개념 연구용역,군
웨어러블 로봇 운용개념 연구용역,육군종합군수학교,,,,,,,,,,웨어러블 로봇 운용개념 연구용역,군
국산품 우선정책(BKD) 수립을 위한 정책연구,방위사업청(운영지원과),70000000.0,97.222,2020-05-19,과학기술정책연구원,문미옥,오윤정,세종특별자치시  반곡동시청대로 370,70000000.0,97.222,국산품 우선정책(BKD) 수립을 위한 정책연구,중앙행정기관
(20F118-A)동원훈련장 과학화 발전연구 용역,국군재정관리단,59900000.0,71.537,2020-07-13,사단법인 대한민국 육군발전협회,권오성,추현아,"서울특별시 용산구 이태원로 29, 전쟁기념관 4층(용산동1가)",59900000.0,71.537,(20F118-A)동원훈련장 과학화 발전연구 용역,국군재정관리단
고출력레이저 위성추적체계 구축방안 연구,공군본부,,,,,,,,,,고출력레이저 위성추적체계 구축방안 연구,군
고출력레이저 위성추적체계 구축방안 연구,공군본부,,,,,,,,,,고출력레이저 위성추적체계 구축방안 연구,군
비전투부대 참모부서 소요병력 산정기준 연구용역,공군본부,30940000.0,78.548,2020-05-01,사단법인 안보경영연구원,전건욱,김지훈,"서울특별시 강남구 언주로527, 10층 (역삼동)",30940000.0,78.548,비전투부대 참모부서 소요병력 산정기준 연구용역,군
전투근무지원정 건조가능성 검토 기술지원 연구용역,국군재정관리단,222700000.0,98.07,2020-05-19,(주)강남,정태윤,곽일,부산광역시 사하구 구평로16번길 71(구평동),222700000.0,98.07,전투근무지원정 건조가능성 검토 기술지원 연구용역,국군재정관리단
20년 수송기술병참선 제원 연구용역,국군수송사령부,,,,,,,,,,20년 수송기술병참선 제원 연구용역,기관
20년 수송기술병참선 제원 연구용역,국군수송사령부,,,,,,,,,,20년 수송기술병참선 제원 연구용역,기관
방탄 방호성능 기초연구용역,국군재정관리단,113256000.0,92.371,2020-06-12,단국대학교 산학협력단,조완제,이연수,"경기도 용인시 수지구 죽전로 152, 단국대학교내(죽전동)",113256000.0,92.371,방탄 방호성능 기초연구용역,국군재정관리단
미래 우주전장 분석 및 공군 우주전략 수립 연구용역,공군본부,,,,,,,,,,미래 우주전장 분석 및 공군 우주전략 수립 연구용역,군
미래 우주전장 분석 및 공군 우주전략 수립 연구용역,공군본부,,,,,,,,,,미래 우주전장 분석 및 공군 우주전략 수립 연구용역,군
방공포병 모의훈련체계 구축 가능성 연구용역,공군본부,19140000.0,55.42,2020-04-06,주식회사 유니텍,이훈민,김상도,"경기도 안양시 동안구 학의로282, 501호,502호,503호 (관양동, 금강펜테리움아이티타워)",19140000.0,55.42,방공포병 모의훈련체계 구축 가능성 연구용역,군
공신력 확보를 위한 신규국제표준 적용방안 연구용역,합동상호운용성기술센터,39600000.0,96.764,2020-03-20,(주)이지랩아이앤티,이현석,박은정,"경기도 안양시 동안구 시민대로 266, 평촌샤르망오피스텔 909호(관양동)",39600000.0,96.764,공신력 확보를 위한 신규국제표준 적용방안 연구용역,합동상호운용성기술센터
헬기 보조동력장치 시험장비 개발 연구용역,제2879부대,,,,,,,,,,헬기 보조동력장치 시험장비 개발 연구용역,제2879부대
헬기 보조동력장치 시험장비 개발 연구용역,제2879부대,,,,,,,,,,헬기 보조동력장치 시험장비 개발 연구용역,제2879부대
육군 NCS직무표준화 및 군내 활용방안 연구 용역,육군인사사령부,,,,,,,,,,육군 NCS직무표준화 및 군내 활용방안 연구 용역,군
프로그램 단위 성과관리를 위한 성과지표 연구,방위사업청(운영지원과),43000000.0,97.949,2020-04-17,주식회사 공공정책성과평가연구원,김동준,김동준,"서울특별시 서초구 방배천로155, 유청빌딩 3층(방배동 821-8)",43000000.0,97.949,프로그램 단위 성과관리를 위한 성과지표 연구,중앙행정기관
샵차량 전자제어기 회로카드 대체품 개발 연구용역,제2879부대,,,,,,,,,,샵차량 전자제어기 회로카드 대체품 개발 연구용역,제2879부대
20-Lynx 군수지원 여건 고려 적정 수명주기 연구,해군본부,16320000.0,81.162,2020-02-27,사단법인 안보경영연구원,전건욱,김지훈,"서울특별시 강남구 언주로527, 10층 (역삼동)",16320000.0,81.162,20-Lynx 군수지원 여건 고려 적정 수명주기 연구,군
워리어플랫폼 미래단계 추진방향 연구용역,육군본부,,,,,,,,,,워리어플랫폼 미래단계 추진방향 연구용역,군
워리어플랫폼 미래단계 추진방향 연구용역,육군본부,17354226.0,88.716,2020-03-04,(사)21세기군사연구소,김진욱,박계향,"서울특별시 금천구 가산디지털2로184, 10층 1017호(가산동, 벽산디지털밸리2차)",17354226.0,88.716,워리어플랫폼 미래단계 추진방향 연구용역,군
해안 경계력 보강 사업 선행 연구,육군본부,38900000.0,91.237,2020-03-05,주식회사 안보기술연구원,경상현,경상현,"경기도 안양시 만안구 만안로49, 519호(안양동, 호정타워)",38900000.0,91.237,해안 경계력 보강 사업 선행 연구,군
특수 과학화 전술훈련장 선행연구 용역,제9965부대,40000000.0,94.394,2020-04-01,사단법인 미래안보산업전략연구원,박종재,유현국,서울특별시 영등포구 영등포로35길10-0 (영등포동6가) 8층 809호,40000000.0,94.394,특수 과학화 전술훈련장 선행연구 용역,제9965부대
소형드론용 지능형 영상분석기술 연구/시연 용역,육군교육사령부,,,,,,,,,,소형드론용 지능형 영상분석기술 연구/시연 용역,군
감염 및 외상분야 군의료 특성화 연구(2차),국군수도병원,49999000.0,99.998,2020-04-01,고려대학교 의료원 산학협력단,김학준,정태진,"서울특별시 성북구 정릉로161 6층(정릉동, 정의관)",49999000.0,99.998,감염 및 외상분야 군의료 특성화 연구(2차),국군수도병원
화생방정찰차-II(차량형) 시설사업기본계획 연구용역,방위사업청(운영지원과),62000000.0,94.143,2020-03-13,(주)에프오알엠도시건축공간연구소,권시형,권시형,"서울특별시 송파구 법원로11길25-0, A동 1310호(문정동, 에이치비즈니스파크)",62000000.0,94.143,화생방정찰차-II(차량형) 시설사업기본계획 연구용역,중앙행정기관
군 급식비의 적정수준에 대한 연구,국방부(운영지원과),39742054.0,99.894,2020-03-27,(사)대한영양사협회,김혜진,정예지,"서울특별시 영등포구 63로40, 202호(여의도동)",39742054.0,99.894,군 급식비의 적정수준에 대한 연구,중앙행정기관
신규 유도무기 적정 신뢰도 유지방안 연구,방위사업청(운영지원과),47550000.0,88.994,2020-01-20,사단법인 안보경영연구원,전건욱,김지훈,"서울특별시 강남구 언주로527, 10층 (역삼동)",47550000.0,88.994,신규 유도무기 적정 신뢰도 유지방안 연구,중앙행정기관
과학적 시험설계와 시험결과의 논리적 평가방안연구,국방부(운영지원과),49400000.0,100.0,2020-03-04,한국산업기술시험원,김세종,최진영,경상남도 진주시 충의로10-0 (충무공동),49400000.0,100.0,과학적 시험설계와 시험결과의 논리적 평가방안연구,중앙행정기관
신기술 연구개발 기반체계 구축 및 백업체계 교체,국군재정관리단,244869110.0,83.092,2020-03-24,주식회사 조인트리,김흥중,전호영,광주광역시 서구 마륵로28-1 (마륵동),244869110.0,83.092,신기술 연구개발 기반체계 구축 및 백업체계 교체,국군재정관리단
(20G003-B)생물안전 3등급 연구시설 유지보수 용역,국군재정관리단,100310000.0,88.243,2020-02-13,주식회사 녹십자이엠,박충권,장미선,"경기도 성남시 분당구 구미로8, 2층(구미동, 엠타워)",100310000.0,88.243,(20G003-B)생물안전 3등급 연구시설 유지보수 용역,국군재정관리단
첨단 ICT 적용한 신규 C4I 연구용역,제9691부대,24500000.0,78.348,2020-03-13,경희대학교산학협력단,김윤혁,조혜진,"경기도 용인시 기흥구 덕영대로1732-0 (서천동, 경희대학교 국제캠퍼스내)",24500000.0,78.348,첨단 ICT 적용한 신규 C4I 연구용역,제9691부대
KAAV-II 운용 및 요구사항 연구용역,제9691부대,,,,,,,,,,KAAV-II 운용 및 요구사항 연구용역,제9691부대
마린온 정비지원체계 방안 연구용역,제9691부대,25600000.0,81.032,2020-03-13,사단법인 안보경영연구원,전건욱,김지훈,"서울특별시 강남구 언주로527, 10층 (역삼동)",25600000.0,81.032,마린온 정비지원체계 방안 연구용역,제9691부대
전차 조준선 정렬 시스템 개발 연구용역,제2879부대,,,,,,,,,,전차 조준선 정렬 시스템 개발 연구용역,제2879부대
이동형장거리레이더 시설사업기본계획 연구용역,방위사업청(운영지원과),45000000.0,90.0,2020-03-16,사단법인 안보경영연구원,전건욱,김지훈,"서울특별시 강남구 언주로527, 10층 (역삼동)",45000000.0,90.0,이동형장거리레이더 시설사업기본계획 연구용역,중앙행정기관
미래 복합전투체계 운용개념/전투실험방법 연구용역,육군교육사령부,25875000.0,76.035,2020-02-26,(사)21세기군사연구소,김진욱,박계향,"서울특별시 금천구 가산디지털2로184, 10층 1017호(가산동, 벽산디지털밸리2차)",25875000.0,76.035,미래 복합전투체계 운용개념/전투실험방법 연구용역,군
AI기반 드론봇 네트워크 운용 및 실험설계 연구용역,육군교육사령부,25850000.0,76.144,2020-02-26,(사)한국전략문제연구소,박정기,구종우,"서울특별시 용산구 청파로 40, 삼구빌딩 1815호(한강로3가)",25850000.0,76.144,AI기반 드론봇 네트워크 운용 및 실험설계 연구용역,군
상륙기동헬기 성능개량 소요 분석 연구용역,제9691부대,27459300.0,70.098,2020-03-13,한성대학교 산학협력단,노광현,박소연,서울특별시 성북구 삼선교로16길116-0 (삼선동2가),27459300.0,70.098,상륙기동헬기 성능개량 소요 분석 연구용역,제9691부대
사이버전자전 작전수행개념 및 핵심요구능력 연구,육군교육사령부,28450000.0,76.628,2020-03-30,경희대학교산학협력단,김윤혁,조혜진,"경기도 용인시 기흥구 덕영대로1732-0 (서천동, 경희대학교 국제캠퍼스내)",28450000.0,76.628,사이버전자전 작전수행개념 및 핵심요구능력 연구,군
미래 작전지속지원 수행개념 및 핵심요구능력 연구,육군교육사령부,,,,,,,,,,미래 작전지속지원 수행개념 및 핵심요구능력 연구,군
미래 작전지속지원 수행개념 및 핵심요구능력 연구,육군교육사령부,34000000.0,91.838,2020-04-03,사단법인 한국국가전략연구원,한민구,이상규,"서울특별시 용산구 한강대로62길41, 3층 (한강로1가)",34000000.0,91.838,미래 작전지속지원 수행개념 및 핵심요구능력 연구,군
워리어플랫폼 최적화 방안 및 핵심요구능력 연구,육군교육사령부,28050000.0,75.487,2020-03-30,(사)한국전략문제연구소,박정기,구종우,"서울특별시 용산구 청파로 40, 삼구빌딩 1815호(한강로3가)",28050000.0,75.487,워리어플랫폼 최적화 방안 및 핵심요구능력 연구,군
공중항적 영상식별체계 확보 연구용역,공군본부,,,,,,,,,,공중항적 영상식별체계 확보 연구용역,군
국방정보체계프로젝트관리시스템 발전방안 연구,국방전산정보원,,,,,,,,,,국방정보체계프로젝트관리시스템 발전방안 연구,중앙행정기관
국방정보체계프로젝트관리시스템 발전방안 연구,국방전산정보원,,,,,,,,,,국방정보체계프로젝트관리시스템 발전방안 연구,중앙행정기관
국방 해양안보정책 연구,국방부(운영지원과),40000000.0,95.057,2020-03-20,서울대학교 산학협력단,김재영,김소미,서울특별시 관악구 관악로1 (신림동),40000000.0,95.057,국방 해양안보정책 연구,중앙행정기관
2020 서울안보대화 프로그램 기획 및 발전방향연구,국방부(운영지원과),46129347.0,88.71,2020-02-19,재단법인 세종연구소,이용준,이지은,경기도 성남시 수정구 대왕판교로851번길20-0 (시흥동),46129347.0,88.71,2020 서울안보대화 프로그램 기획 및 발전방향연구,중앙행정기관
신기술 적용을 통한 저장시설 물류향상 연구,국방부(운영지원과),,,,,,,,,,신기술 적용을 통한 저장시설 물류향상 연구,중앙행정기관
신기술 적용을 통한 저장시설 물류향상 연구,국방부(운영지원과),,,,,,,,,,신기술 적용을 통한 저장시설 물류향상 연구,중앙행정기관
신기술 적용을 통한 저장시설 물류향상 연구,국방부(운영지원과),60109350.0,95.0,2020-05-04,광운대학교산학협력단,정영욱,임혜정,"서울특별시 노원구 광운로 20(월계동, 광운대학교)",60109350.0,95.0,신기술 적용을 통한 저장시설 물류향상 연구,중앙행정기관
항공작전기지 계류공간의 효육적 활용방안 표본연구,국방부(운영지원과),55200000.0,85.063,2020-03-27,사단법인 한국군사시설연구소,김진욱,김진욱,"서울특별시 금천구 가산디지털2로184, 1017호(가산동, 벽산.경인디지털밸리2)",55200000.0,85.063,항공작전기지 계류공간의 효육적 활용방안 표본연구,중앙행정기관
차세대 전투차량 발전방안 연구 용역,육군본부,,,,,,,,,,차세대 전투차량 발전방안 연구 용역,군
차세대 전투차량 발전방안 연구 용역,육군본부,,,,,,,,,,차세대 전투차량 발전방안 연구 용역,군
한국형 모듈화 부대구조 필요성과 편성 방안 연구,국방부(운영지원과),40500000.0,88.559,2020-02-26,사단법인 한국국가전략연구원,한민구,이상규,"서울특별시 용산구 한강대로62길41, 3층 (한강로1가)",40500000.0,88.559,한국형 모듈화 부대구조 필요성과 편성 방안 연구,중앙행정기관
20-함정 전기추진체계 관련 군요구조건 도출방안 연구,해군본부,37000000.0,93.279,2020-02-27,해군사관학교 산학협력단,홍순국,김소연,"경상남도 창원시 진해구 중원로1-0 (남빈동, 해군사관학교내)",37000000.0,93.279,20-함정 전기추진체계 관련 군요구조건 도출방안 연구,군
20-효율적인 성능개량 방안 도출 연구,해군본부,34000000.0,98.405,2020-03-30,사단법인 한국선급,이형철,박종부,부산광역시 강서구 명지오션시티9로36-0 (명지동),34000000.0,98.405,20-효율적인 성능개량 방안 도출 연구,군
감염 및 외상분야 군의료 특성화 연구,국군수도병원,50000000.0,100.0,2020-03-19,아주대학교 산학협력단,김상인,손보연,"경기도 수원시 영통구 월드컵로 206(원천동, 아주대학교)",50000000.0,100.0,감염 및 외상분야 군의료 특성화 연구,국군수도병원
포항지역 항공기 소음감소 대응방안 연구 용역,제9691부대,,,,,,,,,,포항지역 항공기 소음감소 대응방안 연구 용역,제9691부대
4차 산업혁명 연계 미래 해병대 발전 연구용역,제9691부대,,,,,,,,,,4차 산업혁명 연계 미래 해병대 발전 연구용역,제9691부대
4차 산업혁명 연계 군시설 관리체계 연구 용역,제9691부대,,,,,,,,,,4차 산업혁명 연계 군시설 관리체계 연구 용역,제9691부대
아세안확대국방장관회의 사이버워킹그룹 발전 연구,국방부(운영지원과),,,,,,,,,,아세안확대국방장관회의 사이버워킹그룹 발전 연구,중앙행정기관
표적메모리 회로카드 대체품 개발 연구용역,제2879부대,,,,,,,,,,표적메모리 회로카드 대체품 개발 연구용역,제2879부대
표적메모리 회로카드 대체품 개발 연구용역,제2879부대,,,,,,,,,,표적메모리 회로카드 대체품 개발 연구용역,제2879부대
잠수함용 예인정-ll 개념설계 기술지원 연구용역,해군본부,520000000.0,80.189,2020-04-08,에스케이오션플랜트(주),이승철,정재훈,경상남도 고성군 동해면 내산3길51-1,520000000.0,80.189,잠수함용 예인정-ll 개념설계 기술지원 연구용역,군
20-실전적 시뮬레이터 구축방안 연구,해군본부,,,,,,,,,,20-실전적 시뮬레이터 구축방안 연구,군
군용 무인기 사업의 안전계수 적용 적정성 연구,방위사업청(운영지원과),37999500.0,88.991,2020-02-24,한성대학교 산학협력단,노광현,박소연,서울특별시 성북구 삼선교로16길116-0 (삼선동2가),37999500.0,88.991,군용 무인기 사업의 안전계수 적용 적정성 연구,중앙행정기관
의학연구소 영상진단장비,국군의무사령부,,,,,,,,,,의학연구소 영상진단장비,기관
무기체계 획득.운용 연구용역,국방부(운영지원과),59900000.0,89.993,2019-12-24,사단법인 안보경영연구원,전건욱,김지훈,"서울특별시 강남구 언주로527, 10층 (역삼동)",59900000.0,89.993,무기체계 획득.운용 연구용역,중앙행정기관
개발사업 군사작전 영향검토 및 법제화 방안 연구,국방부(운영지원과),,,,,,,,,,개발사업 군사작전 영향검토 및 법제화 방안 연구,중앙행정기관
군용차량 배출가스 환경영향 및 기준 검토 연구용역,육군본부,,,,,,,,,,군용차량 배출가스 환경영향 및 기준 검토 연구용역,군
군용차량 배출가스 환경영향 및 기준 검토 연구용역,육군본부,,,,,,,,,,군용차량 배출가스 환경영향 및 기준 검토 연구용역,군
교육생 숙소 시설기준 연구용역,육군교육사령부,65130000.0,78.981,2019-12-17,(주)디앤오종합건축사사무소,정봉원,정봉원,"서울특별시 송파구 법원로9길26, D동 1104호(문정동, H-비즈니스파크)",65130000.0,78.981,교육생 숙소 시설기준 연구용역,군
방폭 설계 표준화 체계구축 연구용역,국군재정관리단,177500000.0,95.482,2019-11-11,사단법인한국강구조학회,이철호,송현상,서울특별시 송파구 송이로30길21-0 (문정동),177500000.0,95.482,방폭 설계 표준화 체계구축 연구용역,국군재정관리단
00부대 신축 시설사업 선행연구 용역,제6619부대,44850000.0,88.404,2019-11-29,(주)에프오알엠도시건축공간연구소,권시형,권시형,"서울특별시 송파구 법원로11길25-0, A동 1310호(문정동, 에이치비즈니스파크)",44850000.0,88.404,00부대 신축 시설사업 선행연구 용역,제6619부대
드론봇 전투체계 통합관제체계 구축 연구용역,육군본부,43000000.0,92.116,2019-07-26,경희대학교산학협력단,김윤혁,조해주,"경기도 용인시 기흥구 덕영대로1732-0 (서천동, 경희대학교 국제캠퍼스내)",43000000.0,92.116,드론봇 전투체계 통합관제체계 구축 연구용역,군
운용제원 분석 기반 장비수명 판단방안 연구,국방부(운영지원과),24271000.0,84.991,2019-08-22,국방대학교산학협력단,이문걸,김채미,충청남도 논산시 양촌면 황산벌로1040,24271000.0,84.991,운용제원 분석 기반 장비수명 판단방안 연구,중앙행정기관
국방시설 전력소비 수용률 기준 연구용역,국군재정관리단,88886000.0,79.431,2019-11-07,주식회사 유로컨설팅,기유경,기유경,"서울특별시 강서구 마곡중앙5로1길20-0 (마곡동) 보타닉비즈타워 921,922호",88886000.0,79.431,국방시설 전력소비 수용률 기준 연구용역,국군재정관리단
공무직 근로자 임금체계 컨설팅 및 연구 용역,국군복지단,39844000.0,81.654,2019-08-23,노무법인 최상인업,김경모,김경모,서울특별시 강남구 선릉로93길54-0 (역삼동) 일환빌딩 6097호,39844000.0,81.654,공무직 근로자 임금체계 컨설팅 및 연구 용역,국군복지단
항공우주력 건설 전투발전전략 연구용역,공군본부,20542372.0,90.981,2019-10-04,사단법인 대한민국공군발전협회,김은기,최미락,서울특별시 동작구 여의대방로36길92(대방동),20542372.0,90.981,항공우주력 건설 전투발전전략 연구용역,군
단기장교 적정 복무기간 및 지원율 향상 방안 연구,공군본부,,,,,,,,,,단기장교 적정 복무기간 및 지원율 향상 방안 연구,군
창군 100주년 준비 차기 공군 비전서(書) 작성 연구,공군본부,,,,,,,,,,창군 100주년 준비 차기 공군 비전서(書) 작성 연구,군
계약 전 손실 보전제도(가칭) 도입 관련 연구,방위사업청(운영지원과),,,,,,,,,,계약 전 손실 보전제도(가칭) 도입 관련 연구,중앙행정기관
19년 천궁 성과기반군수지원 적용방안 연구용역,공군군수사령부,43000000.0,95.952,2019-08-06,사단법인 안보경영연구원,전건욱,김지훈,"서울특별시 강남구 언주로527, 10층 (역삼동)",43000000.0,95.952,19년 천궁 성과기반군수지원 적용방안 연구용역,군
공무원 징계와 군 징계의 비교법적 연구,국방부(운영지원과),,,,,,,,,,공무원 징계와 군 징계의 비교법적 연구,중앙행정기관
공무원 징계와 군 징계의 비교법적 연구,국방부(운영지원과),,,,,,,,,,공무원 징계와 군 징계의 비교법적 연구,중앙행정기관
ArmyTIGER4.0네트워크정보유통능력분석연구용역,육군정보통신학교,,,,,,,,,,ArmyTIGER4.0네트워크정보유통능력분석연구용역,군
방위사업 계약법령 체계화 방안 연구,방위사업청(운영지원과),,,,,,,,,,방위사업 계약법령 체계화 방안 연구,중앙행정기관
국내개발레이더 후속군수지원을 위한 지표개발연구,방위사업청(운영지원과),41000000.0,92.488,2019-09-03,재단법인 한국군사문제연구원,김형철,이수행,"경기도 성남시 수정구 위례대로83(창곡동, 국방문화센터)",41000000.0,92.488,국내개발레이더 후속군수지원을 위한 지표개발연구,중앙행정기관
저피탐 정찰용 무인항공기 개발기술 및 운영개념연구,합동참모본부,34980000.0,88.948,2019-08-29,한성대학교 산학협력단,노광현,장소영,서울특별시 성북구 삼선교로16길116-0 (삼선동2가),34980000.0,88.948,저피탐 정찰용 무인항공기 개발기술 및 운영개념연구,합동참모본부
항공교통 업무 수행 및 공역체계 개선 방안 연구,공군본부,33715000.0,96.889,2019-10-04,(주)렛츠정보통신,이성심,이성심,서울특별시 강서구 양천로401-0 (가양동) B-407,33715000.0,96.889,항공교통 업무 수행 및 공역체계 개선 방안 연구,군
소형무장헬기 경제적 획득 방안 연구,방위사업청(운영지원과),,,,,,,,,,소형무장헬기 경제적 획득 방안 연구,중앙행정기관
소형무장헬기 경제적 획득 방안 연구,방위사업청(운영지원과),73000000.0,92.405,2019-09-09,사단법인 안보경영연구원,전건욱,김지훈,"서울특별시 강남구 언주로527, 10층 (역삼동)",73000000.0,92.405,소형무장헬기 경제적 획득 방안 연구,중앙행정기관
육군 안전수준 진단체계 연구,국방부(운영지원과),37150000.0,87.997,2019-08-29,재단법인 한국산업관계연구원,임승택,김다예,"서울특별시 금천구 디지털로173, 504호(가산동, 엘리시아지식산업센터)",37150000.0,87.997,육군 안전수준 진단체계 연구,중앙행정기관
예비전력 VISION 구현 방향 연구용역,육군본부,19900000.0,67.926,2019-07-26,(사)한국전략문제연구소,박정기,구종우,"서울특별시 용산구 청파로 40, 삼구빌딩 1815호(한강로3가)",19900000.0,67.926,예비전력 VISION 구현 방향 연구용역,군
평시 복무 예비군제도 발전방향 연구용역,육군본부,19900000.0,67.958,2019-07-26,(사)한국전략문제연구소,박정기,구종우,"서울특별시 용산구 청파로 40, 삼구빌딩 1815호(한강로3가)",19900000.0,67.958,평시 복무 예비군제도 발전방향 연구용역,군
연구장비확보(냉방장치),국군의무사령부,,,,,,,,,,연구장비확보(냉방장치),기관
연구장비확보(중합효소연쇄반응장치),국군의무사령부,,,,,,,,,,연구장비확보(중합효소연쇄반응장치),기관
연구장비확보(초저온냉동고),국군의무사령부,,,,,,,,,,연구장비확보(초저온냉동고),기관
국방시설분야 4차 산업기술 활용방안 연구용역,국군재정관리단,70456000.0,88.843,2019-11-04,육군사관학교 산학협력단,김주희,이영주,서울특별시 노원구 화랑로574-0 (공릉동),70456000.0,88.843,국방시설분야 4차 산업기술 활용방안 연구용역,국군재정관리단
전술정보통신체계(TICN) 시설사업기본계획 연구용역,방위사업청(운영지원과),140000000.0,87.5,2019-09-23,(주)에프오알엠도시건축공간연구소,권시형,권시형,"서울특별시 송파구 법원로11길25-0, A동 1310호(문정동, 에이치비즈니스파크)",140000000.0,87.5,전술정보통신체계(TICN) 시설사업기본계획 연구용역,중앙행정기관
RAM 및 군수지원분석 방법 선진화 연구(2차),방위사업청(운영지원과),68861100.0,99.798,2019-09-02,주식회사 타임기술,주양효,한소희,"경상남도 창원시 성산구 완암로50-0, 메카동 813호(성산동, SK테크노파크)",68861100.0,99.798,RAM 및 군수지원분석 방법 선진화 연구(2차),중앙행정기관
공무원 징계와 군 징계의 비교법적 연구,국방부(운영지원과),25910000.0,90.88,2019-10-15,(사)한국전략문제연구소,박정기,구종우,"서울특별시 용산구 청파로 40, 삼구빌딩 1815호(한강로3가)",25910000.0,90.88,공무원 징계와 군 징계의 비교법적 연구,중앙행정기관
퍼징기반의 국방 무기체계 SW 안전성 향상방안 연구,4284부대,45500000.0,97.211,2019-08-26,세종대학교산학협력단,유상호,방윤지,서울특별시 광진구 군자동98 집현관 216,45500000.0,97.211,퍼징기반의 국방 무기체계 SW 안전성 향상방안 연구,4284부대
다출처 정보화 연구용역,4284부대,34900000.0,99.951,2019-09-19,사단법인 엔케이지식인연대,김흥광,김흥광,"서울특별시 성동구 왕십리로363, 501호 (하왕십리동, 성동빌딩)",34900000.0,99.951,다출처 정보화 연구용역,4284부대
빅데이터 기반 공중전투 기동 분석기술 연구용역,국군재정관리단,213000000.0,57.099,2019-11-05,(주)이씨마이너,민광기,류상윤,"서울특별시 강남구 논현로28길54-0 4층 (도곡동, 덕원빌딩)",213000000.0,57.099,빅데이터 기반 공중전투 기동 분석기술 연구용역,국군재정관리단
스마트 항만기지 구축방안 연구 용역,국군재정관리단,52000000.0,79.066,2019-07-31,주식회사 사이버앤네트워크연구원,김한욱,김한욱,서울특별시 용산구 한강대로46길25-0 (한강로2가) 401호,52000000.0,79.066,스마트 항만기지 구축방안 연구 용역,국군재정관리단
목표비용관리(CAIV) 내실화 방안 연구,방위사업청(운영지원과),,,,,,,,,,목표비용관리(CAIV) 내실화 방안 연구,중앙행정기관
목표비용관리(CAIV) 내실화 방안 연구,방위사업청(운영지원과),50657460.0,88.872,2020-01-16,(사)21세기군사연구소,김진욱,박계향,"서울특별시 금천구 가산디지털2로184, 10층 1017호(가산동, 벽산디지털밸리2차)",50657460.0,88.872,목표비용관리(CAIV) 내실화 방안 연구,중앙행정기관
19-00지역 통합분청 신축 선행연구,국군재정관리단,237610000.0,97.335,2019-09-16,서울대학교 산학협력단,김재영,김소미,서울특별시 관악구 관악로1 (신림동),237610000.0,97.335,19-00지역 통합분청 신축 선행연구,국군재정관리단
대형수송함-ll(LPX-ll) 개념설계 기술지원 연구 용역,해군본부,1380869600.0,60.913,2019-10-11,에이치디현대중공업 주식회사,한영석,박익수,울산광역시 동구 방어진순환도로1000-0(전하동),1380869600.0,60.913,대형수송함-ll(LPX-ll) 개념설계 기술지원 연구 용역,군
복합형 회전익기 통합 설계/해석 M&S 연구용역,육군교육사령부,,,,,,,,,,복합형 회전익기 통합 설계/해석 M&S 연구용역,군
민·군용헬기 감항인증 상호 교차인정 적용방안 연구,방위사업청(운영지원과),46907000.0,89.999,2021-05-21,(사)21세기군사연구소,김진욱,박계향,"서울특별시 금천구 가산디지털2로184, 10층 1017호(가산동, 벽산디지털밸리2차)",46907000.0,89.999,민·군용헬기 감항인증 상호 교차인정 적용방안 연구,중앙행정기관
열상감시장비 초음파모터 등 3종 정비개발 연구용역,제2879부대,,,,,,,,,,열상감시장비 초음파모터 등 3종 정비개발 연구용역,제2879부대
육군 NCS 기반 직무 및 요구역량 조건표 연구용역,육군인사사령부,,,,,,,,,,육군 NCS 기반 직무 및 요구역량 조건표 연구용역,군
기초자치단체 비상대비업무 담당자 신편방안 연구,국방부(운영지원과),28470000.0,89.742,2021-03-31,사단법인 통일안보전략연구소,강우철,강우철,서울특별시 용산구 이태원로29-0 (용산동1가) 전쟁기념관 435호,28470000.0,89.742,기초자치단체 비상대비업무 담당자 신편방안 연구,중앙행정기관
(21G023-A)생물안전3등급 연구시설 유지보수 용역,국군재정관리단,87070000.0,88.531,2021-03-05,(주) 웃샘,이명식,오순길,충청북도 청주시 흥덕구 옥산면 덕촌삼성골길16,87070000.0,88.531,(21G023-A)생물안전3등급 연구시설 유지보수 용역,국군재정관리단
전투실험 발전 세미나 과제 연구용역(1),육군교육사령부,20650000.0,69.665,2021-02-22,(사)21세기군사연구소,김진욱,박계향,"서울특별시 금천구 가산디지털2로184, 10층 1017호(가산동, 벽산디지털밸리2차)",20650000.0,69.665,전투실험 발전 세미나 과제 연구용역(1),군
전투실험 발전 세미나 과제 연구용역(2),육군교육사령부,27650000.0,70.101,2021-02-22,(사)21세기군사연구소,김진욱,박계향,"서울특별시 금천구 가산디지털2로184, 10층 1017호(가산동, 벽산디지털밸리2차)",27650000.0,70.101,전투실험 발전 세미나 과제 연구용역(2),군
미래 예비전력 정예화를 위한 동원개념 재설계 연구,육군본부,25248400.0,85.0,2021-04-23,(사)21세기군사연구소,김진욱,박계향,"서울특별시 금천구 가산디지털2로184, 10층 1017호(가산동, 벽산디지털밸리2차)",25248400.0,85.0,미래 예비전력 정예화를 위한 동원개념 재설계 연구,군
미래 전장에서 승리하기 위한 육군전략 발전 연구,육군본부,18439400.0,92.381,2021-03-26,사단법인 한국국방정책학회,이민용,이민용,서울특별시 관악구 관악로서울대학교 사회과학대학 16-539,18439400.0,92.381,미래 전장에서 승리하기 위한 육군전략 발전 연구,군
군 시설물 안전관리분야 매뉴얼 개정 연구용역,국군재정관리단,50000000.0,89.281,2021-05-07,(사)국방시설연구협회,정주교,정주교,"경기도 성남시 수정구 복정로84번길 22-15,(B-001호) (복정동)",50000000.0,89.281,군 시설물 안전관리분야 매뉴얼 개정 연구용역,국군재정관리단
21년 전투발전 연구용역(1),육군교육사령부,,,,,,,,,,21년 전투발전 연구용역(1),군
21년 전투발전 연구용역(2),육군교육사령부,26996772.0,76.958,2021-03-26,사단법인 대한민국 육군발전협회,권오성,추현아,"서울특별시 용산구 이태원로 29, 전쟁기념관 4층(용산동1가)",26996772.0,76.958,21년 전투발전 연구용역(2),군
21년 전투발전 연구용역(3),육군교육사령부,27949600.0,79.904,2021-03-26,(사)한국전략문제연구소,박정기,윤진영,"서울특별시 용산구 청파로 40, 삼구빌딩 1815호(한강로3가)",27949600.0,79.904,21년 전투발전 연구용역(3),군
국방연구개발사업의 성과조사.분석 연구,방위사업청(운영지원과),118000000.0,98.333,2021-02-16,주식회사 공공정책성과평가연구원,김동준,김동준,"서울특별시 서초구 방배천로155, 유청빌딩 3층(방배동 821-8)",118000000.0,98.333,국방연구개발사업의 성과조사.분석 연구,중앙행정기관
레이저 변위센서 활용한 탄약검사 M&S 개발 연구용역,육군교육사령부,,,,,,,,,,레이저 변위센서 활용한 탄약검사 M&S 개발 연구용역,군
대류권산란파 장거리통신장비의 군사적활용 검증연구,공군본부,,,,,,,,,,대류권산란파 장거리통신장비의 군사적활용 검증연구,군
AI기반 컴퓨터생성가상군 구축 기술 연구용역,공군본부,,,,,,,,,,AI기반 컴퓨터생성가상군 구축 기술 연구용역,군
차세대 비행시뮬레이터 개발을 위한 기술연구용역,공군본부,,,,,,,,,,차세대 비행시뮬레이터 개발을 위한 기술연구용역,군
군 시설 공사비 기준단가 산정 연구용역(21K018-I),국군재정관리단,152600000.0,80.455,2021-05-10,(주)디앤오종합건축사사무소,정봉원,정봉원,"서울특별시 송파구 법원로9길26, D동 1104호(문정동, H-비즈니스파크)",152600000.0,80.455,군 시설 공사비 기준단가 산정 연구용역(21K018-I),국군재정관리단
(21F049-I)제2軍 대테러 종합훈련장 선행연구 용역,국군재정관리단,69523950.0,70.788,2021-03-24,주식회사 사이버앤네트워크연구원,김한욱,김한욱,서울특별시 용산구 한강대로46길25-0 (한강로2가) 401호,69523950.0,70.788,(21F049-I)제2軍 대테러 종합훈련장 선행연구 용역,국군재정관리단
M-MOOC 체계 고도화 발전방안 연구용역,합동군사대학교,45000000.0,89.984,2021-04-15,주식회사 안보기술연구원,경상현,경상현,"경기도 안양시 만안구 만안로49, 519호(안양동, 호정타워)",45000000.0,89.984,SUPPRESSED,대학
추진장약 저장수명 예측 가속노화시험 연구용역,육군 제3808부대,,,,,,,,,,추진장약 저장수명 예측 가속노화시험 연구용역,군
추진장약 저장수명 예측 가속노화시험 연구용역,육군 제3808부대,,,,,,,,,,추진장약 저장수명 예측 가속노화시험 연구용역,군
2.75인치 유도로켓(비궁) PBL 적용 방안 연구용역,제9691부대,24800000.0,83.76,2021-03-26,재단법인 한국군사문제연구원,김형철,이수행,"경기도 성남시 수정구 위례대로83(창곡동, 국방문화센터)",24800000.0,83.76,2.75인치 유도로켓(비궁) PBL 적용 방안 연구용역,제9691부대
21년 차세대 첨단함정 건조가능성 검토 연구용역(ll),국군재정관리단,,,,,,,,,,21년 차세대 첨단함정 건조가능성 검토 연구용역(ll),국군재정관리단
육군수사단 부대개편 시설사업 선행연구 용역,육군본부,29000000.0,65.379,2021-04-22,(주)디앤오종합건축사사무소,정봉원,정봉원,"서울특별시 송파구 법원로9길26, D동 1104호(문정동, H-비즈니스파크)",29000000.0,65.379,육군수사단 부대개편 시설사업 선행연구 용역,군
군내성폭력피해자지원 및 보호를 위한 제도보완연구,국방부(운영지원과),35000000.0,100.0,2021-03-15,한국여성정책연구원,문유경,이진선,"서울특별시 은평구 진흥로 225,(불광동)",35000000.0,100.0,군내성폭력피해자지원 및 보호를 위한 제도보완연구,중앙행정기관
용산헬기장 소음영향평가 연구용역,국방부(운영지원과),21000000.0,95.454,2021-04-12,주식회사 엔브이티,정태량,전형준,"서울특별시 중구 동호로7길41, 2층(신당동)",21000000.0,95.454,용산헬기장 소음영향평가 연구용역,중앙행정기관
00부대창설을 위한 공공갈등 관리방안 연구용역,공군본부,26900000.0,91.836,2021-04-02,한양대학교 산학협력단,변중무,임지원,"서울특별시 성동구 왕십리로 222, 한양대학교 내 한양종합기술연구원 110호(행당동)",26900000.0,91.836,00부대창설을 위한 공공갈등 관리방안 연구용역,군
국방정보통신장비의 효율적 운영관리 방안 연구,국방부(운영지원과),40524000.0,82.939,2021-04-05,(주)두두아이티,박영선,전형일,"서울특별시 금천구 가마산로96-0, 213호(가산동, 대륭테크노타운8차)",40524000.0,82.939,국방정보통신장비의 효율적 운영관리 방안 연구,중앙행정기관
5G 기반 스마트 교육훈련단 구축 및 운영 연구용역,제9691부대,36950000.0,79.464,2021-03-24,경희대학교산학협력단,김윤혁,조혜진,"경기도 용인시 기흥구 덕영대로1732-0 (서천동, 경희대학교 국제캠퍼스내)",36950000.0,79.464,5G 기반 스마트 교육훈련단 구축 및 운영 연구용역,제9691부대
함정 도면관리를 위한 SW개발 연구용역,해군군수사령부,,,,,,,,,,함정 도면관리를 위한 SW개발 연구용역,군
21-무기체계 수명주기간 부품국산화 발전방안 연구,해군본부,23100000.0,78.289,2021-04-02,사단법인 안보경영연구원,전건욱,김지훈,"서울특별시 강남구 언주로527, 10층 (역삼동)",23100000.0,78.289,21-무기체계 수명주기간 부품국산화 발전방안 연구,군
대형양산사업의 제반 조건 분석 및 방안 연구,방위사업청(운영지원과),62700000.0,89.963,2021-05-31,(사)21세기군사연구소,김진욱,박계향,"서울특별시 금천구 가산디지털2로184, 10층 1017호(가산동, 벽산디지털밸리2차)",62700000.0,89.963,대형양산사업의 제반 조건 분석 및 방안 연구,중앙행정기관
공군 M&S 체계 발전방향 연구용역,공군본부,,,,,,,,,,공군 M&S 체계 발전방향 연구용역,군
대형 후속사업 추진시 기종결정 평가항목 연구,방위사업청(운영지원과),34300000.0,98.0,2021-05-21,사단법인 안보경영연구원,전건욱,김지훈,"서울특별시 강남구 언주로527, 10층 (역삼동)",34300000.0,98.0,대형 후속사업 추진시 기종결정 평가항목 연구,중앙행정기관
선진 육군가치문화 조성 연구용역,육군본부,,,,,,,,,,선진 육군가치문화 조성 연구용역,군
선진 육군가치문화 조성 연구용역,육군본부,26200000.0,89.784,2021-06-02,(사)한국전략문제연구소,박정기,윤진영,"서울특별시 용산구 청파로 40, 삼구빌딩 1815호(한강로3가)",26200000.0,89.784,선진 육군가치문화 조성 연구용역,군
육군 개인 재능 평가지표 개발 연구용역,육군인사사령부,,,,,,,,,,육군 개인 재능 평가지표 개발 연구용역,군
국내 대형민간항공기 활용 공중발사 가능성 분석 연구,공군본부,,,,,,,,,,국내 대형민간항공기 활용 공중발사 가능성 분석 연구,군
국방군사시설 방호기준 제·개정 연구용역(21K021-I),국군재정관리단,155745827.0,97.261,2021-06-08,단국대학교 산학협력단,조완제,윤이나,"경기도 용인시 수지구 죽전로 152, 단국대학교내(죽전동)",155745827.0,97.261,국방군사시설 방호기준 제·개정 연구용역(21K021-I),국군재정관리단
군 표준차량 수명판단방안 연구 용역,육군종합군수학교,28800000.0,80.051,2021-04-26,(사)21세기군사연구소,김진욱,박계향,"서울특별시 금천구 가산디지털2로184, 10층 1017호(가산동, 벽산디지털밸리2차)",28800000.0,80.051,군 표준차량 수명판단방안 연구 용역,군
국방과학 기술료 제도개선 방안 연구,방위사업청(운영지원과),40000000.0,100.0,2021-05-24,한국지식재산연구원,손승우,김영중,"서울특별시 강남구 테헤란로131-0 (역삼동, 한국지식재산센터) 3.9층",40000000.0,100.0,국방과학 기술료 제도개선 방안 연구,중앙행정기관
신공법교량 폭파방법도출 및 실증실험 연구용역,육군공병학교,,,,,,,,,,신공법교량 폭파방법도출 및 실증실험 연구용역,군
21년 전투발전 연구용역(4),육군교육사령부,28490000.0,82.408,2021-03-26,경희대학교산학협력단,김윤혁,조혜진,"경기도 용인시 기흥구 덕영대로1732-0 (서천동, 경희대학교 국제캠퍼스내)",28490000.0,82.408,21년 전투발전 연구용역(4),군
21년 전투발전 연구과제 세미나 수행 용역,육군교육사령부,23730000.0,67.022,2021-03-26,(사)한국전략문제연구소,박정기,윤진영,"서울특별시 용산구 청파로 40, 삼구빌딩 1815호(한강로3가)",23730000.0,67.022,21년 전투발전 연구과제 세미나 수행 용역,군
군용항공기 비행안전성 인증업무분석 및 발전방안연구,방위사업청(운영지원과),48810000.0,89.996,2021-06-21,사단법인 안보경영연구원,전건욱,김지훈,"서울특별시 강남구 언주로527, 10층 (역삼동)",48810000.0,89.996,군용항공기 비행안전성 인증업무분석 및 발전방안연구,중앙행정기관
국방 비밀관리시스템 연동표준 개념연구,국방정보본부,45870000.0,97.525,2021-02-10,주식회사 지음지식서비스,고영호,김소라,경기도 성남시 수정구 창업로42(시흥동) 판교제2테크노밸리 경기기업성장센터 532호,45870000.0,97.525,국방 비밀관리시스템 연동표준 개념연구,중앙행정기관
21년 병참선 제원 및 수송기술 연구용역,국군수송사령부,,,,,,,,,,21년 병참선 제원 및 수송기술 연구용역,기관
(217122-B)연구장비(차세대염기서열분석기) 구매,국군재정관리단,370986000.0,83.29,2021-04-16,(주)한일종합상사,이희석,이희석,대전광역시 대덕구 대전로1397번안길70-0 (읍내동),370986000.0,83.29,(217122-B)연구장비(차세대염기서열분석기) 구매,국군재정관리단
선외기 프로펠러 안전장치 성능개선 연구용역,해군군수사령부,45000000.0,92.88,2021-04-21,주식회사 테너지소프트,전춘석,임재영,"경기도 수원시 영통구 광교로105, 607호(이의동, 경기 알앤디비센터)",45000000.0,92.88,선외기 프로펠러 안전장치 성능개선 연구용역,군
진중문고 운영 및 활용 증진방안 연구 용역,국방부,,,,,,,,,,진중문고 운영 및 활용 증진방안 연구 용역,중앙행정기관
진중문고 운영 및 활용 증진방안 연구 용역,국방부,40938000.0,95.578,2021-05-07,숙명여자대학교산학협력단,오중산,김예빈,"서울특별시 용산구 청파로47길 100, 숙명여자대학교내(청파동2가)",40938000.0,95.578,진중문고 운영 및 활용 증진방안 연구 용역,중앙행정기관
우리군 통합체계지원 적용을 위한 발전방향 연구 용역,국방부(운영지원과),44642000.0,94.999,2021-05-13,(사)21세기군사연구소,김진욱,박계향,"서울특별시 금천구 가산디지털2로184, 10층 1017호(가산동, 벽산디지털밸리2차)",44642000.0,94.999,우리군 통합체계지원 적용을 위한 발전방향 연구 용역,중앙행정기관
21년 차세대 첨단함정 건조가능성 검토 연구용역(IV),국군재정관리단,181710348.0,99.718,2021-05-26,서울대학교 산학협력단,김재영,김소미,서울특별시 관악구 관악로1 (신림동),181710348.0,99.718,21년 차세대 첨단함정 건조가능성 검토 연구용역(IV),국군재정관리단
신기술·우수제품 지침 및 매뉴얼 개정 연구용역,국군재정관리단,65159000.0,95.12,2021-05-14,(사)국방시설연구협회,정주교,정주교,"경기도 성남시 수정구 복정로84번길 22-15,(B-001호) (복정동)",65159000.0,95.12,신기술·우수제품 지침 및 매뉴얼 개정 연구용역,국군재정관리단
(21G087-I)범국민 안보의식조사 연구 용역,국군재정관리단,80000000.0,87.654,2021-05-14,주식회사 현대리서치,김용섭,최효정,"서울특별시 서초구 강남대로6길11 선우빌딩 4,5층 (양재동)",80000000.0,87.654,(21G087-I)범국민 안보의식조사 연구 용역,국군재정관리단
민간우주기술을 접목한 육군우주력 발전방안 연구,육군본부,27800000.0,92.666,2021-04-23,배재대학교 산학협력단,채순기,우정민,대전광역시 서구 배재로 155-40배재대학교산학협력단,27800000.0,92.666,민간우주기술을 접목한 육군우주력 발전방안 연구,군
21년 정책 연구용역,합동참모본부,46082600.0,95.842,2021-04-26,(사)21세기군사연구소,김진욱,박계향,"서울특별시 금천구 가산디지털2로184, 10층 1017호(가산동, 벽산디지털밸리2차)",46082600.0,95.842,21년 정책 연구용역,합동참모본부
수동음파탐지부표 연구개발 용역(21H085-I),국군재정관리단,7771200000.0,61.525,2021-06-08,엘아이지넥스원주식회사,김지찬,공현철,경기도 용인시 기흥구 마북로207(마북동),7771200000.0,61.525,수동음파탐지부표 연구개발 용역(21H085-I),국군재정관리단
인공지능 전차 비사격 훈련시스템 개발 연구용역,제2879부대,,,,,,,,,,인공지능 전차 비사격 훈련시스템 개발 연구용역,제2879부대
인공지능 전차 비사격 훈련시스템 개발 연구용역,제2879부대,,,,,,,,,,인공지능 전차 비사격 훈련시스템 개발 연구용역,제2879부대
군인연금관리공단 설립 필요성 등 검토를 위한 연구,국방부,47500000.0,95.0,2021-06-25,주식회사 이앤에프어드바이저,신준호,신준호,"서울특별시 영등포구 여의나루로67, 신송빌딩 703호",47500000.0,95.0,군인연금관리공단 설립 필요성 등 검토를 위한 연구,중앙행정기관
AI 적용 무기효과 산출 고도화 연구,합동참모본부,44000000.0,100.416,2021-05-12,주식회사 딥아이,김종원,김종원,충청남도 아산시 신창면 순천향로22 앙뜨레프레너관 E404호,44000000.0,100.416,AI 적용 무기효과 산출 고도화 연구,합동참모본부
CH-47D 후방도어 실린더 정비기술 개발 연구용역,제2879부대,38885000.0,98.425,2021-03-12,티엠시 주식회사,이형민,이형민,경상남도 함안군 칠북면 삼칠로 1826티엠시 (주),38885000.0,98.425,CH-47D 후방도어 실린더 정비기술 개발 연구용역,제2879부대
공군병 정원 산출을 위한 편성기준 연구,공군본부,,,,,,,,,,공군병 정원 산출을 위한 편성기준 연구,군
차세대 첨단함정 건조가능성 검토 연구용역(III),국군재정관리단,108670100.0,96.447,2021-04-29,에이치디현대중공업 주식회사,한영석,박재경,울산광역시 동구 방어진순환도로1000-0(전하동),108670100.0,96.447,차세대 첨단함정 건조가능성 검토 연구용역(III),국군재정관리단
21년 서울안보대화 프로그램 기획 및 발전방향 연구,국방부(운영지원과),51887000.0,99.782,2021-03-25,재단법인 세종연구소,이용준,심유진,경기도 성남시 수정구 대왕판교로851번길20-0 (시흥동),51887000.0,99.782,21년 서울안보대화 프로그램 기획 및 발전방향 연구,중앙행정기관
미래환경 변화에 적합한 인력획득 홍보 발전방안 연구,국방부(운영지원과),30000000.0,90.917,2021-03-12,사단법인 안보경영연구원,전건욱,김지훈,"서울특별시 강남구 언주로527, 10층 (역삼동)",30000000.0,90.917,미래환경 변화에 적합한 인력획득 홍보 발전방안 연구,중앙행정기관
여군 피복장구류 개선방안에 대한 연구,국방부(운영지원과),43460000.0,89.994,2021-05-12,사단법인 안보경영연구원,전건욱,김지훈,"서울특별시 강남구 언주로527, 10층 (역삼동)",43460000.0,89.994,여군 피복장구류 개선방안에 대한 연구,중앙행정기관
액체폭약류 친환경 비군사화 방안 연구,국방부(운영지원과),45155110.0,91.0,2021-03-23,건양대학교 산학협력단,홍영기,김우중,"충청남도 논산시 대학로 121, 건양대학교 산학협력단(내동)",45155110.0,91.0,액체폭약류 친환경 비군사화 방안 연구,중앙행정기관
미래전장환경을 고려한 화력전력 대체방안 연구용역,육군본부,25395450.0,85.0,2021-03-24,(사)21세기군사연구소,김진욱,박계향,"서울특별시 금천구 가산디지털2로184, 10층 1017호(가산동, 벽산디지털밸리2차)",25395450.0,85.0,미래전장환경을 고려한 화력전력 대체방안 연구용역,군
21-함정 거주구역 개선방안 연구,해군본부,38800000.0,98.502,2021-03-17,한국해양대학교산학협력단,서동환,박주희,"부산광역시 영도구 태종로727(동삼동, 한국해양대학교) 산학허브관 403호",38800000.0,98.502,21-함정 거주구역 개선방안 연구,군
21-함정 추진계통 신뢰성 향상을 위한 정비방안 연구,해군본부,29050000.0,84.344,2021-03-09,사단법인 안보경영연구원,전건욱,김지훈,"서울특별시 강남구 언주로527, 10층 (역삼동)",29050000.0,84.344,21-함정 추진계통 신뢰성 향상을 위한 정비방안 연구,군
21-첨단 수중전력 소요기술 분석 및 적용방안 연구,해군본부,31000000.0,90.121,2021-04-15,서울대학교 산학협력단,김재영,김소미,서울특별시 관악구 관악로1 (신림동),31000000.0,90.121,21-첨단 수중전력 소요기술 분석 및 적용방안 연구,군
21-함정 창정비 효율화 방안 연구,해군본부,,,,,,,,,,21-함정 창정비 효율화 방안 연구,군
21-수명주기와 연계한 경항공모함 정비방안 연구,해군본부,29000000.0,73.235,2021-03-09,호원대학교 산학협력단,정의붕,김정일,"전라북도 군산시 임피면 호원대3길 64,",29000000.0,73.235,21-수명주기와 연계한 경항공모함 정비방안 연구,군
북단 유도로 신설사업 분석평가 및 선행연구 용역,공군제18전투비행단,,,,,,,,,,북단 유도로 신설사업 분석평가 및 선행연구 용역,군
미래 지휘통제체계 발전방안 연구용역,제6619부대,39500000.0,82.084,2021-02-26,사단법인 한국국가전략연구원,한민구,이상규,"서울특별시 용산구 한강대로62길41, 3층 (한강로1가)",39500000.0,82.084,미래 지휘통제체계 발전방안 연구용역,제6619부대
음향/진동분야 KOLAS 인정 획득 컨설팅 연구용역,해군군수사령부,,,,,,,,,,음향/진동분야 KOLAS 인정 획득 컨설팅 연구용역,군
원거리 구조지원 수행능력향상 방안 연구,국방부(운영지원과),54974600.0,87.0,2021-03-08,(사)21세기군사연구소,김진욱,박계향,"서울특별시 금천구 가산디지털2로184, 10층 1017호(가산동, 벽산디지털밸리2차)",54974600.0,87.0,원거리 구조지원 수행능력향상 방안 연구,중앙행정기관
국군의학연구소 자동혈구계산기 중형,국군의무사령부,,,,,,,,,,국군의학연구소 자동혈구계산기 중형,기관
21-해양 기반 우주작전 개념 및 전력발전 방안 연구,해군본부,18621902.0,93.184,2021-02-24,공군사관학교 산학협력단,김민구,김선주,충청북도 청주시 상당구 남일면 단재로635(공군사관학교),18621902.0,93.184,21-해양 기반 우주작전 개념 및 전력발전 방안 연구,군
21-해양무인체계에 필요한 핵심기술 연구,해군본부,16900000.0,84.072,2021-03-09,호원대학교 산학협력단,정의붕,김정일,"전라북도 군산시 임피면 호원대3길 64,",16900000.0,84.072,21-해양무인체계에 필요한 핵심기술 연구,군
국방컨벤션 발전방향 연구용역,국군복지단,38960000.0,78.866,2021-02-09,재단법인 한국산업관계연구원,임승택,김다예,"서울특별시 금천구 디지털로173, 504호(가산동, 엘리시아지식산업센터)",38960000.0,78.866,국방컨벤션 발전방향 연구용역,국군복지단
21년 연래 해병대 리더십 수준 진단 연구용역,제9691부대,25446000.0,84.986,2021-03-10,건양대학교 산학협력단,홍영기,김우중,"충청남도 논산시 대학로 121, 건양대학교 산학협력단(내동)",25446000.0,84.986,21년 연래 해병대 리더십 수준 진단 연구용역,제9691부대
20-공무직근로자 임금체계 연구용역(K041),국군재정관리단,109890000.0,76.503,2020-12-23,노무법인한수,박진호,양지혜,"서울특별시 강남구 테헤란로309, 1118호 (역삼동, 삼성제일빌딩)",109890000.0,76.503,20-공무직근로자 임금체계 연구용역(K041),국군재정관리단
진로도움 프로그램 성과분석 및 개선방안 연구,국방부(운영지원과),44335000.0,88.925,2021-03-23,사)한국미래문제연구원,안주섭,안주섭,"서울특별시 서초구 효령로230-0 (서초동, 승정빌딩)",44335000.0,88.925,진로도움 프로그램 성과분석 및 개선방안 연구,중앙행정기관
조종사 피로도와 안전비행의 역학관계 분석 연구용역,육군항공학교,29470480.0,87.713,2021-03-10,서울대학교 산학협력단,김재영,김소미,서울특별시 관악구 관악로1 (신림동),29470480.0,87.713,조종사 피로도와 안전비행의 역학관계 분석 연구용역,군
복수활주로 건설사업 분석평가 및 선행연구,공군제16전투비행단,,,,,,,,,,복수활주로 건설사업 분석평가 및 선행연구,군
EMP방호 개선방안 연구,국방부(운영지원과),147411000.0,98.274,2020-12-22,한국건설기술연구원,김병석,이향천,경기도 고양시 일산서구 고양대로 283(대화동),147411000.0,98.274,EMP방호 개선방안 연구,중앙행정기관
ATCIS 다기능접속장치 회로카드 대체품 개발 연구용역,제2879부대,,,,,,,,,,ATCIS 다기능접속장치 회로카드 대체품 개발 연구용역,제2879부대
정비용 샵차량 전원발생기 정비기술개발 연구용역,제2879부대,,,,,,,,,,정비용 샵차량 전원발생기 정비기술개발 연구용역,제2879부대
21-섬석천 기능개선 분석평가 및 기본계획 연구용역,공군제18전투비행단,,,,,,,,,,21-섬석천 기능개선 분석평가 및 기본계획 연구용역,군
(20F168-I)00부대 부대개편 시설사업 선행연구 용역,국군재정관리단,98500000.0,73.574,2020-10-27,(주)디앤오종합건축사사무소,정봉원,정봉원,"서울특별시 송파구 법원로9길26, D동 1104호(문정동, H-비즈니스파크)",98500000.0,73.574,(20F168-I)00부대 부대개편 시설사업 선행연구 용역,국군재정관리단
방위사업의 산업파급효과 계수 도출을 위한 연구,방위사업청(운영지원과),,,,,,,,,,방위사업의 산업파급효과 계수 도출을 위한 연구,중앙행정기관
의무피복류 보급기준 및 품질개선에 대한 연구,국방부(운영지원과),33200000.0,99.015,2020-12-24,사단법인 안보경영연구원,전건욱,김지훈,"서울특별시 강남구 언주로527, 10층 (역삼동)",33200000.0,99.015,의무피복류 보급기준 및 품질개선에 대한 연구,중앙행정기관
공군 장기 군구조 발전구상 연구,공군본부,,,,,,,,,,공군 장기 군구조 발전구상 연구,군
함정 건조사업 추진단계 효율성 향상방안 연구,방위사업청(운영지원과),46000000.0,97.261,2020-11-20,한남대학교 산학협력단,김태동,정경아,대전광역시 유성구 유성대로1646-0 (전민동),46000000.0,97.261,함정 건조사업 추진단계 효율성 향상방안 연구,중앙행정기관
00시설 화생방 방호시설 개선방안 연구용역,국군재정관리단,316000000.0,79.866,2020-10-19,단국대학교 산학협력단,조완제,이연수,"경기도 용인시 수지구 죽전로 152, 단국대학교내(죽전동)",316000000.0,79.866,00시설 화생방 방호시설 개선방안 연구용역,국군재정관리단
군인연금수급자 사망률 개선 연구,국방부,,,,,,,,,,군인연금수급자 사망률 개선 연구,중앙행정기관
(20F172-I)00부대 라돈저감방안 연구 용역,국군재정관리단,110000000.0,68.717,2020-12-21,재단법인 에프아이티아이시험연구원,김화영,김재필,서울특별시 강서구 마곡중앙8로3길79-0 (마곡동),110000000.0,68.717,(20F172-I)00부대 라돈저감방안 연구 용역,국군재정관리단
드론사업 진화적 획득 방안 연구,방위사업청(운영지원과),45000000.0,87.225,2020-11-26,사단법인 안보경영연구원,전건욱,김지훈,"서울특별시 강남구 언주로527, 10층 (역삼동)",45000000.0,87.225,드론사업 진화적 획득 방안 연구,중앙행정기관
의무피복류 보급기준 및 품질개선에 대한 연구,국방부(운영지원과),,,,,,,,,,의무피복류 보급기준 및 품질개선에 대한 연구,중앙행정기관
접경지역 부대개편에 따른 상생협력방안 연구,국방부(운영지원과),98064600.0,99.19,2020-11-06,사단법인 한국갈등학회,최진식,이민재,서울특별시 서대문구 충정로53-0 (충정로2가) 골든타워빌딩 1701호,98064600.0,99.19,접경지역 부대개편에 따른 상생협력방안 연구,중앙행정기관
비전통위협 국방대응체제 발전연구,국방부(운영지원과),,,,,,,,,,비전통위협 국방대응체제 발전연구,중앙행정기관
비전통위협 국방대응체제 발전연구,국방부(운영지원과),85000000.0,90.595,2020-12-10,주식회사 씨이엠아이,박재완,박재완,"대전광역시 유성구 대학로31-0 (봉명동, 유성한진오피스텔) 2215호",85000000.0,90.595,비전통위협 국방대응체제 발전연구,중앙행정기관
국방 데이터 전략연구,국방부(운영지원과),91223000.0,99.989,2020-11-04,한국과학기술정보연구원,김재수,조윤교,대전광역시 유성구 대학로 245한국과학기술정보연구원,91223000.0,99.989,국방 데이터 전략연구,중앙행정기관
한국형 국방 우주력 발전 전략 연구,국방부(운영지원과),,,,,,,,,,한국형 국방 우주력 발전 전략 연구,중앙행정기관
군 성폭력 사건 분석 연구,국방부(운영지원과),,,,,,,,,,군 성폭력 사건 분석 연구,중앙행정기관
군 성폭력 사건 분석 연구,국방부(운영지원과),27000000.0,90.0,2020-12-08,사단법인 안보경영연구원,전건욱,김지훈,"서울특별시 강남구 언주로527, 10층 (역삼동)",27000000.0,90.0,군 성폭력 사건 분석 연구,중앙행정기관
전력지원체계 SW 관리방안 연구 용역,육군본부,44270000.0,96.005,2020-10-14,경희대학교산학협력단,김윤혁,조혜진,"경기도 용인시 기흥구 덕영대로1732-0 (서천동, 경희대학교 국제캠퍼스내)",44270000.0,96.005,전력지원체계 SW 관리방안 연구 용역,군
국방여군 70년사 편찬 연구,국방부(운영지원과),27000000.0,90.0,2020-10-14,국방대학교산학협력단,이문걸,오중택,충청남도 논산시 양촌면 황산벌로1040,27000000.0,90.0,국방여군 70년사 편찬 연구,중앙행정기관
(20F157-I)12.7mm 파쇄탄 정부투자 연구개발 사업,국군재정관리단,,,,,,,,,,(20F157-I)12.7mm 파쇄탄 정부투자 연구개발 사업,국군재정관리단
원가산정 체계의 AI 도입을 위한 개념 연구,방위사업청(운영지원과),80000000.0,91.242,2020-12-04,태경회계법인,김상운,서호성,"서울특별시 강남구 테헤란로520, 2층(대치동, 삼안빌딩)",80000000.0,91.242,원가산정 체계의 AI 도입을 위한 개념 연구,중앙행정기관
전술환경 下 효율적 이동통신체계 운용방안 연구용역,육군정보통신학교,,,,,,,,,,전술환경 下 효율적 이동통신체계 운용방안 연구용역,군
전술환경 下 효율적 이동통신체계 운용방안 연구용역,육군정보통신학교,,,,,,,,,,전술환경 下 효율적 이동통신체계 운용방안 연구용역,군
탄약안전관리사 및 항공소방구조사 자격신설 연구,국방부(운영지원과),80000000.0,88.888,2020-07-13,주식회사 한국직업자격연구원,서준호,서준호,"서울특별시 송파구 백제고분로501, 301 (방이동 청호빌딩)",80000000.0,88.888,탄약안전관리사 및 항공소방구조사 자격신설 연구,중앙행정기관
공중 무인무기체계 표준화 방안 연구,방위사업청(운영지원과),,,,,,,,,,공중 무인무기체계 표준화 방안 연구,중앙행정기관
해군수병 역량강화 프로그램 추진 연구용역,해군교육사령부,,,,,,,,,,해군수병 역량강화 프로그램 추진 연구용역,군
00작전 효과 및 능력 구축방안 연구 용역,육군본부,15500000.0,74.98,2020-08-26,사단법인 한국국가전략연구원,한민구,이상규,"서울특별시 용산구 한강대로62길41, 3층 (한강로1가)",15500000.0,74.98,00작전 효과 및 능력 구축방안 연구 용역,군
밀리토피아 골프연습장 운영에 관한 연구 용역,국군복지단,,,,,,,,,,밀리토피아 골프연습장 운영에 관한 연구 용역,국군복지단
김해기지 항공교통관제 운영 개선방안 연구용역,공군본부,24850000.0,95.744,2020-07-24,주식회사 스마트포트테크놀로지,박현지,박유정,"인천광역시 계양구 벌말로566번길13-1, 1층(상야동)",24850000.0,95.744,김해기지 항공교통관제 운영 개선방안 연구용역,군
계층별 조직문화 진단 및 혁신프로그램 추진 연구용역,해군교육사령부,,,,,,,,,,계층별 조직문화 진단 및 혁신프로그램 추진 연구용역,군
계층별 조직문화 진단 및 혁신프로그램 추진 연구용역,해군교육사령부,,,,,,,,,,계층별 조직문화 진단 및 혁신프로그램 추진 연구용역,군
20-교육훈련 빅데이터 통합관리체계 구축방안 연구,공군교육사령부,,,,,,,,,,20-교육훈련 빅데이터 통합관리체계 구축방안 연구,군
복합재 내부결함 위험도 평가방법 연구개발,공군군수사령부,,,,,,,,,,복합재 내부결함 위험도 평가방법 연구개발,군
20-해군 무장체계의 효율적인 창정비 방안 연구,해군본부,26000000.0,87.534,2020-06-19,사단법인 안보경영연구원,전건욱,김지훈,"서울특별시 강남구 언주로527, 10층 (역삼동)",26000000.0,87.534,20-해군 무장체계의 효율적인 창정비 방안 연구,군
20-WMD/화생방 전문인력 관리 및 교육훈련 정립 연구,해군본부,,,,,,,,,,20-WMD/화생방 전문인력 관리 및 교육훈련 정립 연구,군
20-WMD/화생방 전문인력 관리 및 교육훈련 정립 연구,해군본부,35000000.0,89.089,2020-07-16,재단법인 한국군사문제연구원,김형철,이수행,"경기도 성남시 수정구 위례대로83(창곡동, 국방문화센터)",35000000.0,89.089,20-WMD/화생방 전문인력 관리 및 교육훈련 정립 연구,군
국내개발 항공기 성능개량 및 관리방안 연구용역,공군본부,,,,,,,,,,국내개발 항공기 성능개량 및 관리방안 연구용역,군
지하침투 감시장비 선행연구 용역,육군본부,68200000.0,89.959,2020-08-26,이성 주식회사,성현모,진유리,"경기도 시흥시 희망공원로 92, 시화공단2마 301-3호(정왕동)",68200000.0,89.959,지하침투 감시장비 선행연구 용역,군
군수송기 활용 산불진화능력확보 필요성 등 연구용역,공군본부,26601900.0,86.888,2020-08-12,(사)21세기군사연구소,김진욱,박계향,"서울특별시 금천구 가산디지털2로184, 10층 1017호(가산동, 벽산디지털밸리2차)",26601900.0,86.888,군수송기 활용 산불진화능력확보 필요성 등 연구용역,군
LOSS율 적용을 통한 소형/저단가 품목 관리방안 연구,공군군수사령부,,,,,,,,,,LOSS율 적용을 통한 소형/저단가 품목 관리방안 연구,군
20-교육훈련 빅데이터 통합관리체계 구축방안 연구,공군교육사령부,,,,,,,,,,20-교육훈련 빅데이터 통합관리체계 구축방안 연구,군
군 어린이집 운영 발전방안 연구,국방부(운영지원과),35000000.0,100.0,2020-07-21,육아정책연구소,박상희,노현정,"서울특별시 중구 소공로70-0 , 9층(충무로1가, 포스트타워)",35000000.0,100.0,군 어린이집 운영 발전방안 연구,중앙행정기관
항공기 RCS/IR Signature 추출 및 해석 연구,공군군수사령부,,,,,,,,,,항공기 RCS/IR Signature 추출 및 해석 연구,군
20-S-통합유류고 신축사업 선행연구 용역,제3170부대,,,,,,,,,,SUPPRESSED,제3170부대
군 시설물 적정 위장방안 연구 용역,공군본부,,,,,,,,,,군 시설물 적정 위장방안 연구 용역,군
보령 공군사격장 민관군 상생협력방안 연구용역,공군본부,28800000.0,97.166,2020-09-04,단국대학교 산학협력단,조완제,이연수,"경기도 용인시 수지구 죽전로 152, 단국대학교내(죽전동)",28800000.0,97.166,보령 공군사격장 민관군 상생협력방안 연구용역,군
UN PKO 활동지원을 위한 기술기여(스마트캠프) 연구Ⅱ,국방부(운영지원과),,,,,,,,,,UN PKO 활동지원을 위한 기술기여(스마트캠프) 연구Ⅱ,중앙행정기관
00훈련장 이전 연구 용역,육군본부,40920000.0,90.132,2020-08-28,주식회사 한솔엔지니어링글로벌,김한용,김미진,서울특별시 송파구 올림픽로505-0 (풍납동),40920000.0,90.132,00훈련장 이전 연구 용역,군
자운대 종합발전계획 연구용역,국군재정관리단,196480000.0,79.643,2020-07-01,서울대학교 산학협력단,김재영,김소미,서울특별시 관악구 관악로1 (신림동),196480000.0,79.643,자운대 종합발전계획 연구용역,국군재정관리단
K-TCG 법인설립 및 운영방안 연구용역,공군군수사령부,,,,,,,,,,K-TCG 법인설립 및 운영방안 연구용역,군
국방상호운용성 발전을 위한 국방EA 수행체계 연구,합동상호운용성기술센터,,,,,,,,,,국방상호운용성 발전을 위한 국방EA 수행체계 연구,합동상호운용성기술센터
다수 전술데이터링크 운영방안 연구용역,국군재정관리단,61870000.0,89.783,2020-07-27,아주대학교 산학협력단,김상인,손보연,"경기도 수원시 영통구 월드컵로 206(원천동, 아주대학교)",61870000.0,89.783,다수 전술데이터링크 운영방안 연구용역,국군재정관리단
합동최종공격통제관(JTAC)의 종합 발전방향 연구,국방부(운영지원과),39200000.0,89.999,2020-08-07,재단법인 한국군사문제연구원,김형철,이수행,"경기도 성남시 수정구 위례대로83(창곡동, 국방문화센터)",39200000.0,89.999,합동최종공격통제관(JTAC)의 종합 발전방향 연구,중앙행정기관
EMP 방호시설 성능시험 방안 연구용역,국군재정관리단,120000000.0,89.174,2020-08-18,특수법인 한국전파진흥협회,황현식,박재형,서울특별시 양천구 목동중앙로13나길3,120000000.0,89.174,EMP 방호시설 성능시험 방안 연구용역,국군재정관리단
국내개발 항공기 성능개량 및 관리(대체)방안 연구,공군본부,23345400.0,78.656,2020-07-24,국민대학교산학협력단,이인형,이민혜,"서울특별시 성북구 정릉로 77, 국민대학교내(정릉동)",23345400.0,78.656,국내개발 항공기 성능개량 및 관리(대체)방안 연구,군
무기체계 연구개발 협약·성실수행제도 방안 연구,방위사업청(운영지원과),45100000.0,100.0,2020-07-27,한국법제연구원,한영수,민정화,세종특별자치시  국책연구원로15-0 (반곡동),45100000.0,100.0,무기체계 연구개발 협약·성실수행제도 방안 연구,중앙행정기관
효율적인 탄약 전력화 방안 연구,합동참모본부,,,,,,,,,,효율적인 탄약 전력화 방안 연구,합동참모본부
4차산업혁명 기술을 적용한 C4I체계 발전방안연구,합동참모본부,28000000.0,93.664,2020-07-02,사단법인 한국국가전략연구원,한민구,이상규,"서울특별시 용산구 한강대로62길41, 3층 (한강로1가)",28000000.0,93.664,4차산업혁명 기술을 적용한 C4I체계 발전방안연구,합동참모본부
무기체계 전력지원체계 분류기준 재정립 연구,합동참모본부,39971000.0,84.194,2020-06-22,호원대학교 산학협력단,정의붕,김정일,"전라북도 군산시 임피면 호원대3길 64,",39971000.0,84.194,무기체계 전력지원체계 분류기준 재정립 연구,합동참모본부
군사력건설을위한 미래국방정책 및 합동작전개념연구,합동참모본부,37500000.0,939.721,2020-06-22,사단법인 한국국가전략연구원,한민구,이상규,"서울특별시 용산구 한강대로62길41, 3층 (한강로1가)",37500000.0,939.721,군사력건설을위한 미래국방정책 및 합동작전개념연구,합동참모본부
잠수함 음탐 센서 케이블 다기능 검사기 연구용역,해군군수사령부,,,,,,,,,,잠수함 음탐 센서 케이블 다기능 검사기 연구용역,군
수성사격장 주변지역 주민 의식조사 연구,국방부(운영지원과),19000000.0,95.0,2020-07-30,(주)리서치코리아,조미옥,이정혜,"대구광역시 동구 국채보상로159길41-0 (신천동, 우방푸른타운) 상가 107동 4층",19000000.0,95.0,수성사격장 주변지역 주민 의식조사 연구,중앙행정기관
LiDAR 기술의 4차 산업 적용방안 연구용역,육군본부,,,,,,,,,,LiDAR 기술의 4차 산업 적용방안 연구용역,군
LiDAR 기술의 4차 산업 적용방안 연구용역,육군본부,,,,,,,,,,LiDAR 기술의 4차 산업 적용방안 연구용역,군
공군조직내 잠재갈등 분석 및 공군문화 발전방안 연구,공군본부,21372000.0,79.253,2020-08-28,국민대학교산학협력단,이인형,이민혜,"서울특별시 성북구 정릉로 77, 국민대학교내(정릉동)",21372000.0,79.253,공군조직내 잠재갈등 분석 및 공군문화 발전방안 연구,군
2020년 범국민 안보의식조사 연구 용역,국방대학교,64000000.0,88.652,2020-06-17,알앤알컨설팅 주식회사,조희아,이은경,"서울특별시 서초구 신반포로303, 101호 (잠원동, 에스엘빌딩)",64000000.0,88.652,2020년 범국민 안보의식조사 연구 용역,중앙행정기관
국방 인공지능 발전계획 수립연구,국방부(운영지원과),46500000.0,95.59,2020-07-02,사단법인 한국국방기술학회,박영욱,박영욱,"서울특별시 종로구 율곡로17길7-38, 수지빌딩 7층(이화동)",46500000.0,95.59,국방 인공지능 발전계획 수립연구,중앙행정기관
효율적인 유지보수 사업관리 방안 연구,국방부(운영지원과),40800000.0,94.815,2020-07-15,재단법인 한국군사문제연구원,김형철,이수행,"경기도 성남시 수정구 위례대로83(창곡동, 국방문화센터)",40800000.0,94.815,효율적인 유지보수 사업관리 방안 연구,중앙행정기관
군비행장 자동소음측정망 운용체계 구축방안 연구,국방부(운영지원과),44110000.0,89.69,2020-07-03,사단법인 한국소음진동공학회,강연준,이호철,"서울특별시 서초구 서초중앙로 69, 르네상스오피스텔 1406호(서초동)",44110000.0,89.69,군비행장 자동소음측정망 운용체계 구축방안 연구,중앙행정기관
공무직근로자 등 임금체계 개선(안)마련 연구,국방부(운영지원과),68200000.0,93.538,2020-07-17,노무법인 디와이,유상지,유상지,서울특별시 강서구 마곡중앙로161-8 (마곡동) 두산더랜드파크 씨동 4층 407호,68200000.0,93.538,공무직근로자 등 임금체계 개선(안)마련 연구,중앙행정기관
소음피해보상금 산정 및 지급철차 연구용역,국방부(운영지원과),45729181.0,93.324,2020-07-03,(사)한국지방자치학회,권경득,변영경,"서울특별시 서대문구 충정로53-0 (충정로2가, 유원골든타워오피스텔) 1701호",45729181.0,93.324,소음피해보상금 산정 및 지급철차 연구용역,중앙행정기관
물류운영체계 개선 연구용역(21J040-B),국군재정관리단,57000000.0,98.291,2021-07-23,사단법인 안보경영연구원,전건욱,이재광,"서울특별시 강남구 언주로527, 10층 (역삼동)",57000000.0,98.291,물류운영체계 개선 연구용역(21J040-B),국군재정관리단
장보고급 잠수함 디젤감시장치 연구개발 용역,국군재정관리단,999000000.0,92.964,2021-08-17,주식회사산엔지니어링,임준석,송민석,경기도 성남시 분당구 성남대로912-0 (야탑동) BYC빌딩 607,999000000.0,92.964,장보고급 잠수함 디젤감시장치 연구개발 용역,국군재정관리단
해병대 복지회관 중장기 보수계획 연구 용역,제9691부대,,,,,,,,,,해병대 복지회관 중장기 보수계획 연구 용역,제9691부대
해병대 복지회관 중장기 보수계획 연구 용역,제9691부대,,,,,,,,,,해병대 복지회관 중장기 보수계획 연구 용역,제9691부대
TAURUS 총수명간 운영방안 연구,공군본부,29095000.0,86.123,2021-05-27,사단법인 대한민국공군발전협회,김은기,엄희정,서울특별시 동작구 여의대방로36길92(대방동),29095000.0,86.123,TAURUS 총수명간 운영방안 연구,군
네트워크 시험평가용 M&S체계 활용 발전방안 연구,국방부(운영지원과),,,,,,,,,,네트워크 시험평가용 M&S체계 활용 발전방안 연구,중앙행정기관
(217151-F)21년 연구활동 재료(시약) 구매,국군재정관리단,115800000.0,88.088,2021-05-10,(주)켐텍인스,유연호,유연호,"경기도 성남시 중원구 갈마치로302, A동 602호 (상대원동, 우림라이온스밸리5차)",115800000.0,88.088,(217151-F)21년 연구활동 재료(시약) 구매,국군재정관리단
한국형 첨단전투관리체계 운용개념 및 발전방안 연구,합동참모본부,,,,,,,,,,한국형 첨단전투관리체계 운용개념 및 발전방안 연구,합동참모본부
극초음속 비행체 대응 미사일방어체계 확보방안 연구,공군본부,26700000.0,99.152,2021-07-08,국방대학교산학협력단,이문걸,문영옥,충청남도 논산시 양촌면 황산벌로1040,26700000.0,99.152,극초음속 비행체 대응 미사일방어체계 확보방안 연구,군
(21F040-G) 사이버위협분석 개발연구체계 구축 사업,국군재정관리단,351900000.0,93.405,2021-09-14,(주)코어시큐리티,김태일,박은숙,서울특별시 송파구 법원로8길9 (문정동) 10층,351900000.0,93.405,(21F040-G) 사이버위협분석 개발연구체계 구축 사업,국군재정관리단
해군조직 및 갈등특성에 부합한 갈등관리 방안 연구,해군본부,24354000.0,83.566,2021-08-30,사단법인 한국갈등학회,최진식,정지용,서울특별시 서대문구 충정로53-0 (충정로2가) 골든타워빌딩 1701호,24354000.0,83.566,해군조직 및 갈등특성에 부합한 갈등관리 방안 연구,군
21-3차 조달 연구장비 구매 계약 - 제빙기 가루형,국군의무사령부,,,,,,,,,,21-3차 조달 연구장비 구매 계약 - 제빙기 가루형,기관
(21F166-I)「스마트 물류」정책연구 용역,국군재정관리단,59300000.0,92.648,2021-11-22,국방대학교산학협력단,이문걸,오중택,충청남도 논산시 양촌면 황산벌로1040,59300000.0,92.648,(21F166-I)「스마트 물류」정책연구 용역,국군재정관리단
탄약 물류혁신을 위한 확보  재산관리 개선방안 연구,국방부(운영지원과),,,,,,,,,,탄약 물류혁신을 위한 확보  재산관리 개선방안 연구,중앙행정기관
군급식조달체계변화에따른적정급식비산출에대한연구,국방부(운영지원과),,,,,,,,,,군급식조달체계변화에따른적정급식비산출에대한연구,중앙행정기관
군급식조달체계변화에따른적정급식비산출에대한연구,국방부(운영지원과),,,,,,,,,,군급식조달체계변화에따른적정급식비산출에대한연구,중앙행정기관
군급식조달체계변화에따른적정급식비산출에대한연구,국방부(운영지원과),,,,,,,,,,군급식조달체계변화에따른적정급식비산출에대한연구,중앙행정기관
작전지휘시설 신축 분석평가 및 선행연구용역,국군재정관리단,109500000.0,73.2,2021-06-18,(주)에프오알엠도시건축공간연구소,권시형,권시형,"서울특별시 송파구 법원로11길25-0, A동 1310호(문정동, 에이치비즈니스파크)",109500000.0,73.2,작전지휘시설 신축 분석평가 및 선행연구용역,국군재정관리단
육군 수질 유지비 현실화 방안 연구용역,육군본부,,,,,,,,,,육군 수질 유지비 현실화 방안 연구용역,군
국방분야 국가자격 신설종목 연구,국방부(운영지원과),38000000.0,95.0,2021-08-23,청주대학교산학협력단,홍양희,박수정,"충청북도 청주시 청원구 대성로298-0 (내덕동, 청주대학교)",38000000.0,95.0,국방분야 국가자격 신설종목 연구,중앙행정기관
방산기술보호 성숙도 모델 인증제도 추진방안 연구,방위사업청(운영지원과),73920000.0,83.056,2021-08-30,명지대학교 산학협력단,김영욱,김현정,"경기도 용인시 처인구 명지로 116, 명지대학교(남동)",73920000.0,83.056,방산기술보호 성숙도 모델 인증제도 추진방안 연구,중앙행정기관
미래 육군 전술감시체계 운영개념 정립 기술연구 용역,육군정보학교,,,,,,,,,,미래 육군 전술감시체계 운영개념 정립 기술연구 용역,군
국방 안전기준 정립 및 발전방향 연구,국방부(운영지원과),,,,,,,,,,국방 안전기준 정립 및 발전방향 연구,중앙행정기관
국방 안전기준 정립 및 발전방향 연구,국방부(운영지원과),,,,,,,,,,국방 안전기준 정립 및 발전방향 연구,중앙행정기관
군 주파수 대역정비 방안 연구,국방부(운영지원과),48000000.0,99.854,2021-07-26,재단법인 한국군사문제연구원,김형철,이수행,"경기도 성남시 수정구 위례대로83(창곡동, 국방문화센터)",48000000.0,99.854,군 주파수 대역정비 방안 연구,중앙행정기관
백두체계능력보강 2차 시설사업기본계획 연구용역,방위사업청(운영지원과),42900000.0,95.333,2021-08-31,(주)에프오알엠도시건축공간연구소,권시형,권시형,"서울특별시 송파구 법원로11길25-0, A동 1310호(문정동, 에이치비즈니스파크)",42900000.0,95.333,백두체계능력보강 2차 시설사업기본계획 연구용역,중앙행정기관
미래혁신을위한육군조직문화진단및실천지표연구,국방부(운영지원과),32524000.0,97.017,2021-07-26,충남대학교 산학협력단,김용주,유혜련,"대전광역시 유성구 대학로 99(궁동, 충남대학교)",32524000.0,97.017,미래혁신을위한육군조직문화진단및실천지표연구,중앙행정기관
미래 안보환경 대비 군사시설 보호업무 발전방향 연구,합동참모본부,,,,,,,,,,미래 안보환경 대비 군사시설 보호업무 발전방향 연구,합동참모본부
21-해군분석모델 발전방안 연구,해군본부,44000000.0,88.944,2021-07-19,사단법인 안보경영연구원,전건욱,이재광,"서울특별시 강남구 언주로527, 10층 (역삼동)",44000000.0,88.944,21-해군분석모델 발전방안 연구,군
초급간부 복무여건 현상진단 및 개선대책 방안 연구,국방부(운영지원과),60000000.0,87.463,2021-07-21,(사)한국전략문제연구소,박정기,윤진영,"서울특별시 용산구 청파로 40, 삼구빌딩 1815호(한강로3가)",60000000.0,87.463,초급간부 복무여건 현상진단 및 개선대책 방안 연구,중앙행정기관
국방정보화법률 개정입법 추진전략 연구,국방부(운영지원과),,,,,,,,,,국방정보화법률 개정입법 추진전략 연구,중앙행정기관
시뮬레이터 소프트웨어 보안성 시험 방안 연구,공군군수사령부,,,,,,,,,,시뮬레이터 소프트웨어 보안성 시험 방안 연구,군
시뮬레이터 소프트웨어 보안성 시험 방안 연구,공군군수사령부,,,,,,,,,,시뮬레이터 소프트웨어 보안성 시험 방안 연구,군
첨단 항공엔진 연구개발 추진방안 연구,방위사업청(운영지원과),30000000.0,60.0,2021-11-05,연세대학교 산학협력단,김지현,김현정,"서울특별시 서대문구 연세로 50, 연세대학교(신촌동)",30000000.0,60.0,첨단 항공엔진 연구개발 추진방안 연구,중앙행정기관
대형 국외구매사업의 합리적 기종결정방안 연구,방위사업청(운영지원과),45183530.0,90.007,2021-08-17,(사)21세기군사연구소,김진욱,박계향,"서울특별시 금천구 가산디지털2로184, 10층 1017호(가산동, 벽산디지털밸리2차)",45183530.0,90.007,대형 국외구매사업의 합리적 기종결정방안 연구,중앙행정기관
국내구매사업 추진시 종합평가방안 연구,방위사업청,32000000.0,,2021-07-22,사단법인 안보경영연구원,전건욱,,"서울특별시 강남구 언주로527, 10층 (역삼동)",32000000.0,,국내구매사업 추진시 종합평가방안 연구,중앙행정기관
임무형지휘 수준진단도구 개발 연구용역,육군교육사령부,,,,,,,,,,임무형지휘 수준진단도구 개발 연구용역,군
21-2차 개념설계 기술지원 연구용역,해군본부,1027786000.0,60.846,2021-10-15,(주)에이치제이중공업,홍문기,임지헌,부산광역시 영도구 태종로 233(봉래동5가),1027786000.0,60.846,21-2차 개념설계 기술지원 연구용역,군
군복무 가치 평가 관련 설문조사 연구용역,국방부(운영지원과),,,,,,,,,,군복무 가치 평가 관련 설문조사 연구용역,중앙행정기관
활주로 피해복구용 골재 품질기준 및 관리방안 연구,공군본부,,,,,,,,,,활주로 피해복구용 골재 품질기준 및 관리방안 연구,군
미래안보환경 대비 군사시설 보호업무 발전방향 연구,합동참모본부,44000000.0,96.493,2021-06-22,사단법인 한국국가전략연구원,한민구,이상규,"서울특별시 용산구 한강대로62길41, 3층 (한강로1가)",44000000.0,96.493,미래안보환경 대비 군사시설 보호업무 발전방향 연구,합동참모본부
공군 소프트웨어(SW) 인력관리 표준방안 연구,공군본부,,,,,,,,,,공군 소프트웨어(SW) 인력관리 표준방안 연구,군
4차 산업혁명 기술적용 연구용역,제9965부대,48500000.0,99.211,2021-10-25,주식회사 넥스트아이앤아이,유재웅,유재웅,"경기도 용인시 기흥구 흥덕중앙로120-0 (영덕동, U - TOWER)",48500000.0,99.211,4차 산업혁명 기술적용 연구용역,제9965부대
군 작전 지원 수치예보 발전 방향 연구 용역비,공군본부,,,,,,,,,,군 작전 지원 수치예보 발전 방향 연구 용역비,군
군사작전 수행여건 정부개발계획 발전방향 연구,합동참모본부,36500000.0,90.353,2021-05-25,법무법인(유한) 대륙아주,이규철,박정국,"서울특별시 강남구 테헤란로317(역삼동, 동훈타워 7,11,12,13층)",36500000.0,90.353,군사작전 수행여건 정부개발계획 발전방향 연구,합동참모본부
21-『에듀테크 기반 공군 학습플랫폼 재구축 연구』,공군교육사령부,,,,,,,,,,21-『에듀테크 기반 공군 학습플랫폼 재구축 연구』,군
Edu-Tech 교육체계 개발 연구용역,육군대학,,,,,,,,,,Edu-Tech 교육체계 개발 연구용역,군
Edu-Tech 교육체계 개발 연구용역,육군대학,,,,,,,,,,Edu-Tech 교육체계 개발 연구용역,군
군용항공기를 활용한 공중발사체 운영방안 연구,공군본부,,,,,,,,,,군용항공기를 활용한 공중발사체 운영방안 연구,군
(21F137-A)항공기 사격훈련장 확장방안 연구용역,국군재정관리단,63360000.0,97.25,2021-08-23,주식회사 한솔엔지니어링글로벌,김한용,김미진,서울특별시 송파구 올림픽로505-0 (풍납동),63360000.0,97.25,(21F137-A)항공기 사격훈련장 확장방안 연구용역,국군재정관리단
대량탄약조립장 개선방안 연구,공군본부,,,,,,,,,,대량탄약조립장 개선방안 연구,군
해군 스마트 항공기지 발전방향 연구용역,제5738부대,44800000.0,81.547,2021-08-17,사단법인 안보경영연구원,전건욱,이재광,"서울특별시 강남구 언주로527, 10층 (역삼동)",44800000.0,81.547,해군 스마트 항공기지 발전방향 연구용역,제5738부대
AI 작전운용성능 설정기준 표준화 연구,합동참모본부,44900000.0,90.66,2021-06-03,(사)한국전략문제연구소,박정기,윤진영,"서울특별시 용산구 청파로 40, 삼구빌딩 1815호(한강로3가)",44900000.0,90.66,AI 작전운용성능 설정기준 표준화 연구,합동참모본부
해안경계 임무전환정책 발전 연구,국방부(운영지원과),80970000.0,81.812,2021-06-16,(사)한국전략문제연구소,박정기,윤진영,"서울특별시 용산구 청파로 40, 삼구빌딩 1815호(한강로3가)",80970000.0,81.812,해안경계 임무전환정책 발전 연구,중앙행정기관
리더십코칭 효과성 평가에 관한 연구용역,육군교육사령부,,,,,,,,,,리더십코칭 효과성 평가에 관한 연구용역,군
드론봇 전술훈련장 운용개념 및 구축방안 연구용역,육군본부,49500000.0,90.006,2021-07-08,(사)한국전략문제연구소,박정기,윤진영,"서울특별시 용산구 청파로 40, 삼구빌딩 1815호(한강로3가)",49500000.0,90.006,드론봇 전술훈련장 운용개념 및 구축방안 연구용역,군
오폐수처리시설 기술제안서 평가기준 정립 연구용역,국방시설본부,,,,,,,,,,오폐수처리시설 기술제안서 평가기준 정립 연구용역,중앙행정기관
지질자원연구원 MASINT DATA 수신체계 구축사업,지상작전사령부,99558250.0,88.091,2021-06-22,티엔에스 주식회사,김태훈,김태훈,충청북도 청주시 서원구 성화로99,99558250.0,88.091,지질자원연구원 MASINT DATA 수신체계 구축사업,기관
국방 안전환경 분석 및 안전교육 정책 발전 방안 연구,국방부(운영지원과),,,,,,,,,,국방 안전환경 분석 및 안전교육 정책 발전 방안 연구,중앙행정기관
민관군 유·무인기에 대한 공역통제방안 연구 용역,육군본부,39500000.0,97.077,2021-07-08,주식회사 안보기술연구원,경상현,경상현,"경기도 안양시 만안구 만안로49, 519호(안양동, 호정타워)",39500000.0,97.077,민관군 유·무인기에 대한 공역통제방안 연구 용역,군
21년 연례 육군 리더십 수준 진단 연구용역,육군교육사령부,15300000.0,88.854,2021-09-17,한남대학교 산학협력단,김태동,정경아,대전광역시 유성구 유성대로1646-0 (전민동),15300000.0,88.854,21년 연례 육군 리더십 수준 진단 연구용역,군
군사훈련장 위험성평가제도 정립을 위한 연구,국방부(운영지원과),54999000.0,91.512,2021-06-02,주식회사 안보기술연구원,경상현,경상현,"경기도 안양시 만안구 만안로49, 519호(안양동, 호정타워)",54999000.0,91.512,군사훈련장 위험성평가제도 정립을 위한 연구,중앙행정기관
공군 우주조직 발전방향 연구,공군본부,,,,,,,,,,공군 우주조직 발전방향 연구,군
21-함정 스마트 브릿지 모델 개념 연구,해군본부,39000000.0,99.027,2021-05-21,마린전자상사,김광식,이정현,부산광역시 동구 고관로62 (초량동),39000000.0,99.027,21-함정 스마트 브릿지 모델 개념 연구,군
공군 3훈비 방호시설 방호성능평가 연구용역,제3훈련비행단,0.0,,2021-11-22,서울과학기술대학교 산학협력단,윤현식,박준용,서울특별시 노원구 공릉로 232서울과학기술대학교 테크노큐브 2층 산학협력단,0.0,,SUPPRESSED,제3훈련비행단
공군 예비군훈련장 권역화 · 과학화 구축방안 연구,공군본부,,,,,,,,,,공군 예비군훈련장 권역화 · 과학화 구축방안 연구,군
국방표준서 제정(5차) 연구,방위사업청(운영지원과),540000000.0,90.0,2021-08-19,(재)한국기계전기전자시험연구원,안성일,최광호,경기도 군포시 흥안대로27번길22-0 (금정동),540000000.0,90.0,국방표준서 제정(5차) 연구,중앙행정기관
PLS세트 선행연구 용역,육군본부,48612330.0,90.202,2021-12-07,경기과학기술대학교 산학협력단,이승호,서경원,경기도 시흥시 경기과기대로269(정왕동),48612330.0,90.202,PLS세트 선행연구 용역,군
행정업무 간소화 개선방안 연구,국방부(운영지원과),27700000.0,92.333,2021-07-12,주식회사 사이버앤네트워크연구원,김한욱,김한욱,서울특별시 용산구 한강대로46길25-0 (한강로2가) 401호,27700000.0,92.333,행정업무 간소화 개선방안 연구,중앙행정기관
21-1차 개념설계 기술지원 연구용역,해군본부,,,,,,,,,,21-1차 개념설계 기술지원 연구용역,군
공군 지중형 탄약고 구축 타당성 검토 연구,공군군수사령부,,,,,,,,,,공군 지중형 탄약고 구축 타당성 검토 연구,군
00 군공항 이전 시설기본요구조건(안) 작성 연구용역,국군재정관리단,,,,,,,,,,00 군공항 이전 시설기본요구조건(안) 작성 연구용역,국군재정관리단
소형무장헬기 양산 시설사업기본계획 연구용역,방위사업청(운영지원과),64900000.0,92.714,2021-07-29,(주)에프오알엠도시건축공간연구소,권시형,권시형,"서울특별시 송파구 법원로11길25-0, A동 1310호(문정동, 에이치비즈니스파크)",64900000.0,92.714,소형무장헬기 양산 시설사업기본계획 연구용역,중앙행정기관
국방사업관리사 자격제도 관리 및 활용강화 연구,방위사업청(운영지원과),54546800.0,98.0,2021-08-06,한국생산성본부,안완기,이유진,서울특별시 종로구 새문안로5가길 32(적선동),54546800.0,98.0,국방사업관리사 자격제도 관리 및 활용강화 연구,중앙행정기관
IoT 기반 전군 공통 서비스 발전방향 연구,국방부(운영지원과),43824000.0,88.0,2021-05-24,건양대학교 산학협력단,홍영기,김우중,"충청남도 논산시 대학로 121, 건양대학교 산학협력단(내동)",43824000.0,88.0,IoT 기반 전군 공통 서비스 발전방향 연구,중앙행정기관
자율·군집비행 활용 복합작전개념 연구(소형 UAS),공군본부,,,,,,,,,,자율·군집비행 활용 복합작전개념 연구(소형 UAS),군
잠재적 미사일 위협대비 워게임 활용방안 등 연구,공군본부,47473750.0,94.999,2021-07-30,연세대학교 산학협력단,김지현,권연주,"서울특별시 서대문구 연세로 50, 연세대학교(신촌동)",47473750.0,94.999,잠재적 미사일 위협대비 워게임 활용방안 등 연구,군
CN-235 항공기 특성(RCS/IR Signature) 연구,공군군수사령부,,,,,,,,,,CN-235 항공기 특성(RCS/IR Signature) 연구,군
CN-235 항공기 특성(RCS/IR Signature) 연구,공군군수사령부,105600000.0,72.688,2021-08-09,주식회사 애니캐스팅,김성빈,전진홍,"서울특별시 강서구 양천로583 우림블루나인비즈니스센터 비동 1608호, 1609호",105600000.0,72.688,CN-235 항공기 특성(RCS/IR Signature) 연구,군
(217278-E)IoT 연구환경 구축,국군재정관리단,94583690.0,88.562,2021-08-18,경안이엔지(주),금동중,김은영,"서울특별시 광진구 아차산로78길110-0 (광장동, 리버힐오피스텔) 310",94583690.0,88.562,(217278-E)IoT 연구환경 구축,국군재정관리단
전투근무지원정최적화및친환경선박기술연구,국방부(운영지원과),36000000.0,90.0,2021-11-01,세종대학교산학협력단,유상호,방윤지,서울특별시 광진구 군자동98 집현관 216,36000000.0,90.0,전투근무지원정최적화및친환경선박기술연구,중앙행정기관
23∼27 방위산업발전 기본계획 수립 연구,방위사업청(운영지원과),100000000.0,100.0,2021-11-29,산업연구원,주현,곽진,세종특별자치시  시청대로370-0,100000000.0,100.0,23∼27 방위산업발전 기본계획 수립 연구,중앙행정기관
위험평가를 위한 공격표면 및 평가방법 연구,4284부대,,,,,,,,,,위험평가를 위한 공격표면 및 평가방법 연구,4284부대
미래전자전 발전추세 반영 공군 전자전 우세전략 연구,공군본부,26136600.0,99.131,2021-06-17,(사)21세기군사연구소,김진욱,박계향,"서울특별시 금천구 가산디지털2로184, 10층 1017호(가산동, 벽산디지털밸리2차)",26136600.0,99.131,미래전자전 발전추세 반영 공군 전자전 우세전략 연구,군
해병대 복지회관 중장기 보수계획 연구 용역,제9691부대,,,,,,,,,,해병대 복지회관 중장기 보수계획 연구 용역,제9691부대
탄소중립 시대 도래 육군 추진전략 방향 연구용역,육군본부,26368000.0,87.715,2021-11-26,충남대학교 산학협력단,김용주,김호연,"대전광역시 유성구 대학로 99(궁동, 충남대학교)",26368000.0,87.715,탄소중립 시대 도래 육군 추진전략 방향 연구용역,군
21년 임상의학연구센터 통계프로그램 구매,국군수도병원,22880000.0,95.517,2021-07-12,주식회사 지니클라우드,박홍련,전희수,"서울특별시 강남구 강남대로62길24-0 (역삼동,해송빌딩)3층",22880000.0,95.517,21년 임상의학연구센터 통계프로그램 구매,국군수도병원
한국형 차세대 전투임무기 구축방안 등 연구,공군본부,,,,,,,,,,한국형 차세대 전투임무기 구축방안 등 연구,군
임베디드 및 군 무선통신 취약점 분석기술 연구,4284부대,,,,,,,,,,임베디드 및 군 무선통신 취약점 분석기술 연구,4284부대
한국형 레이저 무기 조기도입 개발전략 연구,방위사업청(운영지원과),56373600.0,83.0,2021-09-13,(사)21세기군사연구소,김진욱,박계향,"서울특별시 금천구 가산디지털2로184, 10층 1017호(가산동, 벽산디지털밸리2차)",56373600.0,83.0,한국형 레이저 무기 조기도입 개발전략 연구,중앙행정기관
T-50 캐노피 고정 구성품 내구성 시험 연구,공군군수사령부,,,,,,,,,,T-50 캐노피 고정 구성품 내구성 시험 연구,군
(연구소) 감정재료 구매,국방부조사본부,41154000.0,88.11,2021-05-18,(주) 솔포스텍,오문진,오문진,"서울특별시 송파구 송파대로24길5-6 (가락동,1층)",41154000.0,88.11,(연구소) 감정재료 구매,중앙행정기관
유류 소분배 계통 자동화관리 연구,국방부(운영지원과),,,,,,,,,,유류 소분배 계통 자동화관리 연구,중앙행정기관
21년 전군 감염병 감시 지원체계 구축방안 연구용역,국군의무사령부,55000000.0,95.489,2021-11-11,경희대학교 산학협력단,김윤혁,유동호,서울특별시 동대문구 경희대로26-0 (회기동),55000000.0,95.489,21년 전군 감염병 감시 지원체계 구축방안 연구용역,기관
알코올 대사체 분석방법 연구,국방부조사본부,24500000.0,98.354,2021-10-21,중앙대학교 산학협력단,고중혁,허진실,서울특별시 동작구 흑석로84 (흑석동),24500000.0,98.354,알코올 대사체 분석방법 연구,중앙행정기관
방위사업 교육포털시스템 ISP 수립 연구,방위사업청(운영지원과),117000000.0,90.0,2021-08-23,수테크시스템즈 주식회사,박수연,박수연,"서울특별시 금천구 가산디지털2로34, 923호(가산동, G밸리 더리브 스마트타워)",117000000.0,90.0,방위사업 교육포털시스템 ISP 수립 연구,중앙행정기관
육군 부사관학교 시설종합발전계획 연구용역,육군본부,,,,,,,,,,육군 부사관학교 시설종합발전계획 연구용역,군
육군 부사관학교 시설종합발전계획 연구용역,육군본부,31000000.0,69.055,2022-05-31,(주)디앤오종합건축사사무소,정봉원,정봉원,"서울특별시 송파구 법원로9길26, D동 1104호(문정동, H-비즈니스파크)",31000000.0,69.055,육군 부사관학교 시설종합발전계획 연구용역,군
방음정비고 사업 정립을 위한 선행연구용역,공군본부,,,,,,,,,,방음정비고 사업 정립을 위한 선행연구용역,군
방음정비고 사업 정립을 위한 선행연구용역,공군본부,,,,,,,,,,방음정비고 사업 정립을 위한 선행연구용역,군
스마트팩토리 기반 KAAV창정비 공장 연구 용역(1),제9691부대,42200000.0,86.383,2022-05-03,주식회사 베테랑콤,이재평,이재평,서울특별시 서초구 서초동1432-13 202,42200000.0,86.383,스마트팩토리 기반 KAAV창정비 공장 연구 용역(1),제9691부대
공군 휴대용 소형무인기 대응체계 연구 용역,국군재정관리단,66437884.0,96.744,2022-05-04,에솜 주식회사,강길영,박종완,"경기도 성남시 중원구 순환로210-0 201,202,203,204,205호(상대원동, 이노트리아파트형공장)",66437884.0,96.744,공군 휴대용 소형무인기 대응체계 연구 용역,국군재정관리단
시험평가 의사결정체계 효율화 방안 연구,국방부(운영지원과),,,,,,,,,,시험평가 의사결정체계 효율화 방안 연구,중앙행정기관
22-15차 연구장비 구매 계약 - 진탕욕조,국군의무사령부,,,,,,,,,,22-15차 연구장비 구매 계약 - 진탕욕조,기관
22-15차 연구장비 구매 계약 - 진탕욕조,국군의무사령부,,,,,,,,,,22-15차 연구장비 구매 계약 - 진탕욕조,기관
22-1차 연구장비 구매 계약 - 증기후드,국군의무사령부,,,,,,,,,,22-1차 연구장비 구매 계약 - 증기후드,기관
22-1차 연구장비 구매 계약 - 증기후드,국군의무사령부,,,,,,,,,,22-1차 연구장비 구매 계약 - 증기후드,기관
국방감항인증원(가칭) 설립 및 운영에 관한 연구,방위사업청(운영지원과),38603000.0,89.152,2022-05-30,건국대학교 산학협력단,윤동열,정해인,"서울특별시 광진구 능동로120, 건국대학교내(화양동)",38603000.0,89.152,국방감항인증원(가칭) 설립 및 운영에 관한 연구,중앙행정기관
PBL 적용을 위한 성과지표/목표 연구,국군재정관리단,53250000.0,72.629,2022-05-16,건양대학교 산학협력단,홍영기,김우중,"충청남도 논산시 대학로 121, 건양대학교 산학협력단(내동)",53250000.0,72.629,PBL 적용을 위한 성과지표/목표 연구,국군재정관리단
22-해군 정보융합관리체계 개념 연구,해군본부,39500000.0,80.284,2022-03-15,사단법인 한국국가전략연구원,한민구,이상규,"서울특별시 용산구 한강대로62길41, 3층 (한강로1가)",39500000.0,80.284,22-해군 정보융합관리체계 개념 연구,군
00사단 관사 이전사업 선행연구 용역,육군본부,15599680.0,87.919,2022-04-05,(주)에프오알엠도시건축공간연구소,권시형,권시형,"서울특별시 송파구 법원로11길25-0, A동 1310호(문정동, 에이치비즈니스파크)",15599680.0,87.919,00사단 관사 이전사업 선행연구 용역,군
해병 과학화경계시스템 추진방안 연구 용역,제9691부대,23248580.0,75.059,2022-03-28,건양대학교 산학협력단,홍영기,김우중,"충청남도 논산시 대학로 121, 건양대학교 산학협력단(내동)",23248580.0,75.059,해병 과학화경계시스템 추진방안 연구 용역,제9691부대
’22년 전투발전 연구과제 용역(4),육군교육사령부,33000000.0,87.417,2022-03-28,(사)한국전략문제연구소,박정기,윤진영,"서울특별시 용산구 청파로 40, 삼구빌딩 1815호(한강로3가)",33000000.0,87.417,’22년 전투발전 연구과제 용역(4),군
22년 전투발전 연구용역 과제 세미나 수행 용역(5),육군교육사령부,30000000.0,84.454,2022-03-28,(사)한국전략문제연구소,박정기,윤진영,"서울특별시 용산구 청파로 40, 삼구빌딩 1815호(한강로3가)",30000000.0,84.454,22년 전투발전 연구용역 과제 세미나 수행 용역(5),군
미래 육군비행장 발전계획 검증 연구 용역,육군본부,,,,,,,,,,미래 육군비행장 발전계획 검증 연구 용역,군
미래 육군비행장 발전계획 검증 연구 용역,육군본부,,,,,,,,,,미래 육군비행장 발전계획 검증 연구 용역,군
22-해상기반 우주발사체계 개념 연구,해군본부,,,,,,,,,,22-해상기반 우주발사체계 개념 연구,군
통섭형 인재 육성을 위한 직무순환 방안 연구 용역,육군인사사령부,38000000.0,98.097,2022-03-29,고려대학교산학협력단,권정환,이경은,"서울특별시 성북구 안암로145 (안암동5가, 고려대학교)",38000000.0,98.097,통섭형 인재 육성을 위한 직무순환 방안 연구 용역,군
사이버위험평가 방법 및 군 적용방안 연구,4284부대,,,,,,,,,,사이버위험평가 방법 및 군 적용방안 연구,4284부대
중장비 수송차량 이동을 위한 도로능력 검증 연구용역,국군수송사령부,21370000.0,92.759,2022-08-04,주식회사 제이에스시솔루션,김학범,김학범,"경기도 의왕시 오봉산단3로25, 1동 303호(삼동, 의왕테크노파크더리브비즈원)",21370000.0,92.759,중장비 수송차량 이동을 위한 도로능력 검증 연구용역,기관
K1계열전차 포탑회로망상자 시험장비 개발 연구용역,제2879부대,,,,,,,,,,K1계열전차 포탑회로망상자 시험장비 개발 연구용역,제2879부대
군 VoiP 교환시스템 통합운용방안 연구 용역,육군본부,43100000.0,90.875,2022-07-12,주식회사 씨이지앤드플러스,김규형,김수영,"서울특별시 용산구 한강대로109-0 (한강로2가),404호(용성비즈텔)",43100000.0,90.875,군 VoiP 교환시스템 통합운용방안 연구 용역,군
22-군 비행장 조명시설 표준화 연구용역,국군재정관리단,,,,,,,,,,22-군 비행장 조명시설 표준화 연구용역,국군재정관리단
[연구소] '22-2차 감정재료 구매,국방부조사본부,56414270.0,97.475,2022-07-25,주식회사 모든통상,최광용,최광용,"서울특별시 구로구 가마산로232 (구로동, 스페스큐브)",56414270.0,97.475,[연구소] '22-2차 감정재료 구매,중앙행정기관
Army TIGER 2050 개념군 연구 용역,육군본부,23400000.0,83.505,2022-04-12,(사)한국전략문제연구소,박정기,윤진영,"서울특별시 용산구 청파로 40, 삼구빌딩 1815호(한강로3가)",23400000.0,83.505,Army TIGER 2050 개념군 연구 용역,군
기갑/기계화부대 중대급 교전훈련장비 2차 선행연구,국군재정관리단,56800000.0,71.992,2022-06-02,건양대학교 산학협력단,홍영기,김우중,"충청남도 논산시 대학로 121, 건양대학교 산학협력단(내동)",56800000.0,71.992,기갑/기계화부대 중대급 교전훈련장비 2차 선행연구,국군재정관리단
동편활주로 재포장사업 선행연구 용역,공군제19전투비행단,,,,,,,,,,동편활주로 재포장사업 선행연구 용역,군
신기술 기반 공군 교육통합플랫폼 구축방안 연구,공군본부,,,,,,,,,,신기술 기반 공군 교육통합플랫폼 구축방안 연구,군
전시 비상급수 기준 수립 연구,공군본부,,,,,,,,,,전시 비상급수 기준 수립 연구,군
국방 정신전력교육지도사 자격신설 연구용역,국방부,,,,,,,,,,국방 정신전력교육지도사 자격신설 연구용역,중앙행정기관
국방 정신전력교육지도사 자격신설 연구용역,국방부,,,,,,,,,,국방 정신전력교육지도사 자격신설 연구용역,중앙행정기관
육군 병영생활관 신축기준 연구용역,육군본부,37500000.0,74.756,2022-06-09,(사)국방시설연구협회,정주교,정주교,"경기도 성남시 수정구 복정로84번길 22-15,(B-001호) (복정동)",37500000.0,74.756,육군 병영생활관 신축기준 연구용역,군
미래 한국군 통합사이버전 수행방안 연구,4284부대,,,,,,,,,,미래 한국군 통합사이버전 수행방안 연구,4284부대
미래 한국군 통합사이버전 수행방안 연구,4284부대,41760000.0,89.856,2022-07-08,세종대학교산학협력단,유상호,방윤지,서울특별시 광진구 군자동98 집현관 216,41760000.0,89.856,미래 한국군 통합사이버전 수행방안 연구,4284부대
정신전력교육 기본교재 재발간에 따른 사전 연구 용역,국방부,,,,,,,,,,정신전력교육 기본교재 재발간에 따른 사전 연구 용역,중앙행정기관
함정 근무장병 육상지원 등 기준 제·개정 연구용역,국군재정관리단,,,,,,,,,,함정 근무장병 육상지원 등 기준 제·개정 연구용역,국군재정관리단
4차 산업혁명 기술적용 공군훈련체계 발전방향 연구,국군재정관리단,93000000.0,95.822,2022-04-26,한남대학교 산학협력단,김태동,정경아,대전광역시 유성구 유성대로1646-0 (전민동),93000000.0,95.822,4차 산업혁명 기술적용 공군훈련체계 발전방향 연구,국군재정관리단
공군 정보통신 준·부사관 특기체계 개선방안 연구,공군본부,,,,,,,,,,공군 정보통신 준·부사관 특기체계 개선방안 연구,군
군의료 특성화 연구용역(말라리아 발생 예측연구),국군수도병원,,,,,,,,,,군의료 특성화 연구용역(말라리아 발생 예측연구),국군수도병원
군의료 연구용역(냉동 혈소판제제 제조법 확립),국군수도병원,,,,,,,,,,군의료 연구용역(냉동 혈소판제제 제조법 확립),국군수도병원
비전통위협 대비군시설활용및 공용면적 기준 개정연구,국군재정관리단,107000000.0,91.535,2022-05-02,사단법인 한국군사시설연구소,김진욱,김진욱,"서울특별시 금천구 가산디지털2로184, 1017호(가산동, 벽산.경인디지털밸리2)",107000000.0,91.535,비전통위협 대비군시설활용및 공용면적 기준 개정연구,국군재정관리단
[연구소] 감정장비(컴퓨터 거짓말 탐지 세트) 구매,국방부조사본부,52418000.0,87.997,2022-08-03,서준코퍼레이션,윤진영,윤진영,"강원특별자치도 원주시 문막읍 귀문로1269-16, 1층 우측",52418000.0,87.997,[연구소] 감정장비(컴퓨터 거짓말 탐지 세트) 구매,중앙행정기관
22-00생활관 신축 분석평가 및 선행연구 용역,국군재정관리단,112500000.0,73.162,2022-04-25,(주)에프오알엠도시건축공간연구소,권시형,권시형,"서울특별시 송파구 법원로11길25-0, A동 1310호(문정동, 에이치비즈니스파크)",112500000.0,73.162,22-00생활관 신축 분석평가 및 선행연구 용역,국군재정관리단
지상공중우주계층별 양자기술연구용역,육군본부,,,,,,,,,,지상공중우주계층별 양자기술연구용역,군
군사용 인공지능 윤리적 평가 및 검증요소 연구 용역,육군본부,43677270.0,90.787,2022-02-18,건양대학교 산학협력단,홍영기,김우중,"충청남도 논산시 대학로 121, 건양대학교 산학협력단(내동)",43677270.0,90.787,군사용 인공지능 윤리적 평가 및 검증요소 연구 용역,군
군 보건의료 발전계획 선행연구,국방부(운영지원과),,,,,,,,,,군 보건의료 발전계획 선행연구,중앙행정기관
대형공격헬기의 효과적인 시설사업 추진방안 연구,방위사업청(운영지원과),57200000.0,95.333,2022-05-02,(주)에프오알엠도시건축공간연구소,권시형,권시형,"서울특별시 송파구 법원로11길25-0, A동 1310호(문정동, 에이치비즈니스파크)",57200000.0,95.333,대형공격헬기의 효과적인 시설사업 추진방안 연구,중앙행정기관
00사업 선행연구용역,국군재정관리단,126151000.0,88.606,2022-07-05,주식회사도시경영연구원,권선애,남혜정,"서울특별시 성북구 화랑로76, 제3층 307호(하월곡동,코업스타클래스)",126151000.0,88.606,00사업 선행연구용역,국군재정관리단
영상정보에 대한 학습데이터 확보방안 연구,합동참모본부,40500000.0,93.471,2022-07-18,인하대학교 산학협력단,김주형,이서현,인천광역시 미추홀구 인하로100-0 (용현동) 인하대학교,40500000.0,93.471,영상정보에 대한 학습데이터 확보방안 연구,합동참모본부
22-함정 비행갑판 개조(Harpoon Grid 이동) 방안 연구,해군본부,,,,,,,,,,22-함정 비행갑판 개조(Harpoon Grid 이동) 방안 연구,군
전자기스펙트럼 측정/분석체계 운용방안 연구,육군본부,,,,,,,,,,전자기스펙트럼 측정/분석체계 운용방안 연구,군
전자기스펙트럼 측정/분석체계 운용방안 연구,육군본부,35200000.0,88.3,2022-03-24,주식회사 디티알기술사사무소,오진성,오진성,서울특별시 영등포구 여의대방로61길2-0 (신길동)천록빌딩105호,35200000.0,88.3,전자기스펙트럼 측정/분석체계 운용방안 연구,군
과학화경계시스템 정비지원체계 운영분석 연구용역,육군본부,18700000.0,77.433,2022-02-18,군정비지원센터,이윤문,이춘근,서울특별시 금천구 벚꽃로244-0 (가산동)810호 벽산디지털밸리5차,18700000.0,77.433,과학화경계시스템 정비지원체계 운영분석 연구용역,군
미래 GOP과학화경계시스템 구축방안에 대한 연구 용역,육군본부,,,,,,,,,,미래 GOP과학화경계시스템 구축방안에 대한 연구 용역,군
미래 GOP과학화경계시스템 구축방안에 대한 연구 용역,육군본부,17572000.0,84.613,2022-08-17,한국과학기술원,이광형,임찬상,대전광역시 유성구 대학로291-0 (구성동),17572000.0,84.613,미래 GOP과학화경계시스템 구축방안에 대한 연구 용역,군
22-7차 연구장비 구매 계약 - 멸균소독기 소형,국군의무사령부,21443420.0,88.022,2022-07-19,넥스케이드,이병택,이병택,"경기도 고양시 일산동구 일산로441번길34-13, 1층 (1층 상가 좌측)(정발산동)",21443420.0,88.022,22-7차 연구장비 구매 계약 - 멸균소독기 소형,기관
(22F008-I)주민 지자체함께와상생하는훈련장연구용역,국군재정관리단,55000000.0,97.259,2022-03-02,주식회사 한솔엔지니어링글로벌,김한용,김미진,서울특별시 송파구 올림픽로505-0 (풍납동),55000000.0,97.259,(22F008-I)주민 지자체함께와상생하는훈련장연구용역,국군재정관리단
미래 지역예비군 최적화 방안 연구 용역,육군본부,24300000.0,82.217,2022-05-17,(사)한국전략문제연구소,박정기,윤진영,"서울특별시 용산구 청파로 40, 삼구빌딩 1815호(한강로3가)",24300000.0,82.217,미래 지역예비군 최적화 방안 연구 용역,군
공군 Kill-Web의 임무효과도 및 발전 로드맵 연구,공군본부,,,,,,,,,,공군 Kill-Web의 임무효과도 및 발전 로드맵 연구,군
23~27 국방양성평등정책기본계획작성방향 연구,국방부(운영지원과),,,,,,,,,,23~27 국방양성평등정책기본계획작성방향 연구,중앙행정기관
미래환경 변화 속 육군 병과체계 발전 방안 연구 용역,육군본부,26670000.0,90.724,2022-05-17,(사)한국전략문제연구소,박정기,윤진영,"서울특별시 용산구 청파로 40, 삼구빌딩 1815호(한강로3가)",26670000.0,90.724,미래환경 변화 속 육군 병과체계 발전 방안 연구 용역,군
방산소재 개발사업 기획 및 인증체계 구축 연구,방위사업청(운영지원과),64439440.0,82.944,2022-09-13,한국재료연구원,이정환,이효선,경상남도 창원시 성산구 창원대로797 (상남동),64439440.0,82.944,방산소재 개발사업 기획 및 인증체계 구축 연구,중앙행정기관
해병대 정체성 향상 프로그램 개발 연구 용역,제9691부대,28700000.0,96.593,2022-05-03,(사)한국전략문제연구소,박정기,윤진영,"서울특별시 용산구 청파로 40, 삼구빌딩 1815호(한강로3가)",28700000.0,96.593,해병대 정체성 향상 프로그램 개발 연구 용역,제9691부대
공군 지능형 스마트비행단 성과분석 및 발전방안 연구,공군본부,,,,,,,,,,공군 지능형 스마트비행단 성과분석 및 발전방안 연구,군
(22G028-A)생물안전3등급 연구시설 유지보수 용역,국군재정관리단,,,,,,,,,,(22G028-A)생물안전3등급 연구시설 유지보수 용역,국군재정관리단
항공무기정비분야 안전관리체계 고도화방안 연구용역,공군항공안전단,,,,,,,,,,항공무기정비분야 안전관리체계 고도화방안 연구용역,군
인력획득 모집홍보 대상의 성향 분석 연구 용역,육군인사사령부,,,,,,,,,,인력획득 모집홍보 대상의 성향 분석 연구 용역,군
미래 합동특수작전사령부 창설 필요성 연구용역,육군본부,19240000.0,68.035,2022-08-19,주식회사 사이버앤네트워크연구원,김한욱,김한욱,서울특별시 용산구 한강대로46길25-0 (한강로2가) 401호,19240000.0,68.035,미래 합동특수작전사령부 창설 필요성 연구용역,군
민사분야 연구용역(2-1),한미연합군사령부,29750000.0,85.0,2022-03-11,(사)21세기군사연구소,김진욱,박계향,"서울특별시 금천구 가산디지털2로184, 10층 1017호(가산동, 벽산디지털밸리2차)",29750000.0,85.0,민사분야 연구용역(2-1),기관
전투실험 발전 연구용역 세미나 및 책자발간 용역,육군교육사령부,17000000.0,84.168,2022-02-21,(사)한국전략문제연구소,박정기,윤진영,"서울특별시 용산구 청파로 40, 삼구빌딩 1815호(한강로3가)",17000000.0,84.168,전투실험 발전 연구용역 세미나 및 책자발간 용역,군
군 실내공기질 관리 개선방안 연구용역,국방부(운영지원과),,,,,,,,,,군 실내공기질 관리 개선방안 연구용역,중앙행정기관
수도병원 임상의학연구센터 통계프로그램 구매계약,국군수도병원,23980000.0,95.881,2022-07-21,주식회사 지니클라우드,박홍련,전희수,"서울특별시 강남구 강남대로62길24-0 (역삼동,해송빌딩)3층",23980000.0,95.881,수도병원 임상의학연구센터 통계프로그램 구매계약,국군수도병원
22-12차 연구장비 구매 계약 - 초저온냉동고,국군의무사령부,,,,,,,,,,22-12차 연구장비 구매 계약 - 초저온냉동고,기관
22-12차 연구장비 구매 계약 - 초저온냉동고,국군의무사령부,,,,,,,,,,22-12차 연구장비 구매 계약 - 초저온냉동고,기관
22-13-13 야전공장 분석평가 및 선행연구 용역,공군제10전투비행단,97000000.0,65.762,2022-05-20,(주)에프오알엠도시건축공간연구소,권시형,권시형,"서울특별시 송파구 법원로11길25-0, A동 1310호(문정동, 에이치비즈니스파크)",97000000.0,65.762,22-13-13 야전공장 분석평가 및 선행연구 용역,군
22-2차 연구장비 구매 계약 - 기구세척기 초음파형,국군의무사령부,,,,,,,,,,22-2차 연구장비 구매 계약 - 기구세척기 초음파형,기관
표준훈련장 설치기준 정립 연구 용역,국군재정관리단,59900000.0,86.374,2022-03-10,(사)한국위기관리연구소,김운용,원만희,서울특별시 강남구 논현로189길6 (압구정동),59900000.0,86.374,표준훈련장 설치기준 정립 연구 용역,국군재정관리단
22-병력절감형 Smart Battleship 함정 설계연구,해군본부,33623800.0,98.488,2022-04-11,마린전자상사,김광식,이정현,부산광역시 동구 고관로62 (초량동),33623800.0,98.488,22-병력절감형 Smart Battleship 함정 설계연구,군
외상성 출혈 시 혈관 내 지혈술 개발 연구용역,국군수도병원,,,,,,,,,,외상성 출혈 시 혈관 내 지혈술 개발 연구용역,국군수도병원
KAOC 신축사업 지휘통신체계 구축방안 연구용역,공군작전사령부,24000000.0,91.334,2022-06-08,주식회사 지음지식서비스,고영호,김소라,경기도 성남시 수정구 창업로42(시흥동) 판교제2테크노밸리 경기기업성장센터 532호,24000000.0,91.334,KAOC 신축사업 지휘통신체계 구축방안 연구용역,군
22-6차 연구장비 구매 계약 - 시약 및 약품냉장고,국군의무사령부,,,,,,,,,,22-6차 연구장비 구매 계약 - 시약 및 약품냉장고,기관
22-6차 연구장비 구매 계약 - 시약 및 약품냉장고,국군의무사령부,,,,,,,,,,22-6차 연구장비 구매 계약 - 시약 및 약품냉장고,기관
저고도 공역 통합 관제체계 연동 소요 연구용역,육군본부,,,,,,,,,,저고도 공역 통합 관제체계 연동 소요 연구용역,군
’22년 전투발전 연구과제 용역(1),육군교육사령부,33300000.0,88.986,2022-03-28,(사)한국전략문제연구소,박정기,윤진영,"서울특별시 용산구 청파로 40, 삼구빌딩 1815호(한강로3가)",33300000.0,88.986,’22년 전투발전 연구과제 용역(1),군
’22년 전투발전 연구과제 용역(2),육군교육사령부,,,,,,,,,,’22년 전투발전 연구과제 용역(2),군
’22년 전투발전 연구과제 용역(3),육군교육사령부,,,,,,,,,,’22년 전투발전 연구과제 용역(3),군
CSP 획득개선 및 무기체계 가동률 향상방안 연구,방위사업청(운영지원과),97000000.0,92.344,2022-05-31,사단법인 안보경영연구원,전건욱,윤병찬,"서울특별시 강남구 언주로527, 10층 (역삼동)",97000000.0,92.344,CSP 획득개선 및 무기체계 가동률 향상방안 연구,중앙행정기관
인공기상조절 연구용역,공군본부,,,,,,,,,,인공기상조절 연구용역,군
잠수함 시운전 제도 개선방안 연구,방위사업청(운영지원과),45180000.0,87.439,2022-10-19,국방기술품질원,허건영,한경희,경상남도 진주시 동진로420 (충무공동),45180000.0,87.439,잠수함 시운전 제도 개선방안 연구,중앙행정기관
비상근예비군 확대 및 훈련체계 정립 연구 용역,육군본부,33500000.0,84.778,2022-04-12,(사)한국위기관리연구소,김운용,원만희,서울특별시 강남구 논현로189길6 (압구정동),33500000.0,84.778,비상근예비군 확대 및 훈련체계 정립 연구 용역,군
22-4-작전지휘시설 신축 선행연구용역,제3훈련비행단,,,,,,,,,,SUPPRESSED,제3훈련비행단
음탐센서 시험 KOLAS 인정 사전 연구용역,해군군수사령부,39293100.0,88.569,2022-04-22,한국표준인증기술연구원,김용오,김용오,서울특별시 송파구 새말로8길12-0  문정 건영 103동 801호,39293100.0,88.569,음탐센서 시험 KOLAS 인정 사전 연구용역,군
22-1차 연구장비 구매 계약 - 증기후드,국군의무사령부,,,,,,,,,,22-1차 연구장비 구매 계약 - 증기후드,기관
최적의 우주기지 선정 연구,공군본부,,,,,,,,,,최적의 우주기지 선정 연구,군
AI 기반 6세대 전투기 운용개념 및 발전방안 연구,합동참모본부,35274270.0,86.096,2022-06-09,(사)21세기군사연구소,김진욱,박계향,"서울특별시 금천구 가산디지털2로184, 10층 1017호(가산동, 벽산디지털밸리2차)",35274270.0,86.096,AI 기반 6세대 전투기 운용개념 및 발전방안 연구,합동참모본부
22-함정 갑판부착장비 내충격성능 검증방안연구,해군본부,,,,,,,,,,22-함정 갑판부착장비 내충격성능 검증방안연구,군
미래 전투기 등급분류 발전방향 연구,공군본부,19239000.0,86.061,2022-07-08,한성대학교 산학협력단,노광현,심지민,서울특별시 성북구 삼선교로16길116-0 (삼선동2가),19239000.0,86.061,미래 전투기 등급분류 발전방향 연구,군
(22G088-A) VR 지뢰훈련시뮬레이터 선행연구용역,국군재정관리단,43529000.0,73.95,2022-06-22,주식회사 피앤씨솔루션,최치원,김승범,"서울특별시 금천구 가산디지털1로171, B208호(가산동, 가산 에스케이 브이원 센터)",43529000.0,73.95,(22G088-A) VR 지뢰훈련시뮬레이터 선행연구용역,국군재정관리단
군 작업환경 및 작업자 보건관리 훈령 발전연구,국방부(운영지원과),44000000.0,88.001,2022-04-28,계명대학교 산학협력단,김범준,오흔정,"대구광역시 달서구 달구벌대로1095-0 (신당동, 계명대학교)",44000000.0,88.001,군 작업환경 및 작업자 보건관리 훈령 발전연구,중앙행정기관
원격탐사체계 중·장기 발전계획 기반연구,공군본부,,,,,,,,,,원격탐사체계 중·장기 발전계획 기반연구,군
무기체계 인공지능 기술적용 JROC 작성지침 개정 연구,합동참모본부,44000000.0,89.902,2022-04-15,사단법인 한국국가전략연구원,한민구,이상규,"서울특별시 용산구 한강대로62길41, 3층 (한강로1가)",44000000.0,89.902,무기체계 인공지능 기술적용 JROC 작성지침 개정 연구,합동참모본부
함정 표준감항인증기준 수립 및 사업 영향성 연구,방위사업청(운영지원과),,,,,,,,,,함정 표준감항인증기준 수립 및 사업 영향성 연구,중앙행정기관
국방정보화 법률 개정방안 연구,국방부(운영지원과),84355000.0,100.0,2022-07-22,사단법인 한국아이티법연구원,권헌영,권헌영,서울특별시 성북구 안암로145 (안암동5가) 미래융합기술관 607호,84355000.0,100.0,국방정보화 법률 개정방안 연구,중앙행정기관
K-UAM과 연계한 드론 통합관제체계 구축 방안 연구,육군본부,38000000.0,90.683,2022-03-14,배재대학교 산학협력단,채순기,정혜원,대전광역시 서구 배재로 155-40배재대학교산학협력단,38000000.0,90.683,K-UAM과 연계한 드론 통합관제체계 구축 방안 연구,군
ATCIS 개방형 OS 전환 비용대비 효과분석 연구용역,육군본부,42580000.0,94.763,2022-06-28,사)국방정보통신협회,박래호,정광조,"서울특별시 용산구 이태원로29, 421호(용산동1가, 전쟁기념관)",42580000.0,94.763,ATCIS 개방형 OS 전환 비용대비 효과분석 연구용역,군
22년 계룡스파텔 시설개선사업 선행연구 용역,육군인사사령부,,,,,,,,,,22년 계룡스파텔 시설개선사업 선행연구 용역,군
정원감축 대비 민간인력 전환분야 및 규모식별 연구,공군본부,,,,,,,,,,정원감축 대비 민간인력 전환분야 및 규모식별 연구,군
군사타운 개념의 부대배치 발전방향 연구 용역,육군본부,40100000.0,90.118,2022-02-28,주식회사도시경영연구원,권선애,남혜정,"서울특별시 성북구 화랑로76, 제3층 307호(하월곡동,코업스타클래스)",40100000.0,90.118,군사타운 개념의 부대배치 발전방향 연구 용역,군
적외선차폐연막통(연막제) 유해성 입증시험 연구용역,방위사업청,380649000.0,,2022-07-26,안전성평가솔루션 주식회사,신희준,,"서울특별시 서초구 신반포로311, 3층(잠원동, 신영빌딩)",380649000.0,,적외선차폐연막통(연막제) 유해성 입증시험 연구용역,중앙행정기관
22-이맹기 제독 평전 연구 용역,해군본부,19008000.0,73.419,2022-03-28,(사)21세기군사연구소,김진욱,박계향,"서울특별시 금천구 가산디지털2로184, 10층 1017호(가산동, 벽산디지털밸리2차)",19008000.0,73.419,22-이맹기 제독 평전 연구 용역,군
해병대 과학화예비군 훈련장 발전방안 연구 용역,제9691부대,17200000.0,73.557,2022-03-29,주식회사 베테랑콤,이재평,이재평,서울특별시 서초구 서초동1432-13 202,17200000.0,73.557,해병대 과학화예비군 훈련장 발전방안 연구 용역,제9691부대
사이버방호를 위한 보안 플랫폼 구축방안 연구,공군본부,,,,,,,,,,사이버방호를 위한 보안 플랫폼 구축방안 연구,군
(22F064-I)과학화동원훈련체계발전방안연구용역,국군재정관리단,60000000.0,86.308,2022-05-12,(사)21세기군사연구소,김진욱,박계향,"서울특별시 금천구 가산디지털2로184, 10층 1017호(가산동, 벽산디지털밸리2차)",60000000.0,86.308,(22F064-I)과학화동원훈련체계발전방안연구용역,국군재정관리단
UH-60 휠제동용 유압장치 시험장비 개발 연구용역,제2879부대,48400000.0,99.237,2022-03-07,티엠시 주식회사,이형민,이형민,경상남도 함안군 칠북면 삼칠로 1826티엠시 (주),48400000.0,99.237,UH-60 휠제동용 유압장치 시험장비 개발 연구용역,제2879부대
군 급식 민간위탁 시범사업 성과분석 연구,국방부(운영지원과),,,,,,,,,,군 급식 민간위탁 시범사업 성과분석 연구,중앙행정기관
군 급식 민간위탁 시범사업 성과분석 연구,국방부(운영지원과),46800000.0,98.97,2022-09-06,고신대학교 산학협력단,류황건,배성권,부산광역시 영도구 와치로194-0 (동삼동),46800000.0,98.97,군 급식 민간위탁 시범사업 성과분석 연구,중앙행정기관
위치보고접속장치 통신회로카드 대체품 개발 연구용역,제2879부대,39380000.0,98.992,2022-03-07,제이에스전자,염진수,염진수,"대전광역시 유성구 테크노3로 65, 한신에스메카 241(관평동)",39380000.0,98.992,위치보고접속장치 통신회로카드 대체품 개발 연구용역,제2879부대
미래 예비군 제도를 대비한 예비군 개념 정립 연구,국방부(운영지원과),39900000.0,90.554,2022-03-03,(사)한국위기관리연구소,김운용,원만희,서울특별시 강남구 논현로189길6 (압구정동),39900000.0,90.554,미래 예비군 제도를 대비한 예비군 개념 정립 연구,중앙행정기관
공군 군수지원 분야 발전방향 연구 용역,공군본부,,,,,,,,,,공군 군수지원 분야 발전방향 연구 용역,군
군 내 인성교육 프로그램 간 효과성 비교연구,국방부(운영지원과),42305778.0,90.909,2022-07-28,사단법인 한국교육행정학회,이종재,윤정일,서울특별시 마포구 독막로331-0 (도화동) 마스터즈타워빌딩 902호,42305778.0,90.909,군 내 인성교육 프로그램 간 효과성 비교연구,중앙행정기관
’22년 미래혁신연구센터 부대소개영상 제작용역,육군본부,14600000.0,73.001,2022-05-17,버프프로덕션,이충렬,이충렬,서울특별시 강남구 학동로311(논현동) 타호비지니스센터 203호,14600000.0,73.001,’22년 미래혁신연구센터 부대소개영상 제작용역,군
국방전직교육원 조직진단 및 기능강화 방안연구,국방부(운영지원과),,,,,,,,,,국방전직교육원 조직진단 및 기능강화 방안연구,중앙행정기관
국방전직교육원 조직진단 및 기능강화 방안연구,국방부(운영지원과),18924950.0,95.0,2022-03-03,주식회사 더트루노스,김민철,박설희,"서울특별시 영등포구 국회대로74길19, 동우국제빌딩 902호",18924950.0,95.0,국방전직교육원 조직진단 및 기능강화 방안연구,중앙행정기관
22-작전지휘시설 신축 분석평가 및 선행연구 용역,제20전투비행단,104500000.0,75.547,2022-06-16,(주)에프오알엠도시건축공간연구소,권시형,권시형,"서울특별시 송파구 법원로11길25-0, A동 1310호(문정동, 에이치비즈니스파크)",104500000.0,75.547,22-작전지휘시설 신축 분석평가 및 선행연구 용역,제20전투비행단
해병대 인력획득체계 분석 발전 방향 연구 용역,제9691부대,20120000.0,88.007,2022-03-29,(사)한국전략문제연구소,박정기,윤진영,"서울특별시 용산구 청파로 40, 삼구빌딩 1815호(한강로3가)",20120000.0,88.007,해병대 인력획득체계 분석 발전 방향 연구 용역,제9691부대
22-함정 포배열 체계 개선 및 발전방향 연구,해군본부,27000000.0,93.127,2022-08-12,호원대학교 산학협력단,정의붕,김정일,"전라북도 군산시 임피면 호원대3길 64,",27000000.0,93.127,22-함정 포배열 체계 개선 및 발전방향 연구,군
22-공군 기후예측 및 기후변화 시나리오 연구용역,국군재정관리단,,,,,,,,,,22-공군 기후예측 및 기후변화 시나리오 연구용역,국군재정관리단
고성능탄두 기술적용 전투수행개념 연구 용역,육군본부,26380000.0,88.27,2022-05-31,건양대학교 산학협력단,홍영기,김우중,"충청남도 논산시 대학로 121, 건양대학교 산학협력단(내동)",26380000.0,88.27,고성능탄두 기술적용 전투수행개념 연구 용역,군
민군 상생을 위한 대체시설 검토 및 관리방안 연구,합동참모본부,26830000.0,88.098,2022-05-24,(사)21세기군사연구소,김진욱,박계향,"서울특별시 금천구 가산디지털2로184, 10층 1017호(가산동, 벽산디지털밸리2차)",26830000.0,88.098,민군 상생을 위한 대체시설 검토 및 관리방안 연구,합동참모본부
국방R&D 과제 평가체계 개선방안 연구,방위사업청(운영지원과),47000000.0,94.0,2022-05-31,사단법인 안보경영연구원,전건욱,윤병찬,"서울특별시 강남구 언주로527, 10층 (역삼동)",47000000.0,94.0,국방R&D 과제 평가체계 개선방안 연구,중앙행정기관
기술교범 국제규격 S1000D 적용 방안 연구,방위사업청(운영지원과),111855546.0,99.521,2022-05-16,주식회사 타임기술,주양효,서혜진,"경상남도 창원시 성산구 완암로50-0, 메카동 813호(성산동, SK테크노파크)",111855546.0,99.521,기술교범 국제규격 S1000D 적용 방안 연구,중앙행정기관
22-설계자료 활용 및 군 시설단가 표준화 연구용역,국군재정관리단,,,,,,,,,,22-설계자료 활용 및 군 시설단가 표준화 연구용역,국군재정관리단
아데노바이러스 55형 백신개발 타당성 검토 연구,국군의무사령부,49000000.0,99.585,2022-07-26,중앙대학교 산학협력단,고중혁,허진실,서울특별시 동작구 흑석로84 (흑석동),49000000.0,99.585,아데노바이러스 55형 백신개발 타당성 검토 연구,기관
복지회관 중·장기 보수계획 관련 연구용역,제9691부대,25500000.0,90.441,2022-08-16,사단법인 한국국가전략연구원,한민구,이상규,"서울특별시 용산구 한강대로62길41, 3층 (한강로1가)",25500000.0,90.441,복지회관 중·장기 보수계획 관련 연구용역,제9691부대
국방 무인항공기(드론) 정비사 자격 신설 연구용역,국방부(운영지원과),35000000.0,78.475,2022-08-29,사단법인 한국드론혁신협회(KDIA),임영갑,임영갑,"경기도 고양시 덕양구 원당로135번길52-0 (주교동, 은하아파트) B동 지층 1호실호",35000000.0,78.475,국방 무인항공기(드론) 정비사 자격 신설 연구용역,중앙행정기관
국방 사이버보안 종합발전 전략 연구,국방부(운영지원과),,,,,,,,,,국방 사이버보안 종합발전 전략 연구,중앙행정기관
국방 사이버보안 종합발전 전략 연구,국방부(운영지원과),93500000.0,94.923,2022-06-14,재단법인 한국군사문제연구원,김형철,이수행,"경기도 성남시 수정구 위례대로83(창곡동, 국방문화센터)",93500000.0,94.923,국방 사이버보안 종합발전 전략 연구,중앙행정기관
(227163-F)연구활동재료(초자) 구매,국군재정관리단,179150945.0,87.995,2022-05-06,휴뷰티,양선희,양선희,부산광역시 부산진구 냉정로178번길21 (개금동)2층,179150945.0,87.995,(227163-F)연구활동재료(초자) 구매,국군재정관리단
22-3차 연구장비 구매 계약 - 미생물측정기,국군의무사령부,,,,,,,,,,22-3차 연구장비 구매 계약 - 미생물측정기,기관
22-13차 연구장비 구매 계약 - 원심분리기 중형,국군의무사령부,31312700.0,88.029,2022-08-24,주식회사 엘티에스,장승규,서재달,대전광역시 서구 관저동로170 (관저동) 210호,31312700.0,88.029,22-13차 연구장비 구매 계약 - 원심분리기 중형,기관
방위사업에 특화된 계약법 제정을 위한 연구,방위사업청(운영지원과),31570000.0,92.852,2022-03-02,한국법제연구원,한영수,민정화,세종특별자치시  국책연구원로15-0 (반곡동),31570000.0,92.852,방위사업에 특화된 계약법 제정을 위한 연구,중앙행정기관
22-해상기반 우주발사체계 개념 연구,해군본부,34900000.0,88.896,2022-05-25,호원대학교 산학협력단,정의붕,김정일,"전라북도 군산시 임피면 호원대3길 64,",34900000.0,88.896,22-해상기반 우주발사체계 개념 연구,군
22-G/K 창정비 사업 성과분석 연구,해군본부,,,,,,,,,,22-G/K 창정비 사업 성과분석 연구,군
22-파라메트릭 기반 함정 수명주기비용 추정방법 연구,해군본부,44383000.0,90.474,2022-05-24,국방대학교산학협력단,이문걸,문영옥,충청남도 논산시 양촌면 황산벌로1040,44383000.0,90.474,22-파라메트릭 기반 함정 수명주기비용 추정방법 연구,군
판매수수료 현실화 방안 연구용역,국군복지단,,,,,,,,,,판매수수료 현실화 방안 연구용역,국군복지단
방공포병 모의훈련체계 구축방안 연구,공군본부,,,,,,,,,,방공포병 모의훈련체계 구축방안 연구,군
K1계열전차 포탑회로망상자 시험장비 개발 연구용역,제2879부대,,,,,,,,,,K1계열전차 포탑회로망상자 시험장비 개발 연구용역,제2879부대
22년 기술연구용역 계약(1),육군교육사령부,,,,,,,,,,22년 기술연구용역 계약(1),군
22년 기술연구용역 계약(1),육군교육사령부,46000000.0,96.918,2022-04-15,경희대학교산학협력단,김윤혁,조혜진,"경기도 용인시 기흥구 덕영대로1732-0 (서천동, 경희대학교 국제캠퍼스내)",46000000.0,96.918,22년 기술연구용역 계약(1),군
22년 기술연구용역 계약(2),육군교육사령부,,,,,,,,,,22년 기술연구용역 계약(2),군
22년 기술연구용역 계약(3),육군교육사령부,,,,,,,,,,22년 기술연구용역 계약(3),군
22년 기술연구용역 계약(4),육군교육사령부,,,,,,,,,,22년 기술연구용역 계약(4),군
민사분야 연구용역(2-2),한미연합군사령부,31500000.0,90.0,2022-03-11,(사)21세기군사연구소,김진욱,박계향,"서울특별시 금천구 가산디지털2로184, 10층 1017호(가산동, 벽산디지털밸리2차)",31500000.0,90.0,민사분야 연구용역(2-2),기관
민군 상생을 위한 훈련장 최적환 관리방안 연구,합동참모본부,32670600.0,86.025,2022-05-18,(사)21세기군사연구소,김진욱,박계향,"서울특별시 금천구 가산디지털2로184, 10층 1017호(가산동, 벽산디지털밸리2차)",32670600.0,86.025,민군 상생을 위한 훈련장 최적환 관리방안 연구,합동참모본부
(227164-C)연구활동 재료(시약) 구매,국군재정관리단,128624707.0,88.001,2022-05-11,주식회사 길상산업,박종호,박종호,경기도 화성시 10용사로456-0 (반송동),128624707.0,88.001,(227164-C)연구활동 재료(시약) 구매,국군재정관리단
인공지능 무기체계 시험평가 기준 절차 방법 연구,합동참모본부,39310000.0,91.573,2022-06-16,국방대학교산학협력단,이문걸,문영옥,충청남도 논산시 양촌면 황산벌로1040,39310000.0,91.573,인공지능 무기체계 시험평가 기준 절차 방법 연구,합동참모본부
공군 수송기 전력 최적화 방안 연구용역,공군본부,,,,,,,,,,공군 수송기 전력 최적화 방안 연구용역,군
22년도 군 급식 및 피복 만족도 조사 연구용역,국방부(운영지원과),47000000.0,94.079,2022-07-01,알앤알컨설팅 주식회사,조희아,이은경,"서울특별시 서초구 신반포로303, 101호 (잠원동, 에스엘빌딩)",47000000.0,94.079,22년도 군 급식 및 피복 만족도 조사 연구용역,중앙행정기관
시험평가 의사결정체계 효율화 방안 연구,국방부(운영지원과),,,,,,,,,,시험평가 의사결정체계 효율화 방안 연구,중앙행정기관
신재생에너지 적용관련 군 에너지 정책방향 연구용역,육군본부,30340000.0,99.243,2022-08-02,에이치앤파워(주),강인용,장원규,대전광역시 유성구 대학로291-0 (구성동) N7-7111,30340000.0,99.243,신재생에너지 적용관련 군 에너지 정책방향 연구용역,군
국방 안전사고 조사 표준 매뉴얼 마련을위한연구,국방부(운영지원과),42265893.0,89.442,2022-09-08,중원대학교 산학협력단,박종석,신남선,충청북도 괴산군 문무로85-0 중원대학교내 (괴산읍),42265893.0,89.442,국방 안전사고 조사 표준 매뉴얼 마련을위한연구,중앙행정기관
효율적인 전투체계 창정비 방안 연구용역,해군군수사령부,38000000.0,89.479,2022-05-25,사단법인 안보경영연구원,전건욱,윤병찬,"서울특별시 강남구 언주로527, 10층 (역삼동)",38000000.0,89.479,효율적인 전투체계 창정비 방안 연구용역,군
사단정찰용 UAV 백령도서내 운용 가능성 연구,제9691부대,17600000.0,69.95,2022-03-29,주식회사 베테랑콤,이재평,이재평,서울특별시 서초구 서초동1432-13 202,17600000.0,69.95,사단정찰용 UAV 백령도서내 운용 가능성 연구,제9691부대
군사시설부문 온실가스 감축 계획수립 연구,국방부(운영지원과),69900000.0,100.0,2022-05-17,한국건설기술연구원,김병석,원은정,경기도 고양시 일산서구 고양대로 283(대화동),69900000.0,100.0,군사시설부문 온실가스 감축 계획수립 연구,중앙행정기관
차륜형지휘소용차량 시설사업기본계획 연구용역,방위사업청(운영지원과),51000000.0,85.0,2022-02-28,주식회사도시경영연구원,권선애,남혜정,"서울특별시 성북구 화랑로76, 제3층 307호(하월곡동,코업스타클래스)",51000000.0,85.0,차륜형지휘소용차량 시설사업기본계획 연구용역,중앙행정기관
미래형 성과기반 군수지원 적용방안 연구,방위사업청(운영지원과),64138950.0,90.0,2022-10-12,(사)21세기군사연구소,김진욱,박계향,"서울특별시 금천구 가산디지털2로184, 10층 1017호(가산동, 벽산디지털밸리2차)",64138950.0,90.0,미래형 성과기반 군수지원 적용방안 연구,중앙행정기관
22-4차 연구장비 구매 계약 - 세균배양기 CO2,국군의무사령부,36731157.0,88.142,2022-05-30,주식회사 에스엘상사,송영각,박영희,"충청남도 계룡시 서금암3길5, 925호(금암동, 쉐리움오피스텔)",36731157.0,88.142,22-4차 연구장비 구매 계약 - 세균배양기 CO2,기관
22-5차 연구장비 구매 계약 - 원심분리기 소형탁상용,국군의무사령부,,,,,,,,,,22-5차 연구장비 구매 계약 - 원심분리기 소형탁상용,기관
22-5차 연구장비 구매 계약 - 원심분리기 소형탁상용,국군의무사령부,17578000.0,97.182,2022-08-24,주식회사 쏠바이오텍,류재산,류재산,"대전광역시 서구 대덕대로319, 2층 212호(월평동, 우림빌딩)",17578000.0,97.182,22-5차 연구장비 구매 계약 - 원심분리기 소형탁상용,기관
차세대 미사일 방어 무기체계 발전 방향 연구,공군본부,,,,,,,,,,차세대 미사일 방어 무기체계 발전 방향 연구,군
차세대 미사일 방어 무기체계 발전 방향 연구,공군본부,,,,,,,,,,차세대 미사일 방어 무기체계 발전 방향 연구,군
차세대 미사일 방어 무기체계 발전 방향 연구,공군본부,,,,,,,,,,차세대 미사일 방어 무기체계 발전 방향 연구,군
MZ세대 주거시설 시설기준 제·개정 연구용역,국군재정관리단,145200000.0,89.412,2022-03-21,사단법인 한국군사시설연구소,김진욱,김진욱,"서울특별시 금천구 가산디지털2로184, 1017호(가산동, 벽산.경인디지털밸리2)",145200000.0,89.412,MZ세대 주거시설 시설기준 제·개정 연구용역,국군재정관리단
22년 계룡스파텔 시설개선사업 선행연구 용역,육군인사사령부,28914000.0,89.69,2022-03-28,사단법인 한국국가전략연구원,한민구,이상규,"서울특별시 용산구 한강대로62길41, 3층 (한강로1가)",28914000.0,89.69,22년 계룡스파텔 시설개선사업 선행연구 용역,군
방위력개선사업에 K-RMF 적용을 위한 방안연구,방위사업청(운영지원과),40000000.0,87.229,2022-08-10,세종대학교산학협력단,유상호,방윤지,서울특별시 광진구 군자동98 집현관 216,40000000.0,87.229,방위력개선사업에 K-RMF 적용을 위한 방안연구,중앙행정기관
전투실험 발전 과제 연구용역(1),육군교육사령부,34200000.0,94.484,2022-02-22,(사)21세기군사연구소,김진욱,박계향,"서울특별시 금천구 가산디지털2로184, 10층 1017호(가산동, 벽산디지털밸리2차)",34200000.0,94.484,전투실험 발전 과제 연구용역(1),군
22-11차 연구장비 구매 계약 - 의약품 냉동고,국군의무사령부,,,,,,,,,,22-11차 연구장비 구매 계약 - 의약품 냉동고,기관
22-11차 연구장비 구매 계약 - 의약품 냉동고,국군의무사령부,,,,,,,,,,22-11차 연구장비 구매 계약 - 의약품 냉동고,기관
22년 서울안보대화 프로그램 기획 및 발전방향 연구,국방부(운영지원과),,,,,,,,,,22년 서울안보대화 프로그램 기획 및 발전방향 연구,중앙행정기관
00부대 조직문화 진단 연구용역,국군제1068부대,36500000.0,93.665,2022-03-18,KEYSTONE CG(키스톤씨지),강윤진,강윤진,경기도 광주시 중앙로320-40 (송정동),36500000.0,93.665,00부대 조직문화 진단 연구용역,국군제1068부대
(22G140-A)범국민 안보의식조사 연구 용역,국군재정관리단,67300000.0,88.887,2022-07-22,주식회사  코리아리서치인터내셔널,박준빈,송유근,서울특별시 서초구 사임당로18 (서초동) 석오빌딩 8층,67300000.0,88.887,(22G140-A)범국민 안보의식조사 연구 용역,국군재정관리단
활주로지역 배수로 개선 분석평가 및 선행연구 용역,제20전투비행단,251557000.0,78.997,2022-06-24,주식회사 일신이앤씨,김형철,송포,"강원특별자치도 원주시 천매봉길36-22, 302호(단구동, 백림빌딩)",251557000.0,78.997,활주로지역 배수로 개선 분석평가 및 선행연구 용역,제20전투비행단
TAS-815K 레이저거리측정기 시험장비 개발 연구용역,제2879부대,,,,,,,,,,TAS-815K 레이저거리측정기 시험장비 개발 연구용역,제2879부대
22-1차 개념설계 기술지원 연구용역,해군본부,,,,,,,,,,22-1차 개념설계 기술지원 연구용역,군
전시피해건물 상태평가 기준정립 연구용역,공군본부,,,,,,,,,,전시피해건물 상태평가 기준정립 연구용역,군
상륙돌격장갑차 3차 창정비 방안 연구,제9691부대,20765370.0,72.757,2022-03-28,건양대학교 산학협력단,홍영기,김우중,"충청남도 논산시 대학로 121, 건양대학교 산학협력단(내동)",20765370.0,72.757,상륙돌격장갑차 3차 창정비 방안 연구,제9691부대
마린온 3차 PBL사업 적용범위 사업타당성 조사 연구,제9691부대,24140000.0,84.915,2022-03-28,사단법인 안보경영연구원,전건욱,윤병찬,"서울특별시 강남구 언주로527, 10층 (역삼동)",24140000.0,84.915,마린온 3차 PBL사업 적용범위 사업타당성 조사 연구,제9691부대
22-11차 연구장비 구매 계약  - 의약품 냉동고(수정),국군의무사령부,13094200.0,88.059,2022-08-31,티에스와이,서선숙,서선숙,"인천광역시 미추홀구 주안동로25번길47-11, 302호(주안동, 경일하이빌)",13094200.0,88.059,22-11차 연구장비 구매 계약  - 의약품 냉동고(수정),기관
22-15차 연구장비 구매 계약  - 진탕욕조,국군의무사령부,,,,,,,,,,22-15차 연구장비 구매 계약  - 진탕욕조,기관
22-15차 연구장비 구매 계약  - 진탕욕조,국군의무사령부,10975800.0,89.044,2022-10-13,주식회사 쏠바이오텍,류재산,류재산,"대전광역시 서구 대덕대로319, 2층 212호(월평동, 우림빌딩)",10975800.0,89.044,22-15차 연구장비 구매 계약  - 진탕욕조,기관
군무원 적정 충원 비율에 관한 연구 용역,육군인사사령부,,,,,,,,,,군무원 적정 충원 비율에 관한 연구 용역,군
첨단기술을 적용한 안티드론 체계의 전력화 방안 연구,방위사업청(운영지원과),48474880.0,92.004,2022-09-21,(사)21세기군사연구소,김진욱,박계향,"서울특별시 금천구 가산디지털2로184, 10층 1017호(가산동, 벽산디지털밸리2차)",48474880.0,92.004,첨단기술을 적용한 안티드론 체계의 전력화 방안 연구,중앙행정기관
방산업체 방위산업기술 보호역량 강화방안 연구,방위사업청(운영지원과),58300000.0,97.166,2022-05-26,(사)한국방위산업진흥회,김유진,노경범,"서울특별시 마포구 마포대로49, 13층(도화동, 성우빌딩)",58300000.0,97.166,방산업체 방위산업기술 보호역량 강화방안 연구,중앙행정기관
22-해병대 병영문화혁신 외부 연구용역,제9691부대,49200000.0,90.892,2022-09-22,(사)한국전략문제연구소,박정기,윤진영,"서울특별시 용산구 청파로 40, 삼구빌딩 1815호(한강로3가)",49200000.0,90.892,22-해병대 병영문화혁신 외부 연구용역,제9691부대
공군 우주분야 인력관리 발전방안 연구,공군본부,,,,,,,,,,공군 우주분야 인력관리 발전방안 연구,군
4차 산업혁명 전장기능별 무기체계 소요 연구 용역,제9691부대,20241760.0,70.34,2022-03-29,한성대학교 산학협력단,노광현,심지민,서울특별시 성북구 삼선교로16길116-0 (삼선동2가),20241760.0,70.34,4차 산업혁명 전장기능별 무기체계 소요 연구 용역,제9691부대
정책연구용역(화생방보호의-Ⅱ 제안서평가기준 마련),방위사업청(운영지원과),35563000.0,86.739,2022-09-14,한성대학교 산학협력단,노광현,심지민,서울특별시 성북구 삼선교로16길116-0 (삼선동2가),35563000.0,86.739,정책연구용역(화생방보호의-Ⅱ 제안서평가기준 마련),중앙행정기관
22-해군 전장기능 지능화 추진방안 연구,해군본부,,,,,,,,,,22-해군 전장기능 지능화 추진방안 연구,군
21세기형 선진해군문화 연구,해군본부,,,,,,,,,,21세기형 선진해군문화 연구,군
21세기형 선진해군문화 연구,해군본부,25000000.0,85.604,2022-04-28,(사)한국전략문제연구소,박정기,윤진영,"서울특별시 용산구 청파로 40, 삼구빌딩 1815호(한강로3가)",25000000.0,85.604,21세기형 선진해군문화 연구,군
00부대 스마트 자동화 저장창고 신축 비용분석 연구,공군본부,,,,,,,,,,00부대 스마트 자동화 저장창고 신축 비용분석 연구,군
교육 발전방향 연구용역,국방대학교,,,,,,,,,,교육 발전방향 연구용역,중앙행정기관
교육 발전방향 연구용역,국방대학교,,,,,,,,,,교육 발전방향 연구용역,중앙행정기관
재사용 가능한 우주발사체 효용성 연구 용역,육군본부,,,,,,,,,,재사용 가능한 우주발사체 효용성 연구 용역,군
함정추진축계이상소음발생위치추정및원인분석기법연구,국군재정관리단,156000000.0,96.54,2022-05-11,(주)크리에이텍,최태묵,박미진,"부산광역시 해운대구 센텀북대로60, 915호",156000000.0,96.54,함정추진축계이상소음발생위치추정및원인분석기법연구,국군재정관리단
(22G079-I)국방IoT제품보안가이드라인수립연구용역,국군재정관리단,167577300.0,82.329,2022-05-26,(주)두두아이티,박영선,유형우,"서울특별시 금천구 가마산로96-0, 213호(가산동, 대륭테크노타운8차)",167577300.0,82.329,(22G079-I)국방IoT제품보안가이드라인수립연구용역,국군재정관리단
22-함정무기체계 한국형 사이버보안제도 적용연구,해군본부,33200000.0,85.467,2022-03-15,(주)두두아이티,박영선,유형우,"서울특별시 금천구 가마산로96-0, 213호(가산동, 대륭테크노타운8차)",33200000.0,85.467,22-함정무기체계 한국형 사이버보안제도 적용연구,군
22-함정 대기오염 저감방안  설계영향성 연구,해군본부,,,,,,,,,,22-함정 대기오염 저감방안  설계영향성 연구,군
국방과학기술료 고시 개선방안 연구,방위사업청(운영지원과),50000000.0,100.0,2023-04-21,한국지식재산연구원,손승우,김영중,"서울특별시 강남구 테헤란로131-0 (역삼동, 한국지식재산센터) 3.9층",50000000.0,100.0,국방과학기술료 고시 개선방안 연구,중앙행정기관
스마트 물류센터 도입 검토 연구용역,공군군수사령부,,,,,,,,,,스마트 물류센터 도입 검토 연구용역,군
22-3차 연구장비 구매 계약(수정) - 미생물측정기,국군의무사령부,,,,,,,,,,22-3차 연구장비 구매 계약(수정) - 미생물측정기,기관
마린온기체 수명관리 및 창정비소요비용 타당성 연구,제9691부대,34900000.0,72.151,2023-03-21,주식회사 베테랑콤,이재평,이재평,서울특별시 서초구 서초동1432-13 202,34900000.0,72.151,마린온기체 수명관리 및 창정비소요비용 타당성 연구,제9691부대
한미동맹과 비군사적 협력 연구용역,국방부군사편찬연구소,,,,,,,,,,한미동맹과 비군사적 협력 연구용역,중앙행정기관
한미동맹의 미래 연구용역,국방부군사편찬연구소,10000000.0,100.0,2022-09-22,국방대학교산학협력단,이문걸,문영옥,충청남도 논산시 양촌면 황산벌로1040,10000000.0,100.0,한미동맹의 미래 연구용역,중앙행정기관
군사사연구총서 용역 계약,국방부군사편찬연구소,22000000.0,100.0,2023-02-23,충북대학교산학협력단,김양훈,유지수,"충청북도 청주시 서원구 충대로1-0 (개신동, 충북대학교)",22000000.0,100.0,군사사연구총서 용역 계약,중앙행정기관
예비군훈련 원격교육 적용방안 연구,국방부(운영지원과),45500000.0,94.922,2023-04-04,(사)한국위기관리연구소,김운용,장재필,서울특별시 강남구 논현로189길6 (압구정동),45500000.0,94.922,예비군훈련 원격교육 적용방안 연구,중앙행정기관
항공통제기2차사업 기종결정평가 연구용역,방위사업청,44000000.0,,2023-02-23,국방대학교산학협력단,이문걸,,충청남도 논산시 양촌면 황산벌로1040,44000000.0,,항공통제기2차사업 기종결정평가 연구용역,중앙행정기관
차기전술차량 계열화 방안 연구,방위사업청(운영지원과),69250000.0,85.0,2023-03-20,(사)21세기군사연구소,김진욱,박계향,"서울특별시 금천구 가산디지털2로184, 10층 1017호(가산동, 벽산디지털밸리2차)",69250000.0,85.0,차기전술차량 계열화 방안 연구,중앙행정기관
저피탐 고도화 기술확보방안 연구,공군본부,33814000.0,89.124,2023-04-13,한성대학교 산학협력단,노광현,심지민,서울특별시 성북구 삼선교로16길116-0 (삼선동2가),33814000.0,89.124,저피탐 고도화 기술확보방안 연구,군
23-함정 실내공기질 기준 설정 연구,해군본부,40331000.0,90.98,2023-04-18,경희대학교산학협력단,김윤혁,조혜진,"경기도 용인시 기흥구 덕영대로1732-0 (서천동, 경희대학교 국제캠퍼스내)",40331000.0,90.98,23-함정 실내공기질 기준 설정 연구,군
군사용 인공지능 적용을 위한 법ㆍ제도 개정소요 연구,육군본부,46900000.0,85.287,2023-03-02,사단법인 안보경영연구원,전건욱,조대현,"서울특별시 강남구 언주로527, 10층 (역삼동)",46900000.0,85.287,군사용 인공지능 적용을 위한 법ㆍ제도 개정소요 연구,군
기술인력육성 보조사업자 운영성과 평가 및 연구,국방부(운영지원과),48000000.0,98.465,2022-10-04,직업교육정책연구소,현수,현수,경기도 수원시 영통구 법조로25-0 (하동) SK VIEW Lake A동 1612,48000000.0,98.465,기술인력육성 보조사업자 운영성과 평가 및 연구,중앙행정기관
금천구 00부대 배치방안 등 연구,국방부(운영지원과),,,,,,,,,,금천구 00부대 배치방안 등 연구,중앙행정기관
탄약고 안전거리 재산정을 위한 선행연구 용역,육군본부,52016590.0,98.645,2023-03-06,(사)한국무기체계안전협회,안동만,이정민,대전광역시 유성구 온천로59-0 (봉명동) 905호,52016590.0,98.645,탄약고 안전거리 재산정을 위한 선행연구 용역,군
상륙돌격장갑차(KAAV)-II 계열화 방안 연구,제9691부대,20200000.0,67.701,2023-03-14,주식회사 베테랑콤,이재평,이재평,서울특별시 서초구 서초동1432-13 202,20200000.0,67.701,상륙돌격장갑차(KAAV)-II 계열화 방안 연구,제9691부대
23년 전투발전 연구용역(1),육군교육사령부,35000000.0,93.285,2023-03-14,사단법인군사정보발전연구소,조보근,박임규,서울특별시 광진구 천호대로524-0 (군자동),35000000.0,93.285,23년 전투발전 연구용역(1),군
23년 전투발전 연구용역(2),육군교육사령부,33000000.0,88.423,2023-03-14,재단법인 한국군사문제연구원,김형철,이수행,"경기도 성남시 수정구 위례대로83(창곡동, 국방문화센터)",33000000.0,88.423,23년 전투발전 연구용역(2),군
23년 전투발전 연구용역(3),육군교육사령부,31000000.0,82.188,2023-03-14,(사)한국전략문제연구소,박정기,박병희,"서울특별시 용산구 청파로 40, 삼구빌딩 1815호(한강로3가)",31000000.0,82.188,23년 전투발전 연구용역(3),군
23년 전투발전 연구용역 세미나 수행 용역(5),육군교육사령부,28300000.0,78.249,2023-03-14,(사)한국전략문제연구소,박정기,박병희,"서울특별시 용산구 청파로 40, 삼구빌딩 1815호(한강로3가)",28300000.0,78.249,23년 전투발전 연구용역 세미나 수행 용역(5),군
군 급식 피복류 조달이관 성과분석 연구,국방부(운영지원과),,,,,,,,,,군 급식 피복류 조달이관 성과분석 연구,중앙행정기관
군인 공상 추정기준 수립 연구,국방부(운영지원과),99000000.0,100.0,2022-12-09,한양대학교 산학협력단,변중무,서정은,"서울특별시 성동구 왕십리로 222, 한양대학교 내 한양종합기술연구원 110호(행당동)",99000000.0,100.0,군인 공상 추정기준 수립 연구,중앙행정기관
22-6차 연구장비 구매 계약(수정) - 시약및약품냉장고,국군의무사령부,35376860.0,88.019,2022-09-29,주식회사 알앤피파트너스,최희경,김학균,서울특별시 성북구 보문로183 논현빌딩 1303호 (삼선동4가),35376860.0,88.019,22-6차 연구장비 구매 계약(수정) - 시약및약품냉장고,기관
민군복합타운 조성을 위한 제도적 방안 연구,국방부(운영지원과),45000000.0,92.158,2022-12-12,사단법인 안보경영연구원,전건욱,조대현,"서울특별시 강남구 언주로527, 10층 (역삼동)",45000000.0,92.158,민군복합타운 조성을 위한 제도적 방안 연구,중앙행정기관
예비전력발전세미나 주제연구(Ⅰ) 용역,육군본부,,,,,,,,,,예비전력발전세미나 주제연구(Ⅰ) 용역,군
연구장비(가스크로마토그래피) 구매 계약,국군의무사령부,,,,,,,,,,연구장비(가스크로마토그래피) 구매 계약,기관
드론 통합관제체계 운영개념 및 구축 방안 연구,제9691부대,25196000.0,85.27,2023-03-27,건양대학교 산학협력단,홍영기,김우중,"충청남도 논산시 대학로 121, 건양대학교 산학협력단(내동)",25196000.0,85.27,드론 통합관제체계 운영개념 및 구축 방안 연구,제9691부대
상륙공격헬기의 효과적인 시설사업 추진방안 연구,방위사업청(운영지원과),330000000.0,94.285,2023-02-17,(주)에프오알엠도시건축공간연구소,권시형,권시형,"서울특별시 송파구 법원로11길25-0, A동 1310호(문정동, 에이치비즈니스파크)",330000000.0,94.285,상륙공격헬기의 효과적인 시설사업 추진방안 연구,중앙행정기관
국방전직교육사업 스마트플랫폼 구축방안 연구,국방부(운영지원과),39500000.0,97.665,2023-03-17,주식회사 티이디컨설팅그룹,이양숙,김현덕,"서울특별시 영등포구 국회대로70길15-1 (여의도동), 5층 알587호",39500000.0,97.665,국방전직교육사업 스마트플랫폼 구축방안 연구,중앙행정기관
작전환경고려 전투실험 방법 및 평가 분석방법 연구,제9691부대,19990000.0,67.328,2023-03-14,(사)21세기군사연구소,김진욱,박계향,"서울특별시 금천구 가산디지털2로184, 10층 1017호(가산동, 벽산디지털밸리2차)",19990000.0,67.328,작전환경고려 전투실험 방법 및 평가 분석방법 연구,제9691부대
23-1차 개념설계 기술지원 연구용역,해군본부,1549300000.0,98.242,2023-04-11,한화오션 주식회사,권혁웅,차승회,경상남도 거제시 거제대로3370 (아주동),1549300000.0,98.242,23-1차 개념설계 기술지원 연구용역,군
지뢰대응법 하위 법령등에 관한 연구,국방부(운영지원과),58559870.0,97.599,2022-12-14,서울사이버대학교 산학협력단,이우경,김보라,"서울특별시 강북구 솔매로49길 60, 서울사이버대학교내(미아동 193-15번지)",58559870.0,97.599,지뢰대응법 하위 법령등에 관한 연구,중앙행정기관
23년 전투발전 연구용역(4),육군교육사령부,,,,,,,,,,23년 전투발전 연구용역(4),군
예비전력발전세미나 주제연구(Ⅱ) 용역,육군본부,28400000.0,94.558,2023-03-27,(사)한국위기관리연구소,김운용,장재필,서울특별시 강남구 논현로189길6 (압구정동),28400000.0,94.558,예비전력발전세미나 주제연구(Ⅱ) 용역,군
22-12차 연구장비 구매 계약 - 초저온냉동고,국군의무사령부,47799239.0,88.027,2022-09-16,에이치필,홍명성,홍명성,"서울특별시 중랑구 동일로754, 6동 201호(중화동, 우성타운)",47799239.0,88.027,22-12차 연구장비 구매 계약 - 초저온냉동고,기관
간부 팔로워십 교육프로그램 개발 연구용역,육군교육사령부,,,,,,,,,,간부 팔로워십 교육프로그램 개발 연구용역,군
23년 전투실험발전 연구용역(1),육군교육사령부,,,,,,,,,,23년 전투실험발전 연구용역(1),군
23년 전투실험발전 연구용역(2),육군교육사령부,24480000.0,67.841,2023-03-24,(사)한국전략문제연구소,박정기,박병희,"서울특별시 용산구 청파로 40, 삼구빌딩 1815호(한강로3가)",24480000.0,67.841,23년 전투실험발전 연구용역(2),군
23년 전투실험발전 연구용역 세미나 수행 용역(3),육군교육사령부,14999000.0,75.459,2023-03-24,(사)21세기군사연구소,김진욱,박계향,"서울특별시 금천구 가산디지털2로184, 10층 1017호(가산동, 벽산디지털밸리2차)",14999000.0,75.459,23년 전투실험발전 연구용역 세미나 수행 용역(3),군
차기 탑재/양륙 모의체계 개발 개념 연구 용역,제9691부대,55149000.0,68.613,2023-03-15,(사)21세기군사연구소,김진욱,박계향,"서울특별시 금천구 가산디지털2로184, 10층 1017호(가산동, 벽산디지털밸리2차)",55149000.0,68.613,차기 탑재/양륙 모의체계 개발 개념 연구 용역,제9691부대
[연구소] 유전자 자동염기서열 정비 및 검교정,국방부조사본부,,,,,,,,,,[연구소] 유전자 자동염기서열 정비 및 검교정,중앙행정기관
23년 기술연구용역 계약 의뢰(1),육군교육사령부,45000000.0,90.316,2023-05-03,포항공과대학교 산학협력단,김종규,남해린,"경상북도 포항시 남구 청암로77 (효자동, 포스텍)",45000000.0,90.316,23년 기술연구용역 계약 의뢰(1),군
23년 기술연구용역 계약 의뢰(3),육군교육사령부,,,,,,,,,,23년 기술연구용역 계약 의뢰(3),군
23년 기술연구용역 계약 의뢰(4),육군교육사령부,,,,,,,,,,23년 기술연구용역 계약 의뢰(4),군
성희롱 등 사건분석을 통한 조직문화 개선방안 연구,공군본부,,,,,,,,,,성희롱 등 사건분석을 통한 조직문화 개선방안 연구,군
22-3차 개념설계 기술지원 연구용역,해군본부,718520000.0,60.997,2022-12-07,한화오션 주식회사,권혁웅,정우철,경상남도 거제시 거제대로3370 (아주동),718520000.0,60.997,22-3차 개념설계 기술지원 연구용역,군
천궁 창정비 시설사업기본계획 연구용역,방위사업청(운영지원과),44000000.0,88.0,2023-02-03,(주)에프오알엠도시건축공간연구소,권시형,권시형,"서울특별시 송파구 법원로11길25-0, A동 1310호(문정동, 에이치비즈니스파크)",44000000.0,88.0,천궁 창정비 시설사업기본계획 연구용역,중앙행정기관
공대지유도탄 양산 시설사업기본계획 연구용역,방위사업청(운영지원과),42900000.0,95.333,2023-04-10,(주)에프오알엠도시건축공간연구소,권시형,양진,"서울특별시 송파구 법원로11길25-0, A동 1310호(문정동, 에이치비즈니스파크)",42900000.0,95.333,공대지유도탄 양산 시설사업기본계획 연구용역,중앙행정기관
민군복합타운 조성방안 연구,국방부(운영지원과),,,,,,,,,,민군복합타운 조성방안 연구,중앙행정기관
우주 무기체계의 최적 보험 가입 방안 연구,방위사업청(운영지원과),48000000.0,85.714,2023-03-23,주식회사 위맥공제보험연구소,오세문,오세문,서울특별시 중구 남대문로113-0 (다동) 14층,48000000.0,85.714,우주 무기체계의 최적 보험 가입 방안 연구,중앙행정기관
안보 테마파크 조성 방안 정책연구,제5군단사령부,,,,,,,,,,안보 테마파크 조성 방안 정책연구,기관
조종사 인사관리방안 연구용역,39정찰비행단,,,,,,,,,,SUPPRESSED,39정찰비행단
성주기지 주변지역 건강영향 역학조사 연구,국방부(운영지원과),,,,,,,,,,성주기지 주변지역 건강영향 역학조사 연구,중앙행정기관
23년 기술연구용역 계약 의뢰(2),육군교육사령부,,,,,,,,,,23년 기술연구용역 계약 의뢰(2),군
박찬극 제독 평전 편찬 연구용역,해군본부,,,,,,,,,,박찬극 제독 평전 편찬 연구용역,군
방산 부품산업 발전을 위한 지원체계 구축방안 연구,방위사업청(운영지원과),180000000.0,90.0,2023-05-01,한국생산성본부,안완기,윤정민,서울특별시 종로구 새문안로5가길 32(적선동),180000000.0,90.0,방산 부품산업 발전을 위한 지원체계 구축방안 연구,중앙행정기관
군내 성희롱 행위자 재발방지 프로그램 연구,국방부(운영지원과),34600000.0,98.857,2023-04-05,행복한 일 연구소,문강분,방금인,"서울특별시 종로구 자하문로24길58, 1,2층(효자동)",34600000.0,98.857,군내 성희롱 행위자 재발방지 프로그램 연구,중앙행정기관
안보학술진흥연구용역(1.국가안보문제에관한이론),국방대학교,5880000.0,89.066,2023-03-31,(사)한국위기관리연구소,김운용,장재필,서울특별시 강남구 논현로189길6 (압구정동),5880000.0,89.066,안보학술진흥연구용역(1.국가안보문제에관한이론),중앙행정기관
안보학술진흥연구용역(2.국제안보환경또는),국방대학교,5880000.0,88.83,2023-03-31,(사)한국위기관리연구소,김운용,장재필,서울특별시 강남구 논현로189길6 (압구정동),5880000.0,88.83,안보학술진흥연구용역(2.국제안보환경또는),중앙행정기관
안보학술진흥연구용역(3.국내안보환경분석또는),국방대학교,,,,,,,,,,안보학술진흥연구용역(3.국내안보환경분석또는),중앙행정기관
안보학술진흥연구용역(3.국내안보환경분석또는),국방대학교,,,,,,,,,,안보학술진흥연구용역(3.국내안보환경분석또는),중앙행정기관
안보학술진흥연구용역(4. 한국의군사전략및),국방대학교,6588235.0,99.743,2023-03-31,상명대학교산학협력단,유훈,김현묵,"서울특별시 종로구 홍지문2길20-0 (홍지동, 상명대학교)",6588235.0,99.743,안보학술진흥연구용역(4. 한국의군사전략및),중앙행정기관
안보학술진흥연구용역(5.자원관리과제또는),국방대학교,,,,,,,,,,안보학술진흥연구용역(5.자원관리과제또는),중앙행정기관
국가전략기동군 해병대 발전방안 연구 사업,제9691부대,29500000.0,71.275,2023-04-13,사단법인 한국국가전략연구원,한민구,이상규,"서울특별시 용산구 한강대로62길41, 3층 (한강로1가)",29500000.0,71.275,국가전략기동군 해병대 발전방안 연구 사업,제9691부대
군사과학정책 연구 용역(1. 국방 데이터....),국방대학교,14644000.0,95.178,2023-05-24,건양대학교 산학협력단,홍영기,김우중,"충청남도 논산시 대학로 121, 건양대학교 산학협력단(내동)",14644000.0,95.178,군사과학정책 연구 용역(1. 국방 데이터....),중앙행정기관
2040년대 군병력 수급규모 예측 연구,국방부(운영지원과),,,,,,,,,,2040년대 군병력 수급규모 예측 연구,중앙행정기관
2040년대 군병력 수급규모 예측 연구,국방부(운영지원과),40300000.0,100.0,2023-07-06,다빅솔루션주식회사,정관용,정관용,강원도 원주시 문막읍 석지1길283,40300000.0,100.0,2040년대 군병력 수급규모 예측 연구,중앙행정기관
국방분야 반도체 조사·분석 및 발전방안 연구,방위사업청(운영지원과),55000000.0,91.21,2023-06-05,사단법인 한국국방기술학회,박영욱,이지선,"서울특별시 종로구 율곡로17길7-38, 수지빌딩 7층(이화동)",55000000.0,91.21,국방분야 반도체 조사·분석 및 발전방안 연구,중앙행정기관
TDS와 연계한 억제작전 평가체계 연구,합동참모본부,,,,,,,,,,TDS와 연계한 억제작전 평가체계 연구,합동참모본부
4차 산업혁명과 연계한 미래 물자동원방안 연구,국방부(운영지원과),,,,,,,,,,4차 산업혁명과 연계한 미래 물자동원방안 연구,중앙행정기관
전술제대 전투무선체계 발전방안 연구용역,육군본부,,,,,,,,,,전술제대 전투무선체계 발전방안 연구용역,군
미래 해양강군 해군비전 2045개정 방향 연구,해군본부,18800000.0,94.906,2023-06-15,(재)한국해양전략연구소,정의승,김예슬,서울특별시 마포구 월드컵북로5길59 (서교동),18800000.0,94.906,미래 해양강군 해군비전 2045개정 방향 연구,군
해병대 동원훈련장 과학화 발전 방안 연구,제9691부대,19799000.0,66.447,2023-04-14,사단법인 안보경영연구원,전건욱,조대현,"서울특별시 강남구 언주로527, 10층 (역삼동)",19799000.0,66.447,해병대 동원훈련장 과학화 발전 방안 연구,제9691부대
전력화장비 후속군수지원 사업 개선방안 연구,방위사업청(운영지원과),,,,,,,,,,전력화장비 후속군수지원 사업 개선방안 연구,중앙행정기관
정밀루트 및 문화재 지표조사 연구용역,방위사업청,3986860000.0,,2023-07-07,한국해양과학기술원,강도형,,부산광역시 영도구 해양로385-0 (동삼동),3986860000.0,,정밀루트 및 문화재 지표조사 연구용역,중앙행정기관
국방정책연구과제 연구용역 계약,합동참모본부,42400000.0,84.992,2023-05-18,사단법인 안보경영연구원,전건욱,전승열,"서울특별시 강남구 언주로527, 10층 (역삼동)",42400000.0,84.992,국방정책연구과제 연구용역 계약,합동참모본부
“제○군단 부대사” 연구 용역,육군본부,,,,,,,,,,“제○군단 부대사” 연구 용역,군
해병대 정체성 향상 프로그램 교육체계 설계 연구,제9691부대,25300000.0,84.184,2023-06-30,(사)한국능률협회,최권석,최재우,"서울특별시 영등포구 의사당대로22, 8층 9층 10층(여의도동, 이룸센터)",25300000.0,84.184,해병대 정체성 향상 프로그램 교육체계 설계 연구,제9691부대
국외조달 군수품의 합리적인 관세부과방안 연구,방위사업청(운영지원과),43488954.0,93.124,2023-07-26,신한관세법인,장승희,차미정,서울특별시 강남구 언주로 716(),43488954.0,93.124,국외조달 군수품의 합리적인 관세부과방안 연구,중앙행정기관
국방 데이터센터 발전방안 연구,국방부(운영지원과),83000000.0,83.335,2023-05-25,사단법인 한국국가전략연구원,한민구,이상규,"서울특별시 용산구 한강대로62길41, 3층 (한강로1가)",83000000.0,83.335,국방 데이터센터 발전방안 연구,중앙행정기관
정기기초연구과제연구용역(2.한국의국방/군사전략),국방대학교,23750000.0,96.581,2023-05-24,(사)한국위기관리연구소,김운용,장재필,서울특별시 강남구 논현로189길6 (압구정동),23750000.0,96.581,정기기초연구과제연구용역(2.한국의국방/군사전략),중앙행정기관
정기기초연구과제(1. 한국의외교/안보정책),국방대학교,,,,,,,,,,정기기초연구과제(1. 한국의외교/안보정책),중앙행정기관
UH-60헬기 연료라인 야전 시험장비 개발 연구용역,제2879부대,42150000.0,99.914,2023-04-12,티엠시 주식회사,이형민,이형민,경상남도 함안군 칠북면 삼칠로 1826티엠시 (주),42150000.0,99.914,UH-60헬기 연료라인 야전 시험장비 개발 연구용역,제2879부대
산업협력 제도 시행을 위한 세부 방안 연구,방위사업청(운영지원과),46620000.0,90.0,2023-08-29,사단법인 안보경영연구원,전건욱,조대현,"서울특별시 강남구 언주로527, 10층 (역삼동)",46620000.0,90.0,산업협력 제도 시행을 위한 세부 방안 연구,중앙행정기관
국제공동연구용역(1.한국-NATO안보ㆍ국방...),국방대학교,,,,,,,,,,국제공동연구용역(1.한국-NATO안보ㆍ국방...),중앙행정기관
국제공동연구용역(2.군병원의경쟁력..),국방대학교,,,,,,,,,,국제공동연구용역(2.군병원의경쟁력..),중앙행정기관
정책현안연구용역(글로벌중추국가의...),국방대학교,,,,,,,,,,정책현안연구용역(글로벌중추국가의...),중앙행정기관
AI를 이용한 기상관측장비 고장예측 기술 선행연구,공군본부,,,,,,,,,,AI를 이용한 기상관측장비 고장예측 기술 선행연구,군
기술인력육성 보조사업자 운영성과평가 및 연구,국방부(운영지원과),,,,,,,,,,기술인력육성 보조사업자 운영성과평가 및 연구,중앙행정기관
미래 육군 제대별 임무와역할  적정 지휘폭 정립 연구,육군본부,30700000.0,79.141,2023-06-01,(사)21세기군사연구소,김진욱,박계향,"서울특별시 금천구 가산디지털2로184, 10층 1017호(가산동, 벽산디지털밸리2차)",30700000.0,79.141,미래 육군 제대별 임무와역할  적정 지휘폭 정립 연구,군
예비전력관리 사업 예산의 적정 편성 기준 연구,국방부(운영지원과),46000000.0,95.833,2023-07-13,계명대학교 산학협력단,김범준,정아름,"대구광역시 달서구 달구벌대로1095-0 (신당동, 계명대학교)",46000000.0,95.833,예비전력관리 사업 예산의 적정 편성 기준 연구,중앙행정기관
동시방위전략 구현을 위한 미래육군병과체계 발전연구,육군본부,35000000.0,87.301,2023-05-08,육군사관학교 산학협력단,김주희,이지유,서울특별시 노원구 화랑로574-0 (공릉동),35000000.0,87.301,동시방위전략 구현을 위한 미래육군병과체계 발전연구,군
민간군사기업(PMC) 등 민간 아웃소싱에 대한 개념연구,국방부(운영지원과),,,,,,,,,,민간군사기업(PMC) 등 민간 아웃소싱에 대한 개념연구,중앙행정기관
회로카드 고장예측용 해석도구 활용방안 연구용역,제2879부대,,,,,,,,,,회로카드 고장예측용 해석도구 활용방안 연구용역,제2879부대
민간군사기업(PMC) 등 민간 아웃소싱에 대한 개념연구,국방부(운영지원과),90358818.0,90.588,2023-04-27,법무법인 일현,주형훈,주세영,"서울특별시 서초구 서초대로45길19, 2층 (서초동, 광문빌딩)",90358818.0,90.588,민간군사기업(PMC) 등 민간 아웃소싱에 대한 개념연구,중앙행정기관
23-중북부 물류거점 입지 선정 및 효과 연구,공군본부,,,,,,,,,,23-중북부 물류거점 입지 선정 및 효과 연구,군
군 물류관리 훈령 제정 연구,국방부(운영지원과),,,,,,,,,,군 물류관리 훈령 제정 연구,중앙행정기관
헬기 연료노즐 야전 정비장비 개발 연구용역,제2879부대,,,,,,,,,,헬기 연료노즐 야전 정비장비 개발 연구용역,제2879부대
K10제독차 조종상자 회로카드 정비기술개발 연구용역,제2879부대,,,,,,,,,,K10제독차 조종상자 회로카드 정비기술개발 연구용역,제2879부대
K10제독차 조종상자 회로카드 정비기술개발 연구용역,제2879부대,,,,,,,,,,K10제독차 조종상자 회로카드 정비기술개발 연구용역,제2879부대
K1계열전차 연료수준감지기 대체품 개발 연구용역,제2879부대,,,,,,,,,,K1계열전차 연료수준감지기 대체품 개발 연구용역,제2879부대
스마트 물류센터 도입 검토 연구용역,공군군수사령부,39670000.0,91.354,2023-04-21,국방대학교산학협력단,이문걸,오중택,충청남도 논산시 양촌면 황산벌로1040,39670000.0,91.354,스마트 물류센터 도입 검토 연구용역,군
23-4차 산업혁명 접목 미래함정 발전방향 연구,해군본부,,,,,,,,,,23-4차 산업혁명 접목 미래함정 발전방향 연구,군
소요결정 권한 소요군 위임시 획득절차 연구,육군본부,,,,,,,,,,소요결정 권한 소요군 위임시 획득절차 연구,군
(23G048-I)생물안전3등급 연구시설(BL-3)유지보수용역,국군재정관리단,,,,,,,,,,(23G048-I)생물안전3등급 연구시설(BL-3)유지보수용역,국군재정관리단
스마트 탄약정비공장 구축방안 연구용역,육군 제3808부대,43799000.0,87.805,2023-07-24,우주산업플랜트 주식회사,최창식,배원호,경상남도 창원시 의창구 봉강가술로537번길42-0 (대산면),43799000.0,87.805,스마트 탄약정비공장 구축방안 연구용역,군
정신전력 개념 정립 및 수준 측정도구 개발 연구,국방부,39990000.0,90.971,2023-05-02,(사)한국전략문제연구소,박정기,박병희,"서울특별시 용산구 청파로 40, 삼구빌딩 1815호(한강로3가)",39990000.0,90.971,정신전력 개념 정립 및 수준 측정도구 개발 연구,중앙행정기관
월책 차단을 위한 혁신적 GOP 경계 플랫폼 연구,육군본부,,,,,,,,,,월책 차단을 위한 혁신적 GOP 경계 플랫폼 연구,군
군인 주거보조비 도입방안 연구,국방부(운영지원과),,,,,,,,,,군인 주거보조비 도입방안 연구,중앙행정기관
군인ㆍ군무원 수당이력조사 및 유사직종사례 비교연구,국방부(운영지원과),,,,,,,,,,군인ㆍ군무원 수당이력조사 및 유사직종사례 비교연구,중앙행정기관
군인ㆍ군무원 수당이력조사 및 유사직종사례 비교연구,국방부(운영지원과),,,,,,,,,,군인ㆍ군무원 수당이력조사 및 유사직종사례 비교연구,중앙행정기관
AI기술의 분류체계 및 적용방안에 관한 연구,국방부(운영지원과),90700000.0,99.484,2023-05-30,인하대학교 산학협력단,김주형,이태훈,인천광역시 미추홀구 인하로100-0 (용현동) 인하대학교,90700000.0,99.484,AI기술의 분류체계 및 적용방안에 관한 연구,중앙행정기관
지뢰탐지기(PRS-17K) 제어함 정비기술개발 연구용역,제2879부대,42187000.0,98.809,2023-04-14,주식회사 원영전자,김창환,홍종운,"경기도 성남시 중원구 사기막골로159-0 (상대원동, 금강하이테크2 아파트형공장) 711호",42187000.0,98.809,지뢰탐지기(PRS-17K) 제어함 정비기술개발 연구용역,제2879부대
(237095-C) 연구활동 재료(초자) 구매,국군재정관리단,,,,,,,,,,(237095-C) 연구활동 재료(초자) 구매,국군재정관리단
(237095-C) 연구활동 재료(초자) 구매,국군재정관리단,170466780.0,96.608,2023-05-09,주식회사 파이안,이우희,이우희,"경기도 성남시 중원구 광명로94번길14, 지하1층(성남동)",170466780.0,96.608,(237095-C) 연구활동 재료(초자) 구매,국군재정관리단
(상생협력실)갈등영향분석 연구용역(C013),제7군단,44715000.0,89.827,2023-05-03,사단법인 한국갈등학회,최진식,이대영,서울특별시 서대문구 충정로53-0 (충정로2가) 골든타워빌딩 1701호,44715000.0,89.827,(상생협력실)갈등영향분석 연구용역(C013),제7군단
극지안보환경 변화에 따른 미래 한국해군의 역할 연구,해군본부,,,,,,,,,,극지안보환경 변화에 따른 미래 한국해군의 역할 연구,군
극지안보환경 변화에 따른 미래 한국해군의 역할 연구,해군본부,19490000.0,99.187,2023-05-22,국방대학교산학협력단,이문걸,문영옥,충청남도 논산시 양촌면 황산벌로1040,19490000.0,99.187,극지안보환경 변화에 따른 미래 한국해군의 역할 연구,군
4차 산업혁명과 연계한 미래 물자동원방안 연구,국방부(운영지원과),,,,,,,,,,4차 산업혁명과 연계한 미래 물자동원방안 연구,중앙행정기관
23-블랙이글스 소음 및 연막 공공갈등 관리방안연구,공군본부,23000000.0,94.037,2023-09-07,단국대학교 산학협력단,조완제,우지민,"경기도 용인시 수지구 죽전로 152, 단국대학교내(죽전동)",23000000.0,94.037,23-블랙이글스 소음 및 연막 공공갈등 관리방안연구,군
A.I.기반 전평시 동원체제 혁신방안 연구,육군본부,,,,,,,,,,A.I.기반 전평시 동원체제 혁신방안 연구,군
A.I.기반 전평시 동원체제 혁신방안 연구,육군본부,,,,,,,,,,A.I.기반 전평시 동원체제 혁신방안 연구,군
군용차량 운행 안전성 및 안전관리 개선방안 연구,국방부(운영지원과),,,,,,,,,,군용차량 운행 안전성 및 안전관리 개선방안 연구,중앙행정기관
군용차량 운행 안전성 및 안전관리 개선방안 연구,국방부(운영지원과),47970000.0,99.808,2023-04-28,한국교통안전공단,권용복,권건안,"경상북도 김천시 혁신6로17 (율곡동, 한국교통안전공단)",47970000.0,99.808,군용차량 운행 안전성 및 안전관리 개선방안 연구,중앙행정기관
CMMC 관련 통합실태조사 개선안 연구,방위사업청(운영지원과),47630000.0,81.141,2023-08-01,(주)두두아이티,박영선,유형우,"서울특별시 금천구 가마산로96-0, 213호(가산동, 대륭테크노타운8차)",47630000.0,81.141,CMMC 관련 통합실태조사 개선안 연구,중앙행정기관
해병 00부대 재배치 및 신기지 구상 관련 연구,제9691부대,26140000.0,62.994,2023-04-13,사단법인 안보경영연구원,전건욱,조대현,"서울특별시 강남구 언주로527, 10층 (역삼동)",26140000.0,62.994,해병 00부대 재배치 및 신기지 구상 관련 연구,제9691부대
AI유무인 복합체계 활용 방안 연구,해군작전사령부,27440000.0,80.606,2023-06-13,(사)21세기군사연구소,김진욱,박계향,"서울특별시 금천구 가산디지털2로184, 10층 1017호(가산동, 벽산디지털밸리2차)",27440000.0,80.606,AI유무인 복합체계 활용 방안 연구,군
부대지휘 설문 제도 개선 연구,해군작전사령부,35900000.0,91.799,2023-07-07,(사)한국전략문제연구소,박정기,박병희,"서울특별시 용산구 청파로 40, 삼구빌딩 1815호(한강로3가)",35900000.0,91.799,부대지휘 설문 제도 개선 연구,군
23년 임무형지휘 연구용역,육군교육사령부,14300000.0,82.526,2023-05-03,(사)한국전략문제연구소,박정기,박병희,"서울특별시 용산구 청파로 40, 삼구빌딩 1815호(한강로3가)",14300000.0,82.526,23년 임무형지휘 연구용역,군
군의료 특성화 연구용역(요추유합술 환자만족도 연구),국군수도병원,,,,,,,,,,군의료 특성화 연구용역(요추유합술 환자만족도 연구),국군수도병원
“제○○동원사단 부대사” 연구 용역,육군본부,14000000.0,99.521,2023-04-07,사단법인 한국국가전략연구원,한민구,이상규,"서울특별시 용산구 한강대로62길41, 3층 (한강로1가)",14000000.0,99.521,“제○○동원사단 부대사” 연구 용역,군
23년 전투실험(연구용역사업),육군보병학교,34321700.0,71.535,2023-06-26,(사)21세기군사연구소,김진욱,박계향,"서울특별시 금천구 가산디지털2로184, 10층 1017호(가산동, 벽산디지털밸리2차)",34321700.0,71.535,23년 전투실험(연구용역사업),군
해병대 안전관리 조직 역할 관련 연구 용역,제9691부대,28990000.0,68.278,2023-06-21,한성대학교 산학협력단,노광현,심지민,서울특별시 성북구 삼선교로16길116-0 (삼선동2가),28990000.0,68.278,해병대 안전관리 조직 역할 관련 연구 용역,제9691부대
국외구매 공중기동전력의 기종결정평가방안 연구,방위사업청(운영지원과),,,,,,,,,,국외구매 공중기동전력의 기종결정평가방안 연구,중앙행정기관
국방 디지털 서비스 환경 전환 방안 연구,국방전산정보원,27000000.0,92.083,2023-08-11,주식회사 사이버앤네트워크연구원,김한욱,김한욱,서울특별시 용산구 한강대로46길25-0 (한강로2가) 401호,27000000.0,92.083,국방 디지털 서비스 환경 전환 방안 연구,중앙행정기관
국방정보화법 하위법령 개정방안 연구,국방부(운영지원과),49900000.0,100.0,2023-04-07,사단법인 한국아이티법연구원,권헌영,권헌영,서울특별시 성북구 안암로145 (안암동5가) 미래융합기술관 607호,49900000.0,100.0,국방정보화법 하위법령 개정방안 연구,중앙행정기관
`23년 사단 작전지휘시설 신축사업 선행연구용역,제2062부대,,,,,,,,,,SUPPRESSED,제2062부대
23 군의료 특성화 연구(접경지역 외상환자 예후 분석),국군수도병원,,,,,,,,,,23 군의료 특성화 연구(접경지역 외상환자 예후 분석),국군수도병원
특수작전용대형기동헬기 시설사업기본계획 연구용역,방위사업청(운영지원과),37800000.0,63.0,2023-07-31,주식회사 한솔엔지니어링글로벌,김한용,김미진,서울특별시 송파구 올림픽로505-0 (풍납동),37800000.0,63.0,특수작전용대형기동헬기 시설사업기본계획 연구용역,중앙행정기관
회로카드 고장예측용 해석도구 활용방안 연구용역,제2879부대,,,,,,,,,,회로카드 고장예측용 해석도구 활용방안 연구용역,제2879부대
세계안보정세분석 연구 용역,국방대학교,,,,,,,,,,세계안보정세분석 연구 용역,중앙행정기관
차년도 안보정세전망 연구 용역,국방대학교,5248167.0,96.077,2023-06-22,우석대학교 산학협력단,정희석,이유진,전라북도 완주군 삼례읍 삼례로 443 우석대학교내(본관 12층),5248167.0,96.077,차년도 안보정세전망 연구 용역,중앙행정기관
23-고출력에너지 무장 함정탑재 요구조건 연구,해군본부,37380000.0,95.667,2023-04-12,충남대학교 산학협력단,김용주,김호연,"대전광역시 유성구 대학로 99(궁동, 충남대학교)",37380000.0,95.667,23-고출력에너지 무장 함정탑재 요구조건 연구,군
정기기초연구과제연구용역(3. 한국군의군수관리...),국방대학교,,,,,,,,,,정기기초연구과제연구용역(3. 한국군의군수관리...),중앙행정기관
정기기초연구과제연구용역(4.국방우주학의이론..),국방대학교,,,,,,,,,,정기기초연구과제연구용역(4.국방우주학의이론..),중앙행정기관
정기기초연구과제용역(5.인공지능강화학습...),국방대학교,,,,,,,,,,정기기초연구과제용역(5.인공지능강화학습...),중앙행정기관
정기기초연구과제연구용역(6. 전장에서포병화력...),국방대학교,,,,,,,,,,정기기초연구과제연구용역(6. 전장에서포병화력...),중앙행정기관
정기기초연구과제연구용역(7.미래안보상황에..),국방대학교,19000000.0,96.69,2023-05-24,(사)한국위기관리연구소,김운용,장재필,서울특별시 강남구 논현로189길6 (압구정동),19000000.0,96.69,정기기초연구과제연구용역(7.미래안보상황에..),중앙행정기관
정기기초연구과제연구용역(8.국가재난사태..),국방대학교,,,,,,,,,,정기기초연구과제연구용역(8.국가재난사태..),중앙행정기관
F-15K/E-737 항공기 특성(RCS/IR Signature) 연구,공군군수사령부,,,,,,,,,,F-15K/E-737 항공기 특성(RCS/IR Signature) 연구,군
F-15K/E-737 항공기 특성(RCS/IR Signature) 연구,공군군수사령부,,,,,,,,,,F-15K/E-737 항공기 특성(RCS/IR Signature) 연구,군
드론봇 및 대드론체계 전력화추진 Master-Plan 연구,육군본부,,,,,,,,,,드론봇 및 대드론체계 전력화추진 Master-Plan 연구,군
전파영향평가 방법 비교분석 및 실증 연구,국방부(운영지원과),,,,,,,,,,전파영향평가 방법 비교분석 및 실증 연구,중앙행정기관
00부대 작전지휘시설 선행연구 용역,합동참모본부,43848900.0,87.905,2023-04-10,기산건축사사무소,박재범,박재범,경상북도 경산시 서상길85-0 (서상동),43848900.0,87.905,00부대 작전지휘시설 선행연구 용역,합동참모본부
국내개발 전투기의 진화적 개발전략 적용 연구,방위사업청(운영지원과),57316500.0,90.0,2023-09-12,(사)21세기군사연구소,김진욱,박계향,"서울특별시 금천구 가산디지털2로184, 10층 1017호(가산동, 벽산디지털밸리2차)",57316500.0,90.0,국내개발 전투기의 진화적 개발전략 적용 연구,중앙행정기관
K21장갑차 조종수카메라 정비기술개발 연구용역,제2879부대,51069000.0,96.747,2023-04-18,주식회사 원영전자,김창환,홍종운,"경기도 성남시 중원구 사기막골로159-0 (상대원동, 금강하이테크2 아파트형공장) 711호",51069000.0,96.747,K21장갑차 조종수카메라 정비기술개발 연구용역,제2879부대
군 자동소음측정망 설치기준 및 운영방안 연구,국방부(운영지원과),,,,,,,,,,군 자동소음측정망 설치기준 및 운영방안 연구,중앙행정기관
군 자동소음측정망 설치기준 및 운영방안 연구,국방부(운영지원과),,,,,,,,,,군 자동소음측정망 설치기준 및 운영방안 연구,중앙행정기관
건설현장 안전 관리시스템 구축 연구용역,국방시설본부,,,,,,,,,,건설현장 안전 관리시스템 구축 연구용역,중앙행정기관
23년 육군 장기미래비전 연구용역,제6619부대,,,,,,,,,,23년 육군 장기미래비전 연구용역,제6619부대
23년 육군 장기미래비전 연구용역,제6619부대,,,,,,,,,,23년 육군 장기미래비전 연구용역,제6619부대
다계층통합네트워크 구축을 위한 연구용역,육군본부,,,,,,,,,,다계층통합네트워크 구축을 위한 연구용역,군
00군단 0포병단 이전사업 선행연구 용역,육군본부,,,,,,,,,,00군단 0포병단 이전사업 선행연구 용역,군
23-공군 리더십교육체계 발전방안 연구,공군사관학교,24490000.0,97.307,2023-07-21,사단법인 씨알리더십연구원,최은수,최은수,"서울특별시 서초구 서초대로1길17, 2층 226호(방배동)",24490000.0,97.307,23-공군 리더십교육체계 발전방안 연구,군
발칸 보조전원공급기 수리부속 대체품 개발 연구용역,제2879부대,42990000.0,96.662,2023-04-12,주식회사 대영퓨처스,심동석,심동석,경상남도 창원시 의창구 죽전로68번길29 (팔용동),42990000.0,96.662,발칸 보조전원공급기 수리부속 대체품 개발 연구용역,제2879부대
미-23-미사일방어부대 효율적 부지 활용방안 연구,공군미사일방어사령부,,,,,,,,,,미-23-미사일방어부대 효율적 부지 활용방안 연구,군
23-중.장기 공군 군수정책 발전방향 연구 용역,공군본부,31500000.0,89.866,2023-05-24,사단법인 고등국방정책연구소,문형곤,김주완,"서울특별시 서대문구 신촌로109, 비2호(창천동, 신촌르메이에르타운5)",31500000.0,89.866,23-중.장기 공군 군수정책 발전방향 연구 용역,군
방탄물자 신뢰성 평가 개념 및 운영방안 연구,국방부(운영지원과),,,,,,,,,,방탄물자 신뢰성 평가 개념 및 운영방안 연구,중앙행정기관
군사과학기술대학원(가칭) 신설방안 연구,국방부(운영지원과),,,,,,,,,,군사과학기술대학원(가칭) 신설방안 연구,중앙행정기관
군사과학기술대학원(가칭) 신설방안 연구,국방부(운영지원과),,,,,,,,,,군사과학기술대학원(가칭) 신설방안 연구,중앙행정기관
전투체계 현장정비센터 운용 효율화 방안 연구,해군군수사령부,,,,,,,,,,전투체계 현장정비센터 운용 효율화 방안 연구,군
항공기 운영이력 빅데이터 수집 및 분석기법 연구,공군군수사령부,66690000.0,81.37,2023-08-28,주식회사 피앤씨솔루션,최치원,이영민,"서울특별시 금천구 가산디지털1로171, B208호(가산동, 가산 에스케이 브이원 센터)",66690000.0,81.37,항공기 운영이력 빅데이터 수집 및 분석기법 연구,군
2023년 서울안보대화 프로그램 기획 및 발전방향 연구,국방부(운영지원과),,,,,,,,,,2023년 서울안보대화 프로그램 기획 및 발전방향 연구,중앙행정기관
6.25 전쟁 이후 주요 해전 증언록 연구용역,해군본부,,,,,,,,,,6.25 전쟁 이후 주요 해전 증언록 연구용역,군
23년 전반기 육군 정책연구과제 연구용역,제6619부대,33900000.0,87.153,2023-05-16,(사)한국전략문제연구소,박정기,박병희,"서울특별시 용산구 청파로 40, 삼구빌딩 1815호(한강로3가)",33900000.0,87.153,23년 전반기 육군 정책연구과제 연구용역,제6619부대
궤도장비 난방기 야전 시험장비 개발 연구용역,제2879부대,,,,,,,,,,궤도장비 난방기 야전 시험장비 개발 연구용역,제2879부대
“제○군수지원사령부 부대사” 연구 용역,육군본부,,,,,,,,,,“제○군수지원사령부 부대사” 연구 용역,군
“제○○○특공여단 부대사” 연구 용역,육군본부,14000000.0,99.643,2023-04-07,육군군사전략연구소,양희성,양희성,"충청남도 계룡시 엄사면 번영로113-32, 107동 15층 1502호(계룡파라디아)",14000000.0,99.643,“제○○○특공여단 부대사” 연구 용역,군
K계열 장갑차 엔진 오일펌프 시험장비 개발 연구용역,제2879부대,52400000.0,98.783,2023-04-19,에스엠테크(SM TECH),김지원,김지원,"경상남도 창원시 마산회원구 내서읍 중리공단로65-0 경남테크노파크 자동차로봇센터 메카공장동 1-1, 204, 205호",52400000.0,98.783,K계열 장갑차 엔진 오일펌프 시험장비 개발 연구용역,제2879부대
4차 산업혁명과 연계한 미래 물자동원방안 연구,국방부(운영지원과),28600000.0,98.254,2023-08-04,사단법인 한국국방기술학회,박영욱,이지선,"서울특별시 종로구 율곡로17길7-38, 수지빌딩 7층(이화동)",28600000.0,98.254,4차 산업혁명과 연계한 미래 물자동원방안 연구,중앙행정기관
사관생도 생활실 시설기준 개정 연구용역,국방시설본부,30000000.0,78.947,2023-05-04,(사)국방시설연구협회,정주교,이도제,"경기도 성남시 수정구 복정로84번길 22-15,(B-001호) (복정동)",30000000.0,78.947,사관생도 생활실 시설기준 개정 연구용역,중앙행정기관
국방인력획득 효율성 제고를 위한 발전방안 연구,국방부(운영지원과),36900000.0,92.18,2023-05-02,상명대학교산학협력단,유훈,김현묵,"서울특별시 종로구 홍지문2길20-0 (홍지동, 상명대학교)",36900000.0,92.18,국방인력획득 효율성 제고를 위한 발전방안 연구,중앙행정기관
23년 국방정책토론회 학술연구용역,국방부(운영지원과),28000000.0,84.597,2023-04-07,사단법인 한국국가전략연구원,한민구,이상규,"서울특별시 용산구 한강대로62길41, 3층 (한강로1가)",28000000.0,84.597,23년 국방정책토론회 학술연구용역,중앙행정기관
공군 이러닝 무선기반체계 고도화 방안 연구 용역,공군교육사령부,,,,,,,,,,공군 이러닝 무선기반체계 고도화 방안 연구 용역,군
공군 이러닝 무선기반체계 고도화 방안 연구 용역,공군교육사령부,28230000.0,89.968,2023-06-26,(주)윌비소프트,맹주수,최민호,"서울특별시 성동구 광나루로130, 907호(성수동1가, 서울숲아이티캐슬)",28230000.0,89.968,공군 이러닝 무선기반체계 고도화 방안 연구 용역,군
군수사 품목관리관 적정 취급품목 수 연구,공군군수사령부,,,,,,,,,,군수사 품목관리관 적정 취급품목 수 연구,군
군수사 품목관리관 적정 취급품목 수 연구,공군군수사령부,27860000.0,83.085,2023-06-05,사단법인 안보경영연구원,전건욱,조대현,"서울특별시 강남구 언주로527, 10층 (역삼동)",27860000.0,83.085,군수사 품목관리관 적정 취급품목 수 연구,군
범국민 안보의식조사 정책대안 연구용역,국방대학교,,,,,,,,,,범국민 안보의식조사 정책대안 연구용역,중앙행정기관
국방혁신 연계 예비군 전력증강 및 운용방안 연구,육군본부,,,,,,,,,,국방혁신 연계 예비군 전력증강 및 운용방안 연구,군
국방혁신 연계 예비군 전력증강 및 운용방안 연구,육군본부,,,,,,,,,,국방혁신 연계 예비군 전력증강 및 운용방안 연구,군
00부대 지하시설 구축방안 연구용역,육군본부,,,,,,,,,,00부대 지하시설 구축방안 연구용역,군
잠수함용 자기처리장비 시설사업기본계획 연구용역,방위사업청(운영지원과),45000000.0,90.0,2023-04-14,(주)에프오알엠도시건축공간연구소,권시형,양진,"서울특별시 송파구 법원로11길25-0, A동 1310호(문정동, 에이치비즈니스파크)",45000000.0,90.0,잠수함용 자기처리장비 시설사업기본계획 연구용역,중앙행정기관
국방정책연구과제 연구용역 계약,합동참모본부,,,,,,,,,,국방정책연구과제 연구용역 계약,합동참모본부
한국형 MDTF의 사단 적용방안 연구,육군본부,22000000.0,76.354,2023-07-14,영남대학교산학협력단,김우경,이다정,"경상북도 경산시 대학로280, 1층(대동)",22000000.0,76.354,한국형 MDTF의 사단 적용방안 연구,군
인지전 수행을 위한 전력증강 방향 연구,육군본부,28900000.0,97.652,2023-07-13,(사)한국전략문제연구소,박정기,박병희,"서울특별시 용산구 청파로 40, 삼구빌딩 1815호(한강로3가)",28900000.0,97.652,인지전 수행을 위한 전력증강 방향 연구,군
자동화사격장 차단벽구조 구축방안 연구용역,육군훈련소,,,,,,,,,,자동화사격장 차단벽구조 구축방안 연구용역,군
35사단 동원훈련장 생활관 시설사업 선행연구 용역,육군본부,,,,,,,,,,35사단 동원훈련장 생활관 시설사업 선행연구 용역,군
미래 육군 상비병력 절감방안 연구,육군본부,33163151.0,89.523,2023-06-08,사단법인 대한민국 육군발전협회,권오성,추현아,"서울특별시 용산구 이태원로 29, 전쟁기념관 4층(용산동1가)",33163151.0,89.523,미래 육군 상비병력 절감방안 연구,군
국방혁신 4.0과 연계한 미래 예비군훈련체계 연구,육군본부,,,,,,,,,,국방혁신 4.0과 연계한 미래 예비군훈련체계 연구,군
국방혁신 4.0과 연계한 미래 예비군훈련체계 연구,육군본부,25500000.0,83.493,2023-07-21,(사)한국위기관리연구소,김운용,장재필,서울특별시 강남구 논현로189길6 (압구정동),25500000.0,83.493,국방혁신 4.0과 연계한 미래 예비군훈련체계 연구,군
BTL관리운영권 만료사업 시설인수 운영방안 연구용역,국방시설본부,,,,,,,,,,BTL관리운영권 만료사업 시설인수 운영방안 연구용역,중앙행정기관
(237097-E) 연구활동재료(시약) 구매,국군재정관리단,101954670.0,88.088,2023-04-06,케이엠글로벌,박미영,박미영,"충청남도 천안시 서북구 검은들3길46, 8층 803-2(8020)호(불당동, 미래시티빌딩)",101954670.0,88.088,(237097-E) 연구활동재료(시약) 구매,국군재정관리단
무기체계「체계안전성」도입방안 연구,방위사업청(운영지원과),57570000.0,99.947,2023-05-18,국방기술품질원,허건영,진수빈,경상남도 진주시 동진로420 (충무공동),57570000.0,99.947,무기체계「체계안전성」도입방안 연구,중앙행정기관
병 자기개발비용지원 적정추진체계 구축 연구용역,국방부(운영지원과),,,,,,,,,,병 자기개발비용지원 적정추진체계 구축 연구용역,중앙행정기관
23년 군 주거시설 개선사업 선행연구 용역,제2307부대,52600000.0,59.29,2023-10-19,(사)국방시설연구협회,정주교,이도제,"경기도 성남시 수정구 복정로84번길 22-15,(B-001호) (복정동)",52600000.0,59.29,23년 군 주거시설 개선사업 선행연구 용역,제2307부대
BTL관리운영권만료사업 시설인수 운영방안연구용역 재,국방시설본부,40000000.0,80.0,2023-10-19,서울과학기술대학교 산학협력단,김동호,이선영,서울특별시 노원구 공릉로 232서울과학기술대학교 테크노큐브 2층 산학협력단,40000000.0,80.0,BTL관리운영권만료사업 시설인수 운영방안연구용역 재,중앙행정기관
해양 유ㆍ무인 복합전투체계에 대한 대응방안 연구,해군본부,32800000.0,84.041,2023-10-24,사단법인 안보경영연구원,전건욱,조대현,"서울특별시 강남구 언주로527, 10층 (역삼동)",32800000.0,84.041,해양 유ㆍ무인 복합전투체계에 대한 대응방안 연구,군
전탐감시대 감시장비 원격통합감시체계 구축 연구,해군본부,,,,,,,,,,전탐감시대 감시장비 원격통합감시체계 구축 연구,군
23-2차 의무사 조달 연구장비(분광광도계) 구매 계약,국군의무사령부,86620390.0,87.996,2023-10-27,웰스,천훈아,이강일,"경기도 성남시 분당구 불정로219-0 (정자동, 한솔마을) 청구상가  비108호",86620390.0,87.996,23-2차 의무사 조달 연구장비(분광광도계) 구매 계약,기관
23-6차 조달 연구장비(겔이미지 시스템) 구매 계약,국군의무사령부,65918300.0,88.0,2023-10-27,제이에스씨 코퍼레이션,남궁복자,남궁복자,"경기도 용인시 처인구 한터로152번길45-0 (고림동, 인정피렌체빌리지1차아파트) 106-505",65918300.0,88.0,23-6차 조달 연구장비(겔이미지 시스템) 구매 계약,기관
관사 및 간부숙소 신축 선행연구 용역(23-216),수도방위사령부,,,,,,,,,,관사 및 간부숙소 신축 선행연구 용역(23-216),기관
물류원가 데이터 수집 및 산정/관리 방안 연구,해군본부,41000000.0,84.269,2023-10-30,사단법인 안보경영연구원,전건욱,조대현,"서울특별시 강남구 언주로527, 10층 (역삼동)",41000000.0,84.269,물류원가 데이터 수집 및 산정/관리 방안 연구,군
건설현장 안전 관리시스템 구축 연구용역,국방시설본부,,,,,,,,,,건설현장 안전 관리시스템 구축 연구용역,중앙행정기관
미래 육군 여군인력 활용성 제고방안 연구,육군본부,,,,,,,,,,미래 육군 여군인력 활용성 제고방안 연구,군
K21 4차 양산사업 시설사업기본계획 연구용역,방위사업청(운영지원과),44000000.0,97.777,2023-12-15,(주)에프오알엠도시건축공간연구소,권시형,양진,"서울특별시 송파구 법원로11길25-0, A동 1310호(문정동, 에이치비즈니스파크)",44000000.0,97.777,K21 4차 양산사업 시설사업기본계획 연구용역,중앙행정기관
정책연구용역(군견 관련),육군교육사령부,,,,,,,,,,정책연구용역(군견 관련),군
전탐감시대 감시장비 원격통합감시체계 구축 연구,해군본부,32800000.0,83.893,2023-11-15,사단법인 안보경영연구원,전건욱,조대현,"서울특별시 강남구 언주로527, 10층 (역삼동)",32800000.0,83.893,전탐감시대 감시장비 원격통합감시체계 구축 연구,군
2023 임상의학연구센터 통계프로그램 구매,국군수도병원,,,,,,,,,,2023 임상의학연구센터 통계프로그램 구매,국군수도병원
23-10차 조달 연구장비(순수물제조기) 구매,국군의무사령부,19026400.0,88.003,2023-11-17,제이컴,김지은,김지은,강원특별자치도 춘천시 충혼길52번길10 (온의동) 드림타워 3층 306-69,19026400.0,88.003,23-10차 조달 연구장비(순수물제조기) 구매,기관
23-8차 조달 연구장비(초음파수술기 등 4종) 구매,국군의무사령부,,,,,,,,,,23-8차 조달 연구장비(초음파수술기 등 4종) 구매,기관
해성-I 유도탄 창정비요소개발 비용분석 연구,해군본부,29500000.0,75.015,2023-11-24,사단법인 미래안보산업전략연구원,박종재,정영숙,서울특별시 영등포구 영등포로35길10-0 (영등포동6가) 8층 809호,29500000.0,75.015,해성-I 유도탄 창정비요소개발 비용분석 연구,군
군 주거시설 개선 연구용역,국방시설본부,,,,,,,,,,군 주거시설 개선 연구용역,중앙행정기관
미래 육군 여군인력 활용성 제고방안 연구,육군본부,35900000.0,89.883,2023-11-27,(사)한국전략문제연구소,박정기,박병희,"서울특별시 용산구 청파로 40, 삼구빌딩 1815호(한강로3가)",35900000.0,89.883,미래 육군 여군인력 활용성 제고방안 연구,군
2023 임상의학연구센터 통계프로그램 구매,국군수도병원,24970000.0,99.145,2023-11-29,주식회사 지니클라우드,박홍련,전희수,"서울특별시 강남구 강남대로62길24-0 (역삼동,해송빌딩)3층",24970000.0,99.145,2023 임상의학연구센터 통계프로그램 구매,국군수도병원
과학기술전문사관 직무 성과분석 연구,국방부(운영지원과),43190400.0,96.0,2023-12-06,주식회사 라이언앤코컨설팅,김건희,오지수,"서울특별시 강남구 영동대로602, 6층 E170호(삼성동)",43190400.0,96.0,과학기술전문사관 직무 성과분석 연구,중앙행정기관
23-D-종합발전수립 연구용역(B032),국군재정관리단,260734000.0,91.286,2023-12-14,서울대학교 산학협력단,김재영,전현숙,서울특별시 관악구 관악로1 (신림동),260734000.0,91.286,23-D-종합발전수립 연구용역(B032),국군재정관리단
23-OO방호시설 개선 연구용역,계룡대근무지원단,,,,,,,,,,SUPPRESSED,계룡대근무지원단
23-1차 연구의무물자(BL3 중앙실험대 등 5종) 구매,국군의무사령부,27381686.0,88.046,2023-12-13,주식회사 이안코리아,임경진,기민경,전라남도 장성군 남면 나노산단3로21,27381686.0,88.046,23-1차 연구의무물자(BL3 중앙실험대 등 5종) 구매,기관
지상무인차량사업 종합평가 추진 시 평가방안 연구,방위사업청(운영지원과),24750000.0,99.0,2023-12-21,사단법인 안보경영연구원,전건욱,조대현,"서울특별시 강남구 언주로527, 10층 (역삼동)",24750000.0,99.0,지상무인차량사업 종합평가 추진 시 평가방안 연구,중앙행정기관
23-8차 조달 연구장비(초음파수술기 등 4종) 구매,국군의무사령부,27000000.0,97.605,2023-12-13,주식회사 에스엠플래닛,조현선,조현선,"경기도 성남시 수정구 창업로43-0 (시흥동)1층, 글로벌비즈니스센터",27000000.0,97.605,23-8차 조달 연구장비(초음파수술기 등 4종) 구매,기관
23-2차 연구의무물자(BL3 수거함 등 4종) 구매,국군의무사령부,23460470.0,88.636,2023-12-13,성원금속,민명복,민성현,세종특별자치시  전동면 보평길167-0,23460470.0,88.636,23-2차 연구의무물자(BL3 수거함 등 4종) 구매,기관
국방 분야 초거대 AI 적용 방안 연구,방위사업청(운영지원과),50200000.0,71.449,2024-01-02,고려대학교산학협력단,권정환,임동환,"서울특별시 성북구 안암로145 (안암동5가, 고려대학교)",50200000.0,71.449,국방 분야 초거대 AI 적용 방안 연구,중앙행정기관
(237472-F) 연구활동 재료 구매,국군재정관리단,127291608.0,87.995,2023-12-13,기관상사,한기관,한기관,"서울특별시 노원구 동일로1456-0 (상계동, 상계주공7단지아파트)",127291608.0,87.995,(237472-F) 연구활동 재료 구매,국군재정관리단
군 주거시설 개선 연구용역,국방시설본부,,,,,,,,,,군 주거시설 개선 연구용역,중앙행정기관
24년 국방연구개발사업의 성과조사 · 분석 연구 ,방위사업청(운영지원과),79950000.0,99.937,2024-04-23,주식회사 공공정책성과평가연구원,김동준,노민택,"서울특별시 서초구 방배천로155, 유청빌딩 3층(방배동 821-8)",79950000.0,99.937,24년 국방연구개발사업의 성과조사 · 분석 연구 ,중앙행정기관
00기지 환경개선 사업 분석평가 및 선행연구 용역,공군작사근무지원단,86000000.0,86.28,2023-12-27,주식회사 한국건설경영기술원,박장권,박장권,경기도 고양시 덕양구 권율대로656-0 (원흥동) 17층 1739호,86000000.0,86.28,00기지 환경개선 사업 분석평가 및 선행연구 용역,군
무기체계 개발시험평가 역할 재정립에 관한 연구,방위사업청(운영지원과),60632000.0,90.479,2024-03-25,한성대학교 산학협력단,이정훈,심지민,서울특별시 성북구 삼선교로16길116-0 (삼선동2가),60632000.0,90.479,무기체계 개발시험평가 역할 재정립에 관한 연구,중앙행정기관
유도무기 신뢰수준 및 시험사격 적정수량 연구,방위사업청(운영지원과),45000000.0,90.0,2024-05-22,(사)21세기군사연구소,김진욱,박계향,"서울특별시 금천구 가산디지털2로184, 10층 1017호(가산동, 벽산디지털밸리2차)",45000000.0,90.0,유도무기 신뢰수준 및 시험사격 적정수량 연구,중앙행정기관
국제 해양영역인식 협력 방안 연구,국방부(운영지원과),29000000.0,89.578,2024-02-28,호원대학교 산학협력단,정의붕,배미선,"전북특별자치도 군산시 임피면 호원대3길 64,",29000000.0,89.578,국제 해양영역인식 협력 방안 연구,중앙행정기관
[24-육-6] M&S 체계구축  활용방안 연구,육군본부,,,,,,,,,,[24-육-6] M&S 체계구축  활용방안 연구,군
2024년 군사연구총서 용역,국방부군사편찬연구소,,,,,,,,,,2024년 군사연구총서 용역,중앙행정기관
컨테이너 물류체계 구축 소요판단 정책 연구과제 용역,육군군수사령부,35275830.0,92.253,2024-02-23,(사)21세기군사연구소,김진욱,박계향,"서울특별시 금천구 가산디지털2로184, 10층 1017호(가산동, 벽산디지털밸리2차)",35275830.0,92.253,컨테이너 물류체계 구축 소요판단 정책 연구과제 용역,군
[24-육-16] A군단 부대변천사 연구용역,육군본부,17265000.0,95.201,2024-02-26,주식회사 사이버앤네트워크연구원,김한욱,김한욱,"서울특별시 용산구 이태원로211, 611호(한남동, 한남빌딩 )",17265000.0,95.201,[24-육-16] A군단 부대변천사 연구용역,군
[24-육-17] B군단 부대변천사 연구용역,육군본부,17880000.0,97.398,2024-02-26,주식회사 디.아이환경,권택연,권택연,"경기도 남양주시 별내중앙로36-23, 1706호(별내동)",17880000.0,97.398,[24-육-17] B군단 부대변천사 연구용역,군
[24-육-18] C군지사 부대변천사 연구용역,육군본부,18000000.0,98.179,2024-02-26,군수.획득연구소,조성호,조성호,"대전광역시 유성구 가정로43-0, 101동 903호 (신성동, 한울아파트)",18000000.0,98.179,[24-육-18] C군지사 부대변천사 연구용역,군
해병대 리더십 역량 진단 시스템 개발 연구,제9691부대,29100000.0,95.657,2024-03-05,(사)한국능률협회,최권석,이병훈,"서울특별시 영등포구 의사당대로22, 8층 9층 10층(여의도동, 이룸센터)",29100000.0,95.657,해병대 리더십 역량 진단 시스템 개발 연구,제9691부대
해병대 역사관 활용 방안 연구,제9691부대,38515000.0,88.413,2024-03-05,한디자인그룹주식회사,신정희,신정희,서울특별시 강남구 학동로42길69-0 (논현동) 2층,38515000.0,88.413,해병대 역사관 활용 방안 연구,제9691부대
2024 서울안보대화 프로그램 기획 및 발전방향 연구,국방부(운영지원과),,,,,,,,,,2024 서울안보대화 프로그램 기획 및 발전방향 연구,중앙행정기관
120mm 전차포신 약실 검사장비 개발 연구용역,제2879부대,,,,,,,,,,120mm 전차포신 약실 검사장비 개발 연구용역,제2879부대
24년 전투발전 연구 용역(1),육군교육사령부,35900000.0,82.325,2024-03-15,(사)한국전략문제연구소,박정기,박병희,"서울특별시 용산구 청파로 40, 삼구빌딩 1815호(한강로3가)",35900000.0,82.325,24년 전투발전 연구 용역(1),군
조종사 피로도와 안전비행의 상관관계 분석 연구용역,육군항공학교,,,,,,,,,,조종사 피로도와 안전비행의 상관관계 분석 연구용역,군
(247045-E) 24년 조달 연구장비 구매,국군재정관리단,370580000.0,86.605,2024-03-14,주식회사 우정바이오,천병년,이정희,"경기도 화성시 동탄기흥로593-8 (영천동, 우정바이오 신약클러스터)",370580000.0,86.605,(247045-E) 24년 조달 연구장비 구매,국군재정관리단
무전기 전면판 회로카드 시험장비 개발 연구용역,제2879부대,,,,,,,,,,무전기 전면판 회로카드 시험장비 개발 연구용역,제2879부대
K21장갑차 전자모듈조립체 정비기술개발 연구용역,제2879부대,,,,,,,,,,K21장갑차 전자모듈조립체 정비기술개발 연구용역,제2879부대
2024년 바세나르체제 군용물자목록 개정소요 연구,방위사업청(운영지원과),59070000.0,98.45,2024-04-21,무역안보관리원,서정민,원해나,"서울특별시 강남구 영동대로511, 16층(무역센터 트레이드 타워)",59070000.0,98.45,2024년 바세나르체제 군용물자목록 개정소요 연구,중앙행정기관
함정적기전력화를 위한 시운전제도 개선방안 연구,방위사업청(운영지원과),51500000.0,99.382,2024-04-15,서울대학교 산학협력단,김재영,남명우,서울특별시 관악구 관악로1 (신림동),51500000.0,99.382,함정적기전력화를 위한 시운전제도 개선방안 연구,중앙행정기관
24년 전투실험발전 연구 용역(1),육군교육사령부,33900000.0,71.93,2024-03-27,(사)한국전략문제연구소,박정기,박병희,"서울특별시 용산구 청파로 40, 삼구빌딩 1815호(한강로3가)",33900000.0,71.93,24년 전투실험발전 연구 용역(1),군
K1A2 전장관리신호처리기 시험장비개발 연구용역,제2879부대,,,,,,,,,,K1A2 전장관리신호처리기 시험장비개발 연구용역,제2879부대
KUH-1 엔진 시험장비 고장예측시스템 개발 연구용역,제2879부대,,,,,,,,,,KUH-1 엔진 시험장비 고장예측시스템 개발 연구용역,제2879부대
KUH-1 헬기 견인장치 안전센서 개발 연구용역,제2879부대,,,,,,,,,,KUH-1 헬기 견인장치 안전센서 개발 연구용역,제2879부대
120mm 전차포신 약실 검사장비 개발 연구용역,제2879부대,,,,,,,,,,120mm 전차포신 약실 검사장비 개발 연구용역,제2879부대
00기지 항공유 저장탱크 신·증축 선행연구,공군제18전투비행단,,,,,,,,,,00기지 항공유 저장탱크 신·증축 선행연구,군
24년 군 주거시설 개선방안 수립 연구용역 등 2건,공군제17전투비행단,89100000.0,80.56,2024-04-01,(주)에프오알엠도시건축공간연구소,권시형,양진,"서울특별시 송파구 법원로11길25-0, A동 1310호(문정동, 에이치비즈니스파크)",89100000.0,80.56,24년 군 주거시설 개선방안 수립 연구용역 등 2건,군
24년 간부 파트너십 교육프로그램 개발 연구 용역,육군교육사령부,,,,,,,,,,24년 간부 파트너십 교육프로그램 개발 연구 용역,군
24년 전반기 육군 정책연구 과제 연구용역,제6619부대,,,,,,,,,,24년 전반기 육군 정책연구 과제 연구용역,제6619부대
24년 군 양성평등지표 조사 및 분석 연구,국방부(운영지원과),,,,,,,,,,24년 군 양성평등지표 조사 및 분석 연구,중앙행정기관
의무후송전용헬기 시설사업기본계획 연구용역,방위사업청(운영지원과),38000000.0,95.0,2024-05-03,(주)에프오알엠도시건축공간연구소,권시형,양진,"서울특별시 송파구 법원로11길25-0, A동 1310호(문정동, 에이치비즈니스파크)",38000000.0,95.0,의무후송전용헬기 시설사업기본계획 연구용역,중앙행정기관
(247115-B) 연구활동재료 구매,국군재정관리단,180189400.0,98.275,2024-04-03,우영상사,장우영,장우영,경상북도 상주시 화서면 봉촌1길75-0,180189400.0,98.275,(247115-B) 연구활동재료 구매,국군재정관리단
24년 전투발전 연구 용역(2),육군교육사령부,,,,,,,,,,24년 전투발전 연구 용역(2),군
대용량 유전자데이터 분석 파이프라인 및 가시화 연구,국군의무사령부,,,,,,,,,,대용량 유전자데이터 분석 파이프라인 및 가시화 연구,기관
무전기 전면판 회로카드 시험장비 개발 연구용역,제2879부대,,,,,,,,,,무전기 전면판 회로카드 시험장비 개발 연구용역,제2879부대
K21장갑차 전자모듈조립체 정비기술개발 연구용역,제2879부대,,,,,,,,,,K21장갑차 전자모듈조립체 정비기술개발 연구용역,제2879부대
K1A2 전장관리신호처리기 시험장비개발 연구용역,제2879부대,45320000.0,84.462,2024-04-11,주식회사 유니텍,이훈민,김상도,"경기도 안양시 동안구 시민대로387  A동 1201-1호(관양동,디지털엠파이어)",45320000.0,84.462,K1A2 전장관리신호처리기 시험장비개발 연구용역,제2879부대
KUH-1 엔진 시험장비 고장예측시스템 개발 연구용역,제2879부대,,,,,,,,,,KUH-1 엔진 시험장비 고장예측시스템 개발 연구용역,제2879부대
AH-64 헬기 엔진 마운트홀 가공기술 개발 연구용역,제2879부대,,,,,,,,,,AH-64 헬기 엔진 마운트홀 가공기술 개발 연구용역,제2879부대
KUH-1 헬기 견인장치 안전센서 개발 연구용역,제2879부대,,,,,,,,,,KUH-1 헬기 견인장치 안전센서 개발 연구용역,제2879부대
해병대 데이터 관리 및 활용 발전 방안 연구,제9691부대,27000000.0,68.54,2024-04-12,주식회사 베테랑콤,이재평,이재평,서울특별시 서초구 서초동1432-13 202,27000000.0,68.54,해병대 데이터 관리 및 활용 발전 방안 연구,제9691부대
RAM업무 고도화를 위한 잠정목표값 설정 연구용역,제2879부대,23000000.0,77.938,2024-04-12,국립금오공과대학교산학협력단,권오형,한달연,"경상북도 구미시 대학로 61, 금오공과대학교 산학협력단(양호동)",23000000.0,77.938,RAM업무 고도화를 위한 잠정목표값 설정 연구용역,제2879부대
(247116-C) 연구활동 재료(시약) 구매,국군재정관리단,115992600.0,88.048,2024-04-12,주식회사우정상사,전남국,옥세미,"제주특별자치도 제주시 연북로21-0, 에코에비뉴 1609호",115992600.0,88.048,(247116-C) 연구활동 재료(시약) 구매,국군재정관리단
(24G050-A생물안전3등급 연구시설(BL-3) 유지보수용역,국군재정관리단,98644500.0,88.132,2024-04-17,(주) 웃샘,이명식,박민정,충청북도 청주시 흥덕구 옥산면 덕촌삼성골길16,98644500.0,88.132,(24G050-A생물안전3등급 연구시설(BL-3) 유지보수용역,국군재정관리단
군인연금제도 발전방향 연구,국방부(운영지원과),98054000.0,100.0,2024-05-03,서울대학교 산학협력단,김재영,전현숙,서울특별시 관악구 관악로1 (신림동),98054000.0,100.0,군인연금제도 발전방향 연구,중앙행정기관
안보학술연구용역(1.국가안보에관한문제에관한이론),국방대학교,,,,,,,,,,안보학술연구용역(1.국가안보에관한문제에관한이론),중앙행정기관
안보학술연구용역(2. 국제안보환경과),국방대학교,,,,,,,,,,안보학술연구용역(2. 국제안보환경과),중앙행정기관
안보학술연구용역(3. 국내안보환경과),국방대학교,,,,,,,,,,안보학술연구용역(3. 국내안보환경과),중앙행정기관
안보학술연구용역(4.한국의군사전략),국방대학교,5000000.0,92.94,2024-04-29,영남대학교산학협력단,김종수,이다정,"경상북도 경산시 대학로280, 1층(대동)",5000000.0,92.94,안보학술연구용역(4.한국의군사전략),중앙행정기관
24년 기술연구용역(1),육군교육사령부,50000000.0,89.472,2024-04-18,육군사관학교 산학협력단,방성완,이지유,서울특별시 노원구 화랑로574-0 (공릉동),50000000.0,89.472,24년 기술연구용역(1),군
24년 기술연구용역(2),육군교육사령부,54000000.0,94.682,2024-04-18,주식회사 스펙트럼인사이트연구소,최주평,최주평,"충청북도 청주시 흥덕구 풍년로79번길3, 3층(가경동)",54000000.0,94.682,24년 기술연구용역(2),군
24년 기술연구용역(3),육군교육사령부,,,,,,,,,,24년 기술연구용역(3),군
대용량 유전자데이터 분석 파이프라인 및 가시화 연구,국군의무사령부,,,,,,,,,,대용량 유전자데이터 분석 파이프라인 및 가시화 연구,기관
해병대 간부 및 병 획득율 제고를 위한 개선방안 연구,제9691부대,27861053.0,72.547,2024-04-23,단국대학교 천안캠퍼스 산학협력단,이재원,김예섭,"충청남도 천안시 동남구 단대로119-0 (안서동, 단국대학교천안캠퍼스)",27861053.0,72.547,해병대 간부 및 병 획득율 제고를 위한 개선방안 연구,제9691부대
국방표준서 제정(7차) 연구,방위사업청(운영지원과),180000000.0,90.0,2024-10-21,재단법인 한국기계전기전자시험연구원,안성일,이광수,경기도 군포시 흥안대로27번길22-0 (금정동),180000000.0,90.0,국방표준서 제정(7차) 연구,중앙행정기관
24년 전반기 육군 정책연구 과제 연구용역,제6619부대,32500000.0,80.929,2024-05-07,경운대학교 산학협력단,민정식,박상욱,경상북도 구미시 산동읍 강동로730,32500000.0,80.929,24년 전반기 육군 정책연구 과제 연구용역,제6619부대
AH-64헬기 수평안정판 정비방법 개발 연구용역,제2879부대,,,,,,,,,,AH-64헬기 수평안정판 정비방법 개발 연구용역,제2879부대
24-정보우세권  확보를 위한 정보력 강화방안 연구,공군본부,37000000.0,93.229,2024-05-10,주식회사 아이티존,김경일,최순아,"대전광역시 대덕구 대화로120, 7층 729,730호(대화동, 가온비즈타워)",37000000.0,93.229,24-정보우세권  확보를 위한 정보력 강화방안 연구,군
24 군의료 특성화 연구(군 헬기 환자 이송 현황 분석),국군수도병원,,,,,,,,,,24 군의료 특성화 연구(군 헬기 환자 이송 현황 분석),국군수도병원
24 군의료 특성화 연구(알레르겐 양상 분석),국군수도병원,,,,,,,,,,24 군의료 특성화 연구(알레르겐 양상 분석),국군수도병원
교육학술 참고서지 발간 연구용역,국방대학교,,,,,,,,,,교육학술 참고서지 발간 연구용역,중앙행정기관
10.군사과학정책연구(인공지능...),국방대학교,14820000.0,96.257,2024-05-07,국방대학교산학협력단,이문걸,이다인,충청남도 논산시 양촌면 황산벌로1040,14820000.0,96.257,10.군사과학정책연구(인공지능...),중앙행정기관
11. 국제공동연구(AI기술을적용한...),국방대학교,,,,,,,,,,11. 국제공동연구(AI기술을적용한...),중앙행정기관
12.정책현안연구(북한의전쟁수행...),국방대학교,21500000.0,97.195,2024-05-07,국방대학교산학협력단,이문걸,이다인,충청남도 논산시 양촌면 황산벌로1040,21500000.0,97.195,12.정책현안연구(북한의전쟁수행...),중앙행정기관
(24육-용역9)스마트 통합물류센터 신축 선행연구 용역,종합보급창,41000000.0,74.743,2024-05-03,(사)국방시설연구협회,정주교,이도제,"경기도 성남시 수정구 복정로84번길 22-15,(B-001호) (복정동)",41000000.0,74.743,SUPPRESSED,종합보급창
군 지휘통신체계 유지보수 발전방안 연구용역,국군지휘통신사령부,44200000.0,93.019,2024-05-16,주식회사 온품,김유혁,박준성,서울특별시 영등포구 당산로49길13 (당산동6가),44200000.0,93.019,군 지휘통신체계 유지보수 발전방안 연구용역,기관
과학화경계시스템사업의 기종결정 평가방안 연구,방위사업청(운영지원과),26732500.0,85.0,2024-06-03,(사)한국위기관리연구소,김운용,장재필,서울특별시 강남구 논현로189길6 (압구정동),26732500.0,85.0,과학화경계시스템사업의 기종결정 평가방안 연구,중앙행정기관
국방안전관리정보체계 최적 구축방안 연구,국방부(운영지원과),37345000.0,82.165,2024-06-09,(주)지디시스,정승인,정승인,"서울특별시 금천구 가산디지털1로181, 가산W센터 1401호,1402호(가산동)",37345000.0,82.165,국방안전관리정보체계 최적 구축방안 연구,중앙행정기관
00부대 EMP 보호시설 구축 선행연구 용역,국방통합데이터센터,74000000.0,74.0,2024-05-17,건축사사무소 모인건축,임평산,임평산,"경기도 김포시 태장로789,732호 (장기동,금광하이테크시티)",74000000.0,74.0,00부대 EMP 보호시설 구축 선행연구 용역,중앙행정기관
24년 기술연구용역(3),육군교육사령부,38000000.0,69.178,2024-05-09,사단법인 미래안보산업전략연구원,박종재,정영숙,서울특별시 영등포구 영등포로35길10-0 (영등포동6가) 8층 809호,38000000.0,69.178,24년 기술연구용역(3),군
국방대 이전 효과 연구 용역,국방대학교,,,,,,,,,,국방대 이전 효과 연구 용역,중앙행정기관
해병대 고유 무기체계별 맞춤식 정비개념 연구,제9691부대,,,,,,,,,,해병대 고유 무기체계별 맞춤식 정비개념 연구,제9691부대
인공근육 기반 전투원용 슈트 개발 발전방향 연구,제9691부대,,,,,,,,,,인공근육 기반 전투원용 슈트 개발 발전방향 연구,제9691부대
해병대 무인항공기 효율적 운용방안 연구,제9691부대,19822000.0,79.439,2024-05-13,한성대학교 산학협력단,이정훈,심지민,서울특별시 성북구 삼선교로16길116-0 (삼선동2가),19822000.0,79.439,해병대 무인항공기 효율적 운용방안 연구,제9691부대
24년 국한문 혼용 공군 역사서 한글화 연구용역,공군본부,32000000.0,93.963,2024-05-13,해동청역사문화연구소,이형걸,이형걸,"서울특별시 구로구 경인로643 (신도림동, 신도림2차동아아파트) 203-602",32000000.0,93.963,24년 국한문 혼용 공군 역사서 한글화 연구용역,군
[24-육-85] 무기체계별 EMP방호기술 적용방안 연구,육군본부,38370000.0,79.507,2024-06-03,(사)21세기군사연구소,김진욱,박계향,"서울특별시 금천구 가산디지털2로184, 10층 1017호(가산동, 벽산디지털밸리2차)",38370000.0,79.507,[24-육-85] 무기체계별 EMP방호기술 적용방안 연구,군
[24-육-84] 탄약부대 경계병력 민간전환 선결 연구,육군본부,32100000.0,90.125,2024-05-22,주식회사 안보기술연구원,경상현,경상현,"경기도 안양시 만안구 만안로49,1303호(안양동, 호정타워)",32100000.0,90.125,[24-육-84] 탄약부대 경계병력 민간전환 선결 연구,군
안보학술연구용역(2. 국제안보환경과),국방대학교,,,,,,,,,,안보학술연구용역(2. 국제안보환경과),중앙행정기관
안보학술연구용역(5. 자원관리관련과제),국방대학교,,,,,,,,,,안보학술연구용역(5. 자원관리관련과제),중앙행정기관
함정 개조·개장 사업의 관급보험 도입방안 연구,방위사업청(운영지원과),50000000.0,83.326,2024-07-02,호원대학교 산학협력단,정의붕,배미선,"전북특별자치도 군산시 임피면 호원대3길 64,",50000000.0,83.326,함정 개조·개장 사업의 관급보험 도입방안 연구,중앙행정기관
24-공군 적정 상비병력 규모 연구 용역,공군본부,38900000.0,89.022,2024-05-21,(사)한국전략문제연구소,박정기,박병희,"서울특별시 용산구 청파로 40, 삼구빌딩 1815호(한강로3가)",38900000.0,89.022,24-공군 적정 상비병력 규모 연구 용역,군
국방 연구개발 법제 개선 연구,국방부(운영지원과),,,,,,,,,,국방 연구개발 법제 개선 연구,중앙행정기관
국방분야 신뢰할 수 있는 AI 기반조성 연구,국방부(운영지원과),,,,,,,,,,국방분야 신뢰할 수 있는 AI 기반조성 연구,중앙행정기관
해병대 고유 무기체계별 맞춤식 정비개념 연구,제9691부대,21000000.0,84.719,2024-05-24,건양대학교 산학협력단,홍영기,김봉환,"충청남도 논산시 대학로 121, 건양대학교 산학협력단(내동)",21000000.0,84.719,해병대 고유 무기체계별 맞춤식 정비개념 연구,제9691부대
인공근육 기반 전투원용 슈트 개발 발전방향 연구,제9691부대,18656000.0,91.746,2024-05-24,한성대학교 산학협력단,이정훈,심지민,서울특별시 성북구 삼선교로16길116-0 (삼선동2가),18656000.0,91.746,인공근육 기반 전투원용 슈트 개발 발전방향 연구,제9691부대
24-Y-복-복지회관 신축사업 선행연구용역,연평부대,65000000.0,70.613,2024-05-22,(사)국방시설연구협회,정주교,이도제,"경기도 성남시 수정구 복정로84번길 22-15,(B-001호) (복정동)",65000000.0,70.613,SUPPRESSED,연평부대
24-P-용-01 침수예방사업 선행연구용역,제9227부대,86107500.0,87.766,2024-05-23,주식회사 태양이엔지,김자이,박진호,경상북도 포항시 북구 대해로15-0 (죽도동) 2층,86107500.0,87.766,SUPPRESSED,제9227부대
24-미래 한국공군 훈련기 성능 및 적정 규모 연구,공군본부,28000000.0,64.987,2024-05-24,사단법인 안보경영연구원,전건욱,조대현,"서울특별시 강남구 언주로527, 10층 (역삼동)",28000000.0,64.987,24-미래 한국공군 훈련기 성능 및 적정 규모 연구,군
24-미래 공군병력 부족 대비 인력공급 확대방안 연구,공군본부,36000000.0,91.379,2024-06-09,연세대학교 산학협력단,홍종일,권소희,"서울특별시 서대문구 연세로 50, 연세대학교(신촌동)",36000000.0,91.379,24-미래 공군병력 부족 대비 인력공급 확대방안 연구,군
[24-육-91] 무건리 훈련장 갈등 비용분석 연구,육군본부,,,,,,,,,,[24-육-91] 무건리 훈련장 갈등 비용분석 연구,군
AI를 적용한 화생방 드론봇 전력체계 연구 용역,육군화학학교,35000000.0,97.626,2024-05-27,주식회사 씨이엠아이,박재완,박재완,"대전광역시 유성구 대학로31-0 (봉명동, 유성한진오피스텔) 2215호",35000000.0,97.626,AI를 적용한 화생방 드론봇 전력체계 연구 용역,군
24년 군 주거시설 개선사업 선행연구(24-GD-51),제2307부대,72000000.0,50.335,2024-05-27,(사)국방시설연구협회,정주교,이도제,"경기도 성남시 수정구 복정로84번길 22-15,(B-001호) (복정동)",72000000.0,50.335,24년 군 주거시설 개선사업 선행연구(24-GD-51),제2307부대
작전지휘시설 신축 선행연구용역,제2군단,165630000.0,87.796,2024-05-28,(주)디앤오종합건축사사무소,정봉원,정봉원,"서울특별시 송파구 법원로9길26, D동 1104호(문정동, H-비즈니스파크)",165630000.0,87.796,SUPPRESSED,제2군단
국방대 이전 효과 연구 용역,국방대학교,,,,,,,,,,국방대 이전 효과 연구 용역,중앙행정기관
정책현안 연구용역(2. 두개의 전쟁과 미래전쟁),국방대학교,22734000.0,90.978,2024-06-10,국방대학교산학협력단,이문걸,이다인,충청남도 논산시 양촌면 황산벌로1040,22734000.0,90.978,정책현안 연구용역(2. 두개의 전쟁과 미래전쟁),중앙행정기관
세계안보정세분석 연구용역,국방대학교,,,,,,,,,,세계안보정세분석 연구용역,중앙행정기관
25년도 안보정세전망 연구용역,국방대학교,,,,,,,,,,25년도 안보정세전망 연구용역,중앙행정기관
범국민 안보의식조사 정책대안 연구용역,국방대학교,,,,,,,,,,범국민 안보의식조사 정책대안 연구용역,중앙행정기관
주요 비행피복류 맞음성 개선 및 표준화 연구,공군군수사령부,84770000.0,88.594,2024-06-03,테크디,윤미경,윤미경,"경기도 하남시 미사대로550, 4층 43호(덕풍동, 현대지식산업센터 한강미사)",84770000.0,88.594,주요 비행피복류 맞음성 개선 및 표준화 연구,군
군용총포·도검·화약류 안전관리 발전방안 연구,방위사업청(운영지원과),67160000.0,95.615,2024-07-16,(사)한국무기체계안전협회,안동만,이정민,대전광역시 유성구 온천로59-0 (봉명동) 905호,67160000.0,95.615,군용총포·도검·화약류 안전관리 발전방안 연구,중앙행정기관
24년 기상레이다 적정 경제수명 산출 연구,공군본부,16200000.0,88.22,2024-06-10,(사)한국기상전문인협회,권태순,권태순,"서울특별시 금천구 가산디지털2로46, 611호(가산동, 에이스태세라타워)",16200000.0,88.22,24년 기상레이다 적정 경제수명 산출 연구,군
국방 연구개발 법제 개선 연구,국방부(운영지원과),,,,,,,,,,국방 연구개발 법제 개선 연구,중앙행정기관
군 복무가치 제고 방안 연구,국방부(운영지원과),,,,,,,,,,군 복무가치 제고 방안 연구,중앙행정기관
24-00부대 전력화 추진방안 정책연구용역,드론작전사령부,39944000.0,80.594,2024-06-24,(사)21세기군사연구소,김진욱,박계향,"서울특별시 금천구 가산디지털2로184, 10층 1017호(가산동, 벽산디지털밸리2차)",39944000.0,80.594,24-00부대 전력화 추진방안 정책연구용역,기관
[24-육-91] 무건리 훈련장 갈등 비용분석 연구,육군본부,13805000.0,91.984,2024-06-07,유한회사 행정과 소통연구소,홍수정,이경순,"서울특별시 광진구 광나루로56길63, 지하1층 113호 에스46(구의동)",13805000.0,91.984,[24-육-91] 무건리 훈련장 갈등 비용분석 연구,군
24-그린나래호텔 리모델링 계획의 적절성 분석연구,공군본부,20000000.0,73.308,2024-06-19,사단법인 한국국가전략연구원,한민구,이상규,"서울특별시 용산구 한강대로62길41, 3층 (한강로1가)",20000000.0,73.308,24-그린나래호텔 리모델링 계획의 적절성 분석연구,군
24년 전투실험발전 연구 용역(2),육군교육사령부,,,,,,,,,,24년 전투실험발전 연구 용역(2),군
PLS차량 운용효과 Arena 모델링 연구 용역,육군종합군수학교,,,,,,,,,,PLS차량 운용효과 Arena 모델링 연구 용역,군
실감형 디지털 정신전력교육 실태 및 개선방안 연구,국방부,,,,,,,,,,실감형 디지털 정신전력교육 실태 및 개선방안 연구,중앙행정기관
화산 특수작전종합훈련장 선행연구용역(특-24-용-24),특수전사령부,87546350.0,87.754,2024-06-11,에이스 컴퍼니,정택호,정택호,"인천광역시 서구 건지로404, 207동 1501호(가좌동, 가좌한신휴플러스아파트)",87546350.0,87.754,화산 특수작전종합훈련장 선행연구용역(특-24-용-24),기관
국방과학기술 전문인력 소요분석 연구,국방부(운영지원과),,,,,,,,,,국방과학기술 전문인력 소요분석 연구,중앙행정기관
한국형 방산수출금융지원기준 설정방안 연구,국방부(운영지원과),,,,,,,,,,한국형 방산수출금융지원기준 설정방안 연구,중앙행정기관
국방데이터 품질점검 실증 및 운영방안 연구 사업,합동상호운용성기술센터,42417000.0,92.273,2024-06-27,사단법인 안보경영연구원,전건욱,조대현,"서울특별시 강남구 언주로527, 10층 (역삼동)",42417000.0,92.273,국방데이터 품질점검 실증 및 운영방안 연구 사업,합동상호운용성기술센터
24-신규 무기체계 도입시  전력화 군수지원방안 연구,공군본부,56120000.0,92.0,2024-06-24,사단법인 미래안보산업전략연구원,박종재,정영숙,서울특별시 영등포구 영등포로35길10-0 (영등포동6가) 8층 809호,56120000.0,92.0,24-신규 무기체계 도입시  전력화 군수지원방안 연구,군
효율적 획득업무 수행을 위한 WBS 표준화 연구,방위사업청(운영지원과),47100000.0,90.891,2024-07-19,국립금오공과대학교산학협력단,권오형,권인자,"경상북도 구미시 대학로 61, 금오공과대학교 산학협력단(양호동)",47100000.0,90.891,효율적 획득업무 수행을 위한 WBS 표준화 연구,중앙행정기관
항공통제기 2차 시설사업 기본계획 수립 연구용역,방위사업청(운영지원과),45100000.0,90.2,2024-07-30,(주)에프오알엠도시건축공간연구소,권시형,양진,"서울특별시 송파구 법원로11길25-0, A동 1310호(문정동, 에이치비즈니스파크)",45100000.0,90.2,항공통제기 2차 시설사업 기본계획 수립 연구용역,중앙행정기관
24년 장기미래비전연구수행 정책연구과제사업,제6619부대,29750000.0,85.155,2024-06-21,사단법인 안보경영연구원,전건욱,조대현,"서울특별시 강남구 언주로527, 10층 (역삼동)",29750000.0,85.155,24년 장기미래비전연구수행 정책연구과제사업,제6619부대
국방 연구개발 법제 개선 연구,국방부(운영지원과),99000000.0,99.697,2024-07-08,한국법제연구원,한영수,이기영,세종특별자치시  국책연구원로15-0 (반곡동),99000000.0,99.697,국방 연구개발 법제 개선 연구,중앙행정기관
의무시설 시설공사비 적정 편성 기준 연구,국방부(운영지원과),38000000.0,95.0,2024-07-15,(주)에프오알엠도시건축공간연구소,권시형,양진,"서울특별시 송파구 법원로11길25-0, A동 1310호(문정동, 에이치비즈니스파크)",38000000.0,95.0,의무시설 시설공사비 적정 편성 기준 연구,중앙행정기관
단안형 야간투시경 조리개 개발 연구용역,제2879부대,,,,,,,,,,단안형 야간투시경 조리개 개발 연구용역,제2879부대
정책현안 연구용역(1. 북한의무기체계와..),국방대학교,24500000.0,97.261,2024-06-21,국방대학교산학협력단,이문걸,이다인,충청남도 논산시 양촌면 황산벌로1040,24500000.0,97.261,정책현안 연구용역(1. 북한의무기체계와..),중앙행정기관
우주안전 발전 생태계(거버넌스) 구축 연구 용역,공군항공안전단,36890000.0,93.515,2024-06-26,한국항공대학교 산학협력단,오현웅,이경은,"경기도 고양시 덕양구 항공대학로76-0 (화전동, 한국항공대학교내)",36890000.0,93.515,우주안전 발전 생태계(거버넌스) 구축 연구 용역,군
휴양시설  기숙사 민·관·군 개발운영 연구용역 ,국군복지단,38677000.0,66.199,2024-06-24,주식회사 플랜에이디벨롭먼트,서은진,서은주,"서울특별시 영등포구 국제금융로8길25, 6층 607호 (여의도동, 주택건설회관)",38677000.0,66.199,휴양시설  기숙사 민·관·군 개발운영 연구용역 ,국군복지단
연구용역(방공포병 준.부사관 특기체계개선방안 연구),공군미사일방어사령부,,,,,,,,,,연구용역(방공포병 준.부사관 특기체계개선방안 연구),군
국방과학기술 전문인력 소요분석 연구,국방부(운영지원과),46200000.0,92.957,2024-07-09,사단법인 안보경영연구원,전건욱,조대현,"서울특별시 강남구 언주로527, 10층 (역삼동)",46200000.0,92.957,국방과학기술 전문인력 소요분석 연구,중앙행정기관
[24-육-128] 예비전력발전세미나 주제 연구(Ⅰ),육군본부,29096400.0,96.798,2024-07-15,육군3사관학교 산학협력단,손창호,강민식,경상북도 영천시 고경면 호국로495-0,29096400.0,96.798,[24-육-128] 예비전력발전세미나 주제 연구(Ⅰ),군
[24-육-129] 예비전력발전세미나 주제 연구(Ⅱ),육군본부,,,,,,,,,,[24-육-129] 예비전력발전세미나 주제 연구(Ⅱ),군
다락대훈련장 간이 갈등영향분석 연구용역(C037),제7군단,23100000.0,93.512,2024-07-01,유한회사 갈등조정센터,백도현,백도현,"경기도 성남시 분당구 탄천상로164, A동 2층 247호(구미동, 시그마2오피스텔)",23100000.0,93.512,다락대훈련장 간이 갈등영향분석 연구용역(C037),제7군단
민간 아웃소싱 시범사업을 위한 제도화 방안 연구,국방부(운영지원과),79999000.0,100.0,2024-07-18,(사단) 한국정치학회,조화순,심장원,서울특별시 마포구 동교로183-11 (동교동) 한국정치학회빌딩 4층 한국정치학회,79999000.0,100.0,민간 아웃소싱 시범사업을 위한 제도화 방안 연구,중앙행정기관
공수지상종합훈련장 선행연구용역(특-24-용-28),특수전사령부,87850000.0,87.747,2024-07-02,주식회사 대홍관리,김금자,장혜민,부산광역시 동구 중앙대로286번길9-0 (초량동) 306호,87850000.0,87.747,공수지상종합훈련장 선행연구용역(특-24-용-28),기관
연구용역(방공포병 준.부사관 특기체계개선방안 연구),공군미사일방어사령부,,,,,,,,,,연구용역(방공포병 준.부사관 특기체계개선방안 연구),군
[24-육-117] AI기반 사격지휘체계 연구,육군본부,,,,,,,,,,[24-육-117] AI기반 사격지휘체계 연구,군
스위치 누름식(연구개발),방위사업청,,,,,,,,,,스위치 누름식(연구개발),중앙행정기관
무기체계 시험평가 사고예방 안전매뉴얼 연구,국방부(운영지원과),28000000.0,98.633,2024-07-23,계명대학교 산학협력단,김범준,정아름,"대구광역시 달서구 달구벌대로1095-0 (신당동, 계명대학교)",28000000.0,98.633,무기체계 시험평가 사고예방 안전매뉴얼 연구,중앙행정기관
자주도하장비 및 특수작전용경전술차량 시설연구용역,방위사업청(운영지원과),52250000.0,95.0,2024-08-06,(주)에프오알엠도시건축공간연구소,권시형,양진,"서울특별시 송파구 법원로11길25-0, A동 1310호(문정동, 에이치비즈니스파크)",52250000.0,95.0,자주도하장비 및 특수작전용경전술차량 시설연구용역,중앙행정기관
중소기업진흥 적용개발무기체계 적정군수지원방안연구,공군군수사령부,56778690.0,79.977,2024-07-10,(사)21세기군사연구소,김진욱,박계향,"서울특별시 금천구 가산디지털2로184, 10층 1017호(가산동, 벽산디지털밸리2차)",56778690.0,79.977,중소기업진흥 적용개발무기체계 적정군수지원방안연구,군
특수작전용대형기동헬기 기종결정 평가방안 연구,방위사업청(운영지원과),33000000.0,94.285,2024-08-26,사단법인 안보경영연구원,전건욱,조대현,"서울특별시 강남구 언주로527, 10층 (역삼동)",33000000.0,94.285,특수작전용대형기동헬기 기종결정 평가방안 연구,중앙행정기관
2024년 방산물자 현황분석 연구용역,방위사업청(운영지원과),95907000.0,99.903,2024-09-02,국방기술품질원,신상범,진수빈,경상남도 진주시 동진로420 (충무공동),95907000.0,99.903,2024년 방산물자 현황분석 연구용역,중앙행정기관
군 복무가치 제고 방안 연구,국방부(운영지원과),49500000.0,100.0,2024-08-13,(사단) 한국정치학회,조화순,심장원,서울특별시 마포구 동교로183-11 (동교동) 한국정치학회빌딩 4층 한국정치학회,49500000.0,100.0,군 복무가치 제고 방안 연구,중앙행정기관
24-성남시 고도제한 완화요구 공공갈등 관리방안 연구,공군본부,23000000.0,76.566,2024-07-18,동국대학교 WISE캠퍼스 산학협력단,반상우,조희정,경상북도 경주시 동대로 123(석장동),23000000.0,76.566,24-성남시 고도제한 완화요구 공공갈등 관리방안 연구,군
병력동원 지정 및 훈련체계 효율화 연구,국방부(운영지원과),,,,,,,,,,병력동원 지정 및 훈련체계 효율화 연구,중앙행정기관
디지털 정비공장 스마트팩토리 구축방안 연구 용역,제2879부대,,,,,,,,,,디지털 정비공장 스마트팩토리 구축방안 연구 용역,제2879부대
한국적 지뢰대응활동표준 작성에 대한 연구,국방부(운영지원과),,,,,,,,,,한국적 지뢰대응활동표준 작성에 대한 연구,중앙행정기관
지뢰 등의 탐지·제거 민간대행에 관한 연구,국방부(운영지원과),,,,,,,,,,지뢰 등의 탐지·제거 민간대행에 관한 연구,중앙행정기관
국방무인체계 총수명주기관리방안 연구,국방부(운영지원과),,,,,,,,,,국방무인체계 총수명주기관리방안 연구,중앙행정기관
민간우수체계기반 전평시 민군 수송물류업무 협력연구,공군군수사령부,37500000.0,76.125,2024-07-31,(사)21세기군사연구소,김진욱,박계향,"서울특별시 금천구 가산디지털2로184, 10층 1017호(가산동, 벽산디지털밸리2차)",37500000.0,76.125,민간우수체계기반 전평시 민군 수송물류업무 협력연구,군
상비병력 규모 최적 결정을 위한 제도 조합 방안 연구,국방부(운영지원과),44891000.0,91.661,2024-08-20,국방대학교산학협력단,이문걸,이다인,충청남도 논산시 양촌면 황산벌로1040,44891000.0,91.661,상비병력 규모 최적 결정을 위한 제도 조합 방안 연구,중앙행정기관
「국방혁신 4.0 기본계획」 수정1호 발전방안 연구,국방부(운영지원과),30900000.0,91.285,2024-08-21,(사)한국전략문제연구소,박정기,박병희,"서울특별시 용산구 청파로 40, 삼구빌딩 1815호(한강로3가)",30900000.0,91.285,「국방혁신 4.0 기본계획」 수정1호 발전방안 연구,중앙행정기관
24-첨단기술활용한 피아식별(인원) 방안연구 용역,공군본부,,,,,,,,,,24-첨단기술활용한 피아식별(인원) 방안연구 용역,군
[24-육-160] 군 보수체계 개선을 위한 연구,육군본부,28050000.0,98.784,2024-08-04,한국법제연구원,한영수,이기영,세종특별자치시  국책연구원로15-0 (반곡동),28050000.0,98.784,[24-육-160] 군 보수체계 개선을 위한 연구,군
사단 간부숙소 신축 선행연구 용역,제5019부대,44500000.0,49.192,2024-08-07,(사)국방시설연구협회,정주교,이도제,"경기도 성남시 수정구 복정로84번길 22-15,(B-001호) (복정동)",44500000.0,49.192,SUPPRESSED,제5019부대
지휘헬기-II 기종결정 평가방안에 관한 정책연구용역,방위사업청(운영지원과),41850000.0,93.0,2024-09-06,사단법인 안보경영연구원,전건욱,조대현,"서울특별시 강남구 언주로527, 10층 (역삼동)",41850000.0,93.0,지휘헬기-II 기종결정 평가방안에 관한 정책연구용역,중앙행정기관
시험평가 인프라 구축 확대 및 종합 관리 방안 연구,방위사업청(운영지원과),,,,,,,,,,시험평가 인프라 구축 확대 및 종합 관리 방안 연구,중앙행정기관
24년 군 주거시설 개선사업 선행연구(2차)(24-GD-69),제2307부대,59999000.0,66.266,2024-08-21,주식회사 한국건설경영기술원,박장권,최민정,경기도 고양시 덕양구 권율대로656-0 (원흥동) 17층 1739호,59999000.0,66.266,24년 군 주거시설 개선사업 선행연구(2차)(24-GD-69),제2307부대
항공용금속재료 가공방법별 기계적물성치측정방안연구,공군군수사령부,67817144.0,82.606,2024-08-26,주식회사피레타,최현선,박한솔,대전광역시 유성구 국제과학3로22-0 (신동),67817144.0,82.606,항공용금속재료 가공방법별 기계적물성치측정방안연구,군
[24-육-188] 안전문화 수준 측정 Tool 개발 연구,육군본부,,,,,,,,,,[24-육-188] 안전문화 수준 측정 Tool 개발 연구,군
[24-육-189] 과학화 동원훈련장 시범사업 추진 연구,육군본부,33333000.0,81.369,2024-09-10,건양대학교 산학협력단,홍영기,김봉환,"충청남도 논산시 대학로 121, 건양대학교 산학협력단(내동)",33333000.0,81.369,[24-육-189] 과학화 동원훈련장 시범사업 추진 연구,군
국방무인체계 총수명주기관리방안 연구,국방부(운영지원과),,,,,,,,,,국방무인체계 총수명주기관리방안 연구,중앙행정기관
무기체계 공급망 관리(SCM) 최적화 프로세스 연구,공군군수사령부,47500000.0,96.545,2024-08-28,광운대학교산학협력단,정영욱,남인선,"서울특별시 노원구 광운로 20(월계동, 광운대학교)",47500000.0,96.545,무기체계 공급망 관리(SCM) 최적화 프로세스 연구,군
기술인력육성 보조사업자 운영성과평가 및 연구,국방부(운영지원과),49120000.0,98.375,2024-09-24,협동조합 미래국방산업네트워크,권호영,권호영,대전광역시 유성구 테크노4로17-0 (관평동) 대덕비즈센터 D동 612호,49120000.0,98.375,기술인력육성 보조사업자 운영성과평가 및 연구,중앙행정기관
24-방공관제 작전제한 해소 추가레이다 설치방안 연구,공군본부,,,,,,,,,,24-방공관제 작전제한 해소 추가레이다 설치방안 연구,군
사단 작전지휘시설 신축사업 선행연구 용역,수도기계화보병사단,48700000.0,50.052,2024-09-13,(사)국방시설연구협회,정주교,이도제,"경기도 성남시 수정구 복정로84번길 22-15,(B-001호) (복정동)",48700000.0,50.052,사단 작전지휘시설 신축사업 선행연구 용역,기관
국방무인체계 총수명주기관리방안 연구,국방부(운영지원과),,,,,,,,,,국방무인체계 총수명주기관리방안 연구,중앙행정기관
24년 국방민원서비스 만족도 조사 연구,국방부(운영지원과),34000000.0,93.378,2024-10-02,알앤알컨설팅 주식회사,조희아,이은경,"서울특별시 서초구 신반포로303, 101호 (잠원동, 에스엘빌딩)",34000000.0,93.378,24년 국방민원서비스 만족도 조사 연구,중앙행정기관
안전하고 신뢰할 수 있는 AI활용 국방가이드라인 연구,국방부(운영지원과),36946000.0,79.999,2024-10-09,주식회사 와이매틱스,방준성,방준성,"대전광역시 유성구 죽동로321-0 (죽동, 죽동금성백조예미지), 102동 201호",36946000.0,79.999,안전하고 신뢰할 수 있는 AI활용 국방가이드라인 연구,중앙행정기관
24-군 상시학습제도 도입 방안 연구 용역,공군본부,,,,,,,,,,24-군 상시학습제도 도입 방안 연구 용역,군
사례분석을 통한 對아세안 국방협력 발전방안 연구,국방부(운영지원과),,,,,,,,,,사례분석을 통한 對아세안 국방협력 발전방안 연구,중앙행정기관
생성형 AI 서비스 구축 방안 정책연구용역,방위사업청(운영지원과),35000000.0,82.84,2024-09-27,세종대학교산학협력단,권현한,우윤지,서울특별시 광진구 군자동98 집현관 216,35000000.0,82.84,생성형 AI 서비스 구축 방안 정책연구용역,중앙행정기관
방위사업계약 및 지체상금 제도 선진화 개선방안 연구,방위사업청(운영지원과),36190000.0,97.81,2024-10-11,법무법인 집현전,봉만수,이태영,"서울특별시 서초구 반포대로106-0 (서초동) 4, 5층",36190000.0,97.81,방위사업계약 및 지체상금 제도 선진화 개선방안 연구,중앙행정기관
예비군법 개정방안 연구,국방부(운영지원과),30000000.0,100.0,2024-10-31,주식회사 입법정책연구원,강남기,김준우,"서울특별시 영등포구 국회대로70길12, 802호 (여의도동,대산빌딩)",30000000.0,100.0,예비군법 개정방안 연구,중앙행정기관
기초비행훈련용헬기 조종계통 시험장비 개발 연구용역,제2879부대,,,,,,,,,,기초비행훈련용헬기 조종계통 시험장비 개발 연구용역,제2879부대
2024년 임상의학연구센터 통계프로그램 구매,국군수도병원,25960000.0,98.036,2024-10-16,주식회사 지니클라우드,박홍련,전희수,"서울특별시 강남구 강남대로62길24-0 (역삼동,해송빌딩)3층",25960000.0,98.036,2024년 임상의학연구센터 통계프로그램 구매,국군수도병원
24-3차 조달 연구장비(의약품 냉동고) 구매,국군의무사령부,19580000.0,97.61,2024-10-16,주식회사 쏠바이오텍,류재산,이연정,"대전광역시 서구 대덕대로319, 2층 212호(월평동, 우림빌딩)",19580000.0,97.61,24-3차 조달 연구장비(의약품 냉동고) 구매,기관
무기체계 유형별 맞춤형 R&D 수행절차 연구,방위사업청(운영지원과),73150000.0,95.0,2018-01-08,사단법인 안보경영연구원,전건욱,이창환,"서울특별시 강남구 언주로527, 10층 (역삼동)",73150000.0,95.0,무기체계 유형별 맞춤형 R&D 수행절차 연구,중앙행정기관
4차 산업혁명  군 적용을 위한 R&D 발전방안 연구,육군본부,21325000.0,84.997,2020-05-04,한성대학교 산학협력단,노광현,박소연,서울특별시 성북구 삼선교로16길116-0 (삼선동2가),21325000.0,84.997,4차 산업혁명  군 적용을 위한 R&D 발전방안 연구,군
국방R&D 과제 평가체계 개선방안 연구,방위사업청(운영지원과),47000000.0,94.0,2022-05-31,사단법인 안보경영연구원,전건욱,윤병찬,"서울특별시 강남구 언주로527, 10층 (역삼동)",47000000.0,94.0,국방R&D 과제 평가체계 개선방안 연구,중앙행정기관
스펙트럼용 분석기 구매,국군재정관리단,71225000.0,88.021,2016-01-29,미래상사,김정윤,김정윤,충청북도 청주시 상당구 월평로250번길6-0 (용암동),71225000.0,88.021,스펙트럼용 분석기 구매,국군재정관리단
교육용 패킷 분석장비 라이선스 구매,4284부대,36645400.0,94.527,2016-02-19,(주)아이디어정보기술,유흥배,최진아,서울특별시 구로구 디지털로34길55-0 (구로동),36645400.0,94.527,교육용 패킷 분석장비 라이선스 구매,4284부대
분석기(회로망용) 구매,국군재정관리단,412768300.0,83.29,2016-02-04,군인공제회,정재관,장대호,서울특별시 강남구 남부순환로 2806(),412768300.0,83.29,분석기(회로망용) 구매,국군재정관리단
분석기세트 3종 구매,국군재정관리단,125381000.0,88.582,2016-02-22,지와이테크놀리지,안가영,안가영,대구광역시 달서구 와룡로45길10-14 (죽전동),125381000.0,88.582,분석기세트 3종 구매,국군재정관리단
대전병원 자동 뇨 분석기 등 소모품 46종 구매,국군재정관리단,77027668.0,88.023,2016-02-16,에스엘(SL)상사,이승기,이승기,충청남도 계룡시 서금암3길16-3 (금암동) 101호,77027668.0,88.023,대전병원 자동 뇨 분석기 등 소모품 46종 구매,국군재정관리단
대전병원 생화학 자동 분석기 소모품 20종 구매,국군재정관리단,60465724.0,88.405,2016-02-16,(주)성광메디피아,박종영,노은희,서울특별시 동대문구 천호대로 157(),60465724.0,88.405,대전병원 생화학 자동 분석기 소모품 20종 구매,국군재정관리단
작전계획분석모델 S/W 성능개선 용역,국군재정관리단,,,,,,,,,,작전계획분석모델 S/W 성능개선 용역,국군재정관리단
16-'17년 대잠작전효과분석모델 성능개선 용역,국군재정관리단,,,,,,,,,,16-'17년 대잠작전효과분석모델 성능개선 용역,국군재정관리단
사이버정보(수집·분석·관리)시스템 구축방안,국방부(운영지원과),33000000.0,86.814,2016-02-18,대전대학교 산학협력단,이영환,,대전광역시 동구 대학로62-0 (용운동),33000000.0,86.814,사이버정보(수집·분석·관리)시스템 구축방안,중앙행정기관
지상전술C4I체계 2차 성능개량 비용분석,방위사업청(운영지원과),40950000.0,91.0,2016-03-16,재단법인 한국군사문제연구원,김형철,,"경기도 성남시 수정구 위례대로83(창곡동, 국방문화센터)",40950000.0,91.0,지상전술C4I체계 2차 성능개량 비용분석,중앙행정기관
76mm 철갑고폭탄 비용분석,방위사업청(운영지원과),37000000.0,92.5,2016-03-09,(주)프라이전트,이성로,,"대전광역시 유성구 대학로 27, 현대리조텔 2층(봉명동)",37000000.0,92.5,76mm 철갑고폭탄 비용분석,중앙행정기관
보코더 특성분석 플랫폼 개발 연구용역,국군재정관리단,98000000.0,98.495,2016-03-11,한양대학교 산학협력단,변중무,이나라,"서울특별시 성동구 왕십리로 222, 한양대학교 내 한양종합기술연구원 110호(행당동)",98000000.0,98.495,보코더 특성분석 플랫폼 개발 연구용역,국군재정관리단
진동분석장비 구매,국군재정관리단,68517911.0,88.446,2016-02-24,대륙씨엠아이 주식회사,이정근,김동희,"경상남도 창원시 진해구 용원남로56번길1, 101 (용원동)",68517911.0,88.446,진동분석장비 구매,국군재정관리단
00 0000 분석체계 구축,국군재정관리단,173417737.0,87.999,2016-04-06,(주)한컴네트워크,박재성,박재성,광주광역시 서구 화정로280번길3(농성동),173417737.0,87.999,00 0000 분석체계 구축,국군재정관리단
K2전차 3차 양산 사업분석,방위사업청(운영지원과),50286849.0,88.222,2016-04-21,육군사관학교 산학협력단,김주희,,서울특별시 노원구 화랑로574-0 (공릉동),50286849.0,88.222,K2전차 3차 양산 사업분석,중앙행정기관
16년 전자파 측정 및 분석장비 개발 용역,국군재정관리단,,,,,,,,,,16년 전자파 측정 및 분석장비 개발 용역,국군재정관리단
16년 전자파 측정 및 분석장비 개발 용역,국군재정관리단,191708000.0,88.778,2016-04-28,라온시스템즈(주),김태호,김태욱,"경기도 군포시 고산로148번길17-0, B동 1303호, 1304호, 1305호(당정동, 군포IT밸리)",191708000.0,88.778,16년 전자파 측정 및 분석장비 개발 용역,국군재정관리단
16년도 급식분야 시범사업 추진분석 및 개선방안 연구,국방부(운영지원과),32000000.0,96.723,2016-04-25,(사)한국식품기술사협회,박온서,,"서울특별시 송파구 법원로127-0 (문정동,대명벨리온)1117,1118호",32000000.0,96.723,16년도 급식분야 시범사업 추진분석 및 개선방안 연구,중앙행정기관
대잠훈련분석체계(AEAS) 유지보수 용역,해군군수사령부,12850000.0,67.111,2016-04-04,주식회사 시스텍,고윤안,고윤안,"경기도 안성시 대덕면 서동대로4726, 중앙대학교 생활과학관 609관 2층",12850000.0,67.111,대잠훈련분석체계(AEAS) 유지보수 용역,군
항-16-007 자동면역분석기 시약 등 35종,공군사관학교,60299782.0,88.055,2016-03-29,하이펙 주식회사,박상욱,조대근,"경기도 김포시 태장로795번길23 (장기동) 마스터비즈파크 R124, 7층 729-732호",60299782.0,88.055,항-16-007 자동면역분석기 시약 등 35종,군
분석기(비행조종계통 점검용)외1종 구매(16-38),공군제15특수임무비행단,,,,,,,,,,분석기(비행조종계통 점검용)외1종 구매(16-38),군
분석기(비행조종계통 점검용)외1종 구매(16-38),공군제15특수임무비행단,179650000.0,85.195,2016-05-31,주식회사 다윈에어로테크,정중식,정중식,경기도 수원시 영통구 신원로306-0 (원천동) 이노플렉스 1동 1101호,179650000.0,85.195,분석기(비행조종계통 점검용)외1종 구매(16-38),군
북한의 기뢰전 전술 분석 및 대응책 연구,해군본부,17500000.0,98.95,2016-04-06,사단법인 대한민국해군발전협회,엄현성,이종범,서울특별시 영등포구 여의대방로43나길20-0 (신길동),17500000.0,98.95,북한의 기뢰전 전술 분석 및 대응책 연구,군
16년 정보분석지원체계 유지보수 용역,국군재정관리단,409080000.0,87.802,2016-03-07,케이투웹테크(주),김태일,이수형,"서울특별시 금천구 가마산로96, 1510호 (가산동, 대륭테크노타운8)",409080000.0,87.802,16년 정보분석지원체계 유지보수 용역,국군재정관리단
16년 정비지원부대 직무값 기반의 직무분석 연구용역,국군재정관리단,45100000.0,74.789,2016-04-07,(주) 한국능률협회컨설팅,한수희,주진형,서울특별시 영등포구 여의공원로 101(여의도동),45100000.0,74.789,16년 정비지원부대 직무값 기반의 직무분석 연구용역,국군재정관리단
X-RAY 형광분석기 구매,국군재정관리단,252000000.0,83.246,2016-03-16,(주)인콘,박종진,함혜련,"경기도 안양시 동안구 귀인로1, 4층 (호계동)",252000000.0,83.246,X-RAY 형광분석기 구매,국군재정관리단
대전병원 생화학자동분석기 소모품 60종 구매,국군재정관리단,64816000.0,88.015,2016-03-11,미소커뮤니케이션,이효정,이효정,서울특별시 영등포구 경인로763-0 (문래동3가) 제9호,64816000.0,88.015,대전병원 생화학자동분석기 소모품 60종 구매,국군재정관리단
해양 무인무기체계별 효과도 분석 통한 전력소요 검증,해군본부,26400000.0,93.22,2016-04-08,CAT,허정행,허정행,대전광역시 대덕구 한밭대로1158-0 (중리동) 707-1,26400000.0,93.22,해양 무인무기체계별 효과도 분석 통한 전력소요 검증,군
2016년 제2회 국방 분석평가관계관 워크숍 위탁운영,국방부(운영지원과),17800000.0,89.0,2016-03-30,넥스트에이비,조인태,,"강원특별자치도 춘천시 서면 경춘로1517-23, NAB R&D큐브",17800000.0,89.0,2016년 제2회 국방 분석평가관계관 워크숍 위탁운영,중앙행정기관
땅굴징후지역 지층탐사 정밀분석 용역,육군본부,,,,,,,,,,땅굴징후지역 지층탐사 정밀분석 용역,군
땅굴징후지역 지층탐사 정밀분석 용역,육군본부,,,,,,,,,,땅굴징후지역 지층탐사 정밀분석 용역,군
오일분광분석장비 유지보수,공군군수사령부,,,,,,,,,,오일분광분석장비 유지보수,군
전파환경측정 분석장비 유지보수,공군군수사령부,,,,,,,,,,전파환경측정 분석장비 유지보수,군
전파환경측정 분석장비 유지보수,공군군수사령부,88382630.0,87.916,2016-05-10,(주)알에프넷,손태환,남대현,"경기도 안양시 동안구 학의로268, 7층 708호 (관양동, 안양메가벨리)",88382630.0,87.916,전파환경측정 분석장비 유지보수,군
수사자료분석용 서버 구매설치,육군본부,9574000.0,87.997,2016-04-19,주식회사엔지아이,권수민,권수민,"서울특별시 강남구 테헤란로4길15, 15층 1503호 (역삼동, 메가시티오피스텔)",9574000.0,87.997,수사자료분석용 서버 구매설치,군
음원수집장비 및 음원분석 워크스테이션 구매설치,국군재정관리단,,,,,,,,,,음원수집장비 및 음원분석 워크스테이션 구매설치,국군재정관리단
음원수집장비 및 음원분석 워크스테이션 구매설치,국군재정관리단,,,,,,,,,,음원수집장비 및 음원분석 워크스테이션 구매설치,국군재정관리단
인터넷접속/전자우편 통제 및 분석체계 교체사업,국군재정관리단,320000000.0,60.568,2016-07-25,(주)시큐에이스,김종하,이희섭,"서울특별시 송파구 중대로105-0 (가락동, 가락 ID TOWER),302호",320000000.0,60.568,인터넷접속/전자우편 통제 및 분석체계 교체사업,국군재정관리단
정밀측정장비(스펙트럼분석기 등 4종) 구매,국군재정관리단,449182316.0,83.101,2016-06-28,(유)목양,임정숙,채희연,충청남도 논산시 연무읍 연무로 320(),449182316.0,83.101,정밀측정장비(스펙트럼분석기 등 4종) 구매,국군재정관리단
0000 수집/분석장비 구매,국군재정관리단,3995200000.0,89.981,2016-08-05,주식회사 우리별,이정석,김남희,경기도 김포시 양촌읍 황금1로89 (학운리2962),3995200000.0,89.981,0000 수집/분석장비 구매,국군재정관리단
16-상층대기 분석장비 외주정비,공군제17전투비행단,51237610.0,85.484,2016-06-21,주식회사 명품시스템,이명아,이성태,대전광역시 서구 계룡로408-0 (갈마동),51237610.0,85.484,16-상층대기 분석장비 외주정비,군
교육장비(질량분석기) 구매,국군재정관리단,178161000.0,88.31,2016-06-28,주)삼성공조시스템,정순오,김인해,광주광역시 서구 상무대로956번길25-0 (쌍촌동),178161000.0,88.31,교육장비(질량분석기) 구매,국군재정관리단
16년 작전지속지원분석모델 유지보수 용역,국군재정관리단,210524827.0,88.574,2016-06-08,트루인터페이스(주),김영국,김영진,"서울특별시 강남구 봉은사로129-0 (논현동, 거평타운오피스텔) 1126호",210524827.0,88.574,16년 작전지속지원분석모델 유지보수 용역,국군재정관리단
정밀측정장비(레벨분석기) 구매,국군재정관리단,88036200.0,88.123,2016-06-10,(주)한일,김동신,김동신,전라남도 목포시 용당로225-1 (용당동),88036200.0,88.123,정밀측정장비(레벨분석기) 구매,국군재정관리단
화학작용제 자동분석기 MM-1 외주정비,방위사업청,,,,,,,,,,화학작용제 자동분석기 MM-1 외주정비,중앙행정기관
화학작용제 자동분석기 MM-1 외주정비,방위사업청,,,,,,,,,,화학작용제 자동분석기 MM-1 외주정비,중앙행정기관
사이버위협 분석체계 개선사업,국군재정관리단,540550000.0,96.204,2016-06-13,주식회사코넥,오상석,양상원,"경상남도 진주시 장대로 38, 현대빌딩 4층(장대동)",540550000.0,96.204,사이버위협 분석체계 개선사업,국군재정관리단
전구급 항공작전 분석모델의 표적가중치 산정 연구,공군본부,43000000.0,87.243,2016-06-13,사단법인 안보경영연구원,전건욱,황병윤,"서울특별시 강남구 언주로527, 10층 (역삼동)",43000000.0,87.243,전구급 항공작전 분석모델의 표적가중치 산정 연구,군
대형기동헬기(CH/HH-47D) 성능개량사업 비용분석,방위사업청(운영지원과),35200000.0,88.0,2016-09-09,사단법인 안보경영연구원,전건욱,,"서울특별시 강남구 언주로527, 10층 (역삼동)",35200000.0,88.0,대형기동헬기(CH/HH-47D) 성능개량사업 비용분석,중앙행정기관
항-16-047 050 자동면역분석기 등 42종,공군사관학교,43453100.0,88.26,2016-09-02,주식회사 서경약품,최미옥,김민영,서울특별시 동대문구 장한로27길29 (장안동) 201비호,43453100.0,88.26,항-16-047 050 자동면역분석기 등 42종,군
주요 선진국의 획득제도 사례분석을 통한 시사점 연구,방위사업청(운영지원과),41850000.0,93.0,2016-10-13,사단법인 안보경영연구원,전건욱,,"서울특별시 강남구 언주로527, 10층 (역삼동)",41850000.0,93.0,주요 선진국의 획득제도 사례분석을 통한 시사점 연구,중앙행정기관
국방 의료정보 빅데이터 분석체계 구축사업 연구용역,국군재정관리단,98000000.0,99.497,2016-08-23,주식회사에이스게이트,김시근,황병수,서울특별시 서초구 방배로19길21-0 (방배동),98000000.0,99.497,국방 의료정보 빅데이터 분석체계 구축사업 연구용역,국군재정관리단
항공기 시동장비(편제장비보강사업) 사업분석,방위사업청(운영지원과),46640140.0,96.165,2016-09-13,육군사관학교 산학협력단,김주희,,서울특별시 노원구 화랑로574-0 (공릉동),46640140.0,96.165,항공기 시동장비(편제장비보강사업) 사업분석,중앙행정기관
산소분석기 1종,해군군수사령부,,,,,,,,,,산소분석기 1종,군
군수업무 빅데이터 분석/활용체계 구축시범사업,국군재정관리단,270000000.0,91.127,2016-09-22,주식회사 베가스,김도현,김성연,"서울특별시 중구 세종대로39, 대한상공회의소 6층(남대문로4가)",270000000.0,91.127,군수업무 빅데이터 분석/활용체계 구축시범사업,국군재정관리단
00 징후분석체계 구축,국군재정관리단,486669370.0,83.007,2016-08-25,대신정보통신 주식회사,이재원,김예나,"광주광역시 서구 상무중앙로110-0 (치평동, 광주보험회관)",486669370.0,83.007,00 징후분석체계 구축,국군재정관리단
다목적훈련지원정 후속함(양산)사업 비용분석,방위사업청(운영지원과),36000000.0,90.0,2016-09-27,한남대학교 산학협력단,김태동,,대전광역시 유성구 유성대로1646-0 (전민동),36000000.0,90.0,다목적훈련지원정 후속함(양산)사업 비용분석,중앙행정기관
교육장비(질량분석기) 구매,국군재정관리단,197479700.0,97.21,2016-08-09,유한회사 한빛기업,박미경,이연미,"광주광역시 북구 양일로168-10, 비동 1층(양산동)",197479700.0,97.21,교육장비(질량분석기) 구매,국군재정관리단
지형분석장비 구매설치,국군재정관리단,668800000.0,82.996,2016-07-13,주식회사 콤텍정보통신,김수상,정현석,서울특별시 서초구 반포대로13-0 (서초동),668800000.0,82.996,지형분석장비 구매설치,국군재정관리단
BigData /vc를 활용한 무기체계 효과분석 연구,해군본부,13900000.0,48.319,2016-08-25,주식회사 서남아이에스,양선원,이기찬,서울특별시 금천구 디지털로130-0 남성프라자 9층 912호  (가산동),13900000.0,48.319,BigData /vc를 활용한 무기체계 효과분석 연구,군
BigData/VC를 활용한 무기체계 효과분석 연구,해군본부,,,,,,,,,,BigData/VC를 활용한 무기체계 효과분석 연구,군
전력지원체계OMS/MP및RAM분석/LSA적용방안연구,육군본부,31230000.0,80.759,2016-12-02,(사)21세기군사연구소,김진욱,박계향,"서울특별시 금천구 가산디지털2로184, 10층 1017호(가산동, 벽산디지털밸리2차)",31230000.0,80.759,전력지원체계OMS/MP및RAM분석/LSA적용방안연구,군
항-16-059 062 066 질량분석기 소모품 등 72종,공군사관학교,37800000.0,92.107,2016-11-08,바다메디칼,최경환,최경환,충청북도 청주시서원구 개신동446-2,37800000.0,92.107,항-16-059 062 066 질량분석기 소모품 등 72종,군
레이더 시험세트(스펙트럼 분석기 등 4종) 구매,국군재정관리단,89471640.0,88.217,2016-11-16,(주)트리콤미디어,어 기호,이승원,서울특별시 강서구 양천로401-0 (가양동) 강서한강자이 A-704,89471640.0,88.217,레이더 시험세트(스펙트럼 분석기 등 4종) 구매,국군재정관리단
항-16-069 자동면역분석기 시약 등 37종,공군사관학교,39852731.0,89.857,2016-11-09,제일공사,윤은희,진주,충청북도 청주시 청원구 율봉로159번길73-1 (율량동),39852731.0,89.857,항-16-069 자동면역분석기 시약 등 37종,군
자동염기서열분석기 소모품 구매 설치,국군재정관리단,65494000.0,89.205,2016-10-25,에이티지씨(ATGC),김재일,김재일,"서울특별시 금천구 서부샛길606, A동 2407호 (가산동, 대성디폴리스)",65494000.0,89.205,자동염기서열분석기 소모품 구매 설치,국군재정관리단
진동분석시험장비 진동감지센서 등 16종 구매,제2879부대,,,,,,,,,,진동분석시험장비 진동감지센서 등 16종 구매,제2879부대
진동분석시험장비 진동감지센서 등 16종 구매,제2879부대,,,,,,,,,,진동분석시험장비 진동감지센서 등 16종 구매,제2879부대
산소분석기 1종,해군군수사령부,8360000.0,94.031,2016-10-18,유더블유티,이기성,정성채,서울특별시 강동구 성내동245-4,8360000.0,94.031,산소분석기 1종,군
음원수집장비 및 음원분석 워크스테이션 구매,국군재정관리단,,,,,,,,,,음원수집장비 및 음원분석 워크스테이션 구매,국군재정관리단
음원수집장비 및 음원분석 워크스테이션 구매,국군재정관리단,,,,,,,,,,음원수집장비 및 음원분석 워크스테이션 구매,국군재정관리단
입체영상 처리 및 분석장비 구매,국군재정관리단,673520000.0,83.451,2016-09-29,주식회사 케이원,송관섭,전대석,"서울특별시 금천구 가산디지털2로14,  14층 1405, 1406호(가산동)",673520000.0,83.451,입체영상 처리 및 분석장비 구매,국군재정관리단
F404 엔진 경향성분석 및 상태진단 프로그램개발 용역,국군재정관리단,,,,,,,,,,F404 엔진 경향성분석 및 상태진단 프로그램개발 용역,국군재정관리단
인터넷접속/전자우편 통제 및 분석체계 교체사업 리스,국군재정관리단,,,,,,,,,,인터넷접속/전자우편 통제 및 분석체계 교체사업 리스,국군재정관리단
인터넷접속/전자우편 통제 및 분석체계 교체사업 리스,국군재정관리단,,,,,,,,,,인터넷접속/전자우편 통제 및 분석체계 교체사업 리스,국군재정관리단
관제레이더 장애징후분석 및 원격감시체계구축,국군재정관리단,291000000.0,98.199,2016-12-09,사이모빌 주식회사,정재호,최용찬,경기도 안양시 동안구 시민대로161-0 (비산동) 안양무역센타 8층 312호,291000000.0,98.199,관제레이더 장애징후분석 및 원격감시체계구축,국군재정관리단
17년 분석용 모델 유지보수 용역,국군재정관리단,,,,,,,,,,17년 분석용 모델 유지보수 용역,국군재정관리단
17년 분석용 모델 유지보수 용역,국군재정관리단,291400000.0,88.697,2016-12-28,트루인터페이스(주),김영국,김영진,"서울특별시 강남구 봉은사로129-0 (논현동, 거평타운오피스텔) 1126호",291400000.0,88.697,17년 분석용 모델 유지보수 용역,국군재정관리단
17년 작전지속지원분석모델 유지보수 용역,국군재정관리단,,,,,,,,,,17년 작전지속지원분석모델 유지보수 용역,국군재정관리단
17년 작전지속지원분석모델 유지보수 용역,국군재정관리단,,,,,,,,,,17년 작전지속지원분석모델 유지보수 용역,국군재정관리단
감정장비(자동염기서열분석기 등 2종) 검교정 용역,국방부조사본부,,,,,,,,,,감정장비(자동염기서열분석기 등 2종) 검교정 용역,중앙행정기관
17-1 상층대기분석장비(UAAS-10) 외주정비,공군제17전투비행단,47857900.0,88.499,2016-12-27,(주)액티브솔루션,김종원,김종원,"서울특별시 송파구 오금로19길6, 202호(방이동)",47857900.0,88.499,17-1 상층대기분석장비(UAAS-10) 외주정비,군
000사업 핸드형 네트워크 분석기 구매,제3707부대,81271630.0,88.053,2016-12-15,대지이앤씨산업 주식회사,안성원,안성원,서울특별시 금천구 시흥대로97-0 (시흥동)2동 316호,81271630.0,88.053,000사업 핸드형 네트워크 분석기 구매,제3707부대
합동작전분석모델-Ⅱ 탐색개발,방위사업청,1357540000.0,,2017-02-16,(주)심네트,차진섭,,대전광역시 유성구 죽동로157-0 (죽동),1357540000.0,,합동작전분석모델-Ⅱ 탐색개발,중앙행정기관
17년 분광분석 폭발물탐지 연구용역,육군공병학교,,,,,,,,,,17년 분광분석 폭발물탐지 연구용역,군
17년 분광분석 폭발물탐지 연구용역,육군공병학교,,,,,,,,,,17년 분광분석 폭발물탐지 연구용역,군
풍력발전기에 의한 레이더 영향성 분석용역,국군재정관리단,87083964.0,98.312,2017-04-06,연세대학교 산학협력단,김지현,김현정,"서울특별시 서대문구 연세로 50, 연세대학교(신촌동)",87083964.0,98.312,풍력발전기에 의한 레이더 영향성 분석용역,국군재정관리단
대잠훈련분석체계(AEAS) 유지보수 용역,해군군수사령부,31064000.0,87.808,2017-03-17,한양무선통신,최영복,최영복,경상남도 창원시 의창구 팔용로 399(),31064000.0,87.808,대잠훈련분석체계(AEAS) 유지보수 용역,군
통일후육군구조(안)에대한 합참과 육군(안)에대한분석,육군본부,,,,,,,,,,통일후육군구조(안)에대한 합참과 육군(안)에대한분석,군
통일후육군구조(안)에대한 합참과 육군(안)에대한분석,육군본부,,,,,,,,,,통일후육군구조(안)에대한 합참과 육군(안)에대한분석,군
50년 함건조 사례분석 및 발전방안 정립 연구 용역,해군본부,,,,,,,,,,50년 함건조 사례분석 및 발전방안 정립 연구 용역,군
주요체계 사이버위협분석 및 대응방안 연구용역,해군본부,22825000.0,78.391,2017-03-17,(주)두두아이티,박영선,김중곤,"서울특별시 금천구 가마산로96-0, 213호(가산동, 대륭테크노타운8차)",22825000.0,78.391,주요체계 사이버위협분석 및 대응방안 연구용역,군
전파환경측정 분석장비 유지보수,공군군수사령부,98036400.0,87.969,2017-03-03,라온시스템즈(주),김태호,최승룡,"경기도 군포시 고산로148번길17-0, B동 1303호, 1304호, 1305호(당정동, 군포IT밸리)",98036400.0,87.969,전파환경측정 분석장비 유지보수,군
생존성 향상을 위한 개인 부대방호 능력 분석 연구,육군교육사령부,14933000.0,77.955,2017-03-23,(사)21세기군사연구소,김진욱,박계향,"서울특별시 금천구 가산디지털2로184, 10층 1017호(가산동, 벽산디지털밸리2차)",14933000.0,77.955,생존성 향상을 위한 개인 부대방호 능력 분석 연구,군
한국적 PKO 현 기반체계의 문제점 분석과 발전 방안,육군교육사령부,15400000.0,79.416,2017-03-23,사단법인 한국국가전략연구원,한민구,이상규,"서울특별시 용산구 한강대로62길41, 3층 (한강로1가)",15400000.0,79.416,한국적 PKO 현 기반체계의 문제점 분석과 발전 방안,군
전쟁양상을 고려한 전사자 관리의 분석 및 발전 연구,육군교육사령부,16900000.0,87.206,2017-03-23,(사)한국전략문제연구소,박정기,구종우,"서울특별시 용산구 청파로 40, 삼구빌딩 1815호(한강로3가)",16900000.0,87.206,전쟁양상을 고려한 전사자 관리의 분석 및 발전 연구,군
중형기동헬기(UH/HH-60) 성능개량사업 비용분석,방위사업청(운영지원과),41800000.0,92.888,2017-02-10,(주)프라이전트,이성로,,"대전광역시 유성구 대학로 27, 현대리조텔 2층(봉명동)",41800000.0,92.888,중형기동헬기(UH/HH-60) 성능개량사업 비용분석,중앙행정기관
중합염기서열분석기 구매,국군재정관리단,117855000.0,88.541,2017-02-14,(주)대한티앤에스,정창호,임규옥,"충청북도 청주시 흥덕구 봉명로31 티원타워 지식산업센터 119호, 416,417호",117855000.0,88.541,중합염기서열분석기 구매,국군재정관리단
음향분석체계 개발사업,국군재정관리단,535000000.0,100.149,2017-03-09,주식회사 시스코어,김병권,성종영,경기도 용인시 기흥구 용구대로2335번길43 (마북동 494-4),535000000.0,100.149,음향분석체계 개발사업,국군재정관리단
전투실험 설계 및 결과 분석 방법 연구용역,육군교육사령부,18000000.0,86.131,2017-02-07,사단법인 안보경영연구원,전건욱,황병윤,"서울특별시 강남구 언주로527, 10층 (역삼동)",18000000.0,86.131,전투실험 설계 및 결과 분석 방법 연구용역,군
대대급이하 전투지휘체계(B2CS) 양산사업 비용분석,방위사업청(운영지원과),31800000.0,79.5,2017-02-20,(주)심네트,차진섭,,대전광역시 유성구 죽동로157-0 (죽동),31800000.0,79.5,대대급이하 전투지휘체계(B2CS) 양산사업 비용분석,중앙행정기관
전평시 국가 화생방전 대응체계 발전방향 M&S 분석,합동참모본부,39284000.0,101.573,2017-05-02,고려대학교산학협력단,권정환,정기쁨,"서울특별시 성북구 안암로145 (안암동5가, 고려대학교)",39284000.0,101.573,전평시 국가 화생방전 대응체계 발전방향 M&S 분석,합동참모본부
항-17-018 자동연역분석기 시약 등 37종,공군사관학교,38424000.0,88.201,2017-04-04,MK메디칼,조노희,조노희,"충청북도 청주시 서원구 수곡로99번길32-2, 101호(수곡동)",38424000.0,88.201,항-17-018 자동연역분석기 시약 등 37종,군
최근 전력화 장비·물자 ILS 분석 및 개선방안 연구,국방부(운영지원과),80000000.0,90.726,2017-04-28,사단법인 미래안보산업전략연구원,박종재,박종재,서울특별시 영등포구 영등포로35길10-0 (영등포동6가) 8층 809호,80000000.0,90.726,최근 전력화 장비·물자 ILS 분석 및 개선방안 연구,중앙행정기관
열중량분석기 등 1종 구매,제2879부대,44347500.0,88.487,2017-04-20,와이피글로벌,김평희,김평희,"서울특별시 강동구 천중로39길19-9 (천호동, 지원골드아파트) 401호",44347500.0,88.487,열중량분석기 등 1종 구매,제2879부대
17년 사이버 침해사고 조사/분석체계 도입사업,국군재정관리단,230946590.0,83.317,2017-04-14,주식회사 리눅스데이타시스템,정정모,문효연,"서울특별시 강남구 봉은사로114길 40, 홍선빌딩 2층(삼성동)",230946590.0,83.317,17년 사이버 침해사고 조사/분석체계 도입사업,국군재정관리단
정보분석조용 보관낭 구매,제9691부대,2360000.0,94.999,2017-04-06,영화산업,전병욱,전병욱,경기도 안양시 만안구 냉천로203번길 4(),2360000.0,94.999,정보분석조용 보관낭 구매,제9691부대
0000 00 체계 분석 자재 구매,국군재정관리단,130582100.0,88.053,2017-05-08,주식회사 희망에어텍,황조연,김종천,서울특별시 서초구 서리풀길4,130582100.0,88.053,0000 00 체계 분석 자재 구매,국군재정관리단
제주기지 전개잠수함 저주파분석훈련장 구축사업,국군재정관리단,309883125.0,86.915,2017-04-07,주식회사 아레스,김진원,유선미,대전광역시 유성구 노은로170-0 (지족동) 스타시티빌딩 6층,309883125.0,86.915,제주기지 전개잠수함 저주파분석훈련장 구축사업,국군재정관리단
분광광도계 수질분석형 1EA,해군군수사령부,19950700.0,75.624,2017-03-21,(주)에스티앤비,김 용희,김용희,경기도 양주시 장흥면 권율로86-1 (그린숲타운)108동502호,19950700.0,75.624,분광광도계 수질분석형 1EA,군
2017년 제3회 국방 분석평가관계관 워크숍 위탁운영,국방부(운영지원과),19000000.0,95.0,2017-04-03,주식회사 제니컨벤션,조은미,조은미,서울특별시 영등포구 국제금융로6길33-0 (여의도동),19000000.0,95.0,2017년 제3회 국방 분석평가관계관 워크숍 위탁운영,중앙행정기관
잠수함 근무환경의 분석 및 건강모델개발 용역,국군의무사령부,39818040.0,80.753,2017-05-17,가천대학교산학협력단,송윤재,김보경,경기도 성남시 수정구 성남대로1342-0 (복정동),39818040.0,80.753,잠수함 근무환경의 분석 및 건강모델개발 용역,기관
잠수함 근무환경의 분석 및 건강모델개발 용역,국군의무사령부,,,,,,,,,,잠수함 근무환경의 분석 및 건강모델개발 용역,기관
17년 비용분석모델(PRICE) 유지보수 용역,해군본부,,,,,,,,,,17년 비용분석모델(PRICE) 유지보수 용역,군
17년 비용분석모델(PRICE) 유지보수 용역,해군본부,,,,,,,,,,17년 비용분석모델(PRICE) 유지보수 용역,군
스펙트럼용 분석기 구매,국군재정관리단,63799890.0,88.06,2017-03-28,동우씨엠 서청주지사,이귀숙,이귀숙,충청북도 청주시 흥덕구 흥덕로 126(),63799890.0,88.06,스펙트럼용 분석기 구매,국군재정관리단
철근콘크리트 방폭문 파괴거동분석 및 실증실험 연구,육군공병학교,,,,,,,,,,철근콘크리트 방폭문 파괴거동분석 및 실증실험 연구,군
17-방공관제사-4 보급수송 신호 분석기,공군방공관제사령부,46291190.0,88.422,2017-03-29,드림인텍(주),김민지,김재욱,"서울특별시 용산구 청파로349-0 (서계동,보은개발빌딩)",46291190.0,88.422,17-방공관제사-4 보급수송 신호 분석기,군
스펙트럼용 분석기 등 3종 4대 구매,공군군수사령부,74239000.0,65.931,2017-03-29,주식회사 아이에스오토,박순천,이동근,경기도 동두천시 벌마들로24-0 (상패동),74239000.0,65.931,스펙트럼용 분석기 등 3종 4대 구매,군
수치해석을통한폭발하중받는강재구조물의거동분석용역,국방시설본부,,,,,,,,,,수치해석을통한폭발하중받는강재구조물의거동분석용역,중앙행정기관
수치해석을통한폭발하중받는강재구조물의거동분석용역,국방시설본부,,,,,,,,,,수치해석을통한폭발하중받는강재구조물의거동분석용역,중앙행정기관
17년 지형분석 기초자료 구축사업,국군재정관리단,,,,,,,,,,17년 지형분석 기초자료 구축사업,국군재정관리단
적 사이버공격 의도분석 지표개발 및 평가방안 연구,국방부(운영지원과),32000000.0,84.217,2017-05-24,대전대학교 산학협력단,이영환,전영은,대전광역시 동구 대학로62-0 (용운동),32000000.0,84.217,적 사이버공격 의도분석 지표개발 및 평가방안 연구,중앙행정기관
모바일기기 증거분석체계 구매(교체),국군재정관리단,,,,,,,,,,모바일기기 증거분석체계 구매(교체),국군재정관리단
모바일기기 증거분석체계 구매(교체),국군재정관리단,378612000.0,83.602,2017-08-03,주식회사 윈미디텍,강명환,장우진,"서울특별시 영등포구 경인로 775, 2동 1202호(문래동3가, BJM)",378612000.0,83.602,모바일기기 증거분석체계 구매(교체),국군재정관리단
신분별 직무분석을 통한 적정 계급구조 연구,공군본부,,,,,,,,,,신분별 직무분석을 통한 적정 계급구조 연구,군
신분별 직무분석을 통한 적정 계급구조 연구,공군본부,,,,,,,,,,신분별 직무분석을 통한 적정 계급구조 연구,군
사격지휘차량 양산사업 비용분석,방위사업청(운영지원과),36000000.0,90.0,2017-07-12,한남대학교 산학협력단,김태동,,대전광역시 유성구 유성대로1646-0 (전민동),36000000.0,90.0,사격지휘차량 양산사업 비용분석,중앙행정기관
17년 지형분석장비 물품 구매설치,한미연합군사령부,,,,,,,,,,17년 지형분석장비 물품 구매설치,기관
17년 지형분석장비 물품 구매설치,한미연합군사령부,34497820.0,88.49,2017-06-28,(주)조은아이앤에스,정형수,임수진,"서울특별시 영등포구 선유로 70, 우리벤처타운2303호(문래동3가)",34497820.0,88.49,17년 지형분석장비 물품 구매설치,기관
발칸 열영상 야간조준기 양산사업 비용분석,방위사업청(운영지원과),30000000.0,85.714,2017-07-28,(주)심네트,차진섭,이창환,대전광역시 유성구 죽동로157-0 (죽동),30000000.0,85.714,발칸 열영상 야간조준기 양산사업 비용분석,중앙행정기관
17년 모바일 분석체계 성능개선 사업,국군재정관리단,168836040.0,88.439,2017-06-21,씨지에스아이티(주),최규식,최규식,"서울특별시 금천구 가산디지털1로1-0 (가산동, 더루벤스밸리) 1208호",168836040.0,88.439,17년 모바일 분석체계 성능개선 사업,국군재정관리단
우수 상용품 시범사용 실태분석 및 개선방안 용역,국방부(운영지원과),47000000.0,95.937,2018-07-03,재단법인한국조달연구원,백명기,박은하,"서울특별시 강남구 언주로319, 5층,6층(역삼동,조우회관)",47000000.0,95.937,우수 상용품 시범사용 실태분석 및 개선방안 용역,중앙행정기관
유류시험장비(금속성분분석기(ICP))구매,국군재정관리단,140120000.0,89.686,2018-06-07,(주)유로사이언스,이기용,배민희,"경기도 성남시 중원구 둔촌대로457번길 27, 우림라이온스밸리1차815(상대원동)",140120000.0,89.686,유류시험장비(금속성분분석기(ICP))구매,국군재정관리단
대포병탐지레이더-Ⅱ 후속군수지원방안 사업분석,방위사업청(운영지원과),51840000.0,90.0,2018-08-10,사단법인 안보경영연구원,전건욱,석재민,"서울특별시 강남구 언주로527, 10층 (역삼동)",51840000.0,90.0,대포병탐지레이더-Ⅱ 후속군수지원방안 사업분석,중앙행정기관
2.75유도로켓 창정비 비용 대 효과분석 연구용역,제9691부대,18000000.0,74.925,2018-05-18,재단법인 한국군사문제연구원,김형철,이수행,"경기도 성남시 수정구 위례대로83(창곡동, 국방문화센터)",18000000.0,74.925,2.75유도로켓 창정비 비용 대 효과분석 연구용역,제9691부대
항 18-029 자동면역분석기 시약 등 53종 구매,공군사관학교,26725830.0,88.042,2018-05-03,제일공사,윤은희,진주,충청북도 청주시 청원구 율봉로159번길73-1 (율량동),26725830.0,88.042,항 18-029 자동면역분석기 시약 등 53종 구매,군
인터넷 패킷저장분석체계 구축사업(리스물건),국군재정관리단,393800000.0,64.828,2018-07-18,주식회사 윈스,김보연,엄재훈,경기도 성남시 분당구 판교로228번길15-0 (삼평동) 윈스동 4층,393800000.0,64.828,인터넷 패킷저장분석체계 구축사업(리스물건),국군재정관리단
공개출처정보(OSINT) 활용 사이버위협 분석방안 연구,4284부대,39884834.0,90.319,2018-06-26,육군사관학교 산학협력단,김주희,양정학,서울특별시 노원구 화랑로574-0 (공릉동),39884834.0,90.319,공개출처정보(OSINT) 활용 사이버위협 분석방안 연구,4284부대
급식유통센터 성과분석 및 (경남권)필요성 연구,국방부(운영지원과),,,,,,,,,,급식유통센터 성과분석 및 (경남권)필요성 연구,중앙행정기관
급식유통센터 성과분석 및 (경남권)필요성 연구,국방부(운영지원과),41500000.0,99.939,2018-06-18,주식회사 신나는세상,가회광,가회광,"서울특별시 구로구 디지털로288, 18층 1806호(구로동, 대륭포스트타워1차)",41500000.0,99.939,급식유통센터 성과분석 및 (경남권)필요성 연구,중앙행정기관
18년 해군 전자정보 종합분석체계 개발사업,국군재정관리단,2868800000.0,78.639,2018-06-11,(주)지인시스템,정안수,김수정,"서울특별시 송파구 송파대로167 , 비동 1303호 (문정동, 문정역테라타워)",2868800000.0,78.639,18년 해군 전자정보 종합분석체계 개발사업,국군재정관리단
18-직무분석을 통한 계급/직급 책정기준 연구,해군본부,45000000.0,97.751,2018-07-26,(주)휴먼이퀘이션,이홍민,조명희,"서울특별시 마포구 마포대로 12, 한신오피스텔(마포동)",45000000.0,97.751,18-직무분석을 통한 계급/직급 책정기준 연구,군
스펙트럼분석기 등 5종 구매,국군재정관리단,289608200.0,83.122,2018-05-24,씨지에스아이티(주),최규식,최규식,"서울특별시 금천구 가산디지털1로1-0 (가산동, 더루벤스밸리) 1208호",289608200.0,83.122,스펙트럼분석기 등 5종 구매,국군재정관리단
정밀측정장비(제원분석기) 구매,국군재정관리단,105314000.0,88.001,2018-05-16,주식회사 서경방송,윤철지,김종훈,경상남도 진주시 진양호로532-0 (동성동),105314000.0,88.001,정밀측정장비(제원분석기) 구매,국군재정관리단
상호운용성성공요인분석을 통한 평가업무발전방안연구,합동상호운용성기술센터,43000000.0,99.49,2018-05-30,주식회사 공공정책성과평가연구원,김동준,노민택,"서울특별시 서초구 방배천로155, 유청빌딩 3층(방배동 821-8)",43000000.0,99.49,상호운용성성공요인분석을 통한 평가업무발전방안연구,합동상호운용성기술센터
18년 00부대 사이버 침해사고 조사/분석체계 도입사업,국군재정관리단,50959862.0,88.505,2018-03-27,주식회사 보람정보통신,김대석,공영주,부산광역시 부산진구 동성로20 (전포동),50959862.0,88.505,18년 00부대 사이버 침해사고 조사/분석체계 도입사업,국군재정관리단
분석기 구매,국군재정관리단,57138400.0,87.997,2018-04-19,주식회사 알앤엠텍,김상식,최동식,"서울특별시 영등포구 여의대방로67길22, 602호(여의도동, 태양빌딩)",57138400.0,87.997,분석기 구매,국군재정관리단
18-함정 인수지연 사례분석 및 제도개선 방안,해군본부,19750000.0,80.391,2018-04-19,사단법인 안보경영연구원,전건욱,황병윤,"서울특별시 강남구 언주로527, 10층 (역삼동)",19750000.0,80.391,18-함정 인수지연 사례분석 및 제도개선 방안,군
항-418-012 생화학분석기 시약 등 97종 구매,공군사관학교,57952000.0,83.063,2018-02-09,고메드,안병선,안병선,충청북도 청주시 청원구 오창읍 농소길33-56,57952000.0,83.063,항-418-012 생화학분석기 시약 등 97종 구매,군
RAM 분석 및 군수지원 분석방법 선진화 연구(1차),방위사업청(운영지원과),53900000.0,94.561,2018-03-22,(주)카이엠,정운찬,정운찬,"서울특별시 구로구 디지털로33길11-0 (구로동, 에이스 테크노타워8) 1406호",53900000.0,94.561,RAM 분석 및 군수지원 분석방법 선진화 연구(1차),중앙행정기관
의무장비(생화학자동분석기 등 2종) 구매(17-207),공군제38전투비행전대,37013340.0,87.734,2018-03-05,태린메디칼 주식회사,김민균,김민균,경기도 군포시 번영로497(산본동 금화프라자) 502호,37013340.0,87.734,의무장비(생화학자동분석기 등 2종) 구매(17-207),군
정밀 측정장비(레벨분석기)구매,국군지휘통신사령부,28900000.0,84.721,2018-03-29,주식회사 에이치투엘테크놀로지,이형화,고은미,"서울특별시 강서구 양천로401 (가양동), B동 801호",28900000.0,84.721,정밀 측정장비(레벨분석기)구매,기관
휴대용화학물질분석기 등 2종 구매,국군재정관리단,63580000.0,96.822,2018-04-25,(주)한일종합상사,이희석,이희석,대전광역시 대덕구 대전로1397번안길70-0 (읍내동),63580000.0,96.822,휴대용화학물질분석기 등 2종 구매,국군재정관리단
병리장비소모품(생화학 자동 분석기 등 84종) 구매,국군재정관리단,258878520.0,83.185,2018-02-14,(주)다남정보통신,김석용,김석용,"경기도 고양시 일산동구 중앙로1305-30, 728호 (장항동, 일산마이다스오피스텔)",258878520.0,83.185,병리장비소모품(생화학 자동 분석기 등 84종) 구매,국군재정관리단
해상감시레이더-II 양산사업 비용분석,방위사업청(운영지원과),28000000.0,80.0,2018-03-15,국방대학교산학협력단,이문걸,이창환,충청남도 논산시 양촌면 황산벌로1040,28000000.0,80.0,해상감시레이더-II 양산사업 비용분석,중앙행정기관
교육장비(동작분석 측정장치 세트) 구매설치,국군재정관리단,186963000.0,97.898,2018-02-01,신승하이텍,신훈길,신훈길,"부산광역시 해운대구 양운로42번길18, 8층 803호(좌동, 에이원웨이)",186963000.0,97.898,교육장비(동작분석 측정장치 세트) 구매설치,국군재정관리단
교육장비(수질분석세트) 구매설치,국군재정관리단,55109200.0,88.487,2018-02-01,주식회사 다윤테크,현영림,현영철,서울특별시 은평구 서오릉로25길20-4 (구산동) 1층,55109200.0,88.487,교육장비(수질분석세트) 구매설치,국군재정관리단
대장균 정성분석키트 등 28항목 구매(물품 해파),육군군수사령부,,,,,,,,,,대장균 정성분석키트 등 28항목 구매(물품 해파),군
18-함정EMP보호대책적용사례분석및개선사항도출연구,해군본부,19500000.0,66.59,2018-03-05,(재)한국정보통신산업연구원,강창선,김영삼,경기도 수원시 장안구 하률로12번길80-0 (천천동),19500000.0,66.59,18-함정EMP보호대책적용사례분석및개선사항도출연구,군
분석기  입자크기용 구매,국군재정관리단,47765300.0,88.041,2018-03-28,주식회사 티앤제이커뮤니케이션,양금식,양금식,"경기도 고양시 덕양구 마상로140번길48-0 304호 (주교동, 신양빌딩)",47765300.0,88.041,분석기  입자크기용 구매,국군재정관리단
18년 발칸 추적훈련 분석기(제조),방위사업청,,,,,,,,,,18년 발칸 추적훈련 분석기(제조),중앙행정기관
18년 발칸 추적훈련 분석기(제조),방위사업청,314416000.0,88.734,2018-07-04,주식회사 바로텍시너지,구칠효,안희철,경상남도 진주시 정촌면 연꽃로141,314416000.0,88.734,18년 발칸 추적훈련 분석기(제조),중앙행정기관
전파환경측정 분석장비 유지보수,공군군수사령부,122643400.0,87.805,2018-04-06,라온시스템즈(주),김태호,최승룡,"경기도 군포시 고산로148번길17-0, B동 1303호, 1304호, 1305호(당정동, 군포IT밸리)",122643400.0,87.805,전파환경측정 분석장비 유지보수,군
상층대기분석장비 유지보수,공군군수사령부,,,,,,,,,,상층대기분석장비 유지보수,군
상층대기분석장비 유지보수,공군군수사령부,188621000.0,86.985,2018-05-01,주식회사 웨더링크,탁승주,탁승주,"경기도 성남시 중원구 둔촌대로457번길27, 501호 (상대원동, 성남 우림 라이온스밸리 1차)",188621000.0,86.985,상층대기분석장비 유지보수,군
대잠훈련분석체계(AEAS) 유지보수 정비,해군군수사령부,34326000.0,88.017,2018-04-12,한양무선통신,최영복,최영복,경상남도 창원시 의창구 팔용로 399(),34326000.0,88.017,대잠훈련분석체계(AEAS) 유지보수 정비,군
18-주파수편이용 분석기 구매,국군재정관리단,83722000.0,88.012,2018-03-30,주식회사 에이치투엘테크놀로지,이형화,고은미,"서울특별시 강서구 양천로401 (가양동), B동 801호",83722000.0,88.012,18-주파수편이용 분석기 구매,국군재정관리단
유류시험장비(연료성분분석기 등 2종) 구매,국군재정관리단,78090000.0,88.092,2018-04-25,주식회사 청호,이호준,이호준,"울산광역시 북구 명촌18길5-0 (명촌동, 울산강변효성해링턴플레이스(85블럭))8502동 101호",78090000.0,88.092,유류시험장비(연료성분분석기 등 2종) 구매,국군재정관리단
전투실험용 휴대형 통합 네트워크 분석기 구매,육군정보통신학교,36520000.0,99.031,2018-05-01,(주)비오더블테크놀로지,심종욱,안미숙,"경기도 성남시 분당구 판교로 255(삼평동, 판교 이노밸리 이동 403호 601호)",36520000.0,99.031,전투실험용 휴대형 통합 네트워크 분석기 구매,군
5인치 함포용 사거리연장탄 사업분석,방위사업청(운영지원과),60313000.0,86.43,2018-02-28,(사)21세기군사연구소,김진욱,이창환,"서울특별시 금천구 가산디지털2로184, 10층 1017호(가산동, 벽산디지털밸리2차)",60313000.0,86.43,5인치 함포용 사거리연장탄 사업분석,중앙행정기관
전시자원소요분석모델 장비 교체사업 리스,국군재정관리단,,,,,,,,,,전시자원소요분석모델 장비 교체사업 리스,국군재정관리단
전시자원소요분석모델 장비 교체사업 리스,국군재정관리단,,,,,,,,,,전시자원소요분석모델 장비 교체사업 리스,국군재정관리단
소형무장헬기 양산사업 비용분석,방위사업청(운영지원과),46000000.0,92.0,2018-03-07,(주)프라이전트,이성로,이창환,"대전광역시 유성구 대학로 27, 현대리조텔 2층(봉명동)",46000000.0,92.0,소형무장헬기 양산사업 비용분석,중앙행정기관
입체영상 처리 및 분석 SW 유지보수,국방지형정보단,69244400.0,89.078,2017-12-13,주식회사코드원,동중영,유은경,"충청북도 청주시 서원구 사직대로164번길9, 401(사창동)",69244400.0,89.078,입체영상 처리 및 분석 SW 유지보수,중앙행정기관
2018년 항공관제 분석체계 유지보수 용역,공군본부,33777700.0,98.401,2017-12-20,주식회사코드원,동중영,동중영,"충청북도 청주시 서원구 사직대로164번길9, 401(사창동)",33777700.0,98.401,2018년 항공관제 분석체계 유지보수 용역,군
국방특허 권리이전 업무를 위한 특허 권리분석(1차),방위사업청(운영지원과),6000000.0,100.0,2018-01-18,수안특허법인,서수진,이창환,"서울특별시 강남구 논현로101길8, 2층 (역삼동, 형정빌딩)",6000000.0,100.0,국방특허 권리이전 업무를 위한 특허 권리분석(1차),중앙행정기관
합동화력시뮬레이터 양산사업 비용분석,방위사업청(운영지원과),36800000.0,92.0,2018-03-07,재단법인 한국군사문제연구원,김형철,이창환,"경기도 성남시 수정구 위례대로83(창곡동, 국방문화센터)",36800000.0,92.0,합동화력시뮬레이터 양산사업 비용분석,중앙행정기관
전원품질 분석기 구매,국군재정관리단,96859330.0,88.024,2017-11-23,이상시스템,이인석,이진희,"서울특별시 영등포구 의사당대로1길11-0 (여의도동),1409호",96859330.0,88.024,전원품질 분석기 구매,국군재정관리단
지형분석도 제작 재료 구매,육군본부,5095240.0,88.118,2017-12-04,와이엠,이영주,이희국,대전광역시 서구 도산로403번길21 전자타운419호,5095240.0,88.118,지형분석도 제작 재료 구매,군
수질분석기 등 2종 구매,공군군수사령부,25600000.0,64.261,2018-01-15,한스메디칼,한재희,동미림,"경기도 군포시 번영로514, 601호(금정동)",25600000.0,64.261,수질분석기 등 2종 구매,군
18년 분석용모델 유지보수 용역,국군재정관리단,280000000.0,88.831,2017-12-19,트루인터페이스(주),김영국,김영진,"서울특별시 강남구 봉은사로129-0 (논현동, 거평타운오피스텔) 1126호",280000000.0,88.831,18년 분석용모델 유지보수 용역,국군재정관리단
18년 작전지속지원분석모델 유지보수 용역,국군재정관리단,,,,,,,,,,18년 작전지속지원분석모델 유지보수 용역,국군재정관리단
18년 작전지속지원분석모델 유지보수 용역,국군재정관리단,,,,,,,,,,18년 작전지속지원분석모델 유지보수 용역,국군재정관리단
대함유도탄 방어유도탄 양산사업 비용분석,방위사업청(운영지원과),32200000.0,92.0,2018-03-13,(주)프라이전트,이성로,이창환,"대전광역시 유성구 대학로 27, 현대리조텔 2층(봉명동)",32200000.0,92.0,대함유도탄 방어유도탄 양산사업 비용분석,중앙행정기관
전자파 분석장치 등 2종 구매,제20전투비행단,,,,,,,,,,전자파 분석장치 등 2종 구매,제20전투비행단
전자파 분석장치 등 2종 구매,제20전투비행단,,,,,,,,,,전자파 분석장치 등 2종 구매,제20전투비행단
18년 지상군 전시자원소요분석모델 유지보수 용역,국군재정관리단,,,,,,,,,,18년 지상군 전시자원소요분석모델 유지보수 용역,국군재정관리단
18년 지상군 전시자원소요분석모델 유지보수 용역,국군재정관리단,,,,,,,,,,18년 지상군 전시자원소요분석모델 유지보수 용역,국군재정관리단
18-19년 해군분석모델 유지보수 및 성능개선사업,국군재정관리단,873756600.0,97.879,2017-12-19,주식회사 아레스,김진원,유선미,대전광역시 유성구 노은로170-0 (지족동) 스타시티빌딩 6층,873756600.0,97.879,18-19년 해군분석모델 유지보수 및 성능개선사업,국군재정관리단
통제분석 프로그램 설치 외 6종 구매 설치납품,제3697부대,44925611.0,90.385,2017-11-15,(주)다올씨앤씨,김승용,임혜영,인천광역시 부평구 부평대로301-0 (청천동) 남광센트렉스 303호,44925611.0,90.385,SUPPRESSED,제3697부대
지형분석도 제작 재료 구매,육군본부,,,,,,,,,,지형분석도 제작 재료 구매,군
17년 전시자원소요분석모델 장비 교체사업,국군재정관리단,345175890.0,83.663,2017-08-07,주식회사 동화이엔지,조혜진,김선형,세종특별자치시  전의면 윗다락골길2-3,345175890.0,83.663,17년 전시자원소요분석모델 장비 교체사업,국군재정관리단
17년 지형분석장비 교체사업,국군재정관리단,995770387.0,85.258,2017-08-07,주식회사 네오티스,이운학,이지윤,"경기도 하남시 미사대로520-0 (덕풍동) 7층 씨에이동 705호,706호",995770387.0,85.258,17년 지형분석장비 교체사업,국군재정관리단
통제분석 프로그램 설치 외 6종 구매 설치납품,제3697부대,,,,,,,,,,SUPPRESSED,제3697부대
모바일기기 증거분석체계 구매(교체) 리스,국군재정관리단,,,,,,,,,,모바일기기 증거분석체계 구매(교체) 리스,국군재정관리단
모바일기기 증거분석체계 구매(교체) 리스,국군재정관리단,,,,,,,,,,모바일기기 증거분석체계 구매(교체) 리스,국군재정관리단
2017년 의무장비 요분석기 구매,국군의무사령부,37209200.0,88.084,2017-10-19,하나메디,장명훈,장명훈,"경기도 시흥시 목감남서로9-19 (조남동),601호 메이저타워",37209200.0,88.084,2017년 의무장비 요분석기 구매,기관
유류시험장비(황분분석시험기 등 4종) 구매,국군재정관리단,228780000.0,84.126,2017-08-24,(주)정산,김석환,박용환,울산광역시 남구 갈밭로11-0 (삼산동),228780000.0,84.126,유류시험장비(황분분석시험기 등 4종) 구매,국군재정관리단
재투자 의무장비 구매(1차) - 요분석기,국군대전병원,32000000.0,73.65,2017-09-06,(주)씨엠코리아,최명식,최명식,대전광역시 동구 대전로889-4 (삼성동),32000000.0,73.65,재투자 의무장비 구매(1차) - 요분석기,국군대전병원
주파수편이용 분석기 2EA 구매,제20전투비행단,37101900.0,77.65,2017-11-02,대길상사,김지영,김지영,"서울특별시 동대문구 고미술로 100, 송화빌딩 303호(답십리동)",37101900.0,77.65,주파수편이용 분석기 2EA 구매,제20전투비행단
주요 군사선진국의 공군조직 발전방향 분석,공군본부,17100000.0,76.592,2017-09-07,(사)21세기군사연구소,김진욱,박계향,"서울특별시 금천구 가산디지털2로184, 10층 1017호(가산동, 벽산디지털밸리2차)",17100000.0,76.592,주요 군사선진국의 공군조직 발전방향 분석,군
신호분석기 1EA,해군군수사령부,42555920.0,88.024,2017-10-12,천두기업,이강용,이승재,서울특별시 동대문구 고미술로100-0 (답십리동),42555920.0,88.024,신호분석기 1EA,군
17-방공관제사-94 보급수송과 스펙트럼 분석기/3품목,공군방공관제사령부,34877240.0,88.175,2017-10-20,주식회사 쿤스트에프케이,조경호,황성환,경기도 광주시 오포읍 포은대로339(추자동),34877240.0,88.175,17-방공관제사-94 보급수송과 스펙트럼 분석기/3품목,군
17-방공관제사-102 보급수송과 신호분석기,공군방공관제사령부,39616984.0,88.405,2017-10-31,대길상사,김지영,김지영,"서울특별시 동대문구 고미술로 100, 송화빌딩 303호(답십리동)",39616984.0,88.405,17-방공관제사-102 보급수송과 신호분석기,군
유류시험장비(가스성분 분석기 등 2종) 구매,국군재정관리단,191500000.0,99.325,2017-08-02,(주)동건,윤영현,윤영현,강원특별자치도 동해시 전천로245-2 (북평동),191500000.0,99.325,유류시험장비(가스성분 분석기 등 2종) 구매,국군재정관리단
악성코드 동적분석 SW 라이선스 연장 구매,국군재정관리단,,,,,,,,,,악성코드 동적분석 SW 라이선스 연장 구매,국군재정관리단
악성코드 동적분석 SW 라이선스 연장 구매,국군재정관리단,78999900.0,99.278,2017-11-16,씨지에스아이티(주),최규식,유관주,"서울특별시 금천구 가산디지털1로1-0 (가산동, 더루벤스밸리) 1208호",78999900.0,99.278,악성코드 동적분석 SW 라이선스 연장 구매,국군재정관리단
20년대 이후 북한 및 잠재적 위협의 변화 전망분석,공군본부,,,,,,,,,,20년대 이후 북한 및 잠재적 위협의 변화 전망분석,군
20년대 이후 북한 및 잠재적 위협의 변화 전망분석,공군본부,,,,,,,,,,20년대 이후 북한 및 잠재적 위협의 변화 전망분석,군
정보분석낭 구성품 구매,육군본부,10368900.0,88.047,2017-07-27,우성무역,최명진,최명진,경기도 포천시 군내면 유교로163,10368900.0,88.047,정보분석낭 구성품 구매,군
자동염기서열 분석기 소모품 구매 설치,국군재정관리단,69960000.0,91.425,2017-11-02,주식회사 맥스바이오텍,안인수,박지은,대전광역시 중구 계룡로781 (용두동) 1층,69960000.0,91.425,자동염기서열 분석기 소모품 구매 설치,국군재정관리단
디지털 증거분석 수사체계 교체사업(20198118-E),국군재정관리단,97889260.0,88.014,2019-05-31,주식회사 유진에스앤씨,유완종,유완종,"경기도 안양시 동안구 벌말로126 (관양동)오비즈타워1903호,1904호",97889260.0,88.014,디지털 증거분석 수사체계 교체사업(20198118-E),국군재정관리단
법무 계좌통신 분석시스템 구매,육군본부,38100000.0,88.022,2019-07-12,구루멘토링 주식회사,최동양,최동양,"서울특별시 구로구 디지털로243, 705호(구로동, 지하이시티)",38100000.0,88.022,법무 계좌통신 분석시스템 구매,군
19년 지형분석장비 교체구매(20196112-G),국군재정관리단,290590000.0,83.107,2019-05-31,주식회사 팬웨스트에스앤티,김건호,김남용,경기도 고양시 일산동구 고봉로658번길61-17 (성석동),290590000.0,83.107,19년 지형분석장비 교체구매(20196112-G),국군재정관리단
한국형 비용분석 전산모델 고도화 ISP 수립,방위사업청(운영지원과),41000000.0,82.0,2019-08-07,피앤티컨설팅 주식회사,박상길,김원섭,서울특별시 금천구 가산디지털2로123-0 (가산동) 월드메르디앙벤처센터 2차 317호,41000000.0,82.0,한국형 비용분석 전산모델 고도화 ISP 수립,중앙행정기관
휴대용 화학물질분석기 등 2종 구매(20197097-D),국군재정관리단,58759000.0,88.496,2019-07-03,주식회사 메디시온,김경호,김경호,경기도 고양시 덕양구 삼막1길3(오금동),58759000.0,88.496,휴대용 화학물질분석기 등 2종 구매(20197097-D),국군재정관리단
19-웹 취약점 진단분석체계 교체사업(201499064-A),국군재정관리단,47500000.0,65.488,2019-06-28,(주)나일소프트,송영호,최재현,"서울특별시 구로구 디지털로32길30-0 (구로동, 코오롱 디지털타워 빌란트) 1차 1004호",47500000.0,65.488,19-웹 취약점 진단분석체계 교체사업(201499064-A),국군재정관리단
표적획득 및 사격지휘체계 발전에 따른 포병효과 분석,합동참모본부,,,,,,,,,,표적획득 및 사격지휘체계 발전에 따른 포병효과 분석,합동참모본부
표적획득 및 사격지휘체계 발전에 따른 포병효과 분석,합동참모본부,40810000.0,90.353,2019-07-01,한성대학교 산학협력단,노광현,장소영,서울특별시 성북구 삼선교로16길116-0 (삼선동2가),40810000.0,90.353,표적획득 및 사격지휘체계 발전에 따른 포병효과 분석,합동참모본부
19-추진기 CIS 분석/평가방안 정립 연구,해군본부,,,,,,,,,,19-추진기 CIS 분석/평가방안 정립 연구,군
제주 작전기지 저주파분석 훈련장비 유지보수 용역,해군군수사령부,27725989.0,87.894,2019-06-26,주식회사 아레스,김진원,유선미,대전광역시 유성구 노은로170-0 (지족동) 스타시티빌딩 6층,27725989.0,87.894,제주 작전기지 저주파분석 훈련장비 유지보수 용역,군
유류시험장비(연료성분분석기 등3종)구매(20196115-E),국군재정관리단,170759530.0,88.93,2019-05-30,(주)다남정보통신,김석용,주서현,"경기도 고양시 일산동구 중앙로1305-30, 728호 (장항동, 일산마이다스오피스텔)",170759530.0,88.93,유류시험장비(연료성분분석기 등3종)구매(20196115-E),국군재정관리단
항19-066 자동면역분석기 시약 등 51종 구매,공군사관학교,32211050.0,88.002,2019-06-18,MK메디칼,조노희,조노희,"충청북도 청주시 서원구 수곡로99번길32-2, 101호(수곡동)",32211050.0,88.002,항19-066 자동면역분석기 시약 등 51종 구매,군
가스 크로마토그래피 질량분석기 구매(20196084-D),국군재정관리단,170260310.0,89.076,2019-06-04,동성켐텍,이성인,김동희,부산광역시 강서구 대저중앙로341-0 (대저1동),170260310.0,89.076,가스 크로마토그래피 질량분석기 구매(20196084-D),국군재정관리단
자동 00분석 지원체계 구축(20197115-H),국군재정관리단,195299510.0,83.015,2019-06-19,씨지에스아이티(주),최규식,최규식,"서울특별시 금천구 가산디지털1로1-0 (가산동, 더루벤스밸리) 1208호",195299510.0,83.015,자동 00분석 지원체계 구축(20197115-H),국군재정관리단
19년 gps 교란신호 분석 및 전파체계 유지보수 용역,공군작사근무지원단,43195000.0,87.804,2019-06-10,주식회사 넷커스터마이즈,안명수,이화주,대전광역시 유성구 유성대로1184번길 29(신성동),43195000.0,87.804,19년 gps 교란신호 분석 및 전파체계 유지보수 용역,군
스펙트럼용 분석기 구매(20199125-F),국군재정관리단,126890765.0,88.052,2019-06-19,에이치필,홍명성,홍명성,"서울특별시 중랑구 동일로754, 6동 201호(중화동, 우성타운)",126890765.0,88.052,스펙트럼용 분석기 구매(20199125-F),국군재정관리단
대잠훈련분석체계(AEAS) 유지보수 용역,해군군수사령부,18816000.0,87.929,2019-04-23,주식회사 셀젠텍,김회율,정택주,충청북도 청주시 흥덕구 오송읍 오송생명2로110-6 셀젠텍,18816000.0,87.929,대잠훈련분석체계(AEAS) 유지보수 용역,군
19년 병리장비소모품(13) 혈액가스분석기 구매,국군수도병원,31425500.0,88.045,2019-03-18,초코인터내셔널 주식회사,고찬갑,고찬갑,경기도 남양주시 별내면 용암비루개길140-0,31425500.0,88.045,19년 병리장비소모품(13) 혈액가스분석기 구매,국군수도병원
상층대기분석장비 유지보수,공군군수사령부,172480000.0,87.108,2019-03-28,주식회사글로벌엔씨,임채익,김호근,"서울특별시 성동구 성수이로147, 905호 (성수동2가, 아이에스비즈타워)",172480000.0,87.108,상층대기분석장비 유지보수,군
2019년 의무장비(자동분석기 생화학용 대형) 구매,국군의무사령부,57594000.0,87.995,2019-04-24,펭귄 컴퍼니,이권민,이권민,"서울특별시 강북구 인수봉로55가길16-9 (수유동, 가람아트빌5차) 301호",57594000.0,87.995,2019년 의무장비(자동분석기 생화학용 대형) 구매,기관
전술정보통신체계(TICN) Block-II 양산사업 비용분석,방위사업청(운영지원과),36800000.0,92.0,2019-03-18,재단법인 한국군사문제연구원,김형철,이수행,"경기도 성남시 수정구 위례대로83(창곡동, 국방문화센터)",36800000.0,92.0,전술정보통신체계(TICN) Block-II 양산사업 비용분석,중앙행정기관
19년 작전계획분석모델 장비교체사업(20198065-E),국군재정관리단,51730560.0,88.066,2019-04-05,주식회사 에스아이정보기술,허성일,허성일,"인천광역시 서구 보듬로158, 공존11층 1131호(오류동, 블루텍)",51730560.0,88.066,19년 작전계획분석모델 장비교체사업(20198065-E),국군재정관리단
19-회로분석기 구매(20199065-H),국군재정관리단,243254000.0,84.338,2019-04-04,주식회사 서경방송,윤철지,김종훈,경상남도 진주시 진양호로532-0 (동성동),243254000.0,84.338,19-회로분석기 구매(20199065-H),국군재정관리단
2019년도 방위산업기술 보호수준 분석 및 진단연구,방위사업청(운영지원과),144000000.0,100.0,2019-03-21,(사)한국산업기술보호협회,정양호,박혜인,서울특별시 서초구 서운로1길34-0 (서초동),144000000.0,100.0,2019년도 방위산업기술 보호수준 분석 및 진단연구,중앙행정기관
19년 발칸 추적훈련 분석기(제조),방위사업청,,,,,,,,,,19년 발칸 추적훈련 분석기(제조),중앙행정기관
19년 발칸 추적훈련 분석기(제조),방위사업청,,,,,,,,,,19년 발칸 추적훈련 분석기(제조),중앙행정기관
19년 발칸 추적훈련 분석기(제조),방위사업청,,,,,,,,,,19년 발칸 추적훈련 분석기(제조),중앙행정기관
국방대학교 안보현안분석 등 2종 인쇄 용역,국방대학교,12584680.0,87.907,2019-02-12,청맥기획,홍태오,홍태오,"대전광역시 서구 둔산대로117번길44-0 (만년동, 엑스포오피스텔619호)",12584680.0,87.907,국방대학교 안보현안분석 등 2종 인쇄 용역,중앙행정기관
생화학 자동 분석기 등 116종 구매(20197022-E),국군재정관리단,106412000.0,87.998,2019-02-27,(주)모던애드,이재현,우광석,"서울특별시 영등포구 도림로462, 206호 (문래동3가, 국화상가)",106412000.0,87.998,생화학 자동 분석기 등 116종 구매(20197022-E),국군재정관리단
생화학자동분석기 등 83종 구매(20197024-E),국군재정관리단,209059505.0,83.059,2019-02-27,성도교역,최계영,조윤규,"서울특별시 서대문구 수색로138-0, 2층(북가좌동)",209059505.0,83.059,생화학자동분석기 등 83종 구매(20197024-E),국군재정관리단
6.25 전쟁 기간/분야별 전쟁분석자료 번역 용역,해군본부,39095280.0,88.133,2019-04-02,(주)엔코라인,김기돈,이영미,"서울특별시 영등포구 국회대로70길18,7층 (여의도동, 한양빌딩)",39095280.0,88.133,6.25 전쟁 기간/분야별 전쟁분석자료 번역 용역,군
정비공정 분석도구 구매,제2879부대,34086148.0,88.319,2019-03-29,주식회사 발렌베리,송광선,양현정,"대전광역시 서구 도산로485-0, 4층 (탄방동)",34086148.0,88.319,정비공정 분석도구 구매,제2879부대
수중자율기뢰 탐색체(AUV) 사업분석,방위사업청(운영지원과),40200000.0,89.333,2019-03-27,세종대학교산학협력단,유상호,정새롬,서울특별시 광진구 군자동98 집현관 216,40200000.0,89.333,수중자율기뢰 탐색체(AUV) 사업분석,중앙행정기관
19년 육군M&S센터 전문분석관 운용 용역(2019F014-I),국군재정관리단,254400000.0,99.194,2019-02-21,(주)심네트,차진섭,이수빈,대전광역시 유성구 죽동로157-0 (죽동),254400000.0,99.194,19년 육군M&S센터 전문분석관 운용 용역(2019F014-I),국군재정관리단
해병대 작전환경에 적합한 M&S 전력분석 연구 용역,제9691부대,14500000.0,74.545,2019-02-22,사단법인 안보경영연구원,전건욱,황병윤,"서울특별시 강남구 언주로527, 10층 (역삼동)",14500000.0,74.545,해병대 작전환경에 적합한 M&S 전력분석 연구 용역,제9691부대
의무장비(자동분석기 생화학용중형) 구매(20197014-D),국군재정관리단,58585000.0,87.995,2019-04-04,(주)하이엠디,이효진,이효진,"서울특별시 영등포구 도림로462, 지층6호 (문래동3가, 국화상가)",58585000.0,87.995,의무장비(자동분석기 생화학용중형) 구매(20197014-D),국군재정관리단
전파환경측정 분석장비 유지보수,공군군수사령부,557824300.0,87.419,2019-04-12,라온시스템즈(주),김태호,최승룡,"경기도 군포시 고산로148번길17-0, B동 1303호, 1304호, 1305호(당정동, 군포IT밸리)",557824300.0,87.419,전파환경측정 분석장비 유지보수,군
19-AW159 PBL 비용대효과분석 및 성과지표 개발 연구,해군본부,37900000.0,96.164,2019-03-26,사단법인 안보경영연구원,전건욱,황병윤,"서울특별시 강남구 언주로527, 10층 (역삼동)",37900000.0,96.164,19-AW159 PBL 비용대효과분석 및 성과지표 개발 연구,군
전술정보통신체계Block-1-① 창정비요소개발 비용분석,방위사업청(운영지원과),,,,,,,,,,전술정보통신체계Block-1-① 창정비요소개발 비용분석,중앙행정기관
전술정보통신체계Block-1-① 창정비요소개발 비용분석,방위사업청(운영지원과),34000000.0,85.0,2019-04-24,사단법인 안보경영연구원,전건욱,황병윤,"서울특별시 강남구 언주로527, 10층 (역삼동)",34000000.0,85.0,전술정보통신체계Block-1-① 창정비요소개발 비용분석,중앙행정기관
요분석기 사단용 2EA 구매,해군군수사령부,7856460.0,88.165,2019-03-29,주식회사 가람메드,박정주,박정주,경기도 군포시 고산로151번길28-0 (당정동) 403호,7856460.0,88.165,요분석기 사단용 2EA 구매,군
항-19-032 자동면역분석기 시약(HBsAg RGT)등 112종,공군사관학교,40936846.0,90.388,2019-03-22,주식회사우성메디칼,김진준,김현철,충청북도 청주시서원구 성화동599번지 3층,40936846.0,90.388,항-19-032 자동면역분석기 시약(HBsAg RGT)등 112종,군
자주도하장비 조종시뮬레이터 비용분석,방위사업청(운영지원과),35200000.0,88.0,2019-05-02,주식회사 비용관리연구원,나인성,나인성,경기도 의왕시 오봉산단3로25 (삼동) 의왕테크노파크 더리브비즈원 1동1528호,35200000.0,88.0,자주도하장비 조종시뮬레이터 비용분석,중앙행정기관
생화학자동 분석기 구매(20199034-D),국군재정관리단,69312100.0,87.999,2019-02-28,주식회사 에코비투,하영임,송하봉,"경기도 고양시 덕양구 삼원로73, 721호(원흥동, 원흥한일윈스타)",69312100.0,87.999,생화학자동 분석기 구매(20199034-D),국군재정관리단
요분석기 사단용 등 2종 구매,공군군수사령부,38548300.0,88.247,2019-03-27,주마메디칼,김정희,김정희,경기도 남양주시 진접읍 금강로1553-21 (신우아파트) 상가 112호,38548300.0,88.247,요분석기 사단용 등 2종 구매,군
항-18-066 자동면역분석기 시양등 47종,공군사관학교,28239000.0,88.002,2018-11-27,그린종합사무기,임근우,임근우,충청북도 청주시 서원구 남이면 남석로326,28239000.0,88.002,항-18-066 자동면역분석기 시양등 47종,군
00기지 저주파분석 훈련장비 유지보수 용역,해군군수사령부,17213000.0,87.953,2018-11-12,주식회사 셀젠텍,김회율,오성열,충청북도 청주시 흥덕구 오송읍 오송생명2로110-6 셀젠텍,17213000.0,87.953,00기지 저주파분석 훈련장비 유지보수 용역,군
19년 지상군 전시자원 소요 분석모델 유지보수 용역,국군재정관리단,,,,,,,,,,19년 지상군 전시자원 소요 분석모델 유지보수 용역,국군재정관리단
국방기술기획평가원 설립의 경제적 타당성 분석,방위사업청(운영지원과),,,,,,,,,,국방기술기획평가원 설립의 경제적 타당성 분석,중앙행정기관
합동작전분석모델-II 체계개발,방위사업청,8398672000.0,,2018-11-05,(주)심네트,차진섭,,대전광역시 유성구 죽동로157-0 (죽동),8398672000.0,,합동작전분석모델-II 체계개발,중앙행정기관
악성코드 정보제공 및 분석 서비스 구매,육군본부,30000000.0,92.628,2018-11-21,주식회사 화이트스캔,안은희,안은희,"서울특별시 용산구 한강대로30길25 (한강로2가, 아스테리움 용산) 11층 2호",30000000.0,92.628,악성코드 정보제공 및 분석 서비스 구매,군
19년 분석용모델(3종) 유지보수(2018F125-G),국군재정관리단,289752920.0,88.369,2019-01-17,씨지에스아이티(주),최규식,최규식,"서울특별시 금천구 가산디지털1로1-0 (가산동, 더루벤스밸리) 1208호",289752920.0,88.369,19년 분석용모델(3종) 유지보수(2018F125-G),국군재정관리단
19년 작전지속지원분석모델 유지보수(2018F124-G),국군재정관리단,343277700.0,88.835,2019-01-17,씨지에스아이티(주),최규식,최규식,"서울특별시 금천구 가산디지털1로1-0 (가산동, 더루벤스밸리) 1208호",343277700.0,88.835,19년 작전지속지원분석모델 유지보수(2018F124-G),국군재정관리단
18-오일 오염도 분석기 구매,국군재정관리단,48500000.0,89.021,2018-11-30,주식회사화인시스텍,임숙희,박연희,"경기도 성남시 중원구 사기막골로52, 407 (상대원동, 선텍시티  아파트형공장)",48500000.0,89.021,18-오일 오염도 분석기 구매,국군재정관리단
정보분석낭 구성품 구매,육군본부,27184510.0,87.995,2018-11-21,금성,김성찬,김성찬,경기도 김포시 대곶면 송마로52번길61-66,27184510.0,87.995,정보분석낭 구성품 구매,군
통신 정비장비(스펙트럼 분석기) 구매,제2879부대,39044792.0,93.218,2018-11-28,주식회사 발렌베리,송광선,양현정,"대전광역시 서구 도산로485-0, 4층 (탄방동)",39044792.0,93.218,통신 정비장비(스펙트럼 분석기) 구매,제2879부대
19년 항공관제 분석체계 유지보수 용역,공군본부,28487000.0,89.737,2018-12-24,주식회사 시스텍,고윤안,고윤안,"경기도 안성시 대덕면 서동대로4726, 중앙대학교 생활과학관 609관 2층",28487000.0,89.737,19년 항공관제 분석체계 유지보수 용역,군
19~20년 육군M&S센터 전문분석관 운용 용역,국군재정관리단,,,,,,,,,,19~20년 육군M&S센터 전문분석관 운용 용역,국군재정관리단
19~20년 육군M&S센터 전문분석관 운용 용역,국군재정관리단,,,,,,,,,,19~20년 육군M&S센터 전문분석관 운용 용역,국군재정관리단
포렌식 분석장비 긴급보강 사업,국방부조사본부,335550000.0,95.383,2018-12-10,(주)제트코,김한희,김지혜,"서울특별시 송파구 송파대로201-0 (문정동) 송파테라타워2 A동 1213,1214,1215,1216,1217,1218호",335550000.0,95.383,포렌식 분석장비 긴급보강 사업,중앙행정기관
자동염기서열 분석기 레이져 등 3종 구매설치,국군재정관리단,78969000.0,89.399,2018-09-20,주식회사 맥스바이오텍,안인수,박지은,대전광역시 중구 계룡로781 (용두동) 1층,78969000.0,89.399,자동염기서열 분석기 레이져 등 3종 구매설치,국군재정관리단
의무장비 구매(자동분석기 생화학용),국군재정관리단,85441000.0,87.999,2018-09-20,희송컴퍼니,민희숙,민희숙,"서울특별시 성북구 월계로36길27-0 (장위동, 꿈의숲대명루첸아파트) 105-1302",85441000.0,87.999,의무장비 구매(자동분석기 생화학용),국군재정관리단
국방 빅데이터 분석 사업 용역,합동참모본부,348000000.0,87.0,2018-11-02,티쓰리큐 주식회사,박병훈,장유라,"서울특별시 구로구 디지털로30길28 마리오타워 601~605, 618호",348000000.0,87.0,국방 빅데이터 분석 사업 용역,합동참모본부
해군분석모델 서버 교체사업,국군재정관리단,67295660.0,88.01,2018-10-23,태성네트웍스 주식회사,서유림,서유림,"충청북도 진천군 진천읍 포석길56, 2층",67295660.0,88.01,해군분석모델 서버 교체사업,국군재정관리단
18-회로망용 분석기 등 8종 구매,국군재정관리단,298571987.0,83.258,2018-08-16,선테크 주식회사,박종선,박정수,"경기도 고양시 일산동구 중앙로 1233, 현대타운빌 1305호(장항동)",298571987.0,83.258,18-회로망용 분석기 등 8종 구매,국군재정관리단
자동염기서열 분석기 구매설치,국군재정관리단,268950000.0,92.196,2018-10-18,주식회사 엘씨케이테크놀로지스,홍광표,조정순,서울특별시 강서구 양천로401 (가양동) 강서한강자이타워 B동1503~1506호,268950000.0,92.196,자동염기서열 분석기 구매설치,국군재정관리단
무선망 전파분석장비 노후 교체,제7016부대,63508260.0,93.574,2018-11-01,디와이아이앤씨주식회사,주인웅,주인웅,"서울특별시 구로구 디지털로34길55, 1008호 (구로동, 코오롱싸이언스밸리2차)",63508260.0,93.574,SUPPRESSED,제7016부대
지형분석용 차량(개조) 제조,국군재정관리단,,,,,,,,,,지형분석용 차량(개조) 제조,국군재정관리단
지형분석용 차량(개조) 제조,국군재정관리단,113911600.0,88.127,2018-10-02,주식회사 와풀,송봉주,노재란,경기도 김포시 월곶면 김포대로2708-37,113911600.0,88.127,지형분석용 차량(개조) 제조,국군재정관리단
2018년 제4회 국방 분석평가관계관 워크숍 위탁운영,국방부(운영지원과),19800000.0,99.0,2018-10-08,(사)한국능률협회,최권석,이병훈,"서울특별시 영등포구 의사당대로22, 8층 9층 10층(여의도동, 이룸센터)",19800000.0,99.0,2018년 제4회 국방 분석평가관계관 워크숍 위탁운영,중앙행정기관
야전운용시험 성과분석 및 발전방안 연구,국방부(운영지원과),36000000.0,84.705,2018-11-08,사단법인 안보경영연구원,전건욱,황병윤,"서울특별시 강남구 언주로527, 10층 (역삼동)",36000000.0,84.705,야전운용시험 성과분석 및 발전방안 연구,중앙행정기관
`18년 지형분석장비 교체사업,국군재정관리단,305775845.0,83.128,2018-08-01,(주)알파아이엔씨,이상민,임소망,대전광역시 대덕구 오정로78번길114 2층 (오정동),305775845.0,83.128,`18년 지형분석장비 교체사업,국군재정관리단
정밀측정장비(스펙트럼분석기) 구매,국군재정관리단,89284423.0,88.208,2018-08-08,(주)케이엔에스,배정숙,김진수,"부산광역시 수영구 구락로23, 2층 (수영동)",89284423.0,88.208,정밀측정장비(스펙트럼분석기) 구매,국군재정관리단
항-18-043 자동면역분석기 시약 등,공군사관학교,23559800.0,88.21,2018-08-17,에이치앤주식회사,한대일,한대일,충청북도 청주시 서원구 남이면 양촌2길10-1,23559800.0,88.21,항-18-043 자동면역분석기 시약 등,군
부품정비대대 - 분석기  스펙트럼용 구매,공군제15특수임무비행단,63492000.0,83.574,2018-09-05,주식회사 티엠시스,김선철,김선철,경기도 성남시 수정구 성남대로1210번길16-2 비01호(수진동),63492000.0,83.574,부품정비대대 - 분석기  스펙트럼용 구매,군
병리장비소모품(생화학자동분석기 등 69종) 구매,국군재정관리단,336386705.0,83.028,2018-07-26,주식회사 동영상사,이주열,이주열,"인천광역시 서구 백범로630번길22, 308-1호, 216호 (가좌동)",336386705.0,83.028,병리장비소모품(생화학자동분석기 등 69종) 구매,국군재정관리단
상층대기분석장비(전자모듈 등18종) 구매,공군본부,180962000.0,96.437,2018-08-02,주식회사 와사비,장순호,김연,"서울특별시 송파구 법원로128, B동 1102호(문정동, 문정SK V1 GL메트로시티)",180962000.0,96.437,상층대기분석장비(전자모듈 등18종) 구매,군
`18년 헌병 디스크 증거분석체계 교체사업,국군재정관리단,114718000.0,87.996,2018-10-30,(주)싸이버텍,이정원,이정원,"서울특별시 용산구 한강대로211, 102동 1605호(한강로1가, 대우월드마크용산)",114718000.0,87.996,`18년 헌병 디스크 증거분석체계 교체사업,국군재정관리단
지형분석용 드론 제조,국군재정관리단,85323711.0,89.246,2018-08-17,주식회사케바드론,이희우,윤영선,대전광역시 유성구 테크노9로35-0 (탑립동) 지능로봇산업화센터 406호,85323711.0,89.246,지형분석용 드론 제조,국군재정관리단
대잠훈련분석체계(AEAS) 유지보수 용역,해군군수사령부,35573000.0,88.193,2020-05-07,주식회사 셀젠텍,김회율,정택주,충청북도 청주시 흥덕구 오송읍 오송생명2로110-6 셀젠텍,35573000.0,88.193,대잠훈련분석체계(AEAS) 유지보수 용역,군
(20F089-I)소음영향도작성을위한소음측정및분석용역,국군재정관리단,872100000.0,94.81,2020-06-03,주식회사 엔브이티,정태량,전형준,"서울특별시 중구 동호로7길41, 2층(신당동)",872100000.0,94.81,(20F089-I)소음영향도작성을위한소음측정및분석용역,국군재정관리단
20-지형분석체계 교체(리스물건)(208080-A),국군재정관리단,658303320.0,83.052,2020-04-17,(주) 한얼누리,권택조,권택조,충청북도 단양군 단양읍 상진14길 1(),658303320.0,83.052,20-지형분석체계 교체(리스물건)(208080-A),국군재정관리단
2020년 군 조직의 양성평등 지표 조사 및 분석 연구,국방부(운영지원과),,,,,,,,,,2020년 군 조직의 양성평등 지표 조사 및 분석 연구,중앙행정기관
2020년 군 조직의 양성평등 지표 조사 및 분석 연구,국방부(운영지원과),30000000.0,100.0,2020-06-02,한국여성정책연구원,문유경,이진선,"서울특별시 은평구 진흥로 225,(불광동)",30000000.0,100.0,2020년 군 조직의 양성평등 지표 조사 및 분석 연구,중앙행정기관
20-161 218 동물용 자동분석기 등 3품목,공군교육사령부,,,,,,,,,,20-161 218 동물용 자동분석기 등 3품목,군
(20F058-A)소음영양도작성을위한소음측정및분석용역,국군재정관리단,446346537.0,93.106,2020-05-25,주식회사 삼우에이엔씨,조만희,이경신,"서울특별시 동작구 남부순환로2021, 2층 (사당동)",446346537.0,93.106,(20F058-A)소음영양도작성을위한소음측정및분석용역,국군재정관리단
디지털증거분석 수사체계 구축(208050-A),국군재정관리단,88967424.0,88.128,2020-05-29,유한회사 무궁화통신건설,박수진,박수진,전라남도 목포시 고하대로719번길 14(연산동),88967424.0,88.128,디지털증거분석 수사체계 구축(208050-A),국군재정관리단
20-풍력발전시설의 R/D 및 통신전자장비 영향성 분석,해군본부,35730000.0,90.663,2020-04-17,부경대학교 산학협력단,오정환,김유미,"부산광역시 남구 용소로45(대연동, 부경대학교내)",35730000.0,90.663,20-풍력발전시설의 R/D 및 통신전자장비 영향성 분석,군
20-MTU엔진 PBL 비용대효과분석 및 성과지표 연구,해군본부,,,,,,,,,,20-MTU엔진 PBL 비용대효과분석 및 성과지표 연구,군
20-MTU엔진 PBL 비용대효과분석 및 성과지표 연구,해군본부,31600000.0,80.239,2020-04-27,사단법인 안보경영연구원,전건욱,김지훈,"서울특별시 강남구 언주로527, 10층 (역삼동)",31600000.0,80.239,20-MTU엔진 PBL 비용대효과분석 및 성과지표 연구,군
20-PKMR엔진 PBL 비용대효과분석 및 성과지표 연구,해군본부,,,,,,,,,,20-PKMR엔진 PBL 비용대효과분석 및 성과지표 연구,군
20-PKMR엔진 PBL 비용대효과분석 및 성과지표 연구,해군본부,34400000.0,87.707,2020-04-27,사단법인 안보경영연구원,전건욱,김지훈,"서울특별시 강남구 언주로527, 10층 (역삼동)",34400000.0,87.707,20-PKMR엔진 PBL 비용대효과분석 및 성과지표 연구,군
(20F063-A)소음영향도작성을위한소음측정및분석용역,국군재정관리단,228500000.0,94.719,2020-05-25,주식회사 한국엔브이,이영진,이영진,"경기도 용인시 기흥구 기흥로58-1 (구갈동) 기흥ICT밸리 SK V1, A동 2406호",228500000.0,94.719,(20F063-A)소음영향도작성을위한소음측정및분석용역,국군재정관리단
(20F066-A)소음영향도작성을위한 소음측정및분석용역,국군재정관리단,433300000.0,97.323,2020-05-29,주식회사 엔브이티,정태량,정태량,"서울특별시 중구 동호로7길41, 2층(신당동)",433300000.0,97.323,(20F066-A)소음영향도작성을위한 소음측정및분석용역,국군재정관리단
(20F088-A)소음영향도 작성을위한 소음측정및분석용역,국군재정관리단,104700000.0,88.223,2020-06-08,한국환경설계(주),김하근,김하근,"서울특별시 송파구 석촌호수로138, 202호 (삼전동)",104700000.0,88.223,(20F088-A)소음영향도 작성을위한 소음측정및분석용역,국군재정관리단
유도로켓(비궁) 성능개량 소요 및 방법 분석 연구용역,제9691부대,27447792.0,81.543,2020-06-24,우석대학교 산학협력단,정희석,전치우,전라북도 완주군 삼례읍 삼례로 443 우석대학교내(본관 12층),27447792.0,81.543,유도로켓(비궁) 성능개량 소요 및 방법 분석 연구용역,제9691부대
국방 정보기술 조사·분석 연구,국방부(운영지원과),68200000.0,98.748,2020-05-26,국방기술품질원,허건영,승아현,경상남도 진주시 동진로420 (충무공동),68200000.0,98.748,국방 정보기술 조사·분석 연구,중앙행정기관
동원위주 부대 기계화 장비 개편시 효율성 분석 연구,육군본부,37219600.0,88.0,2020-07-08,(사)21세기군사연구소,김진욱,박계향,"서울특별시 금천구 가산디지털2로184, 10층 1017호(가산동, 벽산디지털밸리2차)",37219600.0,88.0,동원위주 부대 기계화 장비 개편시 효율성 분석 연구,군
유전자 서열 분석기,국방부조사본부,385000000.0,99.071,2020-04-01,주식회사 에이티지씨(ATGC),김재일,김재일,"서울특별시 금천구 서부샛길606, A동 2410호 (가산동,대성디폴리스지식산업센터)",385000000.0,99.071,유전자 서열 분석기,중앙행정기관
침해사고 조사분석체계 교체사업(209058-F),국군재정관리단,99889000.0,88.302,2020-05-12,(주)제트코,김한희,김지혜,"서울특별시 송파구 송파대로201-0 (문정동) 송파테라타워2 A동 1213,1214,1215,1216,1217,1218호",99889000.0,88.302,침해사고 조사분석체계 교체사업(209058-F),국군재정관리단
(20F060-I)소음영향도작성을위한소음측정및분석용역,국군재정관리단,273000000.0,98.505,2020-06-02,주식회사 한국엔브이,이영진,이영진,"경기도 용인시 기흥구 기흥로58-1 (구갈동) 기흥ICT밸리 SK V1, A동 2406호",273000000.0,98.505,(20F060-I)소음영향도작성을위한소음측정및분석용역,국군재정관리단
상층대기분석장비 유지보수,공군군수사령부,101792300.0,88.601,2020-04-08,주식회사 화성에어토탈,박호균,박호균,대전광역시 동구 옻밭5길159-0 (판암동),101792300.0,88.601,상층대기분석장비 유지보수,군
(2)군용비행장 소음측정 및 분석용역,국군재정관리단,1496800000.0,95.303,2020-05-29,주식회사 엔브이티,정태량,전형준,"서울특별시 중구 동호로7길41, 2층(신당동)",1496800000.0,95.303,(2)군용비행장 소음측정 및 분석용역,국군재정관리단
(1)군용비행장 소음측정 및 분석용역,국군재정관리단,1282172400.0,93.949,2020-05-29,주식회사 삼우에이엔씨,조만희,백현정,"서울특별시 동작구 남부순환로2021, 2층 (사당동)",1282172400.0,93.949,(1)군용비행장 소음측정 및 분석용역,국군재정관리단
군사격장 소음측정 및 분석용역,국군재정관리단,973900000.0,95.698,2020-05-29,주식회사 엔브이티,정태량,전형준,"서울특별시 중구 동호로7길41, 2층(신당동)",973900000.0,95.698,군사격장 소음측정 및 분석용역,국군재정관리단
군용비행장 소음측정 및 분석용역(해),국군재정관리단,526200000.0,95.48,2020-06-02,주식회사 엔브이티,정태량,전형준,"서울특별시 중구 동호로7길41, 2층(신당동)",526200000.0,95.48,군용비행장 소음측정 및 분석용역(해),국군재정관리단
(해병)소음측정 및 분석용역,국군재정관리단,367000000.0,90.868,2020-06-02,한국환경설계(주),김하근,김하근,"서울특별시 송파구 석촌호수로138, 202호 (삼전동)",367000000.0,90.868,(해병)소음측정 및 분석용역,국군재정관리단
(20F081-A)소음영향도작성을위한소음측정및분석용역,국군재정관리단,931848400.0,96.981,2020-06-02,주식회사 삼우에이엔씨,조만희,백현정,"서울특별시 동작구 남부순환로2021, 2층 (사당동)",931848400.0,96.981,(20F081-A)소음영향도작성을위한소음측정및분석용역,국군재정관리단
00부대 정보체계 취약점 분석 시스템 구매,국군제1068부대,114475927.0,88.067,2020-04-14,쿤텍 주식회사,방혁준,김선태,"경기도 성남시 수정구 창업로54, LH기업성장센터 가동 609호",114475927.0,88.067,00부대 정보체계 취약점 분석 시스템 구매,국군제1068부대
00부대 정보체계 취약점 분석 도구 구매,국군제1068부대,2198097000.0,91.77,2020-04-14,(주)글로벌텔레콤,서승현,송지은,"서울특별시 영등포구 영등포로150,A동 L152호,1304호~1313호",2198097000.0,91.77,00부대 정보체계 취약점 분석 도구 구매,국군제1068부대
(207108-H)네트워크 위협 분석체계 구축사업,국군재정관리단,4895000000.0,89.633,2020-06-22,"주식회사 안랩(AHNLAB,INC.)",강석균,권주희,경기도 성남시 분당구 판교역로 220(삼평동 673),4895000000.0,89.633,(207108-H)네트워크 위협 분석체계 구축사업,국군재정관리단
(20F062-I)소음영향도작성을위한소음측정및분석용역,국군재정관리단,555490460.0,93.063,2020-05-26,주식회사 삼우에이엔씨,조만희,이경신,"서울특별시 동작구 남부순환로2021, 2층 (사당동)",555490460.0,93.063,(20F062-I)소음영향도작성을위한소음측정및분석용역,국군재정관리단
미래 우주전장 분석 및 공군 우주전략 수립 연구용역,공군본부,,,,,,,,,,미래 우주전장 분석 및 공군 우주전략 수립 연구용역,군
미래 우주전장 분석 및 공군 우주전략 수립 연구용역,공군본부,,,,,,,,,,미래 우주전장 분석 및 공군 우주전략 수립 연구용역,군
(20F084-I)소음영향도작성을위한소음측정및분석용역,국군재정관리단,175740000.0,87.246,2020-06-01,한국환경설계(주),김하근,김하근,"서울특별시 송파구 석촌호수로138, 202호 (삼전동)",175740000.0,87.246,(20F084-I)소음영향도작성을위한소음측정및분석용역,국군재정관리단
(20F083-I)소음영향도작성을위한소음측정및분석용역,국군재정관리단,463800000.0,97.472,2020-06-02,주식회사 엔브이티,정태량,전형준,"서울특별시 중구 동호로7길41, 2층(신당동)",463800000.0,97.472,(20F083-I)소음영향도작성을위한소음측정및분석용역,국군재정관리단
(20F067-I)소음영향도작성을위한소음측정및분석용역,국군재정관리단,,,,,,,,,,(20F067-I)소음영향도작성을위한소음측정및분석용역,국군재정관리단
(20F067-I)소음영향도작성을위한소음측정및분석용역,국군재정관리단,109000000.0,89.962,2020-06-15,한국환경설계(주),김하근,김하근,"서울특별시 송파구 석촌호수로138, 202호 (삼전동)",109000000.0,89.962,(20F067-I)소음영향도작성을위한소음측정및분석용역,국군재정관리단
국방대학교 안보현안분석 등 2종 인쇄 용역,국방대학교,15440000.0,87.898,2020-01-30,아셀플래넷,김진우,김진우,대전광역시 대덕구 대화로160-0 (대화동) 10동 205호,15440000.0,87.898,국방대학교 안보현안분석 등 2종 인쇄 용역,중앙행정기관
스펙트럼분석기 2종 구매,제20전투비행단,67681867.0,88.026,2020-03-12,주식회사 유노미아,배태웅,변정옥,"대전광역시 서구 도산로 485(탄방동, 4층)",67681867.0,88.026,스펙트럼분석기 2종 구매,제20전투비행단
전자파 측정/분석을 위한 송신장치 개발용역,국군재정관리단,169094250.0,87.914,2020-02-25,라온시스템즈(주),김태호,최승룡,"경기도 군포시 고산로148번길17-0, B동 1303호, 1304호, 1305호(당정동, 군포IT밸리)",169094250.0,87.914,전자파 측정/분석을 위한 송신장치 개발용역,국군재정관리단
소형드론용 지능형 영상분석기술 연구/시연 용역,육군교육사령부,,,,,,,,,,소형드론용 지능형 영상분석기술 연구/시연 용역,군
중금속 가열분석기 1항목 구매(물품),육군군수사령부,,,,,,,,,,중금속 가열분석기 1항목 구매(물품),군
20년 전파환경 측정/분석장비 유지보수 용역,국군재정관리단,189917710.0,87.851,2020-03-02,씨지에스아이티(주),최규식,최규식,"서울특별시 금천구 가산디지털1로1-0 (가산동, 더루벤스밸리) 1208호",189917710.0,87.851,20년 전파환경 측정/분석장비 유지보수 용역,국군재정관리단
수직이착륙형 무인항공기 비용분석,방위사업청(운영지원과),32000000.0,91.428,2020-04-07,사단법인 안보경영연구원,전건욱,김지훈,"서울특별시 강남구 언주로527, 10층 (역삼동)",32000000.0,91.428,수직이착륙형 무인항공기 비용분석,중앙행정기관
미 해군 6.25전쟁 분석자료 번역 용역,해군본부,40822470.0,87.898,2020-03-05,(주)다큐멘테크,임지연,정원용,"경기도 하남시 미사강변한강로155, 1동 314호(망월동, 지식산업센터)",40822470.0,87.898,미 해군 6.25전쟁 분석자료 번역 용역,군
수질분석기등 3종,공군군수사령부,81221251.0,88.031,2020-03-25,주식회사아이디에프,최원창,장현주,"경기도 군포시 공단로140번길46, 1층 105호,106호,212호,213호 (당정동,엠테크노당정지식산업센터)",81221251.0,88.031,수질분석기등 3종,군
상륙기동헬기 성능개량 소요 분석 연구용역,제9691부대,27459300.0,70.098,2020-03-13,한성대학교 산학협력단,노광현,박소연,서울특별시 성북구 삼선교로16길116-0 (삼선동2가),27459300.0,70.098,상륙기동헬기 성능개량 소요 분석 연구용역,제9691부대
분석기 스펙트럼용 장비 구매(20209032-I),국군재정관리단,64778670.0,88.016,2020-03-11,주식회사 케이티에이,홍순모,최정일,"서울특별시 용산구 한강대로40길39-12, 204호 (한강로2가)",64778670.0,88.016,분석기 스펙트럼용 장비 구매(20209032-I),국군재정관리단
정비공정 분석도구 구매,제2879부대,37400000.0,93.503,2020-02-13,에스엔케이와이즈주식회사,박광섭,박광섭,광주광역시 서구 양동로41번길21-9 (양동),37400000.0,93.503,정비공정 분석도구 구매,제2879부대
항-20-004 자동면역분석기 시약 등 123종,공군사관학교,151619600.0,87.995,2020-02-11,에이치앤주식회사,한대일,한대일,충청북도 청주시 서원구 남이면 양촌2길10-1,151619600.0,87.995,항-20-004 자동면역분석기 시약 등 123종,군
항공관제 분석체계(HW SW) 유지보수,공군본부,29895000.0,87.82,2019-12-24,주식회사 코테스,고기종,고기종,충청북도 청주시 흥덕구 비하로59-2 (비하동),29895000.0,87.82,항공관제 분석체계(HW SW) 유지보수,군
스펙트럼 분석기 구매,제3130부대,,,,,,,,,,SUPPRESSED,제3130부대
스펙트럼 분석기 구매,제3130부대,,,,,,,,,,SUPPRESSED,제3130부대
분석기 주파수편이용 2EA 구매(20199199-I),국군재정관리단,82661920.0,88.07,2019-11-05,주식회사 릴리스마일,김지영,조호현,서울특별시 서대문구 불광천길278 (북가좌동) 1층,82661920.0,88.07,분석기 주파수편이용 2EA 구매(20199199-I),국군재정관리단
스펙트럼분석기구매 (20199198-I),국군재정관리단,60140300.0,88.099,2019-11-06,대길상사,김지영,김지영,"서울특별시 동대문구 고미술로 100, 송화빌딩 303호(답십리동)",60140300.0,88.099,스펙트럼분석기구매 (20199198-I),국군재정관리단
20~21년 작전지속지원분석모델 유지보수(2019F172-G),국군재정관리단,410000000.0,49.954,2020-01-22,트루인터페이스(주),김영국,김영진,"서울특별시 강남구 봉은사로129-0 (논현동, 거평타운오피스텔) 1126호",410000000.0,49.954,20~21년 작전지속지원분석모델 유지보수(2019F172-G),국군재정관리단
장보고-III Batch-I 잠수함 저주파분석 훈련장비,방위사업청,750318380.0,96.492,2019-12-17,주식회사 아레스,김진원,유선미,대전광역시 유성구 노은로170-0 (지족동) 스타시티빌딩 6층,750318380.0,96.492,장보고-III Batch-I 잠수함 저주파분석 훈련장비,중앙행정기관
19년 지형분석장비 교체사업 리스,한미연합군사령부,,,,,,,,,,19년 지형분석장비 교체사업 리스,기관
19년 지형분석장비 교체사업 리스,한미연합군사령부,,,,,,,,,,19년 지형분석장비 교체사업 리스,기관
20~21년 분석용모델(3종) 유지보수 용역(2019F173-C),국군재정관리단,330000000.0,49.593,2020-01-22,트루인터페이스(주),김영국,김영진,"서울특별시 강남구 봉은사로129-0 (논현동, 거평타운오피스텔) 1126호",330000000.0,49.593,20~21년 분석용모델(3종) 유지보수 용역(2019F173-C),국군재정관리단
항-19-088 자동면역분석기 시약 등 117종,공군사관학교,52180200.0,88.199,2019-11-12,고메드,안병선,안병선,충청북도 청주시 청원구 오창읍 농소길33-56,52180200.0,88.199,항-19-088 자동면역분석기 시약 등 117종,군
정보분석장비 30종 구매(20196314-D),국군재정관리단,76673500.0,88.173,2019-11-07,주식회사 이음,전병욱,전병욱,서울특별시 서대문구 포방터2길24 (홍은동),76673500.0,88.173,정보분석장비 30종 구매(20196314-D),국군재정관리단
UAV 정비용 장비(스펙트럼 분석기) 구매,제5378부대,,,,,,,,,,SUPPRESSED,제5378부대
UAV 정비용 장비(스펙트럼 분석기) 구매,제5378부대,25169560.0,88.129,2019-12-03,씨지에스아이티(주),최규식,최규식,"서울특별시 금천구 가산디지털1로1-0 (가산동, 더루벤스밸리) 1208호",25169560.0,88.129,SUPPRESSED,제5378부대
운용제원 분석 기반 장비수명 판단방안 연구,국방부(운영지원과),24271000.0,84.991,2019-08-22,국방대학교산학협력단,이문걸,김채미,충청남도 논산시 양촌면 황산벌로1040,24271000.0,84.991,운용제원 분석 기반 장비수명 판단방안 연구,중앙행정기관
19-12차(3) 의무장비 혈액가스분석기 소형 구매,국군수도병원,43026000.0,88.006,2019-08-30,주식회사백운,김민지,김민지,경기도 의정부시 경의로70-0 (의정부동) 5층 A628호,43026000.0,88.006,19-12차(3) 의무장비 혈액가스분석기 소형 구매,국군수도병원
19년 지형분석장비 교체(리스물건)(20196289-G),국군재정관리단,82899990.0,88.002,2019-10-31,씨지에스아이티(주),최규식,최규식,"서울특별시 금천구 가산디지털1로1-0 (가산동, 더루벤스밸리) 1208호",82899990.0,88.002,19년 지형분석장비 교체(리스물건)(20196289-G),국군재정관리단
[상층대기분석장비 부품] 위상 변위기 등 12종,공군군수사령부,172000000.0,87.76,2019-08-29,주식회사 아성엠,전세희,전세희,"서울특별시 서대문구 경기대로47, 307호(충정로2가)",172000000.0,87.76,[상층대기분석장비 부품] 위상 변위기 등 12종,군
신호분석기 1대 구매,해군군수사령부,24542600.0,88.048,2019-07-25,에스텍아이앤씨 주식회사,박길현,오선아,대전광역시 유성구 테크노2로187-0 (용산동) 미건테크노월드 2차 B동 217호,24542600.0,88.048,신호분석기 1대 구매,군
금속성분분석기 1대 구매,해군군수사령부,31831000.0,87.998,2019-09-17,씨오(CO)산업,손영옥,손영옥,"인천광역시 부평구 충선로73번길23-0 (부개동, 시티하우스2동)",31831000.0,87.998,금속성분분석기 1대 구매,군
ArmyTIGER4.0네트워크정보유통능력분석연구용역,육군정보통신학교,,,,,,,,,,ArmyTIGER4.0네트워크정보유통능력분석연구용역,군
흔적 00분석 시스템 구축,국군제1068부대,108526600.0,88.071,2019-07-17,주식회사 파이안,이우희,이우희,"경기도 성남시 중원구 광명로94번길14, 지하1층(성남동)",108526600.0,88.071,흔적 00분석 시스템 구축,국군제1068부대
제5회 국방 분석평가관계관 워크숍 위탁 운영,국방부(운영지원과),,,,,,,,,,제5회 국방 분석평가관계관 워크숍 위탁 운영,중앙행정기관
00부대 지형분석장비(워크스테이션) 구매(20197163-B),국군재정관리단,362749361.0,83.118,2019-09-30,영현정보통신(주),김두식,이솔이,"서울특별시 구로구 공원로6나길12-0 (구로동,경방빌딩) 301호",362749361.0,83.118,00부대 지형분석장비(워크스테이션) 구매(20197163-B),국군재정관리단
하이드로릭 입자분석기 구매,제2879부대,,,,,,,,,,하이드로릭 입자분석기 구매,제2879부대
하이드로릭 입자분석기 구매,제2879부대,42628533.0,88.621,2019-09-23,(주) 탑크로스 이앤텍,윤상석,윤상석,경기도 안산시 상록구 광덕1로355-0 (이동)월드비지니스센타 41-4호,42628533.0,88.621,하이드로릭 입자분석기 구매,제2879부대
악성코드 분석체계 확대 구축 사업(20197146-C),국군재정관리단,473674000.0,83.25,2019-09-18,주식회사 누리아이코리아,안병호,안병호,부산광역시 동구 중앙대로251번길 11(),473674000.0,83.25,악성코드 분석체계 확대 구축 사업(20197146-C),국군재정관리단
항-19-082 자동면역분석기 시약 등 27종,공군사관학교,16519240.0,88.025,2019-10-08,그린종합사무기,임근우,임근우,충청북도 청주시 서원구 남이면 남석로326,16519240.0,88.025,항-19-082 자동면역분석기 시약 등 27종,군
항-19-072 생화학분석기 시약 등 44종,공군사관학교,15878800.0,88.527,2019-08-02,아주바이오텍,지용현,지용현,"충청북도 청주시 흥덕구 흥덕로151-0 (운천동, 지하1층)",15878800.0,88.527,항-19-072 생화학분석기 시약 등 44종,군
복합신호분석기 구매(20198178-F),국군재정관리단,81725480.0,88.302,2019-09-19,씨지에스아이티(주),최규식,최규식,"서울특별시 금천구 가산디지털1로1-0 (가산동, 더루벤스밸리) 1208호",81725480.0,88.302,복합신호분석기 구매(20198178-F),국군재정관리단
RAM 및 군수지원분석 방법 선진화 연구(2차),방위사업청(운영지원과),68861100.0,99.798,2019-09-02,주식회사 타임기술,주양효,한소희,"경상남도 창원시 성산구 완암로50-0, 메카동 813호(성산동, SK테크노파크)",68861100.0,99.798,RAM 및 군수지원분석 방법 선진화 연구(2차),중앙행정기관
자동염기서열분석기 구매,국방부조사본부,263900000.0,91.601,2019-10-18,주식회사 엘씨케이테크놀로지스,홍광표,홍광표,서울특별시 강서구 양천로401 (가양동) 강서한강자이타워 B동1503~1506호,263900000.0,91.601,자동염기서열분석기 구매,중앙행정기관
자동염기서열분석기 정비(소모품 구매설치),국방부조사본부,,,,,,,,,,자동염기서열분석기 정비(소모품 구매설치),중앙행정기관
자동염기서열분석기 정비(소모품 구매설치),국방부조사본부,,,,,,,,,,자동염기서열분석기 정비(소모품 구매설치),중앙행정기관
자동염기서열분석기 정비(소모품 구매설치),국방부조사본부,,,,,,,,,,자동염기서열분석기 정비(소모품 구매설치),중앙행정기관
자동염기서열분석기 정비(소모품 구매설치),국방부조사본부,95580000.0,99.018,2019-11-05,젠트리거,김승준,김승준,서울특별시 강서구 마곡중앙5로1길20 (마곡동) 520호,95580000.0,99.018,자동염기서열분석기 정비(소모품 구매설치),중앙행정기관
2019년 의무장비(요분석기) 구매-재투자,국군의무사령부,71449400.0,87.997,2019-10-29,주식회사 에이치앤아이웍스,조홍덕,윤수정,경기도 하남시 미사대로520-0 (덕풍동) 현대지식산업센터 한강미사2차 D동 A430호,71449400.0,87.997,2019년 의무장비(요분석기) 구매-재투자,기관
내부피폭선량분석셋(삼중수소 전처리장비셋) 구매,국군화생방방호사령부,43524170.0,88.847,2019-07-25,(주)한진이엔아이,이용욱,김성신,"대전광역시 유성구 테크노3로65, 5층 538호(관평동, 한신에스메카아파트형공장)",43524170.0,88.847,내부피폭선량분석셋(삼중수소 전처리장비셋) 구매,기관
복합신호분석기 구매(20198178-F),국군재정관리단,,,,,,,,,,복합신호분석기 구매(20198178-F),국군재정관리단
빅데이터 기반 공중전투 기동 분석기술 연구용역,국군재정관리단,213000000.0,57.099,2019-11-05,(주)이씨마이너,민광기,류상윤,"서울특별시 강남구 논현로28길54-0 4층 (도곡동, 덕원빌딩)",213000000.0,57.099,빅데이터 기반 공중전투 기동 분석기술 연구용역,국군재정관리단
함탑재정찰용 무인항공기 사업분석,방위사업청(운영지원과),41580000.0,83.16,2019-11-07,한성대학교 산학협력단,노광현,김한음,서울특별시 성북구 삼선교로16길116-0 (삼선동2가),41580000.0,83.16,함탑재정찰용 무인항공기 사업분석,중앙행정기관
19-전자파 정밀분석체계 확대구축사업 리스,국군재정관리단,1528113760.0,97.745,2019-10-29,롯데캐피탈(주),추광식,이지원,"서울특별시 강남구 테헤란로 142(역삼동, ARC PLACE) 7층",1528113760.0,97.745,19-전자파 정밀분석체계 확대구축사업 리스,국군재정관리단
’19년 디지털 포렌식 분석장비 교체(20197105-A),국군재정관리단,66148000.0,88.008,2019-08-28,(주)제트코,김한희,김지혜,"서울특별시 송파구 송파대로201-0 (문정동) 송파테라타워2 A동 1213,1214,1215,1216,1217,1218호",66148000.0,88.008,’19년 디지털 포렌식 분석장비 교체(20197105-A),국군재정관리단
공무직근로자 등 임금체계실태조사 및 고용환경 분석,국방부(운영지원과),33000000.0,87.936,2019-10-14,노무법인 디와이,유상지,유상지,서울특별시 강서구 마곡중앙로161-8 (마곡동) 두산더랜드파크 씨동 4층 407호,33000000.0,87.936,공무직근로자 등 임금체계실태조사 및 고용환경 분석,중앙행정기관
21년 공군 자동면역분석기 시약 등 163종 구매,국군재정관리단,167770000.0,87.995,2021-03-22,주식회사 복은,김령은,김령은,"경상남도 창원시 진해구 용원북로17번길15-0 (용원동, 가온빌 101호)",167770000.0,87.995,21년 공군 자동면역분석기 시약 등 163종 구매,국군재정관리단
(217044-B) 21년 의무장비(요분석기) 구매,국군재정관리단,47974170.0,87.997,2021-03-15,시온하이텍,한만웅,한만웅,서울특별시 금천구 가산디지털2로184-0 (가산동) 112호,47974170.0,87.997,(217044-B) 21년 의무장비(요분석기) 구매,국군재정관리단
21-공-회로분석기 구매,국군재정관리단,269764160.0,83.189,2021-03-04,(주)동양기술,김용수,김용수,대전광역시 유성구 국제과학11로18-0 (둔곡동),269764160.0,83.189,21-공-회로분석기 구매,국군재정관리단
21년 의무장비(자동분석기 생화학용 중형) 구매,국군의무사령부,57419748.0,87.995,2021-03-30,도현,한경희,윤종학,경상남도 김해시 삼안로195번길20-23 (삼방동),57419748.0,87.995,21년 의무장비(자동분석기 생화학용 중형) 구매,기관
(216047-F)모의분석실 전시체계 구매설치,국군재정관리단,81680102.0,88.005,2021-03-12,소성정보기술 주식회사,김금남,이의재,서울특별시 구로구 공원로11길 33(구로동),81680102.0,88.005,(216047-F)모의분석실 전시체계 구매설치,국군재정관리단
국방연구개발사업의 성과조사.분석 연구,방위사업청(운영지원과),118000000.0,98.333,2021-02-16,주식회사 공공정책성과평가연구원,김동준,김동준,"서울특별시 서초구 방배천로155, 유청빌딩 3층(방배동 821-8)",118000000.0,98.333,국방연구개발사업의 성과조사.분석 연구,중앙행정기관
생화학분석기(contro serum Level1 등) 구매,국군대전병원,31472900.0,87.995,2021-02-02,엠제이코리아,권민정,권민정,"경기도 광명시 사성로103번길14 (철산동, 광복현대아파트)106-508",31472900.0,87.995,생화학분석기(contro serum Level1 등) 구매,국군대전병원
21-해군 재료분석기 구매,국군재정관리단,109076952.0,87.995,2021-03-23,피엘앤트,이해용,이해용,"경기도 용인시 처인구 모현읍 외대로25번길12-26 (라인빌리지), 201동 302호",109076952.0,87.995,21-해군 재료분석기 구매,국군재정관리단
(217097-E)차세대유전자 서열분석기 구매설치,국군재정관리단,449999990.0,90.849,2021-03-26,(주)에이치엔에스바이오,차지환,김정은,"서울특별시 구로구 디지털로272-0 (구로동, 한신아이티타워) 605~607호",449999990.0,90.849,(217097-E)차세대유전자 서열분석기 구매설치,국군재정관리단
21년 의무장비(혈액가스분석기 중형) 구매,국군의무사령부,16284863.0,88.021,2021-03-12,중앙기획,이재숙,이재숙,"서울특별시 양천구 목동서로2길22-0 (목동, 목동청구아파트) 114동 1301호",16284863.0,88.021,21년 의무장비(혈액가스분석기 중형) 구매,기관
(217100-F)스마트폰앱 분석체계 구축,국군재정관리단,143100427.0,88.055,2021-04-09,주식회사투씨엘시스템,노영일,박소영,서울특별시 구로구 가마산로282-0 (구로동) 대림오피스밸리 201호,143100427.0,88.055,(217100-F)스마트폰앱 분석체계 구축,국군재정관리단
대형양산사업의 제반 조건 분석 및 방안 연구,방위사업청(운영지원과),62700000.0,89.963,2021-05-31,(사)21세기군사연구소,김진욱,박계향,"서울특별시 금천구 가산디지털2로184, 10층 1017호(가산동, 벽산디지털밸리2차)",62700000.0,89.963,대형양산사업의 제반 조건 분석 및 방안 연구,중앙행정기관
정비공정 촬영도구  분석SW 구매,제2879부대,,,,,,,,,,정비공정 촬영도구  분석SW 구매,제2879부대
정비공정 촬영도구  분석SW 구매,제2879부대,,,,,,,,,,정비공정 촬영도구  분석SW 구매,제2879부대
정비공정 촬영도구  분석SW 구매,제2879부대,36300000.0,97.942,2021-02-16,에스엔케이와이즈주식회사,박광섭,박광섭,광주광역시 서구 양동로41번길21-9 (양동),36300000.0,97.942,정비공정 촬영도구  분석SW 구매,제2879부대
국내 대형민간항공기 활용 공중발사 가능성 분석 연구,공군본부,,,,,,,,,,국내 대형민간항공기 활용 공중발사 가능성 분석 연구,군
(217096-D)자동염기서열 분석기 등 2종 구(납품),국군재정관리단,609631000.0,92.619,2021-03-26,주식회사 엘씨케이테크놀로지스,홍광표,이경미,서울특별시 강서구 양천로401 (가양동) 강서한강자이타워 B동1503~1506호,609631000.0,92.619,(217096-D)자동염기서열 분석기 등 2종 구(납품),국군재정관리단
군용항공기 비행안전성 인증업무분석 및 발전방안연구,방위사업청(운영지원과),48810000.0,89.996,2021-06-21,사단법인 안보경영연구원,전건욱,김지훈,"서울특별시 강남구 언주로527, 10층 (역삼동)",48810000.0,89.996,군용항공기 비행안전성 인증업무분석 및 발전방안연구,중앙행정기관
(217122-B)연구장비(차세대염기서열분석기) 구매,국군재정관리단,370986000.0,83.29,2021-04-16,(주)한일종합상사,이희석,이희석,대전광역시 대덕구 대전로1397번안길70-0 (읍내동),370986000.0,83.29,(217122-B)연구장비(차세대염기서열분석기) 구매,국군재정관리단
(217074-C) 의무장비(자동분석기 생화학 대형) 구매,국군재정관리단,183530000.0,87.995,2021-04-23,와이와이,김윤영,김윤영,"서울특별시 성북구 숭인로2길61-0 (길음동, 길음동동부센트레빌아파트) 103동 11층02호",183530000.0,87.995,(217074-C) 의무장비(자동분석기 생화학 대형) 구매,국군재정관리단
해안감시레이더-Ⅱ 사업분석,방위사업청(운영지원과),39600000.0,99.0,2021-02-25,사단법인 안보경영연구원,전건욱,김지훈,"서울특별시 강남구 언주로527, 10층 (역삼동)",39600000.0,99.0,해안감시레이더-Ⅱ 사업분석,중앙행정기관
21 분석기 주파수편이용 1종 구매,국군재정관리단,262151775.0,83.1,2021-04-13,주식회사 엔미디어솔루션,조윤규,조진환,"경기도 부천시 소향로197, 에이동 201호(중동, 메트로팰리스1)",262151775.0,83.1,21 분석기 주파수편이용 1종 구매,국군재정관리단
분석기  스펙트럼용 구매(특무),육군군수사령부,39117860.0,87.999,2021-02-04,윤서상사,이민수,이민수,"서울특별시 용산구 이촌로65가길51-0 (이촌동, 한가람아파트) 214-2103",39117860.0,87.999,분석기  스펙트럼용 구매(특무),군
상층대기분석장비 유지보수,공군군수사령부,93566000.0,88.254,2021-04-08,유한회사 동방이노베이션,김준식,김태중,전라북도 정읍시 북면공단2길87(북면),93566000.0,88.254,상층대기분석장비 유지보수,군
병  오일분석용 1종,공군군수사령부,20960820.0,88.074,2021-03-30,노브식스,이기석,이기석,"인천광역시 남동구 문화서로65번길9, 1301호(구월동, 웰메이드)",20960820.0,88.074,병  오일분석용 1종,군
21년 공군 항공무장효과분석모델 통합유지보수 용역,국군재정관리단,392453771.0,99.049,2021-01-20,주식회사 아레스,김진원,유선미,대전광역시 유성구 노은로170-0 (지족동) 스타시티빌딩 6층,392453771.0,99.049,21년 공군 항공무장효과분석모델 통합유지보수 용역,국군재정관리단
21-첨단 수중전력 소요기술 분석 및 적용방안 연구,해군본부,31000000.0,90.121,2021-04-15,서울대학교 산학협력단,김재영,김소미,서울특별시 관악구 관악로1 (신림동),31000000.0,90.121,21-첨단 수중전력 소요기술 분석 및 적용방안 연구,군
중금속가열분석기 1항목 구매(의무),육군군수사령부,38609250.0,88.876,2020-12-09,만능유한회사,정양수,정양수,"전라남도 무안군 삼향읍 남악3로80,204호(제일프라자)",38609250.0,88.876,중금속가열분석기 1항목 구매(의무),군
북단 유도로 신설사업 분석평가 및 선행연구 용역,공군제18전투비행단,,,,,,,,,,북단 유도로 신설사업 분석평가 및 선행연구 용역,군
21년 항공관제 분석체계 유지보수,공군본부,29872320.0,88.194,2020-12-18,도원정보시스템 주식회사,김종호,김종호,경기도 안양시 동안구 흥안대로445(평촌동) 제6층 615호 안양평촌동지식산업센터,29872320.0,88.194,21년 항공관제 분석체계 유지보수,군
TICN Block I -① 경미한 성능개량 사업분석,방위사업청(운영지원과),38000000.0,95.0,2021-03-08,사단법인 안보경영연구원,전건욱,김지훈,"서울특별시 강남구 언주로527, 10층 (역삼동)",38000000.0,95.0,TICN Block I -① 경미한 성능개량 사업분석,중앙행정기관
21-미 해군 6.25전쟁 전쟁분석 자료 번역 용역,해군본부,42198000.0,87.821,2021-02-17,에이비컴퍼니주식회사,이현정,이현정,경기도 남양주시 사릉로33번길1-4 (금곡동)C동3층301호,42198000.0,87.821,21-미 해군 6.25전쟁 전쟁분석 자료 번역 용역,군
월간지(안보현안분석  린사포럼) 인쇄 용역,국방대학교,16724874.0,87.748,2021-01-21,주식회사 디아이,박호,박호,울산광역시 북구 명촌18길8-1 (진장동),16724874.0,87.748,월간지(안보현안분석  린사포럼) 인쇄 용역,중앙행정기관
핵심기술(위성용 SAR 안테나) 비용분석,방위사업청(운영지원과),27500000.0,91.666,2021-03-30,서현회계법인,배홍기,김해리,"서울특별시 강남구 테헤란로440, 서관 3층(대치동, 포스코센터)",27500000.0,91.666,핵심기술(위성용 SAR 안테나) 비용분석,중앙행정기관
(20G071-H)21년 스펙트럼 측정/분석장비 유지보수용역,국군재정관리단,180420000.0,88.087,2020-12-10,주식회사 에스에이텍,남기출,변현호,"서울특별시 구로구 디지털로31길41-0, 603호, 604호, 605호(구로동, 이앤씨벤처드림타워6차)",180420000.0,88.087,(20G071-H)21년 스펙트럼 측정/분석장비 유지보수용역,국군재정관리단
155mm 정밀유도포탄 비용분석,방위사업청(운영지원과),27000000.0,90.0,2021-03-03,사단법인 한국방위사업연구원,장복철,전용호,서울특별시 용산구 새창로128-1 (용문동) 2층,27000000.0,90.0,155mm 정밀유도포탄 비용분석,중앙행정기관
자동염기서열분석기 정비 및 검교정,국방부조사본부,27591300.0,92.579,2020-12-10,주식회사 엘씨케이테크놀로지스,홍광표,이경미,서울특별시 강서구 양천로401 (가양동) 강서한강자이타워 B동1503~1506호,27591300.0,92.579,자동염기서열분석기 정비 및 검교정,중앙행정기관
진로도움 프로그램 성과분석 및 개선방안 연구,국방부(운영지원과),44335000.0,88.925,2021-03-23,사)한국미래문제연구원,안주섭,안주섭,"서울특별시 서초구 효령로230-0 (서초동, 승정빌딩)",44335000.0,88.925,진로도움 프로그램 성과분석 및 개선방안 연구,중앙행정기관
조종사 피로도와 안전비행의 역학관계 분석 연구용역,육군항공학교,29470480.0,87.713,2021-03-10,서울대학교 산학협력단,김재영,김소미,서울특별시 관악구 관악로1 (신림동),29470480.0,87.713,조종사 피로도와 안전비행의 역학관계 분석 연구용역,군
복수활주로 건설사업 분석평가 및 선행연구,공군제16전투비행단,,,,,,,,,,복수활주로 건설사업 분석평가 및 선행연구,군
K1A1전차 성능개량 사업분석,방위사업청(운영지원과),35600000.0,89.0,2021-02-05,사단법인 안보경영연구원,전건욱,김지훈,"서울특별시 강남구 언주로527, 10층 (역삼동)",35600000.0,89.0,K1A1전차 성능개량 사업분석,중앙행정기관
지능형 전군 악성코드 수집분석체계 구축 금융리스,4284부대,,,,,,,,,,지능형 전군 악성코드 수집분석체계 구축 금융리스,4284부대
21-섬석천 기능개선 분석평가 및 기본계획 연구용역,공군제18전투비행단,,,,,,,,,,21-섬석천 기능개선 분석평가 및 기본계획 연구용역,군
(207180-H)스펙트럼측정/분석장비 노후교체,국군재정관리단,,,,,,,,,,(207180-H)스펙트럼측정/분석장비 노후교체,국군재정관리단
(207180-H)스펙트럼측정/분석장비 노후교체,국군재정관리단,1317800000.0,91.671,2020-11-03,라온시스템즈(주),김태호,김태욱,"경기도 군포시 고산로148번길17-0, B동 1303호, 1304호, 1305호(당정동, 군포IT밸리)",1317800000.0,91.671,(207180-H)스펙트럼측정/분석장비 노후교체,국군재정관리단
(20G056-I)빅데이터 분석체계 구축사업 금융리스,국군재정관리단,,,,,,,,,,(20G056-I)빅데이터 분석체계 구축사업 금융리스,국군재정관리단
(20F169-A)지형분석장비 교체사업 등 17건 금융리스,국군재정관리단,,,,,,,,,,(20F169-A)지형분석장비 교체사업 등 17건 금융리스,국군재정관리단
상륙공격헬기 사업분석,방위사업청(운영지원과),36800000.0,92.0,2020-12-02,에스앤에스이앤지 주식회사,박종선,전재신,"인천광역시 중구 인중로 178, 제이엘타워 1001호(사동)",36800000.0,92.0,상륙공격헬기 사업분석,중앙행정기관
빅데이터 분석서버 증설 사업(GPU SSD 메모리)-리스,제9965부대,67845200.0,96.516,2020-09-14,주식회사 윌비시스,김보영,김영철,"경기도 성남시 수정구 청계산로686 (고등동), 반도아이비밸리 424호",67845200.0,96.516,빅데이터 분석서버 증설 사업(GPU SSD 메모리)-리스,제9965부대
중금속가열분석기 1항목 구매(의무),육군군수사령부,,,,,,,,,,중금속가열분석기 1항목 구매(의무),군
중금속가열분석기 1항목 구매(의무),육군군수사령부,,,,,,,,,,중금속가열분석기 1항목 구매(의무),군
군수 빅데이터 수집/분석체계 구축 BPR/ISP 감리,국방부(운영지원과),48400000.0,96.923,2020-12-01,정보기술감리원 주식회사,서태일,안치수,"서울특별시 구로구 디지털로242, 1605호(구로동, 한화비즈메트로1차)",48400000.0,96.923,군수 빅데이터 수집/분석체계 구축 BPR/ISP 감리,중앙행정기관
자동염기서열분석기 구매,국방부조사본부,262125000.0,92.047,2020-10-28,주식회사 엘씨케이테크놀로지스,홍광표,이경미,서울특별시 강서구 양천로401 (가양동) 강서한강자이타워 B동1503~1506호,262125000.0,92.047,자동염기서열분석기 구매,중앙행정기관
군 성폭력 사건 분석 연구,국방부(운영지원과),,,,,,,,,,군 성폭력 사건 분석 연구,중앙행정기관
군 성폭력 사건 분석 연구,국방부(운영지원과),27000000.0,90.0,2020-12-08,사단법인 안보경영연구원,전건욱,김지훈,"서울특별시 강남구 언주로527, 10층 (역삼동)",27000000.0,90.0,군 성폭력 사건 분석 연구,중앙행정기관
(20G060-A)IP교환기및국방보안조사분석시스템금융리스,국군재정관리단,,,,,,,,,,(20G060-A)IP교환기및국방보안조사분석시스템금융리스,국군재정관리단
(207155-B) 액체크로마토그래피 이중질량분석기 구매,국군재정관리단,367838320.0,83.035,2020-09-09,(유)목양,임정숙,곽은혜,충청남도 논산시 연무읍 연무로 320(),367838320.0,83.035,(207155-B) 액체크로마토그래피 이중질량분석기 구매,국군재정관리단
장거리공대지유도탄 2차 사업분석,방위사업청(운영지원과),41976000.0,83.952,2020-09-17,한성대학교 산학협력단,노광현,박소연,서울특별시 성북구 삼선교로16길116-0 (삼선동2가),41976000.0,83.952,장거리공대지유도탄 2차 사업분석,중앙행정기관
지능형 전군 악성코드 수집분석체계 구축(리스물건),국군재정관리단,1022560000.0,84.144,2020-07-08,씨엠티정보통신(주),김국동,장지혜,"서울특별시 성동구 성수이로22길37, 803호(성수동2가, 아크밸리)",1022560000.0,84.144,지능형 전군 악성코드 수집분석체계 구축(리스물건),국군재정관리단
(207134-H)국방보안조사 분석시스템 HW구매(리스물건),국군재정관리단,104417506.0,88.039,2020-06-22,매쉬미디어(주),김문선,김문선,서울특별시 마포구 양화로183-0 (동교동) 효성홍익인간오피스텔 11층 1112호,104417506.0,88.039,(207134-H)국방보안조사 분석시스템 HW구매(리스물건),국군재정관리단
중금속가열분석기 1항목 구매(의무),육군군수사령부,31351125.0,88.108,2020-07-21,노원 상사,김경섭,김경섭,경기도 구리시 갈매순환로166번길45 (갈매동) 구리갈매아너시티S811,31351125.0,88.108,중금속가열분석기 1항목 구매(의무),군
중금속가열분석기 1항목 구매(의무),육군군수사령부,,,,,,,,,,중금속가열분석기 1항목 구매(의무),군
(207143-H)취약점 분석장비 구매,국군재정관리단,123698084.0,88.01,2020-07-08,주식회사 서로네트웍,유현우,정민수,"인천광역시 미추홀구 방축로194, D동 207호 2층 1호 (도화동)",123698084.0,88.01,(207143-H)취약점 분석장비 구매,국군재정관리단
(207146-F)디지털포렌식 분석장비 도입,국군재정관리단,132848980.0,88.005,2020-07-31,엔에이치네트웍스 주식회사,이근신,오은주,"전라북도 군산시 산단남북로169, 군산친환경자동차부품알앤디센터 3층벤처기업 16호(312호)(오식도동)",132848980.0,88.005,(207146-F)디지털포렌식 분석장비 도입,국군재정관리단
항-20-036 자동면역분석기,공군사관학교,23985170.0,88.452,2020-08-21,제이엠비 컴퍼니,박용준,박용준,"충청북도 청주시 상당구 용암북로44번길3, 101호(용암동)",23985170.0,88.452,항-20-036 자동면역분석기,군
(20G040-H)AI기반 보안사고 탐지분석시스템 ISP사업,국군재정관리단,134970000.0,90.89,2020-06-26,(주)두두아이티,박영선,박주형,"서울특별시 금천구 가마산로96-0, 213호(가산동, 대륭테크노타운8차)",134970000.0,90.89,(20G040-H)AI기반 보안사고 탐지분석시스템 ISP사업,국군재정관리단
휴대용 산소분석기 등 6종 구매,해군군수사령부,102447100.0,87.995,2020-06-23,차이,홍지유,홍지유,"대구광역시 중구 공평로59, 1충(공평동, 우원빌딩)",102447100.0,87.995,휴대용 산소분석기 등 6종 구매,군
혈액가스 분석기 1EA 구매,해군군수사령부,13319200.0,88.006,2020-06-29,디엠글로벌,이화선,이화선,인천광역시 연수구 한나루로105번길68-0 (옥련동) 406동 1804호,13319200.0,88.006,혈액가스 분석기 1EA 구매,군
(206199-B)지형분석장비 교체사업(리스물건),국군재정관리단,259468000.0,83.008,2020-07-31,(주)아인스에스엔씨,정영주,허정성,제주특별자치도 제주시 첨단로251 (영평동),259468000.0,83.008,(206199-B)지형분석장비 교체사업(리스물건),국군재정관리단
경어뢰 성능개량사업 전문용역 비용분석,방위사업청(운영지원과),35200000.0,88.0,2020-07-02,사단법인 한국방위사업연구원,장복철,안민식,서울특별시 용산구 새창로128-1 (용문동) 2층,35200000.0,88.0,경어뢰 성능개량사업 전문용역 비용분석,중앙행정기관
軍 태양광 시범사업 효과 분석평가 용역,국방부(운영지원과),,,,,,,,,,軍 태양광 시범사업 효과 분석평가 용역,중앙행정기관
軍 태양광 시범사업 효과 분석평가 용역,국방부(운영지원과),42000000.0,96.33,2020-07-17,한빛디엔에스(주),이현화,이월단,"서울특별시 강서구 양천로551-17, 301호 (가양동)",42000000.0,96.33,軍 태양광 시범사업 효과 분석평가 용역,중앙행정기관
(207118-D)00분석체계 구축자재 구매,국군재정관리단,114873000.0,88.079,2020-06-10,은성세미,황영식,석성균,"인천광역시 미추홀구 주염로58, 620-1호(주안동, 주안시범공단)",114873000.0,88.079,(207118-D)00분석체계 구축자재 구매,국군재정관리단
00부대 국방 보안조사 분석시스템 SW 구매,국군제1068부대,245000000.0,91.101,2020-06-29,주식회사  인섹시큐리티,김종광,전수현,"서울특별시 금천구 가산디지털1로19, 406호, 407호, 408호, 409호(가산동,대륭테크노타운18차)",245000000.0,91.101,00부대 국방 보안조사 분석시스템 SW 구매,국군제1068부대
대형수송함 1번함 성능개량 사업분석,방위사업청(운영지원과),36600000.0,91.5,2020-08-20,사단법인 안보경영연구원,전건욱,김지훈,"서울특별시 강남구 언주로527, 10층 (역삼동)",36600000.0,91.5,대형수송함 1번함 성능개량 사업분석,중앙행정기관
유무인 전투기의 공대공 복합운용개념및요구능력 분석,합동참모본부,40844200.0,88.746,2020-07-08,(사)21세기군사연구소,김진욱,박계향,"서울특별시 금천구 가산디지털2로184, 10층 1017호(가산동, 벽산디지털밸리2차)",40844200.0,88.746,유무인 전투기의 공대공 복합운용개념및요구능력 분석,합동참모본부
취약점 진단분석체계 교체사업(209086-F),국군재정관리단,525133360.0,83.09,2020-06-08,(주)론스텍,김동건,이기선,"서울특별시 금천구 가산디지털1로145, 308호 (가산동, 에이스하이엔드타워 3차)",525133360.0,83.09,취약점 진단분석체계 교체사업(209086-F),국군재정관리단
상용 SW(수사데이터 분석 도구) 구매,국방부조사본부,33500000.0,98.645,2020-06-11,주식회사 마에스트로네트웍스,김성훈,한영준,"서울특별시 금천구 가산디지털1로5, 대륭테크노타운 20차 1934호",33500000.0,98.645,상용 SW(수사데이터 분석 도구) 구매,중앙행정기관
20-161 218 동물용 자동분석기 등 3품목,공군교육사령부,129486500.0,97.409,2020-06-10,주식회사 기가제이,정지상,정지상,"경기도 수원시 권선구 금곡로23,1동 (금곡동)",129486500.0,97.409,20-161 218 동물용 자동분석기 등 3품목,군
공군조직내 잠재갈등 분석 및 공군문화 발전방안 연구,공군본부,21372000.0,79.253,2020-08-28,국민대학교산학협력단,이인형,이민혜,"서울특별시 성북구 정릉로 77, 국민대학교내(정릉동)",21372000.0,79.253,공군조직내 잠재갈등 분석 및 공군문화 발전방안 연구,군
20-주파수편이용 분석기 구매,국군재정관리단,75899400.0,88.006,2020-06-29,주식회사 범만테크,성순이,우재봉,부산광역시 중구 대청북길31 (대청동4가),75899400.0,88.006,20-주파수편이용 분석기 구매,국군재정관리단
(216162-B)차륜정비장비(분석기  차량엔진용) 구매,국군재정관리단,272891360.0,83.0,2021-05-20,(주)상보기업,오육환,이재동,서울특별시 구로구 신도림로11길9-64 (신도림동),272891360.0,83.0,(216162-B)차륜정비장비(분석기  차량엔진용) 구매,국군재정관리단
디지털 증거분석 수사체계 도입(218091-A),국군재정관리단,234024709.0,83.094,2021-05-26,주식회사엔클라우드,김원헌,김인승,강원특별자치도 삼척시 중앙로230-0 (남양동) 3층,234024709.0,83.094,디지털 증거분석 수사체계 도입(218091-A),국군재정관리단
자동염기서열분석기 정비,국방부조사본부,32445600.0,92.846,2021-05-11,젠트리거,김승준,김승준,서울특별시 강서구 마곡중앙5로1길20 (마곡동) 520호,32445600.0,92.846,자동염기서열분석기 정비,중앙행정기관
스펙트럼 분석기,공군군수사령부,64790000.0,88.0,2021-05-13,태신,윤태훈,윤태훈,"경기도 광명시 디지털로56-0 (철산동, 철산래미안자이)101-2801호",64790000.0,88.0,스펙트럼 분석기,군
보라매(KF-21) 양산 비용분석,방위사업청(운영지원과),37600000.0,94.0,2021-11-10,주식회사 비용관리연구원,나인성,나인성,경기도 의왕시 오봉산단3로25 (삼동) 의왕테크노파크 더리브비즈원 1동1528호,37600000.0,94.0,보라매(KF-21) 양산 비용분석,중앙행정기관
(21F040-G) 사이버위협분석 개발연구체계 구축 사업,국군재정관리단,351900000.0,93.405,2021-09-14,(주)코어시큐리티,김태일,박은숙,서울특별시 송파구 법원로8길9 (문정동) 10층,351900000.0,93.405,(21F040-G) 사이버위협분석 개발연구체계 구축 사업,국군재정관리단
21-공-주파수편이용분석기 구매,국군재정관리단,137606932.0,87.997,2021-07-26,(주)포항자재,양진수,양삼근,경상북도 포항시 남구 효자로138-0 (대잠동),137606932.0,87.997,21-공-주파수편이용분석기 구매,국군재정관리단
(217172-E)이동식 취약점 분석평가 체계 구축,국군재정관리단,184276649.0,89.942,2021-05-14,주식회사 위우너스,이정웅,김인숙,"서울특별시 송파구 중대로135, 동관 1201호 (가락동, 아이티벤처타워)",184276649.0,89.942,(217172-E)이동식 취약점 분석평가 체계 구축,국군재정관리단
21-해-성분분석기 구매,국군재정관리단,78560900.0,87.996,2021-11-02,주식회사 대경코리아,조민구,조민구,경상남도 창원시 의창구 원이대로271 (봉곡동) 3층 314-C호,78560900.0,87.996,21-해-성분분석기 구매,국군재정관리단
[상층대기분석장비 부품] 송풍기  환기용 등 7종,공군군수사령부,137500000.0,99.11,2021-05-13,주식회사 아이엠트레이딩,곽민수,정성문,부산광역시 사상구 학장로135번길62 (학장동),137500000.0,99.11,[상층대기분석장비 부품] 송풍기  환기용 등 7종,군
작전지휘시설 신축 분석평가 및 선행연구용역,국군재정관리단,109500000.0,73.2,2021-06-18,(주)에프오알엠도시건축공간연구소,권시형,권시형,"서울특별시 송파구 법원로11길25-0, A동 1310호(문정동, 에이치비즈니스파크)",109500000.0,73.2,작전지휘시설 신축 분석평가 및 선행연구용역,국군재정관리단
분석기  전해용액용 1종 구매,해군군수사령부,25403030.0,88.0,2021-09-14,소망상사,최인숙,최인숙,"경상북도 포항시 남구 지곡로294-0 , 233동 7층 03호(지곡동, 효자그린아파트)",25403030.0,88.0,분석기  전해용액용 1종 구매,군
추진장약 분석시험용 재료구매,육군 제3808부대,16946622.0,88.002,2021-08-18,주식회사 오로라,정순애,박소영,"경기도 고양시 덕양구 능곡로13번길16-0 , 202동 2401호(토당동, 능곡2차현대홈타운)",16946622.0,88.002,추진장약 분석시험용 재료구매,군
비궁 창정비요소개발 사업분석,방위사업청(운영지원과),35035000.0,87.587,2021-09-15,사단법인 대한민국해군발전협회,엄현성,김경호,서울특별시 영등포구 여의대방로43나길20-0 (신길동),35035000.0,87.587,비궁 창정비요소개발 사업분석,중앙행정기관
디지털증거분석 수사체계 교체(218014-A),국군재정관리단,216626700.0,83.083,2021-05-18,주식회사 성보,김길원,김태형,"경기도 고양시 일산동구 고봉로 26-14, 양우로데오랜드 A동 304호(장항동)",216626700.0,83.083,디지털증거분석 수사체계 교체(218014-A),국군재정관리단
21-해군분석모델 발전방안 연구,해군본부,44000000.0,88.944,2021-07-19,사단법인 안보경영연구원,전건욱,이재광,"서울특별시 강남구 언주로527, 10층 (역삼동)",44000000.0,88.944,21-해군분석모델 발전방안 연구,군
‘22년 항공관제 분석체계 유지보수,공군본부,29819000.0,87.921,2021-12-09,주식회사 시스텍,고윤안,고윤안,"경기도 안성시 대덕면 서동대로4726, 중앙대학교 생활과학관 609관 2층",29819000.0,87.921,‘22년 항공관제 분석체계 유지보수,군
(21F093-K)'22년~'23년 작전지속지원분석모델유지보수,국군재정관리단,797930000.0,98.257,2021-12-10,주식회사 엔지엠테크,장철호,장철호,대전광역시 중구 수침로55번길19 (태평동) 장가빌딩 2층,797930000.0,98.257,(21F093-K)'22년~'23년 작전지속지원분석모델유지보수,국군재정관리단
공군 전장망 소스코드 취약점분석체계 교체사업,국군재정관리단,133105813.0,88.034,2021-05-12,(주)네오플러스,백영삼,조영진,"서울특별시 구로구 디지털로 306, 대륭포스트타워2차 1101호(구로동)",133105813.0,88.034,공군 전장망 소스코드 취약점분석체계 교체사업,국군재정관리단
빅데이터 분석체계 구축사업 감리 용역,제9965부대,,,,,,,,,,빅데이터 분석체계 구축사업 감리 용역,제9965부대
군수지원함(AOE-Ⅱ) 2차사업(양산) 비용분석,방위사업청(운영지원과),22500000.0,75.0,2021-07-01,에스앤에스이앤지 주식회사,박종선,이동희,"인천광역시 중구 인중로 178, 제이엘타워 1001호(사동)",22500000.0,75.0,군수지원함(AOE-Ⅱ) 2차사업(양산) 비용분석,중앙행정기관
00분석 대응활동 장비 구매,국군제1068부대,,,,,,,,,,00분석 대응활동 장비 구매,국군제1068부대
21-375 분석기  주파수편이용 등 1품목,공군교육사령부,46940500.0,88.01,2021-09-17,주식회사 대경코리아,조민구,조민구,경상남도 창원시 의창구 원이대로271 (봉곡동) 3층 314-C호,46940500.0,88.01,21-375 분석기  주파수편이용 등 1품목,군
무인수색차량 사업 비용분석,방위사업청(운영지원과),24200000.0,80.666,2021-10-22,서현회계법인,배홍기,김해리,"서울특별시 강남구 테헤란로440, 서관 3층(대치동, 포스코센터)",24200000.0,80.666,무인수색차량 사업 비용분석,중앙행정기관
잠수함 훈련장비(저주파분석 등 2종) 유지보수 용역,해군군수사령부,55198900.0,87.89,2021-07-06,(주)지디엘시스템,권준홍,이정헌,대전광역시 유성구 테크노2로271-0 (탑립동),55198900.0,87.89,잠수함 훈련장비(저주파분석 등 2종) 유지보수 용역,군
해군교전급분석모델(Build-I) 체계개발사업,방위사업청,25848335000.0,,2021-12-20,엘아이지넥스원주식회사,김지찬,,경기도 용인시 기흥구 마북로207(마북동),25848335000.0,,해군교전급분석모델(Build-I) 체계개발사업,중앙행정기관
(216328-C) 지형분석장비 교체사업(리스물건),국군재정관리단,228564989.0,83.011,2021-10-14,주식회사 매사,강종효,김나영,"서울특별시 영등포구 선유로49길23,  1001호, 1107호, 1108호 (양평동4가,아이에스비즈타워2차)",228564989.0,83.011,(216328-C) 지형분석장비 교체사업(리스물건),국군재정관리단
(216323-C) 네트워크 위협 분석체계 구축사업,국군재정관리단,673734526.0,82.996,2021-09-23,주식회사 아이앤비,김덕화,배미동,경기도 수원시 영통구 삼성로274 (원천동) 수원팩토리월드 410호,673734526.0,82.996,(216323-C) 네트워크 위협 분석체계 구축사업,국군재정관리단
21-04-142 신호분석기 등 3 품목,공군교육사령부,85779920.0,88.07,2021-05-10,주식회사 진성하이텍,조종열,조종열,"경상남도 창원시 마산합포구 해안대로91, 상가 205호(해운동, 경민시티빌)",85779920.0,88.07,21-04-142 신호분석기 등 3 품목,군
대잠훈련분석체계(AEAS) 유지보수 용역,해군군수사령부,,,,,,,,,,대잠훈련분석체계(AEAS) 유지보수 용역,군
대잠훈련분석체계(AEAS) 유지보수 용역,해군군수사령부,180967000.0,87.844,2021-11-30,주식회사 셀젠텍,김회율,오성열,충청북도 청주시 흥덕구 오송읍 오송생명2로110-6 셀젠텍,180967000.0,87.844,대잠훈련분석체계(AEAS) 유지보수 용역,군
(21F094-K)'22년~'23년 분석용모델(3종) 유지보수,국군재정관리단,560000000.0,85.634,2021-12-10,씨지에스아이티(주),최규식,최규식,"서울특별시 금천구 가산디지털1로1-0 (가산동, 더루벤스밸리) 1208호",560000000.0,85.634,(21F094-K)'22년~'23년 분석용모델(3종) 유지보수,국군재정관리단
ㅇㅇ분석 대응활동장비 구매,국군제1068부대,659499000.0,86.778,2021-10-19,씨지에스아이티(주),최규식,최규식,"서울특별시 금천구 가산디지털1로1-0 (가산동, 더루벤스밸리) 1208호",659499000.0,86.778,ㅇㅇ분석 대응활동장비 구매,국군제1068부대
지능형 전군 악성코드 수집분석체계 라이선스 구매,4284부대,429807200.0,83.057,2021-07-21,주식회사 조인트리,김흥중,전호영,광주광역시 서구 마륵로28-1 (마륵동),429807200.0,83.057,지능형 전군 악성코드 수집분석체계 라이선스 구매,4284부대
휴대용 산소분석기 1종 구매,해군군수사령부,3238900.0,91.876,2021-07-28,나우통상,정평길,정평길,경상남도 창원시 진해구 용원동로294-0 (용원동),3238900.0,91.876,휴대용 산소분석기 1종 구매,군
(216032-G) 차륜형장갑차 센서데이터 수집 분석체계,국군재정관리단,599776000.0,81.72,2021-08-03,주식회사 가이온,강현섭,박명근,"대전광역시 유성구 엑스포로1, 1902호(도룡동, 엑스포타워)",599776000.0,81.72,(216032-G) 차륜형장갑차 센서데이터 수집 분석체계,국군재정관리단
21-해-CCTV 분석시스템 등 7종 구매설치,국군재정관리단,74777000.0,88.005,2021-11-05,엠에스원디지털 주식회사,엄종만,이경미,"서울특별시 영등포구 양평로149-0, 1106호 (양평동5가)",74777000.0,88.005,21-해-CCTV 분석시스템 등 7종 구매설치,국군재정관리단
(21G085-H)'22년 스펙트럼 측정분석장비 유지보수용역,국군재정관리단,183800000.0,88.084,2021-12-10,주식회사 나비시스템,고정숙,김은혜,"경기도 고양시 일산동구 호수로358-39 706호(백석동,동문굿모닝타워1차)",183800000.0,88.084,(21G085-H)'22년 스펙트럼 측정분석장비 유지보수용역,국군재정관리단
21-공-스펙트럼 분석기 3대 구매,국군재정관리단,190698670.0,88.143,2021-07-28,주식회사남동,김재영,김재영,전라북도 무주군 무주읍 향학로27-1,190698670.0,88.143,21-공-스펙트럼 분석기 3대 구매,국군재정관리단
(216313-B) 21년 분석실험실 운용장비 구매(리스물건),국군재정관리단,,,,,,,,,,(216313-B) 21년 분석실험실 운용장비 구매(리스물건),국군재정관리단
21-공-가스크로마토그래피 질량분석식 구매,국군재정관리단,,,,,,,,,,21-공-가스크로마토그래피 질량분석식 구매,국군재정관리단
(217215-D)디지털 포렌식 분석장비 교체,국군재정관리단,181733395.0,88.085,2021-06-24,주식회사코드원,동중영,동중영,"충청북도 청주시 서원구 사직대로164번길9, 401(사창동)",181733395.0,88.085,(217215-D)디지털 포렌식 분석장비 교체,국군재정관리단
국방 안전환경 분석 및 안전교육 정책 발전 방안 연구,국방부(운영지원과),,,,,,,,,,국방 안전환경 분석 및 안전교육 정책 발전 방안 연구,중앙행정기관
방산물자 기술수준 및 경쟁가능성 심화 조사 및 분석,방위사업청(운영지원과),82000000.0,95.127,2021-11-29,사단법인 한국국방기술학회,박영욱,박영욱,"서울특별시 종로구 율곡로17길7-38, 수지빌딩 7층(이화동)",82000000.0,95.127,방산물자 기술수준 및 경쟁가능성 심화 조사 및 분석,중앙행정기관
물증류기  분석용 순수제조기 구매 설치,제2879부대,61863500.0,88.057,2021-09-16,(주)씨앤씨솔루션,홍수정,김혜민,부산광역시 강서구 녹산산업중로62-6 (송정동),61863500.0,88.057,물증류기  분석용 순수제조기 구매 설치,제2879부대
전원공급기(분석기  교류  전원발생용)구매,해군군수사령부,29322230.0,87.997,2021-07-20,애니유통,이미영,이미영,"충청남도 천안시 서북구 쌍용17길8, 3동 1202호(쌍용동, 쌍용모란아파트)",29322230.0,87.997,전원공급기(분석기  교류  전원발생용)구매,군
(217271-C) 의무장비(자동분석기 생화확 대형) 구매,국군재정관리단,180383823.0,88.0,2021-11-12,다슬,이여정,이여정,서울특별시 마포구 효창목길11-1 (공덕동),180383823.0,88.0,(217271-C) 의무장비(자동분석기 생화확 대형) 구매,국군재정관리단
(216178-D)휴대용화학탐지장비(화학물질분석기) 구매,국군재정관리단,286635362.0,83.007,2021-06-01,성도교역,최계영,진보라,"서울특별시 서대문구 수색로138-0, 2층(북가좌동)",286635362.0,83.007,(216178-D)휴대용화학탐지장비(화학물질분석기) 구매,국군재정관리단
비용분석용 상용SW(TruePlanning) 구매,방위사업청(운영지원과),176000000.0,98.905,2021-11-03,(주)프라이전트,이성로,이성로,"대전광역시 유성구 대학로 27, 현대리조텔 2층(봉명동)",176000000.0,98.905,비용분석용 상용SW(TruePlanning) 구매,중앙행정기관
지능형 C4I체계 기술 분석 및 클라우드환경 구축방안,해군본부,,,,,,,,,,지능형 C4I체계 기술 분석 및 클라우드환경 구축방안,군
지능형 C4I체계 기술 분석 및 클라우드환경 구축방안,해군본부,,,,,,,,,,지능형 C4I체계 기술 분석 및 클라우드환경 구축방안,군
추진장약 분석시험용 재료구매,육군 제3808부대,,,,,,,,,,추진장약 분석시험용 재료구매,군
추진장약 분석시험용 재료구매,육군 제3808부대,,,,,,,,,,추진장약 분석시험용 재료구매,군
자동염기서열분석기 소모품 구매설치,국방부유해발굴감식단,59772900.0,92.377,2021-08-19,젠트리거,김승준,김승준,서울특별시 강서구 마곡중앙5로1길20 (마곡동) 520호,59772900.0,92.377,자동염기서열분석기 소모품 구매설치,중앙행정기관
21년 의무장비(혈액가스 분석기 중형) 구매,국군의무사령부,16148900.0,88.009,2021-10-01,(JN)글로벌,남궁진,남궁진,경기도 의정부시 녹양로18번길19-11 (가능동) 지층1호,16148900.0,88.009,21년 의무장비(혈액가스 분석기 중형) 구매,기관
유도탄 검사장비(00체계 가스분석기) 정비,해군군수사령부,,,,,,,,,,유도탄 검사장비(00체계 가스분석기) 정비,군
수사데이터 연관 분석시스템 구매,국방부조사본부,74900000.0,96.98,2021-11-18,주식회사 인섹사이버시큐리티,김종광,전수현,"서울특별시 금천구 가산디지털1로146, 705호(가산동, 대륭테크노타운22차)",74900000.0,96.98,수사데이터 연관 분석시스템 구매,중앙행정기관
21-공-신호발생분석기 구매,국군재정관리단,269893800.0,99.789,2021-11-11,주식회사 진성하이텍,조종열,조종열,"경상남도 창원시 마산합포구 해안대로91, 상가 205호(해운동, 경민시티빌)",269893800.0,99.789,21-공-신호발생분석기 구매,국군재정관리단
임베디드 및 군 무선통신 취약점 분석기술 연구,4284부대,,,,,,,,,,임베디드 및 군 무선통신 취약점 분석기술 연구,4284부대
알코올 대사체 분석방법 연구,국방부조사본부,24500000.0,98.354,2021-10-21,중앙대학교 산학협력단,고중혁,허진실,서울특별시 동작구 흑석로84 (흑석동),24500000.0,98.354,알코올 대사체 분석방법 연구,중앙행정기관
공지통신무전기 및 함대공유도탄-II 사업 비용분석,방위사업청(운영지원과),47500000.0,95.0,2022-03-31,(사)21세기군사연구소,김진욱,박계향,"서울특별시 금천구 가산디지털2로184, 10층 1017호(가산동, 벽산디지털밸리2차)",47500000.0,95.0,공지통신무전기 및 함대공유도탄-II 사업 비용분석,중앙행정기관
중금속 가열분석기 등 1항목 구매(의무),육군군수사령부,39701020.0,88.089,2022-04-05,선호하우징,윤미선,윤미선,"인천광역시 남동구 서창남순환로190-15 (서창동, 서창퍼스트뷰아파트) 718동 301호",39701020.0,88.089,중금속 가열분석기 등 1항목 구매(의무),군
전술정찰정보수집체계 경미한 성능개량 사업분석,방위사업청(운영지원과),35200000.0,88.0,2022-03-11,(사)21세기군사연구소,김진욱,박계향,"서울특별시 금천구 가산디지털2로184, 10층 1017호(가산동, 벽산디지털밸리2차)",35200000.0,88.0,전술정찰정보수집체계 경미한 성능개량 사업분석,중앙행정기관
탄도수정신관 사업분석,방위사업청(운영지원과),27300000.0,91.0,2022-03-15,사단법인 안보경영연구원,전건욱,윤병찬,"서울특별시 강남구 언주로527, 10층 (역삼동)",27300000.0,91.0,탄도수정신관 사업분석,중앙행정기관
(226154-E) 차륜정비장비(분석기 차량엔진용) 구매,국군재정관리단,275970127.0,82.998,2022-05-23,(주)상일기업,이상환,임경철,"서울특별시 동대문구 약령시로9길 79,  135-51,135-60(제기동)",275970127.0,82.998,(226154-E) 차륜정비장비(분석기 차량엔진용) 구매,국군재정관리단
대공표적예인기 탑재장비 성능개선 등 2건 비용분석,방위사업청(운영지원과),40800000.0,90.666,2022-07-26,에스앤에스이앤지 주식회사,박종선,이동희,"인천광역시 중구 인중로 178, 제이엘타워 1001호(사동)",40800000.0,90.666,대공표적예인기 탑재장비 성능개선 등 2건 비용분석,중앙행정기관
(227334-E)정밀측정장비(스펙트럼분석기 등 2종)구매,국군재정관리단,94985000.0,97.403,2022-08-25,주식회사 모렌스,권오경,안다희,"대전광역시 유성구 한밭대로138 (노은동, 노은노블레스) 201호",94985000.0,97.403,(227334-E)정밀측정장비(스펙트럼분석기 등 2종)구매,국군재정관리단
22년 의무장비(자동분석기 생화학용 중형) 구매,국군의무사령부,60141130.0,87.996,2022-04-12,대광산업,이종명,이종명,경상남도 창원시 마산회원구 양덕북5길97 (양덕동1층상가),60141130.0,87.996,22년 의무장비(자동분석기 생화학용 중형) 구매,기관
(226046-G)'22년 육군 DB분석체계 교체(리스물건),국군재정관리단,108432509.0,88.155,2022-08-05,HF테크,김영식,황혜원,"세종특별자치시  조치원읍 번영1길46, 301호, 302호",108432509.0,88.155,(226046-G)'22년 육군 DB분석체계 교체(리스물건),국군재정관리단
22-합 -분석실험실 운용장비 교체사업 리스,국군재정관리단,1423684370.0,93.567,2022-03-23,롯데캐피탈(주),추광식,이동준,"서울특별시 강남구 테헤란로 142(역삼동, ARC PLACE) 7층",1423684370.0,93.567,22-합 -분석실험실 운용장비 교체사업 리스,국군재정관리단
22년 육군 분석평가단 소개영상 제작용역,육군본부,16450000.0,82.634,2022-04-18,주식회사 콘텐츠펙토리상상역,최철욱,김채영,"서울특별시 강서구 공항대로103 (마곡동, 마곡 엠밸리 9단지) 업무동시설 507호",16450000.0,82.634,22년 육군 분석평가단 소개영상 제작용역,군
22-00생활관 신축 분석평가 및 선행연구 용역,국군재정관리단,112500000.0,73.162,2022-04-25,(주)에프오알엠도시건축공간연구소,권시형,권시형,"서울특별시 송파구 법원로11길25-0, A동 1310호(문정동, 에이치비즈니스파크)",112500000.0,73.162,22-00생활관 신축 분석평가 및 선행연구 용역,국군재정관리단
22년 분석실험실 상용 SW 구매,합동참모본부,43990000.0,98.487,2022-06-30,주식회사 반석건설엔지니어링,김태영,김태영,경상북도 상주시 상산로215-31 2층 (낙양동),43990000.0,98.487,22년 분석실험실 상용 SW 구매,합동참모본부
22-美 해군 6.25전쟁 분석자료 번역 용역,국군재정관리단,86137980.0,87.786,2022-02-21,지그인더스트리,신종현,신종현,인천광역시 연수구 원인재로212 (연수동),86137980.0,87.786,22-美 해군 6.25전쟁 분석자료 번역 용역,국군재정관리단
상층대기분석장비 유지보수,공군군수사령부,65454965.0,87.892,2022-04-05,주식회사 더블유아이,황윤주,장윤정,전라북도 정읍시 북면공단2길87,65454965.0,87.892,상층대기분석장비 유지보수,군
디지털 증거분석체계 SW 라이선스 갱신,해군본부,24773000.0,88.782,2022-06-30,주식회사 인섹사이버시큐리티,김종광,전수현,"서울특별시 금천구 가산디지털1로146, 705호(가산동, 대륭테크노타운22차)",24773000.0,88.782,디지털 증거분석체계 SW 라이선스 갱신,군
전자기스펙트럼 측정/분석체계 운용방안 연구,육군본부,,,,,,,,,,전자기스펙트럼 측정/분석체계 운용방안 연구,군
전자기스펙트럼 측정/분석체계 운용방안 연구,육군본부,35200000.0,88.3,2022-03-24,주식회사 디티알기술사사무소,오진성,오진성,서울특별시 영등포구 여의대방로61길2-0 (신길동)천록빌딩105호,35200000.0,88.3,전자기스펙트럼 측정/분석체계 운용방안 연구,군
과학화경계시스템 정비지원체계 운영분석 연구용역,육군본부,18700000.0,77.433,2022-02-18,군정비지원센터,이윤문,이춘근,서울특별시 금천구 벚꽃로244-0 (가산동)810호 벽산디지털밸리5차,18700000.0,77.433,과학화경계시스템 정비지원체계 운영분석 연구용역,군
DNA정량분석기 등 7항목 구매(의무),육군군수사령부,,,,,,,,,,DNA정량분석기 등 7항목 구매(의무),군
DNA정량분석기 등 7항목 구매(의무),육군군수사령부,43226352.0,88.132,2022-04-21,주앤주,최미정,최미정,"서울특별시 강남구 논현로134길13, 402-2호(논현동, 덕산빌딩)",43226352.0,88.132,DNA정량분석기 등 7항목 구매(의무),군
22년 공군 항공무장효과분석모델 통합 유지보수,국군재정관리단,425000000.0,93.821,2022-01-18,주식회사 아레스,김진원,유선미,대전광역시 유성구 노은로170-0 (지족동) 스타시티빌딩 6층,425000000.0,93.821,22년 공군 항공무장효과분석모델 통합 유지보수,국군재정관리단
공군 지능형 스마트비행단 성과분석 및 발전방안 연구,공군본부,,,,,,,,,,공군 지능형 스마트비행단 성과분석 및 발전방안 연구,군
인력획득 모집홍보 대상의 성향 분석 연구 용역,육군인사사령부,,,,,,,,,,인력획득 모집홍보 대상의 성향 분석 연구 용역,군
(226023-G)'22년무기체계사이버위협 분석시스템 도입,국군재정관리단,612000000.0,98.476,2022-06-07,주식회사  인섹시큐리티,김종광,정명화,"서울특별시 금천구 가산디지털1로19, 406호, 407호, 408호, 409호(가산동,대륭테크노타운18차)",612000000.0,98.476,(226023-G)'22년무기체계사이버위협 분석시스템 도입,국군재정관리단
통신전자장비 전계강도 측정분석장비 개발,국군재정관리단,,,,,,,,,,통신전자장비 전계강도 측정분석장비 개발,국군재정관리단
통신전자장비 전계강도 측정분석장비 개발,국군재정관리단,,,,,,,,,,통신전자장비 전계강도 측정분석장비 개발,국군재정관리단
22-13-13 야전공장 분석평가 및 선행연구 용역,공군제10전투비행단,97000000.0,65.762,2022-05-20,(주)에프오알엠도시건축공간연구소,권시형,권시형,"서울특별시 송파구 법원로11길25-0, A동 1310호(문정동, 에이치비즈니스파크)",97000000.0,65.762,22-13-13 야전공장 분석평가 및 선행연구 용역,군
(227013-D)이동식 취약점 분석평가 체계 구축사업,국군재정관리단,205021445.0,83.092,2022-02-15,(주)지인시스템,정안수,김수정,"서울특별시 송파구 송파대로167 , 비동 1303호 (문정동, 문정역테라타워)",205021445.0,83.092,(227013-D)이동식 취약점 분석평가 체계 구축사업,국군재정관리단
22년 병리장비운영소모품(6) 요분석검사 27품목 구매,국군수도병원,67641800.0,87.996,2022-03-14,주식회사 이수케이,김혜진,김혜진,경상남도 창원시 진해구 웅동로162-0,67641800.0,87.996,22년 병리장비운영소모품(6) 요분석검사 27품목 구매,국군수도병원
(227135-E)디지털포렌식 조사분석도구 구매,국군재정관리단,51045580.0,88.055,2022-06-08,주식회사 성호넷,두인환,두진욱,경기도 김포시 대곶남로501번길36-0 (대곶면),51045580.0,88.055,(227135-E)디지털포렌식 조사분석도구 구매,국군재정관리단
소형무인기의 획득 및 운용을 위한 총수명주기 분석,방위사업청(운영지원과),54670689.0,86.985,2022-06-15,한국무인이동체연구조합,최명진,하성훈,"경기도 시흥시 서울대학로173(정왕동, 서울대 시흥캠퍼스)",54670689.0,86.985,소형무인기의 획득 및 운용을 위한 총수명주기 분석,중앙행정기관
월간지(안보현안분석  린사포럼) 인쇄 용역,국방대학교,16708350.0,87.753,2022-01-13,(주)우리디자인,조정선,조정선,충청남도 계룡시 금암로26-0 (금암동) 105호,16708350.0,87.753,월간지(안보현안분석  린사포럼) 인쇄 용역,중앙행정기관
무건리훈련장 갈등영향분석 용역,육군본부,23900000.0,79.835,2022-09-14,단국대학교 산학협력단,조완제,우지민,"경기도 용인시 수지구 죽전로 152, 단국대학교내(죽전동)",23900000.0,79.835,무건리훈련장 갈등영향분석 용역,군
22-공-가스크로마토그래피(질량분석식) 구매,국군재정관리단,197876910.0,87.997,2022-08-10,에스원세이프,엄영석,엄영석,강원특별자치도 홍천군 홍천읍 진리로8,197876910.0,87.997,22-공-가스크로마토그래피(질량분석식) 구매,국군재정관리단
혈액가스분석기 병리장비운영소모품(13) 구매계약,국군수도병원,34579800.0,88.002,2022-08-31,해성사,강현순,강현순,"서울특별시 강북구 삼양로173가길55-0 (우이동, 메이트하우스)1동402호",34579800.0,88.002,혈액가스분석기 병리장비운영소모품(13) 구매계약,국군수도병원
추진장약 안정제 분석시험용 재료 구매,육군 제3808부대,,,,,,,,,,추진장약 안정제 분석시험용 재료 구매,군
(227215-D) 비용분석용 상용SW 구매,국군재정관리단,,,,,,,,,,(227215-D) 비용분석용 상용SW 구매,국군재정관리단
(227215-D) 비용분석용 상용SW 구매,국군재정관리단,89000000.0,93.263,2022-08-02,(주)프라이전트,이성로,이성로,"대전광역시 유성구 대학로 27, 현대리조텔 2층(봉명동)",89000000.0,93.263,(227215-D) 비용분석용 상용SW 구매,국군재정관리단
22-공-분석기  주파수편이용 구매(229037-F),국군재정관리단,327625720.0,83.151,2022-03-30,(주)다남정보통신,김석용,김석용,"경기도 고양시 일산동구 중앙로1305-30, 728호 (장항동, 일산마이다스오피스텔)",327625720.0,83.151,22-공-분석기  주파수편이용 구매(229037-F),국군재정관리단
22-해-소형 사단용 생화학자동분석기 구매,국군재정관리단,76846920.0,87.996,2022-02-16,미성종합체육산업 주식회사,전옥녀,전옥녀,서울특별시 중구 을지로 294(),76846920.0,87.996,22-해-소형 사단용 생화학자동분석기 구매,국군재정관리단
잠수함 훈련장비(저주파분석  대함모의) 유지보수용역,해군군수사령부,61295133.0,87.801,2022-07-06,주식회사 유토비즈,배종환,배종환,"대전광역시 유성구 테크노4로17, A동503호(대덕비즈센터)",61295133.0,87.801,잠수함 훈련장비(저주파분석  대함모의) 유지보수용역,군
(227059-E)방탐정확도 정밀분석 시험용 드론 제조,국군재정관리단,56453180.0,88.038,2022-04-12,주식회사 비씨디이엔씨,이희윤,노우현,"경기도 양주시 광적면 부흥로847, 431호(경기벤처타운)",56453180.0,88.038,(227059-E)방탐정확도 정밀분석 시험용 드론 제조,국군재정관리단
ATCIS 개방형 OS 전환 비용대비 효과분석 연구용역,육군본부,42580000.0,94.763,2022-06-28,사)국방정보통신협회,박래호,정광조,"서울특별시 용산구 이태원로29, 421호(용산동1가, 전쟁기념관)",42580000.0,94.763,ATCIS 개방형 OS 전환 비용대비 효과분석 연구용역,군
22-해-신호분석기 구매,국군재정관리단,85960450.0,87.995,2022-04-12,리치패션용품,정인영,정인영,"경기도 안양시 동안구 학의로282, B동 1616호",85960450.0,87.995,22-해-신호분석기 구매,국군재정관리단
(227003-H)스펙트럼측정/분석장비 노후교체,국군재정관리단,1531634000.0,97.231,2022-02-23,라온시스템즈(주),김태호,최승룡,"경기도 군포시 고산로148번길17-0, B동 1303호, 1304호, 1305호(당정동, 군포IT밸리)",1531634000.0,97.231,(227003-H)스펙트럼측정/분석장비 노후교체,국군재정관리단
(227258-F)사이버 기술분석용 장비/SW 도입,국군재정관리단,521693450.0,85.086,2022-07-08,주식회사 오파스넷,장수현,박정서,"서울특별시 강남구 테헤란로512, 10층(대치동, 신안빌딩)",521693450.0,85.086,(227258-F)사이버 기술분석용 장비/SW 도입,국군재정관리단
(226220-F)발광분광 분석기 구매,국군재정관리단,259990000.0,98.029,2022-06-13,씨지에스아이티(주),최규식,최규식,"서울특별시 금천구 가산디지털1로1-0 (가산동, 더루벤스밸리) 1208호",259990000.0,98.029,(226220-F)발광분광 분석기 구매,국군재정관리단
22-해병-지능형 사이버침해사고 조사분석체계 구축,국군재정관리단,242542800.0,88.072,2022-06-09,주식회사 조인트리,김흥중,전호영,광주광역시 서구 마륵로28-1 (마륵동),242542800.0,88.072,22-해병-지능형 사이버침해사고 조사분석체계 구축,국군재정관리단
군 급식 민간위탁 시범사업 성과분석 연구,국방부(운영지원과),,,,,,,,,,군 급식 민간위탁 시범사업 성과분석 연구,중앙행정기관
군 급식 민간위탁 시범사업 성과분석 연구,국방부(운영지원과),46800000.0,98.97,2022-09-06,고신대학교 산학협력단,류황건,배성권,부산광역시 영도구 와치로194-0 (동삼동),46800000.0,98.97,군 급식 민간위탁 시범사업 성과분석 연구,중앙행정기관
2022년 의무장비(혈액가스및전해질분석기) 구매,국군수도병원,,,,,,,,,,2022년 의무장비(혈액가스및전해질분석기) 구매,국군수도병원
2022년 의무장비(혈액가스및전해질분석기) 구매,국군수도병원,47500000.0,98.978,2022-06-20,주식회사 이노메디케어,신창희,신창희,"서울특별시 관악구 봉천로340-2, 7층(봉천동)",47500000.0,98.978,2022년 의무장비(혈액가스및전해질분석기) 구매,국군수도병원
22-작전지휘시설 신축 분석평가 및 선행연구 용역,제20전투비행단,104500000.0,75.547,2022-06-16,(주)에프오알엠도시건축공간연구소,권시형,권시형,"서울특별시 송파구 법원로11길25-0, A동 1310호(문정동, 에이치비즈니스파크)",104500000.0,75.547,22-작전지휘시설 신축 분석평가 및 선행연구 용역,제20전투비행단
해병대 인력획득체계 분석 발전 방향 연구 용역,제9691부대,20120000.0,88.007,2022-03-29,(사)한국전략문제연구소,박정기,윤진영,"서울특별시 용산구 청파로 40, 삼구빌딩 1815호(한강로3가)",20120000.0,88.007,해병대 인력획득체계 분석 발전 방향 연구 용역,제9691부대
22-유도/수중무기 창정비 비용 대 효과 분석,해군본부,25350000.0,86.795,2022-04-01,건양대학교 산학협력단,홍영기,김우중,"충청남도 논산시 대학로 121, 건양대학교 산학협력단(내동)",25350000.0,86.795,22-유도/수중무기 창정비 비용 대 효과 분석,군
음성분석기 구매,제2879부대,52291200.0,88.009,2022-07-04,주식회사 동빈글로벌,위정은,위정은,"경상남도 창원시 성산구 완암로50, 넥스동 704호(성산동, SK테크노파크)",52291200.0,88.009,음성분석기 구매,제2879부대
분석기  스펙트럼,공군군수사령부,63143710.0,88.0,2022-07-12,엘컴퍼니,이창민,이창민,경기도 용인시 기흥구 언동로125번길26-1 (중동) A동 402호,63143710.0,88.0,분석기  스펙트럼,군
K105A1자주포 경미한 성능개량 사업분석,방위사업청(운영지원과),31200000.0,78.0,2022-04-14,사단법인 한국방위사업연구원,장복철,전용호,서울특별시 용산구 새창로128-1 (용문동) 2층,31200000.0,78.0,K105A1자주포 경미한 성능개량 사업분석,중앙행정기관
유도탄검사장비(00체계 가스승압기  가스분석기) 정비,해군군수사령부,,,,,,,,,,유도탄검사장비(00체계 가스승압기  가스분석기) 정비,군
분석기  스펙트럼용,공군군수사령부,106122500.0,88.516,2022-05-03,에이디링크,배용수,배용수,"서울특별시 영등포구 국회대로74길20-0, 404호(여의도동, 맨하탄21)",106122500.0,88.516,분석기  스펙트럼용,군
(227239-B) 악성코드 수집분석체계 라이선스 구매,국군재정관리단,110718500.0,88.69,2022-06-30,군정비지원센터,이윤문,이춘근,서울특별시 금천구 벚꽃로244-0 (가산동)810호 벽산디지털밸리5차,110718500.0,88.69,(227239-B) 악성코드 수집분석체계 라이선스 구매,국군재정관리단
22-공-소음측정 및 분석시스템 구매(229124-F),국군재정관리단,142993500.0,87.995,2022-06-17,티에스와이,서선숙,서선숙,"인천광역시 미추홀구 주안동로25번길47-11, 302호(주안동, 경일하이빌)",142993500.0,87.995,22-공-소음측정 및 분석시스템 구매(229124-F),국군재정관리단
정기공수 운영분석 및 최적 노선 선정 알고리즘 개발,공군군수사령부,118000000.0,90.548,2022-05-04,사단법인 안보경영연구원,전건욱,윤병찬,"서울특별시 강남구 언주로527, 10층 (역삼동)",118000000.0,90.548,정기공수 운영분석 및 최적 노선 선정 알고리즘 개발,군
22-수중광통신의 군사적 활용방안 및 운용효과 분석,해군본부,,,,,,,,,,22-수중광통신의 군사적 활용방안 및 운용효과 분석,군
22-G/K 창정비 사업 성과분석 연구,해군본부,,,,,,,,,,22-G/K 창정비 사업 성과분석 연구,군
잠수함 지휘통신체계 경미한 성능개량 사업분석,방위사업청(운영지원과),44500000.0,98.888,2022-07-11,한남대학교 산학협력단,김태동,정경아,대전광역시 유성구 유성대로1646-0 (전민동),44500000.0,98.888,잠수함 지휘통신체계 경미한 성능개량 사업분석,중앙행정기관
22~23년 공군 전자정보 수집/분석장비 유지보수,국군재정관리단,198981000.0,86.698,2022-06-30,라온시스템즈(주),김태호,최승룡,"경기도 군포시 고산로148번길17-0, B동 1303호, 1304호, 1305호(당정동, 군포IT밸리)",198981000.0,86.698,22~23년 공군 전자정보 수집/분석장비 유지보수,국군재정관리단
통신중계드론 사업분석,방위사업청(운영지원과),41800000.0,95.0,2022-03-15,(사)21세기군사연구소,김진욱,박계향,"서울특별시 금천구 가산디지털2로184, 10층 1017호(가산동, 벽산디지털밸리2차)",41800000.0,95.0,통신중계드론 사업분석,중앙행정기관
병 오일분석용 구매,공군군수사령부,18464750.0,87.999,2022-04-19,원테크전기통신 주식회사,정원섭,김도경,"경기도 군포시 엘에스로182번길34-24, 2층 (산본동)",18464750.0,87.999,병 오일분석용 구매,군
22-경항모 건조가 산업에 미치는 영향 분석,해군본부,,,,,,,,,,22-경항모 건조가 산업에 미치는 영향 분석,군
22-경항모 건조가 산업에 미치는 영향 분석,해군본부,24300000.0,82.503,2022-04-28,사단법인 안보경영연구원,전건욱,윤병찬,"서울특별시 강남구 언주로527, 10층 (역삼동)",24300000.0,82.503,22-경항모 건조가 산업에 미치는 영향 분석,군
활주로지역 배수로 개선 분석평가 및 선행연구 용역,제20전투비행단,251557000.0,78.997,2022-06-24,주식회사 일신이앤씨,김형철,송포,"강원특별자치도 원주시 천매봉길36-22, 302호(단구동, 백림빌딩)",251557000.0,78.997,활주로지역 배수로 개선 분석평가 및 선행연구 용역,제20전투비행단
디지털 증거분석체계 라이센스 확보,해군본부,35046100.0,96.083,2022-09-07,디아이에스아이앤씨 주식회사,이현미,이현미,서울특별시 금천구 벚꽃로298-0 (가산동) 6층 601호,35046100.0,96.083,디지털 증거분석체계 라이센스 확보,군
22년 의무장비(혈액가스분석기 소형) 구매,국군의무사령부,13129200.0,88.001,2022-04-12,서우컴퍼니,서경희,서경희,"대전광역시 유성구 자운로157번길132, 912동 102호 (신봉동, 자운대아파트9단지)",13129200.0,88.001,22년 의무장비(혈액가스분석기 소형) 구매,기관
22-해-금속성분분석기 구매,국군재정관리단,,,,,,,,,,22-해-금속성분분석기 구매,국군재정관리단
22-해-금속성분분석기 구매,국군재정관리단,,,,,,,,,,22-해-금속성분분석기 구매,국군재정관리단
00부대 스마트 자동화 저장창고 신축 비용분석 연구,공군본부,,,,,,,,,,00부대 스마트 자동화 저장창고 신축 비용분석 연구,군
함정추진축계이상소음발생위치추정및원인분석기법연구,국군재정관리단,156000000.0,96.54,2022-05-11,(주)크리에이텍,최태묵,박미진,"부산광역시 해운대구 센텀북대로60, 915호",156000000.0,96.54,함정추진축계이상소음발생위치추정및원인분석기법연구,국군재정관리단
화학위험물질 및 방사선 탐지  분석용 드론제조,국군화생방방호사령부,199978900.0,89.195,2022-08-30,주식회사 비씨디이엔씨,이희윤,강성수,"경기도 양주시 광적면 부흥로847, 431호(경기벤처타운)",199978900.0,89.195,화학위험물질 및 방사선 탐지  분석용 드론제조,기관
단안형 야간투시경 경미한 성능개량 사업분석,방위사업청(운영지원과),28000000.0,93.333,2022-03-14,사단법인 안보경영연구원,전건욱,윤병찬,"서울특별시 강남구 언주로527, 10층 (역삼동)",28000000.0,93.333,단안형 야간투시경 경미한 성능개량 사업분석,중앙행정기관
군 암호체계 분석보호시스템 분석장비 구매,국군제1068부대,,,,,,,,,,군 암호체계 분석보호시스템 분석장비 구매,국군제1068부대
휴대용핵종분석기 구매,국군화생방방호사령부,44072600.0,92.469,2022-10-04,(주)이에이치,임경태,임경태,"경기도 고양시 덕양구 삼원로63-0 (원흥동, 고양아크비즈) 612호",44072600.0,92.469,휴대용핵종분석기 구매,기관
23년 비용분석모델(True Planning) SW유지보수 용역,육군본부,,,,,,,,,,23년 비용분석모델(True Planning) SW유지보수 용역,군
(22G059-H)'23년 스펙트럼측정 분석장비 유지보수용역,국군재정관리단,187246720.0,87.867,2023-01-03,주식회사 이에스,최광열,정금석,"경기도 광명시 양지로21-0 (일직동), 제유-플래닛티타워동 1301호(일직동,유-플래닛)",187246720.0,87.867,(22G059-H)'23년 스펙트럼측정 분석장비 유지보수용역,국군재정관리단
공지통신무전기 성능개량 사업분석,방위사업청(운영지원과),71200000.0,89.0,2023-02-28,사단법인 안보경영연구원,전건욱,조대현,"서울특별시 강남구 언주로527, 10층 (역삼동)",71200000.0,89.0,공지통신무전기 성능개량 사업분석,중앙행정기관
(227321-C) 네트워크 위협분석시스템 구매(리스물건),국군재정관리단,408971966.0,83.019,2022-09-08,주식회사 천일,이민자,김서연,"경기도 고양시 일산서구 대산로213-0  302호 (대화동,중앙프라자)",408971966.0,83.019,(227321-C) 네트워크 위협분석시스템 구매(리스물건),국군재정관리단
22년 수사데이터 연관 분석시스템 구매,국방부조사본부,117098200.0,97.179,2022-09-06,주식회사 마에스트로네트웍스,김성훈,김성훈,"서울특별시 금천구 가산디지털1로5, 대륭테크노타운 20차 1934호",117098200.0,97.179,22년 수사데이터 연관 분석시스템 구매,중앙행정기관
위성전군방공경보체계 경미한 성능개량 사업분석,방위사업청(운영지원과),35600000.0,89.0,2022-12-01,사단법인 안보경영연구원,전건욱,조대현,"서울특별시 강남구 언주로527, 10층 (역삼동)",35600000.0,89.0,위성전군방공경보체계 경미한 성능개량 사업분석,중앙행정기관
생화학분석기(동물용) 1항목 구매(의무),육군군수사령부,30194390.0,88.025,2022-09-29,윤서상사,이민수,이민수,"서울특별시 용산구 이촌로65가길51-0 (이촌동, 한가람아파트) 214-2103",30194390.0,88.025,생화학분석기(동물용) 1항목 구매(의무),군
여단급과학화전투훈련체계 경미한성능개량 사업분석,방위사업청(운영지원과),45500000.0,91.0,2023-02-10,건양대학교 산학협력단,홍영기,김우중,"충청남도 논산시 대학로 121, 건양대학교 산학협력단(내동)",45500000.0,91.0,여단급과학화전투훈련체계 경미한성능개량 사업분석,중앙행정기관
(226362-F)작전지속지원분석모델장비 도입(리스물건),국군재정관리단,456373176.0,83.02,2022-10-13,씨지에스아이티(주),최규식,최규식,"서울특별시 금천구 가산디지털1로1-0 (가산동, 더루벤스밸리) 1208호",456373176.0,83.02,(226362-F)작전지속지원분석모델장비 도입(리스물건),국군재정관리단
성능개량 전파분석체계도입사업,공군제7항공통신전대,146515000.0,94.37,2022-10-05,라온시스템즈(주),김태호,최승룡,"경기도 군포시 고산로148번길17-0, B동 1303호, 1304호, 1305호(당정동, 군포IT밸리)",146515000.0,94.37,성능개량 전파분석체계도입사업,군
22년 의무장비(혈액가스분석기 중형) 구매,국군의무사령부,39698290.0,87.995,2022-10-27,농업회사법인 주식회사 서원당,김봉현,김영원,강원특별자치도 원주시 신림면 신림황둔로174-0,39698290.0,87.995,22년 의무장비(혈액가스분석기 중형) 구매,기관
(226320-B) 지형분석장비 교체(리스물건),국군재정관리단,587739210.0,90.871,2022-09-13,주식회사 혜성산업,허정성,허정성,"서울특별시 영등포구 경인로775, 2동 1201-17호(문래동3가, 에이스하이테크시티)",587739210.0,90.871,(226320-B) 지형분석장비 교체(리스물건),국군재정관리단
전파환경측정 분석장비 유지보수,공군군수사령부,319606000.0,86.554,2022-10-13,라온시스템즈(주),김태호,최승룡,"경기도 군포시 고산로148번길17-0, B동 1303호, 1304호, 1305호(당정동, 군포IT밸리)",319606000.0,86.554,전파환경측정 분석장비 유지보수,군
군 급식 피복류 조달이관 성과분석 연구,국방부(운영지원과),,,,,,,,,,군 급식 피복류 조달이관 성과분석 연구,중앙행정기관
23년 항공관제 분석체계 유지보수,공군본부,29724476.0,87.76,2022-12-16,도원정보시스템 주식회사,김종호,김종호,경기도 안양시 동안구 흥안대로445(평촌동) 제6층 615호 안양평촌동지식산업센터,29724476.0,87.76,23년 항공관제 분석체계 유지보수,군
군 암호체계 분석보호시스템 분석도구 구매,국군제1068부대,5030576000.0,86.946,2022-09-26,(주)글로벌텔레콤,서승현,김진송,"서울특별시 영등포구 영등포로150,A동 L152호,1304호~1313호",5030576000.0,86.946,군 암호체계 분석보호시스템 분석도구 구매,국군제1068부대
군 암호체계 분석보호시스템 분석장비 구매,국군제1068부대,,,,,,,,,,군 암호체계 분석보호시스템 분석장비 구매,국군제1068부대
작전환경고려 전투실험 방법 및 평가 분석방법 연구,제9691부대,19990000.0,67.328,2023-03-14,(사)21세기군사연구소,김진욱,박계향,"서울특별시 금천구 가산디지털2로184, 10층 1017호(가산동, 벽산디지털밸리2차)",19990000.0,67.328,작전환경고려 전투실험 방법 및 평가 분석방법 연구,제9691부대
(22F199-I)네트워크위협분석시스템구매사업금융리스,국군재정관리단,497568800.0,99.66,2022-11-11,오릭스캐피탈코리아(주),정성윤,이수현,"서울특별시 강남구 테헤란로306, 13층(역삼동, 카이트타워)",497568800.0,99.66,(22F199-I)네트워크위협분석시스템구매사업금융리스,국군재정관리단
(23F009-A)지리공간지형분석 Terra SW 등 금융리스,국군재정관리단,651456350.0,94.084,2023-01-26,군인공제회,정재관,박진호,서울특별시 강남구 남부순환로 2806(),651456350.0,94.084,(23F009-A)지리공간지형분석 Terra SW 등 금융리스,국군재정관리단
23-24년 공군 항공무장효과분석모델 통합유지보수,국군재정관리단,1038990700.0,93.847,2022-12-13,주식회사 아레스,김진원,이철승,대전광역시 유성구 노은로170-0 (지족동) 스타시티빌딩 6층,1038990700.0,93.847,23-24년 공군 항공무장효과분석모델 통합유지보수,국군재정관리단
22-해-AI 빅데이터 분석 개발용 학습 플랫폼 구축,국군재정관리단,363439700.0,83.114,2022-11-07,주식회사에스마루,김학철,최정란,충청남도 청양군 정산면 칠갑산로1898-0,363439700.0,83.114,22-해-AI 빅데이터 분석 개발용 학습 플랫폼 구축,국군재정관리단
특수전지원함 등 2종 사업분석,방위사업청(운영지원과),92000000.0,92.0,2023-02-20,(사)21세기군사연구소,김진욱,박계향,"서울특별시 금천구 가산디지털2로184, 10층 1017호(가산동, 벽산디지털밸리2차)",92000000.0,92.0,특수전지원함 등 2종 사업분석,중앙행정기관
(226410-C) 지형분석장비 구매(리스물건),국군재정관리단,65990000.0,88.01,2022-11-18,라이핏사이언스,신종걸,신종걸,인천광역시 남동구 은봉로52-0 (논현동) NIC지식산업센터 1013호,65990000.0,88.01,(226410-C) 지형분석장비 구매(리스물건),국군재정관리단
(22F070-G) 경계용 영상분석 데이터셋 구축,국군재정관리단,457001938.0,84.04,2022-12-06,아이브스 주식회사,배영훈,노태균,"서울특별시 성동구 광나루로6길35, 202호, 706-2호, 707호 (성수동2가, 우림이비즈센터)",457001938.0,84.04,(22F070-G) 경계용 영상분석 데이터셋 구축,국군재정관리단
23-F-전자정보 수집/분석장비 유지보수,국군재정관리단,213107000.0,86.514,2023-03-02,라온시스템즈(주),김태호,최승룡,"경기도 군포시 고산로148번길17-0, B동 1303호, 1304호, 1305호(당정동, 군포IT밸리)",213107000.0,86.514,23-F-전자정보 수집/분석장비 유지보수,국군재정관리단
22년 의무장비(요분석기) 구매,국군의무사령부,31087010.0,87.995,2022-10-27,유한회사 창해,류제성,류제성,광주광역시 광산구 풍영철길로15(콜롬버스월드 302호),31087010.0,87.995,22년 의무장비(요분석기) 구매,기관
(22F067-G) 심리뇌파분석시스템 유지보수사업,국군재정관리단,,,,,,,,,,(22F067-G) 심리뇌파분석시스템 유지보수사업,국군재정관리단
(22F067-G) 심리뇌파분석시스템 유지보수사업,국군재정관리단,76560000.0,98.11,2022-12-13,주식회사 엑스정보통신,정진욱,정진욱,"경기도 부천시 석천로397, 102동 611호(삼정동, 부천테크노파크쌍용3차)",76560000.0,98.11,(22F067-G) 심리뇌파분석시스템 유지보수사업,국군재정관리단
성희롱 등 사건분석을 통한 조직문화 개선방안 연구,공군본부,,,,,,,,,,성희롱 등 사건분석을 통한 조직문화 개선방안 연구,군
(237001-H)스펙트럼 측정/분석장비 노후 교체,국군재정관리단,,,,,,,,,,(237001-H)스펙트럼 측정/분석장비 노후 교체,국군재정관리단
23-D-라만분광분석기 구매,국군재정관리단,,,,,,,,,,23-D-라만분광분석기 구매,국군재정관리단
안보학술진흥연구용역(3.국내안보환경분석또는),국방대학교,,,,,,,,,,안보학술진흥연구용역(3.국내안보환경분석또는),중앙행정기관
안보학술진흥연구용역(3.국내안보환경분석또는),국방대학교,,,,,,,,,,안보학술진흥연구용역(3.국내안보환경분석또는),중앙행정기관
22-해-금속성분분석기 구매,국군재정관리단,83000000.0,98.116,2022-11-15,주식회사 선화무역,최영상,최영상,"경기도 고양시 덕양구 용현로10-0, 508동 203호 (행신동, 무원마을5단지 아파트)",83000000.0,98.116,22-해-금속성분분석기 구매,국군재정관리단
국방분야 반도체 조사·분석 및 발전방안 연구,방위사업청(운영지원과),55000000.0,91.21,2023-06-05,사단법인 한국국방기술학회,박영욱,이지선,"서울특별시 종로구 율곡로17길7-38, 수지빌딩 7층(이화동)",55000000.0,91.21,국방분야 반도체 조사·분석 및 발전방안 연구,중앙행정기관
(236208-E) 차륜정비장비(분석기 차량엔진용) 구매,국군재정관리단,233964000.0,82.996,2023-07-07,주식회사 광원종합상사,남상경,남상경,서울특별시 양천구 남부순환로72길17-0 (신월동) 영동빌딩2층,233964000.0,82.996,(236208-E) 차륜정비장비(분석기 차량엔진용) 구매,국군재정관리단
23-H-14 스펙트럼 분석기 구매,공군군수사령부,198820367.0,87.996,2023-05-31,삼송,김혜정,김혜정,"경상북도 경산시 대학로13길26, 2203호(정평동, 경산 한서 고층아파트)",198820367.0,87.996,23-H-14 스펙트럼 분석기 구매,군
사이버 기술분석용 라이선스 구매,4284부대,150398000.0,98.145,2023-06-14,주식회사 인섹사이버시큐리티,김종광,전수현,"서울특별시 금천구 가산디지털1로146, 705호(가산동, 대륭테크노타운22차)",150398000.0,98.145,사이버 기술분석용 라이선스 구매,4284부대
(237345-F)기체크로마토그래피 질량분석기 구매,국군재정관리단,245795000.0,83.027,2023-08-29,써모피셔사이언티픽코리아 주식회사,석수진,백수정,"서울특별시 강남구 광평로281, 10층(수서동, 수서오피스빌딩)",245795000.0,83.027,(237345-F)기체크로마토그래피 질량분석기 구매,국군재정관리단
23년 조사분석용 SW 라이선스 구매,4284부대,276077500.0,97.41,2023-05-23,주식회사  인섹시큐리티,김종광,정명화,"서울특별시 금천구 가산디지털1로19, 406호, 407호, 408호, 409호(가산동,대륭테크노타운18차)",276077500.0,97.41,23년 조사분석용 SW 라이선스 구매,4284부대
디지털 증거분석체계 라이센스 확보 사업,해군본부,26988340.0,88.71,2023-05-24,테크노빌리지 주식회사,유인목,임한영,"경기도 성남시 수정구 금토로80번길11, (금토동, 판교이노베이션랩) 9층 909~911호",26988340.0,88.71,디지털 증거분석체계 라이센스 확보 사업,군
23-N-유황분석기 구매,국군재정관리단,69718400.0,87.995,2023-04-07,디에이전,전동애,전동애,"서울특별시 구로구 디지털로31길41, 312-118(구로동)",69718400.0,87.995,23-N-유황분석기 구매,국군재정관리단
23년 의무장비(수액조절기 분석기) 구매,국군의무사령부,25855070.0,87.995,2023-06-20,주식회사 길상산업,박종호,박종호,경기도 화성시 10용사로456-0 (반송동),25855070.0,87.995,23년 의무장비(수액조절기 분석기) 구매,기관
(236044-G)사이버 조사분석체계 교체 및 추가도입사업,국군재정관리단,169263476.0,88.095,2023-08-17,정보와기술 주식회사,이충근,이교석,"서울특별시 금천구 디지털로9길68, 제1806호(가산동, 대륭포스트타워5차)",169263476.0,88.095,(236044-G)사이버 조사분석체계 교체 및 추가도입사업,국군재정관리단
23년 성능개량 전파분석체계 도입사업,공군제7항공통신전대,,,,,,,,,,23년 성능개량 전파분석체계 도입사업,군
23년 의무장비(전기수술기 분석기) 구매,국군의무사령부,23751970.0,87.995,2023-05-09,스마일컴퍼니,이미란,이미란,"경기도 수원시 영통구 영통로90번길28-15 (망포동, 도고훼미리타운)",23751970.0,87.995,23년 의무장비(전기수술기 분석기) 구매,기관
(상생협력실)갈등영향분석 연구용역(C013),제7군단,44715000.0,89.827,2023-05-03,사단법인 한국갈등학회,최진식,이대영,서울특별시 서대문구 충정로53-0 (충정로2가) 골든타워빌딩 1701호,44715000.0,89.827,(상생협력실)갈등영향분석 연구용역(C013),제7군단
23-F-분석기 스펙트럼용 2종 구매(239034-H),국군재정관리단,140725010.0,87.995,2023-05-16,원유통,이양희,이양희,"대구광역시 북구 동북로163, 101동 1605호(산격동, 산격대우아파트)",140725010.0,87.995,23-F-분석기 스펙트럼용 2종 구매(239034-H),국군재정관리단
(236043-G) 23년 모바일·IoT 조사분석체계 도입사업,국군재정관리단,,,,,,,,,,(236043-G) 23년 모바일·IoT 조사분석체계 도입사업,국군재정관리단
(236043-G) 23년 모바일·IoT 조사분석체계 도입사업,국군재정관리단,140144980.0,88.326,2023-09-12,(주)엔큐컨설팅,유관우,유관우,서울특별시 송파구 법원로11길25-0 (문정동) 에이치비지니스파크 A동 1009호,140144980.0,88.326,(236043-G) 23년 모바일·IoT 조사분석체계 도입사업,국군재정관리단
23-D-라만분광분석기 구매,국군재정관리단,210300000.0,97.6,2023-07-04,(주)동욱씨앤아이,이진형,김덕호,"서울특별시 영등포구 63로 32, 라이프콤비빌딩702호(여의도동)",210300000.0,97.6,23-D-라만분광분석기 구매,국군재정관리단
상층대기분석장비 유지보수,공군군수사령부,80823000.0,87.869,2023-03-28,MRO Tech(엠알오텍),안기수,안기수,"대구광역시 북구 영송로15, 5층 5503호(태전동, 대구보건대학교 성실관)",80823000.0,87.869,상층대기분석장비 유지보수,군
차륜형장갑차 성능개량 사업 비용분석,방위사업청(운영지원과),26700000.0,89.0,2023-06-21,사단법인 안보경영연구원,전건욱,조대현,"서울특별시 강남구 언주로527, 10층 (역삼동)",26700000.0,89.0,차륜형장갑차 성능개량 사업 비용분석,중앙행정기관
23 군의료 특성화 연구(접경지역 외상환자 예후 분석),국군수도병원,,,,,,,,,,23 군의료 특성화 연구(접경지역 외상환자 예후 분석),국군수도병원
국방해킹범죄수사센터 상황분석 시스템 구축,국방부조사본부,161260000.0,100.0,2023-08-18,주식회사 미디어스테이션,김성도,이찬홍,경기도 파주시 산남로26번길101-0 (산남동),161260000.0,100.0,국방해킹범죄수사센터 상황분석 시스템 구축,중앙행정기관
세계안보정세분석 연구 용역,국방대학교,,,,,,,,,,세계안보정세분석 연구 용역,중앙행정기관
(236351-C) 무기체계 운영환경 동적분석 장비 도입,국군재정관리단,,,,,,,,,,(236351-C) 무기체계 운영환경 동적분석 장비 도입,국군재정관리단
(236351-C) 무기체계 운영환경 동적분석 장비 도입,국군재정관리단,238766000.0,97.97,2023-09-05,주식회사 에이티앤아이,허준석,허지원,"경상북도 경산시 하양읍 하양로13-13, D1동 4층 406호",238766000.0,97.97,(236351-C) 무기체계 운영환경 동적분석 장비 도입,국군재정관리단
(236199-F) 고분해능 질량분석기 구매,국군재정관리단,479600000.0,99.005,2023-06-22,(주)지올코리아,NAKAZAWA TAKASHI,유보라,"서울특별시 강동구 양재대로 1443, 동우빌딩 7층(길동)",479600000.0,99.005,(236199-F) 고분해능 질량분석기 구매,국군재정관리단
전파영향평가 방법 비교분석 및 실증 연구,국방부(운영지원과),,,,,,,,,,전파영향평가 방법 비교분석 및 실증 연구,중앙행정기관
23-D-디지털컨텐츠 위변조 분석시스템 구매,국군재정관리단,203428800.0,83.073,2023-05-16,(주)싸이버텍,이정원,이정원,"서울특별시 용산구 한강대로211, 102동 1605호(한강로1가, 대우월드마크용산)",203428800.0,83.073,23-D-디지털컨텐츠 위변조 분석시스템 구매,국군재정관리단
의무장비-혈액가스분석기 중형 구매,국군대전병원,31445800.0,87.996,2023-04-07,주식회사 휴콤,최성숙,최성숙,경상남도 창원시 성산구 가음로101번길22-6,31445800.0,87.996,의무장비-혈액가스분석기 중형 구매,국군대전병원
(236366-F) 네트워크 트래픽 수집 및 분석 장비 구매,국군재정관리단,149083000.0,88.153,2023-09-05,구루멘토링 주식회사,최동양,최동양,"서울특별시 구로구 디지털로243, 705호(구로동, 지하이시티)",149083000.0,88.153,(236366-F) 네트워크 트래픽 수집 및 분석 장비 구매,국군재정관리단
(237209-F) 자동염기서열분석기 구매 ,국군재정관리단,273543600.0,89.492,2023-05-31,주식회사 엘씨케이테크놀로지스,홍광표,박점숙,서울특별시 강서구 양천로401 (가양동) 강서한강자이타워 B동1503~1506호,273543600.0,89.492,(237209-F) 자동염기서열분석기 구매 ,국군재정관리단
(236306-F)지형분석장비 교체사업(리스물건),국군재정관리단,258148110.0,83.027,2023-08-10,(주)아인스에스엔씨,정영주,남궁성호,제주특별자치도 제주시 첨단로251 (영평동),258148110.0,83.027,(236306-F)지형분석장비 교체사업(리스물건),국군재정관리단
(237283-E) 혈액가스분석기 소형 구매,국군재정관리단,48961000.0,88.784,2023-09-15,주식회사 남양메디칼,박현준,김정자,경기도 남양주시 진접읍 양진로816-28,48961000.0,88.784,(237283-E) 혈액가스분석기 소형 구매,국군재정관리단
항공기 운영이력 빅데이터 수집 및 분석기법 연구,공군군수사령부,66690000.0,81.37,2023-08-28,주식회사 피앤씨솔루션,최치원,이영민,"서울특별시 금천구 가산디지털1로171, B208호(가산동, 가산 에스케이 브이원 센터)",66690000.0,81.37,항공기 운영이력 빅데이터 수집 및 분석기법 연구,군
정보보안장비(사이버보안 위협분석시스템),방위사업청,3115000000.0,80.888,2023-07-21,네이버시스템 주식회사,임병조,이성표,"서울특별시 송파구 중대로 135, 아이티벤처타워 동관 16층 1601(가락동)",3115000000.0,80.888,정보보안장비(사이버보안 위협분석시스템),중앙행정기관
23-F-최대전력 분석기 구매,국군재정관리단,244838000.0,91.358,2023-06-28,대길상사,김지영,김지영,"서울특별시 동대문구 고미술로 100, 송화빌딩 303호(답십리동)",244838000.0,91.358,23-F-최대전력 분석기 구매,국군재정관리단
악성코드 수집분석체계 라이선스 구매,4284부대,269482200.0,91.173,2023-05-16,주식회사 마에스트로네트웍스,김성훈,김성훈,"서울특별시 금천구 가산디지털1로5, 대륭테크노타운 20차 1934호",269482200.0,91.173,악성코드 수집분석체계 라이선스 구매,4284부대
(236035-G) 23년 네트워크위협분석체계(NTAS) 구축,국군재정관리단,581212750.0,82.996,2023-07-21,(주)타임게이트,신승호,이신영,"서울특별시 성동구 아차산로17, 11층(성수동1가, 서울숲엘타워)",581212750.0,82.996,(236035-G) 23년 네트워크위협분석체계(NTAS) 구축,국군재정관리단
(237196-C) 악성코드 수집분석체계 장비 교체,국군재정관리단,209732050.0,88.159,2023-05-24,주식회사 보스테크,이헌웅,정해붕,"서울특별시 영등포구 당산로41길11, W동 비133호, 제15층 1511호,1512호(당산동4가, 당산 SK V1 center)",209732050.0,88.159,(237196-C) 악성코드 수집분석체계 장비 교체,국군재정관리단
(237020-H)23년 조사분석용 HW 구매,국군재정관리단,150930609.0,88.004,2023-06-08,주식회사 우성텔레콤,송상의,지민이,"경기도 고양시 일산동구 백마로223, 431호(장항동, 현대에뜨레보)",150930609.0,88.004,(237020-H)23년 조사분석용 HW 구매,국군재정관리단
23-D-감정장비(액체질량분석기) 구매(2310036-F) ,국군재정관리단,445720450.0,83.057,2023-04-27,주식회사 에스앤피,김유미,김유미,"경기도 안산시 상록구 샘골로136, 2층 204호-166 (본오동)",445720450.0,83.057,23-D-감정장비(액체질량분석기) 구매(2310036-F) ,국군재정관리단
(23F225-I)지형분석 S/W(Arc GIS) 교체사업 금융리스,국군재정관리단,,,,,,,,,,(23F225-I)지형분석 S/W(Arc GIS) 교체사업 금융리스,국군재정관리단
민 군 통합 수송운영체계 구축 수송물류 비용분석,국군수송사령부,54500000.0,91.672,2023-07-26,한성대학교 산학협력단,노광현,심지민,서울특별시 성북구 삼선교로16길116-0 (삼선동2가),54500000.0,91.672,민 군 통합 수송운영체계 구축 수송물류 비용분석,기관
23-D-기체질량분석기 구매,국군재정관리단,223200000.0,91.973,2023-09-27,주식회사 세일케이엠,김정한,김호영,"서울특별시 강서구 공항대로51길17-0 1,2층 (등촌동)",223200000.0,91.973,23-D-기체질량분석기 구매,국군재정관리단
(237022-H)분석관리체계 노후 교체사업(리스물건),국군재정관리단,1155540000.0,83.082,2023-06-23,(주)에스큐브아이,오영철,최영걸,"서울특별시 서초구 동산로23, 3층(양재동,베델회관)",1155540000.0,83.082,(237022-H)분석관리체계 노후 교체사업(리스물건),국군재정관리단
민 군 통합 수송운영체계 구축 수송물류 비용분석,국군수송사령부,,,,,,,,,,민 군 통합 수송운영체계 구축 수송물류 비용분석,기관
23-N-사이버 침해사고 조사/분석체계 구축,국군재정관리단,129636096.0,88.002,2023-04-06,아이티 월드,김영우,김영우,부산광역시 동래구 여고로63번길86-0 (사직동) 1층,129636096.0,88.002,23-N-사이버 침해사고 조사/분석체계 구축,국군재정관리단
23-N-금속성분분석기 구매,국군재정관리단,49666510.0,88.181,2023-04-13,주식회사 에이치더블유,이상민,이동화,"인천광역시 연수구 송도미래로30, 이동 1308-1호(송도동, 스마트밸리)",49666510.0,88.181,23-N-금속성분분석기 구매,국군재정관리단
23-D-감정장비(면역화학분석기) 구매,국군재정관리단,,,,,,,,,,23-D-감정장비(면역화학분석기) 구매,국군재정관리단
23-F-분석기 표면마무리용 접촉용 구매(239016-F),국군재정관리단,116254730.0,88.009,2023-07-04,에듀크레아,홍세준,홍세준,"경기도 수원시 장안구 송원로20, B동 1010호(송죽동, 수원아너스빌위즈)",116254730.0,88.009,23-F-분석기 표면마무리용 접촉용 구매(239016-F),국군재정관리단
23년 혈액가스 및 전해질분석기 구매,국군의무사령부,37008414.0,87.995,2023-10-18,토리 상사,조성희,조성희,"충청북도 청주시 청원구 오창읍 중부로760,115동 3701호(오창 롯데캐슬 더 하이스트)",37008414.0,87.995,23년 혈액가스 및 전해질분석기 구매,기관
23-D-감정장비(면역화학분석기) 구매,국군재정관리단,95947000.0,88.001,2023-10-18,스타일담아,유진경,유진경,"서울특별시 성북구 종암로22길12-8, 2층 201호(종암동)",95947000.0,88.001,23-D-감정장비(면역화학분석기) 구매,국군재정관리단
23-D-액체질량분석기 구매(2310036-F),국군재정관리단,498200000.0,92.123,2023-10-23,주식회사 세일케이엠,김정한,김호영,"서울특별시 강서구 공항대로51길17-0 1,2층 (등촌동)",498200000.0,92.123,23-D-액체질량분석기 구매(2310036-F),국군재정관리단
화생방위험예측분석체계 체계개발,방위사업청,6887400000.0,,2023-12-19,(주)볼트시뮬레이션,김석철,,서울특별시 서초구 서초대로19길10-11 (방배동) 2층,6887400000.0,,화생방위험예측분석체계 체계개발,중앙행정기관
생화학자동분석기(동물용) 등 3항목 구매(의무),육군군수사령부,39875810.0,88.174,2023-10-24,엠지산업,조명지,조명지,"인천광역시 남동구 서창남순환로55, 505동 603호(서창동, 서창센트럴푸르지오)",39875810.0,88.174,생화학자동분석기(동물용) 등 3항목 구매(의무),군
23-D-액체질량분석기 구매,국군재정관리단,427482000.0,97.498,2023-10-25,(주)오성인피니티,김희숙,서정대,"서울특별시 강남구 남부순환로365길 5, 중명 213(도곡동)",427482000.0,97.498,23-D-액체질량분석기 구매,국군재정관리단
의무장비 혈액가스분석기 등 3종 구매,제9691부대,27794000.0,99.266,2023-11-01,동진상사,윤영현,윤영현,"경기도 평택시 평택5로34번길48, 402호(합정동)",27794000.0,99.266,의무장비 혈액가스분석기 등 3종 구매,제9691부대
(236367-B)표적분석용 워크스테이션 구매(리스물건),국군재정관리단,107109810.0,87.995,2023-11-07,포스정보주식회사,김미숙,김미숙,강원특별자치도 춘천시 동면 만천로104-1,107109810.0,87.995,(236367-B)표적분석용 워크스테이션 구매(리스물건),국군재정관리단
유전자감정장비(자동염기서열분석기)소모품 설치 납품,국방부유해발굴감식단,40163970.0,97.002,2023-11-08,주식회사 세랜텍,박희원,박희원,서울특별시 중랑구 동일로516-3 (면목동) 5층,40163970.0,97.002,유전자감정장비(자동염기서열분석기)소모품 설치 납품,중앙행정기관
자동염기서열분석기 정비 및 검교정,국방부조사본부,80244780.0,96.987,2023-11-09,젠트리거,김승준,김승준,서울특별시 강서구 마곡중앙5로1길20 (마곡동) 520호,80244780.0,96.987,자동염기서열분석기 정비 및 검교정,중앙행정기관
K10 탄약운반차량 경미한 성능개량 사업분석,방위사업청(운영지원과),38000000.0,95.0,2023-11-20,국립금오공과대학교산학협력단,권오형,한달연,"경상북도 구미시 대학로 61, 금오공과대학교 산학협력단(양호동)",38000000.0,95.0,K10 탄약운반차량 경미한 성능개량 사업분석,중앙행정기관
포병관측장비(TAS-1K)시험세트 분석장비 SW개선,육군군수사령부,41710000.0,96.226,2023-11-14,주식회사 디오르마,윤정숙,윤정숙,경기도 하남시 미사강변한강로155 (망월동) 미사강변 SKV1센터 524-2,41710000.0,96.226,포병관측장비(TAS-1K)시험세트 분석장비 SW개선,군
23년 의무장비(전기수술기 분석기) 구매,국군의무사령부,,,,,,,,,,23년 의무장비(전기수술기 분석기) 구매,기관
해성-I 유도탄 창정비요소개발 비용분석 연구,해군본부,29500000.0,75.015,2023-11-24,사단법인 미래안보산업전략연구원,박종재,정영숙,서울특별시 영등포구 영등포로35길10-0 (영등포동6가) 8층 809호,29500000.0,75.015,해성-I 유도탄 창정비요소개발 비용분석 연구,군
대잠훈련분석체계(AEAS) 유지보수 용역,해군군수사령부,54553000.0,87.752,2023-11-23,주식회사 코테스,고기종,고기종,충청북도 청주시 흥덕구 비하로59-2 (비하동),54553000.0,87.752,대잠훈련분석체계(AEAS) 유지보수 용역,군
과학기술전문사관 직무 성과분석 연구,국방부(운영지원과),43190400.0,96.0,2023-12-06,주식회사 라이언앤코컨설팅,김건희,오지수,"서울특별시 강남구 영동대로602, 6층 E170호(삼성동)",43190400.0,96.0,과학기술전문사관 직무 성과분석 연구,중앙행정기관
(23G250-I) 분석관리체계 금융리스,국군재정관리단,1331017000.0,97.279,2023-11-30,오릭스캐피탈코리아(주),정성윤,이수현,"서울특별시 강남구 테헤란로306, 13층(역삼동, 카이트타워)",1331017000.0,97.279,(23G250-I) 분석관리체계 금융리스,국군재정관리단
23년 의무장비(전기수술기 분석기) 구매,국군의무사령부,,,,,,,,,,23년 의무장비(전기수술기 분석기) 구매,기관
(236498-C) 23년 영상분석서버 및 PC 제조설치,국군재정관리단,93127657.0,88.03,2023-12-07,주식회사 유니와이드,김창환,이지호,서울특별시 구로구 디지털로26길5-0 (구로동) 1404호,93127657.0,88.03,(236498-C) 23년 영상분석서버 및 PC 제조설치,국군재정관리단
(23G054-H)24~25년 스펙트럼측정분석장비 유지보수,국군재정관리단,321293390.0,86.006,2023-12-14,라온시스템즈(주),김태호,최승룡,"경기도 군포시 고산로148번길17-0, B동 1303호, 1304호, 1305호(당정동, 군포IT밸리)",321293390.0,86.006,(23G054-H)24~25년 스펙트럼측정분석장비 유지보수,국군재정관리단
24년 국방연구개발사업의 성과조사 · 분석 연구 ,방위사업청(운영지원과),79950000.0,99.937,2024-04-23,주식회사 공공정책성과평가연구원,김동준,노민택,"서울특별시 서초구 방배천로155, 유청빌딩 3층(방배동 821-8)",79950000.0,99.937,24년 국방연구개발사업의 성과조사 · 분석 연구 ,중앙행정기관
00기지 환경개선 사업 분석평가 및 선행연구 용역,공군작사근무지원단,86000000.0,86.28,2023-12-27,주식회사 한국건설경영기술원,박장권,박장권,경기도 고양시 덕양구 권율대로656-0 (원흥동) 17층 1739호,86000000.0,86.28,00기지 환경개선 사업 분석평가 및 선행연구 용역,군
24-항공관제 분석체계 유지보수 용역,공군본부,28282000.0,87.844,2024-01-11,주식회사 글로벌메타,김부원,이기찬,서울특별시 관악구 남부순환로1808 (봉천동) 1414호,28282000.0,87.844,24-항공관제 분석체계 유지보수 용역,군
고속상륙정(LSF-II) Batch-II 사업분석,방위사업청(운영지원과),62964000.0,89.948,2024-04-29,한성대학교 산학협력단,이정훈,심지민,서울특별시 성북구 삼선교로16길116-0 (삼선동2가),62964000.0,89.948,고속상륙정(LSF-II) Batch-II 사업분석,중앙행정기관
해안복합감시체계 사업 비용분석,방위사업청(운영지원과),29000000.0,96.666,2024-04-07,사단법인 안보경영연구원,전건욱,조대현,"서울특별시 강남구 언주로527, 10층 (역삼동)",29000000.0,96.666,해안복합감시체계 사업 비용분석,중앙행정기관
사이버 자산정보 수집 분석체계 라이선스 구매,4284부대,,,,,,,,,,사이버 자산정보 수집 분석체계 라이선스 구매,4284부대
해성-I 창정비요소개발 사업 비용분석,방위사업청(운영지원과),27000000.0,90.0,2024-04-21,사단법인 한국기업연구원,이승후,이영은,"서울특별시 강남구 도산대로 507, 대신빌딩205호(청담동)",27000000.0,90.0,해성-I 창정비요소개발 사업 비용분석,중앙행정기관
사이버 자산정보 수집 분석체계 라이선스 구매,4284부대,111650000.0,99.61,2024-03-05,에이치제이엘,이호준,이호준,서울특별시 영등포구 의사당대로38 (여의도동) 101동 412호,111650000.0,99.61,사이버 자산정보 수집 분석체계 라이선스 구매,4284부대
조종사 피로도와 안전비행의 상관관계 분석 연구용역,육군항공학교,,,,,,,,,,조종사 피로도와 안전비행의 상관관계 분석 연구용역,군
KJCCS 경미한 성능개량 사업 비용분석,방위사업청(운영지원과),28500000.0,95.0,2024-04-21,주식회사 비용관리연구원,나인성,나인성,경기도 의왕시 오봉산단3로25 (삼동) 의왕테크노파크 더리브비즈원 1동1528호,28500000.0,95.0,KJCCS 경미한 성능개량 사업 비용분석,중앙행정기관
24년 군 양성평등지표 조사 및 분석 연구,국방부(운영지원과),,,,,,,,,,24년 군 양성평등지표 조사 및 분석 연구,중앙행정기관
(246072-F) 분석기 스펙트럼용 구매,국군재정관리단,141901140.0,88.0,2024-04-02,주식회사 삼현,김희주,김희주,강원특별자치도 철원군 동송읍 금학로31-98,141901140.0,88.0,(246072-F) 분석기 스펙트럼용 구매,국군재정관리단
대용량 유전자데이터 분석 파이프라인 및 가시화 연구,국군의무사령부,,,,,,,,,,대용량 유전자데이터 분석 파이프라인 및 가시화 연구,기관
24~'25년 상층대기분석장비 유지보수,공군군수사령부,,,,,,,,,,24~'25년 상층대기분석장비 유지보수,군
24-F-분석기 회로망 1종 구매,국군재정관리단,140976680.0,87.998,2024-04-12,와이에스컴퍼니,정영석,정영석,충청남도 홍성군 홍북읍 홍예로213-0 (엘에이치스타힐스) 121동 2201호,140976680.0,87.998,24-F-분석기 회로망 1종 구매,국군재정관리단
24~25-F-OOOO 수집/분석장비 유지보수,국군재정관리단,215500000.0,86.911,2024-04-15,라온시스템즈(주),김태호,최승룡,"경기도 군포시 고산로148번길17-0, B동 1303호, 1304호, 1305호(당정동, 군포IT밸리)",215500000.0,86.911,24~25-F-OOOO 수집/분석장비 유지보수,국군재정관리단
24-F-분석기  주파수편이용 장비 구매,국군재정관리단,99137960.0,87.996,2024-04-15,문경새재 사과나무,안상희,안상희,경상북도 문경시 문경읍 주흘1길20-0,99137960.0,87.996,24-F-분석기  주파수편이용 장비 구매,국군재정관리단
24~'25년 상층대기분석장비 유지보수,공군군수사령부,87020931.0,94.256,2024-04-16,유한회사 동방이노베이션,김준식,안차순,전북특별자치도 정읍시 북면 북면공단2길87-0,87020931.0,94.256,24~'25년 상층대기분석장비 유지보수,군
대용량 유전자데이터 분석 파이프라인 및 가시화 연구,국군의무사령부,,,,,,,,,,대용량 유전자데이터 분석 파이프라인 및 가시화 연구,기관
함대함유도탄-II 사업분석,방위사업청(운영지원과),57000000.0,95.0,2024-07-02,에스앤에스이앤지 주식회사,박종선,양용진,"인천광역시 중구 인중로 178, 제이엘타워 1001호(사동)",57000000.0,95.0,함대함유도탄-II 사업분석,중앙행정기관
사이버 기술분석용 라이선스 구매,4284부대,203999750.0,98.175,2024-04-23,씨지에스아이티(주),최규식,최규식,"서울특별시 금천구 가산디지털1로1-0 (가산동, 더루벤스밸리) 1208호",203999750.0,98.175,사이버 기술분석용 라이선스 구매,4284부대
(247158-F) 스펙트럼 분석기 등 3종 구매,국군재정관리단,164780000.0,95.634,2024-04-26,주식회사 모렌스,권오경,장정연,"대전광역시 유성구 한밭대로138 (노은동, 노은노블레스) 201호",164780000.0,95.634,(247158-F) 스펙트럼 분석기 등 3종 구매,국군재정관리단
24 군의료 특성화 연구(군 헬기 환자 이송 현황 분석),국군수도병원,,,,,,,,,,24 군의료 특성화 연구(군 헬기 환자 이송 현황 분석),국군수도병원
24 군의료 특성화 연구(알레르겐 양상 분석),국군수도병원,,,,,,,,,,24 군의료 특성화 연구(알레르겐 양상 분석),국군수도병원
분석기  스펙트럼용 구매,해군군수사령부,14940270.0,88.0,2024-04-30,태형상사주식회사,방은희,황인선,"경기도 김포시 김포한강3로237번길16, (장기동, 314호)",14940270.0,88.0,분석기  스펙트럼용 구매,군
(247192-C) 유전자감정장비(자동염기서열분석기) 구매,국군재정관리단,285863600.0,89.675,2024-05-02,주식회사 엘씨케이테크놀로지스,홍광표,박점숙,서울특별시 강서구 양천로401 (가양동) 강서한강자이타워 B동1503~1506호,285863600.0,89.675,(247192-C) 유전자감정장비(자동염기서열분석기) 구매,국군재정관리단
24-F-생화학분석기 대형 등 4종 구매,국군재정관리단,124025600.0,88.014,2024-05-16,정원B&C,이숙,이숙,"경기도 고양시 일산동구 강석로33, (백석동, 대우IAAN) 2층 217호",124025600.0,88.014,24-F-생화학분석기 대형 등 4종 구매,국군재정관리단
지능형 악성코드 수집분석체계 라이선스 구매,4284부대,251647000.0,97.751,2024-05-17,주식회사  인섹시큐리티,김종광,정명화,"서울특별시 금천구 가산디지털1로19, 406호, 407호, 408호, 409호(가산동,대륭테크노타운18차)",251647000.0,97.751,지능형 악성코드 수집분석체계 라이선스 구매,4284부대
생화학분석기(자동식) 1대 구매 설치,해군교육사령부,46972450.0,87.995,2024-05-17,라온유통,김보명,김보명,"대구광역시 달서구 도원로46, 610동 304호  (도원동, 별메마을)",46972450.0,87.995,생화학분석기(자동식) 1대 구매 설치,군
[24-육-91] 무건리 훈련장 갈등 비용분석 연구,육군본부,,,,,,,,,,[24-육-91] 무건리 훈련장 갈등 비용분석 연구,군
유압유 미립자 분석기 교정키트 구매,공군군수사령부,30313412.0,88.004,2024-05-30,근영유통,박수영,박수영,"대구광역시 북구 태전로1, 101동 302호 (태전동, 태전역 더 뉴클래스)",30313412.0,88.004,유압유 미립자 분석기 교정키트 구매,군
24년 의무장비(헤모글로빈 A1C자동분석기) 구매,국군수도병원,38917800.0,87.995,2024-05-30,더스테이지,한아름,한아름,경기도 안양시 동안구 관양로269-5 (관양동) 3층,38917800.0,87.995,24년 의무장비(헤모글로빈 A1C자동분석기) 구매,국군수도병원
세계안보정세분석 연구용역,국방대학교,,,,,,,,,,세계안보정세분석 연구용역,중앙행정기관
[24-육-91] 무건리 훈련장 갈등 비용분석 연구,육군본부,13805000.0,91.984,2024-06-07,유한회사 행정과 소통연구소,홍수정,이경순,"서울특별시 광진구 광나루로56길63, 지하1층 113호 에스46(구의동)",13805000.0,91.984,[24-육-91] 무건리 훈련장 갈등 비용분석 연구,군
24-그린나래호텔 리모델링 계획의 적절성 분석연구,공군본부,20000000.0,73.308,2024-06-19,사단법인 한국국가전략연구원,한민구,이상규,"서울특별시 용산구 한강대로62길41, 3층 (한강로1가)",20000000.0,73.308,24-그린나래호텔 리모델링 계획의 적절성 분석연구,군
국방과학기술 전문인력 소요분석 연구,국방부(운영지원과),,,,,,,,,,국방과학기술 전문인력 소요분석 연구,중앙행정기관
(246202-D)지형분석장비 교체사업(리스자산),국군재정관리단,536375639.0,83.009,2024-06-11,주식회사 엔에이치,이남택,최소영,경기도 남양주시 진접읍 내각1로73번길38-1,536375639.0,83.009,(246202-D)지형분석장비 교체사업(리스자산),국군재정관리단
24년 의무장비(수액조절기 분석기) 구매,국군의무사령부,22755700.0,87.999,2024-06-18,유한회사 엔디클릭,최용석,최재영,"전라남도 장성군 황룡면 강변로452-16, 3층 302호",22755700.0,87.999,24년 의무장비(수액조절기 분석기) 구매,기관
(246247-D) 이동형 심리생리반응 분석장비 구매,국군재정관리단,,,,,,,,,,(246247-D) 이동형 심리생리반응 분석장비 구매,국군재정관리단
국방과학기술 전문인력 소요분석 연구,국방부(운영지원과),46200000.0,92.957,2024-07-09,사단법인 안보경영연구원,전건욱,조대현,"서울특별시 강남구 언주로527, 10층 (역삼동)",46200000.0,92.957,국방과학기술 전문인력 소요분석 연구,중앙행정기관
조사분석 라이선스 구매,4284부대,281570300.0,97.757,2024-06-26,주식회사  인섹시큐리티,김종광,정명화,"서울특별시 금천구 가산디지털1로19, 406호, 407호, 408호, 409호(가산동,대륭테크노타운18차)",281570300.0,97.757,조사분석 라이선스 구매,4284부대
다락대훈련장 간이 갈등영향분석 연구용역(C037),제7군단,23100000.0,93.512,2024-07-01,유한회사 갈등조정센터,백도현,백도현,"경기도 성남시 분당구 탄천상로164, A동 2층 247호(구미동, 시그마2오피스텔)",23100000.0,93.512,다락대훈련장 간이 갈등영향분석 연구용역(C037),제7군단
2024년 방산물자 현황분석 연구용역,방위사업청(운영지원과),95907000.0,99.903,2024-09-02,국방기술품질원,신상범,진수빈,경상남도 진주시 동진로420 (충무공동),95907000.0,99.903,2024년 방산물자 현황분석 연구용역,중앙행정기관
24-해병-이동식 취약점 분석평가 도구(상용SW) 구매,제9691부대,39990000.0,99.236,2024-07-16,주식회사 우진지앤에스,김화경,장중원,"서울특별시 송파구 법원로11길7, 제11층 제1120호(문정동,문정현대지식산업센터)",39990000.0,99.236,24-해병-이동식 취약점 분석평가 도구(상용SW) 구매,제9691부대
(246247-D) 이동형 심리생리반응 분석장비 구매,국군재정관리단,53118640.0,90.007,2024-07-23,(주)비아이엔씨,김여기,김여기,서울특별시 서초구 양재동언남 18길3 (양재동  2층),53118640.0,90.007,(246247-D) 이동형 심리생리반응 분석장비 구매,국군재정관리단
(246261-F) 차량엔진 분석기 구매 ,국군재정관리단,183584110.0,83.231,2024-07-31,에스제이상사,곽새롬,곽새롬,"경상남도 김해시 관동로138, 1404동 301호(관동동, 죽림마을 동원로얄듀크아파트14단지)",183584110.0,83.231,(246261-F) 차량엔진 분석기 구매 ,국군재정관리단
[24-육-173] 영상분석 SW 라이선스 구매(리스물건),육군본부,120000000.0,95.537,2024-08-06,(주)제트코,김한희,김지혜,"서울특별시 송파구 송파대로201-0 (문정동) 송파테라타워2 A동 1213,1214,1215,1216,1217,1218호",120000000.0,95.537,[24-육-173] 영상분석 SW 라이선스 구매(리스물건),군
(246248-C) 모바일기기 증거분석 교체(HW)(리스자산),국군재정관리단,96656930.0,88.005,2024-08-07,다우미디어테크,조동원,조동원,"경기도 부천시 송내대로388-0 200동 502호 (약대동, 부천테크노파크)",96656930.0,88.005,(246248-C) 모바일기기 증거분석 교체(HW)(리스자산),국군재정관리단
통신가설차 경미한 성능개량 사업분석,방위사업청(운영지원과),44000000.0,88.0,2024-10-22,사단법인 미래안보산업전략연구원,박종재,정영숙,서울특별시 영등포구 영등포로35길10-0 (영등포동6가) 8층 809호,44000000.0,88.0,통신가설차 경미한 성능개량 사업분석,중앙행정기관
120mm자주박격포 및 사격지휘차량 성능개량 사업분석,방위사업청(운영지원과),42000000.0,84.0,2024-09-06,사단법인 안보경영연구원,전건욱,조대현,"서울특별시 강남구 언주로527, 10층 (역삼동)",42000000.0,84.0,120mm자주박격포 및 사격지휘차량 성능개량 사업분석,중앙행정기관
24-F-비용분석용 상용SW 구매,국군재정관리단,184000000.0,93.47,2024-08-19,(주)프라이전트,이성로,이성로,"대전광역시 유성구 대학로 27, 현대리조텔 2층(봉명동)",184000000.0,93.47,24-F-비용분석용 상용SW 구매,국군재정관리단
24년 자동염기서열분석기 검교정 등 정비,국방부조사본부,59351000.0,95.418,2024-08-22,(주) 솔포스텍,오문진,오문진,"서울특별시 송파구 송파대로24길5-6 (가락동,1층)",59351000.0,95.418,24년 자동염기서열분석기 검교정 등 정비,중앙행정기관
해병대 산소분석기 4개 구매,해군군수사령부,8026720.0,97.206,2024-08-20,새롬상사,최준호,최준호,경상남도 김해시 수가로242-9(응달동),8026720.0,97.206,해병대 산소분석기 4개 구매,군
40mm고속유탄기관총-Ⅱ 사업분석,방위사업청(운영지원과),57000000.0,95.0,2024-10-09,(사)21세기군사연구소,김진욱,박계향,"서울특별시 금천구 가산디지털2로184, 10층 1017호(가산동, 벽산디지털밸리2차)",57000000.0,95.0,40mm고속유탄기관총-Ⅱ 사업분석,중앙행정기관
(246311-E) 분석용 고성능 PC등 2품목 (리스자산),국군재정관리단,,,,,,,,,,(246311-E) 분석용 고성능 PC등 2품목 (리스자산),국군재정관리단
(246326-E) 분석용 고성능 PC등 5품목 (리스자산),국군재정관리단,102893934.0,88.8,2024-09-03,도원정보시스템 주식회사,김종호,김종호,경기도 안양시 동안구 흥안대로445(평촌동) 제6층 615호 안양평촌동지식산업센터,102893934.0,88.8,(246326-E) 분석용 고성능 PC등 5품목 (리스자산),국군재정관리단
(247057-H)음성분석시스템 개선사업(리스자산),국군재정관리단,136576000.0,97.613,2024-09-06,(주)미디어큐브,김재경,김재경,서울특별시 강남구 논현로136길16 (논현동),136576000.0,97.613,(247057-H)음성분석시스템 개선사업(리스자산),국군재정관리단
[24-육-219] 자동차(외산)포렌식 분석 KIT(리스),육군본부,45562000.0,94.591,2024-09-10,(주) 솔포스텍,오문진,오문진,"서울특별시 송파구 송파대로24길5-6 (가락동,1층)",45562000.0,94.591,[24-육-219] 자동차(외산)포렌식 분석 KIT(리스),군
의무장비[혈액가스 분석기(휴대용)] 구매,제9691부대,11035600.0,87.996,2024-09-10,주식회사 원스타,신범수,신범수,"경기도 안산시 단원구 광덕3로145-5, 3층 301-66호 (고잔동)",11035600.0,87.996,의무장비[혈액가스 분석기(휴대용)] 구매,제9691부대
(246311-E) 분석용 고성능 PC등 2품목 (리스자산),국군재정관리단,110255000.0,88.09,2024-09-11,(주)컴트리,이숙영,문송철,"서울특별시 금천구 가산디지털1로30,1712호 (가산동,에이스하이엔드타워10차)",110255000.0,88.09,(246311-E) 분석용 고성능 PC등 2품목 (리스자산),국군재정관리단
사례분석을 통한 對아세안 국방협력 발전방안 연구,국방부(운영지원과),,,,,,,,,,사례분석을 통한 對아세안 국방협력 발전방안 연구,중앙행정기관
[24-육-227] 무선 데이터통신 운영환경 동적분석 장비,육군본부,35400000.0,99.451,2024-09-25,진해상사,김동국,김동국,경상남도 창원시 마산회원구 삼호로38-0 (양덕동),35400000.0,99.451,[24-육-227] 무선 데이터통신 운영환경 동적분석 장비,군
(247354-C) 액체크로마토그래피 이중질량분석기 구매,국군재정관리단,308616000.0,89.52,2024-10-08,한국애질런트테크놀로지스(주),유재수,최유진,"서울특별시 서초구 강남대로369, 9,10,13,14층(서초동, 디에타워)",308616000.0,89.52,(247354-C) 액체크로마토그래피 이중질량분석기 구매,국군재정관리단
분석기(스펙트럼용) 구매,공군방공관제사령부,,,,,,,,,,분석기(스펙트럼용) 구매,군
[상층대기 분석장비]회로카드 조립체 등 4종 구매,공군군수사령부,142100860.0,97.813,2024-10-15,에스엠트레이딩,정성문,정성문,"경상남도 창원시 진해구 신항2로114, 2013호(용원동, 다인로얄팰리스부산신항2차)",142100860.0,97.813,[상층대기 분석장비]회로카드 조립체 등 4종 구매,군
24년 의무장비(요분석기) 구매,국군의무사령부,42665467.0,87.995,2024-10-15,주식회사 해피트리,이진우,이진우,경상북도 포항시 남구 연일읍 유강길9번길61-0 상가동 108호(대림한숲타운1차상가),42665467.0,87.995,24년 의무장비(요분석기) 구매,기관
소형공격드론 사업분석 용역,방위사업청(운영지원과),,,,,,,,,,소형공격드론 사업분석 용역,중앙행정기관
24-모바일 증거분석체계 교체사업,공군본부,,,,,,,,,,24-모바일 증거분석체계 교체사업,군
(24F262-A) 방호시설 폭발실증시험 계측 및 분석용역,국군재정관리단,,,,,,,,,,(24F262-A) 방호시설 폭발실증시험 계측 및 분석용역,국군재정관리단
24년 의무장비(자동분석기 생화학용 중형) 구매,국군의무사령부,83883830.0,87.999,2024-10-31,주식회사 바른프린테크,김연수,김연수,"서울특별시 중구 퇴계로27길25, 305호(충무로3가, 청림빌딩)",83883830.0,87.999,24년 의무장비(자동분석기 생화학용 중형) 구매,기관
24년 지형분석장비 구매(리스물건),한미연합군사령부,76455421.0,83.022,2024-10-31,해용정보통신주식회사,백다리아,백다리아,"경기도 고양시 일산동구 중산로 247306,307호 (중산동, 중산프라자)",76455421.0,83.022,24년 지형분석장비 구매(리스물건),기관
K9자주포 연료펌프 성능개선 시제품 개발 기술 용역,제2879부대,,,,,,,,,,K9자주포 연료펌프 성능개선 시제품 개발 기술 용역,제2879부대
K9자주포 연료펌프 성능개선 시제품 개발 기술 용역,제2879부대,,,,,,,,,,K9자주포 연료펌프 성능개선 시제품 개발 기술 용역,제2879부대
시뮬레이션 교육비품(빔 프로젝터 등11종) 납품 설치,국군의무학교,64007725.0,88.582,2018-06-27,주식회사 좋은소리,이재관,이재관,"대전광역시 유성구 테크노4로17, A동 501호 (관평동, 비즈센터)",64007725.0,88.582,SUPPRESSED,국군의무학교
항공전투 시뮬레이션 대회 대행 용역,공군본부,,,,,,,,,,항공전투 시뮬레이션 대회 대행 용역,군
항공화력유도 시뮬레이션 구축 구매/설치,해군작전사령부,,,,,,,,,,항공화력유도 시뮬레이션 구축 구매/설치,군
(246255-C) 외상처치 시뮬레이션 킷 등 5종 구매,국군재정관리단,83663730.0,87.995,2024-06-21,정투유통,정주영,정주영,충청남도 아산시 삼동로40 (모종동)3층 301-37호,83663730.0,87.995,(246255-C) 외상처치 시뮬레이션 킷 등 5종 구매,국군재정관리단
