입찰공고명,공고기관명,최종낙찰금액,최종낙찰율,최종낙찰일자,최종낙찰업체명,최종낙찰업체대표자명,최종낙찰업체담당자명,최종낙찰업체주소,최종낙찰금액_num,낙찰율_num,연구주제,기관_상위
미래 예비군 제도를 대비한 예비군 개념 정립 연구,해군본부,,89.416,2018-08-14,사)국방정보통신협회,김두식,이슬,"서울특별시 서초구 강남대로6길11 선우빌딩 4,5층 (양재동)",102903576.0,88.858,21-해-CCTV 분석시스템 등 7종 구매설치,제3170부대
[24-육-84] 탄약부대 경계병력 민간전환 선결 연구,국방대학교,,,2017-05-05,하이펙 주식회사,신지웅,이도제,경기도 김포시 양촌읍 대곶남로580번길38-0,0.0,89.891,미래 육군의 우주분야 활용방안 연구 용역,제7군단
함정적기전력화를 위한 시운전제도 개선방안 연구,종합보급창,74078614.0,90.105,2021-03-22,주식회사백운,김우경,박점숙,"충청남도 계룡시 엄사면 번영로113-32, 107동 15층 1502호(계룡파라디아)",0.0,89.813,상호운용성 전문화교육체계 연구,제7821부대
K1A1전차 성능개량 사업분석,제2307부대,150427683.0,101.778,,사단법인 안보경영연구원,김민지,정원용,경기도 양주시 장흥면 권율로86-1 (그린숲타운)108동502호,,89.825,00지역 실내공기질 개선 연구용역,군
예비군훈련 원격교육 적용방안 연구,제7군단,,90.197,,한성대학교 산학협력단,장복철,정재훈,"경기도 성남시 수정구 복정로84번길 22-15,(B-001호) (복정동)",,89.328,국방사업관리 자격신설 연구,국군재정관리단
[24-육-227] 무선 데이터통신 운영환경 동적분석 장비,국군의무학교,164801161.0,,,한국표준인증기술연구원,최원창,김근우,서울특별시 영등포구 여의대방로43나길20-0 (신길동),3491384.0,96.238,상호운용성성공요인분석을 통한 평가업무발전방안연구,제5378부대
국내개발 항공기 성능개량 및 관리방안 연구용역,합동상호운용성기술센터,78179445.0,,2020-06-29,한국항공대학교 산학협력단,김태영,박은숙,"서울특별시 강남구 테헤란로64길13, 504호 (대치동, 선릉역 풍림아이원레몬)",0.0,,방산기술보호 성숙도 모델 인증제도 추진방안 연구,군
방위사업 국제공동연구개발 가이드라인 연구,공군군수사령부,,,,주식회사 일신이앤씨,김흥광,오세형,"서울특별시 구로구 디지털로242, 1605호(구로동, 한화비즈메트로1차)",6500735.0,88.785,ICT기반 입체영상 활용방안 연구 용역,39정찰비행단
해병대 산소분석기 4개 구매,국군수송사령부,180914682.0,89.804,2022-08-09,주식회사남동,김한희,신준호,경기도 안양시 동안구 흥안대로 516(관양동 1505-22),0.0,88.997,(226362-F)작전지속지원분석모델장비 도입(리스물건),중앙행정기관
(21F166-I)「스마트 물류」정책연구 용역,39정찰비행단,185309953.0,,,(재)한국해양전략연구소,최양열,성진숙,충청남도 홍성군 홍북읍 홍예로213-0 (엘에이치스타힐스) 121동 2201호,4309746.0,89.786,고출력레이저 위성추적체계 구축방안 연구,제7군단
민군 협력을 통한 상호가치 창출 활성화 방안 연구,공군본부,,,2020-07-02,주식회사 디오르마,조정선,이기영,"서울특별시 동작구 남부순환로2021, 2층 (사당동)",,89.959,국방특허 권리이전 업무를 위한 특허 권리분석(1차),국군복지단
상층대기분석장비 유지보수,국군수도병원,81494320.0,90.373,2017-02-10,영현정보통신(주),이정화,박은숙,"서울특별시 강남구 언주로319, 5층,6층(역삼동,조우회관)",0.0,88.802,22-美 해군 6.25전쟁 분석자료 번역 용역,4284부대
22-15차 연구장비 구매 계약 - 진탕욕조,해군본부,59857676.0,89.315,2018-11-18,(주)프라이전트,박길현,김우중,대전광역시 유성구 테크노2로66-6 (관평동),,78.09,(226023-G)'22년무기체계사이버위협 분석시스템 도입,군
해군 부사관 조직문화 혁신방안 연구용역,공군항공안전단,,,,(사)한국능률협회,조성호,이우희,"경상북도 포항시 남구 지곡로294-0 , 233동 7층 03호(지곡동, 효자그린아파트)",0.0,97.851,방위사업 교육포털시스템 ISP 수립 연구,제9965부대
폭파구 피해복구 보조기층 다짐도 측정방법 연구,국군수송사령부,85409021.0,89.152,2024-03-22,사)국방정보통신협회,류제성,김태욱,"경기도 안양시 만안구 만안로49,1303호(안양동, 호정타워)",132081037.0,89.551,정밀측정장비(스펙트럼분석기 등 4종) 구매,군
19-AW159 PBL 비용대효과분석 및 성과지표 개발 연구,육군훈련소,49633417.0,90.283,2024-05-12,에이치앤파워(주),김용주,박용환,"서울특별시 광진구 능동로120, 건국대학교내(화양동)",,89.088,24년 전투발전 연구 용역(2),국군재정관리단
24 군의료 특성화 연구(알레르겐 양상 분석),해군본부,185762295.0,90.356,2017-01-04,(주)에프오알엠도시건축공간연구소,김상식,전희수,경상북도 구미시 산동읍 강동로730,,89.831,상층대기분석장비 유지보수,군
의무장비-혈액가스분석기 중형 구매,제5738부대,,89.465,2019-07-21,더스테이지,안병선,박영희,서울특별시 서초구 양재동언남 18길3 (양재동  2층),,85.18,[24-육-17] B군단 부대변천사 연구용역,제2062부대
분석기  스펙트럼,공군미사일방어사령부,146172892.0,90.582,,라온시스템즈(주),백은주,김종훈,"서울특별시 광진구 능동로120, 건국대학교내(화양동)",,,19-운용함정 소음 진동 성능점검 기술연구 용역,제2군단
통섭형 인재 육성을 위한 직무순환 방안 연구 용역,육군교육사령부,,90.217,,주식회사 진성하이텍,이숙,,"경기도 안양시 동안구 귀인로1, 4층 (호계동)",,89.111,항-19-088 자동면역분석기 시약 등 117종,국군재정관리단
미래 육군의 우주분야 활용방안 연구 용역,공군작전사령부,,90.329,2023-12-11,주식회사  인섹시큐리티,박순천,나인성,"경기도 안양시 동안구 벌말로126 (관양동)오비즈타워1903호,1904호",22174684.0,75.423,24년 군 주거시설 개선사업 선행연구(2차)(24-GD-69),합동상호운용성기술센터
승선근무예비역의 병역제도 발전 방안 연구 용역,국방전산정보원,69352081.0,,2019-09-20,제이에스씨 코퍼레이션,박재우,한소희,"서울특별시 성동구 성수일로4길25, 16층 (성수동2가, 서울숲코오롱디지털타워 1차)",2714731.0,89.811,(23F225-I)지형분석 S/W(Arc GIS) 교체사업 금융리스,국군재정관리단
시험평가 인프라 구축 확대 및 종합 관리 방안 연구,공군제7항공통신전대,90165883.0,,2022-09-29,정보기술감리원 주식회사,고찬갑,이형걸,서울특별시 강서구 마곡중앙5로1길20 (마곡동) 520호,,89.314,군 급식제도의 시스템 개선을 위한 연구,국군의무학교
(207118-D)00분석체계 구축자재 구매,공군사관학교,91967878.0,98.167,2018-06-04,주식회사 셀젠텍,장병철,이지혜,경기도 안양시 만안구 일직로94번길15-0 (석수동),,90.317,(21G087-I)범국민 안보의식조사 연구 용역,중앙행정기관
전탐감시대 감시장비 원격통합감시체계 구축 연구,드론작전사령부,73160343.0,89.714,2020-06-28,(사)한국지방자치학회,김두식,임경철,"서울특별시 강남구 봉은사로129-1, 5층(논현동)",111097660.0,,방위사업 계약법령 체계화 방안 연구,제6619부대
00지역 실내공기질 개선 연구용역,합동상호운용성기술센터,170270955.0,89.476,2019-05-14,행복한 일 연구소,김화영,박연희,충청북도 청주시 서원구 남이면 남석로326,1613160.0,89.556,대포병탐지레이더-Ⅱ 후속군수지원방안 사업분석,국군재정관리단
안보학술진흥연구용역(2.국제안보환경또는),연평부대,,,2019-05-06,주식회사 한국심리평가원,이찬기,김현철,서울특별시 영등포구 여의대방로67길11-0 (여의도동) 5층 A5-29호,9371174.0,,21년 항공관제 분석체계 유지보수,국군재정관리단
기초비행훈련용헬기 조종계통 시험장비 개발 연구용역,국방부유해발굴감식단,,90.571,2018-10-02,주식회사 한솔엔지니어링글로벌,신상범,이정민,경기도 성남시 수정구 창업로42(시흥동) 판교제2테크노밸리 경기기업성장센터 532호,10611288.0,88.5,23-중북부 물류거점 입지 선정 및 효과 연구,중앙행정기관
공개출처정보(OSINT) 활용 사이버위협 분석방안 연구,국군제1068부대,69329969.0,89.752,2019-08-17,주식회사 위맥공제보험연구소,윤미선,임수진,"대전광역시 서구 대덕대로319, 2층 212호(월평동, 우림빌딩)",,89.084,5인치 함포용 사거리연장탄 사업분석,제2879부대
소형공격드론 사업분석 용역,육군본부,76413054.0,99.787,2023-02-17,한양대학교 산학협력단,정인영,박준성,"경기도 고양시 덕양구 항공대학로76-0 (화전동, 한국항공대학교내)",,89.139,F404 엔진 경향성분석 및 상태진단 프로그램개발 용역,제3707부대
확산탄에 의한 활주로 피해양상 연구용역,육군보병학교,459387811.0,98.843,2022-12-06,가톨릭관동대학교 산학협력단,고찬갑,이광수,"서울특별시 서대문구 충정로53-0 (충정로2가, 유원골든타워오피스텔) 1701호",104382754.0,89.407,해병대 산소분석기 4개 구매,군
AH-64헬기 수평안정판 정비방법 개발 연구용역,국군복지단,169767339.0,,,유한회사 창해,백다리아,오석현,"서울특별시 강남구 언주로527, 10층 (역삼동)",,88.458,마린온 정비지원체계 방안 연구용역,국군제1068부대
EMP 방호시설 성능시험 방안 연구용역,공군방공관제사령부,,,2019-06-25,유한회사 갈등조정센터,권혁웅,전대석,서울특별시 금천구 가산디지털2로123-0 (가산동) 월드메르디앙벤처센터 2차 317호,117949674.0,,4차 산업혁명  군 적용을 위한 R&D 발전방안 연구,국군재정관리단
화생방 연구 재료 가스 구매,공군군수사령부,173601795.0,,,와이엠,이귀숙,박종호,세종특별자치시  반곡동시청대로 370,19640213.0,89.227,복합무기체계 시험평가 제도개선에 관한 연구,중앙행정기관
민군 협력을 통한 상호가치 창출 활성화 방안 연구,국군수도병원,53191396.0,101.094,2017-01-07,한스메디칼,이호준,김병찬,충청남도 계룡시 두마면 두계리116 계룡대림이-편한세상 109-902,,95.641,상호운용성 정보보증 평가기준의 체계별 적용방안연구,군
국방 무인로봇 시험평가 적용방안 연구,육군군수사령부,71693626.0,,2023-01-02,,허정성,위정은,서울특별시 송파구 법원로11길25-0 (문정동) 에이치비지니스파크 A동 1009호,91355574.0,,진중문고 운영 및 활용 증진방안 연구 용역,합동참모본부
군인 고용보험 가입의 효과성 연구,종합보급창,78542495.0,,,청맥기획,김석용,정관용,"서울특별시 영등포구 국회대로70길15-1 (여의도동), 5층 알587호",4877282.0,89.191,국방 클라우드 확산 정책 연구 용역,제2879부대
UN PKO 활동지원을 위한 기술기여(스마트캠프) 연구Ⅱ,제2307부대,,100.995,2022-05-31,주식회사 한국직업자격연구원,윤진영,이희섭,충청북도 청주시 상당구 남일면 단재로635(공군사관학교),0.0,89.355,자동염기서열분석기 소모품 구매설치,제9691부대
RAM 및 군수지원분석 방법 선진화 연구(2차),제3130부대,74725633.0,89.422,2023-11-06,(주)론스텍,안주섭,최용찬,경기도 김포시 대곶남로501번길36-0 (대곶면),19949643.0,,4차 산업혁명 기술 함정적용 방안 연구용역,제7군단
방공포병 모의훈련체계 구축방안 연구,제5378부대,,,2019-07-25,삼일회계법인,김금자,김서연,강원특별자치도 강릉시 범일로579번길24(내곡동),1355695.0,99.656,K21장갑차 조종수카메라 정비기술개발 연구용역,국군수도병원
임베디드 및 군 무선통신 취약점 분석기술 연구,국군제1068부대,,89.519,2019-05-18,주식회사 삼우에이엔씨,이현석,이선영,경기도 용인시 기흥구 마북로207(마북동),19296997.0,,상층대기분석장비(전자모듈 등18종) 구매,국군재정관리단
미래 육군비행장 발전계획 검증 연구 용역,4284부대,62359805.0,86.837,2022-12-01,(주) 웃샘,유완종,박희원,"부산광역시 해운대구 센텀동로 35, 센텀SH밸리 404호(우동)",22901845.0,89.521,컨테이너 물류체계 구축 소요판단 정책 연구과제 용역,기관
첨단과학기술의 군 활용성 제고 발전방안 연구용역,방위사업청,,89.967,2017-02-05,한국환경설계(주),이성로,이화주,서울특별시 종로구 새문안로5가길 32(적선동),,89.312,미래 한국군 통합사이버전 수행방안 연구,제7군단
KAAV RCWS/KAAV-Ⅱ총수명주기 비용에 관한 연구용역,특수전사령부,71028871.0,87.545,,주식회사 미주씨앤디,장철성,서준호,"서울특별시 송파구 법원로11길25-0, A동 1310호(문정동, 에이치비즈니스파크)",,,미래 육군비행장 발전계획 검증 연구 용역,국군재정관리단
(227135-E)디지털포렌식 조사분석도구 구매,국방대학교,59847142.0,,2019-06-10,에이치디현대중공업 주식회사,나상억,유선희,"서울특별시 금천구 가마산로96-0, 213호(가산동, 대륭테크노타운8차)",,88.847,국방대 이전 효과 연구 용역,제3707부대
상륙기동헬기 성능개량 소요 분석 연구용역,제2062부대,76772964.0,89.511,2020-06-08,엠제이코리아,정영석,허정성,"경기도 수원시 장안구 송원로20, B동 1010호(송죽동, 수원아너스빌위즈)",100373708.0,89.578,교육장비(질량분석기) 구매,군
21-공-신호발생분석기 구매,공군제18전투비행단,71785715.0,,,주식회사글로벌엔씨,홍헬렌,이경생,"경상북도 포항시 남구 지곡로294-0 , 233동 7층 03호(지곡동, 효자그린아파트)",100547838.0,89.421,『국방표준서 제정』연구,제9691부대
무기체계 개발시험평가 역할 재정립에 관한 연구,국군의무사령부,172129385.0,,2022-09-19,아주대학교 산학협력단,문형곤,김해리,"전라남도 장성군 황룡면 강변로452-16, 3층 302호",32308546.0,80.646,대전병원 생화학 자동 분석기 소모품 20종 구매,중앙행정기관
24년 지형분석장비 구매(리스물건),국방부유해발굴감식단,165403318.0,89.24,,신승하이텍,김종원,이준식,"서울특별시 금천구 가산디지털1로19, 406호, 407호, 408호, 409호(가산동,대륭테크노타운18차)",102097284.0,87.316,지형분석용 드론 제조,국군재정관리단
00부대 스마트 자동화 저장창고 신축 비용분석 연구,공군제18전투비행단,55816090.0,87.155,2024-02-02,재단법인 중소조선연구원,이근신,이호준,"경기도 성남시 수정구 복정로84번길 22-15,(B-001호) (복정동)",26468296.0,88.982,자운대 종합발전계획 연구용역,군
우주안전 발전 생태계(거버넌스) 구축 연구 용역,육군정보통신학교,58138274.0,,,김근우시스템공학기술연구소,권정환,이화선,"서울특별시 강남구 영동대로511, 16층(무역센터 트레이드 타워)",8052241.0,89.391,간부 팔로워십 교육프로그램 개발 연구용역,중앙행정기관
16-인성교육프로그램 등 연구 용역 계약,제2군단,186355771.0,,2019-05-09,한국외국어대학교 연구산학협력단,박길현,강윤진,경상북도 경주시 동대로 123(석장동),109984947.0,98.119,국방전직교육원 조직진단 및 기능강화 방안연구,제5738부대
절충교역 제도 선진화 방안 연구,공군제18전투비행단,162366058.0,89.783,2020-06-25,사단법인 대한민국해군발전협회,김상식,임경선,대전광역시 유성구 국제과학3로22-0 (신동),517445038.0,89.026,함정 설계 건조 기준 및 함정규칙 정립 연구 용역,제9965부대
정기기초연구과제용역(5.인공지능강화학습...),수도방위사령부,,,2022-07-04,육군사관학교 산학협력단,김영국,김채미,"서울특별시 용산구 청파로 40, 삼구빌딩 1815호(한강로3가)",92774386.0,89.033,2040년대 군병력 수급규모 예측 연구,군
IoT 기반 전군 공통 서비스 발전방향 연구,합동참모본부,67445897.0,98.998,,주식회사 지노스,천병년,박승호,"대전광역시 유성구 테크노3로65, 5층 538호(관평동, 한신에스메카아파트형공장)",25078155.0,89.313,항-19-072 생화학분석기 시약 등 44종,국군제1068부대
원거리 구조지원 수행능력향상 방안 연구,제2879부대,,,2022-03-20,주식회사 지니클라우드,윤동열,남해린,"서울특별시 영등포구 도림로462, 206호 (문래동3가, 국화상가)",105435014.0,85.442,과학기술전문사관 직무 성과분석 연구,제5378부대
18-함정 인수지연 사례분석 및 제도개선 방안,합동상호운용성기술센터,72264691.0,90.218,2021-11-21,주식회사 유진에스앤씨,조정선,안다희,"경기도 안양시 동안구 벌말로126 (관양동)오비즈타워1903호,1904호",0.0,,고출력레이저 위성추적체계 구축방안 연구,39정찰비행단
2018년 범국민 안보의식조사 연구 용역,국방대학교,76034146.0,,2019-09-30,고신대학교 산학협력단,윤미선,우광석,"서울특별시 강남구 영동대로511, 16층(무역센터 트레이드 타워)",,,민간인력 편성기준 연구(2019K003-B),기관
공군 휴대용 소형무인기 대응체계 연구 용역,육군화학학교,57749610.0,,2022-11-13,삼성서울병원,임근우,탁승주,"경기도 용인시 처인구 명지로 116, 명지대학교(남동)",3217560.0,89.468,2017년 의무장비 요분석기 구매,중앙행정기관
신규 유도무기 적정 신뢰도 유지방안 연구,제2879부대,,101.42,,경희대학교산학협력단,김근우,박정자,강원특별자치도 춘천시 강원대학길1 (효자동),3686346.0,,민수용 드론의 비행기지 작전지원 활용방안 연구,군
(20F067-I)소음영향도작성을위한소음측정및분석용역,국군간호사관학교,,,,주식회사화인시스텍,김하근,정양수,"대전광역시 유성구 대학로 99(궁동, 충남대학교)",,,화기별·탄종별 사격장 안전 기준 정립 연구,기관
전투체계 현장정비센터 운용 효율화 방안 연구,국방부(운영지원과),1562401956.0,,2019-02-22,(주)대한티앤에스,김한희,황예진,서울특별시 금천구 벚꽃로244-0 (가산동)810호 벽산디지털밸리5차,8077564.0,,AI 기반 6세대 전투기 운용개념 및 발전방안 연구,국군재정관리단
무기체계 RAM 시험평가의 효율적 수행방안 연구,국군재정관리단,174277955.0,96.94,,한양대학교 산학협력단,신지웅,임경태,울산광역시 남구 갈밭로11-0 (삼산동),0.0,89.264,공개출처정보(OSINT) 활용 사이버위협 분석방안 연구,제2879부대
예비군법 개정방안 연구,공군교육사령부,79599605.0,90.318,2020-07-05,주식회사 이엠텍아이엔씨,정영석,이재관,"서울특별시 금천구 가산디지털1로171, B208호(가산동, 가산 에스케이 브이원 센터)",26742779.0,99.037,[24-육-189] 과학화 동원훈련장 시범사업 추진 연구,제5378부대
22년 의무장비(혈액가스분석기 소형) 구매,4284부대,154004235.0,89.876,2023-07-02,호원대학교 산학협력단,이강용,정민수,"경기도 고양시 덕양구 능곡로13번길16-0 , 202동 2401호(토당동, 능곡2차현대홈타운)",15785686.0,88.968,정원감축 대비 민간인력 전환분야 및 규모식별 연구,중앙행정기관
17년 비용분석모델(PRICE) 유지보수 용역,국방시설본부,68892632.0,90.03,,대광산업,박미경,원은정,"서울특별시 용산구 청파로 40, 삼구빌딩 1815호(한강로3가)",0.0,89.659,주요 비행피복류 맞음성 개선 및 표준화 연구,군
방위사업에 특화된 계약법 제정을 위한 연구,공군제17전투비행단,69064146.0,90.063,,씨지에스아이티(주),김영경,김시나,충청북도 청주시 청원구 율봉로159번길73-1 (율량동),,97.823,적외선차폐연막통(연막제) 유해성 입증시험 연구용역,제7군단
동서지형의 차이를 고려한 부대 및 전력구조 연구용역,공군제15특수임무비행단,79097945.0,100.828,2022-12-28,주식회사 지니클라우드,양금식,김하근,대전광역시 서구 관저동로170 (관저동) 210호,,95.922,스마트 항만기지 구축방안 연구 용역,제9691부대
인터넷접속/전자우편 통제 및 분석체계 교체사업,4284부대,175177651.0,90.289,2021-04-02,주식회사 태드솔루션,박병훈,장지혜,충청남도 홍성군 홍북읍 홍예로213-0 (엘에이치스타힐스) 121동 2201호,151226164.0,88.854,21-375 분석기  주파수편이용 등 1품목,중앙행정기관
22-합 -분석실험실 운용장비 교체사업 리스,육군인사사령부,,89.843,2022-08-29,테크디,이광형,김재영,"충청남도 논산시 대학로 121, 건양대학교 산학협력단(내동)",,89.355,사이버 위협수준 평가 신뢰도 향상방안 연구,국군대전병원
정보시스템 성능향상을 위한 GPU기술 응용방안 연구,공군사관학교,,,2024-10-21,주식회사 우리별,장복철,김민영,"서울특별시 구로구 디지털로 306, 대륭포스트타워2차 1101호(구로동)",6441948.0,88.855,국방 연구개발 법제 개선 연구,제9691부대
23-고출력에너지 무장 함정탑재 요구조건 연구,공군작전사령부,73577639.0,89.944,,주식회사 삼현,최재붕,김문선,경기도 의왕시 오봉산단3로25 (삼동) 의왕테크노파크 더리브비즈원 1동1528호,6634213.0,89.594,KAAV RCWS/KAAV-Ⅱ총수명주기 비용에 관한 연구용역,기관
최근 전력화 장비·물자 ILS 분석 및 개선방안 연구,방위사업청(운영지원과),75181605.0,102.952,2023-05-02,주식회사 이노메디케어,이여정,강우철,"강원특별자치도 원주시 천매봉길36-22, 302호(단구동, 백림빌딩)",0.0,,22-해군 정보융합관리체계 개념 연구,군
공군기지 무선통신 기반구축 및 운영향상 방안 연구,국군간호사관학교,78727496.0,,,노무법인한수,김진원,유지수,서울특별시 강남구 선릉로64길6-0 (대치동) 2층,4208830.0,89.219,24-공군 적정 상비병력 규모 연구 용역,국군수도병원
적 사이버공격 의도분석 지표개발 및 평가방안 연구,공군사관학교,,90.184,,주식회사 윌비시스,김근우,권민정,서울특별시 영등포구 의사당대로38 (여의도동) 101동 412호,81391109.0,98.858,방위사업 분야 블록체인 적용방안 연구,제7821부대
23-블랙이글스 소음 및 연막 공공갈등 관리방안연구,국방부(운영지원과),,90.089,2020-07-08,사단법인 통일안보전략연구소,조미옥,이창민,경기도 안양시 만안구 일직로94번길15-0 (석수동),99005899.0,,차기전술차량 계열화 방안 연구,기관
주변국 무기체계 운영개념 및 제원 연구,공군본부,56830866.0,,,사단법인 한국갈등학회,권오성,박동순,"서울특별시 성동구 광나루로6길35, 202호, 706-2호, 707호 (성수동2가, 우림이비즈센터)",,89.463,지뢰대응법 하위 법령등에 관한 연구,국군재정관리단
동서지형의 차이를 고려한 부대 및 전력구조 연구용역,국방대학교,163178765.0,99.137,2023-09-21,주식회사 티이디컨설팅그룹,최종규,이창환,"서울특별시 강남구 언주로319, 5층,6층(역삼동,조우회관)",8850115.0,86.631,공무원 징계와 군 징계의 비교법적 연구,제7821부대
무인기술을 적용한 현용전력 극대화 방안 연구,국방부조사본부,,,2024-07-08,상명대학교산학협력단,유인목,김정자,"대전광역시 유성구 테크노4로17, 디동 202호(관평동,대덕비즈센터)",283595353.0,,군의료 연구용역(냉동 혈소판제제 제조법 확립),중앙행정기관
해양 유ㆍ무인 복합전투체계에 대한 대응방안 연구,공군제7항공통신전대,,89.693,2020-06-08,주식회사 범만테크,안주섭,황혜원,"경기도 군포시 엘에스로182번길34-24, 2층 (산본동)",0.0,,23년 전투발전 연구용역(1),군
17년 모바일 분석체계 성능개선 사업,방위사업청(운영지원과),1580536857.0,100.967,,직업교육정책연구소,곽새롬,박지은,서울특별시 강남구 학동로311(논현동) 타호비지니스센터 203호,,89.692,22년 기술연구용역 계약(2),군
공무직근로자 등 임금체계실태조사 및 고용환경 분석,방위사업청(운영지원과),181234120.0,89.703,2020-01-11,한국산업기술시험원,이현정,이효진,경기도 광주시 중앙로320-40 (송정동),101262399.0,,K1A1전차 성능개량 사업분석,제2062부대
항-418-012 생화학분석기 시약 등 97종 구매,해군본부,59711128.0,96.324,2019-05-13,한국직업능력연구원,박호균,김학범,서울특별시 강서구 마곡중앙5로1길20 (마곡동) 520호,,89.024,군 급식비의 적정수준에 대한 연구,제7016부대
K10제독차 조종상자 회로카드 정비기술개발 연구용역,제3697부대,179804475.0,,2022-04-24,주식회사 화성에어토탈,박영선,최재현,부산광역시 동구 중앙대로286번길9-0 (초량동) 306호,2268222.0,88.931,전자전기 확보 및 효율적 운용방안 연구,군
국방과학 기술료 제도개선 방안 연구,육군 제3808부대,,87.306,2018-10-12,가천대학교산학협력단,전옥녀,송하봉,"서울특별시 영등포구 국회대로74길20-0, 404호(여의도동, 맨하탄21)",100517751.0,,주파수변환기 대체품 연구개발 용역(2019H028-B),4284부대
전자기스펙트럼 측정/분석체계 운용방안 연구,특수전사령부,,97.93,2020-07-06,유한회사 무궁화통신건설,정진욱,박임규,"서울특별시 마포구 월드컵북로501-0 (상암동, 상암월드컵파크9단지)904동1005호",,89.906,KAAV-II 운용 및 요구사항 연구용역,중앙행정기관
항공기 운영이력 빅데이터 수집 및 분석기법 연구,육군본부,73075233.0,89.646,2018-08-14,주식회사 모렌스,신인균,전병욱,"경상남도 창원시 성산구 완암로50-0 (성산동, SK테크노파크) 넥스동 1103호",7397164.0,,22-해-소형 사단용 생화학자동분석기 구매,제3130부대
24년 전반기 육군 정책연구 과제 연구용역,제3130부대,,101.642,2019-11-01,(주)코어시큐리티,김학범,김혜진,경상북도 포항시 북구 대해로15-0 (죽도동) 2층,0.0,98.027,20-161 218 동물용 자동분석기 등 3품목,국군재정관리단
병력책정기준(정보통신분야 임무/기능 적절성 연구),공군사관학교,69892061.0,,2020-06-16,(사)한국위기관리연구소,홍양희,서재달,"경상북도 포항시 남구 지곡로294-0 , 233동 7층 03호(지곡동, 효자그린아파트)",93530001.0,,국방 인공지능(AI) 활용 실증기획 연구,제7016부대
교육 발전방향 연구용역,육군 제3808부대,,101.304,2022-12-30,주식회사 성보,김두식,진주,세종특별자치시  반곡동 시청대로370 세종국책연구단지 B동(과학.인프라동) 8-11층,3816741.0,,AI기반 군집 UAV 해상작전 적용 가능성 연구용역,제9691부대
안정화 작전을 위한 기반시설 복구부대 운영방안 연구,제2군단,,90.228,,(주)정산,김형철,임찬상,"서울특별시 중구 퇴계로243, 5층 501호 (충무로5가, 평광빌딩)",0.0,88.807,교육 발전방향 연구용역,중앙행정기관
실전적 모의지원 연구 용역,육군 제3808부대,,90.207,2018-10-30,(사)한국지방자치학회,정안수,김선태,"경기도 고양시 일산서구 산현로17번길38, 1102동 503호",6238187.0,88.842,ICBM 기반 통합 시설물관리체계 구축 개념 연구용역,군
국방표준서 제정(3차) 연구,국방전산정보원,78645429.0,,2019-08-02,씨지에스아이티(주),이숙영,김동희,대전광역시 동구 대전로889-4 (삼성동),,89.108,시뮬레이터 소프트웨어 보안성 시험 방안 연구,제2879부대
대형양산사업의 제반 조건 분석 및 방안 연구,제1363부대,168697475.0,90.41,2023-11-15,(주)두두아이티,김정희,현민,서울특별시 금천구 가산디지털1로171-0 (가산동) 가산SK V1 센터 1505호,118094939.0,89.13,박찬극 제독 평전 편찬 연구용역,국군재정관리단
연구소 회의실 AV시스템 제조설치 납품,국군재정관리단,47881565.0,90.123,2020-07-07,에이치앤파워(주),김유혁,장원규,"서울특별시 마포구 마포대로 173, 현대하이엘 816호(공덕동)",85918100.0,,(23F225-I)지형분석 S/W(Arc GIS) 교체사업 금융리스,제3707부대
20-Lynx 군수지원 여건 고려 적정 수명주기 연구,국방부조사본부,,90.052,,엠에스원디지털 주식회사,강재관,양금식,서울특별시 금천구 가산디지털2로123-0 (가산동) 1010-391호,0.0,96.961,안전관련 법령의 군내 적용 방안 연구,제3707부대
20-풍력발전시설의 R/D 및 통신전자장비 영향성 분석,국군수도병원,63568919.0,,2018-09-30,다우미디어테크,박장권,김호근,충청남도 홍성군 홍북읍 홍예로213-0 (엘에이치스타힐스) 121동 2201호,,87.008,20년 수송기술병참선 제원 연구용역,군
23년 전투발전 연구용역(2),국방전산정보원,150765550.0,100.015,,주식회사글로벌엔씨,박희원,김재현,경기도 수원시 장안구 하률로12번길80-0 (천천동),86984142.0,99.804,(227239-B) 악성코드 수집분석체계 라이선스 구매,제2879부대
자동 00분석 지원체계 구축(20197115-H),국군재정관리단,83714648.0,89.961,2024-02-14,주식회사피레타,김종하,이광수,"서울특별시 성동구 광나루로6길35, 202호, 706-2호, 707호 (성수동2가, 우림이비즈센터)",14846921.0,89.827,기술인력육성 보조사업자 운영성과 평가 및 연구,합동참모본부
국방대학교 안보현안분석 등 2종 인쇄 용역,공군교육사령부,89398198.0,,,주식회사 비용관리연구원,박영선,임소영,충청남도 계룡시 두마면 두계리116 계룡대림이-편한세상 109-902,,88.898,23-D-감정장비(액체질량분석기) 구매(2310036-F) ,중앙행정기관
표적획득 및 사격지휘체계 발전에 따른 포병효과 분석,제5738부대,167460140.0,,2022-07-20,한국버츄프로젝트,박래호,남명우,충청남도 아산시 신창면 순천향로22 앙뜨레프레너관 E404호,,89.633,(21F094-K)'22년~'23년 분석용모델(3종) 유지보수,합동상호운용성기술센터
항-16-059 062 066 질량분석기 소모품 등 72종,국방부(운영지원과),,89.271,2019-04-04,디와이아이앤씨주식회사,기유경,고기종,서울특별시 구로구 가마산로279-0 (구로동) 907호,0.0,89.572,복합재 내부결함 위험도 평가방법 연구개발,합동참모본부
유압유 미립자 분석기 교정키트 구매,제9227부대,81638110.0,89.844,2024-06-02,주식회사 리얼웹,김혜정,남궁성호,서울특별시 강남구 테헤란로77길11-19 (삼성동) EAN빌딩,9000490.0,89.82,22-해상기반 우주발사체계 개념 연구,중앙행정기관
악성코드 동적분석 SW 라이선스 연장 구매,해군군수사령부,162453964.0,97.039,,디엔씨오토메이션,이미영,이양희,서울특별시 마포구 월드컵북로5길59 (서교동),,,유압유 미립자 분석기 교정키트 구매,기관
21-2차 개념설계 기술지원 연구용역,국군대전병원,,,2018-07-31,단국대학교 산학협력단,김정희,박종부,경기도 광주시 오포읍 포은대로339(추자동),16342830.0,89.591,24년 전투실험발전 연구 용역(2),합동참모본부
해상종합전술훈련장 체계구축 사업 개념 연구,국방부군사편찬연구소,80342414.0,98.462,2022-06-26,사단법인 엔케이지식인연대,서유림,신인균,경기도 광주시 중앙로200-0 (송정동) 203호,0.0,89.791,국방 데이터 전략연구,군
상호운용성성공요인분석을 통한 평가업무발전방안연구,제2062부대,68981870.0,89.734,,주식회사 천일,권시형,김서현,경상남도 창원시 마산회원구 양덕북5길97 (양덕동1층상가),355348351.0,89.632,18년 수송기술 용역연구,군
국방표준서 제정(7차) 연구,공군본부,,88.136,2019-05-22,씨엠티정보통신(주),조미옥,조대현,서울특별시 강서구 마곡중앙5로1길20 (마곡동) 520호,2518118.0,89.309,병영환경 및 상담대상자 특성과 연계한 상담기법 연구,국군재정관리단
분석기  스펙트럼용,제9691부대,,89.917,2017-02-18,(사)21세기군사연구소,노광현,최민호,"인천광역시 남동구 문화서로65번길9, 1301호(구월동, 웰메이드)",,98.699,50년 함건조 사례분석 및 발전방안 정립 연구 용역,중앙행정기관
기갑및기계화부대 중대급 교전훈련장비 선행연구 용역,국군화생방방호사령부,,,2024-09-07,(주)한신솔루션,서동환,전호영,"서울특별시 강남구 언주로319, 5층,6층(역삼동,조우회관)",106053789.0,,통신전자장비 전계강도 측정분석장비 개발,중앙행정기관
해병대 리더십 역량 진단 시스템 개발 연구,제9691부대,,,2018-09-19,와이피글로벌,임승택,한영준,대전광역시 유성구 테크노4로17-0 (관평동) 대덕비즈센터 D동 612호,,85.251,19~20년 육군M&S센터 전문분석관 운용 용역,중앙행정기관
(23G048-I)생물안전3등급 연구시설(BL-3)유지보수용역,공군본부,1167155199.0,,2019-09-15,주식회사엔지아이,정의붕,김인숙,서울특별시 서초구 남부순환로319길 13(서초동),99054954.0,,17-군 세차 폐수처리시설 운영 개선방안 연구용역,중앙행정기관
1형 복합부위 통증증후군 생체지표 발굴 연구용역,합동참모본부,,,,(주)볼트시뮬레이션,강명수,김미진,경기도 용인시 기흥구 용구대로2335번길43 (마북동 494-4),,88.956,합동성을 고려한 대전차전력의 적정 소요 연구,국군재정관리단
감정장비(자동염기서열분석기 등 2종) 검교정 용역,해군본부,79669454.0,89.721,2023-11-20,주식회사 비씨디이엔씨,강현순,김종환,광주광역시 광산구 풍영철길로15(콜롬버스월드 302호),,,DNA정량분석기 등 7항목 구매(의무),국군수도병원
지상군 전략 및 작전수행개념 연구,4284부대,1736455007.0,89.022,,주식회사 원스타,정평길,임규옥,서울특별시 강동구 양재대로1377 (성내동 삼원빌딩 408호),125483629.0,89.742,진동분석장비 구매,제9227부대
해병대리더십교육성과측정체계개발연구용역,공군사관학교,64523248.0,90.134,2017-07-06,(주)동건,배종환,김민재,"경기도 안양시 만안구 만안로49, 519호(안양동, 호정타워)",0.0,88.699,(20F172-I)00부대 라돈저감방안 연구 용역,국군재정관리단
방음정비고 사업 정립을 위한 선행연구용역,국군재정관리단,79066383.0,89.958,,(주)이씨마이너,이창민,유은경,"서울특별시 강동구 양재대로 1443, 동우빌딩 7층(길동)",,89.285,20-실전적 시뮬레이터 구축방안 연구,중앙행정기관
지상공중우주계층별 양자기술연구용역,해군군수사령부,163641925.0,96.623,,선테크 주식회사,박영선,이솔이,강원특별자치도 강릉시 범일로579번길24(내곡동),284203937.0,,제주 작전기지 저주파분석 훈련장비 유지보수 용역,제1363부대
국방표준서 제정(5차) 연구,제9227부대,,89.78,2019-02-17,(주)한신솔루션,김재영,김경환,"경기도 수원시 장안구 서부로 2066, 성균관대학교 자연과학캠퍼스 내(천천동)",,97.833,CMMC 관련 통합실태조사 개선안 연구,연평부대
22-2차 연구장비 구매 계약 - 기구세척기 초음파형,공군미사일방어사령부,,89.84,2024-06-16,(주)프라이전트,강현섭,김지원,세종특별자치시  시청대로370 세종국책연구단지 사회정책동,,,유전자 서열 분석기,국군재정관리단
50년 함건조 사례분석 및 발전방안 정립 연구 용역,공군본부,70564046.0,89.632,,삼성서울병원,유재수,김창관,전라북도 전주시 완산구 장승배기로263 (평화동1가),0.0,,인공지능 무기체계 시험평가 기준 절차 방법 연구,제7군단
22-2차 연구장비 구매 계약 - 기구세척기 초음파형,제2307부대,,89.688,2022-02-17,서울대학교 산학협력단,김재욱,이성표,"경기도 성남시 수정구 복정로84번길 22-15,(B-001호) (복정동)",,88.864,효율적 획득업무 수행을 위한 WBS 표준화 연구,합동참모본부
19-운용함정 소음 진동 성능점검 기술연구 용역,공군교육사령부,,94.933,2016-11-06,한양대학교 산학협력단,지용현,박수진,"경기도 고양시 덕양구 마상로140번길48-0 304호 (주교동, 신양빌딩)",,99.849,공기조화계통(HAVC) 성능개선 방안 연구 용역,제7016부대
해병대 무인화전투체계 도입방안 연구용역,제9691부대,72466990.0,,2019-06-06,산업연구원,,주서현,"인천광역시 부평구 충선로73번길23-0 (부개동, 시티하우스2동)",20241308.0,89.274,국제 해양영역인식 협력 방안 연구,대학
정책연구용역(군견 관련),공군제17전투비행단,,91.532,2019-04-17,동성켐텍,최계영,손영옥,경상남도 함안군 칠북면 삼칠로 1826티엠시 (주),6611994.0,96.618,전투실험 발전 연구용역 세미나 및 책자발간 용역,중앙행정기관
19년 병리장비소모품(13) 혈액가스분석기 구매,국방대학교,,89.354,2019-08-14,경안이엔지(주),김용섭,유현국,경기도 남양주시 진접읍 내각1로73번길38-1,,89.213,비전투부대 참모부서 소요병력 산정기준 연구용역,중앙행정기관
전술항법장비(TACAN) 시설사업기본계획 연구용역,국군의무사령부,,97.964,2018-09-06,도원정보시스템 주식회사,,조해주,"서울특별시 강남구 남부순환로365길 5, 중명 213(도곡동)",5978612.0,89.3,리더십코칭 효과성 평가에 관한 연구용역,국군제1068부대
방위사업 국제공동연구개발 가이드라인 연구,제5019부대,,86.638,,(사)한국기상전문인협회,권시형,이윤기,"대전광역시 유성구 대학로 27, 현대리조텔 2층(봉명동)",,89.596,저 전송률 보코더 개발 연구용역,국군재정관리단
00학교 종합정보체계 고도화사업 개념연구,육군교육사령부,,89.973,2019-04-06,(주)한국기술연구소,곽민수,배미선,"경기도 부천시 원미구 중동로254번길28-0 (중동, 메트로펠리스3)",9179662.0,89.313,해병대 복지회관 중장기 보수계획 연구 용역,군
기동화 지능화된 네트워크 전투체계 연구용역,육군대학,144447804.0,89.487,2017-03-22,광운대학교산학협력단,정성문,손영옥,전라북도 정읍시 북면공단2길87,533845765.0,82.564,레이저 변위센서 활용한 탄약검사 M&S 개발 연구용역,국군대전병원
무기체계 전력지원체계 분류기준 재정립 연구,공군 제8전투비행단,,90.126,2022-07-11,사단법인 한국국가전략연구원,이훈민,배종환,"경기도 용인시 수지구 죽전로 152, 단국대학교내(죽전동)",9563081.0,89.115,(207134-H)국방보안조사 분석시스템 HW구매(리스물건),제5019부대
의무장비 구매(자동분석기 생화학용),국군수도병원,,90.416,2023-11-29,주식회사 위맥공제보험연구소,최준호,유동호,서울특별시 성북구 삼선교로16길116-0 (삼선동2가),,92.558,TDS와 연계한 억제작전 평가체계 연구,기관
대전병원 생화학 자동 분석기 소모품 20종 구매,국군재정관리단,70106062.0,101.683,,서준코퍼레이션,박미영,김봉환,서울특별시 금천구 디지털로130-0 남성프라자 9층 912호  (가산동),0.0,,신호분석기 1대 구매,제2군단
항-19-032 자동면역분석기 시약(HBsAg RGT)등 112종,육군보병학교,154182156.0,89.581,,HF테크,서태일,이주열,"경기도 군포시 고산로148번길17-0, B동 1303호, 1304호, 1305호(당정동, 군포IT밸리)",9869504.0,,국방R&D 과제 평가체계 개선방안 연구,국군재정관리단
22-2차 연구장비 구매 계약 - 기구세척기 초음파형,국군의무학교,70527630.0,,2018-08-19,노무법인 최상인업,이희석,방윤지,"인천광역시 서구 보듬로158, 공존11층 1131호(오류동, 블루텍)",,89.369,(20F088-A)소음영향도 작성을위한 소음측정및분석용역,제3130부대
국방 안전환경 분석 및 안전교육 정책 발전 방안 연구,국군수도병원,176520305.0,89.596,2019-08-21,주식회사 파이안,이인형,유혜련,"경기도 고양시 일산동구 중산로 247306,307호 (중산동, 중산프라자)",,89.046,범국민 안보의식조사 정책대안 연구용역,제3170부대
방음정비고 사업 정립을 위한 선행연구용역,국방부(운영지원과),,,2022-10-03,디엔씨오토메이션,최재성,이재관,경기도 수원시 영통구 법조로25-0 (하동) SK VIEW Lake A동 1612,,,지뢰제거에 관한 법안 연구 용역,제2군단
비상근예비군 확대 및 훈련체계 정립 연구 용역,공군교육사령부,,89.775,2021-12-29,주식회사 대한,한아름,최성숙,경상남도 창원시 의창구 봉강가술로537번길42-0 (대산면),,,미래 육군비행장 발전계획 검증 연구 용역,국군재정관리단
22-해-소형 사단용 생화학자동분석기 구매,공군 제8전투비행단,165249617.0,,2016-10-23,주식회사화인시스텍,이권민,김성찬,"서울특별시 구로구 디지털로32길 30, 코오롱디지털타워빌란트15층(구로동)",21906301.0,,해병대 고유 무기체계별 맞춤식 정비개념 연구,중앙행정기관
조종사 피로도와 안전비행의 역학관계 분석 연구용역,제2307부대,67487959.0,90.379,2022-07-09,새롬상사,임준석,현혜경,"서울특별시 구로구 디지털로31길41-0, 603호, 604호, 605호(구로동, 이앤씨벤처드림타워6차)",,88.63,24년 국방연구개발사업의 성과조사 · 분석 연구 ,국군대전병원
22-해상기반 우주발사체계 개념 연구,제3130부대,,90.013,,일송 유에프티,이해용,서혜진,"서울특별시 구로구 디지털로32길 30, 코오롱디지털타워빌란트15층(구로동)",5863546.0,,생화학자동분석기 등 83종 구매(20197024-E),제2062부대
미래 육군 상비병력 절감방안 연구,공군본부,157572565.0,92.412,2022-08-21,주식회사 신나는세상,박재성,박준용,"인천광역시 미추홀구 방축로194, D동 207호 2층 1호 (도화동)",267164868.0,,고속상륙정(LSF-II) Batch-II 사업분석,제9691부대
BigData/VC를 활용한 무기체계 효과분석 연구,육군교육사령부,,100.783,2021-07-30,태성네트웍스 주식회사,박호,조대근,"서울특별시 강남구 언주로319, 5층,6층(역삼동,조우회관)",,88.921,2023년 서울안보대화 프로그램 기획 및 발전방향 연구,국군재정관리단
수치해석을통한폭발하중받는강재구조물의거동분석용역,국방부(운영지원과),,,2020-07-11,(주)우림데이타,박종석,임지헌,"서울특별시 중구 퇴계로213, 309-24호(충무로4가, 일흥빌딩)",117116084.0,89.518,(20F084-I)소음영향도작성을위한소음측정및분석용역,중앙행정기관
생화학 자동 분석기 등 116종 구매(20197022-E),공군미사일방어사령부,64416193.0,,2024-03-27,(주)프라이전트,류제성,이지원,"경상남도 김해시 관동로138, 1404동 301호(관동동, 죽림마을 동원로얄듀크아파트14단지)",10428743.0,89.188,(20F058-A)소음영양도작성을위한소음측정및분석용역,국군재정관리단
해군교전급분석모델(Build-I) 체계개발사업,국군화생방방호사령부,68984051.0,,2019-07-20,주식회사 반석건설엔지니어링,장명훈,임혜정,경기도 김포시 월곶면 김포대로2708-37,0.0,89.475,요분석기 사단용 등 2종 구매,제7군단
(22F067-G) 심리뇌파분석시스템 유지보수사업,4284부대,,90.235,2022-07-14,(사)21세기군사연구소,서은진,김채영,"서울특별시 동대문구 약령시로9길 79,  135-51,135-60(제기동)",7643313.0,89.381,21-함정 추진계통 신뢰성 향상을 위한 정비방안 연구,국군재정관리단
(217096-D)자동염기서열 분석기 등 2종 구(납품),공군제10전투비행단,57508631.0,,,(주)오성인피니티,김용오,허지원,"경기도 양주시 광적면 부흥로847, 431호(경기벤처타운)",,89.165,유도무기 적정 수리부속 보유량 산출 연구 용역,합동상호운용성기술센터
평시 복무 예비군제도 발전방향 연구용역,한미연합군사령부,,89.883,2017-05-11,주식회사 마에스트로네트웍스,서동우,진유리,"서울특별시 서초구 방배천로155, 유청빌딩 3층(방배동 821-8)",9601225.0,88.587,OO사단 등 부대개편부대이전사업 선행연구 용역,4284부대
(20F062-I)소음영향도작성을위한소음측정및분석용역,국군재정관리단,,90.207,2019-02-24,성도교역,오종한,한대일,"서울특별시 성동구 광나루로6길35, 202호, 706-2호, 707호 (성수동2가, 우림이비즈센터)",0.0,84.824,18-회로망용 분석기 등 8종 구매,제3훈련비행단
미래 우주전장 분석 및 공군 우주전략 수립 연구용역,국군수도병원,73830354.0,90.656,2024-02-24,주식회사 이앤에프어드바이저,문강분,박연희,"서울특별시 금천구 벚꽃로254-0 (가산동, 월드메르디앙벤처센타) 1109호",88211746.0,,ㅇㅇ학교 전통 계승 및 발전방안 학술연구용역,제2879부대
지형분석장비 구매설치,육군교육사령부,67286060.0,89.823,,노무법인한수,박종재,유선미,"세종특별자치시  조치원읍 번영1길46, 301호, 302호",114709197.0,,20년 해병대 조직문화 수준진단 표준설계 연구용역,기관
군 어린이집 운영 발전방안 연구,제3707부대,,89.794,2022-12-20,초코인터내셔널 주식회사,이준식,주세영,서울특별시 영등포구 여의대방로43나길20-0 (신길동),9266246.0,89.204,(236044-G)사이버 조사분석체계 교체 및 추가도입사업,합동상호운용성기술센터
00사업 선행연구용역,39정찰비행단,65076173.0,,,주식회사 나비시스템,기유경,우정민,경기도 남양주시 진접읍 내각1로73번길38-1,0.0,89.382,DNA정량분석기 등 7항목 구매(의무),국군수도병원
KUH-1 헬기 견인장치 안전센서 개발 연구용역,육군군수사령부,,90.501,2020-06-17,(주)다올씨앤씨,조홍덕,신인균,"서울특별시 금천구 가산디지털2로184, 1017호(가산동, 벽산.경인디지털밸리2)",6673913.0,89.099,국방연구개발사업의 성과조사.분석 연구,군
전구급 항공작전 분석모델의 표적가중치 산정 연구,합동상호운용성기술센터,76461458.0,90.238,2019-07-01,주식회사 에이치더블유,김영식,박은하,"서울특별시 금천구 가마산로96, 1510호 (가산동, 대륭테크노타운8)",7526164.0,89.466,24 군의료 특성화 연구(알레르겐 양상 분석),제2307부대
해병대 작전환경에 적합한 M&S 전력분석 연구 용역,공군제10전투비행단,,,2020-06-27,테크디,임중수,박성철,경상남도 창원시 성산구 가음로101번길22-6,14412405.0,,탄소중립 시대 도래 육군 추진전략 방향 연구용역,39정찰비행단
19년 발칸 추적훈련 분석기(제조),육군 제3808부대,,90.608,2022-12-07,주식회사 유니텍,김범준,승아현,"인천광역시 남동구 문화서로65번길9, 1301호(구월동, 웰메이드)",103227177.0,89.732,분석기  스펙트럼용 구매,중앙행정기관
[24-육-85] 무기체계별 EMP방호기술 적용방안 연구,제9691부대,171384179.0,90.054,2022-07-18,새롬상사,홍양희,권건안,경기도 의정부시 경의로70-0 (의정부동) 5층 A628호,0.0,88.941,국방 인공지능(AI) 활용 실증기획 연구,제3130부대
해안복합감시체계 사업 비용분석,공군군수사령부,83875167.0,98.356,,티엠시 주식회사,이준식,전영은,"충청북도 청주시 청원구 대성로298-0 (내덕동, 청주대학교)",7334648.0,89.835,정출연 주관 기술개발사업제도(가칭) 운영방안 연구,대학
23년 전투발전 연구용역(3),국군의무학교,60280895.0,101.457,2020-06-06,사단법인 안보경영연구원,정영욱,문우정,경기도 김포시 월곶면 김포대로2708-37,,88.828,특수 과학화 전술훈련장 선행연구 용역,국군수도병원
군 급식 민간위탁 시범사업 성과분석 연구,국군재정관리단,80006160.0,,2018-09-09,주식회사 우성텔레콤,신지웅,이상규,대전광역시 중구 수침로55번길19 (태평동) 장가빌딩 2층,,89.284,KAAV-Ⅱ운용요구서 구체화에 관한 연구용역,제9227부대
반환 미군기지 매각 활성화를 위한 처분 방안 연구,합동참모본부,78316106.0,,2022-10-10,김근우시스템공학기술연구소,오중산,김태영,"대구광역시 달서구 달구벌대로1095-0 (신당동, 계명대학교)",107656839.0,,『국방표준서 제정』연구,중앙행정기관
잠수함 시운전 제도 개선방안 연구,공군제38전투비행전대,63085071.0,,2022-07-07,사단법인 대한민국공군발전협회,김지찬,이재숙,경상북도 포항시 남구 효자로138-0 (대잠동),72969.0,,감염 및 외상분야 군의료 특성화 연구,제2307부대
22-공-분석기  주파수편이용 구매(229037-F),공군제16전투비행단,67865891.0,90.148,2019-05-11,노무법인 디와이,김곤중,이진희,"서울특별시 구로구 공원로6나길12-0 (구로동,경방빌딩) 301호",4590013.0,89.261,RAM 및 군수지원분석 방법 선진화 연구(2차),국군제1068부대
22-경항모 건조가 산업에 미치는 영향 분석,특수전사령부,,101.725,2020-07-18,주식회사 케이티에이,고기종,박수영,서울특별시 중구 필동로1길30(필동3가) 동국대학교,96553149.0,97.631,단안형 야간투시경 조리개 개발 연구용역,제2879부대
24년 자동염기서열분석기 검교정 등 정비,국방부군사편찬연구소,,89.648,,(주)에프오알엠도시건축공간연구소,노경현,신범수,서울특별시 영등포구 당산로49길13 (당산동6가),0.0,,(246072-F) 분석기 스펙트럼용 구매,제6619부대
20년 해병대 조직문화 수준진단 표준설계 연구용역,해군본부,,89.662,,주식회사 리눅스데이타시스템,홍명성,김미진,"서울특별시 송파구 법원로11길7, 제11층 제1120호(문정동,문정현대지식산업센터)",,98.18,다도해함 개조 설계 방안 연구,제7군단
군사용 인공지능 적용을 위한 법ㆍ제도 개정소요 연구,국군지휘통신사령부,69601398.0,89.968,2024-03-28,사단법인 한국국가전략연구원,정현찬,허진실,경상남도 진주시 동진로420 (충무공동),0.0,89.395,한국형전투기를 위한 무장선정 최적화방안 연구용역,중앙행정기관
인공기상조절 연구용역,육군본부,,89.834,2024-04-23,엠텍리서치,나인성,최규식,"서울특별시 송파구 법원로127-0 (문정동,대명벨리온)1117,1118호",,89.687,해군  해경운용 및 전방위 안보 강화방안 연구용역,제7군단
[24-육-117] AI기반 사격지휘체계 연구,국군복지단,71595435.0,85.74,2020-06-07,와이와이,박수진,김영애,"서울특별시 강남구 논현로28길54-0 4층 (도곡동, 덕원빌딩)",,89.173,안정적인 해병항공 운용방안 연구 용역,국군재정관리단
19년 지형분석장비 교체사업 리스,국방부(운영지원과),556200891.0,89.894,2024-03-09,(사)한국능률협회,최종규,박장권,"서울특별시 영등포구 경인로 775, 2동 1202호(문래동3가, BJM)",94938229.0,89.216,안보학술진흥연구용역(2.국제안보환경또는),군
오폐수처리시설 기술제안서 평가기준 정립 연구용역,국군제1068부대,80426050.0,90.338,2016-08-17,(주)레오이노비젼,이남택,김윤영,"서울특별시 서초구 방배로27길12-0 (방배동), 201호",0.0,88.766,(20F172-I)00부대 라돈저감방안 연구 용역,합동상호운용성기술센터
항-19-082 자동면역분석기 시약 등 27종,공군본부,169533423.0,89.73,,휴뷰티,박종호,이향천,"서울특별시 금천구 가산디지털1로145,12층 1207호(에이스하이엔드타워3차)",,89.764,인공근육 기반 전투원용 슈트 개발 발전방향 연구,제2062부대
사회공학기법과 사이버 작전과의 연계성 연구,해군본부,167777713.0,89.966,2020-06-10,주식회사 케이원,박상길,문우정,"서울특별시 은평구 진흥로 225,(불광동)",18187359.0,,안보학술진흥연구용역(3.국내안보환경분석또는),제3707부대
이동형장거리레이더 시설사업기본계획 연구용역,공군항공안전단,,90.022,,법무법인(유한) 대륙아주,김재영,김재현,대전광역시 유성구 유성대로1184번길 29(신성동),,,공중항적 영상식별체계 확보 연구용역,국군재정관리단
차세대 첨단함정 건조가능성 검토 연구용역(III),국방대학교,79735517.0,,2022-08-01,김근우시스템공학기술연구소,이용욱,김정희,"서울특별시 광진구 광나루로56길63, 지하1층 113호 에스46(구의동)",2500566.0,89.234,K21장갑차 조종수카메라 정비기술개발 연구용역,중앙행정기관
10.군사과학정책연구(인공지능...),제6619부대,64647639.0,101.237,2019-07-07,제일공사,박수진,이귀숙,"서울특별시 송파구 법원로11길25-0, A동 1310호(문정동, 에이치비즈니스파크)",117109919.0,,국방 안전기준 정립 및 발전방향 연구,군
(22F199-I)네트워크위협분석시스템구매사업금융리스,국방통합데이터센터,187566345.0,89.783,2020-06-18,애니유통,박길현,이기선,"서울특별시 송파구 송파대로201-0 (문정동) 송파테라타워2 A동 1213,1214,1215,1216,1217,1218호",17478262.0,,[24-육-128] 예비전력발전세미나 주제 연구(Ⅰ),제9691부대
대잠훈련분석체계(AEAS) 유지보수 정비,제9227부대,63374165.0,100.331,2024-02-29,청맥기획,유재수,최재현,"서울특별시 영등포구 국회대로70길15-1 (여의도동), 5층 알587호",18134159.0,89.341,방공포병 모의훈련체계 구축방안 연구,종합보급창
00부대 신축 시설사업 선행연구 용역,제3130부대,168920804.0,85.101,,주식회사 도화엔지니어링,조현선,배수호,강원특별자치도 춘천시 동면 만천로104-1,215788319.0,,21-함정 추진계통 신뢰성 향상을 위한 정비방안 연구,국군재정관리단
감염 및 외상분야 군의료 특성화 연구,국군간호사관학교,498202132.0,,2017-07-09,주식회사코드원,이기성,채규수,"서울특별시 금천구 가마산로96, 1510호 (가산동, 대륭테크노타운8)",,98.647,21년 임상의학연구센터 통계프로그램 구매,제9691부대
공군 휴대용 소형무인기 대응체계 연구 용역,국군대전병원,,89.709,,주식회사 유토비즈,임평산,최미락,강원특별자치도 춘천시 충혼길52번길10 (온의동) 드림타워 3층 306-69,,,20~21년 작전지속지원분석모델 유지보수(2019F172-G),계룡대근무지원단
국방 사이버전 EA 개념 연구,육군본부,164593901.0,90.224,2020-06-16,주식회사 피앤씨솔루션,이여정,정진욱,"서울특별시 강남구 봉은사로129-0 (논현동, 거평타운오피스텔) 1126호",104377355.0,89.332,국가전략기동군 해병대 발전방안 연구 사업,제9227부대
비전통위협 대비군시설활용및 공용면적 기준 개정연구,제3130부대,166742792.0,,2020-06-19,한국환경설계(주),권오성,이동근,서울특별시 송파구 새말로8길12-0  문정 건영 103동 801호,,89.854,K1A2 전장관리신호처리기 시험장비개발 연구용역,군
국방획득 유연성제고 위한 선진국 획득사례 연구,방위사업청,170958703.0,89.633,,주식회사 마에스트로네트웍스,위정은,이경생,"서울특별시 송파구 법원로11길25-0, A동 1310호(문정동, 에이치비즈니스파크)",12311870.0,,50년 함건조 사례분석 및 발전방안 정립 연구 용역,합동참모본부
정밀루트 및 문화재 지표조사 연구용역,공군군수사령부,,89.676,,(주)두두아이티,박호,김경호,서울특별시 강서구 마곡중앙8로3길79-0 (마곡동),,99.488,열중량분석기 등 1종 구매,중앙행정기관
무기체계 RAM 시험평가의 효율적 수행방안 연구,국군수도병원,63261867.0,,2019-03-19,주식회사 시스텍,김종성,이창환,"서울특별시 중구 퇴계로243, 5층 501호 (충무로5가, 평광빌딩)",,,22-15차 연구장비 구매 계약  - 진탕욕조,제20전투비행단
안정적인 해병항공 운용방안 연구 용역,육군본부,80009359.0,90.03,2022-09-27,(사)국방시설연구협회,소범석,박은하,"서울특별시 강남구 언주로319, 5층,6층(역삼동,조우회관)",,89.558,23-24년 공군 항공무장효과분석모델 통합유지보수,국군재정관리단
내부자 사이버위협 방어대책 연구용역,국방부(운영지원과),76258453.0,89.727,2024-08-22,서울과학기술대학교 산학협력단,이상희,임창흥,"서울특별시 강남구 도산대로 507, 대신빌딩205호(청담동)",0.0,90.038,00 군공항 설계기본요구조건 작성 연구용역,제7821부대
군단정찰용 무인항공기-Ⅱ 시설사업 선행연구,제3697부대,82581147.0,91.657,,한국애질런트테크놀로지스(주),신정희,박장권,서울특별시 관악구 관악로서울대학교 사회과학대학 16-539,12057591.0,88.948,23년 기술연구용역 계약 의뢰(3),4284부대
성주기지 주변지역 건강영향 역학조사 연구,국군간호사관학교,85554609.0,90.289,2016-10-20,주식회사 제니컨벤션,최규식,류재산,"충청북도 청주시 흥덕구 흥덕로151-0 (운천동, 지하1층)",,89.192,0000 수집/분석장비 구매,제7821부대
(227059-E)방탐정확도 정밀분석 시험용 드론 제조,방위사업청,155560192.0,,2017-03-24,원유통,홍명성,전재신,경상북도 포항시 북구 대해로15-0 (죽도동) 2층,,89.502,(236043-G) 23년 모바일·IoT 조사분석체계 도입사업,제2879부대
(20G040-H)AI기반 보안사고 탐지분석시스템 ISP사업,국방부(운영지원과),,,,(주)이씨마이너,권택연,황인선,"충청북도 청주시 서원구 충대로1-0 (개신동, 충북대학교)",201159879.0,99.325,18-해상종합전술훈련장사업타당성 국내개발가능성연구,국군재정관리단
ATCIS 개방형 OS 전환 비용대비 효과분석 연구용역,공군제10전투비행단,,90.498,2020-01-21,주식회사 와이매틱스,김경호,유현국,경상남도 진주시 동진로420 (충무공동),0.0,98.537,주요 군사시설의 방호설계 기준 개정 연구용역,중앙행정기관
전시 급식지원체계 개선방안 연구,4284부대,182420676.0,,2018-10-02,제이에스전자,김자이,황미영,"인천광역시 미추홀구 주염로58, 620-1호(주안동, 주안시범공단)",4843922.0,89.356,장보고급 잠수함 디젤감시장치 연구개발 용역,중앙행정기관
2020년 범국민 안보의식조사 연구 용역,공군군수사령부,,89.607,2019-02-27,자주국방네트워크,김용수,이희석,"경상남도 창원시 마산합포구 경남대학로7-0 (월영동, 경남대학교)",140103218.0,,공군 정보통신 준·부사관 특기체계 개선방안 연구,중앙행정기관
공신력 확보를 위한 신규국제표준 적용방안 연구용역,합동상호운용성기술센터,62059168.0,92.383,,롯데캐피탈(주),신준호,유형우,"서울특별시 용산구 한강대로40길39-12, 204호 (한강로2가)",125740029.0,,사이버전자전 작전수행개념 및 핵심요구능력 연구,합동참모본부
차륜형지휘소용차량 시설사업기본계획 연구용역,육군 제3808부대,64802773.0,89.152,2018-08-08,주식회사코드원,정형수,김예나,대전광역시 유성구 테크노2로187-0 (용산동) 미건테크노월드 2차 B동 217호,16481225.0,88.978,입체영상 처리 및 분석장비 구매,기관
정보분석조용 보관낭 구매,국군제1068부대,41012419.0,93.55,2019-06-22,주식회사 발렌베리,조보근,박민정,경상북도 경주시 동대로 123(석장동),,,장보고급 잠수함 디젤감시장치 연구개발 용역,종합보급창
22-11차 연구장비 구매 계약  - 의약품 냉동고(수정),국군재정관리단,185023575.0,90.318,2016-10-21,주식회사 태드솔루션,강창선,백현정,"서울특별시 구로구 디지털로33길11-0 (구로동, 에이스 테크노타워8) 1406호",6484590.0,,해군조직 및 갈등특성에 부합한 갈등관리 방안 연구,국군수도병원
정원감축 대비 민간인력 전환분야 및 규모식별 연구,공군제38전투비행전대,78110406.0,,2020-06-12,한국여성정책연구원,권택연,허진실,경상남도 함안군 칠북면 삼칠로 1826티엠시 (주),21310107.0,85.678,조종사 피로도와 안전비행의 상관관계 분석 연구용역,제2879부대
Edu-Tech 교육체계 개발 연구용역,육군보병학교,1597083113.0,,2021-11-14,덕산넵코어스 주식회사,송태현,이상국,"서울특별시 서대문구 수색로138-0, 2층(북가좌동)",,89.569,통일후육군구조(안)에대한 합참과 육군(안)에대한분석,국군대전병원
(207108-H)네트워크 위협 분석체계 구축사업,공군본부,179194011.0,89.714,2020-06-26,주식회사 엑스정보통신,장세희,김연수,대전광역시 유성구 테크노9로35-0 (탑립동) 지능로봇산업화센터 406호,92109880.0,90.057,23년 전투실험(연구용역사업),군
공군 Kill-Web의 임무효과도 및 발전 로드맵 연구,공군교육사령부,,89.398,2019-05-29,삼일회계법인,문유경,박희원,세종특별자치시  시청대로370 세종국책연구단지 사회정책동,82581982.0,,해병대사령부 통.폐합과 재창설에 관한 연구용역,합동상호운용성기술센터
화생방정찰차-II(차량형) 시설사업기본계획 연구용역,공군제10전투비행단,,90.662,2024-02-29,와이와이,김상인,정아름,"대전광역시 유성구 대학로 27, 현대리조텔 2층(봉명동)",,65.594,2018년 범국민 안보의식조사 연구 용역,제20전투비행단
표적메모리 회로카드 대체품 개발 연구용역,제9965부대,,90.512,2022-07-06,우영상사,박정기,권택연,"전라남도 장성군 황룡면 강변로452-16, 3층 302호",103833813.0,96.447,24년 지형분석장비 구매(리스물건),중앙행정기관
21년 연래 해병대 리더십 수준 진단 연구용역,해군군수사령부,562355487.0,99.467,2019-08-23,주식회사 일신이앤씨,정재관,홍세준,"서울특별시 마포구 마포대로 173, 현대하이엘 816호(공덕동)",92306752.0,89.596,국방 의료정보 빅데이터 분석체계 구축사업 연구용역,국군재정관리단
(217215-D)디지털 포렌식 분석장비 교체,육군교육사령부,176062750.0,90.217,,리치패션용품,김규원,두진욱,"서울특별시 강남구 테헤란로306, 13층(역삼동, 카이트타워)",85165604.0,89.01,전술이동통신체계 구축방안 연구용역,중앙행정기관
동서지형의 차이를 고려한 부대 및 전력구조 연구용역,제5378부대,76278155.0,90.511,2022-01-14,사단법인 한국방위사업연구원,윤정숙,이유진,서울특별시 금천구 가산디지털1로171-0 (가산동) 가산SK V1 센터 1505호,11373713.0,93.541,23-F-분석기 표면마무리용 접촉용 구매(239016-F),군
(227163-F)연구활동재료(초자) 구매,공군사관학교,,,2019-06-08,소망상사,강종효,주정만,세종특별자치시  국책연구원로15-0 (반곡동),9249424.0,89.33,항공전력 도입을 고려한 효율적 운용방안 연구용역,제3170부대
정기기초연구과제(1. 한국의외교/안보정책),공군본부,68603739.0,90.136,,천두기업,신철호,배미선,"경기도 성남시 수정구 청계산로686 (고등동), 반도아이비밸리 424호",,88.925,21-무기체계 수명주기간 부품국산화 발전방안 연구,군
수동음파탐지부표 연구개발 용역(21H085-I),제5378부대,71948384.0,,2024-01-01,케이엠글로벌,서경희,안상희,서울특별시 서초구 방배로19길21-0 (방배동),95570942.0,,육군 핵심가치 실천수칙에 관한 연구 용역,군
22-4차 연구장비 구매 계약 - 세균배양기 CO2,방위사업청(운영지원과),66284685.0,88.629,,주식회사 엘씨케이테크놀로지스,홍문기,전대석,인천광역시 부평구 부평대로301-0 (청천동) 남광센트렉스 303호,,,K21장갑차 조종수카메라 정비기술개발 연구용역,제2307부대
군 모바일 업무혁신 추진방안 연구용역,제5378부대,1820151194.0,,,(주)레이다앤스페이스,유인목,박수진,강원특별자치도 동해시 전천로245-2 (북평동),12508682.0,98.463,국방기록관 업무효율화를 위한 방안 연구,제3훈련비행단
해병대 데이터 관리 및 활용 발전 방안 연구,합동군사대학교,55465623.0,,2018-12-02,(주) 솔포스텍,홍승신,엄지성,"서울특별시 구로구 디지털로34길55, 1008호 (구로동, 코오롱싸이언스밸리2차)",93497391.0,,군사과학기술대학원(가칭) 신설방안 연구,국군대전병원
22년 병리장비운영소모품(6) 요분석검사 27품목 구매,해군본부,,89.551,2017-03-09,노브식스,강창선,김령은,"서울특별시 종로구 자하문로24길58, 1,2층(효자동)",0.0,,2024년 바세나르체제 군용물자목록 개정소요 연구,제7군단
세계안보정세분석 연구용역,공군제16전투비행단,167852980.0,89.476,2020-06-03,서강대학교산학협력단,정창호,조민구,"서울특별시 영등포구 여의대방로67길22, 602호(여의도동, 태양빌딩)",513300388.0,81.035,공군 방공포부대 이전 요구 연구용역,국군재정관리단
21세기형 선진해군문화 연구,국군의무사령부,45888414.0,90.157,,아이브스 주식회사,강현섭,서유림,경기도 용인시 기흥구 마북로207(마북동),108641948.0,88.549,차세대 미사일 방어 무기체계 발전 방향 연구,군
군인연금수급자 사망률 개선 연구,수도방위사령부,,90.066,2020-05-19,정보와기술 주식회사,오종한,전동애,충청북도 청주시 흥덕구 옥산면 덕촌삼성골길16,,88.976,마린온기체 수명관리 및 창정비소요비용 타당성 연구,국군재정관리단
(22G059-H)'23년 스펙트럼측정 분석장비 유지보수용역,육군제8971부대,,92.012,2019-03-05,와이파이컴퍼니,성현모,임재영,"강원특별자치도 원주시 문막읍 귀문로1269-16, 1층 우측",1661784.0,,방산기술보호체계 발전방안 연구용역,국군수도병원
화생방정찰차-II(차량형) 시설사업기본계획 연구용역,공군본부,73446767.0,89.933,2022-04-25,명지대학교 산학협력단,박병훈,이충렬,"서울특별시 강남구 논현로28길54-0 4층 (도곡동, 덕원빌딩)",100705533.0,98.099,항-19-032 자동면역분석기 시약(HBsAg RGT)등 112종,중앙행정기관
다목적 제설장비 운용기준 재정립 및 대체방안 연구,육군교육사령부,85003260.0,89.94,2020-07-12,주식회사 에이치투엘테크놀로지,김재영,송현상,서울특별시 서초구 서초동1432-13 202,0.0,84.404,18년 발칸 추적훈련 분석기(제조),국군의무학교
군 표준차량 수명판단방안 연구 용역,4284부대,169455826.0,89.605,2022-07-06,에스엘(SL)상사,김성훈,정지용,"경기도 고양시 덕양구 삼원로73, 721호(원흥동, 원흥한일윈스타)",19566050.0,88.03,2017년 범국민 안보의식조사 연구용역,제2879부대
(236208-E) 차륜정비장비(분석기 차량엔진용) 구매,방위사업청(운영지원과),178980531.0,100.232,2024-01-09,주식회사 타임기술,안명수,우수진,경기도 의정부시 경의로70-0 (의정부동) 5층 A628호,,89.644,(247116-C) 연구활동 재료(시약) 구매,국군제1068부대
지상군 전략 및 작전수행개념 연구,국군화생방방호사령부,493582826.0,,2022-11-09,건국대학교 산학협력단,이우경,박준용,경기도 안양시 동안구 흥안대로445(평촌동) 제6층 615호 안양평촌동지식산업센터,96501428.0,89.146,연구활동 재료(시약) 113종 구매 ,국군의무학교
대전병원 자동 뇨 분석기 등 소모품 46종 구매,합동참모본부,177352594.0,91.49,,서강대학교산학협력단,차지환,김용희,서울특별시 금천구 디지털로130-0 남성프라자 9층 912호  (가산동),1979663.0,,대용량 유전자데이터 분석 파이프라인 및 가시화 연구,제7016부대
18-공군 비행교수법 교육 프로그램 개선 및 개발 연구,국방대학교,,89.481,,해군사관학교 산학협력단,백훈,이도제,"경기도 고양시 일산동구 중산로 247306,307호 (중산동, 중산프라자)",98656447.0,,국내개발레이더 후속군수지원을 위한 지표개발연구,국군의무학교
24년 전투발전 연구 용역(1),육군 제3808부대,,90.554,2020-06-16,(사)한국능률협회,배용수,김영진,서울특별시 동작구 상도로 369(상도동),,88.46,공군조직내 잠재갈등 분석 및 공군문화 발전방안 연구,중앙행정기관
정책현안연구용역(글로벌중추국가의...),육군화학학교,531404439.0,101.221,2019-08-29,사단법인 안보경영연구원,노희영,박종재,"인천광역시 부평구 충선로73번길23-0 (부개동, 시티하우스2동)",,89.608,군 모바일 업무혁신 추진방안 연구용역,군
국방감항인증원(가칭) 설립 및 운영에 관한 연구,국방통합데이터센터,,,,재단법인 한국군사문제연구원,이근신,현동재,"서울특별시 강서구 양천로551-17, 301호 (가양동)",0.0,89.545,중고도정찰용 무인항공기 시설사업 선행연구,군
전력발휘 보장을 위한 예비군훈련체계 연구,드론작전사령부,81864995.0,90.06,2020-07-07,주식회사 스마트포트테크놀로지,김혜정,윤태훈,"서울특별시 성동구 성수이로147, 905호 (성수동2가, 아이에스비즈타워)",,100.668,23-F-분석기 표면마무리용 접촉용 구매(239016-F),제20전투비행단
미래 예비전력 정예화를 위한 동원개념 재설계 연구,제2879부대,164338045.0,,2020-06-15,주식회사 디오르마,권택연,이상규,서울특별시 성북구 보문로183 논현빌딩 1303호 (삼선동4가),26799296.0,88.88,4차 산업혁명 기술적용 공군훈련체계 발전방향 연구,제3130부대
공군 품목관리관 자격인증제도 도입방안 연구용역,국방통합데이터센터,200796542.0,89.92,,주식회사 녹십자이엠,박기식,원만희,서울특별시 서초구 서초동1432-13 202,,89.546,국방 빅데이터 분석 사업 용역,연평부대
군인연금관리공단 설립 필요성 등 검토를 위한 연구,국군제1068부대,66080438.0,89.561,,재단법인 세종연구소,윤정숙,김수영,경상남도 진주시 소호로101-0 (충무공동),,76.853,신재생에너지 적용관련 군 에너지 정책방향 연구용역,국군재정관리단
육군내 기술연구소 신설방안 연구 용역,육군본부,,90.068,2019-02-11,포항공과대학교 산학협력단,구칠효,박호균,경기도 수원시 영통구 법조로25-0 (하동) SK VIEW Lake A동 1612,0.0,99.506,무기체계 시험평가 사고예방 안전매뉴얼 연구,군
16-00원 종합발전 비전 연구용역,국군대전병원,69404721.0,90.345,2024-01-17,다슬,경상현,이찬홍,"서울특별시 강남구 테헤란로 142(역삼동, ARC PLACE) 7층",,,의무장비 혈액가스분석기 등 3종 구매,중앙행정기관
EMP 방호시설 성능시험 방안 연구용역,제7821부대,,91.877,2016-12-31,주식회사 이안코리아,홍양희,송하봉,"강원특별자치도 원주시 천매봉길36-22, 302호(단구동, 백림빌딩)",0.0,88.258,해군 부사관 조직문화 혁신방안 연구용역,중앙행정기관
20-실전적 시뮬레이터 구축방안 연구,국군의무사령부,,90.45,,(주)동욱씨앤아이,김문선,양현정,서울특별시 동작구 여의대방로36길92(대방동),5218095.0,89.757,유도탄 검사장비(00체계 가스분석기) 정비,제2879부대
21-공-주파수편이용분석기 구매,제3707부대,,89.654,2023-10-19,유한회사 무궁화통신건설,배홍기,이윤기,서울특별시 동작구 여의대방로36길92(대방동),24284974.0,89.357,민간우수체계기반 전평시 민군 수송물류업무 협력연구,제9691부대
보령 공군사격장 민관군 상생협력방안 연구용역,육군정보통신학교,,,2021-10-19,사단법인 한국군사시설연구소,손승우,엄희정,서울특별시 동작구 흑석로84 (흑석동),20238750.0,,제주 작전기지 저주파분석 훈련장비 유지보수 용역,종합보급창
24년 전반기 육군 정책연구 과제 연구용역,육군교육사령부,,92.115,2024-02-17,주식회사 동빈글로벌,박종석,이윤기,전라남도 장성군 남면 나노산단3로21,95370683.0,89.671,16년 정보분석지원체계 유지보수 용역,기관
전시 효율적 해외구매 방안에 관한 연구,국방부군사편찬연구소,176114535.0,,2020-06-07,주식회사백운,한수희,이윤아,"서울특별시 금천구 벚꽃로254-0 (가산동, 월드메르디앙벤처센타) 1109호",10863435.0,,생화학분석기(동물용) 1항목 구매(의무),기관
유도무기 적정 수리부속 보유량 산출 연구 용역,국군수송사령부,48709371.0,,2024-02-10,초코인터내셔널 주식회사,이현미,유상지,"서울특별시 송파구 송파대로201-0 (문정동) 송파테라타워2 A동 1213,1214,1215,1216,1217,1218호",90730724.0,,액체폭약류 친환경 비군사화 방안 연구,군
공군 장기 군구조 발전구상 연구,방위사업청,,,,인하대학교 산학협력단,임준석,김성훈,충청남도 논산시 양촌면 황산벌로1040,,100.651,DNA정량분석기 등 7항목 구매(의무),제9227부대
부품국산화율 산정방식 등  제도 개선방안 연구,제7군단,167120863.0,,2019-01-28,디에이전,박길현,김종훈,광주광역시 북구 첨단과기로123 (오룡동),107972755.0,,육군 안전수준 진단체계 연구,합동상호운용성기술센터
유도무기 적정 수리부속 보유량 산출 연구 용역,공군본부,164807939.0,101.9,2022-04-20,주식회사 한국엔브이,이희석,이종범,경상남도 진주시 동진로420 (충무공동),,89.239,KOLAS 인정 기반 구축 연구용역,국군대전병원
25년도 안보정세전망 연구용역,제2879부대,,100.744,2024-05-22,디엔씨오토메이션,송광선,안미숙,"경상남도 창원시 성산구 완암로50-0 (성산동, SK테크노파크) 넥스동 1103호",111513120.0,88.784,CMMC 관련 통합실태조사 개선안 연구,군
적 사이버공격 의도분석 지표개발 및 평가방안 연구,국군화생방방호사령부,,,2022-08-04,한양무선통신,김상인,윤종학,"서울특별시 금천구 가산디지털1로146, 705호(가산동, 대륭테크노타운22차)",1539956.0,,잔류강도 해석기법 연구(2019H039-A),제2879부대
국방 정신전력교육지도사 자격신설 연구용역,육군보병학교,,89.937,2018-12-07,주식회사남동,이귀숙,명승배,"경기도 성남시 분당구 구미로8, 2층(구미동, 엠타워)",27902270.0,,드론봇 전술훈련장 운용개념 및 구축방안 연구용역,군
2024년 방산물자 현황분석 연구용역,제7821부대,174922858.0,99.829,,주식회사 명품시스템,정정모,홍태오,"서울특별시 강북구 삼양로173가길55-0 (우이동, 메이트하우스)1동402호",78630058.0,,(21F166-I)「스마트 물류」정책연구 용역,제3697부대
24-군 상시학습제도 도입 방안 연구 용역,제5378부대,,89.328,2016-08-01,정보와기술 주식회사,최기혁,임혜영,"서울특별시 용산구 한강대로30길25 (한강로2가, 아스테리움 용산) 11층 2호",,,상륙기동헬기 성능개량 소요 분석 연구용역,제9691부대
120mm 전차포신 약실 검사장비 개발 연구용역,방위사업청,,100.677,2023-11-21,웰스,전세희,진수빈,경기도 수원시 장안구 하률로12번길80-0 (천천동),18923101.0,97.045,(20F081-A)소음영향도작성을위한소음측정및분석용역,제9227부대
군 주거지원 법령의 문제점 및 개선방안 연구,제7군단,,,,(주)크리에이텍,채수장,임지헌,"서울특별시 강남구 봉은사로129-1, 5층(논현동)",,88.902,해병대사령부 통.폐합과 재창설에 관한 연구용역,중앙행정기관
해병대 복지회관 중장기 보수계획 연구 용역,공군교육사령부,52787983.0,90.105,2022-07-25,(주)한신솔루션,박종영,유형우,세종특별자치시  반곡동시청대로 370,3202305.0,,공무원 징계와 군 징계의 비교법적 연구,종합보급창
국방 데이터 관리체계 수립 연구,국군수도병원,53775877.0,90.315,2018-07-01,주식회사 신나는세상,노영일,이도제,강원특별자치도 춘천시 강원대학길1 (효자동),,88.859,원주기지 활주로 재포장사업 선행연구 용역,제9227부대
박옥규 제독 평전 제작 연구 용역,공군제15특수임무비행단,74286996.0,89.633,2020-01-16,엠에스원디지털 주식회사,홍광표,이동화,"경기도 성남시 분당구 불정로219-0 (정자동, 한솔마을) 청구상가  비108호",,86.263,19-회로분석기 구매(20199065-H),국군재정관리단
민간인력 편성기준 연구(2019K003-B),제1363부대,75724072.0,88.458,,국방기술품질원,김한용,이수형,서울특별시 서초구 양재동언남 18길3 (양재동  2층),,98.694,저 전송률 보코더 개발 연구용역,제3훈련비행단
병 자기개발비용지원 적정추진체계 구축 연구용역,국방부조사본부,94750091.0,90.906,,알앤알컨설팅 주식회사,박정기,박정자,"경기도 고양시 일산서구 산현로17번길38, 1102동 503호",7304166.0,89.736,국방 데이터 전략연구,국군재정관리단
23년 임무형지휘 연구용역,육군인사사령부,80090732.0,,,태성네트웍스 주식회사,유상호,임혜영,"경상북도 김천시 혁신6로17 (율곡동, 한국교통안전공단)",,82.18,항-20-004 자동면역분석기 시약 등 123종,국군재정관리단
군수업무 빅데이터 분석/활용체계 구축시범사업,국군제1068부대,,89.779,,재단법인한국조달연구원,박온서,권주희,"인천광역시 남동구 서창남순환로55, 505동 603호(서창동, 서창센트럴푸르지오)",91439953.0,89.052,정기기초연구과제연구용역(8.국가재난사태..),기관
군사과학정책 연구 용역(1. 국방 데이터....),국군의무사령부,168449170.0,89.398,2019-05-11,사단법인 한국국방정책학회,임경태,이형원,,2848035.0,89.518,18-직무분석을 통한 계급/직급 책정기준 연구,제6619부대
추진장약 분석시험용 재료구매,공군본부,64659377.0,90.541,,에이티지씨(ATGC),권선애,유선희,서울특별시 강서구 마곡중앙8로3길79-0 (마곡동),,89.968,21-함정 거주구역 개선방안 연구,국군재정관리단
군 물류관리 훈령 제정 연구,제2062부대,71189681.0,90.155,2016-12-11,(주)하이엠디,이인석,원미정,"대전광역시 유성구 죽동로321-0 (죽동, 죽동금성백조예미지), 102동 201호",107515312.0,88.927,합동성을 고려한 대전차전력의 적정 소요 연구,국군재정관리단
도약적 우위능력을 위한 미래 전력 창출 방향 연구,수도방위사령부,,99.686,,,이형철,이수현,서울특별시 마포구 백범로35-0 (신수동),111732779.0,96.737,한국해군 협동교전절차(CEC) 수행방안 연구용역,대학
22년 의무장비(혈액가스분석기 소형) 구매,제5738부대,,90.739,2016-12-13,정호정보통신,금재호,오세형,"서울특별시 영등포구 선유로49길23,  1001호, 1107호, 1108호 (양평동4가,아이에스비즈타워2차)",3347740.0,89.353,(236044-G)사이버 조사분석체계 교체 및 추가도입사업,군
ICT 기술 적용한 미래 지휘통신체계구현 가능성 연구,공군군수사령부,164199911.0,89.252,,주식회사 가람메드,김종광,김우중,경기도 용인시 기흥구 마북로207(마북동),8509733.0,89.191,한국군 공정사단 필요성 및 운용개념 편성방안 연구,국군수도병원
우주안전 발전 생태계(거버넌스) 구축 연구 용역,해군사관학교,158763720.0,,2019-04-04,(주)성광메디피아,이우희,최명진,충청남도 논산시 연무읍 연무로 320(),0.0,,20년 해병대 조직문화 수준진단 표준설계 연구용역,종합보급창
23-1차 개념설계 기술지원 연구용역,공군제16전투비행단,64103603.0,91.95,,노브식스,김건희,현혜경,대전광역시 대덕구 대전로1397번안길70-0 (읍내동),,,MZ세대 주거시설 시설기준 제·개정 연구용역,국군재정관리단
청년장병의 군 복무간 지원 및 보상(취업분야) 연구,국군수도병원,,90.075,,(주)제트코,박승우,조민구,인천광역시 연수구 송도미래로30-0 (송도동) C동 1315,520271408.0,90.38,스마트 물류센터 도입 검토 연구용역,제3170부대
미래환경 변화에 적합한 인력획득 홍보 발전방안 연구,제2879부대,160805736.0,,,주식회사 동화이엔지,박현준,김지훈,대전광역시 유성구 대학로291-0 (구성동) N7-7111,,,국내개발 전투기의 진화적 개발전략 적용 연구,제7016부대
19년 지상군 전시자원 소요 분석모델 유지보수 용역,방위사업청,,89.831,2020-06-25,,강석균,이다인,대전광역시 서구 관저동로170 (관저동) 210호,1731162.0,,전투복 위장무늬  디자인 및 적용소재 연구용역,국군제1068부대
생물안전밀폐실험실(BL3 3등급 연구시설)유지보수용역,국방부(운영지원과),44667590.0,89.888,,주식회사코넥,최미옥,권민정,서울특별시 금천구 디지털로130-0 남성프라자 9층 912호  (가산동),,,교육 발전방향 연구용역,제20전투비행단
24년 기술연구용역(2),연평부대,74879326.0,89.402,2019-07-07,주식회사 가람메드,고찬갑,이관섭,"인천광역시 남동구 서창남순환로190-15 (서창동, 서창퍼스트뷰아파트) 718동 301호",0.0,,전술정보통신체계Block-1-① 창정비요소개발 비용분석,종합보급창
국방 모바일 환경 구축을 위한 기반 연구,국군재정관리단,443296851.0,100.798,2021-01-18,한스메디칼,권오경,서선숙,"서울특별시 영등포구 당산로41길11, W동 비133호, 제15층 1511호,1512호(당산동4가, 당산 SK V1 center)",,88.757,화생방 연구 재료 가스 구매,제5738부대
전자전기 확보 및 효율적 운용방안 연구,제9965부대,59536115.0,,,엠텍리서치,김재영,박장권,세종특별자치시  전동면 보평길167-0,0.0,90.179,19-2-00사 터널형 탄약고 신축 타당성 검토 연구 용역,제2307부대
폭발물처리 교육 전군 통합 필요성 검토 및 방안 연구,국군복지단,169375406.0,,,고메드,유재웅,류상윤,"경기도 안양시 동안구 시민대로387  A동 1201-1호(관양동,디지털엠파이어)",4032872.0,85.157,통합교육정보체계 고도화 개념연구 용역,제3707부대
미래 안보환경 대비 군사시설 보호업무 발전방향 연구,제3697부대,69680413.0,,,미래상사,유훈,정지용,"인천광역시 부평구 충선로73번길23-0 (부개동, 시티하우스2동)",106236712.0,88.662,19년 항공관제 분석체계 유지보수 용역,국군제1068부대
최적의 우주기지 선정 연구,국방대학교,53407840.0,89.759,,주식회사 가람메드,김승준,이경미,경상남도 함안군 칠북면 삼칠로 1826티엠시 (주),0.0,82.806,사이버 자산정보 수집 분석체계 라이선스 구매,중앙행정기관
16년 전자파 측정 및 분석장비 개발 용역,공군본부,65877916.0,90.073,,주식회사 대경코리아,김현성,이효선,경기도 성남시 분당구 성남대로912-0 (야탑동) BYC빌딩 607,82485276.0,89.472,민 군 통합 수송운영체계 구축 수송물류 비용분석,제9965부대
장보고급 잠수함 디젤감시장치 연구개발 용역,공군군수사령부,66214977.0,,2020-07-05,사단법인 통일안보전략연구소,김기돈,문우정,"경기도 안산시 단원구 광덕3로145-5, 3층 301-66호 (고잔동)",5739004.0,,반환 미군기지 매각 활성화를 위한 처분 방안 연구,제2군단
무기체계 연구개발 협약·성실수행제도 방안 연구,국군의무사령부,381344494.0,89.77,,주식회사 녹십자이엠,박영선,차윤아,"서울특별시 강남구 테헤란로 142(역삼동, ARC PLACE) 7층",89809347.0,89.55,국내개발 전투기의 진화적 개발전략 적용 연구,국군제1068부대
22년 의무장비(혈액가스분석기 중형) 구매,방위사업청,60518452.0,90.006,,(주)케이엔에스,고중혁,배용수,강원특별자치도 홍천군 홍천읍 진리로8,109977575.0,97.731,AI를 이용한 기상관측장비 고장예측 기술 선행연구,제3훈련비행단
20년 해병대 조직문화 수준진단 표준설계 연구용역,제9691부대,,,,주식회사 메디시온,김세종,이수행,경기도 남양주시 진접읍 금강로1553-21 (신우아파트) 상가 112호,,91.071,전력지원체계OMS/MP및RAM분석/LSA적용방안연구,군
(237472-F) 연구활동 재료 구매,방위사업청(운영지원과),182418431.0,93.24,2021-12-21,에이치디현대중공업 주식회사,최계영,정관용,강원특별자치도 춘천시 강원대학길1 (효자동),,89.323,(236199-F) 고분해능 질량분석기 구매,중앙행정기관
22-1차 개념설계 기술지원 연구용역,방위사업청(운영지원과),74606829.0,89.372,2024-08-14,캐리온,조경호,김미진,"서울특별시 구로구 디지털로32길 30, 코오롱디지털타워빌란트15층(구로동)",2450556.0,,초소형 전술위성체계 구축방안 연구,국군재정관리단
22-해병대 병영문화혁신 외부 연구용역,공군본부,1708364066.0,89.639,2022-05-11,HF테크,서유림,김진욱,충청남도 계룡시 두마면 두계리116 계룡대림이-편한세상 109-902,101880656.0,89.383,정원감축 대비 민간인력 전환분야 및 규모식별 연구,제7군단
분광광도계 수질분석형 1EA,국방전산정보원,,101.07,2020-06-25,미래산업,김재영,윤종학,"경기도 시흥시 희망공원로 92, 시화공단2마 301-3호(정왕동)",,89.732,방공포병 모의훈련체계 구축방안 연구,제2879부대
복수활주로 건설사업 분석평가 및 선행연구,공군제15특수임무비행단,192811704.0,,,한양대학교 산학협력단,안기수,김현덕,충청남도 논산시 연무읍 연무로 320(),100904339.0,,항공교통 업무 수행 및 공역체계 개선 방안 연구,제20전투비행단
국방여군 70년사 편찬 연구,육군제8971부대,61795928.0,90.022,,주식회사 알앤피파트너스,서유림,방윤지,"대전광역시 유성구 테크노4로17, 디동 202호(관평동,대덕비즈센터)",,,(20F067-I)소음영향도작성을위한소음측정및분석용역,군
(23G054-H)24~25년 스펙트럼측정분석장비 유지보수,국방부(운영지원과),,89.133,,주마메디칼,이승모,우지민,"서울특별시 금천구 가산디지털2로184, 1017호(가산동, 벽산.경인디지털밸리2)",87800009.0,,요분석기 사단용 등 2종 구매,제2879부대
(상생협력실)갈등영향분석 연구용역(C013),국군재정관리단,187291496.0,101.153,2016-09-08,와이피글로벌,임종근,한선여,경상남도 함안군 칠북면 삼칠로 1826티엠시 (주),0.0,89.259,육군내 기술연구소 신설방안 연구 용역,제6619부대
헬기 보조동력장치 시험장비 개발 연구용역,제2879부대,,89.649,,사단법인 국방지능정보기술융합협회,조미옥,권건안,"서울특별시 용산구 한강대로211, 102동 1605호(한강로1가, 대우월드마크용산)",79003343.0,95.615,21년 연래 해병대 리더십 수준 진단 연구용역,제7군단
평시 복무 예비군제도 발전방향 연구용역,국방대학교,166362187.0,,2022-05-15,HF테크,홍지유,이효선,"경기도 수원시 영통구 광교로105, 607호(이의동, 경기 알앤디비센터)",,89.398,24~'25년 상층대기분석장비 유지보수,군
활주로 피해복구용 골재 품질기준 및 관리방안 연구,합동상호운용성기술센터,80051693.0,102.321,2022-05-08,주식회사 제이에스원,동중영,김지현,"서울특별시 금천구 가산디지털1로171, B208호(가산동, 가산 에스케이 브이원 센터)",4157998.0,,17년 지형분석장비 물품 구매설치,국군수도병원
18년 해군 전자정보 종합분석체계 개발사업,국군재정관리단,67188542.0,90.332,2020-06-03,(주)케이엔에스,신철호,이현미,"서울특별시 용산구 이태원로29, 421호(용산동1가, 전쟁기념관)",488981833.0,,24 군의료 특성화 연구(알레르겐 양상 분석),국군재정관리단
F404 엔진 경향성분석 및 상태진단 프로그램개발 용역,국군수도병원,170332905.0,90.201,2019-04-13,주식회사글로벌엔씨,강현순,정시영,"경기도 용인시 수지구 죽전로 152, 단국대학교내(죽전동)",0.0,89.092,복합형 회전익기 통합 설계/해석 M&S 연구용역,종합보급창
금천구 00부대 배치방안 등 연구,공군군수사령부,147736477.0,99.661,,주식회사 해피트리,박기식,곽은혜,세종특별자치시  전동면 보평길167-0,91137861.0,,(206199-B)지형분석장비 교체사업(리스물건),제3훈련비행단
전투실험 연구용역,국군간호사관학교,65149876.0,101.585,,주식회사 콤텍정보통신,박용준,이은경,"서울특별시 영등포구 선유로 70, 우리벤처타운2303호(문래동3가)",97776536.0,,미래특임 및 항공 통합 특임여단 편성방안 연구용역,군
과학적 시험설계와 시험결과의 논리적 평가방안연구,공군 제8전투비행단,,,,(주)한일,심종욱,원해나,"경기도 고양시 덕양구 용현로10-0, 508동 203호 (행신동, 무원마을5단지 아파트)",,89.047,상용 SW(수사데이터 분석 도구) 구매,중앙행정기관
지휘헬기-II 기종결정 평가방안에 관한 정책연구용역,합동참모본부,,89.458,,(주)두두아이티,전용일,석재민,경상남도 창원시 의창구 봉강가술로537번길42-0 (대산면),0.0,88.989,방산육성 수출확대 위한 산업협력 쿼터제 방안 연구,합동참모본부
회로카드 고장예측용 해석도구 활용방안 연구용역,해군본부,373214335.0,,2021-04-30,다우미디어테크,홍문기,정인영,"서울특별시 용산구 한강대로62길41, 3층 (한강로1가)",2587264.0,,정기기초연구과제연구용역(3. 한국군의군수관리...),제2879부대
운용함정 손상대응 훈련 시나리오 연구 용역,육군보병학교,63655633.0,,2019-09-14,(주)디에이치기술단,조홍덕,함혜련,,101543502.0,89.434,19-해양무인체계 탑재/운용 함정 설계개념 연구,국군의무학교
해병대 리더십 역량 진단 시스템 개발 연구,육군교육사령부,,86.96,2019-04-19,주식회사 비씨디이엔씨,한경희,임혜정,서울특별시 강동구 양재대로1377 (성내동 삼원빌딩 408호),15524716.0,85.824,저 전송률 보코더 개발 연구용역,연평부대
『국방표준서 제정』연구,제5378부대,66870798.0,89.457,2024-10-31,(주)아이디어정보기술,최재성,박상욱,"서울특별시 서초구 강남대로369, 9,10,13,14층(서초동, 디에타워)",0.0,,지능형 악성코드 수집분석체계 라이선스 구매,합동상호운용성기술센터
자동염기서열분석기 정비 및 검교정,국방지형정보단,180513356.0,,2024-01-29,주식회사글로벌엔씨,이진우,장재필,경기도 수원시 영통구 법조로25-0 (하동) SK VIEW Lake A동 1612,112088027.0,,(246247-D) 이동형 심리생리반응 분석장비 구매,제6619부대
00 군공항 이전 시설기본요구조건(안) 작성 연구용역,국군의무사령부,,89.328,2020-07-16,주식회사 더블유아이,권준홍,박재완,"전라남도 무안군 삼향읍 남악3로80,204호(제일프라자)",0.0,89.773,[24-육-128] 예비전력발전세미나 주제 연구(Ⅰ),군
전투실험 중장기 종합발전계획 연구용역,제5019부대,53128194.0,91.422,2019-09-10,(주)알파아이엔씨,남상경,박재완,"서울특별시 강남구 테헤란로306, 13층(역삼동, 카이트타워)",145541400.0,89.354,LVC체계와 훈련모델 방안 연구용역,제9691부대
국방규격에서 인용 중인 폐지된 KS 제정 연구,국군수송사령부,164852429.0,90.452,2016-09-19,소성정보기술 주식회사,허준행,강민,경기도 고양시 덕양구 삼막1길3(오금동),0.0,88.679,20~21년 분석용모델(3종) 유지보수 용역(2019F173-C),종합보급창
22-15차 연구장비 구매 계약 - 진탕욕조,해군본부,455151664.0,,2022-10-26,연세대학교 산학협력단,김승준,김미희,서울특별시 양천구 남부순환로72길17-0 (신월동) 영동빌딩2층,13315422.0,82.234,국방획득 유연성제고 위한 선진국 획득사례 연구,국군재정관리단
(21G085-H)'22년 스펙트럼 측정분석장비 유지보수용역,제6619부대,,89.848,,(주) 솔포스텍,박문희,지재필,"서울특별시 성북구 안암로145 (안암동5가, 고려대학교)",0.0,67.603,부대활동 유형별 위험성 평가체계 연구용역,제9691부대
비용분석용 상용SW(TruePlanning) 구매,제3훈련비행단,,98.863,2020-06-25,신한관세법인,가회광,안기수,제주특별자치도 제주시 첨단로251 (영평동),25022070.0,94.011,북단 유도로 신설사업 분석평가 및 선행연구 용역,국군복지단
국방기술조직을 활용한 함정 기술관리 방안 연구 용역,육군항공학교,54250765.0,89.692,2017-12-12,에스엘(SL)상사,이주열,문송철,"경기도 고양시 일산동구 호수로358-39 706호(백석동,동문굿모닝타워1차)",,89.274,18-주파수편이용 분석기 구매,기관
(23G054-H)24~25년 스펙트럼측정분석장비 유지보수,합동상호운용성기술센터,60168801.0,90.387,2022-05-30,주식회사 에스에이텍,,신정희,충청북도 충주시 대학로50-0 (대소원면),97229963.0,,국방우주력 발전을 위한 민·군 기술협력 방안 연구,4284부대
[연구소] '22-2차 감정재료 구매,국군대전병원,,102.541,2020-06-27,주식회사 세명에스엠지,김영국,임혜정,"세종특별자치시  조치원읍 번영1길46, 301호, 302호",,88.658,시뮬레이터 소프트웨어 보안성 시험 방안 연구,중앙행정기관
차년도 안보정세전망 연구 용역,국방시설본부,,89.629,2019-09-21,(주)에스큐브아이,최성숙,전아영,"경상남도 창원시 성산구 완암로50-0 (성산동, SK테크노파크) 넥스동 1103호",17586855.0,,전시 효율적 해외구매 방안에 관한 연구,국군재정관리단
잠재적 미사일 위협대비 워게임 활용방안 등 연구,제3707부대,65466663.0,,2022-07-08,주식회사우정상사,김상식,최효정,광주광역시 서구 마륵로28-1 (마륵동),,89.189,국방대학교 안보현안분석 등 2종 인쇄 용역,기관
스마트 공군력 건설을 위한 조직 발전 방안 연구,해군본부,,89.756,2020-06-21,주식회사에이스게이트,김동건,김선미,"서울특별시 서초구 동산로23, 3층(양재동,베델회관)",3109304.0,89.11,K21장갑차 전자모듈조립체 정비기술개발 연구용역,합동참모본부
17-군 세차 폐수처리시설 운영 개선방안 연구용역,제2062부대,54831574.0,90.77,,사단법인 대한민국 육군발전협회,이민수,정지상,"서울특별시 서대문구 충정로53-0 (충정로2가, 유원골든타워오피스텔) 1701호",113338880.0,,항-18-043 자동면역분석기 시약 등,대학
군인연금 수급요건 및 분할연금 도입 연구,공군제17전투비행단,,90.108,2021-11-20,사단법인 씨알리더십연구원,이홍민,박서연,"경기도 용인시 처인구 한터로152번길45-0 (고림동, 인정피렌체빌리지1차아파트) 106-505",13348296.0,89.859,목표비용관리(CAIV) 내실화 방안 연구,제1363부대
17-공군 사이버보안 교육 및 관리체계 구축 연구 용역,국방부(운영지원과),,89.218,,주식회사 처음헌법연구소,김지찬,한영준,"대구광역시 북구 동북로163, 101동 1605호(산격동, 산격대우아파트)",12664828.0,89.35,풍력발전기에 의한 레이더 영향성 분석용역,국군대전병원
지능형 전군 악성코드 수집분석체계 구축(리스물건),국방부(운영지원과),,94.777,,주식회사 대영퓨처스,변중무,이덕호,"경기도 양주시 광적면 부흥로847, 431호(경기벤처타운)",,89.308,국방혁신 연계 예비군 전력증강 및 운용방안 연구,기관
특수작전용 유탄발사기사업 선행연구,국군의무사령부,,,2022-05-17,(주)동양기술,강현순,박준성,"서울특별시 성동구 왕십리로 222, 한양대학교 내 한양종합기술연구원 110호(행당동)",93278819.0,88.908,21년 서울안보대화 프로그램 기획 및 발전방향 연구,중앙행정기관
스펙트럼용 분석기 구매(20199125-F),육군본부,85202639.0,,2023-10-24,(주)에이치엔에스바이오,한영석,진수빈,"서울특별시 성북구 화랑로76, 제3층 307호(하월곡동,코업스타클래스)",22970997.0,89.357,포렌식 분석장비 긴급보강 사업,제3170부대
복합재 항공기 구조물 구조건전성 해석기법 연구용역,공군 제8전투비행단,178963157.0,84.375,2022-09-03,스타일담아,서은진,김유미,서울특별시 마포구 백범로35-0 (신수동),,89.436,특임여단 북괴군 핵 화생시설 점령/확보방안 연구용역,제6619부대
지능형 전군 악성코드 수집분석체계 라이선스 구매,국군복지단,,89.61,2017-03-26,농업회사법인 주식회사 서원당,정정모,이강일,"서울특별시 금천구 가산디지털1로119-0 (가산동, SK트윈테크타워, a동 10층 6호)",90783607.0,89.508,공수지상종합훈련장 선행연구용역(특-24-용-28),국군재정관리단
23-4차 산업혁명 접목 미래함정 발전방향 연구,드론작전사령부,,,2024-03-01,주식회사 스펙트럼인사이트연구소,김규한,박익수,충청남도 아산시 삼동로40 (모종동)3층 301-37호,,,00사단 관사 이전사업 선행연구 용역,군
합동최종공격통제관(JTAC)의 종합 발전방향 연구,제7군단,87435922.0,,2022-01-14,특수법인 한국전파진흥협회,정성윤,임한영,"서울특별시 영등포구 양평로149-0, 1106호 (양평동5가)",,87.153,군사사연구총서베트남전쟁관련주제연구용역(과제3),중앙행정기관
상호운용성 평가 업무의 정량화 모델에 관한 연구,육군훈련소,156380906.0,90.058,2024-04-19,(사)한국전략문제연구소,이찬기,이미란,"서울특별시 서대문구 수색로138-0, 2층(북가좌동)",13377338.0,77.671,(21F137-A)항공기 사격훈련장 확장방안 연구용역,제2879부대
(246255-C) 외상처치 시뮬레이션 킷 등 5종 구매,육군공병학교,74169180.0,,2019-02-06,초코인터내셔널 주식회사,안성일,유재웅,"서울특별시 금천구 가마산로96, 1510호 (가산동, 대륭테크노타운8)",8720531.0,,방위사업 계약법령 체계화 방안 연구,국군재정관리단
20-PKMR엔진 PBL 비용대효과분석 및 성과지표 연구,합동상호운용성기술센터,,86.227,2017-05-31,대양전기공업(주),한대일,방준성,"서울특별시 광진구 능동로120, 건국대학교내(화양동)",,,혈액가스 분석기 1EA 구매,제9227부대
아데노바이러스 55형 백신개발 타당성 검토 연구,국군화생방방호사령부,74376556.0,94.704,,주식회사 바른프린테크,임평산,윤종학,"경기도 하남시 미사강변한강로155, 1동 314호(망월동, 지식산업센터)",,,다도해함 개조 설계 방안 연구,제9227부대
(236306-F)지형분석장비 교체사업(리스물건),제2307부대,62107331.0,90.061,,대지이앤씨산업 주식회사,장승희,신명화,"서울특별시 금천구 가마산로96-0, 213호(가산동, 대륭테크노타운8차)",94746235.0,,교육용 패킷 분석장비 라이선스 구매,국군복지단
패트리어트 유도탄수명 고려한 효과적 확보 방안 연구,공군본부,,89.769,,주식회사 글로벌메타,임중수,민희숙,"경기도 용인시 수지구 죽전로 152, 단국대학교내(죽전동)",18252941.0,89.346,2019년 의무장비(요분석기) 구매-재투자,제9227부대
18년 지상군 전시자원소요분석모델 유지보수 용역,해군군수사령부,,90.328,2022-04-24,지그인더스트리,김성빈,채규수,서울특별시 마포구 월드컵북로5길59 (서교동),0.0,,BTL관리운영권만료사업 시설인수 운영방안연구용역 재,종합보급창
전시 비상급수 기준 수립 연구,공군본부,,,,주식회사 처음헌법연구소,최계영,김학균,"부산광역시 해운대구 센텀동로 35, 센텀SH밸리 404호(우동)",47237186.0,,대용량 유전자데이터 분석 파이프라인 및 가시화 연구,기관
17-리더십 진단도구 개발 연구용역 계약,공군군수사령부,62678412.0,90.164,2021-04-19,사단법인 국방지능정보기술융합협회,양금식,신인균,충청남도 홍성군 홍북읍 홍예로213-0 (엘에이치스타힐스) 121동 2201호,13368215.0,89.594,잔류강도 해석기법 연구(2019H039-A),합동상호운용성기술센터
20-풍력발전시설의 R/D 및 통신전자장비 영향성 분석,제5738부대,,89.703,2020-06-27,재단법인 한국군사문제연구원,최권석,이성태,서울특별시 구로구 디지털로34길55-0 (구로동),0.0,,디지털 증거분석체계 SW 라이선스 갱신,제2879부대
군 장병 정신건강 실태조사 연구용역,공군제38전투비행전대,62480407.0,90.452,2017-06-12,주식회사 쏠바이오텍,김한욱,우지민,"서울특별시 영등포구 도림로462, 206호 (문래동3가, 국화상가)",,,유도무기 신뢰수준 및 시험사격 적정수량 연구,국군수도병원
(247116-C) 연구활동 재료(시약) 구매,수도방위사령부,,100.161,2019-05-17,주식회사 콤텍정보통신,이정훈,최경환,제주특별자치도 제주시 첨단로251 (영평동),100651060.0,89.085,생화학자동분석기(동물용) 등 3항목 구매(의무),중앙행정기관
죽변 비상활주로 민ㆍ민갈등 해소방안 연구,공군군수사령부,45743933.0,90.454,,에이비컴퍼니주식회사,전세희,이종명,경기도 광주시 도척면 상림리51-19,91932624.0,88.958,세계안보정세분석 연구용역,국군제1068부대
24-F-비용분석용 상용SW 구매,국군화생방방호사령부,66734339.0,,2024-07-01,주식회사 바른프린테크,이권민,임창흥,"서울특별시 서대문구 거북골로 34, 명지대학교 본관 10층 11033호(남가좌동)",,,병 자기개발비용지원 적정추진체계 구축 연구용역,국군제1068부대
국제 해양영역인식 협력 방안 연구,국군의무사령부,59673750.0,,2018-10-07,삼송,김유혁,정기쁨,"경기도 성남시 수정구 위례대로83(창곡동, 국방문화센터)",0.0,99.939,생화학 자동 분석기 등 116종 구매(20197022-E),중앙행정기관
부대재배치 선행연구 용역(2019F065-B),국방대학교,71061932.0,89.49,2016-11-10,유한회사 한빛기업,김종귀,김종천,강원특별자치도 춘천시 동면 만천로104-1,,,어뢰이송 및 저장체계 비상작동 조종장치 연구용역,국군제1068부대
(21F049-I)제2軍 대테러 종합훈련장 선행연구 용역,육군대학,,89.783,2023-11-01,주식회사 천일,박희원,문재성,"경기도 성남시 수정구 창업로43-0 (시흥동)1층, 글로벌비즈니스센터",10337213.0,87.061,방위산업 발전 및 경쟁력 강화를 위한 법적기반 연구,제2군단
궤도장비 난방기 야전 시험장비 개발 연구용역,공군제7항공통신전대,63844121.0,90.379,2019-07-11,영현정보통신(주),안병호,곽일,경상남도 진주시 충의로10-0 (충무공동),,81.775,AI 작전운용성능 설정기준 표준화 연구,중앙행정기관
대대급이하 전투지휘체계(B2CS) 양산사업 비용분석,제2062부대,163645298.0,,2020-01-05,(유)목양,임근우,오순길,서울특별시 서초구 서리풀길4,1143212.0,88.872,21-2차 개념설계 기술지원 연구용역,중앙행정기관
(21G023-A)생물안전3등급 연구시설 유지보수 용역,제5738부대,169052137.0,102.119,2024-03-25,조선대학교 산학협력단,전춘석,박미진,"서울특별시 강남구 봉은사로114길 40, 홍선빌딩 2층(삼성동)",7075422.0,,국방정책연구과제 연구용역 계약,군
00 징후분석체계 구축,해군군수사령부,,,,주식회사 안보기술연구원,임평산,박점숙,"경기도 성남시 수정구 위례대로83(창곡동, 국방문화센터)",5990142.0,88.755,24년 국방연구개발사업의 성과조사 · 분석 연구 ,제3697부대
한국형 임무형 지휘 정착을 위한 리더십 적용 연구,육군공병학교,,100.234,,공군사관학교 산학협력단,이여정,진주,전라남도 목포시 고하대로719번길 14(연산동),101522194.0,,23-함정 실내공기질 기준 설정 연구,기관
스펙트럼 분석기 구매,합동참모본부,87176894.0,90.233,,디엠글로벌,이정원,박정자,서울특별시 영등포구 영등포로35길10-0 (영등포동6가) 8층 809호,,,차세대 비행시뮬레이터 개발을 위한 기술연구용역,4284부대
ㅇㅇ학교 전통 계승 및 발전방안 학술연구용역,국군대전병원,,79.398,2024-01-15,주식회사 엔미디어솔루션,강윤진,오진성,충청남도 아산시 삼동로40 (모종동)3층 301-37호,2988877.0,,정기기초연구과제용역(5.인공지능강화학습...),제3697부대
한국형 임무형 지휘 정착을 위한 리더십 적용 연구,제2062부대,81734285.0,90.552,,(주)상보기업,정의붕,최재영,"서울특별시 성북구 화랑로76, 제3층 307호(하월곡동,코업스타클래스)",0.0,82.896,24-00부대 전력화 추진방안 정책연구용역,중앙행정기관
국방대학교 안보현안분석 등 2종 인쇄 용역,육군대학,69607105.0,90.177,2016-12-29,주식회사 남양메디칼,정의붕,이수행,전라남도 목포시 해양대학로 91(죽교동),27249798.0,,19-12차(3) 의무장비 혈액가스분석기 소형 구매,합동참모본부
23-D-기체질량분석기 구매,39정찰비행단,,89.795,2022-12-18,초코인터내셔널 주식회사,정영주,배민희,경기도 고양시 덕양구 삼막1길3(오금동),4323419.0,89.075,공군 휴대용 소형무인기 대응체계 연구 용역,국군수도병원
저고도 공역 통합 관제체계 연동 소요 연구용역,방위사업청(운영지원과),,,2017-02-11,드림인텍(주),송관섭,주현도,"충청북도 청주시 흥덕구 풍년로79번길3, 3층(가경동)",,,군사격장 소음측정 및 분석용역,중앙행정기관
한국형 방산수출금융지원기준 설정방안 연구,공군제16전투비행단,177288767.0,102.424,2022-05-08,사단법인 대한민국해군발전협회,김성룡,전현숙,부산광역시 강서구 녹산산업중로62-6 (송정동),7042242.0,,육군 로고를 군수품에 적용하는 방안 연구,대학
22-6차 연구장비 구매 계약(수정) - 시약및약품냉장고,육군교육사령부,,,2018-11-20,호원대학교 산학협력단,최명식,최선미,"서울특별시 금천구 가산디지털1로145,12층 1207호(에이스하이엔드타워3차)",,,화생방 방호물자 적정방호 수준 연구,39정찰비행단
소형무장헬기 양산사업 비용분석,방위사업청,527989020.0,90.134,2023-11-10,한국항공대학교 산학협력단,김길원,정주영,"경기도 성남시 분당구 구미로8, 2층(구미동, 엠타워)",,,원격제어조립체 개발 연구개발(2019H027-B),제7016부대
한국형 국방 우주력 발전 전략 연구,공군제10전투비행단,155419214.0,,2022-08-12,우석대학교 산학협력단,나상억,염진수,대전광역시 대덕구 대화로160-0 (대화동) 10동 205호,,,군 주거시설 개선 연구용역,군
민사분야 연구용역(2-2),국방대학교,,,,주식회사 처음헌법연구소,오진성,이성로,"경기도 성남시 수정구 청계산로686 (고등동), 반도아이비밸리 424호",4353614.0,,장비 고장예측 시스템 개발방안 기초연구 용역,제2307부대
방위사업에 특화된 계약법 제정을 위한 연구,국방시설본부,99403998.0,,2020-06-28,주식회사 엔지엠테크,백도현,이솔이,서울특별시 서초구 남부순환로319길 13(서초동),,,23년 의무장비(수액조절기 분석기) 구매,중앙행정기관
국방 데이터센터 발전방안 연구,국방부(운영지원과),46606609.0,89.952,2017-08-10,인천대학교 산학협력단,권현한,이희섭,서울특별시 용산구 이태원로29-0 (용산동1가) 전쟁기념관 435호,90768717.0,,정기기초연구과제연구용역(3. 한국군의군수관리...),4284부대
원자력함정 운용시 지원시설  국내법규 등 연구 용역,제3697부대,,89.595,2020-06-09,주식회사 화성에어토탈,박영욱,이현정,경상북도 구미시 산호대로 56-1(),660253951.0,,해병대 무인항공기 효율적 운용방안 연구,제9691부대
병리장비소모품(생화학 자동 분석기 등 84종) 구매,해군본부,,,2016-11-23,주식회사 디.아이환경,임영갑,홍세준,"서울특별시 영등포구 여의나루로67, 신송빌딩 703호",76216802.0,,국방대학교 조직컨설팅 연구 용역,제6619부대
22-수중광통신의 군사적 활용방안 및 운용효과 분석,제3130부대,80953030.0,,,테크디,정연길,허진실,"서울특별시 영등포구 63로 32, 라이프콤비빌딩702호(여의도동)",,89.094,효율적 획득업무 수행을 위한 WBS 표준화 연구,군
국방 무인로봇 시험평가 적용방안 연구,공군방공관제사령부,80089793.0,90.099,2024-04-16,(주)디에이치기술단,정의붕,문송철,"경기도 성남시 수정구 복정로84번길 22-15,(B-001호) (복정동)",84977461.0,88.38,다목적 제설장비 운용기준 재정립 및 대체방안 연구,국군재정관리단
군용비행장 소음측정 및 분석용역(해),국방지형정보단,,90.35,2019-03-12,라온시스템즈(주),김현성,김영원,"서울특별시 용산구 한강대로211, 102동 1605호(한강로1가, 대우월드마크용산)",183563499.0,,지상무인차량사업 종합평가 추진 시 평가방안 연구,제2879부대
4차 산업혁명 기술 함정적용 방안 연구용역,합동상호운용성기술센터,,,,유한회사 갈등조정센터,김성훈,한소희,경상남도 창원시 의창구 죽전로68번길29 (팔용동),103900357.0,,한국 육군 교육훈련관리의 개선방안 연구,기관
헬기와 UAV의 통합운용을 위한 비행장 설치방안 연구,공군제18전투비행단,,,2020-06-16,서준코퍼레이션,김화영,이진희,"경기도 고양시 덕양구 삼원로63-0 (원흥동, 고양아크비즈) 612호",0.0,88.512,22년 의무장비(요분석기) 구매,제20전투비행단
미래 무기체계 소요 연구용역,국군지휘통신사령부,68817235.0,89.852,2022-08-22,대륙씨엠아이 주식회사,홍영기,김지훈,충청남도 아산시 삼동로40 (모종동)3층 301-37호,8249678.0,99.251,군수송기 활용 산불진화능력확보 필요성 등 연구용역,제2879부대
(237209-F) 자동염기서열분석기 구매 ,육군항공학교,,,,주식회사 아레스,이성로,김성연,"서울특별시 강남구 테헤란로440, 서관 3층(대치동, 포스코센터)",,89.296,정기기초연구과제연구용역(7.미래안보상황에..),중앙행정기관
국내 대형민간항공기 활용 공중발사 가능성 분석 연구,국방부유해발굴감식단,173423262.0,,2017-05-18,엠에스원디지털 주식회사,김상겸,이효선,"대전광역시 유성구 테크노3로65, 5층 538호(관평동, 한신에스메카아파트형공장)",,89.001,육군 안전수준 진단체계 연구,국군재정관리단
23-6차 조달 연구장비(겔이미지 시스템) 구매 계약,육군본부,51266099.0,91.599,2019-12-08,(주)마린테크인,김부원,민희숙,"서울특별시 금천구 서부샛길606, A동 2410호 (가산동,대성디폴리스지식산업센터)",95856426.0,,함정 GPS 함속력계 신호 변환 장치 개발 연구용역,국군재정관리단
00부대창설을 위한 공공갈등 관리방안 연구용역,육군공병학교,,90.281,2019-06-26,우주산업플랜트 주식회사,최창식,김정은,경상남도 진주시 진양호로532-0 (동성동),,88.348,23년 전투발전 연구용역(3),군
알코올 대사체 분석방법 연구,육군화학학교,61165888.0,96.307,2016-08-12,주식회사 이안코리아,김운용,김산회,"서울특별시 송파구 중대로135, 동관 1201호 (가락동, 아이티벤처타워)",,,요분석기 사단용 2EA 구매,제3170부대
23년 혈액가스 및 전해질분석기 구매,방위사업청(운영지원과),78061139.0,90.127,,주식회사 루키스,봉만수,장지혜,"경기도 군포시 번영로514, 601호(금정동)",6033503.0,97.649,이동형장거리레이더 시설사업기본계획 연구용역,제3130부대
국방대 이전 효과 연구 용역,육군군수사령부,161947293.0,,,(주)씨엠코리아,전남국,박주희,"서울특별시 중랑구 동일로754, 6동 201호(중화동, 우성타운)",6871260.0,89.103,(216313-B) 21년 분석실험실 운용장비 구매(리스물건),제5378부대
차기전술차량 계열화 방안 연구,공군미사일방어사령부,1783466885.0,,2016-10-03,삼일회계법인,안기수,허정성,인천광역시 연수구 한나루로105번길68-0 (옥련동) 406동 1804호,4222400.0,89.806,수질분석기등 3종,국군재정관리단
군인 고용보험 가입의 효과성 연구,합동참모본부,66541318.0,85.566,2019-05-08,충남대학교 산학협력단,홍영기,김상도,"서울특별시 금천구 가산디지털1로30,1712호 (가산동,에이스하이엔드타워10차)",104488227.0,72.583,군 복무가치 제고 방안 연구,제7821부대
(20F089-I)소음영향도작성을위한소음측정및분석용역,제20전투비행단,65630253.0,89.822,2023-07-28,씨오(CO)산업,박래호,박미영,제주특별자치도 제주시 첨단로251 (영평동),81795382.0,,잠수함 시운전 제도 개선방안 연구,군
21년 전군 감염병 감시 지원체계 구축방안 연구용역,제9965부대,,90.185,2022-10-18,(주)씨앤씨솔루션,김진우,김지현,"서울특별시 송파구 법원로9길26, D동 1104호(문정동, H-비즈니스파크)",7895080.0,83.122,수치해석을통한폭발하중받는강재구조물의거동분석용역,제2879부대
신기술·우수제품 지침 및 매뉴얼 개정 연구용역,공군작전사령부,192397541.0,90.454,2022-08-01,정원B&C,김지원,윤수정,"서울특별시 강남구 언주로319, 5층,6층(역삼동,조우회관)",2085983.0,88.972,미래 육군 제대별 임무와역할  적정 지휘폭 정립 연구,국군재정관리단
행정업무 간소화 개선방안 연구,공군방공관제사령부,68415545.0,,,과학기술정책연구원,조우철,장정연,경상북도 포항시 북구 대해로15-0 (죽도동) 2층,,89.64,원주기지 활주로 재포장사업 선행연구 용역,중앙행정기관
국방 데이터센터 발전방안 연구,해군본부,78256897.0,99.358,2020-07-15,(주) 솔포스텍,이용호,오진성,대전광역시 유성구 대덕대로512번길20-0 (도룡동) 대전정보문화산업진흥원 304호,,89.285,정비공정 분석도구 구매,중앙행정기관
KUH-1 엔진 시험장비 고장예측시스템 개발 연구용역,한미연합군사령부,60104156.0,90.025,,주식회사 한국심리평가원,박종영,이관섭,대전광역시 유성구 온천로59-0 (봉명동) 905호,,,전시 공군탄약소요산정 모델 개선ㆍ보완 연구,국군재정관리단
작전계획분석모델 S/W 성능개선 용역,합동참모본부,1597317115.0,90.017,2022-04-18,국방기술품질원,윤동열,박재완,"서울특별시 은평구 진흥로 225,(불광동)",3643300.0,,16-인성교육프로그램 등 연구 용역 계약,국군재정관리단
육군 안전수준 진단체계 연구,합동참모본부,71775267.0,89.485,,한국무인이동체연구조합,정성문,김미희,"서울특별시 서초구 강남대로6길11 선우빌딩 4,5층 (양재동)",,89.377,미래 육군의 우주분야 활용방안 연구 용역,국군의무학교
AI를 이용한 기상관측장비 고장예측 기술 선행연구,국방부(운영지원과),,89.975,,(재)한국산업개발연구원,김근우,이대영,서울특별시 영등포구 경인로763-0 (문래동3가) 제9호,0.0,,17년 통합기후예측시스템 연구개발 용역,합동참모본부
23-함정 실내공기질 기준 설정 연구,지상작전사령부,66717249.0,89.863,,젠트리거,최현선,김호영,"서울특별시 서대문구 충정로53-0 (충정로2가, 유원골든타워오피스텔) 1701호",6518733.0,96.87,건설현장 안전 관리시스템 구축 연구용역,중앙행정기관
19-00지역 통합분청 신축 선행연구,국군지휘통신사령부,,89.958,2020-07-03,(재)한국기계전기전자시험연구원,서은진,김태욱,"경기도 성남시 분당구 판교로 255(삼평동, 판교 이노밸리 이동 403호 601호)",,88.94,‘22년 항공관제 분석체계 유지보수,군
AI기술의 분류체계 및 적용방안에 관한 연구,국방부군사편찬연구소,,89.974,,사단법인군사정보발전연구소,류황건,김지원,경기도 안양시 동안구 관양로269-5 (관양동) 3층,98216336.0,100.904,19-전자파 정밀분석체계 확대구축사업 리스,국군재정관리단
사이버 자산정보 수집 분석체계 라이선스 구매,제9965부대,,89.68,,신한관세법인,문유경,김해리,"서울특별시 용산구 한강대로109-0 (한강로2가),404호(용성비즈텔)",23543419.0,89.479,18-직무분석을 통한 계급/직급 책정기준 연구,국군재정관리단
군내 성희롱 행위자 재발방지 프로그램 연구,육군본부,,89.488,2017-01-09,디와이아이앤씨주식회사,류장수,조민구,부산광역시 남구 용호로252번길11-0 (용호동),139751403.0,89.079,선진전투실험 발전현황 및 육군전투실험 향상방안연구,제1363부대
00 0000 분석체계 구축,공군제10전투비행단,,90.038,2023-12-26,사)국방정보통신협회,이문걸,노민택,경상북도 구미시 산호대로 56-1(),136357566.0,84.95,(247115-B) 연구활동재료 구매,국군수도병원
22년 수사데이터 연관 분석시스템 구매,국방부(운영지원과),,100.684,2020-06-09,육아정책연구소,정성윤,이다인,세종특별자치시  전의면 윗다락골길2-3,,88.624,00부대 작전지휘시설 선행연구 용역,합동참모본부
민간 아웃소싱 시범사업을 위한 제도화 방안 연구,해군본부,171289277.0,89.653,2021-05-26,영화산업,오문진,서호성,"서울특별시 은평구 진흥로 225,(불광동)",,97.448,24년 장기미래비전연구수행 정책연구과제사업,합동참모본부
작전환경고려 전투실험 방법 및 평가 분석방법 연구,국방부(운영지원과),,90.054,2022-08-23,주식회사 타임기술,이민용,박동순,서울특별시 마포구 월드컵북로5길59 (서교동),828298.0,88.969,체계적인 해군 C4I 체계 유지보수 관리방안 연구,제3707부대
합동최종공격통제관(JTAC)의 종합 발전방향 연구,합동상호운용성기술센터,164815404.0,,,사단법인 한국우주과학회,정의붕,박영욱,"서울특별시 서초구 방배천로155, 유청빌딩 3층(방배동 821-8)",99570459.0,,접적해역 상시정찰용 UAV 선행연구용역,군
군수송기 활용 산불진화능력확보 필요성 등 연구용역,국방부군사편찬연구소,65783460.0,90.061,2019-05-01,기산건축사사무소,이용호,고기종,"서울특별시 강서구 마곡중앙5로22, 7층(마곡동)",96358525.0,100.076,드론 통합관제체계 운영개념 및 구축 방안 연구,군
미군 전투실험 논리 및 기법의 우리군 적용방안 연구,육군본부,63756733.0,99.833,2022-02-26,(주)알에프넷,김형철,전영섭,"경기도 의왕시 오봉산단3로25, 1동 303호(삼동, 의왕테크노파크더리브비즈원)",,,유전자감정장비(자동염기서열분석기)소모품 설치 납품,중앙행정기관
정책현안연구용역(글로벌중추국가의...),제1363부대,171193970.0,,2020-05-24,와이엠,정연길,강성수,"경기도 고양시 일산동구 중산로 247306,307호 (중산동, 중산프라자)",8106741.0,,(246255-C) 외상처치 시뮬레이션 킷 등 5종 구매,제9691부대
궤도장비 난방기 야전 시험장비 개발 연구용역,국군수도병원,63674497.0,,2020-06-21,주식회사 신나는세상,이기석,김남희,"경기도 용인시 기흥구 기흥로58-1 (구갈동) 기흥ICT밸리 SK V1, A동 2406호",14435699.0,89.011,21-2차 개념설계 기술지원 연구용역,국군재정관리단
18-해상종합전술훈련장사업타당성 국내개발가능성연구,제2군단,147630513.0,89.931,2022-05-08,주식회사 대홍관리,김유진,윤병찬,서울특별시 강서구 양천로401-0 (가양동) 강서한강자이 A-704,19355762.0,73.215,해병 과학화경계시스템 추진방안 연구 용역,국군재정관리단
LiDAR 기술의 4차 산업 적용방안 연구용역,제2군단,161412824.0,89.83,,주식회사 유토비즈,김기돈,박설희,"경기도 안산시 상록구 한양대학로55-0 (사동, 한양대학교 안산캠퍼스)",110740777.0,98.907,23-N-사이버 침해사고 조사/분석체계 구축,제2307부대
진중문고 운영 및 활용 증진방안 연구 용역,국군수도병원,,,2024-04-12,엠지산업,최동양,박호균,"서울특별시 강남구 강남대로62길24-0 (역삼동,해송빌딩)3층",97057678.0,89.118,공군 품목관리관 자격인증제도 도입방안 연구용역,제3697부대
항공우주력 국제학술회의 연구용역,국방부(운영지원과),,,2024-04-09,삼송,박종석,윤진영,경상남도 거제시 거제대로3370 (아주동),28632382.0,89.485,육군 수질 유지비 현실화 방안 연구용역,기관
한국 육군 교육훈련관리의 개선방안 연구,제9691부대,73621835.0,90.194,2024-03-13,주식회사 입법정책연구원,김영욱,이재동,서울특별시 강남구 삼성로 438(대치동),,96.688,무인수상정 탑재운용 군 요구조건 도출 연구용역,군
22-G/K 창정비 사업 성과분석 연구,국방부,50533294.0,,2017-10-14,주식회사 광원종합상사,안인수,김종환,"서울특별시 구로구 디지털로243, 705호(구로동, 지하이시티)",797881.0,,항-20-036 자동면역분석기,군
해상작전헬기 2차사업 기종결정 평가항목/가중치 연구,국방부(운영지원과),161959461.0,102.031,2019-05-17,(주)프라이전트,정순오,박수정,"서울특별시 영등포구 도림로462, 지층6호 (문래동3가, 국화상가)",,,소규모 정보체계 개발방법론 연구,중앙행정기관
(247192-C) 유전자감정장비(자동염기서열분석기) 구매,공군본부,47390327.0,,2019-03-31,사단법인 한국방위사업연구원,김성빈,조길래,"서울특별시 마포구 마포대로49, 13층(도화동, 성우빌딩)",0.0,80.566,(20F060-I)소음영향도작성을위한소음측정및분석용역,군
22-공-분석기  주파수편이용 구매(229037-F),제3697부대,69472900.0,89.555,2018-09-11,(사)국방시설연구협회,채규수,양용진,경기도 고양시 덕양구 삼막1길3(오금동),101637877.0,97.712,국방사업관리 자격신설 연구,제3130부대
22-해상기반 우주발사체계 개념 연구,국방부(운영지원과),,,2021-03-18,성원금속,김회율,김호근,경기도 고양시 일산서구 고양대로 283(대화동),148380530.0,,탄약고 안전거리 재산정을 위한 선행연구 용역,제2879부대
20년 국방정책연구과제,제9691부대,,,2019-04-01,서현회계법인,노광현,김성신,"경기도 용인시 기흥구 덕영대로1732-0 (서천동, 경희대학교 국제캠퍼스내)",11477675.0,96.522,16년 정비지원부대 직무값 기반의 직무분석 연구용역,제20전투비행단
22년 전투발전 연구용역 과제 세미나 수행 용역(5),국군수송사령부,203584469.0,93.291,2022-01-23,주식회사 지노스,이영환,박영희,인천광역시 연수구 한나루로105번길68-0 (옥련동) 406동 1804호,0.0,,군사격장 소음측정 및 분석용역,계룡대근무지원단
작전계획분석모델 S/W 성능개선 용역,육군본부,166560833.0,97.841,2018-08-09,유한회사 엔디클릭,도정화,권소영,충청북도 청주시 흥덕구 오송읍 오송생명2로110-6 셀젠텍,94860737.0,,(227003-H)스펙트럼측정/분석장비 노후교체,국군대전병원
대형 후속사업 추진시 기종결정 평가항목 연구,제3훈련비행단,,89.312,,씨지에스아이티(주),오철홍,이형원,"서울특별시 강남구 테헤란로440, 서관 3층(대치동, 포스코센터)",89459879.0,,[24-육-173] 영상분석 SW 라이선스 구매(리스물건),군
4차 산업혁명 주요기술 활용 안전관리 발전방안 연구,공군본부,,,2023-10-08,주식회사 서남아이에스,김석환,채희연,서울특별시 동대문구 장한로27길29 (장안동) 201비호,113203663.0,89.11,24년 기술연구용역(1),제2879부대
민군 협력을 통한 상호가치 창출 활성화 방안 연구,국군의무학교,78714138.0,90.088,2022-06-05,에이치디현대중공업 주식회사,김종규,두진욱,대전광역시 대덕구 대화로160-0 (대화동) 10동 205호,0.0,89.722,지능형 C4I체계 기술 분석 및 클라우드환경 구축방안,계룡대근무지원단
방위사업의 산업파급효과 계수 도출을 위한 연구,국군대전병원,,89.528,2017-06-18,주식회사 엘티에스,박종진,고상범,"대전광역시 대덕구 대화로120, 7층 729,730호(대화동, 가온비즈타워)",0.0,,연구활동 재료(초자) 189종 구매,연평부대
선외기 프로펠러 안전장치 성능개선 연구용역,육군본부,162863475.0,89.887,2017-04-10,(사)한국방위산업진흥회,박종재,이동화,충청남도 서산시 해미면 한서1로 46 한서대학교내산학협력단,0.0,87.979,국제 해양영역인식 협력 방안 연구,제7016부대
하이드로릭 입자분석기 구매,공군미사일방어사령부,183917506.0,89.46,,사단법인 한국우주과학회,이주열,차미정,서울특별시 용산구 새창로128-1 (용문동) 2층,4868244.0,88.894,21-섬석천 기능개선 분석평가 및 기본계획 연구용역,제6619부대
(21F093-K)'22년~'23년 작전지속지원분석모델유지보수,제6619부대,,,,주식회사 디.아이환경,이충환,정지용,전북특별자치도 정읍시 북면 북면공단2길87-0,0.0,89.409,국방정보체계 SW 품질시험 프레임워크 발전방안 연구,군
PLS차량 운용효과 Arena 모델링 연구 용역,국방대학교,563027397.0,89.695,2017-03-09,주식회사 웨더링크,장명훈,김수권,충청북도 충주시 대학로50-0 (대소원면),23312138.0,,20년 국방정책연구과제,국군대전병원
KUH-1 헬기 견인장치 안전센서 개발 연구용역,국군의무학교,158487176.0,90.036,,주식회사 모든통상,김종규,고기종,강원특별자치도 원주시 신림면 신림황둔로174-0,0.0,88.684,국방기술조직을 활용한 함정 기술관리 방안 연구 용역,중앙행정기관
00 군공항 이전 시설기본요구조건(안) 작성 연구용역,국방부(운영지원과),,101.352,,주식회사도시경영연구원,최주평,이우학,"경상북도 구미시 1공단로212 (공단동) 제2층 226호(공단동, 한라시그마밸리)",0.0,,2017 서울안보대화 프로그램 기획 및 발전방안 연구,제3130부대
(226220-F)발광분광 분석기 구매,국군화생방방호사령부,71916791.0,90.074,,법무법인 일현,유재수,장명훈,"서울특별시 금천구 가산디지털1로119-0 (가산동, SK트윈테크타워, a동 10층 6호)",133043632.0,,자동염기서열분석기 소모품 구매설치,중앙행정기관
효율적인 전투체계 창정비 방안 연구용역,국방부 국방정책실,74911026.0,89.933,2020-06-21,(사) 한국관세무역개발원,김흥중,정해붕,경상남도 김해시 수가로242-9(응달동),1768098.0,,(237209-F) 자동염기서열분석기 구매 ,국군제1068부대
18-공군 비행교수법 교육 프로그램 개선 및 개발 연구,육군훈련소,,99.594,2022-08-12,초코인터내셔널 주식회사,홍문기,박재범,서울특별시 마포구 도화동51-1 성우빌딩 703호,6743560.0,,(217122-B)연구장비(차세대염기서열분석기) 구매,제9691부대
22년 의무장비(자동분석기 생화학용 중형) 구매,국방부(운영지원과),161783381.0,90.224,2018-09-25,사단법인 대한민국해군발전협회,정지상,정영석,부산광역시 영도구 와치로194-0 (동삼동),0.0,88.393,지능형 전군 악성코드 수집분석체계 구축 금융리스,군
아세안확대국방장관회의 사이버워킹그룹 발전 연구,공군본부,80332432.0,90.09,2018-12-16,주식회사 마에스트로네트웍스,봉만수,이지선,경기도 안양시 동안구 시민대로161-0 (비산동) 안양무역센타 8층 312호,2590811.0,88.115,세계안보정세분석 연구 용역,군
23년 기술연구용역 계약 의뢰(3),합동군사대학교,1356128724.0,,,주식회사 대홍관리,정성윤,이해용,"서울특별시 서대문구 경기대로47, 307호(충정로2가)",182344860.0,89.329,23년 전투발전 연구용역(1),군
공군 방공포부대 이전 요구 연구용역,공군제19전투비행단,47944472.0,94.508,2016-11-26,주식회사 에스에이텍,채규수,조해주,"서울특별시 중구 남대문로63 (남대문로2가,한진빌딩)",0.0,,우리군 통합체계지원 적용을 위한 발전방향 연구 용역,군
17-추수평가 개선 및 환류방안 연구,제7821부대,62691136.0,,2020-06-21,(사)대한토목학회,박호,권인자,"경상남도 창원시 진해구 중원로1-0 (남빈동, 해군사관학교내)",102854425.0,90.015,ATCIS 개방형 OS 전환 비용대비 효과분석 연구용역,합동참모본부
AI기반 컴퓨터생성가상군 구축 기술 연구용역,국방부(운영지원과),,90.475,2022-08-28,(주)이지랩아이앤티,김상인,홍명성,경기도 김포시 월곶면 김포대로2708-37,1394802.0,89.128,정책연구용역(화생방보호의-Ⅱ 제안서평가기준 마련),군
용산헬기장 소음영향평가 연구용역,국군재정관리단,,,,주식회사 알앤엠텍,송태현,홍지유,서울특별시 서초구 양재동언남 18길3 (양재동  2층),,,육군 항공관제 시뮬레이터 연구개발,국군복지단
군사용 인공지능 윤리적 평가 및 검증요소 연구 용역,합동참모본부,171938545.0,90.313,2020-06-19,주식회사 에스아이정보기술,권수민,안가영,경상남도 진주시 동진로420 (충무공동),,,분석기 스펙트럼용 장비 구매(20209032-I),국군재정관리단
병영도서관 중장기 발전방안 연구,제7군단,,,2020-07-03,주식회사 엔지엠테크,박종선,이우학,"경기도 하남시 미사대로550, 4층 43호(덕풍동, 현대지식산업센터 한강미사)",82124117.0,89.081,해병대리더십교육성과측정체계개발연구용역,중앙행정기관
20-PKMR엔진 PBL 비용대효과분석 및 성과지표 연구,제9965부대,79807978.0,,,해용정보통신주식회사,이희우,조호현,서울특별시 용산구 새창로128-1 (용문동) 2층,,89.706,軍 태양광 시범사업 효과 분석평가 용역,제1363부대
(247354-C) 액체크로마토그래피 이중질량분석기 구매,제3130부대,,93.086,2019-06-25,주식회사 라이언앤코컨설팅,장철성,양금식,"서울특별시 용산구 이태원로29, 421호(용산동1가, 전쟁기념관)",,,20~21년 분석용모델(3종) 유지보수 용역(2019F173-C),국군대전병원
19년 지형분석장비 교체구매(20196112-G),육군본부,156729857.0,100.771,2019-07-21,사단법인 한국선급,탁승주,이호철,대전광역시 유성구 테크노2로187-0 (용산동) 미건테크노월드 2차 B동 217호,317209761.0,,정보체계 취약점 진단을 위한 모의환경 구축방안 연구,제7군단
19-추진기 CIS 분석/평가방안 정립 연구,국방대학교,85614567.0,,,원테크전기통신 주식회사,안병선,정기쁨,"서울특별시 강서구 양천로583 우림블루나인비즈니스센터 비동 1608호, 1609호",11177721.0,97.175,19년 육군M&S센터 전문분석관 운용 용역(2019F014-I),합동상호운용성기술센터
감염 및 외상분야 군의료 특성화 연구용역,국방부 국방정책실,,,2022-07-13,주식회사 공공정책성과평가연구원,정영석,최광용,"경기도 안양시 동안구 벌말로126(관양동, 평촌오비즈타워) 1308-1313호",14639173.0,,장거리공대지유도탄 2차사업 운용요구서 연구,4284부대
17년 지형분석장비 물품 구매설치,제6619부대,67496400.0,,2024-08-22,주식회사 유토비즈,설영만,조성호,"서울특별시 서대문구 수색로138-0, 2층(북가좌동)",103651426.0,87.75,혈액가스 분석기 1EA 구매,중앙행정기관
잠수함 시운전 제도 개선방안 연구,육군화학학교,155280924.0,90.072,,주식회사 티이디컨설팅그룹,최광열,조동원,"서울특별시 금천구 가마산로96-0, 213호(가산동, 대륭테크노타운8차)",101581166.0,89.252,근무주정 내항성 향상 함형 개발 연구,제2879부대
(247057-H)음성분석시스템 개선사업(리스자산),합동참모본부,76899655.0,,,선테크 주식회사,양희성,김홍정,경상남도 진주시 동진로420 (충무공동),,89.496,(226023-G)'22년무기체계사이버위협 분석시스템 도입,기관
자동화사격장 차단벽구조 구축방안 연구용역,국군제1068부대,,89.923,2023-09-12,국방대학교산학협력단,고윤안,최광용,"서울특별시 금천구 가산디지털1로19, 406호, 407호, 408호, 409호(가산동,대륭테크노타운18차)",18641365.0,,AH-64 헬기 엔진 마운트홀 가공기술 개발 연구용역,제5019부대
(226362-F)작전지속지원분석모델장비 도입(리스물건),국방시설본부,,,2019-07-02,HF테크,임영갑,오진성,"서울특별시 금천구 가산디지털1로146, 705호(가산동, 대륭테크노타운22차)",4315299.0,89.571,극초음속 비행체 대응 미사일방어체계 확보방안 연구,제20전투비행단
국제 해양영역인식 협력 방안 연구,제7군단,72152879.0,89.128,,(주)에스코컨설턴트,박미경,이정암,서울특별시 송파구 새말로8길12-0  문정 건영 103동 801호,2792171.0,89.658,KAOC 신축사업 지휘통신체계 구축방안 연구용역,중앙행정기관
KUH-1 헬기 견인장치 안전센서 개발 연구용역,39정찰비행단,,90.318,2017-04-11,에이치디현대중공업 주식회사,김규호,전대석,"경기도 김포시 태장로795번길23 (장기동) 마스터비즈파크 R124, 7층 729-732호",5721150.0,100.477,기술인력육성 보조사업자 운영성과평가 및 연구,제7군단
신기술 적용을 통한 저장시설 물류향상 연구,제9691부대,72651866.0,,2021-05-01,(주)에이치제이중공업,조정선,이경신,경기도 과천시 교육원로98(중앙동),205304201.0,89.104,효과성·활용성 중심의 군내 NCS 적용방안 연구용역,국군제1068부대
국방표준화 개발을 위한 협력기관 지정 활용방안 연구,제2879부대,,89.85,2022-10-14,주식회사 남양메디칼,김원헌,김승준,"경기도 시흥시 목감남서로9-19 (조남동),601호 메이저타워",0.0,,23-중.장기 공군 군수정책 발전방향 연구 용역,제3707부대
정비공정 촬영도구  분석SW 구매,방위사업청(운영지원과),78120538.0,,2019-05-29,주식회사 에코비투,오진성,김지훈,대전광역시 유성구 유성대로1184번길 29(신성동),,,2022년 의무장비(혈액가스및전해질분석기) 구매,중앙행정기관
병  오일분석용 1종,국방부 국방정책실,64127487.0,100.333,2020-07-25,주식회사 티이디컨설팅그룹,오종한,위정은,"서울특별시 마포구 성산로2길55, 602호(성산동, 샤인빌딩)",0.0,88.737,16년 전자파 측정 및 분석장비 개발 용역,국군대전병원
미래 지휘통제체계 발전방안 연구용역,육군본부,175718304.0,,,한국세라믹기술원,나인성,정평길,"서울특별시 금천구 가산디지털2로46, 611호(가산동, 에이스태세라타워)",96625670.0,89.67,23-블랙이글스 소음 및 연막 공공갈등 관리방안연구,국군의무학교
19~20년 육군M&S센터 전문분석관 운용 용역,공군방공관제사령부,,,,한성대학교 산학협력단,이진우,박주형,"서울특별시 송파구 백제고분로501, 301 (방이동 청호빌딩)",,,북단 유도로 신설사업 분석평가 및 선행연구 용역,중앙행정기관
(21F049-I)제2軍 대테러 종합훈련장 선행연구 용역,특수전사령부,168524373.0,99.306,,주식회사 세명에스엠지,채순기,성진숙,"강원특별자치도 원주시 문막읍 귀문로1269-16, 1층 우측",106591441.0,89.31,22-해-AI 빅데이터 분석 개발용 학습 플랫폼 구축,제9227부대
전군 연례 리더십 수준 진단 연구용역,제5738부대,,89.678,2020-07-25,대륙씨엠아이 주식회사,서종대,박준용,"대구광역시 달서구 도원로46, 610동 304호  (도원동, 별메마을)",5813542.0,,항-16-047 050 자동면역분석기 등 42종,제7군단
(20F118-A)동원훈련장 과학화 발전연구 용역,국군간호사관학교,176630285.0,89.516,2022-04-20,숙명여자대학교산학협력단,두인환,최영상,경기도 의정부시 녹양로18번길19-11 (가능동) 지층1호,22900137.0,89.136,공군 탄약 저장시설 지하터널화 방안 연구,중앙행정기관
(246072-F) 분석기 스펙트럼용 구매,육군 제3808부대,,89.557,,주식회사 씨이지앤드플러스,김산회,이철호,경기도 의정부시 녹양로18번길19-11 (가능동) 지층1호,0.0,97.454,24-F-비용분석용 상용SW 구매,군
국제공동연구용역(2.군병원의경쟁력..),합동참모본부,66517176.0,89.53,2023-10-12,(주)미디어큐브,이승모,이효선,서울특별시 중구 남대문로113-0 (다동) 14층,,,소음피해보상금 산정 및 지급철차 연구용역,제20전투비행단
운용제원 분석 기반 장비수명 판단방안 연구,육군본부,151672816.0,,,한국직업능력연구원,손승우,장현주,서울특별시 노원구 공릉로 232서울과학기술대학교 테크노큐브 2층 산학협력단,980206.0,89.328,국방획득 유연성제고 위한 선진국 획득사례 연구,제3170부대
산업협력 제도 시행을 위한 세부 방안 연구,육군인사사령부,,,2016-06-20,(주)한일종합상사,임영갑,전형준,서울특별시 동대문구 고미술로100-0 (답십리동),,86.96,24-F-생화학분석기 대형 등 4종 구매,기관
국방 해양안보정책 연구,육군제8971부대,72805207.0,89.393,2019-03-14,숭실대학교 산학협력단,한영수,석성균,서울특별시 서초구 방배로19길21-0 (방배동),,88.974,통신 정비장비(스펙트럼 분석기) 구매,4284부대
밀리토피아 골프연습장 운영에 관한 연구 용역,드론작전사령부,,90.745,2024-06-01,(주)시큐에이스,박종석,한선여,"서울특별시 금천구 가산디지털1로119-0 (가산동, SK트윈테크타워, a동 10층 6호)",86557400.0,89.093,소형전술차량 시설사업 선행연구,합동참모본부
군용차량 배출가스 환경영향 및 기준 검토 연구용역,육군교육사령부,180032242.0,89.97,2022-09-07,대길상사,윤지성,이선영,충청남도 청양군 정산면 칠갑산로1898-0,,83.998,군 환경시설 관리 효율화 방안 정책연구용역,제20전투비행단
24년 전투실험발전 연구 용역(2),국군재정관리단,,,,에스텍아이앤씨 주식회사,조화순,박지훈,"경기도 하남시 미사대로550, 4층 43호(덕풍동, 현대지식산업센터 한강미사)",0.0,89.09,35사단 동원훈련장 생활관 시설사업 선행연구 용역,국군재정관리단
(217044-B) 21년 의무장비(요분석기) 구매,제7군단,,90.241,2021-09-29,주식회사 쿤스트에프케이,오상석,이경미,경상남도 진주시 동진로420 (충무공동),0.0,99.146,항-17-018 자동연역분석기 시약 등 37종,국군재정관리단
군내성폭력피해자지원 및 보호를 위한 제도보완연구,제3130부대,,,,엠지산업,윤동열,김영원,서울특별시 동작구 흑석로84 (흑석동),,,국방 정신전력교육지도사 자격신설 연구용역,합동참모본부
대함유도탄 방어유도탄 양산사업 비용분석,국방시설본부,,99.798,,사단법인 고등국방정책연구소,김민구,김진송,"서울특별시 마포구 서강로136-0 (노고산동, 아이비타워) 5층",2550591.0,88.854,의무후송전용헬기 시설사업기본계획 연구용역,중앙행정기관
연구소 기술용역 재료비 초자 구매,공군83정보통신정비창,54484742.0,,2019-01-03,와이파이컴퍼니,이정화,장현정,부산광역시 사하구 장평로 245(),7964957.0,89.433,2017년 의무장비 요분석기 구매,제1363부대
소요결정 권한 소요군 위임시 획득절차 연구,제9691부대,592945496.0,90.34,,바다메디칼,이인형,고미희,대전광역시 유성구 유성대로1184번길 29(신성동),24011648.0,89.015,과학화경계시스템사업의 기종결정 평가방안 연구,국군수도병원
근무주정 내항성 향상 함형 개발 연구,육군본부,78486650.0,,2019-05-10,재단법인 한국군사문제연구원,강도형,이수형,"경기도 군포시 고산로148번길17-0, B동 1303호, 1304호, 1305호(당정동, 군포IT밸리)",0.0,97.021,K1계열전차 포탑회로망상자 시험장비 개발 연구용역,합동상호운용성기술센터
2.75 유도로켓(차량탑재형) 시설사업 선행연구,해군본부,,89.667,,한국자동차연구원,김재영,김정은,"경기도 용인시 기흥구 덕영대로1732-0 (서천동, 경희대학교 국제캠퍼스내)",382340.0,88.486,민간우주기술을 접목한 육군우주력 발전방안 연구,제2307부대
합동성을 고려한 대전차전력의 적정 소요 연구,공군제16전투비행단,,,,사단법인 씨알리더십연구원,류재산,이재동,서울특별시 마포구 도화동51-1 성우빌딩 703호,7123857.0,89.222,24년 간부 파트너십 교육프로그램 개발 연구 용역,군
우주 무기체계의 최적 보험 가입 방안 연구,방위사업청(운영지원과),,89.876,2024-03-15,노원 상사,석수진,최승룡,부산광역시 사상구 학장로135번길62 (학장동),0.0,77.391,예비군법 개정방안 연구,제7821부대
18년 작전지속지원분석모델 유지보수 용역,공군제38전투비행전대,52268894.0,,2018-12-15,주식회사 우성텔레콤,조종열,최선미,"전라북도 군산시 산단남북로169, 군산친환경자동차부품알앤디센터 3층벤처기업 16호(312호)(오식도동)",109480517.0,89.483,방위사업 교육포털시스템 ISP 수립 연구,제5738부대
CSRP 화생방 연구 자료 시약 구매,국군화생방방호사령부,165857744.0,89.564,2017-02-21,에이치디현대중공업 주식회사,고찬갑,이솔이,충청북도 청주시 서원구 남이면 양촌2길10-1,6369533.0,78.795,방산 부품산업 발전을 위한 지원체계 구축방안 연구,국군복지단
대형수송함 1번함 성능개량 사업분석,제3697부대,155213750.0,,2022-08-30,(재)한국산업개발연구원,금재호,이경은,"서울특별시 서초구 동산로23, 3층(양재동,베델회관)",0.0,,분석기  스펙트럼,국군수도병원
해상작전 유/무인기 최적화 운용방안 연구,드론작전사령부,73729466.0,90.078,2020-06-11,주식회사 윈스,김기돈,정진욱,"서울특별시 금천구 가산디지털1로146, 705호(가산동, 대륭테크노타운22차)",0.0,,23-4차 산업혁명 접목 미래함정 발전방향 연구,국군재정관리단
[24-육-17] B군단 부대변천사 연구용역,국방대학교,84678417.0,,2016-10-18,테크노빌리지 주식회사,송상의,정연환,"서울특별시 강남구 테헤란로306, 13층(역삼동, 카이트타워)",129473552.0,,법무 계좌통신 분석시스템 구매,제5019부대
육군 병영생활관 신축기준 연구용역,국군지휘통신사령부,74867068.0,83.372,2022-07-19,인하대학교 산학협력단,김형철,서경희,"서울특별시 서초구 서초중앙로20길 24, 서종빌딩 4층(서초동)",,,19-추진기 CIS 분석/평가방안 정립 연구,연평부대
4차 산업혁명  군 적용을 위한 R&D 발전방안 연구,제3훈련비행단,,,,(사) 한국관세무역개발원,방성완,안가영,"서울특별시 용산구 청파로 40, 삼구빌딩 1815호(한강로3가)",,,국방 사이버보안 종합발전 전략 연구,중앙행정기관
해병대사령부 통.폐합과 재창설에 관한 연구용역,제1363부대,62116093.0,89.718,,주식회사 성호넷,권경득,김영진,대전광역시 유성구 유성대로1184번길 29(신성동),442314.0,,합동작전분석모델-II 체계개발,군
군사용 인공지능 윤리적 평가 및 검증요소 연구 용역,합동참모본부,179852071.0,,2020-01-14,한국버츄프로젝트,이남택,황병수,"서울특별시 구로구 디지털로272-0 (구로동, 한신아이티타워) 605~607호",,,국방표준서 제정(4차) 연구,제6619부대
신재생에너지 적용관련 군 에너지 정책방향 연구용역,한미연합군사령부,53836976.0,100.992,2022-10-30,피엘앤트,박종선,이윤아,"서울특별시 중구 남대문로63 (남대문로2가,한진빌딩)",,,미래 한국군 통합사이버전 수행방안 연구,제5378부대
국내 연구개발 항공무장 확보 방안 연구,공군작사근무지원단,66343029.0,,2017-04-22,주식회사 시스텍,김영국,장정연,서울특별시 중구 을지로 294(),,89.18,잠수함용 부유식기만기 경미한 성능개량 선행연구,기관
병영환경 및 상담대상자 특성과 연계한 상담기법 연구,국방부조사본부,70667668.0,89.744,,지와이테크놀리지,현수,임창욱,서울특별시 영등포구 의사당대로38 (여의도동) 101동 412호,0.0,89.699,대형수송함-ll(LPX-ll) 개념설계 기술지원 연구 용역,기관
가스 크로마토그래피 질량분석기 구매(20196084-D),공군제17전투비행단,,90.059,2019-10-07,군정비지원센터,석수진,안혜경,서울특별시 용산구 한강대로46길25-0 (한강로2가) 401호,98538086.0,88.862,군용총포·도검·화약류 안전관리 발전방안 연구,군
한반도 작전환경에 적합한 사단 구조 및 편성 연구,국군화생방방호사령부,,90.001,,아주대학교 산학협력단,민경찬,정영석,"서울특별시 강남구 언주로319, 5층,6층(역삼동,조우회관)",,98.575,부대재배치 선행연구 용역(2019F065-B),국군대전병원
00 군공항 설계기본요구조건 작성 연구용역,공군사관학교,72776447.0,,2020-06-26,엘컴퍼니,가회광,박은정,서울특별시 강남구 학동로42길69-0 (논현동) 2층,0.0,88.784,(23F225-I)지형분석 S/W(Arc GIS) 교체사업 금융리스,제6619부대
인공기상조절 연구용역,공군군수사령부,,89.843,2018-10-02,한성대학교 산학협력단,성순이,유보라,"경기도 고양시 일산동구 일산로441번길34-13, 1층 (1층 상가 좌측)(정발산동)",,85.049,국방정보화정책 핵심성과지표 가이드라인 연구,제7군단
23-D-액체질량분석기 구매(2310036-F),국방대학교,166672110.0,,2019-12-22,주식회사 쏠바이오텍,채규수,강성수,서울특별시 송파구 올림픽로505-0 (풍납동),,89.365,21년 의무장비(혈액가스 분석기 중형) 구매,기관
LVC 연동체계 개발을 위한 아키텍처 설계방안 연구,육군본부,,,,주식회사 에이치.티.씨,경상현,박정수,"서울특별시 서초구 강남대로369, 9,10,13,14층(서초동, 디에타워)",86228307.0,,민군 상생을 위한 대체시설 검토 및 관리방안 연구,제7016부대
유도무기 적정 수리부속 보유량 산출 연구 용역,합동상호운용성기술센터,43271221.0,89.467,2020-07-04,(사)21세기군사연구소,유진경,최민정,"서울특별시 영등포구 영등포로150,A동 L152호,1304호~1313호",,98.811,(207146-F)디지털포렌식 분석장비 도입,제6619부대
소형무인기의 획득 및 운용을 위한 총수명주기 분석,해군본부,64701486.0,89.618,2019-10-10,수테크시스템즈 주식회사,이승철,박재경,서울특별시 서대문구 포방터2길24 (홍은동),,82.641,21-공-가스크로마토그래피 질량분석식 구매,국군재정관리단
함정 개조·개장 사업의 관급보험 도입방안 연구,국방대학교,84963811.0,90.401,2024-08-06,주식회사 애니캐스팅,유재수,전진우,"대전광역시 유성구 죽동로297번길68 (죽동) CNU프라자  701,702호",0.0,89.359,21 분석기 주파수편이용 1종 구매,국군수도병원
한국적 지뢰대응활동표준 작성에 대한 연구,특수전사령부,157022929.0,90.047,2022-04-14,유한회사 동방이노베이션,박승호,오중택,"서울특별시 용산구 이태원로29, 421호(용산동1가, 전쟁기념관)",0.0,89.332,민관군 유·무인기에 대한 공역통제방안 연구 용역,국군재정관리단
탄약고 안전거리 재산정을 위한 선행연구 용역,공군83정보통신정비창,168551462.0,,2020-07-05,조선대학교 산학협력단,김건호,임경선,"부산광역시 남구 용소로45(대연동, 부경대학교내)",3878069.0,88.364,분석기  스펙트럼용 구매(특무),제9691부대
스펙트럼분석기 등 5종 구매,특수전사령부,64406282.0,89.666,,주식회사 길상산업,이관섭,이성심,"대전광역시 서구 대덕대로319, 2층 212호(월평동, 우림빌딩)",0.0,89.314,AI기반 군집 UAV 해상작전 적용 가능성 연구용역,군
낙하산전문포장사 자격신설 연구,한미연합군사령부,,99.303,2018-12-30,주식회사 에스알씨,이재원,조해주,"서울특별시 구로구 디지털로32길 30, 코오롱디지털타워빌란트15층(구로동)",399727.0,89.096,군인연금 수급요건 및 분할연금 도입 연구,군
한국형 임무형 지휘와 리더십 관계 정립 연구용역,제7군단,62204410.0,90.071,,(주)지디엘시스템,이양숙,신호철,"대전광역시 서구 대덕대로319, 2층 212호(월평동, 우림빌딩)",63260565.0,,군사시설 주변지역 지원방안 연구,제1363부대
22-G/K 창정비 사업 성과분석 연구,국군지휘통신사령부,574328120.0,89.052,,군수.획득연구소,유훈,오진성,경기도 고양시 일산서구 고양대로 283(대화동),27723654.0,88.334,(236351-C) 무기체계 운영환경 동적분석 장비 도입,국군제1068부대
23-함정 실내공기질 기준 설정 연구,공군제18전투비행단,69454620.0,,,주앤주,도정화,박계향,대전광역시 유성구 노은로170-0 (지족동) 스타시티빌딩 6층,,89.489,군수지원함(AOE-Ⅱ) 2차사업(양산) 비용분석,제6619부대
해안경계 임무전환정책 발전 연구,국방부군사편찬연구소,175977257.0,,,에이치앤주식회사,반상우,현동재,"경기도 파주시 문산로26번길14-0 (문산읍, 문산호수아파트)",,85.841,주요체계 사이버위협분석 및 대응방안 연구용역,제1363부대
미래 합동특수작전사령부 창설 필요성 연구용역,국군수송사령부,61766867.0,,,육군3사관학교 산학협력단,김태훈,노현정,"서울특별시 은평구 진흥로 225,(불광동)",77650827.0,,야전운용시험 성과분석 및 발전방안 연구,제1363부대
단안형 야간투시경 조리개 개발 연구용역,국군의무사령부,63076416.0,89.961,,(주)비오더블테크놀로지,이승후,문영옥,"서울특별시 강남구 광평로281, 10층(수서동, 수서오피스빌딩)",,,화생방 연구 재료 가스 구매,제9691부대
2023 임상의학연구센터 통계프로그램 구매,국방대학교,,91.364,2020-06-29,(사)21세기군사연구소,박장권,김선주,"서울특별시 구로구 디지털로33길11-0 (구로동, 에이스 테크노타워8) 1406호",,,(22G088-A) VR 지뢰훈련시뮬레이터 선행연구용역,제2879부대
24-항공관제 분석체계 유지보수 용역,국군수도병원,71522411.0,,2018-10-19,주식회사 성보,이진욱,박미영,서울특별시 강서구 양천로401-0 (가양동) B-407,,89.807,공군 전략급 자산 대테러 작전개념 연구용역,제2879부대
정책현안 연구용역(2. 두개의 전쟁과 미래전쟁),제2군단,168961405.0,89.792,2022-07-25,주식회사 서경방송,김희숙,이경신,"서울특별시 강남구 테헤란로64길13, 504호 (대치동, 선릉역 풍림아이원레몬)",,89.088,22-수중광통신의 군사적 활용방안 및 운용효과 분석,제5738부대
국방보안관리사 자격신설 연구,제9691부대,,,2024-03-11,주식회사 에스앤피,이영환,,"경기도 고양시 일산동구 중앙로1305-30, 728호 (장항동, 일산마이다스오피스텔)",114432745.0,89.407,특수작전용대형기동헬기 시설사업기본계획 연구용역,군
ATCIS 2차 성능개량 0000체계 운용요구서 연구,제20전투비행단,170985809.0,101.179,,주식회사 베테랑콤,박종재,정영숙,서울특별시 구로구 신도림로11길9-64 (신도림동),96945801.0,89.915,22-공-소음측정 및 분석시스템 구매(229124-F),기관
보라매(KF-21) 양산 비용분석,육군항공학교,,99.678,,협동조합 미래국방산업네트워크,김진원,김상진,경기도 고양시 일산서구 고양대로 283(대화동),,87.298,19-해양무인체계 탑재/운용 함정 설계개념 연구,국군복지단
디지털증거분석 수사체계 교체(218014-A),국방부(운영지원과),186149040.0,89.532,2023-04-03,디엠글로벌,유상호,박익수,"서울특별시 성동구 왕십리로363, 501호 (하왕십리동, 성동빌딩)",,97.787,23-N-유황분석기 구매,제9691부대
대형 국외구매사업의 합리적 기종결정방안 연구,제3170부대,1621873658.0,89.86,2019-01-13,티쓰리큐 주식회사,최인숙,김서영,전라북도 정읍시 북면공단2길87,0.0,,미래혁신을위한육군조직문화진단및실천지표연구,국군재정관리단
반환 미군기지 매각 활성화를 위한 처분 방안 연구,제6619부대,68059214.0,,,공군사관학교 산학협력단,이도형,곽새롬,서울특별시 강서구 양천로401-0 (가양동) B-407,243972941.0,89.951,휴대용 산소분석기 1종 구매,국군재정관리단
(22G079-I)국방IoT제품보안가이드라인수립연구용역,국방대학교,163299850.0,94.965,,배재대학교 산학협력단,문유경,이재숙,"경기도 고양시 일산동구 중앙로1305-30, 728호 (장항동, 일산마이다스오피스텔)",190415410.0,,(217074-C) 의무장비(자동분석기 생화학 대형) 구매,중앙행정기관
사관생도 생활실 시설기준 개정 연구용역,공군제16전투비행단,184423440.0,98.984,2024-05-16,법무법인 집현전,임순옥,김영수,서울특별시 중구 필동로1길30(필동3가) 동국대학교,0.0,89.72,미래 해양강군 해군비전 2045개정 방향 연구,제3170부대
상비군 수준의 동원위주부대 전력보강 방안 연구,국방시설본부,68330603.0,92.551,2020-06-02,사단법인 안보경영연구원,김경일,이수빈,경기도 광주시 중앙로320-40 (송정동),,99.073,비전통위협 국방대응체제 발전연구,4284부대
추진장약 분석시험용 재료구매,국방부(운영지원과),77767341.0,99.284,,주식회사 엘씨케이테크놀로지스,채순기,이도형,서울특별시 구로구 가마산로279-0 (구로동) 907호,,,병  오일분석용 1종,계룡대근무지원단
19년 천궁 성과기반군수지원 적용방안 연구용역,해군군수사령부,80066284.0,89.415,2022-09-10,주식회사 녹십자이엠,임지연,이성로,"서울특별시 서초구 방배천로155, 유청빌딩 3층(방배동 821-8)",0.0,89.411,AI를 이용한 기상관측장비 고장예측 기술 선행연구,중앙행정기관
복수활주로 건설사업 분석평가 및 선행연구,육군본부,,99.54,2017-06-15,씨엠티정보통신(주),김형철,이동준,서울특별시 서초구 서초대로19길10-11 (방배동) 2층,97371832.0,89.105,안정적인 해병항공 운용방안 연구 용역,합동참모본부
중금속가열분석기 1항목 구매(의무),육군훈련소,66789168.0,90.389,2019-05-28,(유)목양,배태웅,김서연,"대전광역시 유성구 테크노3로 65, 한신에스메카 241(관평동)",,,알코올 대사체 분석방법 연구,제1363부대
군단정찰용 무인항공기-Ⅱ 시설사업 선행연구,합동참모본부,60271524.0,,2020-06-03,인천대학교 산학협력단,윤태훈,이동화,"서울특별시 금천구 가산디지털1로19, 406호, 407호, 408호, 409호(가산동,대륭테크노타운18차)",23664278.0,89.498,24-그린나래호텔 리모델링 계획의 적절성 분석연구,중앙행정기관
감염 및 외상분야 군의료 특성화 연구,국군화생방방호사령부,154708010.0,89.65,2023-01-25,육군군사전략연구소,이우희,정현승,"서울특별시 종로구 자하문로24길58, 1,2층(효자동)",,88.71,K9자주포 연료펌프 성능개선 시제품 개발 기술 용역,제2879부대
자동염기서열 분석기 레이져 등 3종 구매설치,제9691부대,81639639.0,89.107,,협동조합 미래국방산업네트워크,이재평,김기현,경기도 김포시 양촌읍 대곶남로580번길38-0,12329764.0,,함정 GPS 함속력계 신호 변환 장치 개발 연구용역,제5738부대
방위산업기술 유출 및 침해 대응체계 구축방안 연구,국군제1068부대,78352032.0,90.095,2021-11-07,(주)두두아이티,신명화,김준우,경기도 고양시 일산서구 고양대로 283(대화동),463851.0,88.928,장거리공대지유도탄 2차사업 운용요구서 연구,국군제1068부대
병 오일분석용 구매,제5738부대,,89.651,,(주)휴먼이퀘이션,곽새롬,박종부,대구광역시 달서구 와룡로45길10-14 (죽전동),98014634.0,89.162,항공우주력 국제학술회의 연구용역,국군수도병원
부품국산화율 산정방식 등  제도 개선방안 연구,육군 제3808부대,462906735.0,,,주식회사엔클라우드,김광식,조은미,서울특별시 서초구 서리풀길4,109710149.0,88.607,의료기재(금연구역 표지판 등 85종)구매,군
세계안보정세분석 연구용역,국군화생방방호사령부,64921404.0,,,주식회사엔지아이,김태일,조민구,"경기도 안양시 동안구 벌말로126 (관양동)오비즈타워1903호,1904호",,,국방기술조직을 활용한 함정 기술관리 방안 연구 용역,중앙행정기관
24년 의무장비(요분석기) 구매,육군정보학교,87366220.0,90.353,2023-01-04,라온시스템즈(주),심상필,양삼근,서울특별시 성북구 보문로183 논현빌딩 1303호 (삼선동4가),617128.0,98.405,스펙트럼분석기 2종 구매,제2879부대
사격지휘차량 양산사업 비용분석,국방시설본부,,,,예원,안성일,오선아,"서울특별시 종로구 자하문로24길58, 1,2층(효자동)",29751877.0,89.215,2019 서울안보대화 프로그램 기획 및 발전방향 연구,합동상호운용성기술센터
24년 군 주거시설 개선방안 수립 연구용역 등 2건,국방부(운영지원과),,90.453,2017-01-11,(주)오성인피니티,손태환,윤수정,울산광역시 동구 방어진순환도로1000-0(전하동),0.0,89.218,17-추수평가 개선 및 환류방안 연구,중앙행정기관
군 리더십코칭 프로그램 개발 연구용역,제7군단,,90.274,,상명대학교산학협력단,박광섭,전수현,울산광역시 동구 방어진순환도로1000-0(전하동),99058501.0,88.445,00부대 조직문화 진단 연구용역,국군재정관리단
AI 작전운용성능 설정기준 표준화 연구,공군군수사령부,,,,동성켐텍,고기종,박재범,"서울특별시 금천구 디지털로9길 33, IT미래타워 1905(가산동)",8166696.0,77.391,첨단기술을 적용한 안티드론 체계의 전력화 방안 연구,국군제1068부대
정보시스템 성능향상을 위한 GPU기술 응용방안 연구,육군공병학교,171263848.0,97.147,2020-07-04,네이버시스템 주식회사,장수현,박한미,"충청남도 천안시 동남구 단대로119-0 (안서동, 단국대학교천안캠퍼스)",,88.989,FF급 함정 손상대응 훈련 시나리오 개발 연구,군
21-『에듀테크 기반 공군 학습플랫폼 재구축 연구』,육군본부,148434199.0,90.349,2024-02-28,지와이테크놀리지,송봉주,권택조,부산광역시 남구 용호로252번길11-0 (용호동),0.0,97.902,(23G048-I)생물안전3등급 연구시설(BL-3)유지보수용역,기관
(227163-F)연구활동재료(초자) 구매,제20전투비행단,73203462.0,98.661,,계명대학교 산학협력단,조성희,박종부,충청남도 아산시 삼동로40 (모종동)3층 301-37호,4812403.0,98.511,첨단 ICT 적용한 신규 C4I 연구용역,제9691부대
24-P-용-01 침수예방사업 선행연구용역,육군본부,,89.829,2021-07-14,라이핏사이언스,김학준,민정화,경기도 광주시 오포읍 포은대로339(추자동),,80.918,(227258-F)사이버 기술분석용 장비/SW 도입,국군의무학교
항공관제 분석체계(HW SW) 유지보수,제7016부대,,91.031,2017-07-24,울산과학기술원,김지찬,김지현,"서울특별시 노원구 광운로 20(월계동, 광운대학교)",6819309.0,96.095,군 대민지원 분야 및 적정 범위 연구,기관
휴대용 화학물질분석기 등 2종 구매(20197097-D),계룡대근무지원단,,,2017-07-03,삼성서울병원,김혜진,전옥녀,"서울특별시 송파구 법원로9길26, D동 1104호(문정동, H-비즈니스파크)",15323515.0,,16년 정보분석지원체계 유지보수 용역,제3707부대
소규모 정보체계 개발방법론 연구,육군 제3808부대,,,2020-07-04,(주) 솔포스텍,김상인,박장권,"인천광역시 남동구 서창남순환로55, 505동 603호(서창동, 서창센트럴푸르지오)",29640198.0,82.584,특수 과학화 전술훈련장 선행연구 용역,국군복지단
국방정보화법률 개정입법 추진전략 연구,공군작사근무지원단,87866950.0,89.949,,해용정보통신주식회사,전옥녀,원만희,"광주광역시 서구 상무중앙로110-0 (치평동, 광주보험회관)",,,유류 소분배 계통 자동화관리 연구,군
ㅇㅇ학교 전통 계승 및 발전방안 학술연구용역,육군대학,,,2022-04-28,기관상사,최진식,문영옥,"서울특별시 강남구 남부순환로365길 5, 중명 213(도곡동)",2524635.0,88.783,군내 성희롱 행위자 재발방지 프로그램 연구,합동참모본부
(236366-F) 네트워크 트래픽 수집 및 분석 장비 구매,국방시설본부,168788740.0,,2017-07-05,한양무선통신,이진욱,박승호,경상북도 포항시 북구 대해로15-0 (죽도동) 2층,100968611.0,88.989,방산물자 기술수준 및 경쟁가능성 심화 조사 및 분석,국군대전병원
정신전력 측정도구 및 지표 개발 연구,수도방위사령부,67923816.0,,2019-03-02,주식회사 마에스트로네트웍스,김태동,금재호,"서울특별시 종로구 율곡로17길7-38, 수지빌딩 7층(이화동)",0.0,86.373,국방 무인로봇 시험평가 적용방안 연구,제9691부대
육군 NCS 기반 직무 및 요구역량 조건표 연구용역,육군본부,,89.829,2024-05-11,(주)두두아이티,황조연,권태순,"경상남도 창원시 성산구 완암로50-0, 메카동 813호(성산동, SK테크노파크)",6075870.0,88.764,유류시험장비(연료성분분석기 등 2종) 구매,국군재정관리단
군인연금기금 책임준비금의 적정 규모 기준 설정 연구,제2879부대,180074334.0,92.493,2022-08-07,한국지식재산연구원,김용오,정택호,"서울특별시 구로구 디지털로243, 705호(구로동, 지하이시티)",116135676.0,89.123,교육장비(질량분석기) 구매,제9227부대
20-해군사관생도 복제개선 연구,4284부대,,,2020-06-12,인하대학교 산학협력단,권시형,엄재훈,서울특별시 송파구 중대로25길 3-16(),96199972.0,,무기체계 연구개발 협약·성실수행제도 방안 연구,중앙행정기관
안보학술연구용역(5. 자원관리관련과제),육군본부,,89.73,,(주)씨엠코리아,이정원,류재산,"서울특별시 성동구 왕십리로 222, 한양대학교 내 한양종합기술연구원 110호(행당동)",19963679.0,89.074,효율적인 전투체계 창정비 방안 연구용역,제5019부대
21년 항공관제 분석체계 유지보수,국군재정관리단,159357228.0,89.777,2017-07-04,주식회사 아이에스오토,오문진,류상윤,"서울특별시 영등포구 경인로 775, 2동 1202호(문래동3가, BJM)",,,중형기동헬기(UH/HH-60) 성능개량사업 비용분석,연평부대
수직이착륙형 무인항공기 비용분석,합동상호운용성기술센터,87899390.0,90.116,2018-10-31,에스케이오션플랜트(주),조윤규,최정란,대전광역시 유성구 테크노2로187-0 (용산동) 미건테크노월드 2차 B동 217호,81873743.0,88.759,(227163-F)연구활동재료(초자) 구매,제2879부대
해안복합감시체계 사업 비용분석,국군제1068부대,,89.992,,원테크전기통신 주식회사,홍영기,원은정,부산광역시 부산진구 냉정로178번길21 (개금동)2층,90820897.0,89.902,육군 수질 유지비 현실화 방안 연구용역,중앙행정기관
국제공동연구용역(1.한국-NATO안보ㆍ국방...),국군의무사령부,,90.157,2022-05-31,단국대학교 천안캠퍼스 산학협력단,임종근,김남용,대전광역시 동구 대학로62-0 (용운동),105148413.0,,22년 병리장비운영소모품(6) 요분석검사 27품목 구매,군
군인 주거보조비 도입방안 연구,해군본부,67372718.0,90.084,2020-07-14,사단법인 대한민국해군발전협회,김재수,남혜정,"경기도 고양시 일산서구 대산로213-0  302호 (대화동,중앙프라자)",124657576.0,,진중문고 운영 및 활용 증진방안 연구 용역,군
정보분석조용 보관낭 구매,제2879부대,64952213.0,90.293,2019-02-21,(사)한국전략문제연구소,오진성,류형열,경기도 김포시 대곶남로501번길36-0 (대곶면),97775463.0,88.882,22년 기술연구용역 계약(1),군
21-무기체계 수명주기간 부품국산화 발전방안 연구,육군정보학교,,,2023-02-20,사단법인 한국국방발전연구원,문미옥,김산회,"서울특별시 강남구 테헤란로78길16, 6층 (대치동, 노벨빌딩)",0.0,89.216,2023년 서울안보대화 프로그램 기획 및 발전방향 연구,중앙행정기관
침해사고 조사분석체계 교체사업(209058-F),공군교육사령부,83882565.0,102.059,2022-01-07,(주)데이터클립,황순용,양정학,서울특별시 영등포구 의사당대로38 (여의도동) 101동 412호,89830265.0,89.386,UH-60 휠제동용 유압장치 시험장비 개발 연구용역,중앙행정기관
(216162-B)차륜정비장비(분석기  차량엔진용) 구매,방위사업청(운영지원과),78105320.0,,2019-01-29,한스메디칼,김민철,김미숙,"서울특별시 성동구 성수이로147, 905호 (성수동2가, 아이에스비즈타워)",,,[연구소] 감정장비(컴퓨터 거짓말 탐지 세트) 구매,제7821부대
휴양시설  기숙사 민·관·군 개발운영 연구용역 ,육군본부,56861211.0,89.234,,한국산업기술시험원,반상우,현영철,경상남도 진주시 동진로420 (충무공동),112561076.0,,21년 서울안보대화 프로그램 기획 및 발전방향 연구,중앙행정기관
대공표적예인기 탑재장비 성능개선 등 2건 비용분석,국군대전병원,86203270.0,89.987,2023-11-06,주식회사 태드솔루션,이형걸,박익수,대구광역시 달서구 와룡로45길10-14 (죽전동),9948283.0,,비궁 창정비요소개발 사업분석,국군수도병원
우주 무기체계 사업을 위한 계약적 보완 방안 연구,국군제1068부대,166237418.0,90.777,2016-02-09,와이와이,이승기,조호현,서울특별시 은평구 서오릉로25길20-4 (구산동) 1층,2311920.0,97.728,지뢰 등의 탐지·제거 민간대행에 관한 연구,국군재정관리단
화생방 연구 재료 가스 구매,한미연합군사령부,56783975.0,,2020-06-11,에이치디현대중공업 주식회사,서은진,김서현,"서울특별시 강남구 언주로319, 5층,6층(역삼동,조우회관)",112090864.0,,장보고급 잠수함 디젤감시장치 연구개발 용역,제3170부대
국방우주력 발전을 위한 민·군 기술협력 방안 연구,국군화생방방호사령부,60039177.0,89.305,2024-04-18,사단법인 안보경영연구원,서승현,김기현,대전광역시 유성구 유성대로1184번길 29(신성동),95826996.0,,인공지능을 활용한 사이버위협 탐지기술 연구용역,제9965부대
건설현장 안전 관리시스템 구축 연구용역,국군화생방방호사령부,61575129.0,,2016-06-24,산업연구원,이충렬,김문선,충청남도 아산시 신창면 순천향로22 앙뜨레프레너관 E404호,4189611.0,88.691,방위력개선사업에 K-RMF 적용을 위한 방안연구,제2879부대
TICN Block I -① 경미한 성능개량 사업분석,제1363부대,169198760.0,,2020-06-17,(주)성광메디피아,최권석,이월단,부산광역시 영도구 태종로 233(봉래동5가),115204504.0,80.556,24-F-생화학분석기 대형 등 4종 구매,국군재정관리단
전투실험 설계 및 결과 분석 방법 연구용역,제2062부대,166317496.0,90.237,,사단법인 한국국가전략연구원,정주영,곽새롬,"서울특별시 구로구 디지털로33길11-0 (구로동, 에이스 테크노타워8) 1406호",3772303.0,89.288,정신전력 개념 정립 및 수준 측정도구 개발 연구,국군제1068부대
스펙트럼 분석기,해군군수사령부,,101.06,,서강대학교산학협력단,박호균,이경미,서울특별시 금천구 벚꽃로298-0 (가산동) 6층 601호,17436275.0,,국방 클라우드 컴퓨팅 운영환경 구축방안 연구,계룡대근무지원단
19-미래 유무인 항공전력 복합운용 전력소요 연구,국군복지단,1439558817.0,89.577,2017-07-03,(사)한국기상전문인협회,이상진,김현철,전라남도 목포시 해양대학로 91(죽교동),,,표준훈련장 설치기준 정립 연구 용역,국군재정관리단
범국민 안보의식조사 정책대안 연구용역,제2879부대,59684615.0,,,(주)심네트,김재영,김경환,경상남도 거제시 거제대로3370 (아주동),,89.244,지뢰제거에 관한 법안 연구 용역,군
상륙공격헬기 사업분석,공군군수사령부,,101.783,2023-10-13,애니유통,나인성,홍종운,"강원특별자치도 원주시 천매봉길36-22, 302호(단구동, 백림빌딩)",112941416.0,89.34,그린캠프 개선 및 프로그램 개발 연구용역,중앙행정기관
22년 의무장비(요분석기) 구매,국군수송사령부,,,2019-08-30,엠제이코리아,박온서,이덕호,"광주광역시 북구 양일로168-10, 비동 1층(양산동)",,89.118,전자파 측정/분석을 위한 송신장치 개발용역,기관
17년 EMP 방호 성능유지 향상방안 연구용역,국방부,,,,주식회사케바드론,최계영,김민지,"서울특별시 강남구 테헤란로4길15, 15층 1503호 (역삼동, 메가시티오피스텔)",125485688.0,87.739,지상무인차량사업 종합평가 추진 시 평가방안 연구,제6619부대
국내개발 항공기 성능개량 및 관리방안 연구용역,제20전투비행단,,90.122,2022-10-17,수테크시스템즈 주식회사,박지현,양희성,"서울특별시 성북구 종암로22길12-8, 2층 201호(종암동)",,88.918,K200A1장갑차 시뮬레이터 연구개발,제20전투비행단
22년 공군 항공무장효과분석모델 통합 유지보수,공군본부,81044376.0,90.204,2018-08-07,김근우시스템공학기술연구소,현동재,이재광,서울특별시 노원구 화랑로574-0 (공릉동),93547308.0,,육군 병영생활관 신축기준 연구용역,39정찰비행단
[24-육-91] 무건리 훈련장 갈등 비용분석 연구,국군화생방방호사령부,162875961.0,101.811,2024-06-05,에스제이상사,김한용,이희국,"서울특별시 금천구 가산디지털1로1-0 (가산동, 더루벤스밸리) 1208호",94341560.0,89.027,(22G028-A)생물안전3등급 연구시설 유지보수 용역,중앙행정기관
공군 방공포부대 이전 요구 연구용역,공군군수사령부,1614149286.0,90.091,2020-12-13,가천대학교산학협력단,김성도,박세원,"인천광역시 서구 보듬로158, 공존11층 1131호(오류동, 블루텍)",110280363.0,89.028,주변국 무기체계 운영개념 및 제원 연구,군
항공기 시동장비(편제장비보강사업) 사업분석,지상작전사령부,384944678.0,,2019-06-28,서울여자대학교 산학협력단,장수현,김상수,강원특별자치도 춘천시 강원대학길1 (효자동),,,항공통제기2차사업 기종결정평가 연구용역,제7군단
21-함정 스마트 브릿지 모델 개념 연구,공군제16전투비행단,65703026.0,,2024-05-02,주식회사 팬웨스트에스앤티,전용일,신명화,서울특별시 양천구 목동중앙로13나길3,10560312.0,81.151,24~'25년 상층대기분석장비 유지보수,기관
함정 개조·개장 사업의 관급보험 도입방안 연구,국방부(운영지원과),,89.76,,주식회사우정상사,강종효,황병윤,충청남도 서산시 해미면 한서1로 46 한서대학교내산학협력단,,,23-D-기체질량분석기 구매,제3697부대
인천지역 도심 친화적 통합 재배치 연구용역2019F009,공군군수사령부,186122199.0,92.629,2019-04-02,자주국방네트워크,설영만,김현숙,"서울특별시 서대문구 경기대로47, 307호(충정로2가)",27285665.0,89.144,국방아키텍처 메타모델 표준화 구축 및 활용방안 연구,기관
(237095-C) 연구활동 재료(초자) 구매,합동상호운용성기술센터,52468856.0,,2017-04-02,사단법인 대한군상담학회,정순애,신인균,경상남도 진주시 소호로101-0 (충무공동),43264138.0,,대전병원 생화학자동분석기 소모품 60종 구매,제2879부대
K1A2 전장관리신호처리기 시험장비개발 연구용역,4284부대,76201681.0,89.858,,차이,홍순국,박소영,서울특별시 관악구 관악로1 (신림동),18514303.0,96.142,항공기 RCS/IR Signature 추출 및 해석 연구,제1363부대
76mm 철갑고폭탄 비용분석,합동군사대학교,,,2019-01-31,가톨릭관동대학교 산학협력단,이경미,김예나,"서울특별시 금천구 가산디지털2로34, 923호(가산동, G밸리 더리브 스마트타워)",,,자운대 종합발전계획 연구용역,국군복지단
17년 지형분석장비 교체사업,공군작사근무지원단,,,2022-05-16,주식회사엔지아이,윤훈수,허진실,대전광역시 중구 수침로55번길19 (태평동) 장가빌딩 2층,,87.012,안보학술진흥연구용역(3.국내안보환경분석또는),군
우주안전 발전 생태계(거버넌스) 구축 연구 용역,제3707부대,82251478.0,90.141,2024-04-03,한양무선통신,민광기,정주교,"서울특별시 송파구 법원로11길7, 제11층 제1120호(문정동,문정현대지식산업센터)",5752975.0,97.898,PLS세트 선행연구 용역,기관
K계열 장갑차 엔진 오일펌프 시험장비 개발 연구용역,국방부,,,2019-04-23,에스케이오션플랜트(주),이용준,이주열,경기도 수원시 장안구 하률로12번길80-0 (천천동),87528582.0,89.013,조종사 보호의세트-Ⅱ사업 선행연구,중앙행정기관
디지털 증거분석체계 SW 라이선스 갱신,국군수송사령부,62341386.0,90.502,2024-05-16,주식회사 에스앤피,서동우,김영진,서울특별시 노원구 공릉로 232서울과학기술대학교 테크노큐브 2층 산학협력단,,88.902,군사격장 소음측정 및 분석용역,기관
한미동맹과 비군사적 협력 연구용역,4284부대,85552477.0,89.948,2019-06-03,선테크 주식회사,경상현,박동순,서울특별시 송파구 올림픽로505-0 (풍납동),2734926.0,89.497,2017년 의무장비 요분석기 구매,제9691부대
땅굴징후지역 지층탐사 정밀분석 용역,공군방공관제사령부,,89.876,2022-04-12,유한회사 동방이노베이션,황조연,김현정,"서울특별시 금천구 디지털로9길68, 제1806호(가산동, 대륭포스트타워5차)",0.0,89.704,00작전 효과 및 능력 구축방안 연구 용역,계룡대근무지원단
포병관측장비(TAS-1K)시험세트 분석장비 SW개선,국방부(운영지원과),,,2021-08-02,주식회사 케이티에이,신철호,조민구,"경기도 용인시 수지구 죽전로 152, 단국대학교내(죽전동)",127078606.0,89.549,항-19-072 생화학분석기 시약 등 44종,제1363부대
한국형 레이저 무기 조기도입 개발전략 연구,국군의무학교,75403018.0,89.439,2017-03-16,주식회사 유진에스앤씨,박수연,이윤기,"경기도 성남시 수정구 청계산로686 (고등동), 반도아이비밸리 424호",0.0,89.381,국외도입 군수품 품질확보 선진화 방안 연구,군
24-해병-이동식 취약점 분석평가 도구(상용SW) 구매,제20전투비행단,61037922.0,,2020-07-04,다빅솔루션주식회사,박종석,서은주,대전광역시 유성구 온천로59-0 (봉명동) 905호,2801594.0,86.177,군사과학정책 연구 용역(1. 국방 데이터....),군
22-1차 연구장비 구매 계약 - 증기후드,제9691부대,75481048.0,,2024-04-23,더스테이지,이용호,김보경,대전광역시 유성구 테크노4로17-0 (관평동) 대덕비즈센터 D동 612호,15050307.0,88.983,(237001-H)스펙트럼 측정/분석장비 노후 교체,군
’18년 군 책임운영기관 고객만족도조사 연구용역,방위사업청(운영지원과),142909826.0,93.798,2019-10-05,라온시스템즈(주),김광식,김지현,"서울특별시 강남구 언주로527, 10층 (역삼동)",,98.201,방탄 방호성능 기초연구용역,기관
과학적 시험설계와 시험결과의 논리적 평가방안연구,해군본부,152849291.0,89.665,,주식회사 알앤엠텍,강우철,김영진,"서울특별시 강남구 영동대로602, 6층 E170호(삼성동)",11435085.0,89.078,’22년 미래혁신연구센터 부대소개영상 제작용역,제9227부대
00사업 선행연구용역,특수전사령부,,,,주식회사코드원,고찬갑,박정국,경상남도 함안군 칠북면 삼칠로 1826티엠시 (주),100524819.0,,(21F049-I)제2軍 대테러 종합훈련장 선행연구 용역,국군재정관리단
국방정보화법률 개정입법 추진전략 연구,육군정보통신학교,,,2020-05-18,한화오션 주식회사,최기혁,석봉한,"부산광역시 남구 용소로45(대연동, 부경대학교내)",93287822.0,,12.정책현안연구(북한의전쟁수행...),제9691부대
군 사이버훈련장 활용을 통한 사이버전 대응전력 연구,국방통합데이터센터,,,2022-03-06,사단법인군사정보발전연구소,김진욱,정광조,서울특별시 서대문구 충정로53-0 (충정로2가) 골든타워빌딩 1701호,17788023.0,90.019,무인항공기 무인비행장치 전문 운용사 자격신설 연구,제20전투비행단
2019년도 방위산업기술 보호수준 분석 및 진단연구,육군교육사령부,,,,재단법인 한국군사문제연구원,박재우,송지은,대전광역시 동구 옻밭5길159-0 (판암동),,80.566,1형 복합부위 통증증후군 생체지표 발굴 연구용역,군
무인기술을 적용한 현용전력 극대화 방안 연구,육군군수사령부,,90.417,2017-10-14,(주)타임게이트,홍순국,김승범,"경기도 성남시 중원구 사기막골로159-0 (상대원동, 금강하이테크2 아파트형공장) 711호",0.0,,국방 전력발전체계에서의 전투실험체계 정립 연구용역,제9227부대
정기기초연구과제연구용역(4.국방우주학의이론..),제2군단,,,2019-08-13,주식회사 오로라,설영만,정해붕,경기도 안산시 상록구 광덕1로355-0 (이동)월드비지니스센타 41-4호,7034468.0,,차세대 첨단함정 건조가능성 검토 연구용역(III),제5738부대
국방 클라우드 컴퓨팅 운영환경 구축방안 연구,해군작전사령부,78009821.0,98.862,,주식회사 티엠시스,이민수,곽일,"서울특별시 마포구 서강로136-0 (노고산동, 아이비타워) 5층",5909959.0,88.833,(20G056-I)빅데이터 분석체계 구축사업 금융리스,국군재정관리단
분석기 스펙트럼용 장비 구매(20209032-I),해군사관학교,63005041.0,89.38,2019-02-18,사단법인 한국드론혁신협회(KDIA),이충환,엄영석,"경기도 성남시 수정구 청계산로686 (고등동), 반도아이비밸리 424호",98803430.0,89.007,00 징후분석체계 구축,국군수도병원
항공작전기지 계류공간의 효육적 활용방안 표본연구,제3707부대,56162239.0,90.002,,한국법제연구원,강명환,김연수,"서울특별시 광진구 능동로120, 건국대학교내(화양동)",,99.674,사이버 기술연구 환경구축 SW(라이선스) 구매,국군재정관리단
예비전력 예산  국방예산의 1%달성 방안 연구,국방대학교,,98.242,2023-10-04,충북대학교산학협력단,권태순,홍성휘,"인천광역시 계양구 벌말로566번길13-1, 1층(상야동)",18962358.0,,해병대 동원훈련장 과학화 발전 방안 연구,국군재정관리단
(216328-C) 지형분석장비 교체사업(리스물건),육군 제3808부대,174505371.0,89.099,,주식회사 지음지식서비스,김두식,엄희정,서울특별시 종로구 종로3길17 (청진동 디타워 디2),0.0,96.429,동원위주 부대 기계화 장비 개편시 효율성 분석 연구,39정찰비행단
23년 전투발전 연구용역(3),국군지휘통신사령부,75706496.0,90.581,2020-06-12,한국항공대학교 산학협력단,정평길,김홍정,서울특별시 송파구 법원로8길9 (문정동) 10층,,89.03,소형드론용 지능형 영상분석기술 연구/시연 용역,중앙행정기관
항-19-088 자동면역분석기 시약 등 117종,국군제1068부대,,89.852,2020-06-08,시온하이텍,김지찬,조길래,"서울특별시 동작구 상도로133, 5층 (상도동, 두덕빌딩)",89507475.0,,(20F067-I)소음영향도작성을위한소음측정및분석용역,국군재정관리단
무인수상정 탑재운용 군 요구조건 도출 연구용역,공군제18전투비행단,,,,사)한국미래문제연구원,허건영,원만희,"서울특별시 성북구 월계로36길27-0 (장위동, 꿈의숲대명루첸아파트) 105-1302",12507205.0,89.466,민간인력 편성기준 연구(2019K003-B),제2307부대
전파환경측정 분석장비 유지보수,제2307부대,488642557.0,99.998,2020-07-02,법무법인(유한) 광장,정주영,김하근,"충청북도 청주시 흥덕구 흥덕로151-0 (운천동, 지하1층)",0.0,89.56,22년 수사데이터 연관 분석시스템 구매,국군복지단
한국형 방산수출금융지원기준 설정방안 연구,연평부대,76102059.0,89.466,,(주)글로벌텔레콤,김우경,손영옥,서울특별시 구로구 공원로11길 33(구로동),22503463.0,97.57,전투실험 발전 과제 연구용역(1),국군재정관리단
항-16-007 자동면역분석기 시약 등 35종,해군교육사령부,530142232.0,,2017-02-28,포항공과대학교 산학협력단,최명식,김수정,"경기도 용인시 수지구 죽전로 152, 단국대학교내(죽전동)",2233804.0,89.631,화생방정찰차-II(차량형) 시설사업기본계획 연구용역,국군제1068부대
24년 국방민원서비스 만족도 조사 연구,국군수송사령부,171590290.0,89.938,,새롬상사,강우철,황성환,대전광역시 유성구 대덕대로512번길20-0 (도룡동) 대전정보문화산업진흥원 304호,,86.544,정밀측정장비(스펙트럼분석기) 구매,제7군단
군사시설 유형별 시설기준 제 개정 연구,해군본부,570658066.0,,2019-03-10,한국과학기술원,김대석,전희수,경기도 고양시 일산서구 고양대로 283(대화동),10576301.0,,최신 ICT를 적용한 국방컴퓨터체계 운용 방안 연구,국군수도병원
전차와 육군헬기의 혁신적인 운용개념 발전 연구,방위사업청(운영지원과),185229217.0,88.998,,아이브스 주식회사,김곤중,김지혜,"서울특별시 금천구 가산디지털2로184, 10층 1017호(가산동, 벽산디지털밸리2차)",21809526.0,89.45,수동음파탐지부표 연구개발 용역(21H085-I),제6619부대
안보 테마파크 조성 방안 정책연구,제9691부대,,,2024-02-20,주식회사 베테랑콤,이우희,최효정,충청북도 청주시 상당구 월평로250번길6-0 (용암동),18246961.0,88.996,22년 전투발전 연구용역 과제 세미나 수행 용역(5),제3130부대
국방기상 빅데이터 통합을 위한 정책연구,국방부유해발굴감식단,153560745.0,,,주식회사 한솔엔지니어링글로벌,조성호,김원섭,세종특별자치시  연동면 원합강1길50-0,,80.535,차년도 안보정세전망 연구 용역,제9691부대
[24-육-188] 안전문화 수준 측정 Tool 개발 연구,제7군단,,75.994,2022-12-29,(주)에프오알엠도시건축공간연구소,신종현,허정성,"경기도 성남시 수정구 복정로84번길 22-15,(B-001호) (복정동)",0.0,89.239,(217096-D)자동염기서열 분석기 등 2종 구(납품),중앙행정기관
24년 국방연구개발사업의 성과조사 · 분석 연구 ,해군교육사령부,,90.091,2016-11-04,인하공업전문대학 산학협력단,최규식,양금식,서울특별시 관악구 관악로서울대학교 사회과학대학 16-539,109396500.0,98.459,22-함정 포배열 체계 개선 및 발전방향 연구,기관
국방 무인로봇 시험평가 적용방안 연구,합동상호운용성기술센터,53011507.0,89.93,2024-06-05,육아정책연구소,신상범,이효선,전라북도 전주시 완산구 장승배기로263 (평화동1가),0.0,96.245,자동 00분석 지원체계 구축(20197115-H),제2879부대
국방표준서 제정(5차) 연구,국방통합데이터센터,182400572.0,,2017-03-09,사단법인 한국방위사업연구원,강도형,방준성,"서울특별시 금천구 가산디지털2로184, 1017호(가산동, 벽산.경인디지털밸리2)",7570317.0,89.492,군 실내공기질 관리 개선방안 연구용역,군
(237196-C) 악성코드 수집분석체계 장비 교체,4284부대,64951806.0,89.293,2022-07-04,사단법인 한국국방기술학회,조정선,윤정일,대전광역시 중구 수침로55번길19 (태평동) 장가빌딩 2층,,97.565,18-정긍모 제독 평전 연구,중앙행정기관
그린캠프 개선 및 프로그램 개발 연구용역,합동참모본부,71745718.0,89.423,,주식회사 쏠바이오텍,정원섭,김태훈,"경상북도 경산시 대학로13길26, 2203호(정평동, 경산 한서 고층아파트)",,89.609,23년 기술연구용역 계약 의뢰(3),제3170부대
공군 예비군훈련장 권역화 · 과학화 구축방안 연구,제7016부대,158992271.0,86.818,2020-07-04,(주)다큐멘테크,정승인,이영민,"서울특별시 송파구 법원로127-0 (문정동,대명벨리온)1117,1118호",,96.159,선진전투실험 발전현황 및 육군전투실험 향상방안연구,기관
(22G028-A)생물안전3등급 연구시설 유지보수 용역,방위사업청,78580158.0,,,(주)도전하는사람들,김화영,최광호,"서울특별시 강남구 봉은사로114길 40, 홍선빌딩 2층(삼성동)",0.0,,국방 연구개발 법제 개선 연구,중앙행정기관
악성코드 정보제공 및 분석 서비스 구매,육군교육사령부,76050160.0,89.514,2023-10-05,국방기술품질원,김승준,김다예,"서울특별시 금천구 가산디지털1로145, 308호 (가산동, 에이스하이엔드타워 3차)",16664198.0,79.202,작전지휘시설 신축 분석평가 및 선행연구용역,제3훈련비행단
군사시설 건축공법(경량화) 개선 연구,국군재정관리단,97300085.0,89.898,,대양전기공업(주),정안수,심상필,"경기도 성남시 수정구 위례대로83(창곡동, 국방문화센터)",9057779.0,98.949,간부 팔로워십 교육프로그램 개발 연구용역,중앙행정기관
2024년 바세나르체제 군용물자목록 개정소요 연구,제7군단,80241024.0,89.733,2020-06-19,주식회사 인섹사이버시큐리티,김재영,정재훈,"인천광역시 남동구 문화서로65번길9, 1301호(구월동, 웰메이드)",0.0,,군사훈련장 위험성평가제도 정립을 위한 연구,국군재정관리단
해병대 데이터 관리 및 활용 발전 방안 연구,공군본부,,89.736,2022-11-21,김근우시스템공학기술연구소,성순이,권민정,"서울특별시 강동구 양재대로 1443, 동우빌딩 7층(길동)",0.0,,소요결정 권한 소요군 위임시 획득절차 연구,국군의무학교
분석기 주파수편이용 2EA 구매(20199199-I),육군본부,,100.002,,주식회사 남양메디칼,김규한,최영걸,"경기도 평택시 평택5로34번길48, 402호(합정동)",99778827.0,,미 해군 6.25전쟁 분석자료 번역 용역,중앙행정기관
군 주파수 대역정비 방안 연구,39정찰비행단,55477208.0,90.616,,(주)지인시스템,변중무,이슬,"서울특별시 마포구 마포대로109 (공덕동, 롯데캐슬 프레지던트) 101동 2102호",,,부대소개영화 제작 용역(연구단),군
21-해양무인체계에 필요한 핵심기술 연구,방위사업청(운영지원과),,90.048,2022-10-01,중앙기획,김근채,곽일,"서울특별시 강동구 양재대로 1443, 동우빌딩 7층(길동)",109724660.0,97.052,2040년대 군병력 수급규모 예측 연구,기관
사이버전 수행개념 및 절차 연구,해군사관학교,54293344.0,89.787,,부경대학교 산학협력단,손영옥,박민정,충청북도 청주시 청원구 율봉로159번길73-1 (율량동),,,22-13-13 야전공장 분석평가 및 선행연구 용역,국군제1068부대
전인교육 설문지 개발 및 활용성 증대 방안 연구,제5378부대,90983930.0,,2020-06-10,주식회사 현대리서치,송광선,조진환,"서울특별시 송파구 석촌호수로138, 202호 (삼전동)",8285353.0,,SUPPRESSED,합동상호운용성기술센터
미래환경 변화 속 육군 병과체계 발전 방안 연구 용역,공군군수사령부,66661092.0,90.465,2019-08-19,주식회사남동,배홍기,김종호,"대구광역시 동구 국채보상로159길41-0 (신천동, 우방푸른타운) 상가 107동 4층",15173060.0,87.079,스마트 물류센터 도입 검토 연구용역,국군재정관리단
17-추수평가 개선 및 환류방안 연구,합동참모본부,92619932.0,,2022-04-23,주식회사 혜성산업,차진섭,정원용,대전광역시 유성구 유성대로1646-0 (전민동),,89.669,국가전략기동군 해병대 발전방안 연구 사업,군
23년 기술연구용역 계약 의뢰(2),해군사관학교,173547278.0,89.497,,미래산업,강석균,이정원,"서울특별시 강남구 테헤란로520, 2층(대치동, 삼안빌딩)",,89.559,한국형 MDTF의 사단 적용방안 연구,중앙행정기관
방위사업 분야 블록체인 적용방안 연구,4284부대,187602524.0,,2019-01-31,(사)한국전략문제연구소,안상희,백다리아,"서울특별시 강서구 양천로583 우림블루나인비즈니스센터 비동 1608호, 1609호",18901921.0,89.376,23년 기술연구용역 계약 의뢰(1),국군대전병원
잠수함용 부유식기만기 경미한 성능개량 선행연구,국군제1068부대,171945393.0,89.648,,청주대학교산학협력단,정영욱,최규식,"대전광역시 서구 둔산대로117번길44-0 (만년동, 엑스포오피스텔619호)",104565109.0,90.066,(20F172-I)00부대 라돈저감방안 연구 용역,군
(24육-용역9)스마트 통합물류센터 신축 선행연구 용역,제5738부대,,,,(재)한국해양전략연구소,이재평,송용재,대전광역시 중구 계룡로781 (용두동) 1층,,,전력화장비 후속군수지원 사업 개선방안 연구,제7016부대
다목적 항무지원정 함형 발전 연구,공군사관학교,72039962.0,89.906,2022-08-28,정보기술감리원 주식회사,김성도,방준성,"경기도 고양시 일산동구 강석로33, (백석동, 대우IAAN) 2층 217호",6214005.0,,국방 사이버전 EA 개념 연구,군
국방정보통신망 구축방향 연구 용역,공군교육사령부,,90.306,2019-09-10,성균관대학교 산학협력단,채순기,이형원,"대전광역시 유성구 죽동로297번길68 (죽동) CNU프라자  701,702호",29074336.0,,CBRS 적용한 전투발전체계의 문제점 및 발전방향 연구,중앙행정기관
항공기 RCS/IR Signature 추출 및 해석 연구,공군미사일방어사령부,176530263.0,,,(주)다큐멘테크,이재관,김진송,서울특별시 강서구 마곡중앙5로1길20 (마곡동) 520호,,,23-1차 연구의무물자(BL3 중앙실험대 등 5종) 구매,국군수도병원
전시자원소요분석모델 장비 교체사업 리스,국군재정관리단,72000957.0,98.234,2019-11-14,영남대학교산학협력단,김상곤,성종영,"서울특별시 용산구 청파로47길 100, 숙명여자대학교내(청파동2가)",,89.106,16년 정보분석지원체계 유지보수 용역,군
FA-50 성능개량 방안 연구,해군군수사령부,158943063.0,,,주식회사 진성하이텍,이승호,김윤영,"서울특별시 금천구 서부샛길632-0 (가산동, 대륭테크노타운5)",,,(21F049-I)제2軍 대테러 종합훈련장 선행연구 용역,제2879부대
21년 연래 해병대 리더십 수준 진단 연구용역,국군의무사령부,69431334.0,89.684,2019-07-04,HF테크,이상환,이경미,서울특별시 서초구 방배로19길21-0 (방배동),,89.029,분석기  스펙트럼,군
(21F094-K)'22년~'23년 분석용모델(3종) 유지보수,4284부대,164784655.0,,2023-07-20,디엔아이,탁승주,양지혜,세종특별자치시  시청대로370-0,1112537.0,85.859,국방 무인항공기(드론) 정비사 자격 신설 연구용역,제3697부대
해병 과학화경계시스템 추진방안 연구 용역,국군의무학교,75132308.0,89.463,2022-05-31,협동조합 미래국방산업네트워크,김진욱,박진호,"충청북도 청주시 서원구 충대로1-0 (개신동, 충북대학교)",1820114.0,,레이저 변위센서 활용한 탄약검사 M&S 개발 연구용역,중앙행정기관
24-미래 한국공군 훈련기 성능 및 적정 규모 연구,방위사업청(운영지원과),523354065.0,90.245,2022-08-03,스마일컴퍼니,최한철,정평길,경기도 용인시 기흥구 용구대로2335번길43 (마북동 494-4),,81.0,초소형 전술위성체계 구축방안 연구,제7821부대
발칸 보조전원공급기 수리부속 대체품 개발 연구용역,국군수도병원,72698707.0,90.103,2022-05-27,무역안보관리원,경상현,정금석,경기도 용인시 기흥구 마북로207(마북동),,88.975,2017 PACC & PAMS 연구용역,제2879부대
작전지휘시설 신축 선행연구용역,국방전산정보원,61069826.0,90.234,,에스엠트레이딩,박재완,김용수,"서울특별시 강남구 테헤란로306, 13층(역삼동, 카이트타워)",0.0,89.546,2019년 범국민 안보의식조사 연구 용역,제5378부대
정신전력 측정도구 및 지표 개발 연구,제5군단사령부,,89.626,2022-04-15,(주)한일종합상사,최치원,정경아,충청북도 괴산군 문무로85-0 중원대학교내 (괴산읍),91056311.0,88.465,소형공격드론 사업분석 용역,합동상호운용성기술센터
CSRP 화생방 연구 자료 시약 구매,한미연합군사령부,88775220.0,101.203,2024-04-08,주식회사 윈미디텍,이덕수,김채영,"서울특별시 마포구 성산로2길55, 602호(성산동, 샤인빌딩)",0.0,89.144,18-주파수편이용 분석기 구매,국군대전병원
20-161 218 동물용 자동분석기 등 3품목,제20전투비행단,36167052.0,101.832,,도현,천병년,이여정,서울특별시 서초구 서리풀길4,82516481.0,,국방기술기획평가원 설립의 경제적 타당성 분석,제9227부대
단기 복무 청년층 장병 진로지원 프로그램 개발 연구,제3697부대,,90.189,2022-04-23,한국외국어대학교 연구산학협력단,박현준,최민정,서울특별시 서초구 서리풀길4,,,20년 수송기술병참선 제원 연구용역,군
해군  해경운용 및 전방위 안보 강화방안 연구용역,국방부(운영지원과),,90.458,2017-05-30,건국대학교 산학협력단,김동준,추현아,울산광역시 남구 갈밭로11-0 (삼산동),,89.079,항-20-004 자동면역분석기 시약 등 123종,중앙행정기관
항공무기정비분야 안전관리체계 고도화방안 연구용역,공군본부,50805337.0,89.699,2024-02-01,에스앤에스이앤지 주식회사,최성만,이재관,서울특별시 영등포구 여의대방로43나길20-0 (신길동),0.0,89.132,군사타운 개념의 부대배치 발전방향 연구 용역,기관
5G 기반 스마트 교육훈련단 구축 및 운영 연구용역,제2군단,63855238.0,90.346,2024-02-11,성원금속,신관우,김인숙,인천광역시 부평구 부평대로301-0 (청천동) 남광센트렉스 303호,9157661.0,,안정화 작전을 위한 기반시설 복구부대 운영방안 연구,제9965부대
주변국 무기체계 운영개념 및 제원 연구,합동참모본부,169280530.0,89.893,,사단법인 한국융합안보연구원(Korea Convergence Security Institute),안성원,이충렬,"서울특별시 금천구 가산디지털1로1-0 (가산동, 더루벤스밸리) 1208호",96684157.0,89.726,스마트 항만기지 구축방안 연구 용역,국군재정관리단
`18년 헌병 디스크 증거분석체계 교체사업,국군재정관리단,159930491.0,,2019-06-12,펭귄 컴퍼니,류제성,김미숙,대전광역시 유성구 노은로170-0 (지족동) 스타시티빌딩 6층,0.0,88.425,총 수명주기간 함정 안전진단 수행체계 개선방안 연구,제7군단
인터넷접속/전자우편 통제 및 분석체계 교체사업,공군작전사령부,80840367.0,102.111,,동성켐텍,한기관,박소연,경상북도 경산시 서상길85-0 (서상동),,89.164,해안감시레이더-Ⅱ 사업분석,제2879부대
23년 전반기 육군 정책연구과제 연구용역,제2879부대,,96.167,,케이엠글로벌,김진우,박호균,서울특별시 은평구 서오릉로25길20-4 (구산동) 1층,12274644.0,,산업협력 제도 시행을 위한 세부 방안 연구,제3697부대
의무장비(생화학자동분석기 등 2종) 구매(17-207),육군본부,77450536.0,90.145,,주식회사 와풀,윤정숙,현동재,서울특별시 성북구 보문로183 논현빌딩 1303호 (삼선동4가),120065774.0,,21-해-CCTV 분석시스템 등 7종 구매설치,국군제1068부대
절충교역 제도 선진화 방안 연구,제20전투비행단,54122766.0,,2024-01-17,주식회사 삼원산업,박길현,서경원,충청북도 청주시 상당구 남일면 단재로635(공군사관학교),,88.266,군사시설 타운화 개념의 부대 재배치 방안 연구,제6619부대
과학적 시험설계와 시험결과의 논리적 평가방안연구,국방부(운영지원과),,89.319,,주식회사 맥스바이오텍,이찬기,박계향,"서울특별시 강남구 봉은사로129-0 (논현동, 거평타운오피스텔) 1126호",17518421.0,,A.I.기반 전평시 동원체제 혁신방안 연구,국군제1068부대
해안 경계력 보강 사업 선행 연구,해군교육사령부,66454089.0,89.747,,테크노빌리지 주식회사,김영식,박종부,"경기도 성남시 분당구 구미로8, 2층(구미동, 엠타워)",,89.021,24년 군 주거시설 개선방안 수립 연구용역 등 2건,제3707부대
공수지상종합훈련장 선행연구용역(특-24-용-28),공군작전사령부,164757428.0,89.702,2019-05-06,주식회사 행림종합건축사사무소,장우영,한기관,경기도 성남시 분당구 판교로228번길15-0 (삼평동) 윈스동 4층,,89.689,신공법교량 폭파방법도출 및 실증실험 연구용역,제2062부대
음향분석체계 개발사업,국군화생방방호사령부,68573667.0,90.339,2019-05-19,김근우시스템공학기술연구소,한영석,이승모,충청남도 논산시 연무읍 연무로 320(),0.0,89.606,프로그램 단위 성과관리를 위한 성과지표 연구,제9691부대
방위산업기술 유출 및 침해 대응체계 구축방안 연구,육군인사사령부,68782694.0,99.662,,한국마이크로데이타(주),정진욱,박진호,"대구광역시 달서구 도원로46, 610동 304호  (도원동, 별메마을)",20284606.0,,전투실험 발전 세미나 과제 연구용역(2),국군재정관리단
분석기  스펙트럼용 구매(특무),육군군수사령부,,90.217,,중원대학교 산학협력단,이현미,박진주,강원특별자치도 원주시 신림면 신림황둔로174-0,129223590.0,95.851,공무원 징계와 군 징계의 비교법적 연구,중앙행정기관
항공기 RCS/IR Signature 추출 및 해석 연구,국방부,172111452.0,89.424,2019-07-24,사단법인 대한민국해군발전협회,송태현,박재범,"경상남도 창원시 진해구 중원로1-0 (남빈동, 해군사관학교내)",0.0,89.677,대형 국외구매사업의 합리적 기종결정방안 연구,계룡대근무지원단
전투실험 설계 및 결과 분석 방법 연구용역,제9691부대,176263836.0,,2020-07-17,고신대학교 산학협력단,문미옥,전희수,"서울특별시 중구 남대문로63 (남대문로2가,한진빌딩)",12362142.0,91.367,항-19-032 자동면역분석기 시약(HBsAg RGT)등 112종,국군재정관리단
CMMC 관련 통합실태조사 개선안 연구,공군군수사령부,185160770.0,,2020-06-05,주식회사 삼현,장명훈,고은미,대전광역시 유성구 대학로291-0 (구성동),9948262.0,89.345,육군 안전수준 진단체계 연구,국군제1068부대
안보학술진흥연구용역(3.국내안보환경분석또는),제2879부대,,99.215,,나우통상,민명복,이연정,서울특별시 서초구 사임당로32 (서초동) 재우빌딩 9층,6186190.0,88.336,국방통합 온라인 공개강좌(M-MOOC) 설계 방안 연구,합동참모본부
19년 지형분석장비 교체(리스물건)(20196289-G),공군본부,,98.287,2019-01-25,중앙대학교 산학협력단,이정훈,경상현,"서울특별시 동작구 남부순환로2021, 2층 (사당동)",,99.324,(22F199-I)네트워크위협분석시스템구매사업금융리스,제7821부대
국방산업혁신펀드(가칭) 시행방안 연구,국군재정관리단,67219046.0,89.371,2019-02-25,광운대학교산학협력단,최재성,안상희,"서울특별시 강서구 마곡중앙5로22, 7층(마곡동)",10319059.0,,전투실험 발전 연구용역 세미나 및 책자발간 용역,4284부대
(217122-B)연구장비(차세대염기서열분석기) 구매,공군교육사령부,,90.152,,주식회사 유노미아,최원창,이철호,"서울특별시 강남구 강남대로62길24-0 (역삼동,해송빌딩)3층",,,미 해군 6.25전쟁 분석자료 번역 용역,제7군단
철근콘크리트 방폭문 파괴거동분석 및 실증실험 연구,해군본부,,,2021-05-17,사단법인 대한민국해군발전협회,박정주,박명근,"경기도 안양시 동안구 귀인로1, 4층 (호계동)",,98.335,국방감항인증원(가칭) 설립 및 운영에 관한 연구,국군재정관리단
유류시험장비(금속성분분석기(ICP))구매,국방부(운영지원과),,90.249,2019-10-12,주)삼성공조시스템,권태순,최정란,"서울특별시 서초구 서운로 226, 서초오피스텔 404호(서초동)",,97.291,21년 전투발전 연구과제 세미나 수행 용역,국군재정관리단
(227163-F)연구활동재료(초자) 구매,제9691부대,64764001.0,90.036,2022-03-15,(주)성광메디피아,전건욱,송유근,"서울특별시 강남구 남부순환로365길 5, 중명 213(도곡동)",,98.118,미래 예비전력 정예화를 위한 동원개념 재설계 연구,군
19-회로분석기 구매(20199065-H),해군본부,81127039.0,90.161,2020-07-01,(주) 솔포스텍,김진원,김선태,"경기도 수원시 영통구 광교로105, 607호(이의동, 경기 알앤디비센터)",,88.031,CSRP 화생방 연구 재료 초자 구매,제1363부대
(20F067-I)소음영향도작성을위한소음측정및분석용역,국군복지단,,,2019-03-07,지그인더스트리,이병택,김형민,제주특별자치도 제주시 애월읍 광상로26-0,,,안전하고 신뢰할 수 있는 AI활용 국방가이드라인 연구,국군재정관리단
(236306-F)지형분석장비 교체사업(리스물건),한미연합군사령부,,90.573,2017-05-14,(주)리서치코리아,류재산,이재원,"대전광역시 유성구 테크노4로17, A동 501호 (관평동, 비즈센터)",,89.672,국방표준화 개발을 위한 협력기관 지정 활용방안 연구,제20전투비행단
조종사 피로도와 안전비행의 상관관계 분석 연구용역,국군복지단,569708595.0,88.984,2023-12-13,만능유한회사,노광현,박미진,대전광역시 유성구 대학로291-0 (구성동),9210044.0,100.063,20-교육훈련 빅데이터 통합관리체계 구축방안 연구,군
22-3차 연구장비 구매 계약(수정) - 미생물측정기,방위사업청(운영지원과),,90.466,2019-06-23,주식회사 사이버앤네트워크연구원,이민자,최승룡,"서울특별시 마포구 월드컵북로501-0 (상암동, 상암월드컵파크9단지)904동1005호",0.0,95.556,계엄의 민주적 통제방안을 위한 법 제도 연구,군
2017 PACC & PAMS 연구용역,육군항공학교,,,2019-06-24,주식회사 디아이,김승준,이성태,"경기도 군포시 엘에스로182번길34-24, 2층 (산본동)",14657620.0,97.423,무인항공기 무인비행장치 전문 운용사 자격신설 연구,합동상호운용성기술센터
국방여군 70년사 편찬 연구,국군재정관리단,76590923.0,100.619,2018-08-30,주식회사우정상사,백훈,오지수,서울특별시 양천구 목동중앙로13나길3,11376496.0,84.669,해병대 과학화예비군 훈련장 발전방안 연구 용역,제9691부대
사단 간부숙소 신축 선행연구 용역,국군수도병원,62564653.0,,2024-02-12,(주)아인스에스엔씨,이성로,허진실,서울특별시 송파구 새말로8길12-0  문정 건영 103동 801호,,83.237,소형무인기의 획득 및 운용을 위한 총수명주기 분석,기관
00부대 연구소 수배분전반 등 제조설치 납품,육군정보통신학교,74230766.0,89.601,2022-08-06,사단법인 한국방위사업연구원,김재일,강현순,경상남도 진주시 소호로101-0 (충무공동),93510407.0,,군 암호체계 분석보호시스템 분석도구 구매,국군재정관리단
자동처리체계 구축 및 연구용 부품 구매,국군대전병원,166481470.0,,,주)삼성공조시스템,안완기,조대근,"서울특별시 중구 소공로70-0 , 9층(충무로1가, 포스트타워)",0.0,89.541,2.75유도로켓 창정비 비용 대 효과분석 연구용역,중앙행정기관
지뢰대응법 하위 법령등에 관한 연구,육군본부,,,2022-07-06,주식회사 시스코어,송태현,이진우,부산광역시 강서구 명지오션시티9로36-0 (명지동),95466223.0,89.833,(226362-F)작전지속지원분석모델장비 도입(리스물건),군
상륙기동헬기 조종시뮬레이터 선행연구,해군군수사령부,180954434.0,103.184,,테크노빌리지 주식회사,이영진,정민수,"경기도 광명시 양지로21-0 (일직동), 제유-플래닛티타워동 1301호(일직동,유-플래닛)",102335721.0,,사이버 기술분석용 라이선스 구매,중앙행정기관
17-방공관제사-102 보급수송과 신호분석기,국군수송사령부,154981303.0,,2017-01-14,스마일컴퍼니,손영옥,임평산,서울특별시 서초구 방배로19길21-0 (방배동),98429682.0,97.611,17-추수평가 개선 및 환류방안 연구,국군재정관리단
방공전력 발전방향 연구 용역,제2879부대,,,,케이엠글로벌,한수희,,"서울특별시 강남구 테헤란로4길15, 15층 1503호 (역삼동, 메가시티오피스텔)",0.0,88.961,국방기록관 업무효율화를 위한 방안 연구,국군재정관리단
X-RAY 형광분석기 구매,합동참모본부,,,2020-06-15,소프트플로우 주식회사,이헌웅,이춘근,"경기도 군포시 고산로148번길17-0, B동 1303호, 1304호, 1305호(당정동, 군포IT밸리)",,89.129,(216313-B) 21년 분석실험실 운용장비 구매(리스물건),제5378부대
드론봇 및 대드론체계 전력화추진 Master-Plan 연구,육군본부,72892669.0,100.487,,주식회사엔클라우드,박지현,황혜원,"서울특별시 성동구 성수이로22길37, 803호(성수동2가, 아크밸리)",91415740.0,89.097,23-F-분석기 표면마무리용 접촉용 구매(239016-F),제2군단
생화학 자동 분석기 등 116종 구매(20197022-E),종합보급창,57093852.0,,,젠트리거,권오형,정관용,"서울특별시 영등포구 경인로 775, 2동 1202호(문래동3가, BJM)",,,23-H-14 스펙트럼 분석기 구매,제2307부대
국방연구개발사업의 성과조사.분석 연구,제20전투비행단,52771291.0,,2020-06-26,세종대학교산학협력단,이희윤,전형준,"경기도 성남시 중원구 갈마치로302, A동 602호 (상대원동, 우림라이온스밸리5차)",,89.47,AI유무인 복합체계 활용 방안 연구,제3697부대
`18년 헌병 디스크 증거분석체계 교체사업,4284부대,80066379.0,89.866,2022-02-02,사)한국미래문제연구원,정안수,이지윤,서울특별시 영등포구 여의공원로 101(여의도동),107673463.0,,리더십코칭 효과성 평가에 관한 연구용역,군
한국형전투기를 위한 무장선정 최적화방안 연구용역,국방정보본부,92065616.0,,2021-04-25,(주)렛츠정보통신,오문진,박연희,"대전광역시 유성구 죽동로297번길68 (죽동) CNU프라자  701,702호",0.0,99.473,24-해병-이동식 취약점 분석평가 도구(상용SW) 구매,군
스마트 물류센터 도입 검토 연구용역,육군제8971부대,69722257.0,,2024-05-13,시온하이텍,안병선,추현아,"서울특별시 강남구 광평로281, 10층(수서동, 수서오피스빌딩)",50604889.0,,안보학술연구용역(2. 국제안보환경과),기관
00 0000 분석체계 구축,공군83정보통신정비창,80620082.0,89.306,2024-09-28,주식회사 에이티지씨(ATGC),봉만수,이종범,"서울특별시 금천구 가산디지털1로181, 가산W센터 1401호,1402호(가산동)",,89.15,도면(2D 및 3D) 통합관리방안 연구용역,국군수도병원
K9자주포 연료펌프 성능개선 시제품 개발 기술 용역,제2군단,,89.541,2023-12-27,국립금오공과대학교산학협력단,황윤주,김경호,충청남도 계룡시 서금암3길16-3 (금암동) 101호,,92.238,한국형 국방 우주력 발전 전략 연구,제7821부대
한국형 첨단전투관리체계 운용개념 및 발전방안 연구,제9691부대,64774453.0,89.462,,유더블유티,김진욱,김채미,"대전광역시 서구 도산로485-0, 4층 (탄방동)",,88.829,전투하중을 고려한 인체공학적 개인군장체계 연구,합동상호운용성기술센터
조사분석 라이선스 구매,국군대전병원,173345892.0,89.984,,단국대학교 산학협력단,조민구,백도현,충청남도 청양군 정산면 칠갑산로1898-0,9901993.0,88.717,(227135-E)디지털포렌식 조사분석도구 구매,중앙행정기관
21년 전투발전 연구용역(1),해군군수사령부,154465750.0,89.629,,소망상사,강재관,고윤안,"경기도 화성시 동탄기흥로593-8 (영천동, 우정바이오 신약클러스터)",103337476.0,86.698,유류 소분배 계통 자동화관리 연구,제5738부대
작전환경 변화 및 공군 합동 고려한 포병 발전 연구,국방부조사본부,,89.377,2020-07-01,드림인텍(주),김창환,권민정,"서울특별시 서초구 서초대로1길17, 2층 226호(방배동)",,98.809,폭발물처리 자격신설 연구,기관
유·무인 복합체계 발전방안 연구,육군본부,65589467.0,89.85,,에이디링크,송봉주,이재평,"경기도 시흥시 목감남서로9-19 (조남동),601호 메이저타워",6247995.0,99.933,산악지역에서의 적정 무기체계 및 전투수행 방법 연구,제2879부대
대류권산란파 장거리통신장비의 군사적활용 검증연구,국방부조사본부,70285130.0,89.627,,(사)대한영양사협회,김현철,정해붕,"서울특별시 종로구 삼봉로81-0 (수송동, 두산위브파빌리온) 1137호",,89.182,국방과학 기술료 제도개선 방안 연구,국군수도병원
23년 전반기 육군 정책연구과제 연구용역,육군정보학교,179671476.0,88.357,2020-05-27,주식회사 아이에스오토,김성찬,김재필,"서울특별시 강남구 테헤란로 142(역삼동, ARC PLACE) 7층",201773375.0,89.004,해안경계 임무전환 관련 안보상황 평가체계 연구,국군제1068부대
연구소 기술용역 재료비 초자 구매,육군인사사령부,149415591.0,99.22,2019-08-08,주식회사도시경영연구원,신창희,김혜민,충청북도 청주시서원구 개신동446-2,28879225.0,99.32,KJCCS 경미한 성능개량 사업 비용분석,기관
(상생협력실)갈등영향분석 연구용역(C013),육군교육사령부,78381548.0,,2020-07-06,건국대학교 산학협력단,서준호,이정현,세종특별자치시  반곡동시청대로 370,921774.0,88.857,K200A1장갑차 시뮬레이터 연구개발,군
전시피해건물 상태평가 기준정립 연구용역,국방전산정보원,146636331.0,103.408,2019-07-19,건국대학교 산학협력단,강우철,이철승,서울특별시 마포구 월드컵북로5길59 (서교동),92866679.0,89.605,유도무기 적정 수리부속 보유량 산출 연구 용역,군
2024 서울안보대화 프로그램 기획 및 발전방향 연구,제3170부대,148501580.0,,,토리 상사,김한욱,김태형,"서울특별시 서대문구 거북골로 34, 명지대학교 본관 10층 11033호(남가좌동)",3133823.0,89.563,(해병)소음측정 및 분석용역,합동참모본부
병력책정기준 산정과 연계한 조직진단 기법 체계 연구,국방부군사편찬연구소,60625453.0,89.978,,주식회사 유니텍,이희우,정경아,경기도 양주시 장흥면 권율로86-1 (그린숲타운)108동502호,,89.672,국제 해양영역인식 협력 방안 연구,중앙행정기관
22년 계룡스파텔 시설개선사업 선행연구 용역,수도기계화보병사단,184370901.0,89.523,2024-02-18,초코인터내셔널 주식회사,이덕호,정성채,세종특별자치시  시청대로370-0,,89.161,19-함정 ORD 작성을 위한 설계/건조 요구조건 연구,중앙행정기관
24년 전투발전 연구 용역(2),제3훈련비행단,73245649.0,89.965,2020-06-11,사단법인 한국드론혁신협회(KDIA),방극윤,박수영,"서울특별시 송파구 법원로9길26, D동 1104호(문정동, H-비즈니스파크)",,,항-16-007 자동면역분석기 시약 등 35종,군
미래 예비전력 정예화를 위한 동원개념 재설계 연구,제20전투비행단,,92.448,2020-05-19,중앙대학교 산학협력단,전옥녀,한대일,경상남도 창원시 의창구 봉강가술로537번길42-0 (대산면),7761438.0,89.441,범국민 안보의식조사 정책대안 연구용역,중앙행정기관
오폐수처리시설 기술제안서 평가기준 정립 연구용역,공군제18전투비행단,,99.95,2019-02-02,주식회사 휴먼컨설팅앤메니지먼트,서용석,배원호,"경기도 고양시 일산동구 호수로358-39 706호(백석동,동문굿모닝타워1차)",,88.463,공군 우주분야 인력관리 발전방안 연구,군
해양 무인무기체계별 효과도 분석 통한 전력소요 검증,합동군사대학교,,90.11,,(주)한컴네트워크,홍세준,,"서울특별시 서초구 강남대로369, 9,10,13,14층(서초동, 디에타워)",,85.4,해병 과학화경계시스템 추진방안 연구 용역,제9965부대
RAM 분석 및 군수지원 분석방법 선진화 연구(1차),육군교육사령부,149908714.0,,2022-07-22,주식회사 진성하이텍,정주교,정재훈,"경기도 용인시 처인구 명지로 116, 명지대학교(남동)",0.0,80.909,(236043-G) 23년 모바일·IoT 조사분석체계 도입사업,중앙행정기관
군 VoiP 교환시스템 통합운용방안 연구 용역,육군정보통신학교,75948724.0,90.442,2019-06-07,(주) 웃샘,이숙영,조민구,"경기도 용인시 처인구 명지로 116, 명지대학교(남동)",100716136.0,89.195,K105A1자주포 경미한 성능개량 사업분석,제9691부대
박옥규 제독 평전 제작 연구 용역,육군 제3808부대,,,2021-07-19,주식회사백운,윤미선,전병욱,인천광역시 연수구 한나루로105번길68-0 (옥련동) 406동 1804호,116450579.0,,상비군 수준의 동원위주부대 전력보강 방안 연구,4284부대
(20F088-A)소음영향도 작성을위한 소음측정및분석용역,제2879부대,89517225.0,89.74,2020-06-24,럭키상사,박정기,최성만,"대전광역시 유성구 대학로 99(궁동, 충남대학교)",,89.031,국방대 이전 효과 연구 용역,국군재정관리단
국방 연구개발 법제 개선 연구,제1363부대,169473491.0,89.896,,한국무인이동체연구조합,강종효,박병희,부산광역시 동구 중앙대로251번길 11(),103263541.0,,재투자 의무장비 구매(1차) - 요분석기,제3697부대
선외기 프로펠러 안전장치 성능개선 연구용역,제2879부대,73476448.0,89.669,2020-06-25,국방기술품질원,오육환,이화주,"서울특별시 마포구 성산로2길55, 602호(성산동, 샤인빌딩)",107826611.0,98.334,한국군병사에서 적응장애의 양상과 위험요인 연구용역,군
상륙돌격장갑차 3차 창정비 방안 연구,연평부대,178931859.0,91.519,,구루멘토링 주식회사,권오경,황미영,"서울특별시 중구 소공로70-0 , 9층(충무로1가, 포스트타워)",100957092.0,89.18,감염 및 외상분야 군의료 특성화 연구,제9691부대
용산헬기장 소음영향평가 연구용역,국군의무사령부,,90.198,,태신,안병호,안은희,"서울특별시 강남구 봉은사로129-0 (논현동, 거평타운오피스텔) 1126호",0.0,,K2전차 3차 양산 사업분석,제5738부대
자동염기서열 분석기 레이져 등 3종 구매설치,육군인사사령부,,,2017-03-18,신한관세법인,김학준,유현국,서울특별시 송파구 중대로25길 3-16(),,65.926,2019년도 방위산업기술 보호수준 분석 및 진단연구,군
기초비행훈련용헬기 조종계통 시험장비 개발 연구용역,제9965부대,168127554.0,,,목포해양대학교 산학협력단,강남기,정해붕,"서울특별시 용산구 한강대로211, 102동 1605호(한강로1가, 대우월드마크용산)",96918060.0,89.112,20년 수송기술병참선 제원 연구용역,국군재정관리단
장거리공대지유도탄 2차사업 운용요구서 연구,공군제15특수임무비행단,56862360.0,91.961,2020-07-05,주식회사 브이웨이,김산회,우광석,경기도 고양시 일산서구 고양대로 283(대화동),10706274.0,,군 간부 획득환경 변화에 대비한 선발제도 방안 연구,기관
전역예정장병 취업역량 강화 방안 연구,육군본부,,,2022-08-26,한국산업기술시험원,김종호,권헌영,"경상남도 창원시 마산합포구 경남대학로7-0 (월영동, 경남대학교)",0.0,88.997,유류시험장비(연료성분분석기 등3종)구매(20196115-E),국군재정관리단
악성코드 정보제공 및 분석 서비스 구매,합동상호운용성기술센터,,,,넥스트에이비,안상희,장명훈,"경기도 성남시 중원구 사기막골로159-0 (상대원동, 금강하이테크2 아파트형공장) 711호",113652996.0,88.77,방위사업 전문교육기관 시설 기초조사 연구,국군수도병원
국방 비밀관리시스템 연동표준 개념연구,4284부대,152419078.0,,2020-06-03,한국과학기술원,김완일,김소연,경상북도 포항시 남구 효자로138-0 (대잠동),21001757.0,89.619,미래 작전지속지원 수행개념 및 핵심요구능력 연구,국군재정관리단
지상군 전략 및 작전수행개념 연구,국군재정관리단,176628450.0,101.433,2017-02-10,주식회사 녹십자이엠,석수진,김도경,대전광역시 유성구 테크노3로65-0 (관평동) 한산에스메카 333호,0.0,,우주 무기체계의 최적 보험 가입 방안 연구,제2879부대
낙하산전문포장사 자격신설 연구,국방부조사본부,59789017.0,89.675,2020-06-14,(주)이씨마이너,기유경,김주완,"세종특별자치시  조치원읍 번영1길46, 301호, 302호",10933929.0,,24-성남시 고도제한 완화요구 공공갈등 관리방안 연구,국군수도병원
한미동맹의 미래 연구용역,해군본부,74520933.0,94.33,,동국대학교 WISE캠퍼스 산학협력단,백도현,윤정민,서울특별시 용산구 한강대로46길25-0 (한강로2가) 401호,4226712.0,89.564,항공기 RCS/IR Signature 추출 및 해석 연구,국군재정관리단
(236367-B)표적분석용 워크스테이션 구매(리스물건),4284부대,61162127.0,89.904,,라온시스템즈(주),김연수,이기찬,"서울특별시 성북구 정릉로 77, 국민대학교내(정릉동)",96243973.0,97.994,23년 전반기 육군 정책연구과제 연구용역,제2879부대
KUH-1 엔진 시험장비 고장예측시스템 개발 연구용역,해군본부,,89.4,2022-09-17,한국지식재산연구원,김상곤,이나라,대전광역시 중구 계룡로781 (용두동) 1층,87690172.0,,항공전력 도입을 고려한 효율적 운용방안 연구용역,제9691부대
(226220-F)발광분광 분석기 구매,육군교육사령부,75524483.0,89.91,2017-06-26,토리 상사,김회율,고기종,"서울특별시 구로구 디지털로32길 30, 코오롱디지털타워빌란트15층(구로동)",4159395.0,,22-해-금속성분분석기 구매,제2군단
해안복합감시체계 사업 비용분석,드론작전사령부,,,2020-06-09,(주)두두아이티,이재원,임혜영,충청남도 계룡시 서금암3길16-3 (금암동) 101호,103998834.0,89.576,00훈련장 이전 연구 용역,국군제1068부대
정기공수 운영분석 및 최적 노선 선정 알고리즘 개발,국군수도병원,183643641.0,,2024-09-25,태신,이양희,옥창길,"서울특별시 동대문구 고미술로 100, 송화빌딩 303호(답십리동)",93305774.0,,인공지능 무기체계 시험평가 기준 절차 방법 연구,국군대전병원
24-미래 한국공군 훈련기 성능 및 적정 규모 연구,제9227부대,69094184.0,89.049,2020-06-28,(주)디에이치기술단,엄종만,김정자,"서울특별시 송파구 법원로9길26, D동 1104호(문정동, H-비즈니스파크)",0.0,87.99,발칸 열영상 야간조준기 양산사업 비용분석,4284부대
방위산업기술 유출 및 침해 대응체계 구축방안 연구,제2062부대,175097346.0,100.564,,주식회사 녹십자이엠,신창희,전승열,경기도 용인시 기흥구 언동로125번길26-1 (중동) A동 402호,107964269.0,97.465,군 자동소음측정망 설치기준 및 운영방안 연구,중앙행정기관
소화기 소음기 선행연구 용역,국군재정관리단,49282300.0,89.903,,대전대학교 산학협력단,신정희,유보라,"서울특별시 강서구 양천로551-17, 301호 (가양동)",,,웨어러블 로봇 운용개념 연구용역,4284부대
군사훈련장 위험성평가제도 정립을 위한 연구,제2군단,182149029.0,88.614,2024-01-30,원유통,이철호,김지은,"서울특별시 강남구 언주로319, 5층,6층(역삼동,조우회관)",,100.172,19-군 자체 안전보건경영시스템 인증제도 구축 연구,국군재정관리단
기동전투장비의 무인화 운용 적용방안 연구용역,국군화생방방호사령부,,,2019-04-20,에듀크레아,김종호,박계향,"서울특별시 성동구 왕십리로 222, 한양대학교 내 한양종합기술연구원 110호(행당동)",0.0,88.957,19-함정 ORD 작성을 위한 설계/건조 요구조건 연구,제5738부대
AI기술의 분류체계 및 적용방안에 관한 연구,해군교육사령부,63793397.0,89.728,,주식회사 원영전자,염진수,심동석,충청남도 계룡시 두마면 두계리116 계룡대림이-편한세상 109-902,103697946.0,89.551,대량탄약조립장 개선방안 연구,계룡대근무지원단
군사사연구총서군사사(국제분쟁사등)연구용역(과제5),방위사업청(운영지원과),,,,대륙씨엠아이 주식회사,박수진,우재봉,"서울특별시 영등포구 도림로462, 지층6호 (문래동3가, 국화상가)",,88.899,24-공군 적정 상비병력 규모 연구 용역,제9691부대
국방정보체계 SW 품질시험 프레임워크 발전방안 연구,육군종합군수학교,178040994.0,90.005,2019-12-02,주식회사 윈미디텍,손창호,임창흥,서울특별시 노원구 공릉로 232서울과학기술대학교 테크노큐브 2층 산학협력단,120594566.0,,군용항공기 비행안전성 인증업무분석 및 발전방안연구,군
교육 발전방향 연구용역,제2879부대,,90.342,2024-10-16,주식회사 입법정책연구원,,이형원,"서울특별시 서초구 신반포로311, 3층(잠원동, 신영빌딩)",98323437.0,88.347,헬기와 UAV의 통합운용을 위한 비행장 설치방안 연구,기관
장비 고장예측 시스템 개발방안 기초연구 용역,육군군수사령부,71538740.0,89.84,2020-06-15,(주)에스티앤비,김건호,옥창길,"경기도 성남시 분당구 불정로219-0 (정자동, 한솔마을) 청구상가  비108호",103348149.0,,CSRP 화생방 연구 재료 초자 구매,군
00훈련장 이전 연구 용역,해군군수사령부,72358768.0,90.55,2022-07-24,연세대학교 산학협력단,이정근,이재숙,"서울특별시 영등포구 국회대로70길12, 802호 (여의도동,대산빌딩)",6204579.0,88.326,ICBM 기반 통합 시설물관리체계 구축 개념 연구용역,제3170부대
4차 산업혁명 기술 함정적용 방안 연구용역,국방통합데이터센터,407539049.0,,2019-11-06,KEYSTONE CG(키스톤씨지),김한희,손보연,서울특별시 송파구 송이로30길21-0 (문정동),0.0,87.779,민간인력 편성기준 연구(2019K003-B),기관
EMP 군 시험기준 정립방안 연구,국군복지단,139684063.0,100.426,2020-06-15,디엔아이,오현웅,석봉한,전라남도 목포시 용당로225-1 (용당동),104824937.0,89.608,00부대 신축 시설사업 선행연구 용역,제3130부대
신공법교량 폭파방법도출 및 실증실험 연구용역,육군제8971부대,155855644.0,,2021-06-05,주식회사 모렌스,신승호,이종명,서울특별시 송파구 법원로8길9 (문정동) 10층,,97.68,함정구조해석용 모델링 DB 개발 연구(2019H038-E),제3훈련비행단
군 자동소음측정망 설치기준 및 운영방안 연구,국방부군사편찬연구소,57406653.0,,2022-04-11,경안이엔지(주),김흥중,김인승,"서울특별시 용산구 청파로40, 3층 (한강로3가, 삼구빌딩)",,89.03,23년 전반기 육군 정책연구과제 연구용역,제5378부대
안정화 작전을 위한 기반시설 복구부대 운영방안 연구,방위사업청(운영지원과),,89.878,2017-07-10,한국외국어대학교 연구산학협력단,안인수,박재범,"서울특별시 종로구 율곡로6길36 (운니동, 오피스텔월드) 1008호",,,항공용금속재료 가공방법별 기계적물성치측정방안연구,제6619부대
21년 차세대 첨단함정 건조가능성 검토 연구용역(IV),육군정보통신학교,1124697531.0,94.167,2024-03-21,초코인터내셔널 주식회사,정평길,양승국,대전광역시 동구 대학로62-0 (용운동),0.0,97.626,마린온 정비지원체계 방안 연구용역,제3697부대
전인교육 설문지 개발 및 활용성 증대 방안 연구,육군종합군수학교,441533390.0,92.011,,법무법인 집현전,이문걸,조은미,"서울특별시 용산구 한강대로211, 102동 1605호(한강로1가, 대우월드마크용산)",83387577.0,,23년 전투발전 연구용역 세미나 수행 용역(5),국군재정관리단
FF급 함정 손상대응 훈련 시나리오 개발 연구,국방부(운영지원과),61769065.0,,2020-06-24,사단법인 한국사회보험연구소,김용섭,이재원,"대전광역시 유성구 테크노4로17, A동 501호 (관평동, 비즈센터)",94583691.0,89.572,00포대 주변지역 토양오염 원인조사 연구용역,국군재정관리단
(22F067-G) 심리뇌파분석시스템 유지보수사업,공군군수사령부,,89.767,2021-10-21,중원대학교 산학협력단,이승후,심장원,서울특별시 강동구 양재대로1377 (성내동 삼원빌딩 408호),,88.554,대전병원 생화학자동분석기 소모품 60종 구매,제2307부대
국가 우주개발 정책과 공군의 역할 연구,육군공병학교,165797227.0,,,케이엠글로벌,유연호,김성신,서울특별시 강동구 양재대로1377 (성내동 삼원빌딩 408호),0.0,89.523,23년 임무형지휘 연구용역,합동참모본부
24-첨단기술활용한 피아식별(인원) 방안연구 용역,육군교육사령부,,,2016-05-20,농업회사법인 주식회사 서원당,설영만,이준직,경상남도 창원시 마산회원구 삼호로38-0 (양덕동),8636883.0,96.791,21-해양무인체계에 필요한 핵심기술 연구,제7군단
24년 의무장비(수액조절기 분석기) 구매,국군재정관리단,86848100.0,,2020-07-18,(주)동욱씨앤아이,민경찬,백다리아,"서울특별시 용산구 한강대로211, 102동 1605호(한강로1가, 대우월드마크용산)",,86.796,선체고정음탐기 선행연구 용역,39정찰비행단
정책현안 연구용역(2. 두개의 전쟁과 미래전쟁),제9691부대,,96.537,2022-06-11,법무법인(유한)태평양,이덕호,조대현,전라북도 무주군 무주읍 향학로27-1,,,국방안전관리정보체계 최적 구축방안 연구,제2군단
24년 군 양성평등지표 조사 및 분석 연구,공군본부,527254293.0,89.983,2022-04-26,삼성서울병원,류제성,오성열,"서울특별시 강남구 도산대로 507, 대신빌딩205호(청담동)",100291353.0,,음탐센서 시험 KOLAS 인정 사전 연구용역,제3697부대
군사시설 주변지역 지원방안 연구,합동참모본부,,,,주식회사 혜성산업,서선숙,김우중,"대구광역시 북구 태전로1, 101동 302호 (태전동, 태전역 더 뉴클래스)",,89.639,운용함정 손상대응 훈련 시나리오 연구 용역,4284부대
(207118-D)00분석체계 구축자재 구매,제9691부대,,,2020-06-07,에스앤에스이앤지 주식회사,황윤주,유동호,경상북도 구미시 산호대로 56-1(),11297509.0,,미래 육군비행장 발전계획 검증 연구 용역,국군재정관리단
ATCIS 다기능접속장치 회로카드 대체품 개발 연구용역,국군수도병원,,90.166,,고려대학교산학협력단,임준석,이한솔,"경기도 광명시 양지로21-0 (일직동), 제유-플래닛티타워동 1301호(일직동,유-플래닛)",6080625.0,,소형무장헬기 양산 시설사업기본계획 연구용역,제7군단
21년 전투발전 연구용역(2),연평부대,65527499.0,102.927,,주식회사피레타,김자이,신호철,서울특별시 용산구 새창로128-1 (용문동) 2층,0.0,89.11,저피탐 고도화 기술확보방안 연구,제2062부대
(해병)소음측정 및 분석용역,공군미사일방어사령부,71498189.0,89.983,,인하대학교 산학협력단,강현순,김재욱,"서울특별시 금천구 서부샛길606, A동 2407호 (가산동, 대성디폴리스)",96806933.0,89.346,지뢰 등의 탐지·제거 민간대행에 관한 연구,제3130부대
하이드로릭 입자분석기 구매,국방시설본부,155475401.0,,,이상시스템,양금식,남혜정,경상남도 창원시 성산구 창원대로797 (상남동),17224609.0,86.081,물류운영체계 개선 연구용역(21J040-B),기관
판매수수료 현실화 방안 연구용역,종합보급창,79118084.0,,,(재)서해환경과학연구소,손태환,이혜진,서울특별시 마포구 월드컵북로5길59 (서교동),25143155.0,,전인교육 설문지 개발 및 활용성 증대 방안 연구,기관
군 급식비의 적정수준에 대한 연구,국군재정관리단,63020215.0,,2019-01-28,주식회사 피앤씨솔루션,조성희,이수현,"서울특별시 송파구 오금로19길6, 202호(방이동)",113038825.0,99.074,육군 로고를 군수품에 적용하는 방안 연구,국군대전병원
병리장비소모품(생화학자동분석기 등 69종) 구매,국군재정관리단,160522949.0,89.682,2022-11-19,정보기술감리원 주식회사,기유경,이대용,"대전광역시 서구 대덕대로319, 2층 212호(월평동, 우림빌딩)",92444483.0,88.847,전력화장비 후속군수지원 사업 개선방안 연구,군
공군 예비군훈련장 권역화 · 과학화 구축방안 연구,국방지형정보단,,,2017-02-18,고메드,이정석,최임찬,"서울특별시 용산구 청파로 40, 삼구빌딩 1815호(한강로3가)",22854146.0,87.824,(227215-D) 비용분석용 상용SW 구매,제1363부대
17년 전시자원소요분석모델 장비 교체사업,육군보병학교,162444594.0,,2019-07-21,우영상사,이병택,기유경,인천광역시 연수구 송도미래로30-0 (송도동) C동 1315,103744817.0,,방위사업 계약법령 체계화 방안 연구,국군재정관리단
21-해군 재료분석기 구매,공군제17전투비행단,74306407.0,89.895,2022-05-15,(주)볼트시뮬레이션,김재영,김재욱,,23032061.0,,23년 전투발전 연구용역(4),제6619부대
방위사업에 특화된 계약법 제정을 위한 연구,국군지휘통신사령부,,89.933,2019-06-13,(사)한국식품기술사협회,주양효,조희정,"충청북도 청주시 흥덕구 봉명로31 티원타워 지식산업센터 119호, 416,417호",22298062.0,85.546,22-공-소음측정 및 분석시스템 구매(229124-F),중앙행정기관
22-공-분석기  주파수편이용 구매(229037-F),국방부,,89.908,2019-04-04,주식회사 라이언앤코컨설팅,윤태훈,이성태,"경기도 성남시 중원구 사기막골로159-0 (상대원동, 금강하이테크2 아파트형공장) 711호",19435181.0,98.306,항공통제기2차사업 기종결정평가 연구용역,4284부대
정기기초연구과제연구용역(3. 한국군의군수관리...),육군대학,,,2019-08-20,주식회사 동화이엔지,유관우,김기현,전라남도 목포시 해안로148번길14-0 (해안동1가),89336987.0,89.455,전투실험용 휴대형 통합 네트워크 분석기 구매,제2307부대
국방정보시스템 사이버침해대비안전성확보방안 연구,공군제19전투비행단,52417526.0,,2019-06-11,사단법인한국강구조학회,이형걸,유상지,"경기도 성남시 수정구 청계산로686 (고등동), 반도아이비밸리 424호",7160651.0,,2019년도 방위산업기술 보호수준 분석 및 진단연구,국군재정관리단
국방기술기획평가원 설립의 경제적 타당성 분석,제5738부대,,89.582,2024-02-12,주식회사 에스엠플래닛,김보영,원은정,"서울특별시 영등포구 영등포로150,A동 L152호,1304호~1313호",218752244.0,89.615,정기기초연구과제연구용역(8.국가재난사태..),기관
정보분석조용 보관낭 구매,제5378부대,,90.163,2022-04-12,주식회사 케이티에이,김영경,원미정,"경기도 화성시 동탄첨단산업1로27 (영천동, 금강 펜테리움아이엑스타워) A동1708,1709호",0.0,89.052,정밀측정장비(스펙트럼분석기 등 4종) 구매,39정찰비행단
해병 과학화경계시스템 추진방안 연구 용역,공군본부,,89.895,2019-07-06,(주)케이씨이아이,김자이,이지윤,충청북도 단양군 단양읍 상진14길 1(),84186852.0,89.861,오폐수처리시설 기술제안서 평가기준 정립 연구용역,제2879부대
자동염기서열 분석기 소모품 구매 설치,드론작전사령부,1667243849.0,89.887,2023-08-22,주식회사 마에스트로네트웍스,김금남,이다인,"서울특별시 강남구 논현로28길54-0 4층 (도곡동, 덕원빌딩)",,,의무장비-혈액가스분석기 중형 구매,제3130부대
활주로 피해복구용 골재 품질기준 및 관리방안 연구,합동상호운용성기술센터,66234669.0,,,노브식스,최철욱,정주교,"경기도 고양시 일산동구 중앙로 1233, 현대타운빌 1305호(장항동)",9839545.0,89.253,개발사업 군사작전 영향검토 및 법제화 방안 연구,제9227부대
지능형 전군 악성코드 수집분석체계 구축(리스물건),제2062부대,158366245.0,100.309,2024-04-25,(주)심네트,권현한,심지민,경기도 김포시 양촌읍 황금1로89 (학운리2962),,,민군복합타운 조성을 위한 제도적 방안 연구,제2307부대
전술정찰정보수집체계 경미한 성능개량 사업분석,국방부(운영지원과),64960865.0,97.986,,주식회사 알앤엠텍,정진욱,양용진,"광주광역시 북구 양일로168-10, 비동 1층(양산동)",0.0,,열중량분석기 등 1종 구매,연평부대
전투발전 연구용역 과제 세미나 수행 용역,국방부,446082593.0,90.067,,주식회사 유니텍,박종석,민희숙,서울특별시 강남구 논현로189길6 (압구정동),111004854.0,89.868,항-16-007 자동면역분석기 시약 등 35종,군
정책현안 연구용역(2. 두개의 전쟁과 미래전쟁),국군재정관리단,67578996.0,,2024-05-17,한국환경설계(주),박병훈,오원석,충청북도 충주시 대학로50-0 (대소원면),,89.163,정밀루트 및 문화재 지표조사 연구용역,제9691부대
주요 비행피복류 맞음성 개선 및 표준화 연구,제3훈련비행단,,89.799,2017-04-15,주식회사 이노메디케어,장우영,이광수,서울특별시 금천구 가산디지털1로171-0 (가산동) 가산SK V1 센터 1505호,,83.551,군인 주거보조비 도입방안 연구,제3170부대
2017년 의무장비 요분석기 구매,국군재정관리단,,,2021-10-20,(주)케이엔에스,성순이,전동애,충청남도 논산시 양촌면 황산벌로1040,,88.867,미군 전투실험 논리 및 기법의 우리군 적용방안 연구,제7군단
안보학술진흥연구용역(1.국가안보문제에관한이론),공군제38전투비행전대,,,2024-05-16,(주)우림데이타,허준행,신남선,서울특별시 마포구 동교로183-11 (동교동) 한국정치학회빌딩 4층 한국정치학회,5094802.0,89.034,지상전술C4I체계 2차 성능개량 비용분석,제2879부대
군사사연구총서베트남전쟁관련주제연구용역(과제3),공군제19전투비행단,80633163.0,90.111,2020-06-11,디엔아이,김회율,이승재,서울특별시 영등포구 국제금융로6길33-0 (여의도동),,89.118,22-7차 연구장비 구매 계약 - 멸균소독기 소형,제3707부대
21-04-142 신호분석기 등 3 품목,공군방공관제사령부,,90.014,2023-04-17,주식회사 아레스,정영석,박장권,대전광역시 중구 계룡로781 (용두동) 1층,5989484.0,,신호분석기 1EA,합동참모본부
(236208-E) 차륜정비장비(분석기 차량엔진용) 구매,국방부조사본부,447339005.0,90.126,2024-02-25,(주)케이씨이아이,신명화,김산회,"서울특별시 종로구 자하문로24길58, 1,2층(효자동)",119694595.0,,자동염기서열분석기 구매,제9691부대
군사훈련장 위험성평가제도 정립을 위한 연구,제3170부대,171984295.0,,2020-03-07,주식회사 아이앤비,최규식,김용오,경기도 용인시 처인구 모현면 외대로 81(),99516535.0,89.29,미래 육군 전술감시체계 운영개념 정립 기술연구 용역,국군의무학교
공군 품목관리관 자격인증제도 도입방안 연구용역,육군화학학교,51210475.0,89.989,2022-09-01,아이티 월드,김흥중,김채미,경상남도 진주시 정촌면 연꽃로141,19162018.0,,군 물류관리 훈령 제정 연구,제20전투비행단
24-F-비용분석용 상용SW 구매,육군항공학교,71458630.0,89.248,2017-06-11,주식회사 아레스,손영일,김영삼,서울특별시 동작구 흑석로84 (흑석동),90456485.0,88.812,잠수함 시운전 제도 개선방안 연구,제9227부대
한국형 국방 우주력 발전 전략 연구,해군군수사령부,85734292.0,102.369,2020-06-14,재단법인 한국군사문제연구원,이희우,송현상,"부산광역시 영도구 태종로727(동삼동, 한국해양대학교) 산학허브관 403호",,,23년 전투실험(연구용역사업),제6619부대
국방표준서 제정(3차) 연구,육군본부,,89.85,,서우컴퍼니,어 기호,송귀섭,"대구광역시 달서구 달구벌대로1095-0 (신당동, 계명대학교)",0.0,89.561,(217097-E)차세대유전자 서열분석기 구매설치,국군재정관리단
직ㆍ간접 전투경험 공유확대 연구용역,제9691부대,,90.143,2019-06-14,젠트리거,황조연,배정원,"서울특별시 용산구 청파로47길 100, 숙명여자대학교내(청파동2가)",0.0,80.131,방산소재 개발사업 기획 및 인증체계 구축 연구,국군제1068부대
무인항공기 무인비행장치 전문 운용사 자격신설 연구,육군대학,,92.065,,아주바이오텍,김종원,최경환,경기도 남양주시 진접읍 양진로816-28,111922040.0,,국방아키텍처 메타모델 표준화 구축 및 활용방안 연구,국군재정관리단
2017년 의무장비 요분석기 구매,육군교육사령부,57400080.0,89.853,2024-04-08,주식회사 에스유지,김영욱,김경모,"서울특별시 송파구 법원로127-0 (문정동,대명벨리온)1117,1118호",7030097.0,99.076,23년 의무장비(전기수술기 분석기) 구매,계룡대근무지원단
2018년 서울안보대화 사이버워킹그룹 지원 연구,국방부,,89.749,2019-04-28,사단법인 미래안보산업전략연구원,윤지성,윤형규,"서울특별시 서대문구 수색로138-0, 2층(북가좌동)",,,군 자동소음측정망 설치기준 및 운영방안 연구,연평부대
ATCIS 다기능접속장치 회로카드 대체품 개발 연구용역,육군화학학교,54001932.0,,2022-12-26,HF테크,김유혁,박연희,전라남도 목포시 용당로225-1 (용당동),0.0,89.657,00시설 화생방 방호시설 개선방안 연구용역,중앙행정기관
방위사업의 산업파급효과 계수 도출을 위한 연구,국군화생방방호사령부,,,2019-08-08,한국환경설계(주),최미옥,김정옥,"경기도 군포시 엘에스로182번길34-24, 2층 (산본동)",119750174.0,,유류 소분배 계통 자동화관리 연구,중앙행정기관
민 군 통합 수송운영체계 구축 수송물류 비용분석,제3697부대,,,2022-06-18,한양대학교 에리카산학협력단,김보연,이준직,서울특별시 종로구 종로3길17 (청진동 디타워 디2),,94.773,22-해병-지능형 사이버침해사고 조사분석체계 구축,합동참모본부
미래 특수작전수행 개념과 전력발전 소요 연구용역,국방전산정보원,62168294.0,,2017-06-06,주식회사 제이에스원,김시근,문우정,경상북도 경산시 서상길85-0 (서상동),38975779.0,89.175,25년도 안보정세전망 연구용역,군
한국형 모듈화 부대구조 필요성과 편성 방안 연구,국군의무사령부,97975981.0,90.278,,(주)에이치엔에스바이오,전동애,최미정,경기도 파주시 산남로26번길101-0 (산남동),,,침낭 품질개선 선행연구 용역,제2879부대
EMP방호 개선방안 연구,공군군수사령부,,,,(주)엔코라인,성순이,김진송,"서울특별시 강서구 마곡중앙5로22, 7층(마곡동)",98069410.0,,헬기와 UAV의 통합운용을 위한 비행장 설치방안 연구,기관
공군 휴대용 소형무인기 대응체계 연구 용역,합동상호운용성기술센터,474869240.0,,,(주)다큐멘테크,정의붕,최효정,경상북도 구미시 산호대로 56-1(),,98.418,방위사업의 산업파급효과 계수 도출을 위한 연구,제3707부대
2019 서울안보대화 프로그램 기획 및 발전방향 연구,육군항공학교,,,2022-03-02,주식회사 서경방송,이용준,김다예,"경상남도 창원시 마산합포구 경남대학로7-0 (월영동, 경남대학교)",115682594.0,88.608,군사훈련장 위험성평가제도 정립을 위한 연구,국군재정관리단
17-군 세차 폐수처리시설 운영 개선방안 연구용역,제3697부대,,90.486,2020-06-11,주식회사 휴콤,곽민수,전형준,"경기도 의왕시 오봉산단3로25, 1동 303호(삼동, 의왕테크노파크더리브비즈원)",14187843.0,89.003,4차 산업혁명 연계 군시설 관리체계 연구 용역,제7군단
잠수함 지휘통신체계 경미한 성능개량 사업분석,국방정보본부,,,2019-03-18,(사)한국지방자치학회,배정숙,유재은,,6506161.0,,유류시험장비(가스성분 분석기 등 2종) 구매,국군제1068부대
전원품질 분석기 구매,국군화생방방호사령부,172987899.0,,2022-04-21,나우통상,김수상,김재현,"경상북도 구미시 대학로 61, 금오공과대학교 산학협력단(양호동)",,89.592,NCoE 구현을 위한 합참중심 QoS 모델 연구 용역,제3훈련비행단
사이버정보(수집·분석·관리)시스템 구축방안,공군교육사령부,57799169.0,90.161,2023-10-07,성도교역,이용준,오중택,"경기도 안산시 단원구 광덕3로145-5, 3층 301-66호 (고잔동)",6033732.0,,군 자동소음측정망 설치기준 및 운영방안 연구,연평부대
18-수동소나의 합리적인 작전운용성능 설정방안 연구,공군방공관제사령부,,95.363,2019-10-16,다빅솔루션주식회사,이문걸,김우중,"대전광역시 유성구 자운로157번길132, 912동 102호 (신봉동, 자운대아파트9단지)",,89.566,의무장비 구매(자동분석기 생화학용),합동참모본부
해양 무인무기체계별 효과도 분석 통한 전력소요 검증,공군군수사령부,76143885.0,100.065,,디와이아이앤씨주식회사,강길영,전동애,"서울특별시 영등포구 63로 32, 라이프콤비빌딩702호(여의도동)",,,한국형 손상통제 모의훈련형 CBT 구축방안연구,국군재정관리단
KUH-1 엔진 시험장비 고장예측시스템 개발 연구용역,제6619부대,,,2020-06-23,육군군사전략연구소,박종호,장현주,"서울특별시 서대문구 신촌로109, 비2호(창천동, 신촌르메이에르타운5)",,96.704,24~'25년 상층대기분석장비 유지보수,기관
열상감시장비 초음파모터 등 3종 정비개발 연구용역,해군군수사령부,1625858019.0,89.754,,사단법인 한국기업연구원,최태묵,남해린,"경상남도 창원시 마산합포구 해안대로91, 상가 205호(해운동, 경민시티빌)",,,(23F009-A)지리공간지형분석 Terra SW 등 금융리스,제2307부대
국방정책 연구지원 발전 기획 연구,국군복지단,67431398.0,89.879,2022-09-01,사단법인 한국국가전략연구원,민명복,이태훈,"부산광역시 남구 용소로45(대연동, 부경대학교내)",1907062.0,88.961,00부대 정보체계 취약점 분석 시스템 구매,제3130부대
정보통신부대의 조직발전방향 연구,육군정보학교,1276285930.0,90.4,2022-11-20,(주)이지랩아이앤티,김석용,박종부,충청북도 청주시서원구 개신동446-2,0.0,89.913,지형분석용 드론 제조,군
“제○○○특공여단 부대사” 연구 용역,국방부(운영지원과),510556408.0,90.01,2020-06-10,대륙씨엠아이 주식회사,최양열,서정대,제주특별자치도 제주시 첨단로251 (영평동),6038442.0,89.305,민군복합타운 조성을 위한 제도적 방안 연구,합동상호운용성기술센터
함정 총수명주기 고려 탑재장비 획득방안 연구 용역,공군제10전투비행단,68180626.0,,2017-04-05,(주)리서치랩,김우경,김영숙,전라북도 무주군 무주읍 향학로27-1,22899350.0,88.865,대대급이하 전투지휘체계(B2CS) 양산사업 비용분석,국군제1068부대
육군 항공관제 시뮬레이터 연구개발,국방부 국방정책실,80876434.0,87.034,2016-12-28,직업교육정책연구소,김범준,심유진,서울특별시 강서구 양천로401 (가양동) 강서한강자이타워 B동1503~1506호,7316592.0,73.367,국방아키텍처 메타모델 표준화 구축 및 활용방안 연구,계룡대근무지원단
차세대 첨단함정 건조가능성 검토 연구용역(III),국방부유해발굴감식단,60927940.0,,2017-10-29,사단법인 한국갈등학회,장우영,최선미,"서울특별시 강남구 역삼로17길57, 그랜드빌딩 B1층 (역삼동)",144766877.0,97.234,해병대 간부 및 병 획득율 제고를 위한 개선방안 연구,대학
성능개량 전파분석체계도입사업,국방대학교,57662660.0,89.93,2019-08-03,주식회사 아레스,김동신,,"경기도 성남시 수정구 위례대로83(창곡동, 국방문화센터)",87243415.0,89.323,국군의학연구소 자동혈구계산기 중형,중앙행정기관
美 안보지원관리교범(SAMM) 최신화 및 번역 연구,국방부군사편찬연구소,,89.39,2024-08-07,정보와기술 주식회사,김상인,주정만,"서울특별시 서초구 서초중앙로 69, 르네상스오피스텔 1406호(서초동)",0.0,89.139,국방인력획득 효율성 제고를 위한 발전방안 연구,제20전투비행단
차륜형지휘소용차량 시설사업기본계획 연구용역,국방시설본부,79506406.0,90.491,2022-12-26,(사)한국산업기술보호협회,류재산,김진수,부산광역시 사상구 학장로135번길62 (학장동),103652020.0,,방탄 방호성능 기초연구용역,제9227부대
인사교육장교 경력관리 개선을 위한 연구용역,육군정보통신학교,177117602.0,90.216,2019-08-28,주식회사 티이디컨설팅그룹,박수진,유근영,경기도 김포시 월곶면 김포대로2708-37,0.0,89.446,지능형 악성코드 수집분석체계 라이선스 구매,제1363부대
(217074-C) 의무장비(자동분석기 생화학 대형) 구매,육군항공학교,,90.28,2022-12-08,(사)한국산업기술보호협회,문미옥,김성찬,"경기도 성남시 중원구 둔촌대로457번길 27, 우림라이온스밸리1차815(상대원동)",0.0,88.63,스위치 누름식(연구개발),군
국방 분야 초거대 AI 적용 방안 연구,육군보병학교,155066234.0,89.9,2019-12-11,에이치제이엘,이권민,김지원,"경상남도 창원시 마산회원구 자유무역3길208, 3층 301호(양덕동,혁신지원센터)",118311421.0,88.056,16년 차세대 첨단함정 건조가능성 검토 연구용역,4284부대
22-美 해군 6.25전쟁 분석자료 번역 용역,국군의무사령부,79153279.0,,2022-03-27,주식회사 길상산업,김규형,김민재,"경기도 성남시 중원구 순환로210-0 201,202,203,204,205호(상대원동, 이노트리아파트형공장)",5738258.0,100.53,FA-50 성능개량 방안 연구,국군재정관리단
연구장비(가스크로마토그래피) 구매 계약,해군본부,170009617.0,89.574,2020-06-07,경남대학교 산학협력단,신준호,황인선,충청남도 아산시 삼동로40 (모종동)3층 301-37호,111617620.0,,(21F049-I)제2軍 대테러 종합훈련장 선행연구 용역,제7군단
22-4차 연구장비 구매 계약 - 세균배양기 CO2,육군인사사령부,,89.766,2020-06-21,진해상사,김종광,김태욱,"경기도 성남시 중원구 광명로94번길14, 지하1층(성남동)",0.0,89.883,해병 과학화경계시스템 추진방안 연구 용역,중앙행정기관
(21F049-I)제2軍 대테러 종합훈련장 선행연구 용역,공군교육사령부,59622470.0,,,유더블유티,박충권,권연주,"대구광역시 북구 태전로1, 101동 302호 (태전동, 태전역 더 뉴클래스)",13521880.0,96.756,국방우주력 발전을 위한 민·군 기술협력 방안 연구,4284부대
분석기 주파수편이용 2EA 구매(20199199-I),방위사업청(운영지원과),159351154.0,90.321,2017-02-22,(사단) 한국정치학회,나승식,김민재,"서울특별시 노원구 동일로1456-0 (상계동, 상계주공7단지아파트)",6339519.0,,23-D-감정장비(면역화학분석기) 구매,국군재정관리단
육군 부사관학교 시설종합발전계획 연구용역,국방부(운영지원과),,101.362,,고려대학교산학협력단,이윤문,박재형,광주광역시 광산구 풍영철길로15(콜롬버스월드 302호),83264137.0,89.432,2019 서울안보대화 프로그램 기획 및 발전방향 연구,제2879부대
24년 의무장비(요분석기) 구매,국방부조사본부,,89.822,2017-02-11,제이에스전자,김하근,정아름,"대전광역시 서구 둔산대로117번길44-0 (만년동, 엑스포오피스텔619호)",0.0,84.093,AI유무인 복합체계 활용 방안 연구,중앙행정기관
20년 수송기술병참선 제원 연구용역,제7군단,74754773.0,89.801,2019-10-18,에듀크레아,권택조,이다인,"서울특별시 종로구 삼봉로81-0 (수송동, 두산위브파빌리온) 1137호",17531700.0,,LVC 연동체계 개발을 위한 아키텍처 설계방안 연구,제2879부대
상륙돌격장갑차-Ⅱ추진전략에 관한 연구용역,공군군수사령부,172826399.0,100.899,,주식회사 넥스트아이앤아이,염진수,이향천,대전광역시 대덕구 대전로1397번안길70-0 (읍내동),0.0,,특수전지원함 등 2종 사업분석,제2879부대
22-15차 연구장비 구매 계약 - 진탕욕조,육군공병학교,,,2018-10-30,나우통상,천훈아,이형원,"서울특별시 영등포구 양평로149-0, 1106호 (양평동5가)",0.0,76.87,공군 우주분야 인력관리 발전방안 연구,제7821부대
항-18-066 자동면역분석기 시양등 47종,공군교육사령부,1286439836.0,,2019-11-21,(주) 솔포스텍,김유미,박소영,경상북도 상주시 화서면 봉촌1길75-0,10358111.0,89.437,국회 협력 조직 및 업무 개선 방안 연구,합동참모본부
음성분석기 구매,공군제15특수임무비행단,45079250.0,89.987,,초코인터내셔널 주식회사,유인목,임근우,"서울특별시 성북구 종암로22길12-8, 2층 201호(종암동)",711260.0,89.095,17-방공관제사-4 보급수송 신호 분석기,국군재정관리단
정기기초연구과제연구용역(8.국가재난사태..),국군제1068부대,71144895.0,,2017-05-26,태성네트웍스 주식회사,이상환,민정화,대전광역시 대덕구 대전로1397번안길70-0 (읍내동),0.0,,보코더 특성분석 플랫폼 개발 연구용역,4284부대
[24-육-173] 영상분석 SW 라이선스 구매(리스물건),국군재정관리단,66488146.0,,2016-12-05,주식회사 엔브이티,권민정,양희성,대전광역시 유성구 대학로291-0 (구성동) N7-7111,0.0,89.48,20-조난위치지시 무선송신기(잠수함 부이용) 연구개발,제1363부대
원격제어조립체 개발 연구개발(2019H027-B),육군교육사령부,,89.995,2022-03-25,주식회사 한국심리평가원,김상인,이재광,"서울특별시 구로구 디지털로33길11-0 (구로동, 에이스 테크노타워8) 1406호",,89.489,전략환경 변화에 따른 공군전투기 전력 구축방안 연구,국군재정관리단
LVC 연동체계 개발을 위한 아키텍처 설계방안 연구,해군군수사령부,157766889.0,,2021-02-14,주식회사 쿤스트에프케이,남궁복자,김근우,"충청북도 청주시 청원구 대성로298-0 (내덕동, 청주대학교)",119818491.0,,국내개발 항공기 성능개량 및 관리(대체)방안 연구,국군재정관리단
휴대용 화학물질분석기 등 2종 구매(20197097-D),국군수송사령부,76053414.0,,2020-06-29,라온시스템즈(주),이호준,조윤규,서울특별시 관악구 남부순환로1808 (봉천동) 1414호,0.0,88.996,23-F-분석기 표면마무리용 접촉용 구매(239016-F),중앙행정기관
국방획득 유연성제고 위한 선진국 획득사례 연구,해군본부,162198329.0,,2022-09-13,디에이전,조홍덕,김진수,"대전광역시 대덕구 대화로120, 7층 729,730호(대화동, 가온비즈타워)",,,헬기 보조동력장치 시험장비 개발 연구용역,군
0000 00 체계 분석 자재 구매,국군제1068부대,59962022.0,,,(사)한국식품기술사협회,김흥광,김지은,"서울특별시 동작구 상도로133, 5층 (상도동, 두덕빌딩)",5916323.0,89.28,운용함정 손상대응 훈련 시나리오 연구 용역,중앙행정기관
18년 분석용모델 유지보수 용역,4284부대,79063205.0,90.079,2024-01-20,(주)상보기업,정의승,윤정숙,경상남도 진주시 소호로101-0 (충무공동),90178191.0,,상륙돌격장갑차-Ⅱ추진전략에 관한 연구용역,군
방위사업의 산업파급효과 계수 도출을 위한 연구,국군재정관리단,72677666.0,101.904,2017-06-18,(주)제트코,이경미,박문희,"경기도 성남시 수정구 위례대로83(창곡동, 국방문화센터)",0.0,86.077,2022년 의무장비(혈액가스및전해질분석기) 구매,제9691부대
분석기  스펙트럼,합동상호운용성기술센터,,90.214,2023-09-21,(주)하이엠디,남기출,구종우,"서울특별시 송파구 법원로11길25-0, A동 1310호(문정동, 에이치비즈니스파크)",14161492.0,,기갑/기계화부대 중대급 교전훈련장비 2차 선행연구,제9691부대
통섭형 인재 육성을 위한 직무순환 방안 연구 용역,국방부(운영지원과),167122881.0,84.517,2020-07-01,엔에이치네트웍스 주식회사,유현우,배영실,경기도 남양주시 사릉로33번길1-4 (금곡동)C동3층301호,3659408.0,,저고도 공역 통합 관제체계 연동 소요 연구용역,기관
안보학술진흥연구용역(1.국가안보문제에관한이론),방위사업청(운영지원과),,89.503,2023-12-02,에이치디현대중공업 주식회사,권정환,양정학,경기도 김포시 대곶면 송마로52번길61-66,,98.882,방산수출을 위한 DFAR(美 국방조달규정) 번역 및 연구,합동상호운용성기술센터
전술항법장비(TACAN) 시설사업기본계획 연구용역,육군교육사령부,60584573.0,88.053,2020-06-26,주식회사 휴먼컨설팅앤메니지먼트,조완제,홍세준,"서울특별시 강남구 광평로281, 10층(수서동, 수서오피스빌딩)",2154070.0,,육군 핵심가치 실천수칙에 관한 연구 용역,4284부대
지형 지질등을 고려한 지하형 탄약고 신축타당성 연구,제3훈련비행단,50844346.0,89.968,2024-07-09,주식회사 케이원,정안수,이희국,경상남도 창원시 성산구 가음로101번길22-6,5735961.0,,안보학술연구용역(4.한국의군사전략),제2307부대
국제공동연구용역(1.한국-NATO안보ㆍ국방...),한미연합군사령부,54032529.0,89.228,2020-06-07,노무법인 디와이,이주열,이창환,부산광역시 사상구 학장로135번길62 (학장동),,88.937,단안형 야간투시경 경미한 성능개량 사업분석,제3170부대
AI 기반 6세대 전투기 운용개념 및 발전방안 연구,국군수도병원,81902092.0,89.948,,에스엔케이와이즈주식회사,성현모,임근우,"전북특별자치도 군산시 임피면 호원대3길 64,",,,24년 의무장비(자동분석기 생화학용 중형) 구매,제7821부대
동편활주로 재포장사업 선행연구 용역,공군본부,62261374.0,90.411,2020-06-05,엠에스원디지털 주식회사,신범수,조종열,"대전광역시 유성구 대학로 99(궁동, 충남대학교)",101865804.0,88.576,전시자원소요분석모델 장비 교체사업 리스,국군의무학교
무기체계 공급망 관리(SCM) 최적화 프로세스 연구,국방대학교,,91.483,2022-01-14,한국생산성본부,김성훈,이형민,"서울특별시 동작구 상도로133, 5층 (상도동, 두덕빌딩)",,89.259,주요 선진국의 획득제도 사례분석을 통한 시사점 연구,군
K1A1전차 성능개량 사업분석,공군제15특수임무비행단,1646949834.0,,2019-11-10,휴뷰티,이문걸,김남희,경기도 김포시 양촌읍 대곶남로580번길38-0,6908468.0,,스펙트럼분석기 2종 구매,국군재정관리단
2023년 서울안보대화 프로그램 기획 및 발전방향 연구,공군군수사령부,,89.944,,신승하이텍,오육환,윤지성,"서울특별시 강서구 양천로583 우림블루나인비즈니스센터 비동 1608호, 1609호",,83.169,무건리훈련장 갈등영향분석 용역,제9691부대
의무장비(생화학자동분석기 등 2종) 구매(17-207),국방통합데이터센터,63215567.0,,2021-09-09,영남대학교산학협력단,강현순,남궁성호,"서울특별시 서초구 서초대로45길19, 2층 (서초동, 광문빌딩)",4123335.0,,감염 및 외상분야 군의료 특성화 연구용역,제7016부대
국내 대형민간항공기 활용 공중발사 가능성 분석 연구,국방시설본부,,93.095,,주식회사 누리아이코리아,김성찬,안민식,"경기도 고양시 일산동구 강석로33, (백석동, 대우IAAN) 2층 217호",104769266.0,88.914,K9자주포 연료펌프 성능개선 시제품 개발 기술 용역,군
24년 자동염기서열분석기 검교정 등 정비,제3697부대,96382967.0,100.444,2020-06-24,에스원세이프,한아름,문영옥,"서울특별시 강남구 테헤란로520, 2층(대치동, 삼안빌딩)",,,워리어플랫폼 미래단계 추진방향 연구용역,군
TDS와 연계한 억제작전 평가체계 연구,제3707부대,86016746.0,,2019-02-08,에이치제이엘,안주섭,남은숙,"서울특별시 송파구 법원로11길25-0, A동 1310호(문정동, 에이치비즈니스파크)",46149428.0,,신호분석기 1대 구매,제9965부대
방위사업비리 가중처벌 법안에 대한 연구,공군항공안전단,155114989.0,100.249,2022-04-20,대길상사,김보명,김지현,서울특별시 금천구 가산디지털2로123-0 (가산동) 월드메르디앙벤처센터 2차 317호,,,군사사 연구총서1차/2차세계대전관련연구용역(과제2),4284부대
모바일기기 증거분석체계 구매(교체) 리스,공군본부,80412465.0,90.051,,고신대학교 산학협력단,백다리아,김혜진,경기도 수원시 장안구 하률로12번길80-0 (천천동),0.0,88.661,동서지형의 차이를 고려한 부대 및 전력구조 연구용역,제7군단
국방 모바일 환경 구축을 위한 기반 연구,제9691부대,,,2024-05-31,주식회사 애니캐스팅,김대웅,양진,대전광역시 유성구 대학로291-0 (구성동) N7-7111,0.0,89.328,복합식 소해장비 자기/음향 측정장비 연구개발 사업,합동참모본부
‘22년 항공관제 분석체계 유지보수,제2879부대,83963571.0,97.729,2019-03-04,이상시스템,최아진,조동원,대전광역시 유성구 대학로291-0 (구성동),,84.486,23-F-최대전력 분석기 구매,국군재정관리단
4차 산업혁명 기술적용 연구용역,국군화생방방호사령부,83128605.0,89.337,,국방대학교산학협력단,김경섭,김한욱,경기도 안양시 동안구 흥안대로445(평촌동) 제6층 615호 안양평촌동지식산업센터,,,상륙돌격장갑차-Ⅱ추진전략에 관한 연구용역,제2군단
22-함정 포배열 체계 개선 및 발전방향 연구,해군군수사령부,89244829.0,94.314,,사단법인 대한민국 육군발전협회,한민구,유선희,"서울특별시 마포구 월드컵북로501-0 (상암동, 상암월드컵파크9단지)904동1005호",,89.624,공개SW 군 확산을 위한 정책수립 연구,군
공군 전략급 자산 대테러 작전개념 연구용역,해군사관학교,63470057.0,90.316,2020-06-26,재단법인 중소조선연구원,최용석,김승준,"대전광역시 유성구 테크노4로17, A동503호(대덕비즈센터)",,96.23,한국형 비용분석 전산모델 고도화 ISP 수립,군
탄약안전관리사 및 항공소방구조사 자격신설 연구,국방부(운영지원과),64253170.0,,2019-09-11,주식회사 에스엠플래닛,김연수,김도경,서울특별시 강남구 언주로 716(),91480445.0,96.136,2019년 의무장비(요분석기) 구매-재투자,기관
국방사업관리사 자격제도 관리 및 활용강화 연구,해군본부,,90.451,2019-09-15,씨지에스아이티(주),정영석,남혜정,"서울특별시 구로구 디지털로30길28 마리오타워 601~605, 618호",89462439.0,88.645,중형기동헬기(UH/HH-60) 성능개량사업 비용분석,군
20~21년 분석용모델(3종) 유지보수 용역(2019F173-C),해군작전사령부,58347170.0,89.95,2024-03-28,주식회사 셀젠텍,황순용,김재필,"대전광역시 서구 대덕대로319, 2층 212호(월평동, 우림빌딩)",,89.467,차기 탑재/양륙 모의체계 개발 개념 연구 용역,중앙행정기관
00 0000 분석체계 구축,국군의무학교,162749144.0,,2023-12-18,주식회사 이에스,임채익,최재영,강원특별자치도 춘천시 강원대학길1 (효자동),,97.929,작전환경고려 전투실험 방법 및 평가 분석방법 연구,국군재정관리단
(20F088-A)소음영향도 작성을위한 소음측정및분석용역,해군작전사령부,,89.194,,(주)다큐멘테크,최명진,원은정,"경기도 용인시 처인구 모현읍 외대로25번길12-26 (라인빌리지), 201동 302호",,89.52,국방과학기술료 고시 개선방안 연구,국군재정관리단
국방연구개발사업의 성과조사.분석 연구,방위사업청(운영지원과),,89.483,2022-09-04,(사)한국기상전문인협회,석수진,함혜련,"서울특별시 서대문구 충정로53-0 (충정로2가, 유원골든타워오피스텔) 1701호",,,군 VoiP 교환시스템 통합운용방안 연구 용역,제9227부대
(20F168-I)00부대 부대개편 시설사업 선행연구 용역,육군 제3808부대,41980756.0,,2023-12-28,주식회사 위우너스,강석균,김영숙,"서울특별시 강남구 테헤란로309, 1118호 (역삼동, 삼성제일빌딩)",,,전자파 측정/분석을 위한 송신장치 개발용역,군
K10 탄약운반차량 경미한 성능개량 사업분석,육군군수사령부,57327047.0,89.662,2019-03-26,(사)대한영양사협회,최재붕,구종우,서울특별시 은평구 서오릉로25길20-4 (구산동) 1층,2748174.0,,산악지역에서의 적정 무기체계 및 전투수행 방법 연구,제9691부대
(상생협력실)갈등영향분석 연구용역(C013),육군제8971부대,,,2019-09-30,유한회사 무궁화통신건설,권오형,김호영,"경기도 고양시 덕양구 삼원로73, 721호(원흥동, 원흥한일윈스타)",,88.822,5G 기반 스마트 교육훈련단 구축 및 운영 연구용역,국군재정관리단
군 C4I체계 보호방안 연구 용역,국방부(운영지원과),2022272509.0,,2016-09-07,롯데캐피탈(주),김민철,양금식,서울특별시 강남구 테헤란로77길11-19 (삼성동) EAN빌딩,0.0,94.97,함정 GPS 함속력계 신호 변환 장치 개발 연구용역,제9965부대
해상감시레이더-II 양산사업 비용분석,국방부,146475647.0,,2024-08-01,주식회사 디티알기술사사무소,권시형,박정서,경상북도 경주시 동대로 123(석장동),,,해병대 데이터 관리 및 활용 발전 방안 연구,39정찰비행단
24-미래 한국공군 훈련기 성능 및 적정 규모 연구,국방전산정보원,,89.988,2022-07-14,,김태동,박정수,서울특별시 영등포구 여의대방로43나길20-0 (신길동),,89.044,(246261-F) 차량엔진 분석기 구매 ,제3697부대
박찬극 제독 평전 편찬 연구용역,합동상호운용성기술센터,175103999.0,,,주식회사 발렌베리,허성일,김정희,강원도 원주시 문막읍 석지1길283,91005512.0,89.262,상륙돌격장갑차 수명유지를 위한 방안 연구용역,기관
화생방 연구활동 기술용역 재료 초자 구매,해군본부,,89.145,2020-05-15,주식회사 파이안,서용석,김도경,인천광역시 미추홀구 인하로100-0 (용현동) 인하대학교,,88.814,(247354-C) 액체크로마토그래피 이중질량분석기 구매,제3130부대
위험평가를 위한 공격표면 및 평가방법 연구,제7군단,,,,주식회사 테너지소프트,박희원,김인해,"대구광역시 달서구 달구벌대로1095-0 (신당동, 계명대학교)",,97.528,(236043-G) 23년 모바일·IoT 조사분석체계 도입사업,기관
(246202-D)지형분석장비 교체사업(리스자산),국방통합데이터센터,,100.486,2023-11-09,주식회사 동영상사,허건영,조명희,충청남도 아산시 삼동로40 (모종동)3층 301-37호,11606186.0,,사이버 자산정보 수집 분석체계 라이선스 구매,제9227부대
(227164-C)연구활동 재료(시약) 구매,국방부(운영지원과),69237904.0,89.911,2019-09-04,(주)시큐에이스,김태영,이동화,"경기도 고양시 덕양구 원당로135번길52-0 (주교동, 은하아파트) B동 지층 1호실호",90368396.0,88.836,세계안보정세분석 연구용역,제9691부대
V-C 체계간 연동기술 연구,육군훈련소,,90.426,2019-02-20,주식회사 선화무역,주인웅,전옥녀,충청남도 홍성군 홍북읍 홍예로213-0 (엘에이치스타힐스) 121동 2201호,7547701.0,,민간군사기업(PMC) 등 민간 아웃소싱에 대한 개념연구,국군복지단
정밀측정장비(스펙트럼분석기) 구매,제9691부대,,,,주식회사 휴콤,이승모,김태형,경기도 용인시 처인구 모현면 외대로 81(),0.0,88.735,전투복 위장무늬  디자인 및 적용소재 연구용역,국군재정관리단
정책연구용역(군견 관련),공군교육사령부,73544841.0,90.142,2017-01-02,주식회사 씨이지앤드플러스,이권민,정아름,충청남도 홍성군 홍북읍 홍예로213-0 (엘에이치스타힐스) 121동 2201호,,,한국해군 협동교전절차(CEC) 수행방안 연구용역,군
조종사 피로관리 프로그램 개발 연구용역,해군본부,61099538.0,,2022-07-27,,조동원,최예슬,충청남도 논산시 양촌면 황산벌로1040,118478204.0,88.812,CSP 획득개선 및 무기체계 가동률 향상방안 연구,군
교육용 패킷 분석장비 라이선스 구매,육군교육사령부,72102894.0,90.458,2018-11-20,(사단) 한국정치학회,이귀숙,김성신,"대전광역시 유성구 대학로31-0 (봉명동, 유성한진오피스텔) 2215호",,88.819,저피탐 고도화 기술확보방안 연구,국군재정관리단
K1A2 전장관리신호처리기 시험장비개발 연구용역,제7821부대,60666962.0,89.766,2022-07-20,노원 상사,동중영,박장권,서울특별시 서초구 사임당로32 (서초동) 재우빌딩 9층,0.0,89.493,지질자원연구원 MASINT DATA 수신체계 구축사업,합동참모본부
21세기형 선진해군문화 연구,국군재정관리단,63103023.0,99.217,2022-09-26,(주) 웃샘,전옥녀,진주,경상남도 거제시 거제대로3370 (아주동),15977407.0,89.336,수직이착륙형 무인항공기 비용분석,제2307부대
24년 전반기 육군 정책연구 과제 연구용역,39정찰비행단,63412413.0,90.485,2022-08-30,주식회사 누리아이코리아,정창호,김진수,경기도 남양주시 진접읍 양진로816-28,98695298.0,,화기별·탄종별 사격장 안전 기준 정립 연구,합동상호운용성기술센터
항-20-004 자동면역분석기 시약 등 123종,공군제38전투비행전대,68740275.0,90.027,2022-10-13,주식회사 혜성산업,임순옥,김선주,서울특별시 양천구 목동중앙로13나길3,,89.412,항-18-066 자동면역분석기 시양등 47종,기관
22-11차 연구장비 구매 계약 - 의약품 냉동고,공군 제8전투비행단,64428723.0,90.016,2022-05-17,(주)상보기업,김태동,김용희,"대전광역시 대덕구 대화로120, 7층 729,730호(대화동, 가온비즈타워)",25965545.0,,국방 사이버보안 종합발전 전략 연구,제2879부대
병력책정기준 산정과 연계한 조직진단 기법 체계 연구,국군수송사령부,177364956.0,,,아이브스 주식회사,김한욱,전영섭,"서울특별시 서초구 방배천로155, 유청빌딩 3층(방배동 821-8)",18710305.0,88.178,전·평시 예비군 보류직종의 적정성 연구,합동상호운용성기술센터
24년 의무장비(수액조절기 분석기) 구매,해군본부,,91.323,,주식회사 에이치.티.씨,김국동,유은경,경기도 수원시 영통구 신원로306-0 (원천동) 이노플렉스 1동 1101호,379737961.0,89.31,120mm자주박격포 및 사격지휘차량 성능개량 사업분석,제2879부대
00포대 주변지역 토양오염 원인조사 연구용역,공군제10전투비행단,,,2020-06-02,해동청역사문화연구소,,최소영,"경기도 하남시 미사강변한강로155, 1동 314호(망월동, 지식산업센터)",256414.0,88.474,22년 서울안보대화 프로그램 기획 및 발전방향 연구,국군대전병원
잠수함 음탐 센서 케이블 다기능 검사기 연구용역,제9691부대,164678330.0,89.634,2022-05-27,주식회사 아레스,정중식,김현정,부산광역시 강서구 녹산산업중로62-6 (송정동),,,NCoE 구현을 위한 합참중심 QoS 모델 연구 용역,제7821부대
지뢰대응법 하위 법령등에 관한 연구,국군수도병원,178208557.0,101.981,2019-07-29,다우미디어테크,이인형,박연희,경기도 안양시 동안구 시민대로161-0 (비산동) 안양무역센타 8층 312호,,98.27,군용차량 운행 안전성 및 안전관리 개선방안 연구,제1363부대
무기체계 공급망 관리(SCM) 최적화 프로세스 연구,육군교육사령부,602971580.0,90.803,2021-11-15,주식회사 사이버앤네트워크연구원,이용호,오은주,서울특별시 강서구 마곡중앙5로1길20 (마곡동) 520호,0.0,89.739,우리군 통합체계지원 적용을 위한 발전방향 연구 용역,국군재정관리단
[상층대기 분석장비]회로카드 조립체 등 4종 구매,국군재정관리단,58943747.0,89.264,2024-04-05,(사)국방시설연구협회,박순천,유상지,"경기도 군포시 고산로148번길17-0, B동 1303호, 1304호, 1305호(당정동, 군포IT밸리)",,89.256,항공전투 시뮬레이션 대회 대행 용역,제9691부대
항-18-043 자동면역분석기 시약 등,공군본부,138515071.0,,,초코인터내셔널 주식회사,문유경,조명희,"충청북도 청주시 서원구 충대로1-0 (개신동, 충북대학교)",102102782.0,87.521,국방 인공지능 발전계획 수립연구,합동참모본부
고출력레이저 위성추적체계 구축방안 연구,국군복지단,,89.951,,호원대학교 산학협력단,임근우,방은옥,"충청남도 천안시 서북구 검은들3길46, 8층 803-2(8020)호(불당동, 미래시티빌딩)",102508536.0,90.394,유류시험장비(연료성분분석기 등3종)구매(20196115-E),제3697부대
국방 인공지능 발전계획 수립연구,국군재정관리단,62587933.0,,2024-01-10,만능유한회사,전병욱,김용희,서울특별시 동작구 흑석로84 (흑석동),0.0,88.941,주거시설 관리 및 운영 전문성 제고 방안 연구,합동상호운용성기술센터
다도해함 개조 설계 방안 연구,합동군사대학교,71560928.0,,2024-05-25,에스엔케이와이즈주식회사,이덕호,심지민,"충청남도 계룡시 서금암3길5, 925호(금암동, 쉐리움오피스텔)",97402063.0,,한국 육군 교육훈련관리의 개선방안 연구,국군재정관리단
대량탄약조립장 개선방안 연구,국군제1068부대,75681690.0,89.646,,주식회사 코테스,김규원,조대현,"서울특별시 금천구 가산디지털1로19, 406호, 407호, 408호, 409호(가산동,대륭테크노타운18차)",,88.419,발칸 열영상 야간조준기 양산사업 비용분석,연평부대
00분석 대응활동 장비 구매,방위사업청(운영지원과),184591890.0,89.887,2022-10-29,주식회사 길상산업,홍명성,이슬,전라북도 정읍시 북면공단2길87(북면),94919335.0,84.161,국가 우주개발 정책과 공군의 역할 연구,제3130부대
2020 서울안보대화 프로그램 기획 및 발전방향연구,국군수송사령부,,90.25,2017-06-08,주식회사 복은,이정석,김미정,경기도 광주시 도척면 상림리51-19,87800877.0,,전투복 위장무늬  디자인 및 적용소재 연구용역,제6619부대
정보통신기능 성능개량 체계 구축 연구 용역,육군교육사령부,,91.411,2020-07-21,한국인성교육연구소 주식회사,정연길,신종현,서울특별시 관악구 관악로서울대학교 사회과학대학 16-539,89473569.0,,해군 통합연동체계 SW 연구용역,합동상호운용성기술센터
(22F199-I)네트워크위협분석시스템구매사업금융리스,국방부군사편찬연구소,56953571.0,89.358,,씨엠티정보통신(주),송태현,강윤진,서울특별시 서대문구 불광천길278 (북가좌동) 1층,104572318.0,,방산 부품산업 발전을 위한 지원체계 구축방안 연구,국군재정관리단
24년 기술연구용역(2),국군재정관리단,,,2019-11-15,한국교통대학교산학협력단,신훈길,유현국,강원도 원주시 문막읍 석지1길283,108686374.0,,차륜형지휘소용차량 시설사업기본계획 연구용역,제7016부대
지형분석장비 구매설치,4284부대,57798149.0,89.723,2017-09-02,와이피글로벌,송관섭,남해린,"서울특별시 금천구 가산디지털1로1-0 (가산동, 더루벤스밸리) 1208호",100818556.0,88.29,선진 육군가치문화 조성 연구용역,국군재정관리단
전력발휘 보장을 위한 예비군훈련체계 연구,육군종합군수학교,,,,한국항공대학교 산학협력단,황영식,문우정,경기도 구리시 산마루로46-0 (갈매동) 404동 1702호,79721622.0,,KMTF기반 국방정보체계 연동 고도화 방안 연구,기관
해상작전헬기 2차사업 기종결정 평가항목/가중치 연구,육군교육사령부,165493236.0,100.71,,에스앤에스이앤지 주식회사,김승용,양금식,세종특별자치시  시청대로370 세종국책연구단지 사회정책동,,,21-미 해군 6.25전쟁 전쟁분석 자료 번역 용역,군
천궁 창정비 시설사업기본계획 연구용역,국방대학교,,90.01,2018-12-04,육군사관학교 산학협력단,조미옥,박점숙,"서울특별시 금천구 가산디지털1로30,1712호 (가산동,에이스하이엔드타워10차)",87703913.0,89.239,도면(2D 및 3D) 통합관리방안 연구용역,제2062부대
RAM업무 고도화를 위한 잠정목표값 설정 연구용역,공군제15특수임무비행단,138169582.0,90.536,2019-06-06,(사단) 한국정치학회,이훈민,조종열,전라남도 목포시 고하대로719번길 14(연산동),473756628.0,,정기기초연구과제연구용역(8.국가재난사태..),군
대형수송함-ll(LPX-ll) 개념설계 기술지원 연구 용역,공군본부,158263325.0,90.248,,산업연구원,홍지유,김은영,"서울특별시 영등포구 여의나루로67, 신송빌딩 703호",96514237.0,,20-공무직근로자 임금체계 연구용역(K041),4284부대
CH-47헬기 호이스트 군직정비방안 연구 용역,국방부(운영지원과),57060025.0,,,에이비컴퍼니주식회사,이인형,남대현,충청북도 청주시 서원구 성화로99,86117676.0,96.257,함정 도면관리를 위한 SW개발 연구용역,제2062부대
CSRP 화생방 연구 자료 시약 구매,육군정보통신학교,,89.684,2018-08-22,지그인더스트리,이호준,김호연,대전광역시 유성구 테크노4로17-0 (관평동) 대덕비즈센터 D동 612호,23709084.0,,(226046-G)'22년 육군 DB분석체계 교체(리스물건),기관
비용분석용 상용SW(TruePlanning) 구매,육군항공학교,180301322.0,89.177,2020-06-23,법무법인 집현전,이형걸,위정은,충청남도 계룡시 두마면 두계리116 계룡대림이-편한세상 109-902,561192911.0,89.293,17년 전시자원소요분석모델 장비 교체사업,제7016부대
차년도 안보정세전망 연구 용역,육군본부,154834522.0,88.952,2020-06-28,사)한국미래문제연구원,류재산,조진환,충청북도 청주시 서원구 남이면 양촌2길10-1,96970008.0,89.364,범국민 안보의식조사 정책대안 연구용역,제7016부대
지형 지질등을 고려한 지하형 탄약고 신축타당성 연구,육군종합군수학교,56282302.0,,2019-10-19,대길상사,권혁웅,오원석,충청북도 청주시 상당구 월평로250번길6-0 (용암동),,99.619,(217122-B)연구장비(차세대염기서열분석기) 구매,국군재정관리단
방위사업 계약법령 체계화 방안 연구,육군화학학교,,89.725,2019-08-15,(주)심네트,이병택,장미선,"서울특별시 양천구 목동서로2길22-0 (목동, 목동청구아파트) 114동 1301호",,,군 급식 피복류 조달이관 성과분석 연구,국군제1068부대
군사사연구총서 제6집 6.25관련주제 연구용역 (과제1),한미연합군사령부,50530666.0,99.592,,사단법인 엔케이지식인연대,이헌웅,이연정,전라북도 전주시 완산구 장승배기로263 (평화동1가),104923759.0,89.514,인력획득 모집홍보 대상의 성향 분석 연구 용역,연평부대
효율적인 탄약 전력화 방안 연구,수도기계화보병사단,78113544.0,89.596,2023-10-10,주식회사 스펙트럼인사이트연구소,박재완,박준용,부산광역시 사하구 구평로16번길 71(구평동),0.0,82.823,군 암호체계 분석보호시스템 분석장비 구매,국군재정관리단
미래환경 변화에 적합한 인력획득 홍보 발전방안 연구,국군복지단,87208933.0,89.795,2017-01-25,주식회사 코테스,김한욱,이지유,경상남도 진주시 진양호로532-0 (동성동),0.0,89.087,(상생협력실)갈등영향분석 연구용역(C013),기관
서북도서용 무인항공기 선행연구,국군재정관리단,1553973034.0,,2017-06-02,(주)휴먼이퀘이션,서영우,정태진,인천광역시 부평구 부평대로301-0 (청천동) 남광센트렉스 303호,18287140.0,,군수사 품목관리관 적정 취급품목 수 연구,제3707부대
미래환경 변화에 적합한 인력획득 홍보 발전방안 연구,육군인사사령부,74823820.0,100.502,,(주)씨엠코리아,이윤문,김종호,"서울특별시 송파구 송파대로24길5-6 (가락동,1층)",9499122.0,,23년 전투발전 연구용역(2),군
대잠훈련분석체계(AEAS) 유지보수 정비,육군교육사령부,52310511.0,98.581,2022-08-28,세종대학교산학협력단,김진원,조대현,충청남도 청양군 정산면 칠갑산로1898-0,0.0,,잠수함 근무환경의 분석 및 건강모델개발 용역,합동참모본부
K21장갑차 조종수카메라 정비기술개발 연구용역,국군재정관리단,,91.09,2024-06-04,재단법인 한국군사문제연구원,안주섭,박미진,충청북도 청주시 흥덕구 비하로59-2 (비하동),,,화학위험물질 및 방사선 탐지  분석용 드론제조,제9691부대
X-RAY 형광분석기 구매,방위사업청(운영지원과),181408898.0,90.058,,사단법인 대한민국해군발전협회,한재희,박지훈,"인천광역시 미추홀구 주염로58, 620-1호(주안동, 주안시범공단)",,,22년 병리장비운영소모품(6) 요분석검사 27품목 구매,제1363부대
전투실험 발전 과제 연구용역(1),4284부대,64030624.0,89.546,,주식회사 플렉스시스템,김승용,최명식,경기도 안양시 동안구 흥안대로445(평촌동) 제6층 615호 안양평촌동지식산업센터,6526973.0,89.49,(1)군용비행장 소음측정 및 분석용역,기관
작전계획분석모델 S/W 성능개선 용역,제7군단,,,2020-06-22,바다메디칼,김길원,오원석,"경기도 안양시 동안구 벌말로126(관양동, 평촌오비즈타워) 1308-1313호",12644227.0,98.918,자율·군집비행 활용 복합작전개념 연구(소형 UAS),국군복지단
국방데이터 품질점검 실증 및 운영방안 연구 사업,공군사관학교,1819678157.0,90.148,2016-11-25,에이디링크,이훈민,김동준,"서울특별시 구로구 디지털로31길41-0, 603호, 604호, 605호(구로동, 이앤씨벤처드림타워6차)",17399401.0,89.333,소화기 소음기 선행연구 용역,국군재정관리단
[24-육-85] 무기체계별 EMP방호기술 적용방안 연구,국군의무사령부,60476741.0,,,고메드,김준식,장혜민,광주광역시 서구 상무대로956번길25-0 (쌍촌동),86050799.0,89.398,해병대리더십교육성과측정체계개발연구용역,국군재정관리단
아세안확대국방장관회의 사이버워킹그룹 발전 연구,육군본부,91558925.0,,2022-03-01,다슬,김주희,전형일,경기도 남양주시 진접읍 양진로816-28,,89.613,22-함정 대기오염 저감방안  설계영향성 연구,군
전투하중을 고려한 인체공학적 개인군장체계 연구,국방부군사편찬연구소,78448366.0,89.899,2020-07-08,세종대학교산학협력단,김기순,이다정,"경기도 성남시 분당구 판교로 255(삼평동, 판교 이노밸리 이동 403호 601호)",,,합동작전분석모델-Ⅱ 탐색개발,기관
(206199-B)지형분석장비 교체사업(리스물건),제2307부대,183643797.0,90.908,2022-04-23,사단법인군사정보발전연구소,남상경,윤병찬,서울특별시 동대문구 고미술로100-0 (답십리동),,88.444,분석기  스펙트럼용,합동참모본부
통신 정비장비(스펙트럼 분석기) 구매,종합보급창,74827068.0,,2019-08-16,주식회사 에이치앤아이웍스,조성호,최광용,"경기도 안양시 만안구 만안로49, 519호(안양동, 호정타워)",,,민군 상생을 위한 대체시설 검토 및 관리방안 연구,군
19-TSCE 기반 함정 체계통합방안 연구 용역,방위사업청(운영지원과),74834772.0,,,주식회사 윈미디텍,조상환,김미희,"경기도 하남시 미사대로520-0 (덕풍동) 7층 씨에이동 705호,706호",,89.597,우수인재의 개념과 자격기준 연구용역,국군복지단
23년 육군 장기미래비전 연구용역,국군지휘통신사령부,57648075.0,90.144,2022-03-06,태경회계법인,임채익,박동순,부산광역시 영도구 해양로385-0 (동삼동),101708208.0,88.984,예비군훈련 적정 보상비 연구,국군재정관리단
상층대기분석장비(전자모듈 등18종) 구매,국방부유해발굴감식단,,88.372,,건양대학교 산학협력단,서준호,심상필,"경기도 광명시 디지털로56-0 (철산동, 철산래미안자이)101-2801호",7011803.0,88.969,분석기(회로망용) 구매,기관
자동 00분석 지원체계 구축(20197115-H),국군재정관리단,,98.918,2020-07-15,사단법인 한국우주과학회,최재성,이현정,"경상북도 경산시 대학로13길26, 2203호(정평동, 경산 한서 고층아파트)",90820189.0,,수사자료분석용 서버 구매설치,합동상호운용성기술센터
잠수함 시운전 제도 개선방안 연구,수도기계화보병사단,87891328.0,,2017-03-15,주식회사 남양메디칼,최창식,정지용,"서울특별시 금천구 가산디지털2로184, 10층 1017호(가산동, 벽산디지털밸리2차)",,,00훈련장 이전 연구 용역,중앙행정기관
21-해양 기반 우주작전 개념 및 전력발전 방안 연구,드론작전사령부,162758395.0,100.51,,주식회사 세랜텍,주양효,박영욱,경기도 고양시 덕양구 권율대로656-0 (원흥동) 17층 1739호,7531623.0,,국방분야 국가자격 신설종목 연구,제3130부대
미래 예비전력 역할과 적정규모 편성 연구용역,공군제10전투비행단,182047930.0,90.051,2022-09-03,(주)씨앤씨솔루션,유훈,정기쁨,"서울특별시 구로구 디지털로33길55, 1009호 (구로동, 이앤씨벤처드림타워2차)",0.0,,휴대용핵종분석기 구매,국군수도병원
함정 건조사업 추진단계 효율성 향상방안 연구,제7821부대,1744085168.0,89.809,2022-10-01,재단법인 한국산업관계연구원,김석철,정택주,경기도 안양시 동안구 흥안대로445(평촌동) 제6층 615호 안양평촌동지식산업센터,,89.672,예비군법 개정방안 연구,중앙행정기관
11. 국제공동연구(AI기술을적용한...),종합보급창,78436384.0,,2017-02-14,와이피글로벌,남상경,이수현,"충청북도 청주시 청원구 대성로298-0 (내덕동, 청주대학교)",88592384.0,89.608,고속전투주정 시설사업기본계획 수립 연구용역,국군제1068부대
20년 전파환경 측정/분석장비 유지보수 용역,육군인사사령부,87462419.0,90.378,2022-02-28,주식회사 딥아이,신명화,정택주,경기도 양주시 장흥면 권율로86-1 (그린숲타운)108동502호,15764146.0,88.839,17-추수평가 개선 및 환류방안 연구,제9965부대
대형공격헬기의 효과적인 시설사업 추진방안 연구,국방부(운영지원과),,,2018-12-21,테크디,이숙영,박영희,제주특별자치도 제주시 애월읍 광상로26-0,91581556.0,89.986,자살사고 사후관리를 위한 치유프로그램 연구,국군대전병원
세계안보정세분석 연구 용역,합동상호운용성기술센터,88183584.0,,2024-05-17,주식회사화인시스텍,김경일,이정암,서울특별시 마포구 양화로183-0 (동교동) 효성홍익인간오피스텔 11층 1112호,,89.188,정밀 측정장비(레벨분석기)구매,중앙행정기관
T-50 캐노피 고정 구성품 내구성 시험 연구,육군공병학교,65607508.0,100.998,,지그인더스트리,오문진,송유근,부산광역시 부산진구 냉정로178번길21 (개금동)2층,,,전·평시 예비군 보류직종의 적정성 연구,중앙행정기관
00부대 스마트 자동화 저장창고 신축 비용분석 연구,육군대학,65001393.0,88.19,,나우통상,양금식,유보라,경기도 광주시 오포읍 포은대로339(추자동),0.0,89.675,(20F062-I)소음영향도작성을위한소음측정및분석용역,기관
분광광도계 수질분석형 1EA,공군미사일방어사령부,,,2019-04-29,매쉬미디어(주),신지웅,김지원,대전광역시 유성구 대학로291-0 (구성동),,,22-공-소음측정 및 분석시스템 구매(229124-F),39정찰비행단
공군기지 무선통신 기반구축 및 운영향상 방안 연구,제3130부대,85233965.0,89.102,2019-04-01,에이디링크,최양열,박계향,"서울특별시 금천구 벚꽃로254-0 (가산동, 월드메르디앙벤처센타) 1109호",,,국방정보화법 하위법령 개정방안 연구,중앙행정기관
국산품 우선정책(BKD) 수립을 위한 정책연구,육군본부,34694114.0,90.026,2024-02-20,주식회사 웨이브텍,손승우,양용진,인천광역시 미추홀구 인하로100-0 (용현동) 인하공업전문대학,93258108.0,89.791,공무직 근로자 임금체계 컨설팅 및 연구 용역,제9691부대
국방 정보기술 조사·분석 연구,제6619부대,,90.174,2024-04-02,(재)한국화학융합시험연구원,신창희,전호영,"서울특별시 중구 세종대로39, 대한상공회의소 6층(남대문로4가)",10900838.0,,지능형 악성코드 수집분석체계 라이선스 구매,군
전술정찰정보수집체계 경미한 성능개량 사업분석,국군재정관리단,65142906.0,89.869,,(주)론스텍,박충권,이혜진,서울특별시 동작구 흑석로84 (흑석동),,89.301,군사용 인공지능 적용을 위한 법ㆍ제도 개정소요 연구,제2307부대
첨단과학기술의 군 활용성 제고 발전방안 연구용역,제9691부대,45676027.0,,2021-12-22,주식회사우성메디칼,윤영현,이민수,"서울특별시 용산구 한강대로211, 102동 1605호(한강로1가, 대우월드마크용산)",,89.185,공군 품목관리관 자격인증제도 도입방안 연구용역,제3170부대
의료기재(금연구역 표지판 등 85종)구매,제7016부대,1509763520.0,90.391,2023-12-21,해용정보통신주식회사,,장소영,"부산광역시 해운대구 센텀북대로60, 915호",,,항공기 시동장비(편제장비보강사업) 사업분석,제7군단
23-D-라만분광분석기 구매,제7군단,468934314.0,89.487,,가톨릭관동대학교 산학협력단,김산회,이월단,"서울특별시 서초구 서초대로1길17, 2층 226호(방배동)",11594931.0,,다계층통합네트워크 구축을 위한 연구용역,국군복지단
국방분야 국가자격 신설종목 연구,육군훈련소,,,2019-04-30,티에스와이,이희석,방은옥,"서울특별시 강남구 남부순환로365길 5, 중명 213(도곡동)",,89.552,특임여단 북괴군 핵 화생시설 점령/확보방안 연구용역,기관
통섭형 인재 육성을 위한 직무순환 방안 연구 용역,합동상호운용성기술센터,64996210.0,89.779,2024-04-13,(사)한국전략문제연구소,한민구,이찬홍,"서울특별시 서초구 방배천로155, 유청빌딩 3층(방배동 821-8)",,,국방표준서 제정(5차) 연구,제5738부대
23-D-액체질량분석기 구매,합동참모본부,,,2017-03-02,이성 주식회사,이현화,김진우,"대전광역시 유성구 테크노3로65, 5층 538호(관평동, 한신에스메카아파트형공장)",0.0,83.934,무인항공기 무인비행장치 전문 운용사 자격신설 연구,국군재정관리단
2.75인치 유도로켓(비궁) PBL 적용 방안 연구용역,제5019부대,,,,서울대학교 산학협력단,맹주수,김덕호,충청남도 청양군 정산면 칠갑산로1898-0,0.0,89.654,정신전력교육 기본교재 재발간에 따른 사전 연구 용역,제20전투비행단
국방인력획득 효율성 제고를 위한 발전방안 연구,제5019부대,177270524.0,99.716,,제이엠비 컴퍼니,최동양,심유진,전라북도 정읍시 북면공단2길87(북면),27242149.0,82.7,AH-64헬기 수평안정판 정비방법 개발 연구용역,군
천궁 창정비 시설사업기본계획 연구용역,국군지휘통신사령부,,89.852,,엠텍리서치,박준홍,장중원,"서울특별시 중구 퇴계로27길25, 305호(충무로3가, 청림빌딩)",,,무기체계별 적정 수명주기 및 도태 후 활용방안 연구,합동참모본부
2016년 제2회 국방 분석평가관계관 워크숍 위탁운영,국방부 국방정책실,57042582.0,89.745,2022-07-05,주식회사 티이디컨설팅그룹,유관우,강윤진,"서울특별시 성동구 왕십리로363, 501호 (하왕십리동, 성동빌딩)",,89.121,SUPPRESSED,제9227부대
군인 고용보험 가입의 효과성 연구,국방부조사본부,58066891.0,89.831,2018-11-12,(주)심네트,이현정,김종환,충청북도 청주시서원구 개신동446-2,,97.799,국방군사시설 방호기준 제·개정 연구용역(21K021-I),4284부대
4차 산업혁명과 연계한 미래 물자동원방안 연구,방위사업청(운영지원과),162661105.0,103.47,2022-01-25,성원금속,백다리아,황병윤,"서울특별시 용산구 이태원로29, 421호(용산동1가, 전쟁기념관)",0.0,88.927,18-회로망용 분석기 등 8종 구매,제20전투비행단
안보 테마파크 조성 방안 정책연구,국군수도병원,184885605.0,,2018-12-25,씨지에스아이티(주),김지영,우윤지,부산광역시 중구 대청북길31 (대청동4가),104272627.0,87.14,전평시 군수부대 기동화 방안 연구용역,국군재정관리단
18년 작전지속지원분석모델 유지보수 용역,해군본부,78372752.0,98.897,2018-12-23,주식회사 한국티이에스,박재완,정운찬,"충청북도 청주시 흥덕구 흥덕로151-0 (운천동, 지하1층)",991048.0,,그린캠프 개선 및 프로그램 개발 연구용역,국군대전병원
함정구조해석용 모델링 DB 개발 연구(2019H038-E),4284부대,165134235.0,89.473,2019-12-22,주식회사 쏠바이오텍,강현섭,김석용,경상남도 창원시 진해구 웅동로162-0,11054014.0,,민군복합타운 조성방안 연구,군
23년 기술연구용역 계약 의뢰(3),국군간호사관학교,172189787.0,,,주식회사 누리아이코리아,이명아,김동준,"경기도 남양주시 별내중앙로36-23, 1706호(별내동)",,88.776,전투복 위장무늬  디자인 및 적용소재 연구용역,국군수도병원
18-수동소나의 합리적인 작전운용성능 설정방안 연구,국군간호사관학교,79109796.0,90.107,2019-04-22,(주)다올씨앤씨,조완제,김정옥,서울특별시 송파구 송이로30길21-0 (문정동),,,헬기와 UAV의 통합운용을 위한 비행장 설치방안 연구,국군제1068부대
(207118-D)00분석체계 구축자재 구매,제20전투비행단,159607374.0,89.652,2017-09-16,한국건설기술연구원,김종수,송현상,충청북도 청주시서원구 개신동446-2,67378809.0,,레이더 시험세트(스펙트럼 분석기 등 4종) 구매,국군재정관리단
자운대 종합발전계획 연구용역,육군인사사령부,164003953.0,,,소성정보기술 주식회사,정의승,김용희,"서울특별시 영등포구 63로 32, 라이프콤비빌딩702호(여의도동)",810740032.0,89.32,’22년 전투발전 연구과제 용역(2),중앙행정기관
(216178-D)휴대용화학탐지장비(화학물질분석기) 구매,국방전산정보원,86162552.0,89.944,,성도교역,김승준,정명화,충청북도 청주시 흥덕구 비하로59-2 (비하동),,,21-해양 기반 우주작전 개념 및 전력발전 방안 연구,국군복지단
유류시험장비(가스성분 분석기 등 2종) 구매,육군훈련소,,,2022-10-04,(주)아이디어정보기술,조민구,송민석,"세종특별자치시  조치원읍 번영1길46, 301호, 302호",,89.342,(20F062-I)소음영향도작성을위한소음측정및분석용역,군
방위사업비리 가중처벌 법안에 대한 연구,제5738부대,53714712.0,89.533,,다우미디어테크,최용석,이주열,"충청북도 청주시 상당구 용암북로44번길3, 101호(용암동)",105924023.0,89.75,18년 작전지속지원분석모델 유지보수 용역,종합보급창
K1계열전차 연료수준감지기 대체품 개발 연구용역,국방부(운영지원과),65343685.0,92.364,2020-06-29,재단법인한국조달연구원,김현성,이수행,충청북도 충주시 대학로50-0 (대소원면),,,국방정책 연구지원 발전 기획 연구,대학
자동염기서열분석기 구매,공군본부,,89.701,2020-07-03,(사)한국위기관리연구소,이정훈,주현도,대전광역시 유성구 유성대로1646-0 (전민동),18113612.0,,장비별 잔여수명을 고려한 순환 창정비 적용방안 연구,국군재정관리단
스펙트럼 분석기 구매,육군교육사령부,171876246.0,89.661,,리치패션용품,김한용,황병수,"서울특별시 강서구 마곡중앙5로22, 7층(마곡동)",88168499.0,,동원선박 자원관리 구축방안 연구용역,군
(227059-E)방탐정확도 정밀분석 시험용 드론 제조,제7군단,77011431.0,102.061,2022-10-04,(주)에스코컨설턴트,박종영,최효정,서울특별시 서대문구 불광천길278 (북가좌동) 1층,,89.63,22년 의무장비(요분석기) 구매,합동참모본부
23-10차 조달 연구장비(순수물제조기) 구매,육군본부,,100.585,2020-07-04,사단법인 한국자살예방협회,홍승신,박호균,서울특별시 마포구 백범로35-0 (신수동),6585380.0,,스마트 물류센터 도입 검토 연구용역,계룡대근무지원단
대형양산사업의 제반 조건 분석 및 방안 연구,합동상호운용성기술센터,71811151.0,,2023-01-17,사단법인 한국자살예방협회,김용수,원해나,"전라북도 군산시 산단남북로169, 군산친환경자동차부품알앤디센터 3층벤처기업 16호(312호)(오식도동)",1137086.0,89.015,장비별 잔여수명을 고려한 순환 창정비 적용방안 연구,제6619부대
미래 전장에서 승리하기 위한 육군전략 발전 연구,국방부군사편찬연구소,38456117.0,,2018-12-15,주식회사 좋은소리,황윤주,이지유,"경기도 용인시 수지구 죽전로 152, 단국대학교내(죽전동)",,89.502,23-H-14 스펙트럼 분석기 구매,중앙행정기관
군 암호체계 분석보호시스템 분석도구 구매,국군복지단,,89.787,2019-02-25,주식회사 코테스,홍순모,유선희,"서울특별시 영등포구 63로40, 202호(여의도동)",,,상호운용성 정보보증 평가기준의 체계별 적용방안연구,4284부대
무건리훈련장 갈등영향분석 용역,국군재정관리단,,90.118,2020-06-15,제일공사,이승휘,조윤교,"경기도 김포시 태장로795번길23 (장기동) 마스터비즈파크 R124, 7층 729-732호",641819367.0,85.199,22년 계룡스파텔 시설개선사업 선행연구 용역,국군재정관리단
항-16-069 자동면역분석기 시약 등 37종,종합보급창,,,2020-06-13,사단법인 씨알리더십연구원,유인목,이관섭,충청북도 충주시 대학로50-0 (대소원면),3526240.0,97.796,국방기록관 업무효율화를 위한 방안 연구,제9691부대
의무장비-혈액가스분석기 중형 구매,육군인사사령부,55947448.0,89.785,,새롬상사,김규한,정관용,"경기도 군포시 엘에스로182번길34-24, 2층 (산본동)",405648.0,,[연구소] '22-2차 감정재료 구매,국군재정관리단
생화학분석기(contro serum Level1 등) 구매,방위사업청(운영지원과),77340662.0,89.46,2022-08-22,중원대학교 산학협력단,박치면,김문선,"서울특별시 금천구 가산디지털2로14,  14층 1405, 1406호(가산동)",,89.289,국외구매 공중기동전력의 기종결정평가방안 연구,국군재정관리단
21-무기체계 수명주기간 부품국산화 발전방안 연구,제9691부대,71200514.0,90.014,,주식회사 오로라,이인석,신범수,서울특별시 강서구 마곡중앙5로1길20 (마곡동) 520호,117270857.0,,국방여군 70년사 편찬 연구,중앙행정기관
방산 부품산업 발전을 위한 지원체계 구축방안 연구,육군화학학교,74846091.0,90.247,,(주)데이터클립,이효진,이현정,"대전광역시 유성구 대학로 99(궁동, 충남대학교)",10643945.0,89.274,해병대 정체성 향상 프로그램 개발 연구 용역,중앙행정기관
미래 한국 해병대의 군구조 연구용역,합동군사대학교,62415934.0,89.608,,초코인터내셔널 주식회사,엄영석,최광용,서울특별시 영등포구 의사당대로38 (여의도동) 101동 412호,99382604.0,,장보고급 잠수함 디젤감시장치 연구개발 용역,국군수도병원
미래 전장에서 승리하기 위한 육군전략 발전 연구,공군제15특수임무비행단,175726554.0,100.853,2020-06-18,금성,김태동,김태형,"서울특별시 마포구 서강로136-0 (노고산동, 아이비타워) 5층",12119192.0,89.329,ICT기반 입체영상 활용방안 연구 용역,국군재정관리단
17년 비용분석모델(PRICE) 유지보수 용역,해군사관학교,,89.389,2019-03-28,사단법인 한국방위사업연구원,백다리아,김상도,"서울특별시 용산구 청파로 40, 삼구빌딩 1815호(한강로3가)",,,궤도장비 난방기 야전 시험장비 개발 연구용역,제7821부대
10.군사과학정책연구(인공지능...),합동참모본부,68348045.0,98.464,2021-07-08,주식회사 우성텔레콤,최계영,석성균,전라남도 목포시 해양대학로 91(죽교동),106222163.0,86.887,사이버 기술분석용 라이선스 구매,국군대전병원
실전적 모의지원 연구 용역,공군83정보통신정비창,,89.297,2018-11-27,(사)한국무기체계안전협회,김종규,이월단,경상북도 구미시 산호대로 56-1(),,85.772,국방무인체계 총수명주기관리방안 연구,국군수도병원
155mm 정밀유도포탄 비용분석,국방부(운영지원과),,,,주식회사 제니컨벤션,신희준,전옥녀,"서울특별시 용산구 청파로47길 100, 숙명여자대학교내(청파동2가)",0.0,87.78,감정장비(자동염기서열분석기 등 2종) 검교정 용역,제5738부대
(20G040-H)AI기반 보안사고 탐지분석시스템 ISP사업,국방부 국방정책실,62134778.0,,2019-02-16,원테크전기통신 주식회사,고찬갑,주인웅,"서울특별시 구로구 디지털로32길30-0 (구로동, 코오롱 디지털타워 빌란트) 1차 1004호",131114506.0,88.961,전투준비태세 평가체계 발전방향 연구,군
24-그린나래호텔 리모델링 계획의 적절성 분석연구,공군제16전투비행단,61699748.0,,2023-11-12,사단법인 한국고용복지연금연구원,주양효,홍광표,"대전광역시 유성구 대학로 27, 현대리조텔 2층(봉명동)",5667629.0,,24-방공관제 작전제한 해소 추가레이다 설치방안 연구,제6619부대
18-해군C4I체계 발전을 위한 연구,공군제17전투비행단,,102.341,2019-06-04,주식회사 대홍관리,김형철,김예나,충청남도 아산시 삼동로40 (모종동)3층 301-37호,7255863.0,,발칸 보조전원공급기 수리부속 대체품 개발 연구용역,제2군단
정비공정 촬영도구  분석SW 구매,육군훈련소,55056902.0,89.408,,MRO Tech(엠알오텍),김한희,현혜경,서울특별시 강남구 언주로 716(),38627765.0,99.446,합동작전분석모델-II 체계개발,합동참모본부
부대개편 시설사업 선행연구 용역(2019F059-B),제3130부대,181010727.0,,2024-03-25,주식회사 셀젠텍,강종효,황병수,"서울특별시 마포구 마포대로 173, 현대하이엘 816호(공덕동)",110818076.0,90.598,24년 군 주거시설 개선방안 수립 연구용역 등 2건,제9691부대
사이버전문인력 육성을 위한 교육 및 개선방안 연구,공군군수사령부,72427877.0,,,(사)한국위기관리연구소,이남택,황예진,서울특별시 서대문구 불광천길278 (북가좌동) 1층,,,유압유 미립자 분석기 교정키트 구매,군
군수품 수송용 드론 선행연구 용역,39정찰비행단,,99.228,2019-09-02,(주)동건,백영삼,손영옥,"서울특별시 용산구 청파로 40, 삼구빌딩 1815호(한강로3가)",,,4차 산업혁명 주요기술 활용 안전관리 발전방안 연구,중앙행정기관
체계적인 해군 C4I 체계 유지보수 관리방안 연구,국방부,,,2020-07-01,주식회사 시스코어,조은미,주현미,"경상북도 구미시 1공단로212 (공단동) 제2층 226호(공단동, 한라시그마밸리)",100994669.0,89.532,정밀측정장비(스펙트럼분석기) 구매,중앙행정기관
(22F067-G) 심리뇌파분석시스템 유지보수사업,국군제1068부대,170683771.0,90.084,,대진대학교 산학협력단,문미옥,공현철,부산광역시 영도구 와치로194-0 (동삼동),6463103.0,,지상군 전략 및 작전수행개념 연구,국군제1068부대
17년 지형분석장비 물품 구매설치,국방부조사본부,181899354.0,,2017-06-23,사)한국미래문제연구원,권민정,정진욱,"서울특별시 용산구 한강대로109-0 (한강로2가),404호(용성비즈텔)",9029878.0,93.431,00부대 작전지휘시설 선행연구 용역,제9691부대
아세안확대국방장관회의 사이버워킹그룹 발전 연구,특수전사령부,67807942.0,89.935,2019-06-08,주식회사 미주씨앤디,김영국,정지용,"경기도 의왕시 오봉산단3로25, 1동 303호(삼동, 의왕테크노파크더리브비즈원)",105723566.0,99.607,방위사업비리 가중처벌 법안에 대한 연구,제3707부대
2017년 제3회 국방 분석평가관계관 워크숍 위탁운영,제6619부대,,89.738,2024-03-02,롯데캐피탈(주),유인목,이권민,"서울특별시 용산구 이태원로 29, 전쟁기념관 4층(용산동1가)",3829041.0,89.464,(236035-G) 23년 네트워크위협분석체계(NTAS) 구축,제5738부대
정책연구용역(군견 관련),국군재정관리단,513310759.0,90.535,2020-06-20,주식회사 에스에이컨설팅,이성로,한만웅,충청남도 아산시 삼동로40 (모종동)3층 301-37호,103439842.0,86.165,K200A1장갑차 시뮬레이터 연구개발,제6619부대
의무장비[혈액가스 분석기(휴대용)] 구매,계룡대근무지원단,,,2018-12-20,주식회사 비용관리연구원,안병호,오흔정,"서울특별시 마포구 마포대로 173, 현대하이엘 816호(공덕동)",,88.898,19-해양무인체계 탑재/운용 함정 설계개념 연구,국군재정관리단
24년 전반기 육군 정책연구 과제 연구용역,국방통합데이터센터,,89.493,2019-04-18,삼성서울병원,임근우,우지민,"경상남도 창원시 진해구 용원남로56번길1, 101 (용원동)",2271825.0,,상륙작전에 적합한 4.2대체전력 확보 연구 용역,국군의무학교
상륙돌격장갑차-Ⅱ추진전략에 관한 연구용역,국군재정관리단,62036653.0,89.844,,주식회사 셀젠텍,권태순,김형민,경기도 안양시 만안구 일직로94번길15-0 (석수동),,88.628,(227239-B) 악성코드 수집분석체계 라이선스 구매,제6619부대
해상작전 위성통신체계 성능개량 선행연구,육군항공학교,,83.417,,주식회사 청호,박정기,박수정,"전라북도 군산시 산단남북로169, 군산친환경자동차부품알앤디센터 3층벤처기업 16호(312호)(오식도동)",,,효율적인 탄약 전력화 방안 연구,기관
건설현장 안전 관리시스템 구축 연구용역,해군군수사령부,70072096.0,,2024-02-09,미래산업,김현철,김영중,제주특별자치도 제주시 첨단로251 (영평동),99456021.0,91.742,무전기 전면판 회로카드 시험장비 개발 연구용역,군
육군내 기술연구소 신설방안 연구 용역,제1363부대,,89.508,2021-03-31,해동청역사문화연구소,이세영,김재영,"경기도 포천시 호국로 1007, 대진대학교 산학협력단(선단동)",,,예비군훈련 원격교육 적용방안 연구,중앙행정기관
비전통위협 대비군시설활용및 공용면적 기준 개정연구,육군교육사령부,103125496.0,89.699,,주식회사에이스게이트,최명식,박호균,충청북도 괴산군 문무로85-0 중원대학교내 (괴산읍),90961.0,,군 모바일 업무혁신 추진방안 연구용역,39정찰비행단
18-함정 인수지연 사례분석 및 제도개선 방안,해군작전사령부,171944419.0,,2019-07-14,도현,봉만수,강민,경기도 남양주시 별내면 용암비루개길140-0,10660203.0,,18~22 방위산업육성 기본계획 수립을 위한 정책연구,중앙행정기관
사회공학기법과 사이버 작전과의 연계성 연구,육군교육사령부,,,2023-01-25,울산과학기술원,문형곤,전수현,경기도 용인시 처인구 모현면 외대로 81(),,,국방로봇 운용을 위한 법/제도 개정 및 인증제도 연구,국군재정관리단
미래 전장에서 승리하기 위한 육군전략 발전 연구,육군본부,,97.59,,서울사이버대학교 산학협력단,김준식,임찬상,"경기도 부천시 소향로197, 에이동 201호(중동, 메트로팰리스1)",,,Army TIGER 2050 개념군 연구 용역,제2879부대
(207180-H)스펙트럼측정/분석장비 노후교체,국방전산정보원,,,2022-02-11,주식회사도시경영연구원,박용준,김동준,서울특별시 금천구 벚꽃로298-0 (가산동) 6층 601호,0.0,,첨단 ICT 적용한 신규 C4I 연구용역,종합보급창
월간지(안보현안분석  린사포럼) 인쇄 용역,육군교육사령부,179642525.0,,2022-03-26,주식회사 가이온,최미옥,김혜진,서울특별시 용산구 이태원로29-0 (용산동1가) 전쟁기념관 435호,,89.243,군수품 수송용 드론 선행연구 용역,4284부대
절충교역 제도 선진화 방안 연구,해군군수사령부,55206401.0,90.406,2016-11-21,라온시스템즈(주),이민자,정운찬,경기도 성남시 수정구 성남대로1342-0 (복정동),,82.43,정신전력교육 기본교재 재발간에 따른 사전 연구 용역,제2879부대
대전병원 자동 뇨 분석기 등 소모품 46종 구매,국방통합데이터센터,,,2019-02-26,주식회사 성호넷,이호준,권태순,서울특별시 서초구 서리풀길4,23391168.0,89.082,국방 전력발전체계에서의 전투실험체계 정립 연구용역,4284부대
’22년 전투발전 연구과제 용역(4),해군군수사령부,89426123.0,89.966,2024-04-10,(주)다큐멘테크,고정숙,이대용,경기도 광주시 오포읍 포은대로339(추자동),114978486.0,,19-한국 해양안보에 미치는 갈등요인과 대응방안 연구,기관
시험평가 인프라 구축 확대 및 종합 관리 방안 연구,방위사업청,66123909.0,,,영남대학교산학협력단,오중산,박점숙,"경기도 하남시 미사대로550, 4층 43호(덕풍동, 현대지식산업센터 한강미사)",97037634.0,89.393,사관생도 생활실 시설기준 개정 연구용역,중앙행정기관
23년 성능개량 전파분석체계 도입사업,국군의무사령부,73354179.0,90.455,2022-03-24,(JN)글로벌,정봉원,정중식,경기도 고양시 덕양구 권율대로656-0 (원흥동) 17층 1739호,23959073.0,89.339,지형 지질등을 고려한 지하형 탄약고 신축타당성 연구,제9965부대
액체폭약류 친환경 비군사화 방안 연구,국군재정관리단,63785283.0,90.044,2019-05-05,주식회사 서남아이에스,고찬갑,황병수,울산광역시 북구 명촌18길8-1 (진장동),,88.961,죽변 비상활주로 민ㆍ민갈등 해소방안 연구,군
전투기 시뮬레이터와 창공모델 연동시험 연구 용역,공군제38전투비행전대,70151083.0,101.163,2022-05-16,주식회사 일신이앤씨,엄영석,최규식,"서울특별시 서초구 효령로230-0 (서초동, 승정빌딩)",0.0,,2018년 서울안보대화 사이버워킹그룹 지원 연구,제2군단
(20F060-I)소음영향도작성을위한소음측정및분석용역,공군군수사령부,,89.796,2022-08-08,주식회사 타임기술,장우영,정주교,서울특별시 서대문구 불광천길278 (북가좌동) 1층,9080649.0,89.588,육군 항공관제 시뮬레이터 연구개발,국군재정관리단
지형분석장비 구매설치,공군본부,,94.996,,은성세미,조종열,이지은,"서울특별시 서대문구 수색로138-0, 2층(북가좌동)",7023553.0,89.322,드론봇 전술훈련장 운용개념 및 구축방안 연구용역,제2062부대
국방 분야 초거대 AI 적용 방안 연구,육군본부,,89.424,2022-12-17,주식회사피레타,김영우,김영진,서울특별시 중랑구 동일로516-3 (면목동) 5층,103663302.0,,2018년 항공관제 분석체계 유지보수 용역,국군재정관리단
효율적인 탄약 전력화 방안 연구,국군의무사령부,,,,주식회사 엔브이티,이수훈,문송철,"서울특별시 금천구 가산디지털1로119-0 (가산동, SK트윈테크타워, a동 10층 6호)",0.0,89.791,영상정보에 대한 학습데이터 확보방안 연구,제3707부대
효과성·활용성 중심의 군내 NCS 적용방안 연구용역,국군간호사관학교,167807402.0,90.131,,주식회사 엔미디어솔루션,오중산,김해리,"서울특별시 서대문구 수색로138-0, 2층(북가좌동)",,,무기체계 안전성 시험평가방안 연구,종합보급창
K21장갑차 조종수카메라 정비기술개발 연구용역,국방대학교,,90.158,2024-09-15,(주)디아이엔티,이윤문,이선영,충청북도 청주시서원구 개신동446-2,,,군단정찰용 무인항공기-Ⅱ 시설사업 선행연구,군
해안경계 임무전환 관련 안보상황 평가체계 연구,특수전사령부,571234615.0,87.11,,(주)지디시스,전병욱,유보라,"경기도 용인시 기흥구 기흥로58-1 (구갈동) 기흥ICT밸리 SK V1, A동 2406호",,89.365,2.75 유도로켓(차량탑재형) 시설사업 선행연구,국군복지단
수중전술기기통제사 자격 신설 연구,국방부조사본부,79163344.0,90.608,2020-02-04,중원대학교 산학협력단,엄기숙,오순길,충청북도 청주시 청원구 오창읍 농소길33-56,,,연구활동 재료(초자) 189종 구매,제7821부대
연구장비(가스크로마토그래피) 구매 계약,해군본부,70834876.0,89.661,,네이버시스템 주식회사,이승호,김승준,경상남도 창원시 진해구 용원동로294-0 (용원동),5618344.0,99.934,수중전술기기통제사 자격 신설 연구,국군제1068부대
(20F062-I)소음영향도작성을위한소음측정및분석용역,제5378부대,180652070.0,89.495,2019-02-28,(주)모던애드,강종효,이영섭,서울특별시 영등포구 의사당대로38 (여의도동) 101동 412호,0.0,88.972,AI기술의 분류체계 및 적용방안에 관한 연구,군
화학작용제 자동분석기 MM-1 외주정비,국군재정관리단,,89.998,2021-03-01,테크디,이기용,김선주,"경기도 의왕시 오봉산단3로25, 1동 303호(삼동, 의왕테크노파크더리브비즈원)",2856546.0,81.09,대전병원 생화학 자동 분석기 소모품 20종 구매,국군대전병원
해병대 인력획득체계 분석 발전 방향 연구 용역,제2307부대,180239305.0,100.85,2022-11-26,(주)다올씨앤씨,강명환,진유리,"서울특별시 금천구 벚꽃로254-0 (가산동, 월드메르디앙벤처센타) 1109호",,,근무주정 내항성 향상 함형 개발 연구,중앙행정기관
전평시 군수부대 기동화 방안 연구용역,국방부(운영지원과),,90.043,,(주)아이엠티,이영주,김종환,경기도 수원시 영통구 삼성로274 (원천동) 수원팩토리월드 410호,530167.0,89.85,다계층통합네트워크 구축을 위한 연구용역,제2879부대
한국형 첨단전투관리체계 운용개념 및 발전방안 연구,제3697부대,,89.97,2023-10-20,에이치디현대중공업 주식회사,김재욱,황예진,"서울특별시 구로구 디지털로32길 30, 코오롱디지털타워빌란트15층(구로동)",104247108.0,89.187,항 18-029 자동면역분석기 시약 등 53종 구매,제9691부대
산소분석기 1종,육군본부,67726679.0,,2019-12-21,(주)지디시스,김자이,이춘근,"서울특별시 송파구 법원로11길25-0, A동 1310호(문정동, 에이치비즈니스파크)",153263137.0,,합동화력시뮬레이터 양산사업 비용분석,제3130부대
(20F081-A)소음영향도작성을위한소음측정및분석용역,제7016부대,,89.589,,주식회사 모든통상,이남택,오원석,"서울특별시 종로구 홍지문2길20-0 (홍지동, 상명대학교)",109229859.0,89.996,(22G028-A)생물안전3등급 연구시설 유지보수 용역,기관
19년 작전지속지원분석모델 유지보수(2018F124-G),공군제7항공통신전대,,,2020-06-24,주식회사 에이티앤아이,이우희,신명화,"대전광역시 유성구 대학로31-0 (봉명동, 유성한진오피스텔) 2215호",19990447.0,,기갑/기계화부대 중대급 교전훈련장비 2차 선행연구,제6619부대
한국형 차세대 전투임무기 구축방안 등 연구,국군수도병원,,,,주식회사  코리아리서치인터내셔널,안성일,이기석,강원특별자치도 춘천시 동면 만천로104-1,88597642.0,89.194,FA-50 성능개량 방안 연구,대학
KUH-1 헬기 견인장치 안전센서 개발 연구용역,국군의무사령부,178381005.0,89.67,,유한회사 한빛기업,가회광,윤미선,"서울특별시 종로구 율곡로6길36 (운니동, 오피스텔월드) 1008호",101055173.0,89.535,40mm고속유탄기관총-Ⅱ 사업분석,제9965부대
22-7차 연구장비 구매 계약 - 멸균소독기 소형,공군방공관제사령부,162838060.0,89.921,2023-11-14,사단법인 한국사회보험연구소,김정희,윤병찬,"서울특별시 영등포구 국회대로70길12, 802호 (여의도동,대산빌딩)",984848.0,98.129,(226046-G)'22년 육군 DB분석체계 교체(리스물건),제5378부대
고속상륙정(LSF-II) Batch-II 사업분석,국방전산정보원,,90.026,,태형상사주식회사,남궁진,정관용,인천광역시 연수구 원인재로212 (연수동),,82.577,22-해-소형 사단용 생화학자동분석기 구매,국군재정관리단
K10제독차 조종상자 회로카드 정비기술개발 연구용역,제20전투비행단,182222709.0,,2017-08-12,청맥기획,문강분,전진우,"서울특별시 서초구 효령로230-0 (서초동, 승정빌딩)",,89.722,방산물자 기술수준 및 경쟁가능성 심화 조사 및 분석,국군재정관리단
(247192-C) 유전자감정장비(자동염기서열분석기) 구매,수도기계화보병사단,68480651.0,101.313,2021-07-12,삼송,황조연,유재웅,제주특별자치도 제주시 첨단로251 (영평동),3367353.0,,군사사연구총서고대~근대한국군사사연구용역(과제4),4284부대
22-유도/수중무기 창정비 비용 대 효과 분석,국군의무사령부,180183734.0,89.451,2023-10-26,주식회사 리눅스데이타시스템,조현선,김채미,충청북도 청주시 흥덕구 옥산면 덕촌삼성골길16,0.0,,운용제원 분석 기반 장비수명 판단방안 연구,제9965부대
23년 비용분석모델(True Planning) SW유지보수 용역,공군제15특수임무비행단,74654921.0,90.346,,주식회사 루키스,정중식,양용진,"서울특별시 금천구 가산디지털1로30,1712호 (가산동,에이스하이엔드타워10차)",105385056.0,89.092,16년 차세대 첨단함정 건조가능성 검토 연구용역,제9227부대
[24-육-117] AI기반 사격지휘체계 연구,공군작사근무지원단,,,,사이모빌 주식회사,홍태오,이영익,"경기도 성남시 수정구 복정로84번길 22-15,(B-001호) (복정동)",108604929.0,,기술연구 환경구축 사업 리스,군
120mm자주박격포 및 사격지휘차량 성능개량 사업분석,공군제15특수임무비행단,,,2017-05-18,유한회사 엔디클릭,조홍덕,김성찬,부산광역시 동구 중앙대로286번길9-0 (초량동) 306호,93830037.0,97.864,공개SW 군 확산을 위한 정책수립 연구,제2062부대
차세대 기동헬기 발전방향 연구 용역,육군본부,,94.152,2018-10-24,정호정보통신,김영욱,윤정숙,"전라북도 군산시 임피면 호원대3길 64,",0.0,89.16,방위사업 계약법령 체계화 방안 연구,제2879부대
KUH-1 엔진 시험장비 고장예측시스템 개발 연구용역,국군수송사령부,494498256.0,89.625,2024-01-15,디에이전,신지웅,이향천,"대전광역시 대덕구 대화로120, 7층 729,730호(대화동, 가온비즈타워)",476362.0,97.482,공군 탄약 저장시설 지하터널화 방안 연구,군
함정 미래추진체계 기술적 대응 방안 정립 연구,공군방공관제사령부,68271596.0,90.734,,주식회사 지음지식서비스,안은희,윤수정,"서울특별시 금천구 가산디지털2로184, 10층 1017호(가산동, 벽산디지털밸리2차)",,79.909,CSP 획득개선 및 무기체계 가동률 향상방안 연구,군
미래 전장에서 승리하기 위한 육군전략 발전 연구,제6619부대,148929987.0,,,주식회사  인섹시큐리티,장수현,이승재,"경기도 고양시 일산동구 고봉로 26-14, 양우로데오랜드 A동 304호(장항동)",,,다계층통합네트워크 구축을 위한 연구용역,국군재정관리단
절충교역 제도 선진화 방안 연구,제5군단사령부,67589198.0,89.955,,(주) 솔포스텍,고중혁,금재호,경상남도 창원시 의창구 죽전로68번길29 (팔용동),,66.523,공군 군수지원 분야 발전방향 연구 용역,국군재정관리단
해군 부사관 조직문화 혁신방안 연구용역,육군인사사령부,,89.738,2017-06-17,MRO Tech(엠알오텍),양선희,오중택,대전광역시 대덕구 대화로160-0 (대화동) 10동 205호,96632816.0,89.222,빅데이터 기반 공중전투 기동 분석기술 연구용역,대학
미-23-미사일방어부대 효율적 부지 활용방안 연구,종합보급창,90406237.0,89.649,2019-01-31,주식회사 한국심리평가원,김정옥,김선태,서울특별시 노원구 화랑로574-0 (공릉동),0.0,89.759,통신가설차 경미한 성능개량 사업분석,군
우주 무기체계의 최적 보험 가입 방안 연구,국군화생방방호사령부,,89.832,2019-09-10,고메드,김상인,김수권,"경상남도 창원시 진해구 중원로1-0 (남빈동, 해군사관학교내)",,,건설현장 안전 관리시스템 구축 연구용역,중앙행정기관
76mm 함포 약실 정밀검사용 장비개발 연구용역,제20전투비행단,167463709.0,89.801,2017-04-06,주식회사 오파스넷,김재경,오선아,"인천광역시 서구 로봇랜드로155-11 (청라동), 5층 504호",273257943.0,81.327,경어뢰 성능개량사업 전문용역 비용분석,국군제1068부대
16-'17년 대잠작전효과분석모델 성능개선 용역,제9691부대,75235780.0,,2017-06-02,한국건설기술연구원,이용호,허정행,서울특별시 강서구 양천로401-0 (가양동) B-407,,,19-스마트쉽 무선네트워크 활용방안 연구,군
미래 예비전력 정예화를 위한 동원개념 재설계 연구,합동참모본부,68388510.0,,,한양무선통신,홍순국,유재은,"서울특별시 마포구 마포대로 12, 한신오피스텔(마포동)",81202577.0,,연구장비확보(중합효소연쇄반응장치),제3훈련비행단
알코올 대사체 분석방법 연구,국방전산정보원,61034393.0,90.03,2024-01-20,주식회사 보람정보통신,김성훈,전아영,충청북도 단양군 단양읍 상진14길 1(),104449618.0,,절충교역 제도 선진화 방안 연구,제7016부대
부품정비대대 - 분석기  스펙트럼용 구매,국방부(운영지원과),66635524.0,,2022-06-17,엠텍리서치,최영상,김현숙,"인천광역시 서구 백범로630번길22, 308-1호, 216호 (가좌동)",,89.559,항공작전기지 계류공간의 효육적 활용방안 표본연구,군
전원품질 분석기 구매,국군재정관리단,170838669.0,,2020-07-11,자주국방네트워크,권용복,배미선,"전북특별자치도 군산시 임피면 호원대3길 64,",0.0,89.799,KUH-1 헬기 견인장치 안전센서 개발 연구용역,제9691부대
전장리더십 역량의 평시 개발 연구,육군군수사령부,569673675.0,90.942,,제이에스씨 코퍼레이션,허건영,지재필,"경기도 포천시 호국로 1007, 대진대학교 산학협력단(선단동)",0.0,88.908,2017년 제3회 국방 분석평가관계관 워크숍 위탁운영,군
22-공군 기후예측 및 기후변화 시나리오 연구용역,제3707부대,,99.429,2021-05-30,미라클,김성훈,문영옥,"서울특별시 은평구 진흥로 225,(불광동)",0.0,86.659,생화학자동분석기(동물용) 등 3항목 구매(의무),중앙행정기관
장비 고장예측 시스템 개발방안 기초연구 용역,국군간호사관학교,73619492.0,89.644,,주식회사 가이온,안기수,손보연,대전광역시 동구 대학로62-0 (용운동),87338492.0,85.256,LMS(학습관리시스템) 개념 연구용역,기관
예비군훈련 적정 보상비 연구,국군재정관리단,,89.971,,한국교통대학교산학협력단,송영호,이지선,"서울특별시 금천구 벚꽃로254-0 (가산동, 월드메르디앙벤처센타) 1109호",29096092.0,89.625,방산기술보호 성숙도 모델 인증제도 추진방안 연구,합동참모본부
23년 육군 장기미래비전 연구용역,육군훈련소,72552975.0,89.564,,주식회사 바로텍시너지,황조연,원만희,"대전광역시 대덕구 대화로120, 7층 729,730호(대화동, 가온비즈타워)",13246197.0,,육군 로고를 군수품에 적용하는 방안 연구,국군재정관리단
해병대 간부 및 병 획득율 제고를 위한 개선방안 연구,국군화생방방호사령부,81995561.0,99.614,2020-06-26,이비티주식회사,조명지,정중식,"서울특별시 강남구 도산대로 507, 대신빌딩205호(청담동)",144981254.0,,항-18-066 자동면역분석기 시양등 47종,제2879부대
우수 과학기술 인재의 국방(군) 분야 활용방안 연구,국군재정관리단,,96.76,,넥스케이드,어 기호,이연수,전라북도 완주군 삼례읍 삼례로 443 우석대학교내(본관 12층),7769068.0,,사이버위험평가 방법 및 군 적용방안 연구,국군재정관리단
병력책정기준 산정과 연계한 조직진단 기법 체계 연구,국군화생방방호사령부,,,,주식회사  인섹시큐리티,이성로,한상동,"대전광역시 서구 대덕대로319, 2층 212호(월평동, 우림빌딩)",22481179.0,,북단 유도로 신설사업 분석평가 및 선행연구 용역,제9227부대
23년 육군 장기미래비전 연구용역,육군정보통신학교,174310216.0,92.869,,(주)상보기업,박상희,김동신,"인천광역시 미추홀구 방축로194, D동 207호 2층 1호 (도화동)",,77.198,해병대 역사관 활용 방안 연구,제9227부대
20-풍력발전시설의 R/D 및 통신전자장비 영향성 분석,육군교육사령부,56195688.0,90.606,2020-06-20,주식회사 테크피아엔지니어링종합건축사사무소,이용호,전진우,경기도 의왕시 오봉산단3로25 (삼동) 의왕테크노파크 더리브비즈원 1동1528호,,,대형 후속사업 추진시 기종결정 평가항목 연구,중앙행정기관
인공지능 무기체계 시험평가 기준 절차 방법 연구,방위사업청(운영지원과),57493696.0,90.009,2024-03-11,아주바이오텍,임평산,조반석,경상남도 진주시 소호로101-0 (충무공동),0.0,89.236,2023 임상의학연구센터 통계프로그램 구매,국군재정관리단
『국방표준서 제정』연구,국방대학교,61986845.0,90.393,,(주)조은아이앤에스,이효정,김영애,충청남도 계룡시 금암로26-0 (금암동) 105호,15442921.0,97.19,교육장비(질량분석기) 구매,제20전투비행단
76mm 함포 약실 정밀검사용 장비개발 연구용역,공군본부,,90.062,,씨지에스아이티(주),김승준,유현국,"경기도 성남시 수정구 창업로43-0 (시흥동)1층, 글로벌비즈니스센터",106897510.0,,F404 엔진 경향성분석 및 상태진단 프로그램개발 용역,제1363부대
침낭 품질개선 선행연구 용역,육군정보통신학교,57044383.0,,2020-06-27,사단법인 대한민국 육군발전협회,안은희,김태형,"인천광역시 남동구 인주대로591번길64, 410호(구월동, 타원벨라움)",,,초소형 전술위성체계 구축방안 연구,국군재정관리단
AI 기반 6세대 전투기 운용개념 및 발전방안 연구,해군사관학교,74017142.0,99.99,2017-01-29,주식회사 에이치투엘테크놀로지,조화순,이종범,"서울특별시 성북구 숭인로2길61-0 (길음동, 길음동동부센트레빌아파트) 103동 11층02호",,,국방 클라우드 확산 정책 연구 용역,4284부대
기갑 및 기계화부대 중대급 교전훈련장비 연구용역,육군대학,,,,대진대학교 산학협력단,김경일,강성수,경기도 고양시 덕양구 권율대로656-0 (원흥동) 17층 1739호,0.0,100.114,22년 서울안보대화 프로그램 기획 및 발전방향 연구,국군의무학교
철근콘크리트 방폭문 파괴거동분석 및 실증실험 연구,육군교육사령부,71472301.0,89.458,,재단법인 에프아이티아이시험연구원,이찬기,이승모,"대구광역시 달서구 도원로46, 610동 304호  (도원동, 별메마을)",0.0,,야전운용시험 성과분석 및 발전방안 연구,국군재정관리단
(237283-E) 혈액가스분석기 소형 구매,국방지형정보단,70868392.0,89.985,2024-01-13,주식회사  인섹시큐리티,서정민,김소연,"서울특별시 강남구 강남대로62길24-0 (역삼동,해송빌딩)3층",,100.91,자동염기서열분석기 소모품 구매설치,제3130부대
[상층대기분석장비 부품] 송풍기  환기용 등 7종,제20전투비행단,,90.288,2020-06-26,주식회사에스마루,전건욱,최영복,"대전광역시 서구 대덕대로319, 2층 212호(월평동, 우림빌딩)",15763179.0,89.052,대량탄약조립장 개선방안 연구,제9965부대
24-모바일 증거분석체계 교체사업,공군군수사령부,69807695.0,,,명지대학교 산학협력단,곽민수,양정학,"경기도 성남시 수정구 달래내로46-0 (시흥동), A타워 8층 805호 (성남글로벌융합센터)",6763561.0,97.116,의무장비[혈액가스 분석기(휴대용)] 구매,중앙행정기관
국방 연구개발 법제 개선 연구,공군작전사령부,162701160.0,90.465,2020-06-23,주식회사 딥아이,최계영,정연환,"서울특별시 강남구 강남대로62길24-0 (역삼동,해송빌딩)3층",15620085.0,,분석기(스펙트럼용) 구매,합동참모본부
상비병력 규모 최적 결정을 위한 제도 조합 방안 연구,합동참모본부,73255591.0,99.655,2019-10-05,(주)디앤오종합건축사사무소,정형수,임영갑,"서울특별시 송파구 석촌호수로138, 202호 (삼전동)",0.0,,합동성을 고려한 대전차전력의 적정 소요 연구,제2879부대
(20F063-A)소음영향도작성을위한소음측정및분석용역,합동참모본부,166908900.0,89.047,,유한회사 동방이노베이션,조민구,최재영,경기도 용인시 기흥구 마북로207(마북동),,88.641,잠수함용 자기처리장비 시설사업기본계획 연구용역,제2062부대
위치보고접속장치 통신회로카드 대체품 개발 연구용역,방위사업청(운영지원과),,91.258,,부경대학교 산학협력단,임숙희,김지혜,세종특별자치시  시청대로370 세종국책연구단지 사회정책동,3937419.0,92.925,흔적 00분석 시스템 구축,국군재정관리단
24년 국한문 혼용 공군 역사서 한글화 연구용역,제5738부대,,100.831,2020-07-04,경희대학교 산학협력단,한수희,김종호,"서울특별시 송파구 법원로11길25-0, A동 1310호(문정동, 에이치비즈니스파크)",78945422.0,98.497,드론 유형별 시험평가 방안 연구용역,기관
19-미래 유무인 항공전력 복합운용 전력소요 연구,국방부(운영지원과),62423707.0,91.051,2019-05-20,(사)21세기군사연구소,백명기,서경원,인천광역시 부평구 부평대로301-0 (청천동) 남광센트렉스 303호,96504592.0,88.977,(226046-G)'22년 육군 DB분석체계 교체(리스물건),군
용산헬기장 소음영향평가 연구용역,제1363부대,59759789.0,,,우주산업플랜트 주식회사,김국동,정운찬,"경기도 성남시 수정구 금토로80번길11, (금토동, 판교이노베이션랩) 9층 909~911호",87354538.0,98.101,(226320-B) 지형분석장비 교체(리스물건),제1363부대
전쟁양상을 고려한 전사자 관리의 분석 및 발전 연구,국군의무사령부,67793965.0,,2017-08-04,에이치앤주식회사,조만희,우광석,"대구광역시 북구 영송로15, 5층 5503호(태전동, 대구보건대학교 성실관)",,,군 성폭력 사건 분석 연구,국군제1068부대
국내개발 항공기 성능개량 및 관리방안 연구용역,국방시설본부,,90.806,2018-07-26,영남대학교산학협력단,이용욱,오세문,"인천광역시 부평구 충선로73번길23-0 (부개동, 시티하우스2동)",2910171.0,89.843,실전적 모의지원 연구 용역,국군재정관리단
00 징후분석체계 구축,제5378부대,60543700.0,89.743,,국방기술품질원,이성인,김소라,대전광역시 대덕구 대전로1397번안길70-0 (읍내동),,88.29,복합무기체계 시험평가 제도개선에 관한 연구,군
드론봇 및 대드론체계 전력화추진 Master-Plan 연구,방위사업청(운영지원과),62199602.0,89.74,,(주) 탑크로스 이앤텍,이상환,전용호,"경기도 용인시 수지구 죽전로 152, 단국대학교내(죽전동)",,89.939,저 전송률 보코더 개발 연구용역,기관
스마트팩토리 기반 KAAV창정비 공장 연구 용역(1),국군수도병원,59221299.0,89.916,2020-06-18,(주) 탑크로스 이앤텍,최성숙,곽일,전라남도 목포시 해양대학로 91(죽교동),,,23-N-금속성분분석기 구매,종합보급창
ArmyTIGER4.0네트워크정보유통능력분석연구용역,국군재정관리단,,,2019-01-22,(사)한국식품기술사협회,김한희,박미영,충청북도 충주시 대학로50-0 (대소원면),,98.796,지상무인차량사업 종합평가 추진 시 평가방안 연구,국군재정관리단
삼군부 재현 및 이전을 위한 연구,국방부군사편찬연구소,83074611.0,,2018-10-21,에스원세이프,김운용,김윤영,충청남도 아산시 삼동로40 (모종동)3층 301-37호,,,해병대 동원훈련장 과학화 발전 방안 연구,국군제1068부대
사이버 기술연구 환경구축 SW(라이선스) 구매,육군본부,,89.746,2020-06-05,법무법인(유한) 세종,오진성,이성표,"경기도 김포시 김포한강3로237번길16, (장기동, 314호)",,89.847,과학적 시험설계와 시험결과의 논리적 평가방안연구,제3170부대
추진장약 분석시험용 재료구매,수도기계화보병사단,162908889.0,88.73,2019-03-31,주식회사 리눅스데이타시스템,유인목,권시형,서울특별시 송파구 올림픽로505-0 (풍납동),0.0,89.672,절충교역 제도 선진화 방안 연구,제2307부대
성희롱 등 사건분석을 통한 조직문화 개선방안 연구,제9227부대,64015617.0,,2023-03-12,예원,권정환,김시나,"경상남도 창원시 마산합포구 경남대학로7-0 (월영동, 경남대학교)",88761713.0,,계기착륙장치(ILS)사업 선행연구,군
디지털 증거분석체계 라이센스 확보 사업,공군방공관제사령부,72128247.0,90.002,2019-06-18,(주)심네트,임경태,최성숙,경기도 의왕시 오봉산단3로25 (삼동) 의왕테크노파크 더리브비즈원 1동1528호,111097844.0,88.867,국방기술기획평가원 설립의 경제적 타당성 분석,4284부대
의무시설 시설공사비 적정 편성 기준 연구,공군미사일방어사령부,,,2023-07-12,(주)윌비소프트,문강분,박재완,서울특별시 영등포구 여의공원로 101(여의도동),,89.856,(237097-E) 연구활동재료(시약) 구매,군
계층별 리더십 핵심역량 정립 연구용역,국방부(운영지원과),101445045.0,91.114,2022-07-11,,박홍련,장우영,"서울특별시 금천구 디지털로173, 504호(가산동, 엘리시아지식산업센터)",95581571.0,89.187,17-방공관제사-102 보급수송과 신호분석기,중앙행정기관
LiDAR 기술의 4차 산업 적용방안 연구용역,해군작전사령부,,,2018-12-01,유한회사 한빛기업,강윤진,류상윤,"서울특별시 강남구 역삼로17길57, 그랜드빌딩 B1층 (역삼동)",113273624.0,,상륙공격헬기의 효과적인 시설사업 추진방안 연구,군
항공기 RCS/IR Signature 추출 및 해석 연구,제7016부대,73531776.0,,2024-02-28,삼일회계법인,박헌제,박지현,경상남도 창원시 성산구 창원대로797 (상남동),,98.893,소화기 소음기 선행연구 용역,4284부대
차륜형지휘소용차량 시설사업기본계획 연구용역,국방부(운영지원과),71715520.0,90.1,,(주)글로벌텔레콤,김승준,양상원,"서울특별시 용산구 청파로349-0 (서계동,보은개발빌딩)",6014740.0,89.308,(237001-H)스펙트럼 측정/분석장비 노후 교체,제20전투비행단
워리어플랫폼 미래단계 추진방향 연구용역,육군교육사령부,159161183.0,,2020-07-05,(주)한신솔루션,허건영,양삼근,"경기도 성남시 수정구 달래내로46-0 (시흥동), A타워 8층 805호 (성남글로벌융합센터)",5042330.0,88.542,PBL 적용을 위한 성과지표/목표 연구,4284부대
민군복합타운 조성을 위한 제도적 방안 연구,국방부,72901297.0,,2019-05-03,주식회사 스펙트럼인사이트연구소,김주희,황병윤,경기도 안양시 만안구 일직로94번길15-0 (석수동),,,화생방 연구활동 재료 시약 구매,군
2018년 제4회 국방 분석평가관계관 워크숍 위탁운영,해군본부,1440833951.0,,2022-10-07,주식회사엔지아이,조성희,김학균,"서울특별시 용산구 한강대로211, 102동 1605호(한강로1가, 대우월드마크용산)",99715702.0,,민간우수체계기반 전평시 민군 수송물류업무 협력연구,국군수도병원
휴대용 산소분석기 1종 구매,해군군수사령부,155543489.0,,2022-02-06,사단법인 한국군사시설연구소,이승철,정광조,경상남도 거제시 거제대로3370 (아주동),21547715.0,89.725,국내 대형민간항공기 활용 공중발사 가능성 분석 연구,제2307부대
20-공무직근로자 임금체계 연구용역(K041),육군종합군수학교,76957855.0,,2017-07-18,,이남택,권소영,"경기도 포천시 호국로 1007, 대진대학교 산학협력단(선단동)",22338779.0,100.567,인공근육 기반 전투원용 슈트 개발 발전방향 연구,국군재정관리단
계층별 조직문화 진단 및 혁신프로그램 추진 연구용역,국군재정관리단,,,2021-09-22,주식회사 명품시스템,김성도,정해붕,경상남도 창원시 성산구 창원대로797 (상남동),,88.82,전력발휘 보장을 위한 예비군훈련체계 연구,중앙행정기관
17년 지형분석 기초자료 구축사업,제3훈련비행단,,,2023-09-30,(사)국방시설연구협회,이창민,임한영,"서울특별시 강남구 남부순환로365길 5, 중명 213(도곡동)",97622972.0,73.831,국방정보화 정책평가 수행 및 발전방안 수립 연구,국군재정관리단
23-F-최대전력 분석기 구매,제9691부대,55268061.0,89.41,2019-09-26,(사단) 한국정치학회,박 동순,정관용,"서울특별시 금천구 가산디지털1로1-0 (가산동, 더루벤스밸리) 1208호",0.0,,22-공군 기후예측 및 기후변화 시나리오 연구용역,제20전투비행단
ATCIS 2차 성능개량 0000체계 운용요구서 연구,공군교육사령부,174599381.0,,,한남대학교 산학협력단,임영갑,이정민,"경상남도 창원시 마산합포구 경남대학로7-0 (월영동, 경남대학교)",,89.63,K9자주포 연료펌프 성능개선 시제품 개발 기술 용역,국군수도병원
비전통위협 대비군시설활용및 공용면적 기준 개정연구,국방부조사본부,1439737796.0,90.61,2019-02-22,주식회사  코리아리서치인터내셔널,이정원,신창희,"서울특별시 서초구 서운로 226, 서초오피스텔 404호(서초동)",0.0,88.788,상륙돌격장갑차 수명유지를 위한 방안 연구용역,중앙행정기관
병력책정기준 산정과 연계한 조직진단 기법 체계 연구,국방부(운영지원과),1493119037.0,89.59,2018-06-05,주식회사 이엠텍아이엔씨,박종재,이재동,서울특별시 송파구 법원로8길9 (문정동) 10층,15851799.0,89.409,도태항공기 활용 EMP야외환경 시험 연구용역,제3170부대
용산헬기장 소음영향평가 연구용역,국군재정관리단,83998463.0,89.498,,에스엔케이와이즈주식회사,정의붕,이승재,"대전광역시 유성구 대학로 27, 현대리조텔 2층(봉명동)",112773265.0,,20-풍력발전시설의 R/D 및 통신전자장비 영향성 분석,제3훈련비행단
전군 연례 리더십 수준 진단 연구용역,방위사업청(운영지원과),,90.279,,이상시스템,양선원,최규식,경상남도 창원시 의창구 봉강가술로537번길42-0 (대산면),6975601.0,,내부피폭선량분석셋(삼중수소 전처리장비셋) 구매,군
화학작용제 자동분석기 MM-1 외주정비,국방부 국방정책실,175534286.0,90.157,2024-06-30,주식회사 삼현,김태동,조희정,"서울특별시 성동구 성수이로147, 905호 (성수동2가, 아이에스비즈타워)",0.0,89.527,선진전투실험 발전현황 및 육군전투실험 향상방안연구,기관
22-해병대 병영문화혁신 외부 연구용역,해군군수사령부,71687778.0,89.524,2024-05-21,주식회사 화이트스캔,조동원,정영숙,서울특별시 중구 무교로16(무교동),,89.472,해양 유ㆍ무인 복합전투체계에 대한 대응방안 연구,군
최신 ICT를 적용한 국방컴퓨터체계 운용 방안 연구,특수전사령부,,99.379,,공군사관학교 산학협력단,이권민,황병수,"경상남도 창원시 성산구 완암로50-0 (성산동, SK테크노파크) 넥스동 1103호",90422164.0,99.593,00부대 정보체계 취약점 분석 도구 구매,제5378부대
(217215-D)디지털 포렌식 분석장비 교체,국방부(운영지원과),,95.653,2021-06-15,주식회사 시스텍,신철호,유재은,서울특별시 강서구 마곡중앙5로1길20 (마곡동) 520호,,89.629,무인수색차량 사업 비용분석,중앙행정기관
생화학자동분석기 등 83종 구매(20197024-E),국군재정관리단,188507641.0,93.47,,(주)아이엠티,김경일,홍주의,"대전광역시 유성구 죽동로297번길68 (죽동) CNU프라자  701,702호",4368710.0,88.655,국방기록관 업무효율화를 위한 방안 연구,국군재정관리단
위성 무기체계 시험평가 제도개선에 관한 연구,국방부(운영지원과),,,2016-12-16,주식회사 메디시온,도정화,엄재훈,"서울특별시 구로구 디지털로272-0 (구로동, 한신아이티타워) 605~607호",98748267.0,89.762,군복무 가치 평가 관련 설문조사 연구용역,국군수도병원
(22F070-G) 경계용 영상분석 데이터셋 구축,국방시설본부,64736899.0,89.493,,군인공제회,이충렬,최성숙,"부산광역시 영도구 태종로727(동삼동, 한국해양대학교) 산학허브관 403호",0.0,89.732,20-해군사관생도 복제개선 연구,국군재정관리단
전군 연례 리더십 수준 진단 연구용역,공군제7항공통신전대,54536409.0,,,에스엠트레이딩,김학범,이태영,대구광역시 달서구 와룡로45길10-14 (죽전동),122654498.0,85.801,(247115-B) 연구활동재료 구매,제5378부대
상륙돌격장갑차-Ⅱ추진전략에 관한 연구용역,제9965부대,,90.85,2019-03-21,사단법인 한국국가전략연구원,안주섭,이진희,"서울특별시 서초구 강남대로6길11 선우빌딩 4,5층 (양재동)",1952484.0,98.925,21-공-가스크로마토그래피 질량분석식 구매,제5019부대
군수 빅데이터 수집/분석체계 구축 BPR/ISP 감리,제7821부대,,89.527,,(재)주택산업연구원,정태윤,고기종,서울특별시 영등포구 여의대방로43나길20-0 (신길동),,99.021,공무직 근로자 임금체계 컨설팅 및 연구 용역,제20전투비행단
2017 PACC & PAMS 연구용역,4284부대,64697979.0,89.773,2019-01-07,미래상사,김범준,노태균,대전광역시 유성구 대학로291-0 (구성동),17221381.0,89.224,사이버전 수행개념 및 절차 연구,군
우주 무기체계의 최적 보험 가입 방안 연구,제9691부대,163427366.0,94.649,2019-01-22,(재)한국기계전기전자시험연구원,강창선,박계향,서울특별시 영등포구 여의대방로67길11-0 (여의도동) 5층 A5-29호,31381686.0,89.409,소형드론용 지능형 영상분석기술 연구/시연 용역,제9691부대
산악지역에서의 적정 무기체계 및 전투수행 방법 연구,육군 제3808부대,161170661.0,,,(주)에프오알엠도시건축공간연구소,권선애,이병훈,서울특별시 금천구 가산디지털2로123-0 (가산동) 월드메르디앙벤처센터 2차 317호,116260276.0,,접경지역 부대개편에 따른 상생협력방안 연구,군
공군 장기 군구조 발전구상 연구,국군재정관리단,68583230.0,89.424,2024-02-25,엠지산업,정택호,홍명성,서울특별시 성북구 안암로145 (안암동5가) 미래융합기술관 607호,8075145.0,89.534,(227003-H)스펙트럼측정/분석장비 노후교체,국군수도병원
23년 임무형지휘 연구용역,해군군수사령부,,90.703,,주식회사 팬웨스트에스앤티,이경미,정진욱,"서울특별시 영등포구 선유로 70, 우리벤처타운2303호(문래동3가)",103445934.0,89.644,(217100-F)스마트폰앱 분석체계 구축,4284부대
첨단 항공엔진 연구개발 추진방안 연구,육군교육사령부,,,2019-08-25,한국생산성본부,배종환,이호준,"서울특별시 강북구 인수봉로55가길16-9 (수유동, 가람아트빌5차) 301호",,89.202,군 내 인성교육 프로그램 간 효과성 비교연구,제5378부대
해안경계 임무전환 관련 안보상황 평가체계 연구,해군작전사령부,43465803.0,,,주식회사 에스앤피,조노희,조종열,"서울특별시 구로구 디지털로31길41-0, 603호, 604호, 605호(구로동, 이앤씨벤처드림타워6차)",5687310.0,89.216,24-방공관제 작전제한 해소 추가레이다 설치방안 연구,중앙행정기관
00훈련장 이전 연구 용역,제7군단,77432960.0,83.894,2019-09-03,주식회사  인섹시큐리티,허준행,안미숙,"충청북도 청주시 서원구 수곡로99번길32-2, 101호(수곡동)",15821494.0,70.318,미래 육군비행장 발전계획 검증 연구 용역,기관
(24G050-A생물안전3등급 연구시설(BL-3) 유지보수용역,공군 제8전투비행단,61836102.0,90.005,2019-05-24,단국대학교 산학협력단,곽재수,이성표,"서울특별시 송파구 법원로127-0 (문정동,대명벨리온)1117,1118호",,,국방 빅데이터 분석 사업 용역,국군재정관리단
대용량 유전자데이터 분석 파이프라인 및 가시화 연구,국방정보본부,576864601.0,89.401,,(주)지디엘시스템,김진욱,신종걸,"서울특별시 강남구 테헤란로306, 13층(역삼동, 카이트타워)",18210129.0,89.801,방산 용역 원가 및 이윤제도 개선방안 연구,국군의무학교
방위산업기술 유출 및 침해 대응체계 구축방안 연구,제5군단사령부,71253080.0,89.644,,신승하이텍,유연호,남궁진,서울특별시 마포구 월드컵북로5길59 (서교동),103257979.0,,대함유도탄 방어유도탄 양산사업 비용분석,합동참모본부
정기기초연구과제연구용역(6. 전장에서포병화력...),국군제1068부대,163522794.0,,2021-10-10,주)삼성공조시스템,이형철,정예지,충청북도 청주시 흥덕구 비하로59-2 (비하동),,84.86,인력획득 모집홍보 대상의 성향 분석 연구 용역,제3훈련비행단
21-무기체계 수명주기간 부품국산화 발전방안 연구,방위사업청,,89.84,,쿤텍 주식회사,윤은희,이귀숙,"서울특별시 성동구 왕십리로 222, 한양대학교 내 한양종합기술연구원 110호(행당동)",0.0,97.763,도태항공기 활용 EMP야외환경 시험 연구용역,국군복지단
17년 분광분석 폭발물탐지 연구용역,공군군수사령부,71605430.0,,,(사)한국능률협회,이덕호,오세형,서울특별시 강남구 선릉로64길6-0 (대치동) 2층,112744335.0,,정신전력 평가도구 개발 연구용역,제3170부대
임무형지휘 수준진단도구 개발 연구용역,국군의무사령부,,88.443,,주식회사 광원종합상사,홍영기,정영숙,충청북도 청주시 흥덕구 비하로59-2 (비하동),284314605.0,98.255,21-해-CCTV 분석시스템 등 7종 구매설치,기관
민·군용헬기 감항인증 상호 교차인정 적용방안 연구,국방대학교,74011423.0,99.781,,(주)우리디자인,김근채,정승인,"경기도 안양시 동안구 귀인로1, 4층 (호계동)",2182192.0,89.756,(20F172-I)00부대 라돈저감방안 연구 용역,제2879부대
19년 작전계획분석모델 장비교체사업(20198065-E),합동상호운용성기술센터,82547530.0,89.378,2020-05-30,주식회사 신나는세상,윤은희,현수,경기도 남양주시 별내면 용암비루개길140-0,28493575.0,89.559,미래 합동작전과 해군.해병대 공동 비전 연구,제9691부대
국방로봇 운용을 위한 법/제도 개정 및 인증제도 연구,방위사업청,,,2019-05-16,사단법인 한국교육행정학회,박충권,박서연,"대전광역시 유성구 엑스포로1, 1902호(도룡동, 엑스포타워)",13533318.0,,’22년 전투발전 연구과제 용역(3),기관
FA-50 성능개량 방안 연구,육군보병학교,68270253.0,,,주식회사 루키스,김윤혁,박수정,"서울특별시 강서구 공항대로51길17-0 1,2층 (등촌동)",,93.767,유무인 전투기의 공대공 복합운용개념및요구능력 분석,39정찰비행단
국제공동연구용역(1.한국-NATO안보ㆍ국방...),국방부(운영지원과),82463686.0,90.194,2020-05-25,주식회사 아레스,정운찬,탁승주,경상남도 함안군 칠북면 삼칠로 1826티엠시 (주),14244744.0,88.538,모바일기기 증거분석체계 구매(교체) 리스,군
대전병원 생화학 자동 분석기 소모품 20종 구매,국군간호사관학교,71436690.0,,2020-07-02,라온유통,성순이,고기종,대전광역시 유성구 대덕대로512번길20-0 (도룡동) 대전정보문화산업진흥원 304호,20702927.0,89.07,(21F049-I)제2軍 대테러 종합훈련장 선행연구 용역,제7821부대
인공근육 기반 전투원용 슈트 개발 발전방향 연구,공군교육사령부,77838989.0,101.769,2023-11-19,재단법인 중소조선연구원,이윤문,김지혜,,,,군 장병 정신건강 실태조사 연구용역,군
세계안보정세분석 연구 용역,육군인사사령부,59644403.0,,,(주)한신솔루션,신지웅,홍성휘,"서울특별시 서대문구 수색로138-0, 2층(북가좌동)",16176564.0,99.94,19-회로분석기 구매(20199065-H),군
디지털증거분석 수사체계 교체(218014-A),방위사업청(운영지원과),,90.282,2022-09-07,아이브스 주식회사,김혜진,유지수,세종특별자치시  반곡동 시청대로370 세종국책연구단지 B동(과학.인프라동) 8-11층,0.0,89.245,국방R&D 과제 평가체계 개선방안 연구,제2879부대
4차 산업혁명 연계 군시설 관리체계 연구 용역,국군화생방방호사령부,167862912.0,89.634,2019-05-26,숙명여자대학교산학협력단,이재평,김승준,"경기도 성남시 중원구 순환로210-0 201,202,203,204,205호(상대원동, 이노트리아파트형공장)",113081964.0,,연구장비확보(중합효소연쇄반응장치),국군재정관리단
국내개발 항공기 성능개량 및 관리방안 연구용역,제3707부대,173326761.0,,2019-05-07,테크노빌리지 주식회사,신희준,홍태오,"서울특별시 용산구 청파로47길 100, 숙명여자대학교내(청파동2가)",87653792.0,,차륜형지휘소용차량 시설사업기본계획 연구용역,군
병 자기개발비용지원 적정추진체계 구축 연구용역,제2879부대,179842663.0,89.842,2021-09-25,동우씨엠 서청주지사,김명운,김다예,"서울특별시 강동구 양재대로 1443, 동우빌딩 7층(길동)",97088174.0,,24년 국방연구개발사업의 성과조사 · 분석 연구 ,국군제1068부대
단기 복무 청년층 장병 진로지원 프로그램 개발 연구,국군의무사령부,64505623.0,102.22,2023-07-28,사단법인 국방지능정보기술융합협회,김승용,황미영,"경기도 고양시 덕양구 삼원로73, 721호(원흥동, 원흥한일윈스타)",83699219.0,96.85,2019년 의무장비(요분석기) 구매-재투자,4284부대
K200A1장갑차 시뮬레이터 연구개발,공군작전사령부,189072878.0,90.012,2019-03-30,주식회사 시스코어,박길현,정혜원,경기도 안산시 상록구 광덕1로355-0 (이동)월드비지니스센타 41-4호,,,00기지 저주파분석 훈련장비 유지보수 용역,국군재정관리단
군인 공상 추정기준 수립 연구,제3697부대,547657426.0,89.195,2018-11-03,유더블유티,이영주,진주,"경기도 안양시 동안구 관평로138번길24-0 106호 (평촌동, 초원아파트 상가동)",0.0,,[24-육-173] 영상분석 SW 라이선스 구매(리스물건),중앙행정기관
공군 3훈비 방호시설 방호성능평가 연구용역,공군제38전투비행전대,63148891.0,,,(주)대한티앤에스,임창흥,정진욱,대전광역시 유성구 유성대로1184번길 29(신성동),109145835.0,,차륜형지휘소용차량 시설사업기본계획 연구용역,국군대전병원
주요 군사시설의 방호설계 기준 개정 연구용역,국군복지단,168537051.0,91.307,,주식회사 이음,이영환,허성일,서울특별시 강남구 삼성로 438(대치동),85598569.0,89.389,24~'25년 상층대기분석장비 유지보수,기관
스마트 공군력 건설을 위한 조직 발전 방안 연구,제2879부대,158997159.0,,,구루멘토링 주식회사,이용훈,권시형,제주특별자치도 제주시 첨단로251 (영평동),,,유류 소분배 계통 자동화관리 연구,제2879부대
한국군 공정사단 필요성 및 운용개념 편성방안 연구,국방부(운영지원과),1431521330.0,89.869,2022-05-20,(사)21세기군사연구소,김종규,이수행,제주특별자치도 제주시 첨단로251 (영평동),,99.249,DNA정량분석기 등 7항목 구매(의무),국군복지단
4차 산업혁명과 연계한 미래 물자동원방안 연구,국군재정관리단,,90.655,2019-02-05,주식회사 오로라,임준석,정운찬,"서울특별시 마포구 월드컵북로501-0 (상암동, 상암월드컵파크9단지)904동1005호",108913754.0,,전차와 육군헬기의 혁신적인 운용개념 발전 연구,제3170부대
수질분석기등 3종,국방부유해발굴감식단,169883686.0,,2024-05-16,건양대학교 산학협력단,정영석,권연주,"서울특별시 중구 동호로7길41, 2층(신당동)",,92.071,미래 무기체계 소요 연구용역,국군재정관리단
민사분야 연구용역(2-1),국방부(운영지원과),70912199.0,87.318,2022-08-20,주식회사 원스타,차지환,이권민,"서울특별시 성북구 화랑로76, 제3층 307호(하월곡동,코업스타클래스)",96651732.0,89.526,23년 성능개량 전파분석체계 도입사업,제6619부대
군사격장 소음측정 및 분석용역,국방부(운영지원과),,,,사단법인 한국고용복지연금연구원,임창흥,김보라,서울특별시 서초구 서초대로19길10-11 (방배동) 2층,0.0,,(20F169-A)지형분석장비 교체사업 등 17건 금융리스,군
전장리더십 역량의 평시 개발 연구,해군군수사령부,59280283.0,90.356,2022-07-17,(주) 한국능률협회컨설팅,김동국,우재봉,"서울특별시 강남구 테헤란로512, 10층(대치동, 신안빌딩)",,,방위사업 국제공동연구개발 가이드라인 연구,제7821부대
(207146-F)디지털포렌식 분석장비 도입,해군교육사령부,,90.295,2022-09-22,주식회사  코리아리서치인터내셔널,유상지,유완종,"경기도 성남시 중원구 갈마치로302, A동 602호 (상대원동, 우림라이온스밸리5차)",9945879.0,,22-G/K 창정비 사업 성과분석 연구,합동상호운용성기술센터
잠수함 훈련장비(저주파분석 등 2종) 유지보수 용역,국군제1068부대,469789550.0,89.486,2020-06-30,주식회사 티이디컨설팅그룹,최명식,김호근,"경상남도 진주시 장대로 38, 현대빌딩 4층(장대동)",,88.757,함 탑재용 무인항공기 선행연구,기관
인공지능을 적용한 군사드론의 체계 연구,육군 제3808부대,143777668.0,90.463,2020-06-24,주식회사 혜성산업,권시형,박성철,세종특별자치시  전동면 보평길167-0,0.0,88.461,AI를 이용한 기상관측장비 고장예측 기술 선행연구,제9227부대
(20G060-A)IP교환기및국방보안조사분석시스템금융리스,제3707부대,,89.665,2022-09-02,하나메디,안주섭,이진선,"경기도 고양시 일산동구 중앙로1305-30, 728호 (장항동, 일산마이다스오피스텔)",98695043.0,,국방규격에서 인용 중인 폐지된 KS 제정 연구,군
우리군 통합체계지원 적용을 위한 발전방향 연구 용역,국군화생방방호사령부,71539235.0,,2017-01-12,웰스,이미영,한영준,대전광역시 중구 수침로55번길19 (태평동) 장가빌딩 2층,,85.944,군인연금관리공단 설립 필요성 등 검토를 위한 연구,4284부대
군 표준차량 수명판단방안 연구 용역,국군의무사령부,75160927.0,89.801,2021-05-05,주식회사 씨이엠아이,김희상,양정학,"서울특별시 중구 퇴계로243, 5층 501호 (충무로5가, 평광빌딩)",0.0,,예비전력 VISION 구현 방향 연구용역,국군복지단
퍼징기반의 국방 무기체계 SW 안전성 향상방안 연구,제3697부대,,90.352,2019-04-04,사단법인 한국국방발전연구원,성현모,박정서,"경기도 군포시 엘에스로182번길34-24, 2층 (산본동)",1303220.0,86.689,중금속가열분석기 1항목 구매(의무),군
사이버위험평가 방법 및 군 적용방안 연구,공군미사일방어사령부,,90.319,,(주)싸이버텍,강현섭,박수영,"경기도 성남시 분당구 탄천상로164, A동 2층 247호(구미동, 시그마2오피스텔)",92695732.0,88.809,(22F067-G) 심리뇌파분석시스템 유지보수사업,국군재정관리단
(227135-E)디지털포렌식 조사분석도구 구매,육군교육사령부,,,2024-02-07,나우통상,이성심,이지혜,서울특별시 중구 무교로16(무교동),,84.07,분석기(비행조종계통 점검용)외1종 구매(16-38),제5019부대
군수송기 활용 산불진화능력확보 필요성 등 연구용역,국군복지단,,89.456,2023-12-20,강원대학교산학협력단,최성만,이병훈,"서울특별시 성동구 광나루로6길35, 202호, 706-2호, 707호 (성수동2가, 우림이비즈센터)",123556982.0,99.992,시험평가 의사결정체계 효율화 방안 연구,기관
20-Lynx 군수지원 여건 고려 적정 수명주기 연구,공군제18전투비행단,,89.302,2022-02-03,주식회사 스마트포트테크놀로지,이성심,추현아,대전광역시 유성구 국제과학3로22-0 (신동),11301154.0,,차년도 안보정세전망 연구 용역,합동상호운용성기술센터
20년 전파환경 측정/분석장비 유지보수 용역,해군본부,158900411.0,89.864,2020-06-09,한국산업기술시험원,NAKAZAWA TAKASHI,현영철,서울특별시 강서구 양천로401-0 (가양동) B-407,17395933.0,89.022,16년 정비지원부대 직무값 기반의 직무분석 연구용역,국군복지단
민간군사기업(PMC) 등 민간 아웃소싱에 대한 개념연구,국군제1068부대,170765174.0,,2022-06-24,에이치앤주식회사,이재관,김봉환,인천광역시 미추홀구 인하로100-0 (용현동) 인하대학교,93391554.0,89.526,2018년 서울안보대화 사이버워킹그룹 지원 연구,제6619부대
병력책정 기준연구(비행대대 조직구조 개선방안),국방부(운영지원과),83752308.0,90.555,,세종대학교산학협력단,김보명,임창흥,"경기도 고양시 덕양구 항공대학로76-0 (화전동, 한국항공대학교내)",6967270.0,,영평사격장 주변지역 주민이주 방안 연구,합동상호운용성기술센터
소화기 소음기 선행연구 용역,국방부 국방정책실,,89.944,,주식회사 발렌베리,장우영,전병욱,서울특별시 종로구 새문안로5가길 32(적선동),4170494.0,,TDS와 연계한 억제작전 평가체계 연구,제7군단
무기체계 전력지원체계 분류기준 재정립 연구,제7016부대,155245409.0,90.317,,에스엔케이와이즈주식회사,박상희,박익수,"서울특별시 동작구 남부순환로2021, 2층 (사당동)",,88.916,(217096-D)자동염기서열 분석기 등 2종 구(납품),제2062부대
극초음속 비행체 대응 미사일방어체계 확보방안 연구,공군사관학교,153075608.0,,,주식회사 윌비시스,현수,이권민,강원특별자치도 춘천시 동면 만천로104-1,0.0,,(24G050-A생물안전3등급 연구시설(BL-3) 유지보수용역,중앙행정기관
24년 국한문 혼용 공군 역사서 한글화 연구용역,방위사업청,,98.781,,마린전자상사,금재호,김남용,"서울특별시 용산구 청파로40, 3층 (한강로3가, 삼구빌딩)",0.0,89.022,방탄물자 신뢰성 평가 개념 및 운영방안 연구,제2879부대
유도로켓(비궁) 성능개량 소요 및 방법 분석 연구용역,국군재정관리단,73055546.0,,2019-05-27,(사)한국산업기술보호협회,양진수,윤수정,"경상북도 구미시 1공단로212 (공단동) 제2층 226호(공단동, 한라시그마밸리)",12470508.0,89.118,군 복무가치 제고 방안 연구,기관
접적해역 상시정찰용 UAV 선행연구용역,제2879부대,1703166041.0,90.046,,충남대학교 산학협력단,이재현,이다인,"서울특별시 강남구 언주로527, 10층 (역삼동)",0.0,96.668,잠수함용 부유식기만기 경미한 성능개량 선행연구,4284부대
전시피해건물 상태평가 기준정립 연구용역,제5군단사령부,158681985.0,,2016-11-22,주식회사 인섹사이버시큐리티,차진섭,이정현,경기도 수원시 영통구 신원로306-0 (원천동) 이노플렉스 1동 1101호,0.0,,국방과학기술료 고시 개선방안 연구,중앙행정기관
(20F067-I)소음영향도작성을위한소음측정및분석용역,육군종합군수학교,,,,정보기술감리원 주식회사,김혜진,김종호,서울특별시 마포구 월드컵북로5길59 (서교동),,,항공전투 시뮬레이션 대회 대행 용역,국군재정관리단
휴대용 산소분석기 등 6종 구매,제7군단,,100.876,,한국무인이동체연구조합,최영복,오선아,서울특별시 서초구 서리풀길4,0.0,89.144,스마트팩토리 기반 KAAV창정비 공장 연구 용역(1),중앙행정기관
안보학술진흥연구용역(1.국가안보문제에관한이론),육군 제3808부대,,,2019-06-03,한국마이크로데이타(주),이해용,김평희,대전광역시 동구 옻밭5길159-0 (판암동),,88.776,근무주정 내항성 향상 함형 개발 연구,4284부대
지뢰탐지기(PRS-17K) 제어함 정비기술개발 연구용역,드론작전사령부,,101.62,2019-02-03,도현,양창조,최동양,서울특별시 광진구 군자동98 집현관 216,124268330.0,,22-3차 개념설계 기술지원 연구용역,국군수도병원
생물안전밀폐실험실(BL3 3등급 연구시설)유지보수용역,국군복지단,,90.029,,한디자인그룹주식회사,김성훈,곽은혜,"경기도 군포시 공단로140번길46, 1층 105호,106호,212호,213호 (당정동,엠테크노당정지식산업센터)",9348913.0,86.019,지휘헬기-II 기종결정 평가방안에 관한 정책연구용역,제7군단
IoT 기반 전군 공통 서비스 발전방향 연구,수도기계화보병사단,173346303.0,102.158,,광운대학교산학협력단,이상진,민정화,경기도 김포시 월곶면 김포대로2708-37,,86.39,침낭 품질개선 선행연구 용역,제2879부대
계기착륙장치(ILS)사업 선행연구,제7군단,70013645.0,89.127,,사단법인 한국드론혁신협회(KDIA),최영복,유근영,경기도 용인시 기흥구 마북로207(마북동),,89.468,사이버위협 분석체계 개선사업,군
‘22년 항공관제 분석체계 유지보수,육군정보통신학교,64112358.0,90.207,2024-06-10,노브식스,이상민,김동준,세종특별자치시  시청대로370-0,,89.668,정보체계 취약점 진단을 위한 모의환경 구축방안 연구,제9691부대
22년 기술연구용역 계약(2),드론작전사령부,,93.344,,한국재료연구원,홍문기,홍주의,대전광역시 동구 옻밭5길159-0 (판암동),10391964.0,87.513,유류 소분배 계통 자동화관리 연구,국군복지단
작전계획분석모델 S/W 성능개선 용역,제5378부대,74210119.0,,,에이치필,전세희,이광민,충청북도 청주시 서원구 남이면 남석로326,0.0,,17-1 상층대기분석장비(UAAS-10) 외주정비,제9227부대
(22F070-G) 경계용 영상분석 데이터셋 구축,해군작전사령부,171448820.0,90.171,,(주)비아이엔씨,최희경,조반석,경기도 화성시 동탄첨단산업1로14-0 (영천동)  KTX밸리 707호,,89.494,국방표준서 제정(4차) 연구,제2062부대
(20F084-I)소음영향도작성을위한소음측정및분석용역,공군작전사령부,,,2023-02-13,사단법인 미래안보산업전략연구원,이양희,최재현,서울특별시 동대문구 경희대로26-0 (회기동),101000422.0,96.255,기초자치단체 비상대비업무 담당자 신편방안 연구,국군재정관리단
연구소 기술용역 재료비 초자 구매,종합보급창,146873430.0,90.325,2019-06-22,한스메디칼,이상민,김재영,서울특별시 구로구 디지털로34길55-0 (구로동),0.0,88.988,해병대 간부 및 병 획득율 제고를 위한 개선방안 연구,국군재정관리단
전구급 항공작전 분석모델의 표적가중치 산정 연구,공군 제8전투비행단,,,,한국애질런트테크놀로지스(주),서종대,임경태,경기도 의왕시 오봉산단3로25 (삼동) 의왕테크노파크 더리브비즈원 1동1528호,262669964.0,89.508,청년장병의 군 복무간 지원 및 보상(취업분야) 연구,제5738부대
전술정찰정보수집체계 경미한 성능개량 사업분석,방위사업청,89558102.0,97.311,2022-01-28,한국무인이동체연구조합,정인영,이재평,대구광역시 달서구 와룡로45길10-14 (죽전동),0.0,,임무형지휘 수준진단도구 개발 연구용역,군
KAOC 신축사업 지휘통신체계 구축방안 연구용역,공군항공안전단,,99.678,2023-09-01,특수법인 한국전파진흥협회,이승철,정우철,"서울특별시 동대문구 약령시로9길 79,  135-51,135-60(제기동)",,89.356,00 0000 분석체계 구축,국군재정관리단
드론봇 전술훈련장 운용개념 및 구축방안 연구용역,국군지휘통신사령부,,102.807,2022-06-28,씨지에스아이티(주),오영철,장명훈,대전광역시 동구 대학로62-0 (용운동),,99.459,[연구소] 감정장비(컴퓨터 거짓말 탐지 세트) 구매,중앙행정기관
(216313-B) 21년 분석실험실 운용장비 구매(리스물건),공군본부,,89.89,2022-06-14,HF테크,김민지,김여기,경기도 오산시 삼미로47번길81-12 (내삼미동),,89.403,스펙트럼분석기 등 5종 구매,제2307부대
무기체계 시험평가 사고예방 안전매뉴얼 연구,공군제17전투비행단,55178370.0,90.146,,디아이에스아이앤씨 주식회사,서용석,박정국,"서울특별시 금천구 벚꽃로254-0 (가산동, 월드메르디앙벤처센타) 1109호",,88.879,21년 차세대 첨단함정 건조가능성 검토 연구용역(IV),군
안정적인 해병항공 운용방안 연구 용역,국방부(운영지원과),,89.837,2019-02-21,주식회사 넥스트아이앤아이,박순천,백수정,충청북도 청주시 흥덕구 비하로59-2 (비하동),18320046.0,,76mm 함포 약실 정밀검사용 장비개발 연구용역,국군대전병원
20-실전적 시뮬레이터 구축방안 연구,국군재정관리단,,89.676,,주식회사 와사비,권용복,김영삼,인천광역시 연수구 한나루로105번길68-0 (옥련동) 406동 1804호,,89.913,악성코드 동적분석 SW 라이선스 연장 구매,기관
합동성을 고려한 대전차전력의 적정 소요 연구,육군본부,148401086.0,,2016-09-19,한국지식재산연구원,김흥중,전호영,"서울특별시 구로구 디지털로32길 30, 코오롱디지털타워빌란트15층(구로동)",93149491.0,88.493,정신전력교육 기본교재 재발간에 따른 사전 연구 용역,기관
ㅇㅇ학교 전통 계승 및 발전방안 학술연구용역,국군재정관리단,195283156.0,,2018-12-02,나우통상,김민지,이영주,경기도 광주시 도척면 다람로36번길45-13,9315314.0,88.939,국방분야 신뢰할 수 있는 AI 기반조성 연구,기관
군인연금기금 책임준비금의 적정 규모 기준 설정 연구,제9691부대,77752912.0,,2019-04-04,주식회사 셀젠텍,김종규,김호연,"부산광역시 해운대구 양운로42번길18, 8층 803호(좌동, 에이원웨이)",20686303.0,89.392,국방대학교 안보현안분석 등 2종 인쇄 용역,제2307부대
지뢰탐지기(PRS-17K) 제어함 정비기술개발 연구용역,국방부(운영지원과),173188503.0,103.617,2020-06-19,노원 상사,서승현,정성문,"서울특별시 금천구 가산디지털1로1-0 (가산동, 더루벤스밸리) 1208호",14125263.0,85.912,국방대학교 조직컨설팅 연구 용역,군
18년 00부대 사이버 침해사고 조사/분석체계 도입사업,국군재정관리단,81890379.0,89.071,2022-07-11,한국교통대학교산학협력단,홍양희,김성신,경상북도 구미시 산동읍 강동로730,0.0,88.877,정기공수 운영분석 및 최적 노선 선정 알고리즘 개발,종합보급창
군용총포·도검·화약류 안전관리 발전방안 연구,국군재정관리단,,101.255,2024-03-17,구루멘토링 주식회사,장승규,박수연,"서울특별시 성북구 월계로36길27-0 (장위동, 꿈의숲대명루첸아파트) 105-1302",,,방위사업 국제공동연구개발 가이드라인 연구,합동상호운용성기술센터
한국형 차세대 전투임무기 구축방안 등 연구,4284부대,,89.915,2021-05-16,육군3사관학교 산학협력단,유완종,김보명,"경상남도 창원시 마산회원구 내서읍 중리공단로65-0 경남테크노파크 자동차로봇센터 메카공장동 1-1, 204, 205호",8777902.0,,상륙기동헬기 조종시뮬레이터 선행연구,4284부대
교육장비(동작분석 측정장치 세트) 구매설치,공군제15특수임무비행단,,90.189,2019-10-21,협동조합 미래국방산업네트워크,김용오,민성현,"경기도 광명시 사성로103번길14 (철산동, 광복현대아파트)106-508",99806201.0,98.528,22년 육군 분석평가단 소개영상 제작용역,제7016부대
소규모 정보체계 개발방법론 연구,합동군사대학교,,100.456,2016-07-03,산업연구원,최준호,김영수,경상남도 창원시 의창구 죽전로68번길29 (팔용동),3119495.0,,장비 고장예측 시스템 개발방안 기초연구 용역,군
18-P-3 기체수명연장 필요성 및 수행방안 연구,해군교육사령부,161053708.0,100.318,,중앙기획,이창민,신정희,"서울특별시 용산구 청파로47길 100, 숙명여자대학교내(청파동2가)",20752449.0,89.281,보령 공군사격장 민관군 상생협력방안 연구용역,중앙행정기관
국군의학연구소 자동혈구계산기 중형,국방부(운영지원과),47126756.0,89.426,,한화오션 주식회사,손태환,박혜인,전라북도 전주시 완산구 장승배기로263 (평화동1가),,88.372,항19-066 자동면역분석기 시약 등 51종 구매,국군재정관리단
교육장비(수질분석세트) 구매설치,공군교육사령부,,90.521,2017-08-09,주식회사 더블유아이,오상석,이태영,서울특별시 영등포구 영등포로35길10-0 (영등포동6가) 8층 809호,,89.185,24년 국한문 혼용 공군 역사서 한글화 연구용역,국군재정관리단
군 주거지원 법령의 문제점 및 개선방안 연구,합동참모본부,61579436.0,,2019-11-19,주식회사글로벌엔씨,최진식,이우학,"서울특별시 송파구 법원로127-0 (문정동,대명벨리온)1117,1118호",112768086.0,89.807,00국가 해커추적 및 정보수집방안 연구,제7군단
지능형 전군 악성코드 수집분석체계 라이선스 구매,국방대학교,,101.822,2024-05-30,(주)론스텍,김산회,권시형,"서울특별시 관악구 봉천로340-2, 7층(봉천동)",,99.556,2.75인치 유도로켓(비궁) PBL 적용 방안 연구용역,국군제1068부대
(207118-D)00분석체계 구축자재 구매,제9691부대,,,2017-07-04,한국해양과학기술원,이형화,이민재,서울특별시 강동구 성내동245-4,,89.355,전인교육 설문지 개발 및 활용성 증대 방안 연구,중앙행정기관
미래 작전지속지원 수행개념 및 핵심요구능력 연구,합동상호운용성기술센터,74339495.0,89.663,2021-06-19,마린전자상사,김진준,김봉환,"경기도 광명시 디지털로56-0 (철산동, 철산래미안자이)101-2801호",83733080.0,,민간인력 편성기준 연구(2019K003-B),중앙행정기관
군인 공상 추정기준 수립 연구,제2879부대,164819066.0,90.253,2020-07-01,주식회사자연,황윤주,이병택,부산광역시 부산진구 냉정로178번길21 (개금동)2층,,86.1,차세대 기동헬기 발전방향 연구 용역,중앙행정기관
20-효율적인 성능개량 방안 도출 연구,공군제7항공통신전대,70589739.0,,,엠지산업,송상의,김시나,경기도 수원시 영통구 삼성로274 (원천동) 수원팩토리월드 410호,0.0,83.197,항-17-018 자동연역분석기 시약 등 37종,중앙행정기관
(247192-C) 유전자감정장비(자동염기서열분석기) 구매,방위사업청(운영지원과),46296243.0,89.822,2017-02-25,주식회사 서남아이에스,이철호,이지혜,경기도 의왕시 오봉산단3로25 (삼동) 의왕테크노파크 더리브비즈원 1동1528호,,89.081,군용 무인기 사업의 안전계수 적용 적정성 연구,제6619부대
해병대 정체성 향상 프로그램 개발 연구 용역,드론작전사령부,63665750.0,,2019-03-03,주식회사 엑스정보통신,소범석,김재욱,서울특별시 노원구 공릉로 232서울과학기술대학교 테크노큐브 2층 산학협력단,,,20~21년 분석용모델(3종) 유지보수 용역(2019F173-C),국군재정관리단
(20G060-A)IP교환기및국방보안조사분석시스템금융리스,국방부(운영지원과),,90.051,2022-04-19,주식회사 휴먼컨설팅앤메니지먼트,정순애,유재은,"서울특별시 강서구 양천로583 우림블루나인비즈니스센터 비동 1608호, 1609호",0.0,89.624,신규 유도무기 적정 신뢰도 유지방안 연구,제5378부대
L-V-C 전투실험체계 구축방안 연구 용역,특수전사령부,72262719.0,90.523,2019-04-13,구루멘토링 주식회사,김혜정,현민,충청북도 청주시 청원구 사뜸로67번길24-0 (율량동),24181595.0,89.334,상호운용성 평가 업무의 정량화 모델에 관한 연구,중앙행정기관
중합염기서열분석기 구매,공군제7항공통신전대,67590385.0,,,대진대학교 산학협력단,허정성,박연선,"경기도 부천시 원미구 중동로254번길28-0 (중동, 메트로펠리스3)",0.0,89.279,21-2차 개념설계 기술지원 연구용역,제9691부대
상륙공격헬기 사업분석,종합보급창,55177920.0,89.554,2020-06-28,주식회사 세랜텍,이숙,김현정,"서울특별시 성북구 월계로36길27-0 (장위동, 꿈의숲대명루첸아파트) 105-1302",1910741.0,,지능형 악성코드 수집분석체계 라이선스 구매,합동상호운용성기술센터
23년 전투발전 연구용역(3),국군재정관리단,,90.398,,충북대학교산학협력단,오진성,허성일,경상북도 포항시 남구 효자로138-0 (대잠동),115372335.0,,공군 전략급 자산 대테러 작전개념 연구용역,합동참모본부
BLT급 과학화상륙(지상)전 모의훈련체계 구축 연구,제6619부대,77782236.0,,2019-04-11,티엔에스 주식회사,송상의,장원규,"서울특별시 강남구 테헤란로131-0 (역삼동, 한국지식재산센터) 3.9층",0.0,100.079,국방 안전사고조사 표준화 시스템 구축방안 연구,제6619부대
연구장비확보(중합효소연쇄반응장치),국군재정관리단,,90.302,2019-10-05,(사)한국전략문제연구소,장복철,이슬,서울특별시 강서구 양천로401-0 (가양동) B-407,,88.811,선외기 프로펠러 안전장치 성능개선 연구용역,중앙행정기관
FA-50 성능개량 방안 연구,육군본부,67671333.0,89.601,2019-05-20,지그인더스트리,남궁진,임동환,"서울특별시 영등포구 경인로775, 2동 1201-17호(문래동3가, 에이스하이테크시티)",,89.612,22-11차 연구장비 구매 계약 - 의약품 냉동고,제2307부대
24-정보우세권  확보를 위한 정보력 강화방안 연구,제20전투비행단,83434190.0,90.289,,미래산업,김종호,이재광,대전광역시 유성구 노은로170-0 (지족동) 스타시티빌딩 6층,,89.477,LVC체계와 훈련모델 방안 연구용역,국군재정관리단
(207118-D)00분석체계 구축자재 구매,제2879부대,,,2022-09-08,주식회사글로벌엔씨,김경빈,곽은혜,부산광역시 동구 중앙대로251번길 11(),98404202.0,97.359,23-공군 리더십교육체계 발전방안 연구,제6619부대
ㅇㅇ분석 대응활동장비 구매,합동군사대학교,,89.957,2020-06-07,이매니지먼트(주),김희숙,김봉환,"서울특별시 성동구 광나루로6길35, 202호, 706-2호, 707호 (성수동2가, 우림이비즈센터)",,98.915,신호분석기 1대 구매,국군복지단
23년 비용분석모델(True Planning) SW유지보수 용역,공군군수사령부,74815468.0,,,주식회사 위맥공제보험연구소,장복철,김승준,"서울특별시 서대문구 거북골로 34, 명지대학교 본관 10층 11033호(남가좌동)",4700382.0,89.049,해양 무인무기체계별 효과도 분석 통한 전력소요 검증,중앙행정기관
악성코드 정보제공 및 분석 서비스 구매,해군작전사령부,169774906.0,,2022-06-12,주식회사 사이버앤네트워크연구원,이강용,두진욱,"서울특별시 구로구 디지털로34길55, 1008호 (구로동, 코오롱싸이언스밸리2차)",,89.191,22-유도/수중무기 창정비 비용 대 효과 분석,군
분석기(스펙트럼용) 구매,육군본부,,90.136,,중앙기획,고정숙,박종부,경상남도 김해시 삼안로195번길20-23 (삼방동),87005479.0,96.489,21년 전투발전 연구용역(4),계룡대근무지원단
(216032-G) 차륜형장갑차 센서데이터 수집 분석체계,국군대전병원,75148079.0,90.303,2022-01-25,국방기술품질원,김현철,최영상,서울특별시 송파구 새말로8길12-0  문정 건영 103동 801호,,88.895,20-효율적인 성능개량 방안 도출 연구,군
24-정보우세권  확보를 위한 정보력 강화방안 연구,방위사업청(운영지원과),158589834.0,,2020-06-30,(주)알에프넷,이우희,이영은,경기도 수원시 장안구 파장천로 31(),92116706.0,97.862,육군 자살예방교육 프로그램 연구개발,국군제1068부대
국방대학교 조직컨설팅 연구 용역,국군수도병원,79514137.0,103.319,,미래상사,봉만수,고상범,"서울특별시 동대문구 약령시로9길 79,  135-51,135-60(제기동)",0.0,89.627,18-함정EMP보호대책적용사례분석및개선사항도출연구,제2879부대
23년 전투실험발전 연구용역 세미나 수행 용역(3),공군항공안전단,,89.395,,(주)크리에이텍,이진욱,정현승,서울특별시 서대문구 포방터2길24 (홍은동),105492054.0,,워리어 플랫폼 후속군수지원 방안 연구,기관
22-13-13 야전공장 분석평가 및 선행연구 용역,방위사업청(운영지원과),,,,공군사관학교 산학협력단,권준홍,김형민,경상남도 창원시 의창구 팔용로 399(),98157154.0,93.387,대잠훈련분석체계(AEAS) 유지보수 용역,제2879부대
사관생도 생활실 시설기준 개정 연구용역,육군본부,,89.399,,사단법인 고등국방정책연구소,이상희,최동양,경상남도 창원시 의창구 죽전로68번길29 (팔용동),1986471.0,,[연구소] '22-2차 감정재료 구매,국군제1068부대
산악지역에서의 적정 무기체계 및 전투수행 방법 연구,합동상호운용성기술센터,33346745.0,89.447,,바다메디칼,소범석,현민,경기도 과천시 교육원로98(중앙동),101283240.0,89.669,헬기 보조동력장치 시험장비 개발 연구용역,국군제1068부대
군사사연구총서베트남전쟁관련주제연구용역(과제3),육군본부,81504244.0,89.784,2018-10-05,(주)아인스에스엔씨,조상환,배원호,"경기도 안양시 동안구 학의로282, 501호,502호,503호 (관양동, 금강펜테리움아이티타워)",95136936.0,86.892,(217215-D)디지털 포렌식 분석장비 교체,군
액체폭약류 친환경 비군사화 방안 연구,제20전투비행단,80040670.0,,2019-02-26,주식회사 태양이엔지,이찬기,김한욱,대전광역시 유성구 국제과학11로18-0 (둔곡동),111933064.0,88.771,군용총포·도검·화약류 안전관리 발전방안 연구,제3훈련비행단
휴대용 산소분석기 등 6종 구매,제20전투비행단,69398668.0,,2020-07-17,우성무역,이승후,이해용,경기도 남양주시 진접읍 금강로1553-21 (신우아파트) 상가 112호,0.0,97.075,급식유통센터 성과분석 및 (경남권)필요성 연구,국군수도병원
22-G/K 창정비 사업 성과분석 연구,육군인사사령부,73803701.0,,2023-10-19,(주)두두아이티,설영만,장현주,"강원특별자치도 원주시 문막읍 귀문로1269-16, 1층 우측",8492022.0,,“제○○동원사단 부대사” 연구 용역,4284부대
잠수함용 부유식기만기 경미한 성능개량 선행연구,방위사업청(운영지원과),56892531.0,89.274,2022-08-24,주식회사 아이앤비,이훈민,홍주의,서울특별시 관악구 관악로서울대학교 사회과학대학 16-539,97240374.0,,유압유 미립자 분석기 교정키트 구매,계룡대근무지원단
(22G079-I)국방IoT제품보안가이드라인수립연구용역,4284부대,,89.776,2022-08-31,상명대학교산학협력단,윤정숙,박정자,서울특별시 강동구 양재대로1377 (성내동 삼원빌딩 408호),14812122.0,,모바일기기 증거분석체계 구매(교체) 리스,국군재정관리단
리더십코칭 효과성 평가에 관한 연구용역,공군제7항공통신전대,86020640.0,89.084,,사단법인 대한민국 육군발전협회,장복철,기유경,"서울특별시 송파구 송파대로24길5-6 (가락동,1층)",11285447.0,89.056,장보고-III Batch-I 잠수함 저주파분석 훈련장비,중앙행정기관
20-주파수편이용 분석기 구매,국방전산정보원,162112965.0,90.153,,제일공사,최창식,전용호,세종특별자치시  연동면 원합강1길50-0,,,2040년대 군병력 수급규모 예측 연구,제20전투비행단
AH-64 헬기 엔진 마운트홀 가공기술 개발 연구용역,국군화생방방호사령부,,,2022-03-28,광운대학교산학협력단,장수현,양현정,"충청남도 천안시 동남구 단대로119-0 (안서동, 단국대학교천안캠퍼스)",0.0,88.803,(237097-E) 연구활동재료(시약) 구매,종합보급창
00작전 효과 및 능력 구축방안 연구 용역,해군교육사령부,64874758.0,89.778,2020-06-10,매쉬미디어(주),최재붕,조명지,서울특별시 서초구 사임당로32 (서초동) 재우빌딩 9층,119883094.0,,차세대 첨단함정 건조가능성 연구용역(2019H044-B),군
군내성폭력피해자지원 및 보호를 위한 제도보완연구,한미연합군사령부,93300635.0,102.078,2022-12-03,한국자동차연구원,정병훈,김영숙,"서울특별시 강남구 논현로28길54-0 4층 (도곡동, 덕원빌딩)",,84.717,특수 과학화 전술훈련장 선행연구 용역,제2879부대
국방분야 국가자격 신설종목 연구,해군군수사령부,170711630.0,99.765,2024-04-18,주식회사 윈미디텍,황순용,유진경,경기도 김포시 대곶남로501번길36-0 (대곶면),5755415.0,86.164,화생방 연구 재료 가스 구매,제20전투비행단
국방로봇 운용을 위한 법/제도 개정 및 인증제도 연구,육군훈련소,,,,에스엠테크(SM TECH),방성완,김주완,"서울특별시 강남구 봉은사로114길 40, 홍선빌딩 2층(삼성동)",22140379.0,,병력책정 기준연구(비행대대 조직구조 개선방안),국군재정관리단
23-6차 조달 연구장비(겔이미지 시스템) 구매 계약,국군재정관리단,,90.252,2020-06-18,주식회사 아레스,정의붕,신인균,"경기도 성남시 중원구 광명로94번길14, 지하1층(성남동)",13811782.0,,17년 지형분석장비 교체사업,제1363부대
정보통신부대의 조직발전방향 연구,국방부(운영지원과),66686470.0,,,에이비컴퍼니주식회사,최양열,김형민,"서울특별시 강서구 공항대로51길17-0 1,2층 (등촌동)",0.0,98.753,(20F067-I)소음영향도작성을위한소음측정및분석용역,국군수도병원
군사타운 개념의 부대배치 발전방향 연구 용역,국방부(운영지원과),1650177055.0,89.19,,직업교육정책연구소,김길원,이경생,"충청남도 계룡시 엄사면 번영로113-32, 107동 15층 1502호(계룡파라디아)",6969408.0,89.163,항-16-059 062 066 질량분석기 소모품 등 72종,중앙행정기관
계층별 리더십 핵심역량 정립 연구용역,국군의무사령부,66550536.0,90.299,2017-07-02,도원정보시스템 주식회사,강현순,이재평,"서울특별시 금천구 가산디지털2로34, 923호(가산동, G밸리 더리브 스마트타워)",,89.282,21-미 해군 6.25전쟁 전쟁분석 자료 번역 용역,제2879부대
군사사연구총서 제6집 6.25관련주제 연구용역 (과제1),국군지휘통신사령부,,,,주식회사 쏠바이오텍,이재관,김정일,부산광역시 강서구 대저중앙로341-0 (대저1동),98501118.0,79.027,군 사격장 소음기준 및 비용추계 연구 용역,제9691부대
사이버방호체계 최적화 및 고도화 구축 연구용역,국방대학교,73226776.0,89.509,,주식회사 유노미아,김평희,정양수,"서울특별시 종로구 율곡로6길36 (운니동, 오피스텔월드) 1008호",,,정기기초연구과제연구용역(3. 한국군의군수관리...),계룡대근무지원단
오일분광분석장비 유지보수,공군작사근무지원단,,90.075,,대전대학교 산학협력단,백명기,박미진,"서울특별시 강남구 언주로319, 5층,6층(역삼동,조우회관)",2290432.0,89.263,24-모바일 증거분석체계 교체사업,제9691부대
상호운용성성공요인분석을 통한 평가업무발전방안연구,해군사관학교,,89.563,2022-03-08,주식회사 서남아이에스,김세종,양삼근,서울특별시 마포구 월드컵북로5길59 (서교동),96842780.0,,전투실험 발전 세미나 과제 연구용역(2),군
LVC 연동체계 개발을 위한 아키텍처 설계방안 연구,해군본부,186625272.0,89.908,2017-04-10,(주)두두아이티,노영일,김해진,"서울특별시 성북구 화랑로76, 제3층 307호(하월곡동,코업스타클래스)",,,기술인력육성 보조사업자 운영성과평가 및 연구,제3707부대
국외도입 군수품 품질확보 선진화 방안 연구,국방대학교,63693262.0,101.548,,재단법인 중소조선연구원,권정환,오문진,대전광역시 유성구 유성대로1312번길20-62 (장동) 3층,,,계층별 리더십 핵심역량 정립 연구용역,제9227부대
국방군사시설 건축바닥면적 기준 개정 연구용역,국군복지단,70146483.0,101.38,,중앙대학교 산학협력단,최명진,이태훈,서울특별시 서대문구 충정로53-0 (충정로2가) 골든타워빌딩 1701호,98043173.0,,22-해-AI 빅데이터 분석 개발용 학습 플랫폼 구축,제9965부대
군 급식비의 적정수준에 대한 연구,국군간호사관학교,,,,지그인더스트리,최희경,권태순,경기도 성남시 분당구 판교역로 220(삼평동 673),3900759.0,88.969,22-6차 연구장비 구매 계약 - 시약 및 약품냉장고,국군재정관리단
항공무기정비분야 안전관리체계 고도화방안 연구용역,공군제18전투비행단,65276619.0,,,대륙씨엠아이 주식회사,문형곤,유완종,전라남도 목포시 고하대로719번길 14(연산동),,89.52,국방분야 반도체 조사·분석 및 발전방안 연구,제3170부대
군인ㆍ군무원 수당이력조사 및 유사직종사례 비교연구,국군의무사령부,69133551.0,90.334,,은성세미,남궁복자,윤태훈,서울특별시 구로구 디지털로34길55-0 (구로동),,78.786,국방기록관 업무효율화를 위한 방안 연구,중앙행정기관
입체영상 처리 및 분석장비 구매,국군수송사령부,80356265.0,,,주식회사 우정바이오,이윤문,장명훈,서울특별시 영등포구 여의대방로61길2-0 (신길동)천록빌딩105호,0.0,88.673,장비 고장예측 시스템 개발방안 기초연구 용역,4284부대
군인 고용보험 가입의 효과성 연구,제9965부대,168982110.0,89.492,2020-06-23,주식회사피레타,한기관,김미진,충청북도 청주시 흥덕구 흥덕로 126(),0.0,,22-G/K 창정비 사업 성과분석 연구,제2879부대
해병대 무인항공기 효율적 운용방안 연구,육군제8971부대,66274287.0,90.34,2019-06-12,(주)오성인피니티,장승희,황병윤,서울특별시 서초구 서초동1432-13 202,,,수직이착륙형 무인항공기 비용분석,군
영평사격장 이전 가능성 연구,제9691부대,,89.819,2022-07-12,(주)도전하는사람들,석수진,주세영,"경기도 하남시 미사강변한강로155, 1동 314호(망월동, 지식산업센터)",,88.376,(연구소) 감정재료 구매,제1363부대
(24육-용역9)스마트 통합물류센터 신축 선행연구 용역,육군군수사령부,,89.584,2018-11-04,주식회사 단군픽쳐스,장명훈,김영숙,"대전광역시 서구 대덕대로249번길30-0, 403호(둔산동, 베스트피엘씨빌딩)",0.0,,(21G087-I)범국민 안보의식조사 연구 용역,군
(247354-C) 액체크로마토그래피 이중질량분석기 구매,제3130부대,71336490.0,100.645,,주식회사 와이매틱스,류장수,박미진,"경기도 포천시 호국로 1007, 대진대학교 산학협력단(선단동)",24513025.0,88.85,(217271-C) 의무장비(자동분석기 생화확 대형) 구매,제5378부대
00부대 국방 보안조사 분석시스템 SW 구매,공군제16전투비행단,64232437.0,89.587,,새롬상사,박미경,김흥광,강원특별자치도 춘천시 동면 만천로104-1,0.0,89.02,24년 전투실험발전 연구 용역(1),제7821부대
KUH-1 엔진 시험장비 고장예측시스템 개발 연구용역,제9691부대,1773915570.0,89.607,2016-09-20,주식회사 모렌스,김동신,김학균,"서울특별시 영등포구 도림로462, 지층6호 (문래동3가, 국화상가)",,83.904,24년 자동염기서열분석기 검교정 등 정비,중앙행정기관
(227258-F)사이버 기술분석용 장비/SW 도입,육군군수사령부,52948212.0,,,주식회사 원스타,신희준,이영은,대전광역시 유성구 유성대로1646-0 (전민동),,89.01,전시 공군탄약소요산정 모델 개선ㆍ보완 연구,국군재정관리단
2016년 제2회 국방 분석평가관계관 워크숍 위탁운영,공군제19전투비행단,165922060.0,100.891,,주식회사 우정바이오,최규식,이진아,"서울특별시 영등포구 선유로49길23,  1001호, 1107호, 1108호 (양평동4가,아이에스비즈타워2차)",,,전술환경 下 효율적 이동통신체계 운용방안 연구용역,군
풍력발전기에 의한 방공레이다 등의 작전영향 연구,공군제38전투비행전대,70428002.0,90.436,2017-05-10,기관상사,안병호,심동석,"강원특별자치도 춘천시 서면 경춘로1517-23, NAB R&D큐브",119389243.0,89.771,21-공-주파수편이용분석기 구매,군
18-함정EMP보호대책적용사례분석및개선사항도출연구,국군수도병원,77534594.0,95.706,2024-04-15,국방기술품질원,조성희,안차순,경기도 의왕시 오봉산단3로25 (삼동) 의왕테크노파크 더리브비즈원 1동1528호,0.0,98.521,TICN Block I -① 경미한 성능개량 사업분석,군
고속전투정 기지건설 방안 연구 용역,제2062부대,,90.562,,주)삼성공조시스템,남궁복자,김재현,경상북도 포항시 남구 연일읍 유강길9번길61-0 상가동 108호(대림한숲타운1차상가),,88.653,비전통위협 국방대응체제 발전연구,기관
군용물자 HSK 연계표 연구,공군 제8전투비행단,172402964.0,,2020-06-10,건양대학교 산학협력단,이광형,정성문,"경기도 안양시 동안구 시민대로 266, 평촌샤르망오피스텔 909호(관양동)",98342069.0,89.106,국방정보체계 SW 품질시험 프레임워크 발전방안 연구,국군복지단
국방시설 전력소비 수용률 기준 연구용역,공군본부,74735426.0,100.47,2017-02-06,재단법인 중소조선연구원,김금남,홍세준,"서울특별시 동대문구 고미술로 100, 송화빌딩 303호(답십리동)",0.0,,대장균 정성분석키트 등 28항목 구매(물품 해파),제7군단
궤도장비 난방기 야전 시험장비 개발 연구용역,제20전투비행단,,96.212,2020-07-01,(주)한진이엔아이,하영임,오진성,"서울특별시 금천구 가산디지털1로19, 406호, 407호, 408호, 409호(가산동,대륭테크노타운18차)",0.0,85.127,신호분석기 1대 구매,군
K9자주포 연료펌프 성능개선 시제품 개발 기술 용역,국군제1068부대,174601109.0,,2019-02-19,군수.획득연구소,이명아,홍지유,"충청남도 계룡시 서금암3길5, 925호(금암동, 쉐리움오피스텔)",,88.974,22년 기술연구용역 계약(1),국군수도병원
군수지원함(AOE-Ⅱ) 2차사업(양산) 비용분석,국군수도병원,72732844.0,90.376,2024-04-20,사단법인 한국갈등학회,조홍덕,곽진,"서울특별시 송파구 법원로9길26, D동 1104호(문정동, H-비즈니스파크)",0.0,88.824,방산소재 개발사업 기획 및 인증체계 구축 연구,제9691부대
특수전지원함 등 2종 사업분석,국군화생방방호사령부,59427639.0,,2019-07-25,(주)두두아이티,강창선,이현정,"서울특별시 금천구 가산디지털2로184, 1017호(가산동, 벽산.경인디지털밸리2)",,,포병관측장비(TAS-1K)시험세트 분석장비 SW개선,합동상호운용성기술센터
24년 기술연구용역(2),국방전산정보원,154964102.0,,,(주)디앤오종합건축사사무소,이인석,남궁복자,"서울특별시 종로구 자하문로24길58, 1,2층(효자동)",,,22-13-13 야전공장 분석평가 및 선행연구 용역,제5378부대
드론 유형별 시험평가 방안 연구용역,특수전사령부,80091689.0,,,재단법인 한울문화재연구원,신상범,권소희,제주특별자치도 제주시 애월읍 광상로26-0,,83.838,[24-육-227] 무선 데이터통신 운영환경 동적분석 장비,중앙행정기관
장보고-III Batch-I 잠수함 저주파분석 훈련장비,제5군단사령부,44859558.0,90.071,2023-11-15,(주)심네트,유상호,장혜민,강원특별자치도 원주시 신림면 신림황둔로174-0,0.0,,정신전력 평가도구 개발 연구용역,군
(227239-B) 악성코드 수집분석체계 라이선스 구매,계룡대근무지원단,62837339.0,100.549,,주식회사 에이티지씨(ATGC),류장수,이호철,"서울특별시 종로구 율곡로17길7-38, 수지빌딩 7층(이화동)",104553829.0,89.072,[24-육-173] 영상분석 SW 라이선스 구매(리스물건),제2879부대
국방정보화법 하위법령 개정방안 연구,육군 제3808부대,,90.275,,태형상사주식회사,이민용,정해인,"서울특별시 성북구 화랑로76, 제3층 307호(하월곡동,코업스타클래스)",115020161.0,,네트워크 시험평가용 M&S체계 활용 발전방안 연구,제20전투비행단
`18년 지형분석장비 교체사업,육군본부,,89.414,,한양대학교 에리카산학협력단,정재관,이성표,서울특별시 금천구 벚꽃로244-0 (가산동)810호 벽산디지털밸리5차,121668181.0,89.179,화산 특수작전종합훈련장 선행연구용역(특-24-용-24),중앙행정기관
대포병탐지레이더-Ⅱ 후속군수지원방안 사업분석,육군정보통신학교,64050622.0,89.697,2022-06-09,삼송,방혁준,이형걸,"서울특별시 서초구 강남대로369, 9,10,13,14층(서초동, 디에타워)",,,23-D-디지털컨텐츠 위변조 분석시스템 구매,군
23~27 국방양성평등정책기본계획작성방향 연구,방위사업청(운영지원과),,,2016-11-19,주식회사 삼원산업,권혁웅,최민정,"서울특별시 영등포구 국회대로74길20-0, 404호(여의도동, 맨하탄21)",19890010.0,89.337,감염 및 외상분야 군의료 특성화 연구(2차),제5738부대
KT-100 PBL 적용방안 연구용역,해군교육사령부,,90.053,2024-10-31,우주산업플랜트 주식회사,조인태,최동숙,"서울특별시 송파구 법원로11길25-0, A동 1310호(문정동, 에이치비즈니스파크)",,,군 복무가치 제고 방안 연구,군
17년 분석용 모델 유지보수 용역,국방시설본부,640788605.0,89.714,,사단법인 한국방위사업연구원,임중수,박연선,,19859303.0,89.164,자동염기서열 분석기 구매설치,제2307부대
총 수명주기간 함정 안전진단 수행체계 개선방안 연구,방위사업청(운영지원과),51785832.0,89.844,2019-07-23,주식회사 엔브이티,윤동열,윤영선,서울특별시 강동구 양재대로1377 (성내동 삼원빌딩 408호),,,조종사 피로관리 프로그램 개발 연구용역,국군재정관리단
군 VoiP 교환시스템 통합운용방안 연구 용역,국군재정관리단,,89.849,2022-06-16,주식회사 에이치투엘테크놀로지,조명지,전진홍,경기도 성남시 분당구 판교역로 220(삼평동 673),0.0,90.319,국방정보화법률 개정입법 추진전략 연구,중앙행정기관
한국해군 협동교전절차(CEC) 수행방안 연구용역,국방대학교,,102.455,,(주)컴트리,박충권,이철호,"경기도 수원시 장안구 송원로20, B동 1010호(송죽동, 수원아너스빌위즈)",132525891.0,89.318,군 지역 유무인기 통합운용 안정성 연구 용역,국군재정관리단
상륙공격헬기 사업분석,공군제17전투비행단,72968142.0,89.704,,사단법인 한국선급,이철호,박정수,"서울특별시 강서구 마곡중앙5로1길20-0 (마곡동) 보타닉비즈타워 921,922호",109974466.0,90.021,극지안보환경 변화에 따른 미래 한국해군의 역할 연구,국군재정관리단
국내 연구개발 항공무장 확보 방안 연구,제2307부대,64040727.0,,2022-04-23,윤서상사,이우경,박정서,서울특별시 동대문구 경희대로26-0 (회기동),22287169.0,88.926,지상군 전략 및 작전수행개념 연구,4284부대
해병 00부대 재배치 및 신기지 구상 관련 연구,공군군수사령부,82889423.0,,2020-06-20,티엠시 주식회사,이관섭,이경미,"서울특별시 강남구 역삼로17길57, 그랜드빌딩 B1층 (역삼동)",5251719.0,97.556,퍼징기반의 국방 무기체계 SW 안전성 향상방안 연구,군
중합염기서열분석기 구매,국군수송사령부,72681324.0,89.904,2022-03-23,고려대학교산학협력단,배종환,김소라,서울특별시 서초구 서운로13-0 (서초동),0.0,,지상군 전략 및 작전수행개념 연구,연평부대
국내개발 항공기 성능개량 및 관리방안 연구용역,방위사업청(운영지원과),71177536.0,90.143,2023-03-06,숙명여자대학교산학협력단,김용섭,오중택,서울특별시 동작구 흑석로84 (흑석동),89385832.0,89.843,21-공-신호발생분석기 구매,기관
미래환경 변화 속 육군 병과체계 발전 방안 연구 용역,국군제1068부대,,89.799,2021-05-15,(주)우림데이타,박승우,한영준,"서울특별시 금천구 벚꽃로254-0 (가산동, 월드메르디앙벤처센타) 1109호",4366496.0,87.659,감염 및 외상분야 군의료 특성화 연구(2차),제1363부대
디지털 증거분석 수사체계 도입(218091-A),국방부,54643671.0,,,중앙대학교 산학협력단,김지원,현동재,"경기도 군포시 엘에스로182번길34-24, 2층 (산본동)",,89.299,美 안보지원관리교범(SAMM) 최신화 및 번역 연구,국군의무학교
마린온 3차 PBL사업 적용범위 사업타당성 조사 연구,국방부 국방정책실,172815084.0,102.958,,주마메디칼,이현화,이재광,경상남도 김해시 삼안로195번길20-23 (삼방동),85785908.0,88.477,무기체계 RAM 시험평가의 효율적 수행방안 연구,중앙행정기관
(226023-G)'22년무기체계사이버위협 분석시스템 도입,국군제1068부대,78460159.0,99.162,,주식회사 명품시스템,유재수,이진희,서울특별시 송파구 올림픽로505-0 (풍납동),,88.304,BTL관리운영권 만료사업 시설인수 운영방안 연구용역,국군재정관리단
해병대 리더십 역량 진단 시스템 개발 연구,국방지형정보단,,,2016-09-07,가톨릭관동대학교 산학협력단,김영우,박지은,서울특별시 중랑구 동일로516-3 (면목동) 5층,91700093.0,,해병대 정체성 향상 프로그램 개발 연구 용역,기관
“제○○○특공여단 부대사” 연구 용역,제1363부대,,89.72,2024-04-08,주식회사 바로텍시너지,정진욱,윤정숙,,,89.328,군사사연구총서 용역 계약,제2879부대
미래전자전 발전추세 반영 공군 전자전 우세전략 연구,특수전사령부,45091927.0,89.861,2018-10-07,사단법인 한국갈등학회,김경섭,김유미,"서울특별시 서대문구 충정로53-0 (충정로2가, 유원골든타워오피스텔) 1701호",,,저피탐 정찰용 무인항공기 개발기술 및 운영개념연구,연평부대
국방분야 신뢰할 수 있는 AI 기반조성 연구,공군미사일방어사령부,66264974.0,,2018-12-17,호원대학교 산학협력단,김정한,최예슬,"광주광역시 동구 조선대길126(서석동, 조선대학교 내))",,97.739,워리어플랫폼 미래단계 추진방향 연구용역,국군재정관리단
비전통위협 대비군시설활용및 공용면적 기준 개정연구,육군정보통신학교,,90.553,2020-06-26,한국생산성본부,민명복,전형일,경기도 의정부시 경의로70-0 (의정부동) 5층 A628호,,88.979,20-MTU엔진 PBL 비용대효과분석 및 성과지표 연구,중앙행정기관
국방 데이터센터 발전방안 연구,제5019부대,68784443.0,89.318,,재단법인한국조달연구원,박문희,박점숙,"인천광역시 남동구 서창남순환로55, 505동 603호(서창동, 서창센트럴푸르지오)",16088310.0,,영상정보에 대한 학습데이터 확보방안 연구,제6619부대
국내개발 항공기 성능개량 및 관리(대체)방안 연구,공군미사일방어사령부,,89.648,2020-06-12,주식회사에이스게이트,강현순,정성채,강원특별자치도 홍천군 홍천읍 진리로8,8997897.0,89.34,무인항공기 무인비행장치 전문 운용사 자격신설 연구,중앙행정기관
24년 의무장비(요분석기) 구매,국군의무사령부,77673845.0,89.75,,호원대학교 산학협력단,김평희,박준용,"서울특별시 금천구 가마산로96-0, 213호(가산동, 대륭테크노타운8차)",,89.548,ATCIS 개방형 OS 전환 비용대비 효과분석 연구용역,제5738부대
전시피해건물 상태평가 기준정립 연구용역,공군본부,168286482.0,,,주식회사 에이치.티.씨,박종호,한상동,"서울특별시 서초구 서운로 226, 서초오피스텔 404호(서초동)",949130.0,78.758,ATCIS 개방형 OS 전환 비용대비 효과분석 연구용역,제9691부대
민수용 드론의 비행기지 작전지원 활용방안 연구,국군의무사령부,59244184.0,,,더스테이지,홍광표,이정민,서울특별시 중구 남대문로113-0 (다동) 14층,111256542.0,89.355,21-375 분석기  주파수편이용 등 1품목,연평부대
24-그린나래호텔 리모델링 계획의 적절성 분석연구,육군교육사령부,,89.923,2024-06-18,주식회사 윈미디텍,이강용,이정원,경기도 파주시 산남로26번길101-0 (산남동),70334474.0,,전탐감시대 감시장비 원격통합감시체계 구축 연구,제2879부대
레이저 변위센서 활용한 탄약검사 M&S 개발 연구용역,합동참모본부,188202334.0,89.619,2024-03-12,세종대학교산학협력단,조노희,배원호,경기도 하남시 미사대로520-0 (덕풍동) 현대지식산업센터 한강미사2차 D동 A430호,,98.039,정보분석낭 구성품 구매,군
무기체계 유형별 맞춤형 R&D 수행절차 연구,육군인사사령부,178169914.0,102.825,2024-03-21,한국생산성본부,양창조,김우중,대전광역시 유성구 테크노3로65-0 (관평동) 한산에스메카 333호,0.0,88.616,국방정보화법률 개정입법 추진전략 연구,중앙행정기관
(246311-E) 분석용 고성능 PC등 2품목 (리스자산),4284부대,63800121.0,,2020-06-22,주식회사 엘씨케이테크놀로지스,김연수,고미희,경기도 성남시 수정구 성남대로1342-0 (복정동),1201928.0,88.692,육군 항공관제 시뮬레이터 연구개발,국군재정관리단
건설현장 안전 관리시스템 구축 연구용역,국군복지단,67215272.0,,2019-06-28,주식회사 나비시스템,권민정,정택주,대전광역시 유성구 유성대로1646-0 (전민동),,88.87,상륙공격헬기 사업분석,합동상호운용성기술센터
산소분석기 1종,국방시설본부,177756037.0,90.19,,(주)엔큐컨설팅,신지웅,김소라,광주광역시 서구 마륵로28-1 (마륵동),,96.867,22년 기술연구용역 계약(3),4284부대
국내 한도액계약 및 성과기반계약 활성화 방안 연구,공군미사일방어사령부,72729862.0,100.519,2017-08-14,주식회사 인섹사이버시큐리티,송봉주,황병윤,서울특별시 강서구 마곡중앙8로3길79-0 (마곡동),0.0,97.118,ISR 자산의 효율적 통합 운용방안 연구,제5019부대
사업성과관리(EVM) 적용 고도화 방안 연구,국방부유해발굴감식단,165169012.0,,2022-02-26,미래상사,손태환,박주형,"서울특별시 용산구 한강대로211, 102동 1605호(한강로1가, 대우월드마크용산)",,,청년장병의 군 복무간 지원 및 보상(취업분야) 연구,기관
절충교역 제도 선진화 방안 연구,육군본부,181170733.0,89.971,2024-01-17,주식회사 일신이앤씨,강석균,전희수,"경기도 수원시 장안구 서부로 2066, 성균관대학교 자연과학캠퍼스 내(천천동)",,,[24-육-91] 무건리 훈련장 갈등 비용분석 연구,중앙행정기관
군인연금관리공단 설립 필요성 등 검토를 위한 연구,국방전산정보원,1435502779.0,87.999,,주식회사 제이에스시솔루션,배종환,최명진,"서울특별시 서초구 강남대로369, 9,10,13,14층(서초동, 디에타워)",,89.769,공지통신무전기 및 함대공유도탄-II 사업 비용분석,국군제1068부대
5인치 함포용 사거리연장탄 사업분석,국방부조사본부,58878970.0,89.894,,재단법인 한국군사문제연구원,김상인,이상규,"서울특별시 강남구 언주로527, 10층 (역삼동)",,,19-TSCE 기반 함정 체계통합방안 연구 용역,합동참모본부
국회 협력 조직 및 업무 개선 방안 연구,국군수도병원,77435761.0,90.155,2020-06-09,고려대학교산학협력단,성순이,유형우,"서울특별시 송파구 법원로9길26, D동 1104호(문정동, H-비즈니스파크)",0.0,96.842,4차 산업혁명  군 적용을 위한 R&D 발전방안 연구,제2879부대
군사과학정책 연구 용역(1. 국방 데이터....),육군보병학교,,,2024-04-01,주식회사 미디어스테이션,임지연,이정화,"경기도 화성시 동탄기흥로593-8 (영천동, 우정바이오 신약클러스터)",25244650.0,98.93,SUPPRESSED,군
22-공-분석기  주파수편이용 구매(229037-F),방위사업청(운영지원과),164121602.0,100.479,,주식회사 서경약품,문강분,신종현,"대전광역시 서구 대덕대로249번길30-0, 403호(둔산동, 베스트피엘씨빌딩)",101716448.0,,00부대 지하시설 구축방안 연구용역,국군재정관리단
한국형 국방 우주력 발전 전략 연구,국군의무학교,,,2018-08-25,주식회사 한국전자파연구소,황일선,심상필,경상남도 창원시 성산구 창원대로797 (상남동),111937800.0,,취약점 군 영향성 평가 및 조치결과 관리방안 연구,제3훈련비행단
우주기상 영향 연구용역,종합보급창,59362168.0,91.697,2022-12-11,(주)에스큐브아이,이덕호,최진영,"광주광역시 북구 양일로168-10, 비동 1층(양산동)",0.0,88.863,군인 주거보조비 도입방안 연구,제9691부대
근무주정 내항성 향상 함형 개발 연구,해군본부,65038417.0,,2024-02-07,주마메디칼,김지찬,이철호,"경기도 군포시 공단로140번길46, 1층 105호,106호,212호,213호 (당정동,엠테크노당정지식산업센터)",18668473.0,89.378,24-모바일 증거분석체계 교체사업,국군재정관리단
00기지 환경개선 사업 분석평가 및 선행연구 용역,방위사업청,,,,한디자인그룹주식회사,김진원,임동환,경기도 군포시 흥안대로27번길22-0 (금정동),,99.262,혈액가스 분석기 1EA 구매,제9691부대
효과성·활용성 중심의 군내 NCS 적용방안 연구용역,공군본부,,,,초코인터내셔널 주식회사,김동준,주현미,"전북특별자치도 군산시 임피면 호원대3길 64,",97974116.0,88.935,연구용역(방공포병 준.부사관 특기체계개선방안 연구),합동상호운용성기술센터
방탄 방호성능 기초연구용역,국방정보본부,1485974466.0,,2018-10-31,서우컴퍼니,김원헌,최규식,"경기도 고양시 덕양구 삼원로63-0 (원흥동, 고양아크비즈) 612호",,74.018,군 시설물 안전관리분야 매뉴얼 개정 연구용역,기관
2017 서울안보대화 프로그램 기획 및 발전방안 연구,국방대학교,,90.388,2024-03-21,근영유통,박상길,정수민,"서울특별시 강남구 테헤란로440, 서관 3층(대치동, 포스코센터)",2864923.0,89.582,탄약 및 용기 레이저 제청 시스템 응용연구 용역,39정찰비행단
함정 GPS 함속력계 신호 변환 장치 개발 연구용역,제2307부대,170626284.0,,,상명대학교산학협력단,손영옥,이경미,충청남도 홍성군 홍북읍 홍예로213-0 (엘에이치스타힐스) 121동 2201호,0.0,89.855,스펙트럼 분석기,국군복지단
미래 육군의 우주분야 활용방안 연구 용역,방위사업청(운영지원과),183311014.0,90.442,,중원대학교 산학협력단,윤상석,김성찬,"서울특별시 중구 남대문로63 (남대문로2가,한진빌딩)",,89.928,18년 수송기술 용역연구,합동상호운용성기술센터
상용 SW(수사데이터 분석 도구) 구매,제7016부대,55145817.0,89.957,2017-08-15,(주)제트코,이명식,정성문,부산광역시 중구 대청북길31 (대청동4가),,89.013,00부대 지형분석장비(워크스테이션) 구매(20197163-B),국군재정관리단
국방획득 유연성제고 위한 선진국 획득사례 연구,육군공병학교,66823207.0,,,하나메디,김기돈,박재완,"경기도 광명시 양지로21-0 (일직동), 제유-플래닛티타워동 1301호(일직동,유-플래닛)",16737666.0,86.541,효율적인 탄약 전력화 방안 연구,39정찰비행단
잠수함 음탐 센서 케이블 다기능 검사기 연구용역,육군 제3808부대,172901414.0,90.236,2016-12-30,(주)모던애드,문유경,황병윤,인천광역시 연수구 한나루로105번길68-0 (옥련동) 406동 1804호,,,(20F157-I)12.7mm 파쇄탄 정부투자 연구개발 사업,국군재정관리단
(236208-E) 차륜정비장비(분석기 차량엔진용) 구매,공군미사일방어사령부,,91.921,2019-04-12,(사)한국전략문제연구소,홍수정,이지선,"경기도 용인시 기흥구 흥덕중앙로120-0 (영덕동, U - TOWER)",17954247.0,,해병대 창설 70주년 기념 해병대 서체 제작 연구용역,국군재정관리단
한국형 임무형 지휘 정착을 위한 리더십 적용 연구,국방시설본부,169613974.0,,2020-07-05,(재)한국정보통신산업연구원,최인숙,이강일,경기도 안양시 만안구 일직로94번길15-0 (석수동),102599916.0,89.26,저피탐 고도화 기술확보방안 연구,제3697부대
최적의 우주기지 선정 연구,국방시설본부,76206666.0,99.084,2018-09-02,버프프로덕션,박온서,이덕호,"서울특별시 영등포구 선유로49길23,  1001호, 1107호, 1108호 (양평동4가,아이에스비즈타워2차)",96410042.0,,(237095-C) 연구활동 재료(초자) 구매,제9691부대
항행안전시설 비행점검장비의 군 필요성...연구,국군의무학교,,90.211,,한국직업능력연구원,현영림,이광민,"경기도 고양시 덕양구 삼원로73, 721호(원흥동, 원흥한일윈스타)",99368239.0,90.076,프로그램 단위 성과관리를 위한 성과지표 연구,중앙행정기관
예비군법 개정방안 연구,제5738부대,,90.457,2019-08-12,(주)심네트,이창민,이영진,"경상북도 경산시 하양읍 하양로13-13, D1동 4층 406호",195890827.0,,병  오일분석용 1종,제20전투비행단
스마트 탄약정비공장 구축방안 연구용역,해군본부,183857730.0,90.397,,(주)동건,서종대,김연,"서울특별시 마포구 마포대로49, 13층(도화동, 성우빌딩)",,,잠수함 훈련장비(저주파분석  대함모의) 유지보수용역,국군제1068부대
22-수중광통신의 군사적 활용방안 및 운용효과 분석,국군화생방방호사령부,,,2024-03-03,(주)두두아이티,강재관,김정은,서울특별시 영등포구 여의공원로 101(여의도동),14831507.0,,18년 지상군 전시자원소요분석모델 유지보수 용역,국군대전병원
연구개발 부품[캐피시터등50종1655점 구매],국방부(운영지원과),172878730.0,90.359,2020-06-15,진해상사,이재평,박진주,충청북도 괴산군 문무로85-0 중원대학교내 (괴산읍),0.0,95.265,잠수함용 자기처리장비 시설사업기본계획 연구용역,국군재정관리단
19-한국 해양안보에 미치는 갈등요인과 대응방안 연구,제2879부대,58812603.0,89.942,2024-04-10,,김선철,김한욱,"경기도 성남시 수정구 위례대로83(창곡동, 국방문화센터)",83015098.0,89.401,국방혁신 연계 예비군 전력증강 및 운용방안 연구,국군제1068부대
철근콘크리트 방폭문 파괴거동분석 및 실증실험 연구,국방정보본부,,,2019-05-06,주식회사 제이에스시솔루션,정형수,채규수,서울특별시 노원구 화랑로574-0 (공릉동),27286913.0,97.42,소화기 소음기 선행연구 용역,군
(237095-C) 연구활동 재료(초자) 구매,국방대학교,175941841.0,89.952,2024-01-06,호원대학교 산학협력단,남궁복자,홍지유,"대전광역시 서구 둔산대로117번길44-0 (만년동, 엑스포오피스텔619호)",84361420.0,89.184,포병관측장비(TAS-1K)시험세트 분석장비 SW개선,중앙행정기관
국내 연구개발 항공무장 확보 방안 연구,국방부(운영지원과),66445205.0,90.059,2019-08-14,한국세라믹기술원,김성훈,이유진,충청남도 천안시 동남구 풍세로303-0,,,부대소개영화 제작 용역(연구단),군
K10 탄약운반차량 경미한 성능개량 사업분석,육군제8971부대,,96.689,2019-11-07,(주)비아이엔씨,김태영,서선숙,"서울특별시 강남구 테헤란로131-0 (역삼동, 한국지식재산센터) 3.9층",0.0,,17년 전시자원소요분석모델 장비 교체사업,제3130부대
18년 수송기술 용역연구,육군본부,75994575.0,90.121,,주식회사우성메디칼,이명아,홍태오,"경기도 부천시 소향로197, 에이동 201호(중동, 메트로팰리스1)",7286517.0,,가상현실 및 증강현실 기술적용 방안 연구,종합보급창
의무장비(생화학자동분석기 등 2종) 구매(17-207),제9691부대,,90.965,,(사)국방시설연구협회,조정선,김준우,서울특별시 송파구 새말로8길12-0  문정 건영 103동 801호,,,민군복합타운 조성방안 연구,군
수도병원 임상의학연구센터 통계프로그램 구매계약,제3697부대,520612987.0,,,에듀크레아,백도현,조정순,"서울특별시 성북구 종암로22길12-8, 2층 201호(종암동)",,89.187,ATCIS 2차 성능개량 0000체계 운용요구서 연구,군
17년 지형분석장비 교체사업,합동군사대학교,,89.741,,주식회사 웨이브텍,김령은,정운찬,서울특별시 동대문구 고미술로100-0 (답십리동),108932304.0,,포렌식 분석장비 긴급보강 사업,국군수도병원
SIEM을 활용한 사이버 침해 경로 도출방안 연구,국방부(운영지원과),,101.371,2019-06-28,사단법인 한국국방발전연구원,엄종만,김은영,"서울특별시 금천구 가산디지털1로30,1712호 (가산동,에이스하이엔드타워10차)",103232029.0,89.317,21년 전투발전 연구용역(4),합동상호운용성기술센터
수질분석기 등 2종 구매,해군작전사령부,,,,(주)상일기업,임경태,정재훈,"서울특별시 용산구 한강대로62길41, 3층 (한강로1가)",11336414.0,89.495,17년 통합기후예측시스템 연구개발 용역,4284부대
(236366-F) 네트워크 트래픽 수집 및 분석 장비 구매,공군제10전투비행단,79754671.0,,2019-02-10,에이비컴퍼니주식회사,김윤혁,유재웅,"경기도 고양시 일산서구 대산로213-0  302호 (대화동,중앙프라자)",7453311.0,88.898,기초자치단체 비상대비업무 담당자 신편방안 연구,제3130부대
특수작전용대형기동헬기 시설사업기본계획 연구용역,국군재정관리단,77550087.0,89.947,,기산건축사사무소,김화영,최재현,서울특별시 마포구 월드컵북로5길59 (서교동),103788122.0,99.71,비용분석용 상용SW(TruePlanning) 구매,대학
18-함정EMP보호대책적용사례분석및개선사항도출연구,육군인사사령부,64186224.0,98.957,,(주) 한얼누리,윤은희,황병수,전라북도 정읍시 북면공단2길87(북면),,,미 해군 6.25전쟁 분석자료 번역 용역,제5378부대
정기기초연구과제(1. 한국의외교/안보정책),공군군수사령부,,99.722,2019-07-22,세종대학교산학협력단,김보명,가회광,"서울특별시 금천구 서부샛길606, A동 2410호 (가산동,대성디폴리스지식산업센터)",209481131.0,89.31,병력책정기준(정보통신분야 임무/기능 적절성 연구),국군재정관리단
관제레이더 장애징후분석 및 원격감시체계구축,국방정보본부,,,2021-12-08,주식회사 글로벌메타,김여기,이창민,"서울특별시 용산구 이촌로65가길51-0 (이촌동, 한가람아파트) 214-2103",6871945.0,89.016,(207143-H)취약점 분석장비 구매,국군의무학교
21-함정 거주구역 개선방안 연구,39정찰비행단,65042327.0,90.11,2017-03-10,주식회사 웨이브텍,배영훈,강윤진,"경기도 평택시 평택5로34번길48, 402호(합정동)",,88.822,초소형 전술위성체계 구축방안 연구,제9691부대
육군 핵심가치 실천수칙에 관한 연구 용역,국군재정관리단,162621617.0,101.838,2019-11-13,에스엠테크(SM TECH),전남국,한영준,"인천광역시 서구 건지로404, 207동 1501호(가좌동, 가좌한신휴플러스아파트)",10013982.0,89.451,전술이동통신체계 구축방안 연구용역,중앙행정기관
인공지능을 적용한 군사드론의 체계 연구,육군군수사령부,157025549.0,89.462,2017-01-27,주식회사 한국건설경영기술원,박헌제,박재경,"서울특별시 금천구 가산디지털2로14,  14층 1405, 1406호(가산동)",,87.579,18~22 방위산업육성 기본계획 수립을 위한 정책연구,제5738부대
상층대기분석장비 유지보수,공군제18전투비행단,173150211.0,90.091,2024-03-05,(주) 한국능률협회컨설팅,박지현,김흥광,"서울특별시 강남구 언주로527, 10층 (역삼동)",,,(20F083-I)소음영향도작성을위한소음측정및분석용역,제3170부대
미래 육군 제대별 임무와역할  적정 지휘폭 정립 연구,국방지형정보단,,89.865,2024-04-12,주식회사글로벌엔씨,신종현,엄기숙,서울특별시 서초구 반포대로13-0 (서초동),102851079.0,,2024년 바세나르체제 군용물자목록 개정소요 연구,국군재정관리단
20-WMD/화생방 전문인력 관리 및 교육훈련 정립 연구,공군제15특수임무비행단,67648450.0,100.335,2024-07-21,사단법인 국방지능정보기술융합협회,김종광,조성희,"경기도 고양시 일산동구 호수로358-39 706호(백석동,동문굿모닝타워1차)",10710883.0,,(226154-E) 차륜정비장비(분석기 차량엔진용) 구매,합동상호운용성기술센터
금천구 00부대 배치방안 등 연구,공군본부,170819341.0,,,주식회사 삼현,염진수,안병호,"서울특별시 용산구 한강대로62길41, 3층 (한강로1가)",,86.609,민간우수체계기반 전평시 민군 수송물류업무 협력연구,군
19년 분석용모델(3종) 유지보수(2018F125-G),육군정보학교,83306468.0,,2020-06-25,한양대학교 산학협력단,김창환,장원규,"서울특별시 용산구 이촌로65가길51-0 (이촌동, 한가람아파트) 214-2103",113165414.0,89.239,4차 산업혁명 전장기능별 무기체계 소요 연구 용역,제5378부대
군용총포·도검·화약류 안전관리 발전방안 연구,제3697부대,,,2017-10-21,KEYSTONE CG(키스톤씨지),노광현,신인균,경기도 광주시 도척면 상림리51-19,8510840.0,,고출력레이저 위성추적체계 구축방안 연구,중앙행정기관
장보고-III Batch-I 잠수함 저주파분석 훈련장비,계룡대근무지원단,75957969.0,95.627,2019-01-03,(주)한일종합상사,정의붕,박장권,"인천광역시 미추홀구 방축로194, D동 207호 2층 1호 (도화동)",,89.177,급식유통센터 성과분석 및 (경남권)필요성 연구,군
18-해상종합전술훈련장사업타당성 국내개발가능성연구,국군재정관리단,58140638.0,89.889,2024-02-21,드림인텍(주),박종선,홍지유,서울특별시 영등포구 여의대방로43나길20-0 (신길동),15908786.0,,함정 GPS 함속력계 신호 변환 장치 개발 연구용역,군
무건리훈련장 갈등영향분석 용역,국방부,102600088.0,90.052,2024-02-19,이매니지먼트(주),김기순,정예지,"서울특별시 금천구 가산디지털1로119-0 (가산동, SK트윈테크타워, a동 10층 6호)",10040932.0,89.44,RAM 및 군수지원분석 방법 선진화 연구(2차),제2군단
복합식 소해장비 자기/음향 측정장비 연구개발 사업,제7군단,172364840.0,,2019-05-20,주식회사 아레스,유진경,백수정,서울특별시 강남구 학동로42길69-0 (논현동) 2층,12074366.0,88.897,Edu-Tech 교육체계 개발 연구용역,제9965부대
국내 연구개발 항공무장 확보 방안 연구,국군지휘통신사령부,62373119.0,89.823,2022-09-30,주식회사 에이티앤아이,정순오,양금식,"경기도 안양시 동안구 시민대로 266, 평촌샤르망오피스텔 909호(관양동)",15270607.0,97.177,24년 군 주거시설 개선방안 수립 연구용역 등 2건,국군재정관리단
장병 스트레스평정체계 개선 연구용역 계약,공군제15특수임무비행단,66774797.0,89.779,,넥스케이드,박문희,기유경,충청북도 청주시 청원구 오창읍 농소길33-56,0.0,88.564,(상생협력실)갈등영향분석 연구용역(C013),제5378부대
18-19년 해군분석모델 유지보수 및 성능개선사업,방위사업청,51407847.0,93.072,2017-04-17,재단법인한국조달연구원,윤진영,이성심,"경상북도 경산시 대학로280, 1층(대동)",98921686.0,88.747,미래 합동작전과 해군.해병대 공동 비전 연구,4284부대
22-공-소음측정 및 분석시스템 구매(229124-F),제3707부대,179659985.0,99.278,2020-02-05,유한회사 창해,이기석,최재우,세종특별자치시  연동면 원합강1길50-0,17010148.0,,19-헬기형 UAV 운용을 위한 함정설계 개념 연구,종합보급창
군 물류관리 훈령 제정 연구,해군본부,76871989.0,101.07,,한국버츄프로젝트,이강용,정주교,"서울특별시 성동구 광나루로130, 907호(성수동1가, 서울숲아이티캐슬)",,99.341,방위사업계약 및 지체상금 제도 선진화 개선방안 연구,제5019부대
저 전송률 보코더 개발 연구용역,국군대전병원,88858985.0,90.142,,(주)인콘,이기용,노은희,"경기도 안양시 동안구 벌말로126 (관양동)오비즈타워1903호,1904호",,87.342,국방 분야 초거대 AI 적용 방안 연구,39정찰비행단
전시자원소요분석모델 장비 교체사업 리스,국군재정관리단,,97.457,2024-03-04,한국교통대학교산학협력단,김지현,박재범,서울특별시 마포구 양화로183-0 (동교동) 효성홍익인간오피스텔 11층 1112호,95993969.0,89.636,인공지능을 적용한 군사드론의 체계 연구,제3130부대
(22F067-G) 심리뇌파분석시스템 유지보수사업,육군정보통신학교,80128585.0,100.578,2016-12-01,주식회사 삼원산업,최경환,권수민,세종특별자치시  시청대로370 세종국책연구단지 사회정책동,392525206.0,,2024년 임상의학연구센터 통계프로그램 구매,제2307부대
병  오일분석용 1종,방위사업청(운영지원과),68320086.0,83.526,2020-06-12,(재)한국해양전략연구소,김민지,김한음,대전광역시 유성구 테크노2로66-6 (관평동),4424320.0,,그린캠프 개선 및 프로그램 개발 연구용역,국군제1068부대
임베디드 및 군 무선통신 취약점 분석기술 연구,육군본부,80292046.0,103.042,2021-03-28,대전대학교 산학협력단,두인환,남인선,대전광역시 유성구 유성대로1646-0 (전민동),,,공무원 징계와 군 징계의 비교법적 연구,기관
유·무인 복합체계 발전방안 연구,육군교육사령부,154962492.0,89.51,2020-05-29,(주)다올씨앤씨,안병호,김정일,경상북도 포항시 북구 대해로15-0 (죽도동) 2층,0.0,89.128,기술연구 환경구축 사업 리스,국군재정관리단
전자전기 확보 및 효율적 운용방안 연구,4284부대,72965867.0,90.174,2020-04-06,주식회사 에스앤피,정재관,조종열,"서울특별시 송파구 중대로105-0 (가락동, 가락 ID TOWER),302호",564445918.0,89.303,00 0000 분석체계 구축,제2879부대
전평시 국가 화생방전 대응체계 발전방향 M&S 분석,육군교육사령부,77252549.0,,,주식회사 나비시스템,허준행,권헌영,경기도 수원시 영통구 법조로25-0 (하동) SK VIEW Lake A동 1612,688737543.0,89.511,지형분석도 제작 재료 구매,제2879부대
초소형 전술위성체계 구축방안 연구,공군군수사령부,,,,한국세라믹기술원,정지상,최주평,"충청북도 진천군 진천읍 포석길56, 2층",88451435.0,88.945,19년 작전지속지원분석모델 유지보수(2018F124-G),국군재정관리단
정기기초연구과제연구용역(4.국방우주학의이론..),공군 제8전투비행단,,89.661,2018-04-17,젠트리거,권민정,이한웅,"서울특별시 금천구 서부샛길632-0 (가산동, 대륭테크노타운5)",2386007.0,,해병대 작전환경에 적합한 M&S 전력분석 연구 용역,군
차세대 비행시뮬레이터 개발을 위한 기술연구용역,연평부대,176776563.0,,,주식회사 처음헌법연구소,채수장,허성일,"경기도 안산시 단원구 광덕3로145-5, 3층 301-66호 (고잔동)",6900262.0,,잠수함 시운전 제도 개선방안 연구,국군재정관리단
조사분석 라이선스 구매,국군제1068부대,,,,미래상사,이주열,조명희,충청북도 청주시 흥덕구 오송읍 오송생명2로110-6 셀젠텍,0.0,88.714,김해기지 항공교통관제 운영 개선방안 연구용역,국군재정관리단
화생방정찰차-II(차량형) 시설사업기본계획 연구용역,해군본부,79192695.0,89.902,2018-10-12,아이티 월드,유훈,민정화,서울특별시 마포구 도화동51-1 성우빌딩 703호,11618921.0,89.663,(237472-F) 연구활동 재료 구매,군
전자파 측정/분석을 위한 송신장치 개발용역,국군재정관리단,83140976.0,89.734,2022-11-10,주식회사 한솔엔지니어링글로벌,김대석,김산회,"서울특별시 영등포구 양평로149-0, 1106호 (양평동5가)",,88.878,미래혁신을위한육군조직문화진단및실천지표연구,국군재정관리단
유류시험장비(가스성분 분석기 등 2종) 구매,국군제1068부대,136732035.0,99.874,,케이투웹테크(주),김현성,김성찬,서울특별시 서초구 사임당로32 (서초동) 재우빌딩 9층,,89.263,기술인력육성 보조사업자 운영성과평가 및 연구,중앙행정기관
군사격장 소음측정 및 분석용역,공군 제8전투비행단,60257613.0,89.82,2019-04-25,경희대학교산학협력단,김진욱,이태영,경기도 의왕시 오봉산단3로25 (삼동) 의왕테크노파크 더리브비즈원 1동1528호,,81.243,21년 항공관제 분석체계 유지보수,합동참모본부
AI기반 드론봇 네트워크 운용 및 실험설계 연구용역,제6619부대,71819381.0,87.477,,주식회사 온품,홍수정,전희수,"서울특별시 송파구 법원로9길26, D동 1104호(문정동, H-비즈니스파크)",25797580.0,,국방대학교 조직컨설팅 연구 용역,국군재정관리단
민간 아웃소싱 시범사업을 위한 제도화 방안 연구,해군군수사령부,82127680.0,89.693,2024-05-18,소성정보기술 주식회사,노경현,심동석,경상북도 상주시 화서면 봉촌1길75-0,15556409.0,97.405,24-항공관제 분석체계 유지보수 용역,국군재정관리단
19-12차(3) 의무장비 혈액가스분석기 소형 구매,제7821부대,64649285.0,90.702,2017-03-18,(주)디에이치기술단,김태호,박승호,대전광역시 중구 계룡로781 (용두동) 1층,,88.461,열중량분석기 등 1종 구매,국군재정관리단
국방분야 신뢰할 수 있는 AI 기반조성 연구,공군군수사령부,73966233.0,89.787,,군정비지원센터,김두식,김종원,충청남도 논산시 연무읍 연무로 320(),18435465.0,,유도탄 검사장비(00체계 가스분석기) 정비,제6619부대
민 군 통합 수송운영체계 구축 수송물류 비용분석,국군복지단,59700966.0,89.9,,,김승용,,대전광역시 유성구 국제과학3로22-0 (신동),1297314.0,,전쟁양상을 고려한 전사자 관리의 분석 및 발전 연구,중앙행정기관
대전병원 생화학 자동 분석기 소모품 20종 구매,국방전산정보원,179049943.0,89.938,,대지이앤씨산업 주식회사,임준석,김소라,"서울특별시 용산구 한강대로62길41, 3층 (한강로1가)",,87.965,미래 우주전장 분석 및 공군 우주전략 수립 연구용역,제3697부대
자주도하장비 시설사업기본계획 수립을 위한 연구용역,육군화학학교,,89.386,2019-11-05,리치패션용품,이영진,김혜정,"경기도 안산시 단원구 광덕3로145-5, 3층 301-66호 (고잔동)",91901725.0,89.616,지뢰제거에 관한 법안 연구 용역,제3697부대
교육연구자료 원문 DB 구축 용역,제5378부대,,89.378,2024-10-31,주식회사 동화이엔지,천병년,이우학,"경기도 성남시 수정구 위례대로83(창곡동, 국방문화센터)",12720529.0,89.526,22년 기술연구용역 계약(3),중앙행정기관
우주 무기체계 사업을 위한 계약적 보완 방안 연구,제9965부대,,98.924,2017-02-05,주식회사 누리아이코리아,김명운,서경희,대전광역시 유성구 테크노3로65-0 (관평동) 한산에스메카 333호,97227182.0,89.339,전투실험 발전 세미나 과제 연구용역(2),중앙행정기관
군 자동소음측정망 설치기준 및 운영방안 연구,국군대전병원,,,2024-05-20,(주)이씨마이너,유인목,이재평,경기도 광주시 오포읍 포은대로339(추자동),96367212.0,89.557,35사단 동원훈련장 생활관 시설사업 선행연구 용역,제2879부대
국방아키텍처 검증체계 발전 연구,공군군수사령부,62975123.0,,,라이핏사이언스,이기용,김정은,"서울특별시 용산구 한강대로109-0 (한강로2가),404호(용성비즈텔)",4658067.0,88.883,2019 서울안보대화 사이버워킹그룹 발전연구,중앙행정기관
합동화력시뮬레이터 양산사업 비용분석,공군제15특수임무비행단,151643127.0,,2024-03-25,주식회사도시경영연구원,정의승,한소희,"서울특별시 금천구 가산디지털1로181, 가산W센터 1401호,1402호(가산동)",2469084.0,89.64,(227013-D)이동식 취약점 분석평가 체계 구축사업,합동상호운용성기술센터
공개출처정보(OSINT) 활용 사이버위협 분석방안 연구,국군간호사관학교,,90.033,,티쓰리큐 주식회사,정순애,최인숙,"서울특별시 영등포구 여의대방로67길22, 602호(여의도동, 태양빌딩)",0.0,89.155,국방인력획득 효율성 제고를 위한 발전방안 연구,기관
전투실험 설계 및 결과 분석 방법 연구용역,공군작사근무지원단,70338032.0,90.278,2024-07-26,에스제이상사,이종재,안병호,"서울특별시 중구 소공로70-0 , 9층(충무로1가, 포스트타워)",,89.383,24년 간부 파트너십 교육프로그램 개발 연구 용역,국군재정관리단
방산 부품산업 발전을 위한 지원체계 구축방안 연구,4284부대,,90.376,2020-06-21,에스제이상사,신희준,이대용,인천광역시 미추홀구 인하로100-0 (용현동) 인하공업전문대학,81564962.0,100.486,(21F040-G) 사이버위협분석 개발연구체계 구축 사업,중앙행정기관
상륙기동헬기 조종시뮬레이터 선행연구,육군군수사령부,,,2024-06-29,신한관세법인,김종원,엄지성,"서울특별시 서대문구 신촌로109, 비2호(창천동, 신촌르메이에르타운5)",11832233.0,,미래 지휘통제체계 발전방안 연구용역,제9691부대
21-함정 추진계통 신뢰성 향상을 위한 정비방안 연구,공군 제8전투비행단,421324844.0,99.448,2022-01-29,(사)한국위기관리연구소,김유진,심동석,서울특별시 금천구 디지털로130-0 남성프라자 9층 912호  (가산동),,89.274,(21F094-K)'22년~'23년 분석용모델(3종) 유지보수,기관
2018년 제4회 국방 분석평가관계관 워크숍 위탁운영,공군본부,63429134.0,98.737,2019-02-11,주식회사글로벌엔씨,강우철,서준호,"광주광역시 북구 양일로168-10, 비동 1층(양산동)",15958200.0,88.721,인터넷 패킷저장분석체계 구축사업(리스물건),합동참모본부
23년 전투발전 연구용역(3),수도방위사령부,75171827.0,,2023-10-10,주식회사 미주씨앤디,노희영,임경선,"서울특별시 중구 남대문로63 (남대문로2가,한진빌딩)",11863382.0,99.44,21년 항공관제 분석체계 유지보수,중앙행정기관
민간인 지뢰제거 방안 연구,공군작사근무지원단,82859357.0,,,(유)목양,최권석,이지원,"경상남도 진주시 장대로 38, 현대빌딩 4층(장대동)",15177611.0,100.168,20-효율적인 성능개량 방안 도출 연구,제7군단
항공우주력 건설 전투발전전략 연구용역,국군수송사령부,78848765.0,89.692,2022-08-17,주식회사 에이치.티.씨,유상호,장재필,강원특별자치도 삼척시 중앙로230-0 (남양동) 3층,0.0,89.7,효율적인 유지보수 사업관리 방안 연구,국군재정관리단
스펙트럼용 분석기 등 3종 4대 구매,제7군단,,90.227,2016-10-08,엠텍리서치,윤철지,윤이나,"서울특별시 강서구 공항대로103 (마곡동, 마곡 엠밸리 9단지) 업무동시설 507호",109993414.0,,장보고-III Batch-I 잠수함 저주파분석 훈련장비,계룡대근무지원단
국방우주력 발전을 위한 민·군 기술협력 방안 연구,국군재정관리단,45525258.0,90.0,2024-03-15,한남대학교 산학협력단,장복철,박유정,"경기도 성남시 중원구 사기막골로52, 407 (상대원동, 선텍시티  아파트형공장)",84283286.0,89.239,[24-육-227] 무선 데이터통신 운영환경 동적분석 장비,중앙행정기관
19-웹 취약점 진단분석체계 교체사업(201499064-A),국군재정관리단,,90.117,2017-09-13,노무법인한수,김승용,,"대전광역시 유성구 대학로 27, 현대리조텔 2층(봉명동)",,88.985,스위치 누름식(연구개발),중앙행정기관
DIDC 전문인력 강화를 위한 역량 평가모델 연구,제2307부대,71257790.0,89.398,2022-02-25,수테크시스템즈 주식회사,장철호,안치수,"서울특별시 영등포구 국회대로70길12, 802호 (여의도동,대산빌딩)",0.0,100.314,(217097-E)차세대유전자 서열분석기 구매설치,제9965부대
지상전술C4I체계 2차 성능개량 비용분석,국방부(운영지원과),508249497.0,90.319,,동성켐텍,박종재,전용호,"경기도 고양시 덕양구 삼원로63-0 (원흥동, 고양아크비즈) 612호",,,상륙기동헬기 성능개량 소요 분석 연구용역,국군재정관리단
장비별 잔여수명을 고려한 순환 창정비 적용방안 연구,공군작전사령부,170276283.0,,2022-02-21,(사)한국전략문제연구소,고영호,정현석,"전라북도 군산시 임피면 호원대3길 64,",,97.938,22년 기술연구용역 계약(1),제6619부대
한국형 차세대 전투임무기 구축방안 등 연구,육군본부,82486431.0,103.859,2017-06-21,서울여자대학교 산학협력단,주양효,유형우,"서울특별시 구로구 가마산로232 (구로동, 스페스큐브)",88408222.0,,22-해-금속성분분석기 구매,제9691부대
18년 해군 전자정보 종합분석체계 개발사업,국군의무사령부,63343328.0,89.217,2022-10-27,씨엠티정보통신(주),김두식,이종명,경기도 성남시 수정구 대왕판교로851번길20-0 (시흥동),110547987.0,,김해기지 항공교통관제 운영 개선방안 연구용역,제7군단
음향분석체계 개발사업,국군재정관리단,,89.421,2020-06-18,한국애질런트테크놀로지스(주),남상경,김호근,"경기도 성남시 수정구 위례대로83(창곡동, 국방문화센터)",6635766.0,89.157,방위산업기술 유출 및 침해 대응체계 구축방안 연구,제9965부대
분석기(회로망용) 구매,국방부유해발굴감식단,173625392.0,100.383,,주식회사 파이안,이승후,이기영,"경상북도 경산시 하양읍 하양로13-13, D1동 4층 406호",129545596.0,89.424,해안경계 임무전환정책 발전 연구,합동참모본부
16년 정비지원부대 직무값 기반의 직무분석 연구용역,제9691부대,153726123.0,90.206,,희송컴퍼니,정정모,정혜원,"경기도 성남시 분당구 판교로 255(삼평동, 판교 이노밸리 이동 403호 601호)",,,주요 비행피복류 맞음성 개선 및 표준화 연구,제6619부대
정밀측정장비(스펙트럼분석기) 구매,합동참모본부,1296288206.0,89.572,2019-03-30,엘컴퍼니,김준식,최진아,대전광역시 유성구 대학로291-0 (구성동) N7-7111,1290742.0,98.122,SUPPRESSED,기관
19년 천궁 성과기반군수지원 적용방안 연구용역,공군본부,168656922.0,,2019-03-07,주식회사 아레스,양창조,김선철,"서울특별시 동작구 상도로133, 5층 (상도동, 두덕빌딩)",193672.0,85.353,자동화사격장 차단벽구조 구축방안 연구용역,중앙행정기관
24년 군 양성평등지표 조사 및 분석 연구,39정찰비행단,173229433.0,89.856,2022-10-14,육아정책연구소,김주희,오진성,"서울특별시 영등포구 선유로49길23,  1001호, 1107호, 1108호 (양평동4가,아이에스비즈타워2차)",,71.04,(227013-D)이동식 취약점 분석평가 체계 구축사업,군
한국적 지뢰대응활동표준 작성에 대한 연구,제7군단,147077415.0,90.27,2023-12-03,부경대학교 산학협력단,김민균,현영철,경기도 남양주시 진접읍 금강로1553-21 (신우아파트) 상가 112호,102633541.0,88.69,인사교육장교 경력관리 개선을 위한 연구용역,종합보급창
(217100-F)스마트폰앱 분석체계 구축,공군사관학교,62049161.0,89.672,2024-04-03,주식회사 네오티스,이세영,공영주,"경기도 용인시 처인구 모현읍 외대로25번길12-26 (라인빌리지), 201동 302호",,88.83,지뢰제거에 관한 법안 연구 용역,제5738부대
해상작전 유/무인기 최적화 운용방안 연구,국방부조사본부,56695299.0,89.54,2024-10-31,애니유통,김도현,이철호,"인천광역시 부평구 충선로73번길23-0 (부개동, 시티하우스2동)",9992449.0,89.225,(20F088-A)소음영향도 작성을위한 소음측정및분석용역,합동상호운용성기술센터
잠수함 훈련장비(저주파분석  대함모의) 유지보수용역,공군본부,168514555.0,89.87,,주식회사 루키스,장수현,정태진,경기도 안산시 상록구 광덕1로355-0 (이동)월드비지니스센타 41-4호,115013551.0,,국방 빅데이터 분석 사업 용역,군
19년 지형분석장비 교체(리스물건)(20196289-G),해군군수사령부,55808692.0,90.646,2022-08-04,법무법인(유한) 세종,서준호,노경범,인천광역시 미추홀구 인하로100-0 (용현동) 인하공업전문대학,0.0,88.851,24년 의무장비(헤모글로빈 A1C자동분석기) 구매,중앙행정기관
(20F083-I)소음영향도작성을위한소음측정및분석용역,4284부대,73146638.0,89.575,2019-10-21,(주)아이디어정보기술,김경일,석재민,서울특별시 구로구 신도림로11길9-64 (신도림동),0.0,89.723,항공화력유도 시뮬레이션 구축 구매/설치,군
대전병원 생화학 자동 분석기 소모품 20종 구매,국방부유해발굴감식단,,,2024-01-15,사단법인 한국교육행정학회,정진욱,백수정,"서울특별시 중구 퇴계로213, 309-24호(충무로4가, 일흥빌딩)",0.0,87.073,(216032-G) 차륜형장갑차 센서데이터 수집 분석체계,군
(21F040-G) 사이버위협분석 개발연구체계 구축 사업,국군의무사령부,69921397.0,89.688,2020-07-08,주식회사 타임기술,송영각,김경섭,서울특별시 중구 필동로1길30(필동3가) 동국대학교,6742227.0,87.724,과학화경계시스템 정비지원체계 운영분석 연구용역,국군수도병원
국방전직교육원 조직진단 및 기능강화 방안연구,국방부,,89.929,2022-06-21,건양대학교 산학협력단,김규형,박명근,부산광역시 강서구 대저중앙로341-0 (대저1동),93143482.0,89.263,적 사이버공격 의도분석 지표개발 및 평가방안 연구,국군수도병원
항-16-047 050 자동면역분석기 등 42종,육군대학,,99.416,2017-03-01,주식회사 보스테크,이현미,서준호,서울특별시 송파구 올림픽로505-0 (풍납동),113854244.0,,24-F-분석기 회로망 1종 구매,제5738부대
21-2차 개념설계 기술지원 연구용역,국방대학교,,90.229,2017-01-08,재단법인한국조달연구원,김영식,박은정,강원특별자치도 원주시 신림면 신림황둔로174-0,108741987.0,,미래 해양강군 해군비전 2045개정 방향 연구,군
(247158-F) 스펙트럼 분석기 등 3종 구매,제2307부대,90053386.0,,2022-03-31,(사)한국지방자치학회,김광식,이신영,"서울특별시 강남구 언주로527, 10층 (역삼동)",0.0,88.727,전투실험 설계 및 결과 분석 방법 연구용역,국군재정관리단
국방과학기술 전문인력 소요분석 연구,육군종합군수학교,177373430.0,,,주식회사 웨이브텍,안기수,양상원,인천광역시 연수구 한나루로105번길68-0 (옥련동) 406동 1804호,,86.607,소음피해보상금 산정 및 지급철차 연구용역,중앙행정기관
미래 육군의 우주분야 활용방안 연구 용역,육군교육사령부,,,2020-07-21,고려대학교 의료원 산학협력단,박영욱,김상진,충청북도 청주시 흥덕구 흥덕로 126(),104370025.0,,최신 ICT를 적용한 국방컴퓨터체계 운용 방안 연구,합동참모본부
통신 정비장비(스펙트럼 분석기) 구매,국방부(운영지원과),421005005.0,90.098,,주식회사 타임기술,황일선,전호영,서울특별시 광진구 군자동98 집현관 216,,,항공용금속재료 가공방법별 기계적물성치측정방안연구,국군제1068부대
디지털증거분석 수사체계 구축(208050-A),국군지휘통신사령부,172040808.0,,,주식회사 에스엠플래닛,류재산,최규식,"경상북도 경산시 하양읍 하양로13-13, D1동 4층 406호",81588064.0,89.09,23년 비용분석모델(True Planning) SW유지보수 용역,제6619부대
RAM 분석 및 군수지원 분석방법 선진화 연구(1차),해군군수사령부,80509998.0,89.752,,해군사관학교 산학협력단,김여기,최효정,"광주광역시 서구 상무중앙로110-0 (치평동, 광주보험회관)",,,군 급식 피복류 조달이관 성과분석 연구,중앙행정기관
정책연구용역(화생방보호의-Ⅱ 제안서평가기준 마련),4284부대,,89.813,2020-07-07,배재대학교 산학협력단,권시형,이우희,대전광역시 유성구 대학로291-0 (구성동) N7-7111,121931602.0,80.271,20년 수송기술병참선 제원 연구용역,제2879부대
ATCIS 개방형 OS 전환 비용대비 효과분석 연구용역,국방부조사본부,,97.431,2020-05-26,상명대학교산학협력단,이충환,고찬갑,"경상남도 창원시 진해구 용원남로56번길1, 101 (용원동)",8193353.0,89.243,지뢰제거에 관한 법안 연구 용역,중앙행정기관
차년도 안보정세전망 연구 용역,육군화학학교,,89.818,2019-01-20,애니유통,방극윤,한달연,"서울특별시 강동구 양재대로 1443, 동우빌딩 7층(길동)",4515632.0,,19-헬기형 UAV 운용을 위한 함정설계 개념 연구,제7군단
직ㆍ간접 전투경험 공유확대 연구용역,방위사업청(운영지원과),164434769.0,,,미래산업,경상현,김현숙,"서울특별시 금천구 가산디지털2로14,  14층 1405, 1406호(가산동)",103004288.0,,22-작전지휘시설 신축 분석평가 및 선행연구 용역,중앙행정기관
안보학술연구용역(2. 국제안보환경과),제7군단,88446661.0,89.095,2022-10-03,군정비지원센터,홍광표,김영철,강원특별자치도 춘천시 충혼길52번길10 (온의동) 드림타워 3층 306-69,8672372.0,91.36,대함유도탄 방어유도탄 양산사업 비용분석,국군수도병원
(216328-C) 지형분석장비 교체사업(리스물건),제7군단,,101.592,2018-11-04,주식회사 대경코리아,강석균,김미희,서울특별시 송파구 법원로11길25-0 (문정동) 에이치비지니스파크 A동 1009호,,,상비군 수준의 동원위주부대 전력보강 방안 연구,국군복지단
비행기지 계기착륙장치 노후교체 적정시기 연구용역,공군제19전투비행단,,,,조선대학교 산학협력단,최창식,구종우,경기도 수원시 영통구 법조로25-0 (하동) SK VIEW Lake A동 1612,5105035.0,97.719,AH-64헬기 수평안정판 정비방법 개발 연구용역,기관
소형무장헬기 양산사업 비용분석,해군본부,,91.042,2020-05-08,단국대학교 천안캠퍼스 산학협력단,반상우,석재민,서울특별시 용산구 새창로128-1 (용문동) 2층,19748811.0,,재사용 가능한 우주발사체 효용성 연구 용역,국군재정관리단
23년 국방정책토론회 학술연구용역,해군교육사령부,145798987.0,,,(주)성광메디피아,이충근,이도형,"경기도 포천시 호국로 1007, 대진대학교 산학협력단(선단동)",94585421.0,96.567,공중항적 영상식별체계 확보 연구용역,제9691부대
대전병원 생화학 자동 분석기 소모품 20종 구매,해군교육사령부,144390971.0,100.19,2022-10-01,디엔아이,이세영,송승현,"서울특별시 송파구 송파대로24길5-6 (가락동,1층)",83156429.0,,22년 수사데이터 연관 분석시스템 구매,제20전투비행단
22년 분석실험실 상용 SW 구매,39정찰비행단,75023642.0,90.431,,주식회사 이음,김시근,남해린,강원특별자치도 철원군 동송읍 금학로31-98,76221617.0,,정신전력 개념 정립 및 수준 측정도구 개발 연구,국군재정관리단
원격제어조립체 개발 연구개발(2019H027-B),육군공병학교,168226683.0,89.81,2020-06-24,한국재료연구원,이형민,남궁복자,서울특별시 금천구 가산디지털2로123-0 (가산동) 월드메르디앙벤처센터 2차 317호,90092439.0,88.806,(217215-D)디지털 포렌식 분석장비 교체,군
육군 병영생활관 신축기준 연구용역,방위사업청(운영지원과),,,2017-12-09,(주) 웃샘,허준행,채희연,서울특별시 영등포구 영등포로35길10-0 (영등포동6가) 8층 809호,,,K1A1전차 성능개량 사업분석,합동상호운용성기술센터
절충교역 제도 선진화 방안 연구,국방부(운영지원과),,89.47,2017-02-21,사단법인 미래안보산업전략연구원,최규식,신범수,"서울특별시 강남구 테헤란로131-0 (역삼동, 한국지식재산센터) 3.9층",,,12.7mm 파쇄탄 선행연구 용역,국군재정관리단
공지통신무전기 및 함대공유도탄-II 사업 비용분석,육군교육사령부,156257018.0,89.789,2023-10-17,(주)씨앤씨솔루션,김정숙,조희정,"서울특별시 송파구 법원로128, B동 1102호(문정동, 문정SK V1 GL메트로시티)",,89.326,통신가설차 경미한 성능개량 사업분석,중앙행정기관
RAM 분석 및 군수지원 분석방법 선진화 연구(1차),공군제19전투비행단,85392041.0,89.908,2022-03-07,지와이테크놀리지,권수민,송용재,서울특별시 금천구 가산디지털2로184-0 (가산동) 112호,98692329.0,,표적메모리 회로카드 대체품 개발 연구용역,제3707부대
00부대 지형분석장비(워크스테이션) 구매(20197163-B),제3훈련비행단,67338523.0,89.785,2022-10-14,(주)두두아이티,김명운,구종우,서울특별시 서대문구 충정로53-0 (충정로2가) 골든타워빌딩 1701호,99556590.0,,과학화경계시스템사업의 기종결정 평가방안 연구,제7군단
국방연동관리센터 운영 및 발전 방안 연구,방위사업청(운영지원과),148121644.0,,,주식회사 베가스,권용복,이상규,경기도 광주시 도척면 상림리51-19,,,사이버 기술연구 환경구축 SW(라이선스) 구매,국군제1068부대
(227321-C) 네트워크 위협분석시스템 구매(리스물건),공군제38전투비행전대,159812587.0,77.405,2019-08-05,주식회사 넷커스터마이즈,박정기,박소연,서울특별시 마포구 효창목길11-1 (공덕동),3026944.0,98.617,금속성분분석기 1대 구매,제6619부대
(217044-B) 21년 의무장비(요분석기) 구매,국군제1068부대,61866417.0,,2018-11-29,주식회사 유토비즈,정승인,장현정,대전광역시 유성구 테크노2로187-0 (용산동) 미건테크노월드 2차 B동 217호,0.0,,도면(2D 및 3D) 통합관리방안 연구용역,대학
(207118-D)00분석체계 구축자재 구매,국방부군사편찬연구소,201183332.0,90.09,2019-06-16,(주)네오플러스,이영진,오진성,"서울특별시 성동구 성수이로147, 905호 (성수동2가, 아이에스비즈타워)",3393976.0,,시뮬레이터 소프트웨어 보안성 시험 방안 연구,국군재정관리단
자주도하장비 시설사업기본계획 수립을 위한 연구용역,국군수송사령부,159980135.0,,2024-04-12,주식회사 원영전자,조홍덕,안주섭,세종특별자치시  전의면 윗다락골길2-3,,89.464,20-효율적인 성능개량 방안 도출 연구,국군복지단
전투실험 발전 세미나 과제 연구용역(2),제9691부대,78476860.0,90.391,,(주) 웃샘,김재욱,오세문,전라남도 목포시 해양대학로 91(죽교동),79734384.0,,안보학술진흥연구용역(3.국내안보환경분석또는),제9965부대
우주 무기체계의 최적 보험 가입 방안 연구,제6619부대,,89.634,2024-02-03,부경대학교 산학협력단,홍광표,이경순,경기도 성남시 수정구 성남대로1210번길16-2 비01호(수진동),11081787.0,89.626,연합/합동 연습모의모델 획득 및 운영방안 연구,제1363부대
20-해군 무장체계의 효율적인 창정비 방안 연구,국군수송사령부,,96.097,,주식회사글로벌엔씨,이종명,최광호,"인천광역시 연수구 송도미래로30, 이동 1308-1호(송도동, 스마트밸리)",96762613.0,89.598,17-추수평가 개선 및 환류방안 연구,제7군단
’22년 미래혁신연구센터 부대소개영상 제작용역,육군군수사령부,,90.598,2021-09-07,선호하우징,정성문,오중택,"서울특별시 서초구 서운로 226, 서초오피스텔 404호(서초동)",,,다목적 제설장비 운용기준 재정립 및 대체방안 연구,국군재정관리단
한국형 임무형 지휘와 리더십 관계 정립 연구용역,공군항공안전단,59624678.0,,2020-02-05,국방기술품질원,송상의,이영미,"경기도 안양시 동안구 벌말로126(관양동, 평촌오비즈타워) 1308-1313호",92537446.0,69.918,전술정보통신체계Block-1-① 창정비요소개발 비용분석,국군제1068부대
RAM 분석 및 군수지원 분석방법 선진화 연구(1차),육군보병학교,,,2017-01-14,주식회사 애니캐스팅,김학준,최승룡,"서울특별시 강남구 역삼로17길57, 그랜드빌딩 B1층 (역삼동)",5758330.0,96.133,K계열 장갑차 엔진 오일펌프 시험장비 개발 연구용역,중앙행정기관
국방여군 70년사 편찬 연구,제2군단,81941529.0,,,주식회사 동화이엔지,이권민,이도제,"서울특별시 금천구 가산디지털1로171, B208호(가산동, 가산 에스케이 브이원 센터)",83147541.0,89.19,박찬극 제독 평전 편찬 연구용역,제6619부대
수도권 동원예비군 수송방법 개선방안 연구,국군의무학교,,,2022-10-28,주식회사 한국직업자격연구원,김주희,홍지유,경기도 광주시 오포읍 포은대로339(추자동),91496006.0,89.539,18년 작전지속지원분석모델 유지보수 용역,중앙행정기관
23년 전반기 육군 정책연구과제 연구용역,국방부유해발굴감식단,168008778.0,99.448,2017-04-28,영남대학교산학협력단,장승희,이태영,"경기도 고양시 일산동구 고봉로 26-14, 양우로데오랜드 A동 304호(장항동)",90284065.0,89.352,안보학술연구용역(1.국가안보에관한문제에관한이론),군
사이버위협 분석체계 개선사업,공군작전사령부,,90.111,2017-03-17,한국인성교육연구소 주식회사,임병조,이성태,"서울특별시 용산구 한강대로62길41, 3층 (한강로1가)",742917.0,80.048,군단정찰용 무인항공기-Ⅱ 시설사업 선행연구,제3707부대
(20F168-I)00부대 부대개편 시설사업 선행연구 용역,국방전산정보원,87181644.0,90.904,,소프트플로우 주식회사,김종원,양삼근,경기도 의왕시 오봉산단3로25 (삼동) 의왕테크노파크 더리브비즈원 1동1528호,0.0,89.446,24-성남시 고도제한 완화요구 공공갈등 관리방안 연구,합동참모본부
국방정책 연구지원 발전 기획 연구,제5738부대,56522687.0,90.041,,라온시스템즈(주),유관우,김정옥,서울특별시 양천구 남부순환로72길17-0 (신월동) 영동빌딩2층,,88.676,국방 빅데이터 분석 사업 용역,군
CH/HH-47D 성능개량 시설사업기본계획 연구용역,국군지휘통신사령부,62858958.0,90.668,,주식회사 릴리스마일,장승희,정현승,경기도 남양주시 사릉로33번길1-4 (금곡동)C동3층301호,0.0,85.586,제주 작전기지 저주파분석 훈련장비 유지보수 용역,제9691부대
美 안보지원관리교범(SAMM) 최신화 및 번역 연구,공군군수사령부,,93.949,2019-06-23,희송컴퍼니,강현순,박세원,"경기도 안양시 만안구 만안로49,1303호(안양동, 호정타워)",,88.982,공무직 근로자 임금체계 컨설팅 및 연구 용역,합동상호운용성기술센터
(22F067-G) 심리뇌파분석시스템 유지보수사업,국방부(운영지원과),,90.719,,(주)나일소프트,조희아,김미숙,"대전광역시 유성구 테크노4로17, 디동 202호(관평동,대덕비즈센터)",0.0,,(246202-D)지형분석장비 교체사업(리스자산),제1363부대
대전병원 생화학자동분석기 소모품 60종 구매,국방부군사편찬연구소,79093981.0,95.271,,사단법인 한국융합안보연구원(Korea Convergence Security Institute),채수장,석재민,"서울특별시 강남구 언주로319, 5층,6층(역삼동,조우회관)",,,국방 디지털 서비스 환경 전환 방안 연구,군
(20F089-I)소음영향도작성을위한소음측정및분석용역,국군재정관리단,72215874.0,93.467,2019-08-28,(주)두두아이티,박재완,강민식,서울특별시 구로구 디지털로34길55-0 (구로동),94153938.0,89.312,(22G059-H)'23년 스펙트럼측정 분석장비 유지보수용역,중앙행정기관
무기체계 RAM 시험평가의 효율적 수행방안 연구,육군종합군수학교,167895078.0,89.985,2022-04-20,사단법인 미래안보산업전략연구원,김유진,김재필,"서울특별시 금천구 가산디지털1로212, 701호(가산동,코오롱디지털타워애스턴)",111841400.0,,부대소개영화 제작 용역(연구단),합동참모본부
K105A1자주포 경미한 성능개량 사업분석,국방대학교,171758779.0,,2020-06-03,군인공제회,김성룡,정태량,부산광역시 사하구 구평로16번길 71(구평동),129069556.0,,세계안보정세분석 연구용역,제2879부대
국방시설 전력소비 수용률 기준 연구용역,국방정보본부,92452415.0,,,선테크 주식회사,문형곤,유형우,"충청북도 청주시 서원구 수곡로99번길32-2, 101호(수곡동)",14193201.0,94.419,ATCIS 개방형 OS 전환 비용대비 효과분석 연구용역,제6619부대
수질분석기등 3종,합동참모본부,,102.032,,국민대학교산학협력단,전건욱,김경섭,서울특별시 마포구 도화동51-1 성우빌딩 703호,0.0,97.806,방위산업기술 유출 및 침해 대응체계 구축방안 연구,군
21년 전투발전 연구용역(2),특수전사령부,191785867.0,89.677,,(주)두두아이티,반상우,조해주,"서울특별시 금천구 가산디지털2로184, 10층 1017호(가산동, 벽산디지털밸리2차)",,88.903,20-PKMR엔진 PBL 비용대효과분석 및 성과지표 연구,제3697부대
24년 자동염기서열분석기 검교정 등 정비,4284부대,,,2022-02-02,주식회사 시스텍,이희우,유지수,서울특별시 마포구 양화로183-0 (동교동) 효성홍익인간오피스텔 11층 1112호,7546272.0,82.394,미래 안보환경 대비 군사시설 보호업무 발전방향 연구,제7016부대
북단 유도로 신설사업 분석평가 및 선행연구 용역,제9227부대,76365192.0,,2019-05-31,넥스케이드,김태호,조반석,"서울특별시 성동구 성수일로4길25, 16층 (성수동2가, 서울숲코오롱디지털타워 1차)",33937635.0,,22년도 군 급식 및 피복 만족도 조사 연구용역,합동상호운용성기술센터
22-함정 갑판부착장비 내충격성능 검증방안연구,해군본부,,,,디에이전,최용석,엄지성,"경기도 성남시 수정구 복정로84번길 22-15,(B-001호) (복정동)",0.0,,2019 서울안보대화 프로그램 기획 및 발전방향 연구,합동참모본부
월책 차단을 위한 혁신적 GOP 경계 플랫폼 연구,제7016부대,64844172.0,89.8,2022-06-14,주식회사 다윈에어로테크,김윤혁,김현묵,"서울특별시 용산구 한강대로62길41, 3층 (한강로1가)",,,17년 통합기후예측시스템 연구개발 용역,합동참모본부
군인 고용보험 가입의 효과성 연구,방위사업청(운영지원과),70691777.0,90.059,2022-08-31,MRO Tech(엠알오텍),강현섭,이해용,인천광역시 미추홀구 인하로100-0 (용현동) 인하공업전문대학,13025474.0,88.905,공개SW 군 확산을 위한 정책수립 연구,국군제1068부대
디지털 증거분석 수사체계 도입(218091-A),제9691부대,,100.785,2017-03-06,중원대학교 산학협력단,임창욱,이영섭,대구광역시 달서구 와룡로45길10-14 (죽전동),,,PLS세트 선행연구 용역,제9691부대
(207110-C) '20년 연구활동 재료(시약  초자) 구매,공군작전사령부,45234327.0,85.766,2022-06-18,(주)에이치엔에스바이오,황현식,김종환,광주광역시 북구 첨단과기로123 (오룡동),0.0,,16-인성교육프로그램 등 연구 용역 계약,제2062부대
미 해군 6.25전쟁 분석자료 번역 용역,공군항공안전단,,89.971,2019-07-05,한국직업능력연구원,신상범,조대근,서울특별시 서대문구 불광천길278 (북가좌동) 1층,13627264.0,89.146,19-함정 고전압 육전공급설비 적용방안 연구,국군재정관리단
항공기 RCS/IR Signature 추출 및 해석 연구,제3훈련비행단,86672653.0,90.119,2018-11-11,상명대학교산학협력단,김주형,송지은,"서울특별시 구로구 디지털로242, 1605호(구로동, 한화비즈메트로1차)",,,방공포병 모의훈련체계 구축 가능성 연구용역,중앙행정기관
방위력개선사업에 K-RMF 적용을 위한 방안연구,육군본부,68546133.0,,,사단법인 씨알리더십연구원,최광용,황인선,서울특별시 마포구 양화로183-0 (동교동) 효성홍익인간오피스텔 11층 1112호,,89.246,(247192-C) 유전자감정장비(자동염기서열분석기) 구매,중앙행정기관
24-그린나래호텔 리모델링 계획의 적절성 분석연구,육군공병학교,156985224.0,,2019-02-12,주식회사 한국심리평가원,정순오,황병윤,"대전광역시 유성구 죽동로321-0 (죽동, 죽동금성백조예미지), 102동 201호",263666141.0,,미래 합동작전과 해군.해병대 공동 비전 연구,국군복지단
반환 미군기지 매각 활성화를 위한 처분 방안 연구,공군제7항공통신전대,,102.791,,주식회사 글로벌메타,이승호,김한욱,"전라북도 군산시 임피면 호원대3길 64,",,,(1)군용비행장 소음측정 및 분석용역,군
방위사업비리 가중처벌 법안에 대한 연구,제20전투비행단,162479802.0,92.384,2020-06-19,주식회사 케이티에이,이정원,이희섭,"경기도 의왕시 오봉산단3로25, 1동 303호(삼동, 의왕테크노파크더리브비즈원)",11955507.0,,분석기  입자크기용 구매,군
21-섬석천 기능개선 분석평가 및 기본계획 연구용역,육군교육사령부,,90.013,2024-01-23,대륙씨엠아이 주식회사,강인용,곽일,충청북도 청주시 청원구 오창읍 농소길33-56,77917279.0,,접경지역 부대개편에 따른 상생협력방안 연구,제2879부대
휴대용화학물질분석기 등 2종 구매,국방통합데이터센터,,,,엠지산업,조희아,김소라,서울특별시 영등포구 여의대방로43나길20-0 (신길동),,,16년 전자파 측정 및 분석장비 개발 용역,제2879부대
복합식 소해장비 자기/음향 측정장비 연구개발 사업,공군제15특수임무비행단,75657425.0,90.48,2018-12-23,명지대학교 산학협력단,조미옥,최미락,충청남도 천안시 동남구 풍세로303-0,514322293.0,98.462,소형공격드론 사업분석 용역,합동상호운용성기술센터
국방군사시설 방호기준 제·개정 연구용역(21K021-I),육군교육사령부,68342678.0,95.646,2019-05-20,엔에이치네트웍스 주식회사,유진경,서유림,"강원특별자치도 춘천시 서면 경춘로1517-23, NAB R&D큐브",,76.696,안보학술연구용역(2. 국제안보환경과),국군재정관리단
25년도 안보정세전망 연구용역,공군본부,71522448.0,89.578,2020-06-21,(주)카이엠,조현선,김성찬,"서울특별시 서초구 효령로230-0 (서초동, 승정빌딩)",7375979.0,100.386,저피탐 고도화 기술확보방안 연구,군
17-방공관제사-102 보급수송과 신호분석기,제2062부대,64639221.0,,2019-04-08,인하대학교 산학협력단,강인용,이창환,대전광역시 대덕구 대전로1397번안길70-0 (읍내동),,,20-해군 무장체계의 효율적인 창정비 방안 연구,국군재정관리단
19~20년 육군M&S센터 전문분석관 운용 용역,공군제10전투비행단,63544128.0,90.147,2018-09-27,주식회사 명품시스템,전병욱,최준호,"서울특별시 강남구 영동대로602, 6층 E170호(삼성동)",,,FA-50 성능개량 방안 연구,제3170부대
23년 비용분석모델(True Planning) SW유지보수 용역,해군군수사령부,,89.76,2024-06-05,(주) 탑크로스 이앤텍,장승규,김상수,"서울특별시 금천구 가산디지털1로30,1712호 (가산동,에이스하이엔드타워10차)",,,국내구매사업 추진시 종합평가방안 연구,제2879부대
진로도움 프로그램 성과분석 및 개선방안 연구,국방부(운영지원과),185303597.0,89.867,2019-09-18,주식회사 신나는세상,신창희,박은숙,서울특별시 영등포구 의사당대로38 (여의도동) 101동 412호,124262410.0,89.261,안보학술연구용역(1.국가안보에관한문제에관한이론),합동상호운용성기술센터
23-D-액체질량분석기 구매,연평부대,,89.978,2022-08-17,HF테크,정연길,김인승,서울특별시 은평구 서오릉로25길20-4 (구산동) 1층,0.0,88.704,군의 드론봇 전투체계 발전방향 연구 용역,중앙행정기관
공신력 확보를 위한 신규국제표준 적용방안 연구용역,국방부,62866627.0,82.071,2022-07-02,사단법인 한국기업연구원,임승택,김다예,경기도 안양시 만안구 냉천로203번길 4(),117631718.0,89.632,마린온 3차 PBL사업 적용범위 사업타당성 조사 연구,국군재정관리단
“제○○동원사단 부대사” 연구 용역,공군교육사령부,71161141.0,94.099,2019-01-24,주식회사 쿤스트에프케이,홍영기,김상겸,서울특별시 동대문구 경희대로26-0 (회기동),,89.093,차기 탑재/양륙 모의체계 개발 개념 연구 용역,기관
군 작전 지원 수치예보 발전 방향 연구 용역비,국방대학교,161785509.0,90.081,2022-05-09,주식회사 엘씨케이테크놀로지스,홍순국,김나영,"서울특별시 송파구 법원로128, B동 1102호(문정동, 문정SK V1 GL메트로시티)",,91.073,22-공군 기후예측 및 기후변화 시나리오 연구용역,제5019부대
23-중북부 물류거점 입지 선정 및 효과 연구,공군본부,56854795.0,,2021-07-28,한국환경설계(주),김동준,정혜원,강원특별자치도 춘천시 충혼길52번길10 (온의동) 드림타워 3층 306-69,,98.11,4차산업혁명 기반 무기체계 시험평가 발전방안 연구,중앙행정기관
(20F081-A)소음영향도작성을위한소음측정및분석용역,합동참모본부,,,,씨지에스아이티(주),임승택,우재봉,"서울특별시 강남구 테헤란로512, 10층(대치동, 신안빌딩)",4357183.0,99.944,17년 작전지속지원분석모델 유지보수 용역,제20전투비행단
표적획득 및 사격지휘체계 발전에 따른 포병효과 분석,국군재정관리단,,90.031,,주식회사 케이제이,이충환,이상국,서울특별시 서초구 과천대로946 (방배우성아파트 상가) 302호,21565662.0,89.725,정밀측정장비(레벨분석기) 구매,중앙행정기관
민간인 지뢰제거 방안 연구,국방부조사본부,,100.345,,주식회사 굿컨설팅그룹,이문걸,유선희,"서울특별시 영등포구 선유로49길23,  1001호, 1107호, 1108호 (양평동4가,아이에스비즈타워2차)",0.0,89.522,공무직 근로자 임금체계 컨설팅 및 연구 용역,중앙행정기관
20-MTU엔진 PBL 비용대효과분석 및 성과지표 연구,제5738부대,70547534.0,,,단국대학교 산학협력단,한아름,황혜원,"서울특별시 용산구 청파로47길 100, 숙명여자대학교내(청파동2가)",2410936.0,,AI 작전운용성능 설정기준 표준화 연구,중앙행정기관
인공지능을 활용한 사이버위협 탐지기술 연구용역,국방전산정보원,174130416.0,89.907,2018-10-17,(주)유로사이언스,김한희,박은숙,"서울특별시 강남구 테헤란로512, 10층(대치동, 신안빌딩)",8116200.0,,군 범죄피해자 보호·지원을 위한 정책 연구,군
임무형지휘 수준진단도구 개발 연구용역,해군본부,163180085.0,89.856,,아이브스 주식회사,남상경,이수현,"경기도 성남시 중원구 사기막골로159-0 (상대원동, 금강하이테크2 아파트형공장) 711호",2542796.0,,19-함정 ORD 작성을 위한 설계/건조 요구조건 연구,기관
공무직 근로자 임금체계 컨설팅 및 연구 용역,국군간호사관학교,60666574.0,101.38,,주식회사 길상산업,이정근,이화주,경기도 구리시 산마루로46-0 (갈매동) 404동 1702호,90479781.0,81.124,특임여단 북괴군 핵 화생시설 점령/확보방안 연구용역,군
교육용 패킷 분석장비 라이선스 구매,국방부(운영지원과),,90.099,,주식회사 이엠텍아이엔씨,최미옥,임평산,전라북도 전주시 완산구 장승배기로263 (평화동1가),12492818.0,,19년 발칸 추적훈련 분석기(제조),중앙행정기관
한국형 레이저 무기 조기도입 개발전략 연구,공군제18전투비행단,180082013.0,89.869,,한양무선통신,오중산,김지훈,"경상남도 김해시 관동로138, 1404동 301호(관동동, 죽림마을 동원로얄듀크아파트14단지)",,87.824,19-헬기형 UAV 운용을 위한 함정설계 개념 연구,군
군인연금제도 발전방향 연구,제9691부대,1179063793.0,,2022-10-10,건국대학교 산학협력단,홍태오,유형우,경기도 수원시 영통구 법조로25-0 (하동) SK VIEW Lake A동 1612,15984877.0,,항공교통 업무 수행 및 공역체계 개선 방안 연구,제9227부대
요분석기 사단용 2EA 구매,국방대학교,,,2019-05-23,케이엠글로벌,황윤주,최선미,"서울특별시 동작구 남부순환로2021, 2층 (사당동)",,95.684,18~22 방위산업육성 기본계획 수립을 위한 정책연구,군
17-군 세차 폐수처리시설 운영 개선방안 연구용역,해군본부,51832208.0,89.975,2017-06-06,(주)아이엠티,박홍련,이성로,"경기도 성남시 중원구 사기막골로52, 407 (상대원동, 선텍시티  아파트형공장)",,89.681,정출연 주관 기술개발사업제도(가칭) 운영방안 연구,국군대전병원
개발사업 군사작전 영향검토 및 법제화 방안 연구,4284부대,,89.609,,사단법인 한국국방기술학회,홍수정,김한욱,"서울특별시 영등포구 도림로462, 지층6호 (문래동3가, 국화상가)",,86.428,어뢰이송 및 저장체계 비상작동 조종장치 연구용역,제3697부대
전투근무지원정 건조가능성 검토 기술지원 연구용역,제9691부대,,,2022-02-17,주식회사 리눅스데이타시스템,김승용,김진욱,"서울특별시 성동구 성수일로4길25, 16층 (성수동2가, 서울숲코오롱디지털타워 1차)",0.0,85.515,20-풍력발전시설의 R/D 및 통신전자장비 영향성 분석,기관
항공통제기 2차 시설사업 기본계획 수립 연구용역,해군본부,1270403684.0,,2018-08-11,엘아이지넥스원주식회사,김종호,김승준,"서울특별시 구로구 가마산로232 (구로동, 스페스큐브)",,89.2,19년 gps 교란신호 분석 및 전파체계 유지보수 용역,제3130부대
해군 통합연동체계 SW 연구용역,방위사업청(운영지원과),70178657.0,,,한국환경연구원,김학범,원만희,"서울특별시 영등포구 국회대로74길19, 동우국제빌딩 902호",13305862.0,89.147,17년 통합기후예측시스템 연구개발 용역,군
(227163-F)연구활동재료(초자) 구매,4284부대,,,2021-09-10,사)한국미래문제연구원,이인형,정시영,"경기도 안산시 상록구 샘골로136, 2층 204호-166 (본오동)",254924.0,89.596,AH-64헬기 수평안정판 정비방법 개발 연구용역,군
병력동원 지정 및 훈련체계 효율화 연구,공군항공안전단,,90.125,,,박장권,안은희,"서울특별시 마포구 성산로2길55, 602호(성산동, 샤인빌딩)",92521011.0,89.148,감염 및 외상분야 군의료 특성화 연구(2차),제20전투비행단
박옥규 제독 평전 제작 연구 용역,해군사관학교,,90.199,,희송컴퍼니,조만희,윤정일,"서울특별시 영등포구 영등포로150,A동 L152호,1304호~1313호",0.0,,군용차량 배출가스 환경영향 및 기준 검토 연구용역,국군의무학교
20년 해병대 조직문화 수준진단 표준설계 연구용역,육군본부,,,,경희대학교 산학협력단,노희영,최규식,"대구광역시 달서구 달구벌대로1095-0 (신당동, 계명대학교)",124682039.0,89.959,백두체계능력보강 2차 시설사업기본계획 연구용역,4284부대
공중 무인무기체계 표준화 방안 연구,국군의무사령부,,,,(주)동건,이윤문,최은수,"서울특별시 광진구 광나루로56길63, 지하1층 113호 에스46(구의동)",81484290.0,89.664,해병 과학화경계시스템 추진방안 연구 용역,제3훈련비행단
전시 효율적 해외구매 방안에 관한 연구,4284부대,89856454.0,90.092,,주식회사 코테스,정성문,윤태훈,세종특별자치시  시청대로370-0,1891137.0,,BigData/VC를 활용한 무기체계 효과분석 연구,제2879부대
대형 국외구매사업의 합리적 기종결정방안 연구,제3훈련비행단,43950687.0,89.657,2019-07-19,태형상사주식회사,정평길,정지용,서울특별시 금천구 가산디지털2로123-0 (가산동) 1010-391호,434335722.0,89.357,22년 서울안보대화 프로그램 기획 및 발전방향 연구,종합보급창
군 내 인성교육 프로그램 간 효과성 비교연구,공군본부,170354768.0,,,영화산업,류제성,문영옥,충청북도 청주시 청원구 사뜸로67번길24-0 (율량동),99004708.0,89.124,간부 팔로워십 교육프로그램 개발 연구용역,국군제1068부대
22-해병-지능형 사이버침해사고 조사분석체계 구축,국방부군사편찬연구소,1342778699.0,89.672,,(주)윌비소프트,김흥광,정명화,"경기도 성남시 수정구 복정로84번길 22-15,(B-001호) (복정동)",114096197.0,96.689,지휘헬기-II 기종결정 평가방안에 관한 정책연구용역,제9691부대
전투복 위장무늬  디자인 및 적용소재 연구용역,국방통합데이터센터,92323568.0,89.771,2020-06-16,주식회사 세명에스엠지,문형곤,이경은,"대전광역시 유성구 대학로31-0 (봉명동, 유성한진오피스텔) 2215호",7302010.0,,차기 탑재/양륙 모의체계 개발 개념 연구 용역,국군재정관리단
17-방공관제사-94 보급수송과 스펙트럼 분석기/3품목,국군간호사관학교,69362406.0,,2024-03-24,경희대학교산학협력단,정택호,박지훈,경상남도 창원시 의창구 죽전로68번길29 (팔용동),1695600.0,89.098,민간군사기업(PMC) 등 민간 아웃소싱에 대한 개념연구,중앙행정기관
탄약고 안전거리 재산정을 위한 선행연구 용역,제7016부대,63508881.0,,2022-07-24,(주)네오플러스,박정주,김현철,"서울특별시 금천구 가산디지털1로19, 406호, 407호, 408호, 409호(가산동,대륭테크노타운18차)",,85.523,24년 기술연구용역(1),제9691부대
23년 혈액가스 및 전해질분석기 구매,종합보급창,,,2024-06-25,해군사관학교 산학협력단,김한욱,박재경,"서울특별시 서대문구 거북골로 34, 명지대학교 본관 10층 11033호(남가좌동)",92997737.0,,대형 후속사업 추진시 기종결정 평가항목 연구,중앙행정기관
국방분야 국가자격 신설종목 연구,국방지형정보단,,,2022-10-05,고려대학교산학협력단,김규호,조해주,"서울특별시 강남구 봉은사로129-0 (논현동, 거평타운오피스텔) 1126호",,89.03,21-첨단 수중전력 소요기술 분석 및 적용방안 연구,기관
(227059-E)방탐정확도 정밀분석 시험용 드론 제조,육군공병학교,55540715.0,90.018,2022-12-15,(주)미디어큐브,윤현식,권시형,서울특별시 은평구 서오릉로25길20-4 (구산동) 1층,97556728.0,83.465,19-적정 승조원 소요인원 정량화 방안 연구,제1363부대
22-3차 연구장비 구매 계약 - 미생물측정기,제2307부대,80378857.0,89.831,2019-01-02,명지대학교 산학협력단,양선희,박주형,"서울특별시 서초구 서초중앙로20길 24, 서종빌딩 4층(서초동)",92949854.0,90.002,21년 전투발전 연구용역(4),39정찰비행단
항-18-043 자동면역분석기 시약 등,제7821부대,69171863.0,89.928,,노원 상사,서승현,신종걸,경기도 광주시 도척면 상림리51-19,21389436.0,89.759,대형수송함 1번함 성능개량 사업분석,군
지능형 전군 악성코드 수집분석체계 구축 금융리스,공군미사일방어사령부,,,2022-05-03,대길상사,박종호,박준성,"서울특별시 강서구 마곡중앙5로1길20-0 (마곡동) 보타닉비즈타워 921,922호",107771235.0,89.561,신기술 적용을 통한 저장시설 물류향상 연구,중앙행정기관
군 급식 피복류 조달이관 성과분석 연구,육군교육사령부,81059649.0,89.931,2023-08-30,주식회사 온품,정영석,탁승주,대전광역시 동구 대전로889-4 (삼성동),,89.213,창조국방 추진을 위한 창의적 문화조성 방안 연구,중앙행정기관
(246072-F) 분석기 스펙트럼용 구매,제9965부대,79945474.0,90.383,2022-02-20,웰스,김종하,이영익,"충청북도 청주시 흥덕구 풍년로79번길3, 3층(가경동)",,89.474,PLS차량 운용효과 Arena 모델링 연구 용역,제3697부대
함정추진축계이상소음발생위치추정및원인분석기법연구,공군제15특수임무비행단,156827429.0,89.644,2024-03-05,사단법인 안보경영연구원,김수상,이충렬,"서울특별시 강남구 봉은사로114길 40, 홍선빌딩 2층(삼성동)",0.0,89.408,미래 예비전력 정예화를 위한 동원개념 재설계 연구,39정찰비행단
19년 지형분석장비 교체사업 리스,국군대전병원,,89.882,2021-08-03,한국과학기술원,조인태,이영섭,대전광역시 유성구 대학로291-0 (구성동) N7-7111,94288224.0,,항-20-036 자동면역분석기,군
복합재 항공기 구조물 구조건전성 해석기법 연구용역,방위사업청,56372759.0,,,도현,강석균,김기현,"경상남도 창원시 진해구 중원로1-0 (남빈동, 해군사관학교내)",3956610.0,,24년 군 양성평등지표 조사 및 분석 연구,제6619부대
(20F089-I)소음영향도작성을위한소음측정및분석용역,공군작전사령부,154177947.0,89.519,2017-04-05,육군군사전략연구소,이승철,원미정,"충청북도 청주시 흥덕구 봉명로31 티원타워 지식산업센터 119호, 416,417호",84558735.0,,군인 주거보조비 도입방안 연구,제2군단
(21G023-A)생물안전3등급 연구시설 유지보수 용역,육군교육사령부,166337313.0,,2017-05-14,한남대학교 산학협력단,박호,신범수,"서울특별시 영등포구 선유로 70, 우리벤처타운2303호(문래동3가)",99686534.0,88.829,도면(2D 및 3D) 통합관리방안 연구용역,군
휴대용 화학물질분석기 등 2종 구매(20197097-D),한미연합군사령부,,,2019-02-01,주식회사 처음헌법연구소,안가영,전세희,"서울특별시 서초구 신반포로311, 3층(잠원동, 신영빌딩)",32593325.0,,잠수함 훈련장비(저주파분석 등 2종) 유지보수 용역,중앙행정기관
’22년 전투발전 연구과제 용역(3),국방부조사본부,614675592.0,,2020-06-08,군정비지원센터,김태영,옥창길,충청북도 청주시 청원구 사뜸로67번길24-0 (율량동),,,금천구 00부대 배치방안 등 연구,중앙행정기관
해병대 간부 및 병 획득율 제고를 위한 개선방안 연구,육군본부,89065351.0,90.212,,부경대학교 산학협력단,송관섭,양금식,광주광역시 북구 첨단과기로123 (오룡동),,,정밀측정장비(스펙트럼분석기) 구매,제9691부대
20-교육훈련 빅데이터 통합관리체계 구축방안 연구,육군인사사령부,167393787.0,,2022-03-04,케이엠글로벌,유흥배,석재민,"서울특별시 서초구 서운로 226, 서초오피스텔 404호(서초동)",,,[연구소] 감정장비(컴퓨터 거짓말 탐지 세트) 구매,국군수도병원
스펙트럼분석기 등 5종 구매,제20전투비행단,77306434.0,,2019-04-25,(JN)글로벌,손태환,정경아,"서울특별시 용산구 한강대로40길39-12, 204호 (한강로2가)",100043632.0,,국방정보화법률 개정입법 추진전략 연구,제9965부대
공군병 정원 산출을 위한 편성기준 연구,국방부(운영지원과),168019499.0,,2019-04-30,국방대학교산학협력단,노광현,김소미,"경기도 성남시 분당구 불정로219-0 (정자동, 한솔마을) 청구상가  비108호",,,UH-60헬기 연료라인 야전 시험장비 개발 연구용역,제3697부대
안정화 작전을 위한 기반시설 복구부대 운영방안 연구,제2879부대,,,2023-10-10,행복한 일 연구소,이양희,김민균,"서울특별시 금천구 가산디지털1로212, 701호(가산동,코오롱디지털타워애스턴)",0.0,73.146,19-회로분석기 구매(20199065-H),중앙행정기관
(21G023-A)생물안전3등급 연구시설 유지보수 용역,공군교육사령부,84577866.0,92.728,2018-11-28,주식회사 시스코어,이재관,정중식,서울특별시 구로구 신도림로11길9-64 (신도림동),2322670.0,90.17,신호분석기 1EA,39정찰비행단
[24-육-85] 무기체계별 EMP방호기술 적용방안 연구,드론작전사령부,68039197.0,79.884,,주식회사 이음,김혜정,박설희,대전광역시 중구 수침로55번길19 (태평동) 장가빌딩 2층,103163052.0,,장보고-III Batch-I 잠수함 저주파분석 훈련장비,국군재정관리단
19년 항공관제 분석체계 유지보수 용역,방위사업청(운영지원과),65833381.0,84.224,2017-07-24,주식회사 남양메디칼,유훈,김채미,광주광역시 북구 첨단과기로123 (오룡동),,89.266,근무주정 내항성 향상 함형 개발 연구,중앙행정기관
대잠훈련분석체계(AEAS) 유지보수 정비,제7016부대,176332025.0,86.185,2020-06-12,주식회사 현대리서치,김정옥,박연희,경상남도 진주시 충의로10-0 (충무공동),108625697.0,78.001,전파환경측정 분석장비 유지보수,국군복지단
FA-50 성능개량 방안 연구,제3훈련비행단,570601500.0,,,주식회사 범만테크,최창식,최규식,"서울특별시 금천구 벚꽃로254-0 (가산동, 월드메르디앙벤처센타) 1109호",90467611.0,89.397,2019년 의무장비(요분석기) 구매-재투자,4284부대
공군 예비군훈련장 권역화 · 과학화 구축방안 연구,국군의무사령부,,,,우성무역,신종현,명승배,"대전광역시 서구 도산로485-0, 4층 (탄방동)",90753251.0,,핵심기술(위성용 SAR 안테나) 비용분석,제3170부대
육군 로고를 군수품에 적용하는 방안 연구,국군제1068부대,,92.558,,(사)21세기군사연구소,김경빈,박재경,서울특별시 종로구 새문안로5가길 32(적선동),1270193.0,89.788,해병 00부대 재배치 및 신기지 구상 관련 연구,39정찰비행단
유전자 서열 분석기,육군교육사령부,79423167.0,89.095,,(주)한일종합상사,박수진,김한음,"서울특별시 관악구 봉천로340-2, 7층(봉천동)",209893207.0,89.464,00 군공항 설계기본요구조건 작성 연구용역,국군수도병원
24년 기술연구용역(2),국군화생방방호사령부,70493906.0,89.926,,주식회사 와이매틱스,정태량,장현주,부산광역시 영도구 태종로 233(봉래동5가),,89.007,해병대 무인화전투체계 도입방안 연구용역,제7821부대
예비전력 VISION 구현 방향 연구용역,공군군수사령부,69882596.0,90.014,2019-03-29,사단법인 한국국방기술학회,정병훈,권연주,"경기도 성남시 분당구 구미로8, 2층(구미동, 엠타워)",11639879.0,89.079,(216032-G) 차륜형장갑차 센서데이터 수집 분석체계,군
(227059-E)방탐정확도 정밀분석 시험용 드론 제조,국군제1068부대,60761306.0,90.005,,(주)프라이전트,조민구,권시형,"서울특별시 용산구 청파로47길 100, 숙명여자대학교내(청파동2가)",87779653.0,89.841,23-중북부 물류거점 입지 선정 및 효과 연구,중앙행정기관
(216178-D)휴대용화학탐지장비(화학물질분석기) 구매,국방부유해발굴감식단,79286007.0,,2020-06-09,주식회사 반석건설엔지니어링,최명식,변현호,인천광역시 부평구 부평대로301-0 (청천동) 남광센트렉스 303호,0.0,,(22F008-I)주민 지자체함께와상생하는훈련장연구용역,제2062부대
ArmyTIGER4.0네트워크정보유통능력분석연구용역,국군재정관리단,,,2019-08-07,(주)액티브솔루션,서선숙,이경미,"서울특별시 강남구 테헤란로4길15, 15층 1503호 (역삼동, 메가시티오피스텔)",,89.273,4차 산업혁명 연계 미래 해병대 발전 연구용역,기관
MZ세대 주거시설 시설기준 제·개정 연구용역,국방부군사편찬연구소,,90.081,2017-02-05,주식회사 와사비,신승호,김소라,경기도 고양시 덕양구 삼막1길3(오금동),343897.0,89.621,우수인재의 개념과 자격기준 연구용역,군
[24-육-91] 무건리 훈련장 갈등 비용분석 연구,국방부(운영지원과),66885114.0,89.654,2022-08-07,엠에스동민특수가스(주),염진수,장소영,"서울특별시 강남구 언주로527, 10층 (역삼동)",3560572.0,,22-11차 연구장비 구매 계약  - 의약품 냉동고(수정),계룡대근무지원단
특수전지원함 등 2종 사업분석,방위사업청,,,2022-05-23,주식회사 원영전자,주인웅,박진호,"서울특별시 구로구 디지털로272-0 (구로동, 한신아이티타워) 605~607호",,,군급식조달체계변화에따른적정급식비산출에대한연구,군
정신전력교육 기본교재 재발간에 따른 사전 연구 용역,해군본부,,99.908,2019-08-12,(주)한일종합상사,오문진,이경순,"경기도 하남시 미사대로550, 4층 43호(덕풍동, 현대지식산업센터 한강미사)",112333241.0,,청년 장병 군내 일자리 창출 방안에 따른 연구용역,중앙행정기관
미래전장환경을 고려한 화력전력 대체방안 연구용역,공군83정보통신정비창,,87.299,2024-04-01,한디자인그룹주식회사,허정성,이동화,대전광역시 유성구 유성대로1184번길 29(신성동),16759176.0,89.486,백두체계능력보강 2차 시설사업기본계획 연구용역,국군재정관리단
국방정책 연구지원 발전 기획 연구,국군재정관리단,177156304.0,89.897,,가천대학교산학협력단,김운용,고윤안,경기도 군포시 번영로497(산본동 금화프라자) 502호,6925943.0,,하이드로릭 입자분석기 구매,중앙행정기관
화산 특수작전종합훈련장 선행연구용역(특-24-용-24),제9691부대,84471118.0,,2017-04-18,네이버시스템 주식회사,정순오,김수권,"서울특별시 용산구 청파로 40, 삼구빌딩 1815호(한강로3가)",,98.331,국내구매사업 추진시 종합평가방안 연구,중앙행정기관
(22G059-H)'23년 스펙트럼측정 분석장비 유지보수용역,공군본부,,90.53,,티에스와이,윤진영,강민,대전광역시 대덕구 오정로78번길114 2층 (오정동),,89.237,상륙공격헬기 사업분석,국군재정관리단
19-스마트쉽 무선네트워크 활용방안 연구,해군교육사령부,67435187.0,90.061,2022-10-11,(주)아인스에스엔씨,윤동열,최동양,"경기도 안양시 만안구 만안로49,1303호(안양동, 호정타워)",5370929.0,,미래 지역예비군 최적화 방안 연구 용역,국군복지단
[24-육-227] 무선 데이터통신 운영환경 동적분석 장비,육군본부,68042552.0,90.054,2018-12-14,스마일컴퍼니,이성로,원미정,"경기도 의왕시 오봉산단3로25, 1동 303호(삼동, 의왕테크노파크더리브비즈원)",3240564.0,88.74,(216323-C) 네트워크 위협 분석체계 구축사업,국군재정관리단
20-PKMR엔진 PBL 비용대효과분석 및 성과지표 연구,공군제16전투비행단,,89.881,2020-06-25,주식회사 스마트포트테크놀로지,,주현미,"서울특별시 서초구 강남대로6길11 선우빌딩 4,5층 (양재동)",,88.715,23-D-기체질량분석기 구매,기관
24-항공관제 분석체계 유지보수 용역,육군훈련소,,90.003,,주식회사 에이치투엘테크놀로지,임중수,권시형,"서울특별시 강남구 테헤란로131-0 (역삼동, 한국지식재산센터) 3.9층",17609215.0,98.578,국방표준서 제정(3차) 연구,연평부대
개발사업 군사작전 영향검토 및 법제화 방안 연구,연평부대,71219591.0,,,(주)케이씨이아이,최명진,최민정,"경기도 성남시 수정구 복정로84번길 22-15,(B-001호) (복정동)",11923092.0,89.372,국방 전력발전체계에서의 전투실험체계 정립 연구용역,제2879부대
스마트 항만기지 구축방안 연구 용역,공군본부,57931140.0,89.605,2017-02-11,에스엘(SL)상사,김혜정,이신영,서울특별시 강서구 양천로401 (가양동) 강서한강자이타워 B동1503~1506호,4852130.0,97.568,항-16-069 자동면역분석기 시약 등 37종,중앙행정기관
육군 항공관제 시뮬레이터 연구개발,제3707부대,,,2019-11-15,(주)싸이버텍,임지연,이민혜,서울특별시 서대문구 불광천길278 (북가좌동) 1층,,88.975,행정업무 간소화 개선방안 연구,제7821부대
전시 급식지원체계 개선방안 연구,제3697부대,81906866.0,,,나우통상,이양숙,유형우,"서울특별시 송파구 법원로11길25-0, A동 1310호(문정동, 에이치비즈니스파크)",7597567.0,88.897,주요 군사시설의 방호설계 기준 개정 연구용역,국군재정관리단
국방 무인로봇 시험평가 적용방안 연구,공군미사일방어사령부,75841952.0,100.265,2024-05-28,정보와기술 주식회사,심종욱,정영숙,"경기도 광명시 양지로21-0 (일직동), 제유-플래닛티타워동 1301호(일직동,유-플래닛)",0.0,87.778,삼군부 재현 및 이전을 위한 연구,제2879부대
미래 예비군 제도를 대비한 예비군 개념 정립 연구,공군제18전투비행단,147370604.0,89.888,,주식회사자연,정진욱,정재훈,서울특별시 동작구 흑석로84 (흑석동),,88.765,18년 분석용모델 유지보수 용역,중앙행정기관
민군복합타운 조성방안 연구,제7군단,84032264.0,89.511,2023-12-31,김근우시스템공학기술연구소,김성룡,석재민,"경기도 수원시 장안구 서부로 2066, 성균관대학교 자연과학캠퍼스 내(천천동)",,96.85,연구용역(방공포병 준.부사관 특기체계개선방안 연구),군
16-00원 종합발전 비전 연구용역,국군재정관리단,52716214.0,89.897,2023-02-25,피앤티컨설팅 주식회사,박희원,조민구,서울특별시 서초구 서초대로19길10-11 (방배동) 2층,0.0,,무기거래조약에 따른 수출입통제 개선방안 연구,국군재정관리단
국방 연구개발 법제 개선 연구,국군재정관리단,85935572.0,,2020-06-12,디와이아이앤씨주식회사,김종원,김한음,"서울특별시 송파구 백제고분로501, 301 (방이동 청호빌딩)",11402272.0,,지상무인차량사업 종합평가 추진 시 평가방안 연구,합동참모본부
다목적 항무지원정 함형 발전 연구,공군미사일방어사령부,57143123.0,,,주식회사 선화무역,백명기,최동양,"서울특별시 영등포구 국제금융로8길25, 6층 607호 (여의도동, 주택건설회관)",0.0,,무기체계 인공지능 기술적용 JROC 작성지침 개정 연구,제2879부대
여단급과학화전투훈련체계 경미한성능개량 사업분석,제2062부대,68116071.0,,2020-06-25,사단법인 한국자살예방협회,김한용,허정행,"전라남도 장성군 황룡면 강변로452-16, 3층 302호",,99.14,K9자주포 연료펌프 성능개선 시제품 개발 기술 용역,군
안전하고 신뢰할 수 있는 AI활용 국방가이드라인 연구,방위사업청,,90.173,2022-06-16,사단법인 한국고용복지연금연구원,이진우,김예슬,"서울특별시 성북구 종암로22길12-8, 2층 201호(종암동)",0.0,89.355,기갑/기계화부대 중대급 교전훈련장비 2차 선행연구,제2062부대
군인 고용보험 가입의 효과성 연구,국방대학교,81491460.0,90.652,,(JN)글로벌,허준석,신명화,"서울특별시 용산구 청파로349-0 (서계동,보은개발빌딩)",923765.0,,영평사격장 주변지역 주민이주 방안 연구,중앙행정기관
24년 의무장비(요분석기) 구매,국군수송사령부,162458394.0,,2018-10-10,국방기술품질원,김정옥,이희국,서울특별시 서초구 남부순환로319길 13(서초동),8775740.0,97.096,미래 복합전투체계 운용개념/전투실험방법 연구용역,군
K9자주포 연료펌프 성능개선 시제품 개발 기술 용역,제20전투비행단,,90.209,2022-03-21,중앙기획,고윤안,김성연,"서울특별시 성동구 왕십리로363, 501호 (하왕십리동, 성동빌딩)",,88.01,물류원가 데이터 수집 및 산정/관리 방안 연구,국군수도병원
시험평가 인프라 구축 확대 및 종합 관리 방안 연구,국군수도병원,67207886.0,100.728,2024-04-29,한국인성교육연구소 주식회사,박영선,남상경,울산광역시 울주군 언양읍 유니스트길50-0 울산과학기술원,0.0,,드론사업 진화적 획득 방안 연구,중앙행정기관
ㅇㅇ학교 전통 계승 및 발전방안 학술연구용역,국군수도병원,,90.99,,(주)마린테크인,유훈,정지상,"충청남도 논산시 대학로 121, 건양대학교 산학협력단(내동)",,85.445,유전자감정장비(자동염기서열분석기)소모품 설치 납품,제2군단
화생방 연구활동 재료 시약 구매,육군항공학교,,89.838,2024-04-26,스타일담아,손태환,윤태훈,대전광역시 유성구 대학로291-0 (구성동),131264668.0,,21-2차 개념설계 기술지원 연구용역,합동참모본부
분석기 구매,국군재정관리단,81185872.0,90.188,2022-08-22,(주)론스텍,배종환,조동원,"서울특별시 서초구 서초중앙로20길 24, 서종빌딩 4층(서초동)",0.0,,전출처 전자정보 통합 및 적위협 가시화 방안연구,중앙행정기관
시뮬레이터 소프트웨어 보안성 시험 방안 연구,국방부군사편찬연구소,,90.123,2022-12-03,알앤알컨설팅 주식회사,조명지,전병욱,서울특별시 강남구 일원로81-0 (일원동),99747868.0,89.463,21년 전투발전 연구용역(3),제2307부대
17년 모바일 분석체계 성능개선 사업,국방대학교,,89.609,,주식회사 엘티에스,정안수,김동희,대전광역시 유성구 유성대로1646-0 (전민동),96946826.0,96.416,(237472-F) 연구활동 재료 구매,제3697부대
2019년 의무장비(자동분석기 생화학용 대형) 구매,해군본부,44128480.0,90.192,,주식회사 한국사업관리연구원,김은기,황성환,"서울특별시 금천구 가산디지털2로184, 10층 1017호(가산동, 벽산디지털밸리2차)",,96.922,23-6차 조달 연구장비(겔이미지 시스템) 구매 계약,제6619부대
미래 예비군 차등화 편성ㆍ관리개념 연구용역,공군본부,89275639.0,,,한디자인그룹주식회사,정운찬,석재민,경상남도 고성군 동해면 내산3길51-1,96091504.0,88.994,정보학교 사이버공간정보 연구용역,국군재정관리단
육군내 기술연구소 신설방안 연구 용역,방위사업청(운영지원과),,,2019-03-05,한국해양대학교산학협력단,문미옥,정연환,"서울특별시 강남구 봉은사로114길 40, 홍선빌딩 2층(삼성동)",,,21년 의무장비(혈액가스분석기 중형) 구매,중앙행정기관
방산물자 기술수준 및 경쟁가능성 심화 조사 및 분석,육군본부,78371302.0,90.044,2017-02-17,주식회사 우리별,이민자,전희수,서울특별시 동작구 흑석로84 (흑석동),89326694.0,88.833,(226362-F)작전지속지원분석모델장비 도입(리스물건),제3697부대
월간지(안보현안분석  린사포럼) 인쇄 용역,육군종합군수학교,157407218.0,,,에스원세이프,박문희,김덕호,"서울특별시 용산구 청파로 40, 삼구빌딩 1815호(한강로3가)",11740269.0,89.087,[24-육-117] AI기반 사격지휘체계 연구,군
단안형 야간투시경 경미한 성능개량 사업분석,국군재정관리단,75428421.0,,2017-06-08,(주)에스큐브아이,박상길,오세문,"세종특별자치시  조치원읍 번영1길46, 301호, 302호",0.0,85.204,사례분석을 통한 對아세안 국방협력 발전방안 연구,제20전투비행단
[24-육-188] 안전문화 수준 측정 Tool 개발 연구,국군의무사령부,,,,주식회사 타임기술,서동환,양진,"서울특별시 용산구 이태원로29, 421호(용산동1가, 전쟁기념관)",105267745.0,83.836,[상층대기분석장비 부품] 송풍기  환기용 등 7종,제7821부대
22-1차 개념설계 기술지원 연구용역,국방대학교,51734404.0,90.186,,주식회사 엔미디어솔루션,이영환,이민재,경상남도 진주시 소호로101-0 (충무공동),0.0,87.312,20-Lynx 군수지원 여건 고려 적정 수명주기 연구,군
해군 스마트 항공기지 발전방향 연구용역,국군재정관리단,,89.483,,와이와이,이진욱,오석현,서울특별시 구로구 디지털로34길55-0 (구로동),,89.798,소형무장헬기 양산사업 비용분석,국군재정관리단
항-19-032 자동면역분석기 시약(HBsAg RGT)등 112종,공군교육사령부,,89.911,,(재)서해환경과학연구소,최동양,차승회,"대전광역시 서구 대덕대로319, 2층 212호(월평동, 우림빌딩)",105319038.0,88.996,22-5차 연구장비 구매 계약 - 원심분리기 소형탁상용,국군재정관리단
자운대 종합발전계획 연구용역,해군군수사령부,156377073.0,,2022-05-19,한남대학교 산학협력단,한대일,유형우,"서울특별시 송파구 법원로11길25-0, A동 1310호(문정동, 에이치비즈니스파크)",105773579.0,82.988,155mm 정밀유도포탄 비용분석,국군제1068부대
수도병원 임상의학연구센터 통계프로그램 구매계약,육군대학,64982932.0,89.996,2022-06-13,사)한국미래문제연구원,최재성,석재민,"경기도 성남시 분당구 판교로 255(삼평동, 판교 이노밸리 이동 403호 601호)",116637235.0,,[24-육-16] A군단 부대변천사 연구용역,대학
해병대 작전환경에 적합한 M&S 전력분석 연구 용역,제9691부대,,89.643,,주식회사남동,경상현,김승준,"서울특별시 강남구 언주로527, 10층 (역삼동)",8353808.0,89.546,2017년 제3회 국방 분석평가관계관 워크숍 위탁운영,군
지능형 전군 악성코드 수집분석체계 라이선스 구매,제9691부대,,90.407,2019-03-20,서우컴퍼니,윤철지,박연선,"서울특별시 영등포구 국제금융로8길 25, 주택건설회관 10층(여의도동)",0.0,97.467,21년 임상의학연구센터 통계프로그램 구매,중앙행정기관
핵심기술(위성용 SAR 안테나) 비용분석,국군의무사령부,63941934.0,,,주식회사산엔지니어링,임경진,김승준,"서울특별시 중구 소공로70-0 , 9층(충무로1가, 포스트타워)",11316513.0,,스펙트럼 분석기,제9691부대
국내개발레이더 후속군수지원을 위한 지표개발연구,육군교육사령부,69301435.0,100.973,2017-04-29,(주)한신솔루션,김영국,박수영,서울특별시 금천구 디지털로130-0 남성프라자 9층 912호  (가산동),143257456.0,86.507,신공법교량 폭파방법도출 및 실증실험 연구용역,제3707부대
K9자주포 연료펌프 성능개선 시제품 개발 기술 용역,공군미사일방어사령부,,,,연세대학교 산학협력단,김경빈,조혜진,전라북도 완주군 삼례읍 삼례로 443 우석대학교내(본관 12층),,,2024년 방산물자 현황분석 연구용역,중앙행정기관
16년 전자파 측정 및 분석장비 개발 용역,육군교육사령부,72449506.0,90.254,2024-02-28,주식회사 제이에스시솔루션,이상진,김인해,"서울특별시 영등포구 경인로 775, 2동 1202호(문래동3가, BJM)",,81.436,음성분석기 구매,국군재정관리단
(해병)소음측정 및 분석용역,제7821부대,,89.985,2020-06-29,성균관대학교 산학협력단,김형철,임동환,"서울특별시 영등포구 국제금융로8길25, 6층 607호 (여의도동, 주택건설회관)",984286.0,,한국형 군경력 학점전환제 마련에 관한 연구,군
극지안보환경 변화에 따른 미래 한국해군의 역할 연구,제5378부대,67893807.0,100.01,2024-03-03,진해상사,조인태,이정암,"서울특별시 강서구 양천로401 (가양동), B동 801호",112525906.0,,23-F-분석기 표면마무리용 접촉용 구매(239016-F),군
22년 분석실험실 상용 SW 구매,국방부유해발굴감식단,,93.031,2017-02-13,주식회사엔클라우드,이용호,김영삼,"서울특별시 구로구 디지털로 306, 대륭포스트타워2차 1101호(구로동)",,,20-함정 전기추진체계 관련 군요구조건 도출방안 연구,제1363부대
22-6차 연구장비 구매 계약 - 시약 및 약품냉장고,합동군사대학교,181625328.0,90.43,,주식회사 콘텐츠펙토리상상역,안기수,채희연,강원도 원주시 문막읍 석지1길283,,89.224,작전지휘시설 신축 분석평가 및 선행연구용역,합동참모본부
국내 한도액계약 및 성과기반계약 활성화 방안 연구,해군본부,77405909.0,89.985,,주식회사 희망에어텍,김경섭,유형우,"서울특별시 용산구 청파로349-0 (서계동,보은개발빌딩)",0.0,,합동작전분석모델-Ⅱ 탐색개발,중앙행정기관
차륜형장갑차 성능개량 사업 비용분석,공군본부,45856913.0,90.48,2023-12-09,주식회사글로벌엔씨,김종수,이기선,"서울특별시 송파구 법원로128, B동 1102호(문정동, 문정SK V1 GL메트로시티)",,98.909,21-해양무인체계에 필요한 핵심기술 연구,중앙행정기관
헬기ㆍUAV 전력화 고려 타군비행장 활용방안 연구용역,공군제18전투비행단,67267037.0,87.794,,주식회사 행림종합건축사사무소,이윤문,정진욱,"대전광역시 서구 대덕대로249번길30-0, 403호(둔산동, 베스트피엘씨빌딩)",4418506.0,,정밀측정장비(제원분석기) 구매,제6619부대
무선망 전파분석장비 노후 교체,제2879부대,,89.801,,피엘앤트,강길영,이현정,"서울특별시 송파구 법원로9길26, D동 1104호(문정동, H-비즈니스파크)",450761528.0,91.982,항공기 운영이력 빅데이터 수집 및 분석기법 연구,제9691부대
민관군 유·무인기에 대한 공역통제방안 연구 용역,국군제1068부대,,,2020-07-03,주식회사 딥아이,김진원,김정숙,경상남도 진주시 소호로101-0 (충무공동),,88.697,4차 산업혁명과 연계한 미래 물자동원방안 연구,군
대장균 정성분석키트 등 28항목 구매(물품 해파),육군보병학교,,89.951,2022-06-12,주식회사 엔미디어솔루션,한수희,김현정,"대전광역시 서구 도산로485-0, 4층 (탄방동)",0.0,,취약점 진단분석체계 교체사업(209086-F),제3130부대
24-00부대 전력화 추진방안 정책연구용역,국방부군사편찬연구소,79866019.0,89.772,,주식회사 씨이엠아이,김주희,정재훈,"경상남도 창원시 성산구 완암로50-0, 메카동 813호(성산동, SK테크노파크)",0.0,,국방 무인항공기(드론) 정비사 자격 신설 연구용역,제7군단
22-00생활관 신축 분석평가 및 선행연구 용역,제7군단,74680342.0,90.811,2021-10-19,유한회사 갈등조정센터,임영갑,박진호,울산광역시 울주군 언양읍 유니스트길50-0 울산과학기술원,,88.932,76mm 함포 약실 정밀검사용 장비개발 연구용역,중앙행정기관
(21F166-I)「스마트 물류」정책연구 용역,육군보병학교,163855820.0,89.835,2022-05-30,한화오션 주식회사,김두식,유상지,서울특별시 동대문구 고미술로100-0 (답십리동),101400583.0,88.384,통일후육군구조(안)에대한 합참과 육군(안)에대한분석,제9691부대
디지털 증거분석체계 SW 라이선스 갱신,국군재정관리단,,,,주식회사 브이웨이,이도형,김시나,"서울특별시 강남구 논현로28길54-0 4층 (도곡동, 덕원빌딩)",0.0,89.185,무기체계 연구개발 협약·성실수행제도 방안 연구,제1363부대
운용제원 분석 기반 장비수명 판단방안 연구,특수전사령부,59167119.0,100.75,,주식회사글로벌엔씨,안동만,이정민,서울특별시 서대문구 불광천길278 (북가좌동) 1층,,89.454,2.75유도로켓 창정비 비용 대 효과분석 연구용역,제2307부대
단안형 야간투시경 경미한 성능개량 사업분석,해군본부,71306812.0,95.1,2022-01-08,주식회사 에이티지씨(ATGC),김정한,이우학,"서울특별시 성동구 성수일로4길25, 16층 (성수동2가, 서울숲코오롱디지털타워 1차)",,96.459,독점조달 및 계약비리 등 조달제도 개선방안 연구,국군재정관리단
중합염기서열분석기 구매,공군본부,155313267.0,90.158,2019-03-09,유한회사 무궁화통신건설,강석균,김재현,서울특별시 중구 무교로16(무교동),,89.385,관사 및 간부숙소 신축 선행연구 용역(23-216),합동참모본부
정비공정 촬영도구  분석SW 구매,공군 제8전투비행단,178529738.0,89.315,,주식회사 티앤제이커뮤니케이션,김건호,김근우,"경기도 수원시 권선구 금곡로23,1동 (금곡동)",11674077.0,88.913,인천지역 도심 친화적 통합 재배치 연구용역2019F009,국군재정관리단
첨단 항공엔진 연구개발 추진방안 연구,드론작전사령부,61255332.0,89.346,,수안특허법인,신승호,이찬홍,"경기도 안산시 상록구 한양대학로55-0 (사동, 한양대학교 안산캠퍼스)",,,무건리훈련장 갈등영향분석 용역,국군재정관리단
군 급식 피복류 조달이관 성과분석 연구,제7군단,,,2019-07-20,에듀크레아,최양열,이연미,서울특별시 양천구 목동중앙로13나길3,0.0,,스마트 물류센터 도입 검토 연구용역,국군재정관리단
AI 적용 무기효과 산출 고도화 연구,연평부대,560232404.0,90.179,2019-02-24,상명대학교산학협력단,송영호,박미진,"서울특별시 송파구 법원로11길25-0, A동 1310호(문정동, 에이치비즈니스파크)",9687451.0,89.245,22년 기술연구용역 계약(3),4284부대
군시설 공사비 기준단가 산정 연구용역,공군작전사령부,86789355.0,90.146,,서울사이버대학교 산학협력단,이형걸,신명화,"서울특별시 중구 세종대로39, 대한상공회의소 6층(남대문로4가)",11016336.0,89.341,’19년 디지털 포렌식 분석장비 교체(20197105-A),군
항행안전시설 비행점검장비의 군 필요성...연구,국방부(운영지원과),,90.375,2022-05-17,(재)한국화학융합시험연구원,임순옥,이정헌,"대전광역시 서구 도산로485-0, 4층 (탄방동)",0.0,88.812,한국형 국방 우주력 발전 전략 연구,제2879부대
해병대사령부 통.폐합과 재창설에 관한 연구용역,공군본부,,99.891,2020-02-07,주식회사 명품시스템,박수영,신종걸,충청남도 논산시 양촌면 황산벌로1040,84746489.0,89.012,NCoE 구현을 위한 합참중심 QoS 모델 연구 용역,4284부대
공군 리더십 교육프로그램 개발 연구용역,국군제1068부대,157243614.0,100.2,2019-09-17,(주)에이치엔에스바이오,홍양희,조은미,"경기도 하남시 미사강변한강로155, 1동 314호(망월동, 지식산업센터)",6800032.0,88.578,(247192-C) 유전자감정장비(자동염기서열분석기) 구매,합동참모본부
전술항법장비(TACAN) 시설사업기본계획 연구용역,국방부(운영지원과),80694950.0,,,주식회사 디오르마,김산회,서유림,"서울특별시 서초구 반포대로14길 71, 엘지서초에클라트 2117호(서초동)",23786686.0,,항-19-088 자동면역분석기 시약 등 117종,국군재정관리단
사회공학기법과 사이버 작전과의 연계성 연구,제2307부대,74121605.0,,2023-08-13,주식회사 브이웨이,최철욱,경상현,경기도 광주시 중앙로200-0 (송정동) 203호,,89.883,항공화력유도 시뮬레이션 구축 구매/설치,군
21-해-CCTV 분석시스템 등 7종 구매설치,육군항공학교,,86.191,2019-07-10,중앙대학교 산학협력단,조명지,최진아,"충청북도 청주시 청원구 대성로298-0 (내덕동, 청주대학교)",0.0,89.033,효율적 획득업무 수행을 위한 WBS 표준화 연구,국군재정관리단
부대지휘 설문 제도 개선 연구,공군교육사령부,,,2022-04-20,CAT,주인웅,임창욱,"서울특별시 용산구 청파로349-0 (서계동,보은개발빌딩)",2021529.0,88.801,군 시설물 안전관리분야 매뉴얼 개정 연구용역,중앙행정기관
부대개편이전사업 선행연구(00부대 등 4개 부대),육군인사사령부,71609873.0,89.786,,주식회사 한국사업관리연구원,허정성,이영익,,561652149.0,,(247192-C) 유전자감정장비(자동염기서열분석기) 구매,군
무전기 전면판 회로카드 시험장비 개발 연구용역,제7군단,59018480.0,,2021-08-01,주식회사우정상사,권시형,박수영,경상남도 창원시 마산회원구 양덕북5길97 (양덕동1층상가),3933192.0,97.478,전자기스펙트럼 측정/분석체계 운용방안 연구,제3707부대
22-5차 연구장비 구매 계약 - 원심분리기 소형탁상용,육군 제3808부대,149723043.0,,,(유)목양,권혁웅,변영경,"서울특별시 구로구 디지털로32길30-0 (구로동, 코오롱 디지털타워 빌란트) 1차 1004호",110578228.0,86.047,유도무기 품질인증사격시험 기준 정립 및 절차 연구,제9965부대
4차 산업혁명 주요기술 활용 안전관리 발전방안 연구,육군교육사령부,81253920.0,89.887,2019-07-30,주식회사글로벌엔씨,조희아,이미란,"서울특별시 마포구 마포대로 173, 현대하이엘 816호(공덕동)",13275832.0,88.752,17년 지형분석장비 물품 구매설치,기관
ATCIS 2차 성능개량 0000체계 운용요구서 연구,제2062부대,,90.015,2016-12-08,성도교역,박종재,이재원,경상북도 경주시 동대로 123(석장동),,,전시 비상급수 기준 수립 연구,국군수도병원
항공기 상태기반정비(CBM) 공군 적용방안 연구,국군재정관리단,177245385.0,,,제일공사,이세영,이지원,대전광역시 유성구 대학로291-0 (구성동),,,23-N-금속성분분석기 구매,제1363부대
4차 산업혁명 전장기능별 무기체계 소요 연구 용역,방위사업청,,89.885,,에이치앤주식회사,정연길,주진형,"경기도 수원시 장안구 서부로 2066, 성균관대학교 자연과학캠퍼스 내(천천동)",,,ICBM 기반 통합 시설물관리체계 구축 개념 연구용역,국군수도병원
(22G059-H)'23년 스펙트럼측정 분석장비 유지보수용역,국군화생방방호사령부,84701621.0,89.918,2018-12-14,씨지에스아이티(주),송봉주,김소라,서울특별시 강서구 양천로401-0 (가양동) B-407,142448795.0,,美 안보지원관리교범(SAMM) 최신화 및 번역 연구,제7821부대
정신전력 측정도구 및 지표 개발 연구,합동참모본부,70113221.0,90.15,,주식회사 넷커스터마이즈,정양수,이도제,경상남도 창원시 성산구 창원대로797 (상남동),7103323.0,,한반도 작전환경에 적합한 사단 구조 및 편성 연구,4284부대
18-해군C4I체계 발전을 위한 연구,제2062부대,134656464.0,,2022-02-10,(사)한국무기체계안전협회,유연호,오지수,"서울특별시 동작구 상도로133, 5층 (상도동, 두덕빌딩)",16412920.0,98.191,교육장비(동작분석 측정장치 세트) 구매설치,종합보급창
해병 00부대 재배치 및 신기지 구상 관련 연구,국방부군사편찬연구소,,90.577,2020-03-05,에스앤에스이앤지 주식회사,최원창,박소연,제주특별자치도 제주시 애월읍 광상로26-0,,99.187,무기거래조약에 따른 수출입통제 개선방안 연구,국군제1068부대
미래 안보환경 대비 군사시설 보호업무 발전방향 연구,국방부,161619619.0,,2017-03-14,주식회사 대홍관리,박진호,조윤규,"광주광역시 북구 양일로168-10, 비동 1층(양산동)",100356838.0,89.056,원격제어조립체 개발 연구개발(2019H027-B),제3130부대
군 장병 정신건강 실태조사 연구용역,해군사관학교,58307156.0,89.65,,그린종합사무기,김진욱,이수행,"서울특별시 종로구 우정국로26(공평동, 센트로폴리스빌딩)",0.0,,해병대 역사관 활용 방안 연구,제2군단
정보학교 드론 연구용역,제9691부대,1781843350.0,89.445,,한국환경연구원,최규식,이다인,경상남도 거제시 거제대로3370 (아주동),23269904.0,89.575,ATCIS 개방형 OS 전환 비용대비 효과분석 연구용역,군
병력동원 지정 및 훈련체계 효율화 연구,국군의무사령부,71642879.0,89.958,2023-10-23,법무법인(유한)태평양,이수훈,성진숙,서울특별시 마포구 양화로183-0 (동교동) 효성홍익인간오피스텔 11층 1112호,7681322.0,85.326,분석기(비행조종계통 점검용)외1종 구매(16-38),제3697부대
20~21년 작전지속지원분석모델 유지보수(2019F172-G),국방시설본부,,,,한국무인이동체연구조합,류재산,박소영,서울특별시 구로구 디지털로26길5-0 (구로동) 1404호,,88.867,육군수사단 부대개편 시설사업 선행연구 용역,계룡대근무지원단
24-그린나래호텔 리모델링 계획의 적절성 분석연구,공군본부,176230454.0,,2019-10-07,주식회사 조인트리,김은기,양승국,"인천광역시 연수구 송도미래로30, 이동 1308-1호(송도동, 스마트밸리)",95053129.0,92.617,유류시험장비(가스성분 분석기 등 2종) 구매,합동상호운용성기술센터
23년 전투실험발전 연구용역(1),제3697부대,78853086.0,,2020-06-16,영남대학교산학협력단,김진욱,전세희,"서울특별시 구로구 디지털로31길41, 312-118(구로동)",,89.889,해병대 과학화 전투사격장 구축 연구용역,군
기초비행훈련용헬기 조종계통 시험장비 개발 연구용역,육군교육사령부,1626574218.0,,2019-06-22,주식회사 한컴인스페이스,윤영현,조은미,"대전광역시 유성구 죽동로297번길68 (죽동) CNU프라자  701,702호",,88.873,2018년 서울안보대화 사이버워킹그룹 지원 연구,합동상호운용성기술센터
체계적인 해군 C4I 체계 유지보수 관리방안 연구,육군화학학교,,89.954,,(주)이에이치,장병철,우지민,"대전광역시 유성구 대학로 99(궁동, 충남대학교)",,,의료기재(금연구역 표지판 등 85종)구매,군
첨단과학기술의 군 활용성 제고 발전방안 연구용역,방위사업청(운영지원과),,95.05,,주식회사 화성에어토탈,백다리아,김용희,"경기도 의왕시 오봉산단3로25, 1동 303호(삼동, 의왕테크노파크더리브비즈원)",23967263.0,,신기술 적용을 통한 저장시설 물류향상 연구,군
디지털 증거분석 수사체계 교체사업(20198118-E),제1363부대,58552211.0,100.627,2019-05-16,기관상사,손영일,이경미,경상남도 창원시 진해구 용원동로294-0 (용원동),,96.2,안보학술연구용역(1.국가안보에관한문제에관한이론),중앙행정기관
국산품 우선정책(BKD) 수립을 위한 정책연구,종합보급창,,,2021-08-31,버프프로덕션,김덕화,이경은,경상남도 창원시 마산회원구 삼호로38-0 (양덕동),115474901.0,89.537,자동염기서열 분석기 구매설치,제7821부대
국방분야 신뢰할 수 있는 AI 기반조성 연구,육군대학,70249014.0,,,주식회사 마에스트로네트웍스,김재일,임경선,서울특별시 금천구 벚꽃로298-0 (가산동) 6층 601호,,,대형공격헬기의 효과적인 시설사업 추진방안 연구,군
단기 복무 청년층 장병 진로지원 프로그램 개발 연구,국군복지단,170982936.0,,2019-01-06,한국인성교육연구소 주식회사,정순오,최용찬,경기도 안양시 동안구 흥안대로445(평촌동) 제6층 615호 안양평촌동지식산업센터,112521569.0,,19년 발칸 추적훈련 분석기(제조),제9691부대
신호분석기 1EA,드론작전사령부,65083339.0,89.762,2023-12-20,해동청역사문화연구소,이도형,김성훈,서울특별시 중구 남대문로113-0 (다동) 14층,9177044.0,,모바일기기 증거분석체계 구매(교체) 리스,국군재정관리단
22년 서울안보대화 프로그램 기획 및 발전방향 연구,육군교육사령부,73990715.0,90.118,2021-10-10,주식회사 아이에스오토,서태일,최미락,"서울특별시 영등포구 국회대로70길18,7층 (여의도동, 한양빌딩)",,88.957,20-WMD/화생방 전문인력 관리 및 교육훈련 정립 연구,제9691부대
유도탄 검사장비(00체계 가스분석기) 정비,제3707부대,157277499.0,90.04,,한국재료연구원,유완종,안상희,대전광역시 유성구 테크노3로65-0 (관평동) 한산에스메카 333호,78101770.0,87.393,지형분석용 드론 제조,군
군 범죄피해자 보호·지원을 위한 정책 연구,제9227부대,56205985.0,90.188,2021-07-24,한스메디칼,맹주수,이경생,"서울특별시 용산구 청파로47길 100, 숙명여자대학교내(청파동2가)",382828105.0,89.36,잠수함용 부유식기만기 경미한 성능개량 선행연구,국군재정관리단
위성 무기체계 시험평가 제도개선에 관한 연구,국방대학교,1755213648.0,90.083,,주식회사 모렌스,정순애,최재영,대전광역시 유성구 대학로291-0 (구성동),2431329.0,,수동음파탐지부표 연구개발 용역(21H085-I),국군제1068부대
19-운용함정 소음 진동 성능점검 기술연구 용역,국군수도병원,57016143.0,,2022-05-30,(재)서해환경과학연구소,박래호,이동화,"대전광역시 유성구 대학로 27, 현대리조텔 2층(봉명동)",101159547.0,89.416,빅데이터 분석체계 구축사업 감리 용역,합동참모본부
동편활주로 재포장사업 선행연구 용역,제2307부대,174605435.0,90.009,2016-07-18,직업교육정책연구소,서영우,김현덕,"서울특별시 송파구 법원로11길25-0, A동 1310호(문정동, 에이치비즈니스파크)",,,자동전사시스템 연구 용역,제2307부대
[24-육-91] 무건리 훈련장 갈등 비용분석 연구,국군의무사령부,179483521.0,,,이성 주식회사,김봉현,신종현,"서울특별시 종로구 자하문로24길58, 1,2층(효자동)",88196789.0,93.454,21년 공군 자동면역분석기 시약 등 163종 구매,4284부대
전투복 위장무늬  디자인 및 적용소재 연구용역,국방전산정보원,55372589.0,,2017-05-13,군인공제회,권택조,박종완,"서울특별시 용산구 한강대로62길41, 3층 (한강로1가)",22970300.0,89.788,19-적정 승조원 소요인원 정량화 방안 연구,군
마린온기체 수명관리 및 창정비소요비용 타당성 연구,육군교육사령부,72625203.0,100.133,2020-07-13,사단법인 한국융합안보연구원(Korea Convergence Security Institute),최원창,장중원,"서울특별시 종로구 홍지문2길20-0 (홍지동, 상명대학교)",10992680.0,89.85,CCTV 효율적 관리 및 AI분야 군 적용방안 연구,중앙행정기관
비용분석용 상용SW(TruePlanning) 구매,육군인사사령부,157148718.0,90.363,2020-06-21,주식회사 넥스트아이앤아이,배종환,신호철,경상남도 창원시 진해구 용원동로294-0 (용원동),,,군 리더십코칭 프로그램 개발 연구용역,국군재정관리단
전술제대 전투무선체계 발전방안 연구용역,국군복지단,,,,덕산넵코어스 주식회사,조명지,박승호,서울특별시 강남구 논현로136길16 (논현동),,,23-24년 공군 항공무장효과분석모델 통합유지보수,합동참모본부
전술정보통신체계Block-1-① 창정비요소개발 비용분석,합동참모본부,72139942.0,89.365,,문경새재 사과나무,조희아,우수진,"경기도 안산시 상록구 한양대학로55-0 (사동, 한양대학교 안산캠퍼스)",10556618.0,,21년 의무장비(혈액가스분석기 중형) 구매,제3707부대
군 리더십코칭 프로그램 개발 연구용역,공군제7항공통신전대,81225297.0,,2020-06-16,목포해양대학교 산학협력단,김지찬,남궁진,"서울특별시 송파구 법원로11길7, 제11층 제1120호(문정동,문정현대지식산업센터)",27391606.0,88.936,4차 산업혁명 연계 군시설 관리체계 연구 용역,제3훈련비행단
23-2차 의무사 조달 연구장비(분광광도계) 구매 계약,육군대학,,96.837,2021-04-26,주식회사 에이치.티.씨,안동만,서혜진,부산광역시 동구 중앙대로251번길 11(),,88.67,(20F169-A)지형분석장비 교체사업 등 17건 금융리스,중앙행정기관
안보학술연구용역(1.국가안보에관한문제에관한이론),제3707부대,79760344.0,100.927,2020-07-01,에이치앤주식회사,정주영,유형우,"서울특별시 서대문구 신촌로109, 비2호(창천동, 신촌르메이에르타운5)",0.0,86.022,21-해-성분분석기 구매,국군재정관리단
17-방공관제사-102 보급수송과 신호분석기,제2879부대,68238138.0,102.536,2019-01-31,초코인터내셔널 주식회사,이해용,김경호,"대전광역시 유성구 테크노4로17, 디동 202호(관평동,대덕비즈센터)",,97.008,재투자 의무장비 구매(1차) - 요분석기,합동참모본부
20-Lynx 군수지원 여건 고려 적정 수명주기 연구,국군의무사령부,1148003398.0,89.715,2019-08-09,한스메디칼,허준행,송용재,경상북도 구미시 산호대로 56-1(),,,실감형 디지털 정신전력교육 실태 및 개선방안 연구,제5378부대
21-함정 스마트 브릿지 모델 개념 연구,수도방위사령부,68205145.0,89.982,2020-06-11,씨지에스아이티(주),고기종,전형일,경기도 포천시 군내면 유교로163,,,(237472-F) 연구활동 재료 구매,군
해병대 고유 무기체계별 맞춤식 정비개념 연구,국군재정관리단,74133844.0,90.191,2018-10-13,재단법인 에프아이티아이시험연구원,이남택,현민,"서울특별시 종로구 율곡로6길36 (운니동, 오피스텔월드) 1008호",,86.375,19-운용함정 소음 진동 성능점검 기술연구 용역,국군재정관리단
헬기 보조동력장치 시험장비 개발 연구용역,국군간호사관학교,57016335.0,98.93,2024-01-17,세종대학교산학협력단,정희석,권시형,서울특별시 양천구 목동중앙로13나길3,2436451.0,,자동염기서열분석기 정비 및 검교정,제7821부대
2018년 범국민 안보의식조사 연구 용역,국방부 국방정책실,73807600.0,89.468,2018-12-22,케이투웹테크(주),임영갑,김봉환,강원특별자치도 춘천시 충혼길52번길10 (온의동) 드림타워 3층 306-69,11908165.0,88.908,워리어플랫폼 최적화 방안 및 핵심요구능력 연구,중앙행정기관
군수 빅데이터 수집/분석체계 구축 BPR/ISP 감리,국군수도병원,187688058.0,90.39,2020-06-20,에스원세이프,신정희,이재평,강원특별자치도 삼척시 중앙로230-0 (남양동) 3층,,,00기지 환경개선 사업 분석평가 및 선행연구 용역,군
우주안전 발전 생태계(거버넌스) 구축 연구 용역,육군정보학교,,,,사단법인 미래안보산업전략연구원,이홍기,홍주의,서울특별시 강남구 논현로189길6 (압구정동),11833119.0,,항공기 운영이력 빅데이터 수집 및 분석기법 연구,제7군단
미래 전장에서 승리하기 위한 육군전략 발전 연구,공군미사일방어사령부,53234222.0,99.857,,(주)씨엠코리아,김근채,백현정,"경기도 파주시 문산로26번길14-0 (문산읍, 문산호수아파트)",1006205.0,89.538,(22G028-A)생물안전3등급 연구시설 유지보수 용역,제9227부대
열중량분석기 등 1종 구매,제9691부대,,,,씨지에스아이티(주),권시형,정예지,"부산광역시 해운대구 센텀북대로60, 915호",,92.265,(246072-F) 분석기 스펙트럼용 구매,제9691부대
장비 적정수명 결정요인 선정 및 결정방법연구,국방부조사본부,480483329.0,89.328,2019-04-29,사단법인 대한민국해군발전협회,김종수,이경신,"서울특별시 구로구 디지털로31길41-0, 603호, 604호, 605호(구로동, 이앤씨벤처드림타워6차)",110825087.0,89.09,소형무인기의 획득 및 운용을 위한 총수명주기 분석,중앙행정기관
군수송기 활용 산불진화능력확보 필요성 등 연구용역,육군 제3808부대,183546900.0,88.976,2024-02-21,미래상사,송영호,탁승주,"인천광역시 미추홀구 주염로58, 620-1호(주안동, 주안시범공단)",108034300.0,88.902,운용함정 손상대응 훈련 시나리오 연구 용역,대학
민간군사기업(PMC) 등 민간 아웃소싱에 대한 개념연구,합동참모본부,64879616.0,102.15,2019-07-25,재단법인 한국군사문제연구원,이영환,민성현,"서울특별시 구로구 디지털로33길55, 1009호 (구로동, 이앤씨벤처드림타워2차)",,88.856,전탐감시대 감시장비 원격통합감시체계 구축 연구,군
서북도서용 무인항공기 선행연구,육군정보통신학교,160283643.0,89.445,2022-03-03,수안특허법인,김경일,박익수,"충청남도 논산시 대학로 121, 건양대학교 산학협력단(내동)",111331040.0,83.344,군사력건설을위한 미래국방정책 및 합동작전개념연구,중앙행정기관
50년 함건조 사례분석 및 발전방안 정립 연구 용역,제7군단,86999576.0,82.382,,더스테이지,임채익,전형준,경상북도 경주시 동대로 123(석장동),0.0,90.059,(237001-H)스펙트럼 측정/분석장비 노후 교체,군
공군 지능형 스마트비행단 성과분석 및 발전방안 연구,합동상호운용성기술센터,63074983.0,89.731,,주식회사 윈미디텍,강명환,박유정,"경기도 시흥시 서울대학로173(정왕동, 서울대 시흥캠퍼스)",,89.642,21-해-성분분석기 구매,국군재정관리단
수질분석기등 3종,국군제1068부대,70004528.0,,2022-10-08,(주)디에이치기술단,홍양희,이상규,울산광역시 북구 명촌18길8-1 (진장동),18454566.0,,군의 드론봇 전투체계 발전방향 연구 용역,제2307부대
20년 해병대 조직문화 수준진단 표준설계 연구용역,국군의무사령부,1423986116.0,,2017-01-29,인천대학교 산학협력단,최은수,이희석,"경기도 고양시 일산동구 강석로33, (백석동, 대우IAAN) 2층 217호",,89.047,성희롱 등 사건분석을 통한 조직문화 개선방안 연구,군
공대지유도탄 양산 시설사업기본계획 연구용역,방위사업청,85180093.0,,,주식회사 티앤제이커뮤니케이션,백훈,황미영,인천광역시 연수구 원인재로212 (연수동),102233208.0,79.223,사이버 위협수준 평가 신뢰도 향상방안 연구,군
2017년 제3회 국방 분석평가관계관 워크숍 위탁운영,종합보급창,581769568.0,,,럭키상사,이기용,탁승주,"서울특별시 서초구 반포대로14길 71, 엘지서초에클라트 2117호(서초동)",,,인공지능을 적용한 군사드론의 체계 연구,제2879부대
군용차량 운행 안전성 및 안전관리 개선방안 연구,공군군수사령부,,,,사단법인 한국고용복지연금연구원,남상경,,울산광역시 동구 방어진순환도로1000-0(전하동),,,기술인력육성 보조사업자 운영성과평가 및 연구,군
생물안전밀폐실험실(BL3 3등급 연구시설)유지보수용역,제3130부대,,90.604,2017-09-25,한국항공대학교 산학협력단,허준석,김민재,"서울특별시 송파구 법원로11길25-0, A동 1310호(문정동, 에이치비즈니스파크)",107411892.0,89.213,23년 전투실험발전 연구용역(2),4284부대
사회공학기법과 사이버 작전과의 연계성 연구,국군재정관리단,60364142.0,,2021-06-28,하나메디,홍양희,박미영,대전광역시 동구 대학로62-0 (용운동),8115448.0,81.554,21년 정책 연구용역,군
12.7mm 파쇄탄 선행연구 용역,방위사업청,,90.278,,드림인텍(주),이진형,주정만,경기도 의왕시 오봉산단3로25 (삼동) 의왕테크노파크 더리브비즈원 1동1528호,5262664.0,,연구활동 재료(시약 초자)361종 구매(20197096-E),국군재정관리단
철근콘크리트 방폭문 파괴거동분석 및 실증실험 연구,국방통합데이터센터,61035200.0,,2022-11-06,(주)디아이엔티,김규원,이민용,"경기도 고양시 덕양구 원당로135번길52-0 (주교동, 은하아파트) B동 지층 1호실호",110888147.0,89.865,산소분석기 1종,국군재정관리단
함대함유도탄-II 사업분석,육군인사사령부,,89.623,2019-09-23,(주)유로사이언스,임정숙,김수권,충청남도 홍성군 홍북읍 홍예로213-0 (엘에이치스타힐스) 121동 2201호,8070766.0,96.452,(216313-B) 21년 분석실험실 운용장비 구매(리스물건),제7821부대
전자파 분석장치 등 2종 구매,국방부조사본부,,,2022-05-20,(주)한신솔루션,정인영,오순길,서울특별시 강남구 삼성로 438(대치동),,,고속상륙정(LSF-II) Batch-II 사업분석,제9965부대
오일분광분석장비 유지보수,제9691부대,180811256.0,,2017-02-16,한성대학교 산학협력단,신상범,김종호,"대전광역시 서구 둔산대로117번길44-0 (만년동, 엑스포오피스텔619호)",99375595.0,99.141,정보보안장비(사이버보안 위협분석시스템),국군재정관리단
국군교도소 운영 개선방안 연구,육군군수사령부,47295078.0,89.44,,주식회사 코테스,배홍기,박한솔,"경상북도 구미시 대학로 61, 금오공과대학교 산학협력단(양호동)",,,육군 스마트 안전관리 모형개발 연구용역,국군재정관리단
부대재배치 선행연구 용역(2019F065-B),제3170부대,165345266.0,89.258,,영화산업,유인목,장미선,"경상북도 경산시 하양읍 하양로13-13, D1동 4층 406호",,84.713,제주기지 전개잠수함 저주파분석훈련장 구축사업,군
F404 엔진 경향성분석 및 상태진단 프로그램개발 용역,국군수송사령부,1585446537.0,,2018-12-12,(주)싸이버텍,심동석,전용호,경기도 김포시 양촌읍 황금1로89 (학운리2962),108851932.0,89.255,국방 빅데이터 분석 사업 용역,합동상호운용성기술센터
2017년 범국민 안보의식조사 연구용역,해군군수사령부,139904817.0,90.229,2022-10-13,(주)상보기업,이성로,전호영,"광주광역시 북구 양일로168-10, 비동 1층(양산동)",88925033.0,,00지역 실내공기질 개선 연구용역,국군제1068부대
전술정보통신체계(TICN) Block-II 양산사업 비용분석,제7군단,,89.469,,오릭스캐피탈코리아(주),이재평,남해린,"경기도 용인시 기흥구 덕영대로1732-0 (서천동, 경희대학교 국제캠퍼스내)",,,BigData /vc를 활용한 무기체계 효과분석 연구,국군재정관리단
안보학술진흥연구용역(2.국제안보환경또는),공군본부,,90.081,2023-11-27,주식회사 가람메드,신승호,정현석,"경기도 안양시 동안구 귀인로1, 4층 (호계동)",,89.805,21-첨단 수중전력 소요기술 분석 및 적용방안 연구,제6619부대
22-12차 연구장비 구매 계약 - 초저온냉동고,합동참모본부,74061668.0,89.436,2022-09-28,주식회사 광원종합상사,홍영기,유상지,"경기도 고양시 일산동구 백마로223, 431호(장항동, 현대에뜨레보)",,,미 해군 6.25전쟁 분석자료 번역 용역,군
화생방위험예측분석체계 체계개발,합동참모본부,63664316.0,90.289,,(주)론스텍,김석환,박미진,"경상남도 김해시 관동로138, 1404동 301호(관동동, 죽림마을 동원로얄듀크아파트14단지)",6693303.0,89.018,항-16-069 자동면역분석기 시약 등 37종,국군재정관리단
24년 군 양성평등지표 조사 및 분석 연구,제7821부대,53372974.0,84.263,,제이에스전자,박희원,이윤기,부산광역시 동구 중앙대로286번길9-0 (초량동) 306호,100633950.0,97.868,무기거래조약에 따른 수출입통제 개선방안 연구,군
(226220-F)발광분광 분석기 구매,육군인사사령부,,,2022-03-13,주식회사 한국심리평가원,정영욱,이종명,대전광역시 유성구 유성대로1184번길 29(신성동),0.0,89.036,(23G054-H)24~25년 스펙트럼측정분석장비 유지보수,국군제1068부대
땅굴징후지역 지층탐사 정밀분석 용역,제9227부대,,90.321,2017-04-08,주식회사 비씨디이엔씨,문미옥,박유정,"대전광역시 서구 대덕대로249번길30-0, 403호(둔산동, 베스트피엘씨빌딩)",106838605.0,,시뮬레이터 소프트웨어 보안성 시험 방안 연구,군
23년 국방정책토론회 학술연구용역,공군작전사령부,64196783.0,,2022-07-19,디아이에스아이앤씨 주식회사,이희윤,이승원,경상남도 창원시 의창구 팔용로 399(),,,자동염기서열분석기 소모품 구매설치,국군재정관리단
정보학교 드론 연구용역,제3697부대,61167742.0,89.372,2020-05-29,에이치디현대중공업 주식회사,홍순국,김유미,세종특별자치시  반곡동 시청대로370 세종국책연구단지 B동(과학.인프라동) 8-11층,92767707.0,89.119,신 작전수행개념 구현을 위한 교리발전 방안 연구용역,국군수도병원
육군 병영생활관 신축기준 연구용역,제3697부대,169500169.0,,2017-03-17,넥스트에이비,정안수,최재현,"경상남도 창원시 성산구 완암로50-0 (성산동, SK테크노파크) 넥스동 1103호",14066228.0,91.05,정보학교 사이버공간정보 연구용역,중앙행정기관
국방시설분야 4차 산업기술 활용방안 연구용역,제6619부대,,90.003,,케이투웹테크(주),송윤재,노현정,"서울특별시 광진구 광나루로56길63, 지하1층 113호 에스46(구의동)",,89.37,정보분석낭 구성품 구매,국군재정관리단
(227164-C)연구활동 재료(시약) 구매,4284부대,,,2022-04-04,(재)한국해양전략연구소,김원헌,이경신,서울특별시 동대문구 경희대로26-0 (회기동),9782045.0,,(217096-D)자동염기서열 분석기 등 2종 구(납품),중앙행정기관
23-4차 산업혁명 접목 미래함정 발전방향 연구,제3697부대,133042484.0,89.753,,사단법인 고등국방정책연구소,오종한,조윤규,"경기도 고양시 덕양구 삼원로73, 721호(원흥동, 원흥한일윈스타)",,98.307,단기 복무 청년층 장병 진로지원 프로그램 개발 연구,국군재정관리단
포렌식 분석장비 긴급보강 사업,공군제15특수임무비행단,1551835974.0,90.451,2021-06-08,주식회사 릴리스마일,이현미,이진희,경상북도 문경시 문경읍 주흘1길20-0,9586652.0,97.943,국방과학기술기본법 제정을 통한 국방연구개발 혁신,중앙행정기관
스펙트럼용 분석기 구매,제6619부대,,,2024-02-22,(주) 한국능률협회컨설팅,곽새롬,김영우,"대전광역시 유성구 대학로 27, 현대리조텔 2층(봉명동)",,,(237095-C) 연구활동 재료(초자) 구매,합동상호운용성기술센터
국방정보통신망 구축방향 연구 용역,합동상호운용성기술센터,,,,(사)한국무기체계안전협회,기유경,김예슬,경상남도 거제시 거제대로3370 (아주동),120803710.0,89.6,기갑및기계화부대 중대급 교전훈련장비 선행연구 용역,중앙행정기관
선체고정음탐기 선행연구 용역,제20전투비행단,92959320.0,,2022-05-14,엠제이코리아,노영일,김소라,"서울특별시 강남구 테헤란로64길13, 504호 (대치동, 선릉역 풍림아이원레몬)",1098508.0,,(207134-H)국방보안조사 분석시스템 HW구매(리스물건),제9691부대
(226320-B) 지형분석장비 교체(리스물건),국군화생방방호사령부,501473012.0,88.453,2020-07-04,고신대학교 산학협력단,안성일,이한웅,경기도 하남시 미사대로520-0 (덕풍동) 현대지식산업센터 한강미사2차 D동 A430호,80967597.0,,AI기술의 분류체계 및 적용방안에 관한 연구,군
(237472-F) 연구활동 재료 구매,공군작전사령부,184769986.0,,2017-01-12,계명대학교 산학협력단,윤진영,홍성휘,"경기도 고양시 일산동구 백마로223, 431호(장항동, 현대에뜨레보)",10918650.0,96.267,기술인력육성 보조사업자 운영성과평가 및 연구,합동참모본부
지뢰탐지기(PRS-17K) 제어함 정비기술개발 연구용역,국군간호사관학교,,89.746,2020-06-20,주식회사 해피트리,최은수,황병수,"서울특별시 성동구 광나루로130, 907호(성수동1가, 서울숲아이티캐슬)",97846027.0,88.986,유류시험장비(연료성분분석기 등3종)구매(20196115-E),합동참모본부
19년 작전지속지원분석모델 유지보수(2018F124-G),공군작사근무지원단,,,2024-08-04,사단법인 한국아이티법연구원,지용현,이수형,경상남도 창원시 의창구 죽전로68번길29 (팔용동),,99.295,안보학술진흥연구용역(3.국내안보환경분석또는),국군재정관리단
통신중계드론 사업분석,육군정보학교,,100.912,2020-07-05,대양전기공업(주),권준홍,현혜경,"서울특별시 용산구 청파로349-0 (서계동,보은개발빌딩)",11611596.0,,국방정책 연구지원 발전 기획 연구,제3170부대
(237022-H)분석관리체계 노후 교체사업(리스물건),지상작전사령부,,89.576,2020-07-09,한국교통대학교산학협력단,이영환,전동애,"인천광역시 미추홀구 방축로194, D동 207호 2층 1호 (도화동)",,89.111,미래환경 변화에 적합한 인력획득 홍보 발전방안 연구,제5378부대
(20F058-A)소음영양도작성을위한소음측정및분석용역,방위사업청,,90.137,2022-07-17,주식회사 라이언앤코컨설팅,이기성,서준호,전라남도 장성군 남면 나노산단3로21,0.0,,첨단 ICT 적용한 신규 C4I 연구용역,국군대전병원
상륙기동헬기 조종시뮬레이터 선행연구,육군인사사령부,59490618.0,89.611,,(주)윌비소프트,손승우,안은희,"서울특별시 서초구 신반포로303, 101호 (잠원동, 에스엘빌딩)",95041648.0,,무기체계 개발시험평가 역할 재정립에 관한 연구,제9965부대
AI기반 드론봇 네트워크 운용 및 실험설계 연구용역,합동상호운용성기술센터,,,,법무법인(유한)태평양,이도형,이경은,서울특별시 마포구 양화로183-0 (동교동) 효성홍익인간오피스텔 11층 1112호,15073261.0,,18-P3탑재장비PBL적용타당성검증및성과지표개발연구,제2062부대
22-해-금속성분분석기 구매,국방대학교,68471048.0,,2020-06-26,은성세미,박종선,송귀섭,제주특별자치도 제주시 첨단로251 (영평동),,89.368,23년 군 주거시설 개선사업 선행연구 용역,제2군단
16년 작전지속지원분석모델 유지보수 용역,제9691부대,,,2022-04-24,(주)다올씨앤씨,안기수,윤영현,서울특별시 광진구 군자동98 집현관 216,0.0,,18년 해군 전자정보 종합분석체계 개발사업,중앙행정기관
포렌식 분석장비 긴급보강 사업,육군본부,,101.051,2017-09-07,지그인더스트리,이미영,이호준,경기도 남양주시 별내면 용암비루개길140-0,0.0,89.5,연구장비(가스크로마토그래피) 구매 계약,군
국군의학연구소 자동혈구계산기 중형,국방지형정보단,51976911.0,87.975,2017-08-14,사단법인 국방지능정보기술융합협회,서동환,이동화,"서울특별시 구로구 가마산로232 (구로동, 스페스큐브)",93939947.0,,K9자주포 연료펌프 성능개선 시제품 개발 기술 용역,기관
고속전투주정 시설사업기본계획 수립 연구용역,육군교육사령부,54795601.0,,2018-12-29,충남대학교 산학협력단,최규식,김정일,"인천광역시 연수구 송도미래로30, 이동 1308-1호(송도동, 스마트밸리)",,79.597,전자파 분석장치 등 2종 구매,군
2.75인치 유도로켓(비궁) PBL 적용 방안 연구용역,국방대학교,177370732.0,90.212,2024-09-16,해성사,오진성,김해진,"경기도 평택시 평택5로34번길48, 402호(합정동)",92802341.0,89.003,22~23년 공군 전자정보 수집/분석장비 유지보수,중앙행정기관
군 리더십코칭 프로그램 개발 연구용역,해군본부,1510836320.0,89.354,2020-05-27,주식회사 엔에이치,천훈아,이영주,"서울특별시 영등포구 경인로 775, 2동 1202호(문래동3가, BJM)",,88.969,BLT급 쌍방훈련 제병협동훈련장 구축 연구용역,국군복지단
비전통위협 국방대응체제 발전연구,공군본부,,90.01,,(주)한국기술연구소,현수,배미선,인천광역시 미추홀구 인하로100-0 (용현동) 인하공업전문대학,8264037.0,89.885,생화학자동분석기(동물용) 등 3항목 구매(의무),제6619부대
국가 우주개발 정책과 공군의 역할 연구,공군제7항공통신전대,,90.122,2022-05-09,시온하이텍,백영삼,경상현,세종특별자치시  전동면 보평길167-0,99969144.0,80.991,(236199-F) 고분해능 질량분석기 구매,군
용사의 집 운영개념 연구용역,육군종합군수학교,55879281.0,90.264,2019-11-01,주식회사 위우너스,이충근,송귀섭,인천광역시 미추홀구 인하로100-0 (용현동) 인하대학교,91720976.0,,조사분석 라이선스 구매,제9691부대
22-3차 연구장비 구매 계약 - 미생물측정기,육군교육사령부,85024941.0,90.87,2021-03-28,하늘유통,박 동순,이기영,경기도 남양주시 별내면 용암비루개길140-0,8175963.0,89.41,워리어플랫폼 미래단계 추진방향 연구용역,군
레이저 변위센서 활용한 탄약검사 M&S 개발 연구용역,제3훈련비행단,72824484.0,,2023-12-03,(사)21세기군사연구소,김창환,현동재,서울특별시 강동구 양재대로1377 (성내동 삼원빌딩 408호),110521482.0,,20~21년 작전지속지원분석모델 유지보수(2019F172-G),대학
19-00지역 통합분청 신축 선행연구,국방통합데이터센터,68280269.0,89.666,2018-10-03,주식회사 넥스트아이앤아이,김주희,양희성,"서울특별시 마포구 월드컵북로501-0 (상암동, 상암월드컵파크9단지)904동1005호",11678686.0,98.821,비전통위협 국방대응체제 발전연구,제20전투비행단
ATCIS 2차 성능개량 0000체계 운용요구서 연구,국방시설본부,188052538.0,,,부경대학교 산학협력단,백은주,조민구,"서울특별시 종로구 삼봉로81-0 (수송동, 두산위브파빌리온) 1137호",,97.856,선진전투실험 발전현황 및 육군전투실험 향상방안연구,제20전투비행단
23년 육군 장기미래비전 연구용역,제6619부대,,89.82,2022-03-25,한국재료연구원,조성호,권건안,"서울특별시 서대문구 연세로 50, 연세대학교(신촌동)",3400695.0,88.691,국방시설분야 4차 산업기술 활용방안 연구용역,군
22년 분석실험실 상용 SW 구매,제7군단,,,2016-07-07,우석대학교 산학협력단,권혁웅,이광민,인천광역시 미추홀구 인하로100-0 (용현동) 인하공업전문대학,,88.989,한국형전투기를 위한 무장선정 최적화방안 연구용역,제1363부대
자동염기서열분석기 소모품 구매 설치,국방부(운영지원과),66339943.0,,,주식회사 가람메드,정성윤,오진성,"서울특별시 송파구 법원로11길25-0, A동 1310호(문정동, 에이치비즈니스파크)",,88.987,기초비행훈련용헬기 조종계통 시험장비 개발 연구용역,국군복지단
항-16-007 자동면역분석기 시약 등 35종,제9691부대,,89.827,,국방기술품질원,이민수,곽일,"대구광역시 북구 태전로1, 101동 302호 (태전동, 태전역 더 뉴클래스)",91676557.0,99.13,상층대기분석장비(전자모듈 등18종) 구매,제9691부대
다락대훈련장 간이 갈등영향분석 연구용역(C037),방위사업청(운영지원과),185413178.0,90.053,,(주)한일종합상사,이여정,김영원,서울특별시 서초구 남부순환로319길 13(서초동),95302530.0,89.533,22-작전지휘시설 신축 분석평가 및 선행연구 용역,중앙행정기관
국방표준서 제정(4차) 연구,육군교육사령부,68727253.0,,,디엔씨오토메이션,양희성,김창관,,0.0,80.649,저 전송률 보코더 개발 연구용역,제7군단
부대지휘 설문 제도 개선 연구,제9965부대,45490555.0,,2023-12-28,광운대학교산학협력단,정연길,김미희,충청남도 계룡시 금암로26-0 (금암동) 105호,2660691.0,,비전통위협 대비군시설활용및 공용면적 기준 개정연구,중앙행정기관
레이저 변위센서 활용한 탄약검사 M&S 개발 연구용역,국군복지단,59390251.0,90.195,2016-10-11,주식회사 오파스넷,유재수,박종호,서울특별시 마포구 월드컵북로5길59 (서교동),,74.493,0000 수집/분석장비 구매,제9691부대
활주로 피해복구용 골재 품질기준 및 관리방안 연구,제7821부대,74676363.0,,2023-10-24,사단법인 안보경영연구원,맹주수,신종현,경기도 동두천시 벌마들로24-0 (상패동),101208044.0,89.01,00부대 신축 시설사업 선행연구 용역,종합보급창
무기체계 유형별 맞춤형 R&D 수행절차 연구,제9691부대,,89.897,2018-01-08,사단법인 한국갈등학회,김선철,변정옥,대전광역시 유성구 테크노2로187-0 (용산동) 미건테크노월드 2차 B동 217호,104240033.0,96.216,18-효과적인 정보수집함 운용방안 개념연구,제9691부대
백두체계능력보강 2차 시설사업기본계획 연구용역,국군재정관리단,65371090.0,90.222,2024-01-12,에스앤에스이앤지 주식회사,조보근,최정일,"경기도 용인시 처인구 한터로152번길45-0 (고림동, 인정피렌체빌리지1차아파트) 106-505",0.0,96.914,17년 분광분석 폭발물탐지 연구용역,국군대전병원
국방기술조직을 활용한 함정 기술관리 방안 연구 용역,해군군수사령부,76390505.0,90.305,2017-08-15,국립금오공과대학교산학협력단,박래호,이재원,경상남도 함안군 칠북면 삼칠로 1826티엠시 (주),,89.6,차기전술차량 계열화 방안 연구,제2062부대
24년 군 주거시설 개선사업 선행연구(24-GD-51),공군작사근무지원단,55067045.0,101.14,2019-10-01,,이재숙,이은경,경기도 김포시 대곶면 송마로52번길61-66,0.0,88.756,건설현장 안전 관리시스템 구축 연구용역,제9965부대
우수 상용품 시범사용 실태분석 및 개선방안 용역,육군교육사령부,167010021.0,101.135,,조선대학교 산학협력단,김태호,박계향,"서울특별시 금천구 가산디지털1로145,12층 1207호(에이스하이엔드타워3차)",4658450.0,96.142,미래 육군의 우주분야 활용방안 연구 용역,국군재정관리단
24-성남시 고도제한 완화요구 공공갈등 관리방안 연구,공군 제8전투비행단,68242701.0,89.859,,와이에스컴퍼니,강재관,이영섭,충청북도 청주시 흥덕구 옥산면 덕촌삼성골길16,,99.698,안정화 작전을 위한 기반시설 복구부대 운영방안 연구,군
23년 기술연구용역 계약 의뢰(2),국방부(운영지원과),182696285.0,,2019-02-21,(주)데이터클립,김하근,송용재,서울특별시 서초구 사임당로32 (서초동) 재우빌딩 9층,9081358.0,,사이버 기술분석용 라이선스 구매,합동상호운용성기술센터
합동성을 고려한 대전차전력의 적정 소요 연구,제5378부대,81489019.0,90.341,2020-06-11,나우통상,이재평,강민,"서울특별시 강남구 테헤란로131-0 (역삼동, 한국지식재산센터) 3.9층",,88.995,연구소 기술용역 재료비 초자 구매,제7군단
악성코드 정보제공 및 분석 서비스 구매,국군화생방방호사령부,54348163.0,90.082,2019-11-14,(주)다남정보통신,홍종일,김영진,부산광역시 부산진구 동성로20 (전포동),135277.0,,[24-육-84] 탄약부대 경계병력 민간전환 선결 연구,중앙행정기관
(217044-B) 21년 의무장비(요분석기) 구매,육군제8971부대,81091471.0,90.066,2024-04-26,건국대학교 산학협력단,이규철,정중식,경기도 고양시 덕양구 권율대로656-0 (원흥동) 17층 1739호,0.0,85.546,민군복합타운 조성을 위한 제도적 방안 연구,국군재정관리단
21년 공군 항공무장효과분석모델 통합유지보수 용역,제20전투비행단,164973734.0,,,주식회사 휴먼컨설팅앤메니지먼트,엄종만,이정현,서울특별시 강동구 양재대로1377 (성내동 삼원빌딩 408호),,,전시 물자동원 실효성 제고방안 연구,제5019부대
[24-육-17] B군단 부대변천사 연구용역,방위사업청(운영지원과),65642153.0,,,미성종합체육산업 주식회사,김영국,김지영,부산광역시 영도구 해양로385-0 (동삼동),,,군사시설 타운화 개념의 부대 재배치 방안 연구,제9691부대
화기별·탄종별 사격장 안전 기준 정립 연구,국방부(운영지원과),66807111.0,90.221,,재단법인 에프아이티아이시험연구원,서유림,이혜진,"서울특별시 강남구 테헤란로520, 2층(대치동, 삼안빌딩)",,,잠수함용 자기처리장비 시설사업기본계획 연구용역,제7821부대
생화학자동분석기(동물용) 등 3항목 구매(의무),국방대학교,74630421.0,97.776,2019-06-27,(주)렛츠정보통신,이용준,신범수,경기도 김포시 대곶남로501번길36-0 (대곶면),113687505.0,88.971,정밀측정장비(스펙트럼분석기) 구매,합동상호운용성기술센터
재사용 가능한 우주발사체 효용성 연구 용역,공군미사일방어사령부,76278460.0,90.178,2017-05-07,예원,김성찬,이윤정,"경상북도 김천시 혁신6로17 (율곡동, 한국교통안전공단)",,87.51,디지털 증거분석체계 SW 라이선스 갱신,제3707부대
군수품 수송용 드론 선행연구 용역,제3170부대,1364660029.0,,2022-01-30,에스원세이프,정택호,서유림,"서울특별시 송파구 법원로11길25-0, A동 1310호(문정동, 에이치비즈니스파크)",127631225.0,88.07,군수품 수송용 드론 선행연구 용역,제7군단
23년 전투실험발전 연구용역(1),육군교육사령부,,90.209,2022-03-23,광운대학교산학협력단,강연준,이형민,인천광역시 미추홀구 인하로100-0 (용현동) 인하공업전문대학,,88.928,22-수중광통신의 군사적 활용방안 및 운용효과 분석,제5019부대
(247158-F) 스펙트럼 분석기 등 3종 구매,국방부(운영지원과),65155495.0,,2020-07-03,서현회계법인,김종성,서경원,경상북도 문경시 문경읍 주흘1길20-0,0.0,86.965,(20F089-I)소음영향도작성을위한소음측정및분석용역,제2062부대
함정적기전력화를 위한 시운전제도 개선방안 연구,해군교육사령부,74602040.0,,2024-01-10,부경대학교 산학협력단,최용석,노민택,"충청북도 청주시 서원구 수곡로99번길32-2, 101호(수곡동)",,89.256,미래 트랜드 변화와 육군의 대응방향 연구 용역,제2879부대
장보고-III Batch-I 잠수함 저주파분석 훈련장비,국방전산정보원,,,2022-03-24,주식회사 이에이엔테크놀로지,정의붕,곽진,"경기도 성남시 분당구 탄천상로164, A동 2층 247호(구미동, 시그마2오피스텔)",119587424.0,98.641,16년 작전지속지원분석모델 유지보수 용역,군
24년 군 주거시설 개선사업 선행연구(2차)(24-GD-69),공군사관학교,,,2024-02-25,(사)한국산업기술보호협회,김진원,김인해,"경기도 수원시 장안구 서부로 2066, 성균관대학교 자연과학캠퍼스 내(천천동)",1283411.0,98.935,절충교역 제도 선진화 방안 연구,제20전투비행단
열중량분석기 등 1종 구매,국군제1068부대,1356910633.0,89.15,2019-06-11,에스엘(SL)상사,강석균,최성만,"서울특별시 구로구 디지털로288, 18층 1806호(구로동, 대륭포스트타워1차)",104889147.0,97.686,국방시설 전력소비 수용률 기준 연구용역,제2879부대
예비전력 예산  국방예산의 1%달성 방안 연구,국방대학교,,90.435,,(사)한국전략문제연구소,한민구,박문희,"서울특별시 서초구 효령로230-0 (서초동, 승정빌딩)",117403989.0,90.177,17년 지형분석장비 물품 구매설치,제20전투비행단
[24-육-6] M&S 체계구축  활용방안 연구,공군제38전투비행전대,70856853.0,89.422,,숭실대학교 산학협력단,이상진,전승열,"서울특별시 구로구 디지털로32길30-0 (구로동, 코오롱 디지털타워 빌란트) 1차 1004호",,84.556,분석기  스펙트럼용 구매(특무),합동상호운용성기술센터
17년 전투발전 연구용역 과제 세미나 수행 용역,국군제1068부대,67325069.0,94.172,,사단법인 국방지능정보기술융합협회,윤정숙,서은주,"서울특별시 서초구 서초중앙로20길 24, 서종빌딩 4층(서초동)",0.0,,잠수함용 예인정-ll 개념설계 기술지원 연구용역,국군재정관리단
정보분석조용 보관낭 구매,수도기계화보병사단,65794344.0,89.708,2019-03-23,주식회사 에이치앤아이웍스,김규형,이춘근,서울특별시 강남구 선릉로64길6-0 (대치동) 2층,,,연구소 회의실 AV시스템 제조설치 납품,국군재정관리단
23-8차 조달 연구장비(초음파수술기 등 4종) 구매,방위사업청(운영지원과),50368976.0,,2019-03-30,사단법인 한국드론혁신협회(KDIA),금재호,오순길,"서울특별시 구로구 디지털로33길55, 1009호 (구로동, 이앤씨벤처드림타워2차)",,89.487,76mm 함포 약실 정밀검사용 장비개발 연구용역,제7821부대
군대의 가치를 표현할 수 있는 의식과 의례 개념 연구,제9965부대,71404730.0,90.094,2022-07-06,(재)서해환경과학연구소,홍지유,배성권,경상남도 진주시 정촌면 연꽃로141,102906101.0,89.669,공군 전략급 자산 대테러 작전개념 연구용역,국군복지단
공신력 확보를 위한 신규국제표준 적용방안 연구용역,제7821부대,1335507627.0,90.402,2023-10-26,주식회사 이노메디케어,박승우,임혜정,대전광역시 동구 대전로889-4 (삼성동),,,(216162-B)차륜정비장비(분석기  차량엔진용) 구매,국군재정관리단
이동형장거리레이더 시설사업기본계획 연구용역,국군화생방방호사령부,,89.184,,(주) 탑크로스 이앤텍,전옥녀,박점숙,"서울특별시 마포구 마포대로109 (공덕동, 롯데캐슬 프레지던트) 101동 2102호",,100.176,00부대 스마트 자동화 저장창고 신축 비용분석 연구,국군재정관리단
신기술 기반 공군 교육통합플랫폼 구축방안 연구,국군지휘통신사령부,77007648.0,101.301,,주식회사 명품시스템,김하근,이도제,"서울특별시 강남구 테헤란로306, 13층(역삼동, 카이트타워)",,,00군단 0포병단 이전사업 선행연구 용역,제3170부대
시험평가 인프라 구축 확대 및 종합 관리 방안 연구,육군교육사령부,,,,사단법인 대한민국공군발전협회,강현순,왕금분,"경기도 용인시 기흥구 기흥로58-1 (구갈동) 기흥ICT밸리 SK V1, A동 2406호",17460286.0,,연구장비확보(초저온냉동고),군
(227059-E)방탐정확도 정밀분석 시험용 드론 제조,특수전사령부,75989018.0,90.267,,문경새재 사과나무,김대웅,서유림,전라남도 목포시 고하대로719번길 14(연산동),7596334.0,,23년 기술연구용역 계약 의뢰(1),제3707부대
군 사이버훈련장 활용을 통한 사이버전 대응전력 연구,해군작전사령부,,90.041,,유한회사 한빛기업,변중무,유혜련,서울특별시 마포구 도화동51-1 성우빌딩 703호,,78.479,22년 육군 분석평가단 소개영상 제작용역,중앙행정기관
21-해양 기반 우주작전 개념 및 전력발전 방안 연구,합동군사대학교,74513355.0,,2022-11-23,재단법인 한국군사문제연구원,민희숙,김덕호,충청남도 홍성군 홍북읍 홍예로213-0 (엘에이치스타힐스) 121동 2201호,,89.472,22년 서울안보대화 프로그램 기획 및 발전방향 연구,국군재정관리단
군수품 수송용 드론 선행연구 용역,제5019부대,173999680.0,,2022-03-02,주식회사 녹십자이엠,김명운,장명훈,"서울특별시 용산구 이태원로 29, 전쟁기념관 4층(용산동1가)",8908199.0,90.391,군 자동소음측정망 설치기준 및 운영방안 연구,군
동원위주 부대 기계화 장비 개편시 효율성 분석 연구,국방부군사편찬연구소,65860025.0,,,건국대학교 산학협력단,오중산,김영숙,"서울특별시 은평구 진흥로 225,(불광동)",96291448.0,90.391,병리장비소모품(생화학 자동 분석기 등 84종) 구매,제3130부대
지휘헬기-II 기종결정 평가방안에 관한 정책연구용역,제20전투비행단,,101.871,,대진대학교 산학협력단,박홍련,남혜정,"경기도 의왕시 오봉산단3로25, 1동 303호(삼동, 의왕테크노파크더리브비즈원)",0.0,,자동 00분석 지원체계 구축(20197115-H),국군대전병원
체계적인 해군 C4I 체계 유지보수 관리방안 연구,국방부군사편찬연구소,138480032.0,89.764,,넥스케이드,박수연,장명훈,서울특별시 중구 필동로1길30(필동3가) 동국대학교,,,항공관제 분석체계(HW SW) 유지보수,군
월책 차단을 위한 혁신적 GOP 경계 플랫폼 연구,방위사업청(운영지원과),,90.258,,(사)한국무기체계안전협회,신희준,최영상,"전라남도 장성군 황룡면 강변로452-16, 3층 302호",109363127.0,91.698,해병대 고유 무기체계별 맞춤식 정비개념 연구,4284부대
소형무장헬기 양산 시설사업기본계획 연구용역,4284부대,609248740.0,100.256,2024-04-22,에이치디현대중공업 주식회사,최계영,변현호,"전라북도 군산시 임피면 호원대3길 64,",,85.112,예비군법 개정방안 연구,합동참모본부
[상층대기분석장비 부품] 위상 변위기 등 12종,4284부대,,90.025,2023-03-28,주식회사 대한,이종명,정현승,경상북도 경산시 서상길85-0 (서상동),,96.503,음성분석기 구매,중앙행정기관
경어뢰 성능개량사업 전문용역 비용분석,제3130부대,,89.759,2022-06-07,(주)엔코라인,유관우,이정화,대전광역시 유성구 노은로170-0 (지족동) 스타시티빌딩 6층,0.0,89.104,민사분야 연구용역(2-2),군
국방 안전사고 조사 표준 매뉴얼 마련을위한연구,육군항공학교,172849357.0,,2022-09-30,중앙기획,문미옥,석재민,"대전광역시 서구 도산로485-0, 4층 (탄방동)",81338226.0,89.06,[24-육-173] 영상분석 SW 라이선스 구매(리스물건),제5738부대
국방통합 온라인 공개강좌(M-MOOC) 설계 방안 연구,방위사업청(운영지원과),141290712.0,,,(주)에프오알엠도시건축공간연구소,최원창,노은희,"경상북도 포항시 남구 청암로77 (효자동, 포스텍)",564167.0,86.428,2.75인치 유도로켓(비궁) PBL 적용 방안 연구용역,기관
국방 클라우드 컴퓨팅 운영환경 구축방안 연구,제2군단,,,2022-03-27,하나메디,신철호,박영희,"서울특별시 강남구 논현로101길8, 2층 (역삼동, 형정빌딩)",,,국방해킹범죄수사센터 상황분석 시스템 구축,기관
17년 사이버 침해사고 조사/분석체계 도입사업,국방부(운영지원과),63308897.0,,2018-12-13,주식회사 가람메드,이규철,김정은,"서울특별시 성북구 화랑로76, 제3층 307호(하월곡동,코업스타클래스)",9168946.0,88.466,함정사업 적정 사업기간 연구,국군재정관리단
18-해군C4I체계 발전을 위한 연구,육군본부,,,2024-09-07,주식회사 지니클라우드,김재영,최용찬,"경상남도 창원시 마산회원구 내서읍 중리공단로65-0 경남테크노파크 자동차로봇센터 메카공장동 1-1, 204, 205호",16524289.0,89.322,생화학자동 분석기 구매(20199034-D),국군재정관리단
항공기 운영이력 빅데이터 수집 및 분석기법 연구,제2군단,,99.718,2017-02-15,(사)한국무기체계안전협회,권태순,유근영,서울특별시 광진구 군자동98 집현관 216,,88.647,민간인 지뢰제거 방안 연구,4284부대
집중정신전력교육 프로그램 개발 연구용역,국군의무사령부,,,2019-04-26,(주)액티브솔루션,손창호,변정옥,"서울특별시 금천구 가산디지털1로119-0 (가산동, SK트윈테크타워, a동 10층 6호)",0.0,,(236043-G) 23년 모바일·IoT 조사분석체계 도입사업,기관
해병대 정체성 향상 프로그램 교육체계 설계 연구,국방부(운영지원과),75017238.0,90.513,2020-07-07,MK메디칼,정재관,김성연,"경기도 성남시 분당구 탄천상로164, A동 2층 247호(구미동, 시그마2오피스텔)",,,통신가설차 경미한 성능개량 사업분석,제5738부대
“제○○○특공여단 부대사” 연구 용역,공군사관학교,,89.952,,주식회사 이에이엔테크놀로지,김선철,방은옥,"서울특별시 용산구 이태원로 29, 전쟁기념관 4층(용산동1가)",0.0,92.352,4차 산업혁명과 연계한 미래 물자동원방안 연구,국군대전병원
23년 육군 장기미래비전 연구용역,공군작사근무지원단,,89.464,2024-03-14,도원정보시스템 주식회사,이운학,김현숙,대전광역시 서구 도산로403번길21 전자타운419호,105697709.0,,K21장갑차 조종수카메라 정비기술개발 연구용역,4284부대
표적획득 및 사격지휘체계 발전에 따른 포병효과 분석,해군교육사령부,156273049.0,89.862,2016-12-01,(주)제트코,허건영,권수민,충청북도 청주시 청원구 율봉로159번길73-1 (율량동),5139906.0,89.301,22-11차 연구장비 구매 계약  - 의약품 냉동고(수정),제5378부대
장비 적정수명 결정요인 선정 및 결정방법연구,육군교육사령부,172482052.0,100.538,2024-06-18,엠에스동민특수가스(주),허성일,김영애,"서울특별시 강남구 봉은사로129-0 (논현동, 거평타운오피스텔) 1126호",0.0,,LVC체계와 훈련모델 방안 연구용역,제2879부대
계약 전 손실 보전제도(가칭) 도입 관련 연구,제1363부대,,90.039,,(주)두두아이티,남궁복자,정성채,서울특별시 강서구 마곡중앙5로1길20 (마곡동) 520호,,,장거리공대지유도탄 2차 사업분석,중앙행정기관
비상근예비군 확대 및 훈련체계 정립 연구 용역,국군의무사령부,180224514.0,90.161,2016-10-29,주식회사 에스에이텍,도정화,정새롬,대전광역시 유성구 테크노2로271-0 (탑립동),93397895.0,82.675,지상무인차량사업 종합평가 추진 시 평가방안 연구,합동참모본부
해상작전 위성통신체계 성능개량 선행연구,국방시설본부,166280914.0,89.418,2020-06-25,주식회사 에이치투엘테크놀로지,임채익,김선형,서울특별시 마포구 월드컵북로5길59 (서교동),11375193.0,,(227013-D)이동식 취약점 분석평가 체계 구축사업,군
원자력함정 운용시 지원시설  국내법규 등 연구 용역,국방부(운영지원과),,90.133,,대전대학교 산학협력단,전남국,신명화,"서울특별시 동대문구 약령시로9길 79,  135-51,135-60(제기동)",110818121.0,,극지안보환경 변화에 따른 미래 한국해군의 역할 연구,제2062부대
다수 전술데이터링크 운영방안 연구용역,육군본부,60685890.0,,2023-02-05,주식회사 플랜에이디벨롭먼트,김운용,이승기,"경상북도 경산시 대학로13길26, 2203호(정평동, 경산 한서 고층아파트)",0.0,90.259,[24-육-188] 안전문화 수준 측정 Tool 개발 연구,국군의무학교
국내개발 전투기의 진화적 개발전략 적용 연구,제9691부대,,96.31,2019-02-17,호원대학교 산학협력단,최은수,김평희,"서울특별시 강남구 테헤란로309, 1118호 (역삼동, 삼성제일빌딩)",114774124.0,88.994,상호운용성 정보보증 평가기준의 체계별 적용방안연구,제3130부대
국방대학교 안보현안분석 등 2종 인쇄 용역,제9691부대,68518865.0,,,사단법인 미래안보산업전략연구원,석수진,홍명성,"서울특별시 용산구 청파로47길 100, 숙명여자대학교내(청파동2가)",4676160.0,98.369,2019년 의무장비(자동분석기 생화학용 대형) 구매,군
(20F089-I)소음영향도작성을위한소음측정및분석용역,해군작전사령부,,,2023-11-15,주식회사 에스에이컨설팅,이도형,장우진,광주광역시 서구 상무대로956번길25-0 (쌍촌동),2364232.0,89.594,북한의 기뢰전 전술 분석 및 대응책 연구,제3훈련비행단
함정 건조사업 추진단계 효율성 향상방안 연구,국군재정관리단,176920159.0,,2018-09-29,국방기술품질원,한영수,원미정,서울특별시 금천구 가산디지털2로123-0 (가산동) 월드메르디앙벤처센터 2차 317호,,99.166,민관군 상생을 위한 다락대훈련장 운영방안 연구용역,기관
23년 비용분석모델(True Planning) SW유지보수 용역,방위사업청(운영지원과),1502572183.0,98.928,2022-01-14,경희대학교산학협력단,김형철,이태영,"서울특별시 강북구 솔매로49길 60, 서울사이버대학교내(미아동 193-15번지)",0.0,,땅굴징후지역 지층탐사 정밀분석 용역,군
무기체계별 적정 수명주기 및 도태 후 활용방안 연구,제5군단사령부,162158824.0,,2017-04-24,유한회사 행정과 소통연구소,이성로,공현철,서울특별시 금천구 디지털로130-0 남성프라자 9층 912호  (가산동),0.0,89.659,2.75인치 유도로켓 창정비 개발 사업추진 연구용역,국군수도병원
00 0000 분석체계 구축,육군교육사령부,62071137.0,89.915,2023-11-11,주식회사 파이안,김한욱,백도현,"서울특별시 서대문구 경기대로47, 307호(충정로2가)",,,국방연구개발사업의 성과조사.분석 연구,제5378부대
인사교육장교 경력관리 개선을 위한 연구용역,육군제8971부대,,99.447,,(재)한국산업개발연구원,정주교,이정원,전라북도 정읍시 북면공단2길87(북면),0.0,,화생방 연구 재료 초자 구매,제2879부대
00학교 종합정보체계 고도화사업 개념연구,제3697부대,,89.9,2022-06-26,주식회사 코테스,남궁복자,김연수,"서울특별시 중구 소공로70-0 , 9층(충무로1가, 포스트타워)",0.0,,통신가설차 경미한 성능개량 사업분석,국군재정관리단
함탑재정찰용 무인항공기 사업분석,국군의무사령부,167351539.0,,2022-05-11,대륙씨엠아이 주식회사,김세종,정아름,"경기도 성남시 수정구 청계산로686 (고등동), 반도아이비밸리 424호",,,군사사연구총서 제6집 6.25관련주제 연구용역 (과제1),제5378부대
전자파 측정/분석을 위한 송신장치 개발용역,국군의무사령부,48893712.0,89.846,2023-04-21,경희대학교산학협력단,이양희,김종훈,"인천광역시 서구 건지로404, 207동 1501호(가좌동, 가좌한신휴플러스아파트)",0.0,,유·무인 복합체계 발전방안 연구,군
민간우수체계기반 전평시 민군 수송물류업무 협력연구,국방부(운영지원과),74262930.0,89.464,,우석대학교 산학협력단,조은미,이한웅,"경상남도 창원시 진해구 용원북로17번길15-0 (용원동, 가온빌 101호)",,,[24-육-129] 예비전력발전세미나 주제 연구(Ⅱ),제7군단
복합형 회전익기 통합 설계/해석 M&S 연구용역,국방부조사본부,171329246.0,,2017-01-31,(주)지올코리아,이해용,고미희,"서울특별시 동대문구 약령시로9길 79,  135-51,135-60(제기동)",12330917.0,89.176,KF-16 AIFF 점검 및 교환 기술 개발 연구 용역,제5738부대
(236035-G) 23년 네트워크위협분석체계(NTAS) 구축,국군간호사관학교,153245845.0,90.001,2016-04-28,엠제이코리아,김윤혁,김미희,"대전광역시 서구 도산로485-0, 4층 (탄방동)",37726973.0,88.896,신기술·우수제품 지침 및 매뉴얼 개정 연구용역,군
미래 복합전투체계 운용개념/전투실험방법 연구용역,해군군수사령부,179306757.0,,,(주)마린테크인,정순애,최승룡,"서울특별시 강남구 테헤란로440, 서관 3층(대치동, 포스코센터)",,,ATCIS 2차 성능개량 0000체계 운용요구서 연구,국군재정관리단
국방안전관리정보체계 최적 구축방안 연구,국군복지단,64381490.0,,2019-07-29,한국과학기술정보연구원,신종현,박재완,"서울특별시 성동구 광나루로6길35, 202호, 706-2호, 707호 (성수동2가, 우림이비즈센터)",,88.493,23-중북부 물류거점 입지 선정 및 효과 연구,기관
(20F168-I)00부대 부대개편 시설사업 선행연구 용역,국방부(운영지원과),,,2024-06-13,한국애질런트테크놀로지스(주),이재숙,엄영석,"서울특별시 성동구 광나루로6길35, 202호, 706-2호, 707호 (성수동2가, 우림이비즈센터)",102117688.0,,체계적인 해군 C4I 체계 유지보수 관리방안 연구,제5019부대
공군 우주조직 발전방향 연구,공군군수사령부,466585492.0,94.988,2018-10-18,금성,강우철,변현호,"전라남도 무안군 삼향읍 남악3로80,204호(제일프라자)",,87.781,항-20-036 자동면역분석기,제5738부대
미래 지역예비군 최적화 방안 연구 용역,제9691부대,74155635.0,90.316,2019-07-19,진해상사,이승철,김현숙,"서울특별시 성북구 정릉로 77, 국민대학교내(정릉동)",,86.35,지능형 전군 악성코드 수집분석체계 라이선스 구매,국군재정관리단
(227059-E)방탐정확도 정밀분석 시험용 드론 제조,해군군수사령부,162598464.0,,,한국마이크로데이타(주),이윤문,전영은,"전라남도 장성군 황룡면 강변로452-16, 3층 302호",,89.714,항-16-059 062 066 질량분석기 소모품 등 72종,국군재정관리단
00 군공항 설계기본요구조건 작성 연구용역,39정찰비행단,81300770.0,,2021-12-27,(주)나일소프트,김화경,강민식,"전라남도 장성군 황룡면 강변로452-16, 3층 302호",218377.0,,성주기지 주변지역 건강영향 역학조사 연구,종합보급창
RAM업무 고도화를 위한 잠정목표값 설정 연구용역,방위사업청(운영지원과),180723413.0,,2020-06-22,미성종합체육산업 주식회사,박순천,김지원,"서울특별시 성동구 왕십리로 222, 한양대학교 내 한양종합기술연구원 110호(행당동)",112441700.0,96.658,19-AW159 PBL 비용대효과분석 및 성과지표 개발 연구,제2879부대
기술인력육성 보조사업자 운영성과 평가 및 연구,공군 제8전투비행단,,101.017,,한국과학기술원,도정화,진주,"전라북도 군산시 임피면 호원대3길 64,",,,미래 한국군 통합사이버전 수행방안 연구,중앙행정기관
의무장비(생화학자동분석기 등 2종) 구매(17-207),제7016부대,169836888.0,89.599,2022-07-12,(주)레오이노비젼,안병호,민정화,서울특별시 서초구 양재동언남 18길3 (양재동  2층),,89.57,항공우주력 건설 전투발전전략 연구용역,제3170부대
화생방정찰차-II(차량형) 시설사업기본계획 연구용역,제7821부대,75792948.0,90.037,2020-06-21,주식회사 웨더링크,두인환,이성로,경기도 수원시 영통구 법조로25-0 (하동) SK VIEW Lake A동 1612,0.0,,20-지형분석체계 교체(리스물건)(208080-A),제7821부대
인지전 수행을 위한 전력증강 방향 연구,제2307부대,195499816.0,89.582,,사단법인 통일안보전략연구소,민정식,박재경,"서울특별시 영등포구 국회대로70길18,7층 (여의도동, 한양빌딩)",12865705.0,95.908,18-오일 오염도 분석기 구매,군
우주 무기체계의 최적 보험 가입 방안 연구,제5378부대,76516481.0,,2020-07-08,사단법인 대한민국해군발전협회,이숙영,이월단,"경기도 용인시 기흥구 덕영대로1732-0 (서천동, 경희대학교 국제캠퍼스내)",88862565.0,89.521,산소분석기 1종,국군재정관리단
분석기  스펙트럼,제5378부대,77856721.0,,,군수.획득연구소,김상운,남명우,"서울특별시 성동구 아차산로17, 11층(성수동1가, 서울숲엘타워)",12720501.0,,24년 자동염기서열분석기 검교정 등 정비,합동상호운용성기술센터
20-풍력발전시설의 R/D 및 통신전자장비 영향성 분석,특수전사령부,174943233.0,99.717,2019-03-31,사단법인 한국국방발전연구원,조윤규,신범수,"경기도 성남시 중원구 갈마치로302, A동 602호 (상대원동, 우림라이온스밸리5차)",0.0,,CH-47D 후방도어 실린더 정비기술 개발 연구용역,군
취약점 진단분석체계 교체사업(209086-F),합동상호운용성기술센터,,,2024-01-21,주식회사 애니캐스팅,이종재,임한영,"강원특별자치도 원주시 천매봉길36-22, 302호(단구동, 백림빌딩)",,,18년 지상군 전시자원소요분석모델 유지보수 용역,제9691부대
20년 수송기술병참선 제원 연구용역,국방부군사편찬연구소,71121734.0,,2017-06-24,사단법인 한국군사시설연구소,성현모,김수영,대전광역시 유성구 유성대로1184번길 29(신성동),,89.088,보령 공군사격장 민관군 상생협력방안 연구용역,제6619부대
20-지형분석체계 교체(리스물건)(208080-A),해군군수사령부,173801483.0,,,주식회사 누리아이코리아,이상민,정광조,"서울특별시 송파구 송파대로24길5-6 (가락동,1층)",111788721.0,83.221,작전환경 변화 및 공군 합동 고려한 포병 발전 연구,제5378부대
23-N-사이버 침해사고 조사/분석체계 구축,공군제10전투비행단,172559972.0,90.168,2022-08-30,건국대학교 산학협력단,임병조,김은영,"경기도 광명시 양지로21-0 (일직동), 제유-플래닛티타워동 1301호(일직동,유-플래닛)",27271675.0,84.105,포항지역 항공기 소음감소 대응방안 연구 용역,중앙행정기관
21-무기체계 수명주기간 부품국산화 발전방안 연구,육군인사사령부,88931458.0,89.623,2023-12-24,제일공사,구칠효,이정희,"대전광역시 유성구 테크노3로65, 5층 538호(관평동, 한신에스메카아파트형공장)",1502497.0,,정밀 측정장비(레벨분석기)구매,국군재정관리단
효율적인 탄약 전력화 방안 연구,지상작전사령부,172838295.0,90.124,,한국생산성본부,최한철,김산회,서울특별시 금천구 가산디지털2로123-0 (가산동) 1010-391호,115137349.0,,통일후육군구조(안)에대한 합참과 육군(안)에대한분석,군
(227258-F)사이버 기술분석용 장비/SW 도입,제5군단사령부,175680126.0,,,윤서상사,유연호,배성권,"서울특별시 금천구 가산디지털1로19, 406호, 407호, 408호, 409호(가산동,대륭테크노타운18차)",17475719.0,82.847,23-N-금속성분분석기 구매,제9691부대
21-해-성분분석기 구매,육군 제3808부대,74684942.0,89.283,,미래상사,오상석,심지민,"경기도 고양시 덕양구 원당로135번길52-0 (주교동, 은하아파트) B동 지층 1호실호",102786035.0,89.155,영상정보에 대한 학습데이터 확보방안 연구,제1363부대
전력지원체계 연구개발 기술수준 조사 및 평가 용역,공군제10전투비행단,,,2017-01-27,주식회사 대경코리아,허준행,이귀숙,"서울특별시 서초구 효령로230-0 (서초동, 승정빌딩)",,88.556,23년 기술연구용역 계약 의뢰(1),국군제1068부대
20-WMD/화생방 전문인력 관리 및 교육훈련 정립 연구,국군제1068부대,,89.559,2019-03-07,주식회사 한국건설경영기술원,채수장,박희원,서울특별시 영등포구 영등포로35길10-0 (영등포동6가) 8층 809호,,90.058,전쟁양상을 고려한 전사자 관리의 분석 및 발전 연구,제3170부대
접적해역 상시정찰용 UAV 선행연구용역,국방통합데이터센터,44816754.0,,2024-03-27,에이치앤주식회사,안병선,안희철,부산광역시 강서구 녹산산업중로62-6 (송정동),161515422.0,89.21,소화기 소음기 선행연구 용역,제1363부대
지상작전과 연계한 사이버전 수행방안 연구,국군대전병원,54150851.0,90.096,,(주)론스텍,최치원,방윤지,"경기도 하남시 미사대로550, 4층 43호(덕풍동, 현대지식산업센터 한강미사)",0.0,,연구용역(방공포병 준.부사관 특기체계개선방안 연구),중앙행정기관
방산 부품산업 발전을 위한 지원체계 구축방안 연구,국방부(운영지원과),,100.081,2017-01-02,우영상사,김정희,노우현,"서울특별시 금천구 가산디지털1로146, 705호(가산동, 대륭테크노타운22차)",,95.492,한국형 모듈화 부대구조 필요성과 편성 방안 연구,군
23-6차 조달 연구장비(겔이미지 시스템) 구매 계약,해군본부,188108084.0,,2022-06-26,대양전기공업(주),금재호,이철호,"서울특별시 마포구 마포대로 173, 현대하이엘 816호(공덕동)",,,정밀 측정장비(레벨분석기)구매,제6619부대
민군 상생을 위한 훈련장 최적환 관리방안 연구,육군 제3808부대,153676325.0,,,(주)한신솔루션,권선애,김예나,강원특별자치도 삼척시 중앙로230-0 (남양동) 3층,3380367.0,,계약 전 손실 보전제도(가칭) 도입 관련 연구,국군재정관리단
국방정보화 법률 개정방안 연구,국군의무사령부,89765787.0,89.708,2021-07-06,(주) 한얼누리,박종선,이혜진,부산광역시 영도구 태종로 233(봉래동5가),10853150.0,,군 복무가치 제고 방안 연구,기관
21-무기체계 수명주기간 부품국산화 발전방안 연구,국방전산정보원,52961903.0,89.469,2020-06-19,에스케이오션플랜트(주),양선원,한경희,"부산광역시 영도구 태종로727(동삼동, 한국해양대학교) 산학허브관 403호",,89.527,분석기 구매,제7군단
정기기초연구과제(1. 한국의외교/안보정책),해군작전사령부,179318499.0,88.086,2020-05-28,유한회사 갈등조정센터,조은미,정봉원,"대전광역시 서구 대덕대로319, 2층 212호(월평동, 우림빌딩)",20330137.0,89.822,국군역사기념관(가칭) 건립사업 선행연구,제9691부대
21-공-신호발생분석기 구매,국군수송사령부,,101.583,,와이파이컴퍼니,이희석,양승국,"경기도 수원시 영통구 광교로105, 607호(이의동, 경기 알앤디비센터)",1895991.0,,조종사 피로도와 안전비행의 역학관계 분석 연구용역,국군의무학교
공군 방공포부대 이전 요구 연구용역,육군 제3808부대,71711774.0,,2019-06-09,주식회사 베테랑콤,성순이,김봉환,서울특별시 영등포구 의사당대로38 (여의도동) 101동 412호,,89.555,KOLAS 인정 기반 구축 연구용역,대학
국방아키텍처 메타모델 표준화 구축 및 활용방안 연구,해군교육사령부,70176094.0,89.741,2019-07-30,사단법인 한국국방발전연구원,김재수,임영갑,서울특별시 영등포구 국제금융로6길33-0 (여의도동),115356215.0,88.766,(236366-F) 네트워크 트래픽 수집 및 분석 장비 구매,군
국방기술조직을 활용한 함정 기술관리 방안 연구 용역,국군의무사령부,,90.032,2018-12-24,대륙씨엠아이 주식회사,권혁웅,이종명,충청북도 충주시 대학로50-0 (대소원면),,99.63,정밀측정장비(레벨분석기) 구매,국군재정관리단
A.I.기반 전평시 동원체제 혁신방안 연구,드론작전사령부,,89.862,2022-10-08,(주)다남정보통신,박현지,윤상석,"서울특별시 영등포구 도림로462, 206호 (문래동3가, 국화상가)",94622878.0,97.53,23년 비용분석모델(True Planning) SW유지보수 용역,제5378부대
120mm 전차포신 약실 검사장비 개발 연구용역,수도기계화보병사단,51687434.0,88.195,2017-03-15,주식회사 애니캐스팅,곽재수,오승환,충청남도 천안시 동남구 풍세로303-0,78775164.0,89.833,조종사 피로도와 안전비행의 역학관계 분석 연구용역,중앙행정기관
한국형 임무형 지휘 정착을 위한 리더십 적용 연구,국방부조사본부,461503919.0,90.229,2016-09-30,법무법인(유한) 대륙아주,고중혁,서경희,"서울특별시 금천구 가산디지털1로145,12층 1207호(에이스하이엔드타워3차)",,88.56,국방 클라우드 컴퓨팅 운영환경 구축방안 연구,제20전투비행단
KUH-1 헬기 견인장치 안전센서 개발 연구용역,국군대전병원,60172434.0,,,주식회사 윈미디텍,유연호,김미희,"충청북도 청주시 서원구 사직대로164번길9, 401(사창동)",,89.153,한국형 방산수출금융지원기준 설정방안 연구,기관
24-항공관제 분석체계 유지보수 용역,국군의무사령부,,81.049,2019-10-18,건국대학교 산학협력단,안병선,배미동,"경기도 성남시 수정구 창업로54, LH기업성장센터 가동 609호",,,『국방표준서 제정』연구,제2879부대
전원품질 분석기 구매,국군수송사령부,183514993.0,90.574,2022-03-11,바다메디칼,이강용,권주희,서울특별시 서초구 서초동1432-13 202,121094602.0,96.98,’22년 전투발전 연구과제 용역(1),기관
24 군의료 특성화 연구(알레르겐 양상 분석),국방대학교,162574977.0,89.734,2022-06-12,(주)에이치제이중공업,전병욱,진주,경기도 김포시 월곶면 김포대로2708-37,21611754.0,100.597,무인항공기 무인비행장치 전문 운용사 자격신설 연구,군
부대활동 유형별 위험성 평가체계 연구용역,드론작전사령부,76189842.0,,,주식회사 동영상사,주양효,엄지성,"서울특별시 송파구 법원로9길26, D동 1104호(문정동, H-비즈니스파크)",114578217.0,89.685,다목적훈련지원정 후속함(양산)사업 비용분석,국군수도병원
11. 국제공동연구(AI기술을적용한...),육군인사사령부,,89.647,2019-08-21,사단법인 한국갈등학회,김문선,김경호,"경기도 부천시 석천로397, 102동 611호(삼정동, 부천테크노파크쌍용3차)",,,국방 안전기준 정립 및 발전방향 연구,제3130부대
’18년 군 책임운영기관 고객만족도조사 연구용역,육군본부,173497281.0,90.085,,에스앤에스이앤지 주식회사,이경미,최승룡,"경기도 시흥시 목감남서로9-19 (조남동),601호 메이저타워",,89.785,우주기상 군 작전 영향 연구 용역,기관
00부대 지하시설 구축방안 연구용역,국군재정관리단,,,2019-04-18,기술표준화연구소,박정기,이상규,"서울특별시 강남구 광평로281, 10층(수서동, 수서오피스빌딩)",,,19년 분석용모델(3종) 유지보수(2018F125-G),기관
기술성숙도평가(TRA) 내실화 방안 연구,공군 제8전투비행단,165875301.0,92.488,,주식회사 도화엔지니어링,신창희,송유근,"경기도 고양시 일산동구 호수로358-39 706호(백석동,동문굿모닝타워1차)",25893853.0,89.372,국방군사시설 방호기준 제·개정 연구용역(21K021-I),중앙행정기관
DIDC 전문인력 강화를 위한 역량 평가모델 연구,국방통합데이터센터,56491178.0,101.839,,태린메디칼 주식회사,김회율,장대호,"부산광역시 해운대구 양운로42번길18, 8층 803호(좌동, 에이원웨이)",,89.895,저피탐 정찰용 무인항공기 개발기술 및 운영개념연구,군
경어뢰 성능개량사업 전문용역 비용분석,국방부조사본부,,89.726,,주식회사 대영퓨처스,정주교,양지혜,서울특별시 관악구 남부순환로1808 (봉천동) 1414호,185695048.0,86.157,기술인력육성 보조사업자 운영성과 평가 및 연구,대학
해병대 정체성 향상 프로그램 개발 연구 용역,제7821부대,71599814.0,90.0,2022-07-24,(재)서해환경과학연구소,최기혁,정민수,"경상북도 포항시 남구 지곡로294-0 , 233동 7층 03호(지곡동, 효자그린아파트)",,,21년 공군 자동면역분석기 시약 등 163종 구매,제5378부대
미래 안보환경 대비 군사시설 보호업무 발전방향 연구,해군본부,67799874.0,89.72,,(주)엔큐컨설팅,배영훈,이효선,부산광역시 사하구 구평로16번길 71(구평동),0.0,89.862,정보분석조용 보관낭 구매,국군제1068부대
초소형 전술위성체계 구축방안 연구,4284부대,,90.103,,소프트플로우 주식회사,박종석,김태형,경기도 평택시 청북면 고렴길181번길 13(),0.0,,정보체계 취약점 진단을 위한 모의환경 구축방안 연구,국군수도병원
화생방 연구활동 재료 시약 구매,국방부조사본부,,89.517,2021-05-15,라이핏사이언스,정평길,임경선,강원특별자치도 춘천시 충혼길52번길10 (온의동) 드림타워 3층 306-69,,,(20G071-H)21년 스펙트럼 측정/분석장비 유지보수용역,국군재정관리단
21-함정 거주구역 개선방안 연구,육군정보통신학교,69294908.0,,2020-05-28,주식회사 바로텍시너지,주인웅,한선여,"서울특별시 광진구 아차산로78길110-0 (광장동, 리버힐오피스텔) 310",,,RAM업무 고도화를 위한 잠정목표값 설정 연구용역,합동참모본부
분석기  스펙트럼용,국군화생방방호사령부,74934223.0,89.914,,고려대학교 의료원 산학협력단,임경진,홍지유,경기도 남양주시 진접읍 양진로816-28,,89.915,T-50 캐노피 고정 구성품 내구성 시험 연구,제2062부대
해상종합전술훈련장 체계구축 사업 개념 연구,방위사업청(운영지원과),64074888.0,90.727,2022-11-26,이성 주식회사,유흥배,강현순,서울특별시 강서구 마곡중앙5로1길20 (마곡동) 520호,5342471.0,,항공통제기 2차 시설사업 기본계획 수립 연구용역,군
22년 병리장비운영소모품(6) 요분석검사 27품목 구매,공군본부,1131219421.0,100.856,2020-05-30,주식회사 한국심리평가원,김대석,최경환,"서울특별시 성북구 안암로145 (안암동5가, 고려대학교)",3197693.0,88.919,24-모바일 증거분석체계 교체사업,중앙행정기관
(20F067-I)소음영향도작성을위한소음측정및분석용역,합동상호운용성기술센터,74165675.0,100.096,2017-03-06,인하공업전문대학 산학협력단,김운용,현수,서울특별시 송파구 새말로8길12-0  문정 건영 103동 801호,2906488.0,,안정화 작전을 위한 기반시설 복구부대 운영방안 연구,제5019부대
(21G085-H)'22년 스펙트럼 측정분석장비 유지보수용역,국군재정관리단,67513346.0,89.808,2018-11-28,(사)한국전략문제연구소,김정윤,이영익,"서울특별시 성동구 성수일로4길25, 16층 (성수동2가, 서울숲코오롱디지털타워 1차)",18799913.0,89.185,공군 정보통신 준·부사관 특기체계 개선방안 연구,합동상호운용성기술센터
23-F-분석기 스펙트럼용 2종 구매(239034-H),국방대학교,59787064.0,,,(주)컴트리,강남기,전옥녀,"서울특별시 강남구 남부순환로365길 5, 중명 213(도곡동)",86971803.0,89.616,(227059-E)방탐정확도 정밀분석 시험용 드론 제조,제6619부대
육군 자살예방교육 프로그램 연구개발,육군공병학교,87077025.0,99.108,2022-08-12,군정비지원센터,윤진영,박은정,"서울특별시 중구 세종대로39, 대한상공회의소 6층(남대문로4가)",,89.508,23-1차 개념설계 기술지원 연구용역,국군의무학교
2017년 범국민 안보의식조사 연구용역,국방부(운영지원과),1603312544.0,90.221,,시온하이텍,임승택,채희연,"서울특별시 용산구 한강대로62길41, 3층 (한강로1가)",9809527.0,88.332,정기기초연구과제연구용역(2.한국의국방/군사전략),제6619부대
다출처 정보화 연구용역,제7군단,,89.804,,경희대학교 산학협력단,한대일,김태욱,"인천광역시 남동구 서창남순환로55, 505동 603호(서창동, 서창센트럴푸르지오)",16723431.0,89.65,차세대 첨단함정 건조가능성 검토 연구용역(III),제3170부대
24년 의무장비(요분석기) 구매,국방부군사편찬연구소,75717362.0,,2016-12-21,노원 상사,김승용,유완종,"서울특별시 영등포구 영등포로150,A동 L152호,1304호~1313호",0.0,89.254,전차와 육군헬기의 혁신적인 운용개념 발전 연구,군
함정 건조사업 추진단계 효율성 향상방안 연구,39정찰비행단,,,2024-01-19,사단법인 한국군사시설연구소,엄종만,김중곤,"경기도 성남시 중원구 광명로94번길14, 지하1층(성남동)",101764108.0,89.326,빅데이터 분석서버 증설 사업(GPU SSD 메모리)-리스,제6619부대
잠수함 지휘통신체계 경미한 성능개량 사업분석,제20전투비행단,54766522.0,90.51,2020-07-28,사단법인 한국교육행정학회,김기순,김태훈,서울특별시 강남구 논현로189길6 (압구정동),,89.2,화생방 연구활동 기술용역 재료 초자 구매,제20전투비행단
해병항공해상운용을위한동원선박운용개념연구용역,공군제18전투비행단,86063291.0,89.279,,(주)아이디어정보기술,김윤영,이민혜,서울특별시 광진구 군자동98 집현관 216,,89.457,급식유통센터 성과분석 및 (경남권)필요성 연구,국군재정관리단
군무원 적정 충원 비율에 관한 연구 용역,국군재정관리단,,,2020-06-23,주식회사 지노스,김한욱,김지은,경상북도 포항시 북구 대해로15-0 (죽도동) 2층,0.0,,국내개발 전투기의 진화적 개발전략 적용 연구,제7016부대
군 급식비의 적정수준에 대한 연구,방위사업청,68130069.0,,2020-06-07,주식회사 타임기술,장철성,장정연,"서울특별시 금천구 디지털로173, 504호(가산동, 엘리시아지식산업센터)",5813530.0,88.851,항공전력 도입을 고려한 효율적 운용방안 연구용역,합동참모본부
KOLAS 인정 기반 구축 연구용역,국군수도병원,,,2019-11-30,한국해양과학기술원,이상민,김경호,"서울특별시 송파구 송파대로24길5-6 (가락동,1층)",,89.273,(21F040-G) 사이버위협분석 개발연구체계 구축 사업,제5378부대
미래 지역예비군 최적화 방안 연구 용역,합동참모본부,,89.752,,주식회사 엔지엠테크,이기성,강윤진,"경기도 성남시 수정구 청계산로686 (고등동), 반도아이비밸리 424호",14747343.0,,18년 수송기술 용역연구,중앙행정기관
지상군 전략 및 작전수행개념 연구,육군대학,,89.406,2020-06-29,주식회사 아이에스오토,김한용,김선철,"서울특별시 구로구 디지털로34길55, 1008호 (구로동, 코오롱싸이언스밸리2차)",,,해무극복용 영상감시체계 선행연구용역,제9965부대
12.정책현안연구(북한의전쟁수행...),해군작전사령부,76130367.0,,2016-10-13,재단법인 한울문화재연구원,NAKAZAWA TAKASHI,김인해,경상남도 창원시 진해구 웅동로162-0,118726739.0,89.03,24년 국방연구개발사업의 성과조사 · 분석 연구 ,국군재정관리단
항공기 운영이력 빅데이터 수집 및 분석기법 연구,국군재정관리단,179250266.0,92.197,,주식회사 리눅스데이타시스템,박광섭,조현선,서울특별시 구로구 신도림로11길9-64 (신도림동),,88.981,23년 기술연구용역 계약 의뢰(1),국군수도병원
항공무기정비분야 안전관리체계 고도화방안 연구용역,공군제18전투비행단,,90.006,,(주)카이엠,탁승주,신종걸,"경기도 고양시 일산동구 고봉로 26-14, 양우로데오랜드 A동 304호(장항동)",0.0,,[24-육-128] 예비전력발전세미나 주제 연구(Ⅰ),중앙행정기관
대포병탐지레이더-Ⅱ 후속군수지원방안 사업분석,연평부대,83412923.0,,2024-02-13,한국교통대학교산학협력단,서은진,안병선,"인천광역시 남동구 서창남순환로190-15 (서창동, 서창퍼스트뷰아파트) 718동 301호",112181162.0,,20~21년 작전지속지원분석모델 유지보수(2019F172-G),군
군사시설부문 온실가스 감축 계획수립 연구,제3훈련비행단,,89.346,2019-09-07,서준코퍼레이션,정태량,조윤교,"서울특별시 성북구 정릉로161 6층(정릉동, 정의관)",113554322.0,88.914,군인ㆍ군무원 수당이력조사 및 유사직종사례 비교연구,제20전투비행단
’18년 군 책임운영기관 고객만족도조사 연구용역,국방부(운영지원과),58752503.0,89.916,2020-07-02,주식회사 나비시스템,한수희,최명진,"서울특별시 강남구 테헤란로309, 1118호 (역삼동, 삼성제일빌딩)",,,LVC체계와 훈련모델 방안 연구용역,제2879부대
최근 전력화 장비·물자 ILS 분석 및 개선방안 연구,육군훈련소,172326024.0,99.422,2019-07-04,주식회사 반석건설엔지니어링,김승준,이수행,서울특별시 동작구 흑석로84 (흑석동),,88.935,국방분야 신뢰할 수 있는 AI 기반조성 연구,기관
지뢰대응법 하위 법령등에 관한 연구,특수전사령부,140830794.0,,2019-07-16,하늘유통,조은미,장소영,경기도 의정부시 녹양로18번길19-11 (가능동) 지층1호,,,소음피해보상금 산정 및 지급철차 연구용역,국군의무학교
ㅇㅇ분석 대응활동장비 구매,공군군수사령부,,89.522,2022-10-01,세영정보통신(주),조경호,원만희,경상남도 함안군 칠북면 삼칠로 1826티엠시 (주),77155646.0,89.356,저고도 공역 통합 관제체계 연동 소요 연구용역,중앙행정기관
열상감시장비 초음파모터 등 3종 정비개발 연구용역,제9691부대,1436634560.0,90.357,2023-10-24,주식회사 길상산업,김용오,최민호,제주특별자치도 제주시 애월읍 광상로26-0,0.0,,민사분야 연구용역(2-1),계룡대근무지원단
22-공-분석기  주파수편이용 구매(229037-F),국군의무학교,79553678.0,94.771,,펭귄 컴퍼니,이광형,고기종,경상북도 포항시 북구 대해로15-0 (죽도동) 2층,88901477.0,89.603,국방우주력 발전을 위한 민·군 기술협력 방안 연구,국군의무학교
인력획득 모집홍보 대상의 성향 분석 연구 용역,방위사업청(운영지원과),76651423.0,89.558,2020-07-03,주식회사 스펙트럼인사이트연구소,윤은희,변정옥,충청북도 괴산군 문무로85-0 중원대학교내 (괴산읍),,89.426,통신전자장비 전계강도 측정분석장비 개발,국군재정관리단
24-3차 조달 연구장비(의약품 냉동고) 구매,제9691부대,170953675.0,,2019-12-06,강원대학교산학협력단,정연길,권시형,"서울특별시 강동구 천중로39길19-9 (천호동, 지원골드아파트) 401호",10486264.0,89.436,군 C4I체계 보호방안 연구 용역,군
(해병)소음측정 및 분석용역,제20전투비행단,65185536.0,90.516,2019-06-08,(사)국방시설연구협회,김혜진,장재필,"경상남도 창원시 진해구 용원남로56번길1, 101 (용원동)",4005510.0,,군 실내공기질 관리 개선방안 연구용역,군
시험평가 인프라 구축 확대 및 종합 관리 방안 연구,연평부대,,89.607,2022-07-31,사단법인한국국가기록연구원,오종한,김산회,대전광역시 유성구 유성대로1184번길 29(신성동),,87.699,20-실전적 시뮬레이터 구축방안 연구,제9227부대
전시자원소요분석모델 장비 교체사업 리스,공군교육사령부,63681628.0,,2022-11-20,주식회사 처음헌법연구소,조완제,이도형,"대전광역시 서구 대덕대로319, 2층 212호(월평동, 우림빌딩)",,89.106,2020년 군 조직의 양성평등 지표 조사 및 분석 연구,제5378부대
국방대학교 조직컨설팅 연구 용역,공군항공안전단,66405722.0,89.764,2024-01-03,(주)켐텍인스,권시형,최광용,경상남도 창원시 의창구 봉강가술로537번길42-0 (대산면),,89.137,군사훈련장 위험성평가제도 정립을 위한 연구,연평부대
19-AW159 PBL 비용대효과분석 및 성과지표 개발 연구,해군군수사령부,76852089.0,87.487,,육아정책연구소,서영우,정진욱,"서울특별시 성동구 성수이로22길37, 803호(성수동2가, 아크밸리)",,81.748,국방 데이터 관리체계 수립 연구,제7군단
우주 무기체계 사업을 위한 계약적 보완 방안 연구,공군본부,60921758.0,89.881,,주식회사 셀젠텍,신희준,박한솔,"서울특별시 구로구 디지털로32길30-0 (구로동, 코오롱 디지털타워 빌란트) 1차 1004호",102535865.0,,지형분석장비 구매설치,군
23년 비용분석모델(True Planning) SW유지보수 용역,국방부 국방정책실,42917977.0,89.882,2024-01-13,미라클,김종규,이미영,"경기도 안양시 동안구 시민대로 266, 평촌샤르망오피스텔 909호(관양동)",,89.623,20-주파수편이용 분석기 구매,제20전투비행단
해성-I 창정비요소개발 사업 비용분석,국방부조사본부,76646282.0,101.101,2020-06-26,주식회사 사이버앤네트워크연구원,고찬갑,신남선,"서울특별시 강남구 봉은사로129-0 (논현동, 거평타운오피스텔) 1126호",11752282.0,98.085,22-해군 전장기능 지능화 추진방안 연구,군
2016년 제2회 국방 분석평가관계관 워크숍 위탁운영,국방부,174236728.0,,2019-05-09,주식회사 청호,김승준,,"서울특별시 금천구 가산디지털1로19, 406호, 407호, 408호, 409호(가산동,대륭테크노타운18차)",,89.183,국군역사기념관(가칭) 건립사업 선행연구,중앙행정기관
00국가 해커추적 및 정보수집방안 연구,육군교육사령부,75510188.0,89.783,2017-09-14,엠에스원디지털 주식회사,김희상,이재광,서울특별시 금천구 디지털로130-0 남성프라자 9층 912호  (가산동),0.0,,’22년 전투발전 연구과제 용역(1),제9691부대
한국형 긴급비행장피해체계 개발 연구 용역,수도방위사령부,57965780.0,89.677,2022-10-31,에스엠트레이딩,봉만수,송귀섭,서울특별시 은평구 서오릉로25길20-4 (구산동) 1층,92604636.0,,박찬극 제독 평전 편찬 연구용역,제3707부대
국방기술조직을 활용한 함정 기술관리 방안 연구 용역,수도방위사령부,,90.007,2018-12-19,드림인텍(주),윤진영,이슬,"서울특별시 송파구 법원로9길26, D동 1104호(문정동, H-비즈니스파크)",8361869.0,89.37,22-3차 연구장비 구매 계약 - 미생물측정기,제20전투비행단
다목적 항무지원정 함형 발전 연구,제9691부대,85153932.0,,2016-06-18,디와이아이앤씨주식회사,박용준,손영옥,"서울특별시 구로구 디지털로32길30-0 (구로동, 코오롱 디지털타워 빌란트) 1차 1004호",20508625.0,88.63,디지털 증거분석체계 라이센스 확보,합동참모본부
해양 유ㆍ무인 복합전투체계에 대한 대응방안 연구,공군제10전투비행단,73092858.0,,2017-03-05,럭키상사,권혁웅,최민정,"부산광역시 연제구 중앙대로1054번길6, 5층 (연산동)",,,군 사이버훈련장 활용을 통한 사이버전 대응전력 연구,국군재정관리단
국방 해양안보정책 연구,드론작전사령부,,88.142,,주식회사  인섹시큐리티,박종석,김재영,경기도 군포시 번영로497(산본동 금화프라자) 502호,,86.068,상호운용성 정보보증 평가기준의 체계별 적용방안연구,기관
디지털 혁신시대 SW개발역량 강화방안 연구용역,공군사관학교,1582280842.0,89.499,2024-01-29,다슬,정중식,이민재,충청북도 청주시 청원구 오창읍 농소길33-56,,,전시 급식지원체계 개선방안 연구,제1363부대
(227163-F)연구활동재료(초자) 구매,국군수송사령부,184503827.0,90.375,2020-07-01,에스엠테크(SM TECH),정순애,이진우,서울특별시 동대문구 장한로27길29 (장안동) 201비호,,89.618,19년 작전지속지원분석모델 유지보수(2018F124-G),군
00작전 효과 및 능력 구축방안 연구 용역,육군본부,160307564.0,88.164,,애니유통,김경일,이영은,서울특별시 마포구 도화동51-1 성우빌딩 703호,579512304.0,90.063,(226362-F)작전지속지원분석모델장비 도입(리스물건),군
해병대 무인항공기 효율적 운용방안 연구,4284부대,160257202.0,92.076,2019-07-10,군정비지원센터,안은희,김선미,대전광역시 동구 대학로62-0 (용운동),0.0,99.774,(227059-E)방탐정확도 정밀분석 시험용 드론 제조,국군수도병원
23-4차 산업혁명 접목 미래함정 발전방향 연구,제1363부대,,90.126,2020-06-26,주식회사 발렌베리,반상우,황병수,대전광역시 유성구 온천로59-0 (봉명동) 905호,89622088.0,89.934,물증류기  분석용 순수제조기 구매 설치,제3707부대
우주기상 영향 연구용역,방위사업청,,,,에스엠테크(SM TECH),권현한,김도경,"경상남도 창원시 성산구 완암로50-0 (성산동, SK테크노파크) 넥스동 1103호",,89.326,금천구 00부대 배치방안 등 연구,계룡대근무지원단
20-S-통합유류고 신축사업 선행연구 용역,국방부(운영지원과),,90.279,2020-03-09,주식회사 셀젠텍,이용호,이선영,경기도 김포시 양촌읍 대곶남로580번길38-0,,89.322,미래 육군 전술감시체계 운영개념 정립 기술연구 용역,제7821부대
(216047-F)모의분석실 전시체계 구매설치,국방부(운영지원과),522019496.0,95.566,2024-07-03,(주)리서치랩,최태묵,장대호,전라북도 전주시 완산구 장승배기로263 (평화동1가),107521170.0,,다도해함 개조 설계 방안 연구,4284부대
무인수상정 탑재운용 군 요구조건 도출 연구용역,해군작전사령부,83501666.0,,2020-06-21,한양대학교 산학협력단,현수,이형걸,부산광역시 강서구 대저중앙로341-0 (대저1동),967966.0,89.838,군사훈련장 위험성평가제도 정립을 위한 연구,제2062부대
운용함정 손상대응 훈련 시나리오 연구 용역,공군제15특수임무비행단,,,,(주)코어시큐리티,김성룡,김수영,"서울특별시 종로구 우정국로26(공평동, 센트로폴리스빌딩)",,88.877,군 급식 민간위탁 시범사업 성과분석 연구,제2307부대
(20G040-H)AI기반 보안사고 탐지분석시스템 ISP사업,4284부대,62820355.0,89.806,2020-06-07,씨지에스아이티(주),허성일,이윤정,전라북도 무주군 무주읍 향학로27-1,,88.7,전술정보통신체계Block-1-① 창정비요소개발 비용분석,기관
사이버전 수행개념 및 절차 연구,국방부조사본부,,90.16,2024-06-14,주식회사 대경코리아,이권민,변정옥,"서울특별시 금천구 디지털로9길68, 제1806호(가산동, 대륭포스트타워5차)",93284735.0,89.277,2019 서울안보대화 프로그램 기획 및 발전방향 연구,제9965부대
국방 안전사고 조사 표준 매뉴얼 마련을위한연구,육군항공학교,65880809.0,89.281,2019-09-06,수테크시스템즈 주식회사,신용인,김시나,"광주광역시 동구 조선대길126(서석동, 조선대학교 내))",,99.612,19-함정 고전압 육전공급설비 적용방안 연구,제3707부대
차륜형장갑차 시설사업 선행연구,국군화생방방호사령부,60367629.0,89.935,2019-05-03,주식회사 플랜에이디벨롭먼트,문미옥,서선숙,서울특별시 금천구 가산디지털2로184-0 (가산동) 112호,90661779.0,89.087,(226320-B) 지형분석장비 교체(리스물건),군
정신전력교육 기본교재 재발간에 따른 사전 연구 용역,합동참모본부,78492320.0,90.161,2020-06-12,(주)케이엔에스,정태량,김영삼,"충청남도 계룡시 서금암3길5, 925호(금암동, 쉐리움오피스텔)",110089069.0,89.025,22-5차 연구장비 구매 계약 - 원심분리기 소형탁상용,제3170부대
17-군 세차 폐수처리시설 운영 개선방안 연구용역,국방부(운영지원과),70754555.0,,2017-01-27,선테크 주식회사,최아진,김상겸,충청남도 홍성군 홍북읍 홍예로213-0 (엘에이치스타힐스) 121동 2201호,,,군 시설물 적정 위장방안 연구 용역,제2307부대
18-함정 자기한계치 기준 설정방안 연구,4284부대,,89.28,,(주)싸이버텍,한수희,한상동,부산광역시 사하구 구평로16번길 71(구평동),19081316.0,89.68,군사학 연구방법론에 대한 연구 용역,합동상호운용성기술센터
공군 이러닝 무선기반체계 고도화 방안 연구 용역,해군교육사령부,,90.032,,(재)한국산업개발연구원,정태윤,김다예,"경기도 안양시 동안구 관평로138번길24-0 106호 (평촌동, 초원아파트 상가동)",,,21 분석기 주파수편이용 1종 구매,국군재정관리단
스마트팩토리 기반 KAAV창정비 공장 연구 용역(1),국방시설본부,,100.583,2024-05-30,주식회사 미주씨앤디,권준홍,이형민,충청남도 아산시 신창면 순천향로22 앙뜨레프레너관 E404호,,89.876,전자전기 확보 및 효율적 운용방안 연구,연평부대
(246072-F) 분석기 스펙트럼용 구매,제5378부대,55900884.0,90.588,,주식회사 단군픽쳐스,박영선,김재필,"서울특별시 관악구 봉천로340-2, 7층(봉천동)",86438860.0,,전원품질 분석기 구매,종합보급창
급식유통센터 성과분석 및 (경남권)필요성 연구,합동참모본부,80206019.0,100.735,2019-07-30,주식회사 윈미디텍,최미옥,이정화,"서울특별시 중랑구 동일로754, 6동 201호(중화동, 우성타운)",0.0,,TAURUS 총수명간 운영방안 연구,제2062부대
ICT 기술 적용한 미래 지휘통신체계구현 가능성 연구,제3훈련비행단,,96.724,2019-08-26,대지이앤씨산업 주식회사,박정기,정양수,"서울특별시 구로구 가마산로232 (구로동, 스페스큐브)",,99.43,00훈련장 이전 연구 용역,군
18-효과적인 정보수집함 운용방안 개념연구,국방부(운영지원과),,,,와이엠,곽민수,이승모,"서울특별시 송파구 법원로11길25-0, A동 1310호(문정동, 에이치비즈니스파크)",,88.956,스펙트럼분석기 2종 구매,합동참모본부
항공용금속재료 가공방법별 기계적물성치측정방안연구,육군본부,177730282.0,90.376,,삼일회계법인,이희석,김경환,"경기도 군포시 고산로148번길17-0, B동 1303호, 1304호, 1305호(당정동, 군포IT밸리)",109738733.0,98.725,20년 전파환경 측정/분석장비 유지보수 용역,국군의무학교
국가 우주개발 정책과 공군의 역할 연구,육군본부,55450911.0,,2024-09-19,에솜 주식회사,박재범,이우학,"서울특별시 영등포구 경인로 775, 2동 1202호(문래동3가, BJM)",179240.0,,23-8차 조달 연구장비(초음파수술기 등 4종) 구매,기관
[연구소] '22-2차 감정재료 구매,국군재정관리단,70945914.0,,,에듀크레아,김주희,박민정,"서울특별시 은평구 진흥로 225,(불광동)",110962443.0,89.312,20-풍력발전시설의 R/D 및 통신전자장비 영향성 분석,군
안보학술진흥연구용역(3.국내안보환경분석또는),공군본부,,90.086,,(주)에스코컨설턴트,송상의,신준호,"경기도 성남시 수정구 금토로80번길11, (금토동, 판교이노베이션랩) 9층 909~911호",98847636.0,,(237001-H)스펙트럼 측정/분석장비 노후 교체,군
19-군 자체 안전보건경영시스템 인증제도 구축 연구,국방부(운영지원과),172088762.0,90.263,2024-02-17,주식회사 시스텍,오종한,이승기,"서울특별시 서초구 강남대로369, 9,10,13,14층(서초동, 디에타워)",800496.0,,행정업무 간소화 개선방안 연구,합동상호운용성기술센터
주요 군사선진국의 공군조직 발전방향 분석,국군재정관리단,81674125.0,,2022-05-31,자주국방네트워크,조화순,박익수,"서울특별시 동작구 상도로133, 5층 (상도동, 두덕빌딩)",,89.54,상비군 수준의 동원위주부대 전력보강 방안 연구,기관
(206199-B)지형분석장비 교체사업(리스물건),지상작전사령부,,100.656,,법무법인(유한)태평양,박정기,임혜정,충청북도 청주시 청원구 율봉로159번길73-1 (율량동),,89.578,공개출처정보(OSINT) 활용 사이버위협 분석방안 연구,국군복지단
자동 00분석 지원체계 구축(20197115-H),제5019부대,63228069.0,,2020-06-30,주식회사 비씨디이엔씨,배영훈,김상도,"경기도 시흥시 희망공원로 92, 시화공단2마 301-3호(정왕동)",8708647.0,,군 모바일 업무혁신 추진방안 연구용역,제3170부대
17년 분광분석 폭발물탐지 연구용역,합동참모본부,54392946.0,,,주식회사 라이언앤코컨설팅,안병선,김용오,"서울특별시 강남구 영동대로511, 16층(무역센터 트레이드 타워)",17494497.0,,K105A1자주포 경미한 성능개량 사업분석,제7016부대
부품정비대대 - 분석기  스펙트럼용 구매,합동군사대학교,69614638.0,90.465,2019-06-12,(재)주택산업연구원,윤훈수,김지훈,"경기도 안양시 만안구 만안로49,1303호(안양동, 호정타워)",0.0,97.215,군사시설부문 온실가스 감축 계획수립 연구,제9691부대
RAM 분석 및 군수지원 분석방법 선진화 연구(1차),공군방공관제사령부,60621941.0,89.738,,주식회사 동영상사,권오형,기유경,강원특별자치도 원주시 신림면 신림황둔로174-0,,,CH/HH-47D 성능개량사업 운용요구서 연구,국군의무학교
항행안전시설 비행점검장비의 군 필요성...연구,4284부대,70536891.0,,2022-04-16,주식회사 공공정책성과평가연구원,김은기,김정옥,경상남도 거제시 거제대로3370 (아주동),0.0,88.891,K10제독차 조종상자 회로카드 정비기술개발 연구용역,제9691부대
21-3차 조달 연구장비 구매 계약 - 제빙기 가루형,해군군수사령부,178589358.0,,2020-06-21,와이엠,권헌영,배종환,서울특별시 광진구 군자동98 집현관 216,109758291.0,89.075,자동처리체계 구축 및 연구용 부품 구매,제9227부대
미래 GOP과학화경계시스템 구축방안에 대한 연구 용역,국방부조사본부,,90.401,2022-08-27,대신정보통신 주식회사,정영주,김상진,서울특별시 마포구 월드컵북로5길59 (서교동),16759757.0,,군수부대 저장시설 기동화 방안 연구용역,제5738부대
[24-육-85] 무기체계별 EMP방호기술 적용방안 연구,국방부(운영지원과),62195345.0,,2024-01-06,노원 상사,박 동순,최미정,"서울특별시 서초구 신반포로303, 101호 (잠원동, 에스엘빌딩)",132571247.0,89.246,정보분석조용 보관낭 구매,군
국방대학교 조직컨설팅 연구 용역,육군인사사령부,56609974.0,100.408,,(주)도전하는사람들,김운용,김유미,"서울특별시 영등포구 양평로149-0, 1106호 (양평동5가)",,88.513,연구소 화생방연구활동 재료비 초자 구매,대학
미래 전장에서 승리하기 위한 육군전략 발전 연구,제5738부대,66242771.0,90.238,,티엠시 주식회사,장철성,강민,서울특별시 성북구 삼선교로16길116-0 (삼선동2가),,,마린온 정비지원체계 방안 연구용역,군
해병대 과학화예비군 훈련장 발전방안 연구 용역,육군본부,,95.659,,사단법인 한국우주과학회,임평산,이지혜,"서울특별시 송파구 석촌호수로138, 202호 (삼전동)",118252520.0,,전술정보통신체계Block-1-① 창정비요소개발 비용분석,제9965부대
00사업 선행연구용역,국방대학교,167466580.0,,,(주)디에이치기술단,박 동순,유보라,"서울특별시 서초구 강남대로6길11 선우빌딩 4,5층 (양재동)",88548258.0,,조종사 피로도와 안전비행의 상관관계 분석 연구용역,중앙행정기관
정기기초연구과제연구용역(7.미래안보상황에..),육군훈련소,89837878.0,101.023,,주식회사코드원,주양효,홍성현,경기도 군포시 번영로497(산본동 금화프라자) 502호,104237294.0,85.263,주변국 지상군에 대한 부대 및 전력구조 연구,4284부대
BigData/VC를 활용한 무기체계 효과분석 연구,국방부조사본부,66755114.0,89.663,,유한회사 동방이노베이션,김주희,한영준,"경기도 수원시 영통구 광교로105, 607호(이의동, 경기 알앤디비센터)",0.0,89.081,군의 드론봇 전투체계 발전방향 연구 용역,군
(23F225-I)지형분석 S/W(Arc GIS) 교체사업 금융리스,공군본부,527458158.0,89.574,,주식회사 청호,김영욱,최경환,"서울특별시 서초구 서운로 226, 서초오피스텔 404호(서초동)",110126257.0,89.475,정밀측정장비(제원분석기) 구매,군
2.75인치 유도로켓(비궁) PBL 적용 방안 연구용역,제9691부대,173506517.0,90.352,2024-04-09,주식회사 휴먼씨엔씨,이용호,이선영,울산광역시 남구 갈밭로11-0 (삼산동),24598455.0,89.012,(24F262-A) 방호시설 폭발실증시험 계측 및 분석용역,제20전투비행단
22년 의무장비(요분석기) 구매,제5019부대,72204197.0,89.24,,중원대학교 산학협력단,조보근,김동신,"서울특별시 용산구 한강대로62길41, 3층 (한강로1가)",102294935.0,,정기기초연구과제연구용역(3. 한국군의군수관리...),제9691부대
디지털 증거분석 수사체계 교체사업(20198118-E),국군재정관리단,,90.147,2022-01-04,주앤주,엄영석,김기현,"경기도 용인시 수지구 죽전로 152, 단국대학교내(죽전동)",,90.88,10.군사과학정책연구(인공지능...),국군재정관리단
통신전자장비 전계강도 측정분석장비 개발,육군대학,77443196.0,99.882,,사단법인 한국갈등학회,서태일,윤진영,"경기도 성남시 중원구 광명로94번길14, 지하1층(성남동)",0.0,89.884,국방데이터 품질점검 실증 및 운영방안 연구 사업,제9691부대
K105A1자주포 경미한 성능개량 사업분석,제9965부대,72812382.0,89.65,2022-05-20,희송컴퍼니,정승인,장중원,"전북특별자치도 군산시 임피면 호원대3길 64,",100470011.0,88.748,한국형 군경력 학점전환제 마련에 관한 연구,제3170부대
성능개량 전파분석체계도입사업,국방통합데이터센터,167882637.0,89.587,2022-03-19,미소커뮤니케이션,이정석,권소희,"대전광역시 유성구 테크노4로17, A동 501호 (관평동, 비즈센터)",97404432.0,88.924,국방 데이터 전략연구,국군재정관리단
산업협력 제도 시행을 위한 세부 방안 연구,국방통합데이터센터,64511770.0,89.549,2020-06-20,알앤알컨설팅 주식회사,조화순,이지혜,"서울특별시 강남구 테헤란로520, 2층(대치동, 삼안빌딩)",0.0,88.825,효율적 획득업무 수행을 위한 WBS 표준화 연구,중앙행정기관
비행대대 조종사 적정 편제 및 대체 인력 운영 연구,제5378부대,99361720.0,100.226,,사단법인 엔케이지식인연대,이재평,고상범,서울특별시 서초구 서리풀길4,96510534.0,89.287,디지털 증거분석체계 SW 라이선스 갱신,제6619부대
21-해-성분분석기 구매,공군제38전투비행전대,,89.655,2021-12-04,주식회사 에이티지씨(ATGC),김주형,최은수,서울특별시 관악구 남부순환로1808 (봉천동) 1414호,,,경어뢰 성능개량사업 전문용역 비용분석,합동상호운용성기술센터
항-20-036 자동면역분석기,육군인사사령부,,,2020-06-22,(주)두두아이티,임채익,권경모,경기도 의왕시 오봉산단3로25 (삼동) 의왕테크노파크 더리브비즈원 1동1528호,85330335.0,,22년 기술연구용역 계약(2),제3707부대
무건리훈련장 갈등영향분석 용역,공군 제8전투비행단,80887413.0,89.654,,광운대학교산학협력단,김명운,김평희,"서울특별시 용산구 청파로349-0 (서계동,보은개발빌딩)",0.0,89.177,통신가설차 경미한 성능개량 사업분석,군
궤도장비 난방기 야전 시험장비 개발 연구용역,공군제17전투비행단,68151343.0,89.839,,세영정보통신(주),허준석,이기찬,서울특별시 서초구 서운로1길34-0 (서초동),105452258.0,,열상감시장비 초음파모터 등 3종 정비개발 연구용역,제7821부대
Edu-Tech 교육체계 개발 연구용역,제3170부대,43017764.0,,2016-12-07,주식회사 청호,조인태,김성훈,서울특별시 중구 무교로16(무교동),97706581.0,89.502,차세대 기동헬기 발전방향 연구 용역,제7016부대
무기체계 개발시험평가 역할 재정립에 관한 연구,공군제16전투비행단,,90.231,2019-03-20,주식회사 세일케이엠,유인목,권연주,울산광역시 남구 갈밭로11-0 (삼산동),88179088.0,,2017 서울안보대화 프로그램 기획 및 발전방안 연구,제6619부대
국방획득 유연성제고 위한 선진국 획득사례 연구,국군재정관리단,,89.011,2022-08-15,(주) 솔포스텍,김석철,황병수,"인천광역시 미추홀구 방축로194, D동 207호 2층 1호 (도화동)",0.0,95.801,복합재 내부결함 위험도 평가방법 연구개발,국군재정관리단
전출처 전자정보 통합 및 적위협 가시화 방안연구,공군미사일방어사령부,1257767426.0,90.012,2017-03-24,주식회사 온품,전세희,허지원,"서울특별시 중구 동호로7길41, 2층(신당동)",15029307.0,89.657,연구활동 재료(시약 초자)361종 구매(20197096-E),국군재정관리단
(236367-B)표적분석용 워크스테이션 구매(리스물건),제2307부대,1130232775.0,89.814,,주식회사 한컴인스페이스,이용준,안병선,서울특별시 금천구 가산디지털1로171-0 (가산동) 가산SK V1 센터 1505호,,89.127,시뮬레이터 소프트웨어 보안성 시험 방안 연구,국군재정관리단
제5회 국방 분석평가관계관 워크숍 위탁 운영,제7821부대,1423758617.0,90.407,2022-04-26,한서대학교 산학협력단,오철홍,이월단,충청남도 논산시 양촌면 황산벌로1040,,,국방정보화법 하위법령 개정방안 연구,군
16년 전자파 측정 및 분석장비 개발 용역,국방부,81276607.0,88.518,2022-08-05,(주)한컴네트워크,주인웅,박은정,"서울특별시 영등포구 여의나루로67, 신송빌딩 703호",7974808.0,83.956,24-00부대 전력화 추진방안 정책연구용역,군
국방대학교 안보현안분석 등 2종 인쇄 용역,제2879부대,,90.445,2019-06-02,국방대학교산학협력단,민경찬,김정일,"서울특별시 강남구 테헤란로 142(역삼동, ARC PLACE) 7층",0.0,89.515,차세대 기동헬기 발전방향 연구 용역,군
ㅇㅇ학교 전통 계승 및 발전방안 학술연구용역,국방부(운영지원과),64658788.0,93.728,2019-08-27,한성대학교 산학협력단,김근우,김지나,충청북도 청주시서원구 성화동599번지 3층,87884190.0,88.772,22-12차 연구장비 구매 계약 - 초저온냉동고,중앙행정기관
군사훈련장 위험성평가제도 정립을 위한 연구,국방통합데이터센터,71361907.0,90.681,,주식회사 루키스,양선원,김인해,충청북도 청주시 흥덕구 비하로59-2 (비하동),23690116.0,88.989,디지털 증거분석체계 라이센스 확보,국군재정관리단
정책현안 연구용역(1. 북한의무기체계와..),방위사업청(운영지원과),,90.51,,(주)네오플러스,장수현,박연선,"서울특별시 서초구 강남대로369, 9,10,13,14층(서초동, 디에타워)",0.0,,(227321-C) 네트워크 위협분석시스템 구매(리스물건),군
정책현안 연구용역(2. 두개의 전쟁과 미래전쟁),특수전사령부,74620947.0,89.885,,주식회사 마에스트로네트웍스,장명훈,구종우,전라북도 전주시 완산구 장승배기로263 (평화동1가),,,개전초 동원긴요부대 전시 완정성 보장 방안 연구,중앙행정기관
(20F088-A)소음영향도 작성을위한 소음측정및분석용역,제7군단,174309945.0,,2022-08-31,해양산업드론일자리창출협동조합,성순이,양정승,"경기도 용인시 기흥구 덕영대로1732-0 (서천동, 경희대학교 국제캠퍼스내)",10998753.0,,[연구소] 감정장비(컴퓨터 거짓말 탐지 세트) 구매,군
헬기와 UAV의 통합운용을 위한 비행장 설치방안 연구,합동군사대학교,189182728.0,,2020-05-29,주식회사 현대리서치,정인영,이대영,"경기도 용인시 수지구 죽전로 152, 단국대학교내(죽전동)",,,6.25 전쟁 기간/분야별 전쟁분석자료 번역 용역,중앙행정기관
방위사업청 방산원가구조 개선에 관한 연구,국방대학교,167507634.0,101.865,2022-04-01,한남대학교 산학협력단,조인태,백수정,서울특별시 광진구 군자동98 집현관 216,,89.455,육군 로고를 군수품에 적용하는 방안 연구,군
해양 유ㆍ무인 복합전투체계에 대한 대응방안 연구,제9965부대,160217314.0,89.978,2019-09-12,(주)나일소프트,이관섭,신남선,경상남도 창원시 마산회원구 양덕북5길97 (양덕동1층상가),,90.526,ICT 기술 적용한 미래 지휘통신체계구현 가능성 연구,군
(246326-E) 분석용 고성능 PC등 5품목 (리스자산),육군항공학교,,92.417,2020-07-03,(주)한일종합상사,신훈길,이경은,"서울특별시 강남구 남부순환로365길 5, 중명 213(도곡동)",8264186.0,89.398,KAAV-Ⅱ운용요구서 구체화에 관한 연구용역,제9227부대
추진장약 저장수명 예측 가속노화시험 연구용역,공군사관학교,77282955.0,,2022-03-02,한국직업능력연구원,채수장,민정화,"서울특별시 영등포구 국회대로70길18,7층 (여의도동, 한양빌딩)",,97.984,육군 수질 유지비 현실화 방안 연구용역,합동참모본부
효율적인 유지보수 사업관리 방안 연구,육군교육사령부,,90.062,,네이버시스템 주식회사,이권민,이병택,"서울특별시 마포구 마포대로 173, 현대하이엘 816호(공덕동)",,88.695,20-실전적 시뮬레이터 구축방안 연구,군
휴대용 산소분석기 등 6종 구매,제6619부대,,,2023-01-07,주식회사 에코비투,금재호,이수현,"서울특별시 영등포구 국회대로70길18,7층 (여의도동, 한양빌딩)",,89.077,전술제대 전투무선체계 발전방안 연구용역,계룡대근무지원단
20-WMD/화생방 전문인력 관리 및 교육훈련 정립 연구,제9691부대,,91.116,2020-06-22,(주)오성인피니티,이형화,장현주,경기도 의정부시 경의로70-0 (의정부동) 5층 A628호,90886896.0,,함정추진축계이상소음발생위치추정및원인분석기법연구,국군재정관리단
정보역량 강화 연구용역,육군 제3808부대,59928530.0,90.028,2019-07-06,한국해양대학교산학협력단,김상겸,김종호,충청북도 청주시 서원구 남이면 남석로326,,89.712,CSRP 화생방 연구 재료 초자 구매,제9227부대
2024년 방산물자 현황분석 연구용역,제2307부대,,90.056,2019-05-19,농업회사법인 주식회사 서원당,정병훈,신창희,서울특별시 서대문구 충정로53-0 (충정로2가) 골든타워빌딩 1701호,0.0,89.712,공군 수송기 전력 최적화 방안 연구용역,군
의무장비 구매(자동분석기 생화학용),합동참모본부,86602434.0,88.925,,(사)한국위기관리연구소,박 동순,,부산광역시 동구 중앙대로251번길 11(),1645382.0,88.876,과학화경계시스템 정비지원체계 운영분석 연구용역,제9227부대
16년 정비지원부대 직무값 기반의 직무분석 연구용역,제20전투비행단,176820794.0,89.391,,주식회사 입법정책연구원,임창욱,김경호,"대전광역시 유성구 가정로43-0, 101동 903호 (신성동, 한울아파트)",,89.984,항공우주력 건설 전투발전전략 연구용역,중앙행정기관
00부대 정보체계 취약점 분석 시스템 구매,종합보급창,,97.862,2017-05-26,주식회사 베가스,임근우,이재원,경기도 성남시 수정구 성남대로1342-0 (복정동),27247464.0,88.799,동원전력 내실화 방안 연구용역,제20전투비행단
군 VoiP 교환시스템 통합운용방안 연구 용역,공군제17전투비행단,57754818.0,90.326,,주식회사산엔지니어링,김창환,이정원,서울특별시 금천구 가산디지털2로123-0 (가산동) 월드메르디앙벤처센터 2차 317호,,84.34,분석기  스펙트럼용,연평부대
20~21년 분석용모델(3종) 유지보수 용역(2019F173-C),합동상호운용성기술센터,73960156.0,89.661,2024-03-30,한디자인그룹주식회사,임순옥,정평길,"서울특별시 강남구 테헤란로440, 서관 3층(대치동, 포스코센터)",2803236.0,,주요 군사선진국의 공군조직 발전방향 분석,기관
대류권산란파 장거리통신장비의 군사적활용 검증연구,국군의무사령부,165404668.0,93.2,,(주)하이엠디,한영석,이덕호,"세종특별자치시  조치원읍 번영1길46, 301호, 302호",9912262.0,96.936,다목적훈련지원정 후속함(양산)사업 비용분석,제2307부대
18년 수송기술 용역연구,공군군수사령부,81836093.0,,,주식회사 글로벌메타,황조연,이상규,"서울특별시 마포구 서강로136-0 (노고산동, 아이비타워) 5층",83725558.0,,작전환경고려 전투실험 방법 및 평가 분석방법 연구,군
인공기상조절 연구용역,제2879부대,153181236.0,,2022-02-09,주식회사화인시스텍,김도현,김경호,"경기도 고양시 일산동구 중앙로 1233, 현대타운빌 1305호(장항동)",0.0,89.495,상호운용성 정보보증 평가기준 고도화 방안 연구,제9691부대
미래전장환경을 고려한 화력전력 대체방안 연구용역,종합보급창,183100679.0,90.438,2024-04-12,(주)한신솔루션,박광섭,박수정,"경상북도 경산시 대학로13길26, 2203호(정평동, 경산 한서 고층아파트)",8421993.0,,부대소개영화 제작 용역(연구단),합동상호운용성기술센터
21년 임상의학연구센터 통계프로그램 구매,국군지휘통신사령부,81035023.0,83.556,2019-03-02,(주)에이치엔에스바이오,조혜진,공현철,서울특별시 동대문구 천호대로 157(),,90.148,군사력건설을위한 미래국방정책 및 합동작전개념연구,제9691부대
낙하산전문포장사 자격신설 연구,제7군단,,,2020-05-28,주식회사 청호,류장수,김나영,서울특별시 성북구 삼선교로16길116-0 (삼선동2가),0.0,88.83,17-방공관제사-102 보급수송과 신호분석기,군
부대지휘 설문 제도 개선 연구,방위사업청(운영지원과),85738200.0,99.4,2017-06-06,농업회사법인 주식회사 서원당,윤지성,박승호,"서울특별시 구로구 디지털로243, 705호(구로동, 지하이시티)",97767491.0,88.636,생화학분석기(동물용) 1항목 구매(의무),제9691부대
(21G085-H)'22년 스펙트럼 측정분석장비 유지보수용역,국군의무사령부,177167542.0,,2019-02-12,주식회사남동,김종호,이윤아,강원특별자치도 춘천시 동면 만천로104-1,19257093.0,89.15,강릉병원 기능조정 연구용역,군
수직이륙형UAV 기지건설 가능성에 관한 연구용역,공군본부,48841506.0,89.49,2024-08-31,(사) 한국관세무역개발원,동중영,신정희,"서울특별시 금천구 가산디지털1로1-0 (가산동, 더루벤스밸리) 1208호",5582972.0,98.177,(2)군용비행장 소음측정 및 분석용역,중앙행정기관
밀리토피아 골프연습장 운영에 관한 연구 용역,공군교육사령부,,89.365,2024-03-18,천두기업,남상경,박정자,"서울특별시 송파구 중대로135, 동관 1201호 (가락동, 아이티벤처타워)",28528603.0,89.188,18-P3탑재장비PBL적용타당성검증및성과지표개발연구,합동참모본부
K1계열전차 포탑회로망상자 시험장비 개발 연구용역,국방부유해발굴감식단,,86.644,2019-11-09,에스엠트레이딩,백영삼,권택조,부산광역시 강서구 녹산산업중로62-6 (송정동),111334153.0,,지형분석용 차량(개조) 제조,국군재정관리단
저 전송률 보코더 개발 연구용역,국군지휘통신사령부,87735937.0,,2021-12-18,대전대학교 산학협력단,고기종,유선희,서울특별시 중구 무교로16(무교동),0.0,86.68,군수지원함(AOE-Ⅱ) 2차사업(양산) 비용분석,군
전파환경측정 분석장비 유지보수,육군군수사령부,176892345.0,90.649,,미래상사,김민지,정기쁨,"대전광역시 유성구 한밭대로138 (노은동, 노은노블레스) 201호",18504056.0,87.939,우수인재의 개념과 자격기준 연구용역,중앙행정기관
24-군 상시학습제도 도입 방안 연구 용역,공군제7항공통신전대,,,,주식회사 복은,최기혁,김학균,"경상북도 구미시 1공단로212 (공단동) 제2층 226호(공단동, 한라시그마밸리)",,84.101,전인교육 설문지 개발 및 활용성 증대 방안 연구,군
비행기지 빅데이터 기반 비행안전 관리체계 방안 연구,국방대학교,175189163.0,96.099,,사단법인 대한민국공군발전협회,이정원,양용진,"경기도 남양주시 별내중앙로36-23, 1706호(별내동)",,,23년 성능개량 전파분석체계 도입사업,국군제1068부대
수질분석기등 3종,합동군사대학교,,89.486,2024-01-01,주식회사 지노스,이주열,김지혜,서울특별시 금천구 벚꽃로298-0 (가산동) 6층 601호,97671274.0,,정출연 주관 기술개발사업제도(가칭) 운영방안 연구,제2879부대
군의료 특성화 연구용역(요추유합술 환자만족도 연구),국방부(운영지원과),72591629.0,89.705,,(사)한국전략문제연구소,정진욱,현동재,"서울특별시 성동구 왕십리로 222, 한양대학교 내 한양종합기술연구원 110호(행당동)",,89.578,예비전력발전세미나 주제연구(Ⅱ) 용역,중앙행정기관
스마트 탄약정비공장 구축방안 연구용역,육군보병학교,164008981.0,90.641,,주식회사  인섹시큐리티,이승기,정해붕,대전광역시 대덕구 한밭대로1158-0 (중리동) 707-1,118809285.0,,21-3차 조달 연구장비 구매 계약 - 제빙기 가루형,계룡대근무지원단
00지역 실내공기질 개선 연구용역,제9691부대,67314056.0,90.373,,주식회사 제이에스원,이광형,송유근,세종특별자치시  전동면 보평길167-0,3465367.0,84.646,비전통위협 국방대응체제 발전연구,국군재정관리단
인천지역 도심 친화적 통합 재배치 연구용역2019F009,공군군수사령부,66721341.0,90.622,2019-07-30,(주)렛츠정보통신,김정숙,이지유,강원특별자치도 춘천시 강원대학길1 (효자동),,89.199,공군 M&S 체계 발전방향 연구용역,합동참모본부
19-00지역 통합분청 신축 선행연구,공군제18전투비행단,49469078.0,89.866,2024-03-07,티쓰리큐 주식회사,권오형,전세희,경상남도 창원시 진해구 웅동로162-0,11119674.0,89.145,감염 및 외상분야 군의료 특성화 연구(2차),국군수도병원
23∼27 방위산업발전 기본계획 수립 연구,육군화학학교,61691500.0,,,우주산업플랜트 주식회사,정양호,서경희,대전광역시 유성구 테크노2로187-0 (용산동) 미건테크노월드 2차 B동 217호,13831890.0,,`18년 헌병 디스크 증거분석체계 교체사업,제2군단
빅데이터 분석체계 구축사업 감리 용역,국군의무학교,418252236.0,89.718,2021-05-23,강원대학교산학협력단,박종영,조민구,경상남도 진주시 동진로420 (충무공동),22899484.0,89.334,공군 전장망 소스코드 취약점분석체계 교체사업,계룡대근무지원단
유·무인 복합체계 발전방안 연구,제5군단사령부,,,2019-03-20,주식회사 처음헌법연구소,김동호,유재은,"인천광역시 남동구 서창남순환로190-15 (서창동, 서창퍼스트뷰아파트) 718동 301호",112206337.0,86.307,합동작전분석모델-Ⅱ 탐색개발,제20전투비행단
육군 핵심가치 실천수칙에 관한 연구 용역,국방부(운영지원과),56522884.0,90.109,,해동청역사문화연구소,김주형,김진송,"경상남도 창원시 마산회원구 자유무역3길208, 3층 301호(양덕동,혁신지원센터)",24428998.0,,상륙돌격장갑차 수명유지를 위한 방안 연구용역,제7821부대
군 급식제도의 시스템 개선을 위한 연구,제6619부대,167817500.0,89.414,,영남대학교산학협력단,신범수,윤태훈,서울특별시 구로구 디지털로34길55-0 (구로동),90376081.0,89.898,2019년 의무장비(자동분석기 생화학용 대형) 구매,제9691부대
20-교육훈련 빅데이터 통합관리체계 구축방안 연구,육군본부,,,,사단법인 한국우주과학회,정정모,윤진영,경상남도 함안군 칠북면 삼칠로 1826티엠시 (주),113953467.0,90.248,19년 분석용모델(3종) 유지보수(2018F125-G),제20전투비행단
CSRP 화생방 연구 자료 시약 구매,국군복지단,1540051633.0,89.878,,주식회사 엔미디어솔루션,채수장,서정대,서울특별시 강남구 학동로311(논현동) 타호비지니스센터 203호,7634456.0,89.614,23년 전투실험(연구용역사업),중앙행정기관
군용항공기를 활용한 공중발사체 운영방안 연구,국방부(운영지원과),,90.059,,한국과학기술원,신범수,김원섭,충청북도 청주시 청원구 율봉로159번길73-1 (율량동),232286480.0,99.244,부대개편이전사업 선행연구(00부대 등 4개 부대),제3170부대
민수용 드론의 비행기지 작전지원 활용방안 연구,육군대학,182783875.0,89.578,,주식회사 조인트리,홍헬렌,황예진,대전광역시 서구 계룡로408-0 (갈마동),100544285.0,89.142,19년 지형분석장비 교체사업 리스,제2879부대
중장비 수송차량 이동을 위한 도로능력 검증 연구용역,육군종합군수학교,65461391.0,,2024-02-10,단국대학교 산학협력단,허건영,신남선,"서울특별시 강남구 강남대로62길24-0 (역삼동,해송빌딩)3층",202346158.0,89.189,인공기상조절 연구용역,중앙행정기관
초급간부 복무여건 현상진단 및 개선대책 방안 연구,합동상호운용성기술센터,164710847.0,89.929,,주식회사 맥스바이오텍,김상겸,이해용,"경기도 성남시 분당구 탄천상로164, A동 2층 247호(구미동, 시그마2오피스텔)",,,23-D-디지털컨텐츠 위변조 분석시스템 구매,39정찰비행단
(216047-F)모의분석실 전시체계 구매설치,국방부조사본부,70813128.0,,2019-12-29,아주바이오텍,정재관,장현정,경상남도 진주시 소호로101-0 (충무공동),94098382.0,,AI 적용 무기효과 산출 고도화 연구,합동상호운용성기술센터
우주기상 영향 연구용역,제6619부대,59916514.0,,2019-01-25,(주)리서치랩,남궁복자,전재신,경기도 수원시 영통구 삼성로274 (원천동) 수원팩토리월드 410호,,89.198,23-2차 의무사 조달 연구장비(분광광도계) 구매 계약,종합보급창
항공무기정비분야 안전관리체계 고도화방안 연구용역,공군방공관제사령부,155278359.0,,2017-02-18,금성,김진욱,이수행,"서울특별시 영등포구 의사당대로22, 8층 9층 10층(여의도동, 이룸센터)",0.0,89.346,4차 산업혁명 기술적용 공군훈련체계 발전방향 연구,제9691부대
2017 PACC & PAMS 연구용역,제5738부대,,99.113,,쿤텍 주식회사,서용석,김지혜,"강원특별자치도 원주시 천매봉길36-22, 302호(단구동, 백림빌딩)",98513082.0,,자동화사격장 차단벽구조 구축방안 연구용역,계룡대근무지원단
유도무기 적정 수리부속 보유량 산출 연구 용역,제1363부대,186562134.0,98.364,2020-06-12,주식회사 미주씨앤디,김정옥,이강일,"서울특별시 강서구 공항대로51길17-0 1,2층 (등촌동)",87274007.0,,특수전지원함 등 2종 사업분석,중앙행정기관
미래형 성과기반 군수지원 적용방안 연구,합동군사대학교,175696425.0,89.867,,주식회사 글로벌메타,김진원,이태영,경기도 수원시 영통구 신원로306-0 (원천동) 이노플렉스 1동 1101호,15668280.0,89.374,19-2-00사 터널형 탄약고 신축 타당성 검토 연구 용역,국군재정관리단
23-F-전자정보 수집/분석장비 유지보수,국방부,,,2019-05-15,(주)코어시큐리티,윤동열,이재평,"경기도 안양시 동안구 벌말로126 (관양동)오비즈타워1903호,1904호",,85.521,CH/HH-47D 성능개량사업 운용요구서 연구,국군재정관리단
18-P-3 기체수명연장 필요성 및 수행방안 연구,국방전산정보원,,89.368,,스타일담아,안주섭,신호철,"서울특별시 강남구 테헤란로306, 13층(역삼동, 카이트타워)",289579507.0,98.982,한국형 군경력 학점전환제 마련에 관한 연구,기관
의무장비(생화학자동분석기 등 2종) 구매(17-207),합동상호운용성기술센터,187479725.0,,2021-10-31,아셀플래넷,백은주,김영숙,"강원특별자치도 원주시 문막읍 귀문로1269-16, 1층 우측",21549517.0,,공군합성전장(LVC)훈련체계구축개념구체화방안연구,기관
입체영상 처리 및 분석 SW 유지보수,합동상호운용성기술센터,,,2022-08-21,주식회사 사이버앤네트워크연구원,심동석,노우현,"서울특별시 강남구 역삼로17길57, 그랜드빌딩 B1층 (역삼동)",27126683.0,,공신력 확보를 위한 신규국제표준 적용방안 연구용역,기관
패트리어트 유도탄수명 고려한 효과적 확보 방안 연구,한미연합군사령부,67651765.0,89.964,2017-03-06,법무법인 일현,,전동애,"서울특별시 용산구 한강대로30길25 (한강로2가, 아스테리움 용산) 11층 2호",,88.874,민관군 상생을 위한 다락대훈련장 운영방안 연구용역,제2307부대
항-18-043 자동면역분석기 시약 등,공군제15특수임무비행단,470733070.0,99.856,,주식회사 한국티이에스,남궁진,배미선,"경기도 안양시 만안구 만안로49, 519호(안양동, 호정타워)",,89.107,20-효율적인 성능개량 방안 도출 연구,제5738부대
창조국방 추진을 위한 창의적 문화조성 방안 연구,국군지휘통신사령부,471807802.0,91.733,2018-12-17,(주) 솔포스텍,남상경,박성철,서울특별시 중구 남대문로113-0 (다동) 14층,21175895.0,92.422,23년 기술연구용역 계약 의뢰(4),군
국방시설 전력소비 수용률 기준 연구용역,육군정보학교,163222059.0,90.628,2020-06-27,주식회사 인섹사이버시큐리티,정성문,심유진,"경상남도 창원시 성산구 완암로50-0, 메카동 813호(성산동, SK테크노파크)",7119349.0,,잠수함 훈련장비(저주파분석 등 2종) 유지보수 용역,제3707부대
입체영상 처리 및 분석장비 구매,제2879부대,167618381.0,90.123,2023-09-08,(주)아이엠티,주인웅,정현찬,"서울특별시 동대문구 약령시로9길 79,  135-51,135-60(제기동)",,88.596,공무원 징계와 군 징계의 비교법적 연구,중앙행정기관
분석기  입자크기용 구매,육군공병학교,,,2023-12-10,(주)심네트,김우경,권택조,"경기도 용인시 처인구 명지로 116, 명지대학교(남동)",542375967.0,96.657,23-D-감정장비(면역화학분석기) 구매,합동참모본부
사이버위험평가 방법 및 군 적용방안 연구,육군본부,77432195.0,89.718,2019-05-18,(사)한국무기체계안전협회,강현순,김동준,"서울특별시 강남구 남부순환로365길 5, 중명 213(도곡동)",105746480.0,97.36,CH/HH-47D 성능개량사업 운용요구서 연구,제2879부대
첨단 항공엔진 연구개발 추진방안 연구,육군교육사령부,,90.082,2022-06-09,주식회사 범만테크,서선숙,지용현,"경기도 고양시 덕양구 삼원로73, 721호(원흥동, 원흥한일윈스타)",0.0,,00부대 EMP 보호시설 구축 선행연구 용역,제7군단
해병대 리더십개념 및 리더像 정립 연구용역,해군사관학교,67770808.0,,,도원정보시스템 주식회사,김여기,김홍정,부산광역시 남구 용호로252번길11-0 (용호동),,89.41,저 전송률 보코더 개발 연구용역,제9691부대
실전적 모의지원 연구,공군사관학교,174696211.0,,2020-06-21,주식회사 이에이엔테크놀로지,유진경,유혜련,"서울특별시 강남구 역삼로17길57, 그랜드빌딩 B1층 (역삼동)",7120410.0,88.692,16년 작전지속지원분석모델 유지보수 용역,국군수도병원
공군 지중형 탄약고 구축 타당성 검토 연구,해군본부,147864321.0,89.968,,재단법인한국조달연구원,송광선,전대석,"경상남도 창원시 진해구 용원북로17번길15-0 (용원동, 가온빌 101호)",0.0,97.535,수중전술기기통제사 자격 신설 연구,군
20-S-통합유류고 신축사업 선행연구 용역,육군본부,56613935.0,89.795,2020-06-30,(주)미디어큐브,금재호,나상억,"광주광역시 서구 상무중앙로110-0 (치평동, 광주보험회관)",97412918.0,,22-해병대 병영문화혁신 외부 연구용역,제1363부대
2017 PACC & PAMS 연구용역,지상작전사령부,,,,(주)비아이엔씨,김지영,이동희,충청북도 청주시 상당구 남일면 단재로635(공군사관학교),0.0,98.907,KMTF기반 국방정보체계 연동 고도화 방안 연구,군
예비전력발전세미나 주제연구(Ⅰ) 용역,제3170부대,85736408.0,90.293,,더스테이지,박준홍,조길래,"전북특별자치도 군산시 임피면 호원대3길 64,",11820990.0,88.956,소형무장헬기 경제적 획득 방안 연구,기관
PBL 적용을 위한 성과지표/목표 연구,제9691부대,,,,주식회사 한국사업관리연구원,이기성,강우철,서울특별시 중랑구 동일로516-3 (면목동) 5층,120668182.0,88.256,’22년 전투발전 연구과제 용역(1),39정찰비행단
`23년 사단 작전지휘시설 신축사업 선행연구용역,공군제7항공통신전대,,89.465,2020-06-02,가천대학교산학협력단,김형철,김현숙,서울특별시 중구 무교로16(무교동),,82.816,인공지능 무기체계 시험평가 기준 절차 방법 연구,제3170부대
24년 기술연구용역(3),공군본부,78791856.0,,2022-05-20,서우컴퍼니,김건호,김경섭,경기도 광주시 도척면 상림리51-19,16416122.0,,18년 작전지속지원분석모델 유지보수 용역,합동참모본부
판매수수료 현실화 방안 연구용역,공군제17전투비행단,83043474.0,100.677,2024-08-17,주식회사 삼현,이승모,이영섭,"부산광역시 해운대구 양운로42번길18, 8층 803호(좌동, 에이원웨이)",,89.539,ATCIS 다기능접속장치 회로카드 대체품 개발 연구용역,합동참모본부
민간우주기술을 접목한 육군우주력 발전방안 연구,국군수도병원,79007067.0,90.462,2020-06-27,사단법인 한국갈등학회,이규철,신범수,"경기도 의왕시 오봉산단3로25, 1동 303호(삼동, 의왕테크노파크더리브비즈원)",,,음탐센서 시험 KOLAS 인정 사전 연구용역,중앙행정기관
20-실전적 시뮬레이터 구축방안 연구,제1363부대,187530006.0,,2022-05-28,주식회사코드원,오상석,정금석,"경기도 성남시 수정구 창업로54, LH기업성장센터 가동 609호",0.0,,수직이착륙형 무인항공기 비용분석,군
통신전자장비 전계강도 측정분석장비 개발,제2062부대,78457914.0,89.467,2017-04-27,(주)아이엠티,곽민수,이유진,"경상북도 경산시 대학로13길26, 2203호(정평동, 경산 한서 고층아파트)",6058566.0,,방위사업 교육포털시스템 ISP 수립 연구,제2062부대
고속전투정 기지건설 방안 연구 용역,국군화생방방호사령부,,89.934,,특수법인 한국전파진흥협회,박재완,남은숙,서울특별시 강남구 테헤란로81길26-0 (삼성동) 유림빌딩3층,,,CSP 획득개선 및 무기체계 가동률 향상방안 연구,국군재정관리단
계엄의 민주적 통제방안을 위한 법 제도 연구,국군제1068부대,,92.649,2022-12-26,주식회사 에스에이텍,이상진,안가영,"경기도 김포시 태장로789,732호 (장기동,금광하이테크시티)",91555635.0,89.962,국방과학기술기본법 제정을 통한 국방연구개발 혁신,제3170부대
정책연구 과제(화생방),공군제17전투비행단,,92.96,,리치패션용품,백도현,박수정,서울특별시 강남구 논현로136길16 (논현동),,98.461,국군의학연구소 자동혈구계산기 중형,중앙행정기관
국내개발 항공기 성능개량 및 관리방안 연구용역,공군작사근무지원단,,89.664,,태형상사주식회사,김승준,김다예,"경기도 용인시 기흥구 덕영대로1732-0 (서천동, 경희대학교 국제캠퍼스내)",,,방산수출을 위한 DFAR(美 국방조달규정) 번역 및 연구,국군재정관리단
국방 데이터 전략연구,제9691부대,,,2022-03-28,한국직업능력연구원,서동환,한대일,"서울특별시 노원구 광운로 20(월계동, 광운대학교)",33525373.0,88.749,예비전력 예산  국방예산의 1%달성 방안 연구,4284부대
초소형 전술위성체계 구축방안 연구,공군본부,,,,주식회사 혜성산업,김승용,김수영,충청남도 논산시 양촌면 황산벌로1040,4464072.0,,국방 무인항공기(드론) 정비사 자격 신설 연구용역,국군수도병원
(20G060-A)IP교환기및국방보안조사분석시스템금융리스,육군군수사령부,,,,테크노빌리지 주식회사,이상환,심동석,"서울특별시 금천구 가산디지털1로212, 701호(가산동,코오롱디지털타워애스턴)",12457434.0,,17년 전투발전 연구용역 과제 세미나 수행 용역,기관
수질분석기등 3종,국군수도병원,,,2019-08-10,사단법인 씨알리더십연구원,김규원,박미진,"서울특별시 마포구 서강로136-0 (노고산동, 아이비타워) 5층",0.0,,대잠훈련분석체계(AEAS) 유지보수 정비,제5378부대
국방기록관 업무효율화를 위한 방안 연구,육군 제3808부대,,90.45,2018-09-11,더스테이지,백영삼,변윤진,"경기도 고양시 덕양구 항공대학로76-0 (화전동, 한국항공대학교내)",,89.897,우수 상용품 시범사용 실태분석 및 개선방안 용역,제7016부대
19-미래 유무인 항공전력 복합운용 전력소요 연구,드론작전사령부,64568955.0,,2022-01-17,주식회사 명품시스템,권정환,권연주,"서울특별시 중구 남대문로63 (남대문로2가,한진빌딩)",0.0,89.055,(20F060-I)소음영향도작성을위한소음측정및분석용역,제2879부대
군용항공기 비행안전성 인증업무분석 및 발전방안연구,국방대학교,,89.954,,(사)한국무기체계안전협회,이성인,홍광표,"충청북도 청주시 서원구 충대로1-0 (개신동, 충북대학교)",90457337.0,,미래특임 및 항공 통합 특임여단 편성방안 연구용역,국군재정관리단
계층별 리더십 핵심역량 정립 연구용역,제2062부대,70870346.0,89.848,,재단법인 한울문화재연구원,유상지,임경태,경상남도 창원시 성산구 가음로101번길22-6,0.0,89.479,차륜형지휘소용차량 시설사업기본계획 연구용역,제2879부대
적 사이버공격 의도분석 지표개발 및 평가방안 연구,제9691부대,157684977.0,91.758,2024-03-12,명지대학교 산학협력단,강석균,임순옥,서울특별시 마포구 월드컵북로5길59 (서교동),11914746.0,,미래 특수작전수행 개념과 전력발전 소요 연구용역,계룡대근무지원단
정밀루트 및 문화재 지표조사 연구용역,육군대학,70834512.0,90.067,2022-09-11,주식회사 미주씨앤디,최규식,김호영,대전광역시 서구 관저동로170 (관저동) 210호,99575433.0,89.654,18-주파수편이용 분석기 구매,제9691부대
스마트 물류센터 도입 검토 연구용역,제6619부대,65828704.0,,,자주국방네트워크,백훈,권민정,"서울특별시 용산구 이태원로 29, 전쟁기념관 4층(용산동1가)",120228972.0,,세계안보정세분석 연구용역,대학
잠수함 지휘통신체계 경미한 성능개량 사업분석,공군제17전투비행단,484680663.0,99.034,,(사)국방시설연구협회,김여기,김석용,"전라남도 장성군 황룡면 강변로452-16, 3층 302호",,,국군교도소 운영 개선방안 연구,제5378부대
22-12차 연구장비 구매 계약 - 초저온냉동고,국군지휘통신사령부,66324025.0,100.618,2019-07-21,차이,홍태오,이영주,대전광역시 유성구 테크노2로187-0 (용산동) 미건테크노월드 2차 B동 217호,22794256.0,,전원품질 분석기 구매,합동상호운용성기술센터
항-19-032 자동면역분석기 시약(HBsAg RGT)등 112종,제2879부대,,91.819,2016-12-06,(주)네오플러스,김건희,오윤정,"서울특별시 강남구 테헤란로131-0 (역삼동, 한국지식재산센터) 3.9층",82457206.0,89.048,ATCIS 2차 성능개량사업 연구,국군재정관리단
22년 분석실험실 상용 SW 구매,방위사업청(운영지원과),75065156.0,89.753,2024-05-19,(주)리서치코리아,임창욱,박은숙,경상남도 진주시 진양호로532-0 (동성동),19650461.0,98.41,LMS(학습관리시스템) 개념 연구용역,제2879부대
공군기지 작전환경을 고려한 무인기 운영방안 연구,공군항공안전단,79685871.0,90.763,,(주)아인스에스엔씨,조완제,이정원,"서울특별시 서초구 효령로230-0 (서초동, 승정빌딩)",0.0,,연구장비확보(초저온냉동고),대학
24-공군 적정 상비병력 규모 연구 용역,육군정보학교,172598447.0,,2019-07-13,주식회사 에이치앤아이웍스,최영복,추현아,"서울특별시 강남구 광평로281, 10층(수서동, 수서오피스빌딩)",0.0,88.861,국가전략기동군 해병대 발전방안 연구 사업,군
해군분석모델 서버 교체사업,수도기계화보병사단,68979754.0,89.865,2024-02-25,해성사,정순오,최예슬,충청남도 아산시 삼동로40 (모종동)3층 301-37호,1639461.0,95.046,미래 한국 해병대의 군구조 연구용역,국군재정관리단
부대활동 유형별 위험성 평가체계 연구용역,드론작전사령부,159754282.0,,2022-04-27,(주)아인스에스엔씨,허준석,이주열,"서울특별시 금천구 서부샛길632-0 (가산동, 대륭테크노타운5)",11964156.0,,모바일기기 증거분석체계 구매(교체),국군재정관리단
전투실험용 휴대형 통합 네트워크 분석기 구매,국방통합데이터센터,59597731.0,90.195,2019-10-02,태형상사주식회사,노광현,옥창길,서울특별시 용산구 한강대로46길25-0 (한강로2가) 401호,7400494.0,88.561,시험평가 의사결정체계 효율화 방안 연구,제3훈련비행단
00부대 지형분석장비(워크스테이션) 구매(20197163-B),공군사관학교,,,2022-06-26,한국해양과학기술원,김동국,황예진,"대구광역시 북구 영송로15, 5층 5503호(태전동, 대구보건대학교 성실관)",4424014.0,85.755,무기체계 개발시험평가 역할 재정립에 관한 연구,제9227부대
군 급식비의 적정수준에 대한 연구,해군군수사령부,186118499.0,,2022-04-29,주식회사 아레스,김선철,박혜인,서울특별시 노원구 공릉로 232서울과학기술대학교 테크노큐브 2층 산학협력단,,85.785,음성분석기 구매,제3훈련비행단
(216178-D)휴대용화학탐지장비(화학물질분석기) 구매,제3707부대,85987802.0,89.565,2019-08-13,주식회사 대영퓨처스,홍승신,박익수,서울특별시 서초구 서초동1432-13 202,90120752.0,84.156,24년 의무장비(헤모글로빈 A1C자동분석기) 구매,군
K21 4차 양산사업 시설사업기본계획 연구용역,해군군수사령부,80292799.0,88.18,2019-08-20,세영정보통신(주),홍순모,최예슬,"부산광역시 해운대구 센텀6로21,  인텔리움센텀 807호,808호(우동)",6191315.0,,미래 해양강군 해군비전 2045개정 방향 연구,국군제1068부대
국방사업관리사 자격제도 관리 및 활용강화 연구,수도기계화보병사단,171605177.0,,2019-02-17,인하대학교 산학협력단,조상환,김영삼,"경기도 김포시 태장로789,732호 (장기동,금광하이테크시티)",3962503.0,89.603,2018년 서울안보대화 사이버워킹그룹 지원 연구,국군재정관리단
(237283-E) 혈액가스분석기 소형 구매,국방대학교,60923322.0,89.896,2016-11-06,주식회사 유토비즈,고정숙,김미옥,"서울특별시 중구 세종대로39, 대한상공회의소 6층(남대문로4가)",17026361.0,,한국형 첨단전투관리체계 운용개념 및 발전방안 연구,제3170부대
(237022-H)분석관리체계 노후 교체사업(리스물건),육군화학학교,1405491872.0,88.784,,(주)다올씨앤씨,박광섭,곽일,서울특별시 서초구 사임당로32 (서초동) 재우빌딩 9층,,97.146,화생방 연구활동 기술용역 재료 초자 구매,군
[24-육-128] 예비전력발전세미나 주제 연구(Ⅰ),제7821부대,,90.347,2019-09-25,(주)레이다앤스페이스,서경희,정명화,"대전광역시 유성구 테크노4로17, A동 501호 (관평동, 비즈센터)",0.0,88.879,유전자감정장비(자동염기서열분석기)소모품 설치 납품,군
21-공-회로분석기 구매,국군간호사관학교,60001786.0,,2023-11-12,유한회사 동방이노베이션,전동애,최진아,"서울특별시 종로구 우정국로26(공평동, 센트로폴리스빌딩)",,89.367,육군 부사관학교 시설종합발전계획 연구용역,제3170부대
미래전장환경을 고려한 화력전력 대체방안 연구용역,제7016부대,150831533.0,,2019-02-17,소프트플로우 주식회사,김길원,이성심,부산광역시 동구 중앙대로251번길 11(),0.0,,군의료 연구용역(냉동 혈소판제제 제조법 확립),제9965부대
자동염기서열 분석기 구매설치,해군교육사령부,171574253.0,,2019-03-30,노원 상사,김진준,김현묵,"서울특별시 금천구 가산디지털2로184, 1017호(가산동, 벽산.경인디지털밸리2)",12671538.0,89.629,사이버전문인력 육성을 위한 교육 및 개선방안 연구,제9691부대
승선근무예비역의 병역제도 발전 방안 연구 용역,제7821부대,49958305.0,90.461,2019-09-11,주식회사 에이치.티.씨,김규호,김종호,"서울특별시 송파구 송파대로201-0 (문정동) 송파테라타워2 A동 1213,1214,1215,1216,1217,1218호",0.0,,(24F262-A) 방호시설 폭발실증시험 계측 및 분석용역,제2879부대
23년 기술연구용역 계약 의뢰(4),제2062부대,74197843.0,98.438,2020-06-24,주식회사 삼원산업,김민철,고기종,서울특별시 강남구 일원로81-0 (일원동),121881452.0,,기동화 지능화된 네트워크 전투체계 연구용역,4284부대
작전환경 변화 및 공군 합동 고려한 포병 발전 연구,육군교육사령부,,90.083,,미성종합체육산업 주식회사,안인수,박진호,서울특별시 강서구 양천로401 (가양동) 강서한강자이타워 B동1503~1506호,,89.201,정보학교 사이버공간정보 연구용역,국군의무학교
소형무인기의 획득 및 운용을 위한 총수명주기 분석,39정찰비행단,88450833.0,89.841,2019-08-04,주식회사 케이원,권정환,김해진,대전광역시 중구 수침로55번길19 (태평동) 장가빌딩 2층,0.0,,국방표준서 제정(5차) 연구,39정찰비행단
해병대 무인화전투체계 도입방안 연구용역,공군방공관제사령부,184082327.0,89.454,2016-10-10,KEYSTONE CG(키스톤씨지),신준호,엄희정,서울특별시 광진구 군자동98 집현관 216,0.0,,방공전력 발전방향 연구 용역,제2879부대
16년 정비지원부대 직무값 기반의 직무분석 연구용역,제9965부대,67061227.0,102.231,2017-08-14,한국환경연구원,김승용,임찬상,"서울특별시 서초구 방배천로155, 유청빌딩 3층(방배동 821-8)",22529037.0,98.332,24년 국한문 혼용 공군 역사서 한글화 연구용역,중앙행정기관
신호분석기 1대 구매,육군교육사령부,,90.076,2022-06-18,(재)한국산업개발연구원,이도형,신인균,"광주광역시 동구 조선대길126(서석동, 조선대학교 내))",0.0,,K21장갑차 조종수카메라 정비기술개발 연구용역,군
표적메모리 회로카드 대체품 개발 연구용역,방위사업청(운영지원과),74044110.0,89.566,2022-04-20,조선대학교 산학협력단,전용일,김홍정,부산광역시 영도구 해양로385-0 (동삼동),3695313.0,,(20G040-H)AI기반 보안사고 탐지분석시스템 ISP사업,중앙행정기관
신분별 직무분석을 통한 적정 계급구조 연구,국방전산정보원,61350700.0,,,세영정보통신(주),도정화,이한웅,충청북도 청주시서원구 개신동446-2,106909485.0,98.141,수중자율기뢰 탐색체(AUV) 사업분석,제7821부대
조종사 피로도와 안전비행의 역학관계 분석 연구용역,수도기계화보병사단,,89.933,2022-10-21,사단법인 한국아이티법연구원,전영섭,이진우,"경상남도 창원시 마산회원구 자유무역3길208, 3층 301호(양덕동,혁신지원센터)",,,공군 방공포부대 이전 요구 연구용역,국군재정관리단
예비전력발전세미나 주제연구(Ⅱ) 용역,제5738부대,67262419.0,,,스마일컴퍼니,임병조,권주희,대전광역시 유성구 유성대로1184번길 29(신성동),11779895.0,,화학위험물질 및 방사선 탐지  분석용 드론제조,국군재정관리단
표준훈련장 설치기준 정립 연구 용역,국군재정관리단,66330349.0,90.353,2019-07-12,사단법인 한국고용복지연금연구원,윤훈수,이경미,"서울특별시 영등포구 국제금융로8길25, 6층 607호 (여의도동, 주택건설회관)",1783823.0,97.07,다도해함 개조 설계 방안 연구,국군재정관리단
건설현장 안전 관리시스템 구축 연구용역,국군재정관리단,74590782.0,89.713,2016-11-18,에이비컴퍼니주식회사,정영욱,임경선,경기도 의정부시 경의로70-0 (의정부동) 5층 A628호,,,연구장비(가스크로마토그래피) 구매 계약,군
차륜형지휘소용차량 시설사업기본계획 연구용역,제20전투비행단,1346056390.0,,,주식회사 아레스,노광현,박명근,"경기도 양주시 광적면 부흥로847, 431호(경기벤처타운)",106368246.0,89.454,(237097-E) 연구활동재료(시약) 구매,제3707부대
군사사연구총서고대~근대한국군사사연구용역(과제4),육군화학학교,,90.213,2020-06-21,국방대학교산학협력단,김형철,김인숙,대전광역시 유성구 테크노2로187-0 (용산동) 미건테크노월드 2차 B동 217호,0.0,88.763,ㅇㅇ분석 대응활동장비 구매,국군재정관리단
19년 분석용모델(3종) 유지보수(2018F125-G),해군교육사령부,151266014.0,101.381,2022-08-04,구루멘토링 주식회사,남궁복자,조정선,"강원특별자치도 원주시 천매봉길36-22, 302호(단구동, 백림빌딩)",,89.099,12.7mm 파쇄탄 선행연구 용역,제9227부대
24-신규 무기체계 도입시  전력화 군수지원방안 연구,해군본부,153454600.0,89.624,2020-02-28,주식회사에이스게이트,김석용,서경희,"인천광역시 미추홀구 주염로58, 620-1호(주안동, 주안시범공단)",,,대함유도탄 방어유도탄 양산사업 비용분석,제1363부대
(21F040-G) 사이버위협분석 개발연구체계 구축 사업,제1363부대,62729184.0,88.864,2024-05-25,주식회사 현대리서치,김영국,구종우,"경기도 용인시 수지구 죽전로 152, 단국대학교내(죽전동)",,89.668,22-공군 기후예측 및 기후변화 시나리오 연구용역,중앙행정기관
함정 GPS 함속력계 신호 변환 장치 개발 연구용역,국방부(운영지원과),64744288.0,,2016-12-05,(주)두두아이티,김회율,전형일,"충청북도 청주시 청원구 오창읍 중부로760,115동 3701호(오창 롯데캐슬 더 하이스트)",,,국방로봇 운용을 위한 법/제도 개정 및 인증제도 연구,중앙행정기관
방산수출을 위한 DFAR(美 국방조달규정) 번역 및 연구,공군제10전투비행단,,89.829,,씨오(CO)산업,강명수,김영우,"서울특별시 성동구 성수이로147, 905호 (성수동2가, 아이에스비즈타워)",7965740.0,,공군 정보통신 준·부사관 특기체계 개선방안 연구,군
한국형 손상통제 모의훈련형 CBT 구축방안연구,해군작전사령부,61921137.0,89.132,,아주대학교 산학협력단,정영석,이향천,"경기도 군포시 번영로514, 601호(금정동)",,98.246,대잠훈련분석체계(AEAS) 유지보수 정비,제7821부대
24년 군 양성평등지표 조사 및 분석 연구,제3130부대,172675278.0,90.099,,법무법인(유한) 광장,한수희,박유정,"전라남도 무안군 삼향읍 남악3로80,204호(제일프라자)",7382303.0,,화생방 방호물자 적정방호 수준 연구,국군수도병원
장비 고장예측 시스템 개발방안 기초연구 용역,공군군수사령부,56501431.0,,,주식회사 와이매틱스,이호준,오윤정,대전광역시 대덕구 대화로160-0 (대화동) 10동 205호,32469402.0,,효과성·활용성 중심의 군내 NCS 적용방안 연구용역,군
23년 전투실험발전 연구용역(1),방위사업청(운영지원과),176448815.0,,,(사)한국안보문제연구소,안성일,정봉원,경상남도 거제시 거제대로3370 (아주동),,,의무피복류 보급기준 및 품질개선에 대한 연구,국군대전병원
다락대훈련장 간이 갈등영향분석 연구용역(C037),제7군단,,,,대지이앤씨산업 주식회사,이영진,김서연,"경기도 고양시 일산서구 대산로213-0  302호 (대화동,중앙프라자)",,89.262,전술환경 下 효율적 이동통신체계 운용방안 연구용역,제9227부대
분석기세트 3종 구매,국방부(운영지원과),176293170.0,99.515,2020-06-23,(주)레오이노비젼,정성윤,이지호,"서울특별시 구로구 디지털로31길41-0, 603호, 604호, 605호(구로동, 이앤씨벤처드림타워6차)",0.0,,21년 전투발전 연구용역(4),국군재정관리단
육군 NCS 기반 직무 및 요구역량 조건표 연구용역,육군종합군수학교,489997437.0,,2017-02-14,(주)한일종합상사,김자이,이충렬,광주광역시 광산구 풍영철길로15(콜롬버스월드 302호),9286866.0,,18-P3탑재장비PBL적용타당성검증및성과지표개발연구,국군재정관리단
정보학교 사이버공간정보 연구용역,육군보병학교,65017684.0,,2019-12-04,주식회사 서경약품,맹주수,정택호,부산광역시 강서구 녹산산단232로 38-6(),,,군 실내공기질 관리 개선방안 연구용역,군
병 자기개발비용지원 적정추진체계 구축 연구용역,제9691부대,,89.915,,에스텍아이앤씨 주식회사,한대일,유선희,대전광역시 유성구 죽동로157-0 (죽동),99463182.0,89.451,21 분석기 주파수편이용 1종 구매,군
CH/HH-47D 성능개량 시설사업기본계획 연구용역,공군사관학교,62499625.0,90.092,2019-09-12,윤서상사,김한욱,윤진영,"세종특별자치시  조치원읍 번영1길46, 301호, 302호",20263395.0,89.143,미래안보환경 대비 군사시설 보호업무 발전방향 연구,제5738부대
내부자 사이버위협 방어대책 연구용역,제2879부대,168555756.0,89.878,,에이스 컴퍼니,남기출,이준직,"서울특별시 강남구 테헤란로131-0 (역삼동, 한국지식재산센터) 3.9층",0.0,89.09,기초비행훈련용헬기 조종계통 시험장비 개발 연구용역,국군재정관리단
군의료 연구용역(냉동 혈소판제제 제조법 확립),방위사업청,,100.086,2022-09-22,주식회사 삼우에이엔씨,조성호,장지혜,"경기도 시흥시 희망공원로 92, 시화공단2마 301-3호(정왕동)",97618238.0,89.9,군사용 인공지능 윤리적 평가 및 검증요소 연구 용역,국군수도병원
국내 한도액계약 및 성과기반계약 활성화 방안 연구,국방부(운영지원과),74273588.0,92.153,2020-05-28,영남대학교산학협력단,김건호,정진욱,대전광역시 유성구 대덕대로776-0 (화암동) 한국천문연구원,17891210.0,89.593,방음정비고 사업 정립을 위한 선행연구용역,국군의무학교
육군 NCS 기반 직무 및 요구역량 조건표 연구용역,국방시설본부,81014282.0,89.762,2022-07-29,주식회사 반석건설엔지니어링,이승후,조동원,"서울특별시 동작구 남부순환로2021, 2층 (사당동)",495478913.0,,폭발물처리 교육 전군 통합 필요성 검토 및 방안 연구,국군제1068부대
AI 적용 무기효과 산출 고도화 연구,육군훈련소,181340260.0,89.796,2024-01-01,한국법제연구원,박수영,김예빈,"경기도 안양시 동안구 학의로268, 7층 708호 (관양동, 안양메가벨리)",6458463.0,,군 복무가치 제고 방안 연구,제20전투비행단
(227163-F)연구활동재료(초자) 구매,제5019부대,,100.795,2020-06-20,주식회사 지니클라우드,동중영,임경철,충청북도 청주시 청원구 오창읍 농소길33-56,0.0,,전술제대 전투무선체계 발전방안 연구용역,국군재정관리단
전력지원체계OMS/MP및RAM분석/LSA적용방안연구,국군지휘통신사령부,157127979.0,90.041,,주식회사 에스에이컨설팅,김학범,최미락,"서울특별시 금천구 가산디지털2로34, 923호(가산동, G밸리 더리브 스마트타워)",,90.072,접적해역 상시정찰용 UAV 선행연구용역,제7군단
국방 비밀관리시스템 연동표준 개념연구,제1363부대,,99.764,2020-07-11,(주)대한티앤에스,한수희,장명훈,서울특별시 노원구 화랑로574-0 (공릉동),0.0,,공무원 징계와 군 징계의 비교법적 연구,국군복지단
17-군 세차 폐수처리시설 운영 개선방안 연구용역,제7군단,,,,(사단) 한국정치학회,장승규,김호연,"서울특별시 동대문구 약령시로9길 79,  135-51,135-60(제기동)",0.0,88.269,소형드론용 지능형 영상분석기술 연구/시연 용역,국군재정관리단
00부대창설을 위한 공공갈등 관리방안 연구용역,공군 제8전투비행단,189327974.0,89.595,2017-04-03,태형상사주식회사,이덕호,정영숙,대전광역시 유성구 유성대로1646-0 (전민동),,,과학기술전문사관 직무 성과분석 연구,국군재정관리단
국방정보통신망 구축방향 연구 용역,4284부대,165866326.0,90.165,2018-11-23,라온시스템즈(주),박재범,김지혜,경기도 광주시 중앙로200-0 (송정동) 203호,0.0,89.844,23-D-종합발전수립 연구용역(B032),기관
안보학술진흥연구용역(1.국가안보문제에관한이론),육군훈련소,162526878.0,,2019-10-15,문경새재 사과나무,박장권,허정성,광주광역시 서구 양동로41번길21-9 (양동),10422403.0,89.15,PLS차량 운용효과 Arena 모델링 연구 용역,제5738부대
가스 크로마토그래피 질량분석기 구매(20196084-D),합동참모본부,,,2017-06-17,대전대학교 산학협력단,조만희,이효선,서울특별시 동대문구 장한로27길29 (장안동) 201비호,,,무인전투체계 발전방향 연구,중앙행정기관
17년 지형분석장비 교체사업,국군의무사령부,176523865.0,90.016,2022-11-06,라온시스템즈(주),최미옥,이유진,"대구광역시 북구 영송로15, 5층 5503호(태전동, 대구보건대학교 성실관)",21476527.0,96.017,군사과학기술대학원(가칭) 신설방안 연구,제1363부대
우리군 통합체계지원 적용을 위한 발전방향 연구 용역,제20전투비행단,,90.01,,사단법인한국국가기록연구원,박현지,이충렬,대전광역시 대덕구 한밭대로1158-0 (중리동) 707-1,,98.424,국군역사기념관(가칭) 건립사업 선행연구,제5738부대
군 암호체계 분석보호시스템 분석장비 구매,국군의무사령부,177466933.0,,,주식회사 바로텍시너지,신종걸,이희섭,서울특별시 마포구 월드컵북로5길59 (서교동),2120187.0,,ArmyTIGER4.0네트워크정보유통능력분석연구용역,중앙행정기관
대잠훈련분석체계(AEAS) 유지보수 정비,공군방공관제사령부,,94.229,2019-11-23,(주)에프오알엠도시건축공간연구소,오진성,오은주,경기도 고양시 덕양구 권율대로656-0 (원흥동) 17층 1739호,0.0,89.266,우리군 통합체계지원 적용을 위한 발전방향 연구 용역,중앙행정기관
스펙트럼분석기구매 (20199198-I),국방대학교,71359244.0,,2022-08-28,에이치앤주식회사,홍승신,최영걸,"서울특별시 구로구 디지털로33길11-0 (구로동, 에이스 테크노타워8) 1406호",30325774.0,,(20F089-I)소음영향도작성을위한소음측정및분석용역,군
23-1차 연구의무물자(BL3 중앙실험대 등 5종) 구매,공군제10전투비행단,447224256.0,99.57,2017-07-22,주식회사 선화무역,권혁웅,안희철,"충청북도 청주시 청원구 오창읍 중부로760,115동 3701호(오창 롯데캐슬 더 하이스트)",9790590.0,89.812,군복무 가치 평가 관련 설문조사 연구용역,국군수도병원
해군 통합연동체계 SW 연구용역,제3697부대,85634520.0,90.03,,주식회사 사이버앤네트워크연구원,최치원,전대석,부산광역시 부산진구 냉정로178번길21 (개금동)2층,0.0,,의무장비(생화학자동분석기 등 2종) 구매(17-207),제5738부대
50년 함건조 사례분석 및 발전방안 정립 연구 용역,육군교육사령부,149088310.0,90.217,,주식회사 삼원산업,최준호,남은숙,충청남도 홍성군 홍북읍 홍예로213-0 (엘에이치스타힐스) 121동 2201호,2627377.0,,다락대훈련장 간이 갈등영향분석 연구용역(C037),국군제1068부대
주요 군사선진국의 공군조직 발전방향 분석,해군군수사령부,1802177007.0,89.983,2020-06-27,(JN)글로벌,남궁진,안치수,"서울특별시 강서구 양천로401 (가양동), B동 801호",7139356.0,89.404,병  오일분석용 1종,제2879부대
중합염기서열분석기 구매,국방부조사본부,63698453.0,,,주식회사 쏠바이오텍,천훈아,김선주,"서울특별시 구로구 디지털로31길41-0, 603호, 604호, 605호(구로동, 이앤씨벤처드림타워6차)",,,부대개편이전사업 선행연구(00부대 등 4개 부대),중앙행정기관
미래 우주전장 분석 및 공군 우주전략 수립 연구용역,제3훈련비행단,82153410.0,89.619,2021-11-30,주식회사 케이티에이,반상우,이종범,경상남도 진주시 동진로420 (충무공동),6217011.0,,무전기 전면판 회로카드 시험장비 개발 연구용역,군
민간군사기업(PMC) 등 민간 아웃소싱에 대한 개념연구,제2879부대,,90.272,,경안이엔지(주),정중식,승아현,경상북도 경산시 서상길85-0 (서상동),3994643.0,89.365,국가전략기동군 해병대 발전방안 연구 사업,연평부대
[24-육-85] 무기체계별 EMP방호기술 적용방안 연구,국방대학교,,89.68,2020-06-13,에이치디현대중공업 주식회사,이양희,김동희,경기도 구리시 산마루로46-0 (갈매동) 404동 1702호,0.0,88.943,2024 서울안보대화 프로그램 기획 및 발전방향 연구,제9965부대
2016년 제2회 국방 분석평가관계관 워크숍 위탁운영,한미연합군사령부,70312927.0,94.269,2023-11-05,한국세라믹기술원,안인수,이진아,부산광역시 강서구 녹산산업중로62-6 (송정동),,89.181,미래 우주전장 분석 및 공군 우주전략 수립 연구용역,중앙행정기관
(23G250-I) 분석관리체계 금융리스,해군군수사령부,52317917.0,,2016-11-16,원테크전기통신 주식회사,김영경,김성찬,충청북도 청주시서원구 성화동599번지 3층,100732543.0,89.054,사이버 위협수준 평가 신뢰도 향상방안 연구,국군재정관리단
K계열 장갑차 엔진 오일펌프 시험장비 개발 연구용역,방위사업청(운영지원과),,89.464,2019-05-10,예원,강남기,이진희,"경기도 수원시 영통구 신원로306, 1동 8층(원천동, 이노플렉스)",,89.289,워리어 플랫폼 후속군수지원 방안 연구,중앙행정기관
23-2차 연구의무물자(BL3 수거함 등 4종) 구매,해군교육사령부,164107149.0,89.659,,주식회사 한국전자파연구소,김한희,전승열,"서울특별시 종로구 우정국로26(공평동, 센트로폴리스빌딩)",93642883.0,89.318,수질분석기 등 2종 구매,제2879부대
21-함정 거주구역 개선방안 연구,합동군사대학교,66688571.0,,,주식회사 안보기술연구원,유훈,고찬갑,세종특별자치시  시청대로370-0,0.0,84.526,워리어 플랫폼 후속군수지원 방안 연구,계룡대근무지원단
항행안전시설 비행점검장비의 군 필요성...연구,공군방공관제사령부,157549202.0,89.89,,군수.획득연구소,오문진,박호균,"서울특별시 강남구 논현로28길54-0 4층 (도곡동, 덕원빌딩)",,89.148,시험평가 의사결정체계 효율화 방안 연구,제3훈련비행단
23-F-전자정보 수집/분석장비 유지보수,39정찰비행단,57841318.0,,2022-06-16,(주)마린테크인,정성윤,이도형,"서울특별시 중구 을지로6, 재능빌딩 11층 1105, 1106, 1107호",,,UH-60헬기 연료라인 야전 시험장비 개발 연구용역,국군재정관리단
76mm 철갑고폭탄 비용분석,해군군수사령부,178671393.0,96.813,2021-11-25,엠지산업,고찬갑,김영원,경기도 광주시 오포읍 포은대로339(추자동),,88.672,주요 비행피복류 맞음성 개선 및 표준화 연구,합동참모본부
X-RAY 형광분석기 구매,국방대학교,,,2019-10-24,에스엘(SL)상사,정지상,원은정,"서울특별시 강남구 테헤란로520, 2층(대치동, 삼안빌딩)",0.0,95.259,스마트팩토리 기반 KAAV창정비 공장 연구 용역(1),제1363부대
작전지휘시설 신축 분석평가 및 선행연구용역,지상작전사령부,73292291.0,90.223,,주식회사 코테스,홍양희,최재현,부산광역시 남구 용호로252번길11-0 (용호동),0.0,80.095,ㅇㅇ분석 대응활동장비 구매,기관
오폐수처리시설 기술제안서 평가기준 정립 연구용역,공군 제8전투비행단,,94.455,2023-12-16,재단법인한국조달연구원,홍세준,이병훈,"서울특별시 광진구 광나루로56길63, 지하1층 113호 에스46(구의동)",122352758.0,89.668,(247354-C) 액체크로마토그래피 이중질량분석기 구매,합동상호운용성기술센터
정보보안장비(사이버보안 위협분석시스템),국군수도병원,,99.109,2022-11-13,주식회사 이에이엔테크놀로지,어 기호,이신영,"경기도 성남시 수정구 청계산로686 (고등동), 반도아이비밸리 424호",98915401.0,,제주 작전기지 저주파분석 훈련장비 유지보수 용역,제1363부대
군용 무인기 사업의 안전계수 적용 적정성 연구,제9691부대,1752135096.0,,,주식회사글로벌엔씨,홍명성,이선영,충청북도 청주시 서원구 남이면 남석로326,64690165.0,99.335,23-N-금속성분분석기 구매,4284부대
방위산업기술 유출 및 침해 대응체계 구축방안 연구,방위사업청,58674233.0,,2022-11-18,주식회사 인섹사이버시큐리티,임창욱,이상국,충청북도 청주시 상당구 월평로250번길6-0 (용암동),0.0,,23-H-14 스펙트럼 분석기 구매,중앙행정기관
접적해역 상시정찰용 UAV 선행연구용역,국군재정관리단,77169769.0,90.389,2024-01-15,한양대학교 산학협력단,유현우,이현미,"서울특별시 강서구 마곡중앙5로22, 7층(마곡동)",0.0,,K9자주포 연료펌프 성능개선 시제품 개발 기술 용역,국군재정관리단
19년 발칸 추적훈련 분석기(제조),공군방공관제사령부,,90.831,,숙명여자대학교산학협력단,조완제,허정성,"대전광역시 유성구 대학로31-0 (봉명동, 유성한진오피스텔) 2215호",,89.511,과학화경계시스템 정비지원체계 운영분석 연구용역,국군재정관리단
상층대기분석장비 유지보수,국군수송사령부,94865696.0,90.407,2020-06-09,(주)한진이엔아이,문형곤,이현정,서울특별시 마포구 동교로183-11 (동교동) 한국정치학회빌딩 4층 한국정치학회,17818130.0,,최근 전력화 장비·물자 ILS 분석 및 개선방안 연구,중앙행정기관
2019년도 방위산업기술 보호수준 분석 및 진단연구,공군작사근무지원단,64162659.0,,2024-03-18,다우미디어테크,손영일,채규수,부산광역시 동구 중앙대로286번길9-0 (초량동) 306호,0.0,88.774,다수 전술데이터링크 운영방안 연구용역,국군재정관리단
여군 피복장구류 개선방안에 대한 연구,국군수도병원,63711284.0,,,씨엠티정보통신(주),고찬갑,이신영,"대전광역시 유성구 엑스포로1, 1902호(도룡동, 엑스포타워)",105276668.0,,스마트 항만기지 구축방안 연구 용역,제9691부대
계층별 조직문화 진단 및 혁신프로그램 추진 연구용역,제9227부대,50714888.0,,2024-06-22,티쓰리큐 주식회사,정태량,김성훈,"전라남도 무안군 삼향읍 남악3로80,204호(제일프라자)",8948532.0,85.847,표적메모리 회로카드 대체품 개발 연구용역,국군제1068부대
국방우주력 발전을 위한 민·군 기술협력 방안 연구,제2307부대,81723345.0,,2019-08-05,(주)모던애드,유연호,김선태,대전광역시 유성구 테크노9로35-0 (탑립동) 지능로봇산업화센터 406호,15521035.0,98.156,복합재 내부결함 위험도 평가방법 연구개발,기관
6.25 전쟁 이후 주요 해전 증언록 연구용역,국군간호사관학교,70892592.0,89.715,,에스엔케이와이즈주식회사,박순천,이희섭,경상남도 창원시 마산회원구 삼호로38-0 (양덕동),99157665.0,70.217,무인전투체계 발전방향 연구,제3훈련비행단
지형 지질등을 고려한 지하형 탄약고 신축타당성 연구,제2307부대,63729928.0,88.927,,육군군사전략연구소,최영복,최재영,"인천광역시 서구 로봇랜드로155-11 (청라동), 5층 504호",112339778.0,,인공지능을 적용한 군사드론의 체계 연구,합동참모본부
정기기초연구과제연구용역(7.미래안보상황에..),제9691부대,45424762.0,100.766,2019-06-12,(주)크리에이텍,정관용,조종열,"충청북도 청주시 흥덕구 흥덕로151-0 (운천동, 지하1층)",,91.419,미래환경 변화 속 육군 병과체계 발전 방안 연구 용역,국군재정관리단
국방 무인로봇 시험평가 적용방안 연구,해군군수사령부,67642257.0,89.16,,주식회사 엘씨케이테크놀로지스,고영호,이교석,"서울특별시 송파구 오금로19길6, 202호(방이동)",,88.912,00부대 스마트 자동화 저장창고 신축 비용분석 연구,국군재정관리단
동서지형의 차이를 고려한 부대 및 전력구조 연구용역,해군본부,,100.741,2022-12-23,주식회사 서경방송,박수진,우지민,"경상남도 창원시 마산합포구 해안대로91, 상가 205호(해운동, 경민시티빌)",205182450.0,,국방 데이터 관리체계 수립 연구,군
00부대 정보체계 취약점 분석 도구 구매,공군본부,82465215.0,,,기관상사,김정한,박장권,"대구광역시 달서구 도원로46, 610동 304호  (도원동, 별메마을)",,,(20F118-A)동원훈련장 과학화 발전연구 용역,4284부대
미래 예비전력 역할과 적정규모 편성 연구용역,제2879부대,158766081.0,96.761,2019-04-06,주식회사 진성하이텍,류장수,이영섭,"서울특별시 송파구 석촌호수로138, 202호 (삼전동)",90135138.0,,군비행장 자동소음측정망 운용체계 구축방안 연구,합동참모본부
22~23년 공군 전자정보 수집/분석장비 유지보수,공군사관학교,78362941.0,89.746,2016-10-20,주식회사 아레스,유진경,권수민,"경기도 성남시 분당구 구미로8, 2층(구미동, 엠타워)",9797123.0,89.43,의무장비 혈액가스분석기 등 3종 구매,국군재정관리단
스펙트럼 분석기 구매,국방부(운영지원과),79426813.0,89.849,2018-10-09,(주)에스코컨설턴트,민희숙,김재욱,"인천광역시 부평구 충선로73번길23-0 (부개동, 시티하우스2동)",21131023.0,98.018,해안감시레이더-Ⅱ 사업분석,중앙행정기관
(247116-C) 연구활동 재료(시약) 구매,제5군단사령부,,,2020-06-27,주식회사 세일케이엠,임준석,이다인,,0.0,73.138,프로그램 단위 성과관리를 위한 성과지표 연구,제20전투비행단
안보학술연구용역(3. 국내안보환경과),공군83정보통신정비창,994374550.0,89.585,2018-10-20,주식회사 신나는세상,방성완,원해나,,97506044.0,,’22년 전투발전 연구과제 용역(1),4284부대
22년 기술연구용역 계약(4),해군군수사령부,69669755.0,90.245,2022-06-07,하나메디,박정기,이준식,제주특별자치도 제주시 애월읍 광상로26-0,,98.915,(207180-H)스펙트럼측정/분석장비 노후교체,제5378부대
군의료 특성화 연구용역(요추유합술 환자만족도 연구),지상작전사령부,65869261.0,89.492,2023-08-16,문경새재 사과나무,송태현,김호근,"서울특별시 서초구 효령로230-0 (서초동, 승정빌딩)",9475687.0,,기술연구 환경구축 PC사업,합동참모본부
동원위주 부대 기계화 장비 개편시 효율성 분석 연구,공군제38전투비행전대,,89.296,2019-09-26,주식회사 서경방송,김범준,김혜정,"서울특별시 강남구 테헤란로306, 13층(역삼동, 카이트타워)",142234180.0,89.789,의무장비[혈액가스 분석기(휴대용)] 구매,국군대전병원
“제○○○특공여단 부대사” 연구 용역,방위사업청(운영지원과),75113603.0,85.318,2022-09-08,한성대학교 산학협력단,김기돈,진보라,강원특별자치도 철원군 동송읍 금학로31-98,,89.213,00지역 실내공기질 개선 연구용역,제5019부대
요분석기 사단용 2EA 구매,국군수송사령부,185112395.0,89.758,2022-07-10,부경대학교 산학협력단,최성만,배영실,서울특별시 강동구 성내동245-4,0.0,89.354,군용총포·도검·화약류 안전관리 발전방안 연구,군
마린온 3차 PBL사업 적용범위 사업타당성 조사 연구,제9691부대,65678522.0,,2022-07-16,(주)씨엠코리아,변중무,이진우,충청북도 청주시 청원구 오창읍 농소길33-56,5199470.0,89.528,22-함정 갑판부착장비 내충격성능 검증방안연구,제9691부대
악성코드 정보제공 및 분석 서비스 구매,해군본부,,89.662,2022-11-16,한남대학교 산학협력단,김회율,김다예,서울특별시 강남구 선릉로93길54-0 (역삼동) 일환빌딩 6097호,,89.689,00 0000 분석체계 구축,제2062부대
휴대용 산소분석기 등 6종 구매,공군 제8전투비행단,175415992.0,100.269,2022-05-23,사단법인 한국우주과학회,김윤혁,이여정,충청남도 논산시 연무읍 연무로 320(),108310110.0,,부품국산화율 산정방식 등  제도 개선방안 연구,기관
군수사 품목관리관 적정 취급품목 수 연구,제3170부대,144889363.0,,2020-06-08,재단법인 에프아이티아이시험연구원,윤은희,이기석,"대전광역시 유성구 대학로 99(궁동, 충남대학교)",,100.555,교육장비(수질분석세트) 구매설치,제6619부대
샵차량 전자제어기 회로카드 대체품 개발 연구용역,국군수송사령부,,89.697,2017-07-21,(주)아이엠티,김종호,이재광,대전광역시 중구 수침로55번길19 (태평동) 장가빌딩 2층,,99.223,(217096-D)자동염기서열 분석기 등 2종 구(납품),합동참모본부
군 암호체계 분석보호시스템 분석도구 구매,제3130부대,54941902.0,90.036,,주식회사 에스앤피,이용욱,송포,서울특별시 영등포구 여의공원로 101(여의도동),113106627.0,,국방기술조직을 활용한 함정 기술관리 방안 연구 용역,국군복지단
(236366-F) 네트워크 트래픽 수집 및 분석 장비 구매,합동군사대학교,72304284.0,91.383,,(주) 탑크로스 이앤텍,전남국,이희석,서울특별시 노원구 공릉로 232서울과학기술대학교 테크노큐브 2층 산학협력단,25254180.0,,23년 기술연구용역 계약 의뢰(3),국군재정관리단
군수품 상용화 확대 정책 추진 로드맵 수립 연구,연평부대,81819701.0,,2019-09-12,하이펙 주식회사,최현선,김현철,"경기도 고양시 덕양구 능곡로13번길16-0 , 202동 2401호(토당동, 능곡2차현대홈타운)",,,23년 군 주거시설 개선사업 선행연구 용역,제2879부대
정비용 샵차량 전원발생기 정비기술개발 연구용역,특수전사령부,603500651.0,89.679,,무역안보관리원,김효근,박동순,서울특별시 노원구 공릉로 232서울과학기술대학교 테크노큐브 2층 산학협력단,,,추진장약 안정제 분석시험용 재료 구매,국군재정관리단
22-공-소음측정 및 분석시스템 구매(229124-F),제3170부대,171785741.0,,2017-05-01,(주)데이터클립,윤미경,김영진,"경기도 광명시 디지털로56-0 (철산동, 철산래미안자이)101-2801호",92868991.0,89.224,군의료 연구용역(냉동 혈소판제제 제조법 확립),국군수도병원
해군 부사관 조직문화 혁신방안 연구용역,제2307부대,,89.21,2019-05-22,(주)도전하는사람들,한경희,최재영,부산광역시 영도구 해양로385-0 (동삼동),,89.234,2024년 방산물자 현황분석 연구용역,제3훈련비행단
군용총포·도검·화약류 안전관리 발전방안 연구,육군본부,57305356.0,100.542,2022-07-16,주식회사 와이매틱스,김학준,석봉한,대전광역시 동구 옻밭5길159-0 (판암동),97013498.0,86.962,부대재배치 선행연구 용역(2019F065-B),국군제1068부대
절충교역 제도 선진화 방안 연구,국군재정관리단,70509938.0,92.917,2021-05-22,한국표준협회,김지현,한대일,"서울특별시 영등포구 영등포로150,A동 L152호,1304호~1313호",361156715.0,,병 자기개발비용지원 적정추진체계 구축 연구용역,국군재정관리단
우주 무기체계의 최적 보험 가입 방안 연구,국군화생방방호사령부,57009203.0,,,(재)한국정보통신산업연구원,박재범,이동희,"경기도 성남시 수정구 위례대로83(창곡동, 국방문화센터)",,,23-H-14 스펙트럼 분석기 구매,제3130부대
극초음속 비행체 대응 미사일방어체계 확보방안 연구,국군지휘통신사령부,1918474066.0,,,재단법인 한국군사문제연구원,김도현,송귀섭,"서울특별시 강남구 테헤란로64길13, 504호 (대치동, 선릉역 풍림아이원레몬)",103454340.0,,21-2차 개념설계 기술지원 연구용역,군
KUH-1 헬기 견인장치 안전센서 개발 연구용역,국방부(운영지원과),74729092.0,89.711,2022-05-12,티쓰리큐 주식회사,이성인,탁승주,"서울특별시 성북구 정릉로 77, 국민대학교내(정릉동)",86456014.0,,계층별 리더십 핵심역량 정립 연구용역,국군재정관리단
방산 부품산업 발전을 위한 지원체계 구축방안 연구,국군지휘통신사령부,,98.883,2022-07-15,(주)다올씨앤씨,장우영,현혜경,"충청북도 청주시 서원구 충대로1-0 (개신동, 충북대학교)",,,미래환경 변화에 적합한 인력획득 홍보 발전방안 연구,국군재정관리단
비행대대 조종사 적정 편제 및 대체 인력 운영 연구,공군사관학교,,89.652,,주식회사 넥스트아이앤아이,이용욱,이경순,서울특별시 금천구 벚꽃로244-0 (가산동)810호 벽산디지털밸리5차,0.0,85.599,미래 육군 전술감시체계 운영개념 정립 기술연구 용역,국군재정관리단
방산수출을 위한 DFAR(美 국방조달규정) 번역 및 연구,해군교육사령부,167364418.0,,2024-03-12,단국대학교 산학협력단,김곤중,한소희,"부산광역시 해운대구 센텀6로21,  인텔리움센텀 807호,808호(우동)",,98.523,20-효율적인 성능개량 방안 도출 연구,군
상호운용성 전문화교육체계 연구,국방정보본부,58007609.0,89.59,2017-01-24,주식회사 지니클라우드,류장수,양선희,"서울특별시 강서구 양천로551-17, 301호 (가양동)",0.0,98.909,4차 산업혁명과 연계한 미래 물자동원방안 연구,합동상호운용성기술센터
2016년 제2회 국방 분석평가관계관 워크숍 위탁운영,공군교육사령부,160797562.0,100.942,2020-06-25,(주)인콘,이덕호,김선주,"제주특별자치도 제주시 연북로21-0, 에코에비뉴 1609호",110327171.0,88.973,함정 건조사업 추진단계 효율성 향상방안 연구,합동참모본부
22-4차 연구장비 구매 계약 - 세균배양기 CO2,제7군단,65091722.0,100.65,,주식회사 선화무역,정연길,김지혜,서울특별시 강남구 남부순환로 2806(),87387065.0,89.91,BigData/VC를 활용한 무기체계 효과분석 연구,국군재정관리단
군 의료 혁신을 위한 의료전달체계 개편 연구용역,육군정보통신학교,55537841.0,89.846,2019-07-17,청맥기획,허정행,이윤아,"서울특별시 강남구 테헤란로 142(역삼동, ARC PLACE) 7층",,94.624,여단급과학화전투훈련체계 경미한성능개량 사업분석,제3707부대
2019 서울안보대화 사이버워킹그룹 발전연구,합동상호운용성기술센터,57087613.0,100.343,2022-08-24,(주)한국기술연구소,이영환,박준용,"서울특별시 영등포구 국회대로70길15-1 (여의도동), 5층 알587호",96576331.0,,(20F089-I)소음영향도작성을위한소음측정및분석용역,국군대전병원
230mm급 무유도탄사업 선행연구,한미연합군사령부,175500058.0,90.166,2024-10-31,주식회사 콘텐츠펙토리상상역,김수상,박호,광주광역시 광산구 풍영철길로15(콜롬버스월드 302호),3485038.0,89.715,프로그램 단위 성과관리를 위한 성과지표 연구,합동참모본부
21-해군분석모델 발전방안 연구,육군대학,175635567.0,,,피앤티컨설팅 주식회사,고중혁,공현철,"서울특별시 금천구 가산디지털2로14,  14층 1405, 1406호(가산동)",15027807.0,89.011,21-해군분석모델 발전방안 연구,군
23-고출력에너지 무장 함정탑재 요구조건 연구,해군작전사령부,,87.845,,청맥기획,이승철,권헌영,서울특별시 금천구 가산디지털2로123-0 (가산동) 월드메르디앙벤처센터 2차 317호,99636543.0,89.639,00기지 환경개선 사업 분석평가 및 선행연구 용역,국군재정관리단
한국군병사에서 적응장애의 양상과 위험요인 연구용역,합동상호운용성기술센터,177706481.0,90.314,,노원 상사,나상억,이혜진,"서울특별시 영등포구 국회대로74길19, 동우국제빌딩 902호",,89.01,12.정책현안연구(북한의전쟁수행...),계룡대근무지원단
첨단과학기술의 군 활용성 제고 발전방안 연구용역,계룡대근무지원단,76801807.0,93.57,2024-07-23,주식회사 엘티에스,신희준,김하근,"서울특별시 노원구 동일로1456-0 (상계동, 상계주공7단지아파트)",,,음원수집장비 및 음원분석 워크스테이션 구매,군
잠수함 음탐 센서 케이블 다기능 검사기 연구용역,국방부(운영지원과),71645925.0,89.951,2022-07-17,(주)디앤오종합건축사사무소,주형훈,이동근,"경기도 고양시 일산동구 호수로358-39 706호(백석동,동문굿모닝타워1차)",111822838.0,,사단정찰용 UAV 백령도서내 운용 가능성 연구,중앙행정기관
미래혁신을위한육군조직문화진단및실천지표연구,국군화생방방호사령부,80858821.0,,2019-12-09,주식회사 반석건설엔지니어링,강현섭,전치우,경기도 광주시 도척면 상림리51-19,0.0,89.237,전군 연례 리더십 수준 진단 연구용역,국군재정관리단
(21F166-I)「스마트 물류」정책연구 용역,국군재정관리단,,,,한빛디엔에스(주),최영상,박정수,"서울특별시 강남구 테헤란로78길16, 6층 (대치동, 노벨빌딩)",122323314.0,89.555,미래특임 및 항공 통합 특임여단 편성방안 연구용역,제2군단
전투근무지원정 건조가능성 검토 기술지원 연구용역,국방대학교,,,2019-07-23,그린종합사무기,최원창,승아현,"경기도 하남시 미사강변한강로155, 1동 314호(망월동, 지식산업센터)",18470917.0,,디지털 정비공장 스마트팩토리 구축방안 연구 용역,국군의무학교
00국가 해커추적 및 정보수집방안 연구,공군군수사령부,65318704.0,,2018-11-30,재단법인 한국군사문제연구원,엄현성,이효진,"서울특별시 영등포구 63로 32, 라이프콤비빌딩702호(여의도동)",20006554.0,,전투발전세미나 수행 연구용역,연평부대
미-23-미사일방어부대 효율적 부지 활용방안 연구,공군제38전투비행전대,,89.704,2023-09-04,해동청역사문화연구소,서유림,신범수,"경기도 김포시 태장로795번길23 (장기동) 마스터비즈파크 R124, 7층 729-732호",5390909.0,89.011,정보학교 사이버공간정보 연구용역,중앙행정기관
정신전력 측정도구 및 지표 개발 연구,육군교육사령부,178077266.0,90.095,2024-07-23,(사)한국산업기술보호협회,지용현,주인웅,"서울특별시 영등포구 국회대로70길12, 802호 (여의도동,대산빌딩)",100059979.0,,인공근육 기반 전투원용 슈트 개발 발전방향 연구,합동참모본부
국방전직교육원 조직진단 및 기능강화 방안연구,국방부군사편찬연구소,165064319.0,89.46,2020-06-24,한국법제연구원,이민수,김학균,서울특별시 양천구 목동중앙로13나길3,,89.051,화생방정찰차-II(차량형) 시설사업기본계획 연구용역,군
(247057-H)음성분석시스템 개선사업(리스자산),육군본부,186817039.0,89.936,2019-06-16,라온시스템즈(주),송윤재,임경태,"서울특별시 은평구 진흥로 225,(불광동)",,,육군 병영생활관 신축기준 연구용역,국군복지단
지형 지질등을 고려한 지하형 탄약고 신축타당성 연구,육군본부,,89.809,,주식회사 녹십자이엠,신상범,전옥녀,대전광역시 유성구 노은로170-0 (지족동) 스타시티빌딩 6층,4413777.0,,분석기  스펙트럼,제2307부대
(247116-C) 연구활동 재료(시약) 구매,제9691부대,164202785.0,89.941,2016-08-24,주식회사 윈스,김규한,김혜진,"경상남도 진주시 장대로 38, 현대빌딩 4층(장대동)",,89.052,(217151-F)21년 연구활동 재료(시약) 구매,제1363부대
국방 무인로봇 시험평가 적용방안 연구,국방전산정보원,1597277643.0,,,(주)하이엠디,박래호,조반석,"전북특별자치도 군산시 임피면 호원대3길 64,",85106470.0,89.813,성능개량 전파분석체계도입사업,제7821부대
방위사업 국제공동연구개발 가이드라인 연구,국군재정관리단,157078676.0,,2017-10-08,주식회사 비용관리연구원,최은수,정예지,서울특별시 영등포구 여의공원로 101(여의도동),3162843.0,,18년 분석용모델 유지보수 용역,군
21년 전군 감염병 감시 지원체계 구축방안 연구용역,방위사업청(운영지원과),67454204.0,89.514,2022-07-10,고려대학교산학협력단,박상욱,구종우,충청북도 청주시 서원구 성화로99,,,(20F058-A)소음영양도작성을위한소음측정및분석용역,국군복지단
혈액가스 분석기 1EA 구매,제2307부대,,,,(주)강남,최규식,유지수,"경기도 성남시 중원구 둔촌대로457번길 27, 우림라이온스밸리1차815(상대원동)",0.0,,포항지역 항공기 소음감소 대응방안 연구 용역,4284부대
21-해군분석모델 발전방안 연구,국방부(운영지원과),73158590.0,90.105,2022-04-01,(주)마린테크인,정성문,장재필,"인천광역시 부평구 충선로73번길23-0 (부개동, 시티하우스2동)",2076734.0,,22-파라메트릭 기반 함정 수명주기비용 추정방법 연구,중앙행정기관
22-해상기반 우주발사체계 개념 연구,국방부,,101.449,2019-05-27,(재)주택산업연구원,윤미경,전대석,"충청남도 계룡시 서금암3길5, 925호(금암동, 쉐리움오피스텔)",11364067.0,,(237001-H)스펙트럼 측정/분석장비 노후 교체,군
(237095-C) 연구활동 재료(초자) 구매,국군수송사령부,,101.351,,주식회사 좋은소리,조성호,김정일,"서울특별시 노원구 화랑로 621(공릉동, 서울여자대학교)",97909372.0,89.224,국방규격에서 인용 중인 폐지된 KS 제정 연구,군
자주발칸 제어용 모듈 대체품 개발 연구용역,육군정보학교,,89.529,,국민대학교산학협력단,조희아,함혜련,"대전광역시 유성구 죽동로297번길68 (죽동) CNU프라자  701,702호",6390697.0,89.689,[24-육-85] 무기체계별 EMP방호기술 적용방안 연구,연평부대
22-00생활관 신축 분석평가 및 선행연구 용역,제7821부대,,99.912,2023-12-25,도원정보시스템 주식회사,이승철,김해진,"서울특별시 강서구 마곡중앙5로1길20-0 (마곡동) 보타닉비즈타워 921,922호",,88.318,21-375 분석기  주파수편이용 등 1품목,중앙행정기관
비행기지 빅데이터 기반 비행안전 관리체계 방안 연구,국방부(운영지원과),45105438.0,89.678,,에이디링크,남궁복자,김정일,경상남도 진주시 정촌면 연꽃로141,2906155.0,89.177,드론사업 진화적 획득 방안 연구,중앙행정기관
CSRP 화생방 연구 자료 시약 구매,국방전산정보원,,100.931,2017-06-11,티쓰리큐 주식회사,김지현,홍명성,전라남도 목포시 고하대로719번길 14(연산동),3499959.0,90.214,국방 사이버전 EA 개념 연구,제9691부대
16년도 급식분야 시범사업 추진분석 및 개선방안 연구,제6619부대,429543169.0,90.089,2022-09-19,사단법인 한국자살예방협회,정성문,정기쁨,"서울특별시 용산구 이태원로 29, 전쟁기념관 4층(용산동1가)",0.0,,22-해-AI 빅데이터 분석 개발용 학습 플랫폼 구축,제6619부대
민군복합타운 조성을 위한 제도적 방안 연구,국방통합데이터센터,162090741.0,,,와이파이컴퍼니,김용수,황병윤,경상남도 진주시 충의로10-0 (충무공동),,87.864,국군역사기념관(가칭) 건립사업 선행연구,제2군단
국방개혁과 연계한 예비군법 발전방안 연구,국방부유해발굴감식단,61698807.0,89.42,2019-06-26,재단법인 중소조선연구원,김정희,차미정,"세종특별자치시  조치원읍 번영1길46, 301호, 302호",473607111.0,,자동염기서열분석기 정비,제3707부대
군수지원함(AOE-Ⅱ) 2차사업(양산) 비용분석,국군의무사령부,,90.161,2020-05-18,주식회사 화이트스캔,정희석,박호균,"서울특별시 강남구 언주로527, 10층 (역삼동)",,88.907,차세대 기동헬기 발전방향 연구 용역,제3707부대
의무장비(생화학자동분석기 등 2종) 구매(17-207),제20전투비행단,,,2019-03-16,주식회사 서남아이에스,김용섭,정성문,경기도 안양시 동안구 시민대로161-0 (비산동) 안양무역센타 8층 312호,85268433.0,89.786,분석기  스펙트럼,제3170부대
분석기 스펙트럼용 장비 구매(20209032-I),해군군수사령부,143574999.0,90.352,2020-06-18,금성,김기순,장소영,경상북도 구미시 산동읍 강동로730,113600978.0,89.181,레이저 변위센서 활용한 탄약검사 M&S 개발 연구용역,국군수도병원
군용물자 HSK 연계표 연구,해군본부,,90.24,2018-04-16,와이엠,한기관,박진호,전라북도 무주군 무주읍 향학로27-1,12155889.0,89.315,국방과학 기술료 제도개선 방안 연구,제2군단
(207110-C) '20년 연구활동 재료(시약  초자) 구매,공군제38전투비행전대,158672484.0,,2023-10-03,주식회사 서경방송,최재성,이진우,"서울특별시 금천구 벚꽃로254-0 (가산동, 월드메르디앙벤처센타) 1109호",4681549.0,97.537,교육장비(질량분석기) 구매,군
4차산업혁명 기반 무기체계 시험평가 발전방안 연구,해군군수사령부,155664100.0,89.912,,(재)한국정보통신산업연구원,백은주,최영복,부산광역시 동구 고관로62 (초량동),23314701.0,97.718,교육생 숙소 시설기준 연구용역,4284부대
방산육성 수출확대 위한 산업협력 쿼터제 방안 연구,국군의무학교,71466943.0,92.608,,주식회사 팬웨스트에스앤티,전건욱,송문수,"서울특별시 강남구 테헤란로131-0 (역삼동, 한국지식재산센터) 3.9층",109486848.0,89.138,정밀루트 및 문화재 지표조사 연구용역,군
장병 스트레스평정체계 개선 연구용역 계약,제3707부대,149752948.0,100.905,2020-06-21,한국무인이동체연구조합,류황건,이수현,"서울특별시 강남구 테헤란로309, 1118호 (역삼동, 삼성제일빌딩)",,89.488,한국형 임무형 지휘 정착을 위한 리더십 적용 연구,제3697부대
19-한국 해양안보에 미치는 갈등요인과 대응방안 연구,육군인사사령부,76921021.0,,2024-09-14,재단법인 한국기계전기전자시험연구원,최성숙,공현철,"서울특별시 강서구 양천로401 (가양동), B동 801호",,89.085,무기체계 안전성 시험평가방안 연구,국군의무학교
(23G054-H)24~25년 스펙트럼측정분석장비 유지보수,국방대학교,,,2022-08-11,주식회사 티앤제이커뮤니케이션,김하근,이도형,강원특별자치도 철원군 동송읍 금학로31-98,0.0,,K2전차 3차 양산 사업분석,국군재정관리단
2019년도 방위산업기술 보호수준 분석 및 진단연구,육군공병학교,549433566.0,,2021-05-23,에솜 주식회사,김현철,이재숙,광주광역시 북구 첨단과기로123 (오룡동),,,지상무인차량사업 종합평가 추진 시 평가방안 연구,군
감염 및 외상분야 군의료 특성화 연구,국군제1068부대,161429742.0,,2023-03-26,(주)다큐멘테크,김화경,유재은,"서울특별시 구로구 경인로643 (신도림동, 신도림2차동아아파트) 203-602",6836350.0,89.424,사관생도 생활실 시설기준 개정 연구용역,국군재정관리단
00부대 EMP 보호시설 구축 선행연구 용역,국방부,60795923.0,90.355,,(주)싸이버텍,민성호,권연주,"경기도 성남시 수정구 청계산로686 (고등동), 반도아이비밸리 424호",101182557.0,98.947,(206199-B)지형분석장비 교체사업(리스물건),제5738부대
공병분야 M&S 연구용역,육군인사사령부,63629318.0,90.008,2017-12-25,해동청역사문화연구소,천병년,박익수,"경상북도 구미시 대학로 61, 금오공과대학교 산학협력단(양호동)",12304285.0,,지뢰 등의 탐지·제거 민간대행에 관한 연구,국군복지단
군수품 수송용 드론 선행연구 용역,국군수송사령부,65791647.0,,2022-09-29,(주) 한얼누리,오현웅,서경희,"서울특별시 영등포구 여의대방로67길22, 602호(여의도동, 태양빌딩)",,89.45,전시자원소요분석모델 장비 교체사업 리스,제20전투비행단
상호운용성 평가 업무의 정량화 모델에 관한 연구,공군사관학교,,89.286,,유한회사 엔디클릭,장복철,이승재,경기도 광주시 중앙로320-40 (송정동),7616562.0,,(연구소) 감정재료 구매,군
(2)군용비행장 소음측정 및 분석용역,국방부(운영지원과),,,2024-05-29,(주) 한국능률협회컨설팅,이희석,김호연,서울특별시 영등포구 여의대방로61길2-0 (신길동)천록빌딩105호,8218966.0,,군시설 공사비 기준단가 산정 연구용역,국군재정관리단
정비용 샵차량 전원발생기 정비기술개발 연구용역,39정찰비행단,67547293.0,89.674,,태신,문미옥,홍세준,"인천광역시 서구 건지로404, 207동 1501호(가좌동, 가좌한신휴플러스아파트)",,,ICT 기술 적용한 미래 지휘통신체계구현 가능성 연구,국군복지단
MZ세대 주거시설 시설기준 제·개정 연구용역,육군화학학교,61280797.0,91.635,,우석대학교 산학협력단,강종효,이한웅,"서울특별시 영등포구 63로 32, 라이프콤비빌딩702호(여의도동)",4051329.0,98.422,해성-I 창정비요소개발 사업 비용분석,4284부대
K21장갑차 전자모듈조립체 정비기술개발 연구용역,제7821부대,87530014.0,,2019-04-18,한국인성교육연구소 주식회사,정의붕,송지은,서울특별시 중랑구 동일로516-3 (면목동) 5층,,88.955,23년 군 주거시설 개선사업 선행연구 용역,제9691부대
음향/진동분야 KOLAS 인정 획득 컨설팅 연구용역,해군군수사령부,,91.317,2022-05-14,라온시스템즈(주),곽새롬,김형민,부산광역시 강서구 녹산산업중로62-6 (송정동),0.0,,신재생에너지 적용관련 군 에너지 정책방향 연구용역,군
국방특허 권리이전 업무를 위한 특허 권리분석(1차),국방부(운영지원과),79057113.0,,2024-03-07,재단법인 한국산업관계연구원,임준석,석재민,대전광역시 유성구 테크노3로65-0 (관평동) 한산에스메카 333호,0.0,88.698,안보학술진흥연구용역(3.국내안보환경분석또는),중앙행정기관
감염 및 외상분야 군의료 특성화 연구용역,육군본부,,90.146,2019-03-06,(주)성광메디피아,조만희,김영삼,"대전광역시 유성구 테크노3로 65, 한신에스메카 241(관평동)",89231773.0,97.57,헬기와 UAV의 통합운용을 위한 비행장 설치방안 연구,제9691부대
국방기록관 업무효율화를 위한 방안 연구,제3707부대,48220657.0,90.023,2023-03-27,새롬상사,김유진,최동숙,"서울특별시 강서구 공항대로51길17-0 1,2층 (등촌동)",2447458.0,89.338,전인교육 설문지 개발 및 활용성 증대 방안 연구,4284부대
00 군공항 설계기본요구조건 작성 연구용역,국방부군사편찬연구소,64670552.0,101.68,2017-01-15,자주국방네트워크,장복철,고상범,서울특별시 송파구 중대로25길 3-16(),15715622.0,87.05,18년 지상군 전시자원소요분석모델 유지보수 용역,제9691부대
(217122-B)연구장비(차세대염기서열분석기) 구매,제3697부대,180207321.0,101.401,,소성정보기술 주식회사,신정희,이수현,대전광역시 대덕구 한밭대로1158-0 (중리동) 707-1,3550532.0,88.831,(207110-C) '20년 연구활동 재료(시약  초자) 구매,제9691부대
무기체계 시험평가 사고예방 안전매뉴얼 연구,국방부(운영지원과),509573133.0,89.915,,주식회사 좋은소리,김유진,오순길,부산광역시 동구 중앙대로286번길9-0 (초량동) 306호,126579431.0,88.948,휴대용 화학물질분석기 등 2종 구매(20197097-D),중앙행정기관
(226410-C) 지형분석장비 구매(리스물건),제7821부대,,,,법무법인 일현,김형철,이도제,서울특별시 동대문구 경희대로26-0 (회기동),0.0,,국방특허 권리이전 업무를 위한 특허 권리분석(1차),제2879부대
전자도서관정보체계 고도화개념연구용역(2019G005-H),공군작전사령부,64750696.0,90.449,,(주)나일소프트,김두식,김시나,전라남도 목포시 용당로225-1 (용당동),0.0,88.96,미래전자전 발전추세 반영 공군 전자전 우세전략 연구,기관
(21F166-I)「스마트 물류」정책연구 용역,국방부(운영지원과),,89.761,2024-01-05,직업교육정책연구소,백명기,임소망,"서울특별시 영등포구 63로40, 202호(여의도동)",0.0,89.677,복합신호분석기 구매(20198178-F),군
18-주파수편이용 분석기 구매,육군교육사령부,,,2024-04-06,영현정보통신(주),김명운,황병수,"서울특별시 중구 을지로6, 재능빌딩 11층 1105, 1106, 1107호",0.0,,항-19-088 자동면역분석기 시약 등 117종,군
복합식 소해장비 자기/음향 측정장비 연구개발 사업,한미연합군사령부,62245472.0,89.797,2022-05-22,고려대학교산학협력단,박영욱,임한영,서울특별시 강남구 선릉로64길6-0 (대치동) 2층,94843375.0,,미래 육군의 우주분야 활용방안 연구 용역,제5019부대
핵심기술(위성용 SAR 안테나) 비용분석,제20전투비행단,60182059.0,100.264,2023-07-24,MK메디칼,임종근,이용길,"서울특별시 송파구 법원로11길25-0, A동 1310호(문정동, 에이치비즈니스파크)",7293704.0,,미래 특수작전수행 개념과 전력발전 소요 연구용역,중앙행정기관
국방 정보기술 조사·분석 연구,제3707부대,,89.925,,도현,조명지,방은옥,인천광역시 연수구 원인재로212 (연수동),90678495.0,,K2전차 3차 양산 사업분석,제5738부대
군 경계작전에 적합한 LED등기구 기준 정립 연구용역,국방부(운영지원과),48473117.0,89.189,2019-08-10,제이엠비 컴퍼니,김재일,박상욱,"경기도 안양시 동안구 시민대로387  A동 1201-1호(관양동,디지털엠파이어)",107429474.0,75.947,20~21년 작전지속지원분석모델 유지보수(2019F172-G),제7군단
20-해군 무장체계의 효율적인 창정비 방안 연구,국방부(운영지원과),,90.39,2024-02-03,주식회사 피앤씨솔루션,최영복,박한미,충청남도 청양군 정산면 칠갑산로1898-0,,,대형양산사업의 제반 조건 분석 및 방안 연구,기관
항공전투 시뮬레이션 대회 대행 용역,국군수도병원,46187792.0,90.387,,주식회사 도화엔지니어링,서경희,정해붕,"광주광역시 서구 상무중앙로110-0 (치평동, 광주보험회관)",,,19-군 자체 안전보건경영시스템 인증제도 구축 연구,국군대전병원
인공근육 기반 전투원용 슈트 개발 발전방향 연구,공군제7항공통신전대,,89.828,2019-06-05,주식회사  인섹시큐리티,홍종일,김종훈,"부산광역시 해운대구 센텀동로 35, 센텀SH밸리 404호(우동)",0.0,89.04,함정 근무장병 육상지원 등 기준 제·개정 연구용역,국군재정관리단
마린온기체 수명관리 및 창정비소요비용 타당성 연구,제5738부대,156968844.0,,2019-01-17,주식회사 우정바이오,김재영,류제성,"서울특별시 구로구 디지털로 306, 대륭포스트타워2차 1101호(구로동)",,89.213,국방 클라우드 확산 정책 연구 용역,제9965부대
장병 스트레스평정체계 개선 연구용역 계약,국군복지단,1801615980.0,89.383,2022-07-09,사단법인 한국기업연구원,김동준,김현철,"충청북도 청주시 청원구 오창읍 중부로760,115동 3701호(오창 롯데캐슬 더 하이스트)",8167944.0,89.542,지형분석용 차량(개조) 제조,제2307부대
22-00생활관 신축 분석평가 및 선행연구 용역,육군교육사령부,171510850.0,90.111,2023-12-23,국립금오공과대학교산학협력단,최은수,이경미,대전광역시 동구 옻밭5길159-0 (판암동),11407021.0,88.281,효율적인 유지보수 사업관리 방안 연구,연평부대
연구활동 재료(시약) 113종 구매 ,공군제15특수임무비행단,,89.308,2024-03-03,주식회사 케이티에이,홍태오,서정은,"인천광역시 남동구 서창남순환로55, 505동 603호(서창동, 서창센트럴푸르지오)",,89.556,운용함정 손상대응 훈련 시나리오 연구 용역,중앙행정기관
해병대9여단 임무.역할 확대 및 발전방향 연구용역,4284부대,53037456.0,,2021-12-18,오도테크,김창환,홍지유,"서울특별시 성동구 성수이로147, 905호 (성수동2가, 아이에스비즈타워)",915244.0,89.233,23-F-분석기 표면마무리용 접촉용 구매(239016-F),종합보급창
(237097-E) 연구활동재료(시약) 구매,국군재정관리단,,89.965,,(주)마린테크인,한영수,민정화,"서울특별시 마포구 마포대로49, 13층(도화동, 성우빌딩)",,,군인 주거보조비 도입방안 연구,제9691부대
특수작전용 유탄발사기사업 선행연구,합동참모본부,,,2017-07-08,주식회사 코테스,김곤중,윤진영,부산광역시 강서구 대저중앙로341-0 (대저1동),99903379.0,89.348,활주로 피해복구용 골재 품질기준 및 관리방안 연구,제3707부대
사이버정보(수집·분석·관리)시스템 구축방안,국군재정관리단,,89.928,2017-04-27,주식회사 다윈에어로테크,김용섭,장지혜,"서울특별시 영등포구 국회대로70길15-1 (여의도동), 5층 알587호",,89.436,21-해군분석모델 발전방안 연구,합동참모본부
유전자 서열 분석기,제7016부대,72236344.0,,2020-05-31,(주)상보기업,정지상,이경은,"부산광역시 수영구 구락로23, 2층 (수영동)",,98.183,주거시설 관리 및 운영 전문성 제고 방안 연구,제3707부대
국방정책 연구지원 발전 기획 연구,국방전산정보원,158463975.0,89.483,2023-03-22,디엔씨오토메이션,이진우,김미진,"서울특별시 노원구 화랑로 621(공릉동, 서울여자대학교)",108989535.0,89.277,악성코드 동적분석 SW 라이선스 연장 구매,제2879부대
DCS와 FMS 경쟁 시 공정성 제고를 위한 평가방안 연구,제7군단,,,2020-06-20,아셀플래넷,안성원,유선미,광주광역시 서구 상무대로956번길25-0 (쌍촌동),16010792.0,89.42,22-설계자료 활용 및 군 시설단가 표준화 연구용역,국군재정관리단
디지털 증거분석체계 라이센스 확보,육군교육사령부,477449516.0,,2018-08-09,와이피글로벌,한기관,장우진,"서울특별시 동작구 남부순환로2021, 2층 (사당동)",,88.736,포별분배기 회로카드(6종) 시험장비개발 연구용역,39정찰비행단
23년 의무장비(수액조절기 분석기) 구매,공군본부,59388441.0,,,건양대학교 산학협력단,정주교,박광섭,"서울특별시 강서구 마곡중앙5로1길20-0 (마곡동) 보타닉비즈타워 921,922호",0.0,99.65,22년 의무장비(혈액가스분석기 중형) 구매,제3130부대
국방여군 70년사 편찬 연구,해군교육사령부,,89.756,2022-10-30,사단법인 씨알리더십연구원,천훈아,김연수,경기도 남양주시 진접읍 내각1로73번길38-1,0.0,,`18년 헌병 디스크 증거분석체계 교체사업,국군재정관리단
극지안보환경 변화에 따른 미래 한국해군의 역할 연구,해군군수사령부,145969415.0,,,한국지식재산연구원,정양수,조정순,"경기도 성남시 수정구 창업로54, LH기업성장센터 가동 609호",,88.956,화기별·탄종별 사격장 안전 기준 정립 연구,제1363부대
조종사 피로도와 안전비행의 역학관계 분석 연구용역,제7821부대,181657031.0,89.886,,(주)한컴네트워크,최주평,박재경,대전광역시 대덕구 대화로160-0 (대화동) 10동 205호,0.0,89.777,자동처리체계 구축 및 연구용 부품 구매,국군제1068부대
방음정비고 사업 정립을 위한 선행연구용역,4284부대,75204622.0,90.066,2022-11-06,(사)한국식품기술사협회,박 동순,박은정,부산광역시 동구 중앙대로251번길 11(),1871824.0,89.816,패트리어트 유도탄수명 고려한 효과적 확보 방안 연구,군
(20G060-A)IP교환기및국방보안조사분석시스템금융리스,제5019부대,55089675.0,,2017-04-22,넥스트에이비,최양열,이성표,서울특별시 마포구 동교로183-11 (동교동) 한국정치학회빌딩 4층 한국정치학회,1099147.0,85.795,18-정긍모 제독 평전 연구,국군재정관리단
지형분석용 차량(개조) 제조,제2군단,172285219.0,,2019-01-10,사이모빌 주식회사,최명식,윤영현,"서울특별시 종로구 홍지문2길20-0 (홍지동, 상명대학교)",6090862.0,89.871,수사자료분석용 서버 구매설치,합동상호운용성기술센터
사회공학기법과 사이버 작전과의 연계성 연구,공군군수사령부,74610080.0,,,하이펙 주식회사,문미옥,김소라,"서울특별시 용산구 한강대로62길41, 3층 (한강로1가)",108406598.0,98.346,주거시설 관리 및 운영 전문성 제고 방안 연구,제7016부대
인력획득 모집홍보 대상의 성향 분석 연구 용역,공군항공안전단,,90.675,,에이티지씨(ATGC),박영욱,최규식,경기도 파주시 산남로26번길101-0 (산남동),33326322.0,89.531,4차 산업혁명과 연계한 미래 물자동원방안 연구,국군복지단
2019년 의무장비(요분석기) 구매-재투자,공군미사일방어사령부,86788050.0,,2022-04-02,제이컴,주양효,박호균,서울특별시 강남구 학동로311(논현동) 타호비지니스센터 203호,1436187.0,,’22년 전투발전 연구과제 용역(2),합동참모본부
해병대 창설 70주년 기념 해병대 서체 제작 연구용역,국군수도병원,77846320.0,84.238,2020-07-03,사단법인 한국교육행정학회,이희석,박동순,대전광역시 대덕구 오정로78번길114 2층 (오정동),,89.8,예비군법 개정방안 연구,제6619부대
샵차량 발전기 전자제어기 정비기술개발 연구용역,제5019부대,70868771.0,89.809,2024-02-11,주식회사 모든통상,이관섭,기유경,"광주광역시 서구 상무중앙로110-0 (치평동, 광주보험회관)",86205844.0,,최신 ICT를 적용한 국방컴퓨터체계 운용 방안 연구,군
OO사단 등 9개 부대 개편사업 선행연구 용역,육군인사사령부,73374530.0,96.373,,(사)한국위기관리연구소,강현순,조해주,전북특별자치도 정읍시 북면 북면공단2길87-0,0.0,89.064,2022년 의무장비(혈액가스및전해질분석기) 구매,제2879부대
해군 부사관 조직문화 혁신방안 연구용역,국방부(운영지원과),75051825.0,99.133,2020-07-05,기술표준화연구소,강석균,윤정민,"서울특별시 영등포구 경인로 775, 2동 1202호(문래동3가, BJM)",91421202.0,,(217271-C) 의무장비(자동분석기 생화확 대형) 구매,국군수도병원
2019 서울안보대화 프로그램 기획 및 발전방향 연구,국군재정관리단,155208813.0,,2024-02-02,희송컴퍼니,,이양희,"서울특별시 강남구 테헤란로306, 13층(역삼동, 카이트타워)",790651.0,,2019년 의무장비(요분석기) 구매-재투자,국군재정관리단
정기기초연구과제(1. 한국의외교/안보정책),육군 제3808부대,66096473.0,89.935,,사단법인 한국갈등학회,홍태오,이태영,"경기도 성남시 분당구 탄천상로164, A동 2층 247호(구미동, 시그마2오피스텔)",,88.993,첨단과학기술의 군 활용성 제고 발전방안 연구용역,중앙행정기관
전시피해건물 상태평가 기준정립 연구용역,제2879부대,,,2024-04-20,테크디,김종광,김채미,경기도 구리시 산마루로46-0 (갈매동) 404동 1702호,154409198.0,89.097,악성코드 동적분석 SW 라이선스 연장 구매,제1363부대
해양 무인무기체계별 효과도 분석 통한 전력소요 검증,공군사관학교,73269834.0,90.734,2016-11-26,수테크시스템즈 주식회사,이홍기,임수진,"세종특별자치시  조치원읍 번영1길46, 301호, 302호",,89.106,상비군 수준의 동원위주부대 전력보강 방안 연구,제9691부대
24년 전투실험발전 연구 용역(1),국군재정관리단,75335389.0,,2020-06-09,(주) 한얼누리,김지현,박재완,"서울특별시 영등포구 국회대로70길18,7층 (여의도동, 한양빌딩)",0.0,88.782,(227013-D)이동식 취약점 분석평가 체계 구축사업,국군재정관리단
24년 전투발전 연구 용역(2),제9691부대,67168309.0,,2019-09-13,트루인터페이스(주),최경환,박명근,"충청북도 청주시 청원구 대성로298-0 (내덕동, 청주대학교)",,,공군조직내 잠재갈등 분석 및 공군문화 발전방안 연구,제7군단
군인 주거보조비 도입방안 연구,육군 제3808부대,,,2020-07-07,주식회사우정상사,김승준,이재동,"경상북도 경산시 대학로13길26, 2203호(정평동, 경산 한서 고층아파트)",0.0,,21-무기체계 수명주기간 부품국산화 발전방안 연구,제7016부대
의무시설 시설공사비 적정 편성 기준 연구,육군제8971부대,169237314.0,,2022-12-11,(사)한국무기체계안전협회,윤미선,최광용,경기도 성남시 수정구 대왕판교로851번길20-0 (시흥동),109822661.0,,비전통위협 국방대응체제 발전연구,제7821부대
유류시험장비(가스성분 분석기 등 2종) 구매,제20전투비행단,169888079.0,,2020-06-11,주식회사 코테스,이명아,유형우,"대전광역시 유성구 한밭대로138 (노은동, 노은노블레스) 201호",101254730.0,,ISR 자산의 효율적 통합 운용방안 연구,군
무건리훈련장 갈등영향분석 용역,국방부군사편찬연구소,157365919.0,,,(주)유로사이언스,정안수,정운찬,"전라북도 군산시 산단남북로169, 군산친환경자동차부품알앤디센터 3층벤처기업 16호(312호)(오식도동)",8922090.0,89.511,신분별 직무분석을 통한 적정 계급구조 연구,제2군단
22년 수사데이터 연관 분석시스템 구매,제9691부대,,87.532,2021-06-04,(사)한국무기체계안전협회,김태호,김선태,경기도 용인시 기흥구 용구대로2335번길43 (마북동 494-4),,87.485,무기거래조약에 따른 수출입통제 개선방안 연구,중앙행정기관
군인 주거보조비 도입방안 연구,방위사업청(운영지원과),,,2019-09-07,사)국방정보통신협회,박미영,정지용,"경기도 부천시 원미구 중동로254번길28-0 (중동, 메트로펠리스3)",,89.282,[연구소] 유전자 자동염기서열 정비 및 검교정,국군재정관리단
국방 시뮬레이터 운용실태 및 발전방안에 관한 연구,공군 제8전투비행단,76462266.0,101.763,,(주)에프오알엠도시건축공간연구소,김민철,김정일,"경기도 안산시 상록구 한양대학로55-0 (사동, 한양대학교 안산캠퍼스)",,,(23F225-I)지형분석 S/W(Arc GIS) 교체사업 금융리스,제3707부대
부대활동 유형별 위험성 평가체계 연구용역,국군제1068부대,169012357.0,89.7,2019-05-28,다우미디어테크,김양훈,김현숙,대전광역시 대덕구 대전로1397번안길70-0 (읍내동),93995432.0,,부품국산화율 산정방식 등  제도 개선방안 연구,대학
전력지원체계 연구개발 기술수준 조사 및 평가 용역,육군교육사령부,,89.337,,디에이전,박영욱,안미숙,경기도 파주시 산남로26번길101-0 (산남동),,97.693,22-해상기반 우주발사체계 개념 연구,중앙행정기관
동원전력 내실화 방안 연구용역,제3훈련비행단,176634149.0,,,주식회사도시경영연구원,권시형,배원호,경상북도 구미시 산동읍 강동로730,,99.807,부품국산화율 산정방식 등  제도 개선방안 연구,제2879부대
해병대 정체성 향상 프로그램 교육체계 설계 연구,해군본부,70030273.0,90.132,2016-12-02,주식회사 보스테크,김한희,양삼근,"경기도 성남시 수정구 청계산로686 (고등동), 반도아이비밸리 424호",,,연구장비(가스크로마토그래피) 구매 계약,39정찰비행단
국방정책 연구지원 발전 기획 연구,육군종합군수학교,81481404.0,99.782,,(주)상보기업,조은미,박정자,경상남도 김해시 삼안로195번길20-23 (삼방동),7252355.0,88.991,K21장갑차 조종수카메라 정비기술개발 연구용역,국군재정관리단
23년 전투발전 연구용역(4),합동참모본부,65281815.0,102.545,2018-12-02,(주)렛츠정보통신,김운용,강민식,경기도 안양시 동안구 흥안대로445(평촌동) 제6층 615호 안양평촌동지식산업센터,,55.436,국방획득 유연성제고 위한 선진국 획득사례 연구,중앙행정기관
국방정보화 정책평가 수행 및 발전방안 수립 연구,공군교육사령부,70161965.0,98.412,,케이엠글로벌,한민구,정관용,강원특별자치도 춘천시 충혼길52번길10 (온의동) 드림타워 3층 306-69,1558859.0,85.622,20-교육훈련 빅데이터 통합관리체계 구축방안 연구,합동상호운용성기술센터
상호운용성 전문화교육체계 연구,국군복지단,,,,(주)아인스에스엔씨,김두식,전희수,전라북도 정읍시 북면공단2길87(북면),112686351.0,89.779,공군 품목관리관 자격인증제도 도입방안 연구용역,4284부대
21-무기체계 수명주기간 부품국산화 발전방안 연구,방위사업청(운영지원과),,89.047,2020-07-02,숙명여자대학교산학협력단,김대석,배종환,"서울특별시 구로구 경인로53가길10, 5층 507호(구로동, 구로 대명벨리온 지식산업센터)",95695849.0,96.292,미래 지역예비군 최적화 방안 연구 용역,제7821부대
차기 C4I체계 성능개량 및 유지보수방안 연구,국방부,81749277.0,,,(재)한국해양전략연구소,김규형,정아름,"서울특별시 서대문구 충정로53-0 (충정로2가, 유원골든타워오피스텔) 1701호",120126270.0,89.265,정기기초연구과제연구용역(4.국방우주학의이론..),국군재정관리단
20-공무직근로자 임금체계 연구용역(K041),육군본부,,89.927,2022-10-25,유한회사 한빛기업,김덕화,김창관,"경기도 시흥시 서울대학로173(정왕동, 서울대 시흥캠퍼스)",608536847.0,89.866,20년 수송기술병참선 제원 연구용역,중앙행정기관
군 시설물 적정 위장방안 연구 용역,국방대학교,178284977.0,90.157,2019-02-09,넥스케이드,김창관,이현정,부산광역시 부산진구 냉정로178번길21 (개금동)2층,853224.0,89.393,집중정신전력교육 프로그램 개발 연구용역,국군대전병원
북단 유도로 신설사업 분석평가 및 선행연구 용역,국군수송사령부,85235305.0,90.396,,한양대학교 산학협력단,최치원,배미선,"서울특별시 강남구 언주로527, 10층 (역삼동)",91465909.0,,미래 육군비행장 발전계획 검증 연구 용역,중앙행정기관
공개SW 군 확산을 위한 정책수립 연구,국군수송사령부,174616740.0,88.57,2017-04-17,(주)레오이노비젼,박재우,김소연,경상북도 문경시 문경읍 주흘1길20-0,,86.711,특수작전용대형기동헬기 기종결정 평가방안 연구,종합보급창
방공포병 모의훈련체계 구축방안 연구,육군정보학교,79323934.0,99.975,2019-05-23,와이에스컴퍼니,이형민,조진환,"서울특별시 영등포구 63로 32, 라이프콤비빌딩702호(여의도동)",111849389.0,89.471,25년도 안보정세전망 연구용역,국군수도병원
방위산업기술 유출 및 침해 대응체계 구축방안 연구,국방부유해발굴감식단,160121931.0,89.815,,한양대학교 산학협력단,이영환,권연주,서울특별시 강남구 일원로81-0 (일원동),,81.815,연구소 장비(분광광도계 등 4종)구매,국군대전병원
[24-육-128] 예비전력발전세미나 주제 연구(Ⅰ),공군본부,189091775.0,,2022-07-23,주식회사 엔브이티,최희경,이성표,"서울특별시 용산구 청파로349-0 (서계동,보은개발빌딩)",8884185.0,,상호운용성 정보보증 평가기준 고도화 방안 연구,중앙행정기관
20년 전파환경 측정/분석장비 유지보수 용역,국방부(운영지원과),147506111.0,89.556,2023-11-30,사단법인 녹색삶지식원,류황건,고기종,"서울특별시 금천구 가산디지털1로30,1712호 (가산동,에이스하이엔드타워10차)",,89.824,23-4차 산업혁명 접목 미래함정 발전방향 연구,중앙행정기관
모바일기기 증거분석체계 구매(교체),국방대학교,189551562.0,101.087,2022-10-27,디엔씨오토메이션,이용준,이미영,충청북도 청주시서원구 개신동446-2,,89.182,5인치 함포용 사거리연장탄 사업분석,계룡대근무지원단
국방과학기술 전문인력 소요분석 연구,제9691부대,170202897.0,90.356,,정원B&C,김병석,정연환,경기도 광주시 도척면 상림리51-19,9736081.0,,방위사업 계약법령 체계화 방안 연구,제3훈련비행단
효율적인 유지보수 사업관리 방안 연구,국군재정관리단,80638001.0,81.672,2023-07-08,주식회사 에스엘상사,이용준,최선미,경상북도 상주시 화서면 봉촌1길75-0,194566013.0,89.084,군 보건의료 발전계획 선행연구,제7016부대
급식유통센터 성과분석 및 (경남권)필요성 연구,공군작사근무지원단,81353355.0,89.839,2018-08-14,유한회사 엔디클릭,정택호,윤형규,경상남도 창원시 성산구 가음로101번길22-6,,97.899,24-항공관제 분석체계 유지보수 용역,국군복지단
계엄의 민주적 통제방안을 위한 법 제도 연구,국군화생방방호사령부,90244638.0,,2020-06-04,(주)동욱씨앤아이,배용수,김민재,경기도 광주시 도척면 상림리51-19,0.0,89.208,[24-육-18] C군지사 부대변천사 연구용역,제3130부대
17-방공관제사-102 보급수송과 신호분석기,공군본부,174037816.0,90.723,2024-03-04,(주)레오이노비젼,이진형,박종부,"서울특별시 강서구 마곡중앙5로22, 7층(마곡동)",,99.807,22-00생활관 신축 분석평가 및 선행연구 용역,제2879부대
공군 3훈비 방호시설 방호성능평가 연구용역,공군제7항공통신전대,167894957.0,,2023-06-19,육군군사전략연구소,임창욱,김채미,부산광역시 동구 고관로62 (초량동),,,해군 통합연동체계 SW 연구용역,국군재정관리단
군 간부 자살 특성 및 간부 자살예방시스템 연구,육군본부,67324528.0,,,한화오션 주식회사,김영식,정주영,"서울특별시 강남구 봉은사로129-0 (논현동, 거평타운오피스텔) 1126호",111095499.0,99.674,국방로봇 운용을 위한 법/제도 개정 및 인증제도 연구,국군재정관리단
21-공-신호발생분석기 구매,공군제10전투비행단,57133399.0,89.992,2020-02-12,신승하이텍,조희아,문송철,"서울특별시 금천구 벚꽃로254-0 (가산동, 월드메르디앙벤처센타) 1109호",59996.0,89.145,간부 팔로워십 교육프로그램 개발 연구용역,국군재정관리단
군시설 공사비 기준단가 산정 연구용역,제9691부대,87771139.0,89.756,2017-02-10,주식회사 이음,이문걸,김은민,서울특별시 서초구 서초대로19길10-11 (방배동) 2층,111656582.0,89.269,군 복무가치 제고 방안 연구,합동참모본부
24-해병-이동식 취약점 분석평가 도구(상용SW) 구매,육군종합군수학교,,89.57,,사단법인 한국기업연구원,김영경,이정원,"서울특별시 송파구 법원로11길25-0, A동 1310호(문정동, 에이치비즈니스파크)",11934952.0,99.763,공군 수송기 전력 최적화 방안 연구용역,군
21년 서울안보대화 프로그램 기획 및 발전방향 연구,제9691부대,71790201.0,,2017-01-26,주식회사 비용관리연구원,최진식,이화선,"경기도 수원시 영통구 광교로105, 607호(이의동, 경기 알앤디비센터)",,89.506,6.25 전쟁 기간/분야별 전쟁분석자료 번역 용역,제9965부대
전자파 분석장치 등 2종 구매,국군수송사령부,79277866.0,90.618,2024-05-24,한국재료연구원,한만웅,문송철,"서울특별시 강남구 논현로28길54-0 4층 (도곡동, 덕원빌딩)",0.0,82.922,19년 작전지속지원분석모델 유지보수(2018F124-G),국군재정관리단
19-한국 해양안보에 미치는 갈등요인과 대응방안 연구,국방부,56463676.0,89.131,,주식회사 바로텍시너지,박재완,송문수,"서울특별시 강서구 양천로551-17, 301호 (가양동)",,89.41,평시 복무 예비군제도 발전방향 연구용역,중앙행정기관
한국해군 협동교전절차(CEC) 수행방안 연구용역,4284부대,61048316.0,90.105,,미라클,김상인,이수행,경상남도 진주시 동진로420 (충무공동),,,차세대 첨단함정 건조가능성 검토 연구용역(III),군
24년 기술연구용역(1),제2879부대,82472705.0,,2020-06-26,주식회사 에스앤피,강종효,지용현,"서울특별시 용산구 한강대로40길39-12, 204호 (한강로2가)",,89.742,21-1차 개념설계 기술지원 연구용역,중앙행정기관
20-S-통합유류고 신축사업 선행연구 용역,육군제8971부대,63999054.0,100.256,2024-07-04,주식회사엔지아이,이희윤,김희주,강원특별자치도 철원군 동송읍 금학로31-98,7183261.0,,신호분석기 1대 구매,합동상호운용성기술센터
21-함정 창정비 효율화 방안 연구,국군화생방방호사령부,81162069.0,,2019-10-05,엘아이지넥스원주식회사,정연길,전수현,경기도 수원시 영통구 신원로306-0 (원천동) 이노플렉스 1동 1101호,71720774.0,95.206,11. 국제공동연구(AI기술을적용한...),국군수도병원
0000 수집/분석장비 구매,제7016부대,165817265.0,,2017-02-27,엠제이코리아,김한용,허정성,"서울특별시 강서구 마곡중앙5로1길20-0 (마곡동) 보타닉비즈타워 921,922호",116393871.0,89.903,CH-47D 후방도어 실린더 정비기술 개발 연구용역,군
다수 전술데이터링크 운영방안 연구용역,공군83정보통신정비창,172188089.0,88.434,2023-11-18,국방대학교산학협력단,김종하,김경모,"서울특별시 송파구 법원로11길7, 제11층 제1120호(문정동,문정현대지식산업센터)",,89.72,이동형장거리레이더 시설사업기본계획 연구용역,제7군단
21년 연래 해병대 리더십 수준 진단 연구용역,국방부(운영지원과),187882006.0,,2019-05-15,인하대학교 산학협력단,손영옥,이윤아,"서울특별시 송파구 법원로127-0 (문정동,대명벨리온)1117,1118호",164393781.0,,방산 부품산업 발전을 위한 지원체계 구축방안 연구,국군재정관리단
신기술 기반 공군 교육통합플랫폼 구축방안 연구,국방통합데이터센터,46988135.0,90.489,2019-08-04,테크노빌리지 주식회사,권현한,김홍정,대전광역시 동구 옻밭5길159-0 (판암동),0.0,88.838,기술연구 환경구축 PC사업,군
(246202-D)지형분석장비 교체사업(리스자산),육군인사사령부,,89.78,2019-05-17,한국교통대학교산학협력단,권혁웅,권시형,"서울특별시 강남구 봉은사로129-0 (논현동, 거평타운오피스텔) 1126호",0.0,98.577,19-2-00사 터널형 탄약고 신축 타당성 검토 연구 용역,4284부대
차세대 전투차량 발전방안 연구 용역,국방부(운영지원과),,101.303,2017-05-04,(사)한국기상전문인협회,남상경,정현석,대전광역시 동구 대전로889-4 (삼성동),7247581.0,,23년 기술연구용역 계약 의뢰(2),기관
SIEM을 활용한 사이버 침해 경로 도출방안 연구,해군군수사령부,164649108.0,,2022-12-10,주식회사 티이디컨설팅그룹,김유진,주현도,충청북도 괴산군 문무로85-0 중원대학교내 (괴산읍),,,17년 지형분석장비 교체사업,제6619부대
열상감시장비 초음파모터 등 3종 정비개발 연구용역,국군재정관리단,64100491.0,95.218,2018-12-07,(주)정산,김연수,심장원,"서울특별시 금천구 가산디지털1로19, 406호, 407호, 408호, 409호(가산동,대륭테크노타운18차)",4921092.0,88.697,23-N-유황분석기 구매,중앙행정기관
ArmyTIGER4.0네트워크정보유통능력분석연구용역,국방시설본부,80462753.0,90.384,,삼송,권오경,신범수,광주광역시 서구 양동로41번길21-9 (양동),0.0,89.005,전투실험 설계 및 결과 분석 방법 연구용역,제5019부대
00 군공항 이전 시설기본요구조건(안) 작성 연구용역,제5738부대,175916874.0,90.218,2019-08-16,강원대학교산학협력단,김성빈,차미정,대전광역시 유성구 유성대로1184번길 29(신성동),11697623.0,98.351,병영환경 및 상담대상자 특성과 연계한 상담기법 연구,중앙행정기관
23-OO방호시설 개선 연구용역,방위사업청(운영지원과),156207706.0,,,(주)지인시스템,양희성,공현철,"경기도 평택시 평택5로34번길48, 402호(합정동)",,88.975,22-12차 연구장비 구매 계약 - 초저온냉동고,국군재정관리단
(226362-F)작전지속지원분석모델장비 도입(리스물건),합동참모본부,63318045.0,89.772,2019-07-16,(사)한국산업기술보호협회,안인수,배용수,"서울특별시 금천구 가산디지털1로146, 705호(가산동, 대륭테크노타운22차)",0.0,95.923,지형분석용 차량(개조) 제조,제2879부대
24년 국방민원서비스 만족도 조사 연구,육군공병학교,81147576.0,,,(주)모던애드,장우영,양선희,충청남도 천안시 동남구 풍세로303-0,,99.326,(237345-F)기체크로마토그래피 질량분석기 구매,기관
19-해양무인체계 탑재/운용 함정 설계개념 연구,국군수도병원,146928865.0,100.855,,주식회사 화성에어토탈,김종수,배원호,"서울특별시 중구 퇴계로27길25, 305호(충무로3가, 청림빌딩)",3110136.0,98.722,개전초 동원긴요부대 전시 완정성 보장 방안 연구,합동상호운용성기술센터
23-D-액체질량분석기 구매(2310036-F),공군사관학교,,,2016-12-25,다우미디어테크,오상석,윤진영,"서울특별시 강남구 봉은사로129-1, 5층(논현동)",14411446.0,88.914,교육장비(동작분석 측정장치 세트) 구매설치,합동상호운용성기술센터
군 VoiP 교환시스템 통합운용방안 연구 용역,수도기계화보병사단,62783107.0,90.961,2020-06-21,건양대학교 산학협력단,방혁준,박은숙,"경기도 성남시 수정구 위례대로83(창곡동, 국방문화센터)",104592671.0,97.7,무기체계 인공지능 기술적용 JROC 작성지침 개정 연구,제7군단
단안형 야간투시경 조리개 개발 연구용역,한미연합군사령부,,,2016-07-02,주식회사 화이트스캔,신명화,김미정,"경기도 고양시 덕양구 능곡로13번길16-0 , 202동 2401호(토당동, 능곡2차현대홈타운)",,,항-19-088 자동면역분석기 시약 등 117종,제6619부대
K1A1전차 성능개량 사업분석,국군복지단,,92.361,2017-07-22,에이스 컴퍼니,김지은,백도현,충청북도 청주시 상당구 월평로250번길6-0 (용암동),100473149.0,89.53,2024년 바세나르체제 군용물자목록 개정소요 연구,기관
공군 정보통신 준·부사관 특기체계 개선방안 연구,국방시설본부,98692057.0,90.143,2022-03-22,사단법인 한국국가전략연구원,이귀숙,이재숙,충청남도 서산시 해미면 한서1로 46 한서대학교내산학협력단,28703907.0,89.53,생화학자동분석기(동물용) 등 3항목 구매(의무),계룡대근무지원단
24-미래 공군병력 부족 대비 인력공급 확대방안 연구,국군제1068부대,,102.751,2022-09-11,(주)한신솔루션,금동중,한기관,"서울특별시 금천구 가산디지털2로184, 1017호(가산동, 벽산.경인디지털밸리2)",,88.624,(207108-H)네트워크 위협 분석체계 구축사업,국군재정관리단
KUH-1 헬기 견인장치 안전센서 개발 연구용역,제9691부대,78973722.0,90.449,2020-06-21,은성세미,홍문기,조혜진,부산광역시 중구 대청북길31 (대청동4가),101330383.0,95.182,22-美 해군 6.25전쟁 분석자료 번역 용역,국군재정관리단
[상층대기 분석장비]회로카드 조립체 등 4종 구매,특수전사령부,537210173.0,89.618,2019-01-26,아주대학교 산학협력단,장수현,김정자,충청북도 청주시 상당구 월평로250번길6-0 (용암동),6794628.0,,탄약 물류혁신을 위한 확보  재산관리 개선방안 연구,제2879부대
무기체계 획득.운용 연구용역,한미연합군사령부,164355413.0,,2022-08-27,(주)조은아이앤에스,안은희,김태욱,서울특별시 서대문구 포방터2길24 (홍은동),102273509.0,89.176,LOSS율 적용을 통한 소형/저단가 품목 관리방안 연구,중앙행정기관
공기조화계통(HAVC) 성능개선 방안 연구 용역,국방부(운영지원과),,90.548,2022-02-24,아셀플래넷,김한용,최주평,대전광역시 유성구 테크노2로66-6 (관평동),9793434.0,89.696,군수품 수송용 드론 선행연구 용역,국군재정관리단
22년 기술연구용역 계약(4),제2879부대,,,,주식회사 희망에어텍,안주섭,오은주,강원특별자치도 춘천시 강원대학길1 (효자동),,88.846,전차와 육군헬기의 혁신적인 운용개념 발전 연구,제20전투비행단
24년 간부 파트너십 교육프로그램 개발 연구 용역,합동군사대학교,63741594.0,89.72,2022-10-19,이비티주식회사,손창호,문송철,전라남도 목포시 해양대학로 91(죽교동),3366307.0,,고속상륙정(LSF-II) Batch-II 사업분석,중앙행정기관
24년 기술연구용역(2),제5군단사령부,,89.353,,서울대학교 산학협력단,이명식,김혜진,서울특별시 서초구 과천대로946 (방배우성아파트 상가) 302호,114755390.0,89.147,핵심기술(위성용 SAR 안테나) 비용분석,국군복지단
국방 시뮬레이터 운용실태 및 발전방안에 관한 연구,제9691부대,,101.372,2019-04-06,(사)국방시설연구협회,엄현성,양금식,서울특별시 마포구 양화로183-0 (동교동) 효성홍익인간오피스텔 11층 1112호,110496081.0,89.002,빅데이터 기반 공중전투 기동 분석기술 연구용역,기관
(207118-D)00분석체계 구축자재 구매,육군대학,79513727.0,89.415,2019-02-12,우주산업플랜트 주식회사,유재웅,동미림,"서울특별시 강남구 도산대로 507, 대신빌딩205호(청담동)",,,손상통제사 자격신설 연구,중앙행정기관
특수작전용대형기동헬기 시설사업기본계획 연구용역,제7016부대,,98.159,,(사) 한국관세무역개발원,이희석,안은희,"충청북도 청주시 서원구 사직대로164번길9, 401(사창동)",,97.408,훈련 및 부대운영 빅데이터 활용방안 연구용역,제2307부대
해안경계 임무전환 관련 안보상황 평가체계 연구,제20전투비행단,149865594.0,90.496,,주식회사엔클라우드,최명진,이진선,"서울특별시 용산구 청파로40, 3층 (한강로3가, 삼구빌딩)",295955.0,89.252,국방통합 온라인 공개강좌(M-MOOC) 설계 방안 연구,기관
기술인력육성 보조사업자 운영성과 평가 및 연구,합동군사대학교,,,2023-09-12,엘아이지넥스원주식회사,강종효,오순길,충청북도 단양군 단양읍 상진14길 1(),425320439.0,89.38,22-공-소음측정 및 분석시스템 구매(229124-F),국군의무학교
ATCIS 2차 성능개량 0000체계 운용요구서 연구,국방부유해발굴감식단,155423323.0,90.287,2017-06-12,한국자동차연구원,이현정,한영준,부산광역시 중구 대청북길31 (대청동4가),0.0,,청년장병의 군 복무간 지원 및 보상(취업분야) 연구,중앙행정기관
전술정찰정보수집체계 경미한 성능개량 사업분석,공군제18전투비행단,,90.088,2024-07-20,한남대학교 산학협력단,나인성,김평희,"경기도 용인시 처인구 명지로 116, 명지대학교(남동)",0.0,89.798,20-해군 무장체계의 효율적인 창정비 방안 연구,국군재정관리단
열상감시장비 초음파모터 등 3종 정비개발 연구용역,제2307부대,173778241.0,,,재단법인 중소조선연구원,최규식,성진숙,"부산광역시 해운대구 양운로42번길18, 8층 803호(좌동, 에이원웨이)",114761772.0,,연구장비(가스크로마토그래피) 구매 계약,제2군단
AI 기반 UAV 군집운용 해상작전적용 가능성 연구,공군미사일방어사령부,,89.684,,기술표준화연구소,소범석,오중택,"충청북도 청주시 상당구 용암북로44번길3, 101호(용암동)",8618050.0,98.771,00부대 정보체계 취약점 분석 도구 구매,제2307부대
원거리 구조지원 수행능력향상 방안 연구,공군교육사령부,1393004056.0,,2020-06-15,육군3사관학교 산학협력단,김종귀,우수진,"서울특별시 구로구 디지털로26길61, 에이스하이엔드타워2차 2001호 (구로동)",102583072.0,89.691,4차 산업혁명 연계 미래 해병대 발전 연구용역,국군재정관리단
(216162-B)차륜정비장비(분석기  차량엔진용) 구매,공군제15특수임무비행단,175690729.0,89.586,2022-04-10,고려대학교산학협력단,김동건,송포,서울특별시 영등포구 여의대방로67길11-0 (여의도동) 5층 A5-29호,104140601.0,88.913,(226220-F)발광분광 분석기 구매,제2879부대
병 자기개발비용지원 적정추진체계 구축 연구용역,공군제18전투비행단,66181745.0,,2024-01-21,해용정보통신주식회사,곽재수,우광석,서울특별시 관악구 남부순환로1808 (봉천동) 1414호,8078760.0,89.265,예비전력 예산  국방예산의 1%달성 방안 연구,제20전투비행단
차륜형장갑차 성능개량 사업 비용분석,공군군수사령부,85991209.0,89.832,2022-03-30,노무법인 디와이,장승희,박명근,"서울특별시 구로구 디지털로33길55, 1009호 (구로동, 이앤씨벤처드림타워2차)",,,군인연금기금 책임준비금의 적정 규모 기준 설정 연구,국군재정관리단
23년 전투실험(연구용역사업),공군교육사령부,,88.686,2024-07-24,상명대학교산학협력단,김희상,이민재,부산광역시 영도구 태종로 233(봉래동5가),109223024.0,,미래 트랜드 변화와 육군의 대응방향 연구 용역,제20전투비행단
지휘헬기-II 기종결정 평가방안에 관한 정책연구용역,국방부(운영지원과),,,,주식회사 사이버앤네트워크연구원,박수영,심지민,서울특별시 중구 무교로16(무교동),0.0,88.974,무기체계 유형별 맞춤형 R&D 수행절차 연구,제20전투비행단
22-병력절감형 Smart Battleship 함정 설계연구,합동상호운용성기술센터,69470288.0,,,이매니지먼트(주),강현순,박한솔,"서울특별시 구로구 디지털로272-0 (구로동, 한신아이티타워) 605~607호",,89.496,알코올 대사체 분석방법 연구,제9965부대
군 지역 유무인기 통합운용 안정성 연구 용역,국군화생방방호사령부,56330032.0,90.145,,김근우시스템공학기술연구소,이승호,김흥광,"서울특별시 강남구 테헤란로64길13, 504호 (대치동, 선릉역 풍림아이원레몬)",98454639.0,81.27,잠수함용 부유식기만기 경미한 성능개량 선행연구,군
21년 항공관제 분석체계 유지보수,공군제16전투비행단,,89.937,2020-06-30,과학기술정책연구원,정진욱,임찬상,,,,사회공학기법과 사이버 작전과의 연계성 연구,제5738부대
군 어린이집 운영 발전방안 연구,한미연합군사령부,94626731.0,89.911,,주식회사 에스아이정보기술,최광열,신남선,충청남도 서산시 해미면 한서1로 46 한서대학교내산학협력단,,101.043,24-첨단기술활용한 피아식별(인원) 방안연구 용역,제3훈련비행단
