입찰공고명,공고기관명,최종낙찰금액,최종낙찰율,최종낙찰일자,최종낙찰업체명,최종낙찰업체대표자명,최종낙찰업체담당자명,최종낙찰업체주소,최종낙찰금액_num,낙찰율_num,연구주제,기관_상위
18년 작전지속지원분석모델 유지보수 용역,국군재정관리단,,81.1951,2021-08-20,제이컴,김태훈,이희국,"경기도 군포시 고산로148번길17-0, B동 1303호, 1304호, 1305호(당정동, 군포IT밸리)",176566473.0,81.1977,의무장비(생화학자동분석기 등 2종) 구매(17-207),국군재정관리단
효율적인 탄약 전력화 방안 연구,공군본부,,,2020-06-14,주식회사도시경영연구원,김규원,노민택,"서울특별시 구로구 디지털로33길55, 1009호 (구로동, 이앤씨벤처드림타워2차)",259593042.0,87.0917,22-15차 연구장비 구매 계약 - 진탕욕조,군
유도무기 적정 수리부속 보유량 산출 연구 용역,합동참모본부,127321772.0,87.0318,2019-04-12,,,,,127277389.0,87.0357,국방표준화 개발을 위한 협력기관 지정 활용방안 연구,기관
전파영향평가 방법 비교분석 및 실증 연구,제7821부대,7386185.0,83.4614,,(주)휴먼이퀘이션,반상우,이슬,"서울특별시 구로구 디지털로33길55, 1009호 (구로동, 이앤씨벤처드림타워2차)",,83.4627,민군복합타운 조성을 위한 제도적 방안 연구,합동참모본부
19년 작전계획분석모델 장비교체사업(20198065-E),합동참모본부,,96.2968,,,권시형,민성현,서울특별시 관악구 관악로1 (신림동),,96.2941,항-19-088 자동면역분석기 시약 등 117종,군
스펙트럼용 분석기 구매,해군본부,119877900.0,,,세종대학교산학협력단,김성룡,김유미,"서울특별시 마포구 월드컵북로501-0 (상암동, 상암월드컵파크9단지)904동1005호",119763983.0,86.0167,항공기 운영이력 빅데이터 수집 및 분석기법 연구,국군재정관리단
(20F169-A)지형분석장비 교체사업 등 17건 금융리스,국군재정관리단,73097359.0,,2019-01-19,사단법인한국강구조학회,송귀섭,오중택,"서울특별시 강남구 테헤란로69길5(삼성동,DT센터)",73065986.0,,21년 공군 자동면역분석기 시약 등 163종 구매,중앙행정기관
강릉병원 기능조정 연구용역,국군제1068부대,,,,,,박계향,,52998741.0,89.4567,고속전투정 기지건설 방안 연구 용역,합동참모본부
사이버위협 분석체계 개선사업,제9691부대,181605451.0,81.0992,2017-02-02,,,전희수,,181652629.0,81.0957,생성형 AI 서비스 구축 방안 정책연구용역,기관
한국형 임무형 지휘와 리더십 관계 정립 연구용역,국군재정관리단,160827945.0,,,,전건욱,,대전광역시 유성구 대덕대로512번길20-0 (도룡동) 대전정보문화산업진흥원 304호,160757720.0,67.1198,미래 무기체계 소요 연구용역,군
23-F-전자정보 수집/분석장비 유지보수,국군재정관리단,,,2022-08-24,세영정보통신(주),조완제,곽은혜,"서울특별시 마포구 마포대로 12, 한신오피스텔(마포동)",,97.0989,(226154-E) 차륜정비장비(분석기 차량엔진용) 구매,국군재정관리단
2020 서울안보대화 프로그램 기획 및 발전방향연구,국군수송사령부,173949927.0,93.7884,2019-06-18,나우통상,김종광,조길래,"경기도 고양시 일산동구 중앙로 1233, 현대타운빌 1305호(장항동)",174041923.0,93.785,국방컨벤션 발전방향 연구용역,4284부대
22-13차 연구장비 구매 계약 - 원심분리기 중형,방위사업청(운영지원과),242084000.0,98.1159,2018-06-21,,,,,,98.116,국방 사이버보안 종합발전 전략 연구,중앙행정기관
북핵 미사일 대응방안 연구용역,제9691부대,,,,,,이정현,,13529302.0,76.9949,국방기술조직을 활용한 함정 기술관리 방안 연구 용역,기관
2023 임상의학연구센터 통계프로그램 구매,해군본부,295669538.0,91.621,2023-01-06,(주)제트코,안명수,서정은,"인천광역시 미추홀구 주안동로25번길47-11, 302호(주안동, 경일하이빌)",295572539.0,91.6202,교육장비(질량분석기) 구매,군
23년 비용분석모델(True Planning) SW유지보수 용역,국방부군사편찬연구소,27644391.0,77.9083,2022-03-19,연세대학교 산학협력단,염진수,조명희,서울특별시 마포구 월드컵북로5길59 (서교동),,77.9142,(236044-G)사이버 조사분석체계 교체 및 추가도입사업,중앙행정기관
함정 GPS 함속력계 신호 변환 장치 개발 연구용역,합동참모본부,115116749.0,99.3319,2019-08-21,사단법인 안보경영연구원,박정기,박계향,"서울특별시 강남구 언주로527, 10층 (역삼동)",,99.3314,미래 우주전장 분석 및 공군 우주전략 수립 연구용역,군
민사분야 연구용역(2-2),제9691부대,,95.3899,2022-02-24,주식회사 콤텍정보통신,정승인,이화선,경상남도 창원시 성산구 창원대로797 (상남동),,95.3879,방음정비고 사업 정립을 위한 선행연구용역,기관
해상작전헬기 2차사업 기종결정 평가항목/가중치 연구,육군본부,359260.0,97.5786,,,,,,,,국방군사시설 건축바닥면적 기준 개정 연구용역,중앙행정기관
23-N-금속성분분석기 구매,제2879부대,,98.2223,,주식회사 이노메디케어,배홍기,문효연,"경기도 고양시 덕양구 용현로10-0, 508동 203호 (행신동, 무원마을5단지 아파트)",,98.2193,(236367-B)표적분석용 워크스테이션 구매(리스물건),군
시험평가 의사결정체계 효율화 방안 연구,육군교육사령부,,91.9354,2022-07-24,조선대학교 산학협력단,박종석,이화주,"서울특별시 구로구 디지털로32길 30, 코오롱디지털타워빌란트15층(구로동)",27853224.0,91.9377,민군복합타운 조성방안 연구,중앙행정기관
22-해상기반 우주발사체계 개념 연구,국군재정관리단,50045911.0,,2019-07-05,(주)아이엠티,정중식,유관주,세종특별자치시  국책연구원로15-0 (반곡동),50026997.0,97.7251,활주로지역 배수로 개선 분석평가 및 선행연구 용역,군
개전초 동원긴요부대 전시 완정성 보장 방안 연구,방위사업청(운영지원과),6746877.0,,2020-10-11,(사)21세기군사연구소,김진욱,정봉원,"서울특별시 송파구 법원로11길25-0, A동 1310호(문정동, 에이치비즈니스파크)",,87.2238,연합/합동 연습모의모델 획득 및 운영방안 연구,중앙행정기관
(216323-C) 네트워크 위협 분석체계 구축사업,국군재정관리단,17496733.0,90.0435,2020-01-08,사단법인 국방지능정보기술융합협회,경상현,김지은,서울특별시 영등포구 영등포로35길10-0 (영등포동6가) 8층 809호,,90.0448,22년 분석실험실 상용 SW 구매,중앙행정기관
21-첨단 수중전력 소요기술 분석 및 적용방안 연구,합동참모본부,44747214.0,90.6815,2016-10-12,법무법인(유한)태평양,이문걸,이기석,"경기도 포천시 호국로 1007, 대진대학교 산학협력단(선단동)",44702777.0,,잠수함용 예인정-ll 개념설계 기술지원 연구용역,군
공지통신무전기 성능개량 사업분석,국군재정관리단,1741749.0,96.6082,2023-08-17,라온시스템즈(주),신준호,조영진,"광주광역시 북구 양일로168-10, 비동 1층(양산동)",1743783.0,96.6055,22-美 해군 6.25전쟁 분석자료 번역 용역,중앙행정기관
기술교범 국제규격 S1000D 적용 방안 연구,공군본부,,,2019-05-15,건양대학교 산학협력단,박종재,오중택,"서울특별시 성동구 왕십리로 222, 한양대학교 내 한양종합기술연구원 110호(행당동)",164956790.0,,23년 기술연구용역 계약 의뢰(4),기관
비궁 창정비요소개발 사업분석,육군본부,,86.1507,2023-05-03,주식회사 비용관리연구원,이영진,김보명,서울특별시 마포구 양화로183-0 (동교동) 효성홍익인간오피스텔 11층 1112호,495498109.0,86.1504,(227334-E)정밀측정장비(스펙트럼분석기 등 2종)구매,국군수도병원
국방정책연구과제 연구용역 계약,공군본부,32302860.0,93.2075,2021-12-17,(주)프라이전트,손승우,최순아,"충청남도 계룡시 서금암3길5, 925호(금암동, 쉐리움오피스텔)",,93.2027,22-작전지휘시설 신축 분석평가 및 선행연구 용역,군
해성-I 창정비요소개발 사업 비용분석,해군본부,30664928.0,86.4619,2024-04-18,태형상사주식회사,정영석,유보라,서울특별시 영등포구 의사당대로38 (여의도동) 101동 412호,,86.461,유전자감정장비(자동염기서열분석기)소모품 설치 납품,군
사회공학기법과 사이버 작전과의 연계성 연구,국군의무사령부,190950065.0,87.0099,2020-03-03,청주대학교산학협력단,김재욱,전재신,대전광역시 유성구 대덕대로776-0 (화암동) 한국천문연구원,191241731.0,87.0079,교육연구자료 원문 DB 구축 용역,군
저피탐 정찰용 무인항공기 개발기술 및 운영개념연구,국군재정관리단,80348531.0,,,,황순용,염진수,,,95.8228,00훈련장 이전 연구 용역,군
신 작전수행개념 구현을 위한 교리발전 방안 연구용역,공군사관학교,,,2016-05-26,세종대학교산학협력단,김윤혁,박계향,"서울특별시 서초구 서운로 226, 서초오피스텔 404호(서초동)",111561639.0,,우수인재의 개념과 자격기준 연구용역,군
표적획득 및 사격지휘체계 발전에 따른 포병효과 분석,수도방위사령부,434002819.0,,,정투유통,이재관,정승인,충청남도 아산시 삼동로40 (모종동)3층 301-37호,434266964.0,81.6109,중합염기서열분석기 구매,합동참모본부
군사시설 건축공법(경량화) 개선 연구,국방전산정보원,209909099.0,93.6715,2018-03-11,(사)21세기군사연구소,한민구,,서울특별시 용산구 새창로128-1 (용문동) 2층,,93.6698,230mm급 무유도탄사업 선행연구,군
공병분야 M&S 연구용역,육군교육사령부,48398595.0,,2019-10-05,,박정기,남명우,"서울특별시 강남구 언주로527, 10층 (역삼동)",48383105.0,,선체고정음탐기 선행연구 용역,국군재정관리단
비행대대 조종사 적정 편제 및 대체 인력 운영 연구,방위사업청(운영지원과),53795171.0,,,,,김서현,,53853084.0,87.3696,V-C 체계간 연동기술 연구,중앙행정기관
대전병원 생화학 자동 분석기 소모품 20종 구매,방위사업청,,82.5539,2022-06-12,인하공업전문대학 산학협력단,한영수,박준용,"경기도 용인시 처인구 명지로 116, 명지대학교(남동)",304494847.0,82.5565,해병대 간부 및 병 획득율 제고를 위한 개선방안 연구,군
화생방 연구 재료 초자 구매,국방부(운영지원과),3835272.0,89.3113,2019-04-06,,김진욱,,,3840085.0,,방위산업 발전 및 경쟁력 강화를 위한 법적기반 연구,중앙행정기관
한국형 비용분석 전산모델 고도화 ISP 수립,국방부조사본부,,,2023-12-16,,,,,139647410.0,88.1237,정밀측정장비(제원분석기) 구매,중앙행정기관
미래 육군 상비병력 절감방안 연구,국방대학교,,92.2012,2021-07-12,,,,,211666014.0,,주요 비행피복류 맞음성 개선 및 표준화 연구,군
상비군 수준의 동원위주부대 전력보강 방안 연구,방위사업청(운영지원과),15020166.0,89.1038,2018-12-17,(주)한국기술연구소,이병택,황병윤,"서울특별시 중구 퇴계로213, 309-24호(충무로4가, 일흥빌딩)",14987763.0,89.1042,사이버 기술연구 환경구축 SW(라이선스) 구매,군
미래 육군 여군인력 활용성 제고방안 연구,국군재정관리단,,80.392,2022-02-06,,,김우중,,,80.3901,범국민 안보의식조사 정책대안 연구용역,군
22-군 비행장 조명시설 표준화 연구용역,국군재정관리단,30132696.0,100.5509,,티엠시 주식회사,서선숙,김용오,"서울특별시 성동구 광나루로130, 907호(성수동1가, 서울숲아이티캐슬)",,,육군 안전수준 진단체계 연구,군
스펙트럼분석기구매 (20199198-I),국군의무사령부,323943226.0,,2019-01-17,주식회사 에스아이정보기술,김석용,박영희,"부산광역시 해운대구 양운로42번길18, 8층 803호(좌동, 에이원웨이)",,92.458,대장균 정성분석키트 등 28항목 구매(물품 해파),합동상호운용성기술센터
복지회관 중·장기 보수계획 관련 연구용역,국군재정관리단,25598027.0,72.2928,2023-03-01,,,,,25587118.0,72.29,함정 건조사업 추진단계 효율성 향상방안 연구,국군재정관리단
의무장비[혈액가스 분석기(휴대용)] 구매,공군본부,675208666.0,,,(사)한국위기관리연구소,홍헬렌,김한욱,"경기도 용인시 기흥구 흥덕중앙로120-0 (영덕동, U - TOWER)",675298113.0,90.5636,통신가설차 경미한 성능개량 사업분석,국군재정관리단
인터넷 패킷저장분석체계 구축사업(리스물건),방위사업청(운영지원과),341563578.0,,2023-04-08,,,,,341653031.0,97.5708,민간군사기업(PMC) 등 민간 아웃소싱에 대한 개념연구,군
항행안전시설 비행점검장비의 군 필요성...연구,방위사업청(운영지원과),89268919.0,100.055,,,,,,89291785.0,100.0528,대형양산사업의 제반 조건 분석 및 방안 연구,중앙행정기관
KUH-1 엔진 시험장비 고장예측시스템 개발 연구용역,해군본부,200821654.0,96.0163,2021-10-21,(재)서해환경과학연구소,임승택,이경순,"서울특별시 서대문구 연세로 50, 연세대학교(신촌동)",200810536.0,96.0128,기초비행훈련용헬기 조종계통 시험장비 개발 연구용역,국군재정관리단
원거리 구조지원 수행능력향상 방안 연구,육군교육사령부,177406517.0,,,,,,,177336197.0,86.8236,23년 전투발전 연구용역(3),중앙행정기관
물류원가 데이터 수집 및 산정/관리 방안 연구,제2879부대,275275315.0,,2018-08-18,(주)액티브솔루션,김석용,이정민,서울특별시 구로구 디지털로34길55-0 (구로동),275345160.0,96.6605,의무후송전용헬기 시설사업기본계획 연구용역,제9691부대
국방데이터 품질점검 실증 및 운영방안 연구 사업,국군재정관리단,130486806.0,99.4134,2022-09-23,대진대학교 산학협력단,김용주,진주,서울특별시 서초구 사임당로32 (서초동) 재우빌딩 9층,130454152.0,99.4137,23년 국방정책토론회 학술연구용역,제9691부대
손상통제사 자격신설 연구,국방부(운영지원과),,,2016-10-08,국방대학교산학협력단,,백도현,"서울특별시 용산구 한강대로62길41, 3층 (한강로1가)",30143764.0,87.0006,복합재 항공기 구조물 구조건전성 해석기법 연구용역,국군제1068부대
영평사격장 이전 가능성 연구,국방부조사본부,101450844.0,81.7685,,서울대학교 산학협력단,김주희,황병윤,"서울특별시 용산구 한강대로62길41, 3층 (한강로1가)",101438938.0,81.775,병력책정 기준연구(비행대대 조직구조 개선방안),군
분석기  스펙트럼용,해군본부,,,2021-05-10,한양무선통신,고기종,배성권,"서울특별시 금천구 가산디지털1로19, 406호, 407호, 408호, 409호(가산동,대륭테크노타운18차)",494573778.0,85.1746,22년 의무장비(혈액가스분석기 소형) 구매,국군재정관리단
첨단과학기술의 군 활용성 제고 발전방안 연구용역,해군본부,10623075.0,83.9241,2016-09-07,주식회사 안보기술연구원,김근우,,"서울특별시 용산구 청파로47길 100, 숙명여자대학교내(청파동2가)",10634703.0,,무인수상정 탑재운용 군 요구조건 도출 연구용역,국군재정관리단
(20F088-A)소음영향도 작성을위한 소음측정및분석용역,국군의무사령부,41307443.0,,2021-02-10,,,,서울특별시 노원구 화랑로574-0 (공릉동),,,단안형 야간투시경 조리개 개발 연구용역,군
23~27 국방양성평등정책기본계획작성방향 연구,국방부(운영지원과),34682795.0,,2016-09-08,한성대학교 산학협력단,박문희,경상현,"서울특별시 중구 동호로7길41, 2층(신당동)",34678132.0,80.7453,수성사격장 주변지역 주민 의식조사 연구,기관
위성전군방공경보체계 경미한 성능개량 사업분석,육군군수사령부,,84.4452,,주식회사 엘씨케이테크놀로지스,박영욱,최광용,경기도 성남시 분당구 판교로228번길15-0 (삼평동) 윈스동 4층,88503882.0,,추진장약 분석시험용 재료구매,국군제1068부대
2019 서울안보대화 사이버워킹그룹 발전연구,국군의무사령부,,,,,,정주교,,,,효과성·활용성 중심의 군내 NCS 적용방안 연구용역,국군재정관리단
군내 성희롱 행위자 재발방지 프로그램 연구,국방부(운영지원과),109270373.0,,2019-09-29,대전대학교 산학협력단,이광형,권소희,"경기도 용인시 처인구 명지로 116, 명지대학교(남동)",109363824.0,,24년 기술연구용역(3),군
RAM 분석 및 군수지원 분석방법 선진화 연구(1차),방위사업청(운영지원과),382591506.0,87.288,,,,,,382468249.0,87.2932,2017 서울안보대화 프로그램 기획 및 발전방안 연구,중앙행정기관
항-16-069 자동면역분석기 시약 등 37종,국군수도병원,270781716.0,95.5532,2018-11-24,아주대학교 산학협력단,김운용,권시형,광주광역시 서구 마륵로28-1 (마륵동),270778433.0,95.5525,우주안전 발전 생태계(거버넌스) 구축 연구 용역,군
대형양산사업의 제반 조건 분석 및 방안 연구,공군군수사령부,93456140.0,80.4297,2019-02-04,(사)21세기군사연구소,한민구,김정일,,93553673.0,80.4295,전투실험 발전 세미나 과제 연구용역(1),군
모바일기기 증거분석체계 구매(교체),방위사업청(운영지원과),5421265.0,80.4512,,(주)에프오알엠도시건축공간연구소,,허성일,"충청남도 논산시 대학로 121, 건양대학교 산학협력단(내동)",5423471.0,80.4522,국방인력획득 효율성 제고를 위한 발전방안 연구,군
항공관제 분석체계(HW SW) 유지보수,육군교육사령부,79479232.0,80.3068,,사단법인 대한민국 육군발전협회,김진욱,,"서울특별시 종로구 홍지문2길20-0 (홍지동, 상명대학교)",,80.3056,’19년 디지털 포렌식 분석장비 교체(20197105-A),중앙행정기관
국방 정신전력교육지도사 자격신설 연구용역,국군재정관리단,374676277.0,88.6104,2021-11-27,에이디링크,정인영,서경원,"경상남도 창원시 마산합포구 해안대로91, 상가 205호(해운동, 경민시티빌)",,88.6087,공중 무인무기체계 표준화 방안 연구,국군재정관리단
국방감항인증원(가칭) 설립 및 운영에 관한 연구,국군재정관리단,61769834.0,84.6382,2018-10-06,주식회사 엘티에스,손승우,최효정,경기도 의왕시 오봉산단3로25 (삼동) 의왕테크노파크 더리브비즈원 1동1528호,61669892.0,84.6307,미래 지역예비군 최적화 방안 연구 용역,제9691부대
우수인재의 개념과 자격기준 연구용역,국군재정관리단,,92.5249,2020-08-08,에스텍아이앤씨 주식회사,지용현,박상욱,"서울특별시 성북구 숭인로2길61-0 (길음동, 길음동동부센트레빌아파트) 103동 11층02호",,92.5256,2017년 범국민 안보의식조사 연구용역,군
AI기반 드론봇 네트워크 운용 및 실험설계 연구용역,제9691부대,,,2016-12-04,,,,,267568297.0,85.0689,V-C 체계간 연동기술 연구,군
(207134-H)국방보안조사 분석시스템 HW구매(리스물건),국방부(운영지원과),73278856.0,95.3198,,사단법인 엔케이지식인연대,이훈민,서혜진,경기도 시흥시 경기과기대로269(정왕동),73277085.0,95.3195,신호분석기 1대 구매,군
22-해상기반 우주발사체계 개념 연구,방위사업청(운영지원과),200630384.0,96.9024,2018-09-08,,,,,200728190.0,,전력화장비 후속군수지원 사업 개선방안 연구,중앙행정기관
해병대 정체성 향상 프로그램 교육체계 설계 연구,해군본부,77203522.0,,,(사)한국전략문제연구소,전건욱,,,77199069.0,85.8898,22-1차 개념설계 기술지원 연구용역,4284부대
항공무기정비분야 안전관리체계 고도화방안 연구용역,국방부(운영지원과),,84.5244,,,,이재평,,51213638.0,84.5248,21-함정 스마트 브릿지 모델 개념 연구,제9691부대
범국민 안보의식조사 정책대안 연구용역,방위사업청(운영지원과),,86.9499,2018-05-22,주식회사 마에스트로네트웍스,송봉주,나인성,"경기도 성남시 수정구 청계산로686 (고등동), 반도아이비밸리 424호",225890334.0,,16-상층대기 분석장비 외주정비,중앙행정기관
항-18-043 자동면역분석기 시약 등,국군재정관리단,71867477.0,,,(주)에프오알엠도시건축공간연구소,박문희,박준용,"경기도 용인시 처인구 명지로 116, 명지대학교(남동)",,88.8312,대잠훈련분석체계(AEAS) 유지보수 용역,국군재정관리단
국방 디지털 서비스 환경 전환 방안 연구,국방부(운영지원과),106799171.0,89.5448,2021-10-23,제이에스전자,윤진영,경상현,"서울특별시 성북구 화랑로76, 제3층 307호(하월곡동,코업스타클래스)",106849862.0,89.5442,22-12차 연구장비 구매 계약 - 초저온냉동고,국군재정관리단
군급식조달체계변화에따른적정급식비산출에대한연구,국군제1068부대,,,2022-11-22,사단법인 한국자살예방협회,노광현,전영섭,"서울특별시 성북구 정릉로 77, 국민대학교내(정릉동)",44798725.0,,대류권산란파 장거리통신장비의 군사적활용 검증연구,기관
작전환경고려 전투실험 방법 및 평가 분석방법 연구,국군화생방방호사령부,,87.6337,2020-01-12,,,구종우,,109239082.0,,23년 전투발전 연구용역(4),군
21-첨단 수중전력 소요기술 분석 및 적용방안 연구,국군제1068부대,45358917.0,85.834,,구루멘토링 주식회사,김지영,이창환,"경기도 화성시 동탄기흥로593-8 (영천동, 우정바이오 신약클러스터)",,85.8392,함정 근무장병 육상지원 등 기준 제·개정 연구용역,군
의무장비-혈액가스분석기 중형 구매,육군교육사령부,74661993.0,89.7245,2020-06-29,MRO Tech(엠알오텍),김한희,박병희,"서울특별시 영등포구 선유로49길23,  1001호, 1107호, 1108호 (양평동4가,아이에스비즈타워2차)",74652083.0,,(22F070-G) 경계용 영상분석 데이터셋 구축,국군재정관리단
음향/진동분야 KOLAS 인정 획득 컨설팅 연구용역,육군인사사령부,199713466.0,90.7235,2017-10-15,,,,,,90.7183,국방연구개발사업의 성과조사.분석 연구,군
00군단 0포병단 이전사업 선행연구 용역,국군재정관리단,13829910.0,,2019-02-05,드림인텍(주),노광현,양진,"경기도 성남시 수정구 복정로84번길 22-15,(B-001호) (복정동)",13862198.0,83.3458,23년 전투발전 연구용역(4),중앙행정기관
전자파 분석장치 등 2종 구매,국방정보본부,,88.6747,2023-06-17,,,,,125191300.0,,군용차량 운행 안전성 및 안전관리 개선방안 연구,국군재정관리단
17년 EMP 방호 성능유지 향상방안 연구용역,국방부(운영지원과),,91.3427,2016-05-27,,,박계향,,,91.3442,ICBM 기반 통합 시설물관리체계 구축 개념 연구용역,국군재정관리단
K21장갑차 전자모듈조립체 정비기술개발 연구용역,육군본부,32852714.0,89.5082,2019-06-26,사단법인 미래안보산업전략연구원,정주교,박은하,부산광역시 영도구 태종로 233(봉래동5가),32804722.0,,작전환경고려 전투실험 방법 및 평가 분석방법 연구,중앙행정기관
안보학술연구용역(2. 국제안보환경과),해군교육사령부,,93.3407,2022-03-31,(사)21세기군사연구소,정의붕,안구름,"서울특별시 용산구 한강대로62길41, 3층 (한강로1가)",84599350.0,93.3385,22-해군 전장기능 지능화 추진방안 연구,기관
22-해-금속성분분석기 구매,공군군수사령부,120537008.0,,2021-09-02,법무법인 일현,김한욱,승아현,서울특별시 금천구 벚꽃로244-0 (가산동)810호 벽산디지털밸리5차,120392290.0,,물증류기  분석용 순수제조기 구매 설치,합동상호운용성기술센터
18-주파수편이용 분석기 구매,공군본부,,87.072,2019-01-10,,,조혜진,,13760156.0,,중합염기서열분석기 구매,기관
24년 전투발전 연구 용역(2),제3707부대,,91.3534,,주식회사 아이티존,홍문기,박병희,서울특별시 강남구 논현로189길6 (압구정동),77345870.0,91.3535,다목적훈련지원정 후속함(양산)사업 비용분석,국군재정관리단
물증류기  분석용 순수제조기 구매 설치,국방부조사본부,,86.1164,2022-06-02,재단법인한국조달연구원,곽재수,박문희,,177621162.0,86.1191,(217074-C) 의무장비(자동분석기 생화학 대형) 구매,합동참모본부
16년 차세대 첨단함정 건조가능성 검토 연구용역,해군본부,122262844.0,,2017-04-22,,,,,,90.1379,화생방 연구 재료 초자 구매,국군재정관리단
표준훈련장 설치기준 정립 연구 용역,해군본부,272738683.0,76.9541,2021-12-01,(사)한국전략문제연구소,,,,272608486.0,76.9455,22년 기술연구용역 계약(2),중앙행정기관
2017 PACC & PAMS 연구용역,방위사업청(운영지원과),142277604.0,90.7089,2017-09-24,사단법인 안보경영연구원,전건욱,,"서울특별시 용산구 청파로 40, 삼구빌딩 1815호(한강로3가)",142158829.0,,군 의료 혁신을 위한 의료전달체계 개편 연구용역,중앙행정기관
항-16-007 자동면역분석기 시약 등 35종,방위사업청(운영지원과),,89.6541,,주식회사 이안코리아,전병욱,,"경기도 하남시 미사대로520-0 (덕풍동) 7층 씨에이동 705호,706호",125300562.0,89.6485,회로카드 고장예측용 해석도구 활용방안 연구용역,중앙행정기관
전시자원소요분석모델 장비 교체사업 리스,육군본부,38672455.0,,2021-01-29,주식회사 디아이,김하근,김도경,"서울특별시 영등포구 영등포로150,A동 L152호,1304호~1313호",,95.8747,유류시험장비(금속성분분석기(ICP))구매,합동참모본부
공대지유도탄 양산 시설사업기본계획 연구용역,국방부(운영지원과),85311979.0,93.8993,,에이치필,김대석,김정윤,서울특별시 서초구 반포대로13-0 (서초동),85399793.0,93.9021,미래 해양강군 해군비전 2045개정 방향 연구,군
[24-육-117] AI기반 사격지휘체계 연구,국방부(운영지원과),118195893.0,89.2285,2019-07-17,,,,,118172904.0,89.2315,24 군의료 특성화 연구(알레르겐 양상 분석),중앙행정기관
방산소재 개발사업 기획 및 인증체계 구축 연구,국군재정관리단,104549864.0,,,육군군사전략연구소,최태묵,박계향,"서울특별시 성동구 광나루로130, 907호(성수동1가, 서울숲아이티캐슬)",,90.7965,신재생에너지 적용관련 군 에너지 정책방향 연구용역,국군재정관리단
21-해군분석모델 발전방안 연구,공군군수사령부,140323399.0,,2018-09-03,한성대학교 산학협력단,곽재수,양정학,경기도 수원시 장안구 하률로12번길80-0 (천천동),,90.0617,전술환경 下 효율적 이동통신체계 운용방안 연구용역,국군재정관리단
(217151-F)21년 연구활동 재료(시약) 구매,국군재정관리단,,88.6958,2022-07-20,(사) 한국관세무역개발원,김지현,,서울특별시 강남구 테헤란로81길26-0 (삼성동) 유림빌딩3층,154740419.0,88.6949,UH-60 휠제동용 유압장치 시험장비 개발 연구용역,군
24 군의료 특성화 연구(알레르겐 양상 분석),국방부(운영지원과),309745921.0,94.3562,2023-07-12,(사)한국전략문제연구소,,,"서울특별시 용산구 청파로 40, 삼구빌딩 1815호(한강로3가)",309678789.0,94.354,지형분석용 차량(개조) 제조,중앙행정기관
23년 전반기 육군 정책연구과제 연구용역,육군본부,353524709.0,95.5785,,주식회사 동영상사,최규식,박미영,"부산광역시 수영구 구락로23, 2층 (수영동)",,,23년 전투발전 연구용역(2),국군복지단
4차 산업혁명 기술적용 공군훈련체계 발전방향 연구,제2879부대,,,2020-10-09,서울대학교 산학협력단,김태동,이슬,대전광역시 유성구 테크노3로65-0 (관평동) 한산에스메카 333호,43221616.0,92.1519,국방 정신전력교육지도사 자격신설 연구용역,국군재정관리단
(247354-C) 액체크로마토그래피 이중질량분석기 구매,국방부(운영지원과),143358670.0,85.1924,2023-06-05,주식회사 동화이엔지,이효정,김재욱,경기도 안양시 만안구 일직로94번길15-0 (석수동),143359830.0,85.1857,24년 지형분석장비 구매(리스물건),국군재정관리단
국가전략기동군 해병대 발전방안 연구 사업,국군재정관리단,144437805.0,101.7117,,주식회사 맥스바이오텍,김종호,,서울특별시 강서구 양천로401-0 (가양동) 강서한강자이 A-704,144333457.0,101.7102,공군 군수지원 분야 발전방향 연구 용역,중앙행정기관
동원선박 자원관리 구축방안 연구용역,합동참모본부,,84.3323,2017-01-09,사단법인 안보경영연구원,전건욱,,"서울특별시 용산구 청파로 40, 삼구빌딩 1815호(한강로3가)",427638339.0,84.3366,공군 방공포부대 이전 요구 연구용역,중앙행정기관
정책연구용역(군견 관련),국방부(운영지원과),,91.8836,2021-09-15,,,김지훈,,,91.887,조종사 피로도와 안전비행의 상관관계 분석 연구용역,중앙행정기관
19-12차(3) 의무장비 혈액가스분석기 소형 구매,해군군수사령부,,,2022-11-24,(주)싸이버텍,김종원,김현덕,인천광역시 미추홀구 인하로100-0 (용현동) 인하대학교,158592731.0,,(227239-B) 악성코드 수집분석체계 라이선스 구매,군
장비 적정수명 결정요인 선정 및 결정방법연구,국방부(운영지원과),,,2022-04-02,사단법인 안보경영연구원,,,"서울특별시 강남구 언주로527, 10층 (역삼동)",,92.5832,18년 수송기술 용역연구,군
BigData /vc를 활용한 무기체계 효과분석 연구,국방부(운영지원과),309607944.0,,2016-03-08,,한민구,,"서울특별시 용산구 한강대로62길41, 3층 (한강로1가)",309562728.0,,SUPPRESSED,제9691부대
국방표준서 제정(7차) 연구,육군교육사령부,,,,씨지에스아이티(주),이정근,김우중,"서울특별시 양천구 목동서로2길22-0 (목동, 목동청구아파트) 114동 1301호",,96.7989,해병대 고유 무기체계별 맞춤식 정비개념 연구,기관
전시 비상급수 기준 수립 연구,국군의무사령부,266472956.0,100.538,2021-08-12,,,류상윤,,,,20-공무직근로자 임금체계 연구용역(K041),군
정신전력 측정도구 및 지표 개발 연구,방위사업청(운영지원과),1942136.0,84.4033,,,,,,1946030.0,84.4027,특임여단 북괴군 핵 화생시설 점령/확보방안 연구용역,군
공병분야 M&S 연구용역,방위사업청(운영지원과),159489638.0,99.9903,2016-11-14,(사)한국전략문제연구소,전건욱,,,159740146.0,99.9883,미래 합동작전과 해군.해병대 공동 비전 연구,중앙행정기관
21-『에듀테크 기반 공군 학습플랫폼 재구축 연구』,육군군수사령부,638626806.0,92.5034,,주식회사 굿컨설팅그룹,한민구,,충청남도 논산시 양촌면 황산벌로1040,,92.5039,(227164-C)연구활동 재료(시약) 구매,국군재정관리단
취약점 진단분석체계 교체사업(209086-F),제9965부대,11635088.0,84.4269,,(주)카이엠,김태동,박호균,"서울특별시 금천구 가마산로96-0, 213호(가산동, 대륭테크노타운8차)",11634513.0,,(207180-H)스펙트럼측정/분석장비 노후교체,국군재정관리단
군 작업환경 및 작업자 보건관리 훈령 발전연구,공군군수사령부,,82.4654,2020-02-27,,,,,,82.4598,22-12차 연구장비 구매 계약 - 초저온냉동고,군
BLT급 과학화상륙(지상)전 모의훈련체계 구축 연구,4284부대,,84.839,2021-05-09,주식회사엔지아이,최치원,황병윤,경기도 화성시 10용사로456-0 (반송동),,,19-한국 해양안보에 미치는 갈등요인과 대응방안 연구,제2879부대
북한의 기뢰전 전술 분석 및 대응책 연구,국방부(운영지원과),14713123.0,86.7402,,,,,"서울특별시 용산구 청파로 40, 삼구빌딩 1815호(한강로3가)",14722129.0,,범국민 안보의식조사 연구용역,군
헬기와 UAV의 통합운용을 위한 비행장 설치방안 연구,방위사업청(운영지원과),,85.1014,2016-09-06,육군사관학교 산학협력단,문미옥,윤진영,"서울특별시 서초구 서운로 226, 서초오피스텔 404호(서초동)",,85.0981,군 급식비의 적정수준에 대한 연구,중앙행정기관
국방정보체계프로젝트관리시스템 발전방안 연구,제5019부대,,93.2926,2016-10-11,(사)한국전략문제연구소,,,,,93.2958,군용차량 배출가스 환경영향 및 기준 검토 연구용역,군
23년 기술연구용역 계약 의뢰(4),합동참모본부,277208185.0,,2019-12-22,(사)한국위기관리연구소,김동준,이정원,"경기도 성남시 중원구 둔촌대로457번길 27, 우림라이온스밸리1차815(상대원동)",277177656.0,71.7839,23-2차 의무사 조달 연구장비(분광광도계) 구매 계약,군
수성사격장 주변지역 주민 의식조사 연구,육군본부,,95.8265,2019-04-25,주식회사 삼우에이엔씨,박길현,안병선,경기도 의정부시 경의로70-0 (의정부동) 5층 A628호,34974819.0,95.8251,신기술 기반 공군 교육통합플랫폼 구축방안 연구,국군재정관리단
교육연구자료 원문 DB 구축 용역,국군재정관리단,,92.8718,2016-03-06,단국대학교 산학협력단,나상억,,"경기도 성남시 분당구 탄천상로164, A동 2층 247호(구미동, 시그마2오피스텔)",,92.8718,민수용 드론의 비행기지 작전지원 활용방안 연구,군
정기기초연구과제연구용역(8.국가재난사태..),국방부(운영지원과),,89.7164,2019-02-08,(주)한일,이승기,김수영,"서울특별시 동대문구 고미술로 100, 송화빌딩 303호(답십리동)",224615265.0,89.7157,스마트 탄약정비공장 구축방안 연구용역,군
21-해양무인체계에 필요한 핵심기술 연구,국방부(운영지원과),,97.761,,(사)한국능률협회,박영선,김보경,"경기도 고양시 덕양구 항공대학로76-0 (화전동, 한국항공대학교내)",,97.7626,A.I.기반 전평시 동원체제 혁신방안 연구,군
KAAV-II 운용 및 요구사항 연구용역,해군본부,,92.6192,2023-09-29,(주) 한얼누리,이민수,서혜진,경기도 성남시 분당구 판교역로 220(삼평동 673),82841183.0,92.6212,미래환경 변화에 적합한 인력획득 홍보 발전방안 연구,중앙행정기관
감염 및 외상분야 군의료 특성화 연구,공군본부,91268025.0,89.8086,2024-05-18,,장세희,주현미,,91269294.0,89.8088,의학연구소 영상진단장비,군
미래 육군의 우주분야 활용방안 연구 용역,국방부(운영지원과),,70.2178,2019-01-26,(주)프라이전트,서선숙,최승룡,"서울특별시 용산구 청파로349-0 (서계동,보은개발빌딩)",95110173.0,70.2238,20-쇄빙능력 보유 함정 건조/설계 기반기술 연구,군
급식유통센터 성과분석 및 (경남권)필요성 연구,육군교육사령부,,83.8136,2020-12-16,,,박소연,,,83.8114,무인전투체계 발전방향 연구,중앙행정기관
AI를 적용한 화생방 드론봇 전력체계 연구 용역,국군수도병원,30932726.0,88.2227,,(주)글로벌텔레콤,김수상,허정행,대전광역시 유성구 테크노9로35-0 (탑립동) 지능로봇산업화센터 406호,30894023.0,,의무후송전용헬기 시설사업기본계획 연구용역,중앙행정기관
분석기  스펙트럼용 구매,공군본부,66619437.0,95.8912,,고려대학교 의료원 산학협력단,김윤혁,황혜원,"경기도 고양시 덕양구 항공대학로76-0 (화전동, 한국항공대학교내)",66689388.0,,(247158-F) 스펙트럼 분석기 등 3종 구매,군
23-블랙이글스 소음 및 연막 공공갈등 관리방안연구,제2879부대,2354173.0,,2020-07-12,,,김지훈,,,96.131,4차 산업혁명 기술적용 연구용역,중앙행정기관
23-D-감정장비(액체질량분석기) 구매(2310036-F) ,국방전산정보원,313285727.0,92.5232,2022-08-18,라온시스템즈(주),류황건,이화선,충청북도 청주시서원구 개신동446-2,,92.5258,23-F-최대전력 분석기 구매,4284부대
TDS와 연계한 억제작전 평가체계 연구,해군본부,,,2021-02-14,에스앤에스이앤지 주식회사,,금재호,"서울특별시 성동구 왕십리로 222, 한양대학교 내 한양종합기술연구원 110호(행당동)",,,과학기술전문사관 직무 성과분석 연구,중앙행정기관
국방전직교육원 조직진단 및 기능강화 방안연구,공군본부,,88.3522,2019-10-23,(사)21세기군사연구소,고중혁,정새롬,"서울특별시 용산구 이태원로 29, 전쟁기념관 4층(용산동1가)",,,국방전직교육원 조직진단 및 기능강화 방안연구,제9691부대
무인비행체계의 공격 방어체계 정립 연구용역,방위사업청(운영지원과),10775615.0,,2017-02-16,사단법인 안보경영연구원,박정기,,"서울특별시 강남구 언주로527, 10층 (역삼동)",10758350.0,,전투발전세미나 수행 연구용역,중앙행정기관
무기체계 전력지원체계 분류기준 재정립 연구,해군본부,73911154.0,84.1808,2020-01-10,(사)21세기군사연구소,김진욱,이윤정,서울특별시 노원구 화랑로574-0 (공릉동),,84.1878,육군 부사관학교 시설종합발전계획 연구용역,군
통섭형 인재 육성을 위한 직무순환 방안 연구 용역,국군재정관리단,,89.2393,,주식회사 맥스바이오텍,이성로,김지은,"대전광역시 유성구 죽동로321-0 (죽동, 죽동금성백조예미지), 102동 201호",68645722.0,,22-13차 연구장비 구매 계약 - 원심분리기 중형,국군재정관리단
22-해-AI 빅데이터 분석 개발용 학습 플랫폼 구축,제2879부대,460959328.0,83.9518,2022-12-12,아시아상담코칭학회,최규식,정주교,"서울특별시 강남구 영동대로602, 6층 E170호(삼성동)",460973914.0,,사이버 자산정보 수집 분석체계 라이선스 구매,중앙행정기관
민수용 드론의 비행기지 작전지원 활용방안 연구,공군본부,,95.1446,2021-01-18,국민대학교산학협력단,경상현,,서울특별시 강남구 선릉로64길6-0 (대치동) 2층,,95.1481,적 사이버공격 의도분석 지표개발 및 평가방안 연구,군
하이드로릭 입자분석기 구매,육군교육사령부,,,2020-06-20,씨지에스아이티(주),이성로,임평산,서울특별시 강남구 남부순환로 2806(),86441484.0,90.2273,정보분석장비 30종 구매(20196314-D),중앙행정기관
추진장약 분석시험용 재료구매,국방시설본부,164124790.0,,2021-03-04,(사)한국산업기술보호협회,이창훈,박계향,"경상남도 창원시 마산회원구 내서읍 중리공단로65-0 경남테크노파크 자동차로봇센터 메카공장동 1-1, 204, 205호",164346454.0,95.9075,21년 의무장비(자동분석기 생화학용 중형) 구매,제2879부대
(20F067-I)소음영향도작성을위한소음측정및분석용역,국방부(운영지원과),129552876.0,,2019-11-04,주식회사 마에스트로네트웍스,한대일,김진수,강원특별자치도 삼척시 중앙로230-0 (남양동) 3층,129535183.0,91.8144,22-유도/수중무기 창정비 비용 대 효과 분석,중앙행정기관
범국민 안보의식조사 정책대안 연구용역,공군본부,,90.8595,2017-10-26,주식회사 안보기술연구원,경상현,김중곤,세종특별자치시  국책연구원로15-0 (반곡동),288152165.0,90.8583,정책연구용역(화생방보호의-Ⅱ 제안서평가기준 마련),군
무기체계 공급망 관리(SCM) 최적화 프로세스 연구,제9691부대,388702741.0,,,(재)한국해양전략연구소,홍영기,,충청남도 논산시 양촌면 황산벌로1040,,95.7182,00기지 환경개선 사업 분석평가 및 선행연구 용역,국군재정관리단
해군박물관 기본개념 선행연구용역,육군교육사령부,,85.6495,2022-03-13,주식회사 베테랑콤,홍영기,김지영,대전광역시 유성구 죽동로157-0 (죽동),117124162.0,85.653,공개출처정보(OSINT) 활용 사이버위협 분석방안 연구,국군재정관리단
민군복합타운 조성방안 연구,육군본부,,90.5172,2019-08-16,,,,,136148542.0,90.5171,K1계열전차 연료수준감지기 대체품 개발 연구용역,중앙행정기관
17년 비용분석모델(PRICE) 유지보수 용역,국군재정관리단,350213190.0,96.7942,2022-01-12,,,,,350097358.0,,생화학자동분석기 등 83종 구매(20197024-E),중앙행정기관
TICN Block I -① 경미한 성능개량 사업분석,제2879부대,151427540.0,82.7994,,(사)한국물환경학회,고영호,이정원,"충청남도 논산시 대학로 121, 건양대학교 산학협력단(내동)",151416055.0,,(207108-H)네트워크 위협 분석체계 구축사업,합동참모본부
2024년 바세나르체제 군용물자목록 개정소요 연구,국방부,,88.1926,2020-08-03,(주)에프오알엠도시건축공간연구소,홍영기,조대현,"서울특별시 송파구 법원로9길26, D동 1104호(문정동, H-비즈니스파크)",61135963.0,88.1886,주요 군사선진국의 공군조직 발전방향 분석,군
국방기상 빅데이터 통합을 위한 정책연구,국군재정관리단,37647003.0,,,단국대학교 산학협력단,최재성,정운찬,"서울특별시 금천구 벚꽃로254-0 (가산동, 월드메르디앙벤처센타) 1109호",37673749.0,70.7879,가상현실 및 증강현실 기술적용 방안 연구,중앙행정기관
국방연구개발사업의 성과조사.분석 연구,공군본부,,88.089,2017-05-05,서준코퍼레이션,최규식,차윤아,"경기도 용인시 수지구 죽전로 152, 단국대학교내(죽전동)",58111088.0,88.0868,감염 및 외상분야 군의료 특성화 연구(2차),기관
도태항공기 활용 EMP야외환경 시험 연구용역,합동상호운용성기술센터,38433665.0,85.7548,2018-11-28,사)국방정보통신협회,김화영,,"충청남도 논산시 대학로 121, 건양대학교 산학협력단(내동)",38382786.0,85.7616,장비 적정수명 결정요인 선정 및 결정방법연구,군
동원전력 내실화 방안 연구용역,국군의무사령부,,,2022-12-20,,,,,87441217.0,,신분별 직무분석을 통한 적정 계급구조 연구,중앙행정기관
사관생도 생활실 시설기준 개정 연구용역,해군본부,,98.3084,2023-06-25,한국건설기술연구원,홍영기,박호균,경기도 군포시 흥안대로27번길22-0 (금정동),13747427.0,98.3088,군사과학기술대학원(가칭) 신설방안 연구,군
BLT급 쌍방훈련 제병협동훈련장 구축 연구용역,국군재정관리단,194825030.0,77.6023,2019-10-30,(주) 한국능률협회컨설팅,유상호,김지훈,"서울특별시 금천구 가산디지털2로184, 10층 1017호(가산동, 벽산디지털밸리2차)",194713025.0,77.6021,다출처 정보화 연구용역,중앙행정기관
군용 무인기 사업의 안전계수 적용 적정성 연구,육군공병학교,485738052.0,84.6428,,(사)국방시설연구협회,변중무,곽일,"서울특별시 용산구 한강대로211, 102동 1605호(한강로1가, 대우월드마크용산)",485790179.0,84.6475,ATCIS 다기능접속장치 회로카드 대체품 개발 연구용역,군
T-50 캐노피 고정 구성품 내구성 시험 연구,국군재정관리단,131977248.0,92.4252,2017-06-02,,,이우희,"인천광역시 중구 인중로 178, 제이엘타워 1001호(사동)",,92.423,22-함정 비행갑판 개조(Harpoon Grid 이동) 방안 연구,국군재정관리단
중금속가열분석기 1항목 구매(의무),국군재정관리단,128437694.0,,2022-11-03,경희대학교산학협력단,,김진송,"서울특별시 성동구 왕십리로 222, 한양대학교 내 한양종합기술연구원 110호(행당동)",,92.9017,23-N-유황분석기 구매,제9691부대
22-6차 연구장비 구매 계약(수정) - 시약및약품냉장고,방위사업청(운영지원과),26385596.0,,2022-09-01,주식회사남동,임지연,이수빈,경기도 남양주시 진접읍 금강로1553-21 (신우아파트) 상가 112호,26376066.0,,관사 및 간부숙소 신축 선행연구 용역(23-216),중앙행정기관
인공지능을 적용한 군사드론의 체계 연구,국방부(운영지원과),10180850.0,,2021-07-19,티엔에스 주식회사,김동준,한경희,서울특별시 성북구 삼선교로16길116-0 (삼선동2가),10173506.0,,신 작전수행개념 구현을 위한 교리발전 방안 연구용역,군
21-공-가스크로마토그래피 질량분석식 구매,국방부(운영지원과),2574561.0,91.2422,2023-03-28,(주)에프오알엠도시건축공간연구소,,윤영현,,2570208.0,91.2453,악성코드 분석체계 확대 구축 사업(20197146-C),군
22년 계룡스파텔 시설개선사업 선행연구 용역,공군본부,,93.6125,2019-10-13,주식회사 유니와이드,이숙,전수현,"경기도 안산시 상록구 샘골로136, 2층 204호-166 (본오동)",35363998.0,93.6097,안보학술진흥연구용역(3.국내안보환경분석또는),중앙행정기관
안보학술연구용역(4.한국의군사전략),공군본부,,91.6203,,한남대학교 산학협력단,,한대일,서울특별시 서초구 서초동1432-13 202,31739451.0,,[24-육-129] 예비전력발전세미나 주제 연구(Ⅱ),국군재정관리단
방위사업에 특화된 계약법 제정을 위한 연구,공군군수사령부,,87.2462,,한국건설기술연구원,이성로,,"강원특별자치도 원주시 천매봉길36-22, 302호(단구동, 백림빌딩)",,87.2486,2020 서울안보대화 프로그램 기획 및 발전방향연구,군
23-D-라만분광분석기 구매,국군수송사령부,150300007.0,80.7782,2023-02-23,해군사관학교 산학협력단,김동준,한소희,"경기도 용인시 기흥구 덕영대로1732-0 (서천동, 경희대학교 국제캠퍼스내)",150322413.0,80.7746,정기공수 운영분석 및 최적 노선 선정 알고리즘 개발,국군재정관리단
23년 기술연구용역 계약 의뢰(4),제2879부대,,96.8401,2023-06-18,주식회사 바로텍시너지,이승모,황병윤,"서울특별시 금천구 가산디지털1로119-0 (가산동, SK트윈테크타워, a동 10층 6호)",,96.8389,정기기초연구과제연구용역(3. 한국군의군수관리...),기관
23-4차 산업혁명 접목 미래함정 발전방향 연구,국군재정관리단,121226.0,79.4074,2021-10-29,(주)윌비소프트,홍문기,김수정,대전광역시 대덕구 한밭대로1158-0 (중리동) 707-1,,79.4142,(연구소) 감정재료 구매,국군재정관리단
육군 자살예방교육 프로그램 연구개발,공군본부,41258724.0,87.4192,2017-01-28,,,,"서울특별시 용산구 청파로 40, 삼구빌딩 1815호(한강로3가)",41253477.0,87.4268,한반도 작전환경에 적합한 사단 구조 및 편성 연구,국군재정관리단
전투실험 설계 및 결과 분석 방법 연구용역,국군재정관리단,69951058.0,90.5139,2021-05-20,,,,,69925906.0,90.5146,연합/합동 연습모의모델 획득 및 운영방안 연구,군
비행기지 계기착륙장치 노후교체 적정시기 연구용역,제2879부대,16685055.0,82.1044,,,,김정일,,,82.102,신기술을 적용한 무기효과자료 산출 방법론 연구,기관
공군조직내 잠재갈등 분석 및 공군문화 발전방안 연구,공군본부,147074291.0,93.7875,2021-11-22,주식회사 굿컨설팅그룹,김주형,원해나,"서울특별시 금천구 가산디지털2로184, 1017호(가산동, 벽산.경인디지털밸리2)",147060605.0,,국방전직교육원 조직진단 및 기능강화 방안연구,중앙행정기관
최신 ICT를 적용한 국방컴퓨터체계 운용 방안 연구,국군재정관리단,,89.9826,,사단법인 안보경영연구원,,전영은,"서울특별시 강남구 언주로527, 10층 (역삼동)",,,전차 조준선 정렬 시스템 개발 연구용역,국군재정관리단
정기기초연구과제(1. 한국의외교/안보정책),국군재정관리단,62637031.0,,2023-06-07,도원정보시스템 주식회사,손창호,최민정,"충청북도 청주시 흥덕구 봉명로31 티원타워 지식산업센터 119호, 416,417호",62655765.0,87.3854,22-15차 연구장비 구매 계약 - 진탕욕조,군
건설현장 안전 관리시스템 구축 연구용역,해군본부,405205437.0,71.3356,2019-08-11,,,박계향,,405046759.0,,무기체계 개발시험평가 역할 재정립에 관한 연구,군
창조국방 추진을 위한 창의적 문화조성 방안 연구,방위사업청(운영지원과),13900291.0,81.6007,2017-06-08,,,김지훈,,13915279.0,,서북도서용 무인항공기 선행연구,중앙행정기관
22-해-소형 사단용 생화학자동분석기 구매,국군재정관리단,145289215.0,82.683,2017-09-24,(사)21세기군사연구소,채규수,남혜정,"충청남도 논산시 대학로 121, 건양대학교 산학협력단(내동)",145293777.0,82.6822,악성코드 분석체계 확대 구축 사업(20197146-C),군
사이버 자산정보 수집 분석체계 라이선스 구매,해군본부,115658367.0,97.6082,,주식회사 비용관리연구원,이성로,이철호,경기도 안양시 만안구 냉천로203번길 4(),115603967.0,,(237196-C) 악성코드 수집분석체계 장비 교체,군
군 복무가치 제고 방안 연구,국군재정관리단,182051345.0,,2020-12-15,한스메디칼,오정환,조혜진,"서울특별시 영등포구 여의나루로67, 신송빌딩 703호",,82.6875,[24-육-188] 안전문화 수준 측정 Tool 개발 연구,군
육군 자살예방교육 프로그램 연구개발,제2879부대,,81.7286,,(사)한국전략문제연구소,전건욱,,"서울특별시 용산구 청파로 40, 삼구빌딩 1815호(한강로3가)",,,사회공학기법과 사이버 작전과의 연계성 연구,군
ISR 자산의 효율적 통합 운용방안 연구,해군본부,117897557.0,88.6581,2019-08-01,한양대학교 산학협력단,,,,117943063.0,88.6613,18-P3탑재장비PBL적용타당성검증및성과지표개발연구,군
기술연구 환경구축 사업 리스,방위사업청(운영지원과),250556967.0,,2016-10-11,,,,,,82.834,우수인재의 개념과 자격기준 연구용역,군
국방 안전사고 조사 표준 매뉴얼 마련을위한연구,제2879부대,73999165.0,91.1867,,,,,,74037548.0,,(22G079-I)국방IoT제품보안가이드라인수립연구용역,중앙행정기관
청정국방 구현을 위한 반부패 청렴정책 추진방안 연구,방위사업청(운영지원과),,88.4081,,주식회사 다윤테크,김회율,이수행,대전광역시 대덕구 한밭대로1158-0 (중리동) 707-1,,88.4114,(20F087-A)부대재배치 사업 선행연구용역,중앙행정기관
민간인력 편성기준 연구(2019K003-B),국방부(운영지원과),79810653.0,,2017-07-24,,,,서울특별시 노원구 화랑로574-0 (공릉동),,,18-함정EMP보호대책적용사례분석및개선사항도출연구,중앙행정기관
22-함정 비행갑판 개조(Harpoon Grid 이동) 방안 연구,국방부(운영지원과),13766280.0,96.6813,2022-02-11,한국산업기술시험원,설영만,윤수정,대전광역시 유성구 테크노3로65-0 (관평동) 한산에스메카 333호,,96.6828,정원감축 대비 민간인력 전환분야 및 규모식별 연구,중앙행정기관
백두체계능력보강 2차 시설사업기본계획 연구용역,방위사업청(운영지원과),97622792.0,89.217,2023-09-10,주식회사 아레스,김산회,장원규,서울특별시 성북구 삼선교로16길116-0 (삼선동2가),97617765.0,89.2223,국내 대형민간항공기 활용 공중발사 가능성 분석 연구,중앙행정기관
23년 기술연구용역 계약 의뢰(4),국군재정관리단,20583919.0,88.9445,,주식회사 베테랑콤,김진욱,유동호,"서울특별시 송파구 법원로11길25-0, A동 1310호(문정동, 에이치비즈니스파크)",20591953.0,88.9482,CMMC 관련 통합실태조사 개선안 연구,군
22-G/K 창정비 사업 성과분석 연구,육군항공학교,521651675.0,88.2704,2019-06-17,사단법인 안보경영연구원,박정기,,"서울특별시 강남구 언주로527, 10층 (역삼동)",,88.2684,22년 기술연구용역 계약(1),국군재정관리단
연구소 장비(분광광도계 등 4종)구매,해군본부,2532696.0,,2018-08-18,(재)한국정보통신산업연구원,김동준,정영숙,부산광역시 강서구 명지오션시티9로36-0 (명지동),,92.1258,공군 방공포부대 이전 요구 연구용역,중앙행정기관
수직이착륙형 무인항공기 비용분석,제2879부대,,,,수안특허법인,김문선,변현호,"서울특별시 동작구 남부순환로2021, 2층 (사당동)",66714750.0,80.3851,공무직근로자 등 임금체계실태조사 및 고용환경 분석,국군재정관리단
음탐센서 시험 KOLAS 인정 사전 연구용역,국방부(운영지원과),,97.173,2020-09-01,,,임창흥,,233422647.0,97.1773,국방 사이버보안 종합발전 전략 연구,군
육군 수질 유지비 현실화 방안 연구용역,방위사업청(운영지원과),62928304.0,,2021-09-26,,,이상규,,62902893.0,96.4939,22-13-13 야전공장 분석평가 및 선행연구 용역,중앙행정기관
군 급식 민간위탁 시범사업 성과분석 연구,국군재정관리단,,90.834,2022-10-05,주식회사 화이트스캔,김운용,이수빈,서울특별시 강남구 논현로189길6 (압구정동),43185907.0,,22년 계룡스파텔 시설개선사업 선행연구 용역,군
병력책정기준(정보통신분야 임무/기능 적절성 연구),국군재정관리단,14626419.0,90.8947,,주식회사 입법정책연구원,김금자,오세형,충청북도 청주시 흥덕구 오송읍 오송생명2로110-6 셀젠텍,14633528.0,,군 의료 혁신을 위한 의료전달체계 개편 연구용역,국군재정관리단
민수용 드론의 비행기지 작전지원 활용방안 연구,합동상호운용성기술센터,44756483.0,84.3352,2016-05-13,한국인성교육연구소 주식회사,조완제,,세종특별자치시  국책연구원로15-0 (반곡동),44750819.0,84.338,17년 분광분석 폭발물탐지 연구용역,국군재정관리단
항공전투 시뮬레이션 대회 대행 용역,국방부조사본부,313340308.0,82.2076,2020-10-01,근영유통,임병조,노우현,서울특별시 구로구 디지털로26길5-0 (구로동) 1404호,,,24년 의무장비(자동분석기 생화학용 중형) 구매,국군수도병원
“제○군수지원사령부 부대사” 연구 용역,국방부,59807223.0,92.1453,2020-01-30,재단법인 한국군사문제연구원,김형철,,"서울특별시 강남구 언주로527, 10층 (역삼동)",59755589.0,,동시방위전략 구현을 위한 미래육군병과체계 발전연구,군
21-공-주파수편이용분석기 구매,국군재정관리단,182485041.0,,2023-06-05,,,,,182486542.0,89.8371,신호분석기 1EA,중앙행정기관
국방정보체계프로젝트관리시스템 발전방안 연구,4284부대,111224554.0,,2019-08-21,주식회사 엔브이티,김태호,장대호,충청북도 청주시 흥덕구 오송읍 오송생명2로110-6 셀젠텍,,90.1555,시험평가 의사결정체계 효율화 방안 연구,기관
21-공-주파수편이용분석기 구매,육군교육사령부,701756017.0,90.014,2021-12-25,주식회사 엔브이티,박지현,김보라,경기도 김포시 양촌읍 황금1로89 (학운리2962),701813286.0,90.0148,상륙공격헬기 사업분석,중앙행정기관
합동성을 고려한 대전차전력의 적정 소요 연구,4284부대,,82.3548,2021-02-16,,,,,42513308.0,,18~22 방위산업육성 기본계획 수립을 위한 정책연구,중앙행정기관
복합재 내부결함 위험도 평가방법 연구개발,방위사업청,,84.9923,2021-01-26,,,박계향,서울특별시 용산구 새창로128-1 (용문동) 2층,,84.9927,22-15차 연구장비 구매 계약 - 진탕욕조,4284부대
17년 비용분석모델(PRICE) 유지보수 용역,육군 제3808부대,,86.995,2020-10-08,이성 주식회사,김민철,문영옥,"서울특별시 강남구 테헤란로520, 2층(대치동, 삼안빌딩)",323813851.0,86.9923,수치해석을통한폭발하중받는강재구조물의거동분석용역,제9691부대
보라매(KF-21) 양산 비용분석,공군본부,322070888.0,85.9928,2023-04-03,유한회사 갈등조정센터,한민구,류상윤,충청북도 충주시 대학로50-0 (대소원면),322111998.0,85.9959,DNA정량분석기 등 7항목 구매(의무),군
2.75인치 유도로켓(비궁) PBL 적용 방안 연구용역,육군교육사령부,20100661.0,75.4459,,,,박계향,,20103072.0,75.4437,군 성폭력 사건 분석 연구,군
방위사업비리 가중처벌 법안에 대한 연구,국방부군사편찬연구소,32887592.0,91.0334,2016-11-20,사단법인 안보경영연구원,전건욱,,"서울특별시 강남구 언주로527, 10층 (역삼동)",32854799.0,91.0351,전술이동통신체계 구축방안 연구용역,제2879부대
23 군의료 특성화 연구(접경지역 외상환자 예후 분석),방위사업청(운영지원과),,,2018-05-06,사단법인 안보경영연구원,전건욱,,"서울특별시 용산구 청파로 40, 삼구빌딩 1815호(한강로3가)",371982183.0,90.0196,분석기(비행조종계통 점검용)외1종 구매(16-38),중앙행정기관
24-방공관제 작전제한 해소 추가레이다 설치방안 연구,해군본부,11995186.0,94.1774,,(주)렛츠정보통신,이인형,김상겸,"경기도 안양시 만안구 만안로49,1303호(안양동, 호정타워)",,94.1786,음원수집장비 및 음원분석 워크스테이션 구매,국군재정관리단
핵심기술(위성용 SAR 안테나) 비용분석,국군의무사령부,43485654.0,,2021-03-24,다우미디어테크,곽새롬,조은미,"경상남도 창원시 진해구 신항2로114, 2013호(용원동, 다인로얄팰리스부산신항2차)",43475921.0,,(20G071-H)21년 스펙트럼 측정/분석장비 유지보수용역,국군재정관리단
국방정책연구과제 연구용역 계약,국군재정관리단,136497874.0,97.7173,,,,,,,,국방안전관리정보체계 최적 구축방안 연구,군
국방연동관리센터 운영 및 발전 방안 연구,국방부(운영지원과),138277070.0,,,,박영선,황병윤,"서울특별시 성동구 왕십리로 222, 한양대학교 내 한양종합기술연구원 110호(행당동)",138360931.0,93.6423,워리어 플랫폼 후속군수지원 방안 연구,중앙행정기관
(21F137-A)항공기 사격훈련장 확장방안 연구용역,국군재정관리단,76259878.0,,2019-03-24,정보기술감리원 주식회사,고정숙,이은경,"경기도 부천시 소향로197, 에이동 201호(중동, 메트로팰리스1)",76209689.0,,22-13-13 야전공장 분석평가 및 선행연구 용역,제9691부대
지형분석장비 구매설치,제5378부대,,84.8206,2024-09-16,(주)두두아이티,한영수,문우정,"서울특별시 서초구 방배천로155, 유청빌딩 3층(방배동 821-8)",323611199.0,,스펙트럼용 분석기 등 3종 4대 구매,제9691부대
23년 조사분석용 SW 라이선스 구매,국군재정관리단,299577048.0,96.4115,2024-04-12,주식회사 쿤스트에프케이,이승기,양삼근,"경기도 성남시 중원구 둔촌대로457번길27, 501호 (상대원동, 성남 우림 라이온스밸리 1차)",299616236.0,96.4098,잠수함 훈련장비(저주파분석  대함모의) 유지보수용역,중앙행정기관
상층대기분석장비(전자모듈 등18종) 구매,4284부대,36174889.0,97.9154,,HF테크,이민자,김인숙,충청남도 계룡시 금암로26-0 (금암동) 105호,36141945.0,97.9131,K2전차 3차 양산 사업분석,국군재정관리단
해안복합감시체계 사업 비용분석,공군사관학교,,84.4571,2023-08-29,(주)프라이전트,이재현,조성희,"대전광역시 대덕구 대화로120, 7층 729,730호(대화동, 가온비즈타워)",,84.4563,23-H-14 스펙트럼 분석기 구매,군
무건리훈련장 갈등영향분석 용역,제9691부대,,98.0777,2022-04-16,,,손보연,,122842620.0,,중금속가열분석기 1항목 구매(의무),국군재정관리단
수중전술기기통제사 자격 신설 연구,육군교육사령부,35296418.0,82.3932,2019-08-19,사단법인 한국사회보험연구소,신인균,김승준,"서울특별시 성북구 화랑로76, 제3층 307호(하월곡동,코업스타클래스)",35320720.0,82.3908,화생방정찰차-II(차량형) 시설사업기본계획 연구용역,제9691부대
시뮬레이터 소프트웨어 보안성 시험 방안 연구,공군군수사령부,279273420.0,89.6127,2018-05-17,한성대학교 산학협력단,권택연,,경기도 용인시 기흥구 마북로207(마북동),279296157.0,89.6119,전력지원체계 SW 관리방안 연구 용역,군
사이버 기술연구 환경구축 SW(라이선스) 구매,국방부(운영지원과),193567259.0,100.2244,2019-05-20,주식회사 한국엔브이,김경호,최재영,"경기도 성남시 중원구 둔촌대로457번길27, 501호 (상대원동, 성남 우림 라이온스밸리 1차)",193440562.0,100.2229,ICT기반 입체영상 활용방안 연구 용역,군
항-19-032 자동면역분석기 시약(HBsAg RGT)등 112종,국군재정관리단,61623234.0,87.9519,2020-07-26,(사)국방시설연구협회,이형철,김지훈,서울특별시 구로구 디지털로34길55-0 (구로동),,87.9486,정밀측정장비(레벨분석기) 구매,국군재정관리단
군 VoiP 교환시스템 통합운용방안 연구 용역,합동상호운용성기술센터,114276469.0,,2016-09-14,이비티주식회사,,,"서울특별시 중구 남대문로63 (남대문로2가,한진빌딩)",114219794.0,91.3314,23년 전투실험(연구용역사업),중앙행정기관
한반도 작전환경에 적합한 사단 구조 및 편성 연구,국군재정관리단,397200970.0,80.0432,,,권시형,,,396963156.0,,함정 설계 건조 기준 및 함정규칙 정립 연구 용역,국군재정관리단
청년 장병 군내 일자리 창출 방안에 따른 연구용역,합동참모본부,,92.8117,,(사)21세기군사연구소,노희영,신인균,서울특별시 관악구 관악로1 (신림동),23671752.0,,다목적 제설장비 운용기준 재정립 및 대체방안 연구,국군재정관리단
AH-64헬기 수평안정판 정비방법 개발 연구용역,국군수도병원,,87.6316,2024-02-22,주식회사 엔브이티,정의붕,박계향,"충청북도 청주시 청원구 대성로298-0 (내덕동, 청주대학교)",,87.6343,군수업무 빅데이터 분석/활용체계 구축시범사업,군
18-효과적인 정보수집함 운용방안 개념연구,국방부조사본부,76938557.0,86.6748,2017-01-08,,,,,,86.6748,공군기지 무선통신 기반구축 및 운영향상 방안 연구,기관
특임여단 북괴군 핵 화생시설 점령/확보방안 연구용역,방위사업청(운영지원과),,,,,,,,6040947.0,99.1615,특임여단 북괴군 핵 화생시설 점령/확보방안 연구용역,군
공군 소프트웨어(SW) 인력관리 표준방안 연구,국군화생방방호사령부,3543059.0,94.5399,2022-02-23,사단법인 한국국방발전연구원,김진욱,,,,94.5376,19-00지역 통합분청 신축 선행연구,군
“제○○동원사단 부대사” 연구 용역,육군본부,20559240.0,,2021-03-20,(재)서해환경과학연구소,박종재,임찬상,경기도 군포시 흥안대로27번길22-0 (금정동),20577000.0,72.5394,(23G048-I)생물안전3등급 연구시설(BL-3)유지보수용역,중앙행정기관
공군 리더십 교육프로그램 개발 연구용역,방위사업청(운영지원과),912551.0,90.8299,,고려대학교산학협력단,장복철,강민,대전광역시 유성구 노은로170-0 (지족동) 스타시티빌딩 6층,,90.8324,국방 데이터 관리체계 수립 연구,중앙행정기관
방음정비고 사업 정립을 위한 선행연구용역,해군본부,232741310.0,79.3669,,(사)21세기군사연구소,김진욱,,"서울특별시 용산구 한강대로62길41, 3층 (한강로1가)",,79.3599,육군 NCS 기반 직무 및 요구역량 조건표 연구용역,국군재정관리단
탄소중립 시대 도래 육군 추진전략 방향 연구용역,공군본부,,92.2913,2021-04-07,,,이미선,,196875750.0,92.2896,범국민 안보의식조사 정책대안 연구용역,중앙행정기관
상륙돌격장갑차-Ⅱ추진전략에 관한 연구용역,제2879부대,163741186.0,93.5431,2017-12-17,사단법인 안보경영연구원,전건욱,,"서울특별시 용산구 청파로 40, 삼구빌딩 1815호(한강로3가)",,,상호운용성 평가 업무의 정량화 모델에 관한 연구,국군재정관리단
육군 로고를 군수품에 적용하는 방안 연구,방위사업청(운영지원과),,87.4531,2018-05-11,예원,이문걸,김종환,부산광역시 영도구 태종로 233(봉래동5가),100803386.0,87.455,4차 산업혁명 연계 미래 해병대 발전 연구용역,중앙행정기관
정비공정 촬영도구  분석SW 구매,국군재정관리단,,97.7202,,,,,,93352410.0,97.7215,21년 항공관제 분석체계 유지보수,중앙행정기관
항-19-082 자동면역분석기 시약 등 27종,제2879부대,,92.6707,2023-07-01,,,심지민,,75710632.0,92.6711,17-방공관제사-102 보급수송과 신호분석기,중앙행정기관
저고도 공역 통합 관제체계 연동 소요 연구용역,제2879부대,,,2018-09-19,,,,,124403436.0,,미래 GOP과학화경계시스템 구축방안에 대한 연구 용역,중앙행정기관
(227215-D) 비용분석용 상용SW 구매,육군공병학교,,83.547,2019-08-30,,,이재평,,65669579.0,83.5492,(216032-G) 차륜형장갑차 센서데이터 수집 분석체계,제9691부대
군 급식제도의 시스템 개선을 위한 연구,국군재정관리단,275670909.0,,2020-10-08,,권시형,전희수,"서울특별시 금천구 가산디지털2로184, 10층 1017호(가산동, 벽산디지털밸리2차)",275851855.0,,승선근무예비역의 병역제도 발전 방안 연구 용역,중앙행정기관
대잠훈련분석체계(AEAS) 유지보수 정비,방위사업청(운영지원과),47391368.0,,2020-04-03,경희대학교산학협력단,고윤안,이지선,"경기도 용인시 수지구 죽전로 152, 단국대학교내(죽전동)",47444647.0,,수질분석기 등 2종 구매,중앙행정기관
18-해군C4I체계 발전을 위한 연구,합동참모본부,,,,숙명여자대학교산학협력단,최은수,,서울특별시 용산구 한강대로100(한강로2가),,92.8286,ISR 자산의 효율적 통합 운용방안 연구,기관
20년대 이후 북한 및 잠재적 위협의 변화 전망분석,공군본부,113638462.0,,2021-02-26,(사)21세기군사연구소,홍영기,박재완,,113683574.0,,21년 의무장비(혈액가스분석기 중형) 구매,군
’19년 디지털 포렌식 분석장비 교체(20197105-A),국군의무사령부,109798357.0,81.1326,2022-06-07,주식회사 알앤엠텍,김금자,배미선,"서울특별시 동대문구 고미술로 100, 송화빌딩 303호(답십리동)",,81.1327,’19년 디지털 포렌식 분석장비 교체(20197105-A),군
대잠훈련분석체계(AEAS) 유지보수 용역,공군본부,,83.5492,2019-06-02,,,전병욱,,643916419.0,83.5438,BTL관리운영권만료사업 시설인수 운영방안연구용역 재,합동참모본부
155mm 정밀유도포탄 비용분석,육군본부,,,2023-03-06,(사)21세기군사연구소,,,"서울특별시 송파구 법원로11길25-0, A동 1310호(문정동, 에이치비즈니스파크)",23388415.0,,군수지원함(AOE-Ⅱ) 2차사업(양산) 비용분석,군
항공기 운영이력 빅데이터 수집 및 분석기법 연구,제9691부대,,84.2682,2017-08-27,주식회사 이엠텍아이엔씨,김재영,유관주,충청남도 아산시 신창면 순천향로22 앙뜨레프레너관 E404호,138672557.0,,수질분석기 등 2종 구매,중앙행정기관
운용함정 손상대응 훈련 시나리오 연구 용역,국방부(운영지원과),52515764.0,97.5984,,사단법인 안보경영연구원,전건욱,,"서울특별시 강남구 언주로527, 10층 (역삼동)",52526761.0,,50년 함건조 사례분석 및 발전방안 정립 연구 용역,중앙행정기관
중고도정찰용 무인항공기 시설사업 선행연구,국군재정관리단,,95.0988,2017-06-22,,,,,,,방위산업 발전 및 경쟁력 강화를 위한 법적기반 연구,군
미래 우주전장 분석 및 공군 우주전략 수립 연구용역,방위사업청(운영지원과),,88.8032,2021-08-09,주식회사 한솔엔지니어링글로벌,김운용,이슬,"서울특별시 영등포구 63로40, 202호(여의도동)",10109215.0,88.8049,국방 인공지능 발전계획 수립연구,중앙행정기관
디지털증거분석 수사체계 교체(218014-A),해군본부,,,,경희대학교산학협력단,이문걸,정영숙,"서울특별시 송파구 법원로11길25-0, A동 1310호(문정동, 에이치비즈니스파크)",,80.1602,23-F-분석기 스펙트럼용 2종 구매(239034-H),군
통섭형 인재 육성을 위한 직무순환 방안 연구 용역,국군재정관리단,514026963.0,90.1972,2019-05-15,,,,,513661309.0,,22-6차 연구장비 구매 계약 - 시약 및 약품냉장고,중앙행정기관
군 암호체계 분석보호시스템 분석도구 구매,국군재정관리단,81935980.0,95.2171,2023-01-12,한국과학기술정보연구원,정재관,허진실,대전광역시 유성구 대학로 245한국과학기술정보연구원,,95.2168,23년 성능개량 전파분석체계 도입사업,중앙행정기관
계기착륙장치(ILS)사업 선행연구,국방부조사본부,1091719.0,97.8027,2021-04-18,삼일회계법인,정주교,박장권,"서울특별시 송파구 백제고분로501, 301 (방이동 청호빌딩)",,97.8086,SUPPRESSED,국군재정관리단
군 암호체계 분석보호시스템 분석장비 구매,방위사업청(운영지원과),75372723.0,87.6002,,,,,,,87.6022,22-공-소음측정 및 분석시스템 구매(229124-F),국군재정관리단
잠수함 업체주도 연구개발 장비의 시험평가 방안,국방부(운영지원과),27483156.0,87.7829,,,,,,27478077.0,87.7822,NCoE 구현을 위한 합참중심 QoS 모델 연구 용역,중앙행정기관
방공포병 모의훈련체계 구축방안 연구,국군재정관리단,107310480.0,,,주식회사 플랜에이디벨롭먼트,김은기,임동환,부산광역시 사하구 구평로16번길 71(구평동),,80.7272,미래 지역예비군 최적화 방안 연구 용역,군
국방 정신전력교육지도사 자격신설 연구용역,국군재정관리단,,87.8282,,주식회사 맥스바이오텍,안인수,양현정,충청북도 청주시 흥덕구 비하로59-2 (비하동),53307031.0,87.8323,미래 지휘통제체계 발전방안 연구용역,군
18-직무분석을 통한 계급/직급 책정기준 연구,방위사업청(운영지원과),51060691.0,90.2841,2020-07-09,,김진욱,,,51076957.0,90.281,전쟁양상을 고려한 전사자 관리의 분석 및 발전 연구,중앙행정기관
BigData/VC를 활용한 무기체계 효과분석 연구,해군본부,24682943.0,89.1591,,,,,,,89.1592,해군 통합연동체계 SW 연구용역,중앙행정기관
방폭 설계 표준화 체계구축 연구용역,연평부대,328547232.0,81.6899,2021-07-05,,,,,328491367.0,81.6884,함정 도면관리를 위한 SW개발 연구용역,국군재정관리단
수도병원 임상의학연구센터 통계프로그램 구매계약,방위사업청(운영지원과),,89.0071,,광운대학교산학협력단,송태현,이병훈,,8366367.0,89.0059,22-6차 연구장비 구매 계약 - 시약 및 약품냉장고,중앙행정기관
방산 용역 원가 및 이윤제도 개선방안 연구,방위사업청(운영지원과),,88.3618,2022-12-23,사단법인 안보경영연구원,전건욱,,"서울특별시 강남구 언주로527, 10층 (역삼동)",206329121.0,88.3629,18-미래 해상 무인/자율무기체계 개발방향 연구,중앙행정기관
장보고급 잠수함 디젤감시장치 연구개발 용역,방위사업청(운영지원과),64807000.0,78.1977,,,,,,64856090.0,78.1988,군의료 특성화 연구용역(말라리아 발생 예측연구),중앙행정기관
공군기지 작전환경을 고려한 무인기 운영방안 연구,국군재정관리단,26738123.0,,2019-06-03,사단법인 안보경영연구원,,,"서울특별시 강남구 언주로527, 10층 (역삼동)",26772449.0,,국방기술조직을 활용한 함정 기술관리 방안 연구 용역,중앙행정기관
4차 산업혁명  군 적용을 위한 R&D 발전방안 연구,국군수도병원,118832377.0,81.8944,,,,,,,,군 범죄피해자 보호·지원을 위한 정책 연구,제2879부대
미래 예비군훈련 제도 종합발전 방안 연구,해군본부,,85.841,,,,,,32003309.0,85.8408,DIDC 전문인력 강화를 위한 역량 평가모델 연구,중앙행정기관
항-20-036 자동면역분석기,제2879부대,444556637.0,,,(주)비아이엔씨,신범수,박소영,"경상남도 김해시 관동로138, 1404동 301호(관동동, 죽림마을 동원로얄듀크아파트14단지)",,,[상층대기분석장비 부품] 위상 변위기 등 12종,제2879부대
(236043-G) 23년 모바일·IoT 조사분석체계 도입사업,국방대학교,,87.9727,2023-12-28,(주)에프오알엠도시건축공간연구소,박종재,이상규,"서울특별시 용산구 청파로40, 3층 (한강로3가, 삼구빌딩)",110534828.0,,23-D-라만분광분석기 구매,기관
의무피복류 보급기준 및 품질개선에 대한 연구,국방전산정보원,23382852.0,90.3002,,(주)지올코리아,강현순,강성수,"세종특별자치시  조치원읍 번영1길46, 301호, 302호",,,공군 Kill-Web의 임무효과도 및 발전 로드맵 연구,중앙행정기관
안보학술연구용역(3. 국내안보환경과),육군인사사령부,104654347.0,88.8532,2019-01-13,(주)심네트,,권헌영,충청남도 논산시 양촌면 황산벌로1040,104686981.0,,전탐감시대 감시장비 원격통합감시체계 구축 연구,국군재정관리단
IoT 기반 전군 공통 서비스 발전방향 연구,방위사업청(운영지원과),293733612.0,95.9722,2020-08-24,,,,,,95.9722,민사분야 연구용역(2-2),군
물증류기  분석용 순수제조기 구매 설치,국군제1068부대,205163467.0,,,(주)오성인피니티,김정한,남궁성호,"경기도 수원시 장안구 송원로20, B동 1010호(송죽동, 수원아너스빌위즈)",205322941.0,80.9988,지능형 전군 악성코드 수집분석체계 구축 금융리스,합동참모본부
극지안보환경 변화에 따른 미래 한국해군의 역할 연구,제9691부대,57721663.0,,,,,이춘근,,57734225.0,88.8656,21세기형 선진해군문화 연구,군
분석기  스펙트럼,국방부(운영지원과),359237223.0,,,,,이혜진,,359422276.0,93.7398,23년 의무장비(수액조절기 분석기) 구매,군
국방과학기술기본법 제정을 통한 국방연구개발 혁신,국군재정관리단,19152199.0,91.4148,,(재)한국해양전략연구소,권시형,정주교,"서울특별시 강남구 테헤란로64길13, 504호 (대치동, 선릉역 풍림아이원레몬)",19139871.0,91.4187,장병 스트레스평정체계 개선 연구용역 계약,군
활주로 피해복구용 골재 품질기준 및 관리방안 연구,국방부(운영지원과),90237821.0,75.8369,,,,김종환,,90240314.0,75.8326,TAURUS 총수명간 운영방안 연구,국군재정관리단
무기체계 유형별 맞춤형 R&D 수행절차 연구,방위사업청(운영지원과),140414925.0,,2021-04-07,사단법인 안보경영연구원,전건욱,김기현,"서울특별시 강남구 언주로527, 10층 (역삼동)",140360385.0,,위성 무기체계 시험평가 제도개선에 관한 연구,중앙행정기관
(21G085-H)'22년 스펙트럼 측정분석장비 유지보수용역,국군재정관리단,181115272.0,91.2033,,사단법인 한국우주과학회,김희상,최규식,서울특별시 마포구 월드컵북로5길59 (서교동),181219398.0,91.2061,전자파 측정/분석을 위한 송신장치 개발용역,제9691부대
최신 ICT를 적용한 국방컴퓨터체계 운용 방안 연구,국방시설본부,242377875.0,85.9912,,,,,,242486852.0,85.9912,동원전력 내실화 방안 연구용역,국군재정관리단
지능형 전군 악성코드 수집분석체계 구축(리스물건),국군의무사령부,,,,,,이기영,,,80.1336,통신 정비장비(스펙트럼 분석기) 구매,국군재정관리단
(연구소) 감정재료 구매,공군본부,152857401.0,94.8003,2018-04-29,청주대학교산학협력단,김진욱,임지원,전라북도 완주군 삼례읍 삼례로 443 우석대학교내(본관 12층),,94.8044,선진 육군가치문화 조성 연구용역,국군재정관리단
급식유통센터 성과분석 및 (경남권)필요성 연구,방위사업청(운영지원과),250308618.0,72.3349,2017-06-18,국방기술품질원,이용호,구종우,대전광역시 유성구 유성대로1646-0 (전민동),250191212.0,,정보체계 취약점 진단을 위한 모의환경 구축방안 연구,제9691부대
21년 전군 감염병 감시 지원체계 구축방안 연구용역,4284부대,13062945.0,89.9037,2019-10-12,사단법인 한국갈등학회,한창모,성종영,"경기도 고양시 덕양구 항공대학로76-0 (화전동, 한국항공대학교내)",13062547.0,89.9015,해병대 복지회관 중장기 보수계획 연구 용역,군
21세기형 선진해군문화 연구,국방부(운영지원과),,91.0384,2021-06-11,(주)두두아이티,정운찬,박병희,서울특별시 구로구 가마산로279-0 (구로동) 907호,,91.0363,22-함정무기체계 한국형 사이버보안제도 적용연구,중앙행정기관
(20F089-I)소음영향도작성을위한소음측정및분석용역,제20전투비행단,182830773.0,,,(주)아인스에스엔씨,배정숙,전호영,"경기도 김포시 태장로795번길23 (장기동) 마스터비즈파크 R124, 7층 729-732호",182950474.0,,전자파 분석장치 등 2종 구매,군
전군 연례 리더십 수준 진단 연구용역,국군재정관리단,77555636.0,94.6469,,,,,,,,18-효과적인 정보수집함 운용방안 개념연구,군
CN-235 항공기 특성(RCS/IR Signature) 연구,국방부(운영지원과),,88.2831,,국립금오공과대학교산학협력단,김경호,김종원,"서울특별시 강서구 양천로401 (가양동), B동 801호",102461335.0,,탄약고 안전거리 재산정을 위한 선행연구 용역,군
국방대 이전 효과 연구 용역,공군군수사령부,100879678.0,89.2662,2020-06-16,,김진욱,정해인,"서울특별시 노원구 광운로 20(월계동, 광운대학교)",100828589.0,89.2674,PLS차량 운용효과 Arena 모델링 연구 용역,합동참모본부
군용비행장 소음측정 및 분석용역(해),국군수송사령부,,101.517,,스마일컴퍼니,조성희,이경미,경기도 남양주시 진접읍 내각1로73번길38-1,87251424.0,101.5169,19-전자파 정밀분석체계 확대구축사업 리스,중앙행정기관
미래 육군 여군인력 활용성 제고방안 연구,국방부(운영지원과),148483159.0,,2021-05-22,(사)21세기군사연구소,이영환,김정일,"경상남도 창원시 진해구 중원로1-0 (남빈동, 해군사관학교내)",,91.7338,지뢰탐지기(PRS-17K) 제어함 정비기술개발 연구용역,군
(246311-E) 분석용 고성능 PC등 2품목 (리스자산),국군재정관리단,233930913.0,76.3637,2022-03-05,,,,,233970224.0,,(247057-H)음성분석시스템 개선사업(리스자산),중앙행정기관
21-함정 창정비 효율화 방안 연구,국방부(운영지원과),7100155.0,101.4371,2020-07-28,,,,"서울특별시 용산구 청파로 40, 삼구빌딩 1815호(한강로3가)",7110309.0,,AI기반 컴퓨터생성가상군 구축 기술 연구용역,군
전평시 군수부대 기동화 방안 연구용역,공군본부,541382.0,95.5647,2020-08-04,사단법인 안보경영연구원,전건욱,황병윤,"서울특별시 용산구 청파로 40, 삼구빌딩 1815호(한강로3가)",540670.0,95.5695,美 안보지원관리교범(SAMM) 최신화 및 번역 연구,군
미래 육군 전술감시체계 운영개념 정립 기술연구 용역,제2062부대,83996604.0,82.6611,,,,,,83976015.0,,2020년 군 조직의 양성평등 지표 조사 및 분석 연구,합동상호운용성기술센터
해병대 작전환경에 적합한 M&S 전력분석 연구 용역,국방부(운영지원과),106312610.0,78.9847,,,,,,106376423.0,,20-해군사관생도 복제개선 연구,군
화학작용제 자동분석기 MM-1 외주정비,국방부(운영지원과),,,,(사)21세기군사연구소,가회광,박계향,"서울특별시 금천구 가마산로96-0, 213호(가산동, 대륭테크노타운8차)",,90.4657,생성형 AI 서비스 구축 방안 정책연구용역,군
국방안전관리정보체계 최적 구축방안 연구,합동상호운용성기술센터,,89.7845,,사단법인 한국군사시설연구소,김현철,박계향,대전광역시 동구 대학로62-0 (용운동),50862721.0,89.7813,무전기 전면판 회로카드 시험장비 개발 연구용역,제7군단
20-MTU엔진 PBL 비용대효과분석 및 성과지표 연구,육군본부,16696318.0,,2018-07-25,라온시스템즈(주),이귀숙,원만희,"서울특별시 강남구 봉은사로129-0 (논현동, 거평타운오피스텔) 1126호",16703714.0,,의무피복류 보급기준 및 품질개선에 대한 연구,중앙행정기관
밀리토피아 골프연습장 운영에 관한 연구 용역,국군재정관리단,9623147.0,,2021-12-26,,,한상동,,9617784.0,91.6238,스마트 물류센터 도입 검토 연구용역,중앙행정기관
잠수함 훈련장비(저주파분석  대함모의) 유지보수용역,육군본부,,93.0433,2023-12-12,지그인더스트리,홍광표,정영석,"서울특별시 금천구 가산디지털1로5, 대륭테크노타운 20차 1934호",20602776.0,93.0404,22년 의무장비(혈액가스분석기 소형) 구매,제9691부대
군 복무가치 제고 방안 연구,육군본부,120651192.0,95.5223,2019-10-06,사단법인 한국국가전략연구원,차진섭,,"서울특별시 금천구 가산디지털2로184, 10층 1017호(가산동, 벽산디지털밸리2차)",120701654.0,,대대급이하 전투지휘체계(B2CS) 양산사업 비용분석,군
무기체계별 적정 수명주기 및 도태 후 활용방안 연구,육군교육사령부,70574907.0,,2022-03-01,,,김근우,,70474263.0,,CBRS 적용한 전투발전체계의 문제점 및 발전방향 연구,군
총 수명주기간 함정 안전진단 수행체계 개선방안 연구,국군수도병원,,84.0592,2018-01-06,주식회사 셀젠텍,이주열,이창환,"대전광역시 서구 도산로485-0, 4층 (탄방동)",151698405.0,84.0685,해병대 리더십개념 및 리더像 정립 연구용역,국군수도병원
19년 병리장비소모품(13) 혈액가스분석기 구매,육군교육사령부,328689147.0,91.6163,2018-10-27,(사)21세기군사연구소,이재평,원은정,,328553729.0,91.6174,2018년 제4회 국방 분석평가관계관 워크숍 위탁운영,기관
22-11차 연구장비 구매 계약  - 의약품 냉동고(수정),제9691부대,4877713.0,92.2672,2022-09-19,,한민구,,,4882806.0,92.2671,군용총포·도검·화약류 안전관리 발전방안 연구,중앙행정기관
군 급식 피복류 조달이관 성과분석 연구,해군군수사령부,143416155.0,,2019-05-09,,,원만희,,143542590.0,84.3584,군비행장 자동소음측정망 운용체계 구축방안 연구,제9691부대
상호운용성 전문화교육체계 연구,방위사업청(운영지원과),,89.315,,(주)디앤오종합건축사사무소,정봉원,김정일,서울특별시 광진구 군자동98 집현관 216,65080360.0,89.3188,18~22 방위산업육성 기본계획 수립을 위한 정책연구,중앙행정기관
부품단종 정보획득 및 관리 시범사업 연구,제9691부대,,78.489,2020-10-15,,,,,64073466.0,78.4956,항공우주력 국제학술회의 연구용역,군
합동화력시뮬레이터 양산사업 비용분석,국방부(운영지원과),26860524.0,89.3022,2018-08-19,경희대학교산학협력단,이재평,박종재,"서울특별시 영등포구 국제금융로8길25, 6층 607호 (여의도동, 주택건설회관)",,89.2994,24-그린나래호텔 리모델링 계획의 적절성 분석연구,중앙행정기관
해군조직 및 갈등특성에 부합한 갈등관리 방안 연구,육군교육사령부,214626282.0,88.8101,2017-05-11,육군사관학교 산학협력단,,정운찬,"서울특별시 금천구 가산디지털2로184, 10층 1017호(가산동, 벽산디지털밸리2차)",214583503.0,,함정 표준감항인증기준 수립 및 사업 영향성 연구,군
23-F-최대전력 분석기 구매,해군본부,,92.1756,2024-07-31,에스원세이프,최계영,김태형,"서울특별시 금천구 가산디지털1로5, 대륭테크노타운 20차 1934호",,92.1736,(226320-B) 지형분석장비 교체(리스물건),국군재정관리단
군 시설물 적정 위장방안 연구 용역,국군의무사령부,,86.314,2019-03-15,주식회사 안보기술연구원,임중수,,서울특별시 관악구 관악로1 (신림동),115314109.0,,접경지역 부대개편에 따른 상생협력방안 연구,군
공기조화계통(HAVC) 성능개선 방안 연구 용역,육군본부,31085962.0,,2017-08-09,(사)한국전략문제연구소,,,,,84.7004,정보학교 사이버공간정보 연구용역,국군재정관리단
21년 의무장비(혈액가스분석기 중형) 구매,국군재정관리단,,88.3267,2018-11-19,고메드,이성로,조대현,"서울특별시 금천구 가산디지털1로1-0 (가산동, 더루벤스밸리) 1208호",32976315.0,88.3285,(20F067-I)소음영향도작성을위한소음측정및분석용역,군
웨어러블 로봇 운용개념 연구용역,해군본부,215418013.0,81.8849,,,,,,215319562.0,,원거리 구조지원 수행능력향상 방안 연구,군
정보통신기능 성능개량 체계 구축 연구 용역,육군교육사령부,,81.7051,2019-09-16,주식회사 서경방송,김하근,김현덕,"충청북도 청주시 흥덕구 흥덕로151-0 (운천동, 지하1층)",38333613.0,81.7078,무기체계 RAM 시험평가의 효율적 수행방안 연구,군
155mm 정밀유도포탄 비용분석,육군교육사령부,,94.235,,(사)한국위기관리연구소,안성일,박점숙,서울특별시 서초구 사임당로18 (서초동) 석오빌딩 8층,147522585.0,94.2372,경어뢰 성능개량사업 전문용역 비용분석,중앙행정기관
국방기술조직을 활용한 함정 기술관리 방안 연구 용역,방위사업청(운영지원과),,84.4384,,,,,,,84.439,전구급 항공작전 분석모델의 표적가중치 산정 연구,중앙행정기관
00 0000 분석체계 구축,육군본부,,,2022-03-11,(사)한국전략문제연구소,전건욱,박계향,,65148423.0,80.1836,19년 육군M&S센터 전문분석관 운용 용역(2019F014-I),군
방공포병 모의훈련체계 구축 가능성 연구용역,국방부(운영지원과),69238328.0,,2022-03-25,(사)21세기군사연구소,,권시형,,69247683.0,91.1393,DCS와 FMS 경쟁 시 공정성 제고를 위한 평가방안 연구,중앙행정기관
(21G087-I)범국민 안보의식조사 연구 용역,공군방공관제사령부,342470239.0,77.2608,2023-01-25,재단법인 에프아이티아이시험연구원,채규수,유선미,"경기도 수원시 영통구 신원로306, 1동 8층(원천동, 이노플렉스)",,77.2575,(20F087-A)부대재배치 사업 선행연구용역,국군재정관리단
정밀 측정장비(레벨분석기)구매,국군재정관리단,,90.7333,2022-02-17,주식회사 엘씨케이테크놀로지스,김두식,윤진영,경기도 성남시 분당구 판교역로 220(삼평동 673),95397048.0,90.7349,24년 군 양성평등지표 조사 및 분석 연구,국군재정관리단
백두체계능력보강 2차 시설사업기본계획 연구용역,육군교육사령부,,,2017-04-01,계명대학교 산학협력단,홍양희,이효진,서울특별시 성북구 삼선교로16길116-0 (삼선동2가),,,의무피복류 보급기준 및 품질개선에 대한 연구,국군재정관리단
24~25-F-OOOO 수집/분석장비 유지보수,해군군수사령부,123088408.0,,2024-10-27,노무법인한수,안은희,이수행,경기도 광주시 도척면 다람로36번길45-13,,86.1351,사이버 자산정보 수집 분석체계 라이선스 구매,4284부대
수도권 동원예비군 수송방법 개선방안 연구,국방부(운영지원과),186239980.0,89.7074,2016-04-30,,,,,186257637.0,89.7076,다목적 항무지원정 함형 발전 연구,중앙행정기관
무기체계 유형별 맞춤형 R&D 수행절차 연구,국방부(운영지원과),517621005.0,,2018-11-20,,,,,517557847.0,,국방 데이터 관리체계 수립 연구,국군재정관리단
24~25-F-OOOO 수집/분석장비 유지보수,공군미사일방어사령부,,93.4366,2022-10-10,엠텍리서치,이윤문,이연정,"경기도 안양시 만안구 만안로49, 519호(안양동, 호정타워)",,,(246202-D)지형분석장비 교체사업(리스자산),군
진동분석시험장비 진동감지센서 등 16종 구매,공군본부,153516716.0,94.6427,,호원대학교 산학협력단,최권석,이수행,"경기도 안양시 동안구 학의로282, 501호,502호,503호 (관양동, 금강펜테리움아이티타워)",,,16-'17년 대잠작전효과분석모델 성능개선 용역,기관
국방시설 전력소비 수용률 기준 연구용역,육군교육사령부,7956570.0,79.5806,,국민대학교산학협력단,경상현,김홍정,서울특별시 영등포구 영등포로35길10-0 (영등포동6가) 8층 809호,7963724.0,,무기체계 RAM 시험평가의 효율적 수행방안 연구,중앙행정기관
국방기술조직을 활용한 함정 기술관리 방안 연구 용역,육군 제3808부대,,84.0191,,사단법인 안보경영연구원,전건욱,,"서울특별시 강남구 언주로527, 10층 (역삼동)",29689783.0,84.021,16-인성교육프로그램 등 연구 용역 계약,국군재정관리단
차세대 전투차량 발전방안 연구 용역,국군재정관리단,,97.6991,2017-03-30,사단법인 한국군사시설연구소,김동준,최예슬,서울특별시 영등포구 영등포로35길10-0 (영등포동6가) 8층 809호,75314666.0,,전시 급식지원체계 개선방안 연구,제2879부대
컨테이너 물류체계 구축 소요판단 정책 연구과제 용역,국방부,,,,,,,,187101832.0,,항공통제기 2차 시설사업 기본계획 수립 연구용역,국군재정관리단
화학작용제 자동분석기 MM-1 외주정비,국방부(운영지원과),1055964.0,90.9019,2021-12-03,해군사관학교 산학협력단,김재영,경상현,"경기도 수원시 영통구 월드컵로 206(원천동, 아주대학교)",1057734.0,90.904,군 자동소음측정망 설치기준 및 운영방안 연구,국군재정관리단
국방정보화 정책평가 수행 및 발전방안 수립 연구,국군재정관리단,,87.9783,2019-09-19,,,,,190930840.0,,우주기상 군 작전 영향 연구 용역,중앙행정기관
17년 분석용 모델 유지보수 용역,합동참모본부,77199099.0,87.8515,2020-12-24,주식회사 길상산업,조혜진,양정학,"서울특별시 용산구 청파로349-0 (서계동,보은개발빌딩)",,,표적획득 및 사격지휘체계 발전에 따른 포병효과 분석,군
유류시험장비(연료성분분석기 등 2종) 구매,국군재정관리단,,91.567,2020-08-31,(주)다올씨앤씨,송봉주,이월단,"서울특별시 동작구 남부순환로2021, 2층 (사당동)",270798567.0,91.5679,전시자원소요분석모델 장비 교체사업 리스,국군재정관리단
스펙트럼용 분석기 등 3종 4대 구매,육군교육사령부,43791399.0,81.251,,,변중무,권시형,"서울특별시 금천구 가산디지털2로184, 10층 1017호(가산동, 벽산디지털밸리2차)",43763040.0,81.2511,00부대 EMP 보호시설 구축 선행연구 용역,군
제주기지 전개잠수함 저주파분석훈련장 구축사업,육군본부,360493742.0,,2018-08-03,에스엔케이와이즈주식회사,김종광,황병윤,경상남도 창원시 의창구 원이대로271 (봉곡동) 3층 314-C호,,,대잠훈련분석체계(AEAS) 유지보수 용역,기관
RAM 분석 및 군수지원 분석방법 선진화 연구(1차),국군재정관리단,75471344.0,,2018-05-09,주식회사 나비시스템,김금남,이수현,제주특별자치도 제주시 첨단로251 (영평동),75428221.0,78.5657,국방군사시설 건축바닥면적 기준 개정 연구용역,국군재정관리단
군 급식 민간위탁 시범사업 성과분석 연구,국방부(운영지원과),127561676.0,90.8251,2019-06-07,,,,,,,22-11차 연구장비 구매 계약 - 의약품 냉동고,중앙행정기관
F-15K/E-737 항공기 특성(RCS/IR Signature) 연구,방위사업청(운영지원과),,89.1185,2024-03-12,상명대학교산학협력단,이광형,김영중,충청남도 논산시 양촌면 황산벌로1040,11593562.0,89.118,민사분야 연구용역(2-1),중앙행정기관
23년 기술연구용역 계약 의뢰(4),방위사업청(운영지원과),69355424.0,84.516,2020-05-23,,,,,,84.5202,해병대 인력획득체계 분석 발전 방향 연구 용역,중앙행정기관
00지역 실내공기질 개선 연구용역,공군군수사령부,17935283.0,,2022-10-08,(주)에프오알엠도시건축공간연구소,,,"서울특별시 성동구 왕십리로 222, 한양대학교 내 한양종합기술연구원 110호(행당동)",17954965.0,78.5185,방위사업 전문교육기관 시설 기초조사 연구,국군재정관리단
(해병)소음측정 및 분석용역,국방부(운영지원과),807608413.0,94.563,2023-04-27,(주)다남정보통신,김태호,정봉원,"전북특별자치도 군산시 임피면 호원대3길 64,",807503017.0,,해안감시레이더-Ⅱ 사업분석,중앙행정기관
절충교역 제도 선진화 방안 연구,국방대학교,,,,,,,,43556266.0,97.1744,한국해군 협동교전절차(CEC) 수행방안 연구용역,군
경어뢰 성능개량사업 전문용역 비용분석,공군본부,,87.9843,,유한회사 갈등조정센터,김용주,이권민,"경기도 용인시 기흥구 덕영대로1732-0 (서천동, 경희대학교 국제캠퍼스내)",413170502.0,,디지털 증거분석체계 라이센스 확보,군
신분별 직무분석을 통한 적정 계급구조 연구,공군본부,14026861.0,77.055,,유한회사 행정과 소통연구소,정정모,김봉환,"서울특별시 영등포구 선유로 70, 우리벤처타운2303호(문래동3가)",,,민수용 드론의 비행기지 작전지원 활용방안 연구,제2879부대
00기지 저주파분석 훈련장비 유지보수 용역,국군의무사령부,,99.0421,2018-09-29,소망상사,황영식,권시형,"서울특별시 금천구 가산디지털1로19, 406호, 407호, 408호, 409호(가산동,대륭테크노타운18차)",111968456.0,,전투실험용 휴대형 통합 네트워크 분석기 구매,제9691부대
K1A2 전장관리신호처리기 시험장비개발 연구용역,해군본부,197726138.0,93.1001,,,,조반석,,197704221.0,93.099,인공근육 기반 전투원용 슈트 개발 발전방향 연구,제9691부대
22-해상기반 우주발사체계 개념 연구,국방대학교,82607529.0,96.4245,2021-09-06,주식회사 메디시온,유완종,곽은혜,"서울특별시 금천구 가산디지털1로1-0 (가산동, 더루벤스밸리) 1208호",82617260.0,,민간우주기술을 접목한 육군우주력 발전방안 연구,기관
24년 의무장비(요분석기) 구매,해군작전사령부,,93.3612,2020-02-27,에스엠트레이딩,김화경,양용진,"경기도 부천시 송내대로388-0 200동 502호 (약대동, 부천테크노파크)",275247591.0,93.3659,의무장비[혈액가스 분석기(휴대용)] 구매,제5378부대
국방 비밀관리시스템 연동표준 개념연구,국군재정관리단,,,2019-03-27,,,,,,,저고도 공역 통합 관제체계 연동 소요 연구용역,중앙행정기관
22-11차 연구장비 구매 계약 - 의약품 냉동고,국방부(운영지원과),95785704.0,80.8491,2018-07-01,,,김지훈,,95803559.0,,22-해상기반 우주발사체계 개념 연구,제9691부대
음원수집장비 및 음원분석 워크스테이션 구매,합동군사대학교,,,2019-03-10,사단법인 한국국가전략연구원,,이수행,"서울특별시 금천구 가산디지털2로184, 10층 1017호(가산동, 벽산디지털밸리2차)",,,분석기세트 3종 구매,군
신호분석기 1EA,해군군수사령부,15419694.0,92.3382,2023-09-28,주식회사 대경코리아,이헌웅,황혜원,"경기도 고양시 덕양구 삼원로63-0 (원흥동, 고양아크비즈) 612호",,,열중량분석기 등 1종 구매,국군재정관리단
체계적인 해군 C4I 체계 유지보수 관리방안 연구,국군재정관리단,49156480.0,,2023-03-27,,,,,,,SUPPRESSED,군
표적획득 및 사격지휘체계 발전에 따른 포병효과 분석,합동참모본부,,,,씨지에스아이티(주),최현선,김해리,충청북도 청주시 청원구 오창읍 농소길33-56,16457321.0,,해병대 데이터 관리 및 활용 발전 방안 연구,기관
정신전력교육 기본교재 재발간에 따른 사전 연구 용역,국방부(운영지원과),27457853.0,,2022-06-24,서울대학교 산학협력단,김성룡,이도제,"서울특별시 성북구 화랑로76, 제3층 307호(하월곡동,코업스타클래스)",,,미래 복합전투체계 운용개념/전투실험방법 연구용역,중앙행정기관
기갑및기계화부대 중대급 교전훈련장비 선행연구 용역,공군본부,5231162.0,85.7304,2022-08-17,숙명여자대학교산학협력단,홍순국,김근우,"경기도 성남시 수정구 복정로84번길 22-15,(B-001호) (복정동)",5226844.0,,정보역량 강화 연구용역,중앙행정기관
23-24년 공군 항공무장효과분석모델 통합유지보수,4284부대,,95.0402,2023-07-14,주식회사 행림종합건축사사무소,김동호,김한욱,경기도 성남시 수정구 대왕판교로851번길20-0 (시흥동),261567304.0,,(237001-H)스펙트럼 측정/분석장비 노후 교체,제9691부대
2017 서울안보대화 프로그램 기획 및 발전방안 연구,국방부(운영지원과),,,2018-07-10,한남대학교 산학협력단,한민구,박영욱,"서울특별시 성북구 화랑로76, 제3층 307호(하월곡동,코업스타클래스)",12782576.0,,공기조화계통(HAVC) 성능개선 방안 연구 용역,국군재정관리단
군인연금관리공단 설립 필요성 등 검토를 위한 연구,국방부(운영지원과),495201339.0,,,,,,,,95.4668,화생방정찰차-II(차량형) 시설사업기본계획 연구용역,군
FA-50 성능개량 방안 연구,국방대학교,128421587.0,87.086,2020-10-06,,,,,128322846.0,87.0805,부대재배치 선행연구 용역(2019F065-B),국군수도병원
자동염기서열분석기 구매,제2879부대,,68.3241,2022-06-13,(주)지디시스,노광현,박미진,부산광역시 동구 중앙대로286번길9-0 (초량동) 306호,24785176.0,,’19년 디지털 포렌식 분석장비 교체(20197105-A),제9691부대
전투준비태세 평가체계 발전방향 연구,국군재정관리단,,,,사단법인 안보경영연구원,,,,116468159.0,,군시설 공사비 기준단가 산정 연구용역,군
`18년 헌병 디스크 증거분석체계 교체사업,육군교육사령부,,,2021-07-24,,,이수행,,17014481.0,83.0377,軍 태양광 시범사업 효과 분석평가 용역,군
(21F093-K)'22년~'23년 작전지속지원분석모델유지보수,제9691부대,69119733.0,86.3334,2019-03-20,,,권시형,,69104170.0,86.3332,21-미 해군 6.25전쟁 전쟁분석 자료 번역 용역,군
국방 데이터 관리체계 수립 연구,육군교육사령부,,,,해양산업드론일자리창출협동조합,홍영기,김영숙,"서울특별시 성북구 정릉로 77, 국민대학교내(정릉동)",,89.1034,도면(2D 및 3D) 통합관리방안 연구용역,중앙행정기관
’22년 전투발전 연구과제 용역(1),국군수송사령부,26353774.0,,2021-01-21,아이브스 주식회사,신종걸,오순길,"서울특별시 서초구 동산로23, 3층(양재동,베델회관)",,98.384,민사분야 연구용역(2-2),기관
잠수함 근무환경의 분석 및 건강모델개발 용역,국방부(운영지원과),32968171.0,88.8453,2020-10-11,(사)국방시설연구협회,허정행,정평길,"경기도 성남시 수정구 복정로84번길 22-15,(B-001호) (복정동)",32938613.0,,효율적 획득업무 수행을 위한 WBS 표준화 연구,군
이동형장거리레이더 시설사업기본계획 연구용역,방위사업청(운영지원과),,96.2982,2020-03-13,(재)한국해양전략연구소,유상호,,서울특별시 광진구 군자동98 집현관 216,,96.3007,연구장비확보(초저온냉동고),중앙행정기관
휴대용핵종분석기 구매,공군제10전투비행단,164865989.0,95.8002,2022-05-18,국방기술품질원,김진욱,김연경,대전광역시 유성구 대학로291-0 (구성동),,,(216323-C) 네트워크 위협 분석체계 구축사업,국군재정관리단
잠수함 지휘통신체계 경미한 성능개량 사업분석,육군본부,233784660.0,79.5172,,,,김지훈,,233808498.0,79.5159,지능형 전군 악성코드 수집분석체계 구축(리스물건),군
국방 인공지능(AI) 활용 실증기획 연구,국군의무사령부,110426886.0,,,경안이엔지(주),권수민,박승호,"대전광역시 대덕구 대화로120, 7층 729,730호(대화동, 가온비즈타워)",110448016.0,92.3293,ICT 기술 적용한 미래 지휘통신체계구현 가능성 연구,중앙행정기관
20-교육훈련 빅데이터 통합관리체계 구축방안 연구,육군교육사령부,125577753.0,,2020-02-03,,권시형,,,125634913.0,94.9473,국내개발 항공기 성능개량 및 관리(대체)방안 연구,중앙행정기관
화생방위험예측분석체계 체계개발,국군재정관리단,452539009.0,84.9936,2021-09-15,,김진욱,,"서울특별시 금천구 가산디지털2로184, 10층 1017호(가산동, 벽산디지털밸리2차)",452597261.0,84.9927,24~25-F-OOOO 수집/분석장비 유지보수,군
정기기초연구과제연구용역(2.한국의국방/군사전략),국군재정관리단,28665097.0,95.2391,2024-05-11,,한민구,,,28656315.0,,국방과학기술 전문인력 소요분석 연구,군
샵차량 발전기 전자제어기 정비기술개발 연구용역,국군의무사령부,,84.0927,2023-02-10,사단법인 안보경영연구원,,,"서울특별시 용산구 청파로 40, 삼구빌딩 1815호(한강로3가)",101980538.0,84.0904,NCoE 구현을 위한 합참중심 QoS 모델 연구 용역,군
대함유도탄 방어유도탄 양산사업 비용분석,국군재정관리단,89612904.0,83.8136,2021-03-06,주식회사 디오르마,김여기,정해붕,"경상남도 창원시 진해구 신항2로114, 2013호(용원동, 다인로얄팰리스부산신항2차)",89555127.0,83.8121,16-'17년 대잠작전효과분석모델 성능개선 용역,중앙행정기관
전자파 분석장치 등 2종 구매,국군제1068부대,341342150.0,,,(사)21세기군사연구소,김진욱,,"서울특별시 금천구 가산디지털2로184, 1017호(가산동, 벽산.경인디지털밸리2)",,89.4403,항-418-012 생화학분석기 시약 등 97종 구매,국군재정관리단
국방정책연구과제 연구용역 계약,방위사업청(운영지원과),81707687.0,95.1929,2018-08-05,주식회사 세랜텍,NAKAZAWA TAKASHI,김혜민,"서울특별시 강남구 남부순환로365길 5, 중명 213(도곡동)",,95.1931,군사용 인공지능 적용을 위한 법ㆍ제도 개정소요 연구,중앙행정기관
무기체계 RAM 시험평가의 효율적 수행방안 연구,방위사업청(운영지원과),66910301.0,89.7611,,,,이경순,서울특별시 영등포구 여의대방로43나길20-0 (신길동),,,미래 육군비행장 발전계획 검증 연구 용역,중앙행정기관
(226220-F)발광분광 분석기 구매,제2879부대,104265717.0,87.3369,2022-10-12,(주) 한얼누리,주형훈,조대현,"서울특별시 강동구 천중로39길19-9 (천호동, 지원골드아파트) 401호",104167762.0,,무인수색차량 사업 비용분석,제2879부대
20-MTU엔진 PBL 비용대효과분석 및 성과지표 연구,제3707부대,273441843.0,83.2674,,사단법인 안보경영연구원,전건욱,,"서울특별시 강남구 언주로527, 10층 (역삼동)",,83.2682,21년 병참선 제원 및 수송기술 연구용역,군
전·평시 예비군 보류직종의 적정성 연구,육군본부,,89.8952,,,박정기,김형민,,85688431.0,,청년장병의 군 복무간 지원 및 보상(취업분야) 연구,국군재정관리단
해병대 간부 및 병 획득율 제고를 위한 개선방안 연구,공군교육사령부,345510176.0,85.0918,,주식회사  인섹시큐리티,서태일,최규식,"경상남도 창원시 마산합포구 해안대로91, 상가 205호(해운동, 경민시티빌)",345508388.0,85.0903,분석기(회로망용) 구매,군
해군 스마트 항공기지 발전방향 연구용역,육군본부,,87.4812,2022-07-09,,,,,,87.4843,함정 도면관리를 위한 SW개발 연구용역,중앙행정기관
방위사업에 특화된 계약법 제정을 위한 연구,국군재정관리단,,95.9867,,주식회사 삼우에이엔씨,조민구,윤진영,"대전광역시 유성구 대학로 27, 현대리조텔 2층(봉명동)",51365155.0,95.9851,21년 전투발전 연구용역(2),군
24년 군 주거시설 개선사업 선행연구(24-GD-51),국방부(운영지원과),,91.9022,,육군사관학교 산학협력단,한민구,,충청남도 논산시 양촌면 황산벌로1040,412528915.0,91.9041,상층대기분석장비 유지보수,중앙행정기관
76mm 함포 약실 정밀검사용 장비개발 연구용역,방위사업청(운영지원과),,91.7955,2020-05-30,(주)에프오알엠도시건축공간연구소,,,,176334849.0,91.8001,19-적정 승조원 소요인원 정량화 방안 연구,중앙행정기관
훈련 및 부대운영 빅데이터 활용방안 연구용역,국방부(운영지원과),,62.6928,2018-04-24,(재)한국산업개발연구원,전건욱,,"서울특별시 강남구 언주로527, 10층 (역삼동)",32961015.0,62.7028,북한의 기뢰전 전술 분석 및 대응책 연구,국군수도병원
방위사업비리 가중처벌 법안에 대한 연구,해군본부,,98.3159,2020-02-08,,,안구름,"서울특별시 용산구 청파로 40, 삼구빌딩 1815호(한강로3가)",,98.3129,우수 과학기술 인재의 국방(군) 분야 활용방안 연구,중앙행정기관
정밀측정장비(레벨분석기) 구매,육군본부,78947198.0,100.3316,2021-11-09,,,,,,100.3311,AH-64 헬기 엔진 마운트홀 가공기술 개발 연구용역,중앙행정기관
신규 유도무기 적정 신뢰도 유지방안 연구,육군본부,,80.9583,2019-12-30,,채수장,조상환,"서울특별시 용산구 한강대로62길41, 3층 (한강로1가)",138675678.0,80.9536,인천지역 도심 친화적 통합 재배치 연구용역2019F009,합동상호운용성기술센터
A.I.기반 전평시 동원체제 혁신방안 연구,방위사업청(운영지원과),305071225.0,,,사단법인 한국갈등학회,김한용,구종우,"서울특별시 서초구 방배천로155, 유청빌딩 3층(방배동 821-8)",305169199.0,,의무후송전용헬기 시설사업기본계획 연구용역,중앙행정기관
주요 군사선진국의 공군조직 발전방향 분석,육군교육사령부,19969607.0,88.3156,2024-05-14,,,이권민,,19960505.0,88.3085,요분석기 사단용 2EA 구매,군
(246202-D)지형분석장비 교체사업(리스자산),국군재정관리단,678100172.0,84.2114,2023-08-13,윤서상사,천병년,이승재,"대전광역시 유성구 대학로 27, 현대리조텔 2층(봉명동)",,,120mm자주박격포 및 사격지휘차량 성능개량 사업분석,중앙행정기관
40mm고속유탄기관총-Ⅱ 사업분석,제5019부대,64993775.0,,2023-08-13,노원 상사,홍순모,한영준,경기도 의왕시 오봉산단3로25 (삼동) 의왕테크노파크 더리브비즈원 1동1528호,65000318.0,,생화학분석기(자동식) 1대 구매 설치,국군재정관리단
24-모바일 증거분석체계 교체사업,방위사업청(운영지원과),269319023.0,,2024-09-08,주식회사 지니클라우드,박종재,황혜원,"경상북도 포항시 남구 청암로77 (효자동, 포스텍)",269184007.0,87.2838,[24-육-227] 무선 데이터통신 운영환경 동적분석 장비,중앙행정기관
의무장비-혈액가스분석기 중형 구매,국군재정관리단,338300575.0,79.6544,2021-07-25,,,황병윤,,338230715.0,79.6538,사이버 자산정보 수집 분석체계 라이선스 구매,군
중형기동헬기(UH/HH-60) 성능개량사업 비용분석,국군재정관리단,110439336.0,99.3965,,,정봉원,박점숙,"서울특별시 금천구 가산디지털2로184, 10층 1017호(가산동, 벽산디지털밸리2차)",110397985.0,99.3973,(20F066-A)소음영향도작성을위한 소음측정및분석용역,군
OO사단 등 9개 부대 개편사업 선행연구 용역,국방부(운영지원과),,,2018-09-27,사)국방정보통신협회,한수희,구종우,,22771992.0,89.1423,패트리어트 PAC-3 유도탄(2차)사업 선행연구,군
인공근육 기반 전투원용 슈트 개발 발전방향 연구,국방부(운영지원과),,,2019-07-13,(주)에프오알엠도시건축공간연구소,한민구,,,74101866.0,77.1282,전술제대 전투무선체계 발전방안 연구용역,국군재정관리단
TAS-815K 레이저거리측정기 시험장비 개발 연구용역,공군본부,236193369.0,80.573,2022-07-13,,,,,,80.5715,전력지원체계 SW 관리방안 연구 용역,국군재정관리단
24년 기술연구용역(2),육군본부,56796413.0,,2019-07-06,오도테크,주현,박계향,"서울특별시 용산구 이태원로 29, 전쟁기념관 4층(용산동1가)",56829074.0,,해병대 데이터 관리 및 활용 발전 방안 연구,국군재정관리단
전군 연례 리더십 수준 진단 연구용역,공군제18전투비행단,59162223.0,83.7158,2018-04-07,,,박계향,,,,전투하중을 고려한 인체공학적 개인군장체계 연구,중앙행정기관
웨어러블 로봇 운용개념 연구용역,방위사업청(운영지원과),214590001.0,,2020-01-07,,,,,214778136.0,99.1317,미래환경 변화에 적합한 인력획득 홍보 발전방안 연구,중앙행정기관
16년 전자파 측정 및 분석장비 개발 용역,방위사업청(운영지원과),110430283.0,88.7302,2019-07-24,,,,,110463363.0,88.7338,[24-육-84] 탄약부대 경계병력 민간전환 선결 연구,중앙행정기관
장보고-III Batch-I 잠수함 저주파분석 훈련장비,공군군수사령부,,,2023-03-07,,,이정화,,932398772.0,,21년 공군 항공무장효과분석모델 통합유지보수 용역,기관
(21G023-A)생물안전3등급 연구시설 유지보수 용역,육군교육사령부,,,2020-02-06,,김주희,윤태훈,"서울특별시 송파구 법원로9길26, D동 1104호(문정동, H-비즈니스파크)",19291220.0,87.0466,군 모바일 업무혁신 추진방안 연구용역,군
화산 특수작전종합훈련장 선행연구용역(특-24-용-24),국군재정관리단,31529780.0,81.019,2023-01-14,,,권시형,"서울특별시 강남구 언주로527, 10층 (역삼동)",31527135.0,,인공근육 기반 전투원용 슈트 개발 발전방향 연구,중앙행정기관
00부대 작전지휘시설 선행연구 용역,방위사업청(운영지원과),76173465.0,78.5007,2017-04-22,,,,,76204392.0,,항-17-018 자동연역분석기 시약 등 37종,중앙행정기관
국방 사이버보안 종합발전 전략 연구,국방부(운영지원과),,75.5298,,연세대학교 산학협력단,김재영,방은옥,"광주광역시 동구 조선대길126(서석동, 조선대학교 내))",88864723.0,,22-작전지휘시설 신축 분석평가 및 선행연구 용역,군
미래 육군비행장 발전계획 검증 연구 용역,공군제17전투비행단,,,2021-11-26,(주)한신솔루션,김운용,김소미,대전광역시 동구 대학로62-0 (용운동),339927291.0,89.1899,21-해양무인체계에 필요한 핵심기술 연구,국군제1068부대
(227215-D) 비용분석용 상용SW 구매,국방부(운영지원과),26795225.0,84.0234,2020-04-30,대양전기공업(주),임승택,이동근,대전광역시 동구 대학로62-0 (용운동),26789027.0,84.0215,병 오일분석용 구매,군
21-공-스펙트럼 분석기 3대 구매,국방부(운영지원과),,89.1389,2024-04-20,에솜 주식회사,윤현식,이태영,경상남도 창원시 의창구 봉강가술로537번길42-0 (대산면),458367725.0,,(226046-G)'22년 육군 DB분석체계 교체(리스물건),제2879부대
취약점 진단분석체계 교체사업(209086-F),공군본부,115262776.0,91.4868,2022-08-14,경희대학교산학협력단,조상환,윤병찬,서울특별시 중구 필동로1길30(필동3가) 동국대학교,115379875.0,91.4874,하이드로릭 입자분석기 구매,군
항공통제기2차사업 기종결정평가 연구용역,국군재정관리단,8989505.0,90.09,,한국생산성본부,한영수,최규식,"서울특별시 금천구 가산디지털2로184, 10층 1017호(가산동, 벽산디지털밸리2차)",8991933.0,90.0907,PBL 적용을 위한 성과지표/목표 연구,군
위치보고접속장치 통신회로카드 대체품 개발 연구용역,공군군수사령부,,,,,,,"서울특별시 강남구 언주로527, 10층 (역삼동)",25389779.0,87.7211,국방R&D 과제 평가체계 개선방안 연구,군
`18년 헌병 디스크 증거분석체계 교체사업,육군본부,163485982.0,93.4876,2018-06-30,정원B&C,김희숙,신종걸,서울특별시 구로구 디지털로26길5-0 (구로동) 1404호,163365628.0,,(20F084-I)소음영향도작성을위한소음측정및분석용역,국군수도병원
방공전력 발전방향 연구 용역,해군군수사령부,365894574.0,76.002,,울산과학기술원,,,충청남도 논산시 양촌면 황산벌로1040,366115319.0,76.0043,다목적 제설장비 운용기준 재정립 및 대체방안 연구,군
상비군 수준의 동원위주부대 전력보강 방안 연구,국방부(운영지원과),,89.1155,,명지대학교 산학협력단,권오형,김채미,"경기도 안양시 동안구 벌말로126(관양동, 평촌오비즈타워) 1308-1313호",5003821.0,,워리어플랫폼 미래단계 추진방향 연구용역,중앙행정기관
육군 수질 유지비 현실화 방안 연구용역,국방부(운영지원과),26243269.0,88.0717,,,김성룡,김상도,서울특별시 노원구 화랑로574-0 (공릉동),26253173.0,,진로도움 프로그램 성과분석 및 개선방안 연구,중앙행정기관
KT-100 PBL 적용방안 연구용역,해군군수사령부,135303700.0,92.0463,2019-11-05,(재)한국기계전기전자시험연구원,김광식,윤형규,"충청북도 청주시 청원구 대성로298-0 (내덕동, 청주대학교)",135390028.0,,연구활동 재료(시약 초자)361종 구매(20197096-E),군
해병대리더십교육성과측정체계개발연구용역,육군본부,,90.5232,2017-08-25,(주)심네트,,구종우,"서울특별시 성북구 안암로145 (안암동5가, 고려대학교)",129651371.0,,소화기 소음기 선행연구용역,군
정책현안연구용역(글로벌중추국가의...),공군본부,164242186.0,89.9982,2020-03-20,주식회사 광원종합상사,김정한,이솔이,"서울특별시 강남구 테헤란로306, 13층(역삼동, 카이트타워)",164295673.0,89.9927,해병대 인력획득체계 분석 발전 방향 연구 용역,연평부대
정책현안 연구용역(1. 북한의무기체계와..),육군공병학교,320567339.0,90.4272,2020-03-04,,,이상규,,320679293.0,90.4268,19년 작전지속지원분석모델 유지보수(2018F124-G),중앙행정기관
레이저대공무기사업 선행연구 및 운용요구서 연구,육군교육사령부,1222632.0,,,사단법인 안보경영연구원,전건욱,이상규,"서울특별시 강남구 언주로527, 10층 (역삼동)",1221925.0,95.7347,해상작전 위성통신체계 성능개량 선행연구,군
군 급식 민간위탁 시범사업 성과분석 연구,육군인사사령부,16045228.0,95.7841,2020-01-15,한길씨앤씨 주식회사,김진원,김석용,"서울특별시 금천구 가산디지털2로184, 10층 1017호(가산동, 벽산디지털밸리2차)",16077067.0,,미래 한국군 통합사이버전 수행방안 연구,군
소규모 정보체계 개발방법론 연구,국군화생방방호사령부,120308161.0,,2018-06-07,,,조혜진,,120258524.0,92.0861,국방 의료정보 빅데이터 분석체계 구축사업 연구용역,제9691부대
국방연동관리센터 운영 및 발전 방안 연구,육군교육사령부,,79.5236,2017-09-05,,,구종우,,122153222.0,79.5235,CH/HH-47D 성능개량사업 운용요구서 연구,4284부대
24-공군 적정 상비병력 규모 연구 용역,국방부(운영지원과),,,,,,박계향,,,,한국형 방산수출금융지원기준 설정방안 연구,합동참모본부
함정사업 적정 사업기간 연구,제2879부대,68716359.0,79.1968,2019-05-30,사단법인 안보경영연구원,,,,,,포별분배기 회로카드(6종) 시험장비개발 연구용역,국군재정관리단
국방우주력 발전을 위한 민·군 기술협력 방안 연구,방위사업청(운영지원과),,,2016-11-23,(사)한국전략문제연구소,전건욱,,"서울특별시 강남구 언주로527, 10층 (역삼동)",82139255.0,73.1874,미래특임 및 항공 통합 특임여단 편성방안 연구용역,중앙행정기관
24~'25년 상층대기분석장비 유지보수,방위사업청(운영지원과),318804596.0,,,,,강윤진,,,82.8248,24~'25년 상층대기분석장비 유지보수,중앙행정기관
과학화경계시스템사업의 기종결정 평가방안 연구,국군재정관리단,,90.4783,2019-09-27,광운대학교산학협력단,엄현성,,"서울특별시 용산구 한강대로62길41, 3층 (한강로1가)",,,24-정보우세권  확보를 위한 정보력 강화방안 연구,국군재정관리단
개전초 동원긴요부대 전시 완정성 보장 방안 연구,국군재정관리단,155759192.0,86.6169,2017-05-08,,,이혜진,,155722500.0,,17-군 세차 폐수처리시설 운영 개선방안 연구용역,군
22-5차 연구장비 구매 계약 - 원심분리기 소형탁상용,방위사업청(운영지원과),205933634.0,,,,,,,205862162.0,87.7924,정기기초연구과제연구용역(7.미래안보상황에..),군
22년도 군 급식 및 피복 만족도 조사 연구용역,국군재정관리단,,,2017-12-11,,,,"서울특별시 송파구 법원로9길26, D동 1104호(문정동, H-비즈니스파크)",309678411.0,,22-5차 연구장비 구매 계약 - 원심분리기 소형탁상용,군
23-D-종합발전수립 연구용역(B032),공군군수사령부,19116911.0,,2021-04-07,티쓰리큐 주식회사,봉만수,김우중,"서울특별시 금천구 가산디지털2로14,  14층 1405, 1406호(가산동)",19131844.0,90.4862,민관군 유·무인기에 대한 공역통제방안 연구 용역,합동상호운용성기술센터
22-함정무기체계 한국형 사이버보안제도 적용연구,국방부(운영지원과),109589432.0,83.7712,,,,남대현,서울특별시 금천구 가산디지털1로171-0 (가산동) 가산SK V1 센터 1505호,109572042.0,83.7774,2023년 서울안보대화 프로그램 기획 및 발전방향 연구,중앙행정기관
항-19-072 생화학분석기 시약 등 44종,방위사업청,142363711.0,,,사단법인 안보경영연구원,전건욱,,"서울특별시 강남구 언주로527, 10층 (역삼동)",,93.7272,17년 전시자원소요분석모델 장비 교체사업,국군재정관리단
24-F-비용분석용 상용SW 구매,제9691부대,,97.6097,2019-06-18,주식회사 안보기술연구원,권선애,류제성,대전광역시 동구 대학로62-0 (용운동),13758769.0,,(246248-C) 모바일기기 증거분석 교체(HW)(리스자산),군
의료기재(금연구역 표지판 등 85종)구매,국방부(운영지원과),,,2017-04-02,,,,,88654462.0,82.3156,병력책정기준 산정과 연계한 조직진단 기법 체계 연구,군
활주로지역 배수로 개선 분석평가 및 선행연구 용역,방위사업청(운영지원과),345234821.0,83.7758,,한성대학교 산학협력단,김대웅,박계향,충청남도 논산시 양촌면 황산벌로1040,345168101.0,83.7795,안보학술진흥연구용역(3.국내안보환경분석또는),군
국방산업혁신펀드(가칭) 시행방안 연구,육군본부,,92.6586,2018-09-19,,,,,172836954.0,92.6567,군 지역 유무인기 통합운용 안정성 연구 용역,군
안전하고 신뢰할 수 있는 AI활용 국방가이드라인 연구,육군본부,186749343.0,,2017-11-19,한국건설기술연구원,서용석,임소망,"경상북도 구미시 대학로 61, 금오공과대학교 산학협력단(양호동)",186825906.0,82.8417,악성코드 동적분석 SW 라이선스 연장 구매,국군재정관리단
무기체계 시험평가 사고예방 안전매뉴얼 연구,제2879부대,,92.8,2024-02-25,주식회사 안보기술연구원,장철성,정지용,서울특별시 관악구 관악로서울대학교 사회과학대학 16-539,110518473.0,,19년 발칸 추적훈련 분석기(제조),군
軍 태양광 시범사업 효과 분석평가 용역,국군재정관리단,261435741.0,,2022-05-01,국립금오공과대학교산학협력단,류재산,김지영,서울특별시 영등포구 경인로763-0 (문래동3가) 제9호,,,(216032-G) 차륜형장갑차 센서데이터 수집 분석체계,군
평시 복무 예비군제도 발전방향 연구용역,공군본부,49492551.0,91.4145,2019-09-16,(사)한국전략문제연구소,전건욱,,"서울특별시 용산구 청파로 40, 삼구빌딩 1815호(한강로3가)",49466317.0,91.4174,21년 전투발전 연구용역(4),군
23-F-최대전력 분석기 구매,해군교육사령부,18037650.0,,,씨지에스아이티(주),최규식,이수형,"서울특별시 금천구 가산디지털1로1-0 (가산동, 더루벤스밸리) 1208호",18040920.0,81.3466,23-D-감정장비(면역화학분석기) 구매,국군재정관리단
21년 병참선 제원 및 수송기술 연구용역,국군재정관리단,,,,,,허진실,"서울특별시 서대문구 거북골로 34, 명지대학교 본관 10층 11033호(남가좌동)",,,선외기 프로펠러 안전장치 성능개선 연구용역,제9691부대
군의료 특성화 연구용역(말라리아 발생 예측연구),국방부(운영지원과),117315630.0,88.7593,,,,,,117323886.0,88.7588,과학기술전문사관 직무 성과분석 연구,중앙행정기관
KOLAS 인정 기반 구축 연구용역,육군항공학교,,80.4298,2016-09-16,(사)21세기군사연구소,유훈,,서울특별시 금천구 가산디지털1로171-0 (가산동) 가산SK V1 센터 1505호,259434564.0,,해병대 작전환경에 적합한 M&S 전력분석 연구 용역,합동참모본부
다락대훈련장 간이 갈등영향분석 연구용역(C037),국군재정관리단,16863019.0,96.1824,2018-02-25,(주)에프오알엠도시건축공간연구소,김진욱,이상규,"서울특별시 금천구 가산디지털2로184, 10층 1017호(가산동, 벽산디지털밸리2차)",16871926.0,96.18,국방무인체계 총수명주기관리방안 연구,군
궤도장비 난방기 야전 시험장비 개발 연구용역,국군화생방방호사령부,,88.4944,,(사)21세기군사연구소,김시근,박한미,서울특별시 서초구 서운로1길34-0 (서초동),48547536.0,88.4941,가스 크로마토그래피 질량분석기 구매(20196084-D),중앙행정기관
기술연구 환경구축 사업 리스,공군본부,128557321.0,71.5346,2019-07-14,사단법인 녹색삶지식원,신희준,이철호,전라남도 목포시 해안로148번길14-0 (해안동1가),,,SUPPRESSED,군
자동화사격장 차단벽구조 구축방안 연구용역,국군의무사령부,161785712.0,,,아셀플래넷,박병훈,김혜진,"대전광역시 서구 도산로 485(탄방동, 4층)",161708981.0,76.2997,민간군사기업(PMC) 등 민간 아웃소싱에 대한 개념연구,합동참모본부
FA-50 성능개량 방안 연구,육군교육사령부,,,2018-01-24,(사)21세기군사연구소,홍영기,박종부,"서울특별시 송파구 법원로11길25-0, A동 1310호(문정동, 에이치비즈니스파크)",,87.1949,한국군병사에서 적응장애의 양상과 위험요인 연구용역,중앙행정기관
추진장약 저장수명 예측 가속노화시험 연구용역,제9227부대,172642965.0,85.6663,2016-05-04,사단법인 한국갈등학회,김범준,,울산광역시 동구 방어진순환도로1000-0(전하동),,85.6695,육군 핵심가치 실천수칙에 관한 연구 용역,국군재정관리단
전구급 항공작전 분석모델의 표적가중치 산정 연구,육군교육사령부,,72.6353,2018-11-10,사단법인 안보경영연구원,전건욱,,"서울특별시 강남구 언주로527, 10층 (역삼동)",227306364.0,72.6387,SUPPRESSED,군
정책연구용역(군견 관련),방위사업청(운영지원과),86539761.0,89.06,2019-01-17,부경대학교 산학협력단,나인성,고은미,"경기도 하남시 미사강변한강로155, 1동 314호(망월동, 지식산업센터)",,89.0551,24-그린나래호텔 리모델링 계획의 적절성 분석연구,중앙행정기관
20-쇄빙능력 보유 함정 건조/설계 기반기술 연구,합동참모본부,,,,서울대학교 산학협력단,노광현,노민택,"경기도 성남시 수정구 복정로84번길 22-15,(B-001호) (복정동)",21455800.0,90.1719,사이버 위협수준 평가 신뢰도 향상방안 연구,제2879부대
BigData /vc를 활용한 무기체계 효과분석 연구,국군재정관리단,,86.4085,2018-06-11,사단법인 안보경영연구원,전건욱,,"서울특별시 강남구 언주로527, 10층 (역삼동)",110662612.0,86.4053,SUPPRESSED,군
연합/합동 연습모의모델 획득 및 운영방안 연구,해군본부,,,,주식회사 베테랑콤,권정환,장미선,"서울특별시 서초구 강남대로6길11 선우빌딩 4,5층 (양재동)",,,국방규격에서 인용 중인 폐지된 KS 제정 연구,중앙행정기관
군사사 연구총서1차/2차세계대전관련연구용역(과제2),육군교육사령부,,87.2823,,,,안혜경,,55968678.0,87.2857,국방산업혁신펀드(가칭) 시행방안 연구,4284부대
육군 안전수준 진단체계 연구,국방부(운영지원과),4507258.0,,2020-11-19,한국법제연구원,차진섭,김소미,"서울특별시 성북구 안암로145 (안암동5가, 고려대학교)",4501583.0,94.9332,개발사업 군사작전 영향검토 및 법제화 방안 연구,군
17년 분광분석 폭발물탐지 연구용역,공군본부,5994667.0,97.1559,,(사)한국식품기술사협회,백명기,,"서울특별시 용산구 한강대로62길41, 3층 (한강로1가)",6001580.0,97.152,군사사연구총서베트남전쟁관련주제연구용역(과제3),중앙행정기관
23년 전투발전 연구용역(3),국군의무사령부,392256549.0,,2023-12-26,(사)21세기군사연구소,,,,392161756.0,93.1383,24년 국방연구개발사업의 성과조사 · 분석 연구 ,국군재정관리단
함정 네트워크 설계 및 무선통신 발전방향 연구 용역,국방부(운영지원과),,88.8636,,(사)국방시설연구협회,고중혁,,"서울특별시 금천구 가산디지털2로184, 10층 1017호(가산동, 벽산디지털밸리2차)",6371572.0,88.8672,산악지역에서의 적정 무기체계 및 전투수행 방법 연구,군
사관생도 생활실 시설기준 개정 연구용역,국군재정관리단,,,,(사)21세기군사연구소,이준식,이재광,"대전광역시 유성구 대학로 99(궁동, 충남대학교)",186441509.0,100.3741,23년 전투실험(연구용역사업),중앙행정기관
국방 데이터 전략연구,국군재정관리단,,90.7804,2020-02-20,사단법인 한국군사시설연구소,김규원,염진수,"경기도 안양시 만안구 만안로49, 519호(안양동, 호정타워)",15243528.0,90.7782,군인연금수급자 사망률 개선 연구,중앙행정기관
(237022-H)분석관리체계 노후 교체사업(리스물건),해군본부,93239633.0,,2021-08-15,한국환경설계(주),이재현,박소영,인천광역시 연수구 한나루로105번길68-0 (옥련동) 406동 1804호,93232457.0,96.1547,(22F070-G) 경계용 영상분석 데이터셋 구축,제5378부대
국방 사이버보안 종합발전 전략 연구,국군재정관리단,160228606.0,98.3771,2018-10-20,주식회사 안보기술연구원,현동재,박재완,경상남도 진주시 동진로420 (충무공동),160284076.0,98.3753,22-1차 개념설계 기술지원 연구용역,군
예비전력 예산  국방예산의 1%달성 방안 연구,국군재정관리단,138149305.0,,2023-10-16,유한회사 갈등조정센터,경상현,,서울특별시 동작구 흑석로84 (흑석동),138216091.0,,전술항법장비(TACAN) 시설사업기본계획 연구용역,국군재정관리단
원주기지 활주로 재포장사업 선행연구 용역,방위사업청(운영지원과),46036207.0,85.6204,2022-08-21,사단법인 한국군사시설연구소,이정화,임규옥,,46076800.0,,SUPPRESSED,중앙행정기관
24-3차 조달 연구장비(의약품 냉동고) 구매,국군의무사령부,96311147.0,,2021-12-21,,,추현아,,96365977.0,,국방데이터 품질점검 실증 및 운영방안 연구 사업,군
23년 비용분석모델(True Planning) SW유지보수 용역,육군본부,551833273.0,80.4324,2021-08-16,젠트리거,홍광표,유동호,서울특별시 강서구 양천로401 (가양동) 강서한강자이타워 B동1503~1506호,,,(227334-E)정밀측정장비(스펙트럼분석기 등 2종)구매,군
`23년 사단 작전지휘시설 신축사업 선행연구용역,방위사업청(운영지원과),,,,국민대학교산학협력단,임승택,이상규,서울특별시 강남구 테헤란로81길26-0 (삼성동) 유림빌딩3층,,,인터넷접속/전자우편 통제 및 분석체계 교체사업,중앙행정기관
16-상층대기 분석장비 외주정비,육군교육사령부,155103662.0,93.0624,,아이티 월드,배종환,조동원,"대전광역시 유성구 한밭대로138 (노은동, 노은노블레스) 201호",155091834.0,,(216047-F)모의분석실 전시체계 구매설치,중앙행정기관
땅굴징후지역 지층탐사 정밀분석 용역,방위사업청(운영지원과),4403978.0,,2018-11-03,주식회사 선화무역,조종열,조정선,"대구광역시 북구 동북로163, 101동 1605호(산격동, 산격대우아파트)",,,(207108-H)네트워크 위협 분석체계 구축사업,중앙행정기관
신기술 적용을 통한 저장시설 물류향상 연구,해군본부,187077728.0,88.045,2020-05-04,사단법인 안보경영연구원,,,서울특별시 서초구 남부순환로319길 13(서초동),,,의무피복류 보급기준 및 품질개선에 대한 연구,국군재정관리단
민군 상생을 위한 훈련장 최적환 관리방안 연구,공군본부,41814443.0,,2021-08-01,서울대학교 산학협력단,변중무,진수빈,"경기도 안양시 만안구 만안로49, 519호(안양동, 호정타워)",,83.7199,20-교육훈련 빅데이터 통합관리체계 구축방안 연구,군
정밀측정장비(레벨분석기) 구매,국방부(운영지원과),12887331.0,91.096,,제이에스전자,안동만,이정희,"서울특별시 구로구 디지털로288, 18층 1806호(구로동, 대륭포스트타워1차)",12874586.0,91.0945,18-함정 인수지연 사례분석 및 제도개선 방안,중앙행정기관
PLS세트 선행연구 용역,국방시설본부,,85.9293,2020-09-16,주식회사 에스유지,김태일,황병윤,광주광역시 서구 마륵로28-1 (마륵동),151271314.0,85.933,방산육성 수출확대 위한 산업협력 쿼터제 방안 연구,군
군인연금수급자 사망률 개선 연구,국군제1068부대,,84.7078,,,,,,,84.7068,20-쇄빙능력 보유 함정 건조/설계 기반기술 연구,기관
[24-육-188] 안전문화 수준 측정 Tool 개발 연구,방위사업청(운영지원과),33971018.0,,2017-06-20,,정의붕,김한음,,33976351.0,93.5498,전자파 분석장치 등 2종 구매,중앙행정기관
스마트 물류센터 도입 검토 연구용역,방위사업청(운영지원과),,91.3803,2019-11-10,,김재영,이병택,서울특별시 마포구 월드컵북로5길59 (서교동),,91.3756,작전환경고려 전투실험 방법 및 평가 분석방법 연구,중앙행정기관
전력화장비 후속군수지원 사업 개선방안 연구,국방부조사본부,48792693.0,,2021-09-05,상명대학교산학협력단,,김지훈,,,96.6961,(227163-F)연구활동재료(초자) 구매,기관
차세대 인터넷쇼핑몰 구축 정보전략계획 연구용역,지상작전사령부,,,,한성대학교 산학협력단,권정환,최규식,대전광역시 유성구 대학로291-0 (구성동),2097950.0,,잠수함 승조부사관 도태방지개선 연구 용역,군
워리어플랫폼 미래단계 추진방향 연구용역,국방부(운영지원과),27048417.0,91.6379,2021-02-10,,,,,,91.6369,전역예정장병 취업역량 강화 방안 연구,중앙행정기관
미래 무기체계 소요 연구용역,해군군수사령부,69249452.0,96.3285,2019-12-17,사단법인 안보경영연구원,,,"서울특별시 용산구 청파로 40, 삼구빌딩 1815호(한강로3가)",,96.3257,국방기록관 업무효율화를 위한 방안 연구,군
(23F009-A)지리공간지형분석 Terra SW 등 금융리스,공군본부,223422850.0,95.5671,2024-03-25,호원대학교 산학협력단,정의승,이권민,,223528596.0,95.5667,22-공-분석기  주파수편이용 구매(229037-F),제2879부대
(216178-D)휴대용화학탐지장비(화학물질분석기) 구매,국군재정관리단,303257407.0,87.7561,2022-02-19,,,,,303238663.0,87.7576,22~23년 공군 전자정보 수집/분석장비 유지보수,군
디지털 증거분석체계 라이센스 확보,국방부군사편찬연구소,154766428.0,,2021-04-12,서울대학교 산학협력단,경상현,장현정,"전라북도 군산시 임피면 호원대3길 64,",154777704.0,87.8836,22년 병리장비운영소모품(6) 요분석검사 27품목 구매,국군재정관리단
군용비행장 소음측정 및 분석용역(해),육군군수사령부,49591293.0,88.3645,,나우통상,김종광,경상현,"전라북도 군산시 산단남북로169, 군산친환경자동차부품알앤디센터 3층벤처기업 16호(312호)(오식도동)",49609677.0,88.3597,생화학분석기(contro serum Level1 등) 구매,합동상호운용성기술센터
국방분야 반도체 조사·분석 및 발전방안 연구,국군재정관리단,,96.542,2023-05-04,상명대학교산학협력단,,,,394021236.0,96.5384,주요 비행피복류 맞음성 개선 및 표준화 연구,중앙행정기관
공군 전장망 소스코드 취약점분석체계 교체사업,국군의무사령부,112477006.0,70.3674,,국립금오공과대학교산학협력단,박재완,신명화,"서울특별시 마포구 마포대로49, 13층(도화동, 성우빌딩)",112547547.0,,경어뢰 성능개량사업 전문용역 비용분석,국군재정관리단
한국적 지뢰대응활동표준 작성에 대한 연구,국군지휘통신사령부,16817185.0,93.8543,,주식회사 삼우에이엔씨,김민균,김지영,"전라북도 군산시 산단남북로169, 군산친환경자동차부품알앤디센터 3층벤처기업 16호(312호)(오식도동)",16811660.0,93.8564,(247045-E) 24년 조달 연구장비 구매,국군재정관리단
인터넷접속/전자우편 통제 및 분석체계 교체사업 리스,국군재정관리단,190732747.0,,,(주) 한국능률협회컨설팅,정의승,,세종특별자치시  시청대로370 세종국책연구단지 사회정책동,,84.7057,안보학술연구용역(2. 국제안보환경과),중앙행정기관
수직이착륙형 무인항공기 비용분석,제2879부대,56711216.0,,,,,,,,92.6241,16년 전자파 측정 및 분석장비 개발 용역,군
중금속가열분석기 1항목 구매(의무),해군본부,216605553.0,,,주식회사 비씨디이엔씨,김길원,김정윤,경기도 남양주시 진접읍 내각1로73번길38-1,216653170.0,,스펙트럼분석기 2종 구매,제7016부대
예비군법 개정방안 연구,국방부(운영지원과),348343896.0,80.4696,,,,,,,,000사업 핸드형 네트워크 분석기 구매,국군재정관리단
국방정보화 정책평가 수행 및 발전방안 수립 연구,국군재정관리단,,86.9362,2017-06-04,,,백도현,,,,군사시설 타운화 개념의 부대 재배치 방안 연구,중앙행정기관
2019년도 방위산업기술 보호수준 분석 및 진단연구,공군본부,229483340.0,,2018-03-31,,,,,,91.9761,KOLAS 인정 기반 구축 연구용역,군
공군 수송기 전력 최적화 방안 연구용역,육군본부,83755788.0,96.7926,2022-07-07,,송태현,유지수,"서울특별시 용산구 이태원로29, 421호(용산동1가, 전쟁기념관)",,96.7911,AI기술의 분류체계 및 적용방안에 관한 연구,중앙행정기관
부대개편 시설사업 선행연구 용역(2019F059-B),국군의무사령부,,,2019-08-22,(주)미래스캔,권오형,성진숙,"서울특별시 서초구 서운로 226, 서초오피스텔 404호(서초동)",101834436.0,91.6734,군사사연구총서 제6집 6.25관련주제 연구용역 (과제1),군
생화학자동 분석기 구매(20199034-D),육군본부,9488002.0,82.6913,,,권오성,이창환,,9481173.0,82.6857,항 18-029 자동면역분석기 시약 등 53종 구매,중앙행정기관
군 작전 지원 수치예보 발전 방향 연구 용역비,제9691부대,,95.4114,,(재)한국화학융합시험연구원,신인균,박계향,서울특별시 강남구 삼성로 438(대치동),,95.4103,ATCIS 개방형 OS 전환 비용대비 효과분석 연구용역,군
항-19-032 자동면역분석기 시약(HBsAg RGT)등 112종,합동참모본부,48593260.0,83.1306,2020-03-29,주식회사 한국직업자격연구원,김학준,조희정,서울특별시 노원구 공릉로 232서울과학기술대학교 테크노큐브 2층 산학협력단,,83.1272,전시자원소요분석모델 장비 교체사업 리스,39정찰비행단
전차 조준선 정렬 시스템 개발 연구용역,공군본부,63324830.0,71.8571,2020-05-16,(주) 탑크로스 이앤텍,김재일,이승재,"경기도 고양시 덕양구 마상로140번길48-0 304호 (주교동, 신양빌딩)",63286094.0,,20-PKMR엔진 PBL 비용대효과분석 및 성과지표 연구,국군재정관리단
00기지 환경개선 사업 분석평가 및 선행연구 용역,국군재정관리단,55795173.0,,,,,,,55810062.0,94.3954,국방과학기술 전문인력 소요분석 연구,중앙행정기관
대잠훈련분석체계(AEAS) 유지보수 용역,국방부군사편찬연구소,86461814.0,81.8619,,,,이정혜,,86480208.0,,대용량 유전자데이터 분석 파이프라인 및 가시화 연구,군
군수 빅데이터 수집/분석체계 구축 BPR/ISP 감리,공군사관학교,206322685.0,89.7305,2018-07-03,세영정보통신(주),류장수,유지수,경기도 군포시 흥안대로27번길22-0 (금정동),206369977.0,89.7273,(206199-B)지형분석장비 교체사업(리스물건),국군수도병원
(216328-C) 지형분석장비 교체사업(리스물건),국군수도병원,167555796.0,97.2953,2023-09-05,(주)네오플러스,서경희,전진홍,"서울특별시 구로구 디지털로 306, 대륭포스트타워2차 1101호(구로동)",,97.2945,(217097-E)차세대유전자 서열분석기 구매설치,군
국방규격에서 인용 중인 폐지된 KS 제정 연구,육군교육사령부,127104152.0,80.1214,,(주)디앤오종합건축사사무소,권선애,배종환,대전광역시 동구 대학로62-0 (용운동),,,국방규격에서 인용 중인 폐지된 KS 제정 연구,국군재정관리단
판매수수료 현실화 방안 연구용역,육군본부,266328234.0,91.0675,2018-11-07,,,,,266265561.0,91.0648,23 군의료 특성화 연구(접경지역 외상환자 예후 분석),군
24-미래 공군병력 부족 대비 인력공급 확대방안 연구,방위사업청(운영지원과),,94.4925,2017-09-07,,,,,51908140.0,94.4926,분석기(비행조종계통 점검용)외1종 구매(16-38),군
중고도정찰용 무인항공기 시설사업 선행연구,공군본부,26958060.0,83.0893,2016-08-13,,,,,,,한국형 임무형 지휘 정착을 위한 리더십 적용 연구,중앙행정기관
내부자 사이버위협 방어대책 연구용역,국군의무사령부,193164701.0,,2020-10-28,(사)21세기군사연구소,김재영,송문수,서울특별시 노원구 화랑로574-0 (공릉동),193234460.0,93.8142,한국 육군 교육훈련관리의 개선방안 연구,국군수도병원
국방대학교 안보현안분석 등 2종 인쇄 용역,국군재정관리단,69752247.0,90.1187,2022-09-24,육군사관학교 산학협력단,,,,,90.1195,(20F089-I)소음영향도작성을위한소음측정및분석용역,국군재정관리단
(246326-E) 분석용 고성능 PC등 5품목 (리스자산),국군재정관리단,231405978.0,82.8262,,MK메디칼,김하근,전병욱,"서울특별시 강동구 천중로39길19-9 (천호동, 지원골드아파트) 401호",231272474.0,,24년 지형분석장비 구매(리스물건),중앙행정기관
폭발물처리 교육 전군 통합 필요성 검토 및 방안 연구,국군재정관리단,36641191.0,84.3417,2016-07-03,주식회사 휴먼씨엔씨,박문희,이상규,"대전광역시 유성구 죽동로297번길68 (죽동) CNU프라자  701,702호",36639272.0,84.3517,북한의 기뢰전 전술 분석 및 대응책 연구,군
공기조화계통(HAVC) 성능개선 방안 연구 용역,방위사업청(운영지원과),,96.2647,,,유훈,,,163641906.0,96.267,공기조화계통(HAVC) 성능개선 방안 연구 용역,중앙행정기관
(237283-E) 혈액가스분석기 소형 구매,합동참모본부,141235144.0,,,에솜 주식회사,서수진,문영옥,서울특별시 강남구 논현로189길6 (압구정동),141282544.0,88.6315,(23G250-I) 분석관리체계 금융리스,군
안보학술연구용역(2. 국제안보환경과),제2879부대,226195212.0,,,사단법인 안보경영연구원,,,,,,[24-육-160] 군 보수체계 개선을 위한 연구,국군재정관리단
민수용 드론의 비행기지 작전지원 활용방안 연구,육군교육사령부,23479612.0,86.2496,2017-08-25,사단법인 안보경영연구원,전건욱,,"서울특별시 강남구 언주로527, 10층 (역삼동)",23465924.0,86.248,영평사격장 이전 가능성 연구,중앙행정기관
소형전술차량 시설사업 선행연구,공군본부,,,,건양대학교 산학협력단,,박수연,,452974.0,79.2411,다목적 항무지원정 함형 발전 연구,군
해안 경계력 보강 사업 선행 연구,국군재정관리단,,65.5755,2022-05-18,,,정기쁨,,40511587.0,65.5689,20-MTU엔진 PBL 비용대효과분석 및 성과지표 연구,군
항-19-082 자동면역분석기 시약 등 27종,육군본부,,76.5882,,다우미디어테크,전동애,이지원,"서울특별시 강남구 남부순환로365길 5, 중명 213(도곡동)",118873677.0,76.5878,22-해-금속성분분석기 구매,국군재정관리단
물류원가 데이터 수집 및 산정/관리 방안 연구,국군재정관리단,,,,주식회사 씨이엠아이,이정석,경상현,"부산광역시 해운대구 센텀북대로60, 915호",186944774.0,86.8647,AH-64 헬기 엔진 마운트홀 가공기술 개발 연구용역,합동상호운용성기술센터
사업성과관리(EVM) 적용 고도화 방안 연구,국방부군사편찬연구소,540095089.0,91.9545,2016-09-03,주식회사 베테랑콤,주현,,,,91.9519,해병대9여단 임무.역할 확대 및 발전방향 연구용역,군
ArmyTIGER4.0네트워크정보유통능력분석연구용역,국군재정관리단,298584779.0,87.8147,2019-05-15,태신,송영각,고은미,서울특별시 강서구 양천로401 (가양동) 강서한강자이타워 B동1503~1506호,298794070.0,87.8124,21-함정 추진계통 신뢰성 향상을 위한 정비방안 연구,국군재정관리단
샵차량 전자제어기 회로카드 대체품 개발 연구용역,공군제16전투비행단,273844209.0,85.7407,,사단법인 안보경영연구원,백훈,,,273882725.0,85.7383,군용항공기 비행안전성 인증업무분석 및 발전방안연구,국군재정관리단
민간 아웃소싱 시범사업을 위한 제도화 방안 연구,국방부(운영지원과),,94.7554,2020-07-30,주식회사 서남아이에스,경상현,조대현,"서울특별시 송파구 법원로11길25-0, A동 1310호(문정동, 에이치비즈니스파크)",,94.7531,전원품질 분석기 구매,군
군 성폭력 사건 분석 연구,국군재정관리단,,87.8428,2020-01-23,,,양진,,28804187.0,87.8421,헬기 보조동력장치 시험장비 개발 연구용역,군
전차와 육군헬기의 혁신적인 운용개념 발전 연구,방위사업청(운영지원과),,,2017-01-13,,,이재평,,19203819.0,,보코더 특성분석 플랫폼 개발 연구용역,군
복수활주로 건설사업 분석평가 및 선행연구,제9691부대,,,2024-06-20,광운대학교산학협력단,유상호,전치우,세종특별자치시  시청대로370 세종국책연구단지 사회정책동,14726199.0,92.1504,(23G048-I)생물안전3등급 연구시설(BL-3)유지보수용역,군
76mm 함포 약실 정밀검사용 장비개발 연구용역,공군본부,44063552.0,82.1183,,주식회사 한솔엔지니어링글로벌,김세종,윤병찬,"대전광역시 유성구 죽동로297번길68 (죽동) CNU프라자  701,702호",,,국군역사기념관(가칭) 건립사업 선행연구,군
분광광도계 수질분석형 1EA,해군군수사령부,,,2023-07-25,경희대학교산학협력단,김도현,곽은혜,"서울특별시 구로구 경인로53가길10, 5층 507호(구로동, 구로 대명벨리온 지식산업센터)",17235730.0,93.9885,병리장비소모품(생화학자동분석기 등 69종) 구매,중앙행정기관
민군 상생을 위한 훈련장 최적환 관리방안 연구,국군재정관리단,25937162.0,,2023-07-08,한양대학교 에리카산학협력단,정영욱,김상겸,"서울특별시 성동구 왕십리로 222, 한양대학교 내 한양종합기술연구원 110호(행당동)",25969505.0,78.0565,Edu-Tech 교육체계 개발 연구용역,중앙행정기관
소요결정 권한 소요군 위임시 획득절차 연구,제9691부대,362238380.0,,2020-01-14,,,신호철,,362163268.0,81.5939,민사분야 연구용역(2-2),군
공무직근로자 등 임금체계실태조사 및 고용환경 분석,합동상호운용성기술센터,,94.1363,2021-06-17,(사)21세기군사연구소,김진욱,구종우,"서울특별시 용산구 이태원로 29, 전쟁기념관 4층(용산동1가)",125776058.0,94.1369,전자파 분석장치 등 2종 구매,국군재정관리단
신규 유도무기 적정 신뢰도 유지방안 연구,국방부(운영지원과),90072691.0,83.5868,2019-06-15,엠텍리서치,강창선,박주희,인천광역시 연수구 송도미래로30-0 (송도동) C동 1315,90054991.0,83.5908,한국군의 곤충매개 감염질환 예방 전략 개발 연구용역,국군재정관리단
BigData /vc를 활용한 무기체계 효과분석 연구,국군재정관리단,,,2018-06-25,,,,,13242839.0,,정보학교 드론 연구용역,중앙행정기관
K105A1자주포 경미한 성능개량 사업분석,국군재정관리단,,82.7367,,,,황병윤,,177079047.0,82.7354,22~23년 공군 전자정보 수집/분석장비 유지보수,합동참모본부
분석기  스펙트럼용 구매(특무),국방부(운영지원과),37041048.0,89.0596,2020-07-20,한국교통대학교산학협력단,홍영기,,"서울특별시 서초구 방배천로155, 유청빌딩 3층(방배동 821-8)",,,18년 지상군 전시자원소요분석모델 유지보수 용역,군
19년 지상군 전시자원 소요 분석모델 유지보수 용역,국방부(운영지원과),86104826.0,86.0737,2023-09-28,세종대학교산학협력단,정의붕,정봉원,"서울특별시 금천구 가산디지털2로184, 10층 1017호(가산동, 벽산디지털밸리2차)",86087478.0,86.0798,추진장약 분석시험용 재료구매,국군재정관리단
미래 예비군훈련 제도 종합발전 방안 연구,방위사업청(운영지원과),,84.3697,,,,,,33811394.0,84.3793,교육연구자료 원문 DB 구축 용역,군
무기체계 인공지능 기술적용 JROC 작성지침 개정 연구,공군본부,,82.4957,2018-03-06,,,,,163837249.0,,해군조직 및 갈등특성에 부합한 갈등관리 방안 연구,합동참모본부
삼군부 재현 및 이전을 위한 연구,해군군수사령부,84942013.0,89.4044,2017-02-28,에이치디현대중공업 주식회사,정의승,이지유,"경기도 성남시 수정구 복정로84번길 22-15,(B-001호) (복정동)",84976520.0,,방산기술보호체계 발전방안 연구용역,군
장거리공대지유도탄 2차사업 운용요구서 연구,국방대학교,321299624.0,87.6586,2020-08-28,재단법인 한국군사문제연구원,김형철,,"경기도 성남시 수정구 위례대로83(창곡동, 국방문화센터)",321389693.0,87.651,SUPPRESSED,4284부대
RAM 및 군수지원분석 방법 선진화 연구(2차),국방부조사본부,,,2019-06-25,제이엠비 컴퍼니,조성희,김승준,인천광역시 연수구 원인재로212 (연수동),15455339.0,79.1732,미래 한국 해병대의 군구조 연구용역,국군수도병원
22-12차 연구장비 구매 계약 - 초저온냉동고,국군재정관리단,37298648.0,90.0494,2023-01-18,,,오석현,,37325313.0,90.0519,빅데이터 기반 공중전투 기동 분석기술 연구용역,군
주요 군사시설의 방호설계 기준 개정 연구용역,해군본부,23135455.0,,2017-04-16,주식회사 공공정책성과평가연구원,이훈민,장소영,,,,주요 군사시설의 방호설계 기준 개정 연구용역,국군재정관리단
교육장비(수질분석세트) 구매설치,제5738부대,104571632.0,89.2672,,바다메디칼,김석용,조정선,"대전광역시 유성구 한밭대로138 (노은동, 노은노블레스) 201호",104651339.0,,18년 작전지속지원분석모델 유지보수 용역,제3130부대
(20F089-I)소음영향도작성을위한소음측정및분석용역,방위사업청(운영지원과),42490911.0,90.9555,2020-09-16,,,김영애,,42473701.0,,지형분석용 드론 제조,군
효율적 획득업무 수행을 위한 WBS 표준화 연구,4284부대,13369429.0,91.3403,2020-02-23,주식회사 시스코어,문강분,박병희,"서울특별시 종로구 자하문로24길58, 1,2층(효자동)",13392420.0,91.3371,대잠훈련분석체계(AEAS) 유지보수 용역,제9691부대
박옥규 제독 평전 제작 연구 용역,국군재정관리단,53343253.0,,2019-07-29,,,김중곤,,53274139.0,,미래 예비군 차등화 편성ㆍ관리개념 연구용역,군
주파수변환기 대체품 연구개발 용역(2019H028-B),육군교육사령부,380882.0,93.8169,2017-12-05,,,현민,,381021.0,,18-P-3 기체수명연장 필요성 및 수행방안 연구,중앙행정기관
국방기상 빅데이터 통합을 위한 정책연구,육군인사사령부,82708456.0,,2019-11-17,,,황병윤,,82674776.0,84.3453,군 의료 혁신을 위한 의료전달체계 개편 연구용역,합동참모본부
항-16-047 050 자동면역분석기 등 42종,국군복지단,155804211.0,,2021-07-03,대전대학교 산학협력단,이재평,,"부산광역시 연제구 중앙대로1054번길6, 5층 (연산동)",155841985.0,83.4163,00기지 항공유 저장탱크 신·증축 선행연구,군
음성분석기 구매,육군교육사령부,179327983.0,81.0944,,,김진욱,성진숙,,179350507.0,81.0865,(237209-F) 자동염기서열분석기 구매 ,중앙행정기관
효율적 획득업무 수행을 위한 WBS 표준화 연구,제2879부대,,81.0129,,주식회사 베테랑콤,홍영기,박계향,"경상남도 창원시 진해구 중원로1-0 (남빈동, 해군사관학교내)",59728079.0,,고성능탄두 기술적용 전투수행개념 연구 용역,기관
국회 협력 조직 및 업무 개선 방안 연구,국군제1068부대,13303908.0,94.6823,2017-10-07,,김태동,박계향,서울특별시 광진구 군자동98 집현관 216,,,AI기반 드론봇 네트워크 운용 및 실험설계 연구용역,기관
23년 항공관제 분석체계 유지보수,육군교육사령부,329525530.0,,,충남대학교 산학협력단,임영갑,오진성,서울특별시 강남구 논현로189길6 (압구정동),,86.0212,KJCCS 경미한 성능개량 사업 비용분석,군
중금속가열분석기 1항목 구매(의무),국군재정관리단,,99.222,2017-03-02,,,신인균,,328032010.0,99.2239,20년대 이후 북한 및 잠재적 위협의 변화 전망분석,중앙행정기관
(246326-E) 분석용 고성능 PC등 5품목 (리스자산),공군제19전투비행단,,,2021-04-28,주식회사 알앤엠텍,김경일,,서울특별시 구로구 가마산로282-0 (구로동) 대림오피스밸리 201호,,87.7842,(246311-E) 분석용 고성능 PC등 2품목 (리스자산),군
차세대 미사일 방어 무기체계 발전 방향 연구,국방부(운영지원과),,,,,,,"서울특별시 용산구 청파로 40, 삼구빌딩 1815호(한강로3가)",573141119.0,82.9595,정기기초연구과제연구용역(3. 한국군의군수관리...),군
(206199-B)지형분석장비 교체사업(리스물건),국방부군사편찬연구소,,85.2916,2023-10-26,세종대학교산학협력단,,이도제,"서울특별시 송파구 법원로9길26, D동 1104호(문정동, H-비즈니스파크)",,85.2965,19년 작전지속지원분석모델 유지보수(2018F124-G),중앙행정기관
해안 경계력 보강 사업 선행 연구,합동참모본부,50571931.0,100.3292,2019-08-12,주식회사 한솔엔지니어링글로벌,도정화,이유진,서울특별시 동작구 흑석로84 (흑석동),50555456.0,,4차 산업혁명 기술적용 연구용역,제9691부대
교육학술 참고서지 발간 연구용역,제2307부대,444446355.0,76.5627,2023-08-10,주식회사 케이티에이,김태호,조희정,충청남도 계룡시 서금암3길16-3 (금암동) 101호,444508548.0,76.5597,기초비행훈련용헬기 조종계통 시험장비 개발 연구용역,국군재정관리단
신분별 직무분석을 통한 적정 계급구조 연구,합동참모본부,3350075.0,98.1745,2018-10-12,사단법인 안보경영연구원,전건욱,,"서울특별시 강남구 언주로527, 10층 (역삼동)",3353752.0,98.1721,연구활동 재료(시약) 113종 구매 ,군
22-해-소형 사단용 생화학자동분석기 구매,국방부(운영지원과),175243740.0,,2023-10-22,서울대학교 산학협력단,조보근,남해린,"서울특별시 금천구 가산디지털2로184, 10층 1017호(가산동, 벽산디지털밸리2차)",,,(207180-H)스펙트럼측정/분석장비 노후교체,중앙행정기관
군 리더십코칭 프로그램 개발 연구용역,방위사업청(운영지원과),174652938.0,,2019-04-18,(사)21세기군사연구소,김진욱,이상규,"서울특별시 용산구 한강대로109-0 (한강로2가),404호(용성비즈텔)",174650796.0,73.1064,공무원 징계와 군 징계의 비교법적 연구,중앙행정기관
(21F040-G) 사이버위협분석 개발연구체계 구축 사업,국방부(운영지원과),,94.5221,,,,,,,,육군 NCS 기반 직무 및 요구역량 조건표 연구용역,군
특수전지원함 등 2종 사업분석,국방부(운영지원과),79954427.0,88.961,2022-06-27,(주)심네트,최영복,박용환,서울특별시 서대문구 충정로53-0 (충정로2가) 골든타워빌딩 1701호,79976469.0,88.9621,22-美 해군 6.25전쟁 분석자료 번역 용역,중앙행정기관
지능형 전군 악성코드 수집분석체계 구축 금융리스,공군본부,285105463.0,,2023-08-30,(사)21세기군사연구소,유상호,,"서울특별시 송파구 법원로9길26, D동 1104호(문정동, H-비즈니스파크)",285234362.0,,자동염기서열분석기 정비(소모품 구매설치),군
항공전력 도입을 고려한 효율적 운용방안 연구용역,국방부(운영지원과),2887466.0,89.0268,,,,,,2891171.0,89.0249,SUPPRESSED,기관
최신함정 적정부하율 산정기법 연구 용역,국방전산정보원,,,2019-04-07,재단법인 한울문화재연구원,,양진,"서울특별시 송파구 법원로11길25-0, A동 1310호(문정동, 에이치비즈니스파크)",,,SUPPRESSED,제2879부대
18-함정 자기한계치 기준 설정방안 연구,국군재정관리단,,,2020-06-18,건양대학교 산학협력단,양선원,권시형,"서울특별시 용산구 한강대로109-0 (한강로2가),404호(용성비즈텔)",,88.3985,ICT기반 입체영상 활용방안 연구 용역,중앙행정기관
(20G060-A)IP교환기및국방보안조사분석시스템금융리스,방위사업청(운영지원과),48673831.0,78.1705,2021-03-07,,,박계향,,48718205.0,78.1756,(20F169-A)지형분석장비 교체사업 등 17건 금융리스,군
16년 전자파 측정 및 분석장비 개발 용역,국군재정관리단,,,2019-12-29,,,김지훈,,31531452.0,80.2386,24-미래 한국공군 훈련기 성능 및 적정 규모 연구,군
군사학 연구방법론에 대한 연구 용역,국군재정관리단,46700366.0,94.9994,2021-10-05,(사)21세기군사연구소,경상현,이대영,"서울특별시 서초구 서초중앙로20길 24, 서종빌딩 4층(서초동)",,95.0014,해상작전 위성통신체계 성능개량 선행연구,제2879부대
관사 및 간부숙소 신축 선행연구 용역(23-216),국군재정관리단,288736616.0,75.6376,2019-01-23,,박정기,,"서울특별시 용산구 청파로 40, 삼구빌딩 1815호(한강로3가)",288860905.0,75.6413,항-16-069 자동면역분석기 시약 등 37종,국군재정관리단
중금속가열분석기 1항목 구매(의무),해군군수사령부,,92.4554,2022-02-17,,이문걸,이정원,"서울특별시 금천구 가산디지털2로184, 10층 1017호(가산동, 벽산디지털밸리2차)",25988630.0,92.4578,(20F063-A)소음영향도작성을위한소음측정및분석용역,군
인공지능을 적용한 군사드론의 체계 연구,육군교육사령부,,,2019-09-12,주식회사글로벌엔씨,송윤재,,"서울특별시 구로구 경인로643 (신도림동, 신도림2차동아아파트) 203-602",2111450.0,97.516,국방표준서 제정(3차) 연구,중앙행정기관
성희롱 등 사건분석을 통한 조직문화 개선방안 연구,국방부조사본부,102275836.0,90.2841,2020-05-02,(재)한국해양전략연구소,한민구,이재평,"서울특별시 송파구 법원로9길26, D동 1104호(문정동, H-비즈니스파크)",102266922.0,90.2855,(21F166-I)「스마트 물류」정책연구 용역,군
전파영향평가 방법 비교분석 및 실증 연구,국군의무사령부,81720757.0,,2022-06-15,(사)21세기군사연구소,정영욱,이상규,세종특별자치시  반곡동 시청대로370 세종국책연구단지 B동(과학.인프라동) 8-11층,81702695.0,81.2375,국방혁신 4.0과 연계한 미래 예비군훈련체계 연구,군
비행기지 빅데이터 기반 비행안전 관리체계 방안 연구,해군군수사령부,41625070.0,,2020-07-10,한성대학교 산학협력단,김상인,,대전광역시 동구 대학로62-0 (용운동),41616266.0,94.4805,FA-50 성능개량 방안 연구,국군재정관리단
국외도입 군수품 품질확보 선진화 방안 연구,국군재정관리단,256725624.0,89.655,2017-10-12,인하대학교 산학협력단,곽재수,김미진,"경상남도 창원시 성산구 완암로50-0 (성산동, SK테크노파크) 넥스동 1103호",,89.659,국방정보체계프로젝트관리시스템 발전방안 연구,중앙행정기관
군 어린이집 운영 발전방안 연구,합동참모본부,73547806.0,98.2128,,주식회사 와사비,권민정,양현정,"서울특별시 금천구 가산디지털1로5, 대륭테크노타운 20차 1934호",73534864.0,98.2125,한국형 레이저 무기 조기도입 개발전략 연구,군
생화학분석기(자동식) 1대 구매 설치,육군 제3808부대,,,,숙명여자대학교산학협력단,한민구,박계향,"대전광역시 유성구 대학로 99(궁동, 충남대학교)",64455139.0,,(246072-F) 분석기 스펙트럼용 구매,기관
고속전투주정 시설사업기본계획 수립 연구용역,제9691부대,,,2018-08-31,주식회사 굿컨설팅그룹,신지웅,구종우,서울특별시 서초구 과천대로946 (방배우성아파트 상가) 302호,13677244.0,,AI기반 드론봇 네트워크 운용 및 실험설계 연구용역,중앙행정기관
지형분석용 차량(개조) 제조,국방부(운영지원과),,,2021-10-08,,,이솔이,,209760672.0,88.8057,악성코드 분석체계 확대 구축 사업(20197146-C),군
000사업 핸드형 네트워크 분석기 구매,국방부(운영지원과),,,,주식회사 조인트리,권정환,,경상남도 거제시 거제대로3370 (아주동),,91.2455,국방무인체계 총수명주기관리방안 연구,중앙행정기관
군의료 특성화 연구용역(말라리아 발생 예측연구),국군재정관리단,,94.6526,2018-06-24,(사)21세기군사연구소,김진욱,이영주,"서울특별시 금천구 가산디지털2로184, 10층 1017호(가산동, 벽산디지털밸리2차)",138890999.0,,22-00생활관 신축 분석평가 및 선행연구 용역,제9691부대
교육연구자료 원문 DB 구축 용역,4284부대,,,2019-03-07,(주)에프오알엠도시건축공간연구소,신지웅,구종우,서울특별시 마포구 월드컵북로5길59 (서교동),11612623.0,,차기 C4I체계 성능개량 및 유지보수방안 연구,중앙행정기관
2016년 제2회 국방 분석평가관계관 워크숍 위탁운영,국군재정관리단,39444080.0,88.9124,,주식회사글로벌엔씨,김석환,이우희,서울특별시 강서구 양천로401 (가양동) 강서한강자이타워 B동1503~1506호,39490278.0,88.9122,대잠훈련분석체계(AEAS) 유지보수 용역,국군재정관리단
21년 전투발전 연구과제 세미나 수행 용역,국군재정관리단,2753760.0,91.1201,2019-06-18,,,김지훈,,2758006.0,91.1152,(22G079-I)국방IoT제품보안가이드라인수립연구용역,군
유전자감정장비(자동염기서열분석기)소모품 설치 납품,제6619부대,36499147.0,91.2885,,주식회사 피앤씨솔루션,이정훈,권헌영,서울특별시 성북구 삼선교로16길116-0 (삼선동2가),,91.2842,23년 성능개량 전파분석체계 도입사업,기관
해병대 정체성 향상 프로그램 교육체계 설계 연구,육군교육사령부,,90.5855,2019-06-29,,,,,163662647.0,,마린온기체 수명관리 및 창정비소요비용 타당성 연구,군
군 실내공기질 관리 개선방안 연구용역,공군사관학교,27764043.0,80.3794,,국방대학교산학협력단,권오성,남궁복자,서울특별시 마포구 동교로183-11 (동교동) 한국정치학회빌딩 4층 한국정치학회,27778944.0,80.382,지하침투 감시장비 선행연구 용역,군
23-D-라만분광분석기 구매,국군재정관리단,106246683.0,85.4505,2023-04-23,주식회사 알앤피파트너스,김진원,이민혜,"서울특별시 송파구 송파대로24길5-6 (가락동,1층)",,85.45,(21G085-H)'22년 스펙트럼 측정분석장비 유지보수용역,군
금천구 00부대 배치방안 등 연구,국방부(운영지원과),,90.7592,2018-04-24,국민대학교산학협력단,박영선,문영옥,"경상북도 구미시 대학로 61, 금오공과대학교 산학협력단(양호동)",25216046.0,,한미동맹과 비군사적 협력 연구용역,중앙행정기관
유류 소분배 계통 자동화관리 연구,방위사업청(운영지원과),,,,아시아상담코칭학회,이현화,이지유,경기도 김포시 양촌읍 대곶남로580번길38-0,89886190.0,90.7849,21년 차세대 첨단함정 건조가능성 검토 연구용역(IV),중앙행정기관
18-P3탑재장비PBL적용타당성검증및성과지표개발연구,국방부(운영지원과),51206804.0,97.6121,2018-03-25,에스앤에스이앤지 주식회사,,한소희,"서울특별시 노원구 광운로 20(월계동, 광운대학교)",51248192.0,97.6121,19-TSCE 기반 함정 체계통합방안 연구 용역,중앙행정기관
단안형 야간투시경 경미한 성능개량 사업분석,방위사업청,454843587.0,73.9703,,한성대학교 산학협력단,김용섭,서은주,"충청북도 청주시 흥덕구 풍년로79번길3, 3층(가경동)",454783302.0,73.9588,잠수함 지휘통신체계 경미한 성능개량 사업분석,국군재정관리단
육군 자살예방교육 프로그램 연구개발,방위사업청(운영지원과),201329225.0,,2018-06-18,한성대학교 산학협력단,김지원,전재신,경기도 용인시 기흥구 마북로207(마북동),201309080.0,95.0763,2019년 범국민 안보의식조사 연구 용역,중앙행정기관
전술환경 下 효율적 이동통신체계 운용방안 연구용역,육군본부,95917352.0,93.4751,,국방대학교산학협력단,권시형,,서울특별시 노원구 화랑로574-0 (공릉동),,93.4787,열상감시장비 초음파모터 등 3종 정비개발 연구용역,기관
軍 태양광 시범사업 효과 분석평가 용역,국군재정관리단,141756713.0,,2021-04-30,수테크시스템즈 주식회사,이성로,신종현,"서울특별시 금천구 가산디지털1로171, B208호(가산동, 가산 에스케이 브이원 센터)",141696808.0,,군사격장 소음측정 및 분석용역,국군재정관리단
표준훈련장 설치기준 정립 연구 용역,국군재정관리단,151542656.0,88.2394,,김근우시스템공학기술연구소,,,충청남도 논산시 양촌면 황산벌로1040,151655665.0,88.2469,군 보건의료 발전계획 선행연구,제9965부대
23년 전투실험발전 연구용역 세미나 수행 용역(3),육군본부,,,2021-04-29,,,,,373761086.0,92.6114,22-함정 갑판부착장비 내충격성능 검증방안연구,국군재정관리단
4차 산업혁명 기술적용 공군훈련체계 발전방향 연구,육군본부,129061902.0,,,,,,,,74.1857,23∼27 방위산업발전 기본계획 수립 연구,4284부대
19년 gps 교란신호 분석 및 전파체계 유지보수 용역,공군항공안전단,,82.6737,2022-09-12,미래산업,임순옥,김현숙,"서울특별시 종로구 홍지문2길20-0 (홍지동, 상명대학교)",231577464.0,82.6794,19년 항공관제 분석체계 유지보수 용역,합동참모본부
서북도서용 무인항공기 선행연구,육군본부,,83.8985,2016-02-07,,,,,230695051.0,83.9077,유도무기 품질인증사격시험 기준 정립 및 절차 연구,합동참모본부
미래전장환경을 고려한 화력전력 대체방안 연구용역,국군재정관리단,14459840.0,95.8426,2022-07-29,한국직업능력연구원,양창조,김현철,"서울특별시 성동구 왕십리로 222, 한양대학교 내 한양종합기술연구원 110호(행당동)",14451604.0,95.842,[연구소] 감정장비(컴퓨터 거짓말 탐지 세트) 구매,국군재정관리단
공무원 징계와 군 징계의 비교법적 연구,해군본부,31225332.0,,2018-08-20,(주)나일소프트,김도현,윤진영,경기도 김포시 양촌읍 황금1로89 (학운리2962),31246247.0,90.5161,집중정신전력교육 프로그램 개발 연구용역,국군재정관리단
군 시설 공사비 기준단가 산정 연구용역(21K018-I),방위사업청(운영지원과),2870587.0,86.9166,2018-07-30,,,유형우,,,86.9138,21-섬석천 기능개선 분석평가 및 기본계획 연구용역,군
(217172-E)이동식 취약점 분석평가 체계 구축,국방부(운영지원과),59692237.0,99.3725,,,,장재필,,,99.3728,군 암호체계 분석보호시스템 분석장비 구매,제9691부대
소형무인기의 획득 및 운용을 위한 총수명주기 분석,국군수도병원,196823804.0,83.6354,2022-10-24,,,김종훈,"서울특별시 금천구 가마산로96-0, 213호(가산동, 대륭테크노타운8차)",,83.6367,22-해-금속성분분석기 구매,군
국방과학기술 전문인력 소요분석 연구,방위사업청(운영지원과),271067228.0,,,(사)한국무기체계안전협회,노광현,이성로,서울특별시 강남구 논현로189길6 (압구정동),271136227.0,,항-16-059 062 066 질량분석기 소모품 등 72종,중앙행정기관
통신 정비장비(스펙트럼 분석기) 구매,공군본부,126953589.0,92.5394,2023-11-27,,김진욱,권시형,서울특별시 용산구 새창로128-1 (용문동) 2층,126967875.0,92.5425,분석기(비행조종계통 점검용)외1종 구매(16-38),국군재정관리단
(237022-H)분석관리체계 노후 교체사업(리스물건),공군제15특수임무비행단,427775058.0,59.5032,,제일공사,김석환,이정원,"인천광역시 부평구 충선로73번길23-0 (부개동, 시티하우스2동)",427873515.0,59.5044,22-해-AI 빅데이터 분석 개발용 학습 플랫폼 구축,4284부대
(236035-G) 23년 네트워크위협분석체계(NTAS) 구축,육군본부,277140273.0,90.8482,2022-04-09,(주)에프오알엠도시건축공간연구소,,황병윤,,277226626.0,,국방해킹범죄수사센터 상황분석 시스템 구축,합동참모본부
의료기재(금연구역 표지판 등 85종)구매,국방부(운영지원과),,79.8152,2018-06-18,사단법인 안보경영연구원,전건욱,,"서울특별시 강남구 언주로527, 10층 (역삼동)",121790781.0,,LVC 연동체계 개발을 위한 아키텍처 설계방안 연구,국군재정관리단
24-F-비용분석용 상용SW 구매,국군재정관리단,,92.5268,,주식회사 비씨디이엔씨,남궁진,김한음,"경기도 평택시 평택5로34번길48, 402호(합정동)",23512165.0,,(246248-C) 모바일기기 증거분석 교체(HW)(리스자산),중앙행정기관
17년 분광분석 폭발물탐지 연구용역,국방대학교,27719971.0,85.0662,,(유)목양,강윤진,최성만,서울특별시 금천구 가산디지털2로123-0 (가산동) 월드메르디앙벤처센터 2차 317호,,,주요체계 사이버위협분석 및 대응방안 연구용역,4284부대
신분별 직무분석을 통한 적정 계급구조 연구,국군재정관리단,,88.1376,2019-10-21,사단법인 안보경영연구원,,,"서울특별시 강남구 언주로527, 10층 (역삼동)",81970274.0,88.1405,우수인재의 개념과 자격기준 연구용역,중앙행정기관
24-3차 조달 연구장비(의약품 냉동고) 구매,공군본부,43520720.0,85.3616,,(주)코어시큐리티,김태호,이유진,"서울특별시 강남구 봉은사로129-0 (논현동, 거평타운오피스텔) 1126호",,,전파환경측정 분석장비 유지보수,국군재정관리단
21-공-주파수편이용분석기 구매,국방부(운영지원과),293788791.0,,2021-06-22,우주산업플랜트 주식회사,김선철,김봉환,"경기도 용인시 수지구 죽전로 152, 단국대학교내(죽전동)",293819231.0,,취약점 진단분석체계 교체사업(209086-F),제7군단
대용량 유전자데이터 분석 파이프라인 및 가시화 연구,육군본부,164171453.0,88.0375,2016-06-19,제이엠비 컴퍼니,조종열,조성희,"대구광역시 북구 동북로163, 101동 1605호(산격동, 산격대우아파트)",164353089.0,88.0341,군수사 품목관리관 적정 취급품목 수 연구,군
22-공-소음측정 및 분석시스템 구매(229124-F),국군재정관리단,63863765.0,,2023-01-04,주식회사 라이언앤코컨설팅,임승택,정경아,서울특별시 동대문구 경희대로26-0 (회기동),,85.6215,23년 조사분석용 SW 라이선스 구매,중앙행정기관
민군 상생을 위한 대체시설 검토 및 관리방안 연구,육군본부,145212655.0,84.2546,,주식회사 지음지식서비스,이문걸,안은희,"대전광역시 유성구 대학로 27, 현대리조텔 2층(봉명동)",,84.2537,간부 팔로워십 교육프로그램 개발 연구용역,중앙행정기관
19-적정 승조원 소요인원 정량화 방안 연구,국방부(운영지원과),22635004.0,,2017-05-01,한양대학교 산학협력단,박온서,황병윤,,22611164.0,95.6829,항공교통 업무 수행 및 공역체계 개선 방안 연구,중앙행정기관
해병대 인력획득체계 분석 발전 방향 연구 용역,공군제7항공통신전대,73377072.0,79.6645,,케이엠글로벌,강윤진,,"대전광역시 유성구 죽동로321-0 (죽동, 죽동금성백조예미지), 102동 201호",73429569.0,79.6711,지뢰대응법 하위 법령등에 관한 연구,합동참모본부
(227258-F)사이버 기술분석용 장비/SW 도입,제2879부대,,,,(주)한국기술연구소,한민구,김수정,서울특별시 성북구 삼선교로16길116-0 (삼선동2가),,,공지통신무전기 및 함대공유도탄-II 사업 비용분석,국군재정관리단
군용차량 운행 안전성 및 안전관리 개선방안 연구,공군군수사령부,20817689.0,88.787,2022-02-20,주식회사도시경영연구원,김진욱,,,20831102.0,,2024년 바세나르체제 군용물자목록 개정소요 연구,국군재정관리단
안정적인 해병항공 운용방안 연구 용역,제9691부대,,86.4057,2018-06-20,주식회사 사이버앤네트워크연구원,박영선,박광섭,"서울특별시 마포구 성산로2길55, 602호(성산동, 샤인빌딩)",37135406.0,,한국군 전술데이터링크 표준화 및 발전방안 연구 용역,군
인공지능 전차 비사격 훈련시스템 개발 연구용역,국군재정관리단,27016318.0,,,,김진욱,양지혜,,,,22-작전지휘시설 신축 분석평가 및 선행연구 용역,중앙행정기관
미래환경 변화에 적합한 인력획득 홍보 발전방안 연구,국방부(운영지원과),68858271.0,97.5969,2018-06-15,,,김서영,,,97.5947,함정 건조사업 추진단계 효율성 향상방안 연구,중앙행정기관
감염 및 외상분야 군의료 특성화 연구용역,육군군수사령부,161625962.0,,,,,,,,,ISR 자산의 효율적 통합 운용방안 연구,국군재정관리단
국방 연구개발 법제 개선 연구,육군 제3808부대,318029015.0,91.0309,2022-04-23,젠트리거,김지현,김현덕,"경기도 포천시 호국로 1007, 대진대학교 산학협력단(선단동)",,91.0292,헬기 연료노즐 야전 정비장비 개발 연구용역,국군재정관리단
해병대 산소분석기 4개 구매,국방부(운영지원과),89369376.0,,2024-08-11,사단법인 대한민국공군발전협회,송봉주,정명화,부산광역시 영도구 해양로385-0 (동삼동),89359421.0,83.7974,생화학분석기(자동식) 1대 구매 설치,군
24년 의무장비(자동분석기 생화학용 중형) 구매,육군군수사령부,10198743.0,88.2918,2024-10-31,(주)케이엔에스,김태호,양선희,"서울특별시 동대문구 고미술로 100, 송화빌딩 303호(답십리동)",10201521.0,,24년 지형분석장비 구매(리스물건),제9691부대
미래 우주전장 분석 및 공군 우주전략 수립 연구용역,국군재정관리단,369831240.0,91.4604,2017-08-01,,유상호,,,,91.4641,신기술·우수제품 지침 및 매뉴얼 개정 연구용역,군
신호분석기 1EA,국군의무사령부,67585677.0,83.8048,2021-07-13,,김진욱,이수행,,,83.8016,18-19년 해군분석모델 유지보수 및 성능개선사업,국군재정관리단
2.75유도로켓 창정비 비용 대 효과분석 연구용역,방위사업청(운영지원과),53403017.0,87.4262,,,,김소미,,53372353.0,87.4323,18-미래 해상 무인/자율무기체계 개발방향 연구,중앙행정기관
원격제어조립체 개발 연구개발(2019H027-B),방위사업청(운영지원과),,80.9289,2022-03-05,,,,,99395773.0,80.9317,20-실전적 시뮬레이터 구축방안 연구,중앙행정기관
미래형 성과기반 군수지원 적용방안 연구,4284부대,119082739.0,83.5204,2017-06-30,,,,,119087084.0,83.5229,22-7차 연구장비 구매 계약 - 멸균소독기 소형,군
전투하중을 고려한 인체공학적 개인군장체계 연구,해군본부,119273119.0,94.0418,,재단법인 한국군사문제연구원,전건욱,,"서울특별시 강남구 언주로527, 10층 (역삼동)",119339845.0,,해병대리더십교육성과측정체계개발연구용역,군
공군 전략급 자산 대테러 작전개념 연구용역,방위사업청(운영지원과),,90.6746,2018-01-13,(사)21세기군사연구소,권시형,김채미,"전라북도 군산시 임피면 호원대3길 64,",,,정책연구 과제(화생방),중앙행정기관
차세대 전투차량 발전방안 연구 용역,해군군수사령부,,80.9855,2019-08-30,주식회사 한솔엔지니어링글로벌,백은주,이민혜,"서울특별시 강남구 봉은사로129-1, 5층(논현동)",,80.9842,2019년 범국민 안보의식조사 연구 용역,군
17-방공관제사-102 보급수송과 신호분석기,국군재정관리단,121937087.0,92.004,2020-05-05,,,,,121883017.0,92.0027,20~21년 분석용모델(3종) 유지보수 용역(2019F173-C),국군재정관리단
(20G071-H)21년 스펙트럼 측정/분석장비 유지보수용역,해군본부,315889424.0,77.0268,2019-04-18,,,황병수,,315766392.0,,디지털증거분석 수사체계 교체(218014-A),국군재정관리단
정비공정 촬영도구  분석SW 구매,공군사관학교,421760891.0,91.0019,,동국대학교 WISE캠퍼스 산학협력단,홍수정,윤진영,대전광역시 유성구 대학로291-0 (구성동),421823423.0,91.0033,복합신호분석기 구매(20198178-F),국군재정관리단
(247045-E) 24년 조달 연구장비 구매,육군교육사령부,64345431.0,,2023-10-16,건양대학교 산학협력단,정의붕,류상윤,"서울특별시 금천구 가산디지털2로184, 1017호(가산동, 벽산.경인디지털밸리2)",64253184.0,89.5457,연구용역(방공포병 준.부사관 특기체계개선방안 연구),중앙행정기관
(21F040-G) 사이버위협분석 개발연구체계 구축 사업,공군본부,79612980.0,96.9878,,(주)비오더블테크놀로지,최규식,이수현,"서울특별시 동대문구 고미술로 100, 송화빌딩 303호(답십리동)",,96.9872,방음정비고 사업 정립을 위한 선행연구용역,군
마린온 정비지원체계 방안 연구용역,국군재정관리단,,84.1068,,,,박계향,,112526404.0,,표적메모리 회로카드 대체품 개발 연구용역,중앙행정기관
자동염기서열 분석기 구매설치,육군군수사령부,72868638.0,80.3158,,,,,,72990587.0,,항-19-082 자동면역분석기 시약 등 27종,군
22-공-가스크로마토그래피(질량분석식) 구매,국군의무사령부,31636531.0,,2019-12-15,국방기술품질원,김용주,김정자,"서울특별시 금천구 가산디지털2로184, 10층 1017호(가산동, 벽산디지털밸리2차)",,92.0137,23년 조사분석용 SW 라이선스 구매,국군수도병원
23-D-라만분광분석기 구매,해군본부,,92.9439,,(주)제트코,한재희,박광섭,서울특별시 마포구 양화로183-0 (동교동) 효성홍익인간오피스텔 11층 1112호,80211129.0,,23년 의무장비(전기수술기 분석기) 구매,군
(217100-F)스마트폰앱 분석체계 구축,방위사업청(운영지원과),188060728.0,96.3976,,(주)프라이전트,김재일,이다정,경상남도 고성군 동해면 내산3길51-1,,96.3967,중금속 가열분석기 1항목 구매(물품),중앙행정기관
빅데이터 기반 공중전투 기동 분석기술 연구용역,국군재정관리단,81875883.0,88.645,2021-02-28,유한회사 갈등조정센터,문미옥,,서울특별시 마포구 도화동51-1 성우빌딩 703호,,88.6428,미래 우주전장 분석 및 공군 우주전략 수립 연구용역,국군재정관리단
23-고출력에너지 무장 함정탑재 요구조건 연구,공군사관학교,50460575.0,99.0158,2022-05-04,젠트리거,이기용,함혜련,대구광역시 달서구 와룡로45길10-14 (죽전동),50488998.0,99.0149,국군의학연구소 자동혈구계산기 중형,제7군단
부대개편이전사업 선행연구(00부대 등 4개 부대),방위사업청(운영지원과),237251825.0,83.8549,,상명대학교산학협력단,,,,237252118.0,,19-헬기형 UAV 운용을 위한 함정설계 개념 연구,중앙행정기관
군용차량 배출가스 환경영향 및 기준 검토 연구용역,해군본부,,88.6565,,한국생산성본부,김창환,정아름,서울특별시 강남구 논현로189길6 (압구정동),49299423.0,88.6536,워리어플랫폼 최적화 방안 및 핵심요구능력 연구,국군재정관리단
국방 안전사고조사 표준화 시스템 구축방안 연구,해군본부,372374804.0,92.8877,2017-10-24,,홍영기,권시형,"경기도 고양시 덕양구 항공대학로76-0 (화전동, 한국항공대학교내)",372272506.0,92.8885,지형 지질등을 고려한 지하형 탄약고 신축타당성 연구,국군재정관리단
신기술 적용을 통한 저장시설 물류향상 연구,육군본부,37141670.0,,2020-04-12,(주)에프오알엠도시건축공간연구소,김은기,,대전광역시 유성구 대학로291-0 (구성동),37163413.0,88.8099,GPS 항재밍 성능점검 개선방향에 대한 연구,국군재정관리단
육군 핵심가치 실천수칙에 관한 연구 용역,육군본부,13576903.0,,2022-05-04,,,,,13566692.0,96.9308,화기별·탄종별 사격장 안전 기준 정립 연구,국군재정관리단
정출연 주관 기술개발사업제도(가칭) 운영방안 연구,방위사업청(운영지원과),,86.3534,,국방대학교산학협력단,고중혁,이창환,"서울특별시 서대문구 거북골로 34, 명지대학교 본관 10층 11033호(남가좌동)",141911023.0,86.3551,항공전력 도입을 고려한 효율적 운용방안 연구용역,중앙행정기관
육군 부사관학교 시설종합발전계획 연구용역,제2879부대,,66.7562,2018-04-09,,,,,,66.753,무기체계 전력지원체계 분류기준 재정립 연구,군
AI를 이용한 기상관측장비 고장예측 기술 선행연구,국군재정관리단,64039220.0,92.1309,2019-04-14,,,,,64051212.0,,군인ㆍ군무원 수당이력조사 및 유사직종사례 비교연구,국군재정관리단
화학작용제 자동분석기 MM-1 외주정비,국방대학교,,97.1544,,,권오성,박계향,서울특별시 노원구 화랑로574-0 (공릉동),,,전원품질 분석기 구매,군
함정 GPS 함속력계 신호 변환 장치 개발 연구용역,국군재정관리단,,,2018-01-06,,박정기,,,,91.2143,국외도입 군수품 품질확보 선진화 방안 연구,군
수도권 동원예비군 수송방법 개선방안 연구,합동참모본부,,89.76,2018-08-07,(주)에프오알엠도시건축공간연구소,정봉원,,,,89.7689,상륙공격헬기 체계운용요구 및 PBL 적용방안 연구용역,중앙행정기관
BigData /vc를 활용한 무기체계 효과분석 연구,방위사업청(운영지원과),156077543.0,89.7646,2016-01-06,,,,,,89.7646,국방 의료정보 빅데이터 분석체계 구축사업 연구용역,중앙행정기관
공군 리더십 교육프로그램 개발 연구용역,국군재정관리단,421946988.0,95.9838,2016-01-06,(주)제트코,조완제,,"서울특별시 금천구 가산디지털1로1-0 (가산동, 더루벤스밸리) 1208호",,95.9806,18-직무분석을 통한 계급/직급 책정기준 연구,국군재정관리단
(21F137-A)항공기 사격훈련장 확장방안 연구용역,해군군수사령부,,,2019-05-19,,한수희,양정학,,,,00 군공항 이전 시설기본요구조건(안) 작성 연구용역,기관
19-추진기 CIS 분석/평가방안 정립 연구,공군군수사령부,,74.2364,2016-05-25,,,,,,74.23,동원위주 부대 기계화 장비 개편시 효율성 분석 연구,기관
(227239-B) 악성코드 수집분석체계 라이선스 구매,합동상호운용성기술센터,628972329.0,85.245,2020-11-15,이성 주식회사,홍문기,강민식,"서울특별시 강서구 양천로583 우림블루나인비즈니스센터 비동 1608호, 1609호",629090672.0,85.245,(226220-F)발광분광 분석기 구매,국군재정관리단
24년 국방민원서비스 만족도 조사 연구,공군본부,,88.6518,2023-12-23,,,,,106620593.0,88.6526,[24-육-91] 무건리 훈련장 갈등 비용분석 연구,제2879부대
방위사업 전문교육기관 시설 기초조사 연구,합동참모본부,,,2018-03-12,주식회사 처음헌법연구소,박영욱,김한욱,서울특별시 중구 남대문로113-0 (다동) 14층,208115909.0,83.9152,철근콘크리트 방폭문 파괴거동분석 및 실증실험 연구,국군재정관리단
22-11차 연구장비 구매 계약 - 의약품 냉동고,공군사관학교,174956701.0,87.7945,2019-03-12,,,,,175178244.0,87.795,(21F137-A)항공기 사격훈련장 확장방안 연구용역,국군재정관리단
보라매(KF-21) 양산 비용분석,해군본부,277207518.0,,2019-10-21,(사)21세기군사연구소,,,"서울특별시 성동구 왕십리로 222, 한양대학교 내 한양종합기술연구원 110호(행당동)",,80.0468,(207134-H)국방보안조사 분석시스템 HW구매(리스물건),군
자동염기서열분석기 정비,육군본부,231324369.0,93.1526,2020-07-10,주식회사투씨엘시스템,송봉주,김정윤,서울특별시 강서구 양천로401 (가양동) 강서한강자이타워 B동1503~1506호,231464642.0,,대장균 정성분석키트 등 28항목 구매(물품 해파),제6619부대
안전관련 법령의 군내 적용 방안 연구,해군본부,55201807.0,,,(사)한국전략문제연구소,박정기,,"서울특별시 강남구 언주로527, 10층 (역삼동)",55239549.0,78.2237,방탄 방호성능 기초연구용역,군
정기기초연구과제연구용역(4.국방우주학의이론..),공군본부,,,2020-04-22,국방기술품질원,이홍민,,"충청남도 논산시 대학로 121, 건양대학교 산학협력단(내동)",74312225.0,87.6717,정기기초연구과제연구용역(3. 한국군의군수관리...),중앙행정기관
21년 의무장비(자동분석기 생화학용 중형) 구매,국방부(운영지원과),18873474.0,93.2128,,원테크전기통신 주식회사,엄종만,이지호,"대전광역시 유성구 한밭대로138 (노은동, 노은노블레스) 201호",18876524.0,,취약점 진단분석체계 교체사업(209086-F),중앙행정기관
국외조달 군수품의 합리적인 관세부과방안 연구,합동상호운용성기술센터,28211010.0,,2018-01-03,한양대학교 산학협력단,정영욱,,,28224263.0,94.4382,군 급식 민간위탁 시범사업 성과분석 연구,중앙행정기관
미래 예비군 제도를 대비한 예비군 개념 정립 연구,해군본부,,,,사단법인 한국국가전략연구원,민경찬,권시형,대전광역시 동구 대학로62-0 (용운동),203992354.0,83.9843,22-설계자료 활용 및 군 시설단가 표준화 연구용역,국군재정관리단
국방통합 온라인 공개강좌(M-MOOC) 설계 방안 연구,육군교육사령부,,,2017-03-01,,,유근영,"전라북도 군산시 임피면 호원대3길 64,",,74.4545,화생방 연구활동 기술용역 재료 초자 구매,중앙행정기관
21년 차세대 첨단함정 건조가능성 검토 연구용역(IV),방위사업청(운영지원과),28228586.0,88.7243,,,,,,28219292.0,88.7276,TDS와 연계한 억제작전 평가체계 연구,군
20-PKMR엔진 PBL 비용대효과분석 및 성과지표 연구,국방대학교,151954352.0,,,(주) 탑크로스 이앤텍,박호균,문효연,전라북도 정읍시 북면공단2길87(북면),,,00지역 실내공기질 개선 연구용역,합동참모본부
미래 무기체계 소요 연구용역,육군교육사령부,18581688.0,,2016-03-22,,,,,,85.6466,17년 분광분석 폭발물탐지 연구용역,중앙행정기관
22~23년 공군 전자정보 수집/분석장비 유지보수,해군본부,37635316.0,82.0745,2023-07-18,라온시스템즈(주),박기식,이연수,"경기도 시흥시 희망공원로 92, 시화공단2마 301-3호(정왕동)",37673377.0,,00분석 대응활동 장비 구매,군
정원감축 대비 민간인력 전환분야 및 규모식별 연구,국군의무사령부,90245674.0,,2018-11-26,충남대학교 산학협력단,정영욱,,"서울특별시 성북구 안암로145 (안암동5가, 고려대학교)",90169152.0,92.3926,의무피복류 보급기준 및 품질개선에 대한 연구,군
국방기술조직을 활용한 함정 기술관리 방안 연구 용역,육군본부,38502978.0,,2019-12-09,,,,,38529822.0,,해군 통합연동체계 SW 연구용역,군
다목적 항무지원정 함형 발전 연구,방위사업청(운영지원과),17363768.0,90.4799,2018-11-26,,,양진,,,90.479,국방상호운용성 마스터플랜 연구,군
금천구 00부대 배치방안 등 연구,해군본부,,100.0429,2022-04-24,디에이전,안상희,김재욱,"경기도 양주시 광적면 부흥로847, 431호(경기벤처타운)",,100.0445,미래 작전지속지원 수행개념 및 핵심요구능력 연구,군
교육연구자료 원문 DB 구축 용역,국군재정관리단,12803080.0,79.3343,,사단법인 안보경영연구원,전건욱,,"서울특별시 강남구 언주로527, 10층 (역삼동)",,79.3327,국방기록관 업무효율화를 위한 방안 연구,중앙행정기관
24-그린나래호텔 리모델링 계획의 적절성 분석연구,한미연합군사령부,48087060.0,93.9927,,주식회사 비용관리연구원,김태호,정택호,"서울특별시 성북구 월계로36길27-0 (장위동, 꿈의숲대명루첸아파트) 105-1302",48091386.0,93.993,정책연구용역(화생방보호의-Ⅱ 제안서평가기준 마련),국군재정관리단
군 VoiP 교환시스템 통합운용방안 연구 용역,국방대학교,28571686.0,99.7071,,(주)디앤오종합건축사사무소,,,,28547499.0,99.7082,Army TIGER 2050 개념군 연구 용역,국군재정관리단
유도무기 품질인증사격시험 기준 정립 및 절차 연구,제9691부대,,87.7073,2018-10-20,,,,,,87.7149,박옥규 제독 평전 제작 연구 용역,군
민수용 드론의 비행기지 작전지원 활용방안 연구,국군재정관리단,35752249.0,83.7476,,,,,,35760234.0,83.7437,군수부대 저장시설 기동화 방안 연구용역,중앙행정기관
SIEM을 활용한 사이버 침해 경로 도출방안 연구,방위사업청(운영지원과),75151388.0,82.6092,,,,,,,82.6044,방산 용역 원가 및 이윤제도 개선방안 연구,제2879부대
“제○○○특공여단 부대사” 연구 용역,합동상호운용성기술센터,38105819.0,95.0043,2023-01-20,와이엠,임정숙,심지민,"충청북도 청주시 흥덕구 풍년로79번길3, 3층(가경동)",38086507.0,95.0052,해군 스마트 항공기지 발전방향 연구용역,군
(226362-F)작전지속지원분석모델장비 도입(리스물건),육군본부,41707479.0,89.4585,2021-08-20,주식회사 아성엠,김덕화,김우중,세종특별자치시  전의면 윗다락골길2-3,41679989.0,89.4558,22-경항모 건조가 산업에 미치는 영향 분석,합동참모본부
미-23-미사일방어부대 효율적 부지 활용방안 연구,국군재정관리단,104120957.0,,2016-06-03,주식회사 선화무역,김지영,윤진영,충청북도 청주시 흥덕구 비하로59-2 (비하동),104141185.0,83.5634,해병대 동원훈련장 과학화 발전 방안 연구,합동참모본부
(236366-F) 네트워크 트래픽 수집 및 분석 장비 구매,국군재정관리단,310202077.0,83.7615,2020-07-24,주식회사 공공정책성과평가연구원,김태동,경상현,서울특별시 강남구 논현로189길6 (압구정동),310050886.0,83.7545,22년 의무장비(혈액가스분석기 소형) 구매,군
[24-육-128] 예비전력발전세미나 주제 연구(Ⅰ),제9691부대,218840882.0,,,주식회사 지음지식서비스,강명환,이재광,"경기도 성남시 중원구 갈마치로302, A동 602호 (상대원동, 우림라이온스밸리5차)",218774067.0,96.1463,12.정책현안연구(북한의전쟁수행...),군
20-WMD/화생방 전문인력 관리 및 교육훈련 정립 연구,방위사업청(운영지원과),3767511.0,79.7687,,,박정기,권시형,,,79.7728,(207110-C) '20년 연구활동 재료(시약  초자) 구매,국군재정관리단
(227215-D) 비용분석용 상용SW 구매,국방부(운영지원과),57670522.0,82.6284,2023-04-28,공군사관학교 산학협력단,구칠효,최인숙,"서울특별시 중구 퇴계로213, 309-24호(충무로4가, 일흥빌딩)",,82.6314,공무직근로자 등 임금체계실태조사 및 고용환경 분석,군
효율적인 전투체계 창정비 방안 연구용역,제2307부대,25684299.0,99.9114,2017-05-24,제일공사,김영국,권수민,경기도 군포시 고산로151번길28-0 (당정동) 403호,,,해병대 과학화예비군 훈련장 발전방안 연구 용역,국군재정관리단
창조국방 추진을 위한 창의적 문화조성 방안 연구,국군재정관리단,,83.6695,2018-10-01,재단법인 한국군사문제연구원,김형철,,"경기도 성남시 수정구 위례대로83(창곡동, 국방문화센터)",135720533.0,83.6694,군수품 상용화 확대 정책 추진 로드맵 수립 연구,국군재정관리단
성능개량 전파분석체계도입사업,방위사업청(운영지원과),,94.5288,2023-12-08,경희대학교산학협력단,김금자,김미정,"경기도 성남시 수정구 복정로84번길 22-15,(B-001호) (복정동)",,94.5302,국방해킹범죄수사센터 상황분석 시스템 구축,중앙행정기관
한국형 임무형 지휘와 리더십 관계 정립 연구용역,공군방공관제사령부,,89.0809,,(사)21세기군사연구소,백명기,,서울특별시 노원구 화랑로574-0 (공릉동),,89.0801,국방통합 온라인 공개강좌(M-MOOC) 설계 방안 연구,제5738부대
23-F-전자정보 수집/분석장비 유지보수,국군제1068부대,209901068.0,,2023-02-27,(사단) 한국정치학회,이재평,심지민,서울특별시 마포구 월드컵북로5길59 (서교동),210105765.0,87.0293,(21F093-K)'22년~'23년 작전지속지원분석모델유지보수,제2879부대
레이더 시험세트(스펙트럼 분석기 등 4종) 구매,해군군수사령부,86353315.0,89.3375,2023-09-24,,,,,86302717.0,89.3369,항-418-012 생화학분석기 시약 등 97종 구매,국군재정관리단
선진 육군가치문화 조성 연구용역,방위사업청(운영지원과),,,2018-04-22,,,,,141224703.0,,프로그램 단위 성과관리를 위한 성과지표 연구,중앙행정기관
민군복합타운 조성을 위한 제도적 방안 연구,국방부(운영지원과),79350558.0,95.6603,2019-03-30,라온시스템즈(주),김국동,이화선,경상남도 진주시 진양호로532-0 (동성동),,95.6564,미래 육군 상비병력 절감방안 연구,군
통제분석 프로그램 설치 외 6종 구매 설치납품,국군재정관리단,83552422.0,85.6897,,주)삼성공조시스템,김태훈,조노희,"대구광역시 달서구 달구벌대로1095-0 (신당동, 계명대학교)",83570419.0,,국방과학기술 전문인력 소요분석 연구,중앙행정기관
땅굴징후지역 지층탐사 정밀분석 용역,국방부(운영지원과),183096235.0,88.3021,2018-09-06,재단법인 한국군사문제연구원,김형철,,"서울특별시 강남구 언주로527, 10층 (역삼동)",183033364.0,88.3026,군인연금제도 발전방향 연구,군
사격지휘차량 양산사업 비용분석,국군재정관리단,829973713.0,74.2202,,(주)에프오알엠도시건축공간연구소,최재붕,,"서울특별시 용산구 한강대로62길41, 3층 (한강로1가)",829611779.0,74.2168,스펙트럼용 분석기 구매,기관
국방 해양안보정책 연구,공군사관학교,,71.2957,,,,,,46640589.0,,(21G023-A)생물안전3등급 연구시설 유지보수 용역,국군재정관리단
24-그린나래호텔 리모델링 계획의 적절성 분석연구,제2879부대,,,2021-07-29,라온시스템즈(주),김상운,이수현,"경기도 안양시 동안구 벌말로126 (관양동)오비즈타워1903호,1904호",,88.0469,대용량 유전자데이터 분석 파이프라인 및 가시화 연구,제3707부대
23년 전투발전 연구용역(4),국군재정관리단,194478792.0,,,(주)에프오알엠도시건축공간연구소,권시형,이춘근,경기도 수원시 장안구 파장천로 31(),194505618.0,98.8136,박찬극 제독 평전 편찬 연구용역,군
17년 비용분석모델(PRICE) 유지보수 용역,해군군수사령부,188522330.0,91.4081,2024-03-17,,김영욱,최은수,"서울특별시 금천구 가산디지털2로184, 1017호(가산동, 벽산.경인디지털밸리2)",188571884.0,,항-16-007 자동면역분석기 시약 등 35종,군
00 군공항 이전 시설기본요구조건(안) 작성 연구용역,국군재정관리단,,,2023-03-25,재단법인 한국군사문제연구원,김형철,,"경기도 성남시 수정구 위례대로83(창곡동, 국방문화센터)",225860329.0,82.0415,(20F168-I)00부대 부대개편 시설사업 선행연구 용역,군
(207108-H)네트워크 위협 분석체계 구축사업,육군본부,,,,동우씨엠 서청주지사,류황건,이미영,"경기도 안양시 동안구 시민대로387  A동 1201-1호(관양동,디지털엠파이어)",640093703.0,92.8028,항-16-007 자동면역분석기 시약 등 35종,기관
전장리더십 역량의 평시 개발 연구,육군본부,56828577.0,,2018-04-23,사단법인 안보경영연구원,전건욱,,"서울특별시 강남구 언주로527, 10층 (역삼동)",56822532.0,89.7437,화생방 연구 재료 가스 구매,중앙행정기관
(207134-H)국방보안조사 분석시스템 HW구매(리스물건),육군본부,166589121.0,98.6002,2019-05-04,,,,,166616753.0,,22~23년 공군 전자정보 수집/분석장비 유지보수,중앙행정기관
20~21년 분석용모델(3종) 유지보수 용역(2019F173-C),공군제15특수임무비행단,684224758.0,88.8211,2018-08-21,경희대학교산학협력단,이영환,문영옥,"서울특별시 강남구 역삼로17길57, 그랜드빌딩 B1층 (역삼동)",683998599.0,,18-함정 인수지연 사례분석 및 제도개선 방안,제2879부대
22년 의무장비(자동분석기 생화학용 중형) 구매,국방부군사편찬연구소,22897208.0,92.1096,,,,조대현,,22917948.0,92.1086,(20F083-I)소음영향도작성을위한소음측정및분석용역,4284부대
20~21년 작전지속지원분석모델 유지보수(2019F172-G),국방대학교,95038397.0,88.6527,,중앙대학교 산학협력단,조우철,박서연,"경기도 용인시 수지구 죽전로 152, 단국대학교내(죽전동)",95032133.0,88.6476,장보고-III Batch-I 잠수함 저주파분석 훈련장비,군
계층별 조직문화 진단 및 혁신프로그램 추진 연구용역,공군본부,,91.6174,2020-02-05,주식회사 에이치.티.씨,정태량,허진실,"경기도 안양시 동안구 귀인로1, 4층 (호계동)",161539015.0,,계약 전 손실 보전제도(가칭) 도입 관련 연구,국군재정관리단
아웃도어용식량의 전투식량 활용 및 비축 타당성 연구,육군교육사령부,627610.0,91.9734,2021-09-15,사단법인 안보경영연구원,,,"서울특별시 용산구 청파로 40, 삼구빌딩 1815호(한강로3가)",627907.0,,북한의 기뢰전 전술 분석 및 대응책 연구,중앙행정기관
국방 비밀관리시스템 연동표준 개념연구,연평부대,,,2022-09-23,주식회사도시경영연구원,김효근,,"서울특별시 송파구 법원로9길26, D동 1104호(문정동, H-비즈니스파크)",104024366.0,88.4461,2019년 범국민 안보의식조사 연구 용역,군
ISR 자산의 효율적 통합 운용방안 연구,국군재정관리단,15978254.0,,2018-01-17,,,정광조,,15977715.0,,전투실험 중장기 종합발전계획 연구용역,군
공지통신무전기 성능개량 사업분석,공군본부,17316686.0,94.6892,2020-01-30,(주)유로사이언스,최규식,조정선,대전광역시 유성구 유성대로1184번길 29(신성동),17328022.0,94.6883,22-경항모 건조가 산업에 미치는 영향 분석,중앙행정기관
국방 정보기술 조사·분석 연구,국군재정관리단,41329966.0,94.8294,,,,,,41383242.0,94.8273,전투실험 중장기 종합발전계획 연구용역,군
(247158-F) 스펙트럼 분석기 등 3종 구매,육군본부,655914716.0,84.6997,,,한민구,,"서울특별시 송파구 법원로11길25-0, A동 1310호(문정동, 에이치비즈니스파크)",,,해병대 산소분석기 4개 구매,군
23년 육군 장기미래비전 연구용역,국방부조사본부,298985462.0,93.1427,2017-11-28,호원대학교 산학협력단,주양효,남혜정,"서울특별시 금천구 디지털로9길 33, IT미래타워 1905(가산동)",,93.1416,23 군의료 특성화 연구(접경지역 외상환자 예후 분석),국군재정관리단
통제분석 프로그램 설치 외 6종 구매 설치납품,국군재정관리단,,,2022-02-14,,,,,444259432.0,92.0058,24-00부대 전력화 추진방안 정책연구용역,합동참모본부
비전투부대 참모부서 소요병력 산정기준 연구용역,국군화생방방호사령부,10703138.0,83.0828,,국방대학교산학협력단,김민철,,충청남도 계룡시 두마면 두계리116 계룡대림이-편한세상 109-902,10718002.0,83.0864,연합/합동 연습모의모델 획득 및 운영방안 연구,군
다원적 민주주의 사회의 장병 정훈교육 방향 연구,공군제15특수임무비행단,,,,,,,,,91.4258,보코더 특성분석 플랫폼 개발 연구용역,국군재정관리단
안보학술진흥연구용역(3.국내안보환경분석또는),방위사업청(운영지원과),78691200.0,90.6359,2019-10-16,디와이아이앤씨주식회사,최광열,김우중,인천광역시 부평구 부평대로301-0 (청천동) 남광센트렉스 303호,78818511.0,,민간군사기업(PMC) 등 민간 아웃소싱에 대한 개념연구,중앙행정기관
적 사이버공격 의도분석 지표개발 및 평가방안 연구,국군재정관리단,,93.7142,2020-05-03,(사)국방시설연구협회,홍영기,홍명성,대전광역시 서구 관저동로170 (관저동) 210호,7526042.0,93.7146,공군 탄약 저장시설 지하터널화 방안 연구,군
진로도움 프로그램 성과분석 및 개선방안 연구,방위사업청(운영지원과),229755627.0,98.7565,2017-09-05,,,,,229777734.0,,함정 건조사업 추진단계 효율성 향상방안 연구,중앙행정기관
00국가 해커추적 및 정보수집방안 연구,공군본부,3468350.0,92.1985,2019-08-12,사단법인 안보경영연구원,전건욱,,"서울특별시 강남구 언주로527, 10층 (역삼동)",3462994.0,92.1995,한국형 군경력 학점전환제 마련에 관한 연구,중앙행정기관
항공무기정비분야 안전관리체계 고도화방안 연구용역,해군본부,257703701.0,,2021-12-17,주식회사도시경영연구원,,노현정,"충청남도 논산시 대학로 121, 건양대학교 산학협력단(내동)",257667102.0,65.7262,22-해군 전장기능 지능화 추진방안 연구,제9691부대
한국형 첨단전투관리체계 운용개념 및 발전방안 연구,국방부(운영지원과),58942395.0,96.3562,2020-11-24,사단법인 한국방위사업연구원,박종재,,,58959631.0,96.3586,국방컨벤션 발전방향 연구용역,국군재정관리단
지하침투 감시장비 선행연구 용역,국군재정관리단,82183195.0,,2023-12-03,,,김형민,,,92.5904,리더십코칭 효과성 평가에 관한 연구용역,군
16-인성교육프로그램 등 연구 용역 계약,제9691부대,157147058.0,,2016-06-27,(사)한국전략문제연구소,전건욱,구종우,"서울특별시 강남구 언주로527, 10층 (역삼동)",,89.1878,북한의 기뢰전 전술 분석 및 대응책 연구,군
수치해석을통한폭발하중받는강재구조물의거동분석용역,국군재정관리단,,85.708,2024-02-25,,권시형,장현주,,,,진동분석시험장비 진동감지센서 등 16종 구매,군
5G 기반 스마트 교육훈련단 구축 및 운영 연구용역,국군재정관리단,33291799.0,79.3943,2021-04-01,(주)에프오알엠도시건축공간연구소,김진욱,박계향,,33313371.0,79.3851,복수활주로 건설사업 분석평가 및 선행연구,중앙행정기관
공군기지 작전환경을 고려한 무인기 운영방안 연구,국방부(운영지원과),52840899.0,89.2746,,한남대학교 산학협력단,김진욱,구종우,충청북도 충주시 대학로50-0 (대소원면),52851811.0,,공기조화계통(HAVC) 성능개선 방안 연구 용역,군
[24-육-160] 군 보수체계 개선을 위한 연구,국군재정관리단,29497418.0,,2021-07-30,,박정기,박계향,,29504046.0,87.6512,2023 임상의학연구센터 통계프로그램 구매,제9691부대
함정 개조·개장 사업의 관급보험 도입방안 연구,국군재정관리단,,93.3699,2021-12-08,명지대학교 산학협력단,박래호,양진,,,93.367,분광광도계 수질분석형 1EA,중앙행정기관
정출연 주관 기술개발사업제도(가칭) 운영방안 연구,제2879부대,53476756.0,,,,전건욱,오흔정,,53468952.0,82.8863,훈련 및 부대운영 빅데이터 활용방안 연구용역,중앙행정기관
장병 스트레스평정체계 개선 연구용역 계약,국군재정관리단,,,2019-03-30,,권시형,정봉원,,81464284.0,91.6337,전평시 군수부대 기동화 방안 연구용역,국군재정관리단
함정 설계 건조 기준 및 함정규칙 정립 연구 용역,국군재정관리단,121107978.0,,2018-11-18,(사)한국전략문제연구소,,,,,84.0543,함정 총수명주기 고려 탑재장비 획득방안 연구 용역,국군재정관리단
기초자치단체 비상대비업무 담당자 신편방안 연구,육군교육사령부,,67.9214,2019-02-28,(사)21세기군사연구소,,노민택,"서울특별시 송파구 법원로11길25-0, A동 1310호(문정동, 에이치비즈니스파크)",,,21-해군분석모델 발전방안 연구,중앙행정기관
24 군의료 특성화 연구(군 헬기 환자 이송 현황 분석),국군재정관리단,11522895.0,94.023,2022-01-25,(사)21세기군사연구소,,김정일,,11508371.0,,24년 국한문 혼용 공군 역사서 한글화 연구용역,중앙행정기관
이동형장거리레이더 시설사업기본계획 연구용역,국군재정관리단,,,,,,정지용,,,88.3706,20-MTU엔진 PBL 비용대효과분석 및 성과지표 연구,중앙행정기관
기갑및기계화부대 중대급 교전훈련장비 선행연구 용역,공군본부,,,2020-01-23,대양전기공업(주),정의승,,서울특별시 마포구 월드컵북로5길59 (서교동),21977649.0,,공군기지 작전환경을 고려한 무인기 운영방안 연구,군
전술항법장비(TACAN) 시설사업기본계획 연구용역,국방부(운영지원과),,85.2467,,주식회사 길상산업,권용복,최승룡,서울특별시 강남구 학동로311(논현동) 타호비지니스센터 203호,50538534.0,,무기체계 획득.운용 연구용역,중앙행정기관
작전지휘시설 신축 분석평가 및 선행연구용역,해군군수사령부,67471449.0,78.9567,,,,전영은,,67494668.0,78.9504,유류 소분배 계통 자동화관리 연구,군
T-50 캐노피 고정 구성품 내구성 시험 연구,국군재정관리단,27678207.0,87.9365,,사단법인 미래안보산업전략연구원,염진수,최규식,"서울특별시 영등포구 국회대로74길19, 동우국제빌딩 902호",27686365.0,87.9404,비전통위협 국방대응체제 발전연구,군
해군박물관 기본개념 선행연구용역,국군재정관리단,56734183.0,,,사단법인 한국국가전략연구원,정봉원,권시형,,56694400.0,93.0485,교육연구자료 원문 DB 구축 용역,중앙행정기관
웨어러블 로봇 운용개념 연구용역,국방대학교,61814731.0,,,육군사관학교 산학협력단,,,서울특별시 광진구 군자동98 집현관 216,61827101.0,,신기술 기반 공군 교육통합플랫폼 구축방안 연구,중앙행정기관
수중자율기뢰 탐색체(AUV) 사업분석,육군교육사령부,6893320.0,,2022-01-22,(주)프라이전트,박수연,진보라,"서울특별시 중구 동호로7길41, 2층(신당동)",6891203.0,93.6093,악성코드 동적분석 SW 라이선스 연장 구매,중앙행정기관
전술이동통신체계 구축방안 연구용역,국방부(운영지원과),2312096.0,88.2965,2019-02-01,,,김미희,,2305378.0,88.297,18~22 방위산업육성 기본계획 수립을 위한 정책연구,군
4차 산업혁명 주요기술 활용 안전관리 발전방안 연구,국방부(운영지원과),,,2019-07-24,(주)에프오알엠도시건축공간연구소,,경상현,,1317368.0,90.1858,드론봇 전투체계 통합관제체계 구축 연구용역,중앙행정기관
18년 작전지속지원분석모델 유지보수 용역,국군의무사령부,141908227.0,,2023-01-20,국방기술품질원,이재평,,서울특별시 성북구 삼선교로16길116-0 (삼선동2가),141850595.0,,`18년 지형분석장비 교체사업,4284부대
국방 무인로봇 시험평가 적용방안 연구,방위사업청(운영지원과),27194490.0,92.4661,2019-07-02,,,,,27197311.0,,SUPPRESSED,중앙행정기관
24-F-비용분석용 상용SW 구매,합동상호운용성기술센터,,75.0992,2022-02-13,,,최은수,"서울특별시 송파구 법원로9길26, D동 1104호(문정동, H-비즈니스파크)",68366218.0,75.0987,23-D-감정장비(면역화학분석기) 구매,국군수도병원
(21F094-K)'22년~'23년 분석용모델(3종) 유지보수,합동참모본부,,98.6843,2019-12-11,윤서상사,김국동,최준호,경상남도 창원시 진해구 웅동로162-0,22544559.0,98.6841,상층대기분석장비 유지보수,기관
미래 특수작전수행 개념과 전력발전 소요 연구용역,국군재정관리단,,,2017-01-16,(사)21세기군사연구소,,황병윤,서울특별시 관악구 관악로1 (신림동),19348157.0,91.7527,주변국 무기체계 운영개념 및 제원 연구,제2879부대
공중 무인무기체계 표준화 방안 연구,해군군수사령부,146343594.0,,2021-08-08,,,,,146186041.0,,군인 고용보험 가입의 효과성 연구,제2879부대
부품정비대대 - 분석기  스펙트럼용 구매,육군본부,,84.8842,2022-06-19,사단법인 안보경영연구원,전건욱,,"서울특별시 강남구 언주로527, 10층 (역삼동)",179627076.0,84.8917,진동분석장비 구매,군
AI 작전운용성능 설정기준 표준화 연구,합동참모본부,,84.11,2019-08-27,,,권시형,서울특별시 노원구 화랑로574-0 (공릉동),16068671.0,84.1056,22-해상기반 우주발사체계 개념 연구,기관
TICN Block I -① 경미한 성능개량 사업분석,공군제15특수임무비행단,,90.4088,2019-08-29,한국환경설계(주),김보영,전옥녀,"서울특별시 강남구 테헤란로440, 서관 3층(대치동, 포스코센터)",175005987.0,90.4117,23년 비용분석모델(True Planning) SW유지보수 용역,국군재정관리단
소형드론용 지능형 영상분석기술 연구/시연 용역,해군본부,277783212.0,95.6724,2022-01-02,,,,,,,상륙기동헬기 성능개량 소요 분석 연구용역,중앙행정기관
전파환경측정 분석장비 유지보수,제5738부대,65292823.0,,,(사)한국식품기술사협회,유상호,김지훈,"대전광역시 유성구 대학로 99(궁동, 충남대학교)",65249878.0,84.512,합동작전분석모델-Ⅱ 탐색개발,군
[24-육-188] 안전문화 수준 측정 Tool 개발 연구,육군교육사령부,155396096.0,73.913,2023-03-25,(주)강남,이형민,,경기도 군포시 흥안대로27번길22-0 (금정동),,,전시자원소요분석모델 장비 교체사업 리스,중앙행정기관
지휘헬기-II 기종결정 평가방안에 관한 정책연구용역,육군본부,103732429.0,89.1238,,국방대학교산학협력단,이도형,윤진영,"서울특별시 영등포구 국제금융로8길25, 6층 607호 (여의도동, 주택건설회관)",103710180.0,,대전병원 생화학자동분석기 소모품 60종 구매,국군재정관리단
최신 ICT를 적용한 국방컴퓨터체계 운용 방안 연구,방위사업청(운영지원과),6694917.0,89.9079,,,,공현철,,6694839.0,89.9065,공개출처정보(OSINT) 활용 사이버위협 분석방안 연구,군
공신력 확보를 위한 신규국제표준 적용방안 연구용역,해군사관학교,198342812.0,,2019-06-02,주식회사 처음헌법연구소,김상운,,"서울특별시 성북구 화랑로76, 제3층 307호(하월곡동,코업스타클래스)",,86.3468,21년 전투발전 연구용역(3),국군재정관리단
수중전술기기통제사 자격 신설 연구,제9691부대,,81.67,2019-07-18,국방기술품질원,최권석,기유경,"서울특별시 용산구 한강대로109-0 (한강로2가),404호(용성비즈텔)",,81.6759,인천지역 도심 친화적 통합 재배치 연구용역2019F009,군
24년 자동염기서열분석기 검교정 등 정비,해군군수사령부,,,2023-12-26,주식회사 일신이앤씨,김근채,김인해,"경상남도 창원시 마산합포구 경남대학로7-0 (월영동, 경남대학교)",,81.6599,통신가설차 경미한 성능개량 사업분석,군
17-공군 사이버보안 교육 및 관리체계 구축 연구 용역,제2879부대,,,2018-04-28,,,,,67191199.0,96.895,군수부대 저장시설 기동화 방안 연구용역,중앙행정기관
군사사연구총서베트남전쟁관련주제연구용역(과제3),국군재정관리단,209237219.0,94.2665,2017-10-27,서울대학교 산학협력단,,이나라,"서울특별시 영등포구 의사당대로22, 8층 9층 10층(여의도동, 이룸센터)",,94.268,SUPPRESSED,기관
상층대기분석장비 유지보수,육군교육사령부,,101.1435,2020-09-14,(주)동욱씨앤아이,이숙,신정희,전북특별자치도 정읍시 북면 북면공단2길87-0,272857051.0,,과학기술전문사관 직무 성과분석 연구,중앙행정기관
2023년 서울안보대화 프로그램 기획 및 발전방향 연구,방위사업청(운영지원과),192753391.0,80.1131,2019-08-20,,,이종범,,192652546.0,,의무시설 시설공사비 적정 편성 기준 연구,군
운용함정 손상대응 훈련 시나리오 연구 용역,국군재정관리단,103170494.0,,2020-07-22,기산건축사사무소,이정근,,서울특별시 강서구 마곡중앙8로3길79-0 (마곡동),103113422.0,92.566,공군 탄약 저장시설 지하터널화 방안 연구,제9691부대
전차 조준선 정렬 시스템 개발 연구용역,육군교육사령부,353715613.0,83.9623,2016-10-27,명지대학교 산학협력단,김진욱,,"서울특별시 금천구 가산디지털2로184, 10층 1017호(가산동, 벽산디지털밸리2차)",353712163.0,,북단 유도로 신설사업 분석평가 및 선행연구 용역,국군재정관리단
(2)군용비행장 소음측정 및 분석용역,공군본부,65342868.0,93.7601,2022-07-12,(주)한일,최규식,황인선,경기도 김포시 대곶면 송마로52번길61-66,65351891.0,93.7588,18-회로망용 분석기 등 8종 구매,중앙행정기관
항행안전시설 비행점검장비의 군 필요성...연구,국방부(운영지원과),132100136.0,91.3251,2017-03-08,(주)포항자재,이근신,이도제,전라북도 정읍시 북면공단2길87,,,18-P3탑재장비PBL적용타당성검증및성과지표개발연구,군
분석기세트 3종 구매,육군정보통신학교,,86.5134,,,,차승회,,21386349.0,86.515,00 0000 분석체계 구축,군
잠수함 근무환경의 분석 및 건강모델개발 용역,육군본부,,101.9837,2020-04-22,피엘앤트,김회율,김해리,충청북도 청주시 청원구 오창읍 농소길33-56,71097482.0,101.9839,23년 전반기 육군 정책연구과제 연구용역,제6619부대
스펙트럼 분석기,공군사관학교,,87.5846,,(사)한국위기관리연구소,노광현,최승룡,"경기도 안양시 만안구 만안로49, 519호(안양동, 호정타워)",11117763.0,,방산물자 기술수준 및 경쟁가능성 심화 조사 및 분석,군
18-19년 해군분석모델 유지보수 및 성능개선사업,육군교육사령부,301152860.0,91.6571,2017-09-10,(사)한국능률협회,백명기,공현철,"충청남도 논산시 대학로 121, 건양대학교 산학협력단(내동)",300906428.0,91.6568,155mm 정밀유도포탄 비용분석,기관
정보분석낭 구성품 구매,공군본부,,95.2108,2023-03-31,국방기술품질원,최재성,조대현,"서울특별시 서초구 강남대로6길11 선우빌딩 4,5층 (양재동)",,,스펙트럼분석기구매 (20199198-I),기관
열상감시장비 초음파모터 등 3종 정비개발 연구용역,국방부(운영지원과),74473361.0,,2020-10-27,,,김중곤,,74330557.0,85.3082,21년 정책 연구용역,중앙행정기관
24-F-생화학분석기 대형 등 4종 구매,육군본부,,,2024-08-21,인하공업전문대학 산학협력단,김동준,김태훈,"서울특별시 금천구 가산디지털2로34, 923호(가산동, G밸리 더리브 스마트타워)",224533648.0,,사이버 자산정보 수집 분석체계 라이선스 구매,군
00포대 주변지역 토양오염 원인조사 연구용역,육군본부,,,2018-04-30,주식회사에이스게이트,권시형,권헌영,"충청남도 논산시 대학로 121, 건양대학교 산학협력단(내동)",,82.9782,CH/HH-47D 성능개량사업 운용요구서 연구,합동참모본부
체계적인 해군 C4I 체계 유지보수 관리방안 연구,공군본부,96953006.0,,2019-03-24,한국과학기술원,김범준,,"충청남도 논산시 대학로 121, 건양대학교 산학협력단(내동)",96953082.0,89.9266,다원적 민주주의 사회의 장병 정훈교육 방향 연구,군
마린온 정비지원체계 방안 연구용역,국군복지단,289709070.0,98.8383,,하늘유통,윤동열,이영섭,서울특별시 서초구 서초동1432-13 202,,,상륙기동헬기 성능개량 소요 분석 연구용역,국군재정관리단
신 작전수행개념 구현을 위한 교리발전 방안 연구용역,합동참모본부,,,,,,정영숙,,18612999.0,,방산수출 진흥을 위한 보호법령 정비방안 연구,군
정기기초연구과제연구용역(3. 한국군의군수관리...),국방부(운영지원과),404250730.0,,,,,주정만,,,84.1143,모바일기기 증거분석체계 구매(교체),중앙행정기관
해안경계 임무전환 관련 안보상황 평가체계 연구,국방부(운영지원과),,,2019-03-02,사단법인 안보경영연구원,,,,141624148.0,91.4467,소형전술차량 시설사업 선행연구,군
17년 작전지속지원분석모델 유지보수 용역,해군본부,,84.8583,2019-10-05,원유통,이미란,안치수,"대구광역시 북구 영송로15, 5층 5503호(태전동, 대구보건대학교 성실관)",100605160.0,84.8599,휴대용화학물질분석기 등 2종 구매,국군재정관리단
분석기(비행조종계통 점검용)외1종 구매(16-38),국군재정관리단,,,2019-05-09,사단법인 한국자살예방협회,이준식,윤진영,서울특별시 성북구 안암로145 (안암동5가) 미래융합기술관 607호,57801275.0,,대잠훈련분석체계(AEAS) 유지보수 용역,중앙행정기관
주변국 무기체계 운영개념 및 제원 연구,국방대학교,49872789.0,,2020-08-05,(주)프라이전트,김지영,조호현,"서울특별시 금천구 가산디지털2로14,  14층 1405, 1406호(가산동)",,78.0442,드론봇 전투체계 통합관제체계 구축 연구용역,합동참모본부
상용 SW(수사데이터 분석 도구) 구매,국군재정관리단,82808425.0,91.8615,2021-04-08,(주)에프오알엠도시건축공간연구소,박온서,정영숙,대전광역시 유성구 대학로291-0 (구성동),82767370.0,,19-전자파 정밀분석체계 확대구축사업 리스,중앙행정기관
삼군부 재현 및 이전을 위한 연구,육군교육사령부,,81.3885,2022-06-05,사단법인 안보경영연구원,전건욱,,"서울특별시 강남구 언주로527, 10층 (역삼동)",,81.3905,연구소 회의실 AV시스템 제조설치 납품,군
청년장병의 군 복무간 지원 및 보상(취업분야) 연구,육군교육사령부,379790381.0,88.3921,,,,,,,,드론봇 전투체계 통합관제체계 구축 연구용역,군
20-MTU엔진 PBL 비용대효과분석 및 성과지표 연구,국군재정관리단,,,2020-03-26,,,,,,92.0239,인사교육장교 경력관리 개선을 위한 연구용역,국군재정관리단
00작전 효과 및 능력 구축방안 연구 용역,한미연합군사령부,52740538.0,89.9578,,주식회사 윈스,권택조,임경철,"서울특별시 송파구 중대로105-0 (가락동, 가락 ID TOWER),302호",,,육군내 기술연구소 신설방안 연구 용역,국군재정관리단
포병관측장비(TAS-1K)시험세트 분석장비 SW개선,제9691부대,160286424.0,86.438,2024-07-20,엠지산업,조동원,남상경,경상북도 문경시 문경읍 주흘1길20-0,160265801.0,86.4385,(236498-C) 23년 영상분석서버 및 PC 제조설치,제9691부대
합동작전분석모델-Ⅱ 탐색개발,국군재정관리단,196492457.0,66.6881,2022-12-16,한화오션 주식회사,홍명성,박호,"경기도 안양시 동안구 학의로282, 501호,502호,503호 (관양동, 금강펜테리움아이티타워)",196425671.0,66.6983,안보학술연구용역(2. 국제안보환경과),제9691부대
24년 국방연구개발사업의 성과조사 · 분석 연구 ,공군본부,418894629.0,77.1352,2023-05-08,호원대학교 산학협력단,김진욱,,,419048230.0,77.1329,의무후송전용헬기 시설사업기본계획 연구용역,국군재정관리단
PLS차량 운용효과 Arena 모델링 연구 용역,공군본부,14671809.0,,2023-06-15,와이와이,이재원,윤진영,"전라북도 군산시 산단남북로169, 군산친환경자동차부품알앤디센터 3층벤처기업 16호(312호)(오식도동)",14660890.0,98.7531,23-10차 조달 연구장비(순수물제조기) 구매,기관
2.75 유도로켓(차량탑재형) 시설사업 선행연구,국군재정관리단,564806942.0,96.1399,2017-06-14,,,,,564911216.0,96.1385,폭발물처리 교육 전군 통합 필요성 검토 및 방안 연구,중앙행정기관
통신전자장비 전계강도 측정분석장비 개발,국군재정관리단,340746056.0,,2020-01-16,새롬상사,이숙,박한솔,경상남도 김해시 수가로242-9(응달동),340857614.0,80.9949,23년 의무장비(수액조절기 분석기) 구매,군
미래 육군 전술감시체계 운영개념 정립 기술연구 용역,합동상호운용성기술센터,53098215.0,95.2654,2022-02-22,서우컴퍼니,송광선,이경생,충청북도 청주시 흥덕구 비하로59-2 (비하동),53126700.0,95.267,국방군사시설 방호기준 제·개정 연구용역(21K021-I),제9691부대
오일분광분석장비 유지보수,육군제8971부대,,91.87,2021-08-25,한양무선통신,민희숙,백현정,"서울특별시 강남구 봉은사로129-0 (논현동, 거평타운오피스텔) 1126호",44033050.0,91.8718,안보학술진흥연구용역(3.국내안보환경분석또는),국군재정관리단
대잠훈련분석체계(AEAS) 유지보수 용역,방위사업청(운영지원과),41655928.0,85.8446,2022-05-19,,,박계향,,41670527.0,,PLS차량 운용효과 Arena 모델링 연구 용역,중앙행정기관
적외선차폐연막통(연막제) 유해성 입증시험 연구용역,공군본부,113995682.0,94.4504,2023-05-28,,,,,114018625.0,94.4561,4차 산업혁명 전장기능별 무기체계 소요 연구 용역,중앙행정기관
방위사업 교육포털시스템 ISP 수립 연구,방위사업청(운영지원과),,74.1146,2018-04-16,씨지에스아이티(주),김금남,심지민,"서울특별시 금천구 가산디지털1로1-0 (가산동, 더루벤스밸리) 1208호",56224179.0,74.1093,CSP 획득개선 및 무기체계 가동률 향상방안 연구,중앙행정기관
19년 작전지속지원분석모델 유지보수(2018F124-G),해군본부,1000328.0,81.2802,2024-04-07,주식회사 위우너스,김태영,강민식,경기도 성남시 분당구 판교역로 220(삼평동 673),998839.0,81.2862,19년 발칸 추적훈련 분석기(제조),중앙행정기관
적외선차폐연막통(연막제) 유해성 입증시험 연구용역,국방부(운영지원과),731544790.0,,2019-12-09,,,문영옥,"서울특별시 용산구 한강대로62길41, 3층 (한강로1가)",731142001.0,87.1686,작전지휘시설 신축 분석평가 및 선행연구용역,군
세계안보정세분석 연구 용역,한미연합군사령부,86082227.0,84.7405,2020-11-22,새롬상사,한아름,한달연,"경기도 안산시 단원구 광덕3로145-5, 3층 301-66호 (고잔동)",86183748.0,,국방정책연구과제 연구용역 계약,군
인공기상조절 연구용역,육군본부,,96.4832,2020-04-12,,,장재필,"서울특별시 용산구 한강대로62길41, 3층 (한강로1가)",4369753.0,96.4824,국방 안전사고 조사 표준 매뉴얼 마련을위한연구,군
사이버방호체계 최적화 및 고도화 구축 연구용역,방위사업청(운영지원과),212403996.0,,,,,,,212353395.0,90.2805,지상작전과 연계한 사이버전 수행방안 연구,군
민 군 통합 수송운영체계 구축 수송물류 비용분석,국군재정관리단,205235201.0,91.633,2022-11-16,주식회사 삼우에이엔씨,송광선,이희섭,"경기도 성남시 중원구 둔촌대로457번길 27, 우림라이온스밸리1차815(상대원동)",205269949.0,,23-D-감정장비(면역화학분석기) 구매,군
21-해양무인체계에 필요한 핵심기술 연구,국방부(운영지원과),,93.5773,,,박정기,,"서울특별시 강남구 언주로527, 10층 (역삼동)",330236356.0,93.5838,(20F172-I)00부대 라돈저감방안 연구 용역,중앙행정기관
진동분석장비 구매,국군재정관리단,,95.7679,2022-11-09,주식회사 쏠바이오텍,김영욱,이도제,대전광역시 유성구 노은로170-0 (지족동) 스타시티빌딩 6층,42649317.0,95.767,발칸 보조전원공급기 수리부속 대체품 개발 연구용역,군
선외기 프로펠러 안전장치 성능개선 연구용역,공군군수사령부,87487528.0,84.1428,2020-02-09,,,류상윤,,87507510.0,,신공법교량 폭파방법도출 및 실증실험 연구용역,군
정비용 샵차량 전원발생기 정비기술개발 연구용역,제9691부대,181087978.0,95.8776,,,,,,181099702.0,,국방 무인항공기(드론) 정비사 자격 신설 연구용역,중앙행정기관
전력지원체계 SW 관리방안 연구 용역,육군 제3808부대,,,2022-04-22,주식회사 셀젠텍,허성일,김승준,"서울특별시 금천구 가산디지털1로1-0 (가산동, 더루벤스밸리) 1208호",57639673.0,83.5068,무기체계 RAM 시험평가의 효율적 수행방안 연구,국군재정관리단
(246247-D) 이동형 심리생리반응 분석장비 구매,육군본부,139919779.0,,2024-10-31,,,강우철,,139962648.0,87.3365,24년 자동염기서열분석기 검교정 등 정비,군
00기지 환경개선 사업 분석평가 및 선행연구 용역,합동참모본부,252267626.0,99.6123,,(사)21세기군사연구소,박영선,이경생,서울특별시 영등포구 여의대방로43나길20-0 (신길동),252278619.0,99.6135,국방R&D 과제 평가체계 개선방안 연구,합동참모본부
잠수함용 자기처리장비 시설사업기본계획 연구용역,국방대학교,87961788.0,,2023-01-26,사단법인 안보경영연구원,전건욱,,"서울특별시 강남구 언주로527, 10층 (역삼동)",87984589.0,,방공포병 모의훈련체계 구축방안 연구,국군재정관리단
(217097-E)차세대유전자 서열분석기 구매설치,제2879부대,25284302.0,,2022-07-05,주식회사 희망에어텍,서승현,김정자,"서울특별시 구로구 디지털로 306, 대륭포스트타워2차 1101호(구로동)",25302009.0,100.0264,항19-066 자동면역분석기 시약 등 51종 구매,합동참모본부
16년 작전지속지원분석모델 유지보수 용역,육군본부,,86.911,2023-11-21,,,,,,86.9075,상층대기분석장비 유지보수,군
유도로켓(비궁) 성능개량 소요 및 방법 분석 연구용역,공군본부,48969496.0,,2021-06-05,,,,,48980276.0,,스마트 항만기지 구축방안 연구 용역,중앙행정기관
(227239-B) 악성코드 수집분석체계 라이선스 구매,국군재정관리단,46782914.0,,2019-02-14,주식회사 디티알기술사사무소,한영석,이의재,"서울특별시 용산구 청파로349-0 (서계동,보은개발빌딩)",46758084.0,89.9856,(236498-C) 23년 영상분석서버 및 PC 제조설치,중앙행정기관
22년 병리장비운영소모품(6) 요분석검사 27품목 구매,국방부(운영지원과),155112947.0,,2019-09-12,주식회사 스마트포트테크놀로지,김태호,박희원,"경기도 군포시 고산로148번길17-0, B동 1303호, 1304호, 1305호(당정동, 군포IT밸리)",,,공군 전장망 소스코드 취약점분석체계 교체사업,군
위성전군방공경보체계 경미한 성능개량 사업분석,방위사업청,509395936.0,,,경희대학교산학협력단,박문희,,"충청남도 논산시 대학로 121, 건양대학교 산학협력단(내동)",509525506.0,76.9476,(22F070-G) 경계용 영상분석 데이터셋 구축,합동참모본부
공개출처정보(OSINT) 활용 사이버위협 분석방안 연구,해군군수사령부,165143439.0,88.5219,2018-11-10,,,,,165143595.0,,해무극복용 영상감시체계 선행연구용역,군
미래 육군의 우주분야 활용방안 연구 용역,국군수도병원,41596285.0,75.8973,2019-12-29,,,,,41616701.0,75.899,육군 로고를 군수품에 적용하는 방안 연구,기관
24년 전투실험발전 연구 용역(1),해군본부,,93.6557,2021-09-26,트루인터페이스(주),손태환,이한웅,충청북도 청주시서원구 개신동446-2,366567137.0,,전탐감시대 감시장비 원격통합감시체계 구축 연구,군
18-효과적인 정보수집함 운용방안 개념연구,국방지형정보단,385027119.0,82.9411,2020-02-27,(주)한컴네트워크,장순호,,경기도 포천시 군내면 유교로163,385081735.0,,폭파구 피해복구 보조기층 다짐도 측정방법 연구,국군재정관리단
열상감시장비 초음파모터 등 3종 정비개발 연구용역,국군재정관리단,,89.7366,2017-04-24,,,,,,89.7411,21년 전투발전 연구용역(2),군
분광광도계 수질분석형 1EA,제9691부대,158076179.0,91.4264,2020-01-28,주식회사 팬웨스트에스앤티,고기종,윤수정,"서울특별시 성동구 성수이로147, 905호 (성수동2가, 아이에스비즈타워)",158005328.0,,(216162-B)차륜정비장비(분석기  차량엔진용) 구매,중앙행정기관
[24-육-91] 무건리 훈련장 갈등 비용분석 연구,제9691부대,7064986.0,82.6947,2019-07-16,,,정수민,,7067902.0,,음향분석체계 개발사업,중앙행정기관
알코올 대사체 분석방법 연구,공군본부,90109472.0,82.4918,2017-10-19,,,,,,82.4886,22-1차 개념설계 기술지원 연구용역,제9691부대
무기체계 개발시험평가 역할 재정립에 관한 연구,제6619부대,462457421.0,90.1676,,주식회사 넥스트아이앤아이,최규식,주서현,대전광역시 유성구 테크노4로17-0 (관평동) 대덕비즈센터 D동 612호,,,헬기 연료노즐 야전 정비장비 개발 연구용역,국군재정관리단
무기체계 안전성 시험평가방안 연구,육군교육사령부,39866612.0,83.2243,2021-07-17,,,,,39931561.0,83.228,17-추수평가 개선 및 환류방안 연구,중앙행정기관
24년 전투발전 연구 용역(2),국방부(운영지원과),,76.4398,2020-12-05,,,,,,76.4449,A.I.기반 전평시 동원체제 혁신방안 연구,중앙행정기관
헬기 보조동력장치 시험장비 개발 연구용역,국군재정관리단,403229883.0,,2017-08-04,,,,,403406987.0,,국군역사기념관(가칭) 건립사업 선행연구,국군재정관리단
주변국 무기체계 운영개념 및 제원 연구,국군의무사령부,,97.7128,,(주)디앤오종합건축사사무소,한민구,,"서울특별시 금천구 가산디지털2로184, 10층 1017호(가산동, 벽산디지털밸리2차)",,97.7113,미래 우주전장 분석 및 공군 우주전략 수립 연구용역,군
인공지능을 활용한 사이버위협 탐지기술 연구용역,합동참모본부,17605130.0,,2021-06-29,육군사관학교 산학협력단,,김우중,,17617117.0,,19-헬기형 UAV 운용을 위한 함정설계 개념 연구,중앙행정기관
무기체계 개발시험평가 역할 재정립에 관한 연구,국군재정관리단,,74.7587,,케이투웹테크(주),김운용,허정행,"서울특별시 중랑구 동일로754, 6동 201호(중화동, 우성타운)",188074570.0,74.7628,월책 차단을 위한 혁신적 GOP 경계 플랫폼 연구,합동참모본부
정신전력 개념 정립 및 수준 측정도구 개발 연구,공군본부,112085385.0,92.6424,2022-07-15,,,정경아,,,,사관생도 생활실 시설기준 개정 연구용역,국군재정관리단
차세대 첨단함정 건조가능성 검토 연구용역(III),국방부(운영지원과),96944470.0,,2020-03-22,씨지에스아이티(주),김창환,남혜정,대구광역시 달서구 와룡로45길10-14 (죽전동),96941109.0,,육군 부사관학교 시설종합발전계획 연구용역,군
샵차량 발전기 전자제어기 정비기술개발 연구용역,국군재정관리단,152887901.0,92.3088,2018-01-17,경희대학교산학협력단,박진호,이수행,서울특별시 서초구 사임당로18 (서초동) 석오빌딩 8층,,,워리어 플랫폼 후속군수지원 방안 연구,중앙행정기관
20-해군 무장체계의 효율적인 창정비 방안 연구,국군재정관리단,63218190.0,92.8386,,,김진욱,이기찬,,63220190.0,92.8393,해병대 인력획득체계 분석 발전 방향 연구 용역,군
공지통신무전기 및 함대공유도탄-II 사업 비용분석,육군군수사령부,,,2017-12-05,,,,,213070579.0,96.5146,월간지(안보현안분석  린사포럼) 인쇄 용역,국군재정관리단
20-WMD/화생방 전문인력 관리 및 교육훈련 정립 연구,국방부(운영지원과),50364793.0,89.4389,2023-02-01,재단법인 세종연구소,이문걸,박계향,대전광역시 유성구 유성대로1646-0 (전민동),,89.4378,접경지역 부대개편에 따른 상생협력방안 연구,제9691부대
상륙돌격장갑차 3차 창정비 방안 연구,방위사업청(운영지원과),34712824.0,90.3898,,국방대학교산학협력단,이문걸,윤병찬,"서울특별시 송파구 법원로11길25-0, A동 1310호(문정동, 에이치비즈니스파크)",,,24년 전투발전 연구 용역(2),군
휴대용화학물질분석기 등 2종 구매,해군군수사령부,177107243.0,80.4344,,한성대학교 산학협력단,강명수,김지혜,"서울특별시 강남구 언주로319, 5층,6층(역삼동,조우회관)",,80.4322,대전병원 자동 뇨 분석기 등 소모품 46종 구매,군
정기기초연구과제(1. 한국의외교/안보정책),공군제15특수임무비행단,104165765.0,90.8003,2021-09-24,우영상사,정정모,이수형,경상북도 구미시 산동읍 강동로730,,90.7982,소요결정 권한 소요군 위임시 획득절차 연구,국군재정관리단
19-적정 승조원 소요인원 정량화 방안 연구,국방전산정보원,33358470.0,,2019-01-08,사단법인 미래안보산업전략연구원,,이형민,대전광역시 유성구 대학로291-0 (구성동),33422199.0,92.0422,추진장약 저장수명 예측 가속노화시험 연구용역,기관
무기거래조약에 따른 수출입통제 개선방안 연구,국군재정관리단,,83.6345,2019-10-28,,,,,122598582.0,83.6305,SIEM을 활용한 사이버 침해 경로 도출방안 연구,군
자동염기서열분석기 구매,공군사관학교,267991628.0,83.6275,2023-10-15,주식회사 발렌베리,안동만,박지은,서울특별시 송파구 새말로8길12-0  문정 건영 103동 801호,,83.6336,군수지원함(AOE-Ⅱ) 2차사업(양산) 비용분석,국군재정관리단
패트리어트 PAC-3 유도탄(2차)사업 선행연구,방위사업청(운영지원과),24588949.0,,2019-10-10,(사)한국전략문제연구소,박정기,구종우,"서울특별시 강남구 언주로527, 10층 (역삼동)",,86.7983,폭발물처리 자격신설 연구,중앙행정기관
다목적 제설장비 운용기준 재정립 및 대체방안 연구,해군본부,,85.1068,,,,,,,85.1,춘천병원 기능강화 연구용역,군
해병대 무인화전투체계 도입방안 연구용역,4284부대,,73.2509,2017-11-05,,,,,,,최근 전력화 장비·물자 ILS 분석 및 개선방안 연구,국군재정관리단
우수 과학기술 인재의 국방(군) 분야 활용방안 연구,해군본부,8108119.0,,2016-07-19,(사)21세기군사연구소,권시형,,,,,국방기술조직을 활용한 함정 기술관리 방안 연구 용역,국군재정관리단
23-F-분석기 스펙트럼용 2종 구매(239034-H),국방부군사편찬연구소,41132813.0,82.6357,2023-10-13,라온시스템즈(주),최진식,한아름,"경기도 성남시 중원구 갈마치로302, A동 602호 (상대원동, 우림라이온스밸리5차)",41114365.0,,23-N-유황분석기 구매,군
(22G088-A) VR 지뢰훈련시뮬레이터 선행연구용역,국방부군사편찬연구소,,,2020-06-03,사단법인 한국기업연구원,한민구,경상현,서울특별시 영등포구 여의대방로43나길20-0 (신길동),,85.099,민군 상생을 위한 대체시설 검토 및 관리방안 연구,제2879부대
CBRS 적용한 전투발전체계의 문제점 및 발전방향 연구,육군 제3808부대,1523450.0,,2019-10-29,세영정보통신(주),곽재수,윤병찬,"대구광역시 달서구 달구벌대로1095-0 (신당동, 계명대학교)",1522058.0,99.9334,최신함정 적정부하율 산정기법 연구 용역,군
AI기반 컴퓨터생성가상군 구축 기술 연구용역,방위사업청(운영지원과),180152981.0,,2018-01-20,,,,,,,국방 안전환경 분석 및 안전교육 정책 발전 방안 연구,군
부품국산화율 산정방식 등  제도 개선방안 연구,국군재정관리단,,91.5522,2016-10-18,,,,,,91.5561,화생방 연구 재료 초자 구매,군
24년 기술연구용역(3),방위사업청(운영지원과),196537766.0,,,국방대학교산학협력단,한영수,신인균,서울특별시 관악구 관악로서울대학교 사회과학대학 16-539,196504117.0,95.0748,자동염기서열분석기 구매,중앙행정기관
패트리어트 유도탄수명 고려한 효과적 확보 방안 연구,국군재정관리단,,79.323,2018-08-11,주식회사  인섹시큐리티,김승준,이은경,충청남도 청양군 정산면 칠갑산로1898-0,,79.3303,00지역 실내공기질 개선 연구용역,제2879부대
고속전투주정 시설사업기본계획 수립 연구용역,국군재정관리단,,,,(사)21세기군사연구소,정의붕,김기현,"서울특별시 금천구 가산디지털2로184, 10층 1017호(가산동, 벽산디지털밸리2차)",,83.9335,샵차량 발전기 전자제어기 정비기술개발 연구용역,기관
활주로지역 배수로 개선 분석평가 및 선행연구 용역,국방부(운영지원과),,92.0608,2019-04-28,주식회사 아레스,이광형,,서울특별시 서초구 방배로19길21-0 (방배동),345151978.0,,물류원가 데이터 수집 및 산정/관리 방안 연구,중앙행정기관
ㅇㅇ학교 전통 계승 및 발전방안 학술연구용역,국방대학교,39343669.0,94.0187,2019-05-03,,유상호,박계향,,39390153.0,94.019,군 시설 공사비 기준단가 산정 연구용역(21K018-I),기관
스마트 물류센터 도입 검토 연구용역,국군재정관리단,,86.6211,2021-05-07,,김효근,구종우,"서울특별시 강남구 언주로319, 5층,6층(역삼동,조우회관)",226193175.0,,군사과학기술대학원(가칭) 신설방안 연구,군
병영환경 및 상담대상자 특성과 연계한 상담기법 연구,국방부(운영지원과),,,,사단법인 안보경영연구원,전건욱,,"서울특별시 강남구 언주로527, 10층 (역삼동)",711008.0,92.9471,FA-50 성능개량 방안 연구,중앙행정기관
17년 지형분석장비 물품 구매설치,육군교육사령부,211497767.0,88.2801,2018-08-20,,,박혜인,,,,흔적 00분석 시스템 구축,국군재정관리단
진동분석시험장비 진동감지센서 등 16종 구매,육군본부,124534995.0,,2021-07-27,(사)한국전략문제연구소,,,,124572076.0,90.5067,스펙트럼분석기 등 5종 구매,군
(207108-H)네트워크 위협 분석체계 구축사업,해군본부,212302446.0,80.5128,2021-02-22,한국법제연구원,이문걸,김정일,"서울특별시 송파구 법원로11길25-0, A동 1310호(문정동, 에이치비즈니스파크)",,80.5153,19년 육군M&S센터 전문분석관 운용 용역(2019F014-I),중앙행정기관
창조국방 추진을 위한 창의적 문화조성 방안 연구,제9691부대,46704384.0,91.2038,2016-11-10,재단법인 한국군사문제연구원,전건욱,,"서울특별시 강남구 언주로527, 10층 (역삼동)",46672662.0,91.2062,창조국방 추진을 위한 창의적 문화조성 방안 연구,제9691부대
(246072-F) 분석기 스펙트럼용 구매,국방대학교,36622479.0,92.9328,2023-08-09,가천대학교산학협력단,나상억,이호준,"서울특별시 금천구 가산디지털2로46, 611호(가산동, 에이스태세라타워)",36638814.0,92.9324,분석기  스펙트럼용 구매,국군재정관리단
분석기  스펙트럼,합동상호운용성기술센터,131747848.0,92.2075,2021-04-20,,,권호영,,131761370.0,,‘22년 항공관제 분석체계 유지보수,제3707부대
해병대 동원훈련장 과학화 발전 방안 연구,국방부(운영지원과),107845755.0,76.9469,2019-03-16,사단법인 안보경영연구원,박정기,,"서울특별시 강남구 언주로527, 10층 (역삼동)",,76.9485,동시방위전략 구현을 위한 미래육군병과체계 발전연구,중앙행정기관
군인연금기금 책임준비금의 적정 규모 기준 설정 연구,육군교육사령부,9885069.0,93.8391,2018-04-18,,,,,9883705.0,,국방사업관리 자격신설 연구,국군재정관리단
23-D-라만분광분석기 구매,육군본부,113316030.0,,,주식회사 쏠바이오텍,고윤안,김인해,서울특별시 송파구 법원로8길9 (문정동) 10층,113301024.0,87.4434,23-F-전자정보 수집/분석장비 유지보수,국군재정관리단
수치해석을통한폭발하중받는강재구조물의거동분석용역,국방대학교,,89.435,,(주)프라이전트,이윤문,이희석,"충청북도 청주시 서원구 사직대로164번길9, 401(사창동)",205086961.0,89.4318,17년 작전지속지원분석모델 유지보수 용역,국군재정관리단
인지전 수행을 위한 전력증강 방향 연구,국방부(운영지원과),,,2021-01-25,,김주희,박미진,,34687024.0,90.9329,세계안보정세분석 연구 용역,군
국방정보통신장비의 효율적 운영관리 방안 연구,국방대학교,305062682.0,96.7091,2022-12-18,주식회사 씨이엠아이,조희아,,"제주특별자치도 제주시 연북로21-0, 에코에비뉴 1609호",,,2019년도 방위산업기술 보호수준 분석 및 진단연구,국군재정관리단
화생방위험예측분석체계 체계개발,합동상호운용성기술센터,81783103.0,91.6782,2022-10-29,(사)한국산업기술보호협회,김창관,조종열,서울특별시 강남구 테헤란로77길11-19 (삼성동) EAN빌딩,,91.6748,23-F-최대전력 분석기 구매,합동상호운용성기술센터
무기체계 인공지능 기술적용 JROC 작성지침 개정 연구,육군군수사령부,345306934.0,81.9824,2020-06-09,사단법인 안보경영연구원,전건욱,,"서울특별시 용산구 청파로 40, 삼구빌딩 1815호(한강로3가)",345290876.0,81.9836,오폐수처리시설 기술제안서 평가기준 정립 연구용역,국군재정관리단
국제공동연구용역(1.한국-NATO안보ㆍ국방...),국군재정관리단,128554619.0,84.0465,2021-10-10,한국직업능력연구원,김진욱,정봉원,,,84.0474,자주도하장비 및 특수작전용경전술차량 시설연구용역,중앙행정기관
17년 비용분석모델(PRICE) 유지보수 용역,육군교육사령부,75816985.0,,,디아이에스아이앤씨 주식회사,서경희,남궁성호,강원특별자치도 홍천군 홍천읍 진리로8,75771357.0,95.0357,화산 특수작전종합훈련장 선행연구용역(특-24-용-24),중앙행정기관
美 안보지원관리교범(SAMM) 최신화 및 번역 연구,육군종합군수학교,,88.9337,,사단법인 대한군상담학회,김지찬,심지민,대전광역시 유성구 유성대로1646-0 (전민동),34357587.0,88.9368,50년 함건조 사례분석 및 발전방안 정립 연구 용역,군
`18년 헌병 디스크 증거분석체계 교체사업,국군재정관리단,131756515.0,,2023-02-04,주식회사 에이치투엘테크놀로지,김병석,조대현,"대전광역시 서구 대덕대로319, 2층 212호(월평동, 우림빌딩)",131835870.0,86.8095,군수 빅데이터 수집/분석체계 구축 BPR/ISP 감리,합동참모본부
17년 전시자원소요분석모델 장비 교체사업,국군재정관리단,45666081.0,,2022-07-14,주식회사 한국직업자격연구원,김태일,권시형,"경기도 용인시 수지구 죽전로 152, 단국대학교내(죽전동)",45658907.0,,국방기술기획평가원 설립의 경제적 타당성 분석,국군재정관리단
00국가 해커추적 및 정보수집방안 연구,합동참모본부,11547825.0,91.3215,,,박정기,,,,91.3216,군시설 공사비 기준단가 산정 연구용역,중앙행정기관
이동형장거리레이더 시설사업기본계획 연구용역,제2879부대,10190786.0,89.3024,2020-10-17,사단법인 한국군사시설연구소,정봉원,최명식,,10200645.0,89.2969,상륙기동헬기 성능개량 소요 분석 연구용역,제9691부대
빅데이터 기반 공중전투 기동 분석기술 연구용역,방위사업청(운영지원과),,96.6138,2018-02-06,호원대학교 산학협력단,권오성,김지훈,"전라북도 군산시 임피면 호원대3길 64,",48973483.0,,CH-47D 후방도어 실린더 정비기술 개발 연구용역,중앙행정기관
교육생 숙소 시설기준 연구용역,국방대학교,,89.2321,2017-03-15,주식회사 더트루노스,이기성,노민택,"서울특별시 구로구 가마산로232 (구로동, 스페스큐브)",25997545.0,,RAM 및 군수지원분석 방법 선진화 연구(2차),4284부대
SIEM을 활용한 사이버 침해 경로 도출방안 연구,육군교육사령부,45079422.0,86.6814,,사단법인 안보경영연구원,전건욱,,"서울특별시 용산구 청파로 40, 삼구빌딩 1815호(한강로3가)",45096746.0,,연구소 장비(분광광도계 등 4종)구매,중앙행정기관
항공기 상태기반정비(CBM) 공군 적용방안 연구,국방부(운영지원과),,,2019-01-02,,,,"서울특별시 용산구 청파로 40, 삼구빌딩 1815호(한강로3가)",334758892.0,,사회공학기법과 사이버 작전과의 연계성 연구,군
기술연구 환경구축 PC사업,국군재정관리단,42504111.0,86.564,2016-03-19,사단법인 안보경영연구원,전건욱,장소영,"서울특별시 강남구 언주로527, 10층 (역삼동)",42583002.0,86.5593,공기조화계통(HAVC) 성능개선 방안 연구 용역,군
23-F-분석기 표면마무리용 접촉용 구매(239016-F),육군본부,,,,노무법인 최상인업,백원철,신종현,"서울특별시 구로구 가마산로232 (구로동, 스페스큐브)",10714717.0,,24~'25년 상층대기분석장비 유지보수,중앙행정기관
2.75 유도로켓(차량탑재형) 시설사업 선행연구,육군교육사령부,143196778.0,93.2349,,(사)한국전략문제연구소,,,,,,SUPPRESSED,중앙행정기관
잠수함 훈련장비(저주파분석 등 2종) 유지보수 용역,제9691부대,,81.9339,2022-03-04,주식회사 비씨디이엔씨,최원창,이경미,"경기도 시흥시 서울대학로173(정왕동, 서울대 시흥캠퍼스)",123564233.0,81.9333,00분석 대응활동 장비 구매,군
스마트 물류센터 도입 검토 연구용역,공군군수사령부,93058628.0,85.964,2019-12-15,자주국방네트워크,변중무,,,93025976.0,,예비전력발전세미나 주제연구(Ⅰ) 용역,군
K21장갑차 조종수카메라 정비기술개발 연구용역,국군재정관리단,127747643.0,96.4241,,사단법인 한국아이티법연구원,황현식,한대일,강원특별자치도 동해시 전천로245-2 (북평동),127769625.0,,국외구매 공중기동전력의 기종결정평가방안 연구,국군재정관리단
핵심기술(위성용 SAR 안테나) 비용분석,공군본부,48028755.0,,,재단법인 에프아이티아이시험연구원,이대용,정주교,강원도 원주시 문막읍 석지1길283,47991458.0,96.3583,21년 의무장비(자동분석기 생화학용 중형) 구매,군
DNA정량분석기 등 7항목 구매(의무),국방부,,88.6605,2024-01-05,주식회사 쿤스트에프케이,현영림,안희철,"서울특별시 금천구 가산디지털1로1-0 (가산동, 더루벤스밸리) 1208호",88150205.0,,(237022-H)분석관리체계 노후 교체사업(리스물건),중앙행정기관
21-함정 창정비 효율화 방안 연구,제20전투비행단,38950023.0,75.9276,2021-04-30,,,이승모,,38943539.0,75.933,해안 경계력 보강 사업 선행 연구,국군수도병원
(217122-B)연구장비(차세대염기서열분석기) 구매,제9691부대,159779297.0,78.322,2023-02-02,,,,,159710454.0,78.3223,(21F137-A)항공기 사격훈련장 확장방안 연구용역,중앙행정기관
[연구소] 감정장비(컴퓨터 거짓말 탐지 세트) 구매,해군본부,23908991.0,,2021-03-05,경희대학교산학협력단,김태동,조혜진,서울특별시 강서구 마곡중앙로161-8 (마곡동) 두산더랜드파크 씨동 4층 407호,,85.8352,밀리토피아 골프연습장 운영에 관한 연구 용역,중앙행정기관
차세대 미사일 방어 무기체계 발전 방향 연구,해군군수사령부,,84.4379,2021-10-20,,,,"서울특별시 송파구 법원로11길25-0, A동 1310호(문정동, 에이치비즈니스파크)",,,군 급식 민간위탁 시범사업 성과분석 연구,군
23-6차 조달 연구장비(겔이미지 시스템) 구매 계약,국군재정관리단,32569386.0,89.5821,,대전대학교 산학협력단,김한용,,경상남도 진주시 동진로420 (충무공동),32580187.0,89.5869,군 주거시설 개선 연구용역,군
방공포병 모의훈련체계 구축방안 연구,국군재정관리단,32223015.0,79.3219,2020-03-07,,,조대현,,32206224.0,79.3139,해병대 인력획득체계 분석 발전 방향 연구 용역,군
국방안전관리정보체계 최적 구축방안 연구,제3130부대,122798658.0,76.144,2020-12-07,주식회사 세일케이엠,노영일,김지훈,"서울특별시 금천구 가산디지털1로19, 406호, 407호, 408호, 409호(가산동,대륭테크노타운18차)",122647424.0,76.1375,17년 분석용 모델 유지보수 용역,제3697부대
23-D-라만분광분석기 구매,해군본부,141803240.0,,2021-11-08,,,윤영선,,141820954.0,,21-375 분석기  주파수편이용 등 1품목,합동참모본부
교육학술 참고서지 발간 연구용역,방위사업청(운영지원과),32162025.0,98.9628,,,박정기,오석현,,32177368.0,,생성형 AI 서비스 구축 방안 정책연구용역,중앙행정기관
해군교전급분석모델(Build-I) 체계개발사업,국군재정관리단,331457194.0,95.9684,2020-04-06,청맥기획,최진식,권시형,"대전광역시 유성구 대학로 27, 현대리조텔 2층(봉명동)",331451600.0,,00부대 국방 보안조사 분석시스템 SW 구매,4284부대
GPS 항재밍 성능점검 개선방향에 대한 연구,방위사업청(운영지원과),,81.4631,2018-11-22,사)한국미래문제연구원,김영국,이광민,"경상북도 구미시 대학로 61, 금오공과대학교 산학협력단(양호동)",,,상륙돌격장갑차 수명유지를 위한 방안 연구용역,중앙행정기관
24년 전투실험발전 연구 용역(1),해군본부,11811258.0,88.336,,,,김지훈,,,,민군복합타운 조성방안 연구,국군재정관리단
전시 물자동원 실효성 제고방안 연구,공군본부,7460838.0,84.9958,,,,,,7469940.0,84.996,국방정보통신망 구축방향 연구 용역,중앙행정기관
훈련 및 부대운영 빅데이터 활용방안 연구용역,국방부(운영지원과),,,2021-07-02,사단법인 안보경영연구원,박정기,,"서울특별시 강남구 언주로527, 10층 (역삼동)",2741353.0,86.978,군단정찰용 무인항공기-Ⅱ 시설사업 선행연구,중앙행정기관
2017 PACC & PAMS 연구용역,국군재정관리단,52298980.0,88.0765,2017-04-17,한양무선통신,윤미경,조대현,"서울특별시 금천구 가산디지털1로1-0 (가산동, 더루벤스밸리) 1208호",52288933.0,88.0827,유도무기 적정 수리부속 보유량 산출 연구 용역,제9691부대
20-교육훈련 빅데이터 통합관리체계 구축방안 연구,육군교육사령부,291410057.0,,,,,,,291281283.0,95.2007,(21F137-A)항공기 사격훈련장 확장방안 연구용역,중앙행정기관
19년 병리장비소모품(13) 혈액가스분석기 구매,국방부조사본부,628622300.0,,2021-11-18,미래상사,이도형,홍종운,세종특별자치시  전의면 윗다락골길2-3,,89.4495,시험평가 인프라 구축 확대 및 종합 관리 방안 연구,군
20-쇄빙능력 보유 함정 건조/설계 기반기술 연구,국방대학교,32007908.0,93.8756,2020-11-01,,,,,,,영상판독사 자격신설 연구,중앙행정기관
KUH-1 헬기 견인장치 안전센서 개발 연구용역,국군화생방방호사령부,253337590.0,88.3851,2021-06-25,호원대학교 산학협력단,신인균,홍광표,"서울특별시 서대문구 연세로 50, 연세대학교(신촌동)",,88.3893,민간우수체계기반 전평시 민군 수송물류업무 협력연구,중앙행정기관
국방 정보기술 조사·분석 연구,국방부(운영지원과),20852300.0,,2019-07-24,해군사관학교 산학협력단,백도현,김한욱,"충청남도 논산시 대학로 121, 건양대학교 산학협력단(내동)",,,연구활동 재료(시약 초자)361종 구매(20197096-E),군
복합신호분석기 구매(20198178-F),국방부(운영지원과),180726716.0,,,,민광기,김재욱,,,94.7629,22-해-금속성분분석기 구매,군
육군 스마트 안전관리 모형개발 연구용역,방위사업청(운영지원과),173795320.0,93.1479,2020-02-27,,,이수행,,173720570.0,93.1453,개발사업 군사작전 영향검토 및 법제화 방안 연구,군
00부대 지하시설 구축방안 연구용역,공군본부,,94.0291,,,김진욱,박미진,"부산광역시 해운대구 센텀동로 35, 센텀SH밸리 404호(우동)",65266702.0,94.0334,해병대 리더십 역량 진단 시스템 개발 연구,군
국방정보통신장비의 효율적 운영관리 방안 연구,국군재정관리단,,95.8841,2017-11-21,,김진욱,유상지,"서울특별시 종로구 홍지문2길20-0 (홍지동, 상명대학교)",61261748.0,,해병대 동원훈련장 과학화 발전 방안 연구,중앙행정기관
기갑 및 기계화부대 중대급 교전훈련장비 연구용역,국방부(운영지원과),135860034.0,,2019-11-01,사단법인 안보경영연구원,전건욱,,"서울특별시 강남구 언주로527, 10층 (역삼동)",,,독점조달 및 계약비리 등 조달제도 개선방안 연구,군
화생방 연구활동 재료 시약 구매,해군본부,2024937.0,88.1177,,,,,,2017130.0,,안정화지역 기반시설 복구방안 연구,중앙행정기관
24-F-비용분석용 상용SW 구매,공군작사근무지원단,355873004.0,94.629,2024-05-24,에스제이상사,안상희,류제성,경상남도 김해시 수가로242-9(응달동),355712372.0,,생화학자동분석기(동물용) 등 3항목 구매(의무),국군제1068부대
(237095-C) 연구활동 재료(초자) 구매,공군본부,134363258.0,90.9207,2019-05-03,에스앤에스이앤지 주식회사,,전호영,,,90.9231,분석기(비행조종계통 점검용)외1종 구매(16-38),군
19-해양무인체계 탑재/운용 함정 설계개념 연구,육군인사사령부,22100270.0,,2019-06-21,중앙대학교 산학협력단,최명진,이상국,"경기도 안양시 만안구 만안로49, 519호(안양동, 호정타워)",22087895.0,87.0001,신규 유도무기 적정 신뢰도 유지방안 연구,군
18-공군 비행교수법 교육 프로그램 개선 및 개발 연구,육군교육사령부,183537507.0,97.2141,2017-10-21,재단법인 한국군사문제연구원,김형철,,"경기도 성남시 수정구 위례대로83(창곡동, 국방문화센터)",183553288.0,97.2143,급식유통센터 성과분석 및 (경남권)필요성 연구,중앙행정기관
안보학술진흥연구용역(3.국내안보환경분석또는),국방부(운영지원과),,,2021-05-11,,,임창흥,,3446117.0,82.2947,(217278-E)IoT 연구환경 구축,군
방위사업계약 및 지체상금 제도 선진화 개선방안 연구,방위사업청(운영지원과),245238815.0,,2021-06-27,에스케이오션플랜트(주),김태일,이의재,"경기도 안양시 만안구 만안로49, 519호(안양동, 호정타워)",,85.7201,전파환경측정 분석장비 유지보수,중앙행정기관
“제○○동원사단 부대사” 연구 용역,공군군수사령부,131550382.0,86.5358,,,,김선미,,,,국방혁신 연계 예비군 전력증강 및 운용방안 연구,군
군수지원함(AOE-Ⅱ) 2차사업(양산) 비용분석,국방부(운영지원과),100012654.0,72.0803,,(주)두두아이티,김명운,남인선,"서울특별시 금천구 가마산로96-0, 213호(가산동, 대륭테크노타운8차)",100020768.0,72.0865,(217215-D)디지털 포렌식 분석장비 교체,군
24~25-F-OOOO 수집/분석장비 유지보수,4284부대,,,2023-03-08,(주)에스큐브아이,정성윤,진보라,"경기도 평택시 평택5로34번길48, 402호(합정동)",,,민 군 통합 수송운영체계 구축 수송물류 비용분석,제3170부대
미래 육군비행장 발전계획 검증 연구 용역,국군재정관리단,247419108.0,84.321,2020-07-04,사단법인 안보경영연구원,김형철,,"서울특별시 강남구 언주로527, 10층 (역삼동)",,,시뮬레이터 소프트웨어 보안성 시험 방안 연구,군
인지전 수행을 위한 전력증강 방향 연구,국방부(운영지원과),275784771.0,94.0803,2022-12-18,,,,,275765413.0,94.0867,정책현안연구용역(글로벌중추국가의...),중앙행정기관
대형수송함 1번함 성능개량 사업분석,합동참모본부,,77.7039,2020-06-11,주식회사 셀젠텍,김종원,정영숙,서울특별시 성북구 보문로183 논현빌딩 1303호 (삼선동4가),199709975.0,,함탑재정찰용 무인항공기 사업분석,군
군 C4I체계 보호방안 연구 용역,제2879부대,258399849.0,86.9248,,해군사관학교 산학협력단,김용주,황병윤,"서울특별시 용산구 한강대로62길41, 3층 (한강로1가)",,86.925,공군 리더십 교육프로그램 개발 연구용역,국군재정관리단
효율적인 유지보수 사업관리 방안 연구,국군재정관리단,130785358.0,,2016-07-08,재단법인 한국군사문제연구원,김형철,,"경기도 성남시 수정구 위례대로83(창곡동, 국방문화센터)",,78.5207,PLS세트 선행연구 용역,기관
K1계열전차 포탑회로망상자 시험장비 개발 연구용역,방위사업청(운영지원과),25591894.0,94.6722,2020-12-16,(주)싸이버텍,김민지,박진호,서울특별시 용산구 한강대로46길25-0 (한강로2가) 401호,,,22-11차 연구장비 구매 계약 - 의약품 냉동고,중앙행정기관
전차 조준선 정렬 시스템 개발 연구용역,공군본부,16141175.0,95.6175,,사단법인 한국방위사업연구원,,,,16126283.0,,조종사 피로관리 프로그램 개발 연구용역,국군재정관리단
해강안 경계철책 철거(대체)관련 설계 연구 용역,국방부(운영지원과),,,2020-03-21,사단법인 안보경영연구원,전건욱,,"서울특별시 강남구 언주로527, 10층 (역삼동)",,97.5193,공군합성전장(LVC)훈련체계구축개념구체화방안연구,중앙행정기관
(246311-E) 분석용 고성능 PC등 2품목 (리스자산),해군군수사령부,150624217.0,83.9554,2023-12-03,(주)아인스에스엔씨,남궁진,김종호,경기도 남양주시 사릉로33번길1-4 (금곡동)C동3층301호,,,24년 의무장비(헤모글로빈 A1C자동분석기) 구매,국군재정관리단
함정추진축계이상소음발생위치추정및원인분석기법연구,국방부(운영지원과),,,2017-10-18,주식회사도시경영연구원,김진욱,이재광,서울특별시 광진구 천호대로524-0 (군자동),25049704.0,87.5673,미래 합동특수작전사령부 창설 필요성 연구용역,중앙행정기관
(20F157-I)12.7mm 파쇄탄 정부투자 연구개발 사업,제2879부대,,,,사단법인 안보경영연구원,전건욱,,"서울특별시 강남구 언주로527, 10층 (역삼동)",86880753.0,83.5874,무기체계 인공지능 기술적용 JROC 작성지침 개정 연구,중앙행정기관
드론사업 진화적 획득 방안 연구,한미연합군사령부,78116407.0,84.7068,,주식회사 라이언앤코컨설팅,김양훈,윤수정,서울특별시 강서구 양천로401 (가양동) 강서한강자이타워 B동1503~1506호,78214292.0,84.7086,원거리 구조지원 수행능력향상 방안 연구,국군재정관리단
[24-육-227] 무선 데이터통신 운영환경 동적분석 장비,국군수도병원,,76.236,,주식회사 원스타,곽새롬,서경희,"서울특별시 강동구 양재대로 1443, 동우빌딩 7층(길동)",,,생화학분석기(자동식) 1대 구매 설치,합동참모본부
연구장비확보(초저온냉동고),해군본부,91654414.0,91.8667,2019-08-28,한국과학기술원,김진원,이나라,광주광역시 서구 마륵로28-1 (마륵동),,91.8642,장보고급 잠수함 디젤감시장치 연구개발 용역,중앙행정기관
장병 스트레스평정체계 개선 연구용역 계약,방위사업청(운영지원과),36815696.0,97.745,2020-05-30,,,,,,97.7429,군인연금 수급요건 및 분할연금 도입 연구,군
열중량분석기 등 1종 구매,공군본부,260163179.0,93.9967,2023-06-02,인하대학교 산학협력단,정태량,장미선,광주광역시 서구 마륵로28-1 (마륵동),260118741.0,93.9973,20-주파수편이용 분석기 구매,군
군용물자 HSK 연계표 연구,해군본부,129033335.0,,2022-11-17,,,,,128957483.0,88.9792,방위사업 전문교육기관 시설 기초조사 연구,군
전략환경 변화에 따른 공군전투기 전력 구축방안 연구,국군재정관리단,65637188.0,83.8379,2018-10-04,주식회사 아레스,한민구,,충청남도 논산시 양촌면 황산벌로1040,65614451.0,,육군 항공관제 시뮬레이터 연구개발,중앙행정기관
00부대 지하시설 구축방안 연구용역,해군군수사령부,133238648.0,93.421,2019-11-06,(주)제트코,송관섭,정현승,서울특별시 금천구 시흥대로97-0 (시흥동)2동 316호,133133399.0,,범국민 안보의식조사 정책대안 연구용역,군
CH/HH-47D 성능개량사업 운용요구서 연구,국군재정관리단,122454922.0,,,(사)한국전략문제연구소,박정기,,"서울특별시 용산구 청파로 40, 삼구빌딩 1815호(한강로3가)",,78.2682,공개SW 군 확산을 위한 정책수립 연구,중앙행정기관
조종사 피로도와 안전비행의 역학관계 분석 연구용역,국방부(운영지원과),79668814.0,91.0448,2016-12-05,대양전기공업(주),홍영기,,"서울특별시 금천구 가산디지털2로184, 10층 1017호(가산동, 벽산디지털밸리2차)",,,군 성폭력 사건 분석 연구,중앙행정기관
상륙공격헬기의 효과적인 시설사업 추진방안 연구,국군재정관리단,109442845.0,93.481,2020-07-05,,,,"서울특별시 용산구 한강대로62길41, 3층 (한강로1가)",109454487.0,,차기 탑재/양륙 모의체계 개발 개념 연구 용역,국군재정관리단
항공화력유도 시뮬레이션 구축 구매/설치,국군의무사령부,221965839.0,,,주식회사 더트루노스,장승규,임지헌,"경상북도 김천시 혁신6로17 (율곡동, 한국교통안전공단)",222000957.0,87.3332,K9자주포 연료펌프 성능개선 시제품 개발 기술 용역,국군재정관리단
`18년 헌병 디스크 증거분석체계 교체사업,국방부(운영지원과),312309908.0,92.0823,,젠트리거,이상민,이승재,"경기도 군포시 공단로140번길46, 1층 105호,106호,212호,213호 (당정동,엠테크노당정지식산업센터)",,,병리장비소모품(생화학자동분석기 등 69종) 구매,국군재정관리단
디지털 증거분석 수사체계 교체사업(20198118-E),육군교육사령부,,,2020-04-11,노브식스,오상석,황인선,"서울특별시 금천구 가산디지털1로1-0 (가산동, 더루벤스밸리) 1208호",,85.6787,24년 전투실험발전 연구 용역(2),중앙행정기관
CMMC 관련 통합실태조사 개선안 연구,국군재정관리단,133115203.0,90.7866,,한성대학교 산학협력단,홍순국,조명희,대전광역시 유성구 노은로170-0 (지족동) 스타시티빌딩 6층,132957911.0,90.7905,디지털 정비공장 스마트팩토리 구축방안 연구 용역,중앙행정기관
자동염기서열분석기 정비(소모품 구매설치),공군본부,239244351.0,79.0427,2023-11-13,(재)서해환경과학연구소,김진원,조대현,경상남도 고성군 동해면 내산3길51-1,,,공지통신무전기 및 함대공유도탄-II 사업 비용분석,군
18년 발칸 추적훈련 분석기(제조),공군본부,,95.6043,2019-07-18,,,,"서울특별시 용산구 한강대로62길41, 3층 (한강로1가)",409128076.0,,(206199-B)지형분석장비 교체사업(리스물건),중앙행정기관
군용항공기 비행안전성 인증업무분석 및 발전방안연구,공군사관학교,17300040.0,87.5007,,,,김소미,서울특별시 노원구 화랑로574-0 (공릉동),17311613.0,,20-해군 무장체계의 효율적인 창정비 방안 연구,군
주요체계 사이버위협분석 및 대응방안 연구용역,국군재정관리단,129706410.0,90.9911,2017-03-12,,박정기,,"서울특별시 강남구 언주로527, 10층 (역삼동)",,90.9906,공기조화계통(HAVC) 성능개선 방안 연구 용역,합동참모본부
원격제어조립체 개발 연구개발(2019H027-B),육군교육사령부,,85.7263,2022-04-17,한성대학교 산학협력단,홍영기,유선미,경기도 수원시 장안구 하률로12번길80-0 (천천동),193749968.0,,19-헬기형 UAV 운용을 위한 함정설계 개념 연구,중앙행정기관
국방 사이버보안 종합발전 전략 연구,공군군수사령부,74919121.0,,2023-02-16,(사)한국전략문제연구소,,,"서울특별시 강남구 언주로527, 10층 (역삼동)",74863024.0,78.2976,공무직근로자 등 임금체계 개선(안)마련 연구,국군재정관리단
경어뢰 성능개량사업 전문용역 비용분석,국방전산정보원,221356536.0,,2022-11-20,MK메디칼,최규식,김하근,경상남도 진주시 진양호로532-0 (동성동),,84.1595,2019년 의무장비(요분석기) 구매-재투자,국군재정관리단
차세대 기동헬기 발전방향 연구 용역,국군재정관리단,,95.6965,2017-04-12,한국법제연구원,이대용,,서울특별시 서초구 서초동1432-13 202,,,(20F172-I)00부대 라돈저감방안 연구 용역,중앙행정기관
국방 비밀관리시스템 연동표준 개념연구,제9691부대,,79.0725,2019-09-13,,,,,629846451.0,79.0682,사이버위험평가 방법 및 군 적용방안 연구,군
21-함정 거주구역 개선방안 연구,공군본부,,,2019-11-24,경희대학교 산학협력단,서용석,김석용,"인천광역시 연수구 갯벌로27, 인천대학교 이노베이션센터(송도동)",56249517.0,90.548,공무직 근로자 임금체계 컨설팅 및 연구 용역,국군수도병원
무기체계 시험평가 사고예방 안전매뉴얼 연구,국군의무사령부,117840753.0,88.9056,,,,경상현,,117699925.0,,항공통제기 2차 시설사업 기본계획 수립 연구용역,군
ISR 자산의 효율적 통합 운용방안 연구,국군재정관리단,78703194.0,55.9759,2016-05-07,(사)한국전략문제연구소,,,,,55.9673,항공기 상태기반정비(CBM) 공군 적용방안 연구,군
수직이륙형UAV 기지건설 가능성에 관한 연구용역,국군재정관리단,102459533.0,101.2818,,,,,"서울특별시 용산구 청파로 40, 삼구빌딩 1815호(한강로3가)",102483150.0,,16년 정비지원부대 직무값 기반의 직무분석 연구용역,중앙행정기관
연구장비확보(냉방장치),제9691부대,249414762.0,96.0913,,경희대학교산학협력단,김영욱,박재완,"경기도 용인시 수지구 죽전로 152, 단국대학교내(죽전동)",249586774.0,96.0909,상륙돌격장갑차 수명유지를 위한 방안 연구용역,군
(246202-D)지형분석장비 교체사업(리스자산),국군재정관리단,199089933.0,93.8023,,근영유통,이숙,이숙,서울특별시 강남구 논현로136길16 (논현동),199099395.0,,조사분석 라이선스 구매,군
해상작전헬기 2차사업 기종결정 평가항목/가중치 연구,공군본부,403751.0,87.6923,2020-10-23,사단법인 안보경영연구원,전건욱,,"서울특별시 강남구 언주로527, 10층 (역삼동)",403381.0,87.6947,운용함정 손상대응 훈련 시나리오 연구 용역,제2879부대
산소분석기 1종,육군본부,,95.4381,2023-03-10,,,,,,,과학기술전문사관 직무 성과분석 연구,중앙행정기관
20-MTU엔진 PBL 비용대효과분석 및 성과지표 연구,방위사업청(운영지원과),70802897.0,87.9979,2020-12-02,광운대학교산학협력단,,이민혜,,70765381.0,87.9901,영평사격장 주변지역 주민이주 방안 연구,중앙행정기관
용산헬기장 소음영향평가 연구용역,국방전산정보원,,96.0564,2021-04-18,씨지에스아이티(주),전병욱,이정화,"대구광역시 달서구 달구벌대로1095-0 (신당동, 계명대학교)",,96.0567,진로도움 프로그램 성과분석 및 개선방안 연구,중앙행정기관
군급식조달체계변화에따른적정급식비산출에대한연구,공군본부,,,,,,조정순,,153509791.0,85.2528,미래 우주전장 분석 및 공군 우주전략 수립 연구용역,기관
작전지휘시설 신축 분석평가 및 선행연구용역,국군재정관리단,74089988.0,,2021-12-03,육군사관학교 산학협력단,김진욱,,"서울특별시 금천구 가산디지털2로184, 10층 1017호(가산동, 벽산디지털밸리2차)",74067198.0,85.9108,2020년 군 조직의 양성평등 지표 조사 및 분석 연구,국군재정관리단
예비군법 개정방안 연구,육군본부,435441746.0,,2022-09-15,에이치디현대중공업 주식회사,안주섭,이진선,"서울특별시 중구 동호로7길41, 2층(신당동)",435199319.0,,특수작전용대형기동헬기 기종결정 평가방안 연구,기관
자동염기서열분석기 구매,지상작전사령부,,98.465,2022-01-30,새롬상사,이남택,윤진영,"서울특별시 강동구 양재대로 1443, 동우빌딩 7층(길동)",270081944.0,,군용비행장 소음측정 및 분석용역(해),군
(24G050-A생물안전3등급 연구시설(BL-3) 유지보수용역,방위사업청(운영지원과),16216745.0,85.7805,,아이브스 주식회사,신종걸,석성균,경상남도 창원시 마산회원구 양덕북5길97 (양덕동1층상가),16218318.0,85.7798,「국방혁신 4.0 기본계획」 수정1호 발전방안 연구,중앙행정기관
창군 100주년 준비 차기 공군 비전서(書) 작성 연구,방위사업청(운영지원과),101825930.0,,2017-08-26,,,이은경,"서울특별시 금천구 가산디지털2로184, 10층 1017호(가산동, 벽산디지털밸리2차)",101801895.0,83.5905,의무피복류 보급기준 및 품질개선에 대한 연구,국군재정관리단
병  오일분석용 1종,국군재정관리단,83771174.0,,,,변중무,,,,,(207146-F)디지털포렌식 분석장비 도입,중앙행정기관
공지통신무전기 및 함대공유도탄-II 사업 비용분석,육군교육사령부,,95.3926,2023-06-03,드림인텍(주),윤미경,이선영,"서울특별시 금천구 가산디지털1로1-0 (가산동, 더루벤스밸리) 1208호",,,위성전군방공경보체계 경미한 성능개량 사업분석,중앙행정기관
무기체계 인공지능 기술적용 JROC 작성지침 개정 연구,국방대학교,,,2019-11-16,(주)비오더블테크놀로지,김창환,기유경,경기도 고양시 덕양구 권율대로656-0 (원흥동) 17층 1739호,214211960.0,80.4838,22-00생활관 신축 분석평가 및 선행연구 용역,국군재정관리단
함정 총수명주기 고려 탑재장비 획득방안 연구 용역,국방부(운영지원과),603241680.0,88.9124,,금오공과대학교산학협력단,이문걸,이지선,경상남도 진주시 정촌면 연꽃로141,603406151.0,,중증외상질환 예후예측인자 발굴 및 관리방안 연구,군
22년 병리장비운영소모품(6) 요분석검사 27품목 구매,방위사업청,66477138.0,,2022-09-22,국방대학교산학협력단,조보근,배미선,서울특별시 영등포구 여의공원로 101(여의도동),66548264.0,94.0123,잠수함 훈련장비(저주파분석 등 2종) 유지보수 용역,종합보급창
공군 이러닝 무선기반체계 고도화 방안 연구 용역,공군본부,111717029.0,86.6304,2021-12-18,정보기술감리원 주식회사,김윤영,허진실,"서울특별시 송파구 송파대로201-0 (문정동) 송파테라타워2 A동 1213,1214,1215,1216,1217,1218호",111829708.0,86.6267,국방 안전사고 조사 표준 매뉴얼 마련을위한연구,군
국방기술조직을 활용한 함정 기술관리 방안 연구 용역,해군본부,,88.081,2017-05-11,사단법인 안보경영연구원,,,"서울특별시 용산구 청파로 40, 삼구빌딩 1815호(한강로3가)",74336632.0,88.0837,훈련 및 부대운영 빅데이터 활용방안 연구용역,중앙행정기관
「국방혁신 4.0 기본계획」 수정1호 발전방안 연구,국군의무사령부,32754171.0,81.3293,2018-08-16,,,,,32764282.0,81.3298,국방데이터 품질점검 실증 및 운영방안 연구 사업,군
무기체계 RAM 시험평가의 효율적 수행방안 연구,공군군수사령부,,,2020-04-10,,,,,,93.6267,20-MTU엔진 PBL 비용대효과분석 및 성과지표 연구,군
국방 안전환경 분석 및 안전교육 정책 발전 방안 연구,국방부(운영지원과),,90.0758,2019-03-25,,,박한미,,63562940.0,,미래 전투기 등급분류 발전방향 연구,군
23-공군 리더십교육체계 발전방안 연구,공군미사일방어사령부,16443906.0,96.3413,,주식회사 세일케이엠,이양희,임수진,"서울특별시 성동구 아차산로17, 11층(성수동1가, 서울숲엘타워)",,96.339,군 작전 지원 수치예보 발전 방향 연구 용역비,국군재정관리단
23년 의무장비(전기수술기 분석기) 구매,육군종합군수학교,,90.2863,,젠트리거,차지환,안민식,대전광역시 동구 옻밭5길159-0 (판암동),,,(226046-G)'22년 육군 DB분석체계 교체(리스물건),국군재정관리단
안보학술진흥연구용역(3.국내안보환경분석또는),육군본부,94995121.0,,2016-11-09,,박정기,,,95053511.0,81.0133,24년 전투발전 연구 용역(2),기관
해병대 인력획득체계 분석 발전 방향 연구 용역,국군복지단,,85.7531,2019-02-19,(주)한신솔루션,박종재,황병윤,"대구광역시 달서구 달구벌대로1095-0 (신당동, 계명대학교)",,,22-이맹기 제독 평전 연구 용역,군
국방 정보기술 조사·분석 연구,국방부(운영지원과),8095172.0,98.127,,,,권수민,,8096391.0,,미래 우주전장 분석 및 공군 우주전략 수립 연구용역,중앙행정기관
4차 산업혁명 주요기술 활용 안전관리 발전방안 연구,한미연합군사령부,128014282.0,,2017-03-29,주식회사 엔브이티,김규호,박계향,"대전광역시 유성구 가정로43-0, 101동 903호 (신성동, 한울아파트)",128061592.0,,19-함정 ORD 작성을 위한 설계/건조 요구조건 연구,군
군사사연구총서베트남전쟁관련주제연구용역(과제3),육군교육사령부,,,2016-05-06,,,김선미,,,,정보학교 사이버공간정보 연구용역,중앙행정기관
(216047-F)모의분석실 전시체계 구매설치,국방부,,77.6822,,주식회사 아레스,권오형,김미진,대전광역시 유성구 노은로170-0 (지족동) 스타시티빌딩 6층,,,비궁 창정비요소개발 사업분석,기관
미래 예비전력 역할과 적정규모 편성 연구용역,해군군수사령부,,,2017-06-25,에이비컴퍼니주식회사,안병호,김지은,"대전광역시 유성구 테크노3로65, 5층 538호(관평동, 한신에스메카아파트형공장)",206834564.0,,『국방표준서 제정』연구,기관
22-합 -분석실험실 운용장비 교체사업 리스,제3697부대,383939983.0,,2021-10-01,재단법인 세종연구소,김정숙,김예슬,"충청북도 청주시 서원구 충대로1-0 (개신동, 충북대학교)",,93.1654,22년 육군 분석평가단 소개영상 제작용역,국군제1068부대
월간지(안보현안분석  린사포럼) 인쇄 용역,방위사업청(운영지원과),165651679.0,90.6598,2023-02-14,(주)디앤오종합건축사사무소,김시근,조반석,,,90.6603,인터넷접속/전자우편 통제 및 분석체계 교체사업 리스,중앙행정기관
차세대 인터넷쇼핑몰 구축 정보전략계획 연구용역,국군재정관리단,,,2018-10-02,,,,,231919696.0,86.3045,해군 통합연동체계 SW 연구용역,군
무기체계 시험평가 사고예방 안전매뉴얼 연구,공군군수사령부,218694591.0,65.6826,2022-10-23,,,이재평,,218676791.0,,19년 지형분석장비 교체구매(20196112-G),군
20-PKMR엔진 PBL 비용대효과분석 및 성과지표 연구,국군수도병원,146729313.0,,,사단법인 한국국방발전연구원,김효근,김지영,세종특별자치시  시청대로370-0,146658771.0,66.5777,융합형 신개념기술시범(ACTD) 제도 정립방안 연구,제7821부대
4차 산업혁명 주요기술 활용 안전관리 발전방안 연구,공군본부,14458364.0,96.6799,2019-10-24,티에스와이,어 기호,,"경기도 용인시 기흥구 덕영대로1732-0 (서천동, 경희대학교 국제캠퍼스내)",14464034.0,96.6775,유·무인 복합체계 발전방안 연구,중앙행정기관
민간군사기업(PMC) 등 민간 아웃소싱에 대한 개념연구,국방부(운영지원과),117613298.0,83.9429,2019-06-14,(주)두두아이티,경상현,서경희,경상북도 경산시 서상길85-0 (서상동),,83.9435,방탄물자 신뢰성 평가 개념 및 운영방안 연구,군
무기체계 전력지원체계 분류기준 재정립 연구,육군본부,207355774.0,81.3347,2018-12-02,,전건욱,,서울특별시 서초구 남부순환로319길 13(서초동),207417022.0,,소음피해보상금 산정 및 지급철차 연구용역,국군재정관리단
군인연금기금 책임준비금의 적정 규모 기준 설정 연구,공군작사근무지원단,,85.8266,2017-09-12,,,,,142338439.0,85.8322,미래 합동작전과 해군.해병대 공동 비전 연구,국군재정관리단
ISR 자산의 효율적 통합 운용방안 연구,국군재정관리단,,63.7378,,사단법인 안보경영연구원,전건욱,,서울특별시 서초구 남부순환로319길 13(서초동),317774280.0,63.7316,미래 우주전장 분석 및 공군 우주전략 수립 연구용역,국군재정관리단
76mm 함포 약실 정밀검사용 장비개발 연구용역,방위사업청(운영지원과),,85.0454,2017-09-12,,김진욱,,"서울특별시 금천구 가산디지털2로184, 10층 1017호(가산동, 벽산디지털밸리2차)",296704613.0,,ICT 기술 적용한 미래 지휘통신체계구현 가능성 연구,중앙행정기관
전파환경측정 분석장비 유지보수,국군재정관리단,,,,(사)21세기군사연구소,박종재,김정일,대전광역시 유성구 유성대로1646-0 (전민동),144026098.0,87.4361,2023 임상의학연구센터 통계프로그램 구매,군
함정 네트워크 설계 및 무선통신 발전방향 연구 용역,제9691부대,203920265.0,88.1607,,쿤텍 주식회사,서유림,이혜진,서울특별시 강서구 양천로401 (가양동) 강서한강자이타워 B동1503~1506호,,,미래 무기체계 소요 연구용역,중앙행정기관
(20F063-A)소음영향도작성을위한소음측정및분석용역,국방부(운영지원과),,102.3935,2023-11-16,한국과학기술원,홍순국,오지수,"충청남도 논산시 대학로 121, 건양대학교 산학협력단(내동)",,,정밀 측정장비(레벨분석기)구매,군
단기 복무 청년층 장병 진로지원 프로그램 개발 연구,국방부(운영지원과),23564028.0,95.1906,,,,,"서울특별시 강남구 언주로527, 10층 (역삼동)",,95.1907,CBRS 적용한 전투발전체계의 문제점 및 발전방향 연구,중앙행정기관
발칸 열영상 야간조준기 양산사업 비용분석,국군의무사령부,128517669.0,94.7567,2019-11-01,,,,,,,18년 발칸 추적훈련 분석기(제조),군
패트리어트 유도탄수명 고려한 효과적 확보 방안 연구,국방부,171983958.0,84.2107,,주식회사 리얼웹,김진욱,이도제,서울특별시 영등포구 영등포로35길10-0 (영등포동6가) 8층 809호,171897032.0,84.2161,해병대 작전환경에 적합한 M&S 전력분석 연구 용역,중앙행정기관
미래 전투기 등급분류 발전방향 연구,4284부대,62550671.0,91.6547,2018-05-07,사단법인 한국국가전략연구원,권시형,박서연,,62536409.0,91.6539,육군 부사관학교 시설종합발전계획 연구용역,제2879부대
(236208-E) 차륜정비장비(분석기 차량엔진용) 구매,국방대학교,,88.4885,2024-03-29,,,정재훈,,125810083.0,88.4886,22~23년 공군 전자정보 수집/분석장비 유지보수,기관
전원품질 분석기 구매,육군본부,74155797.0,88.7746,2024-04-27,주식회사 애니캐스팅,허성일,김소미,대전광역시 서구 도산로403번길21 전자타운419호,,,휴대용 화학물질분석기 등 2종 구매(20197097-D),중앙행정기관
군사과학기술대학원(가칭) 신설방안 연구,해군본부,,75.5266,,주식회사 공공정책성과평가연구원,강창선,이진희,"서울특별시 서초구 신반포로303, 101호 (잠원동, 에스엘빌딩)",69310990.0,75.5264,항공기 운영이력 빅데이터 수집 및 분석기법 연구,군
21-375 분석기  주파수편이용 등 1품목,공군본부,,90.1718,2021-06-26,주식회사 엔지엠테크,민희숙,남인선,경기도 고양시 일산동구 고봉로658번길61-17 (성석동),182696538.0,90.1734,의무장비 구매(자동분석기 생화학용),군
EMP 군 시험기준 정립방안 연구,육군인사사령부,48357407.0,,2020-06-23,,,,,48387393.0,,최신 ICT를 적용한 국방컴퓨터체계 운용 방안 연구,국군재정관리단
통신전자장비 전계강도 측정분석장비 개발,제9691부대,,96.3729,,주식회사 글로벌메타,허준석,김호영,"서울특별시 강남구 남부순환로365길 5, 중명 213(도곡동)",544874595.0,96.3743,(207146-F)디지털포렌식 분석장비 도입,군
안보학술연구용역(2. 국제안보환경과),공군사관학교,,,2018-05-25,,,이수행,,740487850.0,,항공기 운영이력 빅데이터 수집 및 분석기법 연구,군
예비군훈련 적정 보상비 연구,국방부(운영지원과),,,,울산과학기술원,,,"서울특별시 용산구 이태원로29, 421호(용산동1가, 전쟁기념관)",507572032.0,87.912,항공교통 업무 수행 및 공역체계 개선 방안 연구,중앙행정기관
국방대학교 조직컨설팅 연구 용역,국군재정관리단,56531853.0,89.6072,,,,,,56541582.0,89.6085,12.7mm 파쇄탄 선행연구 용역,국군재정관리단
저피탐 정찰용 무인항공기 개발기술 및 운영개념연구,국군재정관리단,111686009.0,94.1842,2018-06-16,,한민구,,,111697850.0,94.1789,비행기지 계기착륙장치 노후교체 적정시기 연구용역,중앙행정기관
자동화사격장 차단벽구조 구축방안 연구용역,공군본부,,93.0085,,유한회사 엔디클릭,유재수,박지은,"경상남도 김해시 관동로138, 1404동 301호(관동동, 죽림마을 동원로얄듀크아파트14단지)",,93.0078,우주안전 발전 생태계(거버넌스) 구축 연구 용역,군
21-해-성분분석기 구매,국방지형정보단,33712776.0,,2022-01-15,아셀플래넷,황조연,우정민,"경기도 안양시 동안구 벌말로126 (관양동)오비즈타워1903호,1904호",,90.298,’19년 디지털 포렌식 분석장비 교체(20197105-A),제5738부대
23-F-분석기 스펙트럼용 2종 구매(239034-H),국군재정관리단,133813500.0,99.7675,2024-06-05,주식회사 엘씨케이테크놀로지스,최규식,최규식,"서울특별시 송파구 중대로105-0 (가락동, 가락 ID TOWER),302호",133948000.0,,군 암호체계 분석보호시스템 분석장비 구매,중앙행정기관
위험평가를 위한 공격표면 및 평가방법 연구,국군의무사령부,169674415.0,81.6713,2023-01-30,,,이상규,,169723462.0,,대용량 유전자데이터 분석 파이프라인 및 가시화 연구,군
국방 정보기술 조사·분석 연구,국군의무사령부,22584133.0,76.4593,,상명대학교산학협력단,김지현,우수진,"서울특별시 용산구 이태원로29, 421호(용산동1가, 전쟁기념관)",22583204.0,76.4653,상륙돌격장갑차-Ⅱ추진전략에 관한 연구용역,제9965부대
풍력발전기에 의한 방공레이다 등의 작전영향 연구,제9691부대,,,,(주)아이엠티,홍영기,,"대구광역시 달서구 달구벌대로1095-0 (신당동, 계명대학교)",174023870.0,,전시 급식지원체계 개선방안 연구,중앙행정기관
작전지휘시설 신축 분석평가 및 선행연구용역,해군본부,,,2017-08-18,(사)21세기군사연구소,권시형,,,305332218.0,74.712,스마트 항만기지 구축방안 연구 용역,국군재정관리단
빅데이터 기반 공중전투 기동 분석기술 연구용역,육군본부,,86.8718,2016-08-29,,,,"서울특별시 강남구 언주로527, 10층 (역삼동)",36068330.0,86.8739,군수송기 활용 산불진화능력확보 필요성 등 연구용역,군
예비군훈련 적정 보상비 연구,국군수도병원,21753642.0,90.8324,2020-12-01,자주국방네트워크,채수장,이동희,경상남도 진주시 동진로420 (충무공동),21765715.0,90.8314,해병대 작전환경에 적합한 M&S 전력분석 연구 용역,군
제주기지 전개잠수함 저주파분석훈련장 구축사업,공군본부,21866040.0,85.8622,,주식회사 베테랑콤,최명진,,"경기도 성남시 수정구 복정로84번길 22-15,(B-001호) (복정동)",,85.865,K1A2 전장관리신호처리기 시험장비개발 연구용역,중앙행정기관
유도로켓(비궁) 성능개량 소요 및 방법 분석 연구용역,국군재정관리단,81886911.0,,,(사)21세기군사연구소,홍영기,,"서울특별시 금천구 가산디지털2로184, 10층 1017호(가산동, 벽산디지털밸리2차)",,,다출처 정보화 연구용역,국군재정관리단
20년 전파환경 측정/분석장비 유지보수 용역,국방대학교,244112344.0,88.9039,,주식회사 메디시온,정양수,김중곤,"충청북도 청주시 서원구 사직대로164번길9, 401(사창동)",,88.9069,통신 정비장비(스펙트럼 분석기) 구매,기관
탄약 및 용기 레이저 제청 시스템 응용연구 용역,국군재정관리단,,79.5561,2021-10-03,,,임혜정,,294902462.0,79.5597,드론봇 전투체계 통합관제체계 구축 연구용역,합동참모본부
직ㆍ간접 전투경험 공유확대 연구용역,국방부(운영지원과),10113941.0,100.545,2017-01-29,육군사관학교 산학협력단,노희영,이지혜,"서울특별시 용산구 이태원로 29, 전쟁기념관 4층(용산동1가)",10114767.0,100.5437,사회공학기법과 사이버 작전과의 연계성 연구,군
물류원가 데이터 수집 및 산정/관리 방안 연구,제2879부대,,87.1108,2019-08-08,,,,,,,방산 부품산업 발전을 위한 지원체계 구축방안 연구,제2879부대
분석기 주파수편이용 2EA 구매(20199199-I),국군재정관리단,67009222.0,79.42,2019-04-11,서현회계법인,손영옥,박재경,"경기도 고양시 덕양구 능곡로13번길16-0 , 202동 2401호(토당동, 능곡2차현대홈타운)",67000810.0,79.4217,장보고-III Batch-I 잠수함 저주파분석 훈련장비,중앙행정기관
전차와 육군헬기의 혁신적인 운용개념 발전 연구,국군재정관리단,20017879.0,,2016-03-01,,,,,,,전차와 육군헬기의 혁신적인 운용개념 발전 연구,중앙행정기관
한국형 비용분석 전산모델 고도화 ISP 수립,해군본부,293219897.0,,,하늘유통,김곤중,,경상남도 진주시 소호로101-0 (충무공동),293456465.0,,상층대기분석장비 유지보수,군
AI유무인 복합체계 활용 방안 연구,국방부(운영지원과),382862768.0,83.9141,2018-05-30,태린메디칼 주식회사,장철호,최승룡,"경기도 안성시 대덕면 서동대로4726, 중앙대학교 생활과학관 609관 2층",382711353.0,,휴양시설  기숙사 민·관·군 개발운영 연구용역 ,중앙행정기관
항-16-069 자동면역분석기 시약 등 37종,국방부(운영지원과),71633530.0,,2018-12-06,(주)에프오알엠도시건축공간연구소,,정경아,"서울특별시 송파구 법원로11길25-0, A동 1310호(문정동, 에이치비즈니스파크)",,95.9388,해상감시레이더-II 양산사업 비용분석,제9691부대
(23G054-H)24~25년 스펙트럼측정분석장비 유지보수,국군재정관리단,115319626.0,,2024-05-15,,이재평,황병윤,"서울특별시 금천구 가산디지털2로184, 10층 1017호(가산동, 벽산디지털밸리2차)",115391786.0,93.3688,24-F-분석기  주파수편이용 장비 구매,중앙행정기관
군용비행장 소음측정 및 분석용역(해),국방전산정보원,318618852.0,83.8318,,,,정기쁨,,318790487.0,83.828,산소분석기 1종,제2879부대
24년 간부 파트너십 교육프로그램 개발 연구 용역,방위사업청(운영지원과),,88.6108,2023-02-15,,,윤진영,"서울특별시 강남구 언주로527, 10층 (역삼동)",101002385.0,88.608,미래 지역예비군 최적화 방안 연구 용역,제2879부대
(21F093-K)'22년~'23년 작전지속지원분석모델유지보수,해군교육사령부,154403591.0,99.5897,,씨지에스아이티(주),손태환,이효진,"경기도 시흥시 목감남서로9-19 (조남동),601호 메이저타워",154401408.0,99.59,자동염기서열분석기 구매,국군복지단
방산육성 수출확대 위한 산업협력 쿼터제 방안 연구,국군재정관리단,,93.6496,,주식회사 미주씨앤디,김진욱,김진욱,"서울특별시 용산구 한강대로62길41, 3층 (한강로1가)",3819361.0,93.6494,20-PKMR엔진 PBL 비용대효과분석 및 성과지표 연구,군
육군 NCS 기반 직무 및 요구역량 조건표 연구용역,국군재정관리단,24906970.0,80.6599,,세종대학교산학협력단,김진욱,윤진영,,24913711.0,,미래 작전지속지원 수행개념 및 핵심요구능력 연구,중앙행정기관
(236498-C) 23년 영상분석서버 및 PC 제조설치,국군의무사령부,406876661.0,81.4908,2022-11-11,(주) 한얼누리,신희준,문영옥,대전광역시 서구 계룡로408-0 (갈마동),406959050.0,,사이버 자산정보 수집 분석체계 라이선스 구매,제2879부대
X-RAY 형광분석기 구매,방위사업청(운영지원과),,100.5441,,티엠시 주식회사,김대석,박영욱,"경상북도 포항시 남구 청암로77 (효자동, 포스텍)",43055581.0,,(해병)소음측정 및 분석용역,군
국방정보시스템 사이버침해대비안전성확보방안 연구,국방부(운영지원과),,,,(주)이씨마이너,김태동,이재평,"서울특별시 종로구 홍지문2길20-0 (홍지동, 상명대학교)",107930216.0,,국내개발 항공기 성능개량 및 관리(대체)방안 연구,군
군 성폭력 사건 분석 연구,해군본부,4192805.0,82.291,,덕산넵코어스 주식회사,이문걸,이창환,서울특별시 광진구 군자동98 집현관 216,,82.2924,군수송기 활용 산불진화능력확보 필요성 등 연구용역,국군재정관리단
국외도입 군수품 품질확보 선진화 방안 연구,국군재정관리단,93809462.0,95.0537,2021-07-08,주식회사 바로텍시너지,이현석,진수빈,충청북도 청주시 흥덕구 옥산면 덕촌삼성골길16,,,군사시설 타운화 개념의 부대 재배치 방안 연구,중앙행정기관
(216162-B)차륜정비장비(분석기  차량엔진용) 구매,국방대학교,9773458.0,87.7353,2023-01-29,(사)21세기군사연구소,장복철,김선철,,9761358.0,87.7402,19-전자파 정밀분석체계 확대구축사업 리스,국군재정관리단
국방표준서 제정(5차) 연구,공군사관학교,272757466.0,81.8401,,국방대학교산학협력단,,손보연,서울특별시 광진구 군자동98 집현관 216,272638702.0,81.8359,군 성폭력 사건 분석 연구,군
(227215-D) 비용분석용 상용SW 구매,국군간호사관학교,,88.5072,,,,김중곤,,23465542.0,,20~21년 분석용모델(3종) 유지보수 용역(2019F173-C),군
한국군 공정사단 필요성 및 운용개념 편성방안 연구,국군재정관리단,57951859.0,,2023-03-10,,,,,,,체계적인 해군 C4I 체계 유지보수 관리방안 연구,군
침낭 품질개선 선행연구 용역,국군복지단,24899468.0,79.6136,2020-06-11,,,,,,,패트리어트 PAC-3 유도탄(2차)사업 선행연구,군
민간우수체계기반 전평시 민군 수송물류업무 협력연구,국방부(운영지원과),,,,(사)한국전략문제연구소,전건욱,,"서울특별시 용산구 청파로 40, 삼구빌딩 1815호(한강로3가)",141789718.0,75.0689,과학기술전문사관 직무 성과분석 연구,군
해병대 정체성 향상 프로그램 교육체계 설계 연구,국방대학교,7040135.0,91.039,,(주)두두아이티,허건영,문효연,"서울특별시 서초구 서운로 226, 서초오피스텔 404호(서초동)",7038689.0,,전술제대 전투무선체계 발전방안 연구용역,국군재정관리단
(217151-F)21년 연구활동 재료(시약) 구매,국방부(운영지원과),62605479.0,82.3986,2021-11-10,재단법인 한국군사문제연구원,김형철,,"서울특별시 강남구 언주로527, 10층 (역삼동)",,82.3951,표준훈련장 설치기준 정립 연구 용역,중앙행정기관
군 간부 자살 특성 및 간부 자살예방시스템 연구,해군본부,,90.1835,2021-03-06,사단법인 한국국가전략연구원,,,,40889738.0,90.1846,장거리공대지유도탄 2차사업 운용요구서 연구,군
K9자주포 연료펌프 성능개선 시제품 개발 기술 용역,국방부(운영지원과),36412305.0,,,와이와이,김덕화,김희주,경기도 파주시 산남로26번길101-0 (산남동),36389055.0,88.1052,24년 지형분석장비 구매(리스물건),중앙행정기관
국방산업혁신펀드(가칭) 시행방안 연구,공군본부,70401684.0,91.9735,2016-12-09,주식회사 안보기술연구원,조희아,장대호,"서울특별시 중구 동호로7길41, 2층(신당동)",70445969.0,,한국해군 협동교전절차(CEC) 수행방안 연구용역,제9691부대
[24-육-91] 무건리 훈련장 갈등 비용분석 연구,해군본부,310954060.0,91.2477,2021-02-20,(사)21세기군사연구소,김상인,,경상남도 진주시 동진로420 (충무공동),310886126.0,,산소분석기 1종,중앙행정기관
전쟁양상을 고려한 전사자 관리의 분석 및 발전 연구,방위사업청(운영지원과),32258478.0,96.7119,,,,이동희,"서울특별시 금천구 가산디지털2로184, 10층 1017호(가산동, 벽산디지털밸리2차)",,96.7118,2018년 범국민 안보의식조사 연구 용역,중앙행정기관
원격제어조립체 개발 연구개발(2019H027-B),육군본부,,89.2815,,사단법인 안보경영연구원,전건욱,,"서울특별시 강남구 언주로527, 10층 (역삼동)",56015254.0,89.2774,조종사 피로관리 프로그램 개발 연구용역,국군재정관리단
「국방혁신 4.0 기본계획」 수정1호 발전방안 연구,방위사업청(운영지원과),,76.6752,2018-10-25,,김진욱,황병윤,,234204680.0,76.6724,정밀측정장비(스펙트럼분석기 등 4종) 구매,군
항공기 RCS/IR Signature 추출 및 해석 연구,육군교육사령부,19174056.0,97.6235,2021-09-26,,,이수행,"서울특별시 용산구 한강대로62길41, 3층 (한강로1가)",19181314.0,97.6224,LiDAR 기술의 4차 산업 적용방안 연구용역,중앙행정기관
군 급식 피복류 조달이관 성과분석 연구,4284부대,224412890.0,,,한국법제연구원,노광현,박한솔,경기도 고양시 일산서구 고양대로 283(대화동),224311344.0,80.9392,군인ㆍ군무원 수당이력조사 및 유사직종사례 비교연구,기관
상륙공격헬기의 효과적인 시설사업 추진방안 연구,제2879부대,295168743.0,,2019-07-24,,,구종우,,,,00부대 스마트 자동화 저장창고 신축 비용분석 연구,국군재정관리단
21년 병참선 제원 및 수송기술 연구용역,국군재정관리단,,93.2946,2018-06-06,사단법인 미래안보산업전략연구원,,정영숙,"서울특별시 금천구 가산디지털2로184, 10층 1017호(가산동, 벽산디지털밸리2차)",99038374.0,93.2924,군 성폭력 사건 분석 연구,국군재정관리단
KCTC 교전훈련장비 선행연구 용역,육군교육사령부,856588.0,94.84,,재단법인 한국군사문제연구원,김형철,,"경기도 성남시 수정구 위례대로83(창곡동, 국방문화센터)",,94.84,포별분배기 회로카드(6종) 시험장비개발 연구용역,중앙행정기관
운용제원 분석 기반 장비수명 판단방안 연구,국군의무사령부,27883643.0,91.2351,,사단법인 안보경영연구원,전건욱,,"서울특별시 강남구 언주로527, 10층 (역삼동)",,91.2394,중장비 수송차량 이동을 위한 도로능력 검증 연구용역,군
24-성남시 고도제한 완화요구 공공갈등 관리방안 연구,국방부(운영지원과),212317101.0,82.4377,2023-01-07,건국대학교 산학협력단,한민구,유선미,"서울특별시 서초구 서운로 226, 서초오피스텔 404호(서초동)",,,항-16-059 062 066 질량분석기 소모품 등 72종,중앙행정기관
연구소 장비(분광광도계 등 4종)구매,공군사관학교,,,2019-10-24,,,,,,88.2645,화생방정찰차-II(차량형) 시설사업기본계획 연구용역,군
국방 정신전력교육지도사 자격신설 연구용역,육군교육사령부,51821368.0,,2022-10-30,,,이상규,,,,EMP방호 개선방안 연구,중앙행정기관
군 모바일 업무혁신 추진방안 연구용역,국방부(운영지원과),,89.6287,2020-05-17,,,,,,89.6308,해군 부사관 조직문화 혁신방안 연구용역,중앙행정기관
22~23년 공군 전자정보 수집/분석장비 유지보수,국군의무사령부,313272963.0,81.4874,2021-12-26,주식회사 에스유지,김종원,권택조,서울특별시 영등포구 국제금융로6길33-0 (여의도동),313427626.0,81.4836,22-해-소형 사단용 생화학자동분석기 구매,제2879부대
22-해군 정보융합관리체계 개념 연구,공군본부,83929132.0,,2021-12-30,,,이기석,,83947989.0,,MZ세대 주거시설 시설기준 제·개정 연구용역,군
마린온 정비지원체계 방안 연구용역,공군교육사령부,55537243.0,87.3974,2022-05-03,,,,,55498919.0,87.3906,군 환경시설 관리 효율화 방안 정책연구용역,제2879부대
22-12차 연구장비 구매 계약 - 초저온냉동고,해군군수사령부,,,2017-06-08,,,금재호,,,69.9909,군 작업환경 및 작업자 보건관리 훈령 발전연구,국군재정관리단
KT-100 PBL 적용방안 연구용역,공군본부,40621449.0,85.4416,2019-02-20,,한민구,조혜진,,40658717.0,85.4408,자주도하장비 시설사업기본계획 수립을 위한 연구용역,군
저피탐 고도화 기술확보방안 연구,국군재정관리단,,,2022-03-28,,권시형,김지훈,,82212298.0,,무전기 전면판 회로카드 시험장비 개발 연구용역,중앙행정기관
차세대 비행시뮬레이터 개발을 위한 기술연구용역,국군재정관리단,24861111.0,,2017-02-10,주식회사 윌비시스,이여정,임혜영,"경기도 양주시 광적면 부흥로847, 431호(경기벤처타운)",,94.4621,국외조달 군수품의 합리적인 관세부과방안 연구,군
미래 육군 전술감시체계 운영개념 정립 기술연구 용역,육군교육사령부,274954170.0,88.0407,,,,,,274899126.0,88.0334,항공우주력 건설 전투발전전략 연구용역,중앙행정기관
전시 효율적 해외구매 방안에 관한 연구,공군본부,13256310.0,,2017-06-10,,김진욱,,,13271190.0,89.6967,군 사격장 소음기준 및 비용추계 연구 용역,국군재정관리단
수중자율기뢰 탐색체(AUV) 사업분석,국군의무사령부,10474522.0,,2023-05-09,,,장재필,,,,(217044-B) 21년 의무장비(요분석기) 구매,군
연구소 장비(분광광도계 등 4종)구매,국군수송사령부,50320934.0,,2019-09-21,(사)국방시설연구협회,권경득,강윤진,"서울특별시 영등포구 국제금융로8길25, 6층 607호 (여의도동, 주택건설회관)",50392733.0,,차세대 인터넷쇼핑몰 구축 정보전략계획 연구용역,국군재정관리단
18-P-3 기체수명연장 필요성 및 수행방안 연구,공군미사일방어사령부,24837145.0,,2019-02-04,한남대학교 산학협력단,김진욱,,,24845317.0,84.1543,공군기지 무선통신 기반구축 및 운영향상 방안 연구,중앙행정기관
단기장교 적정 복무기간 및 지원율 향상 방안 연구,해군본부,300869.0,,2019-10-31,주식회사 원영전자,나인성,안미숙,"대전광역시 유성구 대학로 27, 현대리조텔 2층(봉명동)",301438.0,90.3644,수중전술기기통제사 자격 신설 연구,군
KAAV-Ⅱ운용요구서 구체화에 관한 연구용역,합동참모본부,,,2016-01-06,(사)21세기군사연구소,엄현성,박계향,충청남도 계룡시 두마면 두계리116 계룡대림이-편한세상 109-902,,90.1239,SUPPRESSED,국군재정관리단
22-작전지휘시설 신축 분석평가 및 선행연구 용역,공군교육사령부,,,2020-10-13,서울대학교 산학협력단,서동환,,"경상남도 창원시 마산합포구 경남대학로7-0 (월영동, 경남대학교)",82695254.0,98.2716,’22년 전투발전 연구과제 용역(2),국군재정관리단
20-쇄빙능력 보유 함정 건조/설계 기반기술 연구,국군재정관리단,7714121.0,89.1539,2022-09-03,,,구종우,,7719407.0,,ISR 자산의 효율적 통합 운용방안 연구,합동참모본부
연합/합동 연습모의모델 획득 및 운영방안 연구,국군지휘통신사령부,129931703.0,,,,오철홍,,,,77.4836,전쟁양상을 고려한 전사자 관리의 분석 및 발전 연구,합동참모본부
군사과학정책 연구 용역(1. 국방 데이터....),국군수도병원,35604583.0,80.8045,2021-02-14,,,,,35618389.0,80.8027,해병대 동원훈련장 과학화 발전 방안 연구,군
00훈련장 이전 연구 용역,국군재정관리단,208007014.0,87.5185,2018-11-27,,,,,208046057.0,87.5206,신기술·우수제품 지침 및 매뉴얼 개정 연구용역,중앙행정기관
21-해군분석모델 발전방안 연구,제6619부대,118088647.0,68.8484,,(주)에프오알엠도시건축공간연구소,,정봉원,,118040332.0,,국방정책연구과제 연구용역 계약,군
워리어플랫폼 미래단계 추진방향 연구용역,제2879부대,,91.3872,,,전건욱,,,152100341.0,,첨단 ICT 적용한 신규 C4I 연구용역,군
MZ세대 주거시설 시설기준 제·개정 연구용역,육군본부,230544815.0,91.6892,2021-10-24,,,,"서울특별시 송파구 법원로11길25-0, A동 1310호(문정동, 에이치비즈니스파크)",230300222.0,91.6893,22년 계룡스파텔 시설개선사업 선행연구 용역,군
21-해-성분분석기 구매,육군교육사령부,216069092.0,86.2655,2022-02-01,한성대학교 산학협력단,조완제,,"대전광역시 유성구 대학로 27, 현대리조텔 2층(봉명동)",,86.264,(236043-G) 23년 모바일·IoT 조사분석체계 도입사업,중앙행정기관
자동염기서열분석기 구매,국방부(운영지원과),,77.4108,,,,오세형,,280341931.0,77.4058,국방대학교 안보현안분석 등 2종 인쇄 용역,국군재정관리단
전쟁양상을 고려한 전사자 관리의 분석 및 발전 연구,방위사업청(운영지원과),,78.9668,2018-01-20,,정의승,,서울특별시 용산구 새창로128-1 (용문동) 2층,,78.9642,정보학교 사이버공간정보 연구용역,중앙행정기관
해병대 무인항공기 효율적 운용방안 연구,국군재정관리단,656892878.0,91.1991,,주식회사 발렌베리,홍양희,,충청남도 계룡시 서금암3길16-3 (금암동) 101호,656993798.0,91.2003,24 군의료 특성화 연구(군 헬기 환자 이송 현황 분석),대학
비상근예비군 확대 및 훈련체계 정립 연구 용역,공군군수사령부,,,2023-05-26,그린종합사무기,박미영,박미진,"대전광역시 유성구 대학로 27, 현대리조텔 2층(봉명동)",101617578.0,79.6818,대형공격헬기의 효과적인 시설사업 추진방안 연구,합동참모본부
민간우수체계기반 전평시 민군 수송물류업무 협력연구,국군재정관리단,37837036.0,86.5423,,(주) 웃샘,이희석,최규식,"경기도 성남시 중원구 사기막골로159-0 (상대원동, 금강하이테크2 아파트형공장) 711호",37889961.0,86.5385,17년 지형분석장비 물품 구매설치,중앙행정기관
국방 무인로봇 시험평가 적용방안 연구,해군군수사령부,134275398.0,,,사단법인 안보경영연구원,전건욱,,"서울특별시 강남구 언주로527, 10층 (역삼동)",134226810.0,79.4569,미래 합동작전과 해군.해병대 공동 비전 연구,군
23-D-라만분광분석기 구매,국군재정관리단,,87.023,2022-03-22,주식회사 한국심리평가원,이문걸,김승준,"서울특별시 강서구 마곡중앙5로1길20-0 (마곡동) 보타닉비즈타워 921,922호",125773131.0,87.0211,군 암호체계 분석보호시스템 분석장비 구매,국군재정관리단
차세대 전투차량 발전방안 연구 용역,합동상호운용성기술센터,,78.9067,,사단법인 대한민국해군발전협회,,김소미,,,78.9064,차세대 비행시뮬레이터 개발을 위한 기술연구용역,군
국방 의료정보 빅데이터 분석체계 구축사업 연구용역,방위사업청(운영지원과),116291787.0,80.3935,2018-01-19,사단법인 안보경영연구원,전건욱,김정숙,"서울특별시 강남구 언주로527, 10층 (역삼동)",116187073.0,80.3895,군 지역 유무인기 통합운용 안정성 연구 용역,중앙행정기관
23년 기술연구용역 계약 의뢰(2),국군재정관리단,1851127.0,76.736,2017-07-27,주식회사 길상산업,최규식,허정성,"서울특별시 송파구 법원로128, B동 1102호(문정동, 문정SK V1 GL메트로시티)",1850962.0,76.7385,해군조직 및 갈등특성에 부합한 갈등관리 방안 연구,군
항행안전시설 비행점검장비의 군 필요성...연구,국군재정관리단,552556444.0,,,,,,,552467448.0,,12.7mm 파쇄탄 선행연구 용역,중앙행정기관
유류시험장비(가스성분 분석기 등 2종) 구매,4284부대,106427095.0,83.3711,2020-01-08,에스엔케이와이즈주식회사,강현순,박연희,서울특별시 금천구 벚꽃로298-0 (가산동) 6층 601호,106406747.0,83.3745,전파환경측정 분석장비 유지보수,제20전투비행단
세계안보정세분석 연구용역,합동참모본부,,80.6957,,,,,,206530652.0,80.697,군 복무가치 제고 방안 연구,군
프로그램 단위 성과관리를 위한 성과지표 연구,국군재정관리단,,,2023-09-15,,,이상규,,,91.2556,공군조직내 잠재갈등 분석 및 공군문화 발전방안 연구,중앙행정기관
미래 해양강군 해군비전 2045개정 방향 연구,육군본부,130474791.0,,,(주)에프오알엠도시건축공간연구소,김규형,양정승,,130476769.0,92.1043,자동화사격장 차단벽구조 구축방안 연구용역,군
비용분석용 상용SW(TruePlanning) 구매,육군본부,89148335.0,92.1519,2024-04-02,하늘유통,,양진,충청남도 논산시 양촌면 황산벌로1040,89242949.0,92.152,장거리공대지유도탄 2차 사업분석,제9691부대
(247158-F) 스펙트럼 분석기 등 3종 구매,육군인사사령부,251025286.0,90.7995,2023-11-07,지그인더스트리,김태영,이성표,"서울특별시 강남구 테헤란로306, 13층(역삼동, 카이트타워)",,,KJCCS 경미한 성능개량 사업 비용분석,국군재정관리단
금속성분분석기 1대 구매,국군의무사령부,303016561.0,83.2404,,정보와기술 주식회사,홍세준,최규식,"경기도 고양시 덕양구 삼원로63-0 (원흥동, 고양아크비즈) 612호",303121522.0,83.2446,내부피폭선량분석셋(삼중수소 전처리장비셋) 구매,국군재정관리단
17년 EMP 방호 성능유지 향상방안 연구용역,국방부(운영지원과),64551734.0,85.5684,,,,,,64592192.0,,화생방 환자 진료를 위한 군 병원 개선 방안 연구용역,중앙행정기관
패트리어트 유도탄수명 고려한 효과적 확보 방안 연구,합동참모본부,5808512.0,,2019-10-31,,,,,,88.2265,군 간부 획득환경 변화에 대비한 선발제도 방안 연구,국군재정관리단
(217215-D)디지털 포렌식 분석장비 교체,방위사업청(운영지원과),,85.3655,,사단법인 안보경영연구원,,이춘근,,38302430.0,85.3672,추진장약 분석시험용 재료구매,국군재정관리단
20-WMD/화생방 전문인력 관리 및 교육훈련 정립 연구,공군본부,111198920.0,,,(주)아이디어정보기술,홍영기,,"서울특별시 영등포구 여의나루로67, 신송빌딩 703호",111161228.0,,20-MTU엔진 PBL 비용대효과분석 및 성과지표 연구,국군재정관리단
AI기반 군집 UAV 해상작전 적용 가능성 연구용역,국군재정관리단,,92.614,,주식회사 인섹사이버시큐리티,송광선,이상규,경상남도 창원시 의창구 팔용로 399(),64352645.0,92.621,춘천병원 기능강화 연구용역,군
’22년 전투발전 연구과제 용역(1),국방부(운영지원과),52382888.0,82.5972,,,,,,52351452.0,82.5782,정기기초연구과제(1. 한국의외교/안보정책),중앙행정기관
무기체계 유형별 맞춤형 R&D 수행절차 연구,해군본부,212176604.0,90.09,2020-04-13,(사)한국전략문제연구소,,,"서울특별시 용산구 청파로 40, 삼구빌딩 1815호(한강로3가)",212239919.0,90.0913,19-2-00사 터널형 탄약고 신축 타당성 검토 연구 용역,중앙행정기관
정기기초연구과제연구용역(2.한국의국방/군사전략),국방부(운영지원과),,,2023-07-20,,,김지현,,79948550.0,,22-G/K 창정비 사업 성과분석 연구,기관
기초비행훈련용헬기 조종계통 시험장비 개발 연구용역,육군본부,296534753.0,,,노원 상사,김원헌,박소영,"부산광역시 남구 용소로45(대연동, 부경대학교내)",,97.6024,2018년 제4회 국방 분석평가관계관 워크숍 위탁운영,국군재정관리단
21-공-신호발생분석기 구매,국군의무사령부,51041213.0,87.4951,2021-04-21,농업회사법인 주식회사 서원당,강종효,이도제,"인천광역시 연수구 송도미래로30, 이동 1308-1호(송도동, 스마트밸리)",51097470.0,87.4945,(20G060-A)IP교환기및국방보안조사분석시스템금융리스,군
(20F087-A)부대재배치 사업 선행연구용역,방위사업청(운영지원과),49869563.0,,2020-01-01,사단법인 안보경영연구원,박정기,김지훈,"서울특별시 강남구 언주로527, 10층 (역삼동)",49913106.0,86.7592,급식유통센터 성과분석 및 (경남권)필요성 연구,중앙행정기관
자동염기서열 분석기 구매설치,국방부(운영지원과),85022391.0,91.3778,2019-06-18,사단법인 한국아이티법연구원,임근우,최규식,경기도 하남시 미사대로520-0 (덕풍동) 현대지식산업센터 한강미사2차 D동 A430호,,,상층대기분석장비 유지보수,국군재정관리단
북한의 기뢰전 전술 분석 및 대응책 연구,국방부(운영지원과),24098428.0,,,,,,,24099864.0,85.1607,북한의 기뢰전 전술 분석 및 대응책 연구,중앙행정기관
사이버 기술분석용 라이선스 구매,합동상호운용성기술센터,,95.4744,2022-08-01,삼성서울병원,김지원,이수형,부산광역시 영도구 와치로194-0 (동삼동),125978149.0,95.474,분석기  스펙트럼용,국군재정관리단
23-공군 리더십교육체계 발전방안 연구,4284부대,141029405.0,92.8554,2022-10-21,제이에스씨 코퍼레이션,김규형,주세영,서울특별시 성북구 삼선교로16길116-0 (삼선동2가),141199474.0,,안보학술진흥연구용역(3.국내안보환경분석또는),국군재정관리단
군 급식제도의 시스템 개선을 위한 연구,국군재정관리단,196235078.0,,2017-04-24,,,,,196410591.0,,유·무인 복합체계 발전방안 연구,군
24-항공관제 분석체계 유지보수 용역,국군재정관리단,588692899.0,96.3807,2023-02-11,주식회사 위우너스,김종하,백도현,"서울특별시 강동구 천중로39길19-9 (천호동, 지원골드아파트) 401호",588794808.0,,디지털 증거분석체계 라이센스 확보 사업,국군수도병원
국방로봇 운용을 위한 법/제도 개정 및 인증제도 연구,국방부(운영지원과),21282126.0,92.4476,2017-11-01,(사)21세기군사연구소,김시근,,"서울특별시 마포구 마포대로 173, 현대하이엘 816호(공덕동)",21271281.0,92.4462,해상작전 유/무인기 최적화 운용방안 연구,중앙행정기관
전투체계 현장정비센터 운용 효율화 방안 연구,해군작전사령부,273957745.0,93.8026,2021-06-11,,,,"서울특별시 용산구 청파로 40, 삼구빌딩 1815호(한강로3가)",,,K10제독차 조종상자 회로카드 정비기술개발 연구용역,군
20-Lynx 군수지원 여건 고려 적정 수명주기 연구,합동참모본부,376229242.0,82.5701,2019-10-27,,,김서영,서울특별시 영등포구 영등포로35길10-0 (영등포동6가) 8층 809호,376129093.0,,용산헬기장 소음영향평가 연구용역,국군재정관리단
국방 사이버보안 종합발전 전략 연구,육군제8971부대,124278540.0,,,호원대학교 산학협력단,김진욱,,서울특별시 관악구 관악로1 (신림동),124305057.0,,22-작전지휘시설 신축 분석평가 및 선행연구 용역,군
23년 전투발전 연구용역(2),방위사업청(운영지원과),187880475.0,88.9822,,주식회사 비씨디이엔씨,김경호,박은숙,"경기도 안성시 대덕면 서동대로4726, 중앙대학교 생활과학관 609관 2층",187832471.0,88.9835,군인 주거보조비 도입방안 연구,군
승선근무예비역의 병역제도 발전 방안 연구 용역,국군재정관리단,177221260.0,,,(사)한국전략문제연구소,,,,,,공군 리더십 교육프로그램 개발 연구용역,군
24-방공관제 작전제한 해소 추가레이다 설치방안 연구,육군본부,37122874.0,90.0119,2019-09-21,군인공제회,김도현,장재필,경기도 김포시 대곶면 송마로52번길61-66,,90.013,전파환경측정 분석장비 유지보수,제9691부대
공수지상종합훈련장 선행연구용역(특-24-용-28),국군재정관리단,,93.8378,2020-04-22,사단법인 안보경영연구원,,,"서울특별시 강남구 언주로527, 10층 (역삼동)",241458835.0,,24년 군 양성평등지표 조사 및 분석 연구,4284부대
예비전력관리 사업 예산의 적정 편성 기준 연구,육군본부,11028992.0,,2023-11-22,주식회사 조인트리,김석용,조상환,"경기도 성남시 중원구 사기막골로159-0 (상대원동, 금강하이테크2 아파트형공장) 711호",,93.7717,안보학술연구용역(1.국가안보에관한문제에관한이론),중앙행정기관
00부대 정보체계 취약점 분석 시스템 구매,국방대학교,52022719.0,85.5616,2023-09-26,주식회사 마에스트로네트웍스,김윤영,이경신,"경기도 고양시 덕양구 능곡로13번길16-0 , 202동 2401호(토당동, 능곡2차현대홈타운)",52042010.0,85.56,군용비행장 소음측정 및 분석용역(해),국군재정관리단
(217151-F)21년 연구활동 재료(시약) 구매,육군본부,,,,,,,,384340892.0,,작전지휘시설 신축 분석평가 및 선행연구용역,군
DIDC 전문인력 강화를 위한 역량 평가모델 연구,해군본부,16328563.0,95.4227,2018-09-17,(주)디앤오종합건축사사무소,정양호,배민희,"서울특별시 성북구 안암로145 (안암동5가, 고려대학교)",,,국방표준서 제정(3차) 연구,중앙행정기관
19년 병리장비소모품(13) 혈액가스분석기 구매,육군교육사령부,,81.0431,2023-05-13,,김진욱,,,90709124.0,,19-전자파 정밀분석체계 확대구축사업 리스,중앙행정기관
전투발전 연구용역 과제 세미나 수행 용역,국방부(운영지원과),157697444.0,80.2366,2019-09-20,한국해양대학교산학협력단,김건희,,"경기도 안양시 동안구 시민대로387  A동 1201-1호(관양동,디지털엠파이어)",,80.2329,기술성숙도평가(TRA) 내실화 방안 연구,중앙행정기관
군수품 수송용 드론 선행연구 용역,제2879부대,412656383.0,77.9068,2018-02-27,해군사관학교 산학협력단,,박계향,"서울특별시 강남구 논현로28길54-0 4층 (도곡동, 덕원빌딩)",412834180.0,77.8999,방공포병 모의훈련체계 구축 가능성 연구용역,국군재정관리단
정비공정 분석도구 구매,방위사업청(운영지원과),,82.525,2019-06-10,한국과학기술원,김재영,김창관,"충청남도 논산시 대학로 121, 건양대학교 산학협력단(내동)",88920178.0,,추진장약 분석시험용 재료구매,군
무기체계 연구개발 협약·성실수행제도 방안 연구,국방부(운영지원과),73118014.0,,2021-07-07,주식회사 엔브이티,최규식,안성원,경기도 수원시 영통구 신원로306-0 (원천동) 이노플렉스 1동 1101호,,73.8059,해병 과학화경계시스템 추진방안 연구 용역,제2879부대
23-10차 조달 연구장비(순수물제조기) 구매,육군교육사령부,53282791.0,82.7127,2023-03-29,아주대학교 산학협력단,구칠효,양진,"서울특별시 용산구 한강대로62길41, 3층 (한강로1가)",53276545.0,,24년 기술연구용역(3),국군재정관리단
연구장비(가스크로마토그래피) 구매 계약,육군본부,,91.2589,2019-03-11,엘아이지넥스원주식회사,서선숙,권택조,대전광역시 서구 관저동로170 (관저동) 210호,80456549.0,91.257,23년 전투발전 연구용역(3),국군재정관리단
(247115-B) 연구활동재료 구매,국방부(운영지원과),,89.917,,주식회사 공공정책성과평가연구원,유재웅,신훈길,충청남도 천안시 동남구 풍세로303-0,162130245.0,89.9237,주요 비행피복류 맞음성 개선 및 표준화 연구,중앙행정기관
원자력함정 운용시 지원시설  국내법규 등 연구 용역,국군재정관리단,,,2021-07-06,,,,,,93.2101,자동전사시스템 연구 용역,중앙행정기관
(22G140-A)범국민 안보의식조사 연구 용역,국군재정관리단,,89.2949,2020-03-29,(사)21세기군사연구소,유상호,박지은,충청남도 논산시 양촌면 황산벌로1040,141749907.0,89.2922,군사타운 개념의 부대배치 발전방향 연구 용역,군
19년 분석용모델(3종) 유지보수(2018F125-G),국군재정관리단,,92.4672,2022-02-10,,이문걸,이상규,"서울특별시 송파구 법원로127-0 (문정동,대명벨리온)1117,1118호",66957245.0,,지형분석용 차량(개조) 제조,군
`18년 지형분석장비 교체사업,합동참모본부,1452485.0,78.102,2024-04-29,주식회사 이엠텍아이엔씨,노경현,김선주,울산광역시 울주군 언양읍 유니스트길50-0 울산과학기술원,1454318.0,78.094,분석기  입자크기용 구매,중앙행정기관
20-WMD/화생방 전문인력 관리 및 교육훈련 정립 연구,국군재정관리단,442010726.0,,2019-02-14,신한관세법인,이명식,한상동,"경기도 하남시 미사대로520-0 (덕풍동) 7층 씨에이동 705호,706호",442128616.0,97.1204,20-교육훈련 빅데이터 통합관리체계 구축방안 연구,제9691부대
전시자원소요분석모델 장비 교체사업 리스,국방대학교,64629751.0,92.1313,,주식회사 세랜텍,최준호,신창희,"서울특별시 강서구 공항대로51길17-0 1,2층 (등촌동)",64647254.0,,주파수편이용 분석기 2EA 구매,군
(227321-C) 네트워크 위협분석시스템 구매(리스물건),국군재정관리단,,87.487,,젠트리거,김종광,백다리아,"경상남도 창원시 성산구 완암로50, 넥스동 704호(성산동, SK테크노파크)",146276925.0,,(216178-D)휴대용화학탐지장비(화학물질분석기) 구매,국군재정관리단
군 성폭력 사건 분석 연구,국군재정관리단,41733597.0,86.4038,,,,,,,86.4018,퍼징기반의 국방 무기체계 SW 안전성 향상방안 연구,군
“제○군단 부대사” 연구 용역,국군재정관리단,560160572.0,,,주식회사 사이버앤네트워크연구원,김흥광,김현묵,서울특별시 관악구 관악로서울대학교 사회과학대학 16-539,560026719.0,,K1계열전차 연료수준감지기 대체품 개발 연구용역,군
병력책정 기준연구(비행대대 조직구조 개선방안),육군교육사령부,,83.9848,,,,,,8063305.0,83.9869,위성 무기체계 시험평가 제도개선에 관한 연구,중앙행정기관
군수부대 저장시설 기동화 방안 연구용역,제9691부대,145411676.0,,2017-10-19,,,,,145477176.0,79.6153,계층별 리더십 핵심역량 정립 연구용역,군
의무피복류 보급기준 및 품질개선에 대한 연구,육군교육사령부,180805926.0,89.9782,,(주)에프오알엠도시건축공간연구소,한민구,김우중,,180916792.0,89.9779,20-WMD/화생방 전문인력 관리 및 교육훈련 정립 연구,중앙행정기관
의무장비-혈액가스분석기 중형 구매,방위사업청(운영지원과),90515078.0,,2020-12-01,(주)에프오알엠도시건축공간연구소,,이상규,"대전광역시 유성구 죽동로297번길68 (죽동) CNU프라자  701,702호",90496469.0,,23-F-전자정보 수집/분석장비 유지보수,군
전자기스펙트럼 측정/분석체계 운용방안 연구,제9691부대,,,,,,,,,,상륙돌격장갑차 3차 창정비 방안 연구,국군재정관리단
21년 정책 연구용역,공군군수사령부,,91.5336,,신승하이텍,조화순,정택호,"서울특별시 동작구 남부순환로2021, 2층 (사당동)",114882695.0,91.5354,전술환경 下 효율적 이동통신체계 운용방안 연구용역,제9691부대
진동분석시험장비 진동감지센서 등 16종 구매,국군재정관리단,,,2020-08-29,,,,,,78.406,24년 군 주거시설 개선사업 선행연구(2차)(24-GD-69),군
예비전력 예산  국방예산의 1%달성 방안 연구,국방부(운영지원과),,91.3167,2016-12-29,한양대학교 산학협력단,김재영,최규식,서울특별시 성북구 삼선교로16길116-0 (삼선동2가),3116092.0,,육군 안전수준 진단체계 연구,중앙행정기관
정출연 주관 기술개발사업제도(가칭) 운영방안 연구,국군재정관리단,,73.916,,주식회사 에스아이정보기술,김태호,박계향,서울특별시 송파구 법원로8길9 (문정동) 10층,134672489.0,73.9095,SUPPRESSED,군
(236043-G) 23년 모바일·IoT 조사분석체계 도입사업,제2879부대,684400333.0,95.9577,,주식회사 안보기술연구원,최명진,최규식,"서울특별시 영등포구 의사당대로22, 8층 9층 10층(여의도동, 이룸센터)",,95.9618,해안복합감시체계 사업 비용분석,국군재정관리단
00군단 0포병단 이전사업 선행연구 용역,국방부조사본부,69077662.0,96.5963,,오릭스캐피탈코리아(주),김동건,김현철,서울특별시 중랑구 동일로516-3 (면목동) 5층,,96.5981,국외조달 군수품의 합리적인 관세부과방안 연구,군
공중항적 영상식별체계 확보 연구용역,방위사업청(운영지원과),590965410.0,90.6313,2021-02-05,,,,,,90.6323,(20G003-B)생물안전 3등급 연구시설 유지보수 용역,중앙행정기관
육군 자살예방교육 프로그램 연구개발,제9691부대,,94.6218,,사단법인 안보경영연구원,전건욱,,"서울특별시 강남구 언주로527, 10층 (역삼동)",2647132.0,94.6246,전투실험 설계 및 결과 분석 방법 연구용역,제9691부대
(246247-D) 이동형 심리생리반응 분석장비 구매,국방부(운영지원과),149916882.0,,,특수법인 한국전파진흥협회,김태호,양희성,서울특별시 강남구 논현로189길6 (압구정동),149960179.0,,[24-육-173] 영상분석 SW 라이선스 구매(리스물건),중앙행정기관
방산 부품산업 발전을 위한 지원체계 구축방안 연구,국군수도병원,86650952.0,83.3494,,연세대학교 산학협력단,나승식,,서울특별시 금천구 디지털로130-0 남성프라자 9층 912호  (가산동),,83.3481,22-병력절감형 Smart Battleship 함정 설계연구,국군재정관리단
사회공학기법과 사이버 작전과의 연계성 연구,국군재정관리단,,,2019-11-27,,,,,165959597.0,88.0923,단기 복무 청년층 장병 진로지원 프로그램 개발 연구,군
군 급식제도의 시스템 개선을 위한 연구,공군본부,52735646.0,81.6126,2017-03-20,사단법인 안보경영연구원,전건욱,,"서울특별시 강남구 언주로527, 10층 (역삼동)",52743328.0,81.6127,18-직무분석을 통한 계급/직급 책정기준 연구,합동참모본부
원격제어조립체 개발 연구개발(2019H027-B),국군재정관리단,,,,자주국방네트워크,김윤혁,,광주광역시 서구 마륵로28-1 (마륵동),111580548.0,86.9893,군 범죄피해자 보호·지원을 위한 정책 연구,군
AI기반 드론봇 네트워크 운용 및 실험설계 연구용역,육군항공학교,37309662.0,84.373,2020-02-19,,전건욱,,,37303452.0,,백두체계능력보강 2차 시설사업기본계획 연구용역,국군재정관리단
군내성폭력피해자지원 및 보호를 위한 제도보완연구,공군사관학교,,96.5333,2019-03-08,주식회사 신나는세상,박영선,,"서울특별시 금천구 가마산로96-0, 213호(가산동, 대륭테크노타운8차)",,96.5317,공중 무인무기체계 표준화 방안 연구,군
항-20-004 자동면역분석기 시약 등 123종,국군재정관리단,,86.8683,2019-03-04,네이버시스템 주식회사,최용석,허지원,서울특별시 서초구 양재동언남 18길3 (양재동  2층),,86.8639,(207143-H)취약점 분석장비 구매,기관
전역예정장병 취업역량 강화 방안 연구,국군재정관리단,,72.9294,2017-12-30,사단법인 안보경영연구원,전건욱,,"서울특별시 강남구 언주로527, 10층 (역삼동)",,72.9292,다목적 제설장비 운용기준 재정립 및 대체방안 연구,국군재정관리단
국군의학연구소 자동혈구계산기 중형,제2879부대,6478673.0,95.3593,,충남대학교 산학협력단,조인태,엄지성,충청남도 아산시 신창면 순천향로22 앙뜨레프레너관 E404호,,95.3632,선진 육군가치문화 조성 연구용역,국군수도병원
LiDAR 기술의 4차 산업 적용방안 연구용역,국군재정관리단,,75.0549,2018-10-17,(주)에프오알엠도시건축공간연구소,,한상동,서울특별시 마포구 동교로183-11 (동교동) 한국정치학회빌딩 4층 한국정치학회,33487161.0,,계층별 조직문화 진단 및 혁신프로그램 추진 연구용역,중앙행정기관
국방 전력발전체계에서의 전투실험체계 정립 연구용역,국군재정관리단,,96.964,,,,,,,96.9669,무인기술을 적용한 현용전력 극대화 방안 연구,중앙행정기관
기술인력육성 보조사업자 운영성과평가 및 연구,방위사업청(운영지원과),91955923.0,,2022-02-25,,,구종우,,92029104.0,89.6231,복지회관 중·장기 보수계획 관련 연구용역,중앙행정기관
FA-50 성능개량 방안 연구,국군재정관리단,73749511.0,,2021-10-02,,김효근,박영희,"서울특별시 금천구 가산디지털2로184, 10층 1017호(가산동, 벽산디지털밸리2차)",73747967.0,94.6253,잔류강도 해석기법 연구(2019H039-A),군
육군 NCS직무표준화 및 군내 활용방안 연구 용역,제5738부대,93170303.0,,2021-09-01,,박정기,,"서울특별시 강남구 언주로527, 10층 (역삼동)",93134163.0,72.49,육군 스마트 안전관리 모형개발 연구용역,군
00국가 해커추적 및 정보수집방안 연구,육군교육사령부,9248695.0,88.9418,2023-06-26,(사)한국전략문제연구소,,,,9243155.0,88.9422,방공전력 발전방향 연구 용역,중앙행정기관
정밀측정장비(스펙트럼분석기 등 4종) 구매,국방대학교,27825283.0,83.9781,2020-10-04,,,박계향,,27819977.0,83.981,풍력발전기에 의한 레이더 영향성 분석용역,4284부대
미래 육군의 우주분야 활용방안 연구 용역,해군본부,,96.7917,2021-02-14,주식회사 삼우에이엔씨,최경환,이상규,대전광역시 유성구 테크노2로187-0 (용산동) 미건테크노월드 2차 B동 217호,,,국방표준서 제정(3차) 연구,군
19-미래 군사용 해상기지 발전방안 연구,공군작전사령부,,81.4038,2018-04-13,,,,,11648345.0,,미활용 군용지의 태양광 자원조사 및 활용방안 연구,국군수도병원
K1계열전차 포탑회로망상자 시험장비 개발 연구용역,육군본부,,98.2951,2019-05-14,,,윤진영,,9914991.0,98.2935,22-13-13 야전공장 분석평가 및 선행연구 용역,국군재정관리단
육군 항공관제 시뮬레이터 연구개발,공군본부,,94.2401,2018-07-28,,,,,415262180.0,,우수 과학기술 인재의 국방(군) 분야 활용방안 연구,국군재정관리단
대형수송함 1번함 성능개량 사업분석,국군의무사령부,7974432.0,85.4846,,티엠시 주식회사,김흥광,이현미,"서울특별시 강남구 영동대로602, 6층 E170호(삼성동)",7980370.0,85.483,지능형 전군 악성코드 수집분석체계 라이선스 구매,국군수도병원
신기술 적용을 통한 저장시설 물류향상 연구,공군본부,22600246.0,90.0841,,(주)프라이전트,민명복,가회광,"서울특별시 구로구 디지털로33길55, 1009호 (구로동, 이앤씨벤처드림타워2차)",,90.0886,전력지원체계 SW 관리방안 연구 용역,중앙행정기관
국군교도소 운영 개선방안 연구,해군군수사령부,,84.3778,2019-01-02,,,신인균,,,84.3767,16년도 급식분야 시범사업 추진분석 및 개선방안 연구,국군재정관리단
2020년 군 조직의 양성평등 지표 조사 및 분석 연구,해군본부,76214145.0,,2021-05-09,주식회사 베테랑콤,이문걸,진수빈,서울특별시 성북구 삼선교로16길116-0 (삼선동2가),76171496.0,92.8135,20-조난위치지시 무선송신기(잠수함 부이용) 연구개발,국군수도병원
「국방혁신 4.0 기본계획」 수정1호 발전방안 연구,해군군수사령부,,78.4341,2022-08-17,,,,,,78.428,(237095-C) 연구활동 재료(초자) 구매,제7군단
접적해역 상시정찰용 UAV 선행연구용역,방위사업청(운영지원과),,,2019-10-29,,,유선미,,,79.9907,화생방 연구 재료 초자 구매,중앙행정기관
국방 안전사고조사 표준화 시스템 구축방안 연구,국군재정관리단,87607817.0,95.0236,2022-01-24,명지대학교 산학협력단,,이창환,서울특별시 노원구 화랑로574-0 (공릉동),87706834.0,,SIEM을 활용한 사이버 침해 경로 도출방안 연구,중앙행정기관
표적획득 및 사격지휘체계 발전에 따른 포병효과 분석,해군군수사령부,192571967.0,89.7687,2019-08-29,,장복철,김진욱,서울특별시 동작구 상도로 369(상도동),,89.7681,병  오일분석용 1종,중앙행정기관
전투실험 설계 및 결과 분석 방법 연구용역,국방부(운영지원과),230170541.0,,,서울대학교 산학협력단,,,세종특별자치시  시청대로370 세종국책연구단지 사회정책동,230336567.0,85.3814,국방기상 빅데이터 통합을 위한 정책연구,제3707부대
지형분석도 제작 재료 구매,제2879부대,499350877.0,90.951,2020-04-12,동성켐텍,민희숙,유선희,"경상남도 창원시 성산구 완암로50, 넥스동 704호(성산동, SK테크노파크)",,90.9477,(2)군용비행장 소음측정 및 분석용역,제9691부대
장보고급 잠수함 디젤감시장치 연구개발 용역,공군본부,34634123.0,,2024-01-30,육군사관학교 산학협력단,김진욱,이진희,"인천광역시 서구 로봇랜드로155-11 (청라동), 5층 504호",,,국방정보화법률 개정입법 추진전략 연구,군
드론봇 전투체계 통합관제체계 구축 연구용역,제2879부대,,90.7672,2021-06-05,,김진욱,,서울특별시 용산구 이태원로29-0 (용산동1가) 전쟁기념관 435호,124387250.0,90.7646,국방정보체계 SW 품질시험 프레임워크 발전방안 연구,제2879부대
21년 전군 감염병 감시 지원체계 구축방안 연구용역,육군교육사령부,29418053.0,88.9186,2021-12-29,유한회사 동방이노베이션,김준식,조대현,"서울특별시 금천구 가산디지털1로181, 가산W센터 1401호,1402호(가산동)",29381562.0,88.9235,IoT 기반 전군 공통 서비스 발전방향 연구,군
잠수함 업체주도 연구개발 장비의 시험평가 방안,제9691부대,87872491.0,,,,,,"서울특별시 강남구 언주로527, 10층 (역삼동)",87878682.0,87.5254,민관군 상생을 위한 다락대훈련장 운영방안 연구용역,군
기술연구 환경구축 사업 리스,육군본부,2260217.0,102.438,2019-04-23,씨지에스아이티(주),김운용,,"경기도 성남시 중원구 둔촌대로457번길 27, 우림라이온스밸리1차815(상대원동)",2252476.0,,운용함정 손상대응 훈련 시나리오 연구 용역,중앙행정기관
건설현장 안전 관리시스템 구축 연구용역,제9691부대,,89.3431,,,,윤형규,,307330221.0,,발칸 보조전원공급기 수리부속 대체품 개발 연구용역,국군재정관리단
자주도하장비 조종시뮬레이터 비용분석,국방부조사본부,61690964.0,,2022-08-02,대전대학교 산학협력단,신인균,양정학,광주광역시 서구 마륵로28-1 (마륵동),61747559.0,82.5814,20-지형분석체계 교체(리스물건)(208080-A),제7군단
발칸 보조전원공급기 수리부속 대체품 개발 연구용역,국방부(운영지원과),,85.5528,2016-09-10,씨엠티정보통신(주),윤상석,임순옥,경상남도 김해시 삼안로195번길20-23 (삼방동),,85.543,방산소재 개발사업 기획 및 인증체계 구축 연구,국군재정관리단
국방 무인항공기(드론) 정비사 자격 신설 연구용역,국방부(운영지원과),199614711.0,73.7835,2017-09-16,협동조합 미래국방산업네트워크,이승철,권건안,경기도 수원시 장안구 하률로12번길80-0 (천천동),,73.7809,21년 임상의학연구센터 통계프로그램 구매,군
계층별 리더십 핵심역량 정립 연구용역,국방부(운영지원과),1064049.0,87.3966,,주식회사 유진에스앤씨,김하근,,경기도 김포시 대곶면 송마로52번길61-66,,87.3953,BigData /vc를 활용한 무기체계 효과분석 연구,중앙행정기관
접적해역 상시정찰용 UAV 선행연구용역,육군교육사령부,,,2018-10-26,,박정기,,"서울특별시 강남구 언주로527, 10층 (역삼동)",7413042.0,83.5401,북한의 기뢰전 전술 분석 및 대응책 연구,중앙행정기관
미래 한국 해병대의 군구조 연구용역,국군재정관리단,,95.7224,2020-10-20,,권시형,유선미,,,95.7223,다목적 제설장비 운용기준 재정립 및 대체방안 연구,제2879부대
전투준비태세 평가체계 발전방향 연구,해군본부,424341004.0,,,(주)심네트,,,세종특별자치시  시청대로370 세종국책연구단지 사회정책동,424380046.0,79.899,교육연구자료 원문 DB 구축 용역,중앙행정기관
군 사격장 소음기준 및 비용추계 연구 용역,국방부(운영지원과),27848080.0,,2021-08-24,,,,"서울특별시 송파구 법원로11길25-0, A동 1310호(문정동, 에이치비즈니스파크)",,89.0686,공군 탄약 저장시설 지하터널화 방안 연구,군
23년 전반기 육군 정책연구과제 연구용역,공군군수사령부,,77.3789,,주식회사 일신이앤씨,김지찬,이상규,"대전광역시 유성구 죽동로321-0 (죽동, 죽동금성백조예미지), 102동 201호",10776013.0,77.388,전파환경측정 분석장비 유지보수,국군재정관리단
민군 상생을 위한 훈련장 최적환 관리방안 연구,육군교육사령부,20648938.0,97.9409,2023-08-07,,김진욱,심유진,,,97.9406,상륙공격헬기의 효과적인 시설사업 추진방안 연구,중앙행정기관
전파환경측정 분석장비 유지보수,국방부(운영지원과),248820590.0,,2020-01-19,(사)21세기군사연구소,한민구,,"서울특별시 송파구 법원로11길25-0, A동 1310호(문정동, 에이치비즈니스파크)",248946709.0,82.0439,24-00부대 전력화 추진방안 정책연구용역,기관
23-F-분석기 스펙트럼용 2종 구매(239034-H),국군재정관리단,147493754.0,83.4156,,,전건욱,조혜진,,147486661.0,83.4192,23-N-금속성분분석기 구매,군
건설현장 안전 관리시스템 구축 연구용역,국군재정관리단,,93.3614,,주식회사 에코비투,김하근,윤태훈,"인천광역시 남동구 서창남순환로190-15 (서창동, 서창퍼스트뷰아파트) 718동 301호",167419477.0,,공군 군수지원 분야 발전방향 연구 용역,제9691부대
잠수함 음탐 센서 케이블 다기능 검사기 연구용역,합동참모본부,,,,(주)아이엠티,김한욱,윤미경,대전광역시 대덕구 대전로1397번안길70-0 (읍내동),6922090.0,86.8216,미래 예비전력 정예화를 위한 동원개념 재설계 연구,국군재정관리단
전파환경측정 분석장비 유지보수,국방대학교,,83.0157,,법무법인(유한)태평양,염진수,지재필,서울특별시 성북구 삼선교로16길116-0 (삼선동2가),36512280.0,,월책 차단을 위한 혁신적 GOP 경계 플랫폼 연구,국군재정관리단
공개출처정보(OSINT) 활용 사이버위협 분석방안 연구,제9691부대,14838674.0,93.8622,,,,박계향,,14837562.0,93.8626,함정사업 적정 사업기간 연구,중앙행정기관
한국 육군 교육훈련관리의 개선방안 연구,육군본부,72305000.0,91.1359,2018-05-25,,,,,72290234.0,91.1347,삼군부 재현 및 이전을 위한 연구,제9691부대
중증외상질환 예후예측인자 발굴 및 관리방안 연구,제2879부대,23507517.0,,2021-03-27,,김진욱,,,23485702.0,86.44,유도무기 품질인증사격시험 기준 정립 및 절차 연구,군
ISR 자산의 효율적 통합 운용방안 연구,국방부(운영지원과),31534834.0,,2016-11-24,주식회사 씨이지앤드플러스,,최은수,"서울특별시 금천구 가산디지털2로184, 10층 1017호(가산동, 벽산디지털밸리2차)",31544245.0,93.5409,교육연구자료 원문 DB 구축 용역,중앙행정기관
함정구조해석용 모델링 DB 개발 연구(2019H038-E),국군재정관리단,28854051.0,,2017-08-17,,,,,28875822.0,,19-해양무인체계 탑재/운용 함정 설계개념 연구,군
대형수송함 1번함 성능개량 사업분석,합동참모본부,128487256.0,88.7206,2022-10-04,서현회계법인,동중영,김우중,"서울특별시 금천구 가산디지털1로1-0 (가산동, 더루벤스밸리) 1208호",128547884.0,,(20G060-A)IP교환기및국방보안조사분석시스템금융리스,국군제1068부대
정보역량 강화 연구용역,국군의무사령부,,91.5065,2018-01-15,,,이경생,,70351688.0,,선진전투실험 발전현황 및 육군전투실험 향상방안연구,국군재정관리단
4차 산업혁명 기술 함정적용 방안 연구용역,방위사업청(운영지원과),9708940.0,89.5631,,,허건영,정운찬,경기도 평택시 청북면 고렴길181번길 13(),9704691.0,89.5574,적 사이버공격 의도분석 지표개발 및 평가방안 연구,국군재정관리단
자주도하장비 시설사업기본계획 수립을 위한 연구용역,방위사업청(운영지원과),34634382.0,92.0026,,이비티주식회사,경상현,,"서울특별시 강남구 테헤란로64길13, 504호 (대치동, 선릉역 풍림아이원레몬)",,,전투하중을 고려한 인체공학적 개인군장체계 연구,중앙행정기관
21-섬석천 기능개선 분석평가 및 기본계획 연구용역,해군본부,,,2020-03-21,사단법인 미래안보산업전략연구원,주현,,,467905309.0,86.8222,대형양산사업의 제반 조건 분석 및 방안 연구,국군재정관리단
미래 예비군훈련 제도 종합발전 방안 연구,제9691부대,107405322.0,92.4362,2017-07-29,재단법인한국조달연구원,김시근,장우영,"경기도 안양시 만안구 만안로49, 519호(안양동, 호정타워)",107502495.0,,낙하산전문포장사 자격신설 연구,중앙행정기관
월간지(안보현안분석  린사포럼) 인쇄 용역,국군재정관리단,80990325.0,91.1795,2021-03-10,태형상사주식회사,권오경,조명지,"경기도 고양시 일산동구 강석로33, (백석동, 대우IAAN) 2층 217호",,91.1791,(216328-C) 지형분석장비 교체사업(리스물건),국군재정관리단
22년 기술연구용역 계약(1),국군재정관리단,12951030.0,94.5409,2022-05-18,(주) 솔포스텍,손창호,김현덕,부산광역시 영도구 태종로 233(봉래동5가),12936211.0,94.543,군 시설물 적정 위장방안 연구 용역,군
화생방 연구활동 재료 시약 구매,국군재정관리단,,,,상명대학교산학협력단,,,,119341407.0,,전차와 육군헬기의 혁신적인 운용개념 발전 연구,국군재정관리단
24년 군 주거시설 개선사업 선행연구(24-GD-51),국군복지단,,95.5122,2023-02-23,주식회사 안보기술연구원,노광현,유선희,대전광역시 유성구 노은로170-0 (지족동) 스타시티빌딩 6층,100475549.0,,대용량 유전자데이터 분석 파이프라인 및 가시화 연구,군
도태항공기 활용 EMP야외환경 시험 연구용역,해군본부,43106212.0,,,사단법인 안보경영연구원,,,"서울특별시 용산구 청파로 40, 삼구빌딩 1815호(한강로3가)",43133422.0,88.4391,낙하산전문포장사 자격신설 연구,중앙행정기관
(23G054-H)24~25년 스펙트럼측정분석장비 유지보수,국방정보본부,93359846.0,85.4194,,신한관세법인,최기혁,박재완,"서울특별시 광진구 광나루로56길63, 지하1층 113호 에스46(구의동)",93400255.0,85.4195,악성코드 수집분석체계 라이선스 구매,군
재사용 가능한 우주발사체 효용성 연구 용역,국방대학교,145062096.0,80.6599,2018-02-14,사단법인 미래안보산업전략연구원,김규형,박종호,강원특별자치도 춘천시 강원대학길1 (효자동),,80.6679,항공통제기2차사업 기종결정평가 연구용역,군
전투근무지원정최적화및친환경선박기술연구,국방부(운영지원과),,,,,권시형,김우중,,17318941.0,87.0976,전술제대 전투무선체계 발전방안 연구용역,중앙행정기관
CBRS 적용한 전투발전체계의 문제점 및 발전방향 연구,국군재정관리단,9339340.0,91.5382,,주식회사 바로텍시너지,,김진욱,"전라북도 군산시 임피면 호원대3길 64,",,,원주기지 활주로 재포장사업 선행연구 용역,군
사회공학기법과 사이버 작전과의 연계성 연구,방위사업청(운영지원과),,93.2897,,,,황병윤,,32723621.0,93.296,교육연구자료 원문 DB 구축 용역,중앙행정기관
21-공-가스크로마토그래피 질량분석식 구매,방위사업청(운영지원과),,83.7808,2023-03-16,,,,,53039807.0,,(20G071-H)21년 스펙트럼 측정/분석장비 유지보수용역,중앙행정기관
22-7차 연구장비 구매 계약 - 멸균소독기 소형,국군재정관리단,49112607.0,89.8609,2021-05-30,사단법인 안보경영연구원,전건욱,,"서울특별시 강남구 언주로527, 10층 (역삼동)",,,비전통위협 대비군시설활용및 공용면적 기준 개정연구,중앙행정기관
육군 핵심가치 실천수칙에 관한 연구 용역,공군제18전투비행단,33277905.0,95.1538,,한양대학교 산학협력단,,,,,,군대의 가치를 표현할 수 있는 의식과 의례 개념 연구,국군재정관리단
국내 한도액계약 및 성과기반계약 활성화 방안 연구,국군재정관리단,297611383.0,88.8818,,MK메디칼,나인성,이화주,"충청북도 청주시 서원구 사직대로164번길9, 401(사창동)",297873041.0,,미래 전장에서 승리하기 위한 육군전략 발전 연구,중앙행정기관
K9자주포 연료펌프 성능개선 시제품 개발 기술 용역,공군군수사령부,,,,군정비지원센터,권택연,김보라,"대구광역시 달서구 달구벌대로1095-0 (신당동, 계명대학교)",3923034.0,72.6232,[24-육-219] 자동차(외산)포렌식 분석 KIT(리스),국군재정관리단
소형드론용 지능형 영상분석기술 연구/시연 용역,방위사업청(운영지원과),94068851.0,,,,,,,,89.6618,4차 산업혁명 주요기술 활용 안전관리 발전방안 연구,중앙행정기관
2.75유도로켓 창정비 비용 대 효과분석 연구용역,합동상호운용성기술센터,40615428.0,83.7391,,,,,,,83.7407,국방아키텍처 메타모델 표준화 구축 및 활용방안 연구,국군재정관리단
사이버 위협수준 평가 신뢰도 향상방안 연구,국군재정관리단,52414392.0,,,,,,"서울특별시 금천구 가산디지털2로184, 10층 1017호(가산동, 벽산디지털밸리2차)",52416274.0,85.6365,FA-50 성능개량 방안 연구,중앙행정기관
공군조직내 잠재갈등 분석 및 공군문화 발전방안 연구,국군재정관리단,315438291.0,86.1084,2024-01-25,,,,,315476362.0,,22-설계자료 활용 및 군 시설단가 표준화 연구용역,중앙행정기관
전평시 군수부대 기동화 방안 연구용역,제2879부대,3130776.0,96.9107,2022-08-06,,,전형준,,,,17년 EMP 방호 성능유지 향상방안 연구용역,기관
국방연동관리센터 운영 및 발전 방안 연구,국군재정관리단,,79.6157,2019-12-21,주식회사 시스코어,나인성,백현정,"서울특별시 용산구 이태원로211, 611호(한남동, 한남빌딩 )",,79.6115,정보체계 취약점 진단을 위한 모의환경 구축방안 연구,군
24~25-F-OOOO 수집/분석장비 유지보수,국군수도병원,,85.1628,2023-12-06,인하대학교 산학협력단,김윤혁,민희숙,세종특별자치시  국책연구원로15-0 (반곡동),266085247.0,,사이버 기술분석용 라이선스 구매,제2879부대
’22년 전투발전 연구과제 용역(3),해군본부,20868720.0,93.7516,,알앤알컨설팅 주식회사,최규식,이수빈,"경기도 성남시 수정구 복정로84번길 22-15,(B-001호) (복정동)",20856698.0,93.756,2040년대 군병력 수급규모 예측 연구,중앙행정기관
공무원 징계와 군 징계의 비교법적 연구,합동참모본부,247308700.0,90.5789,,한국해양대학교산학협력단,김지현,,"경기도 용인시 기흥구 덕영대로1732-0 (서천동, 경희대학교 국제캠퍼스내)",247270748.0,90.5809,단기장교 적정 복무기간 및 지원율 향상 방안 연구,군
17-방공관제사-94 보급수송과 스펙트럼 분석기/3품목,국방부(운영지원과),167723529.0,95.4479,2024-04-13,대전대학교 산학협력단,이세영,전재신,"충청남도 논산시 대학로 121, 건양대학교 산학협력단(내동)",,95.4468,(20F058-A)소음영양도작성을위한소음측정및분석용역,군
(20F081-A)소음영향도작성을위한소음측정및분석용역,국방부(운영지원과),38034978.0,,,에이치제이엘,김부원,양용진,경기도 안양시 동안구 관양로269-5 (관양동) 3층,,91.5285,전투실험용 휴대형 통합 네트워크 분석기 구매,군
안전하고 신뢰할 수 있는 AI활용 국방가이드라인 연구,제9691부대,379988627.0,87.384,,(사)한국안보문제연구소,최권석,김지훈,,,,스펙트럼용 분석기 구매(20199125-F),중앙행정기관
00기지 저주파분석 훈련장비 유지보수 용역,해군본부,135222307.0,83.8426,2021-05-13,주식회사 발렌베리,김상식,이기찬,"경기도 김포시 태장로789,732호 (장기동,금광하이테크시티)",135147384.0,83.8392,합동작전분석모델-II 체계개발,군
전투실험 발전 세미나 과제 연구용역(1),국방부(운영지원과),259666714.0,88.7186,2021-06-08,주식회사 안보기술연구원,,,"서울특별시 성북구 안암로145 (안암동5가, 고려대학교)",259570617.0,88.714,방위사업 계약법령 체계화 방안 연구,중앙행정기관
AI 기반 6세대 전투기 운용개념 및 발전방안 연구,공군본부,,92.4612,,,,,,,92.4644,22-15차 연구장비 구매 계약 - 진탕욕조,군
대형 국외구매사업의 합리적 기종결정방안 연구,제9691부대,382299626.0,,2023-01-29,사단법인 안보경영연구원,박정기,,"서울특별시 용산구 청파로 40, 삼구빌딩 1815호(한강로3가)",382099234.0,94.0513,진중문고 운영 및 활용 증진방안 연구 용역,제9691부대
대류권산란파 장거리통신장비의 군사적활용 검증연구,공군작사근무지원단,36353856.0,91.4059,2018-03-10,(사)한국기상전문인협회,방혁준,이경미,"대전광역시 유성구 대학로 99(궁동, 충남대학교)",36354945.0,,AI기반 컴퓨터생성가상군 구축 기술 연구용역,합동참모본부
18년 지상군 전시자원소요분석모델 유지보수 용역,국군재정관리단,,82.8551,2023-01-17,,,,,162824033.0,82.8519,수질분석기 등 2종 구매,군
차륜형장갑차 성능개량 사업 비용분석,국군재정관리단,207726701.0,,2023-08-27,(사단) 한국정치학회,김진원,정주교,"서울특별시 성동구 왕십리로 222, 한양대학교 내 한양종합기술연구원 110호(행당동)",,100.2513,24~25-F-OOOO 수집/분석장비 유지보수,군
근무주정 내항성 향상 함형 개발 연구,국방부(운영지원과),33753433.0,78.0745,2016-07-21,,,,,33772025.0,78.0625,상륙공격헬기 체계운용요구 및 PBL 적용방안 연구용역,중앙행정기관
(22F067-G) 심리뇌파분석시스템 유지보수사업,공군작사근무지원단,91942461.0,,2023-07-23,알앤알컨설팅 주식회사,김석용,정택주,"서울특별시 송파구 송파대로201-0 (문정동) 송파테라타워2 A동 1213,1214,1215,1216,1217,1218호",,,23-D-기체질량분석기 구매,합동참모본부
OO사단 등 9개 부대 개편사업 선행연구 용역,국군재정관리단,46106359.0,,,,권시형,,,,,SUPPRESSED,군
군인연금관리공단 설립 필요성 등 검토를 위한 연구,공군본부,43608557.0,,,(사)한국전략문제연구소,전건욱,박계향,,,82.7952,(20G003-B)생물안전 3등급 연구시설 유지보수 용역,군
전투실험 설계 및 결과 분석 방법 연구용역,해군군수사령부,7470038.0,82.2603,2017-03-08,,,신인균,,7464384.0,,기갑및기계화부대 중대급 교전훈련장비 선행연구 용역,국군재정관리단
군급식조달체계변화에따른적정급식비산출에대한연구,국방대학교,146818077.0,82.8872,,,,조혜진,,146830767.0,82.888,공무원 징계와 군 징계의 비교법적 연구,중앙행정기관
18-오일 오염도 분석기 구매,제7821부대,,92.4711,,,한민구,,,147965931.0,,유전자 서열 분석기,국군복지단
중금속가열분석기 1항목 구매(의무),공군군수사령부,,78.2385,,주식회사 비용관리연구원,박미경,권민정,"서울특별시 금천구 가산디지털1로1-0 (가산동, 더루벤스밸리) 1208호",257568483.0,78.2341,재투자 의무장비 구매(1차) - 요분석기,제7016부대
추진장약 저장수명 예측 가속노화시험 연구용역,공군본부,198011323.0,91.1507,2019-05-25,,,,,,,단기장교 적정 복무기간 및 지원율 향상 방안 연구,군
18-함정EMP보호대책적용사례분석및개선사항도출연구,육군교육사령부,,,2022-06-26,사단법인 안보경영연구원,전건욱,,"서울특별시 용산구 청파로 40, 삼구빌딩 1815호(한강로3가)",27717157.0,92.5242,기동전투장비의 무인화 운용 적용방안 연구용역,군
17년 지형분석장비 물품 구매설치,국군의무사령부,,94.5998,2018-10-18,,,,"서울특별시 송파구 법원로11길25-0, A동 1310호(문정동, 에이치비즈니스파크)",,,2024년 임상의학연구센터 통계프로그램 구매,군
(226154-E) 차륜정비장비(분석기 차량엔진용) 구매,합동참모본부,533411919.0,86.0291,,,,,,533671729.0,86.0328,DNA정량분석기 등 7항목 구매(의무),군
공군 품목관리관 자격인증제도 도입방안 연구용역,해군본부,163746885.0,98.0644,2018-05-25,서울대학교 산학협력단,이승철,윤진영,경기도 용인시 처인구 모현면 외대로 81(),,,국내 한도액계약 및 성과기반계약 활성화 방안 연구,군
(207134-H)국방보안조사 분석시스템 HW구매(리스물건),공군군수사령부,,70.5881,2020-06-04,대전대학교 산학협력단,홍영기,,"경기도 성남시 수정구 복정로84번길 22-15,(B-001호) (복정동)",247874269.0,70.5891,복합신호분석기 구매(20198178-F),군
국방해킹범죄수사센터 상황분석 시스템 구축,국방부(운영지원과),,80.6021,,사단법인 한국방위사업연구원,,김소미,,30648940.0,80.6015,24-F-분석기 회로망 1종 구매,군
유전자 서열 분석기,육군본부,99453275.0,90.6028,,주식회사 지음지식서비스,노광현,정진욱,서울특별시 강남구 학동로311(논현동) 타호비지니스센터 203호,99480484.0,90.6014,자동염기서열분석기 정비,군
(227334-E)정밀측정장비(스펙트럼분석기 등 2종)구매,공군본부,563929658.0,,2023-01-09,제일공사,김하근,김주완,"대전광역시 유성구 대학로 27, 현대리조텔 2층(봉명동)",563872720.0,78.0909,위성전군방공경보체계 경미한 성능개량 사업분석,국군재정관리단
사이버 자산정보 수집 분석체계 라이선스 구매,국군재정관리단,174799216.0,,2022-12-16,,,한상동,,174950311.0,85.0175,(237020-H)23년 조사분석용 HW 구매,제9691부대
국방인력획득 효율성 제고를 위한 발전방안 연구,육군본부,176445905.0,82.3346,2022-08-15,,,이상규,,176430158.0,,지뢰대응법 하위 법령등에 관한 연구,중앙행정기관
추진장약 안정제 분석시험용 재료 구매,국군재정관리단,24887782.0,95.7043,2023-05-16,법무법인(유한) 세종,,양진,"서울특별시 용산구 한강대로62길41, 3층 (한강로1가)",24921082.0,95.7027,21-공-스펙트럼 분석기 3대 구매,중앙행정기관
21-1차 개념설계 기술지원 연구용역,해군군수사령부,,93.4233,2020-10-07,,,,,464902377.0,93.4243,2020년 범국민 안보의식조사 연구 용역,합동참모본부
국방 디지털 서비스 환경 전환 방안 연구,육군본부,130365056.0,,,재단법인 한국기계전기전자시험연구원,김석용,방윤지,대전광역시 동구 대학로62-0 (용운동),,81.1934,00부대 스마트 자동화 저장창고 신축 비용분석 연구,제9691부대
민군 상생을 위한 대체시설 검토 및 관리방안 연구,방위사업청(운영지원과),78179059.0,88.7178,,,,이형원,,78275132.0,88.713,안보학술진흥연구용역(3.국내안보환경분석또는),군
공신력 확보를 위한 신규국제표준 적용방안 연구용역,공군본부,6189325.0,93.8106,,,,구종우,,,93.8115,육군 자살예방교육 프로그램 연구개발,중앙행정기관
항공관제 분석체계(HW SW) 유지보수,해군군수사령부,,,2021-08-06,라온시스템즈(주),조희아,민정화,"경기도 고양시 덕양구 원당로135번길52-0 (주교동, 은하아파트) B동 지층 1호실호",178861312.0,,잠수함 근무환경의 분석 및 건강모델개발 용역,국군재정관리단
행정업무 간소화 개선방안 연구,국방부(운영지원과),,89.1965,2019-09-10,사단법인 안보경영연구원,박정기,,"서울특별시 용산구 청파로 40, 삼구빌딩 1815호(한강로3가)",,89.1937,해병 과학화경계시스템 추진방안 연구 용역,중앙행정기관
KAAV RCWS/KAAV-Ⅱ총수명주기 비용에 관한 연구용역,국방부(운영지원과),16578875.0,81.9731,2018-11-16,사단법인 안보경영연구원,전건욱,,"서울특별시 강남구 언주로527, 10층 (역삼동)",,,SUPPRESSED,군
23년 육군 장기미래비전 연구용역,국방대학교,234051775.0,,2024-05-29,씨지에스아이티(주),안인수,윤진영,"서울특별시 구로구 디지털로34길55, 1008호 (구로동, 코오롱싸이언스밸리2차)",,95.0794,2024년 방산물자 현황분석 연구용역,중앙행정기관
의료기재(금연구역 표지판 등 85종)구매,국방대학교,,82.524,2019-04-08,,,이우학,,,82.5266,50년 함건조 사례분석 및 발전방안 정립 연구 용역,중앙행정기관
해병대 간부 및 병 획득율 제고를 위한 개선방안 연구,합동참모본부,25735925.0,85.5412,,라온시스템즈(주),김영국,최정일,"서울특별시 금천구 가산디지털1로1-0 (가산동, 더루벤스밸리) 1208호",25732163.0,,군 지휘통신체계 유지보수 발전방안 연구용역,국군수도병원
23-1차 연구의무물자(BL3 중앙실험대 등 5종) 구매,국방대학교,,89.0058,2020-02-29,경희대학교 산학협력단,최경환,진수빈,경상남도 함안군 칠북면 삼칠로 1826티엠시 (주),80206496.0,89.0071,22년 기술연구용역 계약(3),합동참모본부
교육장비(질량분석기) 구매,국방부(운영지원과),45381922.0,87.2673,,오릭스캐피탈코리아(주),박현준,안미숙,충청남도 홍성군 홍북읍 홍예로213-0 (엘에이치스타힐스) 121동 2201호,,87.2682,항-418-012 생화학분석기 시약 등 97종 구매,중앙행정기관
복합신호분석기 구매(20198178-F),국방대학교,116764044.0,,,주식회사 코테스,정양수,조대현,충청남도 계룡시 금암로26-0 (금암동) 105호,116785950.0,96.5666,(207146-F)디지털포렌식 분석장비 도입,군
표적메모리 회로카드 대체품 개발 연구용역,육군본부,168382161.0,,,(주)프라이전트,김도현,,경상남도 창원시 의창구 봉강가술로537번길42-0 (대산면),168379283.0,86.1268,20-PKMR엔진 PBL 비용대효과분석 및 성과지표 연구,군
전구급 항공작전 분석모델의 표적가중치 산정 연구,제2879부대,,93.8855,2022-07-16,,,,,66375218.0,,국방기술조직을 활용한 함정 기술관리 방안 연구 용역,군
2024년 방산물자 현황분석 연구용역,공군본부,711206211.0,97.8879,2018-01-12,(주)두두아이티,노광현,박계향,서울특별시 동작구 여의대방로36길92(대방동),,97.8844,AH-64 헬기 엔진 마운트홀 가공기술 개발 연구용역,국군재정관리단
디지털증거분석 수사체계 구축(208050-A),국군재정관리단,121724315.0,90.6203,2020-11-12,,,서준호,,121717268.0,90.62,상용 SW(수사데이터 분석 도구) 구매,군
120mm 전차포신 약실 검사장비 개발 연구용역,제9691부대,37100330.0,,2019-04-23,사단법인 한국국가전략연구원,김태동,오진성,"서울특별시 금천구 가산디지털2로184, 10층 1017호(가산동, 벽산디지털밸리2차)",37105923.0,89.5833,군사과학기술대학원(가칭) 신설방안 연구,국군재정관리단
군용물자 HSK 연계표 연구,국방부(운영지원과),107246478.0,,2019-11-05,주식회사 아레스,경상현,,서울특별시 송파구 올림픽로505-0 (풍납동),,91.2855,민사분야 연구용역(2-2),중앙행정기관
전자파 측정/분석을 위한 송신장치 개발용역,국군의무사령부,419924054.0,85.2174,,에스제이상사,이숙영,이지원,"서울특별시 금천구 가산디지털1로30,1712호 (가산동,에이스하이엔드타워10차)",,85.2213,의무장비 구매(자동분석기 생화학용),국군재정관리단
해병대 산소분석기 4개 구매,국방시설본부,160846602.0,87.2727,2023-03-15,(주)프라이전트,이상민,박은숙,"서울특별시 금천구 가산디지털1로1-0 (가산동, 더루벤스밸리) 1208호",160837751.0,87.2715,(246072-F) 분석기 스펙트럼용 구매,국군재정관리단
저피탐 고도화 기술확보방안 연구,육군교육사령부,188968961.0,,2021-01-02,(사)한국기상전문인협회,이정훈,동중영,"서울특별시 중랑구 동일로754, 6동 201호(중화동, 우성타운)",,,정기기초연구과제연구용역(8.국가재난사태..),국군재정관리단
18년 00부대 사이버 침해사고 조사/분석체계 도입사업,제2307부대,199265623.0,84.8263,2022-01-16,주식회사 아이앤비,조정선,장재필,"충청남도 천안시 서북구 쌍용17길8, 3동 1202호(쌍용동, 쌍용모란아파트)",,,AI를 적용한 화생방 드론봇 전력체계 연구 용역,국군재정관리단
BLT급 과학화상륙(지상)전 모의훈련체계 구축 연구,국방대학교,120628974.0,94.48,,주식회사  인섹시큐리티,박호균,박종부,충청북도 청주시 서원구 남이면 양촌2길10-1,,94.4829,헬기 보조동력장치 시험장비 개발 연구용역,중앙행정기관
워리어플랫폼 최적화 방안 및 핵심요구능력 연구,제2879부대,10883081.0,91.1949,,건양대학교 산학협력단,,,"서울특별시 강남구 테헤란로69길5(삼성동,DT센터)",,,선진 육군가치문화 조성 연구용역,중앙행정기관
총 수명주기간 함정 안전진단 수행체계 개선방안 연구,국방부(운영지원과),36721237.0,91.9977,2017-05-07,사단법인 안보경영연구원,전건욱,,"서울특별시 강남구 언주로527, 10층 (역삼동)",36728458.0,91.9961,폭발물처리 자격신설 연구,중앙행정기관
용산헬기장 소음영향평가 연구용역,제9691부대,,,2021-03-20,한성대학교 산학협력단,박지현,정영숙,"서울특별시 서초구 방배로27길12-0 (방배동), 201호",23636646.0,86.6144,물류운영체계 개선 연구용역(21J040-B),군
공군조직내 잠재갈등 분석 및 공군문화 발전방안 연구,방위사업청(운영지원과),19335215.0,92.6901,,주식회사 맥스바이오텍,김한희,문영옥,"서울특별시 송파구 석촌호수로138, 202호 (삼전동)",19360346.0,,군용항공기를 활용한 공중발사체 운영방안 연구,군
육군수사단 부대개편 시설사업 선행연구 용역,국군재정관리단,,,2018-10-22,미래산업,장복철,최동양,서울특별시 성북구 삼선교로16길116-0 (삼선동2가),102013788.0,,군용차량 배출가스 환경영향 및 기준 검토 연구용역,기관
22년 의무장비(요분석기) 구매,제20전투비행단,236318043.0,90.5648,2023-09-30,(주)프라이전트,김태일,조대현,경기도 양주시 장흥면 권율로86-1 (그린숲타운)108동502호,236113353.0,90.5609,군 암호체계 분석보호시스템 분석도구 구매,국군재정관리단
해병대 인력획득체계 분석 발전 방향 연구 용역,육군교육사령부,141930861.0,,2021-05-08,,,,,141957802.0,87.7653,ATCIS 개방형 OS 전환 비용대비 효과분석 연구용역,중앙행정기관
특수작전용대형기동헬기 시설사업기본계획 연구용역,국군재정관리단,,,,와이엠,김도현,임한영,"서울특별시 금천구 가산디지털2로14,  14층 1405, 1406호(가산동)",,86.7494,24년 국방민원서비스 만족도 조사 연구,군
20-MTU엔진 PBL 비용대효과분석 및 성과지표 연구,국군대전병원,,,,재단법인 한국산업관계연구원,이성로,조현선,"경기도 성남시 수정구 복정로84번길 22-15,(B-001호) (복정동)",90024221.0,92.3214,GPS 항재밍 성능점검 개선방향에 대한 연구,군
유도무기 신뢰수준 및 시험사격 적정수량 연구,국방부(운영지원과),315630678.0,,2020-04-02,사단법인 한국국가전략연구원,,윤태훈,"경기도 용인시 기흥구 덕영대로1732-0 (서천동, 경희대학교 국제캠퍼스내)",,97.8614,국방대 이전 효과 연구 용역,군
안보학술진흥연구용역(2.국제안보환경또는),국군재정관리단,,86.4757,2019-08-06,(주)에프오알엠도시건축공간연구소,,김한욱,"서울특별시 송파구 법원로11길25-0, A동 1310호(문정동, 에이치비즈니스파크)",47715330.0,86.4774,23-6차 조달 연구장비(겔이미지 시스템) 구매 계약,중앙행정기관
공무원 징계와 군 징계의 비교법적 연구,국군재정관리단,68852710.0,,,,,장재필,,68834936.0,76.9302,방산수출 진흥을 위한 보호법령 정비방안 연구,군
공무직근로자 등 임금체계 개선(안)마련 연구,국방부(운영지원과),104092440.0,86.3935,,,,안주섭,"서울특별시 구로구 디지털로33길55, 1009호 (구로동, 이앤씨벤처드림타워2차)",,86.3934,시뮬레이터 소프트웨어 보안성 시험 방안 연구,중앙행정기관
밀리토피아 골프연습장 운영에 관한 연구 용역,국군재정관리단,26309530.0,71.8236,2019-09-12,케이엠글로벌,김석용,,"서울특별시 송파구 송파대로167 , 비동 1303호 (문정동, 문정역테라타워)",,71.8163,작전지휘시설 신축 분석평가 및 선행연구용역,중앙행정기관
보코더 특성분석 플랫폼 개발 연구용역,국방부(운영지원과),250789351.0,,,주식회사 에스에이컨설팅,노광현,,"경기도 용인시 기흥구 흥덕중앙로120-0 (영덕동, U - TOWER)",250691225.0,96.7307,공병분야 M&S 연구용역,군
23-D-라만분광분석기 구매,국군재정관리단,43470871.0,90.5321,2024-05-08,주식회사 우성텔레콤,윤미선,전수현,"대구광역시 북구 동북로163, 101동 1605호(산격동, 산격대우아파트)",,,(226320-B) 지형분석장비 교체(리스물건),군
정책현안연구용역(글로벌중추국가의...),국군재정관리단,,89.2266,2020-12-17,사단법인 안보경영연구원,박정기,,,385597290.0,,정밀루트 및 문화재 지표조사 연구용역,국군재정관리단
국방연구개발사업의 성과조사.분석 연구,해군군수사령부,15324066.0,,2021-09-30,국방대학교산학협력단,김진욱,이희섭,"서울특별시 성동구 성수일로4길25, 16층 (성수동2가, 서울숲코오롱디지털타워 1차)",15310708.0,91.603,국방연구개발사업의 성과조사.분석 연구,제9691부대
차기 탑재/양륙 모의체계 개발 개념 연구 용역,국군재정관리단,125177385.0,83.6429,2016-03-29,,박정기,,,125161987.0,,군사과학기술대학원(가칭) 신설방안 연구,기관
국방R&D 과제 평가체계 개선방안 연구,국방부조사본부,,69.6157,,(주)심네트,변중무,,충청남도 천안시 동남구 풍세로303-0,233351644.0,69.6193,해군 스마트 항공기지 발전방향 연구용역,국군의무학교
[상층대기 분석장비]회로카드 조립체 등 4종 구매,방위사업청(운영지원과),,93.9043,2024-05-24,태형상사주식회사,정성윤,오은주,"경기도 광명시 양지로21-0 (일직동), 제유-플래닛티타워동 1301호(일직동,유-플래닛)",85236660.0,,항공전투 시뮬레이션 대회 대행 용역,중앙행정기관
잠수함 훈련장비(저주파분석  대함모의) 유지보수용역,제2879부대,181917268.0,96.7976,,주식회사 메디시온,권택조,이창환,"서울특별시 구로구 공원로6나길12-0 (구로동,경방빌딩) 301호",,,생화학분석기(동물용) 1항목 구매(의무),군
국방정보화법률 개정입법 추진전략 연구,방위사업청(운영지원과),,,2020-10-15,,,이귀숙,"서울특별시 송파구 법원로11길25-0, A동 1310호(문정동, 에이치비즈니스파크)",13726168.0,,스마트팩토리 기반 KAAV창정비 공장 연구 용역(1),중앙행정기관
유류시험장비(금속성분분석기(ICP))구매,4284부대,28157031.0,93.5552,2020-05-11,건양대학교 산학협력단,임창흥,,대전광역시 유성구 노은로170-0 (지족동) 스타시티빌딩 6층,28150529.0,93.5581,해군분석모델 서버 교체사업,중앙행정기관
(22G140-A)범국민 안보의식조사 연구 용역,방위사업청(운영지원과),223124521.0,99.0209,2017-11-01,에스엠트레이딩,백다리아,장재필,"서울특별시 중구 퇴계로27길25, 305호(충무로3가, 청림빌딩)",223026256.0,99.0218,민군 상생을 위한 훈련장 최적환 관리방안 연구,중앙행정기관
차세대 미사일 방어 무기체계 발전 방향 연구,국군재정관리단,,,2022-11-23,(사)한국전략문제연구소,,김봉환,"서울특별시 용산구 청파로 40, 삼구빌딩 1815호(한강로3가)",47460444.0,91.598,건설현장 안전 관리시스템 구축 연구용역,군
음향/진동분야 KOLAS 인정 획득 컨설팅 연구용역,방위사업청(운영지원과),111520258.0,89.7345,2021-03-04,주식회사 쏠바이오텍,권택연,이동희,"경기도 성남시 수정구 복정로84번길 22-15,(B-001호) (복정동)",111598044.0,89.7313,임베디드 및 군 무선통신 취약점 분석기술 연구,군
군사시설 타운화 개념의 부대 재배치 방안 연구,국군의무사령부,80489514.0,87.8468,2019-10-15,,한민구,승아현,"서울특별시 용산구 한강대로62길41, 3층 (한강로1가)",,,대형양산사업의 제반 조건 분석 및 방안 연구,군
고출력레이저 위성추적체계 구축방안 연구,국방부군사편찬연구소,,98.1493,2017-08-28,노무법인 디와이,가회광,이병택,"서울특별시 성북구 화랑로76, 제3층 307호(하월곡동,코업스타클래스)",18806167.0,,육군 미디어전 교리화 연구용역,국군재정관리단
24년 기술연구용역(3),제9691부대,183933641.0,94.7478,,라온시스템즈(주),장승규,안민식,경기도 김포시 양촌읍 대곶남로580번길38-0,183967998.0,,전탐감시대 감시장비 원격통합감시체계 구축 연구,중앙행정기관
군의료 특성화 연구용역(말라리아 발생 예측연구),공군군수사령부,,78.792,,(주)프라이전트,이상민,박계향,"서울특별시 구로구 디지털로243, 705호(구로동, 지하이시티)",,,군 자동소음측정망 설치기준 및 운영방안 연구,군
사이버전 수행개념 및 절차 연구,방위사업청(운영지원과),59580148.0,,,상명대학교산학협력단,이현화,이진아,세종특별자치시  시청대로370-0,,92.8285,연구소 화생방연구활동 재료비 초자 구매,중앙행정기관
24년 의무장비(헤모글로빈 A1C자동분석기) 구매,해군본부,,88.1244,,,,이선영,,67332818.0,,(246247-D) 이동형 심리생리반응 분석장비 구매,군
항행안전시설 비행점검장비의 군 필요성...연구,제2879부대,,86.7102,2019-01-22,(사)21세기군사연구소,,,,23185728.0,86.7055,생존성 향상을 위한 개인 부대방호 능력 분석 연구,군
미래 해양강군 해군비전 2045개정 방향 연구,공군본부,,,,주식회사 한국직업자격연구원,노희영,유상지,"경기도 성남시 분당구 탄천상로164, A동 2층 247호(구미동, 시그마2오피스텔)",13542600.0,92.6955,민간군사기업(PMC) 등 민간 아웃소싱에 대한 개념연구,군
5G 기반 스마트 교육훈련단 구축 및 운영 연구용역,국군재정관리단,29943089.0,,2016-07-29,주식회사 복은,손창호,이대영,경기도 김포시 월곶면 김포대로2708-37,29905870.0,78.8182,K-UAM과 연계한 드론 통합관제체계 구축 방안 연구,중앙행정기관
미군 전투실험 논리 및 기법의 우리군 적용방안 연구,제6619부대,84905798.0,90.4738,,,,추현아,,84999662.0,90.4742,CH-47헬기 호이스트 군직정비방안 연구 용역,군
항공교통 업무 수행 및 공역체계 개선 방안 연구,국군재정관리단,8453452.0,79.2438,,한국해양과학기술원,한영수,이수행,울산광역시 울주군 언양읍 유니스트길50-0 울산과학기술원,,,국방컨벤션 발전방향 연구용역,중앙행정기관
20-PKMR엔진 PBL 비용대효과분석 및 성과지표 연구,방위사업청(운영지원과),,80.5702,2020-03-22,,,이수행,,243941459.0,80.5633,탄약 및 용기 레이저 제청 시스템 응용연구 용역,군
무건리훈련장 갈등영향분석 용역,육군본부,,,2023-05-09,,,,서울특별시 노원구 화랑로574-0 (공릉동),155024138.0,89.5326,2019년 의무장비(요분석기) 구매-재투자,제2879부대
21-공-신호발생분석기 구매,합동참모본부,1352320.0,94.0518,2024-03-01,주식회사아이디에프,조희아,곽새롬,충청북도 청주시 서원구 남이면 양촌2길10-1,,94.0485,자동염기서열분석기 소모품 구매설치,군
(24육-용역9)스마트 통합물류센터 신축 선행연구 용역,국군재정관리단,141081260.0,98.9804,2018-09-09,경희대학교산학협력단,조완제,박서연,부산광역시 영도구 해양로385-0 (동삼동),141136697.0,98.981,정밀측정장비(레벨분석기) 구매,중앙행정기관
상륙공격헬기 체계운용요구 및 PBL 적용방안 연구용역,육군교육사령부,12939121.0,93.4977,2017-08-16,,,,,,93.5019,근무주정 내항성 향상 함형 개발 연구,중앙행정기관
국내 대형민간항공기 활용 공중발사 가능성 분석 연구,방위사업청,104283038.0,89.9093,2022-03-17,,,민희숙,,,,Edu-Tech 교육체계 개발 연구용역,중앙행정기관
21-04-142 신호분석기 등 3 품목,국방부(운영지원과),,73.4481,2020-07-31,국방대학교산학협력단,유훈,오진성,충청남도 논산시 양촌면 황산벌로1040,26815507.0,,(20F169-A)지형분석장비 교체사업 등 17건 금융리스,군
회로카드 고장예측용 해석도구 활용방안 연구용역,국군재정관리단,132072672.0,87.6968,2019-11-03,(주)에프오알엠도시건축공간연구소,,김지훈,,132038506.0,,해병대 정체성 향상 프로그램 교육체계 설계 연구,군
230mm급 무유도탄사업 선행연구,국군재정관리단,99399600.0,,,사단법인 안보경영연구원,전건욱,,"서울특별시 강남구 언주로527, 10층 (역삼동)",,90.7427,선체고정음탐기 선행연구 용역,중앙행정기관
관제레이더 장애징후분석 및 원격감시체계구축,국방부(운영지원과),26950278.0,,2022-07-25,,,윤영현,충청남도 논산시 양촌면 황산벌로1040,26970969.0,91.8613,군사과학기술대학원(가칭) 신설방안 연구,중앙행정기관
미래 육군 여군인력 활용성 제고방안 연구,국군재정관리단,,,2024-08-22,주식회사 팬웨스트에스앤티,최규식,권시형,"서울특별시 영등포구 도림로462, 지층6호 (문래동3가, 국화상가)",70471364.0,,국방정보화법 하위법령 개정방안 연구,중앙행정기관
16-상층대기 분석장비 외주정비,국군재정관리단,83579924.0,90.2244,2021-08-21,주식회사 지음지식서비스,김태호,,"경기도 고양시 덕양구 항공대학로76-0 (화전동, 한국항공대학교내)",,90.2251,안보학술연구용역(2. 국제안보환경과),기관
국방데이터 품질점검 실증 및 운영방안 연구 사업,해군본부,128339674.0,86.658,2019-03-04,한디자인그룹주식회사,고영호,이해용,경기도 성남시 수정구 성남대로1342-0 (복정동),128207993.0,,PLS차량 운용효과 Arena 모델링 연구 용역,기관
중합염기서열분석기 구매,국군재정관리단,63546692.0,92.1601,2024-06-19,경희대학교산학협력단,신명화,정기쁨,충청북도 청주시 서원구 성화로99,63573784.0,92.1663,0000 00 체계 분석 자재 구매,군
전력발휘 보장을 위한 예비군훈련체계 연구,방위사업청(운영지원과),29586646.0,,2017-01-16,(사)한국전략문제연구소,,,,29592032.0,86.3116,선체고정음탐기 선행연구 용역,중앙행정기관
K1A1전차 성능개량 사업분석,국군재정관리단,248470936.0,66.106,2022-02-23,아주대학교 산학협력단,김영욱,이우희,대전광역시 동구 대학로62-0 (용운동),248410781.0,66.1151,항-19-032 자동면역분석기 시약(HBsAg RGT)등 112종,군
풍력발전기에 의한 방공레이다 등의 작전영향 연구,해군본부,33057794.0,89.5809,,(사)21세기군사연구소,권시형,이연수,"경기도 파주시 문산로26번길14-0 (문산읍, 문산호수아파트)",33037643.0,89.5785,공개SW 군 확산을 위한 정책수립 연구,군
군사시설 타운화 개념의 부대 재배치 방안 연구,국군의무사령부,105784873.0,99.6911,2020-05-19,,,양정승,,105731022.0,99.6917,유도로켓(비궁) 성능개량 소요 및 방법 분석 연구용역,제9691부대
23년 전투발전 연구용역(4),제9965부대,41792965.0,90.2023,2022-11-29,,,윤태훈,,41816671.0,,22-2차 연구장비 구매 계약 - 기구세척기 초음파형,국군제1068부대
군사작전 수행여건 정부개발계획 발전방향 연구,공군본부,153869635.0,95.6799,,한남대학교 산학협력단,,,경기도 평택시 청북면 고렴길181번길 13(),,95.682,시뮬레이터 소프트웨어 보안성 시험 방안 연구,군
동서지형의 차이를 고려한 부대 및 전력구조 연구용역,국군재정관리단,333804.0,71.0388,,동국대학교 WISE캠퍼스 산학협력단,최재성,홍종운,"서울특별시 서대문구 연세로 50, 연세대학교(신촌동)",,71.0412,전장리더십 역량의 평시 개발 연구,군
軍 태양광 시범사업 효과 분석평가 용역,공군본부,,63.6729,2022-06-22,이매니지먼트(주),김진욱,이수형,"경기도 고양시 덕양구 항공대학로76-0 (화전동, 한국항공대학교내)",118847484.0,63.6692,핵심기술(위성용 SAR 안테나) 비용분석,제20전투비행단
통제분석 프로그램 설치 외 6종 구매 설치납품,해군군수사령부,32529766.0,91.3721,2021-12-01,씨오(CO)산업,김승준,장중원,"서울특별시 금천구 가산디지털1로145, 308호 (가산동, 에이스하이엔드타워 3차)",32520700.0,,24-00부대 전력화 추진방안 정책연구용역,국군재정관리단
방위산업기술 유출 및 침해 대응체계 구축방안 연구,해군본부,237266724.0,75.7534,2016-03-26,한성대학교 산학협력단,최진식,,"서울특별시 강남구 역삼로17길57, 그랜드빌딩 B1층 (역삼동)",237242638.0,,지상작전과 연계한 사이버전 수행방안 연구,군
방음정비고 사업 정립을 위한 선행연구용역,방위사업청(운영지원과),62108633.0,93.1484,2017-04-18,한국항공대학교 산학협력단,권혁웅,,"충청북도 청주시 청원구 대성로298-0 (내덕동, 청주대학교)",,,해병대 과학화예비군 훈련장 발전방안 연구 용역,중앙행정기관
MZ세대 주거시설 시설기준 제·개정 연구용역,합동참모본부,27190810.0,77.1413,2019-07-20,에스앤에스이앤지 주식회사,한민구,박재완,경상남도 진주시 정촌면 연꽃로141,27213700.0,77.1415,복합재 내부결함 위험도 평가방법 연구개발,군
화학작용제 자동분석기 MM-1 외주정비,국방대학교,4849779.0,88.5535,2020-07-20,주식회사 삼우에이엔씨,김하근,허정성,서울특별시 금천구 벚꽃로298-0 (가산동) 6층 601호,4860753.0,88.5586,실감형 디지털 정신전력교육 실태 및 개선방안 연구,합동참모본부
복합무기체계 시험평가 제도개선에 관한 연구,육군교육사령부,1444376.0,,,서울대학교 산학협력단,허건영,,"경기도 수원시 영통구 신원로306, 1동 8층(원천동, 이노플렉스)",1445795.0,91.9014,미래 한국 해병대의 군구조 연구용역,중앙행정기관
진동분석시험장비 진동감지센서 등 16종 구매,방위사업청(운영지원과),,,,,,정봉원,,10332408.0,92.2298,자동 00분석 지원체계 구축(20197115-H),중앙행정기관
병 자기개발비용지원 적정추진체계 구축 연구용역,육군교육사령부,,80.6591,2020-11-03,엘아이지넥스원주식회사,최규식,윤진영,경기도 광주시 중앙로320-40 (송정동),163251215.0,,23년 전투실험(연구용역사업),중앙행정기관
미래 전투기 등급분류 발전방향 연구,4284부대,87476614.0,,,(주)심네트,차진섭,박계향,충청북도 충주시 대학로50-0 (대소원면),87431271.0,,군내 성희롱 행위자 재발방지 프로그램 연구,제9691부대
병력동원 지정 및 훈련체계 효율화 연구,국군재정관리단,,,,한국항공대학교 산학협력단,이영환,배수호,서울특별시 서대문구 충정로53-0 (충정로2가) 골든타워빌딩 1701호,141634571.0,95.8628,안전하고 신뢰할 수 있는 AI활용 국방가이드라인 연구,군
K9자주포 연료펌프 성능개선 시제품 개발 기술 용역,국군재정관리단,322993611.0,86.5699,2024-04-25,주식회사 엔에이치,박현준,이의재,경기도 남양주시 진접읍 양진로816-28,322854999.0,86.5704,24년 의무장비(요분석기) 구매,군
운용함정 손상대응 훈련 시나리오 연구 용역,국군재정관리단,121158137.0,89.6354,2016-11-07,,,,,,89.6381,미군 전투실험 논리 및 기법의 우리군 적용방안 연구,중앙행정기관
감염 및 외상분야 군의료 특성화 연구(2차),육군교육사령부,37864342.0,73.0803,,,,,,,73.0712,국방 인공지능 발전계획 수립연구,군
자주발칸 제어용 모듈 대체품 개발 연구용역,육군본부,12795932.0,98.2513,2017-11-23,,,윤진영,,,98.2506,국방기상 빅데이터 통합을 위한 정책연구,군
경어뢰 성능개량사업 전문용역 비용분석,공군본부,71764460.0,89.5474,,사단법인 대한민국 육군발전협회,권시형,이미선,"서울특별시 금천구 가마산로96-0, 213호(가산동, 대륭테크노타운8차)",71823150.0,,00부대 국방 보안조사 분석시스템 SW 구매,군
22년 기술연구용역 계약(4),국군재정관리단,49171894.0,81.6274,2023-05-29,,,방금인,"서울특별시 송파구 법원로9길26, D동 1104호(문정동, H-비즈니스파크)",49170300.0,81.6186,22-병력절감형 Smart Battleship 함정 설계연구,제9691부대
정보분석낭 구성품 구매,국군재정관리단,429054952.0,85.9293,2020-08-19,티쓰리큐 주식회사,김운용,전수현,"서울특별시 금천구 가산디지털1로1-0 (가산동, 더루벤스밸리) 1208호",,85.9327,19~20년 육군M&S센터 전문분석관 운용 용역,중앙행정기관
대전병원 자동 뇨 분석기 등 소모품 46종 구매,공군본부,240714170.0,91.7037,,마린전자상사,박종호,,서울특별시 성북구 삼선교로16길116-0 (삼선동2가),240842395.0,,AI를 이용한 기상관측장비 고장예측 기술 선행연구,국군재정관리단
17년 분광분석 폭발물탐지 연구용역,육군교육사령부,31461791.0,86.3527,,,,,,31456642.0,,절충교역 제도 선진화 방안 연구,중앙행정기관
항-19-082 자동면역분석기 시약 등 27종,공군본부,34753718.0,86.293,,단국대학교 산학협력단,신지웅,김주완,대전광역시 대덕구 대전로1397번안길70-0 (읍내동),,86.2881,항공관제 분석체계(HW SW) 유지보수,제9691부대
탄도수정신관 사업분석,해군군수사령부,,84.8595,2024-02-04,,,권시형,,141100271.0,84.8632,월간지(안보현안분석  린사포럼) 인쇄 용역,제2879부대
군 모바일 업무혁신 추진방안 연구용역,방위사업청(운영지원과),,82.2067,2020-02-05,,,,,48656647.0,82.1998,19년 천궁 성과기반군수지원 적용방안 연구용역,군
CN-235 항공기 특성(RCS/IR Signature) 연구,공군방공관제사령부,,90.7612,2018-02-19,,,,,64840296.0,90.7614,소형무장헬기 경제적 획득 방안 연구,국군수도병원
(상생협력실)갈등영향분석 연구용역(C013),한미연합군사령부,,,2023-08-03,주식회사 굿컨설팅그룹,김운용,최동숙,경상북도 경산시 서상길85-0 (서상동),485725910.0,82.5274,22년 서울안보대화 프로그램 기획 및 발전방향 연구,국군제1068부대
건설현장 안전 관리시스템 구축 연구용역,공군작사근무지원단,9650024.0,,,(주)레오이노비젼,구칠효,남해린,서울특별시 광진구 군자동98 집현관 216,9665215.0,86.0544,22-1차 연구장비 구매 계약 - 증기후드,국군재정관리단
육군 자살예방교육 프로그램 연구개발,국방부(운영지원과),2301088.0,,2017-09-23,사단법인 안보경영연구원,전건욱,,"서울특별시 강남구 언주로527, 10층 (역삼동)",2296577.0,89.3289,20년 국방정책연구과제,군
국방표준서 제정(3차) 연구,국군재정관리단,,95.8789,,,,,,184015303.0,95.8819,복합재 항공기 구조물 구조건전성 해석기법 연구용역,군
화생방정찰차-II(차량형) 시설사업기본계획 연구용역,육군본부,78876051.0,86.365,2020-02-11,사단법인 안보경영연구원,,,"서울특별시 강남구 언주로527, 10층 (역삼동)",,86.3636,21년 전투발전 연구과제 세미나 수행 용역,국군재정관리단
“제○○동원사단 부대사” 연구 용역,국군재정관리단,,88.1111,2019-11-04,주식회사 에코비투,최치원,김승준,충청북도 청주시 서원구 남이면 양촌2길10-1,315351.0,88.1115,KUH-1 엔진 시험장비 고장예측시스템 개발 연구용역,합동참모본부
24년 국한문 혼용 공군 역사서 한글화 연구용역,공군본부,,,2023-01-14,(사)한국산업기술보호협회,곽재수,김지훈,서울특별시 노원구 공릉로 232서울과학기술대학교 테크노큐브 2층 산학협력단,22351335.0,,UH-60헬기 연료라인 야전 시험장비 개발 연구용역,군
목표비용관리(CAIV) 내실화 방안 연구,육군본부,220870204.0,82.8033,2022-05-26,재단법인 한국군사문제연구원,전건욱,,"경기도 성남시 수정구 위례대로83(창곡동, 국방문화센터)",,82.806,영평사격장 주변지역 주민이주 방안 연구,군
미래 무기체계 소요 연구용역,국군재정관리단,32306315.0,86.1552,2017-01-22,,전건욱,,,32335347.0,86.1613,L-V-C 전투실험체계 구축방안 연구 용역,중앙행정기관
20-161 218 동물용 자동분석기 등 3품목,국군재정관리단,179757146.0,,2022-02-16,주식회사 디티알기술사사무소,정재호,허정성,"경기도 성남시 중원구 사기막골로159-0 (상대원동, 금강하이테크2 아파트형공장) 711호",179743471.0,89.9102,수질분석기 등 2종 구매,군
연구개발 부품[캐피시터등50종1655점 구매],국군재정관리단,16061722.0,,,,이문걸,권시형,,16056547.0,95.4169,군용항공기 비행안전성 인증업무분석 및 발전방안연구,군
소형무장헬기 경제적 획득 방안 연구,해군본부,10042129.0,93.2512,2023-05-03,,권시형,염진수,,10055323.0,93.2527,육군 NCS 기반 직무 및 요구역량 조건표 연구용역,제9691부대
시뮬레이터 소프트웨어 보안성 시험 방안 연구,해군본부,,83.8673,2021-10-26,,,이정희,,42941375.0,,신기술 기반 공군 교육통합플랫폼 구축방안 연구,기관
청정국방 구현을 위한 반부패 청렴정책 추진방안 연구,합동참모본부,145084963.0,94.2708,2016-08-28,,,,,145010959.0,94.2697,21년 전투발전 연구용역(2),군
무기체계 획득.운용 연구용역,방위사업청(운영지원과),,86.6631,2021-07-12,,,,,,86.6631,19년 천궁 성과기반군수지원 적용방안 연구용역,중앙행정기관
분석기(비행조종계통 점검용)외1종 구매(16-38),해군본부,19566607.0,94.9298,2022-12-16,주식회사 엘씨케이테크놀로지스,허성일,강성수,"서울특별시 송파구 석촌호수로138, 202호 (삼전동)",19548095.0,94.9356,항-16-069 자동면역분석기 시약 등 37종,군
한미동맹과 비군사적 협력 연구용역,국방부(운영지원과),73942522.0,93.6782,,한국재료연구원,강연준,이수형,서울특별시 관악구 관악로서울대학교 사회과학대학 16-539,,,국방분야 국가자격 신설종목 연구,중앙행정기관
특수작전용대형기동헬기 기종결정 평가방안 연구,해군군수사령부,18247156.0,,2021-09-19,(사)21세기군사연구소,권오성,동중영,서울특별시 관악구 관악로1 (신림동),,82.0162,인터넷접속/전자우편 통제 및 분석체계 교체사업 리스,중앙행정기관
차기 C4I체계 성능개량 및 유지보수방안 연구,국군재정관리단,101750805.0,79.5426,2021-06-30,재단법인 한국군사문제연구원,전건욱,,"서울특별시 강남구 언주로527, 10층 (역삼동)",101749649.0,,CCTV 효율적 관리 및 AI분야 군 적용방안 연구,중앙행정기관
상륙기동헬기 성능개량 소요 분석 연구용역,국군재정관리단,610704931.0,91.6336,2021-05-05,한성대학교 산학협력단,김학준,,세종특별자치시  시청대로370 세종국책연구단지 사회정책동,610676023.0,,네트워크 시험평가용 M&S체계 활용 발전방안 연구,중앙행정기관
실전적 모의지원 연구,국군재정관리단,,90.7142,2019-09-15,사단법인 안보경영연구원,전건욱,,"서울특별시 강남구 언주로527, 10층 (역삼동)",111900182.0,90.7159,아웃도어용식량의 전투식량 활용 및 비축 타당성 연구,중앙행정기관
군사과학기술대학원(가칭) 신설방안 연구,국군재정관리단,142869808.0,91.7087,,사단법인 미래안보산업전략연구원,김지현,이지윤,"서울특별시 용산구 한강대로30길25 (한강로2가, 아스테리움 용산) 11층 2호",142956931.0,91.7047,국내개발 전투기의 진화적 개발전략 적용 연구,군
북단 유도로 신설사업 분석평가 및 선행연구 용역,육군본부,48380465.0,93.4536,,,,,,,,21-함정 창정비 효율화 방안 연구,중앙행정기관
활주로지역 배수로 개선 분석평가 및 선행연구 용역,국군재정관리단,286977545.0,89.5247,2019-11-17,숙명여자대학교산학협력단,김지찬,한상동,"서울특별시 금천구 가산디지털2로184, 1017호(가산동, 벽산.경인디지털밸리2)",287094671.0,89.5239,22-13차 연구장비 구매 계약 - 원심분리기 중형,군
미래 예비군훈련 제도 종합발전 방안 연구,방위사업청(운영지원과),9642536.0,,2020-06-01,(주)휴먼이퀘이션,이상희,권시형,경기도 성남시 분당구 성남대로912-0 (야탑동) BYC빌딩 607,9650667.0,76.5007,사회공학기법과 사이버 작전과의 연계성 연구,군
전파환경측정 분석장비 유지보수,4284부대,68571200.0,85.8701,2020-03-03,국방기술품질원,김주희,이지유,"서울특별시 서초구 서운로 226, 서초오피스텔 404호(서초동)",,85.8691,17년 작전지속지원분석모델 유지보수 용역,중앙행정기관
(207180-H)스펙트럼측정/분석장비 노후교체,제6619부대,232876381.0,88.8931,2023-03-02,주식회사 안보기술연구원,정택호,김정일,"인천광역시 계양구 벌말로566번길13-1, 1층(상야동)",232799680.0,88.8959,하이드로릭 입자분석기 구매,제9691부대
23-함정 실내공기질 기준 설정 연구,방위사업청(운영지원과),80468615.0,96.4872,2021-08-22,단국대학교 천안캠퍼스 산학협력단,박종호,박지은,서울특별시 노원구 공릉로 232서울과학기술대학교 테크노큐브 2층 산학협력단,,96.4898,군복무 가치 평가 관련 설문조사 연구용역,중앙행정기관
23년 비용분석모델(True Planning) SW유지보수 용역,국방부유해발굴감식단,351999985.0,94.0353,2022-05-04,주식회사 아이에스오토,조혜진,이종범,경기도 김포시 양촌읍 황금1로89 (학운리2962),351853218.0,94.0376,(20F169-A)지형분석장비 교체사업 등 17건 금융리스,제1363부대
K2전차 3차 양산 사업분석,공군군수사령부,241617495.0,81.8745,,주식회사 엘씨케이테크놀로지스,동중영,김소미,경상북도 영천시 고경면 호국로495-0,241705237.0,,「국방혁신 4.0 기본계획」 수정1호 발전방안 연구,군
작전환경고려 전투실험 방법 및 평가 분석방법 연구,국군의무사령부,115146489.0,94.4017,2019-06-09,,,,,115111127.0,94.3945,군사과학기술대학원(가칭) 신설방안 연구,군
한국적 PKO 현 기반체계의 문제점 분석과 발전 방안,공군제18전투비행단,4578346.0,85.9731,2019-07-27,,,이수행,,4590118.0,85.9733,다목적훈련지원정 후속함(양산)사업 비용분석,국군재정관리단
군무원 적정 충원 비율에 관한 연구 용역,국군재정관리단,,,2023-11-26,한디자인그룹주식회사,노광현,이숙,충청북도 청주시 서원구 남이면 남석로326,42843062.0,84.0296,무기체계 인공지능 기술적용 JROC 작성지침 개정 연구,국군수도병원
20-PKMR엔진 PBL 비용대효과분석 및 성과지표 연구,국군재정관리단,331211665.0,86.9331,2018-02-09,티에스와이,전병욱,송민석,서울특별시 마포구 독막로331-0 (도화동) 마스터즈타워빌딩 902호,331194578.0,86.9316,원격제어조립체 개발 연구개발(2019H027-B),국군재정관리단
군 급식 민간위탁 시범사업 성과분석 연구,국군재정관리단,,92.9437,2020-08-29,,,,,282547304.0,92.9459,신기술 기반 공군 교육통합플랫폼 구축방안 연구,중앙행정기관
자동염기서열 분석기 구매설치,해군군수사령부,,72.9868,2022-04-07,주식회사 공공정책성과평가연구원,정연길,이민수,부산광역시 남구 용호로252번길11-0 (용호동),21576678.0,,디지털증거분석 수사체계 구축(208050-A),제3707부대
죽변 비상활주로 민ㆍ민갈등 해소방안 연구,국군재정관리단,,90.1685,2023-04-08,(재)한국해양전략연구소,김주희,박계향,,34144133.0,,정보통신기능 성능개량 체계 구축 연구 용역,국군재정관리단
육군 부사관학교 시설종합발전계획 연구용역,합동참모본부,5991113.0,,2020-12-22,,,박계향,,5987516.0,71.0321,군용차량 운행 안전성 및 안전관리 개선방안 연구,국군재정관리단
민간우수체계기반 전평시 민군 수송물류업무 협력연구,제5군단사령부,120613938.0,,,MK메디칼,정주교,이은경,"경기도 시흥시 희망공원로 92, 시화공단2마 301-3호(정왕동)",,91.8193,00부대 정보체계 취약점 분석 시스템 구매,국군재정관리단
천궁 창정비 시설사업기본계획 연구용역,방위사업청(운영지원과),,,2018-08-07,,,,,165064462.0,,통섭형 인재 육성을 위한 직무순환 방안 연구 용역,중앙행정기관
인사교육장교 경력관리 개선을 위한 연구용역,육군본부,165388838.0,75.2129,,,전건욱,,,,,19-AW159 PBL 비용대효과분석 및 성과지표 개발 연구,국군재정관리단
작전계획분석모델 S/W 성능개선 용역,공군본부,68544133.0,,,육군사관학교 산학협력단,권시형,,"서울특별시 용산구 한강대로62길41, 3층 (한강로1가)",68575332.0,74.2639,00기지 환경개선 사업 분석평가 및 선행연구 용역,기관
’19년 디지털 포렌식 분석장비 교체(20197105-A),방위사업청(운영지원과),4952737.0,90.3113,,주식회사 현대리서치,박영욱,이창환,서울특별시 용산구 이태원로29-0 (용산동1가) 전쟁기념관 435호,,,소형무인기의 획득 및 운용을 위한 총수명주기 분석,군
국방시설 전력소비 수용률 기준 연구용역,국군재정관리단,,86.5694,2019-12-06,한국교통안전공단,김운용,조대근,"서울특별시 영등포구 국회대로70길15-1 (여의도동), 5층 알587호",280689955.0,86.5727,20-공무직근로자 임금체계 연구용역(K041),군
공무직근로자 등 임금체계실태조사 및 고용환경 분석,방위사업청(운영지원과),,78.0668,2022-03-01,사단법인 안보경영연구원,전건욱,이대영,,72643874.0,78.065,공지통신무전기 및 함대공유도탄-II 사업 비용분석,중앙행정기관
18-함정 자기한계치 기준 설정방안 연구,국군제1068부대,,84.4997,2020-05-21,,한민구,김형민,"서울특별시 종로구 홍지문2길20-0 (홍지동, 상명대학교)",8968183.0,,해무극복용 영상감시체계 선행연구용역,군
복합무기체계 시험평가 제도개선에 관한 연구,제6619부대,2830606.0,,,사단법인 안보경영연구원,전건욱,,"서울특별시 강남구 언주로527, 10층 (역삼동)",2828931.0,,해군 부사관 조직문화 혁신방안 연구용역,중앙행정기관
24-그린나래호텔 리모델링 계획의 적절성 분석연구,국방부(운영지원과),67275222.0,98.4884,2021-07-24,진해상사,홍세준,김진송,경상북도 문경시 문경읍 주흘1길20-0,67279979.0,98.4873,AH-64헬기 수평안정판 정비방법 개발 연구용역,중앙행정기관
항19-066 자동면역분석기 시약 등 51종 구매,제9691부대,,91.2489,2021-09-27,육군사관학교 산학협력단,고중혁,김양숙,서울특별시 동작구 흑석로84 (흑석동),,,2024년 임상의학연구센터 통계프로그램 구매,중앙행정기관
국방분야 국가자격 신설종목 연구,공군방공관제사령부,,,,,,박혜인,,5336902.0,100.7278,예비전력 VISION 구현 방향 연구용역,국군제1068부대
20-PKMR엔진 PBL 비용대효과분석 및 성과지표 연구,육군본부,,89.6018,2019-06-21,한국해양대학교산학협력단,김상인,,"서울특별시 서초구 방배천로155, 유청빌딩 3층(방배동 821-8)",152125446.0,,인천지역 도심 친화적 통합 재배치 연구용역2019F009,군
2016년 제2회 국방 분석평가관계관 워크숍 위탁운영,공군군수사령부,243855707.0,,,(주)엔큐컨설팅,석수진,이혜진,"대구광역시 북구 동북로163, 101동 1605호(산격동, 산격대우아파트)",243788684.0,76.7177,세계안보정세분석 연구 용역,군
국방정보통신망 구축방향 연구 용역,방위사업청(운영지원과),42461679.0,95.5502,2018-08-27,,전건욱,이수행,,42442185.0,,함정 연구개발 군 요구조건 관리방안 연구용역,중앙행정기관
(236367-B)표적분석용 워크스테이션 구매(리스물건),국군수도병원,100585936.0,79.5031,,라온시스템즈(주),최경환,이수형,서울특별시 강동구 양재대로1377 (성내동 삼원빌딩 408호),100580925.0,,(236035-G) 23년 네트워크위협분석체계(NTAS) 구축,중앙행정기관
유류시험장비(가스성분 분석기 등 2종) 구매,육군본부,177370731.0,97.2497,2021-05-06,,,정새롬,,177338329.0,97.2483,지형분석도 제작 재료 구매,중앙행정기관
동시방위전략 구현을 위한 미래육군병과체계 발전연구,국군재정관리단,,,2023-01-01,(사)한국능률협회,김진욱,김선주,세종특별자치시  시청대로370 세종국책연구단지 사회정책동,,,22-해병대 병영문화혁신 외부 연구용역,군
워리어플랫폼 미래단계 추진방향 연구용역,국군재정관리단,,95.4495,2021-02-26,(사)한국능률협회,김진욱,,대전광역시 유성구 노은로170-0 (지족동) 스타시티빌딩 6층,,,2019년 범국민 안보의식조사 연구 용역,중앙행정기관
법무 계좌통신 분석시스템 구매,방위사업청(운영지원과),43338115.0,94.0371,2022-02-04,삼일회계법인,홍영기,안은희,"경상북도 구미시 1공단로212 (공단동) 제2층 226호(공단동, 한라시그마밸리)",,94.0364,00부대 정보체계 취약점 분석 도구 구매,군
의학연구소 영상진단장비,국군화생방방호사령부,109205844.0,97.0132,2019-12-04,,,,,109285424.0,,군사시설 타운화 개념의 부대 재배치 방안 연구,합동상호운용성기술센터
디지털 증거분석체계 라이센스 확보 사업,해군본부,453180317.0,89.6729,2024-10-07,사단법인 미래안보산업전략연구원,박래호,전영은,서울특별시 영등포구 영등포로35길10-0 (영등포동6가) 8층 809호,453085020.0,,21-375 분석기  주파수편이용 등 1품목,군
군 암호체계 분석보호시스템 분석장비 구매,국방대학교,69584458.0,,,주식회사 해피트리,이진우,이영은,"대구광역시 달서구 도원로46, 610동 304호  (도원동, 별메마을)",,,(237209-F) 자동염기서열분석기 구매 ,제9691부대
22-파라메트릭 기반 함정 수명주기비용 추정방법 연구,육군본부,96503381.0,88.8885,2020-02-20,,,,,96503412.0,88.8861,대잠훈련분석체계(AEAS) 유지보수 용역,군
사이버 기술분석용 라이선스 구매,국방부,580870111.0,,2022-08-16,(주)디앤오종합건축사사무소,엄현성,이수행,충청남도 논산시 양촌면 황산벌로1040,580890615.0,,(216323-C) 네트워크 위협 분석체계 구축사업,국군재정관리단
23-D-액체질량분석기 구매,해군본부,175130880.0,77.2284,2021-10-24,,강창선,유형우,"경기도 고양시 일산서구 산현로17번길38, 1102동 503호",175265355.0,,(236306-F)지형분석장비 교체사업(리스물건),중앙행정기관
K1계열전차 포탑회로망상자 시험장비 개발 연구용역,공군본부,61643042.0,,2022-01-29,,,,,,90.8184,’22년 전투발전 연구과제 용역(4),군
(21F137-A)항공기 사격훈련장 확장방안 연구용역,국군재정관리단,90949943.0,86.5557,,에스앤에스이앤지 주식회사,이경미,,,90945294.0,,방산소재 개발사업 기획 및 인증체계 구축 연구,군
23-D-감정장비(면역화학분석기) 구매,국방부유해발굴감식단,,84.9234,2022-09-05,(사)21세기군사연구소,김진욱,,,158415382.0,84.9179,(237020-H)23년 조사분석용 HW 구매,4284부대
진중문고 운영 및 활용 증진방안 연구 용역,국방부(운영지원과),,90.8879,,,,,,289482240.0,90.8917,대형 후속사업 추진시 기종결정 평가항목 연구,중앙행정기관
(20G003-B)생물안전 3등급 연구시설 유지보수 용역,국군재정관리단,,99.9639,2017-09-15,(사)한국전략문제연구소,전건욱,,"서울특별시 강남구 언주로527, 10층 (역삼동)",,,장비 적정수명 결정요인 선정 및 결정방법연구,중앙행정기관
CBRS 적용한 전투발전체계의 문제점 및 발전방향 연구,국방부(운영지원과),122389830.0,,2020-09-11,대전대학교 산학협력단,김주희,정주교,,122467126.0,84.1942,군 장병 정신건강 실태조사 연구용역,중앙행정기관
진동분석시험장비 진동감지센서 등 16종 구매,국방부군사편찬연구소,,,2021-11-12,(주)도전하는사람들,김지현,김진우,서울특별시 성북구 삼선교로16길116-0 (삼선동2가),157093134.0,77.4293,실감형 디지털 정신전력교육 실태 및 개선방안 연구,국군대전병원
소형전술차량 시설사업 선행연구,방위사업청(운영지원과),1615550.0,,,사단법인 안보경영연구원,전건욱,,"서울특별시 강남구 언주로527, 10층 (역삼동)",1617218.0,93.7466,주변국 지상군에 대한 부대 및 전력구조 연구,중앙행정기관
국방정보체계 SW 품질시험 프레임워크 발전방안 연구,제2879부대,,,2019-07-25,진해상사,박희원,유관우,"서울특별시 서초구 강남대로369, 9,10,13,14층(서초동, 디에타워)",393659958.0,85.5857,지형 지질등을 고려한 지하형 탄약고 신축타당성 연구,합동참모본부
민간인력 편성기준 연구(2019K003-B),제2879부대,39051401.0,97.1945,2018-04-16,(주)이씨마이너,최권석,,"경상남도 창원시 성산구 완암로50-0 (성산동, SK테크노파크) 넥스동 1103호",39100447.0,97.1957,방공포병 모의훈련체계 구축 가능성 연구용역,국군재정관리단
2020년 군 조직의 양성평등 지표 조사 및 분석 연구,공군본부,,92.5917,2021-02-07,,,홍성현,,22052916.0,92.5946,18-P3탑재장비PBL적용타당성검증및성과지표개발연구,기관
해상감시레이더-II 양산사업 비용분석,해군군수사령부,367308507.0,87.2529,,,,박계향,,367414388.0,87.2588,표적획득 및 사격지휘체계 발전에 따른 포병효과 분석,국군재정관리단
국군교도소 운영 개선방안 연구,국방부(운영지원과),27622547.0,93.8485,,,,서정은,"전라북도 군산시 임피면 호원대3길 64,",,93.8466,해상작전 위성통신체계 성능개량 선행연구,군
22-2차 연구장비 구매 계약 - 기구세척기 초음파형,방위사업청(운영지원과),5021184.0,93.4158,,주식회사 에이치.티.씨,임순옥,양진,"서울특별시 금천구 가산디지털2로184, 10층 1017호(가산동, 벽산디지털밸리2차)",5013986.0,93.4104,22-7차 연구장비 구매 계약 - 멸균소독기 소형,군
정비용 샵차량 전원발생기 정비기술개발 연구용역,해군군수사령부,,70.8306,2019-12-27,,,,,,70.8197,20-MTU엔진 PBL 비용대효과분석 및 성과지표 연구,제2879부대
PBL 적용을 위한 성과지표/목표 연구,해군본부,,95.6368,,시온하이텍,김지영,정양수,경기도 용인시 기흥구 용구대로2335번길43 (마북동 494-4),112010493.0,,시뮬레이터 소프트웨어 보안성 시험 방안 연구,군
통신 정비장비(스펙트럼 분석기) 구매,육군교육사령부,204767116.0,94.1529,,,권시형,송용재,"서울특별시 금천구 가산디지털2로184, 10층 1017호(가산동, 벽산디지털밸리2차)",,,중금속가열분석기 1항목 구매(의무),중앙행정기관
방산 용역 원가 및 이윤제도 개선방안 연구,국방부조사본부,99224636.0,83.003,2016-09-04,재단법인 한국군사문제연구원,김형철,,"서울특별시 강남구 언주로527, 10층 (역삼동)",99141730.0,83.0029,전력지원체계OMS/MP및RAM분석/LSA적용방안연구,국군재정관리단
유전자감정장비(자동염기서열분석기)소모품 설치 납품,제9965부대,36516106.0,93.8784,2021-02-23,에스엠트레이딩,정성문,이주열,경상남도 창원시 마산회원구 삼호로38-0 (양덕동),36503751.0,,24-F-분석기  주파수편이용 장비 구매,연평부대
과학화경계시스템 정비지원체계 운영분석 연구용역,해군본부,1040209.0,,2018-06-03,,,허진실,,1040867.0,,미래 GOP과학화경계시스템 구축방안에 대한 연구 용역,군
첨단과학기술의 군 활용성 제고 발전방안 연구용역,국군재정관리단,354659942.0,,,,,,,354661727.0,94.7458,전투발전 연구용역 과제 세미나 수행 용역,중앙행정기관
안보학술연구용역(5. 자원관리관련과제),국군재정관리단,,90.4505,,(사)21세기군사연구소,노광현,양진,"서울특별시 성북구 화랑로76, 제3층 307호(하월곡동,코업스타클래스)",113305085.0,90.4433,항-19-032 자동면역분석기 시약(HBsAg RGT)등 112종,중앙행정기관
유류시험장비(황분분석시험기 등 4종) 구매,국방부(운영지원과),20709368.0,80.321,,,고중혁,김소라,"서울특별시 송파구 법원로11길25-0, A동 1310호(문정동, 에이치비즈니스파크)",,80.3349,악성코드 정보제공 및 분석 서비스 구매,중앙행정기관
기술교범 국제규격 S1000D 적용 방안 연구,방위사업청(운영지원과),,,2021-05-19,(주)아인스에스엔씨,김지영,박혜인,"서울특별시 송파구 석촌호수로138, 202호 (삼전동)",535451652.0,90.9694,21년 전군 감염병 감시 지원체계 구축방안 연구용역,군
상륙공격헬기의 효과적인 시설사업 추진방안 연구,육군군수사령부,987622505.0,,2019-05-08,(주)지디시스,이정훈,,"경기도 하남시 미사대로550, 4층 43호(덕풍동, 현대지식산업센터 한강미사)",987614906.0,,월책 차단을 위한 혁신적 GOP 경계 플랫폼 연구,대학
조종사 피로도와 안전비행의 상관관계 분석 연구용역,공군본부,,,,,,김선미,,26372905.0,,2023 임상의학연구센터 통계프로그램 구매,군
20-교육훈련 빅데이터 통합관리체계 구축방안 연구,4284부대,385345082.0,79.5053,2020-01-31,(사)한국전략문제연구소,박정기,,,,,21-첨단 수중전력 소요기술 분석 및 적용방안 연구,중앙행정기관
전술정보통신체계(TICN) 시설사업기본계획 연구용역,해군본부,11298911.0,84.8484,2021-01-30,(주)디앤오종합건축사사무소,,,서울특별시 강동구 양재대로1377 (성내동 삼원빌딩 408호),11270647.0,84.848,21년 연래 해병대 리더십 수준 진단 연구용역,중앙행정기관
24-군 상시학습제도 도입 방안 연구 용역,국방대학교,,92.9202,2023-05-14,국민대학교산학협력단,오철홍,김정옥,경기도 화성시 동탄첨단산업1로14-0 (영천동)  KTX밸리 707호,,,화산 특수작전종합훈련장 선행연구용역(특-24-용-24),군
공기조화계통(HAVC) 성능개선 방안 연구 용역,해군본부,13951164.0,77.3461,2017-08-13,,,,,13930443.0,,철근콘크리트 방폭문 파괴거동분석 및 실증실험 연구,제2879부대
국제공동연구용역(1.한국-NATO안보ㆍ국방...),육군본부,,70.7934,2022-02-20,(사)21세기군사연구소,,이경은,,143784778.0,70.7867,22-함정 대기오염 저감방안  설계영향성 연구,군
(227135-E)디지털포렌식 조사분석도구 구매,합동참모본부,202417515.0,92.6089,2023-08-26,(사)한국전략문제연구소,전건욱,,"서울특별시 강남구 언주로527, 10층 (역삼동)",,,(227258-F)사이버 기술분석용 장비/SW 도입,기관
해병대 안전관리 조직 역할 관련 연구 용역,국방부(운영지원과),19957354.0,,,,,이재광,,,102.0549,음원수집장비 및 음원분석 워크스테이션 구매설치,중앙행정기관
[24-육-84] 탄약부대 경계병력 민간전환 선결 연구,방위사업청(운영지원과),217391206.0,,2022-08-07,주식회사 희망에어텍,차지환,김연,"서울특별시 금천구 가산디지털1로5, 대륭테크노타운 20차 1934호",217433093.0,,군인연금제도 발전방향 연구,제9691부대
방위산업기술 유출 및 침해 대응체계 구축방안 연구,국군재정관리단,,90.097,,,,,,,,SUPPRESSED,국군재정관리단
복수활주로 건설사업 분석평가 및 선행연구,국군재정관리단,173235016.0,94.8309,2019-11-20,,,이지혜,,173191742.0,,국방 비밀관리시스템 연동표준 개념연구,중앙행정기관
23-중북부 물류거점 입지 선정 및 효과 연구,육군 제3808부대,,93.1152,2019-03-09,,,백도현,,114929146.0,,24년 국방연구개발사업의 성과조사 · 분석 연구 ,군
디지털 증거분석체계 라이센스 확보 사업,국군재정관리단,,,,주식회사 시스텍,이우희,명승배,경기도 용인시 기흥구 마북로207(마북동),,,단안형 야간투시경 경미한 성능개량 사업분석,국군재정관리단
[24-육-6] M&S 체계구축  활용방안 연구,국방부(운영지원과),165653206.0,95.0418,2022-12-24,고려대학교산학협력단,김회율,홍태오,경기도 성남시 수정구 창업로42(시흥동) 판교제2테크노밸리 경기기업성장센터 532호,165657210.0,95.0417,사례분석을 통한 對아세안 국방협력 발전방안 연구,군
BigData/VC를 활용한 무기체계 효과분석 연구,육군본부,10300929.0,93.6499,2023-05-25,(사)한국전략문제연구소,,,,,93.6499,방위산업 발전 및 경쟁력 강화를 위한 법적기반 연구,중앙행정기관
(20F058-A)소음영양도작성을위한소음측정및분석용역,방위사업청,657933444.0,74.3679,2023-08-30,,,,,658021574.0,74.3712,21년 공군 자동면역분석기 시약 등 163종 구매,중앙행정기관
17년 작전지속지원분석모델 유지보수 용역,방위사업청(운영지원과),334564411.0,,2022-10-18,군인공제회,임지연,문영옥,"서울특별시 영등포구 경인로 775, 2동 1202호(문래동3가, BJM)",,,사례분석을 통한 對아세안 국방협력 발전방안 연구,중앙행정기관
국방대학교 안보현안분석 등 2종 인쇄 용역,국방부(운영지원과),135749227.0,95.3272,2019-04-11,주식회사  인섹시큐리티,김태영,양선희,경상남도 창원시 마산회원구 양덕북5길97 (양덕동1층상가),,,악성코드 동적분석 SW 라이선스 연장 구매,군
지상무인차량사업 종합평가 추진 시 평가방안 연구,국군재정관리단,,89.4218,2021-10-28,엠에스동민특수가스(주),김시근,전호영,"서울특별시 송파구 법원로9길26, D동 1104호(문정동, H-비즈니스파크)",,,해병대 고유 무기체계별 맞춤식 정비개념 연구,국군재정관리단
20-Lynx 군수지원 여건 고려 적정 수명주기 연구,국군의무사령부,277522556.0,85.6898,2018-08-15,사단법인 안보경영연구원,전건욱,,"서울특별시 강남구 언주로527, 10층 (역삼동)",277475277.0,85.6885,RAM 및 군수지원분석 방법 선진화 연구(2차),4284부대
분석기  스펙트럼용,제2879부대,,88.3448,2021-08-08,주식회사 온품,김태호,김양숙,서울특별시 종로구 새문안로5가길 32(적선동),353110283.0,88.3462,유도탄검사장비(00체계 가스승압기  가스분석기) 정비,군
조종사 피로관리 프로그램 개발 연구용역,국방부(운영지원과),235564545.0,79.187,2023-05-24,라온시스템즈(주),이성로,이동희,"경상북도 경산시 대학로280, 1층(대동)",235589297.0,79.1873,00 군공항 설계기본요구조건 작성 연구용역,국군재정관리단
공군합성전장(LVC)훈련체계구축개념구체화방안연구,공군본부,6633723.0,97.2482,2022-05-12,사단법인 안보경영연구원,전건욱,,"서울특별시 강남구 언주로527, 10층 (역삼동)",,97.2474,민수용 드론의 비행기지 작전지원 활용방안 연구,중앙행정기관
24년 의무장비(수액조절기 분석기) 구매,국군재정관리단,121286073.0,99.4276,2023-07-18,(재)한국해양전략연구소,최종규,박익수,서울특별시 마포구 월드컵북로5길59 (서교동),,99.4266,24~'25년 상층대기분석장비 유지보수,군
24년 자동염기서열분석기 검교정 등 정비,육군본부,391997295.0,,2023-04-02,주식회사 동빈글로벌,위정은,윤진영,"대전광역시 유성구 한밭대로138 (노은동, 노은노블레스) 201호",,88.0154,24~25-F-OOOO 수집/분석장비 유지보수,국군재정관리단
추진장약 저장수명 예측 가속노화시험 연구용역,국방부(운영지원과),,,,,,,,205508871.0,96.3232,의무피복류 보급기준 및 품질개선에 대한 연구,군
BLT급 과학화상륙(지상)전 모의훈련체계 구축 연구,공군본부,,90.3728,,(주)심네트,김진욱,전세희,"서울특별시 금천구 가산디지털2로184, 10층 1017호(가산동, 벽산디지털밸리2차)",57320698.0,90.3726,20-PKMR엔진 PBL 비용대효과분석 및 성과지표 연구,군
조종사 피로도와 안전비행의 역학관계 분석 연구용역,해군본부,,95.635,,(사)한국위기관리연구소,염진수,이기석,"경기도 용인시 수지구 죽전로 152, 단국대학교내(죽전동)",230446269.0,95.6343,공신력 확보를 위한 신규국제표준 적용방안 연구용역,기관
LiDAR 기술의 4차 산업 적용방안 연구용역,해군작전사령부,32665024.0,,,,,이재평,"서울특별시 용산구 한강대로62길41, 3층 (한강로1가)",32672272.0,,전투근무지원정 건조가능성 검토 기술지원 연구용역,국군수도병원
12.정책현안연구(북한의전쟁수행...),육군인사사령부,12832720.0,90.6337,2021-06-16,주식회사 비씨디이엔씨,김석철,김우중,"서울특별시 구로구 디지털로 306, 대륭포스트타워2차 1101호(구로동)",12816254.0,,해병대 데이터 관리 및 활용 발전 방안 연구,국군재정관리단
안정화지역 기반시설 복구방안 연구,육군본부,29868506.0,83.7325,,사단법인 안보경영연구원,전건욱,김현숙,"서울특별시 강남구 언주로527, 10층 (역삼동)",29852048.0,,CSRP 화생방 연구 자료 시약 구매,군
18-직무분석을 통한 계급/직급 책정기준 연구,합동참모본부,414340291.0,84.3646,,(재)한국산업개발연구원,,,,414235820.0,84.3613,한국형 긴급비행장피해체계 개발 연구 용역,군
원거리 구조지원 수행능력향상 방안 연구,방위사업청(운영지원과),,85.14,,(사)한국전략문제연구소,,배수호,"서울특별시 용산구 청파로 40, 삼구빌딩 1815호(한강로3가)",430807890.0,,국가전략기동군 해병대 발전방안 연구 사업,군
17년 분광분석 폭발물탐지 연구용역,국군재정관리단,228211736.0,82.7752,,,,,,,82.7688,CBRS 적용한 전투발전체계의 문제점 및 발전방향 연구,중앙행정기관
방산수출 진흥을 위한 보호법령 정비방안 연구,육군본부,30305028.0,,2017-06-21,주식회사 길상산업,김종광,이승기,"서울특별시 금천구 가산디지털1로1-0 (가산동, 더루벤스밸리) 1208호",30305056.0,,(207110-C) '20년 연구활동 재료(시약  초자) 구매,중앙행정기관
22-해군 정보융합관리체계 개념 연구,국군재정관리단,,,2021-10-24,,,김병찬,,,98.4339,22-함정 대기오염 저감방안  설계영향성 연구,국군재정관리단
복합재 항공기 구조물 구조건전성 해석기법 연구용역,공군본부,385295143.0,78.2918,2017-03-24,,,,"서울특별시 성북구 화랑로76, 제3층 307호(하월곡동,코업스타클래스)",,78.2915,감염 및 외상분야 군의료 특성화 연구용역,제2879부대
(227239-B) 악성코드 수집분석체계 라이선스 구매,육군본부,,87.6544,,,,이춘근,,,87.6564,화학위험물질 및 방사선 탐지  분석용 드론제조,제2879부대
해병대 정체성 향상 프로그램 교육체계 설계 연구,국군재정관리단,,,2020-08-05,(주)에프오알엠도시건축공간연구소,,김하근,"서울특별시 송파구 법원로9길26, D동 1104호(문정동, H-비즈니스파크)",17804854.0,98.4042,22-3차 개념설계 기술지원 연구용역,국군재정관리단
특임여단 북괴군 핵 화생시설 점령/확보방안 연구용역,국군의무사령부,148039906.0,,2018-01-13,,,,,,92.8777,국방우주력 발전을 위한 민·군 기술협력 방안 연구,군
000사업 핸드형 네트워크 분석기 구매,제2879부대,752754787.0,,,,,,,752769749.0,89.4231,[24-육-117] AI기반 사격지휘체계 연구,국군재정관리단
22-해-금속성분분석기 구매,제2879부대,,,2022-11-12,주식회사 제이에스시솔루션,조화순,박정주,부산광역시 영도구 와치로194-0 (동삼동),118607061.0,97.5023,해군교전급분석모델(Build-I) 체계개발사업,군
고속전투주정 시설사업기본계획 수립 연구용역,육군본부,,95.1957,,한국법제연구원,정희석,김한욱,서울특별시 강남구 논현로189길6 (압구정동),94794129.0,95.1949,FA-50 성능개량 방안 연구,합동참모본부
2023년 서울안보대화 프로그램 기획 및 발전방향 연구,육군본부,,98.032,,,,,,261848774.0,,대용량 유전자데이터 분석 파이프라인 및 가시화 연구,국군재정관리단
K1계열전차 포탑회로망상자 시험장비 개발 연구용역,방위사업청(운영지원과),,,,,,전호영,"인천광역시 서구 로봇랜드로155-11 (청라동), 5층 504호",108269164.0,83.3045,잠재적 미사일 위협대비 워게임 활용방안 등 연구,군
군 사이버훈련장 활용을 통한 사이버전 대응전력 연구,제2879부대,,,,,정봉원,,,23395001.0,86.1593,4차산업혁명 기반 무기체계 시험평가 발전방안 연구,군
부품정비대대 - 분석기  스펙트럼용 구매,공군본부,165999897.0,99.3349,,(주) 웃샘,최규식,박병희,대전광역시 대덕구 한밭대로1158-0 (중리동) 707-1,165980306.0,,추진장약 분석시험용 재료구매,군
군용비행장 소음측정 및 분석용역(해),국군재정관리단,30392948.0,97.0296,2021-04-05,,박정기,,"서울특별시 용산구 청파로 40, 삼구빌딩 1815호(한강로3가)",30367559.0,97.031,17년 지형분석장비 교체사업,군
화생방 방호물자 적정방호 수준 연구,방위사업청(운영지원과),47191825.0,,,,,박소연,,47166636.0,90.8432,한국해군 협동교전절차(CEC) 수행방안 연구용역,군
미 해군 6.25전쟁 분석자료 번역 용역,국군재정관리단,207095665.0,86.4101,,그린종합사무기,김종광,박광섭,"서울특별시 동작구 남부순환로2021, 2층 (사당동)",207018921.0,86.4071,21-해-성분분석기 구매,군
한국형 모듈화 부대구조 필요성과 편성 방안 연구,공군본부,171337954.0,88.9233,2022-03-19,주식회사 와이매틱스,최진식,김문선,충청북도 청주시 서원구 남이면 남석로326,171371897.0,,국방 정보기술 조사·분석 연구,국군수도병원
23년 전투발전 연구용역 세미나 수행 용역(5),국군재정관리단,121251888.0,,2019-08-31,국방기술품질원,한영수,,서울특별시 영등포구 여의대방로43나길20-0 (신길동),121197316.0,88.4799,21-해양무인체계에 필요한 핵심기술 연구,국군재정관리단
산소분석기 1종,국방부(운영지원과),213144181.0,,2022-04-05,사단법인 안보경영연구원,,주진형,,,90.9127,자동염기서열분석기 소모품 구매 설치,중앙행정기관
정보학교 사이버공간정보 연구용역,국군수도병원,,,2019-09-27,사단법인 국방지능정보기술융합협회,김종규,노민택,세종특별자치시  시청대로370 세종국책연구단지 사회정책동,310830984.0,,해군  해경운용 및 전방위 안보 강화방안 연구용역,합동상호운용성기술센터
공지통신무전기 성능개량 사업분석,국군재정관리단,,,2023-02-17,주식회사 성보,윤미선,이호준,경기도 남양주시 사릉로33번길1-4 (금곡동)C동3층301호,,87.6324,정비공정 촬영도구  분석SW 구매,중앙행정기관
(22F070-G) 경계용 영상분석 데이터셋 구축,국군지휘통신사령부,477331576.0,85.2605,2020-06-22,중원대학교 산학협력단,김태호,조대현,"경기도 안양시 동안구 시민대로387  A동 1201-1호(관양동,디지털엠파이어)",477450497.0,85.2594,23-D-디지털컨텐츠 위변조 분석시스템 구매,군
항행안전시설 비행점검장비의 군 필요성...연구,제9691부대,23316289.0,88.465,2018-02-16,,,,,23339896.0,88.4632,ISR 자산의 효율적 통합 운용방안 연구,군
24-Y-복-복지회관 신축사업 선행연구용역,국방부(운영지원과),17944448.0,91.0819,,(주)에프오알엠도시건축공간연구소,,윤이나,,17971688.0,91.0823,2024년 바세나르체제 군용물자목록 개정소요 연구,합동참모본부
유·무인 복합체계 발전방안 연구,방위사업청(운영지원과),,,2019-07-03,,,정새롬,"서울특별시 송파구 법원로9길26, D동 1104호(문정동, H-비즈니스파크)",184495132.0,92.3006,4차 산업혁명  군 적용을 위한 R&D 발전방안 연구,군
자동염기서열 분석기 구매설치,국군의무사령부,76496366.0,91.3195,2024-03-24,,,박소연,서울특별시 관악구 관악로1 (신림동),,91.3135,추진장약 분석시험용 재료구매,군
KUH-1 헬기 견인장치 안전센서 개발 연구용역,육군교육사령부,32868031.0,81.3594,2022-05-25,경희대학교산학협력단,안주섭,류상윤,서울특별시 중구 필동로1길30(필동3가) 동국대학교,,81.3644,군수사 품목관리관 적정 취급품목 수 연구,중앙행정기관
24~'25년 상층대기분석장비 유지보수,해군본부,183907085.0,85.6759,2023-03-07,주식회사 네오티스,조경호,정진욱,"서울특별시 금천구 가산디지털1로1-0 (가산동, 더루벤스밸리) 1208호",183886616.0,85.672,23-D-감정장비(면역화학분석기) 구매,군
전자도서관정보체계 고도화개념연구용역(2019G005-H),국군재정관리단,,90.7972,2022-09-19,,,,,24739295.0,,전·평시 예비군 보류직종의 적정성 연구,군
과학기술전문사관 직무 성과분석 연구,합동참모본부,43722573.0,,,주식회사 아레스,유상호,,"경기도 고양시 일산서구 산현로17번길38, 1102동 503호",43639767.0,,공군 우주분야 인력관리 발전방안 연구,중앙행정기관
공군 M&S 체계 발전방향 연구용역,제9691부대,59250036.0,96.6976,2022-09-22,공군사관학교 산학협력단,곽재수,홍성휘,"서울특별시 마포구 서강로136-0 (노고산동, 아이비타워) 5층",59223017.0,,육군수사단 부대개편 시설사업 선행연구 용역,군
사업성과관리(EVM) 적용 고도화 방안 연구,공군군수사령부,52853195.0,,2016-10-11,,,구종우,,52850841.0,75.0811,화생방 환자 진료를 위한 군 병원 개선 방안 연구용역,제9691부대
비전통위협 국방대응체제 발전연구,국군재정관리단,,,2018-01-02,,,,,515190081.0,,군 급식 민간위탁 시범사업 성과분석 연구,군
35사단 동원훈련장 생활관 시설사업 선행연구 용역,해군본부,183011224.0,,2023-02-07,(사)국방시설연구협회,김혜진,진수빈,"서울특별시 용산구 한강대로211, 102동 1605호(한강로1가, 대우월드마크용산)",,,중소기업진흥 적용개발무기체계 적정군수지원방안연구,국군재정관리단
의무피복류 보급기준 및 품질개선에 대한 연구,국방부(운영지원과),142886267.0,94.3177,,(재)한국산업개발연구원,박정기,박계향,"서울특별시 용산구 청파로 40, 삼구빌딩 1815호(한강로3가)",,,항공기 RCS/IR Signature 추출 및 해석 연구,중앙행정기관
50년 함건조 사례분석 및 발전방안 정립 연구 용역,국방부(운영지원과),65246095.0,,2021-08-17,,,황병윤,,,,전투실험 설계 및 결과 분석 방법 연구용역,중앙행정기관
미래 육군비행장 발전계획 검증 연구 용역,육군본부,429252219.0,,2021-03-18,한양대학교 에리카산학협력단,한민구,황병윤,"서울특별시 용산구 한강대로109-0 (한강로2가),404호(용성비즈텔)",429280246.0,,AI 적용 무기효과 산출 고도화 연구,중앙행정기관
국방대 이전 효과 연구 용역,육군본부,204713819.0,,2021-11-03,주식회사 화이트스캔,김용섭,박민정,서울특별시 서초구 서초동1432-13 202,,,안보학술진흥연구용역(3.국내안보환경분석또는),국군재정관리단
항-16-069 자동면역분석기 시약 등 37종,제2879부대,,,2023-05-17,(재)한국해양전략연구소,김기순,,"서울특별시 강남구 테헤란로69길5(삼성동,DT센터)",275203924.0,90.5139,24년 기술연구용역(2),중앙행정기관
함정 근무장병 육상지원 등 기준 제·개정 연구용역,국방대학교,2883945.0,73.158,2021-10-20,,,김지혜,"서울특별시 용산구 청파로 40, 삼구빌딩 1815호(한강로3가)",2879432.0,73.1634,해군조직 및 갈등특성에 부합한 갈등관리 방안 연구,국군재정관리단
[24-육-117] AI기반 사격지휘체계 연구,공군작전사령부,422043798.0,88.2629,,한성대학교 산학협력단,권오형,최미락,"대전광역시 유성구 죽동로297번길68 (죽동) CNU프라자  701,702호",422088817.0,,23-중.장기 공군 군수정책 발전방향 연구 용역,제2062부대
해병대리더십교육성과측정체계개발연구용역,해군군수사령부,27019975.0,91.0186,2018-08-17,,,장재필,,,91.0202,사이버 위협수준 평가 신뢰도 향상방안 연구,국군재정관리단
방위력개선사업에 K-RMF 적용을 위한 방안연구,제2군단,94800019.0,94.6616,2023-06-09,,,,,94812811.0,94.6627,무기체계 인공지능 기술적용 JROC 작성지침 개정 연구,국군재정관리단
OO사단 등 부대개편부대이전사업 선행연구 용역,공군군수사령부,304162630.0,,,사단법인 통일안보전략연구소,노희영,,"경상남도 창원시 성산구 완암로50-0, 메카동 813호(성산동, SK테크노파크)",303995091.0,84.1858,SUPPRESSED,기관
사이버 자산정보 수집 분석체계 라이선스 구매,공군본부,,,,주식회사 플렉스시스템,오상석,신준호,부산광역시 동구 고관로62 (초량동),176308177.0,,23년 혈액가스 및 전해질분석기 구매,군
(연구소) 감정재료 구매,국방부조사본부,,90.4858,,한국법제연구원,윤진영,박진호,경기도 포천시 군내면 유교로163,103892366.0,90.4871,공군 군수지원 분야 발전방향 연구 용역,제2879부대
범국민 안보의식조사 연구용역,방위사업청(운영지원과),71096538.0,98.9535,,,,,,71133780.0,98.9511,그린캠프 개선 및 프로그램 개발 연구용역,중앙행정기관
미 해군 6.25전쟁 분석자료 번역 용역,해군군수사령부,302262709.0,86.1687,,쿤텍 주식회사,권택조,박한솔,"경기도 양주시 광적면 부흥로847, 431호(경기벤처타운)",,86.1638,(217215-D)디지털 포렌식 분석장비 교체,군
방산수출을 위한 DFAR(美 국방조달규정) 번역 및 연구,국방대학교,116210352.0,84.4275,2017-09-06,사단법인 안보경영연구원,전건욱,,"서울특별시 강남구 언주로527, 10층 (역삼동)",116408485.0,84.4262,SUPPRESSED,제2879부대
국방연구개발사업의 성과조사.분석 연구,국군재정관리단,16827373.0,92.0068,,충남대학교 산학협력단,주양효,전형준,"서울특별시 구로구 경인로53가길10, 5층 507호(구로동, 구로 대명벨리온 지식산업센터)",16823356.0,92.0076,특수 과학화 전술훈련장 선행연구 용역,국군재정관리단
활주로지역 배수로 개선 분석평가 및 선행연구 용역,국방부조사본부,2162165.0,,2022-05-29,주식회사 안보기술연구원,최아진,정기쁨,"경기도 성남시 분당구 탄천상로164, A동 2층 247호(구미동, 시그마2오피스텔)",2164208.0,,ArmyTIGER4.0네트워크정보유통능력분석연구용역,국군재정관리단
다원적 민주주의 사회의 장병 정훈교육 방향 연구,해군본부,,,2023-01-04,,,,,,87.8376,화생방 연구활동 기술용역 재료 초자 구매,국군재정관리단
(20G060-A)IP교환기및국방보안조사분석시스템금융리스,국방부(운영지원과),,90.8682,2022-03-23,주식회사도시경영연구원,박종재,김중곤,"서울특별시 금천구 가산디지털2로184, 10층 1017호(가산동, 벽산디지털밸리2차)",218213427.0,90.8652,(20G056-I)빅데이터 분석체계 구축사업 금융리스,중앙행정기관
한국형전투기를 위한 무장선정 최적화방안 연구용역,국군재정관리단,91008737.0,90.5783,2017-12-19,,박정기,,,91042136.0,,탄약 및 용기 레이저 제청 시스템 응용연구 용역,중앙행정기관
김해기지 항공교통관제 운영 개선방안 연구용역,육군교육사령부,,,2018-08-11,육군사관학교 산학협력단,,,,,,공군조직내 잠재갈등 분석 및 공군문화 발전방안 연구,군
잠수함 음탐 센서 케이블 다기능 검사기 연구용역,제2879부대,,97.2506,2022-10-22,서울대학교 산학협력단,홍영기,박계향,,51316452.0,,함정구조해석용 모델링 DB 개발 연구(2019H038-E),제3170부대
미래 육군비행장 발전계획 검증 연구 용역,국방부(운영지원과),,92.6999,2018-10-25,사단법인 안보경영연구원,전건욱,,"서울특별시 용산구 청파로 40, 삼구빌딩 1815호(한강로3가)",360832949.0,92.6976,함정 근무장병 육상지원 등 기준 제·개정 연구용역,중앙행정기관
항-16-069 자동면역분석기 시약 등 37종,제2879부대,320472487.0,96.3846,,,김진욱,,,320462945.0,,위치보고접속장치 통신회로카드 대체품 개발 연구용역,기관
근무주정 내항성 향상 함형 개발 연구,국군재정관리단,25101712.0,,2016-03-21,,,,,,94.1143,무인기술을 적용한 현용전력 극대화 방안 연구,군
화생방 환자 진료를 위한 군 병원 개선 방안 연구용역,국군의무사령부,,73.6374,,재단법인한국조달연구원,이영환,박계향,충청남도 논산시 양촌면 황산벌로1040,,73.6261,17년 전투발전 연구용역 과제 세미나 수행 용역,국군재정관리단
악성코드 수집분석체계 라이선스 구매,국군재정관리단,239714736.0,95.7135,2023-01-25,주식회사 보스테크,전옥녀,이신영,서울특별시 구로구 디지털로26길5-0 (구로동) 1404호,239749699.0,,고속상륙정(LSF-II) Batch-II 사업분석,제2879부대
국방분야 반도체 조사·분석 및 발전방안 연구,국군재정관리단,76263273.0,88.7533,2023-05-16,주식회사 현대리서치,한민구,,세종특별자치시  시청대로370 세종국책연구단지 사회정책동,76223351.0,88.7568,미래 합동특수작전사령부 창설 필요성 연구용역,군
정보분석낭 구성품 구매,공군본부,,90.7864,2022-12-30,,,김종환,"서울특별시 용산구 청파로 40, 삼구빌딩 1815호(한강로3가)",,90.787,사례분석을 통한 對아세안 국방협력 발전방안 연구,국군재정관리단
유도무기 품질인증사격시험 기준 정립 및 절차 연구,국군재정관리단,,92.734,,,,,,142174427.0,92.7313,그린캠프 개선 및 프로그램 개발 연구용역,군
무기체계 유형별 맞춤형 R&D 수행절차 연구,육군 제3808부대,353719376.0,,,지그인더스트리,고기종,이현정,"경상남도 창원시 성산구 완암로50, 넥스동 704호(성산동, SK테크노파크)",353599145.0,94.4185,예비군훈련 적정 보상비 연구,기관
죽변 비상활주로 민ㆍ민갈등 해소방안 연구,국방부(운영지원과),18132611.0,93.3766,2017-01-21,노브식스,김용수,김시나,"서울특별시 성북구 숭인로2길61-0 (길음동, 길음동동부센트레빌아파트) 103동 11층02호",18110563.0,93.3775,20-MTU엔진 PBL 비용대효과분석 및 성과지표 연구,중앙행정기관
EMP 방호시설 성능시험 방안 연구용역,공군본부,,,2016-12-31,주식회사 베테랑콤,김진욱,박소연,"서울특별시 성동구 왕십리로 222, 한양대학교 내 한양종합기술연구원 110호(행당동)",,82.5143,4차산업혁명 기술을 적용한 C4I체계 발전방안연구,국군재정관리단
(237472-F) 연구활동 재료 구매,국군재정관리단,5967933.0,,,(주)에프오알엠도시건축공간연구소,,유재웅,"서울특별시 송파구 법원로11길25-0, A동 1310호(문정동, 에이치비즈니스파크)",5953630.0,77.2432,디지털 정비공장 스마트팩토리 구축방안 연구 용역,중앙행정기관
패트리어트 PAC-3 유도탄(2차)사업 선행연구,국군재정관리단,52612087.0,91.2982,2018-08-24,,,,,52572832.0,91.2988,16년 정비지원부대 직무값 기반의 직무분석 연구용역,국군재정관리단
21년 전투발전 연구용역(1),육군본부,99509410.0,87.4183,,사단법인 안보경영연구원,,,,,87.4231,20-청상어 장전용 유압식 어셈블리 연구개발용역,군
정책현안연구용역(글로벌중추국가의...),국방부(운영지원과),225119940.0,96.1288,2024-02-20,,,,,,96.129,23-D-종합발전수립 연구용역(B032),국군재정관리단
자동염기서열분석기 정비(소모품 구매설치),육군정보통신학교,86607593.0,92.4866,2023-06-06,라온시스템즈(주),홍광표,류제성,서울특별시 강서구 마곡중앙5로1길20 (마곡동) 520호,86541448.0,,19년 지형분석장비 교체(리스물건)(20196289-G),중앙행정기관
정신전력교육 기본교재 재발간에 따른 사전 연구 용역,국방부(운영지원과),66941235.0,,2020-08-17,사단법인 안보경영연구원,전건욱,,"서울특별시 강남구 언주로527, 10층 (역삼동)",66935538.0,,민사분야 연구용역(2-2),중앙행정기관
정보통신부대의 조직발전방향 연구,공군본부,145924802.0,,,,,,"서울특별시 용산구 청파로 40, 삼구빌딩 1815호(한강로3가)",145947647.0,,주요체계 사이버위협분석 및 대응방안 연구용역,중앙행정기관
빅데이터 분석서버 증설 사업(GPU SSD 메모리)-리스,공군본부,290445032.0,,2021-02-12,(사)국방시설연구협회,고중혁,김연,"충청남도 논산시 대학로 121, 건양대학교 산학협력단(내동)",,93.3755,요분석기 사단용 등 2종 구매,군
전투실험 발전 세미나 과제 연구용역(1),국군재정관리단,,89.7516,2018-09-19,주식회사 안보기술연구원,이홍민,윤병찬,대전광역시 유성구 대학로291-0 (구성동),301067887.0,89.7596,비행기지 계기착륙장치 노후교체 적정시기 연구용역,중앙행정기관
풍력발전기에 의한 방공레이다 등의 작전영향 연구,해군본부,51752504.0,78.3358,,,,이상규,,51742783.0,,위성 무기체계 시험평가 제도개선에 관한 연구,군
안보학술연구용역(1.국가안보에관한문제에관한이론),육군본부,164601018.0,,2022-07-27,건국대학교 산학협력단,,,,164530342.0,89.0596,군 자동소음측정망 설치기준 및 운영방안 연구,국군재정관리단
35사단 동원훈련장 생활관 시설사업 선행연구 용역,국군재정관리단,,86.2626,2019-02-10,유한회사 동방이노베이션,김성훈,박은숙,"서울특별시 동작구 남부순환로2021, 2층 (사당동)",,86.2572,분석기 구매,군
2023년 서울안보대화 프로그램 기획 및 발전방향 연구,국방부(운영지원과),269862387.0,96.118,2018-10-01,주식회사 네오티스,김양훈,김동희,서울특별시 송파구 법원로8길9 (문정동) 10층,269769259.0,,국방과학기술 전문인력 소요분석 연구,기관
DCS와 FMS 경쟁 시 공정성 제고를 위한 평가방안 연구,국군재정관리단,,93.7974,,,,,,,93.8004,육군수사단 부대개편 시설사업 선행연구 용역,중앙행정기관
정기기초연구과제(1. 한국의외교/안보정책),방위사업청(운영지원과),,89.9293,2023-04-21,,,문영옥,,454157.0,,마린온기체 수명관리 및 창정비소요비용 타당성 연구,중앙행정기관
상륙공격헬기 사업분석,방위사업청(운영지원과),114679602.0,92.323,2019-12-31,수안특허법인,김석용,김재일,"서울특별시 양천구 목동서로2길22-0 (목동, 목동청구아파트) 114동 1301호",114839648.0,,휴대용 산소분석기 등 6종 구매,중앙행정기관
합동작전분석모델-II 체계개발,지상작전사령부,,86.027,2021-10-24,주식회사 비씨디이엔씨,이해용,김정희,"서울특별시 강동구 양재대로 1443, 동우빌딩 7층(길동)",56186780.0,86.0292,안보학술연구용역(2. 국제안보환경과),제7군단
세계안보정세분석 연구용역,국방부,,98.0486,,주식회사 안보기술연구원,박재완,김도경,"서울특별시 금천구 가산디지털1로1-0 (가산동, 더루벤스밸리) 1208호",74802961.0,98.0475,K2전차 3차 양산 사업분석,중앙행정기관
우주기상 군 작전 영향 연구 용역,합동상호운용성기술센터,33424031.0,67.0858,,태신,김하근,문영옥,"서울특별시 금천구 가산디지털1로5, 대륭테크노타운 20차 1934호",,67.0823,야전운용시험 성과분석 및 발전방안 연구,제2879부대
항공통제기2차사업 기종결정평가 연구용역,제9691부대,102227785.0,,,영현정보통신(주),이종명,최영상,"경상남도 창원시 진해구 용원북로17번길15-0 (용원동, 가온빌 101호)",102186946.0,86.6233,해병대 리더십 역량 진단 시스템 개발 연구,국군재정관리단
훈련 및 부대운영 빅데이터 활용방안 연구용역,육군교육사령부,,,2020-12-15,사단법인 한국국가전략연구원,,조혜진,,,,북한의 기뢰전 전술 분석 및 대응책 연구,중앙행정기관
해병대리더십교육성과측정체계개발연구용역,국방부(운영지원과),27935102.0,98.8225,2017-05-31,한양대학교 산학협력단,,전수현,,27921803.0,98.8238,76mm 함포 약실 정밀검사용 장비개발 연구용역,군
20-MTU엔진 PBL 비용대효과분석 및 성과지표 연구,국방부(운영지원과),19380923.0,,,,,,,19381260.0,86.5181,소형무장헬기 경제적 획득 방안 연구,군
최신 ICT를 적용한 국방컴퓨터체계 운용 방안 연구,국군재정관리단,54547582.0,,2020-10-27,,박정기,,,54648242.0,83.9028,전투발전 연구용역 과제 세미나 수행 용역,군
한국형 첨단전투관리체계 운용개념 및 발전방안 연구,국군재정관리단,,,,,,최효정,,91993867.0,82.9231,군 시설물 적정 위장방안 연구 용역,국군재정관리단
22-해병대 병영문화혁신 외부 연구용역,국방부(운영지원과),27133192.0,85.4483,,사단법인 안보경영연구원,전건욱,김상도,,27126526.0,85.443,의무시설 시설공사비 적정 편성 기준 연구,중앙행정기관
국방정보통신망 구축방향 연구 용역,해군본부,,91.8363,,사단법인 한국국가전략연구원,한민구,이재원,"서울특별시 강남구 언주로319, 5층,6층(역삼동,조우회관)",,91.8342,공군 리더십 교육프로그램 개발 연구용역,제9691부대
교육장비(동작분석 측정장치 세트) 구매설치,육군본부,,82.7387,,(주)코어시큐리티,이재원,양현정,"서울특별시 서초구 서초중앙로 69, 르네상스오피스텔 1406호(서초동)",3690859.0,82.7405,항-16-059 062 066 질량분석기 소모품 등 72종,국군재정관리단
(237095-C) 연구활동 재료(초자) 구매,해군군수사령부,271510672.0,,2019-03-25,대양전기공업(주),장병철,이재평,"경상남도 창원시 진해구 중원로1-0 (남빈동, 해군사관학교내)",271637798.0,89.0075,(상생협력실)갈등영향분석 연구용역(C013),중앙행정기관
20-풍력발전시설의 R/D 및 통신전자장비 영향성 분석,국방부(운영지원과),18053292.0,92.0658,2023-01-07,우영상사,이영진,최소영,"인천광역시 미추홀구 주안동로25번길47-11, 302호(주안동, 경일하이빌)",18037287.0,,상층대기분석장비 유지보수,군
차세대 미사일 방어 무기체계 발전 방향 연구,국군의무사령부,,97.0623,,,,,,102451012.0,97.0609,23~27 국방양성평등정책기본계획작성방향 연구,중앙행정기관
항공무기정비분야 안전관리체계 고도화방안 연구용역,국군재정관리단,,83.5682,2021-09-23,,,김우중,"서울특별시 송파구 법원로11길25-0, A동 1310호(문정동, 에이치비즈니스파크)",78923347.0,83.5729,22-13-13 야전공장 분석평가 및 선행연구 용역,군
무기체계 RAM 시험평가의 효율적 수행방안 연구,제9691부대,186712254.0,,,,,,,186763591.0,,야전운용시험 성과분석 및 발전방안 연구,군
자동염기서열분석기 정비(소모품 구매설치),방위사업청(운영지원과),660098301.0,89.6547,2020-09-28,,,,,660008909.0,89.6569,항-19-072 생화학분석기 시약 등 44종,중앙행정기관
2018년 범국민 안보의식조사 연구 용역,국방부(운영지원과),,,,,,,,,,초소형 전술위성체계 구축방안 연구,군
전차 조준선 정렬 시스템 개발 연구용역,육군본부,118398630.0,96.3154,2019-05-21,사단법인 안보경영연구원,,,"서울특별시 용산구 청파로 40, 삼구빌딩 1815호(한강로3가)",,96.3163,21년 전투발전 연구용역(1),중앙행정기관
방산기술보호체계 발전방안 연구용역,국군재정관리단,,97.6448,2016-08-02,(주)에프오알엠도시건축공간연구소,,,,124970169.0,,SUPPRESSED,중앙행정기관
군 시설물 적정 위장방안 연구 용역,육군본부,573607958.0,89.1502,2016-07-12,사이모빌 주식회사,김한욱,박설희,서울특별시 송파구 법원로8길9 (문정동) 10층,573408090.0,,미래 예비군 제도를 대비한 예비군 개념 정립 연구,국군재정관리단
상층대기분석장비 유지보수,국군재정관리단,,70.7977,2021-06-05,한국직업능력연구원,이광형,김종원,,,,국방무인체계 총수명주기관리방안 연구,4284부대
(23F225-I)지형분석 S/W(Arc GIS) 교체사업 금융리스,방위사업청(운영지원과),5629453.0,82.5352,,세종대학교산학협력단,경상현,이양희,세종특별자치시  시청대로370-0,,82.5362,의무장비 혈액가스분석기 등 3종 구매,중앙행정기관
지상작전과 연계한 사이버전 수행방안 연구,방위사업청(운영지원과),70721027.0,90.8475,,,,,,70797381.0,,공개출처정보(OSINT) 활용 사이버위협 분석방안 연구,중앙행정기관
22-5차 연구장비 구매 계약 - 원심분리기 소형탁상용,제2879부대,3013233.0,97.7855,2017-12-30,,,김정일,,,97.7863,민군 상생을 위한 대체시설 검토 및 관리방안 연구,제2879부대
ATCIS 개방형 OS 전환 비용대비 효과분석 연구용역,육군교육사령부,122712183.0,89.4823,,(재)한국해양전략연구소,이문걸,,,122801612.0,,국방정보화법 하위법령 개정방안 연구,군
19-군 자체 안전보건경영시스템 인증제도 구축 연구,국군재정관리단,,80.6111,,,,이미선,,32887835.0,80.5984,2019 서울안보대화 사이버워킹그룹 발전연구,군
초급간부 복무여건 현상진단 및 개선대책 방안 연구,국군재정관리단,,,2020-09-15,,,송현상,,,74.5065,국내개발레이더 후속군수지원을 위한 지표개발연구,국군수도병원
대형수송함-ll(LPX-ll) 개념설계 기술지원 연구 용역,국군재정관리단,,94.3652,2018-06-21,계명대학교 산학협력단,조완제,최진아,대전광역시 대덕구 대전로1397번안길70-0 (읍내동),36401395.0,,20-함정 전기추진체계 관련 군요구조건 도출방안 연구,국군재정관리단
V-C 체계간 연동기술 연구,방위사업청(운영지원과),56273016.0,89.2855,,서울대학교 산학협력단,박종재,,서울특별시 송파구 올림픽로505-0 (풍납동),56290127.0,,무인항공기 무인비행장치 전문 운용사 자격신설 연구,중앙행정기관
위성 무기체계 시험평가 제도개선에 관한 연구,국군의무사령부,120194889.0,88.6068,2020-10-27,국민대학교산학협력단,김윤혁,유선미,"서울특별시 중구 퇴계로243, 5층 501호 (충무로5가, 평광빌딩)",,88.6071,선진전투실험 발전현황 및 육군전투실험 향상방안연구,중앙행정기관
한미동맹과 비군사적 협력 연구용역,제9691부대,176309396.0,92.2879,2020-02-09,한국법제연구원,곽재수,,"대전광역시 유성구 대학로 99(궁동, 충남대학교)",176411443.0,92.2812,미래 합동특수작전사령부 창설 필요성 연구용역,중앙행정기관
(24F262-A) 방호시설 폭발실증시험 계측 및 분석용역,공군제15특수임무비행단,,,,(주)지올코리아,유관우,박희원,"대구광역시 달서구 도원로46, 610동 304호  (도원동, 별메마을)",292674302.0,97.1465,K9자주포 연료펌프 성능개선 시제품 개발 기술 용역,국군재정관리단
삼군부 재현 및 이전을 위한 연구,공군본부,188991338.0,91.7116,,,,,"서울특별시 용산구 청파로 40, 삼구빌딩 1815호(한강로3가)",,91.7084,화생방 연구 재료 초자 구매,중앙행정기관
해군  해경운용 및 전방위 안보 강화방안 연구용역,국방부조사본부,31238708.0,79.8412,2020-05-28,,,,,,79.8423,SUPPRESSED,중앙행정기관
국방정책연구과제 연구용역 계약,국방부(운영지원과),26312263.0,97.3233,2022-11-17,,,,,,97.3255,임베디드 및 군 무선통신 취약점 분석기술 연구,군
2019년도 방위산업기술 보호수준 분석 및 진단연구,국방부유해발굴감식단,13904418.0,81.761,,,,,,13887996.0,81.758,해군 부사관 조직문화 혁신방안 연구용역,제5019부대
DNA정량분석기 등 7항목 구매(의무),제20전투비행단,26570250.0,91.1173,,주식회사 에스알씨,신명화,정민수,"경기도 군포시 고산로148번길17-0, B동 1303호, 1304호, 1305호(당정동, 군포IT밸리)",,,(227239-B) 악성코드 수집분석체계 라이선스 구매,국군복지단
유류시험장비(금속성분분석기(ICP))구매,공군제18전투비행단,,,2023-02-01,주식회사  인섹시큐리티,전병욱,곽새롬,충청북도 청주시 흥덕구 오송읍 오송생명2로110-6 셀젠텍,49879285.0,,지상무인차량사업 종합평가 추진 시 평가방안 연구,국군수도병원
정보학교 사이버공간정보 연구용역,육군대학,43024467.0,89.0231,2016-04-22,에이치디현대중공업 주식회사,김운용,,"경기도 시흥시 희망공원로 92, 시화공단2마 301-3호(정왕동)",42999995.0,89.0208,안정화 작전을 위한 기반시설 복구부대 운영방안 연구,국군재정관리단
전략환경 변화에 따른 공군전투기 전력 구축방안 연구,국군재정관리단,53136937.0,81.5931,,(사)한국전략문제연구소,,,"서울특별시 용산구 청파로 40, 삼구빌딩 1815호(한강로3가)",53110535.0,81.5926,의료기재(금연구역 표지판 등 85종)구매,중앙행정기관
통신전자장비 전계강도 측정분석장비 개발,국방부(운영지원과),,97.9695,2024-02-11,(주)지인시스템,박영욱,이연수,대전광역시 유성구 온천로59-0 (봉명동) 905호,141083292.0,97.9696,DNA정량분석기 등 7항목 구매(의무),제2879부대
사이버 기술분석용 라이선스 구매,제2879부대,,98.4314,2019-10-09,한화오션 주식회사,박문희,오진성,"경기도 고양시 덕양구 항공대학로76-0 (화전동, 한국항공대학교내)",267039225.0,98.4329,22-경항모 건조가 산업에 미치는 영향 분석,군
우주기상 영향 연구용역,국방부(운영지원과),282421242.0,90.8877,2023-10-11,(사)한국산업기술보호협회,홍영기,유은경,"서울특별시 성북구 정릉로 77, 국민대학교내(정릉동)",282754584.0,90.8917,CH/HH-47D 성능개량 시설사업기본계획 연구용역,군
21-해군 재료분석기 구매,국방부(운영지원과),685135814.0,,,그린종합사무기,정택호,이춘근,서울특별시 금천구 벚꽃로244-0 (가산동)810호 벽산디지털밸리5차,685373531.0,,군수 빅데이터 수집/분석체계 구축 BPR/ISP 감리,중앙행정기관
2019년 의무장비(자동분석기 생화학용 대형) 구매,국군재정관리단,78830228.0,,2023-05-14,,,,,,80.1165,자동염기서열분석기 정비(소모품 구매설치),중앙행정기관
23년 전투실험발전 연구용역(1),해군작전사령부,,77.6963,2019-08-08,(재)한국해양전략연구소,,허진실,,211396663.0,77.6993,공군 지능형 스마트비행단 성과분석 및 발전방안 연구,제2879부대
함대함유도탄-II 사업분석,국군재정관리단,,,2020-03-31,특수법인 한국전파진흥협회,홍영기,문송철,경기도 성남시 수정구 대왕판교로851번길20-0 (시흥동),117672953.0,80.9771,해성-I 창정비요소개발 사업 비용분석,제3707부대
예비전력 VISION 구현 방향 연구용역,육군본부,126519081.0,85.4306,,,,,,126490623.0,,계층별 조직문화 진단 및 혁신프로그램 추진 연구용역,군
미래안보환경 대비 군사시설 보호업무 발전방향 연구,공군군수사령부,36745494.0,,2017-04-22,,,방윤지,"서울특별시 종로구 홍지문2길20-0 (홍지동, 상명대학교)",36730548.0,92.3502,국방과학 기술료 제도개선 방안 연구,국군재정관리단
탄도수정신관 사업분석,국군재정관리단,46474275.0,,,정보와기술 주식회사,곽새롬,이숙,"경기도 고양시 일산동구 백마로223, 431호(장항동, 현대에뜨레보)",46497855.0,83.649,공지통신무전기 및 함대공유도탄-II 사업 비용분석,국군재정관리단
함대함유도탄-II 사업분석,국방대학교,73848192.0,95.1876,2023-03-14,대길상사,한대일,강현순,경기도 안산시 상록구 광덕1로355-0 (이동)월드비지니스센타 41-4호,73893594.0,95.1868,24-F-분석기 회로망 1종 구매,군
탄소중립 시대 도래 육군 추진전략 방향 연구용역,국군제1068부대,,93.0877,2021-03-26,(주)에프오알엠도시건축공간연구소,,김형민,,,,대형양산사업의 제반 조건 분석 및 방안 연구,국군재정관리단
원격제어조립체 개발 연구개발(2019H027-B),국방부(운영지원과),161635381.0,,,,,염진수,"서울특별시 용산구 청파로 40, 삼구빌딩 1815호(한강로3가)",,,감염 및 외상분야 군의료 특성화 연구용역,중앙행정기관
RAM 분석 및 군수지원 분석방법 선진화 연구(1차),국군재정관리단,,89.092,,,,,,,,00지역 실내공기질 개선 연구용역,중앙행정기관
AI기술의 분류체계 및 적용방안에 관한 연구,제9691부대,980293.0,82.8365,2023-01-19,테크디,박장권,양용진,"서울특별시 금천구 가산디지털1로171, B208호(가산동, 가산 에스케이 브이원 센터)",980190.0,,대용량 유전자데이터 분석 파이프라인 및 가시화 연구,중앙행정기관
스펙트럼분석기구매 (20199198-I),국군재정관리단,129397205.0,78.1707,,,홍영기,,"서울특별시 금천구 가산디지털2로184, 10층 1017호(가산동, 벽산디지털밸리2차)",129386972.0,,(217100-F)스마트폰앱 분석체계 구축,국군재정관리단
공군 방공포부대 이전 요구 연구용역,국방부(운영지원과),23456983.0,,2022-05-19,,,이영주,,23474782.0,80.9777,폭파구 피해복구 보조기층 다짐도 측정방법 연구,군
UN PKO 활동지원을 위한 기술기여(스마트캠프) 연구Ⅱ,국방부(운영지원과),,95.335,2016-12-26,,,이상규,,,95.3359,22-00생활관 신축 분석평가 및 선행연구 용역,군
군 범죄피해자 보호·지원을 위한 정책 연구,해군본부,317375288.0,,2016-08-04,,김진욱,,,317379369.0,94.7771,병력책정 기준연구(비행대대 조직구조 개선방안),군
분석기  스펙트럼용,육군교육사령부,189243606.0,89.1541,,주식회사 지니클라우드,고윤안,임영갑,"경기도 화성시 동탄기흥로593-8 (영천동, 우정바이오 신약클러스터)",189232147.0,,DNA정량분석기 등 7항목 구매(의무),국군재정관리단
대잠훈련분석체계(AEAS) 유지보수 용역,공군본부,151437118.0,80.7819,,,최권석,,서울특별시 강동구 양재대로1377 (성내동 삼원빌딩 408호),151300931.0,80.7804,5인치 함포용 사거리연장탄 사업분석,중앙행정기관
AI 작전운용성능 설정기준 표준화 연구,국방부(운영지원과),73138799.0,87.7951,2022-05-01,,,,,73103881.0,87.7956,군사시설부문 온실가스 감축 계획수립 연구,중앙행정기관
21년 의무장비(혈액가스분석기 중형) 구매,방위사업청(운영지원과),,,,,권시형,양금식,서울특별시 마포구 월드컵북로5길59 (서교동),,92.6994,악성코드 정보제공 및 분석 서비스 구매,중앙행정기관
17년 지형분석장비 물품 구매설치,국방부(운영지원과),351398253.0,,2023-05-29,고려대학교 의료원 산학협력단,김한욱,박정국,"서울특별시 금천구 디지털로173, 504호(가산동, 엘리시아지식산업센터)",351299328.0,90.7343,상층대기분석장비 유지보수,군
21년 전투발전 연구용역(3),해군군수사령부,215447615.0,,2016-07-09,사단법인 안보경영연구원,전건욱,,,,85.6973,군용물자 HSK 연계표 연구,중앙행정기관
디지털 증거분석 수사체계 교체사업(20198118-E),육군본부,310191063.0,,2021-04-16,주식회사 콤텍정보통신,홍순모,남궁복자,"서울특별시 동대문구 고미술로 100, 송화빌딩 303호(답십리동)",,82.0327,교육장비(수질분석세트) 구매설치,기관
중금속가열분석기 1항목 구매(의무),국군대전병원,,79.3667,,(사)국방시설연구협회,한영수,조윤규,"경기도 고양시 덕양구 항공대학로76-0 (화전동, 한국항공대학교내)",,,수직이착륙형 무인항공기 비용분석,4284부대
스펙트럼용 분석기 구매,공군군수사령부,,86.9464,,국방기술품질원,이진욱,민희숙,서울특별시 종로구 새문안로5가길 32(적선동),88569083.0,,분석기 구매,기관
차세대 미사일 방어 무기체계 발전 방향 연구,육군본부,149647043.0,92.7793,2017-03-20,,변중무,전현숙,,,92.7845,군내 성희롱 행위자 재발방지 프로그램 연구,군
기동화 지능화된 네트워크 전투체계 연구용역,육군제8971부대,,,2022-01-12,(사)한국전략문제연구소,,,,260743404.0,89.4678,19-함정 ORD 작성을 위한 설계/건조 요구조건 연구,국군재정관리단
KUH-1 엔진 시험장비 고장예측시스템 개발 연구용역,해군본부,42163891.0,,,주식회사 동빈글로벌,김원헌,김예섭,대전광역시 유성구 테크노9로35-0 (탑립동) 지능로봇산업화센터 406호,,,24년 전투발전 연구 용역(2),군
공수지상종합훈련장 선행연구용역(특-24-용-28),제7군단,108409274.0,,2023-06-10,경남대학교 산학협력단,김진원,조대현,충청북도 청주시 청원구 율봉로159번길73-1 (율량동),108343110.0,,(247116-C) 연구활동 재료(시약) 구매,국군복지단
국방전직교육사업 스마트플랫폼 구축방안 연구,공군작사근무지원단,8403496.0,87.8676,2019-09-28,MK메디칼,최재성,정관용,서울특별시 양천구 목동중앙로13나길3,8400272.0,,국방 사이버보안 종합발전 전략 연구,기관
24-그린나래호텔 리모델링 계획의 적절성 분석연구,국군재정관리단,40837804.0,93.5822,2018-12-05,에이디링크,권택조,왕금분,"인천광역시 서구 백범로630번길22, 308-1호, 216호 (가좌동)",,93.585,사단 작전지휘시설 신축사업 선행연구 용역,군
22년 기술연구용역 계약(1),방위사업청(운영지원과),438739333.0,92.3968,,인천대학교 산학협력단,김진욱,이상규,서울특별시 금천구 가산디지털1로171-0 (가산동) 가산SK V1 센터 1505호,438565246.0,92.4007,공대지유도탄 양산 시설사업기본계획 연구용역,중앙행정기관
스펙트럼분석기구매 (20199198-I),국방부(운영지원과),283489858.0,78.0358,2021-11-20,,,,,283545346.0,78.0377,월간지(안보현안분석  린사포럼) 인쇄 용역,군
지질자원연구원 MASINT DATA 수신체계 구축사업,국군재정관리단,42505345.0,74.0713,,,,,,42478826.0,,육군수사단 부대개편 시설사업 선행연구 용역,제9691부대
병력책정 기준연구(비행대대 조직구조 개선방안),공군본부,97090565.0,,2018-10-21,,박정기,,,97030707.0,91.0525,잠수함 승조부사관 도태방지개선 연구 용역,군
0000 수집/분석장비 구매,국군재정관리단,23948694.0,91.9136,2021-05-05,노원 상사,박광섭,이영미,부산광역시 강서구 대저중앙로341-0 (대저1동),,,전파환경측정 분석장비 유지보수,중앙행정기관
신호분석기 1EA,국군재정관리단,30424300.0,,,주식회사 유진에스앤씨,이민수,전형준,서울특별시 서대문구 포방터2길24 (홍은동),30458256.0,98.707,(217044-B) 21년 의무장비(요분석기) 구매,국군재정관리단
19년 육군M&S센터 전문분석관 운용 용역(2019F014-I),육군본부,51551804.0,,2017-12-27,(주)정산,이주열,김주완,서울특별시 강서구 마곡중앙5로1길20 (마곡동) 520호,51535086.0,82.9867,軍 태양광 시범사업 효과 분석평가 용역,국군재정관리단
해병대리더십교육성과측정체계개발연구용역,국방부조사본부,117325689.0,85.6044,2017-11-26,,,고상범,,117361774.0,85.6004,군사사연구총서베트남전쟁관련주제연구용역(과제3),제2307부대
00기지 저주파분석 훈련장비 유지보수 용역,방위사업청(운영지원과),16829554.0,88.6278,2023-03-11,사단법인 한국국가전략연구원,김진욱,이진선,"서울특별시 금천구 가산디지털2로184, 10층 1017호(가산동, 벽산디지털밸리2차)",,,전원품질 분석기 구매,중앙행정기관
00훈련장 이전 연구 용역,국방부(운영지원과),,,,세종대학교산학협력단,안은희,,"서울특별시 용산구 이태원로29, 421호(용산동1가, 전쟁기념관)",,,22년 기술연구용역 계약(4),군
한국형 손상통제 모의훈련형 CBT 구축방안연구,방위사업청(운영지원과),31556723.0,97.1197,,한양대학교 산학협력단,김주희,장재필,,31521880.0,,주거시설 관리 및 운영 전문성 제고 방안 연구,중앙행정기관
(237001-H)스펙트럼 측정/분석장비 노후 교체,합동참모본부,210782397.0,,2021-11-06,에이치제이엘,곽새롬,노현정,"서울특별시 서초구 동산로23, 3층(양재동,베델회관)",210797038.0,93.8908,23-F-분석기 스펙트럼용 2종 구매(239034-H),군
BigData /vc를 활용한 무기체계 효과분석 연구,해군군수사령부,,89.4787,2016-11-04,사단법인 안보경영연구원,,,"서울특별시 용산구 청파로 40, 삼구빌딩 1815호(한강로3가)",,89.4817,기갑 및 기계화부대 중대급 교전훈련장비 연구용역,중앙행정기관
내부자 사이버위협 방어대책 연구용역,해군군수사령부,8841608.0,85.5269,2017-05-16,,박정기,,"서울특별시 용산구 청파로 40, 삼구빌딩 1815호(한강로3가)",8842213.0,85.5282,기갑 및 기계화부대 중대급 교전훈련장비 연구용역,군
항공기 상태기반정비(CBM) 공군 적용방안 연구,공군본부,363710849.0,70.1224,2018-09-25,,,,,,70.1283,드론봇 전투체계 통합관제체계 구축 연구용역,군
주거시설 관리 및 운영 전문성 제고 방안 연구,국군재정관리단,73002101.0,86.8215,2017-09-11,(사)한국전략문제연구소,전건욱,,"서울특별시 강남구 언주로527, 10층 (역삼동)",,,국방 사이버전 EA 개념 연구,중앙행정기관
리더십코칭 효과성 평가에 관한 연구용역,방위사업청(운영지원과),3739638.0,83.0481,2017-04-15,주식회사백운,김영국,김종훈,"경기도 수원시 영통구 신원로306, 1동 8층(원천동, 이노플렉스)",,,22-공군 기후예측 및 기후변화 시나리오 연구용역,군
19-AW159 PBL 비용대효과분석 및 성과지표 개발 연구,공군본부,145428207.0,82.027,2016-07-12,,김진욱,송문수,"경기도 성남시 수정구 창업로54, 504호 (시흥동)",,82.0209,용사의 집 운영개념 연구용역,군
22-5차 연구장비 구매 계약 - 원심분리기 소형탁상용,제3697부대,104428179.0,91.4248,2022-01-23,울산과학기술원,김완일,,"서울특별시 성북구 정릉로 77, 국민대학교내(정릉동)",104437661.0,,20-해군 무장체계의 효율적인 창정비 방안 연구,제5378부대
방산소재 개발사업 기획 및 인증체계 구축 연구,국방부(운영지원과),93636228.0,88.6095,2022-01-11,한국버츄프로젝트,김진욱,최용찬,"경기도 안양시 만안구 만안로49, 519호(안양동, 호정타워)",93572507.0,88.6144,해병대 안전관리 조직 역할 관련 연구 용역,군
스마트 탄약정비공장 구축방안 연구용역,국군재정관리단,384735826.0,94.8134,2018-08-25,(재)한국산업개발연구원,전건욱,,"서울특별시 강남구 언주로527, 10층 (역삼동)",,,군급식조달체계변화에따른적정급식비산출에대한연구,군
24~'25년 상층대기분석장비 유지보수,국방부(운영지원과),,,,한국교통대학교산학협력단,장세희,김우중,"경기도 용인시 기흥구 덕영대로1732-0 (서천동, 경희대학교 국제캠퍼스내)",271857459.0,,(226410-C) 지형분석장비 구매(리스물건),국군재정관리단
[24-육-84] 탄약부대 경계병력 민간전환 선결 연구,제6619부대,264589593.0,85.9285,,주식회사 베테랑콤,한민구,전형일,,264391816.0,85.9256,다계층통합네트워크 구축을 위한 연구용역,군
신기술 적용을 통한 저장시설 물류향상 연구,해군본부,,,,(사)한국전략문제연구소,,,,,88.912,계층별 조직문화 진단 및 혁신프로그램 추진 연구용역,국군재정관리단
미래특임 및 항공 통합 특임여단 편성방안 연구용역,국군재정관리단,2659025.0,73.9725,2016-06-09,,,박계향,,2662341.0,73.9712,국방 전력발전체계에서의 전투실험체계 정립 연구용역,기관
예비군훈련 원격교육 적용방안 연구,해군본부,85697096.0,88.7067,2023-07-08,,,문영옥,,85761930.0,88.7069,인력획득 모집홍보 대상의 성향 분석 연구 용역,군
진중문고 운영 및 활용 증진방안 연구 용역,국군제1068부대,241350039.0,70.8386,2019-09-25,노무법인 최상인업,염진수,,서울특별시 성북구 삼선교로16길116-0 (삼선동2가),,70.8501,GPS 항재밍 성능점검 개선방향에 대한 연구,국군재정관리단
인사교육장교 경력관리 개선을 위한 연구용역,방위사업청(운영지원과),78360176.0,89.9821,2018-07-06,주식회사 한국심리평가원,정의붕,조대현,"부산광역시 해운대구 센텀동로 35, 센텀SH밸리 404호(우동)",78284725.0,89.9827,워리어플랫폼 미래단계 추진방향 연구용역,제9691부대
23-6차 조달 연구장비(겔이미지 시스템) 구매 계약,국군재정관리단,8075487.0,85.6431,,육군사관학교 산학협력단,,경상현,"서울특별시 금천구 가산디지털2로184, 10층 1017호(가산동, 벽산디지털밸리2차)",8079885.0,85.6473,과학기술전문사관 직무 성과분석 연구,중앙행정기관
23-24년 공군 항공무장효과분석모델 통합유지보수,육군본부,16552166.0,77.7947,,주식회사 한솔엔지니어링글로벌,백명기,이태훈,서울특별시 서초구 사임당로18 (서초동) 석오빌딩 8층,,77.7981,22년 수사데이터 연관 분석시스템 구매,국군재정관리단
특임여단 북괴군 핵 화생시설 점령/확보방안 연구용역,방위사업청(운영지원과),55201791.0,,2017-08-26,,,,"서울특별시 용산구 청파로 40, 삼구빌딩 1815호(한강로3가)",55202922.0,,230mm급 무유도탄사업 선행연구,중앙행정기관
진중문고 운영 및 활용 증진방안 연구 용역,국군재정관리단,173801617.0,,2019-03-03,육군사관학교 산학협력단,권시형,박계향,"서울특별시 금천구 가산디지털2로184, 10층 1017호(가산동, 벽산디지털밸리2차)",,89.4316,추진장약 저장수명 예측 가속노화시험 연구용역,군
자주도하장비 조종시뮬레이터 비용분석,공군본부,112546626.0,,,주식회사 리눅스데이타시스템,최명식,박은숙,"서울특별시 금천구 가산디지털1로171, B208호(가산동, 가산 에스케이 브이원 센터)",112523955.0,91.0794,가스 크로마토그래피 질량분석기 구매(20196084-D),군
(216047-F)모의분석실 전시체계 구매설치,국방대학교,81260766.0,,,(주)아인스에스엔씨,김덕화,이다인,"대전광역시 서구 도산로485-0, 4층 (탄방동)",,,20~21년 작전지속지원분석모델 유지보수(2019F172-G),군
사단정찰용 UAV 백령도서내 운용 가능성 연구,방위사업청(운영지원과),,,,,,박연선,대전광역시 유성구 대학로291-0 (구성동),,,국방사업관리사 자격제도 관리 및 활용강화 연구,군
17년 분광분석 폭발물탐지 연구용역,공군군수사령부,,94.4571,2018-12-31,주식회사 쿤스트에프케이,이재현,,"서울특별시 송파구 석촌호수로138, 202호 (삼전동)",32435107.0,94.4599,유도무기 적정 수리부속 보유량 산출 연구 용역,군
12.정책현안연구(북한의전쟁수행...),국군의무사령부,230631487.0,,2021-01-13,도원정보시스템 주식회사,최규식,최인숙,"경기도 용인시 기흥구 기흥로58-1 (구갈동) 기흥ICT밸리 SK V1, A동 2406호",230577527.0,91.0175,드론 통합관제체계 운영개념 및 구축 방안 연구,4284부대
17년 작전지속지원분석모델 유지보수 용역,국방부(운영지원과),,90.2227,,주식회사 유노미아,유현우,박계향,"서울특별시 용산구 이촌로65가길51-0 (이촌동, 한가람아파트) 214-2103",69556004.0,,진동분석시험장비 진동감지센서 등 16종 구매,군
공군 품목관리관 자격인증제도 도입방안 연구용역,방위사업청(운영지원과),39963612.0,,2020-05-06,성원금속,권혁웅,박병희,"서울특별시 금천구 가산디지털1로1-0 (가산동, 더루벤스밸리) 1208호",39938457.0,98.4634,융합형 신개념기술시범(ACTD) 제도 정립방안 연구,중앙행정기관
예비군훈련 적정 보상비 연구,국군재정관리단,,85.2614,2019-12-24,,,,,172585755.0,85.2609,방공전력 발전방향 연구 용역,국군재정관리단
전술정보통신체계Block-1-① 창정비요소개발 비용분석,국군재정관리단,,,2021-12-03,쿤텍 주식회사,배영훈,이도제,"경기도 하남시 미사강변한강로155, 1동 314호(망월동, 지식산업센터)",,,국방특허 권리이전 업무를 위한 특허 권리분석(1차),중앙행정기관
헬기 보조동력장치 시험장비 개발 연구용역,국군재정관리단,7302080.0,,2017-05-10,서울대학교 산학협력단,,최은수,,7300488.0,78.5027,공군병 정원 산출을 위한 편성기준 연구,군
병리장비소모품(생화학자동분석기 등 69종) 구매,국방부조사본부,201584215.0,93.2406,,국방대학교산학협력단,정운찬,구종우,"서울특별시 종로구 율곡로17길7-38, 수지빌딩 7층(이화동)",,,21-해군 재료분석기 구매,군
전투발전 연구용역 과제 세미나 수행 용역,공군본부,23065523.0,90.6973,,,,,,,90.6988,한국형 임무형 지휘 정착을 위한 리더십 적용 연구,국군수도병원
육군 개인 재능 평가지표 개발 연구용역,방위사업청(운영지원과),70978893.0,,2021-03-08,,,,,70961403.0,90.8018,육군 로고를 군수품에 적용하는 방안 연구,중앙행정기관
유도무기 신뢰수준 및 시험사격 적정수량 연구,국방부(운영지원과),954098.0,89.0749,2022-07-21,한국직업능력연구원,,박정수,경기도 수원시 장안구 하률로12번길80-0 (천천동),953418.0,,국방혁신 연계 예비군 전력증강 및 운용방안 연구,군
18-해상종합전술훈련장사업타당성 국내개발가능성연구,공군본부,,74.4405,,(재)한국산업개발연구원,,,"서울특별시 강남구 언주로527, 10층 (역삼동)",,,전시 물자동원 실효성 제고방안 연구,중앙행정기관
23 군의료 특성화 연구(접경지역 외상환자 예후 분석),국군재정관리단,,83.814,2019-12-08,,,김정숙,,,83.8136,K10제독차 조종상자 회로카드 정비기술개발 연구용역,합동참모본부
16-인성교육프로그램 등 연구 용역 계약,방위사업청(운영지원과),14107597.0,95.1316,2019-05-22,(사)21세기군사연구소,김진욱,김영진,대전광역시 유성구 유성대로1646-0 (전민동),,,안정화 작전을 위한 기반시설 복구부대 운영방안 연구,중앙행정기관
전원품질 분석기 구매,방위사업청,176024658.0,101.1921,,주식회사 한국심리평가원,이인형,김지훈,"서울특별시 용산구 한강대로62길41, 3층 (한강로1가)",176102457.0,101.1917,입체영상 처리 및 분석장비 구매,군
국회 협력 조직 및 업무 개선 방안 연구,해군본부,103246275.0,92.4195,,,,,,103141935.0,92.4235,기동화 지능화된 네트워크 전투체계 연구용역,국군재정관리단
감염 및 외상분야 군의료 특성화 연구(2차),국군재정관리단,,,2017-07-22,,최기혁,,서울특별시 용산구 새창로128-1 (용문동) 2층,186708758.0,92.7602,표적메모리 회로카드 대체품 개발 연구용역,중앙행정기관
정보역량 강화 연구용역,육군본부,,84.432,2018-11-19,,유훈,황순용,서울특별시 광진구 군자동98 집현관 216,287502192.0,,한국군병사에서 적응장애의 양상과 위험요인 연구용역,중앙행정기관
(상생협력실)갈등영향분석 연구용역(C013),방위사업청(운영지원과),84945615.0,,2020-04-11,한양대학교 산학협력단,백은주,김소라,"서울특별시 성동구 왕십리로 222, 한양대학교 내 한양종합기술연구원 110호(행당동)",,,민사분야 연구용역(2-2),제9691부대
IoT 기반 전군 공통 서비스 발전방향 연구,공군제17전투비행단,32355501.0,92.8063,2024-03-11,,,장소영,,32357571.0,92.8027,전술환경 下 효율적 이동통신체계 운용방안 연구용역,군
무인기술을 적용한 현용전력 극대화 방안 연구,국군재정관리단,8258411.0,,2019-02-23,재단법인 한국군사문제연구원,김형철,,"경기도 성남시 수정구 위례대로83(창곡동, 국방문화센터)",8260553.0,88.6115,전투실험 연구용역,군
기갑/기계화부대 중대급 교전훈련장비 2차 선행연구,해군본부,,91.1682,,서울대학교 산학협력단,오세문,황병윤,대전광역시 동구 대학로62-0 (용운동),,91.1665,00사단 관사 이전사업 선행연구 용역,중앙행정기관
비전통위협 국방대응체제 발전연구,방위사업청(운영지원과),,,2019-08-23,영남대학교산학협력단,조화순,이창환,"서울특별시 은평구 진흥로 225,(불광동)",62399816.0,,생물안전밀폐실험실(BL3 3등급 연구시설)유지보수용역,중앙행정기관
해상작전 유/무인기 최적화 운용방안 연구,국방대학교,25797142.0,87.0676,,,,이수행,,,87.0724,총 수명주기간 함정 안전진단 수행체계 개선방안 연구,군
국회 협력 조직 및 업무 개선 방안 연구,국군재정관리단,33325615.0,87.916,2022-06-15,,,,,33300233.0,87.9142,19-미래 군사용 해상기지 발전방안 연구,군
(246247-D) 이동형 심리생리반응 분석장비 구매,국방대학교,,,2022-12-16,한국표준인증기술연구원,김태호,김용희,"경기도 안성시 대덕면 서동대로4726, 중앙대학교 생활과학관 609관 2층",,,KJCCS 경미한 성능개량 사업 비용분석,중앙행정기관
임베디드 및 군 무선통신 취약점 분석기술 연구,육군정보학교,,,,(사)21세기군사연구소,,,,686270766.0,84.4202,공군 우주조직 발전방향 연구,합동참모본부
자동염기서열분석기 정비 및 검교정,국군재정관리단,77686086.0,,2019-12-19,주식회사 동화이엔지,김석용,정평길,"서울특별시 송파구 송파대로201-0 (문정동) 송파테라타워2 A동 1213,1214,1215,1216,1217,1218호",77702422.0,,22년 의무장비(혈액가스분석기 중형) 구매,군
`18년 지형분석장비 교체사업,국군재정관리단,259935447.0,84.2679,2019-05-10,MK메디칼,한대일,이도형,"서울특별시 영등포구 국회대로70길12, 802호 (여의도동,대산빌딩)",260093591.0,,19-회로분석기 구매(20199065-H),국군재정관리단
선체고정음탐기 선행연구 용역,방위사업청(운영지원과),4880544.0,,2021-03-28,사단법인 안보경영연구원,전건욱,,"서울특별시 강남구 언주로527, 10층 (역삼동)",4874288.0,86.7793,소형전술차량 시설사업 선행연구,중앙행정기관
(22G088-A) VR 지뢰훈련시뮬레이터 선행연구용역,육군본부,,76.7829,2019-03-14,,,,,55165076.0,76.787,공군 Kill-Web의 임무효과도 및 발전 로드맵 연구,국군재정관리단
공군 이러닝 무선기반체계 고도화 방안 연구 용역,국군재정관리단,,,2021-06-08,제이에스전자,장우영,김중곤,충청북도 청주시 청원구 율봉로159번길73-1 (율량동),,85.6407,우주안전 발전 생태계(거버넌스) 구축 연구 용역,군
디지털 증거분석체계 라이센스 확보,방위사업청(운영지원과),,89.7759,2021-05-02,충남대학교 산학협력단,장복철,함혜련,"서울특별시 금천구 가산디지털2로184, 10층 1017호(가산동, 벽산디지털밸리2차)",26373156.0,,디지털증거분석 수사체계 교체(218014-A),중앙행정기관
장보고-III Batch-I 잠수함 저주파분석 훈련장비,국군재정관리단,,93.2032,2023-03-01,사단법인 미래안보산업전략연구원,주양효,박계향,경상북도 경주시 동대로 123(석장동),,93.2026,(207180-H)스펙트럼측정/분석장비 노후교체,군
재투자 의무장비 구매(1차) - 요분석기,국군재정관리단,,81.1765,2018-03-06,서울과학기술대학교 산학협력단,조은미,경상현,"대전광역시 유성구 대학로 99(궁동, 충남대학교)",309072235.0,,대잠훈련분석체계(AEAS) 유지보수 용역,군
대용량 유전자데이터 분석 파이프라인 및 가시화 연구,국군복지단,158677537.0,93.3202,,사단법인 안보경영연구원,박정기,유선미,서울특별시 서초구 남부순환로319길 13(서초동),158676339.0,,미래 육군 상비병력 절감방안 연구,군
무인 수색차량사업 운용요구서(ORD) 연구,공군교육사령부,,,,,,,,8708447.0,,화생방 연구활동 재료 시약 구매,제9691부대
군사사연구총서 제6집 6.25관련주제 연구용역 (과제1),국방부(운영지원과),190779098.0,,2019-10-22,주식회사 안보기술연구원,김한용,이재평,"서울특별시 마포구 성산로2길55, 602호(성산동, 샤인빌딩)",,97.5017,사이버전 수행개념 및 절차 연구,중앙행정기관
전술환경 下 효율적 이동통신체계 운용방안 연구용역,육군본부,,,2017-11-04,한양대학교 에리카산학협력단,김상인,정금석,서울특별시 마포구 동교로183-11 (동교동) 한국정치학회빌딩 4층 한국정치학회,30032414.0,,기초자치단체 비상대비업무 담당자 신편방안 연구,군
전투발전세미나 수행 연구용역,국군재정관리단,,86.8206,2017-06-03,(주)디앤오종합건축사사무소,권시형,,,59213806.0,86.8197,한국형 손상통제 모의훈련형 CBT 구축방안연구,군
23년 기술연구용역 계약 의뢰(1),육군훈련소,343922342.0,93.9419,2018-06-21,,,,,344180044.0,,23년 전투실험(연구용역사업),기관
민관군 상생을 위한 다락대훈련장 운영방안 연구용역,육군교육사령부,345679467.0,,2017-04-10,,,,,,88.3232,한국형 임무형 지휘와 리더십 관계 정립 연구용역,4284부대
한국형 MDTF의 사단 적용방안 연구,국군재정관리단,5266768.0,82.6398,2021-04-05,,,김다예,,5262633.0,82.6432,인력획득 모집홍보 대상의 성향 분석 연구 용역,중앙행정기관
K계열 장갑차 엔진 오일펌프 시험장비 개발 연구용역,국방부(운영지원과),13619992.0,88.9111,2021-12-15,,,김지훈,"서울특별시 용산구 한강대로62길41, 3층 (한강로1가)",,88.9114,(상생협력실)갈등영향분석 연구용역(C013),군
BLT급 쌍방훈련 제병협동훈련장 구축 연구용역,육군인사사령부,,81.038,,,,,,12595668.0,81.031,인사교육장교 경력관리 개선을 위한 연구용역,제5738부대
전평시 국가 화생방전 대응체계 발전방향 M&S 분석,국군재정관리단,,101.198,2022-07-23,,김재영,진수빈,,17617412.0,101.1963,과학기술전문사관 직무 성과분석 연구,국군재정관리단
2024 서울안보대화 프로그램 기획 및 발전방향 연구,국군대전병원,96241137.0,96.2818,2023-01-21,주식회사 안보기술연구원,김태동,조명희,"경상남도 창원시 진해구 중원로1-0 (남빈동, 해군사관학교내)",96205084.0,,22년 계룡스파텔 시설개선사업 선행연구 용역,제7821부대
신기술을 적용한 무기효과자료 산출 방법론 연구,육군교육사령부,3892991.0,89.0643,2023-02-16,(사)국방소프트웨어협회,,,"서울특별시 강남구 언주로527, 10층 (역삼동)",3883834.0,89.0567,공군 품목관리관 자격인증제도 도입방안 연구용역,군
포별분배기 회로카드(6종) 시험장비개발 연구용역,한미연합군사령부,66201076.0,,2022-05-20,,,,,66207645.0,,19-운용함정 소음 진동 성능점검 기술연구 용역,기관
연구활동 재료(시약 초자)361종 구매(20197096-E),육군교육사령부,68497364.0,93.7325,2016-07-16,,,조상환,,68560146.0,93.7305,국내 한도액계약 및 성과기반계약 활성화 방안 연구,군
18-해상종합전술훈련장사업타당성 국내개발가능성연구,국방부(운영지원과),21178162.0,,,(사)국방시설연구협회,노광현,정연환,서울특별시 영등포구 여의대방로67길11-0 (여의도동) 5층 A5-29호,,93.7131,실전적 모의지원 연구 용역,중앙행정기관
00부대 스마트 자동화 저장창고 신축 비용분석 연구,국군의무사령부,,81.5754,2018-04-19,(주)한신솔루션,홍영기,,"충청남도 논산시 대학로 121, 건양대학교 산학협력단(내동)",155075240.0,81.5752,군사용 인공지능 윤리적 평가 및 검증요소 연구 용역,기관
국방 인공지능(AI) 활용 실증기획 연구,육군교육사령부,,,2019-10-28,(사)21세기군사연구소,김진욱,,서울특별시 노원구 화랑로574-0 (공릉동),,84.9774,2.75유도로켓 창정비 비용 대 효과분석 연구용역,군
국방해킹범죄수사센터 상황분석 시스템 구축,공군제15특수임무비행단,152761124.0,,,라온시스템즈(주),윤은희,양정학,"경기도 군포시 고산로148번길17-0, B동 1303호, 1304호, 1305호(당정동, 군포IT밸리)",,84.8219,통신전자장비 전계강도 측정분석장비 개발,국군제1068부대
미래 육군비행장 발전계획 검증 연구 용역,국군재정관리단,,95.1197,,주식회사 티앤제이커뮤니케이션,김종광,백현정,서울특별시 강서구 마곡중앙5로1길20 (마곡동) 520호,69611114.0,95.1233,대형 후속사업 추진시 기종결정 평가항목 연구,군
22-6차 연구장비 구매 계약 - 시약 및 약품냉장고,제9227부대,83666885.0,88.4602,,,,한선여,,83659573.0,88.4625,예비전력 VISION 구현 방향 연구용역,제7군단
(20F060-I)소음영향도작성을위한소음측정및분석용역,공군본부,81293001.0,,,사단법인 미래안보산업전략연구원,강우철,최재우,서울특별시 관악구 관악로1 (신림동),81277975.0,72.6804,포렌식 분석장비 긴급보강 사업,중앙행정기관
국방 시뮬레이터 운용실태 및 발전방안에 관한 연구,제7016부대,12873773.0,,2016-01-06,,,,,12871335.0,,주요 선진국의 획득제도 사례분석을 통한 시사점 연구,합동참모본부
대형 후속사업 추진시 기종결정 평가항목 연구,방위사업청(운영지원과),1936644.0,87.1991,2019-03-23,,,노경범,,,87.1992,19년 천궁 성과기반군수지원 적용방안 연구용역,중앙행정기관
2018년 제4회 국방 분석평가관계관 워크숍 위탁운영,공군군수사령부,195101076.0,,2021-03-15,(사)21세기군사연구소,오중산,,충청남도 논산시 양촌면 황산벌로1040,195172408.0,99.5051,2019년 의무장비(자동분석기 생화학용 대형) 구매,군
자운대 종합발전계획 연구용역,방위사업청(운영지원과),,85.6739,2019-04-08,주식회사 휴먼씨엔씨,한민구,황병윤,서울특별시 금천구 가산디지털2로123-0 (가산동) 1010-391호,16109009.0,85.6742,행정업무 간소화 개선방안 연구,중앙행정기관
22-3차 연구장비 구매 계약(수정) - 미생물측정기,제9691부대,16088999.0,86.2437,2019-03-25,한스메디칼,권택조,정우철,"충청북도 청주시 서원구 충대로1-0 (개신동, 충북대학교)",16083216.0,86.2401,(22G140-A)범국민 안보의식조사 연구 용역,국군재정관리단
대용량 유전자데이터 분석 파이프라인 및 가시화 연구,제9965부대,451878.0,92.9017,2021-07-22,주식회사 엘씨케이테크놀로지스,이성로,김승준,"서울특별시 송파구 송파대로24길5-6 (가락동,1층)",,92.903,작전계획분석모델 S/W 성능개선 용역,국군재정관리단
2023년 서울안보대화 프로그램 기획 및 발전방향 연구,합동참모본부,190032572.0,90.2534,2019-06-13,주식회사 바로텍시너지,한수희,,충청남도 논산시 양촌면 황산벌로1040,189964637.0,90.2562,16년 정보분석지원체계 유지보수 용역,국군재정관리단
훈련 및 부대운영 빅데이터 활용방안 연구용역,국방부(운영지원과),39008852.0,94.5147,,(주)에프오알엠도시건축공간연구소,정봉원,박한솔,,38962609.0,94.5165,공군 무기체계 EMP 방호능력 향상 방안 연구,중앙행정기관
(237022-H)분석관리체계 노후 교체사업(리스물건),국군대전병원,63075575.0,91.6759,,,,,,,91.6683,22년 의무장비(혈액가스분석기 중형) 구매,군
군 경계작전에 적합한 LED등기구 기준 정립 연구용역,육군교육사령부,85321406.0,,2020-06-03,가톨릭관동대학교 산학협력단,,김소라,,85357772.0,,방산수출 진흥을 위한 보호법령 정비방안 연구,군
지뢰 등의 탐지·제거 민간대행에 관한 연구,육군본부,186477472.0,89.2296,2020-08-09,세종대학교산학협력단,박종재,박미영,"경기도 성남시 분당구 구미로8, 2층(구미동, 엠타워)",,89.2362,24년 기술연구용역(3),국군재정관리단
육군 스마트 안전관리 모형개발 연구용역,육군교육사령부,23964966.0,86.8994,2019-07-10,세종대학교산학협력단,한민구,,"서울특별시 송파구 법원로9길26, D동 1104호(문정동, H-비즈니스파크)",23961939.0,,방산수출 진흥을 위한 보호법령 정비방안 연구,기관
ATCIS 개방형 OS 전환 비용대비 효과분석 연구용역,국방부(운영지원과),301395884.0,93.8686,2020-02-16,주식회사 사이버앤네트워크연구원,김지현,박계향,서울특별시 송파구 중대로25길 3-16(),301391963.0,93.8673,22-1차 연구장비 구매 계약 - 증기후드,군
전자기스펙트럼 측정/분석체계 운용방안 연구,해군본부,62147460.0,,,,,,,,,(22G088-A) VR 지뢰훈련시뮬레이터 선행연구용역,중앙행정기관
(상생협력실)갈등영향분석 연구용역(C013),제9691부대,151637963.0,,,,,류상윤,,,,시뮬레이터 소프트웨어 보안성 시험 방안 연구,대학
자동염기서열 분석기 소모품 구매 설치,해군군수사령부,38929140.0,90.1589,,,,이태영,서울특별시 노원구 화랑로574-0 (공릉동),,,진동분석시험장비 진동감지센서 등 16종 구매,제5738부대
23-D-디지털컨텐츠 위변조 분석시스템 구매,국방부유해발굴감식단,274094682.0,86.5819,2023-12-10,노무법인한수,김한욱,이한웅,경기도 용인시 기흥구 마북로207(마북동),274112078.0,86.5831,(22F067-G) 심리뇌파분석시스템 유지보수사업,종합보급창
16년 작전지속지원분석모델 유지보수 용역,국방부(운영지원과),113691202.0,94.9803,2019-09-18,주식회사 공공정책성과평가연구원,최권석,이다인,"서울특별시 강남구 테헤란로131-0 (역삼동, 한국지식재산센터) 3.9층",,94.9766,우주안전 발전 생태계(거버넌스) 구축 연구 용역,군
공군 무기체계 EMP 방호능력 향상 방안 연구,공군본부,95805495.0,,2017-12-25,사단법인 안보경영연구원,전건욱,,"서울특별시 강남구 언주로527, 10층 (역삼동)",95882383.0,83.7524,잠수함 업체주도 연구개발 장비의 시험평가 방안,합동상호운용성기술센터
고속전투주정 시설사업기본계획 수립 연구용역,국군재정관리단,,99.2602,2017-06-07,명지대학교 산학협력단,서종대,안성원,서울특별시 광진구 천호대로524-0 (군자동),,99.2579,전투실험 중장기 종합발전계획 연구용역,국군재정관리단
상륙공격헬기 체계운용요구 및 PBL 적용방안 연구용역,방위사업청(운영지원과),11557141.0,,2018-01-06,,,,,11577535.0,98.0011,정신전력 측정도구 및 지표 개발 연구,중앙행정기관
20-함정 전기추진체계 관련 군요구조건 도출방안 연구,국군재정관리단,10285766.0,,2019-01-07,세영정보통신(주),구칠효,김종환,"충청북도 청주시 청원구 대성로298-0 (내덕동, 청주대학교)",,92.7183,군사시설 타운화 개념의 부대 재배치 방안 연구,중앙행정기관
22-설계자료 활용 및 군 시설단가 표준화 연구용역,국군대전병원,,,2021-04-21,,,,,308904904.0,85.7434,21-섬석천 기능개선 분석평가 및 기본계획 연구용역,국군수도병원
(236043-G) 23년 모바일·IoT 조사분석체계 도입사업,육군본부,,,2024-10-15,계명대학교 산학협력단,정관용,우수진,"경기도 고양시 일산동구 일산로441번길34-13, 1층 (1층 상가 좌측)(정발산동)",170226097.0,88.7057,K10 탄약운반차량 경미한 성능개량 사업분석,중앙행정기관
원격제어조립체 개발 연구개발(2019H027-B),육군본부,103537798.0,99.1483,2018-01-06,육군사관학교 산학협력단,변중무,,서울특별시 용산구 이태원로29-0 (용산동1가) 전쟁기념관 435호,103577362.0,99.147,(21G023-A)생물안전3등급 연구시설 유지보수 용역,중앙행정기관
저피탐 정찰용 무인항공기 개발기술 및 운영개념연구,국방부(운영지원과),,90.0903,,사단법인 안보경영연구원,전건욱,,,346572068.0,90.0888,저고도 공역 통합 관제체계 연동 소요 연구용역,군
(24F262-A) 방호시설 폭발실증시험 계측 및 분석용역,방위사업청(운영지원과),172840446.0,89.6712,,(주)다올씨앤씨,김용주,민정화,경상남도 함안군 칠북면 삼칠로 1826티엠시 (주),,89.6682,24년 의무장비(요분석기) 구매,국군재정관리단
한반도 작전환경에 적합한 사단 구조 및 편성 연구,방위사업청(운영지원과),65951759.0,97.0788,,,김진욱,김지훈,"서울특별시 송파구 법원로11길25-0, A동 1310호(문정동, 에이치비즈니스파크)",65955563.0,,함정 설계 건조 기준 및 함정규칙 정립 연구 용역,중앙행정기관
직ㆍ간접 전투경험 공유 확대 연구용역,해군본부,199668225.0,84.4036,2020-11-25,한양대학교 에리카산학협력단,강창선,,"서울특별시 성북구 안암로145 (안암동5가, 고려대학교)",,,실전적 모의지원 연구,군
미래 합동작전과 해군.해병대 공동 비전 연구,제9691부대,19295629.0,,2017-06-05,,,,,,79.6411,보코더 특성분석 플랫폼 개발 연구용역,군
교육장비(질량분석기) 구매,국방부(운영지원과),20838906.0,91.2138,2021-10-22,주식회사 에스앤피,남상경,홍태오,인천광역시 연수구 한나루로105번길68-0 (옥련동) 406동 1804호,20795183.0,91.2134,K1A2 전장관리신호처리기 시험장비개발 연구용역,국군재정관리단
사이버정보(수집·분석·관리)시스템 구축방안,해군본부,67769811.0,93.8631,2023-06-09,사단법인 안보경영연구원,백훈,,"서울특별시 강남구 언주로527, 10층 (역삼동)",,,24년 기술연구용역(3),군
(1)군용비행장 소음측정 및 분석용역,국군재정관리단,,98.7436,,에스앤에스이앤지 주식회사,,김소미,,,98.7462,지형분석도 제작 재료 구매,군
퍼징기반의 국방 무기체계 SW 안전성 향상방안 연구,제9691부대,113459406.0,92.7544,,주식회사 스마트포트테크놀로지,김지영,조대현,서울특별시 동대문구 경희대로26-0 (회기동),,,초급간부 복무여건 현상진단 및 개선대책 방안 연구,국군재정관리단
22-7차 연구장비 구매 계약 - 멸균소독기 소형,국방부(운영지원과),,,,사단법인 안보경영연구원,전건욱,,"서울특별시 강남구 언주로527, 10층 (역삼동)",212373329.0,,23-중북부 물류거점 입지 선정 및 효과 연구,중앙행정기관
안보학술진흥연구용역(2.국제안보환경또는),공군사관학교,296514961.0,80.9443,,지그인더스트리,김준식,,경기도 구리시 갈매순환로166번길45 (갈매동) 구리갈매아너시티S811,296877120.0,,2024년 방산물자 현황분석 연구용역,국군재정관리단
군사과학정책 연구 용역(1. 국방 데이터....),국군화생방방호사령부,,82.3025,,주식회사 제니컨벤션,박홍련,,"경기도 안양시 동안구 벌말로126 (관양동)오비즈타워1903호,1904호",,82.3039,기술인력육성 보조사업자 운영성과 평가 및 연구,국군재정관리단
18-회로망용 분석기 등 8종 구매,국방부(운영지원과),22833032.0,,2018-12-10,주식회사 애니캐스팅,윤현식,김성연,"서울특별시 송파구 중대로105-0 (가락동, 가락 ID TOWER),302호",,94.7158,(20F066-A)소음영향도작성을위한 소음측정및분석용역,중앙행정기관
무인전투체계 발전방향 연구,국군재정관리단,193409934.0,,2018-06-01,,,,,193378150.0,94.9624,도면(2D 및 3D) 통합관리방안 연구용역,중앙행정기관
해상감시레이더-II 양산사업 비용분석,국군재정관리단,243722662.0,,,인하대학교 산학협력단,조홍덕,채희연,부산광역시 동구 중앙대로286번길9-0 (초량동) 306호,243669792.0,79.0958,정보분석조용 보관낭 구매,제9691부대
전력지원체계 연구개발 기술수준 조사 및 평가 용역,방위사업청(운영지원과),,89.3952,,사단법인 안보경영연구원,전건욱,,"서울특별시 강남구 언주로527, 10층 (역삼동)",215316020.0,,군단정찰용 무인항공기-Ⅱ 시설사업 선행연구,중앙행정기관
23-D-라만분광분석기 구매,국방부(운영지원과),111017881.0,93.0401,,사단법인 대한민국 육군발전협회,정의붕,,충청남도 논산시 양촌면 황산벌로1040,,,사이버 기술분석용 라이선스 구매,군
21-해양무인체계에 필요한 핵심기술 연구,육군 제3808부대,,81.6949,,주식회사 엘씨케이테크놀로지스,박수연,이승원,충청북도 청주시 서원구 남이면 남석로326,59688362.0,81.7053,국방전직교육원 조직진단 및 기능강화 방안연구,국군재정관리단
항-19-032 자동면역분석기 시약(HBsAg RGT)등 112종,해군본부,201528288.0,88.8587,2021-03-17,희송컴퍼니,고윤안,장현주,경기도 남양주시 별내면 용암비루개길140-0,,88.8618,장보고-III Batch-I 잠수함 저주파분석 훈련장비,국군재정관리단
(246255-C) 외상처치 시뮬레이션 킷 등 5종 구매,제9691부대,,84.4527,2024-10-31,주식회사 좋은소리,이진우,이진우,"대전광역시 유성구 테크노4로17, A동 501호 (관평동, 비즈센터)",,84.4528,(246255-C) 외상처치 시뮬레이션 킷 등 5종 구매,군
스마트팩토리 기반 KAAV창정비 공장 연구 용역(1),육군교육사령부,,86.3731,2023-08-18,주식회사 단군픽쳐스,최권석,이용길,서울특별시 영등포구 국제금융로6길33-0 (여의도동),133567584.0,86.3772,미래안보환경 대비 군사시설 보호업무 발전방향 연구,국군재정관리단
정기기초연구과제연구용역(7.미래안보상황에..),국군의무사령부,95048054.0,,2018-08-16,,,,"서울특별시 송파구 법원로11길25-0, A동 1310호(문정동, 에이치비즈니스파크)",95038849.0,87.5075,K21장갑차 조종수카메라 정비기술개발 연구용역,국군재정관리단
24년 전반기 육군 정책연구 과제 연구용역,합동참모본부,141516874.0,,,서울대학교 산학협력단,김진욱,김영삼,서울특별시 영등포구 여의공원로 101(여의도동),141491528.0,81.2291,군용비행장 소음측정 및 분석용역(해),국군재정관리단
방산업체 방위산업기술 보호역량 강화방안 연구,국군재정관리단,,,2022-11-16,,,구종우,"서울특별시 금천구 가산디지털2로184, 10층 1017호(가산동, 벽산디지털밸리2차)",,,전자기스펙트럼 측정/분석체계 운용방안 연구,군
법무 계좌통신 분석시스템 구매,국방부(운영지원과),324937510.0,,2018-08-12,주식회사 희망에어텍,최치원,,"전북특별자치도 군산시 임피면 호원대3길 64,",324898280.0,88.9691,합동작전분석모델-Ⅱ 탐색개발,중앙행정기관
생화학분석기(동물용) 1항목 구매(의무),공군군수사령부,,,2021-10-18,사단법인 한국국방기술학회,김범준,권시형,"경기도 성남시 수정구 복정로84번길 22-15,(B-001호) (복정동)",390636640.0,88.5929,23-D-라만분광분석기 구매,국군재정관리단
차세대 전투차량 발전방안 연구 용역,국군재정관리단,,80.499,2021-07-12,주식회사 웨이브텍,김윤혁,김영진,대전광역시 유성구 노은로170-0 (지족동) 스타시티빌딩 6층,,80.5074,21-함정 거주구역 개선방안 연구,중앙행정기관
군급식조달체계변화에따른적정급식비산출에대한연구,해군본부,,,2020-05-08,육군사관학교 산학협력단,,,,324835732.0,,대량탄약조립장 개선방안 연구,국군재정관리단
드론봇 전투체계 통합관제체계 구축 연구용역,국방시설본부,19780522.0,85.4496,2023-02-07,고려대학교 의료원 산학협력단,박영선,최광호,"경기도 수원시 영통구 월드컵로 206(원천동, 아주대학교)",,,국회 협력 조직 및 업무 개선 방안 연구,군
지상공중우주계층별 양자기술연구용역,해군본부,,100.6544,,,박정기,,"서울특별시 용산구 청파로 40, 삼구빌딩 1815호(한강로3가)",27113425.0,100.6527,’22년 전투발전 연구과제 용역(3),중앙행정기관
미래 트랜드 변화와 육군의 대응방향 연구 용역,국방부(운영지원과),,91.8293,2019-09-15,(주)에프오알엠도시건축공간연구소,홍영기,구종우,"경기도 안산시 상록구 한양대학로55-0 (사동, 한양대학교 안산캠퍼스)",73908438.0,,인천지역 도심 친화적 통합 재배치 연구용역2019F009,국군재정관리단
국산품 우선정책(BKD) 수립을 위한 정책연구,국방부(운영지원과),7352348.0,89.5117,2020-11-24,(사)한국전략문제연구소,,,,7355346.0,89.5186,포항지역 항공기 소음감소 대응방안 연구 용역,중앙행정기관
미래 우주전장 분석 및 공군 우주전략 수립 연구용역,방위사업청(운영지원과),25150752.0,85.0793,2020-11-03,(주)카이엠,조우철,안병선,"서울특별시 강남구 강남대로62길24-0 (역삼동,해송빌딩)3층",25120072.0,,(20F168-I)00부대 부대개편 시설사업 선행연구 용역,중앙행정기관
군용차량 배출가스 환경영향 및 기준 검토 연구용역,제9691부대,,96.3098,,,,이은경,"서울특별시 금천구 가산디지털2로184, 10층 1017호(가산동, 벽산디지털밸리2차)",,,군인연금관리공단 설립 필요성 등 검토를 위한 연구,군
고속전투정 기지건설 방안 연구 용역,국방부(운영지원과),2112360.0,86.2045,2021-04-04,,,이정현,,2112108.0,86.206,군인연금 수급요건 및 분할연금 도입 연구,중앙행정기관
24-Y-복-복지회관 신축사업 선행연구용역,국방대학교,10281162.0,70.6798,2018-08-06,,,,,10291518.0,,00부대 작전지휘시설 선행연구 용역,중앙행정기관
기술인력육성 보조사업자 운영성과평가 및 연구,공군본부,,96.685,,주식회사 우진지앤에스,이숙,강윤진,충청남도 홍성군 홍북읍 홍예로213-0 (엘에이치스타힐스) 121동 2201호,188787381.0,,미래 육군 여군인력 활용성 제고방안 연구,군
예비전력 예산  국방예산의 1%달성 방안 연구,제9691부대,237035651.0,,2016-01-25,,,,,237030697.0,83.8042,20-쇄빙능력 보유 함정 건조/설계 기반기술 연구,국군재정관리단
부품단종 정보획득 및 관리 시범사업 연구,국방부(운영지원과),,94.1819,2018-04-03,(사)한국전략문제연구소,,,"서울특별시 용산구 청파로 40, 삼구빌딩 1815호(한강로3가)",16819241.0,94.1857,KAAV-Ⅱ운용요구서 구체화에 관한 연구용역,국군재정관리단
풍력발전기에 의한 방공레이다 등의 작전영향 연구,국군재정관리단,44105749.0,,,,,,,44152021.0,87.8026,20-MTU엔진 PBL 비용대효과분석 및 성과지표 연구,중앙행정기관
항-20-036 자동면역분석기,제2879부대,,,2019-06-03,주식회사 베테랑콤,박영욱,염진수,"경기도 고양시 덕양구 항공대학로76-0 (화전동, 한국항공대학교내)",292307393.0,90.8815,화학위험물질 및 방사선 탐지  분석용 드론제조,중앙행정기관
(227258-F)사이버 기술분석용 장비/SW 도입,공군군수사령부,280913371.0,,2019-11-17,한성대학교 산학협력단,구칠효,성진숙,"서울특별시 성북구 정릉로 77, 국민대학교내(정릉동)",,88.8314,취약점 진단분석체계 교체사업(209086-F),국군재정관리단
북한의 기뢰전 전술 분석 및 대응책 연구,합동참모본부,20894110.0,96.4698,2019-10-21,주식회사 한국건설경영기술원,정재관,,서울특별시 영등포구 경인로763-0 (문래동3가) 제9호,20882867.0,,ATCIS 2차 성능개량 0000체계 운용요구서 연구,국군재정관리단
상륙돌격장갑차(KAAV)-II 계열화 방안 연구,해군군수사령부,64262493.0,,2018-09-24,사단법인 한국국가전략연구원,이인형,김중곤,서울특별시 서초구 서운로13-0 (서초동),64247112.0,76.8219,첨단기술을 적용한 안티드론 체계의 전력화 방안 연구,국군재정관리단
19-AW159 PBL 비용대효과분석 및 성과지표 개발 연구,제2307부대,79099645.0,92.0998,2020-02-13,,,,,,,정보체계 취약점 진단을 위한 모의환경 구축방안 연구,군
기술성숙도평가(TRA) 내실화 방안 연구,국군재정관리단,,94.737,,,,,,55096531.0,,병영환경 및 상담대상자 특성과 연계한 상담기법 연구,군
육군 로고를 군수품에 적용하는 방안 연구,국군재정관리단,,87.2713,2020-07-07,주식회사 한국직업자격연구원,이재평,최진아,서울특별시 송파구 올림픽로505-0 (풍납동),56495704.0,,집중정신전력교육 프로그램 개발 연구용역,국군재정관리단
민간우주기술을 접목한 육군우주력 발전방안 연구,국방부(운영지원과),178251259.0,,2021-07-04,,,전형준,,,,국방표준서 제정(4차) 연구,군
기갑/기계화부대 중대급 교전훈련장비 2차 선행연구,국방부조사본부,572035693.0,78.6437,2018-04-24,신우정보기술,김재영,,서울특별시 성북구 삼선교로16길116-0 (삼선동2가),571964007.0,,국산품 우선정책(BKD) 수립을 위한 정책연구,제9965부대
미래 복합전투체계 운용개념/전투실험방법 연구용역,방위사업청(운영지원과),31722687.0,92.7291,,,,원미정,,,,마린온 정비지원체계 방안 연구용역,중앙행정기관
21-해양 기반 우주작전 개념 및 전력발전 방안 연구,방위사업청,71005247.0,,2020-01-10,한남대학교 산학협력단,정의승,김하근,"경기도 화성시 동탄첨단산업1로27 (영천동, 금강 펜테리움아이엑스타워) A동1708,1709호",71034316.0,93.595,지뢰탐지기(PRS-17K) 제어함 정비기술개발 연구용역,기관
군인연금관리공단 설립 필요성 등 검토를 위한 연구,방위사업청(운영지원과),203594070.0,88.3478,2022-12-20,사단법인 안보경영연구원,전건욱,,"서울특별시 강남구 언주로527, 10층 (역삼동)",203498540.0,88.3495,육군 NCS직무표준화 및 군내 활용방안 연구 용역,중앙행정기관
대용량 유전자데이터 분석 파이프라인 및 가시화 연구,방위사업청(운영지원과),118198942.0,,,,,,,,,22년 기술연구용역 계약(1),군
24-3차 조달 연구장비(의약품 냉동고) 구매,육군교육사령부,40771583.0,,2021-08-17,,,조혜진,,,88.6331,24년 군 양성평등지표 조사 및 분석 연구,중앙행정기관
유도무기 적정 수리부속 보유량 산출 연구 용역,제9691부대,,,2019-04-22,(주)두두아이티,홍영기,윤진영,"서울특별시 노원구 광운로 20(월계동, 광운대학교)",22450204.0,,군 C4I체계 보호방안 연구 용역,국군재정관리단
(217122-B)연구장비(차세대염기서열분석기) 구매,육군본부,52333822.0,92.2781,2021-09-22,국방대학교산학협력단,임창흥,김승준,"서울특별시 구로구 디지털로26길61, 에이스하이엔드타워2차 2001호 (구로동)",,92.2792,네트워크 시험평가용 M&S체계 활용 발전방안 연구,군
19년 병리장비소모품(13) 혈액가스분석기 구매,육군군수사령부,30319594.0,89.5445,2023-12-15,(주)비오더블테크놀로지,정영주,김우중,제주특별자치도 제주시 첨단로251 (영평동),,89.5482,대잠훈련분석체계(AEAS) 유지보수 용역,제20전투비행단
21-수명주기와 연계한 경항공모함 정비방안 연구,국방부(운영지원과),1015853.0,,,주식회사  인섹시큐리티,김건희,김성찬,"서울특별시 송파구 석촌호수로138, 202호 (삼전동)",,92.554,고출력레이저 위성추적체계 구축방안 연구,중앙행정기관
23년 전투실험발전 연구용역 세미나 수행 용역(3),방위사업청(운영지원과),65614899.0,,2019-08-25,,,권시형,서울특별시 광진구 군자동98 집현관 216,65615294.0,,보령 공군사격장 민관군 상생협력방안 연구용역,중앙행정기관
국방전직교육원 조직진단 및 기능강화 방안연구,공군본부,156996459.0,,2024-06-11,,,김은민,,156990290.0,98.3537,교육 발전방향 연구용역,군
(246261-F) 차량엔진 분석기 구매 ,국방부(운영지원과),,90.2288,,주식회사 인섹사이버시큐리티,엄종만,장윤정,"경기도 고양시 덕양구 용현로10-0, 508동 203호 (행신동, 무원마을5단지 아파트)",,,(246311-E) 분석용 고성능 PC등 2품목 (리스자산),중앙행정기관
행정업무 간소화 개선방안 연구,공군교육사령부,20764541.0,81.5257,2018-11-24,(주)에프오알엠도시건축공간연구소,,이재평,,,81.5302,보령 공군사격장 민관군 상생협력방안 연구용역,군
전투발전 연구용역 과제 세미나 수행 용역,국방대학교,363775472.0,94.7882,2019-02-02,(사)한국위기관리연구소,최영복,이수현,"서울특별시 송파구 송파대로201-0 (문정동) 송파테라타워2 A동 1213,1214,1215,1216,1217,1218호",363491188.0,,공개SW 군 확산을 위한 정책수립 연구,제7군단
[상층대기 분석장비]회로카드 조립체 등 4종 구매,제3130부대,161837812.0,90.3805,,충북대학교산학협력단,정태량,최민정,"서울특별시 강남구 영동대로602, 6층 E170호(삼성동)",161805472.0,90.3793,조사분석 라이선스 구매,제1363부대
상륙돌격장갑차 수명유지를 위한 방안 연구용역,국군재정관리단,14091738.0,,2021-10-27,국민대학교산학협력단,최권석,김현정,경기도 고양시 덕양구 권율대로656-0 (원흥동) 17층 1739호,14083578.0,93.8956,병영도서관 중장기 발전방안 연구,군
군 주파수 대역정비 방안 연구,국방부(운영지원과),112201455.0,,,,,김영삼,,112227041.0,,21년 전투발전 연구용역(2),국군재정관리단
17년 분광분석 폭발물탐지 연구용역,방위사업청(운영지원과),114017760.0,83.0696,2020-07-18,,,,"서울특별시 용산구 청파로 40, 삼구빌딩 1815호(한강로3가)",114081490.0,,ICBM 기반 통합 시설물관리체계 구축 개념 연구용역,중앙행정기관
방공포병 모의훈련체계 구축방안 연구,국군재정관리단,,,2017-11-30,,한민구,박계향,서울특별시 영등포구 영등포로35길10-0 (영등포동6가) 8층 809호,,,국방분야 반도체 조사·분석 및 발전방안 연구,중앙행정기관
K105A1자주포 경미한 성능개량 사업분석,해군본부,181094001.0,,2022-06-10,주식회사 우진지앤에스,배종환,정영석,"서울특별시 영등포구 당산로41길11, W동 비133호, 제15층 1511호,1512호(당산동4가, 당산 SK V1 center)",,85.6833,항-19-082 자동면역분석기 시약 등 27종,중앙행정기관
정밀측정장비(스펙트럼분석기 등 4종) 구매,육군인사사령부,19405069.0,,,,유상호,김미희,"서울특별시 금천구 가산디지털2로184, 10층 1017호(가산동, 벽산디지털밸리2차)",19403314.0,80.6999,AI유무인 복합체계 활용 방안 연구,국군재정관리단
접경지역 부대개편에 따른 상생협력방안 연구,공군방공관제사령부,62782299.0,94.4873,2020-06-19,(사)21세기군사연구소,허건영,,서울특별시 마포구 월드컵북로5길59 (서교동),62739874.0,94.4917,장병 스트레스평정체계 개선 연구용역 계약,국군대전병원
최근 전력화 장비·물자 ILS 분석 및 개선방안 연구,국군재정관리단,90375949.0,85.7682,2019-03-18,(사)한국전략문제연구소,,,,90481954.0,,소화기 소음기 선행연구용역,중앙행정기관
국방혁신 4.0과 연계한 미래 예비군훈련체계 연구,국군재정관리단,158444768.0,96.9261,,주식회사 타임기술,한영석,김정희,세종특별자치시  국책연구원로15-0 (반곡동),158568641.0,,군사과학기술대학원(가칭) 신설방안 연구,국군재정관리단
국방상호운용성 마스터플랜 연구,방위사업청(운영지원과),29788139.0,,,,,,,29800378.0,91.8462,화생방 연구 재료 가스 구매,중앙행정기관
신기술 적용을 통한 저장시설 물류향상 연구,제2879부대,17214414.0,100.3165,,,권오성,,,17219637.0,100.3201,소형무장헬기 양산 시설사업기본계획 연구용역,중앙행정기관
지형분석용 차량(개조) 제조,육군본부,,,2022-11-23,주식회사 파이안,강재관,전호영,"경상남도 창원시 마산합포구 경남대학로7-0 (월영동, 경남대학교)",,87.1177,군용비행장 소음측정 및 분석용역(해),국군재정관리단
21-해양 기반 우주작전 개념 및 전력발전 방안 연구,국방대학교,,88.9453,2018-04-04,서울대학교 산학협력단,김태훈,전병욱,서울특별시 중구 필동로1길30(필동3가) 동국대학교,,88.9432,4차 산업혁명 기술적용 공군훈련체계 발전방향 연구,군
24~'25년 상층대기분석장비 유지보수,해군군수사령부,154880713.0,,2024-06-03,(주)프라이전트,이형민,이철호,"강원특별자치도 원주시 천매봉길36-22, 302호(단구동, 백림빌딩)",155001635.0,91.0894,24-F-분석기  주파수편이용 장비 구매,군
2023년 서울안보대화 프로그램 기획 및 발전방향 연구,국군재정관리단,172536258.0,91.3893,,(재)한국해양전략연구소,김동준,박계향,서울특별시 강남구 논현로189길6 (압구정동),172447515.0,,군 복무가치 제고 방안 연구,중앙행정기관
23년 기술연구용역 계약 의뢰(4),국방부(운영지원과),,77.6438,2023-10-10,사단법인 씨알리더십연구원,박기식,박소영,경상남도 함안군 칠북면 삼칠로 1826티엠시 (주),,77.6436,미래 해양강군 해군비전 2045개정 방향 연구,국군재정관리단
함정 네트워크 설계 및 무선통신 발전방향 연구 용역,국방부(운영지원과),2631552.0,,2021-06-06,사단법인 안보경영연구원,,,"서울특별시 강남구 언주로527, 10층 (역삼동)",,,국방군사시설 건축바닥면적 기준 개정 연구용역,군
발칸 보조전원공급기 수리부속 대체품 개발 연구용역,국방대학교,13744754.0,,,,,박계향,,13729315.0,,미래 육군 여군인력 활용성 제고방안 연구,군
청년 장병 군내 일자리 창출 방안에 따른 연구용역,육군교육사령부,235074879.0,87.5823,2020-04-08,사단법인 안보경영연구원,전건욱,,"서울특별시 강남구 언주로527, 10층 (역삼동)",235166068.0,,국방산업혁신펀드(가칭) 시행방안 연구,제9691부대
(22F067-G) 심리뇌파분석시스템 유지보수사업,국방대학교,6768865.0,94.4912,2021-01-03,(주)우리디자인,조만희,조윤규,경상북도 상주시 상산로215-31 2층 (낙양동),,94.4833,DNA정량분석기 등 7항목 구매(의무),국군재정관리단
영상판독사 자격신설 연구,해군본부,64634952.0,90.732,2020-07-20,,,송종호,,64593559.0,90.7333,전시 급식지원체계 개선방안 연구,중앙행정기관
00부대 지하시설 구축방안 연구용역,육군군수사령부,,81.6315,,씨지에스아이티(주),양희성,주세영,세종특별자치시  전동면 보평길167-0,23681473.0,,T-50 캐노피 고정 구성품 내구성 시험 연구,국군재정관리단
용사의 집 운영개념 연구용역,국방대학교,495161401.0,,2019-03-09,,,,"서울특별시 강남구 언주로527, 10층 (역삼동)",,86.8718,무인전투체계 발전방향 연구,기관
해병 00부대 재배치 및 신기지 구상 관련 연구,국군수도병원,184597919.0,89.8699,2023-07-25,씨지에스아이티(주),김재일,한달연,"서울특별시 구로구 공원로6나길12-0 (구로동,경방빌딩) 301호",184552991.0,89.8718,미래 육군비행장 발전계획 검증 연구 용역,국군수도병원
공군 예비군훈련장 권역화 · 과학화 구축방안 연구,방위사업청(운영지원과),,98.2298,2020-10-25,이비티주식회사,김진욱,조호현,서울특별시 영등포구 여의공원로 101(여의도동),,98.2285,한국형 국방 우주력 발전 전략 연구,중앙행정기관
24년 기술연구용역(1),국군의무사령부,,83.2064,2023-06-12,이상시스템,김원헌,황병윤,경기도 의정부시 녹양로18번길19-11 (가능동) 지층1호,353864375.0,83.2022,18년 해군 전자정보 종합분석체계 개발사업,제9691부대
17-방공관제사-94 보급수송과 스펙트럼 분석기/3품목,국군제1068부대,123154064.0,96.1308,2022-09-15,대륙씨엠아이 주식회사,임영갑,노경범,"서울특별시 금천구 가산디지털1로1-0 (가산동, 더루벤스밸리) 1208호",123070203.0,96.1283,[24-육-91] 무건리 훈련장 갈등 비용분석 연구,제3697부대
헬기와 UAV의 통합운용을 위한 비행장 설치방안 연구,공군작사근무지원단,267805502.0,91.6002,2017-08-29,사단법인 통일안보전략연구소,오철홍,,"경상남도 창원시 진해구 중원로1-0 (남빈동, 해군사관학교내)",,91.601,국방기상 빅데이터 통합을 위한 정책연구,제20전투비행단
군 급식 민간위탁 시범사업 성과분석 연구,육군본부,431095920.0,,,한국과학기술원,송태현,조대현,서울특별시 관악구 관악로1 (신림동),,97.0241,전시피해건물 상태평가 기준정립 연구용역,제9691부대
CH-47D 후방도어 실린더 정비기술 개발 연구용역,육군교육사령부,,81.3717,2020-10-20,태경회계법인,박종재,이태영,대전광역시 서구 배재로 155-40배재대학교산학협력단,,,해군 스마트 항공기지 발전방향 연구용역,제9691부대
(20F087-A)부대재배치 사업 선행연구용역,합동참모본부,53487934.0,84.2669,2023-01-06,,,최규식,,53546577.0,84.2685,영평사격장 주변지역 주민이주 방안 연구,국군제1068부대
18-함정 인수지연 사례분석 및 제도개선 방안,방위사업청(운영지원과),124720256.0,92.6109,2019-11-21,(유)목양,김준식,박병희,서울특별시 용산구 한강대로46길25-0 (한강로2가) 401호,124750947.0,92.6153,중금속 가열분석기 1항목 구매(물품),군
군사작전 수행여건 정부개발계획 발전방향 연구,국방부(운영지원과),9829832.0,,,,,이한솔,,9816484.0,82.545,군용 무인기 사업의 안전계수 적용 적정성 연구,중앙행정기관
국방정보체계 SW 품질시험 프레임워크 발전방안 연구,공군본부,,91.1602,2016-10-13,(사)한국전략문제연구소,,,,,,포별분배기 회로카드(6종) 시험장비개발 연구용역,군
한국형 레이저 무기 조기도입 개발전략 연구,국군재정관리단,6939175.0,89.958,,주식회사 한컴인스페이스,홍양희,김용수,경기도 고양시 덕양구 권율대로656-0 (원흥동) 17층 1739호,,89.962,동편활주로 재포장사업 선행연구 용역,군
4차 산업혁명 기술적용 공군훈련체계 발전방향 연구,국군재정관리단,,,2019-07-06,,,박문희,,,,목표비용관리(CAIV) 내실화 방안 연구,기관
KUH-1 엔진 시험장비 고장예측시스템 개발 연구용역,합동참모본부,47815876.0,95.8854,,대길상사,김지영,김형민,서울특별시 강서구 양천로401 (가양동) 강서한강자이타워 B동1503~1506호,47778952.0,95.8894,시뮬레이터 소프트웨어 보안성 시험 방안 연구,합동참모본부
탄약 및 용기 레이저 제청 시스템 응용연구 용역,국군재정관리단,32001779.0,79.087,,,이충환,,,,79.0896,20년 국방정책연구과제,국군재정관리단
국방전직교육원 조직진단 및 기능강화 방안연구,육군교육사령부,,87.112,,,문미옥,최규식,"서울특별시 금천구 가마산로96-0, 213호(가산동, 대륭테크노타운8차)",62981988.0,87.1186,23-4차 산업혁명 접목 미래함정 발전방향 연구,중앙행정기관
원가산정 체계의 AI 도입을 위한 개념 연구,국군재정관리단,102960616.0,97.1517,2016-08-30,김근우시스템공학기술연구소,김운용,양희성,"경기도 용인시 수지구 죽전로 152, 단국대학교내(죽전동)",,,활주로지역 배수로 개선 분석평가 및 선행연구 용역,국군재정관리단
국방R&D 과제 평가체계 개선방안 연구,공군군수사령부,268174164.0,84.1072,,(주)에프오알엠도시건축공간연구소,,박계향,"서울특별시 송파구 법원로9길26, D동 1104호(문정동, H-비즈니스파크)",268176883.0,84.1149,사이버전자전 작전수행개념 및 핵심요구능력 연구,4284부대
23년 전투실험발전 연구용역 세미나 수행 용역(3),국방부(운영지원과),,87.7476,,라이핏사이언스,배용수,전대석,"서울특별시 성동구 광나루로6길35, 202호, 706-2호, 707호 (성수동2가, 우림이비즈센터)",94402886.0,,K21장갑차 전자모듈조립체 정비기술개발 연구용역,군
17년 비용분석모델(PRICE) 유지보수 용역,국방부조사본부,,92.6103,2020-10-20,마린전자상사,김동준,이재광,서울특별시 강서구 마곡중앙로161-8 (마곡동) 두산더랜드파크 씨동 4층 407호,,,정밀측정장비(스펙트럼분석기 등 4종) 구매,국군재정관리단
24년 장기미래비전연구수행 정책연구과제사업,해군본부,237343219.0,,2017-11-20,제이에스씨 코퍼레이션,정관용,이우학,"경기도 군포시 고산로148번길17-0, B동 1303호, 1304호, 1305호(당정동, 군포IT밸리)",,,AH-64헬기 수평안정판 정비방법 개발 연구용역,군
군인연금수급자 사망률 개선 연구,방위사업청(운영지원과),44988163.0,92.3126,,사단법인 한국국방기술학회,김영국,유은경,서울특별시 영등포구 여의대방로61길2-0 (신길동)천록빌딩105호,,92.3111,기갑/기계화부대 중대급 교전훈련장비 2차 선행연구,중앙행정기관
LiDAR 기술의 4차 산업 적용방안 연구용역,공군사관학교,223846536.0,80.3851,2022-03-26,,,,,223926676.0,,(21F137-A)항공기 사격훈련장 확장방안 연구용역,국군재정관리단
위성 무기체계 시험평가 제도개선에 관한 연구,합동참모본부,4110822.0,95.27,2020-06-26,한양대학교 산학협력단,,최효정,"서울특별시 용산구 한강대로62길41, 3층 (한강로1가)",4104970.0,95.2701,미래 육군의 우주분야 활용방안 연구 용역,국군재정관리단
방위사업 국제공동연구개발 가이드라인 연구,국군의무사령부,377972055.0,80.7983,2017-12-10,,,,,377759142.0,,상호운용성 정보보증 평가기준 고도화 방안 연구,제9691부대
민군복합타운 조성방안 연구,국방부(운영지원과),3992856.0,94.5395,2017-07-14,,,,,3996665.0,94.545,국제 해양영역인식 협력 방안 연구,중앙행정기관
2024년 방산물자 현황분석 연구용역,제6619부대,1343613.0,,,주식회사 원영전자,김지현,홍세준,"서울특별시 성북구 정릉로 77, 국민대학교내(정릉동)",1343063.0,95.2239,국방과학기술 전문인력 소요분석 연구,국군재정관리단
00시설 화생방 방호시설 개선방안 연구용역,국군재정관리단,215569559.0,97.8237,2020-03-20,재단법인 한국군사문제연구원,김형철,,"경기도 성남시 수정구 위례대로83(창곡동, 국방문화센터)",,97.8237,00시설 화생방 방호시설 개선방안 연구용역,중앙행정기관
전시피해건물 상태평가 기준정립 연구용역,육군본부,276195071.0,86.6525,,한국해양대학교산학협력단,신명화,원미정,경기도 김포시 양촌읍 대곶남로580번길38-0,276214870.0,86.6464,탄소중립 시대 도래 육군 추진전략 방향 연구용역,국군재정관리단
24년 군 주거시설 개선방안 수립 연구용역 등 2건,국군재정관리단,,77.6107,,대전대학교 산학협력단,이승모,박종호,"서울특별시 영등포구 여의나루로67, 신송빌딩 703호",248259153.0,77.6117,국방특허 권리이전 업무를 위한 특허 권리분석(1차),중앙행정기관
00학교 종합정보체계 고도화사업 개념연구,해군본부,25594856.0,,2019-07-17,사단법인 한국국방기술학회,민광기,민성현,"대전광역시 유성구 대학로 99(궁동, 충남대학교)",25624755.0,86.5086,공군합성전장(LVC)훈련체계구축개념구체화방안연구,합동참모본부
다목적 항무지원정 함형 발전 연구,방위사업청(운영지원과),,,2016-10-05,,박종선,,,111204339.0,94.216,전투실험 연구용역,국군재정관리단
(해병)소음측정 및 분석용역,해군본부,302346098.0,73.6642,2022-09-26,주식회사 씨이엠아이,김진욱,,서울특별시 동작구 여의대방로36길92(대방동),,73.6621,제주기지 전개잠수함 저주파분석훈련장 구축사업,국군재정관리단
음원수집장비 및 음원분석 워크스테이션 구매설치,연평부대,103193954.0,95.6486,,(사)21세기군사연구소,신인균,,"서울특별시 용산구 한강대로62길41, 3층 (한강로1가)",,95.6511,잠수함 근무환경의 분석 및 건강모델개발 용역,국군재정관리단
집중정신전력교육 프로그램 개발 연구용역,방위사업청(운영지원과),,,2018-01-16,사단법인 미래안보산업전략연구원,홍영기,박계향,"서울특별시 금천구 가산디지털2로184, 10층 1017호(가산동, 벽산디지털밸리2차)",88012370.0,,안전관련 법령의 군내 적용 방안 연구,기관
자동염기서열분석기 정비,국방부유해발굴감식단,33040482.0,,2022-05-29,주식회사 에이치투엘테크놀로지,최규식,조명지,서울특별시 은평구 서오릉로25길20-4 (구산동) 1층,33010031.0,64.6063,[상층대기분석장비 부품] 위상 변위기 등 12종,제9965부대
00부대 정보체계 취약점 분석 도구 구매,공군본부,,,2020-03-27,,김진욱,오세형,,,96.3344,(20F083-I)소음영향도작성을위한소음측정및분석용역,군
함정추진축계이상소음발생위치추정및원인분석기법연구,국방부(운영지원과),,98.9948,,주식회사  인섹시큐리티,조종열,권택조,경기도 의정부시 경의로70-0 (의정부동) 5층 A628호,148238770.0,,(227163-F)연구활동재료(초자) 구매,군
유류시험장비(연료성분분석기 등 2종) 구매,국군재정관리단,,78.0025,2022-01-04,사단법인 국방지능정보기술융합협회,장복철,정경아,대전광역시 유성구 죽동로157-0 (죽동),,,인터넷접속/전자우편 통제 및 분석체계 교체사업 리스,군
[연구소] 감정장비(컴퓨터 거짓말 탐지 세트) 구매,공군군수사령부,116578429.0,,2021-12-12,주식회사투씨엘시스템,이주열,정해붕,서울특별시 강남구 논현로189길6 (압구정동),116469395.0,97.6005,신기술·우수제품 지침 및 매뉴얼 개정 연구용역,합동참모본부
전·평시 예비군 보류직종의 적정성 연구,국방부(운영지원과),20635993.0,85.792,,한국과학기술원,권정환,이수행,"서울특별시 강남구 테헤란로69길5(삼성동,DT센터)",,85.7956,조종사 피로관리 프로그램 개발 연구용역,군
Army TIGER 2050 개념군 연구 용역,방위사업청(운영지원과),,82.8512,,(주)한일종합상사,김한욱,김선형,세종특별자치시  국책연구원로15-0 (반곡동),31131242.0,,22-G/K 창정비 사업 성과분석 연구,중앙행정기관
해성-I 유도탄 창정비요소개발 비용분석 연구,공군본부,151961834.0,,2021-07-12,주식회사 타임기술,김재영,박계향,서울특별시 마포구 동교로183-11 (동교동) 한국정치학회빌딩 4층 한국정치학회,152179671.0,,기술인력육성 보조사업자 운영성과평가 및 연구,군
00군단 0포병단 이전사업 선행연구 용역,국군재정관리단,,96.7494,2020-01-23,,,황병윤,,170621202.0,96.7453,특수작전용대형기동헬기 기종결정 평가방안 연구,군
사이버전 수행개념 및 절차 연구,국군재정관리단,284374490.0,73.1807,2018-10-25,,,,,,,군사학 연구방법론에 대한 연구 용역,기관
21년 전투발전 연구용역(2),육군 제3808부대,177564965.0,89.4166,2020-01-20,사단법인 한국방위사업연구원,이충환,신명화,"서울특별시 용산구 한강대로62길41, 3층 (한강로1가)",,89.422,19-미래 군사용 해상기지 발전방안 연구,국군재정관리단
군수 빅데이터 수집/분석체계 구축 BPR/ISP 감리,해군본부,49055416.0,,2024-08-19,주식회사 한솔엔지니어링글로벌,허건영,오세형,서울특별시 송파구 올림픽로505-0 (풍납동),,,물증류기  분석용 순수제조기 구매 설치,군
침해사고 조사분석체계 교체사업(209058-F),국방부유해발굴감식단,,83.463,2023-04-06,주식회사 사이버앤네트워크연구원,문미옥,,"서울특별시 서초구 강남대로6길11 선우빌딩 4,5층 (양재동)",228247635.0,83.4673,스펙트럼 분석기,국군재정관리단
21-해양 기반 우주작전 개념 및 전력발전 방안 연구,육군본부,316120272.0,100.3987,2018-07-13,조선대학교 산학협력단,최권석,김동준,"경기도 포천시 호국로 1007, 대진대학교 산학협력단(선단동)",316023939.0,,RAM 및 군수지원분석 방법 선진화 연구(2차),군
통제분석 프로그램 설치 외 6종 구매 설치납품,합동참모본부,17868200.0,81.091,,,권정환,김지훈,"서울특별시 종로구 홍지문2길20-0 (홍지동, 상명대학교)",17881917.0,81.0953,정밀측정장비(제원분석기) 구매,제9691부대
국방 정보기술 조사·분석 연구,육군교육사령부,125508977.0,95.4719,2019-09-28,(사)21세기군사연구소,김영욱,정현찬,"서울특별시 용산구 한강대로109-0 (한강로2가),404호(용성비즈텔)",,95.4715,군용차량 배출가스 환경영향 및 기준 검토 연구용역,중앙행정기관
대용량 유전자데이터 분석 파이프라인 및 가시화 연구,국군재정관리단,96641079.0,,2021-03-17,유한회사 엔디클릭,허정성,이주열,"서울특별시 성동구 광나루로6길35, 202호, 706-2호, 707호 (성수동2가, 우림이비즈센터)",96698020.0,85.7985,RAM업무 고도화를 위한 잠정목표값 설정 연구용역,중앙행정기관
22년 의무장비(자동분석기 생화학용 중형) 구매,국군의무사령부,153727348.0,90.1333,2021-04-18,씨지에스아이티(주),김운용,이기영,"경기도 성남시 중원구 둔촌대로457번길 27, 우림라이온스밸리1차815(상대원동)",153750547.0,,21년 의무장비(혈액가스 분석기 중형) 구매,기관
24년 장기미래비전연구수행 정책연구과제사업,합동상호운용성기술센터,,88.3752,2023-02-25,주식회사 엔브이티,조완제,유현국,대전광역시 유성구 테크노2로66-6 (관평동),,88.3761,24-성남시 고도제한 완화요구 공공갈등 관리방안 연구,군
23-D-라만분광분석기 구매,국군수송사령부,156276443.0,,2022-05-23,에스제이상사,이숙,최승룡,"경기도 안산시 단원구 광덕3로145-5, 3층 301-66호 (고잔동)",,95.1265,(237001-H)스펙트럼 측정/분석장비 노후 교체,국군재정관리단
F404 엔진 경향성분석 및 상태진단 프로그램개발 용역,공군본부,74859654.0,90.2709,2022-09-19,주식회사화인시스텍,유흥배,권택조,대전광역시 유성구 테크노9로35-0 (탑립동) 지능로봇산업화센터 406호,,90.2643,사이버위협 분석체계 개선사업,국군재정관리단
군 시설물 안전관리분야 매뉴얼 개정 연구용역,육군 제3808부대,61771849.0,90.7556,,(재)한국정보통신산업연구원,정관용,성진숙,"서울특별시 용산구 한강대로109-0 (한강로2가),404호(용성비즈텔)",,90.7526,21년 전군 감염병 감시 지원체계 구축방안 연구용역,제2879부대
디지털증거분석 수사체계 교체(218014-A),육군본부,191836968.0,89.4292,,주식회사 한솔엔지니어링글로벌,강우철,구종우,경상남도 진주시 동진로420 (충무공동),191892365.0,,스펙트럼 분석기,군
군사타운 개념의 부대배치 발전방향 연구 용역,공군미사일방어사령부,4259758.0,82.8037,2022-06-16,한성대학교 산학협력단,김우경,방금인,"경기도 성남시 수정구 창업로43-0 (시흥동)1층, 글로벌비즈니스센터",,82.801,인공기상조절 연구용역,국군재정관리단
공군 지능형 스마트비행단 성과분석 및 발전방안 연구,공군본부,337449228.0,89.8846,2020-03-31,,,,,337639047.0,89.8865,00시설 화생방 방호시설 개선방안 연구용역,국군재정관리단
22-G/K 창정비 사업 성과분석 연구,국군재정관리단,121986943.0,,2018-04-01,,,,"서울특별시 금천구 가산디지털2로184, 10층 1017호(가산동, 벽산디지털밸리2차)",,82.2832,미래 해양강군 해군비전 2045개정 방향 연구,군
용산헬기장 소음영향평가 연구용역,국군재정관리단,31912113.0,85.9235,2019-08-15,국방대학교산학협력단,김진욱,김지훈,"서울특별시 금천구 가산디지털2로184, 10층 1017호(가산동, 벽산디지털밸리2차)",31906757.0,,잠수함용 예인정-ll 개념설계 기술지원 연구용역,군
방위사업청 방산원가구조 개선에 관한 연구,육군본부,25039830.0,77.7244,2018-10-05,,,,,25062641.0,,전인교육 설문지 개발 및 활용성 증대 방안 연구,군
공군 Kill-Web의 임무효과도 및 발전 로드맵 연구,방위사업청(운영지원과),,97.1426,2023-08-21,사단법인 안보경영연구원,김형철,,"서울특별시 강남구 언주로527, 10층 (역삼동)",80979287.0,97.145,4차산업혁명 기술을 적용한 C4I체계 발전방안연구,중앙행정기관
하이드로릭 입자분석기 구매,해군본부,31461193.0,,2020-11-20,국방대학교산학협력단,,전호영,,31428993.0,83.4386,20-풍력발전시설의 R/D 및 통신전자장비 영향성 분석,군
F404 엔진 경향성분석 및 상태진단 프로그램개발 용역,방위사업청(운영지원과),11478970.0,,2023-06-25,주식회사 베가스,최규식,정성문,대전광역시 대덕구 한밭대로1158-0 (중리동) 707-1,,,상륙공격헬기의 효과적인 시설사업 추진방안 연구,국군재정관리단
군수 빅데이터 수집/분석체계 구축 BPR/ISP 감리,국방통합데이터센터,,96.8313,,한국세라믹기술원,홍양희,김중곤,서울특별시 성북구 삼선교로16길116-0 (삼선동2가),,96.8332,(216328-C) 지형분석장비 교체사업(리스물건),군
군 작업환경 및 작업자 보건관리 훈령 발전연구,국방부조사본부,309768273.0,84.6301,2019-12-28,(주)한컴네트워크,김진원,김재필,"경기도 안양시 동안구 시민대로387  A동 1201-1호(관양동,디지털엠파이어)",,,CN-235 항공기 특성(RCS/IR Signature) 연구,합동참모본부
2020 서울안보대화 프로그램 기획 및 발전방향연구,국군재정관리단,76502517.0,94.1392,2018-02-13,,,,,,94.137,군 성폭력 사건 분석 연구,군
전파영향평가 방법 비교분석 및 실증 연구,공군제15특수임무비행단,85605816.0,95.9119,,,이덕호,김지혜,"서울특별시 금천구 가산디지털2로184, 10층 1017호(가산동, 벽산디지털밸리2차)",85601156.0,95.9146,예비전력발전세미나 주제연구(Ⅱ) 용역,군
방산 부품산업 발전을 위한 지원체계 구축방안 연구,국방부(운영지원과),56286053.0,96.9233,2023-04-23,,최양열,,,56250463.0,96.9251,위치보고접속장치 통신회로카드 대체품 개발 연구용역,중앙행정기관
유무인 전투기의 공대공 복합운용개념및요구능력 분석,국군재정관리단,,93.1478,2020-01-09,아주대학교 산학협력단,현수,임영갑,"대전광역시 유성구 테크노3로 65, 한신에스메카 241(관평동)",219896719.0,93.1536,00부대 국방 보안조사 분석시스템 SW 구매,중앙행정기관
18년 작전지속지원분석모델 유지보수 용역,공군군수사령부,,,,주)삼성공조시스템,박상길,이민혜,충청북도 청주시 흥덕구 흥덕로 126(),,87.5029,18년 해군 전자정보 종합분석체계 개발사업,합동참모본부
(217122-B)연구장비(차세대염기서열분석기) 구매,육군본부,,96.3555,2018-03-16,국방대학교산학협력단,김성룡,김형민,서울특별시 마포구 월드컵북로5길59 (서교동),,96.355,기초자치단체 비상대비업무 담당자 신편방안 연구,군
(227164-C)연구활동 재료(시약) 구매,국방대학교,125394492.0,90.3301,2019-08-02,,,홍성현,,125412118.0,,원격탐사체계 중·장기 발전계획 기반연구,군
(237001-H)스펙트럼 측정/분석장비 노후 교체,육군본부,46201210.0,,2024-05-25,한국법제연구원,전춘석,전수현,"서울특별시 금천구 디지털로173, 504호(가산동, 엘리시아지식산업센터)",46138213.0,66.9766,중금속가열분석기 1항목 구매(의무),중앙행정기관
국제공동연구용역(2.군병원의경쟁력..),국방부(운영지원과),,,,(재)주택산업연구원,김주희,김진욱,충청남도 논산시 양촌면 황산벌로1040,,86.6656,22-1차 연구장비 구매 계약 - 증기후드,중앙행정기관
차세대 기동헬기 발전방향 연구 용역,국방부(운영지원과),35356217.0,91.966,2019-07-31,사)국방정보통신협회,장복철,박계향,"서울특별시 성동구 왕십리로 222, 한양대학교 내 한양종합기술연구원 110호(행당동)",,91.9656,4차 산업혁명 연계 군시설 관리체계 연구 용역,국군재정관리단
20-실전적 시뮬레이터 구축방안 연구,국방부(운영지원과),,95.6128,2021-06-05,,,장현주,,1569137.0,95.6129,과학적 시험설계와 시험결과의 논리적 평가방안연구,군
(237345-F)기체크로마토그래피 질량분석기 구매,제9691부대,70855718.0,99.3951,2021-08-09,미래산업,방극윤,이상규,"경기도 용인시 처인구 명지로 116, 명지대학교(남동)",,99.3936,의무장비-혈액가스분석기 중형 구매,군
전구급 항공작전 분석모델의 표적가중치 산정 연구,육군인사사령부,31808492.0,85.6701,2018-01-11,사단법인 안보경영연구원,전건욱,,"서울특별시 강남구 언주로527, 10층 (역삼동)",31790744.0,85.6682,SUPPRESSED,국군재정관리단
한국적 PKO 현 기반체계의 문제점 분석과 발전 방안,한미연합군사령부,2327086.0,85.3099,2020-01-01,주식회사 위맥공제보험연구소,이희석,윤병찬,"서울특별시 용산구 한강대로211, 102동 1605호(한강로1가, 대우월드마크용산)",2329367.0,85.3118,BTL관리운영권만료사업 시설인수 운영방안연구용역 재,제2879부대
포항지역 항공기 소음감소 대응방안 연구 용역,해군본부,353585514.0,,2021-10-08,,,,,,,21-수명주기와 연계한 경항공모함 정비방안 연구,군
부대활동 유형별 위험성 평가체계 연구용역,제2879부대,,81.7391,,사단법인 안보경영연구원,전건욱,,"서울특별시 강남구 언주로527, 10층 (역삼동)",3658622.0,81.7417,함정 상가 위치 및 횡경사 측정시스템 연구개발용역,중앙행정기관
PBL 적용을 위한 성과지표/목표 연구,국방부(운영지원과),,93.3355,,사단법인 안보경영연구원,전건욱,오세형,"서울특별시 강남구 언주로527, 10층 (역삼동)",,,극지안보환경 변화에 따른 미래 한국해군의 역할 연구,중앙행정기관
함대함유도탄-II 사업분석,육군본부,,86.2722,2022-04-23,한국생산성본부,박장권,정민수,경기도 성남시 수정구 대왕판교로851번길20-0 (시흥동),,86.2723,(237196-C) 악성코드 수집분석체계 장비 교체,군
ICT기반 입체영상 활용방안 연구 용역,국군수송사령부,15123987.0,89.8975,,,,,,15108976.0,,RAM 및 군수지원분석 방법 선진화 연구(2차),기관
디지털 증거분석체계 SW 라이선스 갱신,공군본부,412334327.0,92.6753,2021-06-25,주식회사 엘씨케이테크놀로지스,김경섭,박병희,"대구광역시 중구 공평로59, 1충(공평동, 우원빌딩)",412136628.0,,(207146-F)디지털포렌식 분석장비 도입,제2879부대
23-OO방호시설 개선 연구용역,해군본부,,93.6663,2021-03-30,(주)다남정보통신,임영갑,이경미,서울특별시 노원구 공릉로 232서울과학기술대학교 테크노큐브 2층 산학협력단,,93.6668,기술인력육성 보조사업자 운영성과 평가 및 연구,합동참모본부
4차산업혁명 기술을 적용한 C4I체계 발전방안연구,공군본부,,,,울산과학기술원,김재수,유현국,"부산광역시 연제구 중앙대로1054번길6, 5층 (연산동)",,94.6341,(21F166-I)「스마트 물류」정책연구 용역,군
자운대 종합발전계획 연구용역,공군본부,560930487.0,90.1194,,재단법인 한국군사문제연구원,전건욱,,"서울특별시 강남구 언주로527, 10층 (역삼동)",560571069.0,90.1142,수동음파탐지부표 연구개발 용역(21H085-I),군
우주기상 영향 연구용역,해군군수사령부,20711389.0,,2018-03-20,(사)한국전략문제연구소,,,,20714123.0,,상비군 수준의 동원위주부대 전력보강 방안 연구,중앙행정기관
중합염기서열분석기 구매,제3훈련비행단,102666133.0,,,주식회사 모렌스,김학철,전희수,"경기도 양주시 광적면 부흥로847, 431호(경기벤처타운)",102615679.0,76.2473,정책연구용역(군견 관련),제2879부대
무기체계별 적정 수명주기 및 도태 후 활용방안 연구,해군본부,,86.2463,,,,,,16365623.0,,AI 기반 UAV 군집운용 해상작전적용 가능성 연구,중앙행정기관
예비전력 VISION 구현 방향 연구용역,공군본부,296123316.0,79.4326,2017-06-30,주식회사 공공정책성과평가연구원,박승호,,서울특별시 영등포구 경인로763-0 (문래동3가) 제9호,296186607.0,,차세대 첨단함정 건조가능성 연구용역(2019H044-B),군
방산수출을 위한 DFAR(美 국방조달규정) 번역 및 연구,국군재정관리단,84985944.0,,2019-08-25,(주)디앤오종합건축사사무소,곽재수,황병윤,광주광역시 북구 첨단과기로123 (오룡동),,79.045,16년 정비지원부대 직무값 기반의 직무분석 연구용역,제2879부대
군사작전 수행여건 정부개발계획 발전방향 연구,육군본부,,96.7268,,주식회사 대한,노광현,박임규,"서울특별시 송파구 법원로9길26, D동 1104호(문정동, H-비즈니스파크)",,96.725,21-해군분석모델 발전방안 연구,군
(226220-F)발광분광 분석기 구매,공군본부,23674980.0,,2023-06-20,사단법인 한국방위사업연구원,권시형,,"서울특별시 광진구 능동로120, 건국대학교내(화양동)",23673287.0,,전술정찰정보수집체계 경미한 성능개량 사업분석,제2879부대
침해사고 조사분석체계 교체사업(209058-F),공군본부,100777341.0,,,에이디링크,이미란,윤태훈,"경상북도 경산시 대학로13길26, 2203호(정평동, 경산 한서 고층아파트)",100743050.0,,안보학술연구용역(1.국가안보에관한문제에관한이론),제2879부대
대형 국외구매사업의 합리적 기종결정방안 연구,국군의무사령부,94958007.0,89.0263,2020-10-07,,,김동희,,95070708.0,89.0291,국방사업관리사 자격제도 관리 및 활용강화 연구,국군수도병원
2020년 군 조직의 양성평등 지표 조사 및 분석 연구,공군본부,362503214.0,88.2762,,,,,"서울특별시 강남구 언주로527, 10층 (역삼동)",,,국방 데이터 관리체계 수립 연구,군
유도무기 품질인증사격시험 기준 정립 및 절차 연구,국군재정관리단,142439386.0,,2016-04-17,사단법인 안보경영연구원,전건욱,,"서울특별시 강남구 언주로527, 10층 (역삼동)",142373183.0,77.7642,중고도정찰용 무인항공기 시설사업 선행연구,국군재정관리단
(217044-B) 21년 의무장비(요분석기) 구매,합동참모본부,257120261.0,,2024-06-12,국립금오공과대학교산학협력단,홍광표,장혜민,"서울특별시 서대문구 수색로138-0, 2층(북가좌동)",257303487.0,96.6192,(217044-B) 21년 의무장비(요분석기) 구매,합동참모본부
22-해-금속성분분석기 구매,국방부(운영지원과),,89.0578,2023-01-19,넥스케이드,김정희,김소미,"서울특별시 금천구 가산디지털1로1-0 (가산동, 더루벤스밸리) 1208호",26054407.0,,22년 육군 분석평가단 소개영상 제작용역,중앙행정기관
함정추진축계이상소음발생위치추정및원인분석기법연구,공군본부,314887840.0,,2021-04-05,명지대학교 산학협력단,한민구,,경기도 수원시 장안구 하률로12번길80-0 (천천동),314929789.0,83.8163,ATCIS 개방형 OS 전환 비용대비 효과분석 연구용역,기관
리더십코칭 효과성 평가에 관한 연구용역,방위사업청(운영지원과),58631060.0,98.6594,,한국과학기술원,이문걸,김형민,"대전광역시 유성구 죽동로297번길68 (죽동) CNU프라자  701,702호",,98.66,22-11차 연구장비 구매 계약  - 의약품 냉동고(수정),중앙행정기관
휴대용핵종분석기 구매,국방부(운영지원과),281518492.0,86.6611,,주식회사 디.아이환경,이명식,이도제,"경상남도 창원시 진해구 중원로1-0 (남빈동, 해군사관학교내)",,,23년 의무장비(전기수술기 분석기) 구매,군
22-15차 연구장비 구매 계약  - 진탕욕조,제9691부대,,94.5115,,(주)에프오알엠도시건축공간연구소,유훈,이창환,"서울특별시 용산구 한강대로62길41, 3층 (한강로1가)",142819241.0,,“제○○동원사단 부대사” 연구 용역,제2879부대
22-함정 포배열 체계 개선 및 발전방향 연구,육군교육사령부,49408119.0,,,,,,,49419324.0,,22년 기술연구용역 계약(4),중앙행정기관
디지털 증거분석체계 SW 라이선스 갱신,육군인사사령부,213281644.0,93.3988,,주식회사 위우너스,배용수,백다리아,"서울특별시 강남구 테헤란로512, 10층(대치동, 신안빌딩)",213129521.0,93.4005,22-공-가스크로마토그래피(질량분석식) 구매,합동참모본부
탄약안전관리사 및 항공소방구조사 자격신설 연구,방위사업청(운영지원과),362572713.0,91.0908,,,,황병윤,,362711947.0,91.0925,전투실험 발전 세미나 과제 연구용역(1),중앙행정기관
병리장비소모품(생화학 자동 분석기 등 84종) 구매,방위사업청(운영지원과),33145590.0,73.7918,,(주)카이엠,임종근,이은경,대전광역시 유성구 죽동로157-0 (죽동),33105421.0,73.7855,정보분석낭 구성품 구매,군
자율·군집비행 활용 복합작전개념 연구(소형 UAS),국군재정관리단,40540908.0,80.9378,2020-06-05,주식회사 아레스,박재우,진수빈,"서울특별시 용산구 이태원로211, 611호(한남동, 한남빌딩 )",40563644.0,80.9415,미래 GOP과학화경계시스템 구축방안에 대한 연구 용역,군
해무극복용 영상감시체계 선행연구용역,국군화생방방호사령부,46233895.0,81.2187,,,,,,46267806.0,,4차산업혁명 기반 무기체계 시험평가 발전방안 연구,중앙행정기관
군 급식제도의 시스템 개선을 위한 연구,육군본부,,92.1556,2017-04-14,,안성일,박진주,서울특별시 관악구 관악로1 (신림동),,92.1506,지하침투 감시장비 선행연구 용역,중앙행정기관
RAM 및 군수지원분석 방법 선진화 연구(2차),국군재정관리단,147736345.0,80.6209,,,,,,147838866.0,80.6195,이동형장거리레이더 시설사업기본계획 연구용역,중앙행정기관
[24-육-128] 예비전력발전세미나 주제 연구(Ⅰ),해군작전사령부,64829650.0,88.2842,2020-01-28,주식회사 휴먼씨엔씨,권시형,전영섭,"경기도 안양시 동안구 학의로282, 501호,502호,503호 (관양동, 금강펜테리움아이티타워)",64896538.0,88.2869,24-신규 무기체계 도입시  전력화 군수지원방안 연구,기관
국방아키텍처 메타모델 표준화 구축 및 활용방안 연구,방위사업청(운영지원과),99027186.0,97.6406,2018-02-15,(사단) 한국정치학회,정봉원,노민택,"서울특별시 서초구 서운로 226, 서초오피스텔 404호(서초동)",98976007.0,97.6417,연구개발 부품[캐피시터등50종1655점 구매],중앙행정기관
대형수송함 1번함 성능개량 사업분석,국방대학교,393788746.0,90.9109,2022-06-09,사단법인 한국국가전략연구원,,최효정,"서울특별시 용산구 청파로47길 100, 숙명여자대학교내(청파동2가)",394021248.0,90.9129,추진장약 안정제 분석시험용 재료 구매,국군재정관리단
정밀 측정장비(레벨분석기)구매,국군재정관리단,2532997.0,91.5692,,(주)케이씨이아이,김은기,김보경,대전광역시 유성구 죽동로157-0 (죽동),2531676.0,91.5678,스펙트럼분석기 2종 구매,군
22-해-소형 사단용 생화학자동분석기 구매,공군본부,,88.4965,2020-04-26,사단법인 고등국방정책연구소,김태호,조희정,대구광역시 달서구 와룡로45길10-14 (죽전동),,,자동염기서열분석기 정비(소모품 구매설치),제2879부대
시험평가 의사결정체계 효율화 방안 연구,육군정보학교,,,2019-04-15,주식회사 아레스,엄기숙,이수행,충청남도 계룡시 두마면 두계리116 계룡대림이-편한세상 109-902,572017088.0,,미래 예비군 제도를 대비한 예비군 개념 정립 연구,국군재정관리단
00기지 항공유 저장탱크 신·증축 선행연구,해군본부,178256540.0,88.4589,,,,,"서울특별시 송파구 법원로11길25-0, A동 1310호(문정동, 에이치비즈니스파크)",178125239.0,88.4606,AH-64 헬기 엔진 마운트홀 가공기술 개발 연구용역,제2879부대
드론 통합관제체계 운영개념 및 구축 방안 연구,공군본부,671190.0,90.6893,,(사)21세기군사연구소,유상호,,,671435.0,,24년 기술연구용역(1),군
K21장갑차 전자모듈조립체 정비기술개발 연구용역,국군재정관리단,321780292.0,,2022-03-09,주식회사 이안코리아,이우경,성종영,인천광역시 부평구 부평대로301-0 (청천동) 남광센트렉스 303호,321742556.0,86.1107,[24-육-117] AI기반 사격지휘체계 연구,군
미래 육군의 우주분야 활용방안 연구 용역,국군재정관리단,,88.1299,2016-08-22,재단법인 한국군사문제연구원,김형철,,"경기도 성남시 수정구 위례대로83(창곡동, 국방문화센터)",178603335.0,,패트리어트 유도탄수명 고려한 효과적 확보 방안 연구,군
UAV 정비용 장비(스펙트럼 분석기) 구매,해군본부,,91.005,2022-08-13,천두기업,이효진,,"경기도 용인시 수지구 죽전로 152, 단국대학교내(죽전동)",48486857.0,91.0075,21 분석기 주파수편이용 1종 구매,군
원격탐사체계 중·장기 발전계획 기반연구,국방부(운영지원과),161058659.0,91.8625,2021-07-11,사단법인 국방지능정보기술융합협회,유상호,김소미,서울특별시 서초구 서운로1길34-0 (서초동),160972644.0,91.8652,(연구소) 감정재료 구매,국군재정관리단
악성코드 분석체계 확대 구축 사업(20197146-C),국군수도병원,121790084.0,82.9508,,아주대학교 산학협력단,김지현,박소연,"경기도 성남시 수정구 달래내로46-0 (시흥동), A타워 8층 805호 (성남글로벌융합센터)",,82.9437,DNA정량분석기 등 7항목 구매(의무),군
K2전차 3차 양산 사업분석,방위사업청(운영지원과),42348376.0,83.8166,2020-09-24,(주)리서치코리아,박상희,김영중,"서울특별시 영등포구 여의나루로67, 신송빌딩 703호",,,18년 발칸 추적훈련 분석기(제조),중앙행정기관
민간우수체계기반 전평시 민군 수송물류업무 협력연구,국군재정관리단,18664279.0,84.988,2023-09-25,,,김미희,,18681025.0,84.9907,[24-육-18] C군지사 부대변천사 연구용역,국군재정관리단
23-8차 조달 연구장비(초음파수술기 등 4종) 구매,방위사업청(운영지원과),,90.2845,2023-06-23,사단법인 한국국가전략연구원,김진욱,황병윤,"서울특별시 금천구 가마산로96-0, 213호(가산동, 대륭테크노타운8차)",239874870.0,90.2821,무기체계 시험평가 사고예방 안전매뉴얼 연구,중앙행정기관
국방 의료정보 빅데이터 분석체계 구축사업 연구용역,국방부(운영지원과),68190056.0,100.8286,2017-06-20,,,,,68257517.0,100.8278,2.75 유도로켓(차량탑재형) 시설사업 선행연구,군
AI를 적용한 화생방 드론봇 전력체계 연구 용역,국군재정관리단,128152906.0,79.1421,,,,이정암,,128151976.0,79.1395,차기 탑재/양륙 모의체계 개발 개념 연구 용역,국군재정관리단
기술교범 국제규격 S1000D 적용 방안 연구,방위사업청(운영지원과),,84.0286,,경희대학교산학협력단,이재평,김종원,서울특별시 영등포구 영등포로35길10-0 (영등포동6가) 8층 809호,217083290.0,,민사분야 연구용역(2-1),국군재정관리단
공군 품목관리관 자격인증제도 도입방안 연구용역,국방부(운영지원과),23310352.0,88.2082,,,,,,,,군의 드론봇 전투체계 발전방향 연구 용역,국군재정관리단
국방산업혁신펀드(가칭) 시행방안 연구,방위사업청(운영지원과),202692712.0,,2017-06-11,,,허정행,,202839808.0,,한국군 전술데이터링크 표준화 및 발전방안 연구 용역,군
21년 공군 항공무장효과분석모델 통합유지보수 용역,공군사관학교,343685368.0,,2019-03-11,국방기술품질원,김재영,박계향,서울특별시 종로구 종로3길17 (청진동 디타워 디2),,,(217074-C) 의무장비(자동분석기 생화학 대형) 구매,국군수도병원
궤도장비 난방기 야전 시험장비 개발 연구용역,해군본부,120614624.0,87.4513,2023-06-05,(사)21세기군사연구소,,박종부,"서울특별시 금천구 가산디지털2로184, 10층 1017호(가산동, 벽산디지털밸리2차)",,87.4467,지뢰대응법 하위 법령등에 관한 연구,군
(20F088-A)소음영향도 작성을위한 소음측정및분석용역,국군재정관리단,208028159.0,101.2331,2017-08-04,(주)싸이버텍,김진욱,이경순,대전광역시 동구 대학로62-0 (용운동),,101.2317,추진장약 분석시험용 재료구매,중앙행정기관
(20G056-I)빅데이터 분석체계 구축사업 금융리스,육군교육사령부,,88.3134,2020-10-03,,,권시형,,54878525.0,88.3127,자동염기서열분석기 소모품 구매설치,중앙행정기관
미래특임 및 항공 통합 특임여단 편성방안 연구용역,합동참모본부,170355025.0,,2016-08-26,사단법인 안보경영연구원,박정기,,"서울특별시 강남구 언주로527, 10층 (역삼동)",,80.5588,국방 전력발전체계에서의 전투실험체계 정립 연구용역,제3130부대
의무장비(자동분석기 생화학용중형) 구매(20197014-D),공군항공안전단,,97.7133,,정보기술감리원 주식회사,배용수,최민호,"서울특별시 성동구 성수이로22길37, 803호(성수동2가, 아크밸리)",,97.7129,00기지 저주파분석 훈련장비 유지보수 용역,제9691부대
미래 육군의 우주분야 활용방안 연구 용역,국군재정관리단,,,2017-03-16,(사)한국무기체계안전협회,김유진,,"경상남도 창원시 진해구 중원로1-0 (남빈동, 해군사관학교내)",,94.6192,인공지능을 적용한 군사드론의 체계 연구,군
초급간부 복무여건 현상진단 및 개선대책 방안 연구,국군수도병원,,69.1906,2016-10-14,새롬상사,정성윤,이승원,"서울특별시 강서구 공항대로51길17-0 1,2층 (등촌동)",18843090.0,,무기체계 공급망 관리(SCM) 최적화 프로세스 연구,중앙행정기관
워리어플랫폼 최적화 방안 및 핵심요구능력 연구,수도기계화보병사단,121918989.0,95.3848,2016-12-06,(사)한국전략문제연구소,전건욱,,"서울특별시 강남구 언주로527, 10층 (역삼동)",,95.3827,인공지능을 적용한 군사드론의 체계 연구,4284부대
탄소섬유탄 선행연구,육군교육사령부,,87.0838,2016-07-06,한국교통대학교산학협력단,이영환,남혜정,"서울특별시 용산구 한강대로62길41, 3층 (한강로1가)",246153843.0,87.0827,주요 선진국의 획득제도 사례분석을 통한 시사점 연구,중앙행정기관
청정국방 구현을 위한 반부패 청렴정책 추진방안 연구,국방부(운영지원과),1621149.0,84.4888,,,,,,1622863.0,84.4818,퍼징기반의 국방 무기체계 SW 안전성 향상방안 연구,국군재정관리단
국방해킹범죄수사센터 상황분석 시스템 구축,공군제18전투비행단,60635508.0,76.3429,,국방대학교산학협력단,반상우,김소미,"충청남도 논산시 대학로 121, 건양대학교 산학협력단(내동)",,76.3471,22-해-AI 빅데이터 분석 개발용 학습 플랫폼 구축,군
분석기  스펙트럼용 구매,국방부(운영지원과),,84.9228,2023-06-19,라온시스템즈(주),이운학,장재필,서울특별시 강서구 마곡중앙로161-8 (마곡동) 두산더랜드파크 씨동 4층 407호,195460281.0,84.9282,(236366-F) 네트워크 트래픽 수집 및 분석 장비 구매,국군재정관리단
분석기(스펙트럼용) 구매,공군사관학교,128733058.0,74.5653,,한국법제연구원,김진욱,성진숙,"서울특별시 성북구 화랑로76, 제3층 307호(하월곡동,코업스타클래스)",,74.5653,(246311-E) 분석용 고성능 PC등 2품목 (리스자산),군
국방상호운용성 마스터플랜 연구,국방부(운영지원과),32147280.0,92.0798,2019-11-25,,,,,32130659.0,,전장리더십 역량의 평시 개발 연구,군
22-3차 연구장비 구매 계약 - 미생물측정기,국군재정관리단,48814904.0,93.9074,,에이스 컴퍼니,강윤진,정성문,"충청북도 진천군 진천읍 포석길56, 2층",48787396.0,93.9069,공군 지능형 스마트비행단 성과분석 및 발전방안 연구,군
BigData /vc를 활용한 무기체계 효과분석 연구,국방부(운영지원과),101842297.0,,,,,김지훈,,101740109.0,,해군 통합연동체계 SW 연구용역,국군재정관리단
의료기재(금연구역 표지판 등 85종)구매,방위사업청(운영지원과),27353085.0,,2022-05-07,사단법인 안보경영연구원,전건욱,,"서울특별시 강남구 언주로527, 10층 (역삼동)",27344778.0,97.6123,해상종합전술훈련장 체계구축 사업 개념 연구,중앙행정기관
공기조화계통(HAVC) 성능개선 방안 연구 용역,국군수도병원,95782685.0,78.921,2017-08-17,,,,,95838882.0,,상륙돌격장갑차-Ⅱ추진전략에 관한 연구용역,4284부대
사단정찰용 UAV 백령도서내 운용 가능성 연구,국방부(운영지원과),60240639.0,78.5652,2017-06-01,,,이은경,,,78.5636,공대지유도탄 양산 시설사업기본계획 연구용역,국군재정관리단
군용차량 배출가스 환경영향 및 기준 검토 연구용역,국군재정관리단,,,2022-06-11,재단법인 한국군사문제연구원,전건욱,,"서울특별시 강남구 언주로527, 10층 (역삼동)",169448626.0,89.8381,4차 산업혁명  군 적용을 위한 R&D 발전방안 연구,제2879부대
해병대 인력획득체계 분석 발전 방향 연구 용역,국방대학교,13907063.0,92.8356,2018-06-23,사단법인 미래안보산업전략연구원,이광형,장재필,강원특별자치도 강릉시 범일로579번길24(내곡동),13893422.0,92.836,군 리더십코칭 프로그램 개발 연구용역,국군재정관리단
수도권 동원예비군 수송방법 개선방안 연구,국군재정관리단,38604484.0,,2017-06-30,사단법인 한국국가전략연구원,,이희석,"서울특별시 송파구 법원로11길25-0, A동 1310호(문정동, 에이치비즈니스파크)",38558433.0,92.842,국방 전력발전체계에서의 전투실험체계 정립 연구용역,군
육군 병영생활관 신축기준 연구용역,국군재정관리단,126886579.0,92.3063,2019-05-26,대륙씨엠아이 주식회사,이인석,정태진,"서울특별시 용산구 청파로349-0 (서계동,보은개발빌딩)",126847198.0,92.3102,신기술 적용을 통한 저장시설 물류향상 연구,기관
국방혁신 4.0과 연계한 미래 예비군훈련체계 연구,육군본부,,86.4312,2019-10-01,,,,,92036757.0,86.4289,국제공동연구용역(1.한국-NATO안보ㆍ국방...),중앙행정기관
21-2차 개념설계 기술지원 연구용역,육군본부,,90.0922,2022-04-23,사단법인 안보경영연구원,,,"서울특별시 용산구 청파로 40, 삼구빌딩 1815호(한강로3가)",268930237.0,,군 주파수 대역정비 방안 연구,군
공군 이러닝 무선기반체계 고도화 방안 연구 용역,국방부(운영지원과),537659354.0,,2017-01-29,(유)목양,홍지유,김정일,"대전광역시 유성구 대학로 27, 현대리조텔 2층(봉명동)",537936134.0,97.6647,군사사연구총서 용역 계약,제9691부대
함정 상가 위치 및 횡경사 측정시스템 연구개발용역,방위사업청(운영지원과),71754087.0,91.8269,,,,,,71711850.0,91.8245,계층별 리더십 핵심역량 정립 연구용역,국군재정관리단
신분별 직무분석을 통한 적정 계급구조 연구,국군재정관리단,,,,사단법인 안보경영연구원,전건욱,,"서울특별시 강남구 언주로527, 10층 (역삼동)",,95.9504,동원전력 내실화 방안 연구용역,군
00부대 스마트 자동화 저장창고 신축 비용분석 연구,국군의무사령부,115471741.0,82.4613,,와이와이,권오경,노민택,대전광역시 대덕구 대화로160-0 (대화동) 10동 205호,,,활주로지역 배수로 개선 분석평가 및 선행연구 용역,군
한국형 차세대 전투임무기 구축방안 등 연구,공군군수사령부,,88.3765,2022-08-17,호원대학교 산학협력단,박영선,김지훈,대전광역시 유성구 유성대로1646-0 (전민동),543321884.0,,00작전 효과 및 능력 구축방안 연구 용역,국군재정관리단
산악지역에서의 적정 무기체계 및 전투수행 방법 연구,국군수도병원,13931176.0,94.4155,,(사)한국전략문제연구소,전건욱,,"서울특별시 강남구 언주로527, 10층 (역삼동)",,94.4125,국방군사시설 건축바닥면적 기준 개정 연구용역,군
취약점 군 영향성 평가 및 조치결과 관리방안 연구,국군재정관리단,61954349.0,82.4628,,,,박문희,"서울특별시 송파구 법원로11길25-0, A동 1310호(문정동, 에이치비즈니스파크)",61931030.0,,정보역량 강화 연구용역,중앙행정기관
디지털 증거분석체계 라이센스 확보,국방부(운영지원과),230389419.0,99.8679,,경희대학교산학협력단,경상현,임한영,서울특별시 서초구 사임당로18 (서초동) 석오빌딩 8층,230341451.0,99.8658,(236367-B)표적분석용 워크스테이션 구매(리스물건),군
(206199-B)지형분석장비 교체사업(리스물건),해군군수사령부,343508390.0,76.7691,2021-04-01,(주)두두아이티,손승우,노민택,"경기도 수원시 영통구 월드컵로 206(원천동, 아주대학교)",,76.7702,자동염기서열분석기 정비 및 검교정,제6619부대
2024년 방산물자 현황분석 연구용역,합동상호운용성기술센터,125524801.0,79.5953,2020-09-08,사단법인 안보경영연구원,,,,125466269.0,79.5896,17년 지형분석 기초자료 구축사업,국군수도병원
전시 공군탄약소요산정 모델 개선ㆍ보완 연구,국방부(운영지원과),175329407.0,,,,,이수행,,175430787.0,,50년 함건조 사례분석 및 발전방안 정립 연구 용역,제9691부대
미래환경 변화 속 육군 병과체계 발전 방안 연구 용역,합동참모본부,279021362.0,86.4539,2021-03-10,쿤텍 주식회사,최영복,송승현,"인천광역시 부평구 충선로73번길23-0 (부개동, 시티하우스2동)",279081250.0,86.4485,20-WMD/화생방 전문인력 관리 및 교육훈련 정립 연구,합동상호운용성기술센터
19년 gps 교란신호 분석 및 전파체계 유지보수 용역,해군본부,,,2021-03-15,,,,,29176930.0,95.4748,(216323-C) 네트워크 위협 분석체계 구축사업,군
방산육성 수출확대 위한 산업협력 쿼터제 방안 연구,해군본부,267406581.0,100.9987,,주식회사 이음,조만희,노재란,경상남도 김해시 삼안로195번길20-23 (삼방동),267419331.0,,20-Lynx 군수지원 여건 고려 적정 수명주기 연구,군
미래안보환경 대비 군사시설 보호업무 발전방향 연구,국군재정관리단,27272737.0,86.5674,,,박태준,서선숙,"서울특별시 용산구 한강대로62길41, 3층 (한강로1가)",27262783.0,86.5698,방산기술보호 성숙도 모델 인증제도 추진방안 연구,기관
실전적 모의지원 연구 용역,국군재정관리단,,,,(재)한국해양전략연구소,권정환,,"충청남도 논산시 대학로 121, 건양대학교 산학협력단(내동)",251417087.0,77.3223,전차 조준선 정렬 시스템 개발 연구용역,중앙행정기관
[24-육-6] M&S 체계구축  활용방안 연구,국방부(운영지원과),172532918.0,80.6529,,구루멘토링 주식회사,어 기호,김성찬,"서울특별시 서초구 신반포로311, 3층(잠원동, 신영빌딩)",172543577.0,80.6551,국방대 이전 효과 연구 용역,군
[24-육-173] 영상분석 SW 라이선스 구매(리스물건),국방시설본부,,77.9558,,중앙기획,신희준,임동환,대전광역시 중구 계룡로781 (용두동) 1층,3745313.0,77.9529,유전자감정장비(자동염기서열분석기)소모품 설치 납품,제3130부대
2019년 의무장비(요분석기) 구매-재투자,공군교육사령부,111708793.0,97.2685,,광운대학교산학협력단,,,,111678952.0,97.2707,공군 전장망 소스코드 취약점분석체계 교체사업,중앙행정기관
AI유무인 복합체계 활용 방안 연구,육군본부,62069409.0,,2020-11-19,,,이상규,,62053351.0,80.1988,방위력개선사업에 K-RMF 적용을 위한 방안연구,군
계기착륙장치(ILS)사업 선행연구,제2879부대,388097290.0,88.025,,(주)두두아이티,,김예섭,"서울특별시 성북구 화랑로76, 제3층 307호(하월곡동,코업스타클래스)",,,ATCIS 2차 성능개량 0000체계 운용요구서 연구,국군재정관리단
AI유무인 복합체계 활용 방안 연구,국방전산정보원,303274381.0,,2021-05-24,,,,"서울특별시 용산구 한강대로62길41, 3층 (한강로1가)",303300030.0,,21세기형 선진해군문화 연구,4284부대
여군 피복장구류 개선방안에 대한 연구,해군본부,23013243.0,,2022-01-20,,,이혜진,,,85.2358,소음피해보상금 산정 및 지급철차 연구용역,군
2017년 범국민 안보의식조사 연구용역,국방부(운영지원과),34926580.0,,2016-07-26,재단법인 한국군사문제연구원,김형철,,"경기도 성남시 수정구 위례대로83(창곡동, 국방문화센터)",34920411.0,87.9721,상호운용성 평가 업무의 정량화 모델에 관한 연구,군
부품정비대대 - 분석기  스펙트럼용 구매,방위사업청(운영지원과),,82.7638,,주식회사 유니텍,홍영기,김양숙,"대전광역시 유성구 죽동로297번길68 (죽동) CNU프라자  701,702호",29875439.0,,18-주파수편이용 분석기 구매,군
2040년대 군병력 수급규모 예측 연구,국방부(운영지원과),51064629.0,95.7496,2021-02-06,주식회사에이스게이트,주현,박계향,경상남도 거제시 거제대로3370 (아주동),51045941.0,,대용량 유전자데이터 분석 파이프라인 및 가시화 연구,중앙행정기관
20년대 이후 북한 및 잠재적 위협의 변화 전망분석,연평부대,212793382.0,77.8056,,,,,,212784752.0,77.799,대대급이하 전투지휘체계(B2CS) 양산사업 비용분석,국군재정관리단
방공전력 발전방향 연구 용역,육군교육사령부,,,2020-02-24,자주국방네트워크,,황병윤,서울특별시 노원구 화랑로574-0 (공릉동),,95.5187,폭파구 피해복구 보조기층 다짐도 측정방법 연구,군
23년 육군 장기미래비전 연구용역,국군재정관리단,,90.3537,,주식회사 사이버앤네트워크연구원,전용일,,대전광역시 서구 배재로 155-40배재대학교산학협력단,785436742.0,90.3583,소요결정 권한 소요군 위임시 획득절차 연구,국군재정관리단
항-418-012 생화학분석기 시약 등 97종 구매,방위사업청(운영지원과),146061100.0,,2024-04-24,,,,,146007135.0,,00부대 정보체계 취약점 분석 도구 구매,군
정보보안장비(사이버보안 위협분석시스템),국군의무사령부,,,2024-01-02,(주)지디시스,김태훈,류재산,"강원특별자치도 원주시 문막읍 귀문로1269-16, 1층 우측",218776338.0,,22-경항모 건조가 산업에 미치는 영향 분석,제2307부대
부대재배치 선행연구 용역(2019F065-B),육군본부,62328220.0,89.5929,2020-01-14,서울대학교 산학협력단,최종규,최광호,세종특별자치시  연동면 원합강1길50-0,,89.5915,한국형 공지기동부대 작전수행개념 연구용역,군
병력책정기준(정보통신분야 임무/기능 적절성 연구),공군본부,146037121.0,84.9589,,사단법인 안보경영연구원,전건욱,,"서울특별시 강남구 언주로527, 10층 (역삼동)",,84.958,안정적인 해병항공 운용방안 연구 용역,군
정보역량 강화 연구용역,국방부(운영지원과),4097494.0,85.3099,2016-11-29,,김현철,,"서울특별시 금천구 가산디지털2로184, 10층 1017호(가산동, 벽산디지털밸리2차)",4096199.0,85.3102,18-해군C4I체계 발전을 위한 연구,중앙행정기관
서북도서용 무인항공기 선행연구,국방부(운영지원과),227891.0,91.7341,2016-07-31,,,이동희,,227796.0,,총 수명주기간 함정 안전진단 수행체계 개선방안 연구,군
17년 비용분석모델(PRICE) 유지보수 용역,국군재정관리단,33946598.0,82.285,2022-09-10,MK메디칼,권민정,방금인,"대전광역시 서구 도산로 485(탄방동, 4층)",,82.2874,국방과학기술 전문인력 소요분석 연구,중앙행정기관
(237022-H)분석관리체계 노후 교체사업(리스물건),국군재정관리단,,,2021-04-05,디에이전,이충근,유진경,서울특별시 금천구 벚꽃로298-0 (가산동) 6층 601호,11951350.0,89.7279,(236306-F)지형분석장비 교체사업(리스물건),군
K1계열전차 연료수준감지기 대체품 개발 연구용역,국방부(운영지원과),245939417.0,96.3868,2018-09-08,건양대학교 산학협력단,최명진,구종우,전라남도 목포시 해양대학로 91(죽교동),246112190.0,96.387,24년 전투실험발전 연구 용역(2),중앙행정기관
과학적 시험설계와 시험결과의 논리적 평가방안연구,국군재정관리단,,87.9728,2021-10-19,사단법인 대한민국공군발전협회,노광현,정현승,"서울특별시 서초구 서운로 226, 서초오피스텔 404호(서초동)",226783422.0,,20년 국방정책연구과제,4284부대
여단급과학화전투훈련체계 경미한성능개량 사업분석,해군본부,13666156.0,,,주식회사 한국엔브이,박상욱,김우중,"경기도 용인시 처인구 모현읍 외대로25번길12-26 (라인빌리지), 201동 302호",,75.3017,22-공-소음측정 및 분석시스템 구매(229124-F),합동참모본부
의무장비 구매(자동분석기 생화학용),공군사관학교,563198946.0,,2023-07-02,주식회사  인섹시큐리티,권오경,김혜민,경기도 용인시 기흥구 언동로125번길26-1 (중동) A동 402호,563292495.0,91.8569,땅굴징후지역 지층탐사 정밀분석 용역,기관
00기지 환경개선 사업 분석평가 및 선행연구 용역,해군본부,114459364.0,89.9037,,주식회사 서경방송,김금남,박점숙,"서울특별시 금천구 가산디지털1로19, 406호, 407호, 408호, 409호(가산동,대륭테크노타운18차)",114359259.0,89.9051,22-3차 연구장비 구매 계약(수정) - 미생물측정기,4284부대
CBRS 적용한 전투발전체계의 문제점 및 발전방향 연구,국군재정관리단,22610461.0,66.9898,2017-07-18,,,정봉원,,22651446.0,,군 주거지원 법령의 문제점 및 개선방안 연구,군
국방연구개발사업의 성과조사.분석 연구,국군재정관리단,,,,(주)우리디자인,홍광표,김해리,"서울특별시 영등포구 양평로149-0, 1106호 (양평동5가)",50577246.0,89.3514,탄약 및 용기 레이저 제청 시스템 응용연구 용역,군
22-해상기반 우주발사체계 개념 연구,국방부(운영지원과),262570903.0,94.5628,,(사)한국전략문제연구소,전건욱,,"서울특별시 강남구 언주로527, 10층 (역삼동)",262705091.0,94.5591,스마트 물류센터 도입 검토 연구용역,중앙행정기관
23-D-감정장비(액체질량분석기) 구매(2310036-F) ,제9691부대,,,,에스케이오션플랜트(주),김상운,문영옥,"충청북도 청주시 청원구 대성로298-0 (내덕동, 청주대학교)",715848605.0,93.9117,23-D-디지털컨텐츠 위변조 분석시스템 구매,군
19-헬기형 UAV 운용을 위한 함정설계 개념 연구,해군본부,,91.8647,2016-11-10,,,,,,91.8663,공개SW 군 확산을 위한 정책수립 연구,국군재정관리단
해군수병 역량강화 프로그램 추진 연구용역,국군재정관리단,186783657.0,,2019-12-06,,,,,186874311.0,,전차 조준선 정렬 시스템 개발 연구용역,기관
직ㆍ간접 전투경험 공유 확대 연구용역,합동참모본부,166460679.0,80.1294,2020-06-21,(주)디아이엔티,노광현,박용환,충청북도 청주시 서원구 성화로99,,80.1329,실전적 모의지원 연구,합동참모본부
예비전력관리 사업 예산의 적정 편성 기준 연구,해군본부,17134638.0,91.0277,2019-08-18,안전성평가솔루션 주식회사,김 용희,윤진영,"경기도 성남시 중원구 광명로94번길14, 지하1층(성남동)",,,국방전직교육사업 스마트플랫폼 구축방안 연구,군
효과성·활용성 중심의 군내 NCS 적용방안 연구용역,육군교육사령부,16935156.0,,2019-04-11,,,김우중,,16947718.0,,박옥규 제독 평전 제작 연구 용역,국군재정관리단
동편활주로 재포장사업 선행연구 용역,육군본부,225041593.0,88.6639,2017-07-17,,권시형,박지현,,225053915.0,,전자기스펙트럼 측정/분석체계 운용방안 연구,국군재정관리단
중형기동헬기(UH/HH-60) 성능개량사업 비용분석,육군본부,,84.3489,,,,,,,,신호분석기 1EA,군
합동화력시뮬레이터 양산사업 비용분석,육군본부,,90.0601,2024-08-04,,,김상도,서울특별시 용산구 새창로128-1 (용문동) 2층,60352695.0,90.0627,17-1 상층대기분석장비(UAAS-10) 외주정비,중앙행정기관
소형드론용 지능형 영상분석기술 연구/시연 용역,국군재정관리단,,86.6482,,건양대학교 산학협력단,권헌영,,대전광역시 유성구 유성대로1646-0 (전민동),,86.6476,민관군 유·무인기에 대한 공역통제방안 연구 용역,중앙행정기관
국방연동관리센터 운영 및 발전 방안 연구,국군재정관리단,,80.5966,,,,,,,,전시 급식지원체계 개선방안 연구,국군재정관리단
Edu-Tech 교육체계 개발 연구용역,해군본부,,,2018-01-27,주식회사 도화엔지니어링,김진욱,,"서울특별시 성북구 정릉로 77, 국민대학교내(정릉동)",392356826.0,91.512,밀리토피아 골프연습장 운영에 관한 연구 용역,국군재정관리단
23-F-분석기 스펙트럼용 2종 구매(239034-H),공군군수사령부,,,,에이치제이엘,서태일,전수현,서울특별시 구로구 신도림로11길9-64 (신도림동),217804770.0,,(236043-G) 23년 모바일·IoT 조사분석체계 도입사업,국군수도병원
16년도 급식분야 시범사업 추진분석 및 개선방안 연구,제2879부대,,,,재단법인 한국군사문제연구원,전건욱,,"서울특별시 강남구 언주로527, 10층 (역삼동)",175283760.0,,화생방 연구활동 재료 시약 구매,중앙행정기관
부대재배치 선행연구 용역(2019F065-B),국군의무사령부,,,2016-02-27,재단법인 한국군사문제연구원,박정기,,"서울특별시 강남구 언주로527, 10층 (역삼동)",146491913.0,,육군 로고를 군수품에 적용하는 방안 연구,군
KJCCS 경미한 성능개량 사업 비용분석,합동참모본부,,100.408,2023-11-25,(사)한국물환경학회,신희준,정택주,서울특별시 강남구 선릉로93길54-0 (역삼동) 일환빌딩 6097호,,100.4121,(236351-C) 무기체계 운영환경 동적분석 장비 도입,군
국방 데이터센터 발전방안 연구,국군재정관리단,51908692.0,,2019-08-12,사단법인 씨알리더십연구원,최희경,김태훈,대전광역시 유성구 대학로291-0 (구성동) N7-7111,51889942.0,90.3765,해병대 복지회관 중장기 보수계획 연구 용역,제2879부대
공병분야 M&S 연구용역,방위사업청(운영지원과),,87.6524,,,,,"서울특별시 용산구 청파로 40, 삼구빌딩 1815호(한강로3가)",113204297.0,,16년 정비지원부대 직무값 기반의 직무분석 연구용역,군
대공표적예인기 탑재장비 성능개선 등 2건 비용분석,국군수도병원,667072856.0,62.3685,,에이치제이엘,김화경,김민균,"경기도 김포시 김포한강3로237번길16, (장기동, 314호)",667178712.0,62.3653,21-04-142 신호분석기 등 3 품목,중앙행정기관
조사분석 라이선스 구매,국군의무사령부,171517361.0,80.9989,2023-12-16,,,이경미,"서울특별시 금천구 가산디지털2로184, 10층 1017호(가산동, 벽산디지털밸리2차)",171614937.0,,(246311-E) 분석용 고성능 PC등 2품목 (리스자산),기관
합동작전분석모델-II 체계개발,국군재정관리단,706586416.0,94.0506,2022-11-15,오릭스캐피탈코리아(주),윤정숙,임한영,"충청북도 청주시 청원구 오창읍 중부로760,115동 3701호(오창 롯데캐슬 더 하이스트)",706592431.0,94.0515,휴대용 화학물질분석기 등 2종 구매(20197097-D),4284부대
안보학술진흥연구용역(3.국내안보환경분석또는),제9691부대,219057689.0,,,한서대학교 산학협력단,김규형,이정민,"서울특별시 금천구 가마산로96-0, 213호(가산동, 대륭테크노타운8차)",219067427.0,,우주안전 발전 생태계(거버넌스) 구축 연구 용역,군
24~'25년 상층대기분석장비 유지보수,제2879부대,206457424.0,69.4283,,사단법인 한국국방발전연구원,홍영기,김지현,충청남도 논산시 양촌면 황산벌로1040,,,(246247-D) 이동형 심리생리반응 분석장비 구매,중앙행정기관
전투기 시뮬레이터와 창공모델 연동시험 연구 용역,국방부,96141442.0,90.7104,2020-10-16,(사)한국전략문제연구소,,,"서울특별시 용산구 청파로 40, 삼구빌딩 1815호(한강로3가)",96085661.0,,해병대9여단 임무.역할 확대 및 발전방향 연구용역,군
워리어플랫폼 최적화 방안 및 핵심요구능력 연구,국군지휘통신사령부,,94.6707,2016-09-16,,,,,123548802.0,94.6752,GPS 항재밍 성능점검 개선방향에 대한 연구,군
해병대 인력획득체계 분석 발전 방향 연구 용역,합동참모본부,63024823.0,94.1218,2021-03-29,,,,,63053565.0,94.1209,의무후송전용헬기 시설사업기본계획 연구용역,중앙행정기관
2018년 서울안보대화 사이버워킹그룹 지원 연구,제9691부대,66442062.0,73.1331,,(사)21세기군사연구소,설영만,,"전라북도 군산시 임피면 호원대3길 64,",66441649.0,,교육연구자료 원문 DB 구축 용역,군
24-3차 조달 연구장비(의약품 냉동고) 구매,국군의무사령부,68730.0,,2024-10-31,,,김민재,,69006.0,95.9479,탄약고 안전거리 재산정을 위한 선행연구 용역,군
군수사 품목관리관 적정 취급품목 수 연구,국방부(운영지원과),41000822.0,84.4211,2020-10-06,국방대학교산학협력단,한민구,이태영,"서울특별시 용산구 이태원로 29, 전쟁기념관 4층(용산동1가)",40982200.0,84.4199,과학기술전문사관 직무 성과분석 연구,중앙행정기관
19-웹 취약점 진단분석체계 교체사업(201499064-A),해군본부,64544591.0,,2018-03-11,주식회사 유진에스앤씨,박길현,김태형,"서울특별시 금천구 가산디지털1로146, 705호(가산동, 대륭테크노타운22차)",64587959.0,,병력동원 지정 및 훈련체계 효율화 연구,국군재정관리단
(236043-G) 23년 모바일·IoT 조사분석체계 도입사업,국방부,420623892.0,97.4763,2024-01-14,(주)심네트,김진욱,조대근,"인천광역시 중구 인중로 178, 제이엘타워 1001호(사동)",420602898.0,97.4789,무건리훈련장 갈등영향분석 용역,군
상층대기분석장비 유지보수,방위사업청(운영지원과),,,2020-09-22,주식회사 아이티존,최치원,임영갑,서울특별시 성북구 안암로145 (안암동5가) 미래융합기술관 607호,62410866.0,89.0998,정밀측정장비(제원분석기) 구매,중앙행정기관
지형분석도 제작 재료 구매,국군재정관리단,261938724.0,,2021-12-08,주식회사 녹십자이엠,신정희,이여정,"서울특별시 금천구 가산디지털1로1-0 (가산동, 더루벤스밸리) 1208호",,86.8775,정비공정 분석도구 구매,군
00부대 신축 시설사업 선행연구 용역,방위사업청(운영지원과),203775839.0,83.6309,2019-10-21,,,홍성현,,203753996.0,83.6265,육군 로고를 군수품에 적용하는 방안 연구,군
UAV 정비용 장비(스펙트럼 분석기) 구매,육군본부,137818897.0,88.9333,2021-01-24,,,,,137763475.0,,해안감시레이더-Ⅱ 사업분석,군
2040년대 군병력 수급규모 예측 연구,4284부대,18498270.0,,2022-03-12,,,박종호,,18525486.0,88.3613,22년 기술연구용역 계약(1),국군수도병원
대형양산사업의 제반 조건 분석 및 방안 연구,국군재정관리단,193554126.0,86.8116,2023-03-27,,,정운찬,,193538993.0,,포항지역 항공기 소음감소 대응방안 연구 용역,군
민수용 드론의 비행기지 작전지원 활용방안 연구,방위사업청(운영지원과),149042171.0,83.7969,,사단법인 안보경영연구원,전건욱,,"서울특별시 강남구 언주로527, 10층 (역삼동)",,83.7944,소화기 소음기 선행연구용역,중앙행정기관
연구활동 재료(시약) 113종 구매 ,국방부(운영지원과),,82.0078,2016-03-23,,,,,132147268.0,82.0082,상륙돌격장갑차 수명유지를 위한 방안 연구용역,군
전술환경 下 효율적 이동통신체계 운용방안 연구용역,공군본부,219723540.0,,2017-08-06,롯데캐피탈(주),양금식,이종명,"서울특별시 강남구 논현로134길13, 402-2호(논현동, 덕산빌딩)",,88.992,방폭 설계 표준화 체계구축 연구용역,국군재정관리단
저고도 공역 통합 관제체계 연동 소요 연구용역,국방부(운영지원과),222966335.0,,2019-10-03,,,박계향,,222776839.0,,미래 육군비행장 발전계획 검증 연구 용역,군
22년 기술연구용역 계약(1),국군재정관리단,168502637.0,,2022-04-21,주식회사  인섹시큐리티,이현정,김영숙,경기도 의정부시 경의로70-0 (의정부동) 5층 A628호,168504897.0,86.3507,국방전직교육원 조직진단 및 기능강화 방안연구,군
연구개발 부품[캐피시터등50종1655점 구매],제9691부대,212880019.0,90.8318,2017-02-15,광운대학교산학협력단,,박계향,"충청남도 논산시 대학로 121, 건양대학교 산학협력단(내동)",212951619.0,,KT-100 PBL 적용방안 연구용역,제9691부대
군수품 수송용 드론 선행연구 용역,국방부(운영지원과),195527881.0,85.3456,2018-01-08,,김주희,장현정,"서울특별시 성북구 안암로145 (안암동5가, 고려대학교)",195404789.0,,우주 무기체계 사업을 위한 계약적 보완 방안 연구,군
F-15K/E-737 항공기 특성(RCS/IR Signature) 연구,해군본부,,72.4623,,,,,,,72.4579,음탐센서 시험 KOLAS 인정 사전 연구용역,군
복합무기체계 시험평가 제도개선에 관한 연구,해군군수사령부,21251603.0,82.4082,2021-10-22,,,,,21239331.0,,고속전투정 기지건설 방안 연구 용역,제2879부대
대함유도탄 방어유도탄 양산사업 비용분석,국방부(운영지원과),107175254.0,94.1527,2020-07-26,,김진욱,경상현,,107170113.0,,2017년 의무장비 요분석기 구매,중앙행정기관
작전지휘시설 신축 분석평가 및 선행연구용역,국군재정관리단,92959166.0,79.2831,2018-06-08,고려대학교산학협력단,김동준,박수정,인천광역시 연수구 송도미래로30-0 (송도동) C동 1315,92999259.0,79.287,합동최종공격통제관(JTAC)의 종합 발전방향 연구,중앙행정기관
00부대 신축 시설사업 선행연구 용역,해군본부,,91.088,2018-09-04,,,전형준,,104498308.0,,주파수변환기 대체품 연구개발 용역(2019H028-B),군
자주도하장비 시설사업기본계획 수립을 위한 연구용역,육군교육사령부,15018598.0,89.3318,2019-05-03,주식회사자연,김용오,이춘근,"경기도 용인시 기흥구 덕영대로1732-0 (서천동, 경희대학교 국제캠퍼스내)",15026392.0,,국방시설분야 4차 산업기술 활용방안 연구용역,중앙행정기관
국방대학교 조직컨설팅 연구 용역,국방부(운영지원과),87171896.0,,,(사)한국전략문제연구소,전건욱,,"서울특별시 강남구 언주로527, 10층 (역삼동)",87189977.0,88.9935,17-리더십 진단도구 개발 연구용역 계약,중앙행정기관
항-20-004 자동면역분석기 시약 등 123종,국군재정관리단,,95.853,2018-09-28,(주)데이터클립,노광현,안혜경,"서울특별시 마포구 성산로2길55, 602호(성산동, 샤인빌딩)",,,국방 빅데이터 분석 사업 용역,군
전파환경측정 분석장비 유지보수,국군재정관리단,87167576.0,,,(재)한국해양전략연구소,이영환,김소미,"서울특별시 서초구 서초중앙로20길 24, 서종빌딩 4층(서초동)",87103273.0,,18년 작전지속지원분석모델 유지보수 용역,기관
방산 부품산업 발전을 위한 지원체계 구축방안 연구,국군재정관리단,699883.0,80.2435,2020-11-05,,,전치우,,699615.0,80.24,24년 간부 파트너십 교육프로그램 개발 연구 용역,군
K계열 장갑차 엔진 오일펌프 시험장비 개발 연구용역,공군군수사령부,33797890.0,91.3959,2020-09-09,주식회사 메디시온,김지영,류제성,"서울특별시 강남구 영동대로602, 6층 E170호(삼성동)",,,UH-60헬기 연료라인 야전 시험장비 개발 연구용역,군
계약 전 손실 보전제도(가칭) 도입 관련 연구,국군의무사령부,211508707.0,,,직업교육정책연구소,이재평,박미영,서울특별시 영등포구 여의대방로61길2-0 (신길동)천록빌딩105호,211405293.0,89.5197,전자전기 확보 및 효율적 운용방안 연구,군
소형무장헬기 양산사업 비용분석,공군본부,,87.5873,2023-05-31,,,,,622446036.0,87.5843,의무장비(자동분석기 생화학용중형) 구매(20197014-D),국군재정관리단
성희롱 등 사건분석을 통한 조직문화 개선방안 연구,제5738부대,72988568.0,91.9627,2023-01-24,주식회사 화이트스캔,박준빈,장재필,경상남도 함안군 칠북면 삼칠로 1826티엠시 (주),,91.9609,2024년 군사연구총서 용역,군
방탄 방호성능 기초연구용역,국방부(운영지원과),37802316.0,86.3211,2018-06-12,사단법인 안보경영연구원,전건욱,김현숙,,,,국방연동관리센터 운영 및 발전 방안 연구,국군재정관리단
00부대 조직문화 진단 연구용역,해군본부,130982089.0,82.3126,2023-02-15,,,김형민,,,82.3094,인력획득 모집홍보 대상의 성향 분석 연구 용역,국군재정관리단
[24-육-129] 예비전력발전세미나 주제 연구(Ⅱ),육군본부,47633827.0,,2021-10-09,,,정봉원,,,,군인ㆍ군무원 수당이력조사 및 유사직종사례 비교연구,군
군 리더십코칭 프로그램 개발 연구용역,국군재정관리단,,82.3468,,주식회사 복은,장우영,정영숙,"경기도 군포시 고산로148번길17-0, B동 1303호, 1304호, 1305호(당정동, 군포IT밸리)",7141483.0,,진중문고 운영 및 활용 증진방안 연구 용역,군
해병대 인력획득체계 분석 발전 방향 연구 용역,해군본부,60802101.0,95.9575,,,,최규식,,,95.9518,군사시설부문 온실가스 감축 계획수립 연구,군
국방기술조직을 활용한 함정 기술관리 방안 연구 용역,국군의무사령부,88462415.0,93.7847,,사)국방정보통신협회,박재우,,"서울특별시 금천구 가마산로96-0, 213호(가산동, 대륭테크노타운8차)",88446145.0,,2017 PACC & PAMS 연구용역,군
사회공학기법과 사이버 작전과의 연계성 연구,방위사업청(운영지원과),42846534.0,,,,,,,42820137.0,,국방시설분야 4차 산업기술 활용방안 연구용역,중앙행정기관
21-1차 개념설계 기술지원 연구용역,국군재정관리단,272542663.0,,,(주)심네트,차진섭,이선영,"경기도 성남시 수정구 창업로54, 504호 (시흥동)",,,군수송기 활용 산불진화능력확보 필요성 등 연구용역,군
차륜형장갑차 시설사업 선행연구,국군재정관리단,,,,주식회사 신나는세상,주양효,주정만,"대전광역시 유성구 대학로 99(궁동, 충남대학교)",,84.5904,국방상호운용성 마스터플랜 연구,중앙행정기관
24-F-분석기 회로망 1종 구매,육군정보통신학교,161754677.0,95.6561,2021-12-29,디와이아이앤씨주식회사,김지영,이호준,울산광역시 남구 갈밭로11-0 (삼산동),161792649.0,,사이버 자산정보 수집 분석체계 라이선스 구매,제9691부대
추진장약 분석시험용 재료구매,해군본부,123167596.0,,2022-04-30,충남대학교 산학협력단,오중산,이다인,"충청남도 논산시 대학로 121, 건양대학교 산학협력단(내동)",123163346.0,,(1)군용비행장 소음측정 및 분석용역,기관
북단 유도로 신설사업 분석평가 및 선행연구 용역,제7821부대,32698840.0,,2020-06-24,주식회사 이앤에프어드바이저,강재관,양희성,"경상북도 포항시 남구 청암로77 (효자동, 포스텍)",,,19-해양무인체계 탑재/운용 함정 설계개념 연구,합동참모본부
물류원가 데이터 수집 및 산정/관리 방안 연구,육군본부,,77.7188,,(사)한국능률협회,소범석,박계향,서울특별시 송파구 올림픽로505-0 (풍납동),32430792.0,77.7158,성주기지 주변지역 건강영향 역학조사 연구,군
(227334-E)정밀측정장비(스펙트럼분석기 등 2종)구매,공군본부,94700670.0,89.0432,2023-01-01,주식회사 에스아이정보기술,김석환,박용준,부산광역시 부산진구 동성로20 (전포동),94689286.0,89.045,여단급과학화전투훈련체계 경미한성능개량 사업분석,제9691부대
공기조화계통(HAVC) 성능개선 방안 연구 용역,국군재정관리단,161535.0,94.2062,,세종대학교산학협력단,박래호,양진,"서울특별시 영등포구 의사당대로22, 8층 9층 10층(여의도동, 이룸센터)",161544.0,94.2032,우수 과학기술 인재의 국방(군) 분야 활용방안 연구,군
신 작전수행개념 구현을 위한 교리발전 방안 연구용역,국군재정관리단,,89.4676,2018-09-15,,,전영은,,227026226.0,89.4712,무기체계 유형별 맞춤형 R&D 수행절차 연구,군
24-P-용-01 침수예방사업 선행연구용역,국군의무사령부,18557261.0,76.7794,2021-10-27,(주)에프오알엠도시건축공간연구소,엄현성,양상원,,18570880.0,76.7799,24년 국방민원서비스 만족도 조사 연구,국군재정관리단
공군 이러닝 무선기반체계 고도화 방안 연구 용역,국군재정관리단,233080671.0,81.9787,2022-10-22,세종대학교산학협력단,,,"서울특별시 금천구 가산디지털2로184, 10층 1017호(가산동, 벽산디지털밸리2차)",233014206.0,,안보학술연구용역(1.국가안보에관한문제에관한이론),군
국방혁신 4.0과 연계한 미래 예비군훈련체계 연구,국군재정관리단,339157420.0,89.7051,2021-03-01,에이스 컴퍼니,정창호,한소희,경기도 의왕시 오봉산단3로25 (삼동) 의왕테크노파크 더리브비즈원 1동1528호,339048297.0,,23년 육군 장기미래비전 연구용역,기관
정기공수 운영분석 및 최적 노선 선정 알고리즘 개발,제2879부대,,86.7269,2023-08-02,롯데캐피탈(주),이현정,허정성,"서울특별시 강북구 인수봉로55가길16-9 (수유동, 가람아트빌5차) 301호",8005308.0,,(236366-F) 네트워크 트래픽 수집 및 분석 장비 구매,군
22-7차 연구장비 구매 계약 - 멸균소독기 소형,국군수도병원,269316532.0,97.9341,,,,정수민,"서울특별시 용산구 한강대로62길41, 3층 (한강로1가)",,97.932,북단 유도로 신설사업 분석평가 및 선행연구 용역,군
민간군사기업(PMC) 등 민간 아웃소싱에 대한 개념연구,해군군수사령부,,92.2399,2019-06-10,한화오션 주식회사,김진욱,김우중,충청북도 청주시 흥덕구 옥산면 덕촌삼성골길16,206438865.0,,마린온 3차 PBL사업 적용범위 사업타당성 조사 연구,기관
유류시험장비(연료성분분석기 등 2종) 구매,제5019부대,,,,,,,,33516974.0,87.4588,박찬극 제독 평전 편찬 연구용역,제9691부대
대형양산사업의 제반 조건 분석 및 방안 연구,공군본부,102730216.0,89.3755,2020-06-29,,,,,,,여군 피복장구류 개선방안에 대한 연구,군
방산수출 진흥을 위한 보호법령 정비방안 연구,방위사업청(운영지원과),207889641.0,79.5705,2021-02-24,(주)다남정보통신,이철호,,"충청남도 천안시 서북구 검은들3길46, 8층 803-2(8020)호(불당동, 미래시티빌딩)",207926902.0,79.576,풍력발전기에 의한 방공레이다 등의 작전영향 연구,군
레이더 시험세트(스펙트럼 분석기 등 4종) 구매,방위사업청,33844789.0,,2017-03-30,소프트플로우 주식회사,정의붕,이유진,"서울특별시 용산구 한강대로211, 102동 1605호(한강로1가, 대우월드마크용산)",33844239.0,91.3228,22-함정 대기오염 저감방안  설계영향성 연구,제20전투비행단
AI기술의 분류체계 및 적용방안에 관한 연구,육군교육사령부,,,2020-06-29,주식회사 플렉스시스템,정택호,,경기도 용인시 처인구 모현면 외대로 81(),,,스펙트럼용 분석기 구매,중앙행정기관
국방 안전기준 정립 및 발전방향 연구,국방부(운영지원과),228817516.0,84.3261,2020-05-28,사단법인 한국국가전략연구원,,,,228735807.0,84.3269,상륙공격헬기의 효과적인 시설사업 추진방안 연구,중앙행정기관
주요 군사선진국의 공군조직 발전방향 분석,공군사관학교,,87.1211,,주식회사 디티알기술사사무소,김운용,전치우,경상남도 창원시 의창구 죽전로68번길29 (팔용동),,87.1251,19년 작전지속지원분석모델 유지보수(2018F124-G),제20전투비행단
추진장약 분석시험용 재료구매,공군본부,697976999.0,,,,,,"서울특별시 금천구 가산디지털2로184, 10층 1017호(가산동, 벽산디지털밸리2차)",697549733.0,,19년 분석용모델(3종) 유지보수(2018F125-G),군
궤도장비 난방기 야전 시험장비 개발 연구용역,국군대전병원,,78.4969,2023-03-23,서울과학기술대학교 산학협력단,김평희,김소미,"경기도 시흥시 희망공원로 92, 시화공단2마 301-3호(정왕동)",86752582.0,78.5002,“제○군수지원사령부 부대사” 연구 용역,합동참모본부
미래특임 및 항공 통합 특임여단 편성방안 연구용역,해군본부,7828432.0,,2018-01-05,사단법인 안보경영연구원,전건욱,,"서울특별시 용산구 청파로 40, 삼구빌딩 1815호(한강로3가)",7824988.0,,해안경계 임무전환 관련 안보상황 평가체계 연구,기관
00부대 신축 시설사업 선행연구 용역,국방부(운영지원과),23143638.0,85.1698,2021-09-16,,,,,23118965.0,85.1672,상비군 수준의 동원위주부대 전력보강 방안 연구,국군재정관리단
(226362-F)작전지속지원분석모델장비 도입(리스물건),제3훈련비행단,81445565.0,76.0293,,원유통,김혜정,김인숙,"서울특별시 강남구 테헤란로306, 13층(역삼동, 카이트타워)",81461211.0,,(226046-G)'22년 육군 DB분석체계 교체(리스물건),제5378부대
(24G050-A생물안전3등급 연구시설(BL-3) 유지보수용역,방위사업청(운영지원과),95854600.0,89.9688,,(주)에프오알엠도시건축공간연구소,권시형,이상규,,95839220.0,,24-정보우세권  확보를 위한 정보력 강화방안 연구,중앙행정기관
비행대대 조종사 적정 편제 및 대체 인력 운영 연구,국군수도병원,20472000.0,87.3971,2016-07-25,주식회사 마에스트로네트웍스,송봉주,박병희,경기도 의정부시 경의로70-0 (의정부동) 5층 A628호,20483809.0,87.3938,사이버 위협수준 평가 신뢰도 향상방안 연구,군
(20F169-A)지형분석장비 교체사업 등 17건 금융리스,해군본부,199906724.0,,,,,이민혜,,,,155mm 정밀유도포탄 비용분석,중앙행정기관
정책현안 연구용역(1. 북한의무기체계와..),국방부(운영지원과),239618546.0,91.8392,2017-07-30,,,,,239911659.0,,사이버위협 분석체계 개선사업,중앙행정기관
예비전력발전세미나 주제연구(Ⅱ) 용역,국군재정관리단,,88.9575,,경희대학교산학협력단,경상현,이신영,"충청남도 천안시 동남구 단대로119-0 (안서동, 단국대학교천안캠퍼스)",43846146.0,88.9553,공군 수송기 전력 최적화 방안 연구용역,국군재정관리단
탄약고 안전거리 재산정을 위한 선행연구 용역,국방부(운영지원과),,78.8707,2019-12-05,,,구종우,,2774147.0,78.8802,군 급식 민간위탁 시범사업 성과분석 연구,군
23-1차 연구의무물자(BL3 중앙실험대 등 5종) 구매,국군의무사령부,386181461.0,90.3414,2020-04-23,(주)강남,허건영,,서울특별시 강남구 논현로189길6 (압구정동),,90.3392,안보학술진흥연구용역(2.국제안보환경또는),국군제1068부대
합동작전분석모델-II 체계개발,국군화생방방호사령부,295975322.0,,2022-09-10,(사)한국위기관리연구소,이효진,김지훈,서울특별시 서대문구 불광천길278 (북가좌동) 1층,296097871.0,92.0813,21-공-스펙트럼 분석기 3대 구매,기관
사단 간부숙소 신축 선행연구 용역,국방부군사편찬연구소,,80.2024,2020-11-27,(사)국방시설연구협회,노광현,김동준,"서울특별시 강남구 테헤란로78길16, 6층 (대치동, 노벨빌딩)",,80.1986,16년 정보분석지원체계 유지보수 용역,제9691부대
국방전직교육사업 스마트플랫폼 구축방안 연구,국군재정관리단,54545147.0,91.611,,사단법인 한국국가전략연구원,,김예빈,,54575777.0,91.6139,K21장갑차 전자모듈조립체 정비기술개발 연구용역,군
(207108-H)네트워크 위협 분석체계 구축사업,육군군수사령부,212039172.0,,,동우씨엠 서청주지사,김건호,김근우,"서울특별시 송파구 석촌호수로138, 202호 (삼전동)",212082198.0,95.2071,전자파 분석장치 등 2종 구매,제2879부대
22-5차 연구장비 구매 계약 - 원심분리기 소형탁상용,국군재정관리단,129620210.0,80.5059,,주식회사 굿컨설팅그룹,,전옥녀,"서울특별시 용산구 한강대로30길25 (한강로2가, 아스테리움 용산) 11층 2호",,80.5055,23-2차 연구의무물자(BL3 수거함 등 4종) 구매,국군재정관리단
국방대학교 조직컨설팅 연구 용역,국군재정관리단,9445218.0,,2018-04-14,주식회사 한국전자파연구소,이문걸,곽일,"경상남도 창원시 진해구 중원로1-0 (남빈동, 해군사관학교내)",,,76mm 함포 약실 정밀검사용 장비개발 연구용역,군
신기술 연구개발 기반체계 구축 및 백업체계 교체,국방전산정보원,300712220.0,92.7709,2020-01-06,주식회사 웨이브텍,김효근,김지훈,"서울특별시 동작구 상도로133, 5층 (상도동, 두덕빌딩)",,92.7684,미래 우주전장 분석 및 공군 우주전략 수립 연구용역,4284부대
상층대기분석장비 유지보수,육군본부,,,2022-12-25,주식회사 엘씨케이테크놀로지스,김종광,이재평,서울특별시 구로구 신도림로11길9-64 (신도림동),562588116.0,98.3881,19년 지형분석장비 교체(리스물건)(20196289-G),중앙행정기관
공군 방공포부대 이전 요구 연구용역,해군군수사령부,218242721.0,67.7852,,,,,"서울특별시 강남구 언주로527, 10층 (역삼동)",218199669.0,67.7781,00 군공항 설계기본요구조건 작성 연구용역,국군재정관리단
항-16-059 062 066 질량분석기 소모품 등 72종,국방대학교,,85.6333,2020-10-31,주식회사 엘씨케이테크놀로지스,임숙희,김영우,"서울특별시 영등포구 국회대로74길20-0, 404호(여의도동, 맨하탄21)",71480873.0,85.6367,대잠훈련분석체계(AEAS) 유지보수 용역,제2879부대
대용량 유전자데이터 분석 파이프라인 및 가시화 연구,공군본부,,95.6105,2019-04-09,한국직업능력연구원,,박계향,"충청남도 논산시 대학로 121, 건양대학교 산학협력단(내동)",125617266.0,,상륙돌격장갑차 3차 창정비 방안 연구,군
병력책정 기준연구(비행대대 조직구조 개선방안),국방대학교,59692939.0,,,,,,,59701824.0,81.6977,연구활동 재료(초자) 189종 구매,국군재정관리단
K10 탄약운반차량 경미한 성능개량 사업분석,국군재정관리단,3366128.0,,2020-04-06,주식회사 한국건설경영기술원,이우희,이경미,경상남도 창원시 의창구 죽전로68번길29 (팔용동),3372711.0,,사이버 자산정보 수집 분석체계 라이선스 구매,중앙행정기관
군인ㆍ군무원 수당이력조사 및 유사직종사례 비교연구,국군재정관리단,10935236.0,92.3986,2019-06-09,주식회사 안보기술연구원,유상호,김준우,대전광역시 유성구 대학로291-0 (구성동),10918296.0,,범국민 안보의식조사 정책대안 연구용역,군
상호운용성 정보보증 평가기준의 체계별 적용방안연구,국군재정관리단,,88.8844,,주식회사 삼우에이엔씨,이영진,방금인,"대전광역시 유성구 엑스포로1, 1902호(도룡동, 엑스포타워)",,88.8873,국방 인공지능(AI) 활용 실증기획 연구,국군재정관리단
한국군병사에서 적응장애의 양상과 위험요인 연구용역,육군교육사령부,108273569.0,67.4229,2017-12-29,사단법인 안보경영연구원,전건욱,,"서울특별시 강남구 언주로527, 10층 (역삼동)",108283898.0,,CH/HH-47D 성능개량 시설사업기본계획 연구용역,중앙행정기관
2024년 방산물자 현황분석 연구용역,국군재정관리단,34064728.0,,2022-04-26,,,,,34062611.0,83.4869,[24-육-117] AI기반 사격지휘체계 연구,군
개전초 동원긴요부대 전시 완정성 보장 방안 연구,국군재정관리단,95258708.0,,,,,구종우,,95158229.0,,BLT급 쌍방훈련 제병협동훈련장 구축 연구용역,군
자동염기서열분석기 정비(소모품 구매설치),해군군수사령부,389480500.0,,2022-06-14,선호하우징,이여정,이양희,"경기도 고양시 일산서구 대산로213-0  302호 (대화동,중앙프라자)",389464044.0,94.8764,부품정비대대 - 분석기  스펙트럼용 구매,군
20-S-통합유류고 신축사업 선행연구 용역,국군재정관리단,36629332.0,,2021-10-14,주식회사 가람메드,동중영,김경환,"서울특별시 송파구 석촌호수로138, 202호 (삼전동)",36664988.0,86.1057,군의료 특성화 연구용역(말라리아 발생 예측연구),군
23년 의무장비(수액조절기 분석기) 구매,국군재정관리단,193723009.0,81.1031,,주식회사 모렌스,김정한,안상희,"경기도 양주시 광적면 부흥로847, 431호(경기벤처타운)",193839208.0,81.1025,23년 혈액가스 및 전해질분석기 구매,중앙행정기관
국외조달 군수품의 합리적인 관세부과방안 연구,국군재정관리단,146773775.0,76.2023,,국립금오공과대학교산학협력단,최태묵,이지원,"서울특별시 중구 동호로7길41, 2층(신당동)",146792926.0,,군수사 품목관리관 적정 취급품목 수 연구,군
K2전차 3차 양산 사업분석,육군교육사령부,14826292.0,75.0033,2022-03-18,사단법인 한국국방발전연구원,,한선여,,,75.005,모바일기기 증거분석체계 구매(교체),중앙행정기관
사이버위험평가 방법 및 군 적용방안 연구,국방전산정보원,198355068.0,86.3229,,,이훈민,신인균,"경기도 수원시 영통구 월드컵로 206(원천동, 아주대학교)",,86.3246,무기체계 RAM 시험평가의 효율적 수행방안 연구,제9691부대
군사시설 건축공법(경량화) 개선 연구,방위사업청(운영지원과),,92.4135,2018-07-04,,,,,6359506.0,,동서지형의 차이를 고려한 부대 및 전력구조 연구용역,중앙행정기관
ICT기반 입체영상 활용방안 연구 용역,공군사관학교,335988074.0,,,(주)아이엠티,정주교,조상환,"경상남도 창원시 마산회원구 자유무역3길208, 3층 301호(양덕동,혁신지원센터)",,,국방 데이터 관리체계 수립 연구,국군수도병원
해강안 경계철책 철거(대체)관련 설계 연구 용역,육군항공학교,343748921.0,81.6499,2022-03-06,사단법인 한국국가전략연구원,,,,343592318.0,,군사사연구총서 제6집 6.25관련주제 연구용역 (과제1),중앙행정기관
진동분석장비 구매,국방부(운영지원과),87287809.0,89.373,2021-02-17,주식회사 플랜에이디벨롭먼트,강명환,윤병찬,경기도 안양시 동안구 흥안대로445(평촌동) 제6층 615호 안양평촌동지식산업센터,87345148.0,89.3721,안보학술연구용역(1.국가안보에관한문제에관한이론),군
항 18-029 자동면역분석기 시약 등 53종 구매,방위사업청(운영지원과),109747191.0,90.8977,2019-10-29,,,남혜정,,109777452.0,90.8973,대전병원 생화학 자동 분석기 소모품 20종 구매,중앙행정기관
군급식조달체계변화에따른적정급식비산출에대한연구,국방부조사본부,,,2020-10-11,,,,,211836930.0,91.369,국방시설 전력소비 수용률 기준 연구용역,4284부대
정신전력 개념 정립 및 수준 측정도구 개발 연구,방위사업청(운영지원과),16797448.0,93.9823,2023-09-04,,,남혜정,,16795674.0,,2024년 군사연구총서 용역,군
(226362-F)작전지속지원분석모델장비 도입(리스물건),방위사업청,83550511.0,85.2673,2024-02-04,주식회사 삼우에이엔씨,고찬갑,진수빈,"서울특별시 영등포구 영등포로150,A동 L152호,1304호~1313호",,85.2693,2022년 의무장비(혈액가스및전해질분석기) 구매,기관
항-19-082 자동면역분석기 시약 등 27종,국군재정관리단,33130280.0,90.665,2021-08-27,대륙씨엠아이 주식회사,정안수,김유미,"서울특별시 중구 세종대로39, 대한상공회의소 6층(남대문로4가)",33136684.0,,(20F066-A)소음영향도작성을위한 소음측정및분석용역,군
방산 부품산업 발전을 위한 지원체계 구축방안 연구,방위사업청(운영지원과),,94.434,2023-02-02,주식회사 한국건설경영기술원,최주평,이재평,"경기도 군포시 고산로148번길17-0, B동 1303호, 1304호, 1305호(당정동, 군포IT밸리)",107876562.0,94.4334,23 군의료 특성화 연구(접경지역 외상환자 예후 분석),군
17년 분광분석 폭발물탐지 연구용역,육군교육사령부,261324777.0,88.5297,2019-12-11,,,,,,88.5289,BigData/VC를 활용한 무기체계 효과분석 연구,중앙행정기관
육군 핵심가치 실천수칙에 관한 연구 용역,해군본부,2328275.0,93.2801,2021-07-28,,,방윤지,,2331104.0,93.282,국방정보시스템 사이버침해대비안전성확보방안 연구,군
유도탄검사장비(00체계 가스승압기  가스분석기) 정비,공군군수사령부,181952630.0,,2023-10-23,,,이수행,,182086461.0,86.9515,항-20-036 자동면역분석기,군
(247057-H)음성분석시스템 개선사업(리스자산),국방부(운영지원과),,82.7398,2023-03-24,국방대학교산학협력단,이훈민,이재동,서울특별시 서초구 방배로19길21-0 (방배동),,82.7331,해병대 산소분석기 4개 구매,제9965부대
상륙돌격장갑차 수명유지를 위한 방안 연구용역,4284부대,867707.0,84.2538,2019-11-16,주식회사 에스유지,조현선,구종우,울산광역시 동구 방어진순환도로1000-0(전하동),867003.0,,위성 무기체계 시험평가 제도개선에 관한 연구,국군재정관리단
(216313-B) 21년 분석실험실 운용장비 구매(리스물건),공군본부,28900249.0,,2022-09-03,,장복철,이윤기,"서울특별시 마포구 마포대로 12, 한신오피스텔(마포동)",,91.5331,(20G060-A)IP교환기및국방보안조사분석시스템금융리스,중앙행정기관
23년 전투실험발전 연구용역(1),제5738부대,,74.1404,2023-10-17,,,,"서울특별시 금천구 가산디지털2로184, 10층 1017호(가산동, 벽산디지털밸리2차)",,74.1429,민군 상생을 위한 훈련장 최적환 관리방안 연구,중앙행정기관
2017년 제3회 국방 분석평가관계관 워크숍 위탁운영,공군방공관제사령부,33683385.0,81.8414,,한국버츄프로젝트,정영욱,이경순,서울특별시 영등포구 영등포로35길10-0 (영등포동6가) 8층 809호,33676088.0,,23-1차 연구의무물자(BL3 중앙실험대 등 5종) 구매,기관
군 복무가치 제고 방안 연구,국군재정관리단,31238118.0,82.1005,,(주)정산,이기용,양금식,"서울특별시 서초구 효령로230-0 (서초동, 승정빌딩)",31261691.0,,교육장비(동작분석 측정장치 세트) 구매설치,국군재정관리단
풍력발전기에 의한 레이더 영향성 분석용역,국방부조사본부,280726602.0,,2021-01-12,직업교육정책연구소,정관용,이성심,"인천광역시 계양구 벌말로566번길13-1, 1층(상야동)",,,대용량 유전자데이터 분석 파이프라인 및 가시화 연구,중앙행정기관
시험평가 의사결정체계 효율화 방안 연구,국군재정관리단,66470949.0,87.6965,,,,김정일,,,,21-『에듀테크 기반 공군 학습플랫폼 재구축 연구』,제2879부대
美 안보지원관리교범(SAMM) 최신화 및 번역 연구,국군재정관리단,124527189.0,,2017-09-07,대신정보통신 주식회사,최희경,이영민,서울특별시 강남구 논현로189길6 (압구정동),124392777.0,95.9862,군단정찰용 무인항공기-Ⅱ 시설사업 선행연구,합동참모본부
(227013-D)이동식 취약점 분석평가 체계 구축사업,해군작전사령부,,84.8365,2019-02-13,,,정봉원,,,84.8381,수질분석기등 3종,제6619부대
무전기 전면판 회로카드 시험장비 개발 연구용역,방위사업청(운영지원과),293936079.0,77.3578,2020-10-04,경희대학교산학협력단,김진욱,박호,서울특별시 성북구 안암로145 (안암동5가) 미래융합기술관 607호,293921142.0,77.3539,해병대 고유 무기체계별 맞춤식 정비개념 연구,중앙행정기관
전력발휘 보장을 위한 예비군훈련체계 연구,국군재정관리단,47420480.0,76.261,2017-06-05,,,,,47448105.0,,전력발휘 보장을 위한 예비군훈련체계 연구,군
한국형 손상통제 모의훈련형 CBT 구축방안연구,국군재정관리단,184130383.0,,,,,박계향,,,,군인연금기금 책임준비금의 적정 규모 기준 설정 연구,군
해상종합전술훈련장 체계구축 사업 개념 연구,해군본부,47900779.0,,,한성대학교 산학협력단,류장수,이수행,"서울특별시 종로구 율곡로17길7-38, 수지빌딩 7층(이화동)",47943604.0,,SUPPRESSED,중앙행정기관
미-23-미사일방어부대 효율적 부지 활용방안 연구,합동참모본부,196163293.0,88.8467,2022-06-07,대길상사,정안수,박지은,"서울특별시 영등포구 국회대로70길12, 802호 (여의도동,대산빌딩)",196087820.0,,17-방공관제사-4 보급수송 신호 분석기,제2879부대
국가전략기동군 해병대 발전방안 연구 사업,국방부(운영지원과),,80.7061,2018-10-28,,,,"서울특별시 강남구 언주로527, 10층 (역삼동)",,,마린온기체 수명관리 및 창정비소요비용 타당성 연구,중앙행정기관
공무직근로자 등 임금체계실태조사 및 고용환경 분석,국군재정관리단,,85.9064,,주식회사 모렌스,김성훈,최성숙,"서울특별시 강남구 남부순환로365길 5, 중명 213(도곡동)",95174673.0,85.9038,악성코드 정보제공 및 분석 서비스 구매,제9691부대
화생방 연구 재료 가스 구매,국방부(운영지원과),139816862.0,,2017-05-27,재단법인 한국군사문제연구원,김형철,,"경기도 성남시 수정구 위례대로83(창곡동, 국방문화센터)",,89.7489,화생방 연구활동 재료 시약 구매,중앙행정기관
00부대 EMP 보호시설 구축 선행연구 용역,육군인사사령부,69741840.0,93.8594,2023-09-29,,,박정주,,69684930.0,93.8581,교육 발전방향 연구용역,군
22-12차 연구장비 구매 계약 - 초저온냉동고,해군본부,26562596.0,100.8543,2018-01-25,사단법인 한국국가전략연구원,김주희,김지훈,"서울특별시 성동구 왕십리로 222, 한양대학교 내 한양종합기술연구원 110호(행당동)",26592753.0,100.8523,군 급식 민간위탁 시범사업 성과분석 연구,군
한국해군 협동교전절차(CEC) 수행방안 연구용역,육군본부,84928401.0,94.3025,,,,,,84870650.0,94.3019,국방산업혁신펀드(가칭) 시행방안 연구,중앙행정기관
선외기 프로펠러 안전장치 성능개선 연구용역,공군본부,12156877.0,97.7766,2018-11-17,,박종재,,서울특별시 광진구 군자동98 집현관 216,,97.7757,신기술 연구개발 기반체계 구축 및 백업체계 교체,중앙행정기관
군 사격장 소음기준 및 비용추계 연구 용역,국군재정관리단,67943225.0,80.1278,2022-01-29,사단법인 안보경영연구원,박정기,,"서울특별시 강남구 언주로527, 10층 (역삼동)",67884163.0,,발칸교전모의기 선행연구용역,중앙행정기관
분석기세트 3종 구매,국방부(운영지원과),39231713.0,95.3694,2022-01-05,주식회사 한국엔브이,임정숙,허정성,경상남도 창원시 의창구 원이대로271 (봉곡동) 3층 314-C호,39204986.0,95.3667,공수지상종합훈련장 선행연구용역(특-24-용-28),중앙행정기관
상호운용성 전문화교육체계 연구,공군군수사령부,221939389.0,,,,,,,222013342.0,88.156,민수용 드론의 비행기지 작전지원 활용방안 연구,합동참모본부
23-N-사이버 침해사고 조사/분석체계 구축,제2879부대,,94.427,,금성,박미경,배종환,"서울특별시 종로구 율곡로17길7-38, 수지빌딩 7층(이화동)",287472675.0,94.4241,(246248-C) 모바일기기 증거분석 교체(HW)(리스자산),군
대형양산사업의 제반 조건 분석 및 방안 연구,공군본부,73063709.0,95.3793,,연세대학교 산학협력단,이형민,김지훈,"경기도 고양시 덕양구 항공대학로76-0 (화전동, 한국항공대학교내)",,95.3765,22-11차 연구장비 구매 계약  - 의약품 냉동고(수정),군
정보통신기능 성능개량 체계 구축 연구 용역,해군군수사령부,106375154.0,69.2234,2018-11-25,,,,,,,강릉병원 기능조정 연구용역,군
공군조직내 잠재갈등 분석 및 공군문화 발전방안 연구,방위사업청(운영지원과),25955877.0,86.207,2017-11-30,,,최광용,,25947278.0,,군급식조달체계변화에따른적정급식비산출에대한연구,중앙행정기관
항-17-018 자동연역분석기 시약 등 37종,육군항공학교,233211272.0,,2019-01-23,,,,,233498232.0,80.2355,항공통제기 2차 시설사업 기본계획 수립 연구용역,중앙행정기관
주요 비행피복류 맞음성 개선 및 표준화 연구,국방시설본부,,,,성도교역,최경환,조성희,경기도 광주시 오포읍 포은대로339(추자동),23709888.0,89.3385,23-2차 의무사 조달 연구장비(분광광도계) 구매 계약,중앙행정기관
22-해-금속성분분석기 구매,제9691부대,,,2020-04-28,주식회사 에스앤피,방은희,최소영,"대구광역시 북구 태전로1, 101동 302호 (태전동, 태전역 더 뉴클래스)",647244.0,,(236498-C) 23년 영상분석서버 및 PC 제조설치,중앙행정기관
22-공-소음측정 및 분석시스템 구매(229124-F),공군교육사령부,65462605.0,,2023-05-21,주식회사 한국건설경영기술원,동중영,김소미,"서울특별시 송파구 송파대로201-0 (문정동) 송파테라타워2 A동 1213,1214,1215,1216,1217,1218호",65498288.0,,23년 의무장비(전기수술기 분석기) 구매,군
23년 전투발전 연구용역(1),공군본부,,94.6666,2020-09-17,주식회사 아레스,한민구,김지혜,서울특별시 관악구 관악로1 (신림동),84431583.0,94.6672,고성능탄두 기술적용 전투수행개념 연구 용역,중앙행정기관
K1계열전차 포탑회로망상자 시험장비 개발 연구용역,공군군수사령부,133507467.0,87.8419,2016-08-27,해동청역사문화연구소,전남국,한달연,서울특별시 강남구 논현로189길6 (압구정동),133424504.0,,21-섬석천 기능개선 분석평가 및 기본계획 연구용역,국군재정관리단
(237345-F)기체크로마토그래피 질량분석기 구매,해군본부,169184578.0,89.5571,2022-10-21,주식회사 원영전자,정주교,남해린,서울특별시 관악구 관악로서울대학교 사회과학대학 16-539,,89.558,23-D-라만분광분석기 구매,군
(237472-F) 연구활동 재료 구매,국군재정관리단,163800408.0,78.972,2020-07-30,(재)한국해양전략연구소,,홍성현,,,,방탄물자 신뢰성 평가 개념 및 운영방안 연구,중앙행정기관
미래 한국군 통합사이버전 수행방안 연구,국방부(운영지원과),,86.4298,,엘아이지넥스원주식회사,최규식,김은민,"서울특별시 금천구 가산디지털2로14,  14층 1405, 1406호(가산동)",43967605.0,,국방 안전사고 조사 표준 매뉴얼 마련을위한연구,군
2016년 제2회 국방 분석평가관계관 워크숍 위탁운영,해군본부,85236212.0,84.5629,2020-03-06,건양대학교 산학협력단,정태량,이연미,서울특별시 중구 필동로1길30(필동3가) 동국대학교,,84.5635,[24-육-17] B군단 부대변천사 연구용역,군
동원위주 부대 기계화 장비 개편시 효율성 분석 연구,국군재정관리단,160644457.0,,,국방대학교산학협력단,변중무,,"서울특별시 성북구 화랑로76, 제3층 307호(하월곡동,코업스타클래스)",160559224.0,89.3152,군사훈련장 위험성평가제도 정립을 위한 연구,중앙행정기관
최신 ICT를 적용한 국방컴퓨터체계 운용 방안 연구,공군본부,72015693.0,,2019-10-08,재단법인 한국군사문제연구원,김형철,,"경기도 성남시 수정구 위례대로83(창곡동, 국방문화센터)",72042777.0,,전자도서관정보체계 고도화개념연구용역(2019G005-H),군
정보통신기능 성능개량 체계 구축 연구 용역,해군본부,4861813.0,98.6929,2023-02-26,,,이도제,,,,군 간부 자살 특성 및 간부 자살예방시스템 연구,중앙행정기관
한국형 국방 우주력 발전 전략 연구,국방부(운영지원과),,,,태린메디칼 주식회사,고윤안,박영희,"대전광역시 유성구 대학로 27, 현대리조텔 2층(봉명동)",44855113.0,,임베디드 및 군 무선통신 취약점 분석기술 연구,군
23년 기술연구용역 계약 의뢰(1),해군본부,4547422.0,82.2679,2018-08-21,엘컴퍼니,신승호,윤병찬,"전라남도 무안군 삼향읍 남악3로80,204호(제일프라자)",4543864.0,,국방R&D 과제 평가체계 개선방안 연구,군
휴대용 산소분석기 등 6종 구매,제2879부대,,92.5013,2020-01-31,,,임순옥,,42701178.0,,물증류기  분석용 순수제조기 구매 설치,중앙행정기관
미래 육군 여군인력 활용성 제고방안 연구,국군재정관리단,,82.3039,,(사)21세기군사연구소,,윤병찬,대전광역시 유성구 대학로291-0 (구성동),111823097.0,82.3013,효율적 획득업무 수행을 위한 WBS 표준화 연구,중앙행정기관
20-MTU엔진 PBL 비용대효과분석 및 성과지표 연구,제9691부대,,82.9026,,(사)한국전략문제연구소,,,"서울특별시 강남구 언주로527, 10층 (역삼동)",65012411.0,82.9044,도태항공기 활용 EMP야외환경 시험 연구용역,군
국방감항인증원(가칭) 설립 및 운영에 관한 연구,육군본부,,87.8517,2017-05-29,,,,,,87.8573,원거리 구조지원 수행능력향상 방안 연구,국군재정관리단
정밀측정장비(제원분석기) 구매,국군재정관리단,384326848.0,81.2024,,티에스와이,채순기,조해주,"경상남도 창원시 성산구 완암로50-0, 메카동 813호(성산동, SK테크노파크)",384239060.0,81.2037,2016년 제2회 국방 분석평가관계관 워크숍 위탁운영,국군수도병원
17년 지형분석장비 물품 구매설치,방위사업청(운영지원과),,82.2804,2017-09-09,(사)21세기군사연구소,김대웅,오윤정,경상남도 진주시 소호로101-0 (충무공동),17368281.0,82.2748,자동화사격장 차단벽구조 구축방안 연구용역,제9691부대
22-1차 연구장비 구매 계약 - 증기후드,공군본부,146814630.0,87.2518,2018-09-12,(사)한국전략문제연구소,전건욱,,"서울특별시 용산구 청파로 40, 삼구빌딩 1815호(한강로3가)",146819683.0,,22-3차 연구장비 구매 계약(수정) - 미생물측정기,합동참모본부
운용제원 분석 기반 장비수명 판단방안 연구,해군본부,27243667.0,,,,,김은민,,,88.4444,국내 대형민간항공기 활용 공중발사 가능성 분석 연구,군
군용총포·도검·화약류 안전관리 발전방안 연구,국군재정관리단,122298763.0,91.5017,2021-06-07,아주대학교 산학협력단,한민구,,"서울특별시 구로구 디지털로288, 18층 1806호(구로동, 대륭포스트타워1차)",122292055.0,,F404 엔진 경향성분석 및 상태진단 프로그램개발 용역,중앙행정기관
주요체계 사이버위협분석 및 대응방안 연구용역,국방부(운영지원과),,88.3415,2016-12-18,,차진섭,,,,88.3394,4차 산업혁명 기술 함정적용 방안 연구용역,중앙행정기관
저 전송률 보코더 개발 연구용역,국군재정관리단,,,2017-04-01,국립금오공과대학교산학협력단,오문진,,"부산광역시 해운대구 센텀북대로60, 915호",68437852.0,97.7277,근무주정 내항성 향상 함형 개발 연구,국군재정관리단
합동최종공격통제관(JTAC)의 종합 발전방향 연구,제2879부대,106607073.0,77.9361,2018-09-27,한빛디엔에스(주),김진욱,우광석,"경상남도 창원시 진해구 중원로1-0 (남빈동, 해군사관학교내)",106647173.0,77.9286,함정 근무장병 육상지원 등 기준 제·개정 연구용역,국군재정관리단
폭파구 피해복구 보조기층 다짐도 측정방법 연구,국군재정관리단,,90.719,2016-07-19,,,,,163667261.0,90.7181,군사사연구총서베트남전쟁관련주제연구용역(과제3),군
22-파라메트릭 기반 함정 수명주기비용 추정방법 연구,제9691부대,121137931.0,,2020-12-16,주식회사 엘씨케이테크놀로지스,정평길,최승룡,서울특별시 강서구 양천로401 (가양동) 강서한강자이타워 B동1503~1506호,121227614.0,91.5356,4차 산업혁명과 연계한 미래 물자동원방안 연구,중앙행정기관
ATCIS 다기능접속장치 회로카드 대체품 개발 연구용역,육군본부,81749427.0,80.4043,,,,,,81741523.0,80.4031,감염 및 외상분야 군의료 특성화 연구,기관
24년 기상레이다 적정 경제수명 산출 연구,제9691부대,233231854.0,90.8166,,,김주희,김우중,서울특별시 종로구 종로3길17 (청진동 디타워 디2),233307001.0,90.8157,AH-64헬기 수평안정판 정비방법 개발 연구용역,군
전원품질 분석기 구매,국방대학교,7711752.0,90.1325,2019-10-13,주식회사 베테랑콤,노희영,김동준,"서울특별시 용산구 한강대로62길41, 3층 (한강로1가)",,90.1284,요분석기 사단용 2EA 구매,군
육군 자살예방교육 프로그램 연구개발,국군재정관리단,17834145.0,,2022-02-05,사단법인 미래안보산업전략연구원,,박지은,서울특별시 영등포구 영등포로35길10-0 (영등포동6가) 8층 809호,,85.0844,KMTF기반 국방정보체계 연동 고도화 방안 연구,중앙행정기관
공지통신무전기 및 함대공유도탄-II 사업 비용분석,해군본부,,,2021-04-02,자주국방네트워크,유훈,,경기도 화성시 동탄첨단산업1로14-0 (영천동)  KTX밸리 707호,149882047.0,,위성전군방공경보체계 경미한 성능개량 사업분석,제9691부대
인공근육 기반 전투원용 슈트 개발 발전방향 연구,방위사업청(운영지원과),195347865.0,,2019-12-29,,,,,,,땅굴징후지역 지층탐사 정밀분석 용역,군
청년 장병 군내 일자리 창출 방안에 따른 연구용역,공군본부,234716696.0,,2017-12-10,,,김서영,,235082712.0,92.2518,민관군 상생을 위한 다락대훈련장 운영방안 연구용역,중앙행정기관
정신전력 평가도구 개발 연구용역,육군본부,60250971.0,92.8169,,,,정새롬,,60255918.0,92.8179,이동형장거리레이더 시설사업기본계획 연구용역,군
국가전략기동군 해병대 발전방안 연구 사업,해군군수사령부,36966795.0,92.012,2021-09-21,,한민구,박계향,,36943786.0,,안보학술연구용역(5. 자원관리관련과제),군
예비전력 예산  국방예산의 1%달성 방안 연구,국군재정관리단,108799253.0,,2019-12-31,(사)한국전략문제연구소,전건욱,,"서울특별시 용산구 청파로 40, 삼구빌딩 1815호(한강로3가)",,87.2481,정보시스템 성능향상을 위한 GPU기술 응용방안 연구,군
18년 해군 전자정보 종합분석체계 개발사업,국군재정관리단,,91.6976,,(사)21세기군사연구소,,이우학,,24254583.0,,통일후육군구조(안)에대한 합참과 육군(안)에대한분석,중앙행정기관
[연구소] 유전자 자동염기서열 정비 및 검교정,육군본부,,,2017-10-19,주식회사 타임기술,최현선,배민희,서울특별시 강남구 테헤란로77길11-19 (삼성동) EAN빌딩,164010563.0,,헬기 연료노즐 야전 정비장비 개발 연구용역,4284부대
사이버 기술분석용 라이선스 구매,공군본부,113931362.0,98.2884,,(주) 솔포스텍,정주교,고기종,울산광역시 동구 방어진순환도로1000-0(전하동),,,물증류기  분석용 순수제조기 구매 설치,국군재정관리단
Edu-Tech 교육체계 개발 연구용역,국군재정관리단,24784565.0,94.5069,,,김진욱,한선여,"서울특별시 송파구 법원로11길25-0, A동 1310호(문정동, 에이치비즈니스파크)",24806643.0,94.504,국방정보화 법률 개정방안 연구,중앙행정기관
장비별 잔여수명을 고려한 순환 창정비 적용방안 연구,국군복지단,4883705.0,,2019-03-31,사단법인 안보경영연구원,전건욱,,"서울특별시 강남구 언주로527, 10층 (역삼동)",,93.0426,북한의 기뢰전 전술 분석 및 대응책 연구,국군재정관리단
국내 대형민간항공기 활용 공중발사 가능성 분석 연구,공군작사근무지원단,,82.4809,2017-05-27,,,,,50342378.0,,특수 과학화 전술훈련장 선행연구 용역,국군재정관리단
10.군사과학정책연구(인공지능...),합동참모본부,239285986.0,,2021-04-13,서울대학교 산학협력단,,석봉한,"서울특별시 용산구 한강대로62길41, 3층 (한강로1가)",239374411.0,92.1919,교육장비(동작분석 측정장치 세트) 구매설치,군
민수용 드론의 비행기지 작전지원 활용방안 연구,합동참모본부,,82.7041,2018-10-06,,,,,69649711.0,82.7053,폭파구 피해복구 보조기층 다짐도 측정방법 연구,군
20-청상어 장전용 유압식 어셈블리 연구개발용역,국군간호사관학교,71263224.0,95.4483,2019-10-04,,,,,71265066.0,95.45,교육생 숙소 시설기준 연구용역,제9691부대
예비군훈련 원격교육 적용방안 연구,해군본부,166552841.0,93.2926,2018-11-30,(주)글로벌텔레콤,이영진,이연정,"경기도 안양시 동안구 귀인로1, 4층 (호계동)",166468659.0,93.2921,국방분야 반도체 조사·분석 및 발전방안 연구,군
22-공-가스크로마토그래피(질량분석식) 구매,국방대학교,925807.0,85.9666,,,박정기,김지나,,926716.0,85.9624,(21G085-H)'22년 스펙트럼 측정분석장비 유지보수용역,국군재정관리단
해병대 복지회관 중장기 보수계획 연구 용역,국군복지단,171970119.0,91.3161,,호원대학교 산학협력단,김진욱,,충청남도 논산시 양촌면 황산벌로1040,171949658.0,91.3136,22-00생활관 신축 분석평가 및 선행연구 용역,중앙행정기관
18-19년 해군분석모델 유지보수 및 성능개선사업,국군의무사령부,,,,사단법인 씨알리더십연구원,최진식,윤병찬,"서울특별시 금천구 가산디지털1로1-0 (가산동, 더루벤스밸리) 1208호",103875418.0,,18년 00부대 사이버 침해사고 조사/분석체계 도입사업,제9691부대
군 VoiP 교환시스템 통합운용방안 연구 용역,국군재정관리단,31267124.0,90.5958,,광운대학교산학협력단,한수희,조상환,울산광역시 울주군 언양읍 유니스트길50-0 울산과학기술원,31264723.0,90.5937,전자기스펙트럼 측정/분석체계 운용방안 연구,중앙행정기관
부품단종 정보획득 및 관리 시범사업 연구,국군재정관리단,,83.5568,2022-07-20,,,박설희,,49605918.0,83.558,국가 우주개발 정책과 공군의 역할 연구,기관
16년도 급식분야 시범사업 추진분석 및 개선방안 연구,육군본부,,,2019-01-31,재단법인 한국군사문제연구원,김형철,,"경기도 성남시 수정구 위례대로83(창곡동, 국방문화센터)",172678089.0,,레이저대공무기사업 선행연구 및 운용요구서 연구,중앙행정기관
19-전자파 정밀분석체계 확대구축사업 리스,합동참모본부,195094841.0,78.5837,2019-03-10,사단법인 안보경영연구원,전건욱,,"서울특별시 강남구 언주로527, 10층 (역삼동)",195234189.0,,(20G056-I)빅데이터 분석체계 구축사업 금융리스,군
전투발전 연구용역 과제 세미나 수행 용역,국군재정관리단,280696038.0,95.0039,2016-07-13,사단법인 안보경영연구원,전건욱,,,280964115.0,,정보역량 강화 연구용역,국군재정관리단
CH-47헬기 호이스트 군직정비방안 연구 용역,국군재정관리단,,98.3908,,주식회사 엘티에스,전춘석,김현정,강원특별자치도 춘천시 강원대학길1 (효자동),168911527.0,,수직이륙형UAV 기지건설 가능성에 관한 연구용역,군
19-헬기형 UAV 운용을 위한 함정설계 개념 연구,국방대학교,3222248.0,85.5586,2019-08-28,,김재영,박계향,서울특별시 강동구 양재대로1377 (성내동 삼원빌딩 408호),3224710.0,85.5543,방위사업 전문교육기관 시설 기초조사 연구,군
22-3차 연구장비 구매 계약(수정) - 미생물측정기,제2879부대,,79.5198,2021-08-18,주식회사 엔브이티,주양효,,"서울특별시 성북구 정릉로161 6층(정릉동, 정의관)",,,해병대 인력획득체계 분석 발전 방향 연구 용역,군
아데노바이러스 55형 백신개발 타당성 검토 연구,방위사업청(운영지원과),97631245.0,89.065,,,변중무,김현숙,,,,’22년 미래혁신연구센터 부대소개영상 제작용역,중앙행정기관
적외선차폐연막통(연막제) 유해성 입증시험 연구용역,국방대학교,,89.725,2021-11-04,,전건욱,,"서울특별시 용산구 청파로 40, 삼구빌딩 1815호(한강로3가)",123152580.0,89.7212,00 군공항 이전 시설기본요구조건(안) 작성 연구용역,군
차기전술차량 계열화 방안 연구,국방대학교,190066140.0,,2022-04-17,,,,,,89.2672,안보학술진흥연구용역(3.국내안보환경분석또는),국군재정관리단
북단 유도로 신설사업 분석평가 및 선행연구 용역,해군본부,99917900.0,91.3292,2020-04-27,(사)국방시설연구협회,박종재,이향천,인천광역시 연수구 송도미래로30-0 (송도동) C동 1315,99959320.0,91.3328,기동화 지능화된 네트워크 전투체계 연구용역,제2879부대
한국군병사에서 적응장애의 양상과 위험요인 연구용역,해군본부,2690459.0,89.7155,2017-08-01,주식회사 에이치투엘테크놀로지,한대일,양희성,대전광역시 동구 대전로889-4 (삼성동),2689361.0,89.7177,무기체계 유형별 맞춤형 R&D 수행절차 연구,국군재정관리단
휴대용핵종분석기 구매,방위사업청,,94.6671,2022-08-06,동국대학교 WISE캠퍼스 산학협력단,양희성,이다인,세종특별자치시  국책연구원로15-0 (반곡동),,94.6646,(236351-C) 무기체계 운영환경 동적분석 장비 도입,기관
인력획득 모집홍보 대상의 성향 분석 연구 용역,공군군수사령부,6833713.0,,2021-02-22,,권오성,김태욱,"서울특별시 금천구 가산디지털2로184, 10층 1017호(가산동, 벽산디지털밸리2차)",6819023.0,87.2116,상륙돌격장갑차(KAAV)-II 계열화 방안 연구,중앙행정기관
정책현안 연구용역(1. 북한의무기체계와..),방위사업청(운영지원과),,95.6231,,,,,,,,지휘헬기-II 기종결정 평가방안에 관한 정책연구용역,중앙행정기관
침해사고 조사분석체계 교체사업(209058-F),육군본부,,,2024-05-08,구루멘토링 주식회사,이상희,한대일,"서울특별시 금천구 가산디지털1로1-0 (가산동, 더루벤스밸리) 1208호",94643083.0,86.8857,18년 지상군 전시자원소요분석모델 유지보수 용역,제5378부대
미 해군 6.25전쟁 분석자료 번역 용역,국군재정관리단,,96.9526,2024-01-21,상명대학교산학협력단,박기식,추현아,"서울특별시 종로구 율곡로6길36 (운니동, 오피스텔월드) 1008호",,96.9519,레이더 시험세트(스펙트럼 분석기 등 4종) 구매,군
합동최종공격통제관(JTAC)의 종합 발전방향 연구,육군본부,389833667.0,,2021-06-24,한국직업능력연구원,김재영,,"충청남도 논산시 대학로 121, 건양대학교 산학협력단(내동)",,88.9706,21-해군분석모델 발전방안 연구,국군재정관리단
(227135-E)디지털포렌식 조사분석도구 구매,국군재정관리단,167102538.0,95.3353,2021-09-20,주식회사 공공정책성과평가연구원,김산회,유지수,"서울특별시 영등포구 의사당대로22, 8층 9층 10층(여의도동, 이룸센터)",167146321.0,95.3348,분석기 스펙트럼용 장비 구매(20209032-I),국군재정관리단
상층대기분석장비 유지보수,공군본부,,,2017-05-18,태형상사주식회사,김재경,안기수,경기도 안양시 동안구 관양로269-5 (관양동) 3층,200605892.0,86.718,감정장비(자동염기서열분석기 등 2종) 검교정 용역,국군재정관리단
군 시설물 적정 위장방안 연구 용역,국방부(운영지원과),59277444.0,,2016-08-19,숙명여자대학교산학협력단,이성로,김진욱,"서울특별시 강남구 강남대로62길24-0 (역삼동,해송빌딩)3층",,97.2103,군 성폭력 사건 분석 연구,군
대잠훈련분석체계(AEAS) 유지보수 용역,국군재정관리단,20906730.0,,,주식회사 셀젠텍,동중영,이월단,"서울특별시 영등포구 국제금융로8길25, 6층 607호 (여의도동, 주택건설회관)",20914939.0,84.3065,천궁 창정비 시설사업기본계획 연구용역,국군재정관리단
기갑 및 기계화부대 중대급 교전훈련장비 연구용역,육군본부,,85.2595,2016-05-27,,,신인균,,78820557.0,,해상종합전술훈련장 체계구축 사업 개념 연구,군
20-공무직근로자 임금체계 연구용역(K041),육군본부,329956846.0,,,군수.획득연구소,안완기,한기관,충청북도 청주시 서원구 성화로99,,89.9484,21년 전투발전 연구과제 세미나 수행 용역,국군재정관리단
국방과학기술기본법 제정을 통한 국방연구개발 혁신,공군교육사령부,112107043.0,86.7878,,(사)한국전략문제연구소,박정기,,,112052285.0,86.7844,상호운용성성공요인분석을 통한 평가업무발전방안연구,기관
20년 수송기술병참선 제원 연구용역,국군재정관리단,141674792.0,85.855,2019-11-18,사단법인 안보경영연구원,전건욱,,,141783409.0,85.8559,군급식조달체계변화에따른적정급식비산출에대한연구,중앙행정기관
국내개발 항공기 성능개량 및 관리(대체)방안 연구,방위사업청(운영지원과),14494878.0,,2019-11-14,국방기술품질원,권오형,김정희,"서울특별시 금천구 가산디지털2로184, 10층 1017호(가산동, 벽산디지털밸리2차)",14501728.0,95.8941,전파영향평가 방법 비교분석 및 실증 연구,중앙행정기관
00부대 신축 시설사업 선행연구 용역,공군본부,8703765.0,,2020-10-22,호원대학교 산학협력단,김주희,조대현,"서울특별시 성동구 왕십리로 222, 한양대학교 내 한양종합기술연구원 110호(행당동)",8705631.0,83.5869,군 성폭력 사건 분석 연구,군
활주로 피해복구용 골재 품질기준 및 관리방안 연구,방위사업청(운영지원과),60395429.0,,,(사)21세기군사연구소,,권경모,서울특별시 성북구 삼선교로16길116-0 (삼선동2가),60444865.0,90.1584,(21F166-I)「스마트 물류」정책연구 용역,중앙행정기관
(23G054-H)24~25년 스펙트럼측정분석장비 유지보수,국방부(운영지원과),,84.3519,,,,,,409384137.0,84.3531,정보보안장비(사이버보안 위협분석시스템),중앙행정기관
지뢰탐지기(PRS-17K) 제어함 정비기술개발 연구용역,방위사업청(운영지원과),3464349.0,,2017-11-11,주식회사 공공정책성과평가연구원,김영욱,유은경,"광주광역시 동구 조선대길126(서석동, 조선대학교 내))",3462604.0,,군사타운 개념의 부대배치 발전방향 연구 용역,중앙행정기관
퍼징기반의 국방 무기체계 SW 안전성 향상방안 연구,육군 제3808부대,282670996.0,86.8708,2020-12-12,노무법인 디와이,김태동,,"경기도 용인시 처인구 명지로 116, 명지대학교(남동)",,86.8733,지뢰제거에 관한 법안 연구 용역,기관
의무장비-혈액가스분석기 중형 구매,방위사업청,226876933.0,82.896,2021-12-13,(주)아인스에스엔씨,정순애,최인숙,"대전광역시 유성구 자운로157번길132, 912동 102호 (신봉동, 자운대아파트9단지)",226862934.0,,(237196-C) 악성코드 수집분석체계 장비 교체,기관
신 작전수행개념 구현을 위한 교리발전 방안 연구용역,국군재정관리단,131664381.0,81.8139,,,,,,131627636.0,81.8163,20년 수송기술병참선 제원 연구용역,중앙행정기관
다목적 제설장비 운용기준 재정립 및 대체방안 연구,육군본부,55012197.0,77.4424,2022-01-06,주식회사 윌비시스,신창희,이성로,"경상남도 창원시 마산합포구 해안대로91, 상가 205호(해운동, 경민시티빌)",55049126.0,,함정 상가 위치 및 횡경사 측정시스템 연구개발용역,국군재정관리단
4차 산업혁명  군 적용을 위한 R&D 발전방안 연구,국방부(운영지원과),42172051.0,,2019-08-20,,,,"서울특별시 금천구 가산디지털2로184, 10층 1017호(가산동, 벽산디지털밸리2차)",42144770.0,,군 급식 민간위탁 시범사업 성과분석 연구,중앙행정기관
공무직 근로자 임금체계 컨설팅 및 연구 용역,합동참모본부,149889921.0,97.0671,,고려대학교산학협력단,류황건,홍주의,"서울특별시 강서구 양천로583 우림블루나인비즈니스센터 비동 1608호, 1609호",,97.0704,여군 피복장구류 개선방안에 대한 연구,군
신호분석기 1대 구매,해군작전사령부,,,2019-11-12,서울여자대학교 산학협력단,안동만,이상규,"서울특별시 구로구 디지털로33길11-0 (구로동, 에이스 테크노타워8) 1406호",62663682.0,84.4223,자동염기서열분석기 정비(소모품 구매설치),국군재정관리단
복수활주로 건설사업 분석평가 및 선행연구,제7821부대,162619734.0,90.5828,2019-08-17,(주)에프오알엠도시건축공간연구소,,전재신,,,90.5856,방산기술보호 성숙도 모델 인증제도 추진방안 연구,국군재정관리단
24-00부대 전력화 추진방안 정책연구용역,제9691부대,22623682.0,,2020-12-31,,,박병희,,22610516.0,87.282,국방대학교 안보현안분석 등 2종 인쇄 용역,중앙행정기관
23-D-디지털컨텐츠 위변조 분석시스템 구매,국군재정관리단,126433317.0,,2024-07-23,에스텍아이앤씨 주식회사,김재일,박소영,서울특별시 구로구 공원로11길 33(구로동),,,(236498-C) 23년 영상분석서버 및 PC 제조설치,중앙행정기관
함정 네트워크 설계 및 무선통신 발전방향 연구 용역,제9691부대,,,2017-11-10,,,,,29941846.0,,군인연금 수급요건 및 분할연금 도입 연구,군
24-모바일 증거분석체계 교체사업,국군수도병원,306430660.0,,2024-01-23,주식회사 셀젠텍,이상환,정성문,"서울특별시 금천구 가산디지털2로14,  14층 1405, 1406호(가산동)",306470573.0,,[24-육-219] 자동차(외산)포렌식 분석 KIT(리스),군
전시 물자동원 실효성 제고방안 연구,제20전투비행단,8720229.0,,2021-07-13,사단법인 안보경영연구원,전건욱,,"서울특별시 강남구 언주로527, 10층 (역삼동)",8721831.0,,L-V-C 전투실험체계 구축방안 연구 용역,군
군수품 수송용 드론 선행연구 용역,국방부군사편찬연구소,7092328.0,,,,,,,7080123.0,91.6392,국방연동관리센터 운영 및 발전 방안 연구,군
오폐수처리시설 기술제안서 평가기준 정립 연구용역,국방부조사본부,,90.6864,2020-05-23,(주)심네트,김주희,윤진영,서울특별시 용산구 새창로128-1 (용문동) 2층,,90.6841,중장비 수송차량 이동을 위한 도로능력 검증 연구용역,합동상호운용성기술센터
5G 기반 스마트 교육훈련단 구축 및 운영 연구용역,방위사업청(운영지원과),,,2016-11-05,(주)프라이전트,한만웅,김지영,"경기도 안양시 동안구 시민대로387  A동 1201-1호(관양동,디지털엠파이어)",,85.4403,계층별 조직문화 진단 및 혁신프로그램 추진 연구용역,기관
OO사단 등 부대개편부대이전사업 선행연구 용역,방위사업청(운영지원과),23940.0,94.9849,,,장복철,윤진영,"서울특별시 송파구 법원로11길25-0, A동 1310호(문정동, 에이치비즈니스파크)",,,함정 연구개발 군 요구조건 관리방안 연구용역,중앙행정기관
지형분석도 제작 재료 구매,육군교육사령부,37012093.0,100.6671,2022-12-11,라온시스템즈(주),김승준,장재필,"광주광역시 북구 양일로168-10, 비동 1층(양산동)",36979163.0,,자주도하장비 조종시뮬레이터 비용분석,중앙행정기관
국방보안관리사 자격신설 연구,해군본부,,90.0391,,,,,,,90.0359,사이버전문인력 육성을 위한 교육 및 개선방안 연구,군
00기지 항공유 저장탱크 신·증축 선행연구,국군재정관리단,26092337.0,,,,,윤진영,,,90.4656,A.I.기반 전평시 동원체제 혁신방안 연구,군
유도탄검사장비(00체계 가스승압기  가스분석기) 정비,합동상호운용성기술센터,37342105.0,94.9576,2023-09-11,유한회사 동방이노베이션,송영호,장명훈,"서울특별시 동작구 남부순환로2021, 2층 (사당동)",,,(216323-C) 네트워크 위협 분석체계 구축사업,국군재정관리단
훈련 및 부대운영 빅데이터 활용방안 연구용역,한미연합군사령부,39530122.0,83.6446,,(주)한신솔루션,임기철,,세종특별자치시  국책연구원로15-0 (반곡동),39486478.0,83.6396,주요 군사시설의 방호설계 기준 개정 연구용역,국군재정관리단
18-주파수편이용 분석기 구매,국군재정관리단,496689699.0,77.9335,2018-08-17,대전대학교 산학협력단,박영선,우윤지,대전광역시 유성구 노은로170-0 (지족동) 스타시티빌딩 6층,,77.9351,스펙트럼용 분석기 등 3종 4대 구매,중앙행정기관
23-공군 리더십교육체계 발전방안 연구,제2879부대,122977573.0,87.599,,성원금속,안병선,조대현,"대전광역시 유성구 대학로 27, 현대리조텔 2층(봉명동)",122911093.0,87.5955,군수사 품목관리관 적정 취급품목 수 연구,군
진동분석장비 구매,육군본부,,,,주식회사 이노메디케어,홍순모,허성일,"경기도 고양시 일산동구 호수로358-39 706호(백석동,동문굿모닝타워1차)",77899520.0,90.6735,대잠훈련분석체계(AEAS) 유지보수 용역,국군재정관리단
합동성을 고려한 대전차전력의 적정 소요 연구,제9691부대,,86.6197,2020-02-16,(사)한국전략문제연구소,전건욱,,"서울특별시 강남구 언주로527, 10층 (역삼동)",28066355.0,86.6163,원주기지 활주로 재포장사업 선행연구 용역,중앙행정기관
가스 크로마토그래피 질량분석기 구매(20196084-D),국군대전병원,88047532.0,,,주식회사 유니텍,고중혁,이창환,"서울특별시 용산구 한강대로211, 102동 1605호(한강로1가, 대우월드마크용산)",88076695.0,94.506,스펙트럼용 분석기 구매,합동참모본부
국방사업관리 자격신설 연구,방위사업청(운영지원과),,77.3894,2018-10-29,,,,,46450515.0,77.3912,16년 정비지원부대 직무값 기반의 직무분석 연구용역,중앙행정기관
24년 기술연구용역(3),국방부(운영지원과),212891795.0,96.7167,2018-09-11,트루인터페이스(주),조만희,주정만,"서울특별시 강남구 봉은사로129-0 (논현동, 거평타운오피스텔) 1126호",212956123.0,96.7159,극지안보환경 변화에 따른 미래 한국해군의 역할 연구,군
[24-육-91] 무건리 훈련장 갈등 비용분석 연구,해군군수사령부,242617414.0,95.9579,,(사)21세기군사연구소,유상호,추현아,"서울특별시 송파구 법원로11길25-0, A동 1310호(문정동, 에이치비즈니스파크)",242758736.0,,120mm 전차포신 약실 검사장비 개발 연구용역,군
정보분석낭 구성품 구매,해군본부,94860548.0,88.9776,2018-05-19,유한회사 행정과 소통연구소,조인태,김연,경기도 군포시 흥안대로27번길22-0 (금정동),,88.9778,`18년 헌병 디스크 증거분석체계 교체사업,제9691부대
전투실험 발전 세미나 과제 연구용역(2),국군재정관리단,1432479.0,90.4144,2021-05-21,한국버츄프로젝트,김진욱,노재란,,1434616.0,90.4194,국방아키텍처 검증체계 발전 연구,군
유도무기 신뢰수준 및 시험사격 적정수량 연구,방위사업청(운영지원과),111523905.0,94.1892,,주식회사 한국건설경영기술원,김한희,민희숙,"서울특별시 강남구 테헤란로317(역삼동, 동훈타워 7,11,12,13층)",,94.1897,정책현안연구용역(글로벌중추국가의...),중앙행정기관
미래 예비전력 정예화를 위한 동원개념 재설계 연구,국방부조사본부,893681.0,,2019-09-19,에이치디현대중공업 주식회사,경상현,박종호,"서울특별시 금천구 가산디지털1로1-0 (가산동, 더루벤스밸리) 1208호",893410.0,,19-함정 ORD 작성을 위한 설계/건조 요구조건 연구,국군재정관리단
방탄 방호성능 기초연구용역,국방부(운영지원과),74086313.0,95.2428,2018-10-29,,,,,,95.2428,해병대 과학화 전투사격장 구축 연구용역,중앙행정기관
[상층대기분석장비 부품] 위상 변위기 등 12종,국군재정관리단,198058299.0,92.9969,2022-05-11,아주바이오텍,강석균,최성숙,서울특별시 강서구 마곡중앙5로1길20 (마곡동) 520호,,92.9954,중금속가열분석기 1항목 구매(의무),군
인공기상조절 연구용역,국군수송사령부,8278786.0,88.3086,,(사단) 한국정치학회,박래호,이재평,세종특별자치시  시청대로370 세종국책연구단지 사회정책동,8275767.0,,원격탐사체계 중·장기 발전계획 기반연구,제9691부대
공군기지 무선통신 기반구축 및 운영향상 방안 연구,국군수송사령부,54784917.0,92.4841,2018-01-02,,,,,54747975.0,92.4849,국방정보화 정책평가 수행 및 발전방안 수립 연구,제9691부대
그린캠프 개선 및 프로그램 개발 연구용역,국군재정관리단,122570518.0,93.7713,2019-01-20,호원대학교 산학협력단,,,"서울특별시 금천구 가산디지털2로184, 10층 1017호(가산동, 벽산디지털밸리2차)",,93.7722,16년 차세대 첨단함정 건조가능성 검토 연구용역,중앙행정기관
원거리 구조지원 수행능력향상 방안 연구,국군재정관리단,76703900.0,,2018-08-21,(주)에프오알엠도시건축공간연구소,정영욱,이수행,"서울특별시 금천구 가산디지털2로184, 10층 1017호(가산동, 벽산디지털밸리2차)",76697305.0,86.324,21-『에듀테크 기반 공군 학습플랫폼 재구축 연구』,중앙행정기관
차세대 인터넷쇼핑몰 구축 정보전략계획 연구용역,드론작전사령부,13193154.0,77.0856,2019-04-29,사단법인 한국국가전략연구원,채수장,경상현,"서울특별시 송파구 법원로11길25-0, A동 1310호(문정동, 에이치비즈니스파크)",,77.0923,17년 분광분석 폭발물탐지 연구용역,제2879부대
20-쇄빙능력 보유 함정 건조/설계 기반기술 연구,공군본부,222071.0,,2022-08-02,대전대학교 산학협력단,,,서울특별시 광진구 군자동98 집현관 216,,,군 대민지원 분야 및 적정 범위 연구,군
24 군의료 특성화 연구(군 헬기 환자 이송 현황 분석),국군재정관리단,32402305.0,,,,,이상규,,32415908.0,97.0858,[24-육-91] 무건리 훈련장 갈등 비용분석 연구,중앙행정기관
19-AW159 PBL 비용대효과분석 및 성과지표 개발 연구,제2879부대,66177198.0,84.4721,2022-05-08,,,,,66273682.0,84.4706,차세대 비행시뮬레이터 개발을 위한 기술연구용역,중앙행정기관
정밀측정장비(제원분석기) 구매,합동상호운용성기술센터,103967694.0,90.7462,2022-11-09,에스엔케이와이즈주식회사,이현미,박계향,"서울특별시 금천구 가산디지털1로19, 406호, 407호, 408호, 409호(가산동,대륭테크노타운18차)",103976996.0,90.7493,음원수집장비 및 음원분석 워크스테이션 구매설치,군
해병대 인력획득체계 분석 발전 방향 연구 용역,합동참모본부,,92.7791,,주식회사 동화이엔지,이강용,박유정,"서울특별시 금천구 가산디지털2로14,  14층 1405, 1406호(가산동)",19704706.0,92.7782,백두체계능력보강 2차 시설사업기본계획 연구용역,중앙행정기관
기술연구 환경구축 사업 리스,국군재정관리단,32560293.0,,2018-06-07,,,,,,90.9183,한국형 임무형 지휘 정착을 위한 리더십 적용 연구,군
육군 안전수준 진단체계 연구,국군재정관리단,11246346.0,83.4438,2021-08-13,,,윤병찬,,11259106.0,83.4471,인공지능을 활용한 사이버위협 탐지기술 연구용역,군
민군 상생을 위한 훈련장 최적환 관리방안 연구,공군본부,80205775.0,93.517,,,,최미락,,,93.5192,정책현안연구용역(글로벌중추국가의...),군
잠수함용 부유식기만기 경미한 성능개량 선행연구,국군재정관리단,122980396.0,92.2477,,,유훈,,세종특별자치시  시청대로370-0,,,근무주정 내항성 향상 함형 개발 연구,중앙행정기관
군 급식제도의 시스템 개선을 위한 연구,국군재정관리단,32360523.0,,2017-10-31,,권시형,박혜인,,,93.1609,국방정보화 정책평가 수행 및 발전방안 수립 연구,기관
해강안 경계철책 철거(대체)관련 설계 연구 용역,국군재정관리단,92373324.0,77.1572,2018-02-15,,,,,92321274.0,,민관군 상생을 위한 다락대훈련장 운영방안 연구용역,중앙행정기관
흔적 00분석 시스템 구축,제9691부대,216967315.0,,2022-07-12,(주)이씨마이너,차진섭,한만웅,서울특별시 동작구 여의대방로36길92(대방동),217114761.0,76.7819,중금속가열분석기 1항목 구매(의무),군
해군교전급분석모델(Build-I) 체계개발사업,국군재정관리단,459020632.0,,2021-03-21,한국건설기술연구원,김지은,김동희,경상남도 함안군 칠북면 삼칠로 1826티엠시 (주),458870154.0,94.8695,추진장약 분석시험용 재료구매,군
(236367-B)표적분석용 워크스테이션 구매(리스물건),제3707부대,87076587.0,87.0086,2024-08-09,주식회사 에이치더블유,유현우,윤미선,"서울특별시 금천구 가산디지털1로5, 대륭테크노타운 20차 1934호",,87.0091,병 오일분석용 구매,4284부대
[24-육-189] 과학화 동원훈련장 시범사업 추진 연구,방위사업청(운영지원과),24598379.0,,2021-06-12,,,김선미,,24614847.0,,대용량 유전자데이터 분석 파이프라인 및 가시화 연구,중앙행정기관
함정 근무장병 육상지원 등 기준 제·개정 연구용역,해군본부,288799539.0,90.2931,2019-03-14,젠트리거,홍광표,,"서울특별시 송파구 석촌호수로138, 202호 (삼전동)",288723740.0,90.297,대형공격헬기의 효과적인 시설사업 추진방안 연구,중앙행정기관
육군 자살예방교육 프로그램 연구개발,방위사업청(운영지원과),,89.7965,2018-06-15,,,,,468037497.0,89.7914,전평시 군수부대 기동화 방안 연구용역,중앙행정기관
BLT급 쌍방훈련 제병협동훈련장 구축 연구용역,국방대학교,,85.952,2017-02-06,,,,,170989978.0,,GPS 항재밍 성능점검 개선방향에 대한 연구,군
국방 클라우드 컴퓨팅 운영환경 구축방안 연구,제9691부대,103124451.0,,2019-11-24,,,,,,,부품국산화율 산정방식 등  제도 개선방안 연구,군
24년 전투실험발전 연구 용역(1),합동참모본부,224864886.0,94.5444,2022-10-18,주식회사 안보기술연구원,김기순,구종우,"경기도 성남시 분당구 탄천상로164, A동 2층 247호(구미동, 시그마2오피스텔)",225006470.0,94.5439,작전환경고려 전투실험 방법 및 평가 분석방법 연구,군
23년 전투발전 연구용역(3),국방부(운영지원과),34132785.0,101.8409,,주식회사 와이매틱스,김수상,양진,"서울특별시 영등포구 선유로 70, 우리벤처타운2303호(문래동3가)",34107883.0,101.8424,“제○군단 부대사” 연구 용역,중앙행정기관
20-161 218 동물용 자동분석기 등 3품목,국방부(운영지원과),503507838.0,93.7937,2020-10-31,(사)21세기군사연구소,김진욱,박동순,충청남도 논산시 양촌면 황산벌로1040,503685359.0,93.8001,(20F081-A)소음영향도작성을위한소음측정및분석용역,중앙행정기관
군수송기 활용 산불진화능력확보 필요성 등 연구용역,제2879부대,178850503.0,,,주식회사 지노스,,,"서울특별시 금천구 가산디지털2로184, 10층 1017호(가산동, 벽산디지털밸리2차)",,93.8161,UH-60 휠제동용 유압장치 시험장비 개발 연구용역,국군재정관리단
21년 전투발전 연구용역(4),국군의무사령부,20914761.0,83.6387,2019-09-27,,,황병윤,,20943981.0,83.6335,원가산정 체계의 AI 도입을 위한 개념 연구,군
전·평시 예비군 보류직종의 적정성 연구,국방대학교,150746880.0,,,주식회사 한컴인스페이스,김주형,,"서울특별시 용산구 청파로47길 100, 숙명여자대학교내(청파동2가)",,76.537,무기체계 RAM 시험평가의 효율적 수행방안 연구,4284부대
23-2차 연구의무물자(BL3 수거함 등 4종) 구매,국방부(운영지원과),60798506.0,85.9782,,주식회사 쿤스트에프케이,김지찬,,"충청북도 청주시 서원구 충대로1-0 (개신동, 충북대학교)",60783410.0,85.9796,효율적인 전투체계 창정비 방안 연구용역,중앙행정기관
23-F-전자정보 수집/분석장비 유지보수,육군본부,,,2018-03-31,(주)액티브솔루션,고기종,김지훈,충청북도 청주시 청원구 오창읍 농소길33-56,151364900.0,80.4643,휴대용핵종분석기 구매,군
기술성숙도평가(TRA) 내실화 방안 연구,방위사업청(운영지원과),38468135.0,93.9957,2016-09-16,,,,,38480123.0,93.9974,낙하산전문포장사 자격신설 연구,중앙행정기관
K9자주포 연료펌프 성능개선 시제품 개발 기술 용역,국군의무사령부,,,2024-10-14,(주)론스텍,김봉현,김미숙,강원특별자치도 삼척시 중앙로230-0 (남양동) 3층,,,(24F262-A) 방호시설 폭발실증시험 계측 및 분석용역,국군재정관리단
민 군 통합 수송운영체계 구축 수송물류 비용분석,공군군수사령부,,70.4392,2022-12-11,천두기업,김대석,김현덕,경상북도 경산시 서상길85-0 (서상동),365861850.0,70.4517,24-항공관제 분석체계 유지보수 용역,군
23-중.장기 공군 군수정책 발전방향 연구 용역,방위사업청,274442245.0,91.4197,2022-09-20,한양대학교 에리카산학협력단,,석봉한,충청북도 충주시 대학로50-0 (대소원면),274305309.0,91.4237,주요 군사선진국의 공군조직 발전방향 분석,국군재정관리단
차세대 첨단함정 건조가능성 연구용역(2019H044-B),방위사업청(운영지원과),,86.8567,2018-09-25,,,구종우,,,86.8583,19-추진기 CIS 분석/평가방안 정립 연구,중앙행정기관
육군 항공관제 시뮬레이터 연구개발,국방부(운영지원과),187457133.0,75.8448,2020-08-10,,박정기,전아영,,187412127.0,75.846,17년 통합기후예측시스템 연구개발 용역,군
근무주정 내항성 향상 함형 개발 연구,공군본부,54837391.0,80.474,2018-05-12,사단법인 안보경영연구원,김형철,,"경기도 성남시 수정구 위례대로83(창곡동, 국방문화센터)",54862991.0,,다목적 항무지원정 함형 발전 연구,국군재정관리단
21년 항공관제 분석체계 유지보수,4284부대,119289508.0,,2023-10-06,경희대학교 산학협력단,서은진,김민재,"서울특별시 성동구 성수이로147, 905호 (성수동2가, 아이에스비즈타워)",119485863.0,86.1084,법무 계좌통신 분석시스템 구매,군
한국군병사에서 적응장애의 양상과 위험요인 연구용역,해군본부,,81.5468,2019-10-01,주식회사 더트루노스,동중영,장재필,서울특별시 금천구 벚꽃로244-0 (가산동)810호 벽산디지털밸리5차,77608560.0,81.5445,연구활동 재료(시약) 113종 구매 ,군
해병대 간부 및 병 획득율 제고를 위한 개선방안 연구,해군본부,,,,,박정기,,,,88.0328,군 지휘통신체계 유지보수 발전방안 연구용역,군
아데노바이러스 55형 백신개발 타당성 검토 연구,공군교육사령부,6990291.0,93.6424,2021-01-17,,,조윤교,,6983786.0,,표적메모리 회로카드 대체품 개발 연구용역,군
민간군사기업(PMC) 등 민간 아웃소싱에 대한 개념연구,육군교육사령부,,81.3691,,,,전희수,,360522664.0,81.3677,국방안전관리정보체계 최적 구축방안 연구,군
풍력발전기에 의한 레이더 영향성 분석용역,방위사업청(운영지원과),,90.8058,2019-09-14,,,김은영,,218362946.0,90.8008,(20F081-A)소음영향도작성을위한소음측정및분석용역,중앙행정기관
해병항공해상운용을위한동원선박운용개념연구용역,합동참모본부,27362673.0,81.4026,2021-07-29,,,염진수,,,,계엄의 민주적 통제방안을 위한 법 제도 연구,군
군인연금수급자 사망률 개선 연구,육군공병학교,,91.6036,,,,,,,91.5961,(217122-B)연구장비(차세대염기서열분석기) 구매,군
유전자감정장비(자동염기서열분석기)소모품 설치 납품,해군교육사령부,152008578.0,75.2941,,(재)한국해양전략연구소,권시형,박주희,,151962328.0,75.2987,(237196-C) 악성코드 수집분석체계 장비 교체,군
감염 및 외상분야 군의료 특성화 연구,방위사업청(운영지원과),,,2018-10-19,,,이영섭,,3109395.0,93.2328,함정 건조사업 추진단계 효율성 향상방안 연구,중앙행정기관
군 간부 자살 특성 및 간부 자살예방시스템 연구,국군의무사령부,2359261.0,96.6695,2020-08-09,하나메디,노영일,김하근,"서울특별시 구로구 디지털로31길41, 312-118(구로동)",2359690.0,,19-한국 해양안보에 미치는 갈등요인과 대응방안 연구,국군재정관리단
효율적인 탄약 전력화 방안 연구,국군재정관리단,,92.0388,2020-02-17,(주)프라이전트,박재성,김영철,서울특별시 동대문구 고미술로100-0 (답십리동),253199896.0,92.0419,신기술·우수제품 지침 및 매뉴얼 개정 연구용역,기관
X-RAY 형광분석기 구매,국방시설본부,267256475.0,,,(주)두두아이티,김태호,유형우,부산광역시 부산진구 냉정로178번길21 (개금동)2층,267100187.0,,24년 전반기 육군 정책연구 과제 연구용역,군
19-해양무인체계 탑재/운용 함정 설계개념 연구,육군 제3808부대,,93.0715,,유한회사 한빛기업,이권민,,"충청남도 계룡시 서금암3길5, 925호(금암동, 쉐리움오피스텔)",142856704.0,93.0749,1형 복합부위 통증증후군 생체지표 발굴 연구용역,중앙행정기관
해성-I 유도탄 창정비요소개발 비용분석 연구,해군본부,38054320.0,,2022-09-29,하이펙 주식회사,권용복,최규식,"대전광역시 서구 대덕대로319, 2층 212호(월평동, 우림빌딩)",38024289.0,85.976,재사용 가능한 우주발사체 효용성 연구 용역,4284부대
22-해-신호분석기 구매,국군대전병원,166441782.0,87.9368,2023-07-13,사단법인 한국국방기술학회,박충권,박민정,"서울특별시 금천구 가마산로96-0, 213호(가산동, 대륭테크노타운8차)",166339205.0,87.9381,군 암호체계 분석보호시스템 분석도구 구매,국군제1068부대
대용량 유전자데이터 분석 파이프라인 및 가시화 연구,합동참모본부,437414921.0,,2020-03-27,에스앤에스이앤지 주식회사,장복철,,서울특별시 강동구 양재대로1377 (성내동 삼원빌딩 408호),437395819.0,77.5233,(23G048-I)생물안전3등급 연구시설(BL-3)유지보수용역,군
음탐센서 시험 KOLAS 인정 사전 연구용역,육군본부,5128379.0,87.7746,2023-03-20,,,,,,,한국형 레이저 무기 조기도입 개발전략 연구,제2879부대
국내 한도액계약 및 성과기반계약 활성화 방안 연구,합동참모본부,,87.4604,2019-10-24,,,,,15274663.0,,17-리더십 진단도구 개발 연구용역 계약,중앙행정기관
23-D-라만분광분석기 구매,해군본부,,,,사단법인 한국갈등학회,박진호,신인균,"경상남도 창원시 마산회원구 내서읍 중리공단로65-0 경남테크노파크 자동차로봇센터 메카공장동 1-1, 204, 205호",81755886.0,87.7688,22-유도/수중무기 창정비 비용 대 효과 분석,군
항-18-043 자동면역분석기 시약 등,육군본부,52684074.0,,,광운대학교산학협력단,박종선,김우중,,,77.464,분석기 주파수편이용 2EA 구매(20199199-I),국군재정관리단
저고도 공역 통합 관제체계 연동 소요 연구용역,방위사업청,122487796.0,82.0981,,,변중무,노민택,,122580751.0,82.0992,22년도 군 급식 및 피복 만족도 조사 연구용역,4284부대
V-C 체계간 연동기술 연구,4284부대,,95.7302,2023-10-14,주식회사 한솔엔지니어링글로벌,고중혁,채희연,대전광역시 유성구 노은로170-0 (지족동) 스타시티빌딩 6층,,,원격제어조립체 개발 연구개발(2019H027-B),기관
(23G250-I) 분석관리체계 금융리스,육군교육사령부,113957751.0,84.6053,,씨지에스아이티(주),김평희,김정은,"경기도 김포시 태장로795번길23 (장기동) 마스터비즈파크 R124, 7층 729-732호",,84.6064,조사분석 라이선스 구매,군
