입찰공고명,공고기관명,최종낙찰금액,최종낙찰율,최종낙찰일자,최종낙찰업체명,최종낙찰업체대표자명,최종낙찰업체담당자명,최종낙찰업체주소
지형분석도 제작 재료 구매,공군본부,,80.408,2022-12-18,주식회사 케이원,김종규,조윤교,"경기도 성남시 중원구 사기막골로159-0 (상대원동, 금강하이테크2 아파트형공장) 711호"
인공지능 전차 비사격 훈련시스템 개발 연구용역,방위사업청(운영지원과),,,2022-10-21,,,김소미,
군용차량 운행 안전성 및 안전관리 개선방안 연구,공군교육사령부,6232812.0,99.114,2020-03-16,휴뷰티,이민용,,서울특별시 성북구 삼선교로16길116-0 (삼선동2가)
활주로 피해복구용 골재 품질기준 및 관리방안 연구,육군본부,165663647.0,83.569,,,권시형,,
한국형 국방 우주력 발전 전략 연구,해군본부,,77.417,,,,한경희,
조종사 피로도와 안전비행의 역학관계 분석 연구용역,국군재정관리단,76836661.0,,,주식회사 루키스,김대웅,이동희,"경기도 고양시 덕양구 항공대학로76-0 (화전동, 한국항공대학교내)"
사회공학기법과 사이버 작전과의 연계성 연구,공군본부,26294879.0,,2022-06-14,,박정기,,
23-D-라만분광분석기 구매,국군의무사령부,,,,(주)아인스에스엔씨,임채익,진주,"경상남도 창원시 마산합포구 해안대로91, 상가 205호(해운동, 경민시티빌)"
군사과학기술대학원(가칭) 신설방안 연구,방위사업청(운영지원과),58983601.0,86.3,2022-02-20,사단법인 안보경영연구원,전건욱,,
2017 PACC & PAMS 연구용역,공군본부,104006292.0,,,사단법인 한국국가전략연구원,민광기,,충청남도 논산시 양촌면 황산벌로1040
대형수송함-ll(LPX-ll) 개념설계 기술지원 연구 용역,제9691부대,,,2023-11-14,(주)에프오알엠도시건축공간연구소,권시형,,
상륙공격헬기의 효과적인 시설사업 추진방안 연구,해군본부,712350343.0,105.316,2021-04-17,,유훈,박계향,
21-04-142 신호분석기 등 3 품목,방위사업청(운영지원과),451837834.0,111.267,2023-09-08,사)국방정보통신협회,김진욱,명승배,"서울특별시 용산구 이태원로 29, 전쟁기념관 4층(용산동1가)"
무기체계 RAM 시험평가의 효율적 수행방안 연구,공군본부,,,,(재)한국산업개발연구원,김형철,,"경기도 성남시 수정구 위례대로83(창곡동, 국방문화센터)"
동원전력 내실화 방안 연구용역,국군재정관리단,629012935.0,88.495,2016-09-17,케이투웹테크(주),김태일,정주교,경기도 화성시 10용사로456-0 (반송동)
0000 00 체계 분석 자재 구매,제9691부대,21846514.0,93.437,2020-06-18,사단법인 안보경영연구원,전건욱,,"서울특별시 용산구 청파로 40, 삼구빌딩 1815호(한강로3가)"
안보학술연구용역(4.한국의군사전략),국군수도병원,257422262.0,76.225,2017-12-05,한남대학교 산학협력단,김윤혁,,"경상남도 창원시 성산구 완암로50-0 (성산동, SK테크노파크) 넥스동 1103호"
국방과학기술기본법 제정을 통한 국방연구개발 혁신,국방부(운영지원과),,98.53,2022-11-12,사단법인 안보경영연구원,,,"서울특별시 용산구 청파로 40, 삼구빌딩 1815호(한강로3가)"
교육연구자료 원문 DB 구축 용역,국군재정관리단,352834228.0,82.038,,,,,
(20F066-A)소음영향도작성을위한 소음측정및분석용역,국군재정관리단,,92.635,,(주)비아이엔씨,조성희,김석용,경상북도 문경시 문경읍 주흘1길20-0
(23G250-I) 분석관리체계 금융리스,제20전투비행단,,85.182,2022-02-10,근영유통,최용석,김서연,"서울특별시 금천구 가산디지털1로30,1712호 (가산동,에이스하이엔드타워10차)"
함정구조해석용 모델링 DB 개발 연구(2019H038-E),국군화생방방호사령부,320143930.0,,2017-01-11,주식회사 굿컨설팅그룹,노광현,,서울특별시 강남구 논현로189길6 (압구정동)
무인수상정 탑재운용 군 요구조건 도출 연구용역,국군의무사령부,87247403.0,,2016-01-19,(사)한국전략문제연구소,전건욱,,
산소분석기 1종,제7821부대,512621222.0,93.737,2022-01-03,미성종합체육산업 주식회사,추광식,박계향,부산광역시 강서구 대저중앙로341-0 (대저1동)
(216328-C) 지형분석장비 교체사업(리스물건),국군재정관리단,27975435.0,94.537,2021-12-04,서울대학교 산학협력단,김재영,윤진영,"경기도 화성시 동탄첨단산업1로27 (영천동, 금강 펜테리움아이엑스타워) A동1708,1709호"
(21F094-K)'22년~'23년 분석용모델(3종) 유지보수,합동참모본부,336567061.0,86.992,2021-07-06,,,,
레이저대공무기사업 선행연구 및 운용요구서 연구,국군재정관리단,,,2016-01-06,,,김미희,
잔류강도 해석기법 연구(2019H039-A),방위사업청(운영지원과),,87.946,2020-12-12,서울대학교 산학협력단,홍영기,김령은,서울특별시 관악구 관악로1 (신림동)
23-OO방호시설 개선 연구용역,제2879부대,194433968.0,95.535,2019-09-25,씨지에스아이티(주),김병석,김형민,"경기도 군포시 번영로514, 601호(금정동)"
해안감시레이더-Ⅱ 사업분석,국군재정관리단,30698145.0,92.024,2023-03-10,이매니지먼트(주),김한희,이성표,"대전광역시 유성구 대학로 27, 현대리조텔 2층(봉명동)"
주요 선진국의 획득제도 사례분석을 통한 시사점 연구,방위사업청(운영지원과),34565218.0,73.299,2017-11-17,,,,
K21 4차 양산사업 시설사업기본계획 연구용역,한미연합군사령부,102599024.0,,,,,,
(207180-H)스펙트럼측정/분석장비 노후교체,합동군사대학교,,,2020-01-18,행복한 일 연구소,오세문,박병희,부산광역시 동구 고관로62 (초량동)
12.정책현안연구(북한의전쟁수행...),육군본부,115304802.0,,,주식회사 처음헌법연구소,이홍민,이재평,"전라북도 군산시 임피면 호원대3길 64,"
22-1차 연구장비 구매 계약 - 증기후드,국군재정관리단,105193284.0,86.697,2019-06-14,(주)에프오알엠도시건축공간연구소,류장수,정운찬,"서울특별시 금천구 가산디지털2로184, 10층 1017호(가산동, 벽산디지털밸리2차)"
22-5차 연구장비 구매 계약 - 원심분리기 소형탁상용,제3훈련비행단,326880186.0,,2020-04-03,라온시스템즈(주),김한희,노민택,"부산광역시 수영구 구락로23, 2층 (수영동)"
무인기술을 적용한 현용전력 극대화 방안 연구,한미연합군사령부,6877210.0,,,,,,
한국형 임무형 지휘와 리더십 관계 정립 연구용역,공군군수사령부,,89.265,2017-07-09,,,,
안전하고 신뢰할 수 있는 AI활용 국방가이드라인 연구,국군재정관리단,274856916.0,92.895,2020-11-23,,,문영옥,
(226320-B) 지형분석장비 교체(리스물건),합동참모본부,,,2024-10-20,디에이전,김준식,박장권,"서울특별시 금천구 디지털로9길68, 제1806호(가산동, 대륭포스트타워5차)"
23년 기술연구용역 계약 의뢰(4),육군본부,,76.706,2018-10-14,,,,
작전지휘시설 신축 분석평가 및 선행연구용역,제9691부대,153348139.0,89.081,2018-01-02,(주)에프오알엠도시건축공간연구소,,주진형,"경기도 성남시 분당구 구미로8, 2층(구미동, 엠타워)"
12.정책현안연구(북한의전쟁수행...),방위사업청(운영지원과),,91.216,2020-07-03,(주)리서치코리아,강길영,김보경,"경기도 의왕시 오봉산단3로25, 1동 303호(삼동, 의왕테크노파크더리브비즈원)"
미래 육군 여군인력 활용성 제고방안 연구,국군재정관리단,32828342.0,92.2,,주식회사 녹십자이엠,주양효,임창욱,"서울특별시 금천구 가산디지털2로34, 923호(가산동, G밸리 더리브 스마트타워)"
22-해상기반 우주발사체계 개념 연구,육군본부,148673317.0,,2024-05-20,서우컴퍼니,이희윤,정경아,"서울특별시 영등포구 당산로41길11, W동 비133호, 제15층 1511호,1512호(당산동4가, 당산 SK V1 center)"
급식유통센터 성과분석 및 (경남권)필요성 연구,육군본부,10941422.0,95.051,2019-09-21,,,,
특수작전용대형기동헬기 시설사업기본계획 연구용역,국군재정관리단,29255795.0,,,,권시형,최재우,
전술환경 下 효율적 이동통신체계 운용방안 연구용역,국방부(운영지원과),553570.0,,2019-05-28,,,,
(246248-C) 모바일기기 증거분석 교체(HW)(리스자산),국군재정관리단,91170476.0,67.089,,주식회사 해피트리,신범수,유진경,"전라남도 장성군 황룡면 강변로452-16, 3층 302호"
신호분석기 1대 구매,육군교육사령부,572003532.0,79.738,2022-09-02,주식회사 웨이브텍,고윤안,이상규,서울특별시 성북구 삼선교로16길116-0 (삼선동2가)
20-MTU엔진 PBL 비용대효과분석 및 성과지표 연구,국군재정관리단,20601408.0,,,(사)21세기군사연구소,홍영기,구종우,서울특별시 서초구 서초동1432-13 202
항공전투 시뮬레이션 대회 대행 용역,국방지형정보단,895212091.0,,2018-01-09,,,,
병력책정 기준연구(비행대대 조직구조 개선방안),육군교육사령부,162156393.0,81.003,2018-12-23,,,,
현역-초기대응  예비군-전쟁승리 개념연구 용역,방위사업청(운영지원과),,,2019-07-20,,,,
분석기 구매,방위사업청(운영지원과),45376130.0,89.91,,성도교역,송영호,최승룡,"서울특별시 용산구 이태원로211, 611호(한남동, 한남빌딩 )"
(216032-G) 차륜형장갑차 센서데이터 수집 분석체계,국군재정관리단,,,2020-04-11,은성세미,이희윤,김재영,"경상남도 창원시 마산합포구 해안대로91, 상가 205호(해운동, 경민시티빌)"
범국민 안보의식조사 연구용역,지상작전사령부,166301521.0,82.877,2019-03-02,사단법인 안보경영연구원,김형철,,"서울특별시 강남구 언주로527, 10층 (역삼동)"
21-공-회로분석기 구매,제2879부대,206971756.0,,2021-03-11,주식회사 파이안,이희석,김해리,"서울특별시 중구 동호로7길41, 2층(신당동)"
조종사 피로도와 안전비행의 역학관계 분석 연구용역,국군재정관리단,63438669.0,,2021-08-09,(사)한국전략문제연구소,,,"서울특별시 강남구 언주로527, 10층 (역삼동)"
리더십코칭 효과성 평가에 관한 연구용역,방위사업청(운영지원과),,80.16,,정호정보통신,김명운,이민재,"서울특별시 서초구 방배천로155, 유청빌딩 3층(방배동 821-8)"
23-8차 조달 연구장비(초음파수술기 등 4종) 구매,방위사업청(운영지원과),,,,영현정보통신(주),고기종,허정성,"서울특별시 영등포구 양평로149-0, 1106호 (양평동5가)"
2019 서울안보대화 프로그램 기획 및 발전방향 연구,국군재정관리단,47967958.0,,2018-08-05,,,박계향,
방산수출을 위한 DFAR(美 국방조달규정) 번역 및 연구,제6619부대,241602064.0,75.553,,사단법인 한국국가전략연구원,차진섭,,"전라북도 군산시 임피면 호원대3길 64,"
디지털 정비공장 스마트팩토리 구축방안 연구 용역,육군군수사령부,91570659.0,84.081,2019-09-07,상명대학교산학협력단,,이서현,서울특별시 관악구 관악로1 (신림동)
국방정책연구과제 연구용역 계약,국방부(운영지원과),65987254.0,96.243,2020-09-05,,,,
20-효율적인 성능개량 방안 도출 연구,공군군수사령부,401909717.0,82.074,,,,,
전력지원체계OMS/MP및RAM분석/LSA적용방안연구,육군교육사령부,226257309.0,78.932,,(주)조은아이앤에스,김운용,조대현,"서울특별시 금천구 가산디지털1로1-0 (가산동, 더루벤스밸리) 1208호"
동원위주 부대 기계화 장비 개편시 효율성 분석 연구,국군재정관리단,215973813.0,89.248,2017-02-11,,김진욱,이한솔,"서울특별시 송파구 법원로11길25-0, A동 1310호(문정동, 에이치비즈니스파크)"
공지통신무전기 성능개량 사업분석,방위사업청,111824790.0,102.658,2023-03-03,,,,
물증류기  분석용 순수제조기 구매 설치,육군교육사령부,,97.945,2024-09-29,유한회사 엔디클릭,이숙영,두진욱,서울특별시 서초구 서초대로19길10-11 (방배동) 2층
18-효과적인 정보수집함 운용방안 개념연구,제9227부대,,,2018-06-18,라온시스템즈(주),조경호,김태훈,"광주광역시 서구 상무중앙로110-0 (치평동, 광주보험회관)"
18-해군C4I체계 발전을 위한 연구,국방부(운영지원과),135542770.0,97.239,,,,,
중금속 가열분석기 등 1항목 구매(의무),국방부,176832455.0,99.579,2022-02-06,(사)21세기군사연구소,유훈,,
안보학술진흥연구용역(3.국내안보환경분석또는),국군재정관리단,343883356.0,,,제이에스씨 코퍼레이션,박홍련,,경상북도 경주시 동대로 123(석장동)
軍 태양광 시범사업 효과 분석평가 용역,해군군수사령부,,87.107,,주식회사백운,현영림,이병훈,경기도 남양주시 별내면 용암비루개길140-0
합동성을 고려한 대전차전력의 적정 소요 연구,육군본부,,87.577,2017-07-07,건양대학교 산학협력단,김용섭,이상규,서울특별시 동작구 흑석로84 (흑석동)
위치보고접속장치 통신회로카드 대체품 개발 연구용역,육군본부,91974570.0,,,,이문걸,,서울특별시 마포구 월드컵북로5길59 (서교동)
공무직근로자 등 임금체계실태조사 및 고용환경 분석,육군본부,180547129.0,106.393,2024-08-18,사단법인 안보경영연구원,박정기,정아름,"서울특별시 용산구 청파로 40, 삼구빌딩 1815호(한강로3가)"
18년 발칸 추적훈련 분석기(제조),합동참모본부,,,2020-02-12,,,박문희,
감정장비(자동염기서열분석기 등 2종) 검교정 용역,제9691부대,,73.725,2024-06-28,(주)한일종합상사,장우영,박재성,"경기도 화성시 동탄기흥로593-8 (영천동, 우정바이오 신약클러스터)"
’22년 전투발전 연구과제 용역(1),국방부조사본부,30935009.0,92.248,,국방대학교산학협력단,,김상도,"서울특별시 금천구 가산디지털2로184, 10층 1017호(가산동, 벽산디지털밸리2차)"
’18년 군 책임운영기관 고객만족도조사 연구용역,국군재정관리단,39964452.0,77.359,2018-05-24,주식회사 티엠시스,김회율,이상규,"서울특별시 송파구 석촌호수로138, 202호 (삼전동)"
사이버 자산정보 수집 분석체계 라이선스 구매,육군본부,200266012.0,106.769,2023-12-23,(주)모던애드,안인수,김영우,"서울특별시 금천구 가산디지털1로145, 308호 (가산동, 에이스하이엔드타워 3차)"
(20F172-I)00부대 라돈저감방안 연구 용역,방위사업청(운영지원과),423667599.0,,2016-10-19,,,,
(22G088-A) VR 지뢰훈련시뮬레이터 선행연구용역,국군제1068부대,,100.183,2018-01-25,피엘앤트,고기종,이미란,"서울특별시 금천구 가산디지털1로146, 705호(가산동, 대륭테크노타운22차)"
승선근무예비역의 병역제도 발전 방안 연구 용역,육군본부,,76.987,2018-12-17,해군사관학교 산학협력단,문미옥,송유근,서울특별시 광진구 천호대로524-0 (군자동)
22-수중광통신의 군사적 활용방안 및 운용효과 분석,국군복지단,211908527.0,80.883,2023-09-29,건양대학교 산학협력단,김효근,홍종운,"경기도 수원시 영통구 신원로306, 1동 8층(원천동, 이노플렉스)"
무전기 전면판 회로카드 시험장비 개발 연구용역,계룡대근무지원단,,102.809,2019-08-20,(주)지올코리아,이양희,김석용,"서울특별시 송파구 중대로 135, 아이티벤처타워 동관 16층 1601(가락동)"
통일후육군구조(안)에대한 합참과 육군(안)에대한분석,해군본부,49033636.0,,2021-02-15,주식회사 에스엘상사,김화영,윤태훈,"경상남도 창원시 성산구 완암로50-0, 메카동 813호(성산동, SK테크노파크)"
국방아키텍처 메타모델 표준화 구축 및 활용방안 연구,방위사업청(운영지원과),,91.555,2020-05-16,,,,"서울특별시 용산구 한강대로62길41, 3층 (한강로1가)"
(236367-B)표적분석용 워크스테이션 구매(리스물건),육군본부,,79.683,,주식회사 윈미디텍,남기출,최규식,"경기도 용인시 처인구 모현읍 외대로25번길12-26 (라인빌리지), 201동 302호"
월간지(안보현안분석  린사포럼) 인쇄 용역,국군재정관리단,,99.599,2021-07-05,(주) 한국능률협회컨설팅,최아진,이재동,"서울특별시 서대문구 연세로 50, 연세대학교(신촌동)"
영평사격장 이전 가능성 연구,국군재정관리단,43541307.0,,2018-05-13,,,,
모바일기기 증거분석체계 구매(교체),육군교육사령부,138481135.0,91.066,2023-08-17,에스엔케이와이즈주식회사,지용현,이숙,서울특별시 강서구 마곡중앙5로1길20 (마곡동) 520호
유·무인 복합체계 발전방안 연구,국군재정관리단,1491478.0,106.2,2020-05-19,주식회사 티앤제이커뮤니케이션,김재욱,권소희,"서울특별시 구로구 가마산로232 (구로동, 스페스큐브)"
탄도수정신관 사업분석,공군미사일방어사령부,,90.634,,주식회사 이수케이,오영철,최재영,"서울특별시 영등포구 국회대로74길20-0, 404호(여의도동, 맨하탄21)"
함 탑재용 무인항공기 선행연구,국방부(운영지원과),7519814.0,,2018-03-07,,박온서,박계향,
국방 클라우드 확산 정책 연구 용역,육군교육사령부,150193750.0,77.873,,주식회사도시경영연구원,이인형,황병윤,"서울특별시 서초구 서운로 226, 서초오피스텔 404호(서초동)"
24-F-분석기 회로망 1종 구매,공군본부,217451936.0,81.084,2022-08-14,(주)상보기업,이기석,이민수,서울특별시 구로구 가마산로282-0 (구로동) 대림오피스밸리 201호
음원수집장비 및 음원분석 워크스테이션 구매설치,방위사업청(운영지원과),413080323.0,,,광운대학교산학협력단,정주교,,"경기도 용인시 처인구 명지로 116, 명지대학교(남동)"
전평시 국가 화생방전 대응체계 발전방향 M&S 분석,해군본부,16034277.0,,2023-01-23,에이티지씨(ATGC),박종진,조영진,대전광역시 서구 도산로403번길21 전자타운419호
자동염기서열분석기 소모품 구매설치,국군재정관리단,,97.002,2021-10-31,사단법인 대한민국 육군발전협회,,이동희,"서울특별시 금천구 가산디지털2로184, 10층 1017호(가산동, 벽산디지털밸리2차)"
소화기 소음기 선행연구 용역,국군재정관리단,87149591.0,72.294,2016-01-06,국방대학교산학협력단,,,"서울특별시 용산구 한강대로62길41, 3층 (한강로1가)"
대잠훈련분석체계(AEAS) 유지보수 용역,합동참모본부,21582722.0,104.1,,(사)한국식품기술사협회,변중무,,"서울특별시 금천구 가산디지털2로184, 10층 1017호(가산동, 벽산디지털밸리2차)"
어뢰이송 및 저장체계 비상작동 조종장치 연구용역,방위사업청(운영지원과),,,2020-09-29,,,현민,
안전관련 법령의 군내 적용 방안 연구,해군본부,291317285.0,112.663,2019-12-25,,,,
샵차량 발전기 전자제어기 정비기술개발 연구용역,합동참모본부,277397557.0,99.595,,,전건욱,,
해병대 작전환경에 적합한 M&S 전력분석 연구 용역,공군본부,,102.217,2020-06-28,(사)21세기군사연구소,,박계향,"서울특별시 송파구 법원로11길25-0, A동 1310호(문정동, 에이치비즈니스파크)"
23-중.장기 공군 군수정책 발전방향 연구 용역,국군재정관리단,,82.445,2021-03-17,한성대학교 산학협력단,김지영,이정혜,"서울특별시 노원구 화랑로 621(공릉동, 서울여자대학교)"
풍력발전기에 의한 방공레이다 등의 작전영향 연구,해군본부,,,2019-12-06,,,이수행,
국제공동연구용역(1.한국-NATO안보ㆍ국방...),합동참모본부,,,2020-12-05,(주) 한국능률협회컨설팅,김진욱,박계향,서울특별시 강서구 마곡중앙8로3길79-0 (마곡동)
19년 gps 교란신호 분석 및 전파체계 유지보수 용역,제2879부대,146873697.0,,2021-12-08,주식회사 조인트리,박래호,이한웅,경상남도 함안군 칠북면 삼칠로 1826티엠시 (주)
민관군 유·무인기에 대한 공역통제방안 연구 용역,합동상호운용성기술센터,,,,주식회사 아성엠,추광식,김경호,"경기도 양주시 광적면 부흥로847, 431호(경기벤처타운)"
비궁 창정비요소개발 사업분석,국방대학교,55924902.0,80.368,2023-08-21,,,배수호,"서울특별시 송파구 법원로11길25-0, A동 1310호(문정동, 에이치비즈니스파크)"
초소형 전술위성체계 구축방안 연구,해군본부,92878100.0,98.116,,사단법인 안보경영연구원,전건욱,,"서울특별시 강남구 언주로527, 10층 (역삼동)"
진동분석시험장비 진동감지센서 등 16종 구매,해군본부,64176704.0,86.162,2021-08-13,,허건영,이연수,충청남도 논산시 양촌면 황산벌로1040
군사시설 주변지역 지원방안 연구,방위사업청(운영지원과),27774569.0,85.549,,,김주희,한달연,
00부대 조직문화 진단 연구용역,국군재정관리단,203021096.0,84.245,,다슬,석수진,위정은,"경기도 시흥시 목감남서로9-19 (조남동),601호 메이저타워"
간부 팔로워십 교육프로그램 개발 연구용역,육군본부,,83.828,2022-04-10,주식회사 엘씨케이테크놀로지스,추광식,박용준,경기도 광주시 오포읍 포은대로339(추자동)
19-전자파 정밀분석체계 확대구축사업 리스,국군의무사령부,,93.812,2023-06-01,젠트리거,최미옥,이동화,"서울특별시 구로구 디지털로31길41-0, 603호, 604호, 605호(구로동, 이앤씨벤처드림타워6차)"
21-함정 거주구역 개선방안 연구,육군교육사령부,20394753.0,81.455,,주식회사 태양이엔지,김학범,전병욱,"서울특별시 동작구 남부순환로2021, 2층 (사당동)"
잠수함 훈련장비(저주파분석 등 2종) 유지보수 용역,드론작전사령부,,90.064,2024-01-17,충남대학교 산학협력단,주현,김호연,"경상북도 구미시 대학로 61, 금오공과대학교 산학협력단(양호동)"
항공기 시동장비(편제장비보강사업) 사업분석,방위사업청(운영지원과),,95.417,2022-10-11,티엠시 주식회사,권혁웅,정영숙,"대전광역시 대덕구 대화로120, 7층 729,730호(대화동, 가온비즈타워)"
20-WMD/화생방 전문인력 관리 및 교육훈련 정립 연구,육군본부,33521507.0,,2017-03-22,알앤알컨설팅 주식회사,이기용,,경기도 김포시 양촌읍 황금1로89 (학운리2962)
군사작전 수행여건 정부개발계획 발전방향 연구,국군재정관리단,,78.952,2020-07-15,사단법인 한국군사시설연구소,이영환,김정옥,"서울특별시 용산구 한강대로62길41, 3층 (한강로1가)"
국방 인공지능(AI) 활용 실증기획 연구,방위사업청(운영지원과),,84.845,2022-07-09,,,,
(20G040-H)AI기반 보안사고 탐지분석시스템 ISP사업,공군본부,,85.658,2022-12-25,,,이수행,
16년도 급식분야 시범사업 추진분석 및 개선방안 연구,국방부(운영지원과),,90.61,,상명대학교산학협력단,,,"전라북도 군산시 임피면 호원대3길 64,"
미래 우주전장 분석 및 공군 우주전략 수립 연구용역,제2879부대,,80.828,2021-10-08,,,황병윤,
정책현안연구용역(글로벌중추국가의...),방위사업청(운영지원과),173345629.0,107.13,2020-08-02,(사)한국전략문제연구소,전건욱,,"서울특별시 용산구 청파로 40, 삼구빌딩 1815호(한강로3가)"
군 지휘통신체계 유지보수 발전방안 연구용역,합동참모본부,,90.902,2021-01-25,주식회사 온품,박종호,이다인,서울특별시 강남구 학동로311(논현동) 타호비지니스센터 203호
전자파 분석장치 등 2종 구매,국군재정관리단,,89.748,2024-03-14,경희대학교산학협력단,김성룡,박계향,서울특별시 영등포구 여의대방로43나길20-0 (신길동)
휴대용화학물질분석기 등 2종 구매,국방부(운영지원과),56541240.0,71.762,,(사)21세기군사연구소,변중무,윤진영,
대잠훈련분석체계(AEAS) 유지보수 용역,합동참모본부,129855187.0,75.104,,국방대학교산학협력단,전용일,,충청남도 논산시 양촌면 황산벌로1040
16년 작전지속지원분석모델 유지보수 용역,국군의무학교,266831644.0,,2020-08-31,주식회사 이안코리아,안명수,조대현,경기도 군포시 번영로497(산본동 금화프라자) 502호
24년 국방연구개발사업의 성과조사 · 분석 연구 ,육군본부,785178318.0,107.58,2018-12-15,주식회사 원영전자,박종재,김종천,"경기도 성남시 분당구 불정로219-0 (정자동, 한솔마을) 청구상가  비108호"
국방보안관리사 자격신설 연구,국군의무사령부,,,2020-10-23,,박정기,,
병리장비소모품(생화학자동분석기 등 69종) 구매,해군군수사령부,,83.627,2021-05-09,주식회사 가이온,서경희,조대현,경기도 남양주시 진접읍 양진로816-28
(237209-F) 자동염기서열분석기 구매 ,제9691부대,6327922.0,,2024-10-24,문경새재 사과나무,김재경,정평길,전북특별자치도 정읍시 북면 북면공단2길87-0
복합신호분석기 구매(20198178-F),국군재정관리단,216343552.0,104.875,2022-10-11,주식회사 한국전자파연구소,신인균,이민행,충청남도 계룡시 두마면 두계리116 계룡대림이-편한세상 109-902
무기체계 연구개발 협약·성실수행제도 방안 연구,해군본부,,80.479,,(사)국방시설연구협회,최명진,정성채,"서울특별시 강남구 테헤란로317(역삼동, 동훈타워 7,11,12,13층)"
유도무기 신뢰수준 및 시험사격 적정수량 연구,국군재정관리단,588663815.0,90.305,2021-06-04,MK메디칼,유상지,김소미,서울특별시 강남구 논현로189길6 (압구정동)
전자파 분석장치 등 2종 구매,국방부(운영지원과),,88.41,2021-11-08,(사) 한국관세무역개발원,김유진,이화주,충청북도 괴산군 문무로85-0 중원대학교내 (괴산읍)
공군 3훈비 방호시설 방호성능평가 연구용역,해군본부,,,2022-09-07,(주)심네트,윤훈수,양상원,충청남도 논산시 양촌면 황산벌로1040
23-2차 연구의무물자(BL3 수거함 등 4종) 구매,국군재정관리단,151416091.0,,2022-03-04,육군사관학교 산학협력단,정의붕,이재평,
19~20년 육군M&S센터 전문분석관 운용 용역,국군재정관리단,105742272.0,,2021-10-02,주식회사피레타,오문진,박유정,"경기도 군포시 고산로148번길17-0, B동 1303호, 1304호, 1305호(당정동, 군포IT밸리)"
분석기 주파수편이용 2EA 구매(20199199-I),국군재정관리단,,83.375,2019-11-18,,,이수행,
전차와 육군헬기의 혁신적인 운용개념 발전 연구,해군본부,99980208.0,,,,,,
인력획득 모집홍보 대상의 성향 분석 연구 용역,국군제1068부대,,97.657,2019-12-27,한남대학교 산학협력단,김윤혁,이춘근,충청남도 논산시 양촌면 황산벌로1040
무인 수색차량사업 운용요구서(ORD) 연구,방위사업청(운영지원과),,97.294,2016-08-01,,,,
군 주파수 대역정비 방안 연구,국군재정관리단,63087140.0,83.443,2020-08-13,사단법인 미래안보산업전략연구원,박영선,고윤안,"경기도 수원시 영통구 월드컵로 206(원천동, 아주대학교)"
20년 전파환경 측정/분석장비 유지보수 용역,해군군수사령부,39758901.0,111.333,,한남대학교 산학협력단,김진욱,,서울특별시 관악구 관악로1 (신림동)
21-함정 창정비 효율화 방안 연구,방위사업청(운영지원과),,96.567,2016-07-13,,전건욱,,
훈련 및 부대운영 빅데이터 활용방안 연구용역,국군재정관리단,360282398.0,,,,,,
21-함정 추진계통 신뢰성 향상을 위한 정비방안 연구,공군군수사령부,,83.15,2023-06-08,에스엔케이와이즈주식회사,홍광표,신종현,"경상북도 포항시 남구 지곡로294-0 , 233동 7층 03호(지곡동, 효자그린아파트)"
국방아키텍처 메타모델 표준화 구축 및 활용방안 연구,국군재정관리단,357426999.0,103.718,2016-10-02,경희대학교 산학협력단,조혜진,이정화,"광주광역시 서구 상무중앙로110-0 (치평동, 광주보험회관)"
BLT급 과학화상륙(지상)전 모의훈련체계 구축 연구,국방부(운영지원과),,,2017-09-18,사단법인 한국방위사업연구원,한민구,박계향,"경기도 안양시 만안구 만안로49, 519호(안양동, 호정타워)"
디지털 증거분석 수사체계 교체사업(20198118-E),공군본부,,73.097,2022-06-24,주식회사 셀젠텍,이형걸,최준호,"경기도 안양시 동안구 시민대로387  A동 1201-1호(관양동,디지털엠파이어)"
국방 정보기술 조사·분석 연구,육군본부,68296343.0,94.607,2022-12-22,한국생산성본부,안주섭,박계향,서울특별시 송파구 올림픽로505-0 (풍납동)
(227334-E)정밀측정장비(스펙트럼분석기 등 2종)구매,공군본부,74085384.0,104.154,,(주)심네트,이정원,,"서울특별시 성동구 왕십리로 222, 한양대학교 내 한양종합기술연구원 110호(행당동)"
휴대용 화학물질분석기 등 2종 구매(20197097-D),국군재정관리단,101737147.0,92.892,2020-08-03,주식회사 에이티앤아이,신승호,박계향,경기도 김포시 대곶남로501번길36-0 (대곶면)
군 범죄피해자 보호·지원을 위한 정책 연구,국군재정관리단,189191029.0,,2018-03-27,,,,
19-군 자체 안전보건경영시스템 인증제도 구축 연구,4284부대,137343317.0,,2016-06-21,,,이준식,
국방감항인증원(가칭) 설립 및 운영에 관한 연구,제2062부대,45575919.0,,2022-02-25,(사)21세기군사연구소,김진욱,옥세미,충청남도 논산시 양촌면 황산벌로1040
ATCIS 2차 성능개량사업 연구,국방부(운영지원과),85255092.0,84.982,2021-01-24,사단법인 안보경영연구원,박정기,임창흥,"서울특별시 강남구 언주로527, 10층 (역삼동)"
00기지 환경개선 사업 분석평가 및 선행연구 용역,방위사업청(운영지원과),,96.571,2022-01-30,유한회사 무궁화통신건설,김용수,이다인,경상북도 구미시 산동읍 강동로730
대함유도탄 방어유도탄 양산사업 비용분석,국군의무사령부,,83.846,,(사)21세기군사연구소,,,
항행안전시설 비행점검장비의 군 필요성...연구,국군수도병원,,107.341,,,,,
원주기지 활주로 재포장사업 선행연구 용역,해군군수사령부,38422608.0,90.258,2016-08-09,,,오세형,
23-4차 산업혁명 접목 미래함정 발전방향 연구,제2307부대,,90.866,2017-12-25,롯데캐피탈(주),최규식,이윤아,경기도 김포시 대곶면 송마로52번길61-66
22-함정무기체계 한국형 사이버보안제도 적용연구,4284부대,81041701.0,91.847,2022-04-12,협동조합 미래국방산업네트워크,조희아,조상환,서울특별시 강남구 논현로189길6 (압구정동)
상층대기분석장비 유지보수,제9691부대,304746583.0,101.719,2021-10-07,주식회사 엔지엠테크,김선철,장철호,경상남도 창원시 진해구 웅동로162-0
LOSS율 적용을 통한 소형/저단가 품목 관리방안 연구,합동참모본부,71687598.0,79.351,2016-10-28,,,,
급식유통센터 성과분석 및 (경남권)필요성 연구,국군재정관리단,163516627.0,79.524,,사단법인 한국드론혁신협회(KDIA),채순기,류상윤,서울특별시 성북구 삼선교로16길116-0 (삼선동2가)
연구용역(방공포병 준.부사관 특기체계개선방안 연구),국군수도병원,17654534.0,83.059,2023-02-08,호원대학교 산학협력단,김진욱,박계향,"서울특별시 광진구 능동로120, 건국대학교내(화양동)"
복합무기체계 시험평가 제도개선에 관한 연구,제2307부대,,72.847,,한화오션 주식회사,이경미,,"경기도 성남시 수정구 복정로84번길 22-15,(B-001호) (복정동)"
인공지능 전차 비사격 훈련시스템 개발 연구용역,국군의무사령부,212166140.0,,2018-05-13,,,박계향,"서울특별시 용산구 청파로 40, 삼구빌딩 1815호(한강로3가)"
실전적 모의지원 연구,방위사업청(운영지원과),95115029.0,90.718,2016-12-03,재단법인 한국군사문제연구원,김형철,,"서울특별시 강남구 언주로527, 10층 (역삼동)"
해군  해경운용 및 전방위 안보 강화방안 연구용역,국군의무사령부,44084992.0,79.004,2021-02-24,드림인텍(주),김지은,송포,부산광역시 부산진구 동성로20 (전포동)
해상종합전술훈련장 체계구축 사업 개념 연구,제9691부대,103302218.0,71.79,2018-02-25,,,,
전탐감시대 감시장비 원격통합감시체계 구축 연구,국군재정관리단,29083934.0,97.742,,,김효근,김지혜,서울특별시 성북구 삼선교로16길116-0 (삼선동2가)
24-공군 적정 상비병력 규모 연구 용역,국방부(운영지원과),44111129.0,,2021-01-13,주식회사피레타,이도형,남궁진,"경기도 군포시 고산로148번길17-0, B동 1303호, 1304호, 1305호(당정동, 군포IT밸리)"
상비병력 규모 최적 결정을 위한 제도 조합 방안 연구,국방부(운영지원과),,82.668,,(사)국방시설연구협회,이명식,최승룡,경상북도 경주시 동대로 123(석장동)
4차 산업혁명  군 적용을 위한 R&D 발전방안 연구,공군본부,156967486.0,77.812,2017-05-04,,,정현찬,
CSRP 화생방 연구 자료 시약 구매,제9691부대,12202408.0,,2019-02-28,,정봉원,,"인천광역시 서구 로봇랜드로155-11 (청라동), 5층 504호"
(236035-G) 23년 네트워크위협분석체계(NTAS) 구축,국군재정관리단,91401619.0,81.414,,주식회사 휴먼컨설팅앤메니지먼트,정주교,전수현,"경기도 용인시 기흥구 덕영대로1732-0 (서천동, 경희대학교 국제캠퍼스내)"
주요 선진국의 획득제도 사례분석을 통한 시사점 연구,국군재정관리단,,82.209,,,,,
23-D-라만분광분석기 구매,공군제17전투비행단,128866542.0,,2022-05-24,(주)컴트리,신범수,이찬홍,"경상남도 김해시 관동로138, 1404동 301호(관동동, 죽림마을 동원로얄듀크아파트14단지)"
22-11차 연구장비 구매 계약 - 의약품 냉동고,합동참모본부,156790921.0,73.802,2020-04-06,더스테이지,김정한,진보라,"경기도 수원시 장안구 송원로20, B동 1010호(송죽동, 수원아너스빌위즈)"
K21 4차 양산사업 시설사업기본계획 연구용역,국군재정관리단,45691428.0,95.077,2018-03-11,테크디,서은진,김근우,충청북도 청주시 서원구 남이면 남석로326
민간인력 편성기준 연구(2019K003-B),국방부(운영지원과),147721234.0,97.65,,(사)한국전략문제연구소,,,
포항지역 항공기 소음감소 대응방안 연구 용역,방위사업청,106378848.0,76.567,2020-07-27,주식회사 리얼웹,김동준,,강원특별자치도 춘천시 강원대학길1 (효자동)
군사시설 건축공법(경량화) 개선 연구,해군군수사령부,24929923.0,,2016-09-09,,,,
22-00생활관 신축 분석평가 및 선행연구 용역,국군재정관리단,,,,한국산업기술시험원,노광현,,"충청남도 논산시 대학로 121, 건양대학교 산학협력단(내동)"
ArmyTIGER4.0네트워크정보유통능력분석연구용역,육군교육사령부,,92.945,2016-07-28,,,,
(20G056-I)빅데이터 분석체계 구축사업 금융리스,국군의무사령부,132138216.0,,2023-12-16,주식회사 가이온,홍광표,윤수정,"서울특별시 용산구 이촌로65가길51-0 (이촌동, 한가람아파트) 214-2103"
군 자동소음측정망 설치기준 및 운영방안 연구,육군본부,,77.701,2020-08-27,(주)에프오알엠도시건축공간연구소,,,세종특별자치시  시청대로370-0
2018년 제4회 국방 분석평가관계관 워크숍 위탁운영,해군본부,107855761.0,99.847,,한국환경설계(주),강남기,,"서울특별시 동작구 남부순환로2021, 2층 (사당동)"
공무원 징계와 군 징계의 비교법적 연구,해군본부,98407653.0,89.159,2019-12-06,디엔아이,김영욱,김정일,서울특별시 강남구 선릉로64길6-0 (대치동) 2층
적외선차폐연막통(연막제) 유해성 입증시험 연구용역,합동참모본부,774249738.0,90.077,2016-07-24,,곽재수,,"경기도 성남시 수정구 창업로54, 504호 (시흥동)"
유류시험장비(황분분석시험기 등 4종) 구매,국방대학교,3138909.0,72.056,2016-08-22,주식회사 지음지식서비스,현동재,박계향,"경기도 고양시 일산서구 산현로17번길38, 1102동 503호"
한국적 지뢰대응활동표준 작성에 대한 연구,공군본부,66533137.0,,2021-08-26,(재)한국기계전기전자시험연구원,김한욱,윤진영,세종특별자치시  반곡동 시청대로370 세종국책연구단지 B동(과학.인프라동) 8-11층
디지털 혁신시대 SW개발역량 강화방안 연구용역,국방부(운영지원과),18953476.0,,2017-02-25,(주)두두아이티,정의붕,윤진영,서울특별시 관악구 관악로1 (신림동)
[연구소] '22-2차 감정재료 구매,국군재정관리단,337897847.0,79.751,2021-03-20,테크디,이홍민,,"경기도 고양시 일산동구 일산로441번길34-13, 1층 (1층 상가 좌측)(정발산동)"
부대재배치 선행연구 용역(2019F065-B),육군본부,,78.522,2017-01-27,,,윤진영,
[24-육-85] 무기체계별 EMP방호기술 적용방안 연구,국방부(운영지원과),,89.434,2019-10-18,군정비지원센터,최계영,이연수,"서울특별시 강남구 강남대로62길24-0 (역삼동,해송빌딩)3층"
AI를 적용한 화생방 드론봇 전력체계 연구 용역,방위사업청(운영지원과),,80.316,2019-01-06,(사)한국위기관리연구소,손승우,홍종운,경상남도 고성군 동해면 내산3길51-1
(21G085-H)'22년 스펙트럼 측정분석장비 유지보수용역,국군재정관리단,48454457.0,96.045,2021-10-02,주식회사남동,조만희,박소영,경상남도 창원시 마산회원구 양덕북5길97 (양덕동1층상가)
스펙트럼용 분석기 구매,국군의무사령부,39804836.0,106.022,,한국재료연구원,김자이,이효진,"충청북도 청주시 청원구 대성로298-0 (내덕동, 청주대학교)"
소형무장헬기 경제적 획득 방안 연구,방위사업청(운영지원과),35372190.0,99.091,2020-12-16,사단법인 안보경영연구원,,김영수,
22-15차 연구장비 구매 계약 - 진탕욕조,4284부대,,,2022-07-10,국방대학교산학협력단,허건영,,서울특별시 관악구 관악로1 (신림동)
(21F040-G) 사이버위협분석 개발연구체계 구축 사업,해군본부,180591596.0,75.586,,,,,
차세대 전투차량 발전방안 연구 용역,국군재정관리단,14874276.0,,2021-10-22,주식회사 성호넷,정평길,유형우,"서울특별시 금천구 가산디지털1로5, 대륭테크노타운 20차 1934호"
국방산업혁신펀드(가칭) 시행방안 연구,국군재정관리단,161519981.0,78.356,,,,김현정,
프로그램 단위 성과관리를 위한 성과지표 연구,국방부(운영지원과),570704168.0,,,동성켐텍,정안수,,대전광역시 서구 계룡로408-0 (갈마동)
전시 공군탄약소요산정 모델 개선ㆍ보완 연구,국군재정관리단,21818964.0,,2018-02-26,,,,
의무피복류 보급기준 및 품질개선에 대한 연구,국방부(운영지원과),,88.904,2020-07-17,(사단) 한국정치학회,,송용재,
19-TSCE 기반 함정 체계통합방안 연구 용역,육군본부,74247721.0,83.511,2017-01-23,,,박계향,
추진장약 저장수명 예측 가속노화시험 연구용역,국군재정관리단,19253489.0,99.147,,안전성평가솔루션 주식회사,최규식,김승준,충청북도 청주시 청원구 율봉로159번길73-1 (율량동)
AI유무인 복합체계 활용 방안 연구,공군제18전투비행단,,98.579,2019-10-02,한국환경설계(주),홍광표,최승룡,"경기도 시흥시 목감남서로9-19 (조남동),601호 메이저타워"
예비군훈련 적정 보상비 연구,방위사업청(운영지원과),,90.457,2019-07-28,숭실대학교 산학협력단,오종한,홍종운,"서울특별시 송파구 법원로11길25-0, A동 1310호(문정동, 에이치비즈니스파크)"
국방무인체계 총수명주기관리방안 연구,해군본부,144055065.0,65.648,2018-11-13,,,,
스펙트럼분석기구매 (20199198-I),국군재정관리단,205819863.0,100.123,2020-12-24,주식회사 에스에이컨설팅,오현웅,송귀섭,서울특별시 성북구 삼선교로16길116-0 (삼선동2가)
’22년 전투발전 연구과제 용역(2),공군본부,93161692.0,76.502,2023-05-05,,,심지민,
오폐수처리시설 기술제안서 평가기준 정립 연구용역,국방부(운영지원과),147402972.0,76.773,2018-05-22,주식회사 아레스,김태일,추현아,"서울특별시 금천구 벚꽃로254-0 (가산동, 월드메르디앙벤처센타) 1109호"
주변국 지상군에 대한 부대 및 전력구조 연구,국군재정관리단,116935094.0,,2016-09-18,와이파이컴퍼니,이재평,,서울특별시 용산구 한강대로46길25-0 (한강로2가) 401호
(226410-C) 지형분석장비 구매(리스물건),해군본부,357047866.0,94.112,,매쉬미디어(주),정진욱,한아름,"경상북도 경산시 하양읍 하양로13-13, D1동 4층 406호"
21-무기체계 수명주기간 부품국산화 발전방안 연구,국방부(운영지원과),,98.157,,,,황병윤,
공군 휴대용 소형무인기 대응체계 연구 용역,국방부(운영지원과),,89.352,2017-12-05,,,,
군 사이버훈련장 활용을 통한 사이버전 대응전력 연구,국방부(운영지원과),210968587.0,82.258,2018-04-27,,박정기,,
1형 복합부위 통증증후군 생체지표 발굴 연구용역,국군복지단,,,,테크노빌리지 주식회사,권오경,전희수,"서울특별시 강남구 테헤란로306, 13층(역삼동, 카이트타워)"
생성형 AI 서비스 구축 방안 정책연구용역,해군본부,249101781.0,87.569,2021-11-03,차이,천병년,나인성,부산광역시 부산진구 동성로20 (전포동)
극지안보환경 변화에 따른 미래 한국해군의 역할 연구,4284부대,353224957.0,,2018-08-08,,,,
KAOC 신축사업 지휘통신체계 구축방안 연구용역,한미연합군사령부,371110641.0,116.806,,,,박병희,
00 징후분석체계 구축,국방부(운영지원과),287544059.0,69.237,,주식회사화인시스텍,김회율,박종부,"경기도 군포시 번영로514, 601호(금정동)"
(247158-F) 스펙트럼 분석기 등 3종 구매,국방대학교,,84.232,2021-10-12,영화산업,최규식,서유림,"경기도 고양시 일산동구 중앙로1305-30, 728호 (장항동, 일산마이다스오피스텔)"
20-MTU엔진 PBL 비용대효과분석 및 성과지표 연구,제9691부대,121224222.0,78.6,2016-08-07,,,,
6.25 전쟁 이후 주요 해전 증언록 연구용역,국방부(운영지원과),,116.179,2023-01-11,에스엔케이와이즈주식회사,김경호,김선태,경기도 구리시 갈매순환로166번길45 (갈매동) 구리갈매아너시티S811
수중자율기뢰 탐색체(AUV) 사업분석,국방부(운영지원과),,68.804,,(주)다큐멘테크,이미영,김종호,"대전광역시 유성구 한밭대로138 (노은동, 노은노블레스) 201호"
민·군용헬기 감항인증 상호 교차인정 적용방안 연구,국군수도병원,,85.283,2022-06-08,한남대학교 산학협력단,오중산,이유진,대전광역시 동구 대학로62-0 (용운동)
국방 비밀관리시스템 연동표준 개념연구,공군본부,,,2022-07-10,사단법인 국방지능정보기술융합협회,홍영기,김해진,대전광역시 유성구 유성대로1646-0 (전민동)
23-1차 연구의무물자(BL3 중앙실험대 등 5종) 구매,국군재정관리단,,80.149,2021-06-03,(주)두두아이티,정승인,최승룡,"경기도 용인시 수지구 죽전로 152, 단국대학교내(죽전동)"
2018년 제4회 국방 분석평가관계관 워크숍 위탁운영,국군재정관리단,963675.0,,2022-01-03,(사)한국지방자치학회,나승식,황성환,세종특별자치시  전동면 보평길167-0
포항지역 항공기 소음감소 대응방안 연구 용역,공군본부,156012448.0,,2019-09-24,,,,
체계적인 해군 C4I 체계 유지보수 관리방안 연구,제2879부대,,,,,,,
한국형 비용분석 전산모델 고도화 ISP 수립,국군재정관리단,256363212.0,,2018-06-11,하이펙 주식회사,강종효,황병윤,서울특별시 강남구 논현로189길6 (압구정동)
지상전술C4I체계 2차 성능개량 비용분석,제2879부대,34416710.0,88.743,2022-09-27,,,,
신분별 직무분석을 통한 적정 계급구조 연구,제2879부대,,86.86,2019-05-14,사단법인 안보경영연구원,박정기,,"서울특별시 강남구 언주로527, 10층 (역삼동)"
[24-육-128] 예비전력발전세미나 주제 연구(Ⅰ),제2879부대,,,2022-03-12,엘컴퍼니,김영식,정영석,"서울특별시 강서구 공항대로103 (마곡동, 마곡 엠밸리 9단지) 업무동시설 507호"
군사시설 주변지역 지원방안 연구,국방부(운영지원과),,84.373,2019-03-13,(사)21세기군사연구소,김진욱,,"서울특별시 종로구 홍지문2길20-0 (홍지동, 상명대학교)"
美 안보지원관리교범(SAMM) 최신화 및 번역 연구,국군재정관리단,57610387.0,94.707,,한국여성정책연구원,허건영,황병윤,서울특별시 성북구 삼선교로16길116-0 (삼선동2가)
육군 핵심가치 실천수칙에 관한 연구 용역,국방부(운영지원과),,88.749,2021-03-10,,김주희,이상규,"서울특별시 송파구 법원로11길25-0, A동 1310호(문정동, 에이치비즈니스파크)"
군 암호체계 분석보호시스템 분석장비 구매,제3130부대,,76.819,2023-09-05,(주)한일종합상사,장세희,박병희,"경기도 의왕시 오봉산단3로25, 1동 303호(삼동, 의왕테크노파크더리브비즈원)"
침해사고 조사분석체계 교체사업(209058-F),국군재정관리단,,,,휴뷰티,곽재수,,충청남도 논산시 양촌면 황산벌로1040
수중전술기기통제사 자격 신설 연구,국군재정관리단,72507949.0,76.479,2018-11-08,(사)한국전략문제연구소,박정기,,
민간 아웃소싱 시범사업을 위한 제도화 방안 연구,한미연합군사령부,81359979.0,74.814,2023-09-23,와이파이컴퍼니,,이창환,"서울특별시 성북구 정릉로 77, 국민대학교내(정릉동)"
ICBM 기반 통합 시설물관리체계 구축 개념 연구용역,육군본부,29048494.0,87.489,2018-10-20,주식회사 굿컨설팅그룹,엄기숙,,서울특별시 양천구 목동중앙로13나길3
신호분석기 1대 구매,제2879부대,101079542.0,73.89,,,,박재경,
비전통위협 국방대응체제 발전연구,해군본부,246917159.0,89.636,,국방기술품질원,홍영기,이정원,강원특별자치도 강릉시 범일로579번길24(내곡동)
전파환경측정 분석장비 유지보수,방위사업청(운영지원과),38680074.0,,,주식회사 셀젠텍,이영주,황병윤,"울산광역시 북구 명촌18길5-0 (명촌동, 울산강변효성해링턴플레이스(85블럭))8502동 101호"
안보학술연구용역(4.한국의군사전략),국군재정관리단,,104.015,,(주)나일소프트,이기석,이신영,전라남도 목포시 용당로225-1 (용당동)
방위사업 교육포털시스템 ISP 수립 연구,국군재정관리단,40689023.0,74.3,2020-06-05,태경회계법인,최현선,유재웅,"서울특별시 금천구 가산디지털1로1-0 (가산동, 더루벤스밸리) 1208호"
병 자기개발비용지원 적정추진체계 구축 연구용역,국방부(운영지원과),59297322.0,71.449,,(사)한국산업기술보호협회,강명수,이다정,대전광역시 유성구 대학로291-0 (구성동)
표적메모리 회로카드 대체품 개발 연구용역,제9691부대,95680500.0,92.458,2017-03-10,,,,
20-161 218 동물용 자동분석기 등 3품목,합동상호운용성기술센터,,84.117,,주식회사 아레스,조완제,이종범,전라북도 완주군 삼례읍 삼례로 443 우석대학교내(본관 12층)
전술정보통신체계(TICN) Block-II 양산사업 비용분석,국군재정관리단,,91.02,2023-05-26,주식회사 대영퓨처스,양창조,김서영,서울특별시 용산구 한강대로46길25-0 (한강로2가) 401호
군 범죄피해자 보호·지원을 위한 정책 연구,국방부군사편찬연구소,62291636.0,78.371,,유한회사 갈등조정센터,유훈,김지훈,서울특별시 광진구 군자동98 집현관 216
연구용역(방공포병 준.부사관 특기체계개선방안 연구),공군본부,94963089.0,,2023-01-16,한국산업기술시험원,권호영,박재완,"서울특별시 서초구 강남대로6길11 선우빌딩 4,5층 (양재동)"
항공용금속재료 가공방법별 기계적물성치측정방안연구,공군미사일방어사령부,155399149.0,84.028,,사단법인 안보경영연구원,,,"서울특별시 강남구 언주로527, 10층 (역삼동)"
공군 M&S 체계 발전방향 연구용역,방위사업청(운영지원과),,76.845,,주식회사 굿컨설팅그룹,전영섭,정해인,"서울특별시 강서구 마곡중앙5로1길20-0 (마곡동) 보타닉비즈타워 921,922호"
(해병)소음측정 및 분석용역,국방대학교,425465752.0,,,CAT,김민철,조해주,"경기도 군포시 고산로148번길17-0, B동 1303호, 1304호, 1305호(당정동, 군포IT밸리)"
스펙트럼분석기구매 (20199198-I),방위사업청,,89.022,2019-01-04,(주)에프오알엠도시건축공간연구소,,,
기술인력육성 보조사업자 운영성과평가 및 연구,한미연합군사령부,141037876.0,98.493,,국방대학교산학협력단,김주희,박계향,"서울특별시 마포구 성산로2길55, 602호(성산동, 샤인빌딩)"
군무원 적정 충원 비율에 관한 연구 용역,방위사업청(운영지원과),193354279.0,82.52,2019-07-09,서준코퍼레이션,홍문기,,대전광역시 서구 배재로 155-40배재대학교산학협력단
22-해상기반 우주발사체계 개념 연구,국군재정관리단,3039957.0,79.525,2019-05-13,(사)21세기군사연구소,김진욱,우정민,"서울특별시 구로구 디지털로32길 30, 코오롱디지털타워빌란트15층(구로동)"
자동염기서열 분석기 구매설치,국군재정관리단,380600051.0,,,사단법인 대한민국 육군발전협회,김재영,홍주의,
전투실험 설계 및 결과 분석 방법 연구용역,국군재정관리단,463775577.0,,,사단법인 안보경영연구원,전건욱,,"서울특별시 강남구 언주로527, 10층 (역삼동)"
교육 발전방향 연구용역,방위사업청(운영지원과),146900652.0,,,,,백도현,
국회 협력 조직 및 업무 개선 방안 연구,국군재정관리단,322694092.0,91.222,,한양대학교 산학협력단,백도현,정봉원,"서울특별시 용산구 한강대로62길41, 3층 (한강로1가)"
TICN Block I -① 경미한 성능개량 사업분석,육군본부,88229214.0,89.652,,(주)지디엘시스템,김하근,김태훈,"서울특별시 양천구 목동서로2길22-0 (목동, 목동청구아파트) 114동 1301호"
정기기초연구과제연구용역(7.미래안보상황에..),공군미사일방어사령부,28829360.0,,2021-09-22,주식회사 도화엔지니어링,김재영,조반석,"경기도 포천시 호국로 1007, 대진대학교 산학협력단(선단동)"
[연구소] '22-2차 감정재료 구매,국군화생방방호사령부,41380964.0,91.805,,,,윤병찬,
미래 예비전력 역할과 적정규모 편성 연구용역,제9691부대,42964819.0,88.294,,,,이경생,
22년 기술연구용역 계약(2),해군군수사령부,,,,(사)한국위기관리연구소,홍수정,박진호,"서울특별시 은평구 진흥로 225,(불광동)"
(236199-F) 고분해능 질량분석기 구매,해군본부,146263347.0,82.326,2023-07-25,주식회사도시경영연구원,안성일,양정승,"서울특별시 은평구 진흥로 225,(불광동)"
23년 전투실험(연구용역사업),해군본부,23861272.0,89.938,2023-08-03,(사)21세기군사연구소,,박계향,서울특별시 강동구 양재대로1377 (성내동 삼원빌딩 408호)
22-15차 연구장비 구매 계약 - 진탕욕조,합동참모본부,7926191.0,73.212,2020-11-08,,,류재산,
부대재배치 선행연구 용역(2019F065-B),방위사업청(운영지원과),,70.531,2020-12-24,유한회사 갈등조정센터,안은희,,서울특별시 관악구 관악로1 (신림동)
의무장비[혈액가스 분석기(휴대용)] 구매,육군본부,390119688.0,,,국방기술품질원,김영욱,,"서울특별시 송파구 법원로11길25-0, A동 1310호(문정동, 에이치비즈니스파크)"
무기체계 RAM 시험평가의 효율적 수행방안 연구,제9691부대,297717080.0,109.23,,건국대학교 산학협력단,,,
함정 총수명주기 고려 탑재장비 획득방안 연구 용역,제2879부대,,86.941,,주식회사 피앤씨솔루션,정재호,임혜영,충청북도 청주시 청원구 율봉로159번길73-1 (율량동)
K2전차 3차 양산 사업분석,방위사업청(운영지원과),284489698.0,80.65,2019-09-18,주식회사 삼원산업,김지찬,박계향,서울특별시 성북구 삼선교로16길116-0 (삼선동2가)
야전운용시험 성과분석 및 발전방안 연구,국방부(운영지원과),,92.457,,구루멘토링 주식회사,이영환,유선미,광주광역시 서구 마륵로28-1 (마륵동)
K10제독차 조종상자 회로카드 정비기술개발 연구용역,육군군수사령부,199999219.0,,2018-10-21,,,,
해병대 데이터 관리 및 활용 발전 방안 연구,국군재정관리단,95480338.0,98.121,2023-09-10,,,김상겸,
(22G079-I)국방IoT제품보안가이드라인수립연구용역,국방전산정보원,8399093.0,81.061,2022-01-17,사단법인 한국국방발전연구원,,,
군비행장 자동소음측정망 운용체계 구축방안 연구,국군재정관리단,34515174.0,85.659,2023-10-23,미래산업,채규수,송용재,서울특별시 영등포구 영등포로35길10-0 (영등포동6가) 8층 809호
정기기초연구과제연구용역(8.국가재난사태..),제9691부대,263661805.0,104.031,,,,박은정,
함정사업 적정 사업기간 연구,제9691부대,127085933.0,88.407,,한국과학기술원,채수장,김채미,"서울특별시 용산구 한강대로62길41, 3층 (한강로1가)"
21년 의무장비(혈액가스 분석기 중형) 구매,국군화생방방호사령부,,,,(사)국방시설연구협회,권오형,김동준,서울특별시 영등포구 영등포로35길10-0 (영등포동6가) 8층 809호
추진장약 분석시험용 재료구매,4284부대,,91.452,,한국법제연구원,홍영기,김현숙,부산광역시 영도구 와치로194-0 (동삼동)
공군 방공포부대 이전 요구 연구용역,공군본부,23278842.0,,2019-10-09,,,,
사회공학기법과 사이버 작전과의 연계성 연구,국군의무사령부,314355756.0,,2018-06-19,경희대학교산학협력단,김윤혁,이수행,"서울특별시 종로구 율곡로17길7-38, 수지빌딩 7층(이화동)"
16년도 급식분야 시범사업 추진분석 및 개선방안 연구,제2879부대,,93.728,2018-03-19,해군사관학교 산학협력단,오문진,,"서울특별시 용산구 청파로47길 100, 숙명여자대학교내(청파동2가)"
전시 급식지원체계 개선방안 연구,국군재정관리단,69982985.0,101.78,2016-09-03,사단법인 안보경영연구원,,,
민간군사기업(PMC) 등 민간 아웃소싱에 대한 개념연구,4284부대,80997918.0,,2020-09-08,주식회사 씨이지앤드플러스,,최규식,"서울특별시 성동구 왕십리로 222, 한양대학교 내 한양종합기술연구원 110호(행당동)"
정신전력 개념 정립 및 수준 측정도구 개발 연구,국방대학교,,67.234,2019-05-22,주식회사 안보기술연구원,권오형,김영진,대전광역시 동구 대학로62-0 (용운동)
22년 의무장비(혈액가스분석기 소형) 구매,국군재정관리단,185667043.0,98.629,2023-03-29,주식회사 매사,박호,김윤영,충청북도 청주시 흥덕구 오송읍 오송생명2로110-6 셀젠텍
T-50 캐노피 고정 구성품 내구성 시험 연구,국군재정관리단,218202716.0,91.979,2022-02-03,(주)디앤오종합건축사사무소,,,
군대의 가치를 표현할 수 있는 의식과 의례 개념 연구,해군본부,231365375.0,,2017-08-18,사단법인 안보경영연구원,,,"서울특별시 강남구 언주로527, 10층 (역삼동)"
24년 지형분석장비 구매(리스물건),국방대학교,,97.529,,주식회사글로벌엔씨,김경섭,엄재훈,제주특별자치도 제주시 첨단로251 (영평동)
생성형 AI 서비스 구축 방안 정책연구용역,국군재정관리단,,81.139,2022-12-15,건국대학교 산학협력단,고영호,조정순,대전광역시 유성구 테크노3로65-0 (관평동) 한산에스메카 333호
K9자주포 연료펌프 성능개선 시제품 개발 기술 용역,육군정보학교,128817556.0,99.7,2021-04-21,티엠시 주식회사,김대웅,,"경기도 성남시 분당구 불정로219-0 (정자동, 한솔마을) 청구상가  비108호"
기술인력육성 보조사업자 운영성과평가 및 연구,방위사업청(운영지원과),106340289.0,87.034,2023-11-29,,박정기,양진,
군인ㆍ군무원 수당이력조사 및 유사직종사례 비교연구,국방부(운영지원과),,100.992,2017-11-23,주식회사 삼원산업,노광현,김호근,"서울특별시 구로구 경인로643 (신도림동, 신도림2차동아아파트) 203-602"
(20F088-A)소음영향도 작성을위한 소음측정및분석용역,국방대학교,,90.095,2020-12-13,(주)아인스에스엔씨,백영삼,윤미경,경기도 구리시 갈매순환로166번길45 (갈매동) 구리갈매아너시티S811
인공근육 기반 전투원용 슈트 개발 발전방향 연구,국군재정관리단,2117220.0,,2022-11-23,트루인터페이스(주),이귀숙,김희주,"경기도 고양시 일산동구 중앙로1305-30, 728호 (장항동, 일산마이다스오피스텔)"
추진장약 안정제 분석시험용 재료 구매,제2879부대,,74.073,2023-01-12,,,성진숙,
20-MTU엔진 PBL 비용대효과분석 및 성과지표 연구,육군본부,284007473.0,114.283,,사단법인 안보경영연구원,전건욱,,
지형 지질등을 고려한 지하형 탄약고 신축타당성 연구,방위사업청(운영지원과),,80.148,2018-01-01,호원대학교 산학협력단,,정봉원,"서울특별시 성동구 왕십리로 222, 한양대학교 내 한양종합기술연구원 110호(행당동)"
군 주거지원 법령의 문제점 및 개선방안 연구,공군본부,,98.913,,,,,
자동염기서열분석기 정비 및 검교정,공군군수사령부,,73.711,,주식회사 에코비투,김진준,정평길,경기도 고양시 덕양구 삼막1길3(오금동)
공개출처정보(OSINT) 활용 사이버위협 분석방안 연구,국군재정관리단,,,2016-06-15,한성대학교 산학협력단,신인균,김경환,
[연구소] 감정장비(컴퓨터 거짓말 탐지 세트) 구매,공군본부,4306548.0,,2020-02-03,,한민구,이민혜,
KUH-1 엔진 시험장비 고장예측시스템 개발 연구용역,해군본부,22921810.0,93.606,2023-07-24,사단법인 한국국가전략연구원,,,
입체영상 처리 및 분석 SW 유지보수,국방부(운영지원과),,88.528,2017-08-30,,,조영진,
20-쇄빙능력 보유 함정 건조/설계 기반기술 연구,국군수도병원,,,2022-11-22,,,,
2023 임상의학연구센터 통계프로그램 구매,국방부(운영지원과),18217486.0,,2021-12-01,,,,
월책 차단을 위한 혁신적 GOP 경계 플랫폼 연구,4284부대,223130973.0,88.278,2017-12-29,주식회사 팬웨스트에스앤티,양금식,심유진,서울특별시 영등포구 경인로763-0 (문래동3가) 제9호
교육연구자료 원문 DB 구축 용역,육군본부,12720218.0,,2020-06-01,,,,
(237283-E) 혈액가스분석기 소형 구매,해군본부,,111.743,2023-09-16,주식회사 휴콤,김종광,조종열,"서울특별시 관악구 봉천로340-2, 7층(봉천동)"
(247045-E) 24년 조달 연구장비 구매,국방부(운영지원과),2719250.0,102.325,,한국자동차연구원,김태동,박준성,서울특별시 관악구 관악로1 (신림동)
19년 지형분석장비 교체사업 리스,국방부(운영지원과),1010463.0,94.623,,,,변정옥,
범국민 안보의식조사 정책대안 연구용역,국군수도병원,,98.185,,,,,
19년 작전지속지원분석모델 유지보수(2018F124-G),육군교육사령부,,77.922,2022-01-17,,,,
사단 작전지휘시설 신축사업 선행연구 용역,해군본부,,,,,,,
22-함정 비행갑판 개조(Harpoon Grid 이동) 방안 연구,공군본부,154846231.0,89.46,2018-09-07,,,,
(236208-E) 차륜정비장비(분석기 차량엔진용) 구매,연평부대,,92.751,2024-09-23,주식회사코드원,김지영,안치수,"경기도 군포시 공단로140번길46, 1층 105호,106호,212호,213호 (당정동,엠테크노당정지식산업센터)"
휴대용화학물질분석기 등 2종 구매,육군본부,172637031.0,82.644,2022-12-14,,김주희,,
직ㆍ간접 전투경험 공유 확대 연구용역,육군본부,,95.091,2017-07-09,군정비지원센터,이정원,이지은,"서울특별시 중랑구 동일로754, 6동 201호(중화동, 우성타운)"
23년 육군 장기미래비전 연구용역,국방부(운영지원과),51726901.0,105.541,,주식회사 아이앤비,이성인,오승환,울산광역시 남구 갈밭로11-0 (삼산동)
신재생에너지 적용관련 군 에너지 정책방향 연구용역,4284부대,388177065.0,,2019-05-28,,,,
22-4-작전지휘시설 신축 선행연구용역,국군의무사령부,224770406.0,,2019-01-31,,홍영기,,
비행대대 조종사 적정 편제 및 대체 인력 운영 연구,방위사업청(운영지원과),50891123.0,109.277,2020-11-26,세종대학교산학협력단,이문걸,,"서울특별시 마포구 마포대로 173, 현대하이엘 816호(공덕동)"
23 군의료 특성화 연구(접경지역 외상환자 예후 분석),국군화생방방호사령부,,90.158,2022-01-25,재단법인 한국군사문제연구원,전건욱,,"경기도 성남시 수정구 위례대로83(창곡동, 국방문화센터)"
자운대 종합발전계획 연구용역,해군군수사령부,68128454.0,87.589,2022-07-07,시온하이텍,김성훈,김동신,"전라북도 군산시 산단남북로169, 군산친환경자동차부품알앤디센터 3층벤처기업 16호(312호)(오식도동)"
민관군 상생을 위한 다락대훈련장 운영방안 연구용역,국군재정관리단,14376254.0,,2019-08-01,,,박계향,"서울특별시 강남구 언주로527, 10층 (역삼동)"
군용항공기를 활용한 공중발사체 운영방안 연구,국방부조사본부,181554608.0,71.289,2017-11-03,,장복철,,"서울특별시 용산구 한강대로62길41, 3층 (한강로1가)"
23년 기술연구용역 계약 의뢰(3),국방대학교,,,,경희대학교산학협력단,,이기영,"경기도 안양시 만안구 만안로49, 519호(안양동, 호정타워)"
21년 차세대 첨단함정 건조가능성 검토 연구용역(ll),해군본부,,78.795,,,,박계향,서울특별시 노원구 화랑로574-0 (공릉동)
BLT급 쌍방훈련 제병협동훈련장 구축 연구용역,해군군수사령부,459570979.0,84.507,,주식회사 글로벌메타,이상환,김창관,부산광역시 동래구 여고로63번길86-0 (사직동) 1층
상호운용성 전문화교육체계 연구,방위사업청(운영지원과),,85.705,2019-11-06,주식회사 사이버앤네트워크연구원,박미경,신정희,"서울특별시 금천구 가산디지털1로1-0 (가산동, 더루벤스밸리) 1208호"
LiDAR 기술의 4차 산업 적용방안 연구용역,국방부(운영지원과),171411039.0,113.261,,상명대학교산학협력단,박문희,,
악성코드 동적분석 SW 라이선스 연장 구매,공군미사일방어사령부,56587445.0,78.669,2021-08-31,사단법인 녹색삶지식원,이영환,,전라북도 완주군 삼례읍 삼례로 443 우석대학교내(본관 12층)
한국형 긴급비행장피해체계 개발 연구 용역,제9691부대,,94.494,2020-06-25,,,,
국방군사시설 방호기준 제·개정 연구용역(21K021-I),국군복지단,,,2019-08-15,사단법인 안보경영연구원,전건욱,,"서울특별시 강남구 언주로527, 10층 (역삼동)"
해병대 복지회관 중장기 보수계획 연구 용역,국군재정관리단,106212513.0,95.986,2022-05-03,(사)국방시설연구협회,김진원,박계향,서울특별시 광진구 군자동98 집현관 216
KAAV RCWS/KAAV-Ⅱ총수명주기 비용에 관한 연구용역,공군본부,,,2018-05-31,세종대학교산학협력단,이정화,,"서울특별시 노원구 화랑로 621(공릉동, 서울여자대학교)"
의학연구소 영상진단장비,국군의무사령부,134413214.0,85.969,2023-12-12,,,,
(217215-D)디지털 포렌식 분석장비 교체,공군본부,231958177.0,,2020-07-06,티에스와이,박준빈,박병희,"경기도 안양시 동안구 시민대로387  A동 1201-1호(관양동,디지털엠파이어)"
전차와 육군헬기의 혁신적인 운용개념 발전 연구,공군항공안전단,,,,국립금오공과대학교산학협력단,정병훈,김지훈,"서울특별시 서초구 신반포로303, 101호 (잠원동, 에스엘빌딩)"
CN-235 항공기 특성(RCS/IR Signature) 연구,공군군수사령부,508471586.0,,2020-06-24,,,,
[연구소] 유전자 자동염기서열 정비 및 검교정,공군본부,77466776.0,94.012,2021-06-29,라온시스템즈(주),이성로,송문수,대전광역시 유성구 테크노9로35-0 (탑립동) 지능로봇산업화센터 406호
스마트 탄약정비공장 구축방안 연구용역,국군재정관리단,,83.419,2021-01-09,,,김근우,
신규 유도무기 적정 신뢰도 유지방안 연구,방위사업청(운영지원과),,,2016-10-12,명지대학교 산학협력단,안성일,황병윤,서울특별시 강남구 테헤란로77길11-19 (삼성동) EAN빌딩
2019년도 방위산업기술 보호수준 분석 및 진단연구,국방부(운영지원과),162626204.0,,,,신관우,,
주요체계 사이버위협분석 및 대응방안 연구용역,방위사업청(운영지원과),166590425.0,84.594,2021-04-21,(사)21세기군사연구소,최권석,,"서울특별시 종로구 홍지문2길20-0 (홍지동, 상명대학교)"
20-공무직근로자 임금체계 연구용역(K041),공군본부,,84.167,2022-10-24,사단법인 안보경영연구원,박정기,,"서울특별시 강남구 언주로527, 10층 (역삼동)"
서북도서용 무인항공기 선행연구,방위사업청(운영지원과),,,,육군사관학교 산학협력단,박문희,배미선,대전광역시 유성구 대학로291-0 (구성동)
국방획득 유연성제고 위한 선진국 획득사례 연구,육군본부,,,2019-04-11,,정봉원,,"충청남도 논산시 대학로 121, 건양대학교 산학협력단(내동)"
항공통제기2차사업 기종결정평가 연구용역,방위사업청(운영지원과),69427528.0,96.028,2022-08-13,사이모빌 주식회사,김광식,박장권,"서울특별시 강남구 강남대로62길24-0 (역삼동,해송빌딩)3층"
공병분야 M&S 연구용역,국방부(운영지원과),,,,(주)이에이치,고윤안,남혜정,"서울특별시 구로구 디지털로32길30-0 (구로동, 코오롱 디지털타워 빌란트) 1차 1004호"
35사단 동원훈련장 생활관 시설사업 선행연구 용역,국군재정관리단,148822816.0,,2020-08-10,주식회사코넥,박상길,정명화,경기도 군포시 번영로497(산본동 금화프라자) 502호
해병대사령부 통.폐합과 재창설에 관한 연구용역,국군재정관리단,102917397.0,77.302,2020-07-06,사단법인 대한민국해군발전협회,,오원석,충청남도 논산시 양촌면 황산벌로1040
공군 정보통신 준·부사관 특기체계 개선방안 연구,국방부(운영지원과),,85.706,2020-05-24,,,유상지,
헬기와 UAV의 통합운용을 위한 비행장 설치방안 연구,방위사업청(운영지원과),71775616.0,77.645,2017-01-27,,,,
미래 해양강군 해군비전 2045개정 방향 연구,국방부조사본부,146792687.0,72.536,,단국대학교 산학협력단,김정윤,,경상북도 구미시 산동읍 강동로730
통합교육정보체계 고도화 개념연구 용역,방위사업청(운영지원과),69440836.0,,,,김주희,,
도면(2D 및 3D) 통합관리방안 연구용역,해군본부,22576761.0,,2016-10-09,사단법인 통일안보전략연구소,김용주,이창환,"서울특별시 용산구 청파로47길 100, 숙명여자대학교내(청파동2가)"
천궁 창정비 시설사업기본계획 연구용역,국군의무사령부,26556114.0,81.352,2020-07-20,오릭스캐피탈코리아(주),두인환,최승룡,"대전광역시 유성구 한밭대로138 (노은동, 노은노블레스) 201호"
19-운용함정 소음 진동 성능점검 기술연구 용역,육군교육사령부,322810653.0,81.536,2016-07-19,사단법인 안보경영연구원,전건욱,,"서울특별시 강남구 언주로527, 10층 (역삼동)"
00부대 신축 시설사업 선행연구 용역,방위사업청(운영지원과),,85.212,2018-03-14,,,,
한국형 임무형 지휘와 리더십 관계 정립 연구용역,육군본부,77698635.0,71.434,2019-11-10,재단법인 한국군사문제연구원,김형철,,"경기도 성남시 수정구 위례대로83(창곡동, 국방문화센터)"
해군 부사관 조직문화 혁신방안 연구용역,국군재정관리단,678044399.0,,,,,,
AI를 적용한 화생방 드론봇 전력체계 연구 용역,육군교육사령부,75336998.0,92.088,2020-10-06,한국여성정책연구원,권헌영,,"충청남도 논산시 대학로 121, 건양대학교 산학협력단(내동)"
기초자치단체 비상대비업무 담당자 신편방안 연구,해군본부,50797592.0,106.529,,,권시형,박진호,
항공통제기 2차 시설사업 기본계획 수립 연구용역,국군의무사령부,30095393.0,83.746,2017-07-26,,,신호철,
연구소 장비(분광광도계 등 4종)구매,국방부(운영지원과),72834499.0,94.417,,사단법인 안보경영연구원,박정기,,"서울특별시 강남구 언주로527, 10층 (역삼동)"
ㅇㅇ학교 전통 계승 및 발전방안 학술연구용역,합동참모본부,,80.411,,주식회사 공공정책성과평가연구원,이도형,권시형,"서울특별시 영등포구 의사당대로22, 8층 9층 10층(여의도동, 이룸센터)"
전투준비태세 평가체계 발전방향 연구,국방대학교,67769054.0,72.191,,(사)21세기군사연구소,노희영,황병윤,"서울특별시 금천구 가산디지털2로184, 10층 1017호(가산동, 벽산디지털밸리2차)"
(236367-B)표적분석용 워크스테이션 구매(리스물건),국군재정관리단,,94.861,2024-07-26,주식회사 에이티앤아이,김희숙,이영은,"서울특별시 성북구 종암로22길12-8, 2층 201호(종암동)"
진로도움 프로그램 성과분석 및 개선방안 연구,국군재정관리단,,69.99,,주식회사도시경영연구원,,김해진,
계엄의 민주적 통제방안을 위한 법 제도 연구,육군항공학교,,79.074,,,,박미영,"인천광역시 중구 인중로 178, 제이엘타워 1001호(사동)"
군사시설부문 온실가스 감축 계획수립 연구,국군재정관리단,,73.491,2019-11-02,주식회사 화성에어토탈,강석균,김혜정,"경기도 고양시 덕양구 능곡로13번길16-0 , 202동 2401호(토당동, 능곡2차현대홈타운)"
세계안보정세분석 연구용역,방위사업청,,81.206,2022-03-07,사단법인 안보경영연구원,전건욱,,"서울특별시 강남구 언주로527, 10층 (역삼동)"
고출력레이저 위성추적체계 구축방안 연구,국방부(운영지원과),,101.493,2023-02-15,,박정기,,
17년 분광분석 폭발물탐지 연구용역,해군본부,214753694.0,89.215,2016-12-13,사단법인 안보경영연구원,박정기,,"서울특별시 강남구 언주로527, 10층 (역삼동)"
20-PKMR엔진 PBL 비용대효과분석 및 성과지표 연구,공군본부,,70.759,2016-07-16,,,,
워리어플랫폼 미래단계 추진방향 연구용역,국군의무사령부,25192930.0,,,,,,
운용함정 손상대응 훈련 시나리오 연구 용역,해군본부,61455897.0,102.053,2020-06-21,,,,
`23년 사단 작전지휘시설 신축사업 선행연구용역,국방대학교,209818428.0,112.119,2019-03-30,매쉬미디어(주),김영국,김남용,경기도 안산시 상록구 광덕1로355-0 (이동)월드비지니스센타 41-4호
육군 안전수준 진단체계 연구,제9691부대,176376030.0,,2018-06-27,,권시형,,
전차 조준선 정렬 시스템 개발 연구용역,국방부조사본부,247055234.0,,2020-06-27,,,김근우,
이동형장거리레이더 시설사업기본계획 연구용역,공군교육사령부,349924822.0,80.405,2021-11-12,,유훈,,
해군수병 역량강화 프로그램 추진 연구용역,육군인사사령부,106934915.0,101.615,,주식회사 한컴인스페이스,김용주,조명희,"경상남도 창원시 마산회원구 내서읍 중리공단로65-0 경남테크노파크 자동차로봇센터 메카공장동 1-1, 204, 205호"
연구활동 재료(시약) 113종 구매 ,국방부(운영지원과),,,2018-12-16,,,,
22-작전지휘시설 신축 분석평가 및 선행연구 용역,국방부,,,2021-04-05,,,김미진,
22년 의무장비(자동분석기 생화학용 중형) 구매,육군군수사령부,199585323.0,90.24,2021-08-16,주식회사 가람메드,임정숙,전영은,"서울특별시 영등포구 영등포로150,A동 L152호,1304호~1313호"
군급식조달체계변화에따른적정급식비산출에대한연구,공군교육사령부,84835089.0,,2021-01-14,신승하이텍,김종하,박수정,서울특별시 강남구 논현로189길6 (압구정동)
(236366-F) 네트워크 트래픽 수집 및 분석 장비 구매,국군재정관리단,460756782.0,95.806,2024-02-12,김근우시스템공학기술연구소,노광현,황병윤,서울특별시 성북구 삼선교로16길116-0 (삼선동2가)
(216032-G) 차륜형장갑차 센서데이터 수집 분석체계,육군 제3808부대,119223796.0,,2022-01-14,(사) 한국관세무역개발원,오중산,최명진,대전광역시 대덕구 대전로1397번안길70-0 (읍내동)
(227258-F)사이버 기술분석용 장비/SW 도입,공군본부,161796333.0,85.88,2022-12-31,,박정기,이준식,
미래 육군 여군인력 활용성 제고방안 연구,방위사업청(운영지원과),,,2018-05-17,(주)포항자재,이희윤,이수현,"경기도 고양시 덕양구 용현로10-0, 508동 203호 (행신동, 무원마을5단지 아파트)"
24-첨단기술활용한 피아식별(인원) 방안연구 용역,육군본부,,,2022-01-20,주식회사 삼우에이엔씨,양금식,박병희,경기도 양주시 장흥면 권율로86-1 (그린숲타운)108동502호
국방컨벤션 발전방향 연구용역,육군정보통신학교,24104570.0,88.855,2018-02-13,서울대학교 산학협력단,백명기,,"전라북도 군산시 임피면 호원대3길 64,"
항공기 운영이력 빅데이터 수집 및 분석기법 연구,공군본부,130252714.0,87.759,2022-06-21,주식회사 대영퓨처스,김석환,남혜정,서울특별시 용산구 한강대로46길25-0 (한강로2가) 401호
[24-육-173] 영상분석 SW 라이선스 구매(리스물건),합동참모본부,,93.074,,대길상사,박정주,김현덕,"대전광역시 서구 도산로485-0, 4층 (탄방동)"
22~23년 공군 전자정보 수집/분석장비 유지보수,공군본부,,,2024-03-30,주식회사 진성하이텍,정양수,김재경,"경기도 용인시 처인구 모현읍 외대로25번길12-26 (라인빌리지), 201동 302호"
군단정찰용 무인항공기-Ⅱ 시설사업 선행연구,육군인사사령부,36181635.0,85.644,2016-12-29,국방대학교산학협력단,경상현,박계향,서울특별시 광진구 천호대로524-0 (군자동)
전탐감시대 감시장비 원격통합감시체계 구축 연구,국방대학교,,83.332,2020-08-29,주식회사 안보기술연구원,서용석,이우학,대전광역시 유성구 대학로291-0 (구성동)
23-고출력에너지 무장 함정탑재 요구조건 연구,해군본부,115095039.0,100.029,2022-07-26,(사)한국전략문제연구소,전건욱,,"서울특별시 강남구 언주로527, 10층 (역삼동)"
방위사업에 특화된 계약법 제정을 위한 연구,육군인사사령부,407715798.0,93.687,,,김주희,,
18-공군 비행교수법 교육 프로그램 개선 및 개발 연구,방위사업청(운영지원과),,,,(사)한국전략문제연구소,전건욱,,"서울특별시 강남구 언주로527, 10층 (역삼동)"
예비군훈련 원격교육 적용방안 연구,제2879부대,74973465.0,89.249,2020-07-27,고려대학교산학협력단,이문걸,이기찬,서울특별시 영등포구 영등포로35길10-0 (영등포동6가) 8층 809호
안보학술진흥연구용역(3.국내안보환경분석또는),제9691부대,15940482.0,96.967,,육군3사관학교 산학협력단,이승후,강윤진,충청북도 청주시 상당구 월평로250번길6-0 (용암동)
전차와 육군헬기의 혁신적인 운용개념 발전 연구,국방부(운영지원과),,84.601,,(사)한국전략문제연구소,전건욱,,"서울특별시 강남구 언주로527, 10층 (역삼동)"
ArmyTIGER4.0네트워크정보유통능력분석연구용역,제3130부대,468819574.0,84.359,,주식회사  코리아리서치인터내셔널,채순기,권시형,"서울특별시 강남구 봉은사로129-0 (논현동, 거평타운오피스텔) 1126호"
대형 후속사업 추진시 기종결정 평가항목 연구,공군본부,137008465.0,92.35,2019-02-03,주식회사 아이에스오토,조인태,,충청북도 청주시 서원구 성화로99
기술연구 환경구축 사업 리스,육군본부,,96.647,2018-09-10,사단법인 안보경영연구원,,,
전투근무지원정최적화및친환경선박기술연구,연평부대,67932347.0,91.717,2021-02-11,,,,
레이저대공무기사업 선행연구 및 운용요구서 연구,국방부,206738273.0,105.457,2016-02-24,한국직업능력연구원,김재영,,"서울특별시 영등포구 의사당대로22, 8층 9층 10층(여의도동, 이룸센터)"
전차 조준선 정렬 시스템 개발 연구용역,공군본부,368674887.0,,,,,,
24년 전반기 육군 정책연구 과제 연구용역,육군본부,53557513.0,91.817,2021-09-17,,,,
국방특허 권리이전 업무를 위한 특허 권리분석(1차),국방부(운영지원과),48916819.0,,2022-09-14,연세대학교 산학협력단,정봉원,우지민,"서울특별시 금천구 가마산로96-0, 213호(가산동, 대륭테크노타운8차)"
운용함정 손상대응 훈련 시나리오 연구 용역,공군본부,,87.524,2017-07-13,와이파이컴퍼니,김정옥,최선미,"서울특별시 금천구 가산디지털1로145,12층 1207호(에이스하이엔드타워3차)"
18년 지상군 전시자원소요분석모델 유지보수 용역,육군본부,,,,주식회사 인섹사이버시큐리티,김승준,김문선,대전광역시 대덕구 오정로78번길114 2층 (오정동)
군 급식제도의 시스템 개선을 위한 연구,국방부(운영지원과),19089274.0,87.749,2022-11-03,,정봉원,,
2020년 군 조직의 양성평등 지표 조사 및 분석 연구,국방부(운영지원과),,,2016-08-02,,,,
군 리더십코칭 프로그램 개발 연구용역,공군본부,59827479.0,,,,,,
동원전력 내실화 방안 연구용역,국군재정관리단,,90.598,2018-01-29,,,,
(23G048-I)생물안전3등급 연구시설(BL-3)유지보수용역,방위사업청(운영지원과),374393425.0,89.049,2022-10-27,(사)국방시설연구협회,박장권,이재광,서울특별시 성북구 삼선교로16길116-0 (삼선동2가)
DNA정량분석기 등 7항목 구매(의무),육군본부,432464197.0,,,케이엠글로벌,김종광,,"경기도 성남시 중원구 둔촌대로457번길 27, 우림라이온스밸리1차815(상대원동)"
대함유도탄 방어유도탄 양산사업 비용분석,국군의무사령부,,,2023-11-23,,김진욱,김은민,"서울특별시 금천구 가산디지털2로184, 10층 1017호(가산동, 벽산디지털밸리2차)"
미래 한국군 통합사이버전 수행방안 연구,공군군수사령부,65948647.0,,2023-06-12,,,김지훈,
미래 해양강군 해군비전 2045개정 방향 연구,국군재정관리단,113952065.0,84.75,,사단법인 안보경영연구원,전건욱,,"서울특별시 강남구 언주로527, 10층 (역삼동)"
차륜형장갑차 성능개량 사업 비용분석,방위사업청(운영지원과),77660147.0,,,한국환경설계(주),김두식,우지민,"경기도 군포시 번영로514, 601호(금정동)"
특수 과학화 전술훈련장 선행연구 용역,제2879부대,,92.12,2019-05-13,사단법인 안보경영연구원,전건욱,,"서울특별시 강남구 언주로527, 10층 (역삼동)"
00부대 스마트 자동화 저장창고 신축 비용분석 연구,국방부(운영지원과),,,2023-08-03,,,,
빅데이터 기반 공중전투 기동 분석기술 연구용역,제7군단,274692024.0,74.38,,,정의붕,박계향,"서울특별시 영등포구 63로40, 202호(여의도동)"
잠수함 근무환경의 분석 및 건강모델개발 용역,방위사업청(운영지원과),,93.908,2020-11-08,주식회사 반석건설엔지니어링,조종열,유완종,"서울특별시 영등포구 63로 32, 라이프콤비빌딩702호(여의도동)"
인공지능 전차 비사격 훈련시스템 개발 연구용역,방위사업청(운영지원과),48622139.0,,2017-07-24,,정의승,박유정,서울특별시 노원구 화랑로574-0 (공릉동)
동서지형의 차이를 고려한 부대 및 전력구조 연구용역,국방부(운영지원과),,83.732,2018-07-07,주식회사 바로텍시너지,한영수,,
해군수병 역량강화 프로그램 추진 연구용역,국방부(운영지원과),208378241.0,,2019-02-23,,,경상현,
내부피폭선량분석셋(삼중수소 전처리장비셋) 구매,방위사업청(운영지원과),114647984.0,85.062,2020-01-09,,,김현숙,
분석기(비행조종계통 점검용)외1종 구매(16-38),국방부조사본부,36332756.0,,,,,,
정밀측정장비(제원분석기) 구매,육군본부,,,,,,차윤아,
2024년 임상의학연구센터 통계프로그램 구매,공군사관학교,29952064.0,93.403,,서준코퍼레이션,김운용,이철호,경기도 오산시 삼미로47번길81-12 (내삼미동)
군 성폭력 사건 분석 연구,육군본부,,86.539,2023-01-31,,,,
20-해군 무장체계의 효율적인 창정비 방안 연구,국방부(운영지원과),56568533.0,83.62,2022-04-18,(주)아이디어정보기술,강윤진,김소미,"대전광역시 유성구 대학로 27, 현대리조텔 2층(봉명동)"
수중자율기뢰 탐색체(AUV) 사업분석,방위사업청,,92.366,,한성대학교 산학협력단,이정환,김정일,서울특별시 서대문구 충정로53-0 (충정로2가) 골든타워빌딩 1701호
국방전직교육사업 스마트플랫폼 구축방안 연구,공군사관학교,12298723.0,81.818,2020-02-14,,,,
스펙트럼용 분석기 구매,육군본부,144137155.0,,,MRO Tech(엠알오텍),한만웅,안병선,"서울특별시 금천구 가산디지털1로5, 대륭테크노타운 20차 1934호"
18-오일 오염도 분석기 구매,국군수도병원,,,2022-03-13,(주)이에이치,정진욱,최은수,"인천광역시 남동구 서창남순환로190-15 (서창동, 서창퍼스트뷰아파트) 718동 301호"
공개SW 군 확산을 위한 정책수립 연구,국군재정관리단,95655910.0,87.333,2019-11-02,재단법인 한국군사문제연구원,김형철,,"경기도 성남시 수정구 위례대로83(창곡동, 국방문화센터)"
한국형 공지기동부대 작전수행개념 연구용역,육군교육사령부,,71.12,2019-03-13,(사)21세기군사연구소,이용훈,이기찬,"서울특별시 금천구 가산디지털2로184, 10층 1017호(가산동, 벽산디지털밸리2차)"
[24-육-6] M&S 체계구축  활용방안 연구,합동참모본부,19227228.0,105.088,2022-11-26,국방대학교산학협력단,권시형,권시형,"서울특별시 송파구 법원로11길25-0, A동 1310호(문정동, 에이치비즈니스파크)"
영평사격장 주변지역 주민이주 방안 연구,국군재정관리단,,,,사단법인 안보경영연구원,전건욱,,"서울특별시 강남구 언주로527, 10층 (역삼동)"
21-공-회로분석기 구매,국군의무사령부,,80.159,2018-10-08,(주)한진이엔아이,김성찬,정경아,대전광역시 대덕구 오정로78번길114 2층 (오정동)
24년 의무장비(요분석기) 구매,공군항공안전단,,,,(주)두두아이티,,,세종특별자치시  시청대로370-0
용산헬기장 소음영향평가 연구용역,제9691부대,,80.371,,한국과학기술원,김근우,황병수,경상남도 진주시 동진로420 (충무공동)
미래 육군 전술감시체계 운영개념 정립 기술연구 용역,국방대학교,58347685.0,,2017-12-08,,,김한욱,
전군 연례 리더십 수준 진단 연구용역,국군제1068부대,17923077.0,80.213,,,,경상현,"전라북도 군산시 임피면 호원대3길 64,"
수중전술기기통제사 자격 신설 연구,국방대학교,5708936.0,,2020-07-19,이성 주식회사,박종재,이성로,서울특별시 성북구 삼선교로16길116-0 (삼선동2가)
22년 기술연구용역 계약(3),국방부(운영지원과),,88.554,,에스엔케이와이즈주식회사,박장권,박정수,서울특별시 강서구 마곡중앙5로1길20 (마곡동) 520호
전투발전세미나 수행 연구용역,국군재정관리단,,,,한국직업능력연구원,,박문희,"인천광역시 중구 인중로 178, 제이엘타워 1001호(사동)"
[연구소] 유전자 자동염기서열 정비 및 검교정,제2879부대,,107.922,2017-12-25,(사)21세기군사연구소,,이상규,"서울특별시 강남구 테헤란로64길13, 504호 (대치동, 선릉역 풍림아이원레몬)"
작전환경고려 전투실험 방법 및 평가 분석방법 연구,국군재정관리단,102399713.0,,2019-10-21,한빛디엔에스(주),경상현,,"부산광역시 연제구 중앙대로1054번길6, 5층 (연산동)"
공군 예비군훈련장 권역화 · 과학화 구축방안 연구,공군군수사령부,185582749.0,85.456,2017-05-25,,박정기,,
21-해양 기반 우주작전 개념 및 전력발전 방안 연구,육군본부,159006230.0,,2020-11-14,주식회사 발렌베리,권민정,이연정,"서울특별시 구로구 디지털로31길41-0, 603호, 604호, 605호(구로동, 이앤씨벤처드림타워6차)"
18년 분석용모델 유지보수 용역,해군본부,80384694.0,84.095,2022-08-22,사단법인한국국가기록연구원,전춘석,경상현,서울특별시 서초구 서초동1432-13 202
K1A1전차 성능개량 사업분석,해군본부,46615672.0,,2021-11-29,주식회사  인섹시큐리티,유완종,김경호,경기도 성남시 분당구 판교역로 220(삼평동 673)
군사시설 유형별 시설기준 제 개정 연구,공군제18전투비행단,56820523.0,93.666,2017-11-28,,,,
신기술 연구개발 기반체계 구축 및 백업체계 교체,국군재정관리단,,,,,정의승,김승범,
중형기동헬기(UH/HH-60) 성능개량사업 비용분석,국방대학교,38000270.0,86.85,,사단법인 안보경영연구원,박정기,,"서울특별시 강남구 언주로527, 10층 (역삼동)"
군무원 적정 충원 비율에 관한 연구 용역,해군본부,132183773.0,,2019-03-27,,,,
미래 작전지속지원 수행개념 및 핵심요구능력 연구,국방부(운영지원과),180559529.0,76.077,2018-07-13,,,이동희,
계기착륙장치(ILS)사업 선행연구,방위사업청(운영지원과),28739537.0,,2017-10-05,주식회사 베테랑콤,,,"서울특별시 금천구 가산디지털2로184, 10층 1017호(가산동, 벽산디지털밸리2차)"
해안 경계력 보강 사업 선행 연구,국군재정관리단,55125891.0,75.63,,,,윤진영,
KF-16 AIFF 점검 및 교환 기술 개발 연구 용역,국군재정관리단,,78.498,2017-06-14,,,,
기술교범 국제규격 S1000D 적용 방안 연구,제9691부대,,101.884,,주식회사 누리아이코리아,김한희,김영애,"경기도 고양시 덕양구 삼원로73, 721호(원흥동, 원흥한일윈스타)"
23년 전투실험발전 연구용역(2),국군재정관리단,69234837.0,,2020-05-24,한국생산성본부,안완기,김재욱,서울특별시 강남구 논현로189길6 (압구정동)
미래 육군 상비병력 절감방안 연구,공군교육사령부,,90.773,2021-06-14,(사)21세기군사연구소,,이동근,서울특별시 관악구 관악로1 (신림동)
DNA정량분석기 등 7항목 구매(의무),공군군수사령부,127680082.0,,2021-12-27,주식회사 베테랑콤,이문걸,박은하,서울특별시 용산구 한강대로46길25-0 (한강로2가) 401호
22-군 비행장 조명시설 표준화 연구용역,국방부(운영지원과),,,,,유훈,권시형,"서울특별시 송파구 법원로11길25-0, A동 1310호(문정동, 에이치비즈니스파크)"
24년 국방연구개발사업의 성과조사 · 분석 연구 ,공군본부,22192372.0,64.129,2023-02-17,기관상사,이상희,박정자,인천광역시 미추홀구 인하로100-0 (용현동) 인하대학교
공군 방공포부대 이전 요구 연구용역,공군본부,9748439.0,80.175,2017-11-20,KEYSTONE CG(키스톤씨지),김양훈,이희국,"서울특별시 송파구 송파대로167 , 비동 1303호 (문정동, 문정역테라타워)"
사이버위협 분석체계 개선사업,육군본부,233898169.0,88.801,2020-09-09,국민대학교산학협력단,김민철,성진숙,"대전광역시 유성구 대학로 99(궁동, 충남대학교)"
(227135-E)디지털포렌식 조사분석도구 구매,국군재정관리단,4724339.0,105.116,2021-11-14,유한회사 행정과 소통연구소,김태호,박용준,충청남도 아산시 신창면 순천향로22 앙뜨레프레너관 E404호
상층대기분석장비 유지보수,공군본부,153276004.0,,2021-05-20,주식회사 진성하이텍,김성도,이수현,부산광역시 사상구 학장로135번길62 (학장동)
보령 공군사격장 민관군 상생협력방안 연구용역,방위사업청(운영지원과),83584787.0,85.071,,세종대학교산학협력단,한민구,,"서울특별시 금천구 가산디지털2로184, 10층 1017호(가산동, 벽산디지털밸리2차)"
(236306-F)지형분석장비 교체사업(리스물건),방위사업청(운영지원과),,87.805,2023-06-19,엠제이코리아,홍광표,홍세준,"경기도 광명시 사성로103번길14 (철산동, 광복현대아파트)106-508"
00 군공항 설계기본요구조건 작성 연구용역,제20전투비행단,22540554.0,93.037,,,,,
00부대 지형분석장비(워크스테이션) 구매(20197163-B),육군본부,240765120.0,81.025,,(사)한국위기관리연구소,김종수,김태영,"서울특별시 은평구 진흥로 225,(불광동)"
디지털증거분석 수사체계 구축(208050-A),합동참모본부,105486475.0,,,,,최승룡,
실전적 모의지원 연구,국방부(운영지원과),46502964.0,,,,,,
의무시설 시설공사비 적정 편성 기준 연구,국군재정관리단,33053086.0,,,,이문걸,경상현,
알코올 대사체 분석방법 연구,국군수송사령부,247934144.0,75.12,,육군사관학교 산학협력단,,이재평,
음원수집장비 및 음원분석 워크스테이션 구매설치,국군재정관리단,,98.303,2021-04-16,국립금오공과대학교산학협력단,임근우,황인선,"제주특별자치도 제주시 연북로21-0, 에코에비뉴 1609호"
고출력레이저 위성추적체계 구축방안 연구,국군재정관리단,66953942.0,,2021-08-12,연세대학교 산학협력단,김진욱,장재필,서울특별시 관악구 관악로1 (신림동)
국방군사시설 건축바닥면적 기준 개정 연구용역,국군재정관리단,866580.0,90.712,2019-04-16,,,,
단안형 야간투시경 조리개 개발 연구용역,국방부조사본부,,,2019-01-31,주식회사 쏠바이오텍,최현선,권호영,대구광역시 달서구 와룡로45길10-14 (죽전동)
(207180-H)스펙트럼측정/분석장비 노후교체,육군본부,663129.0,75.795,,(주)싸이버텍,김진욱,김은영,서울특별시 용산구 이태원로29-0 (용산동1가) 전쟁기념관 435호
18-공군 비행교수법 교육 프로그램 개선 및 개발 연구,국방부(운영지원과),,89.269,,사단법인 안보경영연구원,전건욱,,"서울특별시 강남구 언주로527, 10층 (역삼동)"
23-1차 개념설계 기술지원 연구용역,합동참모본부,45603843.0,79.538,2022-02-22,,,조현정,
19-한국 해양안보에 미치는 갈등요인과 대응방안 연구,방위사업청(운영지원과),50429447.0,88.175,2017-06-18,씨지에스아이티(주),이희석,유선미,인천광역시 미추홀구 인하로100-0 (용현동) 인하대학교
18-미래 해상 무인/자율무기체계 개발방향 연구,국군재정관리단,15534998.0,,,,,,서울특별시 노원구 화랑로574-0 (공릉동)
4차 산업혁명 기술 함정적용 방안 연구용역,제6619부대,163654376.0,88.469,,(주)심네트,홍양희,,울산광역시 동구 방어진순환도로1000-0(전하동)
감염 및 외상분야 군의료 특성화 연구(2차),육군본부,12211426.0,75.657,2019-10-06,(주)동양기술,권오경,최재현,"서울특별시 구로구 디지털로242, 1605호(구로동, 한화비즈메트로1차)"
5인치 함포용 사거리연장탄 사업분석,국방부군사편찬연구소,287746962.0,91.418,2023-03-28,주식회사 한국엔브이,홍지유,심지민,"서울특별시 금천구 서부샛길606, A동 2410호 (가산동,대성디폴리스지식산업센터)"
군사시설 타운화 개념의 부대 재배치 방안 연구,육군 제3808부대,85805919.0,60.74,,주식회사 씨이지앤드플러스,,이희석,"경기도 안양시 동안구 학의로282, 501호,502호,503호 (관양동, 금강펜테리움아이티타워)"
국내 대형민간항공기 활용 공중발사 가능성 분석 연구,육군 제3808부대,34391042.0,85.499,2020-01-27,디와이아이앤씨주식회사,정형수,정태량,대전광역시 서구 도산로403번길21 전자타운419호
방위사업의 산업파급효과 계수 도출을 위한 연구,방위사업청(운영지원과),,94.745,2018-07-10,국방기술품질원,김재영,이윤아,"경기도 성남시 수정구 복정로84번길 22-15,(B-001호) (복정동)"
안보학술진흥연구용역(1.국가안보문제에관한이론),육군교육사령부,56840228.0,93.438,2017-12-29,사단법인 국방지능정보기술융합협회,이영환,류제성,"충청남도 논산시 대학로 121, 건양대학교 산학협력단(내동)"
20-지형분석체계 교체(리스물건)(208080-A),육군교육사령부,44886720.0,,2018-01-22,젠트리거,이귀숙,김태영,충청북도 청주시 청원구 오창읍 농소길33-56
사회공학기법과 사이버 작전과의 연계성 연구,육군본부,12484388.0,78.622,2021-08-11,국방대학교산학협력단,김진욱,최동숙,"서울특별시 강남구 언주로319, 5층,6층(역삼동,조우회관)"
한국형 레이저 무기 조기도입 개발전략 연구,합동참모본부,117274067.0,81.857,,(주)심네트,김재영,이수행,대전광역시 유성구 테크노3로65-0 (관평동) 한산에스메카 333호
융합형 신개념기술시범(ACTD) 제도 정립방안 연구,국군재정관리단,208376711.0,99.389,2017-11-28,엘아이지넥스원주식회사,이윤문,조혜진,충청북도 청주시 상당구 남일면 단재로635(공군사관학교)
화학작용제 자동분석기 MM-1 외주정비,국군수도병원,,107.67,,주식회사 우성텔레콤,김영우,이의재,경기도 안양시 동안구 관양로269-5 (관양동) 3층
00기지 항공유 저장탱크 신·증축 선행연구,4284부대,14659169.0,,,이상시스템,김태호,이정헌,"인천광역시 서구 보듬로158, 공존11층 1131호(오류동, 블루텍)"
위성전군방공경보체계 경미한 성능개량 사업분석,국군재정관리단,127971566.0,,,한국과학기술원,정의붕,조희정,서울특별시 성북구 삼선교로16길116-0 (삼선동2가)
급식유통센터 성과분석 및 (경남권)필요성 연구,국방부(운영지원과),142396.0,87.658,2020-04-30,사단법인 안보경영연구원,전건욱,,"서울특별시 강남구 언주로527, 10층 (역삼동)"
전술이동통신체계 구축방안 연구용역,국방부(운영지원과),,,,,전건욱,,
19-군 자체 안전보건경영시스템 인증제도 구축 연구,국방부(운영지원과),,71.456,2023-02-14,한양대학교 산학협력단,김주희,이광민,
전투준비태세 평가체계 발전방향 연구,공군본부,,88.345,,(주)에프오알엠도시건축공간연구소,김재영,,"부산광역시 해운대구 센텀동로 35, 센텀SH밸리 404호(우동)"
17-방공관제사-94 보급수송과 스펙트럼 분석기/3품목,국방대학교,,,,국민대학교산학협력단,최양열,장미선,경기도 수원시 장안구 하률로12번길80-0 (천천동)
유도탄검사장비(00체계 가스승압기  가스분석기) 정비,국군수도병원,110760754.0,86.99,2023-06-08,,,이상규,
효율적 획득업무 수행을 위한 WBS 표준화 연구,국군의무사령부,34262314.0,76.123,2021-12-13,,,박정자,
월간지(안보현안분석  린사포럼) 인쇄 용역,국군재정관리단,109196699.0,69.913,,중앙대학교 산학협력단,,박계향,"서울특별시 금천구 가마산로96-0, 213호(가산동, 대륭테크노타운8차)"
효율적인 유지보수 사업관리 방안 연구,해군본부,,97.291,2016-11-07,한국생산성본부,최영복,이지유,"경기도 군포시 고산로148번길17-0, B동 1303호, 1304호, 1305호(당정동, 군포IT밸리)"
24년 전투실험발전 연구 용역(2),공군사관학교,,87.006,2021-04-10,(사)국방시설연구협회,신희준,,서울특별시 강남구 남부순환로 2806()
24년 국방민원서비스 만족도 조사 연구,해군본부,,,2020-08-11,대광산업,홍순모,오흔정,"대전광역시 유성구 한밭대로138 (노은동, 노은노블레스) 201호"
디지털 증거분석체계 라이센스 확보,국군화생방방호사령부,,,2021-01-17,티쓰리큐 주식회사,임정숙,최규식,"경기도 군포시 고산로148번길17-0, B동 1303호, 1304호, 1305호(당정동, 군포IT밸리)"
24-미래 공군병력 부족 대비 인력공급 확대방안 연구,국군의무사령부,374665081.0,87.354,,,,,
성희롱 등 사건분석을 통한 조직문화 개선방안 연구,해군본부,,,2020-12-13,(사)21세기군사연구소,,박계향,
국방·군사시설기준 부분개정 연구용역,해군군수사령부,57781266.0,,2017-01-10,,,,"서울특별시 용산구 한강대로62길41, 3층 (한강로1가)"
전시 공군탄약소요산정 모델 개선ㆍ보완 연구,제9691부대,121674196.0,,2017-04-25,군정비지원센터,유재웅,김우중,"경기도 성남시 중원구 사기막골로159-0 (상대원동, 금강하이테크2 아파트형공장) 711호"
복합형 회전익기 통합 설계/해석 M&S 연구용역,방위사업청(운영지원과),,93.895,2019-08-10,,,이민행,
복합무기체계 시험평가 제도개선에 관한 연구,국방부(운영지원과),72756572.0,88.903,2023-01-17,(주)에프오알엠도시건축공간연구소,,권시형,경기도 화성시 동탄첨단산업1로14-0 (영천동)  KTX밸리 707호
항-17-018 자동연역분석기 시약 등 37종,육군군수사령부,,,2023-08-11,명지대학교 산학협력단,김재영,김영중,"충청남도 논산시 대학로 121, 건양대학교 산학협력단(내동)"
K10 탄약운반차량 경미한 성능개량 사업분석,국군재정관리단,,107.866,,주식회사 엔브이티,강윤진,윤진영,"서울특별시 서초구 방배천로155, 유청빌딩 3층(방배동 821-8)"
주요 군사시설의 방호설계 기준 개정 연구용역,공군사관학교,140399728.0,89.804,2016-07-14,,,,
[24-육-84] 탄약부대 경계병력 민간전환 선결 연구,공군본부,48993188.0,82.591,2017-03-14,주식회사 동빈글로벌,한아름,조동원,"서울특별시 영등포구 63로 32, 라이프콤비빌딩702호(여의도동)"
4차 산업혁명 전장기능별 무기체계 소요 연구 용역,제2879부대,,69.315,,성도교역,홍명성,이승기,경상북도 포항시 남구 효자로138-0 (대잠동)
24-정보우세권  확보를 위한 정보력 강화방안 연구,국방시설본부,,96.435,2020-01-25,주식회사 온품,김지영,이성태,서울특별시 금천구 벚꽃로244-0 (가산동)810호 벽산디지털밸리5차
[24-육-188] 안전문화 수준 측정 Tool 개발 연구,국군재정관리단,76881900.0,90.672,2020-07-05,(주) 한국능률협회컨설팅,염진수,,"서울특별시 금천구 가산디지털2로184, 10층 1017호(가산동, 벽산디지털밸리2차)"
차세대 전투차량 발전방안 연구 용역,국방부(운영지원과),44956935.0,90.139,2018-11-03,씨엠티정보통신(주),이희윤,전대석,"대전광역시 유성구 한밭대로138 (노은동, 노은노블레스) 201호"
23년 임무형지휘 연구용역,해군군수사령부,,,2019-07-14,사단법인 대한민국해군발전협회,,김학범,
비궁 창정비요소개발 사업분석,국군재정관리단,250661190.0,106.313,2022-03-02,,,임소영,
대용량 유전자데이터 분석 파이프라인 및 가시화 연구,4284부대,20016222.0,,2020-09-21,,,구종우,
(217122-B)연구장비(차세대염기서열분석기) 구매,해군군수사령부,148547022.0,91.043,,사단법인 안보경영연구원,김형철,권시형,"서울특별시 강남구 언주로527, 10층 (역삼동)"
시뮬레이터 소프트웨어 보안성 시험 방안 연구,국군재정관리단,55152510.0,106.777,2022-06-13,(사)한국전략문제연구소,박정기,,"서울특별시 강남구 언주로527, 10층 (역삼동)"
국방R&D 과제 평가체계 개선방안 연구,국군재정관리단,260960034.0,108.552,2022-07-03,,,이기석,
22-4-작전지휘시설 신축 선행연구용역,해군본부,57958793.0,,2018-07-31,,,백도현,
디지털 혁신시대 SW개발역량 강화방안 연구용역,국군재정관리단,137362389.0,94.684,2019-02-11,,,,
2019년 의무장비(요분석기) 구매-재투자,국군재정관리단,207344384.0,,2021-04-08,주식회사 일신이앤씨,김회율,박소연,서울특별시 금천구 가산디지털2로123-0 (가산동) 월드메르디앙벤처센터 2차 317호
분광광도계 수질분석형 1EA,방위사업청(운영지원과),138647144.0,,2018-04-24,,김진욱,,서울특별시 노원구 화랑로574-0 (공릉동)
(237097-E) 연구활동재료(시약) 구매,공군군수사령부,67745361.0,98.681,,에스앤에스이앤지 주식회사,오중산,,"서울특별시 금천구 가산디지털2로184, 1017호(가산동, 벽산.경인디지털밸리2)"
공군 이러닝 무선기반체계 고도화 방안 연구 용역,국군재정관리단,,102.054,,한남대학교 산학협력단,이문걸,서경원,"서울특별시 용산구 한강대로62길41, 3층 (한강로1가)"
전쟁양상을 고려한 전사자 관리의 분석 및 발전 연구,국군재정관리단,9839118.0,80.926,2020-04-30,주식회사 안보기술연구원,이수훈,구종우,경상북도 경주시 동대로 123(석장동)
24-F-분석기 회로망 1종 구매,해군본부,91235466.0,,,(주)한신솔루션,김동준,장중원,"인천광역시 계양구 벌말로566번길13-1, 1층(상야동)"
함정 네트워크 설계 및 무선통신 발전방향 연구 용역,육군교육사령부,,65.678,2019-06-15,,,,
전투복 위장무늬  디자인 및 적용소재 연구용역,공군본부,,,2016-03-07,한국인성교육연구소 주식회사,김혜진,,"전라북도 군산시 임피면 호원대3길 64,"
21년 차세대 첨단함정 건조가능성 검토 연구용역(ll),국군재정관리단,,,,주식회사 씨이지앤드플러스,김희상,이지은,서울특별시 서초구 서초동1432-13 202
소요결정 권한 소요군 위임시 획득절차 연구,국군재정관리단,,90.104,2020-10-20,주식회사 오파스넷,석수진,심지민,경상남도 창원시 진해구 용원동로294-0 (용원동)
방공전력 발전방향 연구 용역,공군본부,1917620.0,84.373,2020-11-15,사단법인 안보경영연구원,전건욱,양정학,"서울특별시 강남구 언주로527, 10층 (역삼동)"
20~21년 분석용모델(3종) 유지보수 용역(2019F173-C),국군재정관리단,34970479.0,75.087,2024-07-15,,,권시형,
21-첨단 수중전력 소요기술 분석 및 적용방안 연구,합동참모본부,253653913.0,77.339,2021-01-04,(주)에프오알엠도시건축공간연구소,,조현선,
극지안보환경 변화에 따른 미래 한국해군의 역할 연구,국방부,66590772.0,,2023-05-29,(사)21세기군사연구소,김재영,장지혜,
17-군 세차 폐수처리시설 운영 개선방안 연구용역,국방전산정보원,175473241.0,,2021-01-30,,,,
ATCIS 2차 성능개량 0000체계 운용요구서 연구,제6619부대,,71.643,,사단법인 안보경영연구원,,,"서울특별시 강남구 언주로527, 10층 (역삼동)"
보령 공군사격장 민관군 상생협력방안 연구용역,육군본부,36320872.0,78.585,2019-07-05,,,,
특수작전용 유탄발사기사업 선행연구,육군교육사령부,6142643.0,,2017-09-12,사단법인 안보경영연구원,전건욱,,"서울특별시 강남구 언주로527, 10층 (역삼동)"
군 환경시설 관리 효율화 방안 정책연구용역,국군재정관리단,25299520.0,118.321,,,신관우,,
해군교전급분석모델(Build-I) 체계개발사업,국군재정관리단,,,2021-07-29,유한회사 동방이노베이션,김건희,최규식,"충청북도 청주시 서원구 사직대로164번길9, 401(사창동)"
00 군공항 설계기본요구조건 작성 연구용역,해군본부,,,2020-01-27,,최종규,,"서울특별시 용산구 한강대로62길41, 3층 (한강로1가)"
정보학교 드론 연구용역,제9691부대,13666554.0,75.883,2019-10-17,,,,
17년 지형분석장비 물품 구매설치,공군본부,,,2021-07-05,주식회사남동,정순애,김영중,"경기도 고양시 일산서구 대산로213-0  302호 (대화동,중앙프라자)"
2024년 바세나르체제 군용물자목록 개정소요 연구,육군본부,163785938.0,72.828,2019-07-27,,박정기,,
RAM 및 군수지원분석 방법 선진화 연구(2차),국군재정관리단,45711286.0,90.788,2017-05-01,사단법인 안보경영연구원,,,"서울특별시 강남구 언주로527, 10층 (역삼동)"
법무 계좌통신 분석시스템 구매,해군본부,,91.885,2021-06-05,(주)글로벌텔레콤,동중영,김승준,"경기도 하남시 미사강변한강로155, 1동 314호(망월동, 지식산업센터)"
해병대 무인화전투체계 도입방안 연구용역,제9691부대,,,2019-08-31,,,,
23-2차 연구의무물자(BL3 수거함 등 4종) 구매,국군재정관리단,7980339.0,84.694,2024-02-18,주식회사 이안코리아,이충렬,이형민,"경기도 고양시 일산동구 일산로441번길34-13, 1층 (1층 상가 좌측)(정발산동)"
[24-육-91] 무건리 훈련장 갈등 비용분석 연구,제2879부대,43592.0,,2021-01-01,(주)컴트리,김여기,지용현,서울특별시 강남구 논현로136길16 (논현동)
25년도 안보정세전망 연구용역,제9965부대,48967730.0,,2020-08-24,사단법인 씨알리더십연구원,곽재수,김태욱,"서울특별시 서초구 방배천로155, 유청빌딩 3층(방배동 821-8)"
손상통제사 자격신설 연구,방위사업청(운영지원과),145625740.0,92.036,2016-06-27,,,,
분석기(비행조종계통 점검용)외1종 구매(16-38),방위사업청(운영지원과),57242525.0,124.148,,구루멘토링 주식회사,이효진,이주열,경상북도 구미시 산동읍 강동로730
복합신호분석기 구매(20198178-F),방위사업청(운영지원과),,,,캐리온,김민철,유선미,서울특별시 성북구 삼선교로16길116-0 (삼선동2가)
22-합 -분석실험실 운용장비 교체사업 리스,공군본부,,,2022-10-26,신우정보기술,이용준,,"서울특별시 성북구 안암로145 (안암동5가, 고려대학교)"
용산헬기장 소음영향평가 연구용역,육군본부,,,2017-04-07,,,,
22년 분석실험실 상용 SW 구매,국방대학교,,,,(주)지올코리아,임병조,장지혜,"경기도 부천시 송내대로388-0 200동 502호 (약대동, 부천테크노파크)"
조종사 피로도와 안전비행의 상관관계 분석 연구용역,공군사관학교,,85.254,2024-01-24,,,,
전인교육 설문지 개발 및 활용성 증대 방안 연구,국군재정관리단,,,2018-09-06,,,,
23-6차 조달 연구장비(겔이미지 시스템) 구매 계약,육군본부,11508968.0,97.842,,주식회사 안보기술연구원,,,"서울특별시 금천구 가마산로96-0, 213호(가산동, 대륭테크노타운8차)"
항-19-082 자동면역분석기 시약 등 27종,공군군수사령부,196720134.0,75.067,2020-06-05,"주식회사 안랩(AHNLAB,INC.)",황영식,구종우,"서울특별시 강남구 테헤란로 142(역삼동, ARC PLACE) 7층"
(217271-C) 의무장비(자동분석기 생화확 대형) 구매,제5019부대,99759261.0,91.416,,군정비지원센터,김주형,양정승,"서울특별시 송파구 송파대로24길5-6 (가락동,1층)"
공군 군수지원 분야 발전방향 연구 용역,국방부조사본부,,86.731,2019-03-30,(재)한국기계전기전자시험연구원,변중무,,경기도 화성시 10용사로456-0 (반송동)
BTL관리운영권 만료사업 시설인수 운영방안 연구용역,방위사업청,33167321.0,105.678,,마린전자상사,정태량,박계향,서울특별시 용산구 한강대로46길25-0 (한강로2가) 401호
19-미래 유무인 항공전력 복합운용 전력소요 연구,국군재정관리단,126790622.0,89.19,2020-08-02,,,,
21-함정 거주구역 개선방안 연구,국군의무사령부,,78.552,2021-02-17,주식회사 브이웨이,김지현,조대현,"경기도 수원시 영통구 월드컵로 206(원천동, 아주대학교)"
주요 선진국의 획득제도 사례분석을 통한 시사점 연구,국방부(운영지원과),,,,서현회계법인,김준식,조대현,충청북도 청주시서원구 성화동599번지 3층
가상현실 및 증강현실 기술적용 방안 연구,육군교육사령부,48757403.0,94.47,2016-05-16,,,박계향,"서울특별시 용산구 청파로 40, 삼구빌딩 1815호(한강로3가)"
16-'17년 대잠작전효과분석모델 성능개선 용역,제2879부대,15246924.0,83.971,,(주)이에이치,이창민,최소영,"경기도 안양시 동안구 학의로282, B동 1616호"
스마트팩토리 기반 KAAV창정비 공장 연구 용역(1),공군군수사령부,213261353.0,,2021-08-25,주식회사 안보기술연구원,안동만,,"서울특별시 중구 동호로7길41, 2층(신당동)"
해강안 경계철책 철거(대체)관련 설계 연구 용역,육군교육사령부,393147468.0,102.371,,쿤텍 주식회사,김준식,김영진,"서울특별시 구로구 디지털로34길55, 1008호 (구로동, 코오롱싸이언스밸리2차)"
생화학자동분석기 등 83종 구매(20197024-E),국방부(운영지원과),34446891.0,,2021-01-28,주식회사 인섹사이버시큐리티,김덕화,김하근,서울특별시 강서구 마곡중앙5로1길20 (마곡동) 520호
인력획득 모집홍보 대상의 성향 분석 연구 용역,제5738부대,271576526.0,74.141,,,김진욱,김현정,"서울특별시 종로구 홍지문2길20-0 (홍지동, 상명대학교)"
22-11차 연구장비 구매 계약  - 의약품 냉동고(수정),육군본부,,,2020-01-31,와이피글로벌,이기용,김우중,"서울특별시 강서구 양천로401 (가양동), B동 801호"
차세대 비행시뮬레이터 개발을 위한 기술연구용역,육군교육사령부,22599696.0,,,,김진욱,이진아,"서울특별시 용산구 이태원로 29, 전쟁기념관 4층(용산동1가)"
BLT급 과학화상륙(지상)전 모의훈련체계 구축 연구,제9691부대,,91.288,2017-07-20,,,이상규,
합동작전분석모델-Ⅱ 탐색개발,4284부대,,95.044,2023-11-14,,,,
24년 자동염기서열분석기 검교정 등 정비,국방부(운영지원과),144563984.0,101.579,2023-07-15,(주)네오플러스,박용준,김혜정,"인천광역시 부평구 충선로73번길23-0 (부개동, 시티하우스2동)"
안정적인 해병항공 운용방안 연구 용역,제9691부대,111100948.0,,2017-04-29,,전건욱,,"서울특별시 용산구 청파로 40, 삼구빌딩 1815호(한강로3가)"
[연구소] 감정장비(컴퓨터 거짓말 탐지 세트) 구매,육군교육사령부,75515923.0,106.513,2021-11-13,주식회사 알앤엠텍,김지영,,"부산광역시 해운대구 양운로42번길18, 8층 803호(좌동, 에이원웨이)"
세계안보정세분석 연구 용역,국군재정관리단,222042344.0,114.638,,,,박계향,
20년 해병대 조직문화 수준진단 표준설계 연구용역,제2879부대,13214448.0,93.549,2018-01-16,사단법인 대한민국공군발전협회,홍영기,조대현,대전광역시 유성구 대학로291-0 (구성동) N7-7111
항-19-032 자동면역분석기 시약(HBsAg RGT)등 112종,국군재정관리단,38005539.0,,,(주)나일소프트,임숙희,전수현,"서울특별시 중구 세종대로39, 대한상공회의소 6층(남대문로4가)"
사례분석을 통한 對아세안 국방협력 발전방안 연구,방위사업청(운영지원과),79864718.0,105.704,2018-04-07,,,이상규,
연구소 기술용역 재료비 초자 구매,공군군수사령부,6577773.0,92.279,,,,,
단안형 야간투시경 조리개 개발 연구용역,국군제1068부대,91871482.0,99.804,2020-01-31,,,유선미,
민사분야 연구용역(2-1),국방부(운영지원과),,94.831,2019-04-30,육군사관학교 산학협력단,,,
분석기  스펙트럼,국군재정관리단,,93.926,,주식회사 딥아이,박충권,박미영,"서울특별시 강서구 양천로583 우림블루나인비즈니스센터 비동 1608호, 1609호"
(247192-C) 유전자감정장비(자동염기서열분석기) 구매,방위사업청(운영지원과),133422020.0,108.755,,그린종합사무기,조만희,김종훈,"서울특별시 성동구 성수이로22길37, 803호(성수동2가, 아크밸리)"
22-5차 연구장비 구매 계약 - 원심분리기 소형탁상용,국군수도병원,,84.956,2021-09-04,신한관세법인,이인형,,"서울특별시 금천구 디지털로173, 504호(가산동, 엘리시아지식산업센터)"
상륙기동헬기 조종시뮬레이터 선행연구,국방부(운영지원과),458532.0,84.756,,재단법인 한국군사문제연구원,김형철,,"서울특별시 강남구 언주로527, 10층 (역삼동)"
KUH-1 엔진 시험장비 고장예측시스템 개발 연구용역,제2879부대,97576811.0,,2022-03-05,주식회사 윈스,이정근,고은미,"경기도 용인시 처인구 모현읍 외대로25번길12-26 (라인빌리지), 201동 302호"
차세대 첨단함정 건조가능성 연구용역(2019H044-B),국방부(운영지원과),274310621.0,88.95,2019-02-11,한국인성교육연구소 주식회사,임승택,김중곤,충청북도 청주시 서원구 성화로99
(22G028-A)생물안전3등급 연구시설 유지보수 용역,국방부(운영지원과),485505626.0,,2019-09-26,건양대학교 산학협력단,김윤혁,박은숙,"서울특별시 서대문구 연세로 50, 연세대학교(신촌동)"
개발사업 군사작전 영향검토 및 법제화 방안 연구,방위사업청(운영지원과),305832030.0,88.11,,,김주희,,
땅굴징후지역 지층탐사 정밀분석 용역,육군 제3808부대,83521398.0,,2023-12-26,우주산업플랜트 주식회사,김평희,이다정,경기도 안양시 동안구 시민대로161-0 (비산동) 안양무역센타 8층 312호
신재생에너지 적용관련 군 에너지 정책방향 연구용역,국군수도병원,260365446.0,102.176,,,,,
미래 안보환경 대비 군사시설 보호업무 발전방향 연구,공군본부,,,,동우씨엠 서청주지사,이효정,임창흥,대전광역시 유성구 테크노9로35-0 (탑립동) 지능로봇산업화센터 406호
(227334-E)정밀측정장비(스펙트럼분석기 등 2종)구매,제2879부대,210055798.0,95.722,2023-09-13,대지이앤씨산업 주식회사,서태일,이수현,충청북도 청주시 흥덕구 오송읍 오송생명2로110-6 셀젠텍
(246247-D) 이동형 심리생리반응 분석장비 구매,육군본부,,109.078,2022-07-23,주식회사 파이안,김대웅,,강원특별자치도 춘천시 강원대학길1 (효자동)
(20F063-A)소음영향도작성을위한소음측정및분석용역,육군교육사령부,131254612.0,,,사단법인 안보경영연구원,전건욱,,"서울특별시 강남구 언주로527, 10층 (역삼동)"
군 주거지원 법령의 문제점 및 개선방안 연구,해군군수사령부,15053713.0,76.094,2021-11-11,,,,
KT-100 PBL 적용방안 연구용역,국방시설본부,76360941.0,,,(사)한국전략문제연구소,박정기,이수행,
전자기스펙트럼 측정/분석체계 운용방안 연구,국군재정관리단,83066707.0,85.179,2020-04-09,라온시스템즈(주),김종하,박서연,"경기도 군포시 고산로148번길17-0, B동 1303호, 1304호, 1305호(당정동, 군포IT밸리)"
22-11차 연구장비 구매 계약  - 의약품 냉동고(수정),국방부(운영지원과),111417645.0,,2018-05-22,,,심동석,
다출처 정보화 연구용역,육군교육사령부,31834574.0,83.889,2021-03-04,바다메디칼,이성로,김봉환,"서울특별시 송파구 법원로128, B동 1102호(문정동, 문정SK V1 GL메트로시티)"
국내개발레이더 후속군수지원을 위한 지표개발연구,육군본부,31241415.0,82.074,2018-07-09,,정의승,윤진영,
국방과학기술 전문인력 소요분석 연구,제2879부대,174203241.0,81.224,2023-03-04,우석대학교 산학협력단,권선애,민희숙,경기도 수원시 장안구 하률로12번길80-0 (천천동)
자동염기서열분석기 소모품 구매설치,국군재정관리단,64019174.0,82.707,,(사)21세기군사연구소,,김민영,
17년 분광분석 폭발물탐지 연구용역,공군본부,,91.651,2020-03-01,주식회사 공공정책성과평가연구원,김흥중,김기현,서울특별시 마포구 독막로331-0 (도화동) 마스터즈타워빌딩 902호
정기기초연구과제연구용역(3. 한국군의군수관리...),4284부대,136277360.0,92.737,2022-06-19,,,주진형,
공군 지능형 스마트비행단 성과분석 및 발전방안 연구,육군본부,437417763.0,94.711,,,,,
스펙트럼 분석기 구매,국군재정관리단,,106.21,2021-09-01,,,,
(246202-D)지형분석장비 교체사업(리스자산),제2879부대,,97.763,2023-12-31,펭귄 컴퍼니,이기용,박주형,전라남도 목포시 용당로225-1 (용당동)
’22년 전투발전 연구과제 용역(1),국군재정관리단,87833773.0,84.378,2023-02-20,,,이창환,
24-그린나래호텔 리모델링 계획의 적절성 분석연구,방위사업청(운영지원과),186941626.0,103.61,2022-10-09,,,김지현,
주요 군사시설의 방호설계 기준 개정 연구용역,제9691부대,13730013.0,78.228,,,전건욱,,
군 자동소음측정망 설치기준 및 운영방안 연구,방위사업청(운영지원과),126363436.0,,2023-05-01,(사)21세기군사연구소,,황병윤,
전자기스펙트럼 측정/분석체계 운용방안 연구,공군본부,71510954.0,90.204,,,,,
평시 복무 예비군제도 발전방향 연구용역,방위사업청(운영지원과),,100.829,,,,정봉원,
인터넷접속/전자우편 통제 및 분석체계 교체사업,국방부(운영지원과),229832092.0,85.239,,광운대학교산학협력단,,김지영,"서울특별시 금천구 가산디지털2로184, 10층 1017호(가산동, 벽산디지털밸리2차)"
미래 예비전력 정예화를 위한 동원개념 재설계 연구,국군의무사령부,201766837.0,,2020-04-02,재단법인 한국군사문제연구원,전건욱,,"서울특별시 강남구 언주로527, 10층 (역삼동)"
PBL 적용을 위한 성과지표/목표 연구,국방부(운영지원과),,86.424,,한국항공대학교 산학협력단,조완제,김지훈,"인천광역시 미추홀구 주안동로25번길47-11, 302호(주안동, 경일하이빌)"
함정 네트워크 설계 및 무선통신 발전방향 연구 용역,육군본부,19227052.0,88.359,,,,이창환,
공무직근로자 등 임금체계 개선(안)마련 연구,육군교육사령부,113704481.0,85.789,2017-09-16,성균관대학교 산학협력단,양창조,이혜진,"서울특별시 금천구 가산디지털2로184, 10층 1017호(가산동, 벽산디지털밸리2차)"
20년 해병대 조직문화 수준진단 표준설계 연구용역,국방대학교,125679349.0,76.876,2021-05-01,,,,
4차 산업혁명  군 적용을 위한 R&D 발전방안 연구,국방부(운영지원과),48914.0,92.361,,주식회사 제이에스시솔루션,남궁복자,엄재훈,"경상북도 포항시 남구 청암로77 (효자동, 포스텍)"
(236351-C) 무기체계 운영환경 동적분석 장비 도입,육군교육사령부,,109.92,,주식회사 우진지앤에스,이남택,장현주,"서울특별시 금천구 가산디지털1로30,1712호 (가산동,에이스하이엔드타워10차)"
안보학술진흥연구용역(3.국내안보환경분석또는),방위사업청(운영지원과),112778294.0,76.878,2019-03-20,(사)21세기군사연구소,허건영,김영수,"서울특별시 금천구 가산디지털2로184, 10층 1017호(가산동, 벽산디지털밸리2차)"
주요 선진국의 획득제도 사례분석을 통한 시사점 연구,국군재정관리단,26966877.0,,2016-09-29,주식회사 한국건설경영기술원,김종규,이진선,"충청남도 계룡시 서금암3길5, 925호(금암동, 쉐리움오피스텔)"
17년 전투발전 연구용역 과제 세미나 수행 용역,제9691부대,71540155.0,,2021-01-02,(사)한국전략문제연구소,,,
군사작전 수행여건 정부개발계획 발전방향 연구,국군간호사관학교,,87.307,,대진대학교 산학협력단,이영환,,"서울특별시 서초구 방배천로155, 유청빌딩 3층(방배동 821-8)"
민군 상생을 위한 훈련장 최적환 관리방안 연구,제5738부대,,89.742,2018-06-27,국방대학교산학협력단,변중무,황병윤,"서울특별시 송파구 법원로11길25-0, A동 1310호(문정동, 에이치비즈니스파크)"
분석기세트 3종 구매,육군교육사령부,28965383.0,83.926,2019-10-30,,,김종환,"서울특별시 송파구 법원로11길25-0, A동 1310호(문정동, 에이치비즈니스파크)"
소화기 소음기 선행연구용역,육군본부,,95.562,,(사)21세기군사연구소,김진욱,,"서울특별시 용산구 한강대로62길41, 3층 (한강로1가)"
수도권 동원예비군 수송방법 개선방안 연구,육군본부,,,2017-01-23,재단법인 한국군사문제연구원,김형철,,"경기도 성남시 수정구 위례대로83(창곡동, 국방문화센터)"
소형무인기의 획득 및 운용을 위한 총수명주기 분석,공군본부,,94.149,2021-09-25,주식회사 선화무역,권오경,한대일,"충청북도 청주시 청원구 오창읍 중부로760,115동 3701호(오창 롯데캐슬 더 하이스트)"
방공포병 모의훈련체계 구축 가능성 연구용역,방위사업청(운영지원과),209053707.0,75.492,2017-10-20,한성대학교 산학협력단,김동준,김영수,"서울특별시 강남구 강남대로62길24-0 (역삼동,해송빌딩)3층"
사이버 위협수준 평가 신뢰도 향상방안 연구,국방전산정보원,49519917.0,85.907,2021-09-29,주식회사 비용관리연구원,최규식,김정희,"경기도 김포시 태장로789,732호 (장기동,금광하이테크시티)"
대형 국외구매사업의 합리적 기종결정방안 연구,방위사업청(운영지원과),,,2018-12-11,사단법인 안보경영연구원,신관우,,"서울특별시 강남구 언주로527, 10층 (역삼동)"
지형분석장비 구매설치,방위사업청(운영지원과),,82.924,2021-11-29,고려대학교 의료원 산학협력단,김재수,김남용,서울특별시 송파구 법원로8길9 (문정동) 10층
(21F094-K)'22년~'23년 분석용모델(3종) 유지보수,특수전사령부,324770913.0,76.301,2018-10-15,젠트리거,고기종,정광조,부산광역시 영도구 해양로385-0 (동삼동)
4차산업혁명 기술을 적용한 C4I체계 발전방안연구,국군수도병원,,92.689,2018-02-04,한국항공대학교 산학협력단,김진원,최승룡,충청남도 논산시 양촌면 황산벌로1040
교육장비(질량분석기) 구매,제7군단,,,2019-05-04,국방대학교산학협력단,고중혁,정봉원,서울특별시 광진구 군자동98 집현관 216
(22F067-G) 심리뇌파분석시스템 유지보수사업,공군미사일방어사령부,254094041.0,93.282,2019-09-16,(주)두두아이티,김태동,김영중,경기도 광주시 도척면 상림리51-19
해양 무인무기체계별 효과도 분석 통한 전력소요 검증,해군본부,89716850.0,,2024-07-11,재단법인 한국군사문제연구원,김형철,,"서울특별시 강남구 언주로527, 10층 (역삼동)"
공군조직내 잠재갈등 분석 및 공군문화 발전방안 연구,국방부(운영지원과),17497990.0,98.59,2021-08-29,자주국방네트워크,허건영,최영복,"충청북도 청주시 청원구 대성로298-0 (내덕동, 청주대학교)"
군용차량 운행 안전성 및 안전관리 개선방안 연구,국군재정관리단,209551095.0,,,한국여성정책연구원,문유경,서준호,"서울특별시 서대문구 연세로 50, 연세대학교(신촌동)"
전장리더십 역량의 평시 개발 연구,해군본부,,,2016-06-02,,김진욱,황병윤,
유류시험장비(연료성분분석기 등 2종) 구매,육군본부,8037001.0,86.075,,(사)한국식품기술사협회,서용석,최준호,"경기도 용인시 기흥구 덕영대로1732-0 (서천동, 경희대학교 국제캠퍼스내)"
물류원가 데이터 수집 및 산정/관리 방안 연구,국방대학교,153038055.0,,2022-02-12,,,최선미,
해성-I 유도탄 창정비요소개발 비용분석 연구,국군재정관리단,,,,주식회사 베테랑콤,김상인,,
북단 유도로 신설사업 분석평가 및 선행연구 용역,육군본부,,,2019-12-21,,박온서,김소미,"서울특별시 송파구 법원로127-0 (문정동,대명벨리온)1117,1118호"
22년 공군 항공무장효과분석모델 통합 유지보수,육군군수사령부,20469199.0,92.663,,한국생산성본부,이정원,김미진,"서울특별시 강남구 테헤란로131-0 (역삼동, 한국지식재산센터) 3.9층"
22년 육군 분석평가단 소개영상 제작용역,육군교육사령부,205805241.0,,,주식회사 마에스트로네트웍스,김태영,윤진영,서울특별시 구로구 공원로11길 33(구로동)
자주발칸 제어용 모듈 대체품 개발 연구용역,국군재정관리단,464754.0,,2019-04-29,주식회사 브이웨이,정봉원,이상규,"서울특별시 강남구 역삼로17길57, 그랜드빌딩 B1층 (역삼동)"
연구소 장비(분광광도계 등 4종)구매,육군인사사령부,55136939.0,67.727,2016-06-24,럭키상사,,김지훈,"부산광역시 연제구 중앙대로1054번길6, 5층 (연산동)"
해강안 경계철책 철거(대체)관련 설계 연구 용역,방위사업청(운영지원과),102639961.0,,2022-12-26,,,,
주변국 무기체계 운영개념 및 제원 연구,육군교육사령부,88935644.0,,2023-05-31,,,안혜경,
23년 기술연구용역 계약 의뢰(4),육군본부,132324770.0,80.915,2018-12-18,(주)싸이버텍,이재평,이수행,"충청남도 논산시 대학로 121, 건양대학교 산학협력단(내동)"
19-미래 군사용 해상기지 발전방안 연구,국방부(운영지원과),,88.294,2016-05-19,육군사관학교 산학협력단,,이수행,서울특별시 광진구 군자동98 집현관 216
19년 지형분석장비 교체사업 리스,해군본부,66662547.0,80.67,,,,박계향,"인천광역시 중구 인중로 178, 제이엘타워 1001호(사동)"
작전지휘시설 신축 분석평가 및 선행연구용역,제9691부대,175632839.0,77.357,,,,신인균,
(20G060-A)IP교환기및국방보안조사분석시스템금융리스,방위사업청,99743618.0,89.245,,(주)볼트시뮬레이션,배용수,이수빈,"전라남도 장성군 황룡면 강변로452-16, 3층 302호"
해군수병 역량강화 프로그램 추진 연구용역,국방부(운영지원과),,81.894,2018-11-30,,,박소연,
군 시설물 안전관리분야 매뉴얼 개정 연구용역,제5378부대,89900056.0,94.108,,호원대학교 산학협력단,김진욱,,"서울특별시 용산구 한강대로62길41, 3층 (한강로1가)"
18년 작전지속지원분석모델 유지보수 용역,국방부군사편찬연구소,105173620.0,92.354,,,,,
ATCIS 2차 성능개량 0000체계 운용요구서 연구,국방부(운영지원과),4115302.0,104.384,2019-09-27,,,,
(20F088-A)소음영향도 작성을위한 소음측정및분석용역,제9965부대,234414409.0,93.537,2023-12-25,,,,
프로그램 단위 성과관리를 위한 성과지표 연구,해군본부,8057500.0,,2022-03-21,,,,"서울특별시 강남구 언주로527, 10층 (역삼동)"
V-C 체계간 연동기술 연구,방위사업청(운영지원과),155293074.0,83.301,2017-10-26,기술표준화연구소,노광현,,"대전광역시 유성구 대학로 99(궁동, 충남대학교)"
정밀측정장비(제원분석기) 구매,해군본부,79992502.0,,,재단법인 에프아이티아이시험연구원,전영섭,,"경기도 고양시 덕양구 항공대학로76-0 (화전동, 한국항공대학교내)"
주변국 무기체계 운영개념 및 제원 연구,국군재정관리단,11929282.0,101.977,,(사)한국전략문제연구소,박정기,,
부대개편이전사업 선행연구(00부대 등 4개 부대),방위사업청(운영지원과),297970576.0,102.601,2020-07-18,,,안구름,
소규모 정보체계 개발방법론 연구,방위사업청(운영지원과),80404863.0,85.251,2019-12-11,사단법인 안보경영연구원,전건욱,,"서울특별시 강남구 언주로527, 10층 (역삼동)"
ATCIS 개방형 OS 전환 비용대비 효과분석 연구용역,국방부(운영지원과),,98.422,2022-04-18,사단법인 안보경영연구원,전건욱,,
전시 급식지원체계 개선방안 연구,제2879부대,,85.373,2020-03-26,,,이윤정,
미래환경 변화에 적합한 인력획득 홍보 발전방안 연구,해군본부,,76.236,,,,,
17년 지형분석장비 교체사업,국군재정관리단,1008163.0,,2020-06-14,웰스,안동만,전옥녀,서울특별시 동작구 여의대방로36길92(대방동)
신기술 기반 공군 교육통합플랫폼 구축방안 연구,육군보병학교,90402213.0,101.952,2021-10-06,,,,
’22년 전투발전 연구과제 용역(2),제20전투비행단,,,2021-05-23,,,,"서울특별시 용산구 청파로40, 3층 (한강로3가, 삼구빌딩)"
국산품 우선정책(BKD) 수립을 위한 정책연구,국군재정관리단,92815560.0,80.678,2020-04-23,,,,
열상감시장비 초음파모터 등 3종 정비개발 연구용역,국군재정관리단,28437227.0,73.526,,금성,김영국,,경기도 동두천시 벌마들로24-0 (상패동)
21년 서울안보대화 프로그램 기획 및 발전방향 연구,국군재정관리단,166766479.0,80.66,2021-01-09,,,,
(24G050-A생물안전3등급 연구시설(BL-3) 유지보수용역,해군본부,24164956.0,83.907,,그린종합사무기,정주교,김지훈,"서울특별시 송파구 송파대로167 , 비동 1303호 (문정동, 문정역테라타워)"
국내구매사업 추진시 종합평가방안 연구,육군본부,,103.456,,,유상호,경상현,"서울특별시 용산구 한강대로62길41, 3층 (한강로1가)"
패트리어트 PAC-3 유도탄(2차)사업 선행연구,방위사업청(운영지원과),,,2016-10-22,(주)에프오알엠도시건축공간연구소,민광기,,"서울특별시 송파구 법원로11길25-0, A동 1310호(문정동, 에이치비즈니스파크)"
국방 클라우드 컴퓨팅 운영환경 구축방안 연구,공군제38전투비행전대,136501258.0,,,사단법인 안보경영연구원,전건욱,,"서울특별시 강남구 언주로527, 10층 (역삼동)"
해상종합전술훈련장 체계구축 사업 개념 연구,국군재정관리단,26296468.0,86.084,2022-03-07,사단법인 안보경영연구원,전건욱,,"서울특별시 강남구 언주로527, 10층 (역삼동)"
국방인력획득 효율성 제고를 위한 발전방안 연구,국방부(운영지원과),,,2020-02-28,,,,
무기체계 인공지능 기술적용 JROC 작성지침 개정 연구,국군재정관리단,,,,,박정기,구종우,
초소형 전술위성체계 구축방안 연구,국군재정관리단,25067261.0,,2018-10-26,,,박진주,
KMTF기반 국방정보체계 연동 고도화 방안 연구,제6619부대,31728937.0,86.74,2020-10-04,사단법인 안보경영연구원,전건욱,,"서울특별시 강남구 언주로527, 10층 (역삼동)"
16-인성교육프로그램 등 연구 용역 계약,국방부(운영지원과),28113246.0,109.033,2017-11-14,,,,
23년 의무장비(전기수술기 분석기) 구매,제3707부대,49480321.0,84.183,,정호정보통신,김석용,임근우,"경기도 안양시 만안구 만안로49,1303호(안양동, 호정타워)"
22년 병리장비운영소모품(6) 요분석검사 27품목 구매,국군수도병원,6585555.0,87.338,,하나메디,홍명성,김종원,경기도 성남시 분당구 판교로228번길15-0 (삼평동) 윈스동 4층
오일분광분석장비 유지보수,제20전투비행단,,85.321,2021-06-26,(사)한국위기관리연구소,노광현,심지민,경기도 김포시 양촌읍 황금1로89 (학운리2962)
군 급식 민간위탁 시범사업 성과분석 연구,공군본부,58336170.0,93.983,2021-08-16,한화오션 주식회사,최진식,이도제,"경기도 안양시 만안구 만안로49, 519호(안양동, 호정타워)"
활주로 피해복구용 골재 품질기준 및 관리방안 연구,육군군수사령부,,,2022-11-06,단국대학교 천안캠퍼스 산학협력단,천병년,신남선,서울특별시 금천구 벚꽃로244-0 (가산동)810호 벽산디지털밸리5차
(237095-C) 연구활동 재료(초자) 구매,국군화생방방호사령부,210378056.0,,2018-06-06,주식회사에이스게이트,이대용,,충청북도 청주시 청원구 사뜸로67번길24-0 (율량동)
국내개발 항공기 성능개량 및 관리(대체)방안 연구,방위사업청(운영지원과),113506726.0,90.541,2018-01-18,자주국방네트워크,문유경,,서울특별시 영등포구 여의공원로 101(여의도동)
자주도하장비 조종시뮬레이터 비용분석,육군교육사령부,248096945.0,86.806,,한성대학교 산학협력단,이정원,,"서울특별시 강서구 양천로551-17, 301호 (가양동)"
22-해상기반 우주발사체계 개념 연구,국방대학교,95392763.0,92.608,,,,정운찬,
국방대 이전 효과 연구 용역,해군본부,605472796.0,89.977,2020-07-23,,,,
군 간부 획득환경 변화에 대비한 선발제도 방안 연구,제2879부대,,,2019-11-22,광운대학교산학협력단,,이용길,"서울특별시 금천구 가산디지털2로184, 10층 1017호(가산동, 벽산디지털밸리2차)"
K-TCG 법인설립 및 운영방안 연구용역,육군군수사령부,87790018.0,78.589,,,,,
무기체계 전력지원체계 분류기준 재정립 연구,국군재정관리단,,,,주식회사 사이버앤네트워크연구원,유상지,박미영,"인천광역시 서구 건지로404, 207동 1501호(가좌동, 가좌한신휴플러스아파트)"
21-해양 기반 우주작전 개념 및 전력발전 방안 연구,공군본부,12180761.0,125.565,2021-01-11,주식회사 인섹사이버시큐리티,윤상석,박점숙,세종특별자치시  전의면 윗다락골길2-3
22-4-작전지휘시설 신축 선행연구용역,국방부(운영지원과),,98.413,2019-02-25,,,,
정신전력 개념 정립 및 수준 측정도구 개발 연구,해군본부,29204738.0,99.732,2022-06-04,세영정보통신(주),김진욱,황병윤,충청남도 논산시 양촌면 황산벌로1040
경어뢰 성능개량사업 전문용역 비용분석,방위사업청(운영지원과),96230275.0,104.773,2023-12-18,,,이지유,
항공작전기지 계류공간의 효육적 활용방안 표본연구,국군재정관리단,57471397.0,,2017-03-29,(사)한국전략문제연구소,전건욱,이재평,
전자파 측정/분석을 위한 송신장치 개발용역,국군수도병원,237806553.0,89.693,2022-09-23,한국생산성본부,전병욱,노경범,서울특별시 송파구 올림픽로505-0 (풍납동)
군단정찰용 무인항공기-Ⅱ 시설사업 선행연구,방위사업청(운영지원과),1966136.0,,2016-11-19,사단법인 안보경영연구원,,엄지성,"서울특별시 용산구 청파로 40, 삼구빌딩 1815호(한강로3가)"
국방 데이터센터 발전방안 연구,국군재정관리단,65526557.0,,2020-10-27,산업연구원,,,세종특별자치시  시청대로370 세종국책연구단지 사회정책동
00시설 화생방 방호시설 개선방안 연구용역,합동참모본부,,83.66,2022-11-08,,,이민재,
잠수함 승조부사관 도태방지개선 연구 용역,한미연합군사령부,62516677.0,88.396,2017-06-24,사단법인 안보경영연구원,전건욱,,"서울특별시 용산구 청파로 40, 삼구빌딩 1815호(한강로3가)"
상륙기동헬기 성능개량 소요 분석 연구용역,해군본부,18469955.0,78.908,,주식회사 한국엔브이,김승준,이지원,제주특별자치도 제주시 첨단로251 (영평동)
군 리더십코칭 프로그램 개발 연구용역,제9691부대,112970.0,,2017-08-03,재단법인 한국산업관계연구원,류재산,이경은,"서울특별시 용산구 이태원로211, 611호(한남동, 한남빌딩 )"
해병대 고유 무기체계별 맞춤식 정비개념 연구,방위사업청(운영지원과),,86.237,2018-09-19,(사)국방시설연구협회,심상필,오윤정,대전광역시 유성구 유성대로1312번길20-62 (장동) 3층
국방표준서 제정(5차) 연구,공군본부,151037518.0,,,,,,
음원수집장비 및 음원분석 워크스테이션 구매,제2879부대,,,2023-06-23,사단법인 고등국방정책연구소,김기돈,조대현,"서울특별시 금천구 가산디지털1로1-0 (가산동, 더루벤스밸리) 1208호"
[24-육-16] A군단 부대변천사 연구용역,국방부(운영지원과),87500520.0,,2024-07-31,국민대학교산학협력단,김현철,김정일,충청북도 충주시 대학로50-0 (대소원면)
작전지휘시설 신축 선행연구용역,국방부(운영지원과),,95.658,2022-05-04,한성대학교 산학협력단,김혜진,김동준,경기도 과천시 교육원로98(중앙동)
차세대 인터넷쇼핑몰 구축 정보전략계획 연구용역,제2879부대,12939290.0,65.451,2016-05-29,,,,
(246247-D) 이동형 심리생리반응 분석장비 구매,합동참모본부,,,,유한회사 창해,장수현,김양숙,"서울특별시 강서구 공항대로51길17-0 1,2층 (등촌동)"
공군 방공포부대 이전 요구 연구용역,육군교육사령부,,,2017-10-03,,,황병윤,"서울특별시 용산구 이태원로29, 421호(용산동1가, 전쟁기념관)"
상륙기동헬기 성능개량 소요 분석 연구용역,국방부(운영지원과),,86.162,,,,박계향,
군사학 연구방법론에 대한 연구 용역,국군재정관리단,12275686.0,87.749,,재단법인 한국군사문제연구원,김형철,,"경기도 성남시 수정구 위례대로83(창곡동, 국방문화센터)"
다원적 민주주의 사회의 장병 정훈교육 방향 연구,국방대학교,44676563.0,84.594,,젠트리거,전병욱,이형민,대전광역시 중구 계룡로781 (용두동) 1층
공병분야 M&S 연구용역,방위사업청(운영지원과),731234.0,,,,,구종우,
21년 항공관제 분석체계 유지보수,국방대학교,185007445.0,,,,,박계향,
육군 부사관학교 시설종합발전계획 연구용역,제3130부대,338236461.0,,2022-03-13,,전건욱,,
2040년대 군병력 수급규모 예측 연구,제2879부대,221446338.0,75.241,2023-05-04,,,우수진,
해강안 경계철책 철거(대체)관련 설계 연구 용역,제6619부대,,,2017-12-23,,,박계향,
23-공군 리더십교육체계 발전방안 연구,국군재정관리단,2829336.0,,2022-04-29,주식회사 유노미아,김령은,임근우,"서울특별시 영등포구 도림로462, 206호 (문래동3가, 국화상가)"
국방 연구개발 법제 개선 연구,육군교육사령부,520251684.0,87.63,2020-07-11,법무법인(유한) 세종,홍영기,,"서울특별시 성북구 화랑로76, 제3층 307호(하월곡동,코업스타클래스)"
화생방 연구활동 기술용역 재료 초자 구매,국방부(운영지원과),,69.05,2019-03-06,,,,
76mm 함포 약실 정밀검사용 장비개발 연구용역,공군본부,,71.025,2018-02-17,사단법인 안보경영연구원,전건욱,,"서울특별시 강남구 언주로527, 10층 (역삼동)"
조종사 보호의세트-Ⅱ사업 선행연구,제9691부대,,,2018-07-04,한국교통대학교산학협력단,김진욱,,경기도 화성시 동탄첨단산업1로14-0 (영천동)  KTX밸리 707호
상륙돌격장갑차 수명유지를 위한 방안 연구용역,국군재정관리단,41827594.0,,2019-03-21,사)국방정보통신협회,박기식,최승룡,"서울특별시 동작구 상도로133, 5층 (상도동, 두덕빌딩)"
해안경계 임무전환정책 발전 연구,방위사업청(운영지원과),,92.383,2022-06-11,,,이성태,
23-2차 연구의무물자(BL3 수거함 등 4종) 구매,제3697부대,,81.473,2021-12-28,단국대학교 산학협력단,현동재,윤형규,경기도 성남시 수정구 대왕판교로851번길20-0 (시흥동)
23년 의무장비(전기수술기 분석기) 구매,공군본부,,74.83,2023-08-04,(주)프라이전트,정안수,원해나,서울특별시 강서구 양천로401 (가양동) 강서한강자이타워 B동1503~1506호
CBRS 적용한 전투발전체계의 문제점 및 발전방향 연구,제9691부대,99369514.0,97.492,2016-08-19,,,,
음향분석체계 개발사업,국군재정관리단,72471054.0,,,,,박계향,
24년 장기미래비전연구수행 정책연구과제사업,공군본부,384030485.0,87.232,2021-06-09,,,,
예비전력발전세미나 주제연구(Ⅱ) 용역,국군재정관리단,88420744.0,82.171,,(주)에프오알엠도시건축공간연구소,한민구,양현정,"서울특별시 금천구 가산디지털2로184, 10층 1017호(가산동, 벽산디지털밸리2차)"
백두체계능력보강 2차 시설사업기본계획 연구용역,국군재정관리단,116942515.0,76.56,,(주)디앤오종합건축사사무소,김진욱,,"서울특별시 용산구 한강대로62길41, 3층 (한강로1가)"
AI기반 군집 UAV 해상작전 적용 가능성 연구용역,국방부(운영지원과),35956730.0,,2020-12-03,국방기술품질원,김태동,김봉환,서울특별시 마포구 월드컵북로5길59 (서교동)
전술제대 전투무선체계 발전방안 연구용역,제1363부대,,100.456,2022-10-01,(주)두두아이티,박영욱,,부산광역시 동구 고관로62 (초량동)
대잠훈련분석체계(AEAS) 유지보수 용역,국군재정관리단,,,2021-01-25,국방대학교산학협력단,한민구,김소미,충청남도 계룡시 두마면 두계리116 계룡대림이-편한세상 109-902
(237022-H)분석관리체계 노후 교체사업(리스물건),육군군수사령부,,,2018-10-08,사단법인 대한민국해군발전협회,차진섭,,"서울특별시 강남구 논현로28길54-0 4층 (도곡동, 덕원빌딩)"
활주로지역 배수로 개선 분석평가 및 선행연구 용역,국군재정관리단,18510119.0,105.877,2019-08-08,,,,
산악지역에서의 적정 무기체계 및 전투수행 방법 연구,공군본부,,76.929,2016-04-23,,,,"서울특별시 강남구 언주로527, 10층 (역삼동)"
00부대 국방 보안조사 분석시스템 SW 구매,국방부(운영지원과),64448242.0,88.673,2017-04-12,사단법인 한국국방기술학회,손영일,김정일,"경기도 성남시 분당구 탄천상로164, A동 2층 247호(구미동, 시그마2오피스텔)"
군의료 연구용역(냉동 혈소판제제 제조법 확립),육군본부,74028988.0,,2018-11-08,한국법제연구원,최은수,강민,"서울특별시 종로구 율곡로17길7-38, 수지빌딩 7층(이화동)"
(1)군용비행장 소음측정 및 분석용역,국방부(운영지원과),38756823.0,86.438,2018-12-09,주식회사 지노스,홍영기,오선아,"경기도 화성시 동탄첨단산업1로27 (영천동, 금강 펜테리움아이엑스타워) A동1708,1709호"
군사사연구총서 제6집 6.25관련주제 연구용역 (과제1),육군인사사령부,419758140.0,97.047,2022-09-12,사단법인 안보경영연구원,김형철,,"서울특별시 강남구 언주로527, 10층 (역삼동)"
17-방공관제사-102 보급수송과 신호분석기,해군군수사령부,83629290.0,111.024,2023-10-17,(사)한국전략문제연구소,,,"서울특별시 강남구 언주로527, 10층 (역삼동)"
국방사업관리 자격신설 연구,방위사업청(운영지원과),,67.528,,사단법인 안보경영연구원,전건욱,,"서울특별시 강남구 언주로527, 10층 (역삼동)"
23-N-유황분석기 구매,합동참모본부,,71.77,2023-09-29,주식회사 에이치더블유,김혜정,이경미,"경기도 안양시 동안구 학의로282, B동 1616호"
24년 국방민원서비스 만족도 조사 연구,제20전투비행단,,91.095,,,,,"전라북도 군산시 임피면 호원대3길 64,"
무기체계 유형별 맞춤형 R&D 수행절차 연구,공군본부,10230289.0,71.787,2019-11-26,,,,
[24-육-227] 무선 데이터통신 운영환경 동적분석 장비,국군재정관리단,,78.68,2024-04-01,한국애질런트테크놀로지스(주),유재수,유진경,"대구광역시 달서구 도원로46, 610동 304호  (도원동, 별메마을)"
한국 육군 교육훈련관리의 개선방안 연구,공군군수사령부,59360092.0,,2018-07-08,사단법인 안보경영연구원,전건욱,,"서울특별시 강남구 언주로527, 10층 (역삼동)"
전파영향평가 방법 비교분석 및 실증 연구,제2879부대,,,2023-10-11,사단법인 한국국방기술학회,채수장,,경기도 광주시 도척면 다람로36번길45-13
국방대 이전 효과 연구 용역,국방부(운영지원과),,,2020-07-14,주식회사 웨이브텍,박영선,김남희,서울특별시 동작구 여의대방로36길92(대방동)
전력지원체계OMS/MP및RAM분석/LSA적용방안연구,해군본부,24767490.0,,2022-03-11,,,,
사이버위험평가 방법 및 군 적용방안 연구,국군재정관리단,180852970.0,86.517,,케이투웹테크(주),정중식,이춘근,"서울특별시 중구 세종대로39, 대한상공회의소 6층(남대문로4가)"
디지털 증거분석 수사체계 교체사업(20198118-E),방위사업청(운영지원과),,,,주식회사 에이티앤아이,김길원,황인선,"경상남도 창원시 마산합포구 해안대로91, 상가 205호(해운동, 경민시티빌)"
병영환경 및 상담대상자 특성과 연계한 상담기법 연구,국방부(운영지원과),11291605.0,,,,,경상현,서울특별시 마포구 월드컵북로5길59 (서교동)
(216047-F)모의분석실 전시체계 구매설치,합동상호운용성기술센터,,,2023-09-07,육군사관학교 산학협력단,권시형,조정선,"서울특별시 성동구 왕십리로 222, 한양대학교 내 한양종합기술연구원 110호(행당동)"
자율·군집비행 활용 복합작전개념 연구(소형 UAS),국방부(운영지원과),,94.64,2020-01-03,,,,
17-군 세차 폐수처리시설 운영 개선방안 연구용역,4284부대,,,2018-03-16,,,황순용,
(207134-H)국방보안조사 분석시스템 HW구매(리스물건),국방부(운영지원과),146380621.0,,2020-12-08,(주)오성인피니티,이희윤,김여기,서울특별시 마포구 효창목길11-1 (공덕동)
대용량 유전자데이터 분석 파이프라인 및 가시화 연구,공군군수사령부,157179123.0,84.548,2020-09-30,김근우시스템공학기술연구소,신명화,,"대전광역시 서구 대덕대로249번길30-0, 403호(둔산동, 베스트피엘씨빌딩)"
민수용 드론의 비행기지 작전지원 활용방안 연구,국군재정관리단,,90.467,2016-04-17,법무법인(유한)태평양,김재영,김미희,
병리장비소모품(생화학자동분석기 등 69종) 구매,국방부 국방정책실,22907145.0,90.408,,동국대학교 WISE캠퍼스 산학협력단,경상현,권시형,부산광역시 영도구 와치로194-0 (동삼동)
CH/HH-47D 성능개량 시설사업기본계획 연구용역,국군재정관리단,,,2023-10-30,,,,
함정 GPS 함속력계 신호 변환 장치 개발 연구용역,국군재정관리단,233592484.0,99.271,,사단법인 안보경영연구원,전건욱,,"서울특별시 강남구 언주로527, 10층 (역삼동)"
21-섬석천 기능개선 분석평가 및 기본계획 연구용역,국방부(운영지원과),148422112.0,69.439,2017-12-08,재단법인 한국군사문제연구원,김형철,,"경기도 성남시 수정구 위례대로83(창곡동, 국방문화센터)"
24년 의무장비(수액조절기 분석기) 구매,국군의무사령부,3072202.0,96.548,2023-11-01,,,최재영,
미래 육군비행장 발전계획 검증 연구 용역,해군본부,81597827.0,111.262,2017-07-12,정원B&C,방은희,이경은,경기도 안양시 동안구 관양로269-5 (관양동) 3층
해안감시레이더-Ⅱ 사업분석,합동상호운용성기술센터,321418535.0,,2020-11-02,다슬,고기종,전희수,"경상남도 창원시 마산합포구 해안대로91, 상가 205호(해운동, 경민시티빌)"
17년 분광분석 폭발물탐지 연구용역,공군군수사령부,8760031.0,83.567,2020-01-29,,,,서울특별시 서초구 남부순환로319길 13(서초동)
미래형 성과기반 군수지원 적용방안 연구,제6619부대,351393130.0,,2020-11-08,(주)동욱씨앤아이,이민자,이재원,강원특별자치도 원주시 신림면 신림황둔로174-0
정책연구용역(군견 관련),방위사업청(운영지원과),64020978.0,99.34,2021-07-11,주식회사에이스게이트,박지현,이지호,"경기도 성남시 분당구 탄천상로164, A동 2층 247호(구미동, 시그마2오피스텔)"
DCS와 FMS 경쟁 시 공정성 제고를 위한 평가방안 연구,공군군수사령부,,80.315,2016-05-07,건양대학교 산학협력단,유상호,이정현,"서울특별시 용산구 한강대로109-0 (한강로2가),404호(용성비즈텔)"
전투발전세미나 수행 연구용역,육군본부,6559641.0,104.606,2016-05-07,,,,"서울특별시 용산구 청파로 40, 삼구빌딩 1815호(한강로3가)"
무기체계 공급망 관리(SCM) 최적화 프로세스 연구,국군재정관리단,449141661.0,99.128,2022-06-30,자주국방네트워크,김진욱,석재민,"경기도 용인시 기흥구 덕영대로1732-0 (서천동, 경희대학교 국제캠퍼스내)"
22-병력절감형 Smart Battleship 함정 설계연구,국방부(운영지원과),,83.221,2019-07-17,,,심동석,
풍력발전기에 의한 방공레이다 등의 작전영향 연구,국군재정관리단,876253.0,77.03,2020-09-01,,,이준직,
2019년도 방위산업기술 보호수준 분석 및 진단연구,국군재정관리단,210210439.0,,2019-12-30,국방대학교산학협력단,한민구,,"서울특별시 용산구 한강대로62길41, 3층 (한강로1가)"
17년 분광분석 폭발물탐지 연구용역,육군교육사령부,16090940.0,78.447,2022-07-09,,,가회광,
중금속가열분석기 1항목 구매(의무),공군군수사령부,,76.12,2023-03-11,,,,서울특별시 관악구 관악로1 (신림동)
2.75유도로켓 창정비 비용 대 효과분석 연구용역,국군재정관리단,301022606.0,,,호원대학교 산학협력단,홍영기,,"서울특별시 금천구 가마산로96-0, 213호(가산동, 대륭테크노타운8차)"
22-12차 연구장비 구매 계약 - 초저온냉동고,국군의무사령부,40552142.0,90.517,2020-09-28,한국건설기술연구원,최규식,정명화,"경기도 안양시 동안구 귀인로1, 4층 (호계동)"
군수업무 빅데이터 분석/활용체계 구축시범사업,육군교육사령부,,106.513,,,,정예지,
적 사이버공격 의도분석 지표개발 및 평가방안 연구,공군본부,,72.293,2022-03-23,(주)에프오알엠도시건축공간연구소,권시형,,
18-해상종합전술훈련장사업타당성 국내개발가능성연구,국군재정관리단,61889440.0,82.044,2017-11-01,,,,
AI기반 드론봇 네트워크 운용 및 실험설계 연구용역,육군본부,82946424.0,83.224,,주식회사 유로컨설팅,조희아,김선태,서울특별시 용산구 한강대로100(한강로2가)
상륙돌격장갑차 수명유지를 위한 방안 연구용역,공군본부,,,2019-09-03,(사)21세기군사연구소,김재영,이상규,"서울특별시 금천구 가산디지털2로184, 10층 1017호(가산동, 벽산디지털밸리2차)"
안보학술진흥연구용역(5.자원관리과제또는),국방부(운영지원과),6983481.0,,2021-12-29,(사)21세기군사연구소,,김진욱,서울특별시 광진구 군자동98 집현관 216
국방과학기술 전문인력 소요분석 연구,계룡대근무지원단,32474560.0,105.584,,,,정현석,
의무장비(자동분석기 생화학용중형) 구매(20197014-D),국군대전병원,83371532.0,,2018-02-28,주식회사 시스텍,조경호,송지은,"서울특별시 중랑구 동일로754, 6동 201호(중화동, 우성타운)"
22-5차 연구장비 구매 계약 - 원심분리기 소형탁상용,공군방공관제사령부,102015957.0,,2019-07-13,사단법인 한국국방기술학회,안주섭,이유진,"경기도 용인시 수지구 죽전로 152, 단국대학교내(죽전동)"
우수 과학기술 인재의 국방(군) 분야 활용방안 연구,해군본부,,96.35,2018-10-13,,,,
추진장약 분석시험용 재료구매,공군본부,58710234.0,,2023-08-06,,,,"서울특별시 금천구 가산디지털2로184, 10층 1017호(가산동, 벽산디지털밸리2차)"
10.군사과학정책연구(인공지능...),국군재정관리단,516769.0,,2022-12-13,(재)한국해양전략연구소,염진수,이도제,서울특별시 서초구 서초동1432-13 202
전자파 측정/분석을 위한 송신장치 개발용역,해군군수사령부,160146818.0,,2023-12-31,(주)미디어큐브,김여기,석성균,경상남도 김해시 수가로242-9(응달동)
대잠훈련분석체계(AEAS) 유지보수 정비,방위사업청,136988909.0,,,사단법인 한국국가전략연구원,강우철,,"서울특별시 금천구 가산디지털2로184, 10층 1017호(가산동, 벽산디지털밸리2차)"
K21 4차 양산사업 시설사업기본계획 연구용역,국군재정관리단,17775198.0,92.555,2022-04-30,고려대학교산학협력단,이정원,염진수,"서울특별시 강남구 역삼로17길57, 그랜드빌딩 B1층 (역삼동)"
18년 해군 전자정보 종합분석체계 개발사업,제1363부대,77916394.0,99.969,2022-09-11,,,,
군의 드론봇 전투체계 발전방향 연구 용역,육군본부,,78.154,2019-04-15,(사)한국전략문제연구소,,,
18-회로망용 분석기 등 8종 구매,육군교육사령부,50100319.0,81.543,2021-05-27,(주)에프오알엠도시건축공간연구소,,이도제,
생화학분석기(동물용) 1항목 구매(의무),공군본부,,77.157,2022-07-18,(사)21세기군사연구소,권오형,박광섭,"인천광역시 서구 로봇랜드로155-11 (청라동), 5층 504호"
(237283-E) 혈액가스분석기 소형 구매,국군수송사령부,195410377.0,104.477,2024-07-31,서울여자대학교 산학협력단,정운찬,박혜인,"경상남도 창원시 성산구 완암로50-0, 메카동 813호(성산동, SK테크노파크)"
군사사 연구총서1차/2차세계대전관련연구용역(과제2),방위사업청(운영지원과),89188212.0,100.207,2018-06-09,,,,
극지안보환경 변화에 따른 미래 한국해군의 역할 연구,방위사업청(운영지원과),200838634.0,87.452,2019-12-10,,조완제,곽진,경상남도 거제시 거제대로3370 (아주동)
탄약 물류혁신을 위한 확보  재산관리 개선방안 연구,육군본부,87938350.0,82.995,,서울대학교 산학협력단,박래호,김한욱,"서울특별시 금천구 가산디지털2로184, 1017호(가산동, 벽산.경인디지털밸리2)"
원격제어조립체 개발 연구개발(2019H027-B),국군수송사령부,282711692.0,92.357,2021-07-05,,,,
22년도 군 급식 및 피복 만족도 조사 연구용역,공군사관학교,,93.684,2019-01-08,,권시형,,
사이버 기술분석용 라이선스 구매,제2879부대,118193223.0,,2024-02-16,대길상사,김석용,서유림,"대전광역시 유성구 대학로 27, 현대리조텔 2층(봉명동)"
“제○군수지원사령부 부대사” 연구 용역,해군본부,,103.195,,주식회사 사이버앤네트워크연구원,안성일,전호영,"서울특별시 강서구 양천로551-17, 301호 (가양동)"
22-11차 연구장비 구매 계약  - 의약품 냉동고(수정),육군본부,70852041.0,,2019-03-14,,,,"서울특별시 용산구 청파로 40, 삼구빌딩 1815호(한강로3가)"
[24-육-219] 자동차(외산)포렌식 분석 KIT(리스),국군재정관리단,,87.692,,주식회사 이에스,류제성,이수현,"충청남도 천안시 서북구 쌍용17길8, 3동 1202호(쌍용동, 쌍용모란아파트)"
지뢰탐지기(PRS-17K) 제어함 정비기술개발 연구용역,공군군수사령부,80597804.0,72.925,2022-10-23,,,이상규,
군 장병 정신건강 실태조사 연구용역,공군본부,88847284.0,,2016-10-01,사단법인 대한민국 육군발전협회,김주희,황병윤,"서울특별시 용산구 한강대로62길41, 3층 (한강로1가)"
유압유 미립자 분석기 교정키트 구매,국군재정관리단,808192169.0,103.117,2023-09-02,(주)아이디어정보기술,노광현,김지훈,"서울특별시 강서구 마곡중앙5로1길20-0 (마곡동) 보타닉비즈타워 921,922호"
자동염기서열분석기 구매,해군본부,159548704.0,73.705,,,,김중곤,
방산 부품산업 발전을 위한 지원체계 구축방안 연구,제2879부대,,,2022-07-26,,,,"서울특별시 송파구 법원로11길25-0, A동 1310호(문정동, 에이치비즈니스파크)"
조종사 피로도와 안전비행의 상관관계 분석 연구용역,국방부(운영지원과),28411554.0,98.49,2018-05-31,(재)한국정보통신산업연구원,한영수,김경호,"서울특별시 강남구 테헤란로317(역삼동, 동훈타워 7,11,12,13층)"
17년 분석용 모델 유지보수 용역,국군재정관리단,256665919.0,87.023,,,,,
0000 수집/분석장비 구매,국군의무사령부,274670441.0,87.666,,,김진욱,유형우,서울특별시 동작구 흑석로84 (흑석동)
(연구소) 감정재료 구매,국군재정관리단,26636510.0,81.383,2021-01-18,,,,
항공기 운영이력 빅데이터 수집 및 분석기법 연구,국군재정관리단,116357144.0,,2023-05-18,,김진욱,이경생,
선진전투실험 발전현황 및 육군전투실험 향상방안연구,국방부(운영지원과),,94.215,2018-04-28,삼성서울병원,최현선,윤진영,서울특별시 용산구 한강대로46길25-0 (한강로2가) 401호
A.I.기반 전평시 동원체제 혁신방안 연구,국방대학교,344346284.0,78.553,2019-06-20,배재대학교 산학협력단,곽재수,경상현,경기도 수원시 장안구 하률로12번길80-0 (천천동)
화생방정찰차-II(차량형) 시설사업기본계획 연구용역,국군재정관리단,360377547.0,,2018-12-29,,,정예지,"서울특별시 용산구 청파로 40, 삼구빌딩 1815호(한강로3가)"
공군기지 작전환경을 고려한 무인기 운영방안 연구,공군군수사령부,,90.965,,주식회사  코리아리서치인터내셔널,김학준,,대전광역시 유성구 유성대로1646-0 (전민동)
드론 통합관제체계 운영개념 및 구축 방안 연구,방위사업청(운영지원과),,84.559,2021-05-08,,주현,김우중,"서울특별시 금천구 가산디지털2로184, 10층 1017호(가산동, 벽산디지털밸리2차)"
워리어플랫폼 미래단계 추진방향 연구용역,공군본부,240783861.0,,2018-08-11,,,,
군사과학정책 연구 용역(1. 국방 데이터....),국군재정관리단,321565457.0,80.986,2020-09-17,,,,
18-오일 오염도 분석기 구매,제2307부대,,,2023-12-06,(사)한국위기관리연구소,박종영,김태훈,서울특별시 강남구 논현로189길6 (압구정동)
21-2차 개념설계 기술지원 연구용역,육군제8971부대,36572284.0,,2019-05-29,주식회사 진성하이텍,김재일,조노희,대전광역시 대덕구 한밭대로1158-0 (중리동) 707-1
20년대 이후 북한 및 잠재적 위협의 변화 전망분석,육군교육사령부,2585943.0,,2022-06-17,새롬상사,이남택,고윤안,충청남도 홍성군 홍북읍 홍예로213-0 (엘에이치스타힐스) 121동 2201호
전군 연례 리더십 수준 진단 연구용역,국방부(운영지원과),,88.685,2018-06-12,(사)한국전략문제연구소,,,
안보학술연구용역(5. 자원관리관련과제),국방부(운영지원과),597945936.0,,,주식회사에이스게이트,,박계향,
국외조달 군수품의 합리적인 관세부과방안 연구,국방대학교,,97.167,2021-04-03,(주)카이엠,변중무,이수행,경상북도 경주시 동대로 123(석장동)
비용분석용 상용SW(TruePlanning) 구매,국군재정관리단,,,,,,,"서울특별시 용산구 한강대로62길41, 3층 (한강로1가)"
(22G059-H)'23년 스펙트럼측정 분석장비 유지보수용역,방위사업청(운영지원과),,86.703,2024-07-06,주식회사 파이안,주양효,김지영,"경기도 군포시 고산로148번길17-0, B동 1303호, 1304호, 1305호(당정동, 군포IT밸리)"
21-해군 재료분석기 구매,방위사업청(운영지원과),607717645.0,94.468,2019-05-26,대신정보통신 주식회사,이성로,박계향,"전북특별자치도 군산시 임피면 호원대3길 64,"
21-1차 개념설계 기술지원 연구용역,해군본부,,83.331,2021-04-14,,,,
함정 건조사업 추진단계 효율성 향상방안 연구,해군본부,,,,경희대학교산학협력단,주양효,조대현,"서울특별시 강남구 테헤란로78길16, 6층 (대치동, 노벨빌딩)"
대형기동헬기(CH/HH-47D) 성능개량사업 비용분석,국군재정관리단,82272646.0,105.742,2017-04-24,주식회사 명품시스템,박장권,추현아,"서울특별시 강남구 논현로101길8, 2층 (역삼동, 형정빌딩)"
20년 해병대 조직문화 수준진단 표준설계 연구용역,합동참모본부,100231051.0,,2022-10-14,(사)한국전략문제연구소,전건욱,황병윤,"서울특별시 용산구 청파로 40, 삼구빌딩 1815호(한강로3가)"
다락대훈련장 간이 갈등영향분석 연구용역(C037),합동참모본부,267990958.0,119.176,2024-03-23,주식회사 제이에스시솔루션,정현찬,경상현,"경기도 시흥시 희망공원로 92, 시화공단2마 301-3호(정왕동)"
한국형 임무형 지휘 정착을 위한 리더십 적용 연구,제2879부대,14414580.0,89.704,2019-05-04,(사)한국전략문제연구소,박정기,정봉원,
2018년 제4회 국방 분석평가관계관 워크숍 위탁운영,공군본부,446986049.0,112.383,2021-07-26,,,,
한국형 손상통제 모의훈련형 CBT 구축방안연구,육군 제3808부대,293726162.0,72.256,2019-05-05,,,,
OO사단 등 9개 부대 개편사업 선행연구 용역,공군본부,48039509.0,88.663,2018-09-10,(주)디앤오종합건축사사무소,,구종우,"부산광역시 해운대구 센텀동로 35, 센텀SH밸리 404호(우동)"
신호분석기 1EA,육군교육사령부,2762840.0,91.885,2020-01-15,주식회사 공공정책성과평가연구원,,양지혜,경기도 고양시 덕양구 권율대로656-0 (원흥동) 17층 1739호
21-첨단 수중전력 소요기술 분석 및 적용방안 연구,육군본부,70182526.0,,,,,문영옥,
복합무기체계 시험평가 제도개선에 관한 연구,국군재정관리단,,109.012,,(재)한국기계전기전자시험연구원,김한용,김지훈,경기도 시흥시 경기과기대로269(정왕동)
저 전송률 보코더 개발 연구용역,국군재정관리단,,,2019-09-11,,,,
[24-육-6] M&S 체계구축  활용방안 연구,국군재정관리단,156353508.0,78.428,2023-12-29,,,김은영,
군인연금제도 발전방향 연구,해군본부,198508224.0,87.776,2018-10-24,아이티 월드,조명지,최준호,"경기도 광명시 양지로21-0 (일직동), 제유-플래닛티타워동 1301호(일직동,유-플래닛)"
연구활동 재료(초자) 189종 구매,국군재정관리단,157304548.0,87.522,2016-05-06,,,,
안정화지역 기반시설 복구방안 연구,국군재정관리단,18192519.0,87.247,2016-05-11,한국항공대학교 산학협력단,이홍민,,"서울특별시 금천구 가산디지털2로184, 10층 1017호(가산동, 벽산디지털밸리2차)"
[24-육-189] 과학화 동원훈련장 시범사업 추진 연구,제9691부대,101978877.0,,,,김진욱,이상규,
군 작업환경 및 작업자 보건관리 훈령 발전연구,국군화생방방호사령부,,78.765,,(재)한국기계전기전자시험연구원,경상현,박지은,세종특별자치시  반곡동 시청대로370 세종국책연구단지 B동(과학.인프라동) 8-11층
(217122-B)연구장비(차세대염기서열분석기) 구매,육군본부,92534543.0,,2017-06-13,(주)모던애드,이재숙,윤미경,"충청북도 청주시 흥덕구 봉명로31 티원타워 지식산업센터 119호, 416,417호"
CSP 획득개선 및 무기체계 가동률 향상방안 연구,육군본부,181825986.0,,2016-05-09,(주)에프오알엠도시건축공간연구소,최아진,,
한국형 비용분석 전산모델 고도화 ISP 수립,육군본부,88579048.0,75.385,,,김주희,박계향,
산악지역에서의 적정 무기체계 및 전투수행 방법 연구,공군본부,2304835.0,109.926,2020-08-17,사단법인 안보경영연구원,전건욱,,"서울특별시 강남구 언주로527, 10층 (역삼동)"
창조국방 추진을 위한 창의적 문화조성 방안 연구,국군재정관리단,,75.418,2017-04-19,,,,
군 주거시설 개선 연구용역,국방부(운영지원과),,88.029,2019-02-09,,,,
다목적 제설장비 운용기준 재정립 및 대체방안 연구,국군재정관리단,205984122.0,95.392,,재단법인 한국군사문제연구원,김형철,,"서울특별시 강남구 언주로527, 10층 (역삼동)"
해병대 데이터 관리 및 활용 발전 방안 연구,육군교육사령부,,,2019-07-15,주식회사 신나는세상,한영석,김나영,서울특별시 관악구 관악로1 (신림동)
(216313-B) 21년 분석실험실 운용장비 구매(리스물건),국군대전병원,23406713.0,79.304,2021-05-13,,권시형,조진환,
교육장비(질량분석기) 구매,국방부(운영지원과),,,,,,전호영,
국방 해양안보정책 연구,국군재정관리단,119517309.0,103.955,,,,,
정기기초연구과제(1. 한국의외교/안보정책),방위사업청(운영지원과),,94.579,2017-10-14,건양대학교 산학협력단,이정원,,서울특별시 서대문구 충정로53-0 (충정로2가) 골든타워빌딩 1701호
마린온기체 수명관리 및 창정비소요비용 타당성 연구,국군재정관리단,171256500.0,82.183,2018-11-13,(사)한국전략문제연구소,,,"서울특별시 강남구 언주로527, 10층 (역삼동)"
23-F-전자정보 수집/분석장비 유지보수,제9691부대,143524451.0,88.734,,,,윤진영,
예비전력발전세미나 주제연구(Ⅰ) 용역,제2879부대,75003458.0,,,주식회사 한솔엔지니어링글로벌,김진욱,,서울특별시 강동구 양재대로1377 (성내동 삼원빌딩 408호)
(20F088-A)소음영향도 작성을위한 소음측정및분석용역,공군사관학교,,96.686,2024-04-05,,,,
군 간부 획득환경 변화에 대비한 선발제도 방안 연구,공군본부,72296712.0,95.042,2021-10-15,,박정기,,
40mm고속유탄기관총-Ⅱ 사업분석,국방통합데이터센터,355595390.0,74.011,2021-10-17,주식회사 유진에스앤씨,홍광표,김근우,"경기도 고양시 덕양구 삼원로73, 721호(원흥동, 원흥한일윈스타)"
실전적 모의지원 연구 용역,육군교육사령부,94793683.0,,2018-09-29,(사)21세기군사연구소,이문걸,,
국방우주력 발전을 위한 민·군 기술협력 방안 연구,국방부(운영지원과),,84.711,2016-01-06,,,,
항공관제 분석체계(HW SW) 유지보수,육군교육사령부,378482967.0,77.088,,주식회사 셀젠텍,이인석,유선희,"서울특별시 강동구 천중로39길19-9 (천호동, 지원골드아파트) 401호"
22-美 해군 6.25전쟁 분석자료 번역 용역,특수전사령부,323643075.0,102.443,2017-01-05,주식회사 디오르마,김화경,최승룡,"대구광역시 북구 영송로15, 5층 5503호(태전동, 대구보건대학교 성실관)"
22-병력절감형 Smart Battleship 함정 설계연구,국방대학교,693180403.0,108.023,2020-10-27,과학기술정책연구원,고영호,황병윤,"서울특별시 서초구 방배천로155, 유청빌딩 3층(방배동 821-8)"
우주 무기체계의 최적 보험 가입 방안 연구,4284부대,39633456.0,,2023-02-11,,변중무,,
정보역량 강화 연구용역,육군교육사령부,112861915.0,96.337,,,김효근,,
24-3차 조달 연구장비(의약품 냉동고) 구매,국군재정관리단,354436239.0,96.092,2021-03-17,,,,
(216047-F)모의분석실 전시체계 구매설치,공군본부,,89.912,2020-06-01,,,,
(217215-D)디지털 포렌식 분석장비 교체,합동참모본부,360771680.0,71.004,,한남대학교 산학협력단,한민구,김근우,"서울특별시 용산구 한강대로62길41, 3층 (한강로1가)"
22-1차 연구장비 구매 계약 - 증기후드,국방부(운영지원과),161041485.0,98.467,,라온시스템즈(주),박종영,장재필,"경상북도 구미시 대학로 61, 금오공과대학교 산학협력단(양호동)"
성주기지 주변지역 건강영향 역학조사 연구,국군재정관리단,,,2022-10-04,,,송포,
K10제독차 조종상자 회로카드 정비기술개발 연구용역,국군화생방방호사령부,105251770.0,94.128,2022-01-13,,,노민택,대전광역시 유성구 대덕대로512번길20-0 (도룡동) 대전정보문화산업진흥원 304호
악성코드 동적분석 SW 라이선스 연장 구매,제2879부대,192217290.0,,,건양대학교 산학협력단,차진섭,양진,서울특별시 송파구 올림픽로505-0 (풍납동)
풍력발전기에 의한 방공레이다 등의 작전영향 연구,국방대학교,250631147.0,,2018-08-27,,,,
안보학술연구용역(2. 국제안보환경과),공군본부,197855007.0,86.621,2017-09-08,한국산업기술시험원,주양효,,경상북도 경주시 동대로 123(석장동)
21년 전투발전 연구용역(3),공군본부,186796857.0,102.154,2020-12-21,,정영욱,남혜정,
무기체계 RAM 시험평가의 효율적 수행방안 연구,해군군수사령부,273276234.0,,2022-05-16,육군사관학교 산학협력단,,,"서울특별시 금천구 가산디지털2로184, 10층 1017호(가산동, 벽산디지털밸리2차)"
디지털 증거분석 수사체계 교체사업(20198118-E),육군 제3808부대,45330122.0,,,,,,
군 시설물 안전관리분야 매뉴얼 개정 연구용역,해군본부,275582794.0,87.363,2020-04-03,사단법인 안보경영연구원,,,
21-무기체계 수명주기간 부품국산화 발전방안 연구,공군본부,,82.483,,,권시형,신명화,
생화학분석기(contro serum Level1 등) 구매,국군재정관리단,,90.971,2019-04-07,재단법인 에프아이티아이시험연구원,안가영,서경희,서울특별시 강남구 남부순환로 2806()
연구소 회의실 AV시스템 제조설치 납품,공군본부,6518777.0,,2019-05-25,서울대학교 산학협력단,이문걸,,"서울특별시 성북구 화랑로76, 제3층 307호(하월곡동,코업스타클래스)"
4차 산업혁명 전장기능별 무기체계 소요 연구 용역,국군재정관리단,93564569.0,92.47,,,김규형,,"서울특별시 송파구 법원로9길26, D동 1104호(문정동, H-비즈니스파크)"
18-함정EMP보호대책적용사례분석및개선사항도출연구,국방부(운영지원과),78007491.0,90.967,2021-01-17,,,,
전시 공군탄약소요산정 모델 개선ㆍ보완 연구,특수전사령부,296024414.0,78.705,2019-10-15,,박정기,,"서울특별시 강남구 언주로527, 10층 (역삼동)"
적 사이버공격 의도분석 지표개발 및 평가방안 연구,육군본부,32284430.0,,2021-12-13,에이비컴퍼니주식회사,김한욱,김동희,서울특별시 동대문구 장한로27길29 (장안동) 201비호
(207118-D)00분석체계 구축자재 구매,국방부(운영지원과),3287941.0,101.126,2020-09-08,(주)다남정보통신,홍수정,정인영,"경기도 성남시 중원구 광명로94번길14, 지하1층(성남동)"
군용물자 HSK 연계표 연구,육군본부,,,2020-09-14,티엠시 주식회사,경상현,강우철,"경기도 용인시 기흥구 덕영대로1732-0 (서천동, 경희대학교 국제캠퍼스내)"
(227164-C)연구활동 재료(시약) 구매,방위사업청(운영지원과),197427364.0,,2021-10-06,주식회사 셀젠텍,이근신,김재필,"서울특별시 성북구 숭인로2길61-0 (길음동, 길음동동부센트레빌아파트) 103동 11층02호"
세계안보정세분석 연구 용역,육군본부,93834917.0,84.96,,주식회사 엔미디어솔루션,유현우,김동희,"서울특별시 성북구 숭인로2길61-0 (길음동, 길음동동부센트레빌아파트) 103동 11층02호"
국방정보통신망 구축방향 연구 용역,해군본부,131640427.0,69.365,,,,최임찬,서울특별시 노원구 화랑로574-0 (공릉동)
[상층대기분석장비 부품] 위상 변위기 등 12종,국방부조사본부,,,2018-07-26,씨지에스아이티(주),김한희,전형준,"서울특별시 송파구 중대로135, 동관 1201호 (가락동, 아이티벤처타워)"
여단급과학화전투훈련체계 경미한성능개량 사업분석,합동참모본부,238919755.0,98.656,2023-02-22,(주)지디엘시스템,조명지,양금식,서울특별시 마포구 양화로183-0 (동교동) 효성홍익인간오피스텔 11층 1112호
미-23-미사일방어부대 효율적 부지 활용방안 연구,해군본부,17850227.0,84.287,2020-05-12,주식회사 씨이엠아이,최주평,유상지,경기도 광주시 중앙로320-40 (송정동)
사례분석을 통한 對아세안 국방협력 발전방안 연구,방위사업청(운영지원과),,85.575,2019-09-15,케이엠글로벌,권헌영,김지훈,"서울특별시 금천구 가산디지털1로171, B208호(가산동, 가산 에스케이 브이원 센터)"
軍 태양광 시범사업 효과 분석평가 용역,육군인사사령부,133906543.0,97.23,,한국직업능력연구원,김진욱,박종부,세종특별자치시  시청대로370-0
방위사업 계약법령 체계화 방안 연구,방위사업청(운영지원과),51074773.0,,2020-05-27,,,경상현,
21-공-신호발생분석기 구매,국군재정관리단,217390141.0,81.823,2021-03-08,(사)21세기군사연구소,유상호,김령은,
LiDAR 기술의 4차 산업 적용방안 연구용역,공군군수사령부,232421385.0,85.249,,대전대학교 산학협력단,김운용,,서울특별시 금천구 벚꽃로244-0 (가산동)810호 벽산디지털밸리5차
군 표준차량 수명판단방안 연구 용역,육군종합군수학교,,,2020-04-08,동국대학교 WISE캠퍼스 산학협력단,김학준,권시형,서울특별시 강남구 선릉로93길54-0 (역삼동) 일환빌딩 6097호
위성전군방공경보체계 경미한 성능개량 사업분석,계룡대근무지원단,216573674.0,76.794,2022-04-22,(주)미디어큐브,김재경,허정성,경상남도 창원시 마산회원구 삼호로38-0 (양덕동)
22-해병-지능형 사이버침해사고 조사분석체계 구축,해군군수사령부,,,2022-05-18,사단법인 안보경영연구원,전건욱,,"서울특별시 강남구 언주로527, 10층 (역삼동)"
K1계열전차 포탑회로망상자 시험장비 개발 연구용역,공군본부,,,,주식회사 지니클라우드,최명진,박수연,"서울특별시 금천구 디지털로173, 504호(가산동, 엘리시아지식산업센터)"
항공통제기2차사업 기종결정평가 연구용역,공군군수사령부,41059831.0,80.55,,,,,
경어뢰 성능개량사업 전문용역 비용분석,국군재정관리단,,97.248,,,,박계향,
ICBM 기반 통합 시설물관리체계 구축 개념 연구용역,육군본부,107977293.0,89.428,2017-09-20,,,,
재투자 의무장비 구매(1차) - 요분석기,국군재정관리단,153371834.0,94.788,2023-01-14,,,,
23년 군 주거시설 개선사업 선행연구 용역,방위사업청(운영지원과),9298171.0,67.071,2023-12-24,케이엠글로벌,이성로,오성열,부산광역시 영도구 와치로194-0 (동삼동)
’22년 전투발전 연구과제 용역(2),방위사업청(운영지원과),751707.0,,2016-08-31,주식회사 제니컨벤션,최주평,정영숙,경기도 김포시 양촌읍 대곶남로580번길38-0
군 급식제도의 시스템 개선을 위한 연구,해군본부,34174290.0,80.284,2018-06-03,(재)한국해양전략연구소,권시형,이나라,
19-전자파 정밀분석체계 확대구축사업 리스,국군재정관리단,462279515.0,88.955,2022-09-13,정투유통,이재관,김은혜,충청남도 아산시 삼동로40 (모종동)3층 301-37호
생물안전밀폐실험실(BL3 3등급 연구시설)유지보수용역,방위사업청(운영지원과),52588450.0,,,,박정기,,"서울특별시 용산구 청파로 40, 삼구빌딩 1815호(한강로3가)"
00 군공항 이전 시설기본요구조건(안) 작성 연구용역,해군본부,240496308.0,99.413,2021-05-20,주식회사 에이치앤아이웍스,이미란,윤영선,"서울특별시 동대문구 약령시로9길 79,  135-51,135-60(제기동)"
한국형 손상통제 모의훈련형 CBT 구축방안연구,국군재정관리단,12431579.0,109.084,2020-10-13,,,박계향,
해성-I 창정비요소개발 사업 비용분석,제2879부대,245114678.0,,,주식회사 피앤씨솔루션,노광현,이경신,"대전광역시 서구 대덕대로319, 2층 212호(월평동, 우림빌딩)"
미래전장환경을 고려한 화력전력 대체방안 연구용역,국군재정관리단,83564218.0,92.905,,국방기술품질원,,안혜경,"서울특별시 용산구 한강대로62길41, 3층 (한강로1가)"
영상판독사 자격신설 연구,국군재정관리단,,,2017-07-14,,,,
ISR 자산의 효율적 통합 운용방안 연구,4284부대,102603048.0,72.961,,,,김정일,
혈액가스 분석기 1EA 구매,국군의무사령부,159340871.0,106.715,2022-11-29,주식회사 엔지엠테크,김한희,김재욱,"대전광역시 유성구 엑스포로1, 1902호(도룡동, 엑스포타워)"
동원전력 내실화 방안 연구용역,국방부(운영지원과),,88.604,2022-10-11,상명대학교산학협력단,,,
안보학술진흥연구용역(5.자원관리과제또는),방위사업청,42232414.0,83.038,,,,박진호,
공무원 징계와 군 징계의 비교법적 연구,국군의무사령부,50631181.0,79.8,2017-04-27,한국해양과학기술원,문유경,이도제,경상남도 함안군 칠북면 삼칠로 1826티엠시 (주)
16-상층대기 분석장비 외주정비,공군군수사령부,,81.414,2021-05-14,,,황혜원,"서울특별시 노원구 광운로 20(월계동, 광운대학교)"
공군 3훈비 방호시설 방호성능평가 연구용역,해군군수사령부,74064604.0,,2017-12-23,한양대학교 산학협력단,,,
공지통신무전기 성능개량 사업분석,국방부,58851306.0,,2021-07-08,에스엔케이와이즈주식회사,김종호,박병희,"서울특별시 금천구 가산디지털1로146, 705호(가산동, 대륭테크노타운22차)"
병 오일분석용 구매,국방대학교,,91.681,2019-06-16,경희대학교산학협력단,신철호,손보연,"경기도 용인시 처인구 명지로 116, 명지대학교(남동)"
[24-육-189] 과학화 동원훈련장 시범사업 추진 연구,육군본부,,93.653,2020-03-27,피앤티컨설팅 주식회사,김 용희,김민영,"서울특별시 금천구 가산디지털1로1-0 (가산동, 더루벤스밸리) 1208호"
4차산업혁명 기술을 적용한 C4I체계 발전방안연구,공군본부,,,2017-05-08,,,이성태,
군인ㆍ군무원 수당이력조사 및 유사직종사례 비교연구,국군재정관리단,36226526.0,89.426,,(주)모던애드,윤상석,이희섭,"서울특별시 동작구 남부순환로2021, 2층 (사당동)"
스마트 물류센터 도입 검토 연구용역,국군의무사령부,16281097.0,92.224,2021-06-16,,,,
생물안전밀폐실험실(BL3 3등급 연구시설)유지보수용역,제9691부대,2297194.0,72.837,,엘아이지넥스원주식회사,정병훈,박소영,"서울특별시 강남구 역삼로17길57, 그랜드빌딩 B1층 (역삼동)"
마린온 3차 PBL사업 적용범위 사업타당성 조사 연구,해군본부,125495313.0,81.584,,포스정보주식회사,김미숙,신종현,"경기도 부천시 석천로397, 102동 611호(삼정동, 부천테크노파크쌍용3차)"
미래 예비군 차등화 편성ㆍ관리개념 연구용역,국군재정관리단,2824081.0,118.263,,사단법인 안보경영연구원,전건욱,,"서울특별시 강남구 언주로527, 10층 (역삼동)"
한국형 군경력 학점전환제 마련에 관한 연구,방위사업청(운영지원과),80658573.0,92.277,2017-05-11,노무법인 디와이,김혜진,김지훈,"경기도 용인시 수지구 죽전로 152, 단국대학교내(죽전동)"
전시자원소요분석모델 장비 교체사업 리스,방위사업청(운영지원과),,90.633,2020-08-02,(사) 한국관세무역개발원,조완제,이효선,서울특별시 관악구 관악로1 (신림동)
통섭형 인재 육성을 위한 직무순환 방안 연구 용역,공군본부,17339575.0,93.567,2020-10-09,사단법인 미래안보산업전략연구원,김용주,박계향,"서울특별시 서초구 서초대로1길17, 2층 226호(방배동)"
군 C4I체계 보호방안 연구 용역,국방부(운영지원과),,78.25,2019-02-01,,,,
추진장약 분석시험용 재료구매,국군재정관리단,,,,애니유통,조종열,윤진영,"서울특별시 영등포구 국회대로74길20-0, 404호(여의도동, 맨하탄21)"
국방기술조직을 활용한 함정 기술관리 방안 연구 용역,공군본부,20911014.0,,2021-05-22,,,,
20-MTU엔진 PBL 비용대효과분석 및 성과지표 연구,국방부,7612992.0,,2018-07-15,,,김지훈,
북한의 기뢰전 전술 분석 및 대응책 연구,육군교육사령부,,76.129,2018-09-12,,,,
한국형 공지기동부대 작전수행개념 연구용역,방위사업청(운영지원과),264201965.0,89.275,,재단법인 한국군사문제연구원,김형철,,"경기도 성남시 수정구 위례대로83(창곡동, 국방문화센터)"
24년 전투실험발전 연구 용역(1),국방부(운영지원과),3148409.0,,2017-09-01,국방대학교산학협력단,이문걸,김해리,
(22G088-A) VR 지뢰훈련시뮬레이터 선행연구용역,방위사업청(운영지원과),29313556.0,,,주식회사 유니텍,,이영섭,"서울특별시 금천구 가산디지털2로184, 10층 1017호(가산동, 벽산디지털밸리2차)"
분석기  스펙트럼용,국군재정관리단,,83.563,2023-08-09,한국항공대학교 산학협력단,허건영,신남선,"경기도 의왕시 오봉산단3로25, 1동 303호(삼동, 의왕테크노파크더리브비즈원)"
수사자료분석용 서버 구매설치,방위사업청(운영지원과),,,2022-04-21,산업연구원,이재평,장현정,세종특별자치시  연동면 원합강1길50-0
전·평시 예비군 보류직종의 적정성 연구,국방부(운영지원과),74031623.0,111.369,,,,황병윤,
전자파 측정/분석을 위한 송신장치 개발용역,제9691부대,49455027.0,,2020-06-17,(주)아이디어정보기술,최규식,김종훈,"서울특별시 강남구 논현로101길8, 2층 (역삼동, 형정빌딩)"
(236043-G) 23년 모바일·IoT 조사분석체계 도입사업,국군재정관리단,1077671524.0,96.991,2019-07-03,한국건설기술연구원,심동석,이의재,"서울특별시 강남구 영동대로602, 6층 E170호(삼성동)"
병력책정기준(정보통신분야 임무/기능 적절성 연구),제6619부대,,73.384,2018-01-10,주식회사 사이버앤네트워크연구원,박홍련,박계향,서울특별시 서초구 서운로1길34-0 (서초동)
LiDAR 기술의 4차 산업 적용방안 연구용역,국군재정관리단,206597353.0,85.974,2022-06-09,사단법인 안보경영연구원,전건욱,윤진영,
디지털 증거분석 수사체계 도입(218091-A),공군제18전투비행단,,,2020-02-23,국방기술품질원,최권석,구종우,세종특별자치시  반곡동시청대로 370
탄약안전관리사 및 항공소방구조사 자격신설 연구,공군본부,,76.619,2016-11-17,,,,
정신전력 개념 정립 및 수준 측정도구 개발 연구,공군군수사령부,102470655.0,88.848,,주식회사 알앤엠텍,정원섭,조진환,"서울특별시 금천구 가산디지털1로145, 308호 (가산동, 에이스하이엔드타워 3차)"
지형분석도 제작 재료 구매,해군본부,,82.019,,주식회사 파이안,지용현,김영수,"경기도 군포시 고산로148번길17-0, B동 1303호, 1304호, 1305호(당정동, 군포IT밸리)"
한국형 방산수출금융지원기준 설정방안 연구,공군본부,1180179404.0,,2020-06-18,,,,
사이버 위협수준 평가 신뢰도 향상방안 연구,국방부(운영지원과),,86.757,2022-02-11,,전건욱,,
[24-육-16] A군단 부대변천사 연구용역,방위사업청(운영지원과),14661434.0,98.322,,주식회사 더블유아이,강종효,이솔이,경기도 구리시 갈매순환로166번길45 (갈매동) 구리갈매아너시티S811
[24-육-17] B군단 부대변천사 연구용역,육군본부,99499781.0,,2017-12-21,(재)한국정보통신산업연구원,허건영,박계향,"서울특별시 성북구 정릉로161 6층(정릉동, 정의관)"
23-F-최대전력 분석기 구매,국군의무사령부,,,2021-06-24,씨지에스아이티(주),홍광표,이지윤,"인천광역시 남동구 문화서로65번길9, 1301호(구월동, 웰메이드)"
AI를 적용한 화생방 드론봇 전력체계 연구 용역,해군본부,,77.662,,더스테이지,석수진,최민호,전북특별자치도 정읍시 북면 북면공단2길87-0
자동염기서열분석기 구매,국군수도병원,,,2022-09-12,,,,
(217271-C) 의무장비(자동분석기 생화확 대형) 구매,국방지형정보단,600689824.0,,2023-01-24,대길상사,김도현,전희수,광주광역시 서구 상무대로956번길25-0 (쌍촌동)
`18년 지형분석장비 교체사업,국군의무사령부,442135321.0,109.066,2024-10-20,(사)21세기군사연구소,,이민혜,
소형무인기의 획득 및 운용을 위한 총수명주기 분석,국군재정관리단,,,2021-10-02,,,,
19년 지형분석장비 교체(리스물건)(20196289-G),국방부(운영지원과),56490350.0,76.306,2023-03-24,근영유통,유관우,박점숙,경상남도 김해시 수가로242-9(응달동)
[24-육-6] M&S 체계구축  활용방안 연구,방위사업청,1942786.0,,,,,이재평,
(22F064-I)과학화동원훈련체계발전방안연구용역,방위사업청(운영지원과),78012255.0,109.951,2023-08-02,주식회사 티이디컨설팅그룹,김진원,김우중,"서울특별시 서대문구 연세로 50, 연세대학교(신촌동)"
군사사연구총서 용역 계약,제9691부대,113439563.0,91.903,2021-03-01,,,우재봉,
국방분야 국가자격 신설종목 연구,국군재정관리단,156601377.0,110.166,2018-09-11,,,,
공기조화계통(HAVC) 성능개선 방안 연구 용역,국방부(운영지원과),,89.765,2018-09-13,,한민구,,
부대소개영화 제작 용역(연구단),방위사업청(운영지원과),,97.765,,,,박계향,
BLT급 쌍방훈련 제병협동훈련장 구축 연구용역,육군본부,,88.413,2017-08-19,(주)두두아이티,김진욱,,서울특별시 마포구 월드컵북로5길59 (서교동)
2022년 의무장비(혈액가스및전해질분석기) 구매,국방대학교,,,,주식회사 현대리서치,이승후,정봉원,서울특별시 영등포구 영등포로35길10-0 (영등포동6가) 8층 809호
한국군의 곤충매개 감염질환 예방 전략 개발 연구용역,국군의무사령부,40582812.0,78.154,,,,강우철,
침낭 품질개선 선행연구 용역,공군본부,,110.837,2017-01-31,(사)한국전략문제연구소,,,
17년 지형분석장비 물품 구매설치,방위사업청(운영지원과),127202754.0,111.162,,,,양진,서울특별시 관악구 관악로1 (신림동)
군사용 인공지능 윤리적 평가 및 검증요소 연구 용역,공군사관학교,20996052.0,81.859,2023-07-13,사단법인 대한군상담학회,천훈아,안희철,"서울특별시 마포구 마포대로 12, 한신오피스텔(마포동)"
교육연구자료 원문 DB 구축 용역,국방부(운영지원과),69139479.0,96.059,,상명대학교산학협력단,황순용,이상규,
해병대 정체성 향상 프로그램 교육체계 설계 연구,육군인사사령부,58156857.0,85.426,2023-06-22,(주)아인스에스엔씨,박미경,유재웅,대전광역시 동구 대전로889-4 (삼성동)
(20F118-A)동원훈련장 과학화 발전연구 용역,국방부(운영지원과),,91.473,2021-06-12,,,송포,
20-실전적 시뮬레이터 구축방안 연구,국군재정관리단,89514892.0,99.758,2020-04-05,,,,
24-P-용-01 침수예방사업 선행연구용역,국군재정관리단,,98.848,,,,유현국,
죽변 비상활주로 민ㆍ민갈등 해소방안 연구,국군대전병원,,95.417,2019-01-19,(주)한일종합상사,김용주,최동숙,"서울특별시 강남구 도산대로 507, 대신빌딩205호(청담동)"
군용비행장 소음측정 및 분석용역(해),공군본부,116346325.0,,2020-02-20,서울사이버대학교 산학협력단,조노희,송현상,서울특별시 구로구 가마산로279-0 (구로동) 907호
조종사 보호의세트-Ⅱ사업 선행연구,국군재정관리단,,92.112,,,,,
K2전차 3차 양산 사업분석,국방부(운영지원과),,,2022-07-23,한국산업기술시험원,김수상,변현호,"경상북도 포항시 남구 청암로77 (효자동, 포스텍)"
24년 전반기 육군 정책연구 과제 연구용역,합동참모본부,,,,대길상사,이성로,배수호,울산광역시 동구 방어진순환도로1000-0(전하동)
기술성숙도평가(TRA) 내실화 방안 연구,합동상호운용성기술센터,468300834.0,84.944,,,,,
군내 성희롱 행위자 재발방지 프로그램 연구,방위사업청(운영지원과),142272134.0,101.862,2021-02-21,지그인더스트리,임근우,김지훈,"경기도 고양시 덕양구 삼원로73, 721호(원흥동, 원흥한일윈스타)"
22-12차 연구장비 구매 계약 - 초저온냉동고,육군본부,,78.406,,사단법인 한국국가전략연구원,,노민택,
수성사격장 주변지역 주민 의식조사 연구,육군본부,131129716.0,,2018-12-30,사단법인 안보경영연구원,김형철,,"서울특별시 강남구 언주로527, 10층 (역삼동)"
국외조달 군수품의 합리적인 관세부과방안 연구,해군군수사령부,128035109.0,89.081,2020-12-20,국방대학교산학협력단,김성룡,김나영,"서울특별시 금천구 가마산로96-0, 213호(가산동, 대륭테크노타운8차)"
잠수함 승조부사관 도태방지개선 연구 용역,제9691부대,272079298.0,92.144,2017-02-05,(사)한국전략문제연구소,,,"서울특별시 용산구 청파로 40, 삼구빌딩 1815호(한강로3가)"
20-MTU엔진 PBL 비용대효과분석 및 성과지표 연구,국군의무사령부,22782636.0,101.535,,,,김근우,
(23F009-A)지리공간지형분석 Terra SW 등 금융리스,국군재정관리단,,,,(주)이에이치,최성숙,이교석,전라북도 무주군 무주읍 향학로27-1
통신중계드론 사업분석,국군재정관리단,,,2023-03-17,주식회사 셀젠텍,김평희,윤영선,"충청남도 천안시 서북구 쌍용17길8, 3동 1202호(쌍용동, 쌍용모란아파트)"
비궁 창정비요소개발 사업분석,국방부(운영지원과),,81.228,2024-05-01,주식회사 가이온,김종광,김혜정,"서울특별시 영등포구 63로 32, 라이프콤비빌딩702호(여의도동)"
신기술을 적용한 무기효과자료 산출 방법론 연구,육군본부,104936228.0,97.507,2021-03-12,한성대학교 산학협력단,김종원,,서울특별시 관악구 관악로1 (신림동)
고성능탄두 기술적용 전투수행개념 연구 용역,4284부대,30186749.0,72.966,,(사)21세기군사연구소,조보근,이상규,
2.75유도로켓 창정비 비용 대 효과분석 연구용역,해군본부,34520323.0,,,(사)한국전략문제연구소,,,"서울특별시 강남구 언주로527, 10층 (역삼동)"
전파환경측정 분석장비 유지보수,해군본부,194446361.0,94.388,,주식회사 유니텍,이재평,정봉원,
차세대 전투차량 발전방안 연구 용역,국방부(운영지원과),,121.429,2017-11-29,,,,
(236208-E) 차륜정비장비(분석기 차량엔진용) 구매,제9691부대,151396471.0,88.813,2024-04-21,중앙대학교 산학협력단,정영욱,송지은,서울특별시 성북구 삼선교로16길116-0 (삼선동2가)
중증외상질환 예후예측인자 발굴 및 관리방안 연구,방위사업청(운영지원과),,90.902,2018-09-08,,,,
23년 전투발전 연구용역 세미나 수행 용역(5),공군본부,179825158.0,108.133,2024-02-07,,한민구,,"서울특별시 송파구 법원로11길25-0, A동 1310호(문정동, 에이치비즈니스파크)"
2020년 범국민 안보의식조사 연구 용역,육군본부,8275691.0,,2017-08-05,세종대학교산학협력단,이재평,,"서울특별시 용산구 한강대로109-0 (한강로2가),404호(용성비즈텔)"
항-19-032 자동면역분석기 시약(HBsAg RGT)등 112종,합동상호운용성기술센터,6221981.0,,,알앤알컨설팅 주식회사,박종호,한아름,"서울특별시 성동구 성수일로4길25, 16층 (성수동2가, 서울숲코오롱디지털타워 1차)"
공무원 징계와 군 징계의 비교법적 연구,해군본부,580272779.0,81.881,2016-08-14,주식회사아이디에프,김지영,이호철,"경기도 군포시 고산로148번길17-0, B동 1303호, 1304호, 1305호(당정동, 군포IT밸리)"
22-공-가스크로마토그래피(질량분석식) 구매,육군본부,160429715.0,,2023-03-18,사단법인 씨알리더십연구원,김영국,심지민,강원특별자치도 춘천시 강원대학길1 (효자동)
총 수명주기간 함정 안전진단 수행체계 개선방안 연구,국방대학교,35403334.0,,2019-09-09,(주)두두아이티,노광현,,서울특별시 강남구 논현로189길6 (압구정동)
ArmyTIGER4.0네트워크정보유통능력분석연구용역,제9691부대,218469876.0,88.552,,주식회사 쏠바이오텍,나상억,박지은,서울특별시 관악구 관악로서울대학교 사회과학대학 16-539
22-2차 연구장비 구매 계약 - 기구세척기 초음파형,국방대학교,,104.712,2020-07-19,,,,
미래 우주전장 분석 및 공군 우주전략 수립 연구용역,공군본부,56966461.0,87.279,,(사)21세기군사연구소,김상인,안희철,서울특별시 영등포구 여의공원로 101(여의도동)
기술성숙도평가(TRA) 내실화 방안 연구,합동참모본부,,82.816,,사단법인 안보경영연구원,박정기,이수행,
통일후육군구조(안)에대한 합참과 육군(안)에대한분석,육군교육사령부,11617768.0,99.432,,,김진욱,민희숙,
상륙기동헬기 성능개량 소요 분석 연구용역,국방부(운영지원과),74545900.0,91.103,2020-09-22,사단법인 안보경영연구원,전건욱,,"서울특별시 강남구 언주로527, 10층 (역삼동)"
신호분석기 1대 구매,육군교육사령부,,72.23,,,,현민,
대형 국외구매사업의 합리적 기종결정방안 연구,국군재정관리단,,,,경희대학교산학협력단,김종귀,,"서울특별시 금천구 가산디지털2로184, 10층 1017호(가산동, 벽산디지털밸리2차)"
전탐감시대 감시장비 원격통합감시체계 구축 연구,방위사업청,21801725.0,92.294,,사단법인 한국국가전략연구원,권정환,박재경,"전라북도 군산시 임피면 호원대3길 64,"
무기체계 시험평가 사고예방 안전매뉴얼 연구,방위사업청(운영지원과),241210854.0,105.574,2019-10-15,,,황병윤,
국방연구개발사업의 성과조사.분석 연구,국군재정관리단,26895735.0,110.407,2019-12-14,,김진욱,고윤안,서울특별시 노원구 화랑로574-0 (공릉동)
교육장비(질량분석기) 구매,공군본부,193967334.0,93.047,,,주현,유혜련,"서울특별시 송파구 법원로11길25-0, A동 1310호(문정동, 에이치비즈니스파크)"
국내 한도액계약 및 성과기반계약 활성화 방안 연구,국방대학교,,83.686,,디엔씨오토메이션,박승우,김석용,서울특별시 강남구 논현로189길6 (압구정동)
도면(2D 및 3D) 통합관리방안 연구용역,육군본부,32464958.0,,2017-09-18,주식회사 조인트리,조희아,심동석,서울특별시 강남구 논현로189길6 (압구정동)
CBRS 적용한 전투발전체계의 문제점 및 발전방향 연구,국방부(운영지원과),73440063.0,92.269,2020-11-29,아주대학교 산학협력단,김진욱,김진욱,충청남도 논산시 양촌면 황산벌로1040
인공근육 기반 전투원용 슈트 개발 발전방향 연구,해군본부,,,,,,김중곤,
고성능탄두 기술적용 전투수행개념 연구 용역,공군본부,24235282.0,91.927,,,,,
24년 국방연구개발사업의 성과조사 · 분석 연구 ,해군본부,94582219.0,84.177,2022-04-08,,,,"서울특별시 강남구 언주로527, 10층 (역삼동)"
상륙공격헬기 체계운용요구 및 PBL 적용방안 연구용역,해군본부,,89.632,2016-12-12,사단법인 안보경영연구원,전건욱,,"서울특별시 강남구 언주로527, 10층 (역삼동)"
안보학술진흥연구용역(4. 한국의군사전략및),국군재정관리단,264985194.0,,,,,박계향,
정보통신부대의 조직발전방향 연구,공군본부,75646937.0,84.446,2021-10-15,(사)한국전략문제연구소,,,"서울특별시 강남구 언주로527, 10층 (역삼동)"
50년 함건조 사례분석 및 발전방안 정립 연구 용역,육군본부,26769874.0,75.602,2019-02-24,재단법인 한국군사문제연구원,전건욱,,"서울특별시 강남구 언주로527, 10층 (역삼동)"
미래 작전지속지원 수행개념 및 핵심요구능력 연구,국군재정관리단,199646621.0,92.615,,(사)21세기군사연구소,정의붕,박계향,서울특별시 용산구 새창로128-1 (용문동) 2층
22-美 해군 6.25전쟁 분석자료 번역 용역,방위사업청(운영지원과),,95.266,,주식회사 한국엔브이,김학준,홍지유,서울특별시 금천구 가산디지털2로184-0 (가산동) 112호
TAURUS 총수명간 운영방안 연구,방위사업청(운영지원과),,90.535,2018-03-28,우석대학교 산학협력단,김한욱,박지은,"서울특별시 중구 동호로7길41, 2층(신당동)"
19-웹 취약점 진단분석체계 교체사업(201499064-A),공군본부,93307576.0,79.974,2023-10-13,,,엄지성,서울특별시 광진구 군자동98 집현관 216
드론봇 및 대드론체계 전력화추진 Master-Plan 연구,육군교육사령부,51797766.0,,,,권시형,김영진,
5인치 함포용 사거리연장탄 사업분석,국방부(운영지원과),75871470.0,,2020-05-04,,,,
부대소개영화 제작 용역(연구단),국군재정관리단,,89.803,2018-11-04,,,,
사이버정보(수집·분석·관리)시스템 구축방안,육군본부,19239175.0,87.976,,,,,
소화기 소음기 선행연구 용역,육군본부,23993677.0,82.445,,(사)한국전략문제연구소,,,"서울특별시 용산구 청파로 40, 삼구빌딩 1815호(한강로3가)"
19년 지상군 전시자원 소요 분석모델 유지보수 용역,해군본부,408217462.0,80.161,2022-11-08,,,,서울특별시 노원구 화랑로574-0 (공릉동)
해성-I 유도탄 창정비요소개발 비용분석 연구,해군본부,,,2018-01-25,한양대학교 산학협력단,박종재,경상현,"전라북도 군산시 임피면 호원대3길 64,"
발칸 보조전원공급기 수리부속 대체품 개발 연구용역,해군본부,72416704.0,,2017-10-16,,,김산회,"서울특별시 용산구 청파로 40, 삼구빌딩 1815호(한강로3가)"
22-美 해군 6.25전쟁 분석자료 번역 용역,국군재정관리단,,87.731,2021-04-21,사단법인 안보경영연구원,전건욱,,"서울특별시 용산구 청파로 40, 삼구빌딩 1815호(한강로3가)"
기술인력육성 보조사업자 운영성과평가 및 연구,국방부(운영지원과),216631356.0,86.773,2020-03-17,,,,
정원감축 대비 민간인력 전환분야 및 규모식별 연구,제2879부대,23144486.0,,2020-01-16,엔에이치네트웍스 주식회사,배홍기,나인성,광주광역시 서구 양동로41번길21-9 (양동)
전차와 육군헬기의 혁신적인 운용개념 발전 연구,방위사업청(운영지원과),97522521.0,80.789,2016-01-22,(사)한국전략문제연구소,,,
상륙돌격장갑차(KAAV)-II 계열화 방안 연구,제9691부대,,,2021-04-01,(사)21세기군사연구소,김진욱,임지원,
모바일기기 증거분석체계 구매(교체) 리스,국군재정관리단,172243897.0,96.514,2020-11-27,주식회사 안보기술연구원,김진욱,최승룡,서울특별시 마포구 동교로183-11 (동교동) 한국정치학회빌딩 4층 한국정치학회
무기체계「체계안전성」도입방안 연구,육군교육사령부,,,2020-12-15,씨지에스아이티(주),한기관,이호준,"서울특별시 송파구 송파대로201-0 (문정동) 송파테라타워2 A동 1213,1214,1215,1216,1217,1218호"
21년 차세대 첨단함정 건조가능성 검토 연구용역(IV),육군본부,27672356.0,,2020-10-17,주식회사 맥스바이오텍,이정훈,임소영,"인천광역시 미추홀구 주염로58, 620-1호(주안동, 주안시범공단)"
의료기재(금연구역 표지판 등 85종)구매,국군재정관리단,572784815.0,102.965,,사단법인 안보경영연구원,,,"서울특별시 강남구 언주로527, 10층 (역삼동)"
폭발물처리 자격신설 연구,해군본부,60464161.0,,2017-10-14,주식회사 원영전자,서동우,박계향,"서울특별시 서초구 방배천로155, 유청빌딩 3층(방배동 821-8)"
K10제독차 조종상자 회로카드 정비기술개발 연구용역,국방부조사본부,209583921.0,,2020-04-25,,정의승,,"서울특별시 금천구 가산디지털2로184, 1017호(가산동, 벽산.경인디지털밸리2)"
표준훈련장 설치기준 정립 연구 용역,공군본부,39941783.0,,2023-07-05,,,,
22-11차 연구장비 구매 계약 - 의약품 냉동고,공군사관학교,117060755.0,,2021-07-21,,,,
보코더 특성분석 플랫폼 개발 연구용역,국방부군사편찬연구소,1087423.0,,2018-10-25,한국여성정책연구원,변중무,이창환,"서울특별시 용산구 한강대로30길25 (한강로2가, 아스테리움 용산) 11층 2호"
(217074-C) 의무장비(자동분석기 생화학 대형) 구매,4284부대,,,2020-07-06,사단법인 대한민국해군발전협회,박치면,최영복,"서울특별시 금천구 가산디지털2로184, 10층 1017호(가산동, 벽산디지털밸리2차)"
국방 인공지능(AI) 활용 실증기획 연구,국군재정관리단,,,2017-09-04,주식회사 한국직업자격연구원,조우철,박계향,경상남도 거제시 거제대로3370 (아주동)
(20F157-I)12.7mm 파쇄탄 정부투자 연구개발 사업,국방부(운영지원과),1424620.0,91.524,2021-03-21,,,박계향,
미래 예비군 제도를 대비한 예비군 개념 정립 연구,드론작전사령부,127557257.0,,,,,,
개전초 동원긴요부대 전시 완정성 보장 방안 연구,방위사업청(운영지원과),106507719.0,81.482,2019-03-15,사단법인 안보경영연구원,전건욱,,"서울특별시 강남구 언주로527, 10층 (역삼동)"
차세대 미사일 방어 무기체계 발전 방향 연구,해군본부,255357373.0,84.339,2021-11-23,,박문희,,
레이더 시험세트(스펙트럼 분석기 등 4종) 구매,방위사업청(운영지원과),172423364.0,94.965,,,,이상규,
17년 통합기후예측시스템 연구개발 용역,방위사업청(운영지원과),,72.628,,,,김채미,
22-함정 대기오염 저감방안  설계영향성 연구,국군재정관리단,66718480.0,88.191,2021-05-02,주식회사 에이치투엘테크놀로지,유흥배,박진호,"충청북도 청주시 서원구 사직대로164번길9, 401(사창동)"
22-유도/수중무기 창정비 비용 대 효과 분석,육군대학,207571654.0,97.309,2024-07-15,,,,
상용 SW(수사데이터 분석 도구) 구매,방위사업청(운영지원과),,99.896,,주식회사 도화엔지니어링,조상환,채규수,"서울특별시 종로구 우정국로26(공평동, 센트로폴리스빌딩)"
(20G060-A)IP교환기및국방보안조사분석시스템금융리스,제2879부대,,85.378,2021-11-28,,,이한웅,
(247354-C) 액체크로마토그래피 이중질량분석기 구매,공군사관학교,234480349.0,92.593,,주식회사 한국엔브이,한대일,김지훈,서울특별시 강서구 마곡중앙5로1길20 (마곡동) 520호
미래 복합전투체계 운용개념/전투실험방법 연구용역,국군재정관리단,,,2020-06-18,,박종선,,
자동전사시스템 연구 용역,육군교육사령부,74367435.0,93.359,,재단법인 한국군사문제연구원,김형철,,"서울특별시 강남구 언주로527, 10층 (역삼동)"
21-섬석천 기능개선 분석평가 및 기본계획 연구용역,제9691부대,314806748.0,,,주식회사 공공정책성과평가연구원,박종재,,서울특별시 노원구 공릉로 232서울과학기술대학교 테크노큐브 2층 산학협력단
21-해군 재료분석기 구매,제9691부대,,90.373,2018-12-08,한남대학교 산학협력단,한수희,,"서울특별시 영등포구 의사당대로22, 8층 9층 10층(여의도동, 이룸센터)"
전차와 육군헬기의 혁신적인 운용개념 발전 연구,육군교육사령부,,92.864,,,유훈,오세형,"서울특별시 성동구 왕십리로 222, 한양대학교 내 한양종합기술연구원 110호(행당동)"
’22년 전투발전 연구과제 용역(4),공군작사근무지원단,898537.0,78.463,2017-12-13,,,,
분석기 구매,방위사업청(운영지원과),9188505.0,82.596,2023-10-04,(주)프라이전트,이희석,최영걸,"대전광역시 유성구 대학로 27, 현대리조텔 2층(봉명동)"
4차 산업혁명 기술 함정적용 방안 연구용역,방위사업청(운영지원과),56208169.0,,,,,황병윤,
지뢰탐지기(PRS-17K) 제어함 정비기술개발 연구용역,국군재정관리단,249000068.0,78.703,2020-04-17,(사)21세기군사연구소,이용준,전형준,경기도 안양시 동안구 흥안대로 516(관양동 1505-22)
군 VoiP 교환시스템 통합운용방안 연구 용역,방위사업청(운영지원과),,103.022,,주식회사 이앤에프어드바이저,이양숙,위정은,"서울특별시 금천구 가산디지털1로1-0 (가산동, 더루벤스밸리) 1208호"
23-N-유황분석기 구매,공군본부,,,2024-02-09,(주)디에이치기술단,박종재,임경태,"경기도 용인시 처인구 명지로 116, 명지대학교(남동)"
24년 전투실험발전 연구 용역(2),국군재정관리단,89079577.0,,,디아이에스아이앤씨 주식회사,안명수,임소망,"경기도 양주시 광적면 부흥로847, 431호(경기벤처타운)"
운용제원 분석 기반 장비수명 판단방안 연구,국방부(운영지원과),119224611.0,88.951,2017-10-07,,,,
정기기초연구과제연구용역(2.한국의국방/군사전략),육군본부,83942526.0,92.133,2019-06-30,국방대학교산학협력단,김현성,,서울특별시 금천구 가산디지털1로171-0 (가산동) 가산SK V1 센터 1505호
전평시 군수부대 기동화 방안 연구용역,국방부(운영지원과),83218771.0,108.709,,사단법인 국방지능정보기술융합협회,박래호,이민혜,경기도 수원시 장안구 파장천로 31()
대형 후속사업 추진시 기종결정 평가항목 연구,방위사업청(운영지원과),37149200.0,72.181,,단국대학교 산학협력단,김진욱,정봉원,경기도 광주시 중앙로200-0 (송정동) 203호
미래 안보환경 대비 군사시설 보호업무 발전방향 연구,육군교육사령부,69019255.0,,2022-07-30,,,,
추진장약 분석시험용 재료구매,4284부대,,92.029,,주식회사 아레스,이윤문,김영진,"경기도 수원시 영통구 월드컵로 206(원천동, 아주대학교)"
’22년 전투발전 연구과제 용역(1),국군의무사령부,103983474.0,,,국방대학교산학협력단,,,
K21 4차 양산사업 시설사업기본계획 연구용역,방위사업청(운영지원과),,86.429,,충남대학교 산학협력단,한영석,,"경기도 안양시 만안구 만안로49, 519호(안양동, 호정타워)"
대잠훈련분석체계(AEAS) 유지보수 용역,국방부(운영지원과),239284262.0,95.675,,,전건욱,,대전광역시 유성구 대덕대로512번길20-0 (도룡동) 대전정보문화산업진흥원 304호
(227239-B) 악성코드 수집분석체계 라이선스 구매,국방시설본부,80635708.0,94.865,2020-06-18,서울대학교 산학협력단,권선애,김선미,
(21F093-K)'22년~'23년 작전지속지원분석모델유지보수,국군의무사령부,,,2023-10-18,한국교통대학교산학협력단,,남상경,
미래 전장에서 승리하기 위한 육군전략 발전 연구,합동참모본부,32974315.0,,,한국마이크로데이타(주),조보근,이상규,"서울특별시 금천구 서부샛길632-0 (가산동, 대륭테크노타운5)"
비전투부대 참모부서 소요병력 산정기준 연구용역,국방전산정보원,36286982.0,77.146,2022-04-08,(주) 한국능률협회컨설팅,,이상규,
공군 휴대용 소형무인기 대응체계 연구 용역,4284부대,285697417.0,,2017-12-25,,노희영,,
전자전기 확보 및 효율적 운용방안 연구,국군재정관리단,600633.0,77.6,2020-08-30,사단법인 한국자살예방협회,이창훈,이태영,"대전광역시 유성구 테크노3로 65, 한신에스메카 241(관평동)"
19년 gps 교란신호 분석 및 전파체계 유지보수 용역,육군종합군수학교,618078595.0,,,육군사관학교 산학협력단,,노민택,서울특별시 관악구 관악로1 (신림동)
20-풍력발전시설의 R/D 및 통신전자장비 영향성 분석,육군본부,,91.763,2019-01-10,,,윤형규,
지뢰대응법 하위 법령등에 관한 연구,국방부조사본부,301626375.0,98.569,2023-07-17,주식회사 대한,한민구,이재평,
00부대 신축 사전 타당성검토 연구용역,국방전산정보원,172471604.0,,2020-01-19,,,,
빅데이터 기반 공중전투 기동 분석기술 연구용역,육군교육사령부,18106986.0,109.314,2018-07-13,,황일선,전재신,
24년 기술연구용역(3),방위사업청(운영지원과),194983208.0,95.189,2019-04-13,군인공제회,최규식,박계향,경기도 고양시 일산동구 고봉로658번길61-17 (성석동)
전파영향평가 방법 비교분석 및 실증 연구,국군재정관리단,115958111.0,90.962,2019-12-31,트루인터페이스(주),최영복,이태영,서울특별시 서대문구 불광천길278 (북가좌동) 1층
사격지휘차량 양산사업 비용분석,공군본부,23130660.0,85.296,2019-03-20,(주)카이엠,김희상,경상현,"경기도 성남시 분당구 탄천상로164, A동 2층 247호(구미동, 시그마2오피스텔)"
[24-육-84] 탄약부대 경계병력 민간전환 선결 연구,해군본부,362923433.0,,,,,,
한국형 차세대 전투임무기 구축방안 등 연구,육군본부,433107174.0,80.984,,,권시형,,
(21F137-A)항공기 사격훈련장 확장방안 연구용역,국군재정관리단,240447857.0,,,배재대학교 산학협력단,김윤혁,조대현,"인천광역시 계양구 벌말로566번길13-1, 1층(상야동)"
방위산업 발전 및 경쟁력 강화를 위한 법적기반 연구,공군군수사령부,19283322.0,95.958,2016-12-03,,,,
무인기술을 적용한 현용전력 극대화 방안 연구,국방부(운영지원과),,79.662,2016-03-25,,,,
군용총포·도검·화약류 안전관리 발전방안 연구,국군간호사관학교,31095036.0,,2020-12-09,,,,서울특별시 마포구 백범로35-0 (신수동)
병 자기개발비용지원 적정추진체계 구축 연구용역,방위사업청(운영지원과),150400795.0,114.564,2021-01-02,(재)한국기계전기전자시험연구원,김상곤,박병희,서울특별시 동작구 여의대방로36길92(대방동)
해군박물관 기본개념 선행연구용역,방위사업청(운영지원과),,,,사단법인 대한민국공군발전협회,방성완,오문진,"대전광역시 유성구 대학로31-0 (봉명동, 유성한진오피스텔) 2215호"
헬기 연료노즐 야전 정비장비 개발 연구용역,방위사업청(운영지원과),110915400.0,84.476,2023-01-21,주식회사 플랜에이디벨롭먼트,이형화,오세형,"서울특별시 금천구 가산디지털1로1-0 (가산동, 더루벤스밸리) 1208호"
군인 공상 추정기준 수립 연구,국방시설본부,,68.961,2019-08-31,주식회사 녹십자이엠,김지현,,서울특별시 마포구 독막로331-0 (도화동) 마스터즈타워빌딩 902호
예비전력발전세미나 주제연구(Ⅰ) 용역,국방부(운영지원과),41515714.0,90.565,2019-02-17,주식회사 시스코어,이우경,심지민,경기도 안양시 동안구 흥안대로445(평촌동) 제6층 615호 안양평촌동지식산업센터
한미동맹과 비군사적 협력 연구용역,국군재정관리단,1070599.0,96.908,2017-07-15,,권시형,이우학,
00분석 대응활동 장비 구매,국방부(운영지원과),,108.893,2022-12-13,한국환경설계(주),남궁진,임한영,서울특별시 강서구 마곡중앙5로1길20 (마곡동) 520호
정기기초연구과제연구용역(6. 전장에서포병화력...),제9691부대,41833515.0,,2016-10-21,(주)프라이전트,권용복,김형민,"서울특별시 광진구 광나루로56길63, 지하1층 113호 에스46(구의동)"
방탄 방호성능 기초연구용역,한미연합군사령부,3857548.0,84.687,2022-01-25,사단법인 안보경영연구원,전건욱,,"서울특별시 강남구 언주로527, 10층 (역삼동)"
KAOC 신축사업 지휘통신체계 구축방안 연구용역,방위사업청(운영지원과),,98.123,2022-12-25,사단법인 안보경영연구원,전건욱,,"서울특별시 강남구 언주로527, 10층 (역삼동)"
23년 기술연구용역 계약 의뢰(2),방위사업청(운영지원과),,85.381,,서울대학교 산학협력단,박홍련,황병윤,"서울특별시 종로구 율곡로17길7-38, 수지빌딩 7층(이화동)"
알코올 대사체 분석방법 연구,제9965부대,,,2021-11-09,티에스와이,김운용,차윤아,서울특별시 영등포구 국제금융로6길33-0 (여의도동)
(237001-H)스펙트럼 측정/분석장비 노후 교체,해군본부,,80.576,2018-04-08,주식회사 시스텍,문강분,장소영,서울특별시 강서구 마곡중앙5로1길20 (마곡동) 520호
해군분석모델 서버 교체사업,공군본부,,76.588,2022-04-23,(사)21세기군사연구소,,이정민,세종특별자치시  시청대로370 세종국책연구단지 사회정책동
입체영상 처리 및 분석 SW 유지보수,국군재정관리단,259590667.0,72.985,2021-08-25,(주)두두아이티,백명기,황병윤,"충청남도 논산시 대학로 121, 건양대학교 산학협력단(내동)"
18-회로망용 분석기 등 8종 구매,공군군수사령부,391392844.0,,2021-05-07,,박종선,김지훈,"서울특별시 금천구 가산디지털2로184, 1017호(가산동, 벽산.경인디지털밸리2)"
22-7차 연구장비 구매 계약 - 멸균소독기 소형,국군간호사관학교,133500080.0,97.113,,,,,
`18년 지형분석장비 교체사업,육군교육사령부,,111.2,,,,정현찬,
무기체계 RAM 시험평가의 효율적 수행방안 연구,육군교육사령부,36595782.0,85.46,,기산건축사사무소,박재성,윤영현,서울특별시 금천구 가산디지털2로123-0 (가산동) 월드메르디앙벤처센터 2차 317호
전투실험 중장기 종합발전계획 연구용역,국군의무사령부,74643.0,,,(사)한국전략문제연구소,,,
함정 표준감항인증기준 수립 및 사업 영향성 연구,국방부(운영지원과),,76.892,,한국해양과학기술원,김한욱,백수정,충청북도 청주시 흥덕구 흥덕로 126()
22-美 해군 6.25전쟁 분석자료 번역 용역,육군인사사령부,407335336.0,,2022-01-13,피앤티컨설팅 주식회사,김성훈,박계향,경기도 안양시 동안구 시민대로161-0 (비산동) 안양무역센타 8층 312호
[24-육-219] 자동차(외산)포렌식 분석 KIT(리스),제2879부대,22656781.0,73.523,,중앙기획,김용수,백수정,"서울특별시 구로구 디지털로30길28 마리오타워 601~605, 618호"
상비병력 규모 최적 결정을 위한 제도 조합 방안 연구,육군교육사령부,47094417.0,,2019-08-05,,,한소희,
민관군 유·무인기에 대한 공역통제방안 연구 용역,합동참모본부,,,,산업연구원,유훈,박소연,
표적획득 및 사격지휘체계 발전에 따른 포병효과 분석,육군대학,,86.295,,,,이정혜,
KAAV RCWS/KAAV-Ⅱ총수명주기 비용에 관한 연구용역,제9691부대,,,2020-08-07,사단법인 안보경영연구원,전건욱,,"서울특별시 강남구 언주로527, 10층 (역삼동)"
고출력레이저 위성추적체계 구축방안 연구,국군재정관리단,,83.594,2020-10-07,(주)디앤오종합건축사사무소,,이수행,
유도로켓(비궁) 성능개량 소요 및 방법 분석 연구용역,국군재정관리단,,83.325,,사단법인 안보경영연구원,전건욱,,"서울특별시 강남구 언주로527, 10층 (역삼동)"
국방 전력발전체계에서의 전투실험체계 정립 연구용역,국방부(운영지원과),939461.0,78.615,,,,,
풍력발전기에 의한 레이더 영향성 분석용역,육군본부,181429553.0,70.161,,,,이관섭,서울특별시 강동구 양재대로1377 (성내동 삼원빌딩 408호)
차륜형지휘소용차량 시설사업기본계획 연구용역,육군군수사령부,75334921.0,82.561,2019-09-19,,,조대현,
19-AW159 PBL 비용대효과분석 및 성과지표 개발 연구,육군본부,,97.448,,,,,
24년 간부 파트너십 교육프로그램 개발 연구 용역,육군교육사령부,100132956.0,,,,권시형,석재민,
해병대 복지회관 중장기 보수계획 연구 용역,제2879부대,236543376.0,78.198,,국방대학교산학협력단,김주희,,
(20F083-I)소음영향도작성을위한소음측정및분석용역,국방대학교,,,2018-11-04,에이스 컴퍼니,이정훈,,"강원특별자치도 원주시 천매봉길36-22, 302호(단구동, 백림빌딩)"
연구소 장비(분광광도계 등 4종)구매,국군재정관리단,179447748.0,91.744,2021-01-15,,,이나라,"서울특별시 강남구 언주로527, 10층 (역삼동)"
안보학술진흥연구용역(1.국가안보문제에관한이론),육군본부,,,,,,황병윤,
급식유통센터 성과분석 및 (경남권)필요성 연구,방위사업청(운영지원과),62241973.0,105.37,2016-10-05,(사)한국전략문제연구소,박정기,,"서울특별시 강남구 언주로527, 10층 (역삼동)"
지형분석용 드론 제조,제9691부대,,70.384,2023-12-01,주식회사 알앤엠텍,도정화,김예나,부산광역시 영도구 태종로 233(봉래동5가)
상호운용성 전문화교육체계 연구,국군재정관리단,,91.04,2019-01-26,광운대학교산학협력단,장복철,,
장보고-III Batch-I 잠수함 저주파분석 훈련장비,제9691부대,,88.734,2022-02-13,,,김근우,
육군 병영생활관 신축기준 연구용역,국방부(운영지원과),207551071.0,93.033,,,,,
민수용 드론의 비행기지 작전지원 활용방안 연구,제9691부대,,95.051,2017-06-14,사단법인 한국군사시설연구소,박영선,,충청남도 논산시 양촌면 황산벌로1040
도약적 우위능력을 위한 미래 전력 창출 방향 연구,제7군단,,91.958,,,,,"서울특별시 강남구 테헤란로64길13, 504호 (대치동, 선릉역 풍림아이원레몬)"
00군단 0포병단 이전사업 선행연구 용역,공군본부,58478267.0,,2018-06-22,유한회사 창해,김회율,강현순,"경기도 하남시 미사강변한강로155, 1동 314호(망월동, 지식산업센터)"
해병 00부대 재배치 및 신기지 구상 관련 연구,제7016부대,46412172.0,,2022-11-10,(사)21세기군사연구소,김진욱,강성수,"서울특별시 금천구 가산디지털2로184, 10층 1017호(가산동, 벽산디지털밸리2차)"
자주도하장비 시설사업기본계획 수립을 위한 연구용역,국군재정관리단,2813127.0,,2020-03-22,,,김수영,
BTL관리운영권 만료사업 시설인수 운영방안 연구용역,국군재정관리단,48081474.0,88.757,2020-01-15,,,,
전시자원소요분석모델 장비 교체사업 리스,합동참모본부,49841837.0,90.67,2022-12-25,서울과학기술대학교 산학협력단,이현석,,"서울특별시 강남구 도산대로 507, 대신빌딩205호(청담동)"
00부대 연구소 수배분전반 등 제조설치 납품,국군수도병원,,90.417,2020-11-08,재단법인한국조달연구원,김동준,김채미,대전광역시 유성구 노은로170-0 (지족동) 스타시티빌딩 6층
19~20년 육군M&S센터 전문분석관 운용 용역,국방부,,79.329,2021-10-15,,,김상도,
전원공급기(분석기  교류  전원발생용)구매,육군본부,,103.874,2021-11-08,사단법인 대한민국 육군발전협회,이문걸,,"경기도 수원시 영통구 신원로306, 1동 8층(원천동, 이노플렉스)"
병리장비소모품(생화학 자동 분석기 등 84종) 구매,해군군수사령부,,82.23,2019-11-22,주식회사 우진지앤에스,조명지,오성열,"경상남도 김해시 관동로138, 1404동 301호(관동동, 죽림마을 동원로얄듀크아파트14단지)"
개발사업 군사작전 영향검토 및 법제화 방안 연구,국군의무사령부,34915649.0,94.978,,,조보근,윤진영,
신분별 직무분석을 통한 적정 계급구조 연구,해군본부,5008253.0,77.399,,,,,
18-해군C4I체계 발전을 위한 연구,육군교육사령부,,92.193,2016-05-21,,,,
한국 육군 교육훈련관리의 개선방안 연구,해군본부,178938820.0,,2016-10-13,,,,
(226320-B) 지형분석장비 교체(리스물건),해군본부,,96.727,2023-12-26,주식회사 한국건설경영기술원,박현지,서선숙,"서울특별시 송파구 송파대로201-0 (문정동) 송파테라타워2 A동 1213,1214,1215,1216,1217,1218호"
22-함정 대기오염 저감방안  설계영향성 연구,국군재정관리단,,,2019-11-18,한성대학교 산학협력단,서용석,김은혜,대전광역시 유성구 온천로59-0 (봉명동) 905호
22-12차 연구장비 구매 계약 - 초저온냉동고,국군재정관리단,435555755.0,85.314,2019-11-24,연세대학교 산학협력단,정의붕,,"서울특별시 금천구 가마산로96-0, 213호(가산동, 대륭테크노타운8차)"
K-TCG 법인설립 및 운영방안 연구용역,육군교육사령부,259951154.0,81.497,2016-09-16,,,,
국회 협력 조직 및 업무 개선 방안 연구,육군교육사령부,6246855.0,,,,,,
DNA정량분석기 등 7항목 구매(의무),국군재정관리단,118239641.0,78.636,2021-11-06,제일공사,김회율,이수현,"대전광역시 서구 대덕대로319, 2층 212호(월평동, 우림빌딩)"
V-C 체계간 연동기술 연구,제7군단,119568816.0,,2020-09-01,사단법인 안보경영연구원,,,
복합신호분석기 구매(20198178-F),국군재정관리단,,74.782,2022-02-20,재단법인 한국산업관계연구원,엄현성,정광조,부산광역시 동구 고관로62 (초량동)
(217151-F)21년 연구활동 재료(시약) 구매,국군복지단,27722501.0,98.232,2018-10-19,라온시스템즈(주),조화순,박정수,경기도 광주시 오포읍 포은대로339(추자동)
스마트 물류센터 도입 검토 연구용역,국방부(운영지원과),118124306.0,,,사단법인 미래안보산업전략연구원,김태일,홍명성,대전광역시 유성구 노은로170-0 (지족동) 스타시티빌딩 6층
18-미래 해상 무인/자율무기체계 개발방향 연구,국방부(운영지원과),254352710.0,79.381,2016-09-24,(주)에프오알엠도시건축공간연구소,,,서울특별시 관악구 관악로1 (신림동)
제주기지 전개잠수함 저주파분석훈련장 구축사업,육군본부,,82.435,,주식회사 베테랑콤,박온서,박세원,"서울특별시 성동구 왕십리로 222, 한양대학교 내 한양종합기술연구원 110호(행당동)"
항공무기정비분야 안전관리체계 고도화방안 연구용역,해군본부,87199228.0,,2022-04-25,,,이수행,
22-해-신호분석기 구매,해군본부,,81.988,2021-01-10,주식회사 성호넷,김혜정,최성숙,"대구광역시 북구 동북로163, 101동 1605호(산격동, 산격대우아파트)"
용산헬기장 소음영향평가 연구용역,방위사업청(운영지원과),63511564.0,90.302,2019-10-25,,,,
2020년 군 조직의 양성평등 지표 조사 및 분석 연구,국군재정관리단,48190841.0,85.296,,대광산업,최영상,장혜민,"경기도 고양시 덕양구 삼원로63-0 (원흥동, 고양아크비즈) 612호"
육군 핵심가치 실천수칙에 관한 연구 용역,국군재정관리단,,,2019-04-03,,,유선미,"서울특별시 금천구 가산디지털2로184, 10층 1017호(가산동, 벽산디지털밸리2차)"
첨단 항공엔진 연구개발 추진방안 연구,공군교육사령부,,88.93,2023-04-16,,,경상현,
항공화력유도 시뮬레이션 구축 구매/설치,국군재정관리단,482727818.0,,,수안특허법인,강윤진,이성태,울산광역시 남구 갈밭로11-0 (삼산동)
무선망 전파분석장비 노후 교체,육군본부,23272149.0,,2019-04-01,건양대학교 산학협력단,이훈민,남혜정,"서울특별시 서초구 신반포로303, 101호 (잠원동, 에스엘빌딩)"
사이버정보(수집·분석·관리)시스템 구축방안,국군재정관리단,,87.246,,,,이창환,
활주로지역 배수로 개선 분석평가 및 선행연구 용역,합동참모본부,8422619.0,87.573,2019-08-19,,,,
대용량 유전자데이터 분석 파이프라인 및 가시화 연구,공군본부,64004207.0,,2022-08-26,(주)두두아이티,정태량,김우중,"경기도 고양시 덕양구 항공대학로76-0 (화전동, 한국항공대학교내)"
(246202-D)지형분석장비 교체사업(리스자산),공군군수사령부,333933253.0,81.73,,문경새재 사과나무,이숙영,백다리아,"경기도 부천시 송내대로388-0 200동 502호 (약대동, 부천테크노파크)"
국방 의료정보 빅데이터 분석체계 구축사업 연구용역,합동참모본부,,100.673,,,,,
00 징후분석체계 구축,해군군수사령부,,,,주식회사 동화이엔지,권정환,,"경상남도 창원시 마산회원구 자유무역3길208, 3층 301호(양덕동,혁신지원센터)"
공지통신무전기 성능개량 사업분석,국방부,,95.931,,서울과학기술대학교 산학협력단,장승희,조노희,"서울특별시 송파구 송파대로24길5-6 (가락동,1층)"
정신전력 개념 정립 및 수준 측정도구 개발 연구,국군의무사령부,84900456.0,93.035,,주식회사 디티알기술사사무소,최치원,홍지유,"경기도 시흥시 희망공원로 92, 시화공단2마 301-3호(정왕동)"
해병대 복지회관 중장기 보수계획 연구 용역,공군사관학교,171930280.0,87.285,2017-07-07,,,허진실,"서울특별시 송파구 법원로9길26, D동 1104호(문정동, H-비즈니스파크)"
창조국방 추진을 위한 창의적 문화조성 방안 연구,국방부(운영지원과),85352852.0,,2017-12-24,(사)한국전략문제연구소,백훈,,
24년 국방민원서비스 만족도 조사 연구,국방전산정보원,83674963.0,,2019-07-28,유한회사 창해,이미란,김영진,"경기도 고양시 덕양구 용현로10-0, 508동 203호 (행신동, 무원마을5단지 아파트)"
해병대 과학화 전투사격장 구축 연구용역,육군본부,43402126.0,,2020-12-31,주식회사 에스알씨,김진욱,윤병찬,"서울특별시 서초구 서운로 226, 서초오피스텔 404호(서초동)"
ICBM 기반 통합 시설물관리체계 구축 개념 연구용역,국방부(운영지원과),29429990.0,83.797,2016-08-16,한국항공대학교 산학협력단,이찬기,,서울특별시 광진구 군자동98 집현관 216
우수 상용품 시범사용 실태분석 및 개선방안 용역,국방부(운영지원과),,86.739,2017-11-30,씨지에스아이티(주),김운용,김소미,충청남도 논산시 연무읍 연무로 320()
합동성을 고려한 대전차전력의 적정 소요 연구,국군의무사령부,143482.0,82.066,,,,경상현,
대대급이하 전투지휘체계(B2CS) 양산사업 비용분석,4284부대,279094554.0,93.311,,하이펙 주식회사,안명수,전형일,"경기도 안성시 대덕면 서동대로4726, 중앙대학교 생활과학관 609관 2층"
판매수수료 현실화 방안 연구용역,국군재정관리단,,,2019-06-12,마린전자상사,한영석,장대호,"서울특별시 강남구 테헤란로317(역삼동, 동훈타워 7,11,12,13층)"
국방정보화법 하위법령 개정방안 연구,육군군수사령부,222986804.0,87.244,2020-05-01,,권혁웅,,
해안감시레이더-Ⅱ 사업분석,제3170부대,230497354.0,86.818,2024-07-24,국방대학교산학협력단,이문걸,최명진,"충청남도 논산시 대학로 121, 건양대학교 산학협력단(내동)"
(207110-C) '20년 연구활동 재료(시약  초자) 구매,국군재정관리단,248591086.0,93.241,2018-04-04,사단법인 안보경영연구원,전건욱,,"서울특별시 강남구 언주로527, 10층 (역삼동)"
20-공무직근로자 임금체계 연구용역(K041),방위사업청(운영지원과),,,,경희대학교산학협력단,심상필,김지혜,광주광역시 서구 상무대로956번길25-0 (쌍촌동)
해병대 복지회관 중장기 보수계획 연구 용역,공군본부,,79.608,2022-01-29,한국항공대학교 산학협력단,이명식,박민정,"대전광역시 서구 대덕대로319, 2층 212호(월평동, 우림빌딩)"
해병대 인력획득체계 분석 발전 방향 연구 용역,방위사업청(운영지원과),153223298.0,,,서울여자대학교 산학협력단,김병석,서정은,경상북도 경주시 동대로 123(석장동)
17-1 상층대기분석장비(UAAS-10) 외주정비,국군화생방방호사령부,357373251.0,84.918,,재단법인 한국군사문제연구원,전건욱,,"경기도 성남시 수정구 위례대로83(창곡동, 국방문화센터)"
보코더 특성분석 플랫폼 개발 연구용역,국방부조사본부,177308070.0,87.065,2018-04-20,,,,
무기체계 RAM 시험평가의 효율적 수행방안 연구,해군군수사령부,,,,국방대학교산학협력단,이훈민,이상규,"서울특별시 용산구 한강대로109-0 (한강로2가),404호(용성비즈텔)"
120mm 전차포신 약실 검사장비 개발 연구용역,방위사업청(운영지원과),40694686.0,118.849,,대진대학교 산학협력단,박영욱,정새롬,"경기도 안양시 만안구 만안로49, 519호(안양동, 호정타워)"
집중정신전력교육 프로그램 개발 연구용역,해군본부,,93.987,,,,,"서울특별시 송파구 법원로11길25-0, A동 1310호(문정동, 에이치비즈니스파크)"
(247045-E) 24년 조달 연구장비 구매,국방부(운영지원과),,104.294,2019-08-12,(주)우림데이타,이재평,,"서울특별시 용산구 한강대로62길41, 3층 (한강로1가)"
철근콘크리트 방폭문 파괴거동분석 및 실증실험 연구,국군재정관리단,98502213.0,92.171,2017-07-20,,,,
LOSS율 적용을 통한 소형/저단가 품목 관리방안 연구,방위사업청(운영지원과),224809521.0,106.949,,(사)21세기군사연구소,김윤혁,김종훈,"경기도 수원시 장안구 서부로 2066, 성균관대학교 자연과학캠퍼스 내(천천동)"
함정 네트워크 설계 및 무선통신 발전방향 연구 용역,국방부(운영지원과),81689227.0,77.787,,사단법인 안보경영연구원,김형철,,"서울특별시 강남구 언주로527, 10층 (역삼동)"
첨단과학기술의 군 활용성 제고 발전방안 연구용역,공군본부,,,,,,남은숙,
국방 모바일 환경 구축을 위한 기반 연구,방위사업청(운영지원과),72721571.0,,,주식회사 이안코리아,김은기,이도제,서울특별시 강남구 테헤란로81길26-0 (삼성동) 유림빌딩3층
해병항공해상운용을위한동원선박운용개념연구용역,육군교육사령부,92165022.0,87.783,,,,,
스펙트럼 분석기,국군재정관리단,422965229.0,,,한국과학기술원,유상호,김우중,서울특별시 영등포구 여의대방로43나길20-0 (신길동)
자동염기서열분석기 구매,제3130부대,20851885.0,84.448,2021-02-10,주식회사 우진지앤에스,최용석,지민이,충청남도 홍성군 홍북읍 홍예로213-0 (엘에이치스타힐스) 121동 2201호
22-13차 연구장비 구매 계약 - 원심분리기 중형,국군재정관리단,21361018.0,107.581,2021-12-23,사단법인 안보경영연구원,전건욱,,"서울특별시 강남구 언주로527, 10층 (역삼동)"
국방R&D 과제 평가체계 개선방안 연구,국방부(운영지원과),,106.397,2020-12-05,공군사관학교 산학협력단,박종재,황병윤,대전광역시 서구 관저동로170 (관저동) 210호
21-첨단 수중전력 소요기술 분석 및 적용방안 연구,육군본부,,89.075,2022-02-22,,,이상규,
군인 공상 추정기준 수립 연구,국군재정관리단,122088730.0,83.669,,,전건욱,,"서울특별시 용산구 청파로 40, 삼구빌딩 1815호(한강로3가)"
23년 비용분석모델(True Planning) SW유지보수 용역,국군제1068부대,94037982.0,86.607,,호원대학교 산학협력단,김윤혁,,서울특별시 광진구 군자동98 집현관 216
(217096-D)자동염기서열 분석기 등 2종 구(납품),국방부(운영지원과),23035891.0,96.18,2023-07-13,주식회사코드원,신지웅,이신영,"경기도 성남시 중원구 둔촌대로457번길27, 501호 (상대원동, 성남 우림 라이온스밸리 1차)"
전원품질 분석기 구매,해군본부,62280839.0,,,(주)알파아이엔씨,이강용,심지민,"서울특별시 금천구 서부샛길606, A동 2410호 (가산동,대성디폴리스지식산업센터)"
(227163-F)연구활동재료(초자) 구매,국군재정관리단,118514512.0,91.294,,,,,
아웃도어용식량의 전투식량 활용 및 비축 타당성 연구,육군교육사령부,39754937.0,90.483,2017-07-11,,,,
22-군 비행장 조명시설 표준화 연구용역,국방대학교,17719486.0,88.847,2021-12-05,,,,"서울특별시 용산구 청파로 40, 삼구빌딩 1815호(한강로3가)"
항공기 RCS/IR Signature 추출 및 해석 연구,국방부(운영지원과),,89.094,,광운대학교산학협력단,박영선,,"서울특별시 영등포구 국회대로70길15-1 (여의도동), 5층 알587호"
軍 태양광 시범사업 효과 분석평가 용역,국군재정관리단,5345930.0,,2022-11-01,대전대학교 산학협력단,이명식,황병윤,"충청남도 논산시 대학로 121, 건양대학교 산학협력단(내동)"
NCoE 구현을 위한 합참중심 QoS 모델 연구 용역,방위사업청(운영지원과),20921484.0,78.972,2019-11-19,,,황병윤,
기술인력육성 보조사업자 운영성과평가 및 연구,국군재정관리단,,96.823,2020-11-24,,박정기,,
공군 방공포부대 이전 요구 연구용역,방위사업청(운영지원과),377277267.0,,2016-12-16,사단법인 안보경영연구원,전건욱,,"서울특별시 강남구 언주로527, 10층 (역삼동)"
T-50 캐노피 고정 구성품 내구성 시험 연구,해군군수사령부,77903519.0,89.341,2020-04-05,주식회사 베테랑콤,이승모,전희수,서울특별시 송파구 올림픽로505-0 (풍납동)
CN-235 항공기 특성(RCS/IR Signature) 연구,공군사관학교,3713346.0,,2022-11-02,사단법인 한국국가전략연구원,김학준,문우정,"서울특별시 용산구 청파로47길 100, 숙명여자대학교내(청파동2가)"
낙하산전문포장사 자격신설 연구,공군사관학교,53070008.0,,,(주)에프오알엠도시건축공간연구소,김규형,,충청남도 계룡시 두마면 두계리116 계룡대림이-편한세상 109-902
악성코드 분석체계 확대 구축 사업(20197146-C),국군재정관리단,155411253.0,,,서울대학교 산학협력단,김혜진,정지상,서울특별시 양천구 목동중앙로13나길3
국내 연구개발 항공무장 확보 방안 연구,국군재정관리단,9945800.0,84.007,2016-05-17,,,,
미래 해양강군 해군비전 2045개정 방향 연구,방위사업청(운영지원과),111859980.0,95.082,,국방대학교산학협력단,,,
35사단 동원훈련장 생활관 시설사업 선행연구 용역,해군본부,,90.177,,숙명여자대학교산학협력단,안성일,박주형,강원도 원주시 문막읍 석지1길283
인공지능 전차 비사격 훈련시스템 개발 연구용역,제9691부대,,91.388,,아시아상담코칭학회,김흥중,황순용,서울특별시 성북구 삼선교로16길116-0 (삼선동2가)
소화기 소음기 선행연구 용역,국군재정관리단,1122200.0,87.174,2017-11-29,,,,
ICT 기술 적용한 미래 지휘통신체계구현 가능성 연구,합동참모본부,,,2018-03-24,주식회사 굿컨설팅그룹,김진욱,,대전광역시 대덕구 대전로1397번안길70-0 (읍내동)
해군교전급분석모델(Build-I) 체계개발사업,공군본부,,108.933,2019-10-16,에이치필,김종하,조민구,충청북도 청주시서원구 성화동599번지 3층
취약점 진단분석체계 교체사업(209086-F),해군본부,111575346.0,92.197,,(주)에프오알엠도시건축공간연구소,이정화,,"서울특별시 금천구 가산디지털2로184, 10층 1017호(가산동, 벽산디지털밸리2차)"
인공지능을 적용한 군사드론의 체계 연구,해군군수사령부,125346153.0,80.34,2018-02-25,주식회사 보람정보통신,손영옥,,"경기도 시흥시 목감남서로9-19 (조남동),601호 메이저타워"
AI 기반 UAV 군집운용 해상작전적용 가능성 연구,국군재정관리단,,90.46,2016-09-05,,권시형,,
적 사이버공격 의도분석 지표개발 및 평가방안 연구,국군재정관리단,,104.605,,(주)에프오알엠도시건축공간연구소,,,
프로그램 단위 성과관리를 위한 성과지표 연구,해군본부,179051993.0,83.505,,(사)21세기군사연구소,김진원,,"서울특별시 강남구 논현로28길54-0 4층 (도곡동, 덕원빌딩)"
분석기(회로망용) 구매,방위사업청(운영지원과),87232336.0,,2021-10-07,한국과학기술원,,김종원,
전출처 전자정보 통합 및 적위협 가시화 방안연구,국군제1068부대,53609032.0,,2017-03-12,사단법인 안보경영연구원,전건욱,,"서울특별시 강남구 언주로527, 10층 (역삼동)"
근무주정 내항성 향상 함형 개발 연구,국방대학교,64338008.0,86.207,2018-04-18,사단법인 안보경영연구원,김형철,,"서울특별시 강남구 언주로527, 10층 (역삼동)"
23-D-디지털컨텐츠 위변조 분석시스템 구매,공군본부,542439088.0,83.613,2018-12-22,,,,
(24F262-A) 방호시설 폭발실증시험 계측 및 분석용역,육군인사사령부,,90.76,2023-08-22,대진대학교 산학협력단,나상억,안희철,서울특별시 송파구 올림픽로505-0 (풍납동)
20-161 218 동물용 자동분석기 등 3품목,육군 제3808부대,39875614.0,,,만능유한회사,한만웅,최명식,"경상남도 창원시 진해구 용원북로17번길15-0 (용원동, 가온빌 101호)"
합동화력시뮬레이터 양산사업 비용분석,합동참모본부,94839458.0,89.005,,,,김지훈,
악성코드 수집분석체계 라이선스 구매,육군본부,422490109.0,84.463,,(주)타임게이트,김정한,서정대,경기도 파주시 산남로26번길101-0 (산남동)
사이버전문인력 육성을 위한 교육 및 개선방안 연구,공군교육사령부,,,2017-08-10,(사)한국전략문제연구소,,,
항-16-059 062 066 질량분석기 소모품 등 72종,국군재정관리단,,95.166,2022-06-18,주식회사코드원,천훈아,김중곤,"서울특별시 서초구 서초대로45길19, 2층 (서초동, 광문빌딩)"
00부대 신축 시설사업 선행연구 용역,제9691부대,9761356.0,84.082,2021-07-04,세종대학교산학협력단,채규수,권민정,"경기도 수원시 영통구 월드컵로 206(원천동, 아주대학교)"
스마트 탄약정비공장 구축방안 연구용역,방위사업청,22117065.0,,2021-08-19,버프프로덕션,금재호,권시형,"충청북도 청주시 청원구 대성로298-0 (내덕동, 청주대학교)"
지능형 전군 악성코드 수집분석체계 라이선스 구매,국방부(운영지원과),,103.118,2023-03-13,주식회사 미디어스테이션,곽민수,장유라,경기도 남양주시 진접읍 양진로816-28
청년장병의 군 복무간 지원 및 보상(취업분야) 연구,국방부(운영지원과),117515997.0,98.685,,(주) 솔포스텍,조성호,,"서울특별시 금천구 가산디지털1로1-0 (가산동, 더루벤스밸리) 1208호"
대잠훈련분석체계(AEAS) 유지보수 용역,국군재정관리단,,88.544,2021-01-27,주식회사 서남아이에스,서용석,권시형,서울특별시 강남구 일원로81-0 (일원동)
사회공학기법과 사이버 작전과의 연계성 연구,공군본부,65279438.0,81.396,,사단법인 한국국가전략연구원,박문희,이수행,
00사업 선행연구용역,국군재정관리단,47035203.0,,,,,,
스마트팩토리 기반 KAAV창정비 공장 연구 용역(1),국군재정관리단,100088035.0,,,사단법인 안보경영연구원,전건욱,,"서울특별시 강남구 언주로527, 10층 (역삼동)"
조종사 피로도와 안전비행의 상관관계 분석 연구용역,해군본부,,76.96,2022-09-16,,,정광조,"서울특별시 송파구 법원로11길25-0, A동 1310호(문정동, 에이치비즈니스파크)"
군의 드론봇 전투체계 발전방향 연구 용역,해군군수사령부,264509736.0,79.575,2019-06-12,사단법인 한국국가전략연구원,,,서울특별시 영등포구 여의공원로 101(여의도동)
2018년 항공관제 분석체계 유지보수 용역,국군재정관리단,496386487.0,85.071,2020-06-24,네이버시스템 주식회사,김석철,,부산광역시 중구 대청북길31 (대청동4가)
21-『에듀테크 기반 공군 학습플랫폼 재구축 연구』,국방부(운영지원과),349271714.0,,2020-03-22,주식회사 화성에어토탈,김태호,,서울특별시 구로구 가마산로282-0 (구로동) 대림오피스밸리 201호
북한의 기뢰전 전술 분석 및 대응책 연구,해군군수사령부,62915815.0,,2020-03-31,,,,
22-1차 연구장비 구매 계약 - 증기후드,공군본부,461680228.0,75.657,,주식회사 모렌스,성순이,최명식,"경기도 용인시 처인구 모현읍 외대로25번길12-26 (라인빌리지), 201동 302호"
해병대사령부 통.폐합과 재창설에 관한 연구용역,국방부(운영지원과),46656903.0,97.029,2019-07-10,사단법인 안보경영연구원,박정기,,"서울특별시 강남구 언주로527, 10층 (역삼동)"
CBRS 적용한 전투발전체계의 문제점 및 발전방향 연구,육군본부,96718101.0,,2016-05-24,사단법인 안보경영연구원,,,"서울특별시 용산구 청파로 40, 삼구빌딩 1815호(한강로3가)"
국방특허 권리이전 업무를 위한 특허 권리분석(1차),국방부(운영지원과),44126179.0,81.951,2019-06-28,서울대학교 산학협력단,채수장,,"서울특별시 성북구 안암로145 (안암동5가, 고려대학교)"
군내성폭력피해자지원 및 보호를 위한 제도보완연구,국군재정관리단,35726598.0,83.713,,주식회사 조인트리,안동만,정아름,"강원특별자치도 원주시 천매봉길36-22, 302호(단구동, 백림빌딩)"
항공무기정비분야 안전관리체계 고도화방안 연구용역,제9691부대,116460984.0,94.02,,사단법인 안보경영연구원,전건욱,,"서울특별시 강남구 언주로527, 10층 (역삼동)"
모바일기기 증거분석체계 구매(교체) 리스,해군군수사령부,66473804.0,79.864,2023-01-11,,,,
방산육성 수출확대 위한 산업협력 쿼터제 방안 연구,공군본부,,,2020-08-29,라온시스템즈(주),조인태,,"서울특별시 금천구 디지털로173, 504호(가산동, 엘리시아지식산업센터)"
사이버위험평가 방법 및 군 적용방안 연구,국방부(운영지원과),92807127.0,66.092,,,,이진선,"서울특별시 종로구 홍지문2길20-0 (홍지동, 상명대학교)"
21-무기체계 수명주기간 부품국산화 발전방안 연구,국군재정관리단,,,2021-08-10,서울대학교 산학협력단,정영욱,윤이나,서울특별시 광진구 군자동98 집현관 216
국군역사기념관(가칭) 건립사업 선행연구,공군본부,12029473.0,79.243,2021-09-01,,,최승룡,
최적의 우주기지 선정 연구,제9691부대,94318678.0,,2019-11-28,,,,"경기도 수원시 장안구 서부로 2066, 성균관대학교 자연과학캠퍼스 내(천천동)"
RAM 및 군수지원분석 방법 선진화 연구(2차),국군재정관리단,,,,(사)한국전략문제연구소,전건욱,이상규,"서울특별시 강남구 언주로527, 10층 (역삼동)"
금속성분분석기 1대 구매,해군본부,,,,(주)알파아이엔씨,동중영,최영복,경상북도 포항시 남구 효자로138-0 (대잠동)
병  오일분석용 1종,육군교육사령부,246142862.0,,2022-11-04,단국대학교 산학협력단,성현모,이경은,"경상북도 구미시 1공단로212 (공단동) 제2층 226호(공단동, 한라시그마밸리)"
00국가 해커추적 및 정보수집방안 연구,공군본부,,78.779,2022-08-15,(사)21세기군사연구소,,,"서울특별시 송파구 법원로9길26, D동 1104호(문정동, H-비즈니스파크)"
한국형 차세대 전투임무기 구축방안 등 연구,방위사업청(운영지원과),35863171.0,,,(주)카이엠,허건영,이유진,"서울특별시 중구 을지로6, 재능빌딩 11층 1105, 1106, 1107호"
임무형지휘 수준진단도구 개발 연구용역,제6619부대,17367192.0,87.503,,한빛디엔에스(주),경상현,이수행,서울특별시 관악구 관악로1 (신림동)
21-함정 창정비 효율화 방안 연구,해군본부,51021675.0,104.115,2017-01-27,,전건욱,,
00부대 지하시설 구축방안 연구용역,4284부대,340746041.0,,,광운대학교산학협력단,정의붕,전희수,"서울특별시 금천구 가산디지털2로184, 10층 1017호(가산동, 벽산디지털밸리2차)"
국방혁신 연계 예비군 전력증강 및 운용방안 연구,공군본부,11545990.0,95.356,2021-03-21,한길씨앤씨 주식회사,김재영,김민재,세종특별자치시  반곡동시청대로 370
18-함정EMP보호대책적용사례분석및개선사항도출연구,국군재정관리단,,96.102,2019-09-25,,권시형,,서울특별시 마포구 동교로183-11 (동교동) 한국정치학회빌딩 4층 한국정치학회
고출력레이저 위성추적체계 구축방안 연구,육군교육사령부,54701578.0,,2017-12-04,(주)에프오알엠도시건축공간연구소,,박준성,서울특별시 마포구 월드컵북로5길59 (서교동)
안보학술연구용역(1.국가안보에관한문제에관한이론),공군군수사령부,310081637.0,113.626,2022-11-23,,,,
국방산업혁신펀드(가칭) 시행방안 연구,국방부(운영지원과),,99.034,,,,,
’19년 디지털 포렌식 분석장비 교체(20197105-A),육군교육사령부,,79.163,2019-04-12,주식회사남동,추광식,안다희,"서울특별시 강남구 테헤란로306, 13층(역삼동, 카이트타워)"
독점조달 및 계약비리 등 조달제도 개선방안 연구,국방부(운영지원과),1217.0,73.076,,아주대학교 산학협력단,김주희,이희석,서울특별시 관악구 관악로1 (신림동)
23년 항공관제 분석체계 유지보수,육군교육사령부,,,2020-01-12,주식회사우정상사,임경진,조대현,"서울특별시 종로구 자하문로24길58, 1,2층(효자동)"
전시 효율적 해외구매 방안에 관한 연구,제6619부대,70145590.0,93.018,2022-04-04,,,채규수,
상층대기분석장비(전자모듈 등18종) 구매,국방부(운영지원과),98975693.0,82.467,2021-11-04,노브식스,엄영석,조명지,"서울특별시 금천구 가산디지털1로5, 대륭테크노타운 20차 1934호"
사이버전 수행개념 및 절차 연구,육군교육사령부,,,2018-09-06,주식회사 엔브이티,정운찬,배성권,서울특별시 광진구 군자동98 집현관 216
의무피복류 보급기준 및 품질개선에 대한 연구,합동참모본부,43337532.0,106.328,2017-01-13,,장복철,,
[24-육-18] C군지사 부대변천사 연구용역,공군군수사령부,13996509.0,84.049,2022-07-18,,,이민용,"서울특별시 용산구 한강대로62길41, 3층 (한강로1가)"
의무장비(자동분석기 생화학용중형) 구매(20197014-D),합동참모본부,,77.758,2019-09-17,태경회계법인,나상억,김병찬,경기도 군포시 흥안대로27번길22-0 (금정동)
[상층대기 분석장비]회로카드 조립체 등 4종 구매,육군본부,486555883.0,91.31,,동진상사,김미숙,신창희,"서울특별시 금천구 디지털로9길68, 제1806호(가산동, 대륭포스트타워5차)"
상층대기분석장비 유지보수,국군의무사령부,,98.771,,국방대학교산학협력단,,,세종특별자치시  시청대로370-0
전투체계 현장정비센터 운용 효율화 방안 연구,국군재정관리단,158853781.0,,,한국과학기술원,,,"경기도 용인시 기흥구 덕영대로1732-0 (서천동, 경희대학교 국제캠퍼스내)"
17년 분광분석 폭발물탐지 연구용역,국군재정관리단,,82.956,,사단법인 안보경영연구원,,,
잠수함 시운전 제도 개선방안 연구,공군미사일방어사령부,,95.381,2019-08-15,주식회사 지노스,유훈,,"서울특별시 성동구 왕십리로 222, 한양대학교 내 한양종합기술연구원 110호(행당동)"
화생방 방호물자 적정방호 수준 연구,육군본부,,,,주식회사 엘씨케이테크놀로지스,정안수,조대현,광주광역시 서구 상무대로956번길25-0 (쌍촌동)
17-방공관제사-94 보급수송과 스펙트럼 분석기/3품목,방위사업청(운영지원과),53270405.0,,2024-08-10,,,김경모,
방산수출 진흥을 위한 보호법령 정비방안 연구,국군재정관리단,274764461.0,83.042,,사단법인 안보경영연구원,신관우,,"서울특별시 강남구 언주로527, 10층 (역삼동)"
국방 인공지능(AI) 활용 실증기획 연구,국방부(운영지원과),95045370.0,78.936,,주식회사 셀젠텍,오정환,배수호,서울특별시 금천구 시흥대로97-0 (시흥동)2동 316호
백두체계능력보강 2차 시설사업기본계획 연구용역,육군군수사령부,,82.68,2022-04-07,,,,
(237022-H)분석관리체계 노후 교체사업(리스물건),공군본부,,,2022-06-13,대륙씨엠아이 주식회사,김동호,김종훈,서울특별시 강서구 양천로401 (가양동) 강서한강자이타워 B동1503~1506호
소형무장헬기 양산사업 비용분석,해군본부,185673794.0,106.138,2024-05-09,,,남혜정,
(237095-C) 연구활동 재료(초자) 구매,국군재정관리단,71763649.0,95.237,2018-07-17,사단법인 한국국가전략연구원,,,
빅데이터 분석서버 증설 사업(GPU SSD 메모리)-리스,국방부(운영지원과),280359526.0,80.273,2023-05-24,(주) 탑크로스 이앤텍,김석용,백현정,"서울특별시 강서구 양천로401 (가양동), B동 801호"
무기체계 유형별 맞춤형 R&D 수행절차 연구,공군본부,17883834.0,97.775,2017-11-01,(사)21세기군사연구소,권정환,,"서울특별시 송파구 법원로11길25-0, A동 1310호(문정동, 에이치비즈니스파크)"
21-해-성분분석기 구매,육군군수사령부,,81.715,2021-01-02,(주)크리에이텍,김동준,이신영,서울특별시 서초구 사임당로18 (서초동) 석오빌딩 8층
군사격장 소음측정 및 분석용역,육군본부,94422717.0,83.025,2019-09-09,주식회사 위맥공제보험연구소,신훈길,조혜진,"대전광역시 유성구 테크노3로65, 5층 538호(관평동, 한신에스메카아파트형공장)"
지형 지질등을 고려한 지하형 탄약고 신축타당성 연구,육군교육사령부,46815744.0,,,,,,
K21 4차 양산사업 시설사업기본계획 연구용역,국방부(운영지원과),88940196.0,,2019-09-08,에이치앤파워(주),최규식,김경호,"경기도 성남시 수정구 창업로43-0 (시흥동)1층, 글로벌비즈니스센터"
ATCIS 다기능접속장치 회로카드 대체품 개발 연구용역,방위사업청(운영지원과),,,2019-03-22,,전건욱,,
(20G071-H)21년 스펙트럼 측정/분석장비 유지보수용역,육군본부,39175845.0,84.815,2024-02-09,상명대학교산학협력단,,,
차세대 미사일 방어 무기체계 발전 방향 연구,국방부(운영지원과),151534059.0,78.059,2017-10-01,육군사관학교 산학협력단,한민구,김예슬,
인지전 수행을 위한 전력증강 방향 연구,공군본부,19439277.0,112.583,2019-02-26,사단법인 안보경영연구원,전건욱,,"서울특별시 용산구 청파로 40, 삼구빌딩 1815호(한강로3가)"
항-20-004 자동면역분석기 시약 등 123종,국군재정관리단,68849525.0,,2019-02-16,(주)디앤오종합건축사사무소,김재영,,"전라북도 군산시 임피면 호원대3길 64,"
휴대용화학물질분석기 등 2종 구매,육군정보통신학교,99661364.0,83.387,2018-01-16,(사)21세기군사연구소,방극윤,,"서울특별시 송파구 법원로9길26, D동 1104호(문정동, H-비즈니스파크)"
전자파 측정/분석을 위한 송신장치 개발용역,합동참모본부,167752295.0,99.235,,(주)심네트,권시형,,대전광역시 유성구 대학로291-0 (구성동)
소형무인기의 획득 및 운용을 위한 총수명주기 분석,합동상호운용성기술센터,71664190.0,83.544,2022-11-04,,,,
(21F094-K)'22년~'23년 분석용모델(3종) 유지보수,국군재정관리단,123657667.0,100.631,2021-05-19,주식회사 스펙트럼인사이트연구소,정택호,김승범,경상북도 경산시 서상길85-0 (서상동)
(217172-E)이동식 취약점 분석평가 체계 구축,제5군단사령부,272372332.0,90.9,,산업연구원,,김정일,"서울특별시 용산구 한강대로62길41, 3층 (한강로1가)"
군 리더십코칭 프로그램 개발 연구용역,국방부(운영지원과),9916033.0,89.609,,호원대학교 산학협력단,,이경생,"서울특별시 종로구 홍지문2길20-0 (홍지동, 상명대학교)"
인공근육 기반 전투원용 슈트 개발 발전방향 연구,국군재정관리단,,72.446,2019-05-31,서울대학교 산학협력단,변중무,이지선,경기도 용인시 처인구 모현면 외대로 81()
군무원 적정 충원 비율에 관한 연구 용역,방위사업청(운영지원과),21526276.0,99.933,2022-06-08,,권시형,황병윤,"서울특별시 금천구 가산디지털2로184, 1017호(가산동, 벽산.경인디지털밸리2)"
항공용금속재료 가공방법별 기계적물성치측정방안연구,제9691부대,12759910.0,88.146,2018-09-06,주식회사 휴먼씨엔씨,,조혜진,"서울특별시 금천구 가산디지털2로184, 10층 1017호(가산동, 벽산디지털밸리2차)"
국방정책연구과제 연구용역 계약,해군군수사령부,52895803.0,81.883,2022-01-25,주식회사 공공정책성과평가연구원,이정원,김경모,서울특별시 용산구 한강대로46길25-0 (한강로2가) 401호
차륜형장갑차 성능개량 사업 비용분석,공군본부,49027044.0,90.557,2022-11-05,사)한국미래문제연구원,김창환,이진선,대전광역시 동구 대학로62-0 (용운동)
23~27 국방양성평등정책기본계획작성방향 연구,제2879부대,88856309.0,76.919,2019-10-17,청주대학교산학협력단,이상진,기유경,서울특별시 송파구 올림픽로505-0 (풍납동)
CH-47D 후방도어 실린더 정비기술 개발 연구용역,국방부(운영지원과),333996566.0,,,,,정현찬,
RAM 분석 및 군수지원 분석방법 선진화 연구(1차),국군재정관리단,,,,주식회사 시스텍,고영호,김지훈,"서울특별시 구로구 디지털로32길30-0 (구로동, 코오롱 디지털타워 빌란트) 1차 1004호"
예비전력관리 사업 예산의 적정 편성 기준 연구,제2307부대,,85.359,2017-08-09,(사)한국식품기술사협회,,배수호,"서울특별시 금천구 가산디지털1로212, 701호(가산동,코오롱디지털타워애스턴)"
22-유도/수중무기 창정비 비용 대 효과 분석,국군수도병원,179429281.0,,,사단법인 씨알리더십연구원,김지현,김학범,"경기도 성남시 분당구 구미로8, 2층(구미동, 엠타워)"
공군 품목관리관 자격인증제도 도입방안 연구용역,국군재정관리단,,,,주식회사 인섹사이버시큐리티,김회율,최규식,"서울특별시 강남구 테헤란로 142(역삼동, ARC PLACE) 7층"
비전통위협 대비군시설활용및 공용면적 기준 개정연구,국군재정관리단,20882146.0,78.211,2019-04-16,주식회사 엔지엠테크,이미영,최영상,"경기도 고양시 덕양구 용현로10-0, 508동 203호 (행신동, 무원마을5단지 아파트)"
지능형 전군 악성코드 수집분석체계 구축 금융리스,해군본부,134390315.0,92.504,2021-12-22,주식회사 와사비,고정숙,,"서울특별시 금천구 가산디지털1로5, 대륭테크노타운 20차 1934호"
위성 무기체계 시험평가 제도개선에 관한 연구,육군교육사령부,25856387.0,90.918,,(사)한국전략문제연구소,전건욱,이상규,"서울특별시 용산구 청파로 40, 삼구빌딩 1815호(한강로3가)"
절충교역 제도 선진화 방안 연구,해군군수사령부,102651530.0,90.295,2021-11-11,,,,
국방 의료정보 빅데이터 분석체계 구축사업 연구용역,육군인사사령부,466954298.0,109.939,,,,,
의무장비(생화학자동분석기 등 2종) 구매(17-207),국군재정관리단,32842367.0,92.861,2023-10-04,케이투웹테크(주),허준행,박은숙,"강원특별자치도 원주시 천매봉길36-22, 302호(단구동, 백림빌딩)"
신 작전수행개념 구현을 위한 교리발전 방안 연구용역,국방부(운영지원과),34226926.0,106.089,2017-08-04,,,김예빈,
휴양시설  기숙사 민·관·군 개발운영 연구용역 ,합동상호운용성기술센터,199952698.0,79.256,,주식회사 마에스트로네트웍스,정양수,임동환,"서울특별시 금천구 가산디지털1로145, 308호 (가산동, 에이스하이엔드타워 3차)"
20년 수송기술병참선 제원 연구용역,국방부(운영지원과),1528690.0,84.49,,주식회사 루키스,정태윤,김예슬,서울특별시 용산구 한강대로46길25-0 (한강로2가) 401호
궤도장비 난방기 야전 시험장비 개발 연구용역,공군본부,26098326.0,102.215,,호원대학교 산학협력단,김기순,권시형,"서울특별시 송파구 법원로11길25-0, A동 1310호(문정동, 에이치비즈니스파크)"
2022년 의무장비(혈액가스및전해질분석기) 구매,제5738부대,,80.815,2021-09-26,리치패션용품,허정성,이진우,"서울특별시 강남구 테헤란로512, 10층(대치동, 신안빌딩)"
미래환경 변화에 적합한 인력획득 홍보 발전방안 연구,해군본부,,87.363,2018-10-27,산업연구원,정봉원,,"충청남도 논산시 대학로 121, 건양대학교 산학협력단(내동)"
국방감항인증원(가칭) 설립 및 운영에 관한 연구,육군교육사령부,,89.657,2020-08-25,,김주희,김영진,
24-방공관제 작전제한 해소 추가레이다 설치방안 연구,국군수도병원,,,2024-05-25,(유)목양,김한희,김지훈,대전광역시 대덕구 대화로160-0 (대화동) 10동 205호
무인항공기 무인비행장치 전문 운용사 자격신설 연구,방위사업청(운영지원과),94610979.0,,,,,박동순,
전자도서관정보체계 고도화개념연구용역(2019G005-H),공군작전사령부,84421225.0,,2017-12-27,(사)대한토목학회,이용준,이동희,경기도 고양시 덕양구 권율대로656-0 (원흥동) 17층 1739호
잠수함용 부유식기만기 경미한 성능개량 선행연구,국방부(운영지원과),,90.215,,(주)한일종합상사,이영환,김태욱,서울특별시 강남구 선릉로93길54-0 (역삼동) 일환빌딩 6097호
(23F009-A)지리공간지형분석 Terra SW 등 금융리스,4284부대,162874755.0,92.414,2021-11-30,(주)시큐에이스,오중산,조성희,서울특별시 동작구 여의대방로36길92(대방동)
18년 지상군 전시자원소요분석모델 유지보수 용역,종합보급창,,82.135,2022-07-21,주식회사 원스타,김석철,정인영,"서울특별시 금천구 가산디지털1로30,1712호 (가산동,에이스하이엔드타워10차)"
(226320-B) 지형분석장비 교체(리스물건),공군군수사령부,,,2024-06-03,사단법인 대한민국 육군발전협회,최권석,전세희,"대전광역시 서구 대덕대로249번길30-0, 403호(둔산동, 베스트피엘씨빌딩)"
21년 임상의학연구센터 통계프로그램 구매,육군항공학교,56369097.0,70.598,2019-07-29,(주)두두아이티,김재영,김중곤,"서울특별시 용산구 한강대로62길41, 3층 (한강로1가)"
22-7차 연구장비 구매 계약 - 멸균소독기 소형,제2879부대,80828783.0,96.767,2021-04-24,에스원세이프,김봉현,조노희,"경기도 용인시 기흥구 기흥로58-1 (구갈동) 기흥ICT밸리 SK V1, A동 2406호"
철근콘크리트 방폭문 파괴거동분석 및 실증실험 연구,육군교육사령부,27642055.0,,2016-04-04,서울사이버대학교 산학협력단,허건영,노현정,"서울특별시 종로구 율곡로17길7-38, 수지빌딩 7층(이화동)"
군인연금관리공단 설립 필요성 등 검토를 위한 연구,국군재정관리단,172104477.0,,,,한민구,,
리더십코칭 효과성 평가에 관한 연구용역,국군재정관리단,67430739.0,78.28,2021-03-08,재단법인 한국군사문제연구원,김형철,,"경기도 성남시 수정구 위례대로83(창곡동, 국방문화센터)"
육군 부사관학교 시설종합발전계획 연구용역,국군재정관리단,,109.148,2017-01-27,주식회사 지노스,,,
20-MTU엔진 PBL 비용대효과분석 및 성과지표 연구,국군재정관리단,475688.0,75.746,2019-07-06,,정봉원,유형우,충청남도 논산시 양촌면 황산벌로1040
해병대 작전환경에 적합한 M&S 전력분석 연구 용역,방위사업청(운영지원과),,89.278,2017-09-15,,,,
22-공-소음측정 및 분석시스템 구매(229124-F),국군재정관리단,465308044.0,72.643,2021-01-23,,,전형준,
정보통신기능 성능개량 체계 구축 연구 용역,공군본부,39420922.0,91.548,,(사)21세기군사연구소,,이수행,
(246248-C) 모바일기기 증거분석 교체(HW)(리스자산),국군의무사령부,808857507.0,,2022-07-25,사)한국미래문제연구원,이대용,전영섭,서울특별시 용산구 한강대로46길25-0 (한강로2가) 401호
악성코드 정보제공 및 분석 서비스 구매,국군재정관리단,204131227.0,87.201,2019-01-20,주식회사 베테랑콤,홍순국,이희석,서울특별시 용산구 한강대로46길25-0 (한강로2가) 401호
지질자원연구원 MASINT DATA 수신체계 구축사업,공군군수사령부,109778243.0,90.097,2018-01-11,배재대학교 산학협력단,김재욱,조윤교,세종특별자치시  전동면 보평길167-0
18년 00부대 사이버 침해사고 조사/분석체계 도입사업,방위사업청(운영지원과),,81.389,2019-10-07,(주)싸이버텍,김규호,,서울특별시 종로구 종로3길17 (청진동 디타워 디2)
의무장비 혈액가스분석기 등 3종 구매,국방대학교,121868335.0,67.402,,(주)프라이전트,조노희,김규호,경기도 군포시 고산로151번길28-0 (당정동) 403호
해병대 인력획득체계 분석 발전 방향 연구 용역,해군본부,11904540.0,71.227,,,,장재필,서울특별시 노원구 화랑로574-0 (공릉동)
대형양산사업의 제반 조건 분석 및 방안 연구,국군재정관리단,67074431.0,91.276,2020-04-28,(주)리서치랩,정주교,정재훈,"경상북도 구미시 대학로 61, 금오공과대학교 산학협력단(양호동)"
요분석기 사단용 2EA 구매,국군복지단,234262825.0,,2024-05-08,에이치앤파워(주),신지웅,박서연,서울특별시 관악구 관악로1 (신림동)
아데노바이러스 55형 백신개발 타당성 검토 연구,국방부(운영지원과),172872284.0,107.564,2017-06-29,한양대학교 에리카산학협력단,김명운,이지선,"경기도 수원시 영통구 월드컵로 206(원천동, 아주대학교)"
대형공격헬기의 효과적인 시설사업 추진방안 연구,국군재정관리단,193978712.0,73.205,2019-04-11,(주)에프오알엠도시건축공간연구소,,조대현,"서울특별시 용산구 이태원로29, 421호(용산동1가, 전쟁기념관)"
통섭형 인재 육성을 위한 직무순환 방안 연구 용역,육군본부,134636000.0,87.054,2019-07-19,사단법인 한국자살예방협회,이승휘,,서울특별시 용산구 한강대로46길25-0 (한강로2가) 401호
해병대리더십교육성과측정체계개발연구용역,국군재정관리단,55604869.0,75.907,2017-10-14,,,,
모바일기기 증거분석체계 구매(교체),육군본부,75997566.0,95.739,,한남대학교 산학협력단,김진원,,서울특별시 노원구 화랑로574-0 (공릉동)
(21F093-K)'22년~'23년 작전지속지원분석모델유지보수,제9691부대,129825873.0,88.056,2024-09-01,,,이상규,
국방표준서 제정(7차) 연구,국방부(운영지원과),132438065.0,124.287,2021-02-16,(주)디앤오종합건축사사무소,한민구,,서울특별시 노원구 화랑로574-0 (공릉동)
육군 NCS직무표준화 및 군내 활용방안 연구 용역,해군본부,,,2018-05-05,사단법인 안보경영연구원,전건욱,,"서울특별시 강남구 언주로527, 10층 (역삼동)"
00포대 주변지역 토양오염 원인조사 연구용역,국군제1068부대,15113347.0,85.861,2022-01-09,한국자동차연구원,강창선,성종영,경기도 수원시 장안구 하률로12번길80-0 (천천동)
기술인력육성 보조사업자 운영성과평가 및 연구,합동참모본부,,81.105,2018-06-23,한국항공대학교 산학협력단,김진원,박장권,"서울특별시 송파구 법원로127-0 (문정동,대명벨리온)1117,1118호"
2019년 의무장비(요분석기) 구매-재투자,육군본부,,93.617,2023-11-27,주식회사 온품,김은기,김지훈,서울특별시 동대문구 장한로27길29 (장안동) 201비호
미래혁신을위한육군조직문화진단및실천지표연구,공군본부,,88.154,2021-05-28,,,,
국방표준화 개발을 위한 협력기관 지정 활용방안 연구,육군본부,27057159.0,,2016-10-11,,,,
LMS(학습관리시스템) 개념 연구용역,국군재정관리단,148670014.0,,,,,,
항-19-088 자동면역분석기 시약 등 117종,육군교육사령부,,,2020-05-30,,,박서연,
76mm 함포 약실 정밀검사용 장비개발 연구용역,국방부(운영지원과),9168473.0,77.668,,(주)에이치제이중공업,정주교,안주섭,"경기도 성남시 분당구 판교로 255(삼평동, 판교 이노밸리 이동 403호 601호)"
20-PKMR엔진 PBL 비용대효과분석 및 성과지표 연구,육군교육사령부,182495881.0,,,나우통상,전옥녀,오중택,경상남도 창원시 마산회원구 양덕북5길97 (양덕동1층상가)
육군 병영생활관 신축기준 연구용역,국군수도병원,66242665.0,92.986,,주식회사  인섹시큐리티,최원창,김영진,전라북도 무주군 무주읍 향학로27-1
국방연구시설·장비 종합관리 방안 연구,국방부(운영지원과),,105.754,2016-08-27,사단법인 안보경영연구원,전건욱,,"서울특별시 강남구 언주로527, 10층 (역삼동)"
기초자치단체 비상대비업무 담당자 신편방안 연구,국군재정관리단,,80.93,2022-01-28,사단법인 미래안보산업전략연구원,,정아름,"대전광역시 서구 대덕대로249번길30-0, 403호(둔산동, 베스트피엘씨빌딩)"
(246247-D) 이동형 심리생리반응 분석장비 구매,국방대학교,,87.0,2024-10-31,주식회사 좋은소리,이재관,정주영,충청남도 아산시 삼동로40 (모종동)3층 301-37호
전술환경 下 효율적 이동통신체계 운용방안 연구용역,국방부(운영지원과),81742975.0,,,(사)한국전략문제연구소,박정기,,"서울특별시 용산구 청파로 40, 삼구빌딩 1815호(한강로3가)"
지형분석도 제작 재료 구매,육군군수사령부,258493039.0,78.258,2023-02-28,주식회사 유토비즈,최철욱,이경신,"경기도 고양시 일산동구 호수로358-39 706호(백석동,동문굿모닝타워1차)"
소형공격드론 사업분석 용역,계룡대근무지원단,,71.411,2023-06-29,주식회사 천일,나인성,곽은혜,"서울특별시 송파구 중대로135, 동관 1201호 (가락동, 아이티벤처타워)"
정보학교 사이버공간정보 연구용역,국군재정관리단,,,,,,박소연,
전자기스펙트럼 측정/분석체계 운용방안 연구,육군본부,,73.945,2022-09-25,,,박소연,
하이드로릭 입자분석기 구매,육군본부,14477572.0,,,건양대학교 산학협력단,고중혁,양진,"경기도 용인시 처인구 명지로 116, 명지대학교(남동)"
빅데이터 기반 공중전투 기동 분석기술 연구용역,국방부(운영지원과),80811821.0,74.226,2023-04-11,한성대학교 산학협력단,오중산,유동호,"서울특별시 송파구 법원로11길25-0, A동 1310호(문정동, 에이치비즈니스파크)"
군 성폭력 사건 분석 연구,육군본부,178612431.0,104.344,,(주)에프오알엠도시건축공간연구소,민경찬,이상규,"서울특별시 금천구 가산디지털2로184, 10층 1017호(가산동, 벽산디지털밸리2차)"
18년 발칸 추적훈련 분석기(제조),해군본부,21698936.0,99.271,2023-04-18,,,황병윤,
함탑재정찰용 무인항공기 사업분석,제6619부대,,,2020-05-01,진해상사,정성문,이재숙,"서울특별시 금천구 가산디지털1로30,1712호 (가산동,에이스하이엔드타워10차)"
23-중.장기 공군 군수정책 발전방향 연구 용역,제9691부대,,84.983,2022-08-29,사단법인 한국드론혁신협회(KDIA),김진원,조진환,대전광역시 유성구 대학로291-0 (구성동)
22-해-AI 빅데이터 분석 개발용 학습 플랫폼 구축,공군본부,79300989.0,77.971,2024-08-21,(주)비오더블테크놀로지,나인성,임소영,충청남도 아산시 신창면 순천향로22 앙뜨레프레너관 E404호
잠재적 미사일 위협대비 워게임 활용방안 등 연구,방위사업청(운영지원과),476628216.0,84.978,2017-02-22,단국대학교 산학협력단,강우철,서준호,서울특별시 금천구 벚꽃로244-0 (가산동)810호 벽산디지털밸리5차
복합무기체계 시험평가 제도개선에 관한 연구,육군교육사령부,123853532.0,85.504,2018-07-24,사단법인 안보경영연구원,전건욱,,"서울특별시 강남구 언주로527, 10층 (역삼동)"
중금속 가열분석기 등 1항목 구매(의무),국군재정관리단,158793624.0,,,주식회사 도화엔지니어링,김진원,김지훈,"충청남도 논산시 대학로 121, 건양대학교 산학협력단(내동)"
안정적인 해병항공 운용방안 연구 용역,제9691부대,39047567.0,85.22,2018-08-24,,,김동준,
수성사격장 주변지역 주민 의식조사 연구,해군군수사령부,547604685.0,,2023-07-29,,,,
21-3차 조달 연구장비 구매 계약 - 제빙기 가루형,국방대학교,35857294.0,103.853,2019-04-13,,,황병윤,
미-23-미사일방어부대 효율적 부지 활용방안 연구,국군의무사령부,7361382.0,,2020-06-08,사단법인 안보경영연구원,전건욱,,"서울특별시 강남구 언주로527, 10층 (역삼동)"
드론 유형별 시험평가 방안 연구용역,국방부군사편찬연구소,3974325.0,89.339,,,장복철,,서울특별시 노원구 화랑로574-0 (공릉동)
자주발칸 제어용 모듈 대체품 개발 연구용역,국군복지단,,107.093,2022-10-25,,,,
CMMC 관련 통합실태조사 개선안 연구,육군본부,,73.626,,,,박계향,
23-F-전자정보 수집/분석장비 유지보수,국군재정관리단,,110.705,2024-05-10,계명대학교 산학협력단,김태호,한대일,"서울특별시 영등포구 국회대로70길12, 802호 (여의도동,대산빌딩)"
(217151-F)21년 연구활동 재료(시약) 구매,제9691부대,261240898.0,,2018-11-21,(사)21세기군사연구소,유상호,,"서울특별시 노원구 광운로 20(월계동, 광운대학교)"
공군기지 작전환경을 고려한 무인기 운영방안 연구,국군재정관리단,,,2017-03-28,사단법인 대한민국공군발전협회,신명화,유혜련,경기도 오산시 삼미로47번길81-12 (내삼미동)
통합 센서검사기 개발 연구용역,국군제1068부대,3354931.0,,,,,조반석,"서울특별시 송파구 법원로11길25-0, A동 1310호(문정동, 에이치비즈니스파크)"
악성코드 정보제공 및 분석 서비스 구매,국방부(운영지원과),,,2018-12-03,,,남궁성호,
19~20년 육군M&S센터 전문분석관 운용 용역,국군재정관리단,18294106.0,89.762,2019-06-23,,,,"서울특별시 금천구 가산디지털2로184, 10층 1017호(가산동, 벽산디지털밸리2차)"
20-효율적인 성능개량 방안 도출 연구,해군본부,,95.489,2019-08-11,주식회사도시경영연구원,정봉원,,"서울특별시 영등포구 의사당대로22, 8층 9층 10층(여의도동, 이룸센터)"
통신전자장비 전계강도 측정분석장비 개발,국방대학교,264426900.0,91.258,,유한회사 갈등조정센터,노광현,김승범,대전광역시 유성구 노은로170-0 (지족동) 스타시티빌딩 6층
18-공군 비행교수법 교육 프로그램 개선 및 개발 연구,국군제1068부대,280676261.0,86.881,,에스엘(SL)상사,고기종,이혜진,"부산광역시 수영구 구락로23, 2층 (수영동)"
무인전투체계 발전방향 연구,국군의무사령부,36524343.0,92.675,,,,김시나,세종특별자치시  시청대로370-0
(20G060-A)IP교환기및국방보안조사분석시스템금융리스,육군본부,,85.369,2023-06-04,에스엠트레이딩,송상의,정명화,경기도 안양시 동안구 관양로269-5 (관양동) 3층
항공기 RCS/IR Signature 추출 및 해석 연구,국방부(운영지원과),,82.601,,,,황병윤,
(20G071-H)21년 스펙트럼 측정/분석장비 유지보수용역,방위사업청(운영지원과),80191520.0,89.94,,중앙대학교 산학협력단,오철홍,기유경,
24년 군 양성평등지표 조사 및 분석 연구,국군재정관리단,31489875.0,91.426,2018-08-16,,,왕금분,
해군 스마트 항공기지 발전방향 연구용역,국군재정관리단,333048683.0,96.331,2019-06-06,사단법인 안보경영연구원,박정기,,"서울특별시 강남구 언주로527, 10층 (역삼동)"
AI 적용 무기효과 산출 고도화 연구,공군본부,50655500.0,,2020-06-26,,주현,이철호,
작전환경 변화 및 공군 합동 고려한 포병 발전 연구,제9691부대,40059056.0,,,,,황미영,
동원위주 부대 기계화 장비 개편시 효율성 분석 연구,4284부대,,86.917,,(재)한국해양전략연구소,,,
CN-235 항공기 특성(RCS/IR Signature) 연구,해군본부,24556716.0,97.52,,부경대학교 산학협력단,정순애,양희성,대전광역시 동구 옻밭5길159-0 (판암동)
무기체계 시험평가 사고예방 안전매뉴얼 연구,방위사업청(운영지원과),,,2020-06-15,와이엠,최진식,이준직,서울특별시 용산구 한강대로46길25-0 (한강로2가) 401호
정신전력교육 기본교재 재발간에 따른 사전 연구 용역,육군교육사령부,406363741.0,,2020-06-19,주식회사 엘씨케이테크놀로지스,이권민,최명진,"경기도 안양시 동안구 학의로282, B동 1616호"
해성-I 유도탄 창정비요소개발 비용분석 연구,국방대학교,,,,(주)하이엠디,강종효,이진우,경기도 안양시 동안구 흥안대로445(평촌동) 제6층 615호 안양평촌동지식산업센터
신분별 직무분석을 통한 적정 계급구조 연구,공군본부,58061493.0,88.598,2020-06-26,,,,
17년 비용분석모델(PRICE) 유지보수 용역,4284부대,85727836.0,92.286,2022-06-03,(주)휴먼이퀘이션,김은기,박지은,서울특별시 성북구 삼선교로16길116-0 (삼선동2가)
스펙트럼분석기 등 5종 구매,육군본부,,80.176,2022-07-15,(사)21세기군사연구소,,박준성,서울특별시 서초구 사임당로32 (서초동) 재우빌딩 9층
(20F088-A)소음영향도 작성을위한 소음측정및분석용역,육군본부,85839195.0,73.138,2020-07-12,성원금속,최규식,박유정,서울특별시 강남구 논현로189길6 (압구정동)
공군 무기체계 EMP 방호능력 향상 방안 연구,육군교육사령부,,83.982,2018-01-03,,박정기,이기석,
교육생 숙소 시설기준 연구용역,국방부(운영지원과),17405293.0,89.767,2021-01-01,,백원철,,서울특별시 영등포구 여의대방로43나길20-0 (신길동)
21년 차세대 첨단함정 건조가능성 검토 연구용역(ll),제9691부대,202482938.0,,,사단법인 안보경영연구원,전건욱,,"서울특별시 강남구 언주로527, 10층 (역삼동)"
삼군부 재현 및 이전을 위한 연구,국방부(운영지원과),178999842.0,,2017-02-18,사단법인 안보경영연구원,,,
해군 통합연동체계 SW 연구용역,국군재정관리단,,113.397,,(사)21세기군사연구소,이광형,,"경상남도 창원시 마산합포구 경남대학로7-0 (월영동, 경남대학교)"
23-24년 공군 항공무장효과분석모델 통합유지보수,공군본부,254648385.0,99.559,2022-06-25,주식회사 한솔엔지니어링글로벌,한기관,김채영,"대전광역시 유성구 대학로 99(궁동, 충남대학교)"
20-161 218 동물용 자동분석기 등 3품목,육군본부,,82.004,2017-12-08,주식회사 코테스,조종열,노민택,"충청남도 천안시 서북구 쌍용17길8, 3동 1202호(쌍용동, 쌍용모란아파트)"
함정 설계 건조 기준 및 함정규칙 정립 연구 용역,공군사관학교,,,,사단법인 안보경영연구원,전건욱,,"서울특별시 강남구 언주로527, 10층 (역삼동)"
’19년 디지털 포렌식 분석장비 교체(20197105-A),국군재정관리단,38812873.0,90.843,2021-02-14,예원,김주형,김현묵,"서울특별시 서대문구 연세로 50, 연세대학교(신촌동)"
해군  해경운용 및 전방위 안보 강화방안 연구용역,4284부대,116381463.0,89.054,2018-09-29,(사)한국전략문제연구소,전건욱,황병윤,
[24-육-173] 영상분석 SW 라이선스 구매(리스물건),국군화생방방호사령부,83167775.0,94.746,2023-09-22,주식회사 비용관리연구원,안인수,홍광표,"대전광역시 유성구 대학로 27, 현대리조텔 2층(봉명동)"
워리어 플랫폼 후속군수지원 방안 연구,국군재정관리단,40253036.0,,2021-10-06,(주)에스티앤비,김영국,정영숙,서울특별시 은평구 서오릉로25길20-4 (구산동) 1층
16년 전자파 측정 및 분석장비 개발 용역,방위사업청(운영지원과),58351612.0,87.268,2020-04-19,사단법인 한국국방기술학회,최진식,김지훈,경상남도 진주시 동진로420 (충무공동)
입체영상 처리 및 분석장비 구매,4284부대,,86.892,2018-04-28,오릭스캐피탈코리아(주),이현미,이동준,전라북도 정읍시 북면공단2길87
21-섬석천 기능개선 분석평가 및 기본계획 연구용역,국군수도병원,23171095.0,84.278,2019-10-15,(주)제트코,이기석,김지훈,서울특별시 영등포구 국제금융로6길33-0 (여의도동)
24-그린나래호텔 리모델링 계획의 적절성 분석연구,국방부(운영지원과),,88.771,2018-04-01,상명대학교산학협력단,장복철,황병윤,"서울특별시 종로구 홍지문2길20-0 (홍지동, 상명대학교)"
전자도서관정보체계 고도화개념연구용역(2019G005-H),국방부(운영지원과),175249283.0,94.164,2016-12-01,주식회사 씨이지앤드플러스,,,"대전광역시 유성구 대학로 99(궁동, 충남대학교)"
K계열 장갑차 엔진 오일펌프 시험장비 개발 연구용역,육군본부,130653452.0,86.053,2021-06-24,,,주진형,"서울특별시 용산구 청파로 40, 삼구빌딩 1815호(한강로3가)"
중금속가열분석기 1항목 구매(의무),해군본부,325637732.0,96.367,2021-04-26,주식회사 대홍관리,홍양희,이호준,"서울특별시 노원구 동일로1456-0 (상계동, 상계주공7단지아파트)"
복합재 항공기 구조물 구조건전성 해석기법 연구용역,국군재정관리단,104102065.0,,2022-01-26,,,,
19-전자파 정밀분석체계 확대구축사업 리스,육군군수사령부,,,,경희대학교산학협력단,양선희,최승룡,서울특별시 성북구 삼선교로16길116-0 (삼선동2가)
국방대 이전 효과 연구 용역,국군재정관리단,,93.915,,주식회사 마에스트로네트웍스,김덕화,한영준,전라북도 무주군 무주읍 향학로27-1
접적해역 상시정찰용 UAV 선행연구용역,국방부(운영지원과),,81.776,,사단법인 안보경영연구원,전건욱,,"서울특별시 강남구 언주로527, 10층 (역삼동)"
ICT기반 입체영상 활용방안 연구 용역,국군재정관리단,367441315.0,,,주식회사 엔브이티,권경득,이창환,"강원특별자치도 원주시 문막읍 귀문로1269-16, 1층 우측"
안보학술진흥연구용역(3.국내안보환경분석또는),해군본부,239297735.0,78.63,2021-10-22,(사)21세기군사연구소,김곤중,한대일,"충청남도 논산시 대학로 121, 건양대학교 산학협력단(내동)"
헬기와 UAV의 통합운용을 위한 비행장 설치방안 연구,육군본부,16533619.0,71.641,,,,김중곤,
16-인성교육프로그램 등 연구 용역 계약,국방부(운영지원과),52770896.0,82.033,,,,,
해상작전헬기 2차사업 기종결정 평가항목/가중치 연구,국군재정관리단,,90.54,,사단법인 안보경영연구원,전건욱,,"서울특별시 강남구 언주로527, 10층 (역삼동)"
빅데이터 분석체계 구축사업 감리 용역,해군군수사령부,213376533.0,86.793,,사단법인 안보경영연구원,전건욱,,"서울특별시 강남구 언주로527, 10층 (역삼동)"
현역-초기대응  예비군-전쟁승리 개념연구 용역,육군본부,386590091.0,,2018-01-15,,,,
연구장비확보(초저온냉동고),해군본부,,,2023-07-29,,,이상규,
재투자 의무장비 구매(1차) - 요분석기,방위사업청(운영지원과),14586116.0,122.784,2019-06-06,사단법인 안보경영연구원,,,"서울특별시 용산구 청파로 40, 삼구빌딩 1815호(한강로3가)"
정신전력 측정도구 및 지표 개발 연구,국방부(운영지원과),,85.536,,(사)21세기군사연구소,,,"서울특별시 금천구 가산디지털2로184, 10층 1017호(가산동, 벽산디지털밸리2차)"
지뢰탐지기(PRS-17K) 제어함 정비기술개발 연구용역,해군본부,,,2020-04-09,육군사관학교 산학협력단,김진욱,,
23-1차 개념설계 기술지원 연구용역,공군본부,27817714.0,,2019-07-07,,,이재원,
해병 과학화경계시스템 추진방안 연구 용역,국군재정관리단,213518713.0,,,에스앤에스이앤지 주식회사,,,충청남도 논산시 양촌면 황산벌로1040
정보분석조용 보관낭 구매,국방부(운영지원과),,,2023-12-06,더스테이지,안상희,이해용,"경기도 고양시 일산동구 강석로33, (백석동, 대우IAAN) 2층 217호"
선진 육군가치문화 조성 연구용역,국군재정관리단,,84.736,,국방대학교산학협력단,장병철,이상규,"서울특별시 노원구 화랑로 621(공릉동, 서울여자대학교)"
24년 자동염기서열분석기 검교정 등 정비,국군의무사령부,,98.31,,(주)아인스에스엔씨,전옥녀,이지유,"경기도 성남시 수정구 창업로54, LH기업성장센터 가동 609호"
주거시설 관리 및 운영 전문성 제고 방안 연구,육군교육사령부,,,,,,,
군 모바일 업무혁신 추진방안 연구용역,육군종합군수학교,,,,연세대학교 산학협력단,김곤중,김지훈,"서울특별시 은평구 진흥로 225,(불광동)"
22-유도/수중무기 창정비 비용 대 효과 분석,육군본부,157236645.0,97.383,,주식회사  인섹시큐리티,류제성,최성숙,"서울특별시 구로구 공원로6나길12-0 (구로동,경방빌딩) 301호"
상비병력 규모 최적 결정을 위한 제도 조합 방안 연구,육군본부,15140560.0,85.555,2021-04-24,사단법인군사정보발전연구소,한영수,심지민,충청남도 아산시 신창면 순천향로22 앙뜨레프레너관 E404호
21년 전투발전 연구용역(3),제9691부대,15611618.0,,,,,,
잠수함 음탐 센서 케이블 다기능 검사기 연구용역,제2879부대,109946244.0,98.147,,사단법인 안보경영연구원,전건욱,,"서울특별시 강남구 언주로527, 10층 (역삼동)"
(236043-G) 23년 모바일·IoT 조사분석체계 도입사업,방위사업청(운영지원과),107385371.0,90.44,2022-08-19,주식회사 디아이,홍수정,이지선,대전광역시 대덕구 한밭대로1158-0 (중리동) 707-1
군 경계작전에 적합한 LED등기구 기준 정립 연구용역,국방대학교,13636475.0,,2019-03-20,,,,"서울특별시 용산구 청파로 40, 삼구빌딩 1815호(한강로3가)"
감염 및 외상분야 군의료 특성화 연구,국방부(운영지원과),41892676.0,,2017-11-27,,,,"서울특별시 용산구 청파로 40, 삼구빌딩 1815호(한강로3가)"
23-1차 개념설계 기술지원 연구용역,육군본부,,,2019-02-14,,,,
미래 트랜드 변화와 육군의 대응방향 연구 용역,공군교육사령부,,,2017-11-12,주식회사 동화이엔지,이강용,김서영,"서울특별시 중구 세종대로39, 대한상공회의소 6층(남대문로4가)"
신기술 적용을 통한 저장시설 물류향상 연구,국군의무사령부,74790246.0,90.405,2016-12-09,아이티 월드,정영주,황혜원,"대전광역시 유성구 자운로157번길132, 912동 102호 (신봉동, 자운대아파트9단지)"
항공전력 도입을 고려한 효율적 운용방안 연구용역,국방부(운영지원과),7622600.0,97.471,2021-01-06,,전건욱,,"서울특별시 용산구 청파로 40, 삼구빌딩 1815호(한강로3가)"
해안복합감시체계 사업 비용분석,국군재정관리단,261600883.0,88.798,,신한관세법인,박승우,정양수,서울특별시 강남구 논현로189길6 (압구정동)
장보고급 잠수함 디젤감시장치 연구개발 용역,육군본부,,,2021-04-25,,,오세형,
21-공-주파수편이용분석기 구매,육군 제3808부대,280555745.0,83.243,2023-08-02,,,이수행,
스펙트럼분석기구매 (20199198-I),국군재정관리단,121956601.0,91.62,2023-04-20,재단법인 한울문화재연구원,신인균,조대현,"대전광역시 유성구 대학로 99(궁동, 충남대학교)"
23-D-액체질량분석기 구매(2310036-F),합동참모본부,44573495.0,82.539,2022-09-03,고려대학교산학협력단,김학준,,"서울특별시 강남구 역삼로17길57, 그랜드빌딩 B1층 (역삼동)"
특수작전용 유탄발사기사업 선행연구,국방부(운영지원과),,84.547,2016-08-25,재단법인 한국군사문제연구원,전건욱,,"서울특별시 강남구 언주로527, 10층 (역삼동)"
[24-육-16] A군단 부대변천사 연구용역,국방부(운영지원과),231385734.0,,,공군사관학교 산학협력단,김동준,안주섭,경상북도 구미시 산호대로 56-1()
항-418-012 생화학분석기 시약 등 97종 구매,공군교육사령부,349604126.0,94.311,2021-06-28,(주)한일종합상사,박종재,민정화,경기도 성남시 수정구 대왕판교로851번길20-0 (시흥동)
스마트 공군력 건설을 위한 조직 발전 방안 연구,국방부(운영지원과),31007193.0,,2020-05-08,넥스케이드,박상길,김재일,"서울특별시 구로구 디지털로30길28 마리오타워 601~605, 618호"
안정화지역 기반시설 복구방안 연구,방위사업청(운영지원과),,,2017-10-21,,,이민재,
한국형 공지기동부대 작전수행개념 연구용역,육군본부,40535304.0,,2019-12-01,,박정기,,"서울특별시 용산구 청파로 40, 삼구빌딩 1815호(한강로3가)"
북단 유도로 신설사업 분석평가 및 선행연구 용역,방위사업청(운영지원과),132271615.0,96.13,,,,,
L-V-C 전투실험체계 구축방안 연구 용역,국군재정관리단,2606273.0,,2021-11-08,사단법인 안보경영연구원,,,
군 자동소음측정망 설치기준 및 운영방안 연구,국방부(운영지원과),549816827.0,,2023-07-27,,,박계향,
해군수병 역량강화 프로그램 추진 연구용역,국군재정관리단,141358079.0,,2020-07-05,노무법인 디와이,오문진,김예빈,"서울특별시 서대문구 연세로 50, 연세대학교(신촌동)"
21년 전투발전 연구용역(3),국군재정관리단,,,2020-05-13,주식회사 다윤테크,임경진,김소라,"제주특별자치도 제주시 연북로21-0, 에코에비뉴 1609호"
방위사업계약 및 지체상금 제도 선진화 개선방안 연구,합동참모본부,207886125.0,99.999,2020-08-30,(유)목양,오현웅,차미정,"서울특별시 노원구 동일로1456-0 (상계동, 상계주공7단지아파트)"
전시 비상급수 기준 수립 연구,공군본부,51815124.0,96.471,,,,,
대용량 유전자데이터 분석 파이프라인 및 가시화 연구,공군본부,105971745.0,108.104,2022-06-28,라온시스템즈(주),서선숙,,서울특별시 영등포구 경인로763-0 (문래동3가) 제9호
24-군 상시학습제도 도입 방안 연구 용역,국군의무학교,218415609.0,89.319,2022-04-15,,박정기,,
방탄 방호성능 기초연구용역,국군재정관리단,84502584.0,,,아주대학교 산학협력단,이문걸,,"서울특별시 금천구 가산디지털2로184, 10층 1017호(가산동, 벽산디지털밸리2차)"
폭발물처리 교육 전군 통합 필요성 검토 및 방안 연구,국방부(운영지원과),,,,사단법인 안보경영연구원,박정기,,
상층대기분석장비 유지보수,제9691부대,,85.97,,주식회사 아레스,백도현,,"서울특별시 영등포구 의사당대로22, 8층 9층 10층(여의도동, 이룸센터)"
24년 전투발전 연구 용역(2),육군본부,18530034.0,92.465,,,,,
21년 전투발전 연구용역(4),합동참모본부,180994965.0,87.036,,(주)포항자재,김하근,김소라,경상남도 김해시 삼안로195번길20-23 (삼방동)
분석기  스펙트럼용 구매,육군본부,182492117.0,103.7,2023-11-03,주식회사 원영전자,김자이,동중영,서울특별시 강남구 테헤란로77길11-19 (삼성동) EAN빌딩
유도무기 신뢰수준 및 시험사격 적정수량 연구,국군재정관리단,307005591.0,84.725,,주식회사 청호,이상환,김승준,인천광역시 연수구 한나루로105번길68-0 (옥련동) 406동 1804호
(247158-F) 스펙트럼 분석기 등 3종 구매,제9691부대,31983548.0,,2021-10-09,서울대학교 산학협력단,경상현,조민구,
비전통위협 국방대응체제 발전연구,공군본부,,,2021-08-04,주식회사 엔브이티,정영욱,권시형,"서울특별시 종로구 율곡로17길7-38, 수지빌딩 7층(이화동)"
무기체계 안전성 시험평가방안 연구,합동참모본부,,92.402,2021-08-31,사단법인 안보경영연구원,전건욱,,"서울특별시 용산구 청파로 40, 삼구빌딩 1815호(한강로3가)"
’22년 전투발전 연구과제 용역(3),제2879부대,190403939.0,87.827,2016-12-30,(주)에프오알엠도시건축공간연구소,권시형,이기영,세종특별자치시  시청대로370-0
(20G056-I)빅데이터 분석체계 구축사업 금융리스,제9691부대,,,2023-05-23,,,김정일,
20년 국방정책연구과제,육군교육사령부,,95.124,2022-03-12,사단법인 안보경영연구원,김형철,,"경기도 성남시 수정구 위례대로83(창곡동, 국방문화센터)"
18년 해군 전자정보 종합분석체계 개발사업,해군본부,,89.817,2022-06-24,이상시스템,고기종,정현석,충청북도 청주시 흥덕구 오송읍 오송생명2로110-6 셀젠텍
민군 상생을 위한 대체시설 검토 및 관리방안 연구,제9691부대,281991795.0,89.32,,(사)21세기군사연구소,,박계향,"서울특별시 용산구 한강대로62길41, 3층 (한강로1가)"
소형무장헬기 양산 시설사업기본계획 연구용역,국군재정관리단,142707296.0,,2018-11-29,국방대학교산학협력단,유상호,박계향,"대전광역시 유성구 대학로 99(궁동, 충남대학교)"
항공용금속재료 가공방법별 기계적물성치측정방안연구,국군재정관리단,,87.279,,사단법인 안보경영연구원,,,"서울특별시 용산구 청파로 40, 삼구빌딩 1815호(한강로3가)"
육군 개인 재능 평가지표 개발 연구용역,육군종합군수학교,127336511.0,92.408,2024-05-01,인천대학교 산학협력단,김재영,,"서울특별시 종로구 율곡로6길36 (운니동, 오피스텔월드) 1008호"
K1A2 전장관리신호처리기 시험장비개발 연구용역,공군본부,36049229.0,92.792,2022-01-09,(사)한국전략문제연구소,,,
22-공-가스크로마토그래피(질량분석식) 구매,방위사업청(운영지원과),,106.795,2021-01-05,한국환경설계(주),김민균,김종훈,"서울특별시 동작구 남부순환로2021, 2층 (사당동)"
강릉병원 기능조정 연구용역,제6619부대,,86.834,,,,,서울특별시 용산구 새창로128-1 (용문동) 2층
19년 지형분석장비 교체(리스물건)(20196289-G),국군재정관리단,153472749.0,,,,,,
웨어러블 로봇 운용개념 연구용역,국방부(운영지원과),51059965.0,80.793,2018-04-09,,,김지훈,
춘천병원 기능강화 연구용역,국방대학교,,,2022-08-26,,,,
휴양시설  기숙사 민·관·군 개발운영 연구용역 ,공군군수사령부,68640457.0,,,한국여성정책연구원,박영선,,대전광역시 유성구 노은로170-0 (지족동) 스타시티빌딩 6층
군 시설 공사비 기준단가 산정 연구용역(21K018-I),국군의무사령부,17044094.0,65.294,2020-08-19,,,박계향,
교육장비(질량분석기) 구매,국군의무사령부,353723860.0,80.083,,주식회사 발렌베리,이여정,이윤기,서울특별시 양천구 남부순환로72길17-0 (신월동) 영동빌딩2층
군 의료 혁신을 위한 의료전달체계 개편 연구용역,국방부(운영지원과),89606741.0,102.593,2020-02-02,,,,
리더십코칭 효과성 평가에 관한 연구용역,해군본부,7795987.0,101.3,2020-09-10,중앙대학교 산학협력단,손승우,이정현,"경기도 고양시 덕양구 항공대학로76-0 (화전동, 한국항공대학교내)"
소형무장헬기 경제적 획득 방안 연구,국군재정관리단,94039411.0,,2017-11-12,,,,
17년 분광분석 폭발물탐지 연구용역,국방부(운영지원과),33577929.0,,,사단법인 안보경영연구원,전건욱,,"경기도 성남시 수정구 위례대로83(창곡동, 국방문화센터)"
적 사이버공격 의도분석 지표개발 및 평가방안 연구,국군재정관리단,160944360.0,,2016-01-06,,,,
내부피폭선량분석셋(삼중수소 전처리장비셋) 구매,공군본부,,111.505,2022-03-12,국방대학교산학협력단,변중무,최승룡,제주특별자치도 제주시 애월읍 광상로26-0
공군 방공포부대 이전 요구 연구용역,해군본부,220680088.0,94.513,,한화오션 주식회사,허건영,,"서울특별시 노원구 화랑로 621(공릉동, 서울여자대학교)"
인공지능을 활용한 사이버위협 탐지기술 연구용역,해군군수사령부,56483934.0,,2020-11-03,,,,
미래환경 변화에 적합한 인력획득 홍보 발전방안 연구,방위사업청(운영지원과),,89.033,2017-08-07,세종대학교산학협력단,임기철,,"서울특별시 종로구 홍지문2길20-0 (홍지동, 상명대학교)"
비전투부대 참모부서 소요병력 산정기준 연구용역,국군화생방방호사령부,663532935.0,91.968,2020-03-25,,,,
개발사업 군사작전 영향검토 및 법제화 방안 연구,공군 제8전투비행단,,87.024,,명지대학교 산학협력단,김영경,,"서울특별시 서초구 서초중앙로20길 24, 서종빌딩 4층(서초동)"
유류시험장비(가스성분 분석기 등 2종) 구매,해군본부,,98.374,2021-08-10,주식회사 엘씨케이테크놀로지스,김보영,정혜원,"서울특별시 강남구 테헤란로 142(역삼동, ARC PLACE) 7층"
자동염기서열분석기 정비(소모품 구매설치),제2879부대,17715687.0,79.29,2023-10-28,,,장혜민,
국내개발 항공기 성능개량 및 관리(대체)방안 연구,공군본부,,88.143,2023-12-19,주식회사 세랜텍,이숙,박수영,"서울특별시 강서구 공항대로51길17-0 1,2층 (등촌동)"
K10제독차 조종상자 회로카드 정비기술개발 연구용역,육군본부,,88.365,,자주국방네트워크,김희상,,"서울특별시 금천구 가산디지털2로184, 10층 1017호(가산동, 벽산디지털밸리2차)"
탄약고 안전거리 재산정을 위한 선행연구 용역,국방부군사편찬연구소,66669024.0,93.031,,(주)켐텍인스,김재일,김중곤,"경기도 군포시 공단로140번길46, 1층 105호,106호,212호,213호 (당정동,엠테크노당정지식산업센터)"
[24-육-17] B군단 부대변천사 연구용역,공군군수사령부,3922459.0,,,사단법인군사정보발전연구소,김재영,김지훈,서울특별시 성북구 삼선교로16길116-0 (삼선동2가)
Edu-Tech 교육체계 개발 연구용역,국방부조사본부,,,2021-05-25,,전건욱,,
지형분석용 차량(개조) 제조,국군의무사령부,29262501.0,85.365,2020-06-25,,,박서연,
(217271-C) 의무장비(자동분석기 생화확 대형) 구매,해군본부,12773312.0,,,주식회사  인섹시큐리티,최미정,조노희,"인천광역시 남동구 서창남순환로190-15 (서창동, 서창퍼스트뷰아파트) 718동 301호"
국방전직교육원 조직진단 및 기능강화 방안연구,국군제1068부대,30664071.0,,2021-11-17,단국대학교 천안캠퍼스 산학협력단,김세종,오문진,서울특별시 강남구 논현로189길6 (압구정동)
인공지능을 활용한 사이버위협 탐지기술 연구용역,방위사업청(운영지원과),,,,사단법인 안보경영연구원,전건욱,,"서울특별시 강남구 언주로527, 10층 (역삼동)"
TICN Block I -① 경미한 성능개량 사업분석,국방부(운영지원과),10412274.0,76.536,,명지대학교 산학협력단,이재평,이다인,서울특별시 영등포구 영등포로35길10-0 (영등포동6가) 8층 809호
주요 선진국의 획득제도 사례분석을 통한 시사점 연구,국군재정관리단,,106.918,,,,,
[24-육-91] 무건리 훈련장 갈등 비용분석 연구,국방부(운영지원과),,89.515,,,,,
군인연금기금 책임준비금의 적정 규모 기준 설정 연구,국방부(운영지원과),13784549.0,,2020-12-17,,,,
[상층대기분석장비 부품] 송풍기  환기용 등 7종,제2307부대,567211753.0,109.789,2022-01-10,(주)지올코리아,박희원,전용호,"서울특별시 강서구 공항대로103 (마곡동, 마곡 엠밸리 9단지) 업무동시설 507호"
항공기 상태기반정비(CBM) 공군 적용방안 연구,국방대학교,,64.942,,사단법인 한국국방기술학회,정태량,고윤안,"대구광역시 달서구 달구벌대로1095-0 (신당동, 계명대학교)"
국방연구시설·장비 종합관리 방안 연구,국군재정관리단,,86.777,2017-04-13,사단법인 안보경영연구원,,,
K1A2 전장관리신호처리기 시험장비개발 연구용역,해군본부,130920523.0,,,씨지에스아이티(주),박길현,전호영,"서울특별시 구로구 디지털로31길41-0, 603호, 604호, 605호(구로동, 이앤씨벤처드림타워6차)"
한국군 공정사단 필요성 및 운용개념 편성방안 연구,합동참모본부,36717529.0,84.925,2017-04-12,자주국방네트워크,김근우,,
방탄 방호성능 기초연구용역,국방부조사본부,,,,한국마이크로데이타(주),김진원,권건안,"서울특별시 중구 동호로7길41, 2층(신당동)"
중금속가열분석기 1항목 구매(의무),국군재정관리단,32171802.0,98.328,2021-01-30,(주)에스티앤비,강인용,정양수,"전북특별자치도 군산시 임피면 호원대3길 64,"
상륙기동헬기 성능개량 소요 분석 연구용역,육군교육사령부,,79.986,2021-12-03,,,,
유도무기 적정 수리부속 보유량 산출 연구 용역,육군정보통신학교,57300719.0,89.484,2018-08-22,,,,
전술정보통신체계(TICN) 시설사업기본계획 연구용역,국군재정관리단,,87.078,2016-11-18,조선대학교 산학협력단,이인형,정봉원,경기도 광주시 도척면 상림리51-19
국방정보시스템 사이버침해대비안전성확보방안 연구,국군재정관리단,52405133.0,89.809,,,,,"서울특별시 강남구 언주로527, 10층 (역삼동)"
CBRS 적용한 전투발전체계의 문제점 및 발전방향 연구,국방부(운영지원과),11411097.0,92.894,,협동조합 미래국방산업네트워크,이정훈,곽일,"서울특별시 영등포구 여의나루로67, 신송빌딩 703호"
대잠훈련분석체계(AEAS) 유지보수 용역,육군본부,126188408.0,88.974,2019-07-18,,,김지원,
CSP 획득개선 및 무기체계 가동률 향상방안 연구,국방부(운영지원과),99089265.0,82.01,,주식회사 아레스,이홍민,이형걸,서울특별시 강남구 논현로189길6 (압구정동)
19-TSCE 기반 함정 체계통합방안 연구 용역,국방부(운영지원과),,79.926,,사단법인 안보경영연구원,전건욱,,"서울특별시 강남구 언주로527, 10층 (역삼동)"
24년 기상레이다 적정 경제수명 산출 연구,공군본부,,,2019-12-21,서울사이버대학교 산학협력단,김화영,나상억,"경기도 안양시 만안구 만안로49, 519호(안양동, 호정타워)"
예비군훈련 원격교육 적용방안 연구,공군사관학교,,79.845,2018-08-09,한성대학교 산학협력단,김재영,전형준,경기도 수원시 장안구 하률로12번길80-0 (천천동)
연합/합동 연습모의모델 획득 및 운영방안 연구,공군본부,4709626.0,122.23,,,노희영,,
의무장비(생화학자동분석기 등 2종) 구매(17-207),육군본부,29554066.0,87.57,2018-02-10,주식회사 지니클라우드,이우희,가회광,경기도 광주시 중앙로320-40 (송정동)
한국군 공정사단 필요성 및 운용개념 편성방안 연구,방위사업청(운영지원과),14752207.0,90.889,2019-01-07,사단법인 안보경영연구원,박정기,김미진,
야전운용시험 성과분석 및 발전방안 연구,국군재정관리단,,,,대진대학교 산학협력단,김운용,고은미,"서울특별시 용산구 한강대로62길41, 3층 (한강로1가)"
삼군부 재현 및 이전을 위한 연구,방위사업청(운영지원과),5606388.0,86.884,,,,,
ATCIS 2차 성능개량 0000체계 운용요구서 연구,국군재정관리단,235923199.0,89.16,2024-02-18,주식회사 마에스트로네트웍스,박정주,이상규,대전광역시 유성구 테크노9로35-0 (탑립동) 지능로봇산업화센터 406호
120mm 전차포신 약실 검사장비 개발 연구용역,육군본부,50948589.0,83.058,2019-11-14,(주)에프오알엠도시건축공간연구소,,엄희정,
한국형전투기를 위한 무장선정 최적화방안 연구용역,국군의무사령부,125355469.0,96.3,,국방기술품질원,김진원,최규식,"부산광역시 연제구 중앙대로1054번길6, 5층 (연산동)"
CN-235 항공기 특성(RCS/IR Signature) 연구,공군사관학교,12086873.0,92.28,,,,김소미,"서울특별시 용산구 한강대로62길41, 3층 (한강로1가)"
평시 복무 예비군제도 발전방향 연구용역,육군본부,,,2019-08-14,,,신준호,
(227135-E)디지털포렌식 조사분석도구 구매,제2879부대,102348882.0,81.854,2019-06-12,(주)론스텍,김성훈,이양희,"서울특별시 송파구 송파대로201-0 (문정동) 송파테라타워2 A동 1213,1214,1215,1216,1217,1218호"
연구활동 재료(초자) 189종 구매,국군재정관리단,9311320.0,108.871,,,,,
자주도하장비 조종시뮬레이터 비용분석,방위사업청(운영지원과),,92.805,2022-02-05,,,정성문,
[연구소] '22-2차 감정재료 구매,합동참모본부,,88.117,2022-04-23,한디자인그룹주식회사,김운용,이민행,"충청남도 논산시 대학로 121, 건양대학교 산학협력단(내동)"
공군 군수지원 분야 발전방향 연구 용역,국방부(운영지원과),216186752.0,90.698,2017-05-19,씨지에스아이티(주),정영주,강민식,"서울특별시 구로구 디지털로34길55, 1008호 (구로동, 코오롱싸이언스밸리2차)"
지능형 악성코드 수집분석체계 라이선스 구매,국군재정관리단,165946944.0,,,노원 상사,이민자,신남선,"충청북도 청주시 상당구 용암북로44번길3, 101호(용암동)"
22-공군 기후예측 및 기후변화 시나리오 연구용역,국군재정관리단,59915859.0,,2021-03-17,,,,
컨테이너 물류체계 구축 소요판단 정책 연구과제 용역,국군의무사령부,,85.365,2021-05-16,재단법인 한국산업관계연구원,김지찬,박준성,세종특별자치시  전동면 보평길167-0
미래 육군비행장 발전계획 검증 연구 용역,공군제7항공통신전대,,,2022-09-25,,,,
국방 디지털 서비스 환경 전환 방안 연구,국군재정관리단,140495400.0,86.359,,씨엠티정보통신(주),윤영현,임지헌,"서울특별시 강남구 봉은사로129-0 (논현동, 거평타운오피스텔) 1126호"
화생방 환자 진료를 위한 군 병원 개선 방안 연구용역,국방부(운영지원과),208517305.0,,2017-09-15,우성무역,오정환,최재현,"세종특별자치시  조치원읍 번영1길46, 301호, 302호"
무인 수색차량사업 운용요구서(ORD) 연구,방위사업청(운영지원과),48315701.0,,,,권시형,,"서울특별시 금천구 가산디지털2로184, 10층 1017호(가산동, 벽산디지털밸리2차)"
군 VoiP 교환시스템 통합운용방안 연구 용역,해군본부,44447416.0,78.15,2020-07-28,도원정보시스템 주식회사,이근신,오세문,"서울특별시 송파구 석촌호수로138, 202호 (삼전동)"
중형기동헬기(UH/HH-60) 성능개량사업 비용분석,국방대학교,,115.488,2020-05-13,,,,
4차산업혁명 기술을 적용한 C4I체계 발전방안연구,해군본부,324958060.0,,,라온시스템즈(주),이권민,박계향,"경기도 김포시 태장로795번길23 (장기동) 마스터비즈파크 R124, 7층 729-732호"
차세대 첨단함정 건조가능성 연구용역(2019H044-B),육군본부,,118.409,,한국인성교육연구소 주식회사,변중무,,"대전광역시 유성구 대학로 99(궁동, 충남대학교)"
군 시설물 안전관리분야 매뉴얼 개정 연구용역,방위사업청(운영지원과),168368151.0,75.3,2018-03-17,,,,
24년 국방연구개발사업의 성과조사 · 분석 연구 ,해군본부,53590891.0,82.843,,(주)에프오알엠도시건축공간연구소,이광형,박계향,
함정추진축계이상소음발생위치추정및원인분석기법연구,국방부(운영지원과),52116.0,,2021-11-16,주식회사 공공정책성과평가연구원,한민구,김현철,세종특별자치시  시청대로370 세종국책연구단지 사회정책동
AH-64헬기 수평안정판 정비방법 개발 연구용역,국군재정관리단,,86.231,2019-06-20,럭키상사,차진섭,이혜진,대전광역시 대덕구 대전로1397번안길70-0 (읍내동)
신공법교량 폭파방법도출 및 실증실험 연구용역,국군재정관리단,37130758.0,,2019-01-17,주식회사 엔브이티,정주교,이태훈,"경기도 고양시 덕양구 항공대학로76-0 (화전동, 한국항공대학교내)"
24년 기술연구용역(3),제9691부대,143782526.0,100.035,,주식회사 사이버앤네트워크연구원,김태동,이도제,경상남도 진주시 동진로420 (충무공동)
무기체계 공급망 관리(SCM) 최적화 프로세스 연구,국군재정관리단,295690923.0,117.107,,,,박혜인,
국방과학 기술료 제도개선 방안 연구,국군수송사령부,22860233.0,80.292,2018-06-14,(사)21세기군사연구소,염진수,,"서울특별시 금천구 가마산로96-0, 213호(가산동, 대륭테크노타운8차)"
(246311-E) 분석용 고성능 PC등 2품목 (리스자산),공군본부,,,,사단법인 한국드론혁신협회(KDIA),박미경,강성수,"경기도 용인시 기흥구 흥덕중앙로120-0 (영덕동, U - TOWER)"
차세대 전투차량 발전방안 연구 용역,4284부대,68500752.0,,2020-01-15,(주)에프오알엠도시건축공간연구소,,이수행,
합동작전분석모델-Ⅱ 탐색개발,국방부(운영지원과),79690743.0,,2021-09-18,,,,
23년 전투발전 연구용역(1),국군재정관리단,17331791.0,,2019-04-04,(사)한국전략문제연구소,박정기,고상범,"서울특별시 용산구 청파로 40, 삼구빌딩 1815호(한강로3가)"
조종사 피로도와 안전비행의 상관관계 분석 연구용역,해군본부,,103.818,,동국대학교 WISE캠퍼스 산학협력단,김현성,박소연,"부산광역시 해운대구 센텀6로21,  인텔리움센텀 807호,808호(우동)"
사단 작전지휘시설 신축사업 선행연구 용역,방위사업청(운영지원과),,91.992,,,,김근우,
공군조직내 잠재갈등 분석 및 공군문화 발전방안 연구,육군교육사령부,20339718.0,101.597,2018-06-02,,이재평,이경생,
(217122-B)연구장비(차세대염기서열분석기) 구매,해군본부,,,2019-10-20,미성종합체육산업 주식회사,김준식,안병선,서울특별시 강서구 양천로401 (가양동) 강서한강자이타워 B동1503~1506호
국방기술조직을 활용한 함정 기술관리 방안 연구 용역,국군재정관리단,56742392.0,,,경희대학교 산학협력단,이윤문,윤영현,"충청북도 청주시 청원구 대성로298-0 (내덕동, 청주대학교)"
항공무기정비분야 안전관리체계 고도화방안 연구용역,해군본부,239004156.0,,2021-02-07,,박정기,,"서울특별시 용산구 청파로 40, 삼구빌딩 1815호(한강로3가)"
특수작전용대형기동헬기 기종결정 평가방안 연구,국군재정관리단,280267980.0,95.244,2020-03-22,알앤알컨설팅 주식회사,이충렬,경상현,부산광역시 강서구 대저중앙로341-0 (대저1동)
00부대 스마트 자동화 저장창고 신축 비용분석 연구,방위사업청(운영지원과),30066136.0,99.404,2020-09-08,국방대학교산학협력단,이문걸,임경철,"서울특별시 서초구 서초대로1길17, 2층 226호(방배동)"
산악지역에서의 적정 무기체계 및 전투수행 방법 연구,공군본부,20683516.0,90.331,,(사)한국전략문제연구소,,박수정,"서울특별시 용산구 청파로 40, 삼구빌딩 1815호(한강로3가)"
LOSS율 적용을 통한 소형/저단가 품목 관리방안 연구,국방부(운영지원과),14560093.0,93.217,2018-02-25,주식회사 미주씨앤디,염진수,박은숙,서울특별시 동작구 여의대방로36길92(대방동)
저피탐 정찰용 무인항공기 개발기술 및 운영개념연구,국군재정관리단,249203720.0,96.066,,(사)21세기군사연구소,,,
정신전력 개념 정립 및 수준 측정도구 개발 연구,육군교육사령부,191529844.0,,2021-02-01,하늘유통,이영환,이영민,"서울특별시 금천구 가산디지털1로171, B208호(가산동, 가산 에스케이 브이원 센터)"
21-함정 추진계통 신뢰성 향상을 위한 정비방안 연구,육군본부,4468989.0,87.704,2023-06-10,,,김영진,
사단정찰용 UAV 백령도서내 운용 가능성 연구,국군재정관리단,15201074.0,,,한성대학교 산학협력단,임승택,박병희,"서울특별시 용산구 한강대로211, 102동 1605호(한강로1가, 대우월드마크용산)"
무기체계 RAM 시험평가의 효율적 수행방안 연구,육군본부,92297532.0,,2021-06-18,상명대학교산학협력단,,박병희,
24-미래 한국공군 훈련기 성능 및 적정 규모 연구,해군본부,158470555.0,93.92,2023-07-18,숭실대학교 산학협력단,변중무,서선숙,"서울특별시 종로구 율곡로6길36 (운니동, 오피스텔월드) 1008호"
복합무기체계 시험평가 제도개선에 관한 연구,공군본부,126231035.0,85.427,2016-09-25,,김진욱,김미희,서울특별시 강동구 양재대로1377 (성내동 삼원빌딩 408호)
항공화력유도 시뮬레이션 구축 구매/설치,공군본부,,,,태성네트웍스 주식회사,이성인,두진욱,"서울특별시 강남구 테헤란로440, 서관 3층(대치동, 포스코센터)"
한국적 PKO 현 기반체계의 문제점 분석과 발전 방안,공군작사근무지원단,100938659.0,93.307,,사단법인 안보경영연구원,전건욱,,"서울특별시 용산구 청파로 40, 삼구빌딩 1815호(한강로3가)"
의무장비 혈액가스분석기 등 3종 구매,공군본부,85209966.0,,2021-12-19,,김진욱,,
(21F093-K)'22년~'23년 작전지속지원분석모델유지보수,해군군수사령부,,84.792,2019-03-12,주식회사우정상사,강연준,양상원,경기도 화성시 10용사로456-0 (반송동)
공군기지 작전환경을 고려한 무인기 운영방안 연구,국군재정관리단,10834251.0,88.067,2018-01-26,주식회사피레타,김창환,서경희,"서울특별시 강남구 테헤란로78길16, 6층 (대치동, 노벨빌딩)"
120mm 전차포신 약실 검사장비 개발 연구용역,공군군수사령부,85453984.0,79.17,2023-09-03,,,,
안보학술연구용역(3. 국내안보환경과),육군교육사령부,29717780.0,100.448,2019-08-05,(재)주택산업연구원,김성룡,조혜진,"서울특별시 금천구 가산디지털2로184, 10층 1017호(가산동, 벽산디지털밸리2차)"
21년 의무장비(혈액가스분석기 중형) 구매,국방부(운영지원과),104332333.0,87.648,2024-04-28,사단법인 통일안보전략연구소,김진욱,최민정,"서울특별시 서초구 강남대로6길11 선우빌딩 4,5층 (양재동)"
국방표준서 제정(7차) 연구,국군수도병원,35314211.0,87.365,2018-12-11,사단법인 한국국가전략연구원,김효근,,서울특별시 금천구 디지털로130-0 남성프라자 9층 912호  (가산동)
20-해군사관생도 복제개선 연구,국군수도병원,202164917.0,98.982,2022-02-16,디엔아이,이광형,,"서울특별시 송파구 법원로11길25-0, A동 1310호(문정동, 에이치비즈니스파크)"
주변국 무기체계 운영개념 및 제원 연구,공군본부,18173403.0,77.874,2019-01-19,,,,
재사용 가능한 우주발사체 효용성 연구 용역,공군군수사령부,231695287.0,75.371,2020-09-09,사단법인 미래안보산업전략연구원,김재욱,,대전광역시 유성구 죽동로157-0 (죽동)
음탐센서 시험 KOLAS 인정 사전 연구용역,국방대학교,,,,,,,
지뢰 등의 탐지·제거 민간대행에 관한 연구,공군방공관제사령부,257016775.0,99.784,,,,이정암,
21-1차 개념설계 기술지원 연구용역,국군재정관리단,,,,(주)한일종합상사,김진원,주진형,충청북도 괴산군 문무로85-0 중원대학교내 (괴산읍)
(1)군용비행장 소음측정 및 분석용역,공군본부,341634032.0,83.142,2020-10-27,주식회사 명품시스템,최규식,이창환,경상남도 창원시 의창구 팔용로 399()
단안형 야간투시경 조리개 개발 연구용역,국방부조사본부,84624775.0,84.08,2023-09-26,주식회사 에코비투,김태호,정성채,"서울특별시 금천구 가산디지털1로1-0 (가산동, 더루벤스밸리) 1208호"
무선망 전파분석장비 노후 교체,국방부,34802216.0,103.394,2022-10-02,사단법인 한국기업연구원,김재영,이도제,"서울특별시 서초구 방배천로155, 유청빌딩 3층(방배동 821-8)"
(226320-B) 지형분석장비 교체(리스물건),제5군단사령부,96575519.0,87.889,2023-03-07,주식회사 지노스,조상환,,"서울특별시 용산구 한강대로109-0 (한강로2가),404호(용성비즈텔)"
고출력레이저 위성추적체계 구축방안 연구,국방부(운영지원과),143656073.0,108.199,,알앤알컨설팅 주식회사,이형화,경상현,"경기도 군포시 고산로148번길17-0, B동 1303호, 1304호, 1305호(당정동, 군포IT밸리)"
20-161 218 동물용 자동분석기 등 3품목,해군본부,45534275.0,65.55,,,권시형,,
(21G023-A)생물안전3등급 연구시설 유지보수 용역,해군본부,601019310.0,,2021-01-20,에이치제이엘,유인목,전옥녀,"서울특별시 강서구 공항대로51길17-0 1,2층 (등촌동)"
작전환경 변화 및 공군 합동 고려한 포병 발전 연구,방위사업청(운영지원과),17400772.0,,2021-09-10,,,,
혈액가스분석기 병리장비운영소모품(13) 구매계약,국군재정관리단,444113863.0,,,주식회사 케이티에이,박수연,변현호,대전광역시 서구 계룡로408-0 (갈마동)
17-군 세차 폐수처리시설 운영 개선방안 연구용역,공군군수사령부,187475739.0,,,정호정보통신,송관섭,,"서울특별시 성북구 정릉로 77, 국민대학교내(정릉동)"
국방무인체계 총수명주기관리방안 연구,국군재정관리단,,,,에이스 컴퍼니,김흥중,김동준,서울특별시 강서구 양천로401 (가양동) 강서한강자이타워 B동1503~1506호
모바일기기 증거분석체계 구매(교체),육군본부,,113.257,2020-10-04,한양대학교 산학협력단,홍영기,,"서울특별시 서초구 방배천로155, 유청빌딩 3층(방배동 821-8)"
부품단종 정보획득 및 관리 시범사업 연구,해군군수사령부,12020817.0,,2018-11-24,국민대학교산학협력단,김병석,,"서울특별시 노원구 광운로 20(월계동, 광운대학교)"
정신전력 평가도구 개발 연구용역,국군재정관리단,,90.643,,(재)한국해양전략연구소,김진욱,김정일,"서울특별시 영등포구 의사당대로22, 8층 9층 10층(여의도동, 이룸센터)"
침해사고 조사분석체계 교체사업(209058-F),국군재정관리단,101826342.0,,2021-12-03,,,황병윤,
지휘헬기-II 기종결정 평가방안에 관한 정책연구용역,국군재정관리단,,93.16,2021-10-15,,,,
비행대대 조종사 적정 편제 및 대체 인력 운영 연구,육군 제3808부대,,,2023-02-11,,김진욱,이경생,서울특별시 노원구 화랑로574-0 (공릉동)
시뮬레이터 소프트웨어 보안성 시험 방안 연구,국방부(운영지원과),60877972.0,,2023-02-15,(사)한국전략문제연구소,박정기,,"서울특별시 용산구 청파로 40, 삼구빌딩 1815호(한강로3가)"
방산업체 방위산업기술 보호역량 강화방안 연구,국군재정관리단,43093110.0,79.641,,,권오성,박계향,
영상판독사 자격신설 연구,육군공병학교,6097451.0,85.654,,,,,
조종사 피로도와 안전비행의 역학관계 분석 연구용역,국방부(운영지원과),313963698.0,,2021-10-15,(주)코어시큐리티,손창호,,"서울특별시 강남구 강남대로62길24-0 (역삼동,해송빌딩)3층"
(207155-B) 액체크로마토그래피 이중질량분석기 구매,육군본부,655452436.0,69.451,2021-07-26,사단법인 안보경영연구원,전건욱,,"서울특별시 용산구 청파로 40, 삼구빌딩 1815호(한강로3가)"
군사과학정책 연구 용역(1. 국방 데이터....),국방부(운영지원과),,85.509,,,,,
해군  해경운용 및 전방위 안보 강화방안 연구용역,국군의무사령부,,92.68,2017-03-15,,,,
소요결정 권한 소요군 위임시 획득절차 연구,합동참모본부,149455402.0,93.993,2021-01-26,주식회사 라이언앤코컨설팅,박재완,최진아,"전북특별자치도 군산시 임피면 호원대3길 64,"
국방획득 유연성제고 위한 선진국 획득사례 연구,국군재정관리단,40278919.0,78.264,,,전건욱,이춘근,"서울특별시 강남구 언주로527, 10층 (역삼동)"
(237095-C) 연구활동 재료(초자) 구매,국방부(운영지원과),27992212.0,97.65,,(주)지인시스템,하영임,정진욱,제주특별자치도 제주시 첨단로251 (영평동)
2.75인치 유도로켓 창정비 개발 사업추진 연구용역,국방대학교,,,2018-03-21,(사단) 한국정치학회,정연길,이상규,충청남도 논산시 양촌면 황산벌로1040
빅데이터 분석서버 증설 사업(GPU SSD 메모리)-리스,국군재정관리단,,77.796,2020-08-02,한양대학교 산학협력단,엄현성,,
수사데이터 연관 분석시스템 구매,방위사업청(운영지원과),81562777.0,,2024-08-17,제이에스전자,양선원,권건안,대전광역시 유성구 죽동로157-0 (죽동)
(246247-D) 이동형 심리생리반응 분석장비 구매,육군본부,167987049.0,84.854,2024-06-25,(주)엔코라인,고윤안,이희석,"경기도 용인시 처인구 모현읍 외대로25번길12-26 (라인빌리지), 201동 302호"
20년 해병대 조직문화 수준진단 표준설계 연구용역,국방부(운영지원과),27712254.0,,2019-11-27,국방기술품질원,김진욱,,"충청남도 논산시 대학로 121, 건양대학교 산학협력단(내동)"
4차 산업혁명 기술적용 연구용역,국군의무사령부,,84.752,,,,,
사관생도 생활실 시설기준 개정 연구용역,국방부(운영지원과),,,2019-11-19,주식회사 다윈에어로테크,정승인,윤병찬,"경기도 성남시 수정구 복정로84번길 22-15,(B-001호) (복정동)"
무인수색차량 사업 비용분석,제9691부대,23043763.0,103.325,,고신대학교 산학협력단,류황건,장철호,서울특별시 성북구 삼선교로16길116-0 (삼선동2가)
군급식조달체계변화에따른적정급식비산출에대한연구,공군본부,58816994.0,90.467,2018-08-05,건양대학교 산학협력단,,이지선,충청남도 논산시 양촌면 황산벌로1040
해병대사령부 통.폐합과 재창설에 관한 연구용역,합동참모본부,,,2017-03-12,,,,
공군 Kill-Web의 임무효과도 및 발전 로드맵 연구,방위사업청(운영지원과),,,,사단법인 한국국방발전연구원,,박수진,
복합신호분석기 구매(20198178-F),국방부(운영지원과),627117790.0,,2023-11-27,주식회사 공공정책성과평가연구원,김용섭,전수현,"서울특별시 용산구 이태원로29, 421호(용산동1가, 전쟁기념관)"
군 시설 공사비 기준단가 산정 연구용역(21K018-I),공군본부,96279076.0,91.98,2017-07-15,주식회사 신나는세상,권헌영,승아현,"서울특별시 중구 남대문로63 (남대문로2가,한진빌딩)"
(207118-D)00분석체계 구축자재 구매,국방대학교,276996190.0,,2020-09-23,,,,
미래환경 변화에 적합한 인력획득 홍보 발전방안 연구,육군교육사령부,,93.53,2020-10-27,,,,
정보통신부대의 조직발전방향 연구,국군재정관리단,,,2017-05-04,,,이상규,
기술성숙도평가(TRA) 내실화 방안 연구,공군본부,,99.173,2021-06-25,사단법인 안보경영연구원,전건욱,,"서울특별시 강남구 언주로527, 10층 (역삼동)"
2024년 방산물자 현황분석 연구용역,국군재정관리단,,83.422,2017-03-22,우석대학교 산학협력단,이병택,김미희,"부산광역시 영도구 태종로727(동삼동, 한국해양대학교) 산학허브관 403호"
생화학분석기(자동식) 1대 구매 설치,4284부대,,95.851,2024-05-26,사단법인 한국아이티법연구원,김태호,박민정,서울특별시 용산구 한강대로46길25-0 (한강로2가) 401호
미래 한국군 통합사이버전 수행방안 연구,국방부(운영지원과),2806073.0,94.206,,,,서은주,
군 VoiP 교환시스템 통합운용방안 연구 용역,육군군수사령부,,,,(주)코어시큐리티,김근채,이광민,"대전광역시 유성구 대학로 99(궁동, 충남대학교)"
국방 시뮬레이터 운용실태 및 발전방안에 관한 연구,국방전산정보원,12354507.0,,2017-09-13,,,이상규,
(연구소) 감정재료 구매,국군재정관리단,,,2020-03-03,사단법인 미래안보산업전략연구원,김진욱,임혜영,서울특별시 용산구 한강대로46길25-0 (한강로2가) 401호
UAV 정비용 장비(스펙트럼 분석기) 구매,제2879부대,,72.554,2023-08-22,주식회사 가이온,윤태훈,김학범,"경기도 수원시 영통구 영통로90번길28-15 (망포동, 도고훼미리타운)"
인터넷 패킷저장분석체계 구축사업(리스물건),해군군수사령부,45145747.0,92.054,2023-01-02,(사)21세기군사연구소,박영선,윤진영,"경기도 안양시 만안구 만안로49, 519호(안양동, 호정타워)"
국방표준서 제정(7차) 연구,제5378부대,35320714.0,,2024-01-10,,,,
교육연구자료 원문 DB 구축 용역,국군수도병원,231147419.0,82.397,2018-03-20,,,이경생,"경기도 성남시 수정구 창업로54, 504호 (시흥동)"
(217151-F)21년 연구활동 재료(시약) 구매,육군교육사령부,293429360.0,88.848,2022-04-20,,,박병희,
차륜형장갑차 시설사업 선행연구,국방부(운영지원과),,109.063,,재단법인 한국군사문제연구원,김형철,,"서울특별시 강남구 언주로527, 10층 (역삼동)"
철근콘크리트 방폭문 파괴거동분석 및 실증실험 연구,공군본부,,88.055,2022-12-29,주식회사 엘티에스,김규호,현민,경상남도 거제시 거제대로3370 (아주동)
22-함정 포배열 체계 개선 및 발전방향 연구,제2879부대,142227865.0,85.76,2018-09-01,한국해양대학교산학협력단,이영환,,"서울특별시 금천구 가산디지털1로171, B208호(가산동, 가산 에스케이 브이원 센터)"
00사업 선행연구용역,공군본부,220910197.0,96.225,2020-05-15,주식회사 베테랑콤,박래호,이상규,"서울특별시 송파구 법원로11길25-0, A동 1310호(문정동, 에이치비즈니스파크)"
국방사업관리 자격신설 연구,국방부조사본부,28205248.0,,2017-08-19,상명대학교산학협력단,,명승배,"전라북도 군산시 임피면 호원대3길 64,"
지형분석용 드론 제조,공군교육사령부,7470327.0,86.972,2020-05-03,한국건설기술연구원,송광선,최순아,경기도 의왕시 오봉산단3로25 (삼동) 의왕테크노파크 더리브비즈원 1동1528호
훈련 및 부대운영 빅데이터 활용방안 연구용역,육군본부,111557994.0,,,청주대학교산학협력단,홍양희,김정일,"서울특별시 서대문구 연세로 50, 연세대학교(신촌동)"
24년 국방연구개발사업의 성과조사 · 분석 연구 ,육군항공학교,,78.417,2023-07-05,주식회사 원영전자,홍광표,안차순,"경상북도 경산시 대학로13길26, 2203호(정평동, 경산 한서 고층아파트)"
전인교육 설문지 개발 및 활용성 증대 방안 연구,방위사업청(운영지원과),,,2021-06-05,사단법인 안보경영연구원,전건욱,박설희,"서울특별시 강남구 언주로527, 10층 (역삼동)"
디지털 증거분석 수사체계 도입(218091-A),국군의무사령부,151412077.0,,,주식회사 바른프린테크,김여기,강성수,"서울특별시 서초구 강남대로369, 9,10,13,14층(서초동, 디에타워)"
군 범죄피해자 보호·지원을 위한 정책 연구,해군본부,,89.867,,,,,
지뢰대응법 하위 법령등에 관한 연구,공군본부,345323651.0,86.182,,,,,
21년 공군 항공무장효과분석모델 통합유지보수 용역,방위사업청(운영지원과),132443490.0,,,씨지에스아이티(주),신정희,이현미,서울특별시 마포구 양화로183-0 (동교동) 효성홍익인간오피스텔 11층 1112호
한국형전투기를 위한 무장선정 최적화방안 연구용역,제3130부대,1305326.0,,2020-07-01,,정봉원,문영옥,
지능형 악성코드 수집분석체계 라이선스 구매,육군공병학교,128275930.0,100.721,2019-08-07,네이버시스템 주식회사,황윤주,이동준,"경기도 부천시 석천로397, 102동 611호(삼정동, 부천테크노파크쌍용3차)"
FA-50 성능개량 방안 연구,국방부(운영지원과),13488175.0,,2016-10-05,(사)21세기군사연구소,김한욱,한선여,충청남도 논산시 양촌면 황산벌로1040
도면(2D 및 3D) 통합관리방안 연구용역,육군항공학교,,91.89,2016-08-02,한국과학기술원,고중혁,,"경상남도 창원시 진해구 중원로1-0 (남빈동, 해군사관학교내)"
예비전력 VISION 구현 방향 연구용역,국군재정관리단,201620856.0,69.062,2018-12-02,(주)레이다앤스페이스,김진원,이호준,서울특별시 성북구 삼선교로16길116-0 (삼선동2가)
상비병력 규모 최적 결정을 위한 제도 조합 방안 연구,제9227부대,132197568.0,98.868,2019-09-24,티엠시 주식회사,박홍련,박혜인,"충청남도 논산시 대학로 121, 건양대학교 산학협력단(내동)"
국방혁신 연계 예비군 전력증강 및 운용방안 연구,국군수송사령부,97962855.0,97.974,2020-01-12,,장복철,,
추진장약 분석시험용 재료구매,국방부(운영지원과),69915398.0,105.355,,주식회사 메디시온,김민지,김정희,"경기도 군포시 공단로140번길46, 1층 105호,106호,212호,213호 (당정동,엠테크노당정지식산업센터)"
스펙트럼용 분석기 구매,국군재정관리단,251752364.0,83.204,,주식회사 아레스,정의승,김상겸,서울특별시 강서구 마곡중앙8로3길79-0 (마곡동)
동시방위전략 구현을 위한 미래육군병과체계 발전연구,국방부(운영지원과),454583565.0,,2022-05-29,,김재영,이창환,"서울특별시 금천구 가산디지털2로184, 10층 1017호(가산동, 벽산디지털밸리2차)"
유전자감정장비(자동염기서열분석기)소모품 설치 납품,공군본부,545447335.0,100.939,2019-04-22,그린종합사무기,김종광,김하근,"경기도 안양시 동안구 귀인로1, 4층 (호계동)"
주변국 무기체계 운영개념 및 제원 연구,국군재정관리단,14575189.0,86.627,2018-07-29,사단법인 안보경영연구원,전건욱,,"서울특별시 강남구 언주로527, 10층 (역삼동)"
CN-235 항공기 특성(RCS/IR Signature) 연구,국방부(운영지원과),91737004.0,100.257,2020-12-22,,,오지수,서울특별시 마포구 월드컵북로5길59 (서교동)
19-해양무인체계 탑재/운용 함정 설계개념 연구,해군본부,277381369.0,,,(사)국방시설연구협회,김용섭,전치우,서울특별시 마포구 도화동51-1 성우빌딩 703호
시험평가 의사결정체계 효율화 방안 연구,국군재정관리단,139569462.0,,,유한회사 갈등조정센터,이충환,유현국,"경기도 용인시 수지구 죽전로 152, 단국대학교내(죽전동)"
정보분석조용 보관낭 구매,국군재정관리단,28869575.0,86.044,,주식회사 복은,이운학,김태욱,전라남도 목포시 고하대로719번길 14(연산동)
공군기지 무선통신 기반구축 및 운영향상 방안 연구,방위사업청(운영지원과),4414655.0,87.755,2017-07-01,,,,"서울특별시 강남구 언주로527, 10층 (역삼동)"
22-5차 연구장비 구매 계약 - 원심분리기 소형탁상용,국방부(운영지원과),58807637.0,85.053,2020-05-13,,,박계향,
(22G088-A) VR 지뢰훈련시뮬레이터 선행연구용역,국방부(운영지원과),46989627.0,,2016-12-08,(사)21세기군사연구소,엄현성,양정승,
수직이착륙형 무인항공기 비용분석,제9691부대,,88.472,2022-06-14,주식회사우성메디칼,김용수,이경신,"서울특별시 용산구 이촌로65가길51-0 (이촌동, 한가람아파트) 214-2103"
해양 무인무기체계별 효과도 분석 통한 전력소요 검증,국방시설본부,73685642.0,,2021-07-10,주식회사 사이버앤네트워크연구원,홍영기,김상겸,"서울특별시 종로구 율곡로17길7-38, 수지빌딩 7층(이화동)"
군 간부 자살 특성 및 간부 자살예방시스템 연구,방위사업청(운영지원과),86515332.0,,2019-05-03,대진대학교 산학협력단,조희아,김영삼,"전라북도 군산시 임피면 호원대3길 64,"
효율적 획득업무 수행을 위한 WBS 표준화 연구,국방부(운영지원과),,,2022-06-30,,김진욱,진수빈,"서울특별시 금천구 가마산로96-0, 213호(가산동, 대륭테크노타운8차)"
군사사 연구총서1차/2차세계대전관련연구용역(과제2),방위사업청(운영지원과),,,2016-01-06,(재)주택산업연구원,한영수,최동양,충청남도 논산시 양촌면 황산벌로1040
비전통위협 국방대응체제 발전연구,합동참모본부,71413824.0,92.629,2019-06-21,주식회사 티앤제이커뮤니케이션,이재숙,류상윤,서울특별시 강동구 성내동245-4
24년 국방연구개발사업의 성과조사 · 분석 연구 ,국방대학교,,82.821,,사단법인 대한민국해군발전협회,,박계향,대전광역시 유성구 유성대로1646-0 (전민동)
120mm 전차포신 약실 검사장비 개발 연구용역,국군재정관리단,374354502.0,86.161,,,,황병윤,
35사단 동원훈련장 생활관 시설사업 선행연구 용역,공군본부,35142157.0,85.414,,(재)한국산업개발연구원,전건욱,이수행,"서울특별시 강남구 언주로527, 10층 (역삼동)"
유도로켓(비궁) 성능개량 소요 및 방법 분석 연구용역,제2879부대,18462373.0,90.803,2020-02-16,,,박계향,
23년 혈액가스 및 전해질분석기 구매,공군군수사령부,241131381.0,,2021-03-22,법무법인(유한) 세종,최한철,경상현,충청남도 계룡시 두마면 두계리116 계룡대림이-편한세상 109-902
비전통위협 국방대응체제 발전연구,지상작전사령부,9495312.0,87.514,2022-09-18,사단법인 안보경영연구원,전건욱,,"서울특별시 강남구 언주로527, 10층 (역삼동)"
대함유도탄 방어유도탄 양산사업 비용분석,육군본부,27568233.0,80.088,2023-06-20,주식회사 윈미디텍,전세희,김수영,"경기도 성남시 분당구 판교로 255(삼평동, 판교 이노밸리 이동 403호 601호)"
[24-육-6] M&S 체계구축  활용방안 연구,제9965부대,,87.513,,원유통,전동애,박병희,"경기도 고양시 덕양구 삼원로63-0 (원흥동, 고양아크비즈) 612호"
지형분석용 차량(개조) 제조,국군재정관리단,10728472.0,81.936,,사)국방정보통신협회,홍영기,이승원,서울특별시 성북구 삼선교로16길116-0 (삼선동2가)
16-인성교육프로그램 등 연구 용역 계약,공군본부,,,,한국직업능력연구원,장복철,,충청남도 논산시 양촌면 황산벌로1040
SIEM을 활용한 사이버 침해 경로 도출방안 연구,육군본부,38535263.0,68.586,,,박정기,,
‘22년 항공관제 분석체계 유지보수,육군공병학교,,89.206,,,유훈,,
24년 군 주거시설 개선사업 선행연구(2차)(24-GD-69),제9691부대,70546492.0,,2021-05-10,,,김선미,
생화학분석기(contro serum Level1 등) 구매,국방부(운영지원과),447176373.0,,2023-07-18,서울대학교 산학협력단,노광현,박병희,대전광역시 유성구 노은로170-0 (지족동) 스타시티빌딩 6층
20-MTU엔진 PBL 비용대효과분석 및 성과지표 연구,해군본부,18865462.0,,,(사)한국전략문제연구소,전건욱,,"서울특별시 강남구 언주로527, 10층 (역삼동)"
군시설 공사비 기준단가 산정 연구용역,국군재정관리단,,77.535,,,,,
해병대사령부 통.폐합과 재창설에 관한 연구용역,국군재정관리단,95206865.0,90.443,,사단법인 안보경영연구원,전건욱,,"서울특별시 용산구 청파로 40, 삼구빌딩 1815호(한강로3가)"
서북도서용 무인항공기 선행연구,방위사업청(운영지원과),,93.865,,(주)에프오알엠도시건축공간연구소,,,
16년 정보분석지원체계 유지보수 용역,국방대학교,282360963.0,94.154,2019-06-22,(주)제트코,주인웅,이화주,"경기도 용인시 기흥구 기흥로58-1 (구갈동) 기흥ICT밸리 SK V1, A동 2406호"
군단정찰용 무인항공기-Ⅱ 시설사업 선행연구,제9691부대,,77.871,2019-05-28,,,황병윤,
미래 육군비행장 발전계획 검증 연구 용역,합동참모본부,,73.01,2019-03-24,,정의붕,이유진,"서울특별시 송파구 법원로11길25-0, A동 1310호(문정동, 에이치비즈니스파크)"
고성능탄두 기술적용 전투수행개념 연구 용역,국군제1068부대,59649694.0,,2021-02-27,,,이창환,"서울특별시 용산구 한강대로62길41, 3층 (한강로1가)"
기술인력육성 보조사업자 운영성과평가 및 연구,육군교육사령부,302637510.0,,,사단법인 미래안보산업전략연구원,박영욱,박지은,서울특별시 강남구 논현로189길6 (압구정동)
진로도움 프로그램 성과분석 및 개선방안 연구,국방부(운영지원과),,,2020-11-08,,,,
월책 차단을 위한 혁신적 GOP 경계 플랫폼 연구,육군본부,55730219.0,,2017-10-23,,,김영중,
다원적 민주주의 사회의 장병 정훈교육 방향 연구,방위사업청(운영지원과),,,2016-02-24,재단법인 한국군사문제연구원,전건욱,,"서울특별시 강남구 언주로527, 10층 (역삼동)"
군인ㆍ군무원 수당이력조사 및 유사직종사례 비교연구,방위사업청,,101.342,2019-12-04,,,,"서울특별시 용산구 청파로 40, 삼구빌딩 1815호(한강로3가)"
신재생에너지 적용관련 군 에너지 정책방향 연구용역,국군의무사령부,,,2020-03-29,건양대학교 산학협력단,이인형,,세종특별자치시  국책연구원로15-0 (반곡동)
00부대 신축 사전 타당성검토 연구용역,국방부(운영지원과),18441988.0,92.874,2016-08-15,사단법인 안보경영연구원,박정기,,"서울특별시 강남구 언주로527, 10층 (역삼동)"
(226220-F)발광분광 분석기 구매,육군교육사령부,,80.513,,고신대학교 산학협력단,한영수,배영실,서울특별시 강남구 남부순환로 2806()
(236199-F) 고분해능 질량분석기 구매,방위사업청(운영지원과),,85.78,2024-09-22,,황일선,,
자동염기서열분석기 정비,공군군수사령부,219818201.0,78.471,2021-10-13,(주)레오이노비젼,김태동,임경태,"서울특별시 서초구 서초중앙로20길 24, 서종빌딩 4층(서초동)"
분석기(비행조종계통 점검용)외1종 구매(16-38),육군공병학교,36112764.0,89.485,2022-07-18,(사)21세기군사연구소,박태준,이재광,"서울특별시 용산구 한강대로62길41, 3층 (한강로1가)"
(20F084-I)소음영향도작성을위한소음측정및분석용역,국군재정관리단,,101.711,,주식회사 청호,신정희,고은미,"서울특별시 동대문구 고미술로 100, 송화빌딩 303호(답십리동)"
추진장약 분석시험용 재료구매,해군본부,24593296.0,86.743,2023-11-09,주식회사 엘씨케이테크놀로지스,최규식,박수진,"인천광역시 서구 백범로630번길22, 308-1호, 216호 (가좌동)"
24년 국방민원서비스 만족도 조사 연구,국군재정관리단,199173138.0,78.481,2021-03-06,숙명여자대학교산학협력단,김진욱,고윤안,"경기도 용인시 기흥구 덕영대로1732-0 (서천동, 경희대학교 국제캠퍼스내)"
활주로 피해복구용 골재 품질기준 및 관리방안 연구,육군본부,,102.61,,(주)에프오알엠도시건축공간연구소,이정화,,"서울특별시 마포구 마포대로 12, 한신오피스텔(마포동)"
군 시설물 안전관리분야 매뉴얼 개정 연구용역,공군본부,202755443.0,,2018-04-21,(주)디앤오종합건축사사무소,이승모,김정일,"서울특별시 금천구 가산디지털2로184, 10층 1017호(가산동, 벽산디지털밸리2차)"
자주도하장비 조종시뮬레이터 비용분석,육군정보통신학교,,97.125,2024-10-09,,,,
복합신호분석기 구매(20198178-F),제9691부대,36603868.0,,,한국건설기술연구원,김창환,강현순,"서울특별시 강남구 테헤란로78길16, 6층 (대치동, 노벨빌딩)"
안보학술진흥연구용역(4. 한국의군사전략및),해군교육사령부,,,2017-08-02,(주)엔코라인,최규식,남궁진,충청남도 논산시 연무읍 연무로 320()
다계층통합네트워크 구축을 위한 연구용역,육군본부,126535717.0,,2018-01-06,,,,
국방데이터 품질점검 실증 및 운영방안 연구 사업,육군교육사령부,75447712.0,86.609,2016-06-06,재단법인 한국기계전기전자시험연구원,홍문기,전희수,서울특별시 강서구 양천로401 (가양동) 강서한강자이타워 B동1503~1506호
궤도장비 난방기 야전 시험장비 개발 연구용역,제2879부대,53279973.0,,2023-05-23,,이문걸,김한욱,
24년 군 주거시설 개선사업 선행연구(24-GD-51),국군재정관리단,194444826.0,84.348,2020-05-01,주식회사 다윤테크,박호균,문영옥,"서울특별시 송파구 법원로128, B동 1102호(문정동, 문정SK V1 GL메트로시티)"
23년 성능개량 전파분석체계 도입사업,국방부,,102.579,,,,,
(207118-D)00분석체계 구축자재 구매,국방부(운영지원과),,77.673,2023-11-18,,,박계향,"서울특별시 용산구 청파로 40, 삼구빌딩 1815호(한강로3가)"
병영도서관 중장기 발전방안 연구,국방부(운영지원과),302822112.0,,2020-11-14,,,김지혜,
동원위주 부대 기계화 장비 개편시 효율성 분석 연구,국방대학교,85863696.0,78.93,2019-09-30,,,,
21-공-주파수편이용분석기 구매,제2879부대,218162777.0,81.596,,(주)상보기업,조정선,최재우,"서울특별시 금천구 가산디지털1로5, 대륭테크노타운 20차 1934호"
전파영향평가 방법 비교분석 및 실증 연구,공군본부,198284012.0,,2021-10-02,소망상사,지용현,조현선,서울특별시 강서구 마곡중앙5로1길20 (마곡동) 520호
군 주거지원 법령의 문제점 및 개선방안 연구,제9691부대,7994241.0,76.175,2021-07-11,한성대학교 산학협력단,오문진,박계향,"서울특별시 서초구 신반포로303, 101호 (잠원동, 에스엘빌딩)"
해병대리더십교육성과측정체계개발연구용역,국군재정관리단,182864936.0,,,사단법인 안보경영연구원,,,
풍력발전기에 의한 방공레이다 등의 작전영향 연구,제9691부대,98937035.0,,2022-04-21,,,김근우,
국방데이터 품질점검 실증 및 운영방안 연구 사업,4284부대,,,2021-10-29,,,,
공군 지능형 스마트비행단 성과분석 및 발전방안 연구,방위사업청,3253734.0,83.836,2021-05-07,유한회사 갈등조정센터,박종재,최규식,"서울특별시 송파구 송파대로167 , 비동 1303호 (문정동, 문정역테라타워)"
(216313-B) 21년 분석실험실 운용장비 구매(리스물건),국방부군사편찬연구소,237193154.0,92.983,2024-01-28,유한회사 창해,이기석,최규식,"대구광역시 북구 영송로15, 5층 5503호(태전동, 대구보건대학교 성실관)"
분광광도계 수질분석형 1EA,방위사업청(운영지원과),42382659.0,,,주식회사 지노스,김진욱,고미희,"경기도 안양시 만안구 만안로49, 519호(안양동, 호정타워)"
22년 의무장비(혈액가스분석기 소형) 구매,제2879부대,309190204.0,,2024-04-01,,박영선,,"서울특별시 용산구 한강대로62길41, 3층 (한강로1가)"
군사사연구총서베트남전쟁관련주제연구용역(과제3),국군재정관리단,167836532.0,,2016-01-06,,,,
국방 안전사고조사 표준화 시스템 구축방안 연구,국군재정관리단,,84.401,,사단법인 한국국가전략연구원,홍영기,김지영,
디지털증거분석 수사체계 교체(218014-A),국군재정관리단,90957341.0,101.656,2023-05-17,대길상사,가회광,전희수,서울특별시 영등포구 여의대방로61길2-0 (신길동)천록빌딩105호
22년도 군 급식 및 피복 만족도 조사 연구용역,육군교육사령부,41974226.0,91.88,2019-09-23,,,김현숙,
00부대 신축 사전 타당성검토 연구용역,육군교육사령부,84114237.0,92.605,,호원대학교 산학협력단,권오성,이재광,"서울특별시 금천구 가마산로96-0, 213호(가산동, 대륭테크노타운8차)"
병력책정 기준연구(비행대대 조직구조 개선방안),육군본부,72924084.0,,2022-06-03,,,,
국제 해양영역인식 협력 방안 연구,육군공병학교,59750956.0,,,,,이수행,
국방 모바일 환경 구축을 위한 기반 연구,방위사업청(운영지원과),14542794.0,99.569,2021-08-13,국민대학교산학협력단,김동준,조노희,"충청남도 논산시 대학로 121, 건양대학교 산학협력단(내동)"
인공근육 기반 전투원용 슈트 개발 발전방향 연구,국군재정관리단,,,2016-02-20,경희대학교산학협력단,김윤혁,김채미,"서울특별시 성북구 정릉로161 6층(정릉동, 정의관)"
23-1차 연구의무물자(BL3 중앙실험대 등 5종) 구매,공군군수사령부,90803840.0,,2022-02-05,주식회사 휴먼씨엔씨,김한욱,박계향,전라북도 전주시 완산구 장승배기로263 (평화동1가)
상층대기분석장비 유지보수,국방부(운영지원과),174630867.0,,,제이에스전자,정주교,,"서울특별시 서초구 서운로 226, 서초오피스텔 404호(서초동)"
군 리더십코칭 프로그램 개발 연구용역,국방부(운영지원과),171777865.0,90.671,2018-12-16,,전건욱,,"서울특별시 용산구 청파로 40, 삼구빌딩 1815호(한강로3가)"
22년 기술연구용역 계약(1),국군재정관리단,227161367.0,86.376,2021-03-29,,,,
육군 부사관학교 시설종합발전계획 연구용역,해군본부,487614037.0,91.733,,주식회사 공공정책성과평가연구원,김재영,장미선,"서울특별시 노원구 광운로 20(월계동, 광운대학교)"
23 군의료 특성화 연구(접경지역 외상환자 예후 분석),해군본부,140159791.0,,,(주)프라이전트,이성로,나상억,"충청북도 청주시 흥덕구 봉명로31 티원타워 지식산업센터 119호, 416,417호"
해병대 고유 무기체계별 맞춤식 정비개념 연구,공군본부,8042806.0,103.635,,,,박계향,
국방 인공지능(AI) 활용 실증기획 연구,4284부대,,,2017-05-23,씨지에스아이티(주),하영임,박계향,"서울특별시 영등포구 국회대로70길12, 802호 (여의도동,대산빌딩)"
21-공-신호발생분석기 구매,공군본부,,116.647,2022-10-31,,,고미희,
유류시험장비(황분분석시험기 등 4종) 구매,국군의무사령부,105302291.0,,2021-06-16,유한회사 행정과 소통연구소,김민지,박정서,"서울특별시 금천구 가산디지털1로1-0 (가산동, 더루벤스밸리) 1208호"
사이버 자산정보 수집 분석체계 라이선스 구매,육군교육사령부,5902860.0,102.217,,엔에이치네트웍스 주식회사,정양수,고은미,"대전광역시 유성구 엑스포로1, 1902호(도룡동, 엑스포타워)"
23-중.장기 공군 군수정책 발전방향 연구 용역,제2879부대,,75.152,2023-06-23,,,김연경,"서울특별시 강남구 언주로527, 10층 (역삼동)"
해군분석모델 서버 교체사업,국방부조사본부,27216335.0,,2021-06-30,,,김승준,
공군 이러닝 무선기반체계 고도화 방안 연구 용역,공군본부,141342649.0,,,(주)다큐멘테크,박재완,한대일,경기도 군포시 번영로497(산본동 금화프라자) 502호
퍼징기반의 국방 무기체계 SW 안전성 향상방안 연구,국방부(운영지원과),370185224.0,87.029,2023-05-15,,,,
해병대 과학화 전투사격장 구축 연구용역,제9691부대,16638073.0,80.503,2022-05-25,,,구종우,"서울특별시 송파구 법원로11길25-0, A동 1310호(문정동, 에이치비즈니스파크)"
무기거래조약에 따른 수출입통제 개선방안 연구,국방부(운영지원과),44954205.0,106.307,2021-08-12,,,,
19년 지형분석장비 교체사업 리스,육군군수사령부,,90.963,,(주)한국기술연구소,조완제,양진,"서울특별시 성동구 왕십리로363, 501호 (하왕십리동, 성동빌딩)"
(207180-H)스펙트럼측정/분석장비 노후교체,국군재정관리단,147926334.0,,2023-11-05,사)국방정보통신협회,권혁웅,황성환,서울특별시 용산구 한강대로100(한강로2가)
(237097-E) 연구활동재료(시약) 구매,4284부대,193766322.0,91.939,2023-12-17,,,,
국방아키텍처 메타모델 표준화 구축 및 활용방안 연구,국군의무사령부,,105.674,2017-08-17,사단법인 안보경영연구원,전건욱,,서울특별시 서초구 남부순환로319길 13(서초동)
2023 임상의학연구센터 통계프로그램 구매,방위사업청(운영지원과),,87.629,2020-07-01,숙명여자대학교산학협력단,강우철,박소연,대전광역시 유성구 유성대로1312번길20-62 (장동) 3층
22-해-금속성분분석기 구매,국군재정관리단,44724153.0,83.34,2018-04-06,(주)싸이버텍,최은수,남혜정,"서울특별시 서초구 방배천로155, 유청빌딩 3층(방배동 821-8)"
4차 산업혁명 기술적용 연구용역,육군본부,135448101.0,90.677,2019-06-08,,박정기,정봉원,
악성코드 분석체계 확대 구축 사업(20197146-C),국군의무사령부,198940827.0,,,에스제이상사,김여기,김한욱,"대구광역시 달서구 도원로46, 610동 304호  (도원동, 별메마을)"
전투실험 발전 세미나 과제 연구용역(2),국군재정관리단,,87.051,2017-06-06,(주)에프오알엠도시건축공간연구소,김상인,,"서울특별시 용산구 한강대로62길41, 3층 (한강로1가)"
모바일기기 증거분석체계 구매(교체),육군본부,62096581.0,96.496,2022-07-02,라온시스템즈(주),강남기,김성연,"대전광역시 서구 대덕대로319, 2층 212호(월평동, 우림빌딩)"
개발사업 군사작전 영향검토 및 법제화 방안 연구,육군본부,3757278.0,91.807,2021-04-01,주식회사 피앤씨솔루션,김재욱,박지은,"전북특별자치도 군산시 임피면 호원대3길 64,"
교육장비(수질분석세트) 구매설치,방위사업청,75497370.0,,,대지이앤씨산업 주식회사,최기혁,심지민,"부산광역시 해운대구 센텀6로21,  인텔리움센텀 807호,808호(우동)"
군 경계작전에 적합한 LED등기구 기준 정립 연구용역,육군본부,,99.879,2019-03-18,주식회사 미주씨앤디,이재평,윤병찬,"서울특별시 성북구 화랑로76, 제3층 307호(하월곡동,코업스타클래스)"
시뮬레이터 소프트웨어 보안성 시험 방안 연구,육군교육사령부,24108981.0,95.573,,,,박진주,"서울특별시 송파구 법원로11길25-0, A동 1310호(문정동, 에이치비즈니스파크)"
’19년 디지털 포렌식 분석장비 교체(20197105-A),육군종합군수학교,,,2022-03-30,(주)미디어큐브,안상희,유관우,경상남도 김해시 수가로242-9(응달동)
(22G079-I)국방IoT제품보안가이드라인수립연구용역,국방부(운영지원과),60520637.0,80.83,,쿤텍 주식회사,윤철지,김한욱,"서울특별시 금천구 가산디지털1로1-0 (가산동, 더루벤스밸리) 1208호"
교육장비(수질분석세트) 구매설치,국군재정관리단,190991469.0,74.451,,주식회사 모렌스,김한희,이신영,"경기도 군포시 공단로140번길46, 1층 105호,106호,212호,213호 (당정동,엠테크노당정지식산업센터)"
해병대 인력획득체계 분석 발전 방향 연구 용역,국군재정관리단,,93.045,,(사)21세기군사연구소,정의승,,충청남도 논산시 양촌면 황산벌로1040
23년 조사분석용 SW 라이선스 구매,해군본부,181497470.0,97.471,2021-08-05,주식회사 에스유지,최명진,박병희,경상남도 진주시 동진로420 (충무공동)
신재생에너지 적용관련 군 에너지 정책방향 연구용역,국군재정관리단,11524019.0,77.083,,주식회사 공공정책성과평가연구원,이규철,전병욱,"서울특별시 강서구 양천로583 우림블루나인비즈니스센터 비동 1608호, 1609호"
22년 병리장비운영소모품(6) 요분석검사 27품목 구매,공군본부,,97.069,,,,,"인천광역시 중구 인중로 178, 제이엘타워 1001호(사동)"
17년 분광분석 폭발물탐지 연구용역,국방부(운영지원과),,95.452,2021-02-06,(사)21세기군사연구소,,이수행,
월간지(안보현안분석  린사포럼) 인쇄 용역,해군본부,37570360.0,,2021-11-19,(주)디앤오종합건축사사무소,김용섭,김지혜,"전라북도 군산시 임피면 호원대3길 64,"
관사 및 간부숙소 신축 선행연구 용역(23-216),합동참모본부,553137.0,79.438,,국방대학교산학협력단,김진욱,김진우,
안정화지역 기반시설 복구방안 연구,국방부(운영지원과),34049761.0,83.057,2018-06-06,엘아이지넥스원주식회사,이영진,정현승,서울특별시 중구 남대문로113-0 (다동) 14층
해병대 정체성 향상 프로그램 교육체계 설계 연구,국군제1068부대,438933716.0,80.602,2022-11-27,,,,
수도병원 임상의학연구센터 통계프로그램 구매계약,국방부(운영지원과),63197926.0,104.68,2022-11-14,주식회사 아레스,오중산,이승기,"서울특별시 종로구 우정국로26(공평동, 센트로폴리스빌딩)"
(207110-C) '20년 연구활동 재료(시약  초자) 구매,국군의무사령부,53628605.0,89.649,2020-03-01,(사)한국전략문제연구소,박정기,,
2024년 군사연구총서 용역,국군의무사령부,111669362.0,,,경희대학교산학협력단,권혁웅,,"경상남도 창원시 마산합포구 경남대학로7-0 (월영동, 경남대학교)"
00부대 연구소 수배분전반 등 제조설치 납품,국방부(운영지원과),2056988.0,87.054,2017-03-08,사단법인 대한민국공군발전협회,김병석,김정숙,"경기도 수원시 영통구 신원로306, 1동 8층(원천동, 이노플렉스)"
23년 비용분석모델(True Planning) SW유지보수 용역,국군재정관리단,642549311.0,92.597,,주식회사 이수케이,김국동,,"경기도 양주시 광적면 부흥로847, 431호(경기벤처타운)"
K2전차 3차 양산 사업분석,육군본부,,79.256,,윤서상사,최인숙,백수정,"경기도 양주시 광적면 부흥로847, 431호(경기벤처타운)"
21-함정 거주구역 개선방안 연구,국군재정관리단,7661734.0,,2019-08-15,주식회사케바드론,하영임,정지용,경기도 안양시 동안구 흥안대로445(평촌동) 제6층 615호 안양평촌동지식산업센터
(20G071-H)21년 스펙트럼 측정/분석장비 유지보수용역,공군군수사령부,,,2020-12-23,(주)시큐에이스,최영복,김지영,"충청북도 청주시 서원구 사직대로164번길9, 401(사창동)"
22-공-소음측정 및 분석시스템 구매(229124-F),국군의무사령부,326337960.0,90.159,2023-08-04,광주과학기술원,홍양희,고윤안,부산광역시 영도구 와치로194-0 (동삼동)
[24-육-173] 영상분석 SW 라이선스 구매(리스물건),국군수도병원,50415443.0,83.378,,MK메디칼,김석용,한대일,충청북도 청주시 흥덕구 오송읍 오송생명2로110-6 셀젠텍
ATCIS 개방형 OS 전환 비용대비 효과분석 연구용역,육군교육사령부,,,2019-10-29,,이문걸,이대영,
정기공수 운영분석 및 최적 노선 선정 알고리즘 개발,제9691부대,140254696.0,,2022-05-22,(주)오성인피니티,최용석,김문선,"충청북도 청주시 청원구 오창읍 중부로760,115동 3701호(오창 롯데캐슬 더 하이스트)"
휴대용 산소분석기 등 6종 구매,육군교육사령부,,,2019-01-19,태성네트웍스 주식회사,윤현식,최규식,경기도 포천시 군내면 유교로163
[24-육-91] 무건리 훈련장 갈등 비용분석 연구,합동상호운용성기술센터,,88.831,,,,,
유도로켓(비궁) 성능개량 소요 및 방법 분석 연구용역,국방부(운영지원과),,92.973,2019-09-15,(사)21세기군사연구소,이재평,김소미,"서울특별시 강남구 언주로319, 5층,6층(역삼동,조우회관)"
국방 연구개발 법제 개선 연구,공군본부,237123048.0,,2020-10-12,(주)다올씨앤씨,송관섭,심지민,부산광역시 동구 중앙대로286번길9-0 (초량동) 306호
위성전군방공경보체계 경미한 성능개량 사업분석,제2879부대,72382806.0,76.655,,대양전기공업(주),이재평,이희석,울산광역시 동구 방어진순환도로1000-0(전하동)
(216178-D)휴대용화학탐지장비(화학물질분석기) 구매,국군의무사령부,,102.813,,제이엠비 컴퍼니,김종광,전수현,경상남도 창원시 의창구 원이대로271 (봉곡동) 3층 314-C호
21-섬석천 기능개선 분석평가 및 기본계획 연구용역,해군본부,90156332.0,,2023-05-06,라온시스템즈(주),이성로,심지민,"대전광역시 서구 대덕대로319, 2층 212호(월평동, 우림빌딩)"
복합형 회전익기 통합 설계/해석 M&S 연구용역,제9691부대,,98.583,2019-06-03,에스엔케이와이즈주식회사,노영일,김현정,"서울특별시 송파구 송파대로201-0 (문정동) 송파테라타워2 A동 1213,1214,1215,1216,1217,1218호"
18-공군 비행교수법 교육 프로그램 개선 및 개발 연구,국방대학교,5388033.0,88.487,2022-10-09,,박정기,,
휴대용 산소분석기 1종 구매,육군본부,93221610.0,86.402,2022-01-03,에이치디현대중공업 주식회사,김세종,박상욱,인천광역시 미추홀구 인하로100-0 (용현동) 인하대학교
17-방공관제사-4 보급수송 신호 분석기,국군재정관리단,163746816.0,,2020-05-29,주식회사 이수케이,최원창,주진형,전라북도 무주군 무주읍 향학로27-1
군 암호체계 분석보호시스템 분석장비 구매,국군재정관리단,,87.016,2024-02-08,(주)에프오알엠도시건축공간연구소,변중무,윤진영,
[24-육-84] 탄약부대 경계병력 민간전환 선결 연구,국방부(운영지원과),9502391.0,99.021,2023-06-18,도원정보시스템 주식회사,노영일,장중원,"서울특별시 구로구 디지털로 306, 대륭포스트타워2차 1101호(구로동)"
23년 군 주거시설 개선사업 선행연구 용역,육군군수사령부,165306483.0,94.915,,한남대학교 산학협력단,,장재필,
국방감항인증원(가칭) 설립 및 운영에 관한 연구,육군본부,135525906.0,81.373,2019-05-08,(사)21세기군사연구소,이문걸,김지훈,서울특별시 광진구 군자동98 집현관 216
국방사업관리사 자격제도 관리 및 활용강화 연구,육군공병학교,88389312.0,,2021-04-10,,,,
[24-육-91] 무건리 훈련장 갈등 비용분석 연구,육군본부,185701753.0,88.349,2022-01-22,주식회사투씨엘시스템,곽민수,김미희,"서울특별시 강북구 삼양로173가길55-0 (우이동, 메이트하우스)1동402호"
지형분석도 제작 재료 구매,공군본부,,88.26,2022-04-05,서울대학교 산학협력단,김재영,,"경기도 고양시 덕양구 항공대학로76-0 (화전동, 한국항공대학교내)"
F404 엔진 경향성분석 및 상태진단 프로그램개발 용역,방위사업청(운영지원과),92958918.0,,2023-09-28,,,,
19-헬기형 UAV 운용을 위한 함정설계 개념 연구,국방부(운영지원과),86368055.0,66.761,2017-09-11,제이에스전자,민성호,김영진,"서울특별시 마포구 서강로136-0 (노고산동, 아이비타워) 5층"
방탄 방호성능 기초연구용역,방위사업청(운영지원과),699463209.0,75.402,,사단법인 안보경영연구원,,,
생화학분석기(contro serum Level1 등) 구매,국군재정관리단,45590537.0,86.283,,,,김채미,
[24-육-16] A군단 부대변천사 연구용역,국군수도병원,27687708.0,83.69,2021-02-10,(주)한신솔루션,박 동순,박혜인,"서울특별시 광진구 능동로120, 건국대학교내(화양동)"
미래 육군비행장 발전계획 검증 연구 용역,국군재정관리단,252233697.0,104.657,2023-01-16,,,,
신기술 기반 공군 교육통합플랫폼 구축방안 연구,국군재정관리단,141434770.0,,2017-08-23,,,,
20년 해병대 조직문화 수준진단 표준설계 연구용역,국군재정관리단,61698728.0,105.339,2018-05-18,건양대학교 산학협력단,정봉원,,"서울특별시 성동구 왕십리로 222, 한양대학교 내 한양종합기술연구원 110호(행당동)"
연구소 회의실 AV시스템 제조설치 납품,육군본부,53279838.0,89.519,2021-08-25,,,,
활주로지역 배수로 개선 분석평가 및 선행연구 용역,공군방공관제사령부,,84.551,2016-09-06,(주)에프오알엠도시건축공간연구소,,,
17년 분광분석 폭발물탐지 연구용역,육군교육사령부,53381686.0,,2017-08-09,,노광현,,"서울특별시 금천구 가산디지털2로184, 10층 1017호(가산동, 벽산디지털밸리2차)"
18-함정 인수지연 사례분석 및 제도개선 방안,제2062부대,211497341.0,,2022-02-16,,,박계향,"서울특별시 강남구 언주로527, 10층 (역삼동)"
(226220-F)발광분광 분석기 구매,국군대전병원,,83.096,,주식회사 성보,유관우,오선아,전라북도 정읍시 북면공단2길87
국방과학기술 전문인력 소요분석 연구,국군재정관리단,135865136.0,98.453,2021-07-31,주식회사 아이에스오토,김준식,이동근,"서울특별시 강서구 양천로401 (가양동), B동 801호"
북한의 기뢰전 전술 분석 및 대응책 연구,육군본부,10989543.0,91.944,2017-02-28,,,,
군인 주거보조비 도입방안 연구,국방대학교,50182654.0,86.724,,경희대학교산학협력단,신철호,,"서울특별시 강남구 영동대로511, 16층(무역센터 트레이드 타워)"
(20F083-I)소음영향도작성을위한소음측정및분석용역,방위사업청(운영지원과),90540857.0,87.878,2019-04-17,사단법인 안보경영연구원,전건욱,,
대형수송함 1번함 성능개량 사업분석,국방부(운영지원과),,78.971,2023-12-29,에듀크레아,최용석,안기수,서울특별시 구로구 디지털로26길5-0 (구로동) 1404호
차기 C4I체계 성능개량 및 유지보수방안 연구,공군본부,,,,세종대학교산학협력단,,,충청남도 계룡시 두마면 두계리116 계룡대림이-편한세상 109-902
유류시험장비(황분분석시험기 등 4종) 구매,합동참모본부,,80.916,2021-04-10,(주)디앤오종합건축사사무소,차진섭,백도현,경상남도 진주시 동진로420 (충무공동)
군 주거지원 법령의 문제점 및 개선방안 연구,국군재정관리단,74990174.0,75.618,2020-01-07,,,류상윤,
청년장병의 군 복무간 지원 및 보상(취업분야) 연구,해군본부,181920151.0,,2018-09-02,국방대학교산학협력단,김규형,이연수,
비전투부대 참모부서 소요병력 산정기준 연구용역,방위사업청(운영지원과),,,,,전건욱,,
(227164-C)연구활동 재료(시약) 구매,국방부(운영지원과),40158221.0,73.453,2023-10-29,,,조명희,
잠수함 업체주도 연구개발 장비의 시험평가 방안,국군재정관리단,,80.299,2020-02-05,,,,
20년 해병대 조직문화 수준진단 표준설계 연구용역,국방부(운영지원과),166817330.0,80.17,2016-11-10,,김지현,김현숙,"서울특별시 금천구 가산디지털2로184, 1017호(가산동, 벽산.경인디지털밸리2)"
19-2-00사 터널형 탄약고 신축 타당성 검토 연구 용역,국방부(운영지원과),272044415.0,104.494,2018-08-01,MK메디칼,박광섭,김우중,서울특별시 구로구 디지털로34길55-0 (구로동)
탄약 물류혁신을 위한 확보  재산관리 개선방안 연구,국방부(운영지원과),6055371.0,85.01,2016-11-14,주식회사 일신이앤씨,금동중,이교석,"서울특별시 서대문구 충정로53-0 (충정로2가, 유원골든타워오피스텔) 1701호"
50년 함건조 사례분석 및 발전방안 정립 연구 용역,제9965부대,6825492.0,,2019-02-19,,,,
함정추진축계이상소음발생위치추정및원인분석기법연구,공군본부,,92.52,,,,,
흔적 00분석 시스템 구축,국군재정관리단,,84.398,,,,경상현,
20-MTU엔진 PBL 비용대효과분석 및 성과지표 연구,육군본부,,89.583,2018-03-30,제이에스씨 코퍼레이션,이윤문,정연환,경상북도 경주시 동대로 123(석장동)
(236043-G) 23년 모바일·IoT 조사분석체계 도입사업,국군재정관리단,121728884.0,88.968,,사단법인 고등국방정책연구소,조만희,박소연,서울특별시 강서구 양천로401 (가양동) 강서한강자이타워 B동1503~1506호
탄도수정신관 사업분석,육군본부,545751919.0,97.353,2023-02-25,(주)아인스에스엔씨,김용수,,"서울특별시 송파구 석촌호수로138, 202호 (삼전동)"
대형 국외구매사업의 합리적 기종결정방안 연구,합동참모본부,,84.956,2018-06-11,한국직업능력연구원,정영욱,최규식,"대전광역시 유성구 대학로 99(궁동, 충남대학교)"
[상층대기 분석장비]회로카드 조립체 등 4종 구매,합동참모본부,,,,알앤알컨설팅 주식회사,장명훈,김혜정,"부산광역시 해운대구 양운로42번길18, 8층 803호(좌동, 에이원웨이)"
21년 의무장비(혈액가스분석기 중형) 구매,해군본부,3036796.0,86.713,,주식회사  인섹시큐리티,유완종,김영원,경기도 김포시 대곶면 송마로52번길61-66
23년 전투실험발전 연구용역(2),국방대학교,333244921.0,,2017-03-20,한국해양대학교산학협력단,전영섭,,대전광역시 서구 배재로 155-40배재대학교산학협력단
수중전술기기통제사 자격 신설 연구,합동상호운용성기술센터,385649777.0,,,,,,
22년 수사데이터 연관 분석시스템 구매,국군의무사령부,,92.171,,노무법인한수,홍광표,정운찬,"대전광역시 유성구 대학로 27, 현대리조텔 2층(봉명동)"
국방산업혁신펀드(가칭) 시행방안 연구,합동상호운용성기술센터,70880420.0,94.066,2022-12-07,사단법인 안보경영연구원,전건욱,,"서울특별시 강남구 언주로527, 10층 (역삼동)"
해병항공해상운용을위한동원선박운용개념연구용역,해군본부,220551593.0,,2016-04-11,,,,
국방대 이전 효과 연구 용역,국군재정관리단,,93.226,,,권시형,,"서울특별시 금천구 가산디지털2로184, 10층 1017호(가산동, 벽산디지털밸리2차)"
군인ㆍ군무원 수당이력조사 및 유사직종사례 비교연구,육군본부,238118053.0,,2018-06-10,트루인터페이스(주),김운용,전현숙,"인천광역시 남동구 문화서로65번길9, 1301호(구월동, 웰메이드)"
2024년 임상의학연구센터 통계프로그램 구매,육군본부,75766367.0,,,(재)주택산업연구원,,,"서울특별시 서초구 방배천로155, 유청빌딩 3층(방배동 821-8)"
2017년 제3회 국방 분석평가관계관 워크숍 위탁운영,국군재정관리단,85603101.0,86.898,2022-09-20,,,,
(20G071-H)21년 스펙트럼 측정/분석장비 유지보수용역,육군본부,363974071.0,92.432,,,,,
2020년 군 조직의 양성평등 지표 조사 및 분석 연구,국군재정관리단,90377517.0,,2021-06-08,,,김미진,
전투근무지원정최적화및친환경선박기술연구,국방부(운영지원과),311607099.0,,2017-09-25,주식회사 사이버앤네트워크연구원,최치원,,경상남도 창원시 성산구 창원대로797 (상남동)
K1A2 전장관리신호처리기 시험장비개발 연구용역,공군본부,,85.99,2023-11-09,,,박계향,
영상정보에 대한 학습데이터 확보방안 연구,국군의무사령부,352516489.0,,2023-05-01,,,,서울특별시 영등포구 영등포로35길10-0 (영등포동6가) 8층 809호
포별분배기 회로카드(6종) 시험장비개발 연구용역,국방부군사편찬연구소,26853731.0,79.751,,,,,
정보보안장비(사이버보안 위협분석시스템),국군재정관리단,176471541.0,83.877,,(주)동양기술,김승준,윤영선,대전광역시 유성구 국제과학11로18-0 (둔곡동)
21-공-신호발생분석기 구매,방위사업청(운영지원과),,84.857,,,김진욱,황미영,
해안 경계력 보강 사업 선행 연구,국방부(운영지원과),52982677.0,,,한성대학교 산학협력단,고중혁,박재성,"충청남도 논산시 대학로 121, 건양대학교 산학협력단(내동)"
국방혁신 4.0과 연계한 미래 예비군훈련체계 연구,국방부(운영지원과),24802209.0,77.921,,(사)한국전략문제연구소,전건욱,,"서울특별시 강남구 언주로527, 10층 (역삼동)"
군 작업환경 및 작업자 보건관리 훈령 발전연구,국군의무사령부,47313387.0,72.206,,,,박계향,"서울특별시 금천구 가산디지털2로184, 10층 1017호(가산동, 벽산디지털밸리2차)"
LVC체계와 훈련모델 방안 연구용역,육군교육사령부,27630177.0,75.151,,사단법인 안보경영연구원,전건욱,,"서울특별시 강남구 언주로527, 10층 (역삼동)"
체계적인 해군 C4I 체계 유지보수 관리방안 연구,육군교육사령부,201011772.0,90.826,2018-11-12,사단법인 안보경영연구원,전건욱,,"서울특별시 강남구 언주로527, 10층 (역삼동)"
24년 군 양성평등지표 조사 및 분석 연구,국군재정관리단,85065046.0,93.23,,,,구종우,
군수품 수송용 드론 선행연구 용역,공군본부,,76.961,2021-08-14,주식회사 발렌베리,권택연,이우희,충청남도 논산시 연무읍 연무로 320()
천궁 창정비 시설사업기본계획 연구용역,국방부(운영지원과),152757525.0,94.531,,주식회사 디오르마,권준홍,이성태,"충청북도 청주시 청원구 오창읍 중부로760,115동 3701호(오창 롯데캐슬 더 하이스트)"
자동염기서열분석기 정비 및 검교정,국군수송사령부,318645353.0,94.26,2020-08-30,사단법인 한국국가전략연구원,김진욱,박계향,"인천광역시 중구 인중로 178, 제이엘타워 1001호(사동)"
국방정보체계프로젝트관리시스템 발전방안 연구,육군교육사령부,462177145.0,118.924,2022-09-28,주식회사 엘티에스,류재산,권시형,"부산광역시 해운대구 센텀북대로60, 915호"
공군합성전장(LVC)훈련체계구축개념구체화방안연구,해군본부,8520560.0,92.803,2017-06-02,,,박지훈,
(207143-H)취약점 분석장비 구매,공군사관학교,325004281.0,86.435,,,,김현정,
민간우수체계기반 전평시 민군 수송물류업무 협력연구,국군재정관리단,,85.268,2022-03-22,(주) 웃샘,김상인,엄재훈,"경기도 용인시 기흥구 덕영대로1732-0 (서천동, 경희대학교 국제캠퍼스내)"
국방정보화법률 개정입법 추진전략 연구,국방부(운영지원과),,,2023-08-14,재단법인한국조달연구원,정영욱,박점숙,"경기도 파주시 문산로26번길14-0 (문산읍, 문산호수아파트)"
00부대 신축 시설사업 선행연구 용역,국군재정관리단,4897548.0,87.116,,사단법인 안보경영연구원,전건욱,,"서울특별시 강남구 언주로527, 10층 (역삼동)"
21-『에듀테크 기반 공군 학습플랫폼 재구축 연구』,공군본부,294458433.0,95.274,,,권시형,,서울특별시 노원구 화랑로574-0 (공릉동)
정비공정 분석도구 구매,국군재정관리단,67943394.0,,2022-09-11,,,서경원,
휴대용 화학물질분석기 등 2종 구매(20197097-D),해군군수사령부,,86.622,2021-04-23,,김진욱,양진,충청북도 충주시 대학로50-0 (대소원면)
자동염기서열분석기 정비 및 검교정,해군작전사령부,,79.192,2022-11-12,CAT,심동석,최승룡,"경기도 안성시 대덕면 서동대로4726, 중앙대학교 생활과학관 609관 2층"
군단정찰용 무인항공기-Ⅱ 시설사업 선행연구,국방부(운영지원과),45761119.0,86.354,2017-09-12,건양대학교 산학협력단,정의붕,박혜인,서울특별시 마포구 월드컵북로5길59 (서교동)
분석기(스펙트럼용) 구매,국군재정관리단,112580018.0,78.691,,MK메디칼,이성심,정명화,"경상북도 김천시 혁신6로17 (율곡동, 한국교통안전공단)"
영평사격장 이전 가능성 연구,국방부(운영지원과),210447889.0,99.313,2018-05-26,,한민구,,"인천광역시 연수구 갯벌로27, 인천대학교 이노베이션센터(송도동)"
물증류기  분석용 순수제조기 구매 설치,공군본부,133755017.0,69.778,2022-10-28,사단법인 미래안보산업전략연구원,한민구,박광섭,"서울특별시 용산구 청파로47길 100, 숙명여자대학교내(청파동2가)"
수성사격장 주변지역 주민 의식조사 연구,국군재정관리단,,85.24,2023-07-23,,,,
인공근육 기반 전투원용 슈트 개발 발전방향 연구,공군본부,116918296.0,82.665,2021-07-14,주식회사 다윤테크,박순천,이영주,"서울특별시 구로구 디지털로30길28 마리오타워 601~605, 618호"
19-AW159 PBL 비용대효과분석 및 성과지표 개발 연구,국방부(운영지원과),17778910.0,83.589,,고려대학교산학협력단,김동준,이동근,대전광역시 유성구 유성대로1646-0 (전민동)
24년 군 주거시설 개선사업 선행연구(2차)(24-GD-69),국군재정관리단,,91.714,,충남대학교 산학협력단,정태량,유지수,서울특별시 성북구 삼선교로16길116-0 (삼선동2가)
국방과학기술 전문인력 소요분석 연구,해군본부,14820817.0,100.976,,(사)21세기군사연구소,,유선미,"서울특별시 종로구 홍지문2길20-0 (홍지동, 상명대학교)"
초급간부 복무여건 현상진단 및 개선대책 방안 연구,합동참모본부,48715223.0,,2021-12-21,국방대학교산학협력단,임기철,이재평,"대전광역시 유성구 테크노4로17, 디동 202호(관평동,대덕비즈센터)"
24년 자동염기서열분석기 검교정 등 정비,국군화생방방호사령부,441551260.0,,2023-08-24,유한회사 엔디클릭,신범수,정진욱,경상북도 문경시 문경읍 주흘1길20-0
국방 사이버보안 종합발전 전략 연구,지상작전사령부,28558349.0,86.284,2019-07-31,중앙기획,김태영,이경미,"경기도 고양시 일산동구 호수로358-39 706호(백석동,동문굿모닝타워1차)"
대형기동헬기(CH/HH-47D) 성능개량사업 비용분석,육군본부,291174171.0,85.39,2022-02-07,(주)글로벌텔레콤,김금남,김준우,"서울특별시 강서구 양천로401 (가양동), B동 801호"
전시 물자동원 실효성 제고방안 연구,제9691부대,,94.497,2018-09-24,,,,
00군단 0포병단 이전사업 선행연구 용역,방위사업청(운영지원과),477348808.0,,2022-08-12,(사)한국전략문제연구소,전건욱,,"서울특별시 용산구 청파로 40, 삼구빌딩 1815호(한강로3가)"
주파수편이용 분석기 2EA 구매,해군본부,,69.653,,,,조상환,
땅굴징후지역 지층탐사 정밀분석 용역,해군군수사령부,,,2022-05-03,,,김소라,
작전환경 변화 및 공군 합동 고려한 포병 발전 연구,육군교육사령부,,83.439,2018-09-09,,,,
군 급식제도의 시스템 개선을 위한 연구,국방부(운영지원과),34245654.0,94.726,2022-02-09,(주)디앤오종합건축사사무소,,,
국방규격에서 인용 중인 폐지된 KS 제정 연구,합동상호운용성기술센터,,91.688,2019-02-09,고신대학교 산학협력단,이성로,이상규,경기도 남양주시 별내면 용암비루개길140-0
기술인력육성 보조사업자 운영성과 평가 및 연구,제9691부대,141259943.0,92.7,,넥스케이드,최영복,박정국,"경기도 군포시 번영로514, 601호(금정동)"
육군 로고를 군수품에 적용하는 방안 연구,공군본부,220971625.0,77.418,,주식회사 케이티에이,김용수,박계향,충청북도 단양군 단양읍 상진14길 1()
정보분석낭 구성품 구매,국군의무사령부,,84.168,2021-03-23,제이컴,서은진,송유근,"경기도 화성시 동탄기흥로593-8 (영천동, 우정바이오 신약클러스터)"
과학화경계시스템 정비지원체계 운영분석 연구용역,합동참모본부,193202566.0,86.257,,중원대학교 산학협력단,정관용,양진,"경상북도 경산시 대학로280, 1층(대동)"
장보고급 잠수함 디젤감시장치 연구개발 용역,국군재정관리단,266495516.0,95.327,2020-12-25,(주) 한얼누리,김태일,황병수,"강원특별자치도 춘천시 서면 경춘로1517-23, NAB R&D큐브"
21-첨단 수중전력 소요기술 분석 및 적용방안 연구,공군본부,52085727.0,93.057,,,,,
미래환경 변화 속 육군 병과체계 발전 방안 연구 용역,국군재정관리단,4707596.0,,,사단법인 한국국가전략연구원,권시형,이수행,대전광역시 유성구 대학로291-0 (구성동)
국방시설분야 4차 산업기술 활용방안 연구용역,국방부(운영지원과),63307826.0,,2018-09-20,,전건욱,,
“제○○○특공여단 부대사” 연구 용역,방위사업청(운영지원과),38988087.0,94.972,2023-02-15,,,,"서울특별시 강남구 언주로527, 10층 (역삼동)"
군사훈련장 위험성평가제도 정립을 위한 연구,방위사업청(운영지원과),157232674.0,90.486,2018-11-23,주식회사 에스에이컨설팅,김성룡,권시형,"경상북도 구미시 대학로 61, 금오공과대학교 산학협력단(양호동)"
차기 탑재/양륙 모의체계 개발 개념 연구 용역,제9691부대,,,2022-07-29,,정봉원,조대현,
보코더 특성분석 플랫폼 개발 연구용역,국방부조사본부,13730348.0,81.671,2022-08-27,,,,
무기체계 획득.운용 연구용역,해군본부,283995844.0,,2017-08-05,,,,
[24-육-188] 안전문화 수준 측정 Tool 개발 연구,육군본부,454799345.0,92.837,2020-04-28,대전대학교 산학협력단,박종재,,"서울특별시 서대문구 연세로 50, 연세대학교(신촌동)"
우리군 통합체계지원 적용을 위한 발전방향 연구 용역,국방부(운영지원과),,81.72,2022-06-23,(사) 한국관세무역개발원,이정원,전희수,"서울특별시 종로구 삼봉로81-0 (수송동, 두산위브파빌리온) 1137호"
76mm 함포 약실 정밀검사용 장비개발 연구용역,국방부(운영지원과),,85.799,2020-04-20,,,,
화생방 연구활동 기술용역 재료 초자 구매,공군군수사령부,42749062.0,,2018-08-01,씨엠티정보통신(주),김경섭,박병희,충청북도 청주시서원구 개신동446-2
전술정보통신체계Block-1-① 창정비요소개발 비용분석,국군재정관리단,157794734.0,87.234,,,,,
해병대 동원훈련장 과학화 발전 방안 연구,제2879부대,,,,주식회사 에스엠플래닛,강창선,남혜정,광주광역시 북구 첨단과기로123 (오룡동)
음향/진동분야 KOLAS 인정 획득 컨설팅 연구용역,국방부(운영지원과),145813646.0,100.395,,사단법인 안보경영연구원,전건욱,,"서울특별시 강남구 언주로527, 10층 (역삼동)"
[24-육-91] 무건리 훈련장 갈등 비용분석 연구,제2879부대,,89.682,2018-07-14,(사)한국지방자치학회,이성로,이철호,"서울특별시 강남구 봉은사로129-0 (논현동, 거평타운오피스텔) 1126호"
군비행장 자동소음측정망 운용체계 구축방안 연구,방위사업청(운영지원과),35080261.0,102.319,,,김진욱,,
CH-47D 후방도어 실린더 정비기술 개발 연구용역,육군본부,151052774.0,84.473,,(사)21세기군사연구소,김진욱,,"서울특별시 강남구 논현로28길54-0 4층 (도곡동, 덕원빌딩)"
동원위주 부대 기계화 장비 개편시 효율성 분석 연구,국군재정관리단,11222921.0,85.622,,한국과학기술원,김재영,이영민,"경기도 고양시 덕양구 항공대학로76-0 (화전동, 한국항공대학교내)"
국방산업혁신펀드(가칭) 시행방안 연구,육군교육사령부,104211652.0,101.875,2018-03-03,(주)에이치제이중공업,조은미,채규수,대전광역시 유성구 대학로291-0 (구성동) N7-7111
00기지 환경개선 사업 분석평가 및 선행연구 용역,제9691부대,61317576.0,90.179,2022-12-17,,,박계향,"서울특별시 용산구 청파로 40, 삼구빌딩 1815호(한강로3가)"
군의료 연구용역(냉동 혈소판제제 제조법 확립),육군본부,50551584.0,,,(주)레이다앤스페이스,김윤혁,이주열,경기도 광주시 중앙로200-0 (송정동) 203호
표적획득 및 사격지휘체계 발전에 따른 포병효과 분석,국군재정관리단,110122528.0,92.081,2024-04-23,한국항공대학교 산학협력단,홍영기,김우중,"서울특별시 중구 동호로7길41, 2층(신당동)"
NCoE 구현을 위한 합참중심 QoS 모델 연구 용역,국방부(운영지원과),,,2016-12-20,,,전희수,
월책 차단을 위한 혁신적 GOP 경계 플랫폼 연구,방위사업청(운영지원과),274218987.0,86.345,,,,,
22-군 비행장 조명시설 표준화 연구용역,육군교육사령부,108648724.0,82.001,,,,이수행,
23~27 국방양성평등정책기본계획작성방향 연구,제9691부대,,,,(사)21세기군사연구소,기유경,,서울특별시 광진구 군자동98 집현관 216
35사단 동원훈련장 생활관 시설사업 선행연구 용역,공군 제8전투비행단,93318807.0,79.666,,기산건축사사무소,오현웅,최승룡,대전광역시 서구 계룡로408-0 (갈마동)
24~'25년 상층대기분석장비 유지보수,공군군수사령부,,80.513,,(주)에스티앤비,김석용,정해붕,서울특별시 강서구 양천로401 (가양동) 강서한강자이타워 B동1503~1506호
00부대 지형분석장비(워크스테이션) 구매(20197163-B),4284부대,252725016.0,98.691,,사단법인 한국국가전략연구원,,,
추진장약 분석시험용 재료구매,국군재정관리단,153536099.0,,2023-02-05,,,김근우,대전광역시 유성구 죽동로157-0 (죽동)
24 군의료 특성화 연구(알레르겐 양상 분석),국군수송사령부,41124657.0,98.877,,(주)에프오알엠도시건축공간연구소,최성만,,대전광역시 동구 대학로62-0 (용운동)
군사사연구총서고대~근대한국군사사연구용역(과제4),공군교육사령부,235011899.0,,2016-11-07,(사)21세기군사연구소,,전치우,
위험평가를 위한 공격표면 및 평가방법 연구,공군본부,40220443.0,,2020-08-20,,허건영,박계향,
“제○군수지원사령부 부대사” 연구 용역,국군재정관리단,148942689.0,,2019-04-15,라온시스템즈(주),박종재,서재달,"경상북도 구미시 대학로 61, 금오공과대학교 산학협력단(양호동)"
군사용 인공지능 윤리적 평가 및 검증요소 연구 용역,국군수도병원,,97.735,,한빛디엔에스(주),채수장,,"서울특별시 마포구 성산로2길55, 602호(성산동, 샤인빌딩)"
기갑및기계화부대 중대급 교전훈련장비 선행연구 용역,국군재정관리단,124590622.0,76.674,2018-01-16,,,,
분석기 구매,국방부(운영지원과),107956438.0,88.105,,(주)에프오알엠도시건축공간연구소,김진욱,윤진영,대전광역시 동구 대학로62-0 (용운동)
(22F199-I)네트워크위협분석시스템구매사업금융리스,국군재정관리단,,,2020-12-10,(주)한일,나인성,최광호,광주광역시 서구 양동로41번길21-9 (양동)
16-인성교육프로그램 등 연구 용역 계약,공군사관학교,,83.028,,,,,
2019 서울안보대화 프로그램 기획 및 발전방향 연구,방위사업청(운영지원과),138918042.0,,2021-09-08,국방대학교산학협력단,,윤정민,"서울특별시 성북구 화랑로76, 제3층 307호(하월곡동,코업스타클래스)"
공무원 징계와 군 징계의 비교법적 연구,공군본부,,,2021-07-29,(사)21세기군사연구소,김진욱,박소연,충청남도 논산시 양촌면 황산벌로1040
23년 전투실험발전 연구용역(1),육군본부,173115361.0,78.996,2017-01-14,(사)국방시설연구협회,김태호,조반석,"서울특별시 강남구 봉은사로129-0 (논현동, 거평타운오피스텔) 1126호"
전시 물자동원 실효성 제고방안 연구,육군정보통신학교,261923674.0,83.307,,,,,
무인기술을 적용한 현용전력 극대화 방안 연구,공군사관학교,124384318.0,84.466,2016-03-25,,,김영삼,
전술정보통신체계Block-1-① 창정비요소개발 비용분석,국방부(운영지원과),41416162.0,76.55,2020-05-20,주식회사 쏠바이오텍,정태윤,최민호,서울특별시 동대문구 천호대로 157()
대함유도탄 방어유도탄 양산사업 비용분석,국군의무사령부,86687382.0,74.751,2019-10-20,씨지에스아이티(주),김자이,이창환,"충청북도 청주시 서원구 충대로1-0 (개신동, 충북대학교)"
방산 용역 원가 및 이윤제도 개선방안 연구,국군재정관리단,,,2019-03-30,,,,
군수사 품목관리관 적정 취급품목 수 연구,국군제1068부대,29265452.0,110.58,2022-09-13,,,,
체계적인 해군 C4I 체계 유지보수 관리방안 연구,방위사업청(운영지원과),,91.716,2020-03-04,사단법인 안보경영연구원,전건욱,,"서울특별시 용산구 청파로 40, 삼구빌딩 1815호(한강로3가)"
21년 전투발전 연구용역(1),국군복지단,96566306.0,,,주식회사 에이티앤아이,윤상석,,"서울특별시 강남구 테헤란로 142(역삼동, ARC PLACE) 7층"
EMP 군 시험기준 정립방안 연구,국방부(운영지원과),37415250.0,,2020-11-18,사단법인 안보경영연구원,,,
군의료 특성화 연구용역(말라리아 발생 예측연구),제9691부대,26510297.0,86.729,,,,정기쁨,
AI를 적용한 화생방 드론봇 전력체계 연구 용역,해군본부,188662643.0,89.256,2023-02-23,,,류상윤,
지상전술C4I체계 2차 성능개량 비용분석,4284부대,,,,한국해양과학기술원,김윤혁,정진욱,"서울특별시 중구 퇴계로213, 309-24호(충무로4가, 일흥빌딩)"
국방 디지털 서비스 환경 전환 방안 연구,해군본부,132490168.0,102.11,,,,김지훈,
76mm 철갑고폭탄 비용분석,육군교육사령부,,,,서울대학교 산학협력단,반상우,정주교,경상남도 진주시 동진로420 (충무공동)
레이저대공무기사업 선행연구 및 운용요구서 연구,방위사업청(운영지원과),,81.039,2018-04-02,,,,
23년 육군 장기미래비전 연구용역,국방부(운영지원과),299747763.0,,2017-10-26,에이치필,이윤문,구종우,"대구광역시 달서구 달구벌대로1095-0 (신당동, 계명대학교)"
통일후육군구조(안)에대한 합참과 육군(안)에대한분석,합동상호운용성기술센터,81931698.0,78.662,2023-05-25,(사)21세기군사연구소,,,서울특별시 노원구 화랑로574-0 (공릉동)
24년 기술연구용역(3),공군군수사령부,541252808.0,94.88,2017-04-25,연세대학교 산학협력단,류장수,,대전광역시 동구 대학로62-0 (용운동)
KAAV-Ⅱ운용요구서 구체화에 관한 연구용역,제5378부대,184429533.0,,2019-06-29,사단법인 안보경영연구원,박정기,,"서울특별시 강남구 언주로527, 10층 (역삼동)"
정신전력 평가도구 개발 연구용역,제20전투비행단,217042292.0,89.152,2019-09-14,육군사관학교 산학협력단,,,"서울특별시 서초구 서운로 226, 서초오피스텔 404호(서초동)"
조종사 피로도와 안전비행의 상관관계 분석 연구용역,공군제18전투비행단,,83.058,,,오중산,,
사이버방호를 위한 보안 플랫폼 구축방안 연구,국방부(운영지원과),,98.229,2017-02-07,(주)케이씨이아이,,이수행,"경기도 안양시 동안구 관평로138번길24-0 106호 (평촌동, 초원아파트 상가동)"
4차 산업혁명 기술적용 공군훈련체계 발전방향 연구,방위사업청,,69.323,,,,,
밀리토피아 골프연습장 운영에 관한 연구 용역,합동참모본부,,77.466,,,,윤진영,
2019년 범국민 안보의식조사 연구 용역,공군제16전투비행단,,,2020-12-08,,,조혜진,"서울특별시 용산구 청파로 40, 삼구빌딩 1815호(한강로3가)"
해군조직 및 갈등특성에 부합한 갈등관리 방안 연구,해군본부,,,,(사)한국전략문제연구소,박정기,,
빅데이터 분석서버 증설 사업(GPU SSD 메모리)-리스,육군교육사령부,,,,시온하이텍,김한희,김하근,"서울특별시 송파구 석촌호수로138, 202호 (삼전동)"
국산품 우선정책(BKD) 수립을 위한 정책연구,방위사업청(운영지원과),,,2022-07-02,광운대학교산학협력단,김지현,현수,
임베디드 및 군 무선통신 취약점 분석기술 연구,국군재정관리단,,78.16,2016-04-13,,유상호,,
AI 기반 6세대 전투기 운용개념 및 발전방안 연구,국방부(운영지원과),26959525.0,,2021-07-12,주식회사 청호,김경호,채규수,"서울특별시 금천구 가산디지털1로1-0 (가산동, 더루벤스밸리) 1208호"
공군 3훈비 방호시설 방호성능평가 연구용역,공군본부,,97.462,,,,,
중금속가열분석기 1항목 구매(의무),제1363부대,219368920.0,75.487,,(사)국방시설연구협회,박준홍,,"서울특별시 성북구 정릉로161 6층(정릉동, 정의관)"
특임여단 북괴군 핵 화생시설 점령/확보방안 연구용역,공군사관학교,63641148.0,88.875,2017-02-27,재단법인 한국군사문제연구원,김형철,,"경기도 성남시 수정구 위례대로83(창곡동, 국방문화센터)"
인터넷 패킷저장분석체계 구축사업(리스물건),국군재정관리단,25975876.0,85.857,2021-01-29,,김진욱,안은희,
항공용금속재료 가공방법별 기계적물성치측정방안연구,방위사업청(운영지원과),55624728.0,,,주식회사 원영전자,김승용,신명화,"경기도 안성시 대덕면 서동대로4726, 중앙대학교 생활과학관 609관 2층"
항-16-007 자동면역분석기 시약 등 35종,공군본부,26948201.0,78.392,,토리 상사,NAKAZAWA TAKASHI,김채영,충청남도 계룡시 금암로26-0 (금암동) 105호
21 분석기 주파수편이용 1종 구매,육군본부,119473478.0,89.912,2024-03-17,라온시스템즈(주),엄기숙,최미정,충청남도 논산시 연무읍 연무로 320()
효율적 획득업무 수행을 위한 WBS 표준화 연구,국군재정관리단,,100.247,2022-11-17,(재)한국정보통신산업연구원,임영갑,김보명,"경기도 안성시 대덕면 서동대로4726, 중앙대학교 생활과학관 609관 2층"
(217096-D)자동염기서열 분석기 등 2종 구(납품),국방시설본부,5166428.0,60.623,2024-07-19,,정봉원,조윤규,"서울특별시 송파구 법원로11길25-0, A동 1310호(문정동, 에이치비즈니스파크)"
인공지능을 활용한 사이버위협 탐지기술 연구용역,국군재정관리단,36488597.0,91.748,,사단법인 안보경영연구원,전건욱,,"서울특별시 강남구 언주로527, 10층 (역삼동)"
K1A2 전장관리신호처리기 시험장비개발 연구용역,해군군수사령부,130692744.0,,2022-04-12,한국교통대학교산학협력단,이경미,이종범,"서울특별시 서초구 방배천로155, 유청빌딩 3층(방배동 821-8)"
Army TIGER 2050 개념군 연구 용역,국방대학교,89221238.0,83.97,2021-10-10,,,구종우,
BLT급 과학화상륙(지상)전 모의훈련체계 구축 연구,국방부(운영지원과),101541101.0,,2022-07-15,국방기술품질원,정주교,권연주,서울특별시 관악구 관악로1 (신림동)
공병분야 M&S 연구용역,해군군수사령부,58838582.0,87.01,2016-07-31,사단법인 안보경영연구원,전건욱,,"서울특별시 강남구 언주로527, 10층 (역삼동)"
영평사격장 이전 가능성 연구,국군재정관리단,,,2018-10-07,,,,
공군 우주분야 인력관리 발전방안 연구,해군본부,50476241.0,,2022-01-05,사단법인 안보경영연구원,김형철,,"경기도 성남시 수정구 위례대로83(창곡동, 국방문화센터)"
정보보안장비(사이버보안 위협분석시스템),국군재정관리단,350965690.0,106.023,2022-12-27,유한회사 한빛기업,김상식,,"대전광역시 유성구 대학로 27, 현대리조텔 2층(봉명동)"
21-해양무인체계에 필요한 핵심기술 연구,방위사업청(운영지원과),78104379.0,71.948,2017-06-19,(사)국방시설연구협회,홍수정,,"경기도 안양시 동안구 시민대로387  A동 1201-1호(관양동,디지털엠파이어)"
군 지휘통신체계 유지보수 발전방안 연구용역,국방부(운영지원과),219404924.0,,2024-05-21,주식회사 지음지식서비스,조성호,최경환,서울특별시 서초구 서운로1길34-0 (서초동)
22-1차 연구장비 구매 계약 - 증기후드,국방부(운영지원과),167820101.0,91.297,2020-11-25,,,,
지상군 전략 및 작전수행개념 연구,육군본부,7242851.0,99.357,,재단법인 한국군사문제연구원,김형철,,"경기도 성남시 수정구 위례대로83(창곡동, 국방문화센터)"
무기체계 전력지원체계 분류기준 재정립 연구,육군교육사령부,,80.256,2018-12-27,(주)마린테크인,오종한,,
중금속가열분석기 1항목 구매(의무),육군보병학교,44139996.0,,2024-04-05,김근우시스템공학기술연구소,,이상규,"경상남도 창원시 성산구 완암로50-0, 메카동 813호(성산동, SK테크노파크)"
항공전력 도입을 고려한 효율적 운용방안 연구용역,국군재정관리단,79801032.0,,2020-09-23,사단법인 안보경영연구원,박정기,,"서울특별시 용산구 청파로 40, 삼구빌딩 1815호(한강로3가)"
군 급식비의 적정수준에 대한 연구,해군본부,248056925.0,,2021-08-02,(사)21세기군사연구소,김진욱,,서울특별시 영등포구 여의대방로43나길20-0 (신길동)
물류원가 데이터 수집 및 산정/관리 방안 연구,국방부(운영지원과),41350508.0,82.488,2019-01-12,,,조상환,
군대의 가치를 표현할 수 있는 의식과 의례 개념 연구,국방부(운영지원과),9902022.0,106.953,2022-04-03,국방기술품질원,권선애,,서울특별시 용산구 이태원로29-0 (용산동1가) 전쟁기념관 435호
영상판독사 자격신설 연구,해군본부,,107.855,,에이치제이엘,김혜정,김수정,"경기도 고양시 일산동구 강석로33, (백석동, 대우IAAN) 2층 217호"
비전통위협 국방대응체제 발전연구,육군교육사령부,12805733.0,87.72,2022-07-09,윤서상사,이여정,정아름,서울특별시 중구 을지로 294()
사이버전문인력 육성을 위한 교육 및 개선방안 연구,방위사업청(운영지원과),26401850.0,113.279,2019-03-21,사단법인 안보경영연구원,박정기,,"서울특별시 강남구 언주로527, 10층 (역삼동)"
연구용역(방공포병 준.부사관 특기체계개선방안 연구),육군본부,203285827.0,103.473,2018-07-11,한국무인이동체연구조합,송상의,장대호,"서울특별시 강남구 남부순환로365길 5, 중명 213(도곡동)"
우주기상 군 작전 영향 연구 용역,방위사업청(운영지원과),,88.937,2017-04-26,(재)한국해양전략연구소,이재평,고은미,"충청남도 논산시 대학로 121, 건양대학교 산학협력단(내동)"
다도해함 개조 설계 방안 연구,국군의무사령부,27847787.0,99.034,2016-06-05,,,,
박찬극 제독 평전 편찬 연구용역,공군본부,1367027042.0,,,해군사관학교 산학협력단,안은희,,서울특별시 서초구 서초동1432-13 202
20-PKMR엔진 PBL 비용대효과분석 및 성과지표 연구,국군의무사령부,,85.437,2020-07-20,사)국방정보통신협회,정태량,채규수,충청남도 논산시 양촌면 황산벌로1040
무인비행체계의 공격 방어체계 정립 연구용역,방위사업청(운영지원과),89043663.0,,,(주)아인스에스엔씨,홍광표,한대일,"충청북도 진천군 진천읍 포석길56, 2층"
헬기 연료노즐 야전 정비장비 개발 연구용역,공군본부,21603805.0,88.123,2021-04-10,(사)21세기군사연구소,이문걸,이솔이,"서울특별시 용산구 한강대로62길41, 3층 (한강로1가)"
장보고-III Batch-I 잠수함 저주파분석 훈련장비,합동참모본부,170553439.0,117.571,2021-01-01,주식회사 시스텍,김지영,동중영,"서울특별시 강남구 봉은사로114길 40, 홍선빌딩 2층(삼성동)"
복합신호분석기 구매(20198178-F),국군재정관리단,121525755.0,,,,,이우학,
국방 연구개발 법제 개선 연구,제9691부대,,106.29,2022-01-04,한국환경설계(주),안병선,함혜련,"대전광역시 서구 도산로485-0, 4층 (탄방동)"
정책연구용역(군견 관련),방위사업청(운영지원과),116468813.0,87.641,2019-12-21,주식회사 마에스트로네트웍스,조종열,김한욱,경상남도 창원시 진해구 웅동로162-0
미래환경 변화 속 육군 병과체계 발전 방안 연구 용역,공군사관학교,382563917.0,85.679,2020-08-17,한성대학교 산학협력단,김동준,,서울특별시 영등포구 영등포로35길10-0 (영등포동6가) 8층 809호
K200A1장갑차 시뮬레이터 연구개발,제9691부대,83136583.0,85.966,2017-08-02,서울과학기술대학교 산학협력단,김창환,박계향,서울특별시 종로구 새문안로5가길 32(적선동)
관제레이더 장애징후분석 및 원격감시체계구축,공군군수사령부,294005848.0,,2019-05-20,정원B&C,윤정숙,,서울특별시 중랑구 동일로516-3 (면목동) 5층
국방정보화법 하위법령 개정방안 연구,제9691부대,,72.207,,,,김해진,"서울특별시 용산구 한강대로62길41, 3층 (한강로1가)"
디지털 증거분석체계 SW 라이선스 갱신,국방부군사편찬연구소,144245216.0,88.02,,서울여자대학교 산학협력단,노광현,배미동,"경기도 고양시 일산동구 일산로441번길34-13, 1층 (1층 상가 좌측)(정발산동)"
18-함정EMP보호대책적용사례분석및개선사항도출연구,합동참모본부,123711144.0,78.394,,한국과학기술원,홍순국,김지훈,"서울특별시 노원구 광운로 20(월계동, 광운대학교)"
76mm 철갑고폭탄 비용분석,육군본부,74893341.0,,,영현정보통신(주),정태량,이상규,서울특별시 금천구 시흥대로97-0 (시흥동)2동 316호
20-Lynx 군수지원 여건 고려 적정 수명주기 연구,국군재정관리단,13825301.0,,,(재)한국화학융합시험연구원,이준식,이진선,서울특별시 강남구 논현로189길6 (압구정동)
17년 비용분석모델(PRICE) 유지보수 용역,방위사업청,,,,한국환경설계(주),정정모,안기수,"경기도 안성시 대덕면 서동대로4726, 중앙대학교 생활과학관 609관 2층"
[24-육-91] 무건리 훈련장 갈등 비용분석 연구,육군본부,340338732.0,92.527,2021-12-18,문경새재 사과나무,정성문,김종호,"전라남도 장성군 황룡면 강변로452-16, 3층 302호"
육군 수질 유지비 현실화 방안 연구용역,합동참모본부,469297036.0,,2019-12-14,,,,
[24-육-188] 안전문화 수준 측정 Tool 개발 연구,국군재정관리단,607240246.0,,2019-12-07,(사)21세기군사연구소,,,
K1A2 전장관리신호처리기 시험장비개발 연구용역,공군본부,,77.694,,한양대학교 산학협력단,,김현숙,
도태항공기 활용 EMP야외환경 시험 연구용역,국군재정관리단,425356437.0,75.09,2019-11-14,(사)한국위기관리연구소,김진원,이도제,서울특별시 서초구 서초동1432-13 202
사이버전자전 작전수행개념 및 핵심요구능력 연구,해군본부,466577030.0,80.393,,주식회사 씨이지앤드플러스,권정환,이광민,"서울특별시 마포구 마포대로109 (공덕동, 롯데캐슬 프레지던트) 101동 2102호"
20-교육훈련 빅데이터 통합관리체계 구축방안 연구,국군재정관리단,,66.901,2023-11-17,,,주세영,
작전환경 변화 및 공군 합동 고려한 포병 발전 연구,국군재정관리단,153077352.0,77.677,2016-03-24,(사)한국전략문제연구소,,,
무기체계 시험평가 사고예방 안전매뉴얼 연구,공군군수사령부,973906499.0,73.343,2019-06-19,사단법인 안보경영연구원,전건욱,,"서울특별시 용산구 청파로 40, 삼구빌딩 1815호(한강로3가)"
CH/HH-47D 성능개량 시설사업기본계획 연구용역,국방부(운영지원과),126758509.0,95.957,2019-10-27,,,이상규,
무인항공기 무인비행장치 전문 운용사 자격신설 연구,국방부(운영지원과),,102.403,2021-11-25,사단법인 한국국가전략연구원,,,
[연구소] 유전자 자동염기서열 정비 및 검교정,국군재정관리단,28107228.0,76.135,,,,박소연,
한국해군 협동교전절차(CEC) 수행방안 연구용역,방위사업청(운영지원과),,82.72,2019-02-17,,,,
관제레이더 장애징후분석 및 원격감시체계구축,방위사업청(운영지원과),,,,사단법인 씨알리더십연구원,김지찬,경상현,"경상남도 창원시 성산구 완암로50-0 (성산동, SK테크노파크) 넥스동 1103호"
과학화경계시스템사업의 기종결정 평가방안 연구,해군본부,101800375.0,82.332,2022-01-05,,,,
정기기초연구과제연구용역(3. 한국군의군수관리...),국군재정관리단,64430963.0,80.856,2024-04-12,,,이광민,
침낭 품질개선 선행연구 용역,방위사업청(운영지원과),15469757.0,,2021-02-14,재단법인 한국군사문제연구원,김형철,,"경기도 성남시 수정구 위례대로83(창곡동, 국방문화센터)"
00 0000 분석체계 구축,공군군수사령부,,,2018-05-26,제이컴,김규형,김창관,서울특별시 중구 필동로1길30(필동3가) 동국대학교
중장비 수송차량 이동을 위한 도로능력 검증 연구용역,국방통합데이터센터,305666359.0,121.015,2021-03-03,(주)에프오알엠도시건축공간연구소,,,
자동염기서열 분석기 구매설치,해군군수사령부,,91.905,,미래산업,장복철,이현미,경기도 화성시 동탄첨단산업1로14-0 (영천동)  KTX밸리 707호
사례분석을 통한 對아세안 국방협력 발전방안 연구,해군교육사령부,98613922.0,,,,홍영기,전승열,충청남도 논산시 양촌면 황산벌로1040
전시 효율적 해외구매 방안에 관한 연구,국군화생방방호사령부,,82.525,2018-05-07,,,김진욱,"서울특별시 용산구 청파로 40, 삼구빌딩 1815호(한강로3가)"
정밀루트 및 문화재 지표조사 연구용역,방위사업청,94828648.0,,2020-05-11,라온시스템즈(주),권택연,,"경기도 수원시 영통구 광교로105, 607호(이의동, 경기 알앤디비센터)"
24년 전투발전 연구 용역(1),국방부(운영지원과),379450070.0,86.248,2022-11-06,,,,
KF-16 AIFF 점검 및 교환 기술 개발 연구 용역,해군본부,110105490.0,87.023,,,,,
23~27 국방양성평등정책기본계획작성방향 연구,공군교육사령부,90677508.0,93.846,,주식회사 아레스,이형민,조대현,"서울특별시 서초구 서운로 226, 서초오피스텔 404호(서초동)"
A.I.기반 전평시 동원체제 혁신방안 연구,방위사업청(운영지원과),147472117.0,106.639,2020-04-18,,전건욱,,"서울특별시 강남구 언주로527, 10층 (역삼동)"
우주 무기체계의 최적 보험 가입 방안 연구,방위사업청(운영지원과),140839472.0,,,,,,
19-미래 유무인 항공전력 복합운용 전력소요 연구,국방부,127354433.0,88.836,2017-03-29,세영정보통신(주),이홍민,정재훈,경기도 화성시 동탄첨단산업1로14-0 (영천동)  KTX밸리 707호
(247057-H)음성분석시스템 개선사업(리스자산),제2879부대,,97.382,,(주)컴트리,곽새롬,한대일,경기도 남양주시 진접읍 내각1로73번길38-1
보코더 특성분석 플랫폼 개발 연구용역,공군사관학교,,66.02,2019-10-25,,유훈,,
(24F262-A) 방호시설 폭발실증시험 계측 및 분석용역,4284부대,672180566.0,98.035,2021-12-16,,,,
모바일기기 증거분석체계 구매(교체),제9691부대,147722971.0,,2023-09-03,국방대학교산학협력단,김동준,조현선,"서울특별시 금천구 가산디지털1로171, B208호(가산동, 가산 에스케이 브이원 센터)"
자주도하장비 시설사업기본계획 수립을 위한 연구용역,공군본부,,79.292,2019-02-02,,,권연주,
19년 병리장비소모품(13) 혈액가스분석기 구매,국군의무사령부,71774055.0,81.669,,(사)한국방위산업진흥회,김동호,이경생,"서울특별시 중구 동호로7길41, 2층(신당동)"
24-미래 공군병력 부족 대비 인력공급 확대방안 연구,해군본부,165754182.0,,,주식회사 현대리서치,김진욱,임동환,서울특별시 광진구 군자동98 집현관 216
21년 전투발전 연구과제 세미나 수행 용역,4284부대,23753316.0,83.045,,(사)21세기군사연구소,,나상억,
선진전투실험 발전현황 및 육군전투실험 향상방안연구,국군재정관리단,69785248.0,,2020-01-22,,,석봉한,
23년 기술연구용역 계약 의뢰(3),공군군수사령부,231255373.0,86.38,2019-03-04,한화오션 주식회사,김지찬,이상규,"서울특별시 서초구 방배천로155, 유청빌딩 3층(방배동 821-8)"
ATCIS 개방형 OS 전환 비용대비 효과분석 연구용역,국방대학교,,,2018-07-24,(재)한국정보통신산업연구원,권정환,김상수,충청북도 청주시 흥덕구 옥산면 덕촌삼성골길16
지형분석도 제작 재료 구매,방위사업청(운영지원과),1510203.0,83.885,,주식회사 에스알씨,김태호,김인숙,서울특별시 용산구 한강대로100(한강로2가)
2023년 서울안보대화 프로그램 기획 및 발전방향 연구,제3130부대,,88.723,2022-04-26,재단법인한국조달연구원,홍영기,,서울특별시 노원구 화랑로574-0 (공릉동)
(216162-B)차륜정비장비(분석기  차량엔진용) 구매,육군본부,,90.114,2020-12-23,주식회사 발렌베리,김윤혁,김민영,"서울특별시 송파구 송파대로24길5-6 (가락동,1층)"
22-공군 기후예측 및 기후변화 시나리오 연구용역,국방부(운영지원과),57529562.0,,,,,,
120mm자주박격포 및 사격지휘차량 성능개량 사업분석,공군본부,268184344.0,,2023-10-12,정보기술감리원 주식회사,남상경,김도경,"경상북도 포항시 남구 지곡로294-0 , 233동 7층 03호(지곡동, 효자그린아파트)"
발칸교전모의기 선행연구용역,육군본부,43538052.0,90.581,2018-12-29,한국항공대학교 산학협력단,김한욱,이영미,서울특별시 강남구 테헤란로81길26-0 (삼성동) 유림빌딩3층
항-16-047 050 자동면역분석기 등 42종,공군교육사령부,,82.803,,육군사관학교 산학협력단,,전치우,"서울특별시 송파구 법원로11길25-0, A동 1310호(문정동, 에이치비즈니스파크)"
K1계열전차 포탑회로망상자 시험장비 개발 연구용역,육군본부,112799802.0,90.205,2020-05-25,아주대학교 산학협력단,김한용,신종현,서울특별시 동작구 여의대방로36길92(대방동)
18-해군C4I체계 발전을 위한 연구,국방부(운영지원과),7725142.0,,2018-11-18,(사)한국무기체계안전협회,권오형,,"경상북도 구미시 대학로 61, 금오공과대학교 산학협력단(양호동)"
21년 의무장비(자동분석기 생화학용 중형) 구매,국방부(운영지원과),40669182.0,,,주식회사 공공정책성과평가연구원,박영선,노태균,서울특별시 관악구 관악로1 (신림동)
(226023-G)'22년무기체계사이버위협 분석시스템 도입,육군교육사령부,113226807.0,,2023-01-14,(주)우리디자인,송광선,정원용,"서울특별시 구로구 디지털로31길41, 312-118(구로동)"
교육 발전방향 연구용역,국군화생방방호사령부,134439463.0,,2021-04-17,,,조혜진,
21-해양무인체계에 필요한 핵심기술 연구,국방부(운영지원과),152353756.0,79.174,,주식회사 모렌스,이희윤,장중원,"서울특별시 금천구 디지털로9길68, 제1806호(가산동, 대륭포스트타워5차)"
한국형 첨단전투관리체계 운용개념 및 발전방안 연구,한미연합군사령부,26358442.0,104.21,,,,윤진영,서울특별시 용산구 새창로128-1 (용문동) 2층
미래 GOP과학화경계시스템 구축방안에 대한 연구 용역,육군교육사령부,211528418.0,105.682,2021-02-09,사단법인 안보경영연구원,,,"서울특별시 강남구 언주로527, 10층 (역삼동)"
침해사고 조사분석체계 교체사업(209058-F),국방부조사본부,258142268.0,93.883,,,,이동희,
23년 항공관제 분석체계 유지보수,4284부대,,82.405,2023-07-02,주식회사 디티알기술사사무소,김 용희,장철호,서울특별시 구로구 디지털로34길55-0 (구로동)
해병대 정체성 향상 프로그램 개발 연구 용역,국방부(운영지원과),88393600.0,,,사단법인 안보경영연구원,전건욱,,"서울특별시 강남구 언주로527, 10층 (역삼동)"
국방안전관리정보체계 최적 구축방안 연구,공군본부,361162669.0,88.97,2017-04-12,,이문걸,,서울특별시 강동구 양재대로1377 (성내동 삼원빌딩 408호)
잠수함 훈련장비(저주파분석  대함모의) 유지보수용역,육군본부,3286862.0,94.169,2024-09-20,다슬,이효진,김정자,"서울특별시 금천구 가산디지털1로5, 대륭테크노타운 20차 1934호"
20년대 이후 북한 및 잠재적 위협의 변화 전망분석,합동참모본부,243515130.0,117.999,2021-04-09,(주)볼트시뮬레이션,이충근,이경순,"서울특별시 구로구 디지털로31길41, 312-118(구로동)"
산업협력 제도 시행을 위한 세부 방안 연구,제2307부대,,,2019-03-03,,,,"서울특별시 용산구 청파로 40, 삼구빌딩 1815호(한강로3가)"
급식유통센터 성과분석 및 (경남권)필요성 연구,해군본부,490914604.0,98.59,2017-10-13,(주)에프오알엠도시건축공간연구소,김진욱,,"서울특별시 송파구 법원로9길26, D동 1104호(문정동, H-비즈니스파크)"
19년 지형분석장비 교체사업 리스,공군제18전투비행단,227917736.0,121.269,2023-08-22,한국마이크로데이타(주),양선원,양진,부산광역시 강서구 녹산산단232로 38-6()
교육연구자료 원문 DB 구축 용역,해군본부,6372021.0,82.923,2021-04-04,,,이혜진,
실전적 모의지원 연구 용역,국군재정관리단,,87.746,2021-04-27,,,,"서울특별시 용산구 청파로 40, 삼구빌딩 1815호(한강로3가)"
24-해병-이동식 취약점 분석평가 도구(상용SW) 구매,해군군수사령부,40902408.0,72.8,2024-10-15,(주)볼트시뮬레이션,안기수,허지원,"경기도 고양시 덕양구 용현로10-0, 508동 203호 (행신동, 무원마을5단지 아파트)"
미래환경 변화에 적합한 인력획득 홍보 발전방안 연구,국방부(운영지원과),214526092.0,120.068,2019-10-05,(사)21세기군사연구소,김영욱,,"서울특별시 금천구 가산디지털2로184, 10층 1017호(가산동, 벽산디지털밸리2차)"
국방무인체계 총수명주기관리방안 연구,합동참모본부,140289174.0,,2019-01-29,,박정기,,
21년 전투발전 연구용역(1),국방부(운영지원과),,88.686,2018-05-09,,,,"서울특별시 송파구 법원로11길25-0, A동 1310호(문정동, 에이치비즈니스파크)"
IoT 기반 전군 공통 서비스 발전방향 연구,육군본부,3969842.0,91.513,2022-05-23,우석대학교 산학협력단,김흥중,이수행,서울특별시 성북구 삼선교로16길116-0 (삼선동2가)
화생방 연구 재료 가스 구매,육군본부,109687916.0,,2018-06-07,,,이창환,
국방 사이버전 EA 개념 연구,방위사업청,,75.011,2016-04-11,기산건축사사무소,박장권,,"강원특별자치도 원주시 문막읍 귀문로1269-16, 1층 우측"
미활용 군용지의 태양광 자원조사 및 활용방안 연구,국방부,6632648.0,88.998,,(사)21세기군사연구소,,박지훈,
관사 및 간부숙소 신축 선행연구 용역(23-216),해군본부,177218082.0,90.005,,사단법인 한국갈등학회,이정원,김동신,서울특별시 강남구 논현로189길6 (압구정동)
보라매(KF-21) 양산 비용분석,육군항공학교,51114451.0,,2022-02-12,정원B&C,김동국,서경희,"경기도 부천시 송내대로388-0 200동 502호 (약대동, 부천테크노파크)"
인공지능을 적용한 군사드론의 체계 연구,국군재정관리단,42486292.0,91.028,,,전건욱,,"서울특별시 강남구 언주로527, 10층 (역삼동)"
17년 통합기후예측시스템 연구개발 용역,해군본부,9441449.0,,2022-02-09,법무법인 일현,이용준,서경원,대전광역시 유성구 노은로170-0 (지족동) 스타시티빌딩 6층
사이버정보(수집·분석·관리)시스템 구축방안,공군본부,,72.871,2022-03-05,(주)에프오알엠도시건축공간연구소,권선애,이강일,"서울특별시 송파구 법원로9길26, D동 1104호(문정동, H-비즈니스파크)"
해병대 작전환경에 적합한 M&S 전력분석 연구 용역,국군재정관리단,8930079.0,100.511,2021-12-12,,,김평희,"서울특별시 금천구 가산디지털2로184, 10층 1017호(가산동, 벽산디지털밸리2차)"
해병 과학화경계시스템 추진방안 연구 용역,제9691부대,28714278.0,89.858,2018-03-22,고신대학교 산학협력단,최치원,박광섭,서울특별시 강남구 논현로189길6 (압구정동)
휴대용 산소분석기 1종 구매,육군본부,33591762.0,,,(주)싸이버텍,류재산,김종호,서울특별시 영등포구 당산로49길13 (당산동6가)
22-4-작전지휘시설 신축 선행연구용역,국방지형정보단,346325227.0,,,,,,
작전환경고려 전투실험 방법 및 평가 분석방법 연구,육군공병학교,70603759.0,87.279,2021-09-03,,이홍기,박연선,
기갑및기계화부대 중대급 교전훈련장비 선행연구 용역,육군본부,,76.86,2020-04-20,사이모빌 주식회사,박영욱,홍지유,충청북도 청주시서원구 성화동599번지 3층
24년 국방민원서비스 만족도 조사 연구,공군본부,,95.083,,,주현,김승범,
군수부대 저장시설 기동화 방안 연구용역,제9965부대,102071097.0,,2016-04-16,(사)한국전략문제연구소,,,
사이버전자전 작전수행개념 및 핵심요구능력 연구,국방부(운영지원과),8856644.0,86.389,2021-08-30,,,김지훈,
정기기초연구과제연구용역(6. 전장에서포병화력...),육군교육사령부,191768158.0,71.74,2021-02-19,(주)디아이엔티,권경득,박한솔,서울특별시 영등포구 여의공원로 101(여의도동)
신기술 연구개발 기반체계 구축 및 백업체계 교체,국군재정관리단,2622612.0,86.588,,,,구종우,
공군조직내 잠재갈등 분석 및 공군문화 발전방안 연구,육군교육사령부,59367999.0,94.485,2021-10-20,,,,
기술성숙도평가(TRA) 내실화 방안 연구,육군본부,24624648.0,94.036,2019-06-13,,,,
극지안보환경 변화에 따른 미래 한국해군의 역할 연구,육군교육사령부,404282933.0,112.397,2020-08-18,(주)디앤오종합건축사사무소,,,
2023년 서울안보대화 프로그램 기획 및 발전방향 연구,육군본부,345975744.0,,,(주) 한국능률협회컨설팅,정의붕,고은미,"전라북도 군산시 임피면 호원대3길 64,"
해병대 무인항공기 효율적 운용방안 연구,국군재정관리단,,95.878,,,,박계향,
군사시설 건축공법(경량화) 개선 연구,제2879부대,100261804.0,85.579,,호원대학교 산학협력단,,,
2023 임상의학연구센터 통계프로그램 구매,국방부(운영지원과),345406171.0,76.879,2017-08-19,주식회사 현대리서치,박진호,송용재,경기도 안양시 동안구 흥안대로 516(관양동 1505-22)
국방정보체계프로젝트관리시스템 발전방안 연구,방위사업청(운영지원과),30472287.0,80.527,2021-08-29,,,이창환,서울특별시 용산구 새창로128-1 (용문동) 2층
정밀측정장비(레벨분석기) 구매,국방부(운영지원과),84198677.0,,2021-02-24,,,박수정,
(20F169-A)지형분석장비 교체사업 등 17건 금융리스,국군재정관리단,,,,주식회사 에스유지,염진수,이유진,"경상북도 경산시 대학로280, 1층(대동)"
국방 데이터 전략연구,육군교육사령부,,,2021-01-30,,,최선미,
(226154-E) 차륜정비장비(분석기 차량엔진용) 구매,방위사업청(운영지원과),96182292.0,,2017-12-16,(주)카이엠,안주섭,오선아,경상남도 창원시 성산구 창원대로797 (상남동)
육군 개인 재능 평가지표 개발 연구용역,국방부(운영지원과),,83.931,2018-11-23,,,이상규,
국방정보화법 하위법령 개정방안 연구,방위사업청(운영지원과),165296819.0,91.258,2018-04-25,건축사사무소 모인건축,최규식,권민정,"대구광역시 달서구 달구벌대로1095-0 (신당동, 계명대학교)"
16-00원 종합발전 비전 연구용역,국군의무사령부,407841528.0,81.443,2017-03-05,,,,
21-해군분석모델 발전방안 연구,국군재정관리단,118621542.0,82.283,2018-10-17,(주)제트코,이정훈,노은희,"서울특별시 강북구 인수봉로55가길16-9 (수유동, 가람아트빌5차) 301호"
개전초 동원긴요부대 전시 완정성 보장 방안 연구,해군본부,,90.222,,충남대학교 산학협력단,안성일,엄지성,대전광역시 동구 대학로62-0 (용운동)
(21F040-G) 사이버위협분석 개발연구체계 구축 사업,방위사업청(운영지원과),101374710.0,89.981,2022-06-22,법무법인(유한) 광장,박종선,정기쁨,대전광역시 유성구 대학로291-0 (구성동)
연구용역(방공포병 준.부사관 특기체계개선방안 연구),국군재정관리단,319617017.0,,,한국버츄프로젝트,권정환,황병윤,서울특별시 송파구 올림픽로505-0 (풍납동)
국방시설 전력소비 수용률 기준 연구용역,국방부(운영지원과),47345740.0,,2018-09-29,,,,
죽변 비상활주로 민ㆍ민갈등 해소방안 연구,제7군단,623825517.0,87.562,2018-08-11,에스앤에스이앤지 주식회사,주현,박임규,"서울특별시 송파구 법원로11길25-0, A동 1310호(문정동, 에이치비즈니스파크)"
23-6차 조달 연구장비(겔이미지 시스템) 구매 계약,국군재정관리단,,,,케이엠글로벌,전춘석,김진수,서울특별시 동대문구 장한로27길29 (장안동) 201비호
복합재 항공기 구조물 구조건전성 해석기법 연구용역,제2879부대,103371589.0,91.601,2019-02-22,,,김진욱,
예비전력발전세미나 주제연구(Ⅱ) 용역,국군재정관리단,,105.978,2023-06-14,사단법인 한국갈등학회,김태호,임수진,"서울특별시 송파구 송파대로167 , 비동 1303호 (문정동, 문정역테라타워)"
23년 기술연구용역 계약 의뢰(1),제9691부대,,85.453,,주식회사 오파스넷,김보영,김태훈,"인천광역시 남동구 서창남순환로190-15 (서창동, 서창퍼스트뷰아파트) 718동 301호"
분석기(스펙트럼용) 구매,육군본부,,103.925,,(주)볼트시뮬레이션,정영석,최승룡,"경기도 평택시 평택5로34번길48, 402호(합정동)"
정원감축 대비 민간인력 전환분야 및 규모식별 연구,합동참모본부,,90.829,2017-04-14,(주)론스텍,박호균,김도경,"서울특별시 금천구 가산디지털1로19, 406호, 407호, 408호, 409호(가산동,대륭테크노타운18차)"
병력책정 기준연구(비행대대 조직구조 개선방안),육군본부,44471536.0,80.169,,,정의승,황병윤,"서울특별시 용산구 한강대로62길41, 3층 (한강로1가)"
유류시험장비(연료성분분석기 등3종)구매(20196115-E),국방시설본부,,100.597,2022-04-06,고려대학교산학협력단,김희상,,부산광역시 동구 고관로62 (초량동)
공무직 근로자 임금체계 컨설팅 및 연구 용역,공군본부,120258223.0,94.893,2022-03-09,노무법인한수,김도현,,"서울특별시 중구 동호로7길41, 2층(신당동)"
22-군 비행장 조명시설 표준화 연구용역,국군재정관리단,198125068.0,,,,김재영,정지용,서울특별시 성북구 삼선교로16길116-0 (삼선동2가)
유도로켓(비궁) 성능개량 소요 및 방법 분석 연구용역,육군본부,7124811.0,83.985,2019-06-15,세종대학교산학협력단,김태동,,
지능형 C4I체계 기술 분석 및 클라우드환경 구축방안,육군본부,,91.535,2021-03-14,휴뷰티,최규식,김지영,"대전광역시 서구 둔산대로117번길44-0 (만년동, 엑스포오피스텔619호)"
군사시설 유형별 시설기준 제 개정 연구,육군교육사령부,,,2019-08-02,,,,
미래 한국 해병대의 군구조 연구용역,공군사관학교,22411864.0,109.497,2020-11-13,청주대학교산학협력단,이창훈,경상현,서울특별시 광진구 군자동98 집현관 216
유전자감정장비(자동염기서열분석기)소모품 설치 납품,방위사업청,,85.273,2024-05-07,대길상사,고윤안,나인성,서울특별시 강서구 양천로401-0 (가양동) 강서한강자이 A-704
(226154-E) 차륜정비장비(분석기 차량엔진용) 구매,공군본부,19408592.0,,2024-04-07,세종대학교산학협력단,경상현,조대현,대전광역시 동구 대학로62-0 (용운동)
신기술 기반 공군 교육통합플랫폼 구축방안 연구,국방대학교,230713744.0,111.342,,고려대학교산학협력단,,정광조,"서울특별시 금천구 가산디지털2로184, 10층 1017호(가산동, 벽산디지털밸리2차)"
A.I.기반 전평시 동원체제 혁신방안 연구,국방부(운영지원과),41548788.0,99.994,,충남대학교 산학협력단,안성일,유근영,서울특별시 성북구 삼선교로16길116-0 (삼선동2가)
중증외상질환 예후예측인자 발굴 및 관리방안 연구,국방부(운영지원과),31127417.0,79.721,2018-02-18,재단법인 한국군사문제연구원,김형철,,"경기도 성남시 수정구 위례대로83(창곡동, 국방문화센터)"
22-11차 연구장비 구매 계약 - 의약품 냉동고,국방부(운영지원과),45689519.0,,2020-05-25,(사)21세기군사연구소,나승식,안주섭,"경기도 고양시 덕양구 항공대학로76-0 (화전동, 한국항공대학교내)"
24년 전투실험발전 연구 용역(2),육군본부,,,2023-10-16,,,,
방음정비고 사업 정립을 위한 선행연구용역,국군재정관리단,223720124.0,,2022-05-07,,,,
22년 공군 항공무장효과분석모델 통합 유지보수,국방부(운영지원과),93134222.0,,2023-05-29,태성네트웍스 주식회사,심동석,김혜진,"경기도 군포시 고산로148번길17-0, B동 1303호, 1304호, 1305호(당정동, 군포IT밸리)"
(1)군용비행장 소음측정 및 분석용역,국방부(운영지원과),84974841.0,84.654,,주식회사 티엠시스,최규식,이승재,"서울특별시 송파구 오금로19길6, 202호(방이동)"
생물안전밀폐실험실(BL3 3등급 연구시설)유지보수용역,제9691부대,104555641.0,93.123,2018-09-17,(사)한국전략문제연구소,박정기,,"서울특별시 용산구 청파로 40, 삼구빌딩 1815호(한강로3가)"
국내개발 항공기 성능개량 및 관리방안 연구용역,해군본부,61636515.0,,2022-02-11,,정의승,한기관,"서울특별시 금천구 가산디지털2로184, 10층 1017호(가산동, 벽산디지털밸리2차)"
공무원 징계와 군 징계의 비교법적 연구,국방부(운영지원과),,77.278,,,,임순옥,
침해사고 조사분석체계 교체사업(209058-F),제20전투비행단,,,2017-09-09,한성대학교 산학협력단,김도현,,"경기도 군포시 고산로148번길17-0, B동 1303호, 1304호, 1305호(당정동, 군포IT밸리)"
25년도 안보정세전망 연구용역,육군본부,312128369.0,120.557,,(주)한컴네트워크,김건호,손보연,서울특별시 금천구 가산디지털2로123-0 (가산동) 월드메르디앙벤처센터 2차 317호
북한의 기뢰전 전술 분석 및 대응책 연구,국방부(운영지원과),138152400.0,90.252,,(재)한국해양전략연구소,한민구,,서울특별시 노원구 화랑로574-0 (공릉동)
해병대 정체성 향상 프로그램 개발 연구 용역,방위사업청(운영지원과),42096495.0,,2017-03-18,사단법인 안보경영연구원,전건욱,,
DNA정량분석기 등 7항목 구매(의무),국방부(운영지원과),,100.251,2023-05-10,,,한달연,
상호운용성 정보보증 평가기준 고도화 방안 연구,육군교육사령부,105114397.0,,2018-08-27,,,,
중금속가열분석기 1항목 구매(의무),공군본부,,78.583,2022-06-26,고려대학교산학협력단,김진원,함혜련,"서울특별시 강남구 테헤란로78길16, 6층 (대치동, 노벨빌딩)"
특수작전용 유탄발사기사업 선행연구,육군교육사령부,39572284.0,86.743,2016-01-06,사단법인 안보경영연구원,전건욱,,"서울특별시 강남구 언주로527, 10층 (역삼동)"
운용제원 분석 기반 장비수명 판단방안 연구,공군본부,93891916.0,104.54,2020-01-29,,,,"서울특별시 용산구 청파로 40, 삼구빌딩 1815호(한강로3가)"
레이더 시험세트(스펙트럼 분석기 등 4종) 구매,제9965부대,18860083.0,79.515,,,구칠효,경상현,"서울특별시 성북구 화랑로76, 제3층 307호(하월곡동,코업스타클래스)"
기술연구 환경구축 사업 리스,공군군수사령부,189143212.0,101.938,,(사)21세기군사연구소,고중혁,,서울특별시 관악구 관악로1 (신림동)
[24-육-91] 무건리 훈련장 갈등 비용분석 연구,공군본부,,,,주식회사아이디에프,김원헌,최영상,대전광역시 유성구 테크노2로187-0 (용산동) 미건테크노월드 2차 B동 217호
육군 스마트 안전관리 모형개발 연구용역,국방부(운영지원과),8684607.0,81.141,,호원대학교 산학협력단,김진욱,윤병찬,전라남도 목포시 해양대학로 91(죽교동)
전자기스펙트럼 측정/분석체계 운용방안 연구,종합보급창,,71.036,2018-08-06,주식회사 대한,,이재광,"서울특별시 광진구 능동로120, 건국대학교내(화양동)"
대형 후속사업 추진시 기종결정 평가항목 연구,육군교육사령부,,,2017-08-06,,김한용,,대전광역시 유성구 죽동로157-0 (죽동)
방음정비고 사업 정립을 위한 선행연구용역,국군재정관리단,42850576.0,91.078,2017-10-15,,,김형민,
16년 정비지원부대 직무값 기반의 직무분석 연구용역,육군본부,18473927.0,86.255,2018-04-21,아주대학교 산학협력단,김윤혁,,서울특별시 영등포구 영등포로35길10-0 (영등포동6가) 8층 809호
국방대학교 안보현안분석 등 2종 인쇄 용역,제9691부대,,80.651,,인하대학교 산학협력단,정중식,박계향,"서울특별시 영등포구 의사당대로1길11-0 (여의도동),1409호"
정밀측정장비(레벨분석기) 구매,국방부(운영지원과),726595963.0,83.421,2022-08-12,,,황병윤,
(217096-D)자동염기서열 분석기 등 2종 구(납품),제9691부대,,90.436,2023-07-15,주식회사 피앤씨솔루션,김영국,이여정,"서울특별시 금천구 가산디지털1로1-0 (가산동, 더루벤스밸리) 1208호"
17년 비용분석모델(PRICE) 유지보수 용역,육군공병학교,171037733.0,94.712,,사단법인 대한민국해군발전협회,,,"서울특별시 금천구 가산디지털2로184, 10층 1017호(가산동, 벽산디지털밸리2차)"
(227215-D) 비용분석용 상용SW 구매,해군본부,,75.376,2023-09-13,엠제이코리아,최창식,김성신,"서울특별시 동대문구 고미술로 100, 송화빌딩 303호(답십리동)"
18년 해군 전자정보 종합분석체계 개발사업,국군수송사령부,277650903.0,,2023-02-17,,,황병윤,
19년 작전계획분석모델 장비교체사업(20198065-E),국군재정관리단,125444175.0,90.252,2019-10-02,주식회사 콘텐츠펙토리상상역,손영옥,장우진,"경기도 군포시 엘에스로182번길34-24, 2층 (산본동)"
미래 합동작전과 해군.해병대 공동 비전 연구,공군미사일방어사령부,91348428.0,89.42,2016-10-27,,전건욱,,
산업협력 제도 시행을 위한 세부 방안 연구,육군본부,,82.615,2023-04-14,,,박계향,
(207134-H)국방보안조사 분석시스템 HW구매(리스물건),해군본부,549816678.0,,2023-01-31,호원대학교 산학협력단,허건영,,대전광역시 대덕구 대전로1397번안길70-0 (읍내동)
22-해병-지능형 사이버침해사고 조사분석체계 구축,국방대학교,,88.642,,주식회사 글로벌메타,조명지,최영상,"서울특별시 강남구 남부순환로365길 5, 중명 213(도곡동)"
(226220-F)발광분광 분석기 구매,육군교육사령부,,,2023-08-17,,,박계향,
화생방 방호물자 적정방호 수준 연구,국군재정관리단,,75.45,2019-10-17,,권오성,,"서울특별시 송파구 법원로11길25-0, A동 1310호(문정동, 에이치비즈니스파크)"
미래 전장에서 승리하기 위한 육군전략 발전 연구,방위사업청(운영지원과),46110612.0,,2018-03-16,주식회사 인섹사이버시큐리티,배용수,이영미,서울특별시 송파구 법원로11길25-0 (문정동) 에이치비지니스파크 A동 1009호
Edu-Tech 교육체계 개발 연구용역,국군재정관리단,90262722.0,88.019,2019-07-12,건양대학교 산학협력단,정의승,가회광,강원특별자치도 강릉시 범일로579번길24(내곡동)
전자기스펙트럼 측정/분석체계 운용방안 연구,국방부(운영지원과),,,2022-10-08,,,,
군사시설부문 온실가스 감축 계획수립 연구,방위사업청(운영지원과),61081286.0,,2018-06-08,사단법인 미래안보산업전략연구원,김근우,정관용,"경기도 용인시 기흥구 덕영대로1732-0 (서천동, 경희대학교 국제캠퍼스내)"
해양 무인무기체계별 효과도 분석 통한 전력소요 검증,국군재정관리단,34371414.0,,,한국해양대학교산학협력단,박충권,정택호,경기도 수원시 영통구 신원로306-0 (원천동) 이노플렉스 1동 1101호
군수 빅데이터 수집/분석체계 구축 BPR/ISP 감리,육군본부,,101.937,2022-03-29,,,오지수,
CN-235 항공기 특성(RCS/IR Signature) 연구,육군교육사령부,63135975.0,,,,,이기찬,
하이드로릭 입자분석기 구매,합동참모본부,54501241.0,82.76,,사단법인 안보경영연구원,김형철,,"서울특별시 용산구 청파로 40, 삼구빌딩 1815호(한강로3가)"
교육장비(질량분석기) 구매,국방부(운영지원과),31910995.0,82.071,2020-07-01,육군사관학교 산학협력단,김진욱,방윤지,서울특별시 서초구 서초동1432-13 202
국방특허 권리이전 업무를 위한 특허 권리분석(1차),공군본부,13828855.0,,2024-06-06,주식회사 제이에스시솔루션,김동준,전형준,"서울특별시 구로구 디지털로33길11-0 (구로동, 에이스 테크노타워8) 1406호"
K9자주포 연료펌프 성능개선 시제품 개발 기술 용역,공군교육사령부,101338755.0,,2024-08-03,,,이경은,
24년 전투발전 연구 용역(2),방위사업청(운영지원과),209544402.0,,,한남대학교 산학협력단,김한욱,한상동,"서울특별시 성북구 정릉로161 6층(정릉동, 정의관)"
함정 총수명주기 고려 탑재장비 획득방안 연구 용역,국군재정관리단,,90.328,,,,,
생화학분석기(동물용) 1항목 구매(의무),육군교육사령부,564102860.0,,2019-12-28,주식회사 공공정책성과평가연구원,조완제,박장권,서울특별시 용산구 한강대로46길25-0 (한강로2가) 401호
병리장비소모품(생화학 자동 분석기 등 84종) 구매,해군군수사령부,253101746.0,95.534,2021-02-19,티엠시 주식회사,김우경,,"서울특별시 강남구 영동대로602, 6층 E170호(삼성동)"
00부대 EMP 보호시설 구축 선행연구 용역,육군공병학교,54164908.0,103.287,2018-05-07,주식회사 에스아이정보기술,박종영,손영옥,"충청북도 청주시 흥덕구 흥덕로151-0 (운천동, 지하1층)"
화학작용제 자동분석기 MM-1 외주정비,국방부조사본부,203796413.0,72.821,,한국과학기술원,엄기숙,유연호,서울특별시 마포구 월드컵북로5길59 (서교동)
공군 3훈비 방호시설 방호성능평가 연구용역,국방부(운영지원과),168774503.0,65.709,2017-10-24,(주)에스코컨설턴트,김정숙,,서울특별시 서대문구 충정로53-0 (충정로2가) 골든타워빌딩 1701호
19년 지형분석장비 교체구매(20196112-G),국군재정관리단,731756699.0,,2017-02-22,,,심지민,
기갑 및 기계화부대 중대급 교전훈련장비 연구용역,국군재정관리단,160774742.0,83.52,,,,,
군사시설부문 온실가스 감축 계획수립 연구,국군의무사령부,,,2021-03-31,,,,
병력책정기준 산정과 연계한 조직진단 기법 체계 연구,공군본부,273231635.0,95.254,2017-10-29,(사)21세기군사연구소,정영욱,이춘근,서울특별시 강동구 양재대로1377 (성내동 삼원빌딩 408호)
AI기반 군집 UAV 해상작전 적용 가능성 연구용역,육군본부,37648027.0,,2018-11-30,,유훈,권시형,
병력책정기준(정보통신분야 임무/기능 적절성 연구),국방부(운영지원과),179938697.0,,2018-08-19,,김규형,정영숙,"전라북도 군산시 임피면 호원대3길 64,"
군 어린이집 운영 발전방안 연구,제5738부대,,,2021-03-16,,,,
전술정보통신체계(TICN) 시설사업기본계획 연구용역,국방부(운영지원과),145188319.0,,2020-02-03,사단법인 한국국방기술학회,이인형,추현아,서울특별시 강서구 마곡중앙8로3길79-0 (마곡동)
AI유무인 복합체계 활용 방안 연구,국방부(운영지원과),251283084.0,,2022-12-23,(주) 한국능률협회컨설팅,김효근,김미정,"서울특별시 송파구 법원로11길25-0, A동 1310호(문정동, 에이치비즈니스파크)"
22-해군 정보융합관리체계 개념 연구,제9691부대,56032085.0,,,광주과학기술원,이문걸,차윤아,서울특별시 관악구 관악로1 (신림동)
마린온 정비지원체계 방안 연구용역,공군사관학교,,81.007,2020-04-01,주식회사 플랜에이디벨롭먼트,박종호,이재평,"서울특별시 강남구 테헤란로131-0 (역삼동, 한국지식재산센터) 3.9층"
수성사격장 주변지역 주민 의식조사 연구,국군수도병원,,,2019-06-16,주식회사 위우너스,고기종,위정은,"서울특별시 서대문구 수색로138-0, 2층(북가좌동)"
상용 SW(수사데이터 분석 도구) 구매,국군재정관리단,84544564.0,71.345,,주식회사 우성텔레콤,김종광,배미동,경기도 용인시 기흥구 언동로125번길26-1 (중동) A동 402호
철근콘크리트 방폭문 파괴거동분석 및 실증실험 연구,제2879부대,62555064.0,86.409,2016-07-06,,,,
공군 지능형 스마트비행단 성과분석 및 발전방안 연구,국군재정관리단,,83.396,,주식회사 이엠텍아이엔씨,김진욱,,서울특별시 강남구 선릉로64길6-0 (대치동) 2층
드론봇 전투체계 통합관제체계 구축 연구용역,한미연합군사령부,22955260.0,,,국방대학교산학협력단,김진욱,,대전광역시 동구 대학로62-0 (용운동)
기갑 및 기계화부대 중대급 교전훈련장비 연구용역,공군본부,15605358.0,77.256,2016-11-05,(사)21세기군사연구소,임창흥,손보연,"서울특별시 금천구 가산디지털2로184, 10층 1017호(가산동, 벽산디지털밸리2차)"
16-상층대기 분석장비 외주정비,국군재정관리단,48289395.0,84.677,,사단법인 안보경영연구원,전건욱,,"서울특별시 강남구 언주로527, 10층 (역삼동)"
23∼27 방위산업발전 기본계획 수립 연구,제9691부대,241094489.0,80.44,2019-11-18,(주)제트코,정순오,김연경,"충청북도 청주시 서원구 수곡로99번길32-2, 101호(수곡동)"
[24-육-6] M&S 체계구축  활용방안 연구,제2879부대,37776083.0,80.358,,(사)대한토목학회,김현성,,경기도 용인시 처인구 모현면 외대로 81()
전시 비상급수 기준 수립 연구,국방부(운영지원과),,,,,전건욱,,
(236367-B)표적분석용 워크스테이션 구매(리스물건),육군본부,,101.789,2022-02-05,주식회사 삼우에이엔씨,정양수,이숙,대전광역시 대덕구 오정로78번길114 2층 (오정동)
K10제독차 조종상자 회로카드 정비기술개발 연구용역,육군본부,302896633.0,,,씨지에스아이티(주),김민구,이수행,"서울특별시 노원구 동일로1456-0 (상계동, 상계주공7단지아파트)"
공무직근로자 등 임금체계실태조사 및 고용환경 분석,공군사관학교,,101.587,2021-05-09,진해상사,이남택,이희섭,"서울특별시 중구 퇴계로27길25, 305호(충무로3가, 청림빌딩)"
국방 데이터 관리체계 수립 연구,육군교육사령부,10065504.0,98.458,2021-08-29,,신관우,김종원,
다락대훈련장 간이 갈등영향분석 연구용역(C037),국군재정관리단,32729490.0,77.439,,주식회사 발렌베리,최동양,이다정,서울특별시 성북구 삼선교로16길116-0 (삼선동2가)
차륜형장갑차 성능개량 사업 비용분석,육군교육사령부,363756890.0,103.273,2022-11-09,소망상사,한경희,이영진,"서울특별시 금천구 가산디지털1로146, 705호(가산동, 대륭테크노타운22차)"
최신 ICT를 적용한 국방컴퓨터체계 운용 방안 연구,방위사업청(운영지원과),73609916.0,84.527,2018-10-02,사단법인 안보경영연구원,,,"서울특별시 용산구 청파로 40, 삼구빌딩 1815호(한강로3가)"
군 암호체계 분석보호시스템 분석장비 구매,국군재정관리단,94919750.0,107.218,,(사)국방시설연구협회,김기순,김수정,"서울특별시 금천구 가산디지털2로184, 10층 1017호(가산동, 벽산디지털밸리2차)"
22-함정 대기오염 저감방안  설계영향성 연구,공군군수사령부,731226457.0,,2020-03-21,,,,
군 자동소음측정망 설치기준 및 운영방안 연구,육군본부,29509715.0,89.889,2021-12-17,,류장수,,"서울특별시 금천구 가산디지털2로184, 10층 1017호(가산동, 벽산디지털밸리2차)"
수도병원 임상의학연구센터 통계프로그램 구매계약,국군복지단,372832159.0,84.034,2017-10-27,(사)한국전략문제연구소,,,"서울특별시 용산구 청파로 40, 삼구빌딩 1815호(한강로3가)"
RAM 분석 및 군수지원 분석방법 선진화 연구(1차),국군재정관리단,85950006.0,88.798,,사단법인 안보경영연구원,전건욱,김한욱,"서울특별시 강남구 언주로527, 10층 (역삼동)"
(227013-D)이동식 취약점 분석평가 체계 구축사업,육군본부,402591090.0,107.681,2020-12-07,주식회사 에스앤피,김정한,박병희,서울특별시 구로구 디지털로26길5-0 (구로동) 1404호
국방대학교 안보현안분석 등 2종 인쇄 용역,육군본부,94537941.0,82.237,2022-07-31,,,전희수,
활주로 피해복구용 골재 품질기준 및 관리방안 연구,제5군단사령부,58015953.0,,2017-10-31,,,이창환,
무기거래조약에 따른 수출입통제 개선방안 연구,국방부(운영지원과),38181442.0,78.268,2018-01-20,(사)한국위기관리연구소,황현식,박재범,경기도 성남시 수정구 창업로42(시흥동) 판교제2테크노밸리 경기기업성장센터 532호
18년 발칸 추적훈련 분석기(제조),국군재정관리단,93052034.0,,2020-12-12,한국지식재산연구원,이재원,김채미,"서울특별시 구로구 디지털로288, 18층 1806호(구로동, 대륭포스트타워1차)"
정밀루트 및 문화재 지표조사 연구용역,해군본부,182884727.0,,,한성대학교 산학협력단,김영욱,권시형,"서울특별시 성북구 정릉로161 6층(정릉동, 정의관)"
「국방혁신 4.0 기본계획」 수정1호 발전방안 연구,국군재정관리단,6050637.0,81.528,2019-11-16,주식회사 인섹사이버시큐리티,권수민,현영철,"서울특별시 영등포구 선유로 70, 우리벤처타운2303호(문래동3가)"
[24-육-219] 자동차(외산)포렌식 분석 KIT(리스),공군사관학교,76310742.0,110.581,2023-01-18,주식회사 해피트리,김화경,최유진,"서울특별시 금천구 가산디지털1로30,1712호 (가산동,에이스하이엔드타워10차)"
차세대 첨단함정 건조가능성 연구용역(2019H044-B),육군군수사령부,,100.143,,사단법인 안보경영연구원,박정기,,"서울특별시 강남구 언주로527, 10층 (역삼동)"
군 자동소음측정망 설치기준 및 운영방안 연구,국군재정관리단,68430553.0,,2019-09-12,주식회사 우진지앤에스,전동애,서경희,"경기도 고양시 일산동구 백마로223, 431호(장항동, 현대에뜨레보)"
23년 전투발전 연구용역(3),방위사업청(운영지원과),219472008.0,74.837,2017-03-04,서울대학교 산학협력단,,정혜원,
해군조직 및 갈등특성에 부합한 갈등관리 방안 연구,국군재정관리단,354601285.0,86.665,,(주)지디엘시스템,김한희,김연,경상남도 김해시 삼안로195번길20-23 (삼방동)
동편활주로 재포장사업 선행연구 용역,방위사업청(운영지원과),44751591.0,77.217,,사)한국미래문제연구원,강창선,신명화,서울특별시 성북구 삼선교로16길116-0 (삼선동2가)
23-D-라만분광분석기 구매,방위사업청(운영지원과),36077101.0,,2023-03-24,(주)상일기업,배영훈,정명화,경기도 안양시 동안구 흥안대로445(평촌동) 제6층 615호 안양평촌동지식산업센터
정기기초연구과제연구용역(6. 전장에서포병화력...),국군의무사령부,337614977.0,75.946,2023-05-04,(유)목양,류황건,김경섭,"부산광역시 해운대구 센텀북대로60, 915호"
21 분석기 주파수편이용 1종 구매,국방부(운영지원과),159529479.0,,2018-05-03,,,,
유류시험장비(가스성분 분석기 등 2종) 구매,국군의무사령부,20498657.0,,2023-12-19,(사)21세기군사연구소,홍영기,,경기도 수원시 장안구 파장천로 31()
분석기 구매,방위사업청(운영지원과),146158650.0,71.003,2022-10-04,국민대학교산학협력단,박영선,,"경기도 고양시 덕양구 항공대학로76-0 (화전동, 한국항공대학교내)"
전투실험 발전 세미나 과제 연구용역(1),합동참모본부,48139809.0,,2023-07-07,해양산업드론일자리창출협동조합,김한욱,양정승,서울특별시 성북구 삼선교로16길116-0 (삼선동2가)
창군 100주년 준비 차기 공군 비전서(書) 작성 연구,제9691부대,8656345.0,79.099,2019-07-24,주식회사 한국엔브이,김준식,한대일,서울특별시 강서구 양천로401 (가양동) 강서한강자이타워 B동1503~1506호
미래 합동특수작전사령부 창설 필요성 연구용역,국군재정관리단,,107.205,2022-09-13,(주)포항자재,유인목,김우중,"서울특별시 송파구 석촌호수로138, 202호 (삼전동)"
범국민 안보의식조사 정책대안 연구용역,국군재정관리단,,84.83,2022-06-28,기관상사,박홍련,윤미선,"서울특별시 서초구 신반포로303, 101호 (잠원동, 에스엘빌딩)"
K10 탄약운반차량 경미한 성능개량 사업분석,국군화생방방호사령부,440534945.0,,2021-06-30,자주국방네트워크,김윤혁,정봉원,"서울특별시 성북구 정릉로 77, 국민대학교내(정릉동)"
교육장비(수질분석세트) 구매설치,한미연합군사령부,29556763.0,92.394,2019-12-11,,,최승룡,
월간지(안보현안분석  린사포럼) 인쇄 용역,국군대전병원,178416119.0,77.95,,,홍헬렌,,서울특별시 용산구 새창로128-1 (용문동) 2층
활주로지역 배수로 개선 분석평가 및 선행연구 용역,국군재정관리단,24175678.0,84.293,2024-03-28,한국항공대학교 산학협력단,김재영,윤정민,"서울특별시 강남구 논현로28길54-0 4층 (도곡동, 덕원빌딩)"
(236367-B)표적분석용 워크스테이션 구매(리스물건),국군간호사관학교,255097972.0,,,주식회사 리얼웹,한민구,,"서울특별시 금천구 가산디지털2로184, 10층 1017호(가산동, 벽산디지털밸리2차)"
상호운용성성공요인분석을 통한 평가업무발전방안연구,국방부(운영지원과),326731902.0,89.382,2016-12-11,상명대학교산학협력단,권시형,김현숙,
영상정보에 대한 학습데이터 확보방안 연구,공군군수사령부,50486592.0,,,사단법인 안보경영연구원,전건욱,,"서울특별시 강남구 언주로527, 10층 (역삼동)"
KMTF기반 국방정보체계 연동 고도화 방안 연구,해군본부,158831776.0,135.844,,,김주희,,
17-방공관제사-102 보급수송과 신호분석기,공군본부,,,2022-08-27,(주)에프오알엠도시건축공간연구소,권선애,,서울특별시 영등포구 여의공원로 101(여의도동)
상륙공격헬기의 효과적인 시설사업 추진방안 연구,해군본부,48681104.0,97.344,2021-12-21,,,,
방산수출을 위한 DFAR(美 국방조달규정) 번역 및 연구,국방부(운영지원과),,,2017-12-27,,,,
대잠훈련분석체계(AEAS) 유지보수 용역,육군본부,,74.689,2022-04-04,주식회사 에이티앤아이,박희원,이재동,"경상남도 김해시 관동로138, 1404동 301호(관동동, 죽림마을 동원로얄듀크아파트14단지)"
동시방위전략 구현을 위한 미래육군병과체계 발전연구,방위사업청(운영지원과),145222327.0,82.491,2021-01-22,,,김다예,
인터넷접속/전자우편 통제 및 분석체계 교체사업,제2879부대,,99.802,2022-09-27,한국법제연구원,김진원,장명훈,대전광역시 유성구 대덕대로776-0 (화암동) 한국천문연구원
지질자원연구원 MASINT DATA 수신체계 구축사업,국군재정관리단,502582353.0,91.522,2018-04-26,에스앤에스이앤지 주식회사,한민구,이승모,서울특별시 관악구 관악로1 (신림동)
[24-육-16] A군단 부대변천사 연구용역,국방대학교,228971764.0,98.969,2020-11-22,(주)카이엠,김학범,윤진영,세종특별자치시  연동면 원합강1길50-0
40mm고속유탄기관총-Ⅱ 사업분석,육군본부,55859242.0,,2024-08-08,(재)한국해양전략연구소,김진욱,황병윤,"경기도 수원시 영통구 월드컵로 206(원천동, 아주대학교)"
모바일기기 증거분석체계 구매(교체) 리스,해군본부,,85.22,2022-12-08,(주)한일종합상사,송귀섭,황성환,"서울특별시 금천구 가마산로96-0, 213호(가산동, 대륭테크노타운8차)"
20-지형분석체계 교체(리스물건)(208080-A),육군교육사령부,,,,포스정보주식회사,김유미,김은혜,전북특별자치도 정읍시 북면 북면공단2길87-0
국방로봇 운용을 위한 법/제도 개정 및 인증제도 연구,해군본부,154811783.0,88.145,2019-08-18,,,,
선진 육군가치문화 조성 연구용역,육군교육사령부,,87.859,,,,권시형,
4차 산업혁명과 연계한 미래 물자동원방안 연구,합동참모본부,,85.748,2022-04-03,,,안주섭,
비행대대 조종사 적정 편제 및 대체 인력 운영 연구,국방부(운영지원과),143317428.0,88.018,2018-11-22,(재)주택산업연구원,권시형,,서울특별시 광진구 군자동98 집현관 216
국방 안전사고 조사 표준 매뉴얼 마련을위한연구,국군재정관리단,,116.371,,,김주희,김소미,
해병대 정체성 향상 프로그램 개발 연구 용역,육군교육사령부,14866184.0,90.97,,,,박영욱,
국회 협력 조직 및 업무 개선 방안 연구,육군교육사령부,,,2019-12-02,국방기술품질원,엄현성,조해주,"서울특별시 서대문구 연세로 50, 연세대학교(신촌동)"
강릉병원 기능조정 연구용역,육군본부,19055023.0,77.058,2017-06-30,사단법인 안보경영연구원,박정기,,"서울특별시 강남구 언주로527, 10층 (역삼동)"
방산 용역 원가 및 이윤제도 개선방안 연구,방위사업청(운영지원과),,75.021,2021-12-31,,,,
원주기지 활주로 재포장사업 선행연구 용역,국방부(운영지원과),47077917.0,,,(주)에프오알엠도시건축공간연구소,김진욱,남혜정,
산업협력 제도 시행을 위한 세부 방안 연구,합동상호운용성기술센터,,88.852,,한화오션 주식회사,정주교,김소라,서울특별시 강남구 테헤란로81길26-0 (삼성동) 유림빌딩3층
18-함정EMP보호대책적용사례분석및개선사항도출연구,공군군수사령부,346763517.0,,2020-01-31,,박정기,,
K21 4차 양산사업 시설사업기본계획 연구용역,공군군수사령부,124384278.0,88.795,2020-02-26,주식회사 안보기술연구원,박종재,,충청북도 청주시 흥덕구 옥산면 덕촌삼성골길16
K1계열전차 연료수준감지기 대체품 개발 연구용역,국방부(운영지원과),159671459.0,,2019-02-17,(사)21세기군사연구소,,박용환,"서울특별시 송파구 법원로11길25-0, A동 1310호(문정동, 에이치비즈니스파크)"
국방 클라우드 확산 정책 연구 용역,공군제17전투비행단,208584311.0,89.285,2017-12-22,주식회사 태드솔루션,방성완,신인균,"서울특별시 금천구 가산디지털2로34, 923호(가산동, G밸리 더리브 스마트타워)"
발칸 보조전원공급기 수리부속 대체품 개발 연구용역,방위사업청(운영지원과),,92.838,2020-10-31,초코인터내셔널 주식회사,홍태오,박명근,충청북도 청주시 흥덕구 오송읍 오송생명2로110-6 셀젠텍
22년 공군 항공무장효과분석모델 통합 유지보수,국방부(운영지원과),,,,사단법인 대한민국공군발전협회,이정훈,김호영,"경상북도 구미시 대학로 61, 금오공과대학교 산학협력단(양호동)"
한국형 임무형 지휘 정착을 위한 리더십 적용 연구,국방부(운영지원과),158987324.0,,,(사)한국전략문제연구소,,,
정밀측정장비(레벨분석기) 구매,제3170부대,99467352.0,91.703,,한스메디칼,정태량,남혜정,"서울특별시 서대문구 신촌로109, 비2호(창천동, 신촌르메이에르타운5)"
급식유통센터 성과분석 및 (경남권)필요성 연구,국방전산정보원,,80.535,2018-01-20,사단법인 안보경영연구원,전건욱,,"서울특별시 강남구 언주로527, 10층 (역삼동)"
23-N-금속성분분석기 구매,국방부(운영지원과),69557424.0,102.399,,산업연구원,경상현,신호철,
