입찰공고명,공고기관명,최종낙찰금액,최종낙찰율,최종낙찰일자,최종낙찰업체명,최종낙찰업체대표자명,최종낙찰업체담당자명,최종낙찰업체주소,최종낙찰금액_num,낙찰율_num,연구주제,기관_상위
19년 지형분석장비 교체(리스물건)(20196289-G),합동참모본부,,86.225,2021-12-19,한성대학교 산학협력단,박영욱,이영주,"경기도 용인시 수지구 죽전로 152, 단국대학교내(죽전동)",210914385.0,86.235,의무장비(자동분석기 생화학용중형) 구매(20197014-D),합동참모본부
해병대 고유 무기체계별 맞춤식 정비개념 연구,육군본부,,,2022-12-28,,정봉원,,"서울특별시 강남구 논현로28길54-0 4층 (도곡동, 덕원빌딩)",135645779.0,92.277,사례분석을 통한 對아세안 국방협력 발전방안 연구,군
4차 산업혁명  군 적용을 위한 R&D 발전방안 연구,국방부(운영지원과),154279763.0,84.275,2022-04-13,(사)한국전략문제연구소,전건욱,,,154207632.0,84.271,(21G087-I)범국민 안보의식조사 연구 용역,중앙행정기관
(22G088-A) VR 지뢰훈련시뮬레이터 선행연구용역,국방부(운영지원과),197895341.0,69.863,,한성대학교 산학협력단,김화영,김영진,"경기도 성남시 수정구 복정로84번길 22-15,(B-001호) (복정동)",,69.862,’22년 미래혁신연구센터 부대소개영상 제작용역,군
주요 비행피복류 맞음성 개선 및 표준화 연구,국방부(운영지원과),,97.314,,(주) 웃샘,박종영,구종우,부산광역시 부산진구 동성로20 (전포동),,97.305,2017년 제3회 국방 분석평가관계관 워크숍 위탁운영,중앙행정기관
[24-육-91] 무건리 훈련장 갈등 비용분석 연구,국군재정관리단,187564034.0,,,충남대학교 산학협력단,성현모,김수권,대전광역시 유성구 온천로59-0 (봉명동) 905호,187540609.0,86.426,국가전략기동군 해병대 발전방안 연구 사업,기관
전자파 분석장치 등 2종 구매,제2군단,220831603.0,,2018-02-28,한성대학교 산학협력단,이인형,,경상남도 진주시 동진로420 (충무공동),220865407.0,,한국적 지뢰대응활동표준 작성에 대한 연구,제2879부대
미래환경 변화에 적합한 인력획득 홍보 발전방안 연구,방위사업청(운영지원과),,,,,,,,119217495.0,77.844,CSP 획득개선 및 무기체계 가동률 향상방안 연구,중앙행정기관
복합신호분석기 구매(20198178-F),국군재정관리단,211783145.0,87.672,2017-04-13,,,,,211848131.0,87.676,(20F067-I)소음영향도작성을위한소음측정및분석용역,제6619부대
군용항공기를 활용한 공중발사체 운영방안 연구,해군군수사령부,210640168.0,,,재단법인 한국군사문제연구원,전건욱,,"경기도 성남시 수정구 위례대로83(창곡동, 국방문화센터)",210906502.0,79.807,포항지역 항공기 소음감소 대응방안 연구 용역,기관
(20F060-I)소음영향도작성을위한소음측정및분석용역,방위사업청(운영지원과),,,2020-01-06,윤서상사,허성일,박재성,"서울특별시 금천구 가산디지털1로19, 406호, 407호, 408호, 409호(가산동,대륭테크노타운18차)",,102.82,상층대기분석장비 유지보수,군
공군 전장망 소스코드 취약점분석체계 교체사업,제9691부대,66039553.0,86.749,2024-05-06,한성대학교 산학협력단,김재영,홍광표,충청남도 논산시 양촌면 황산벌로1040,66081417.0,86.755,(22F067-G) 심리뇌파분석시스템 유지보수사업,중앙행정기관
공군 품목관리관 자격인증제도 도입방안 연구용역,합동참모본부,10663561.0,117.948,2017-11-01,,,,"서울특별시 송파구 법원로9길26, D동 1104호(문정동, H-비즈니스파크)",,117.956,포별분배기 회로카드(6종) 시험장비개발 연구용역,중앙행정기관
부대개편이전사업 선행연구(00부대 등 4개 부대),국방부(운영지원과),,,,,,박계향,,106340523.0,70.327,17-추수평가 개선 및 환류방안 연구,합동참모본부
입체영상 처리 및 분석장비 구매,공군본부,133149225.0,97.695,2023-11-22,주식회사코드원,강길영,이정희,"서울특별시 서초구 신반포로303, 101호 (잠원동, 에스엘빌딩)",133180968.0,97.691,20-161 218 동물용 자동분석기 등 3품목,제9691부대
탄약안전관리사 및 항공소방구조사 자격신설 연구,제3697부대,256299605.0,79.879,2017-06-19,만능유한회사,권수민,,"서울특별시 금천구 가산디지털1로1-0 (가산동, 더루벤스밸리) 1208호",,79.877,공중 무인무기체계 표준화 방안 연구,군
군 간부 획득환경 변화에 대비한 선발제도 방안 연구,방위사업청(운영지원과),31830895.0,102.48,2018-08-30,상명대학교산학협력단,,,"서울특별시 송파구 법원로9길26, D동 1104호(문정동, H-비즈니스파크)",,102.476,2019년 범국민 안보의식조사 연구 용역,중앙행정기관
함정 개조·개장 사업의 관급보험 도입방안 연구,방위사업청(운영지원과),,88.052,2022-07-03,대지이앤씨산업 주식회사,민명복,박소영,서울특별시 강남구 논현로189길6 (압구정동),,88.049,물류원가 데이터 수집 및 산정/관리 방안 연구,국군재정관리단
16-00원 종합발전 비전 연구용역,국방부(운영지원과),786884.0,77.937,,(주)디앤오종합건축사사무소,고중혁,,"서울특별시 종로구 홍지문2길20-0 (홍지동, 상명대학교)",,,CSRP 화생방 연구 재료 초자 구매,중앙행정기관
23-D-기체질량분석기 구매,육군본부,,111.744,,지그인더스트리,김정한,조민구,"경기도 고양시 일산서구 대산로213-0  302호 (대화동,중앙프라자)",,111.742,화생방위험예측분석체계 체계개발,중앙행정기관
디지털 혁신시대 SW개발역량 강화방안 연구용역,국방대학교,,88.816,2020-04-22,한국환경설계(주),조완제,박지훈,부산광역시 동구 중앙대로286번길9-0 (초량동) 306호,15817862.0,88.808,감염 및 외상분야 군의료 특성화 연구용역,기관
군 자동소음측정망 설치기준 및 운영방안 연구,국방부(운영지원과),8050189.0,,2020-11-12,한양무선통신,최명진,심지민,"경기도 군포시 고산로148번길17-0, B동 1303호, 1304호, 1305호(당정동, 군포IT밸리)",8046452.0,91.352,실감형 디지털 정신전력교육 실태 및 개선방안 연구,군
연구소 화생방연구활동 재료비 초자 구매,합동참모본부,12190385.0,,2019-03-24,,,금재호,,,80.115,민간인 지뢰제거 방안 연구,국군재정관리단
마린온기체 수명관리 및 창정비소요비용 타당성 연구,해군군수사령부,55621796.0,84.94,2016-10-30,주식회사 보람정보통신,오상석,박영욱,"서울특별시 금천구 가산디지털1로1-0 (가산동, 더루벤스밸리) 1208호",,84.939,함정추진축계이상소음발생위치추정및원인분석기법연구,국군재정관리단
16-'17년 대잠작전효과분석모델 성능개선 용역,공군본부,28479974.0,81.543,2019-07-25,,김진욱,,,28523348.0,,화산 특수작전종합훈련장 선행연구용역(특-24-용-24),중앙행정기관
차세대 비행시뮬레이터 개발을 위한 기술연구용역,국군재정관리단,20463804.0,83.218,2017-08-10,주식회사 세랜텍,최준호,전수현,강원특별자치도 철원군 동송읍 금학로31-98,20481482.0,83.224,야전운용시험 성과분석 및 발전방안 연구,군
상층대기분석장비 유지보수,국군재정관리단,,,2021-04-12,(사)21세기군사연구소,,박문희,,198995722.0,,부품정비대대 - 분석기  스펙트럼용 구매,국군재정관리단
지능형 악성코드 수집분석체계 라이선스 구매,국방부(운영지원과),,93.956,2024-04-10,주식회사 셀젠텍,홍광표,심동석,전라북도 정읍시 북면공단2길87(북면),377040605.0,93.949,[24-육-173] 영상분석 SW 라이선스 구매(리스물건),합동상호운용성기술센터
방산 부품산업 발전을 위한 지원체계 구축방안 연구,국군재정관리단,43638707.0,83.771,2021-08-17,(주)성광메디피아,최규식,함혜련,충청북도 괴산군 문무로85-0 중원대학교내 (괴산읍),,83.771,22-작전지휘시설 신축 분석평가 및 선행연구 용역,군
20년 전파환경 측정/분석장비 유지보수 용역,국방부조사본부,126985402.0,80.713,2022-03-03,주식회사 원스타,조동원,최영걸,경상남도 김해시 수가로242-9(응달동),,80.71,전원품질 분석기 구매,4284부대
전파영향평가 방법 비교분석 및 실증 연구,공군본부,97690683.0,85.343,2024-04-27,,,,,97676519.0,85.359,23-고출력에너지 무장 함정탑재 요구조건 연구,중앙행정기관
TAS-815K 레이저거리측정기 시험장비 개발 연구용역,국방부(운영지원과),13959937.0,,,,,,"서울특별시 금천구 가산디지털2로184, 10층 1017호(가산동, 벽산디지털밸리2차)",,93.342,23년 국방정책토론회 학술연구용역,중앙행정기관
디지털 증거분석 수사체계 교체사업(20198118-E),국군재정관리단,,,2021-11-10,,,,,15582758.0,,0000 수집/분석장비 구매,중앙행정기관
(246255-C) 외상처치 시뮬레이션 킷 등 5종 구매,육군군수사령부,280427751.0,,,주식회사투씨엘시스템,김한희,이숙,서울특별시 동대문구 고미술로100-0 (답십리동),280328946.0,80.69,항공화력유도 시뮬레이션 구축 구매/설치,군
국군의학연구소 자동혈구계산기 중형,국방부(운영지원과),30264184.0,89.665,2024-07-24,(사)한국전략문제연구소,박정기,,"서울특별시 강남구 언주로527, 10층 (역삼동)",,89.662,공군 휴대용 소형무인기 대응체계 연구 용역,중앙행정기관
공개출처정보(OSINT) 활용 사이버위협 분석방안 연구,방위사업청(운영지원과),33565570.0,,2021-08-20,,,,"서울특별시 강남구 언주로527, 10층 (역삼동)",33569734.0,,합동성을 고려한 대전차전력의 적정 소요 연구,합동참모본부
18-P3탑재장비PBL적용타당성검증및성과지표개발연구,육군본부,25679744.0,,,,,,,25696413.0,88.852,박옥규 제독 평전 제작 연구 용역,제2879부대
유류시험장비(연료성분분석기 등3종)구매(20196115-E),제2879부대,,88.753,2023-06-03,(사)한국위기관리연구소,노광현,,경기도 수원시 장안구 하률로12번길80-0 (천천동),371521713.0,88.749,18년 해군 전자정보 종합분석체계 개발사업,군
창조국방 추진을 위한 창의적 문화조성 방안 연구,육군본부,4905197.0,76.911,2020-03-04,,,이민행,,4896199.0,,CCTV 효율적 관리 및 AI분야 군 적용방안 연구,군
해병항공해상운용을위한동원선박운용개념연구용역,국군재정관리단,,,2019-03-15,(주)디아이엔티,최한철,,서울특별시 구로구 가마산로279-0 (구로동) 907호,419651221.0,93.968,손상통제사 자격신설 연구,중앙행정기관
개발사업 군사작전 영향검토 및 법제화 방안 연구,국군재정관리단,,99.617,2019-05-16,주식회사 한국심리평가원,김진욱,,,220873629.0,,효율적인 유지보수 사업관리 방안 연구,중앙행정기관
국군의학연구소 자동혈구계산기 중형,해군군수사령부,13989928.0,80.686,2019-09-07,(주)에프오알엠도시건축공간연구소,,고윤안,"서울특별시 용산구 이태원로 29, 전쟁기념관 4층(용산동1가)",13995710.0,80.676,RAM 및 군수지원분석 방법 선진화 연구(2차),국군재정관리단
소형무장헬기 경제적 획득 방안 연구,공군본부,,81.631,2018-11-11,한국과학기술원,김진욱,,대전광역시 동구 대학로62-0 (용운동),,81.629,워리어플랫폼 미래단계 추진방향 연구용역,기관
잠수함 시운전 제도 개선방안 연구,방위사업청(운영지원과),6370567.0,92.368,,(주)지디시스,김정윤,정성문,"서울특별시 금천구 가산디지털1로1-0 (가산동, 더루벤스밸리) 1208호",,,국내개발 항공기 성능개량 및 관리(대체)방안 연구,중앙행정기관
(246247-D) 이동형 심리생리반응 분석장비 구매,국방부(운영지원과),170757476.0,,2022-09-29,에스케이오션플랜트(주),문유경,최규식,"경기도 성남시 분당구 구미로8, 2층(구미동, 엠타워)",,93.764,분석기  스펙트럼용 구매,군
정보학교 사이버공간정보 연구용역,공군본부,402270583.0,75.758,2018-03-05,,,,,402366710.0,75.756,아웃도어용식량의 전투식량 활용 및 비축 타당성 연구,기관
지능형 전군 악성코드 수집분석체계 구축 금융리스,국방부,592952934.0,,,주식회사 동영상사,오육환,최승룡,"서울특별시 송파구 송파대로201-0 (문정동) 송파테라타워2 A동 1213,1214,1215,1216,1217,1218호",592834108.0,113.803,상층대기분석장비(전자모듈 등18종) 구매,국군재정관리단
22-12차 연구장비 구매 계약 - 초저온냉동고,국방부(운영지원과),102268857.0,,2020-12-01,국방대학교산학협력단,윤동열,전병욱,서울특별시 관악구 관악로1 (신림동),102355359.0,115.404,BLT급 과학화상륙(지상)전 모의훈련체계 구축 연구,군
폭발물처리 교육 전군 통합 필요성 검토 및 방안 연구,국군재정관리단,1897703.0,112.893,,,,서호성,서울특별시 서초구 방배로19길21-0 (방배동),1900641.0,112.897,국방군사시설 건축바닥면적 기준 개정 연구용역,제9691부대
지상전술C4I체계 2차 성능개량 비용분석,육군교육사령부,85866496.0,98.467,2022-02-04,기산건축사사무소,정주교,박재범,서울특별시 강남구 논현로189길6 (압구정동),85945190.0,98.468,19년 작전계획분석모델 장비교체사업(20198065-E),군
미래형 성과기반 군수지원 적용방안 연구,공군사관학교,54238302.0,,,,,,,54246687.0,95.427,120mm 전차포신 약실 검사장비 개발 연구용역,제9691부대
통신전자장비 전계강도 측정분석장비 개발,국군재정관리단,48260908.0,,2022-09-16,사단법인한국강구조학회,가회광,이태훈,서울특별시 성북구 삼선교로16길116-0 (삼선동2가),48265969.0,99.637,여단급과학화전투훈련체계 경미한성능개량 사업분석,중앙행정기관
군인 주거보조비 도입방안 연구,방위사업청(운영지원과),34015447.0,102.173,2021-08-22,주식회사 베가스,최규식,안성원,충청북도 청주시 청원구 오창읍 농소길33-56,34013530.0,102.171,전시피해건물 상태평가 기준정립 연구용역,군
인지전 수행을 위한 전력증강 방향 연구,방위사업청(운영지원과),,,2018-11-20,,,배미선,,41818240.0,76.937,17년 지형분석장비 교체사업,국군재정관리단
조종사 인사관리방안 연구용역,공군본부,131364896.0,77.635,,,,,,131260304.0,77.633,정기기초연구과제용역(5.인공지능강화학습...),중앙행정기관
K10 탄약운반차량 경미한 성능개량 사업분석,국군수송사령부,,,2022-12-27,(주)디아이엔티,이희석,김준우,"서울특별시 용산구 청파로349-0 (서계동,보은개발빌딩)",316759407.0,98.11,유전자감정장비(자동염기서열분석기)소모품 설치 납품,국군재정관리단
조종사 피로도와 안전비행의 상관관계 분석 연구용역,공군본부,33821045.0,71.444,2019-05-02,,,박종부,,33854007.0,,ATCIS 개방형 OS 전환 비용대비 효과분석 연구용역,군
방산기술보호 성숙도 모델 인증제도 추진방안 연구,육군본부,264779390.0,,2017-08-25,(사)21세기군사연구소,이진욱,정봉원,"서울특별시 구로구 디지털로33길11-0 (구로동, 에이스 테크노타워8) 1406호",,,2020년 군 조직의 양성평등 지표 조사 및 분석 연구,중앙행정기관
미 해군 6.25전쟁 분석자료 번역 용역,국방부,70646001.0,,2018-06-21,,,심지민,,70642700.0,75.297,18년 분석용모델 유지보수 용역,국군재정관리단
22년 육군 분석평가단 소개영상 제작용역,국방부(운영지원과),,77.959,,주식회사 알앤엠텍,차지환,조호현,"대전광역시 유성구 죽동로321-0 (죽동, 죽동금성백조예미지), 102동 201호",497526522.0,,빅데이터 분석체계 구축사업 감리 용역,군
(227239-B) 악성코드 수집분석체계 라이선스 구매,육군본부,,,,(사)한국전략문제연구소,,,"서울특별시 용산구 청파로 40, 삼구빌딩 1815호(한강로3가)",,,2022년 의무장비(혈액가스및전해질분석기) 구매,국군재정관리단
조종사 피로도와 안전비행의 상관관계 분석 연구용역,해군군수사령부,110085454.0,,2019-12-18,(주) 한국능률협회컨설팅,김재영,이덕호,서울특별시 금천구 가산디지털1로171-0 (가산동) 가산SK V1 센터 1505호,109933006.0,,[24-육-129] 예비전력발전세미나 주제 연구(Ⅱ),합동참모본부
국방정보체계프로젝트관리시스템 발전방안 연구,국방부군사편찬연구소,94433873.0,104.087,,사단법인 안보경영연구원,전건욱,,"서울특별시 강남구 언주로527, 10층 (역삼동)",94364123.0,104.08,18-해상종합전술훈련장사업타당성 국내개발가능성연구,군
21년 공군 항공무장효과분석모델 통합유지보수 용역,해군본부,81126748.0,99.983,2021-08-18,사단법인 대한민국공군발전협회,경상현,황병윤,서울특별시 강남구 학동로311(논현동) 타호비지니스센터 203호,81140350.0,99.983,내부피폭선량분석셋(삼중수소 전처리장비셋) 구매,중앙행정기관
방위력개선사업에 K-RMF 적용을 위한 방안연구,국방대학교,172282174.0,79.601,2021-02-10,(사)21세기군사연구소,,,,172250576.0,79.609,차륜형지휘소용차량 시설사업기본계획 연구용역,군
(21F049-I)제2軍 대테러 종합훈련장 선행연구 용역,공군본부,98161100.0,75.076,,서울대학교 산학협력단,임영갑,전형준,"경기도 성남시 수정구 복정로84번길 22-15,(B-001호) (복정동)",98142660.0,75.077,상호운용성성공요인분석을 통한 평가업무발전방안연구,제20전투비행단
육군 NCS 기반 직무 및 요구역량 조건표 연구용역,국군제1068부대,214765361.0,89.394,,세종대학교산학협력단,김진욱,박정국,"인천광역시 중구 인중로 178, 제이엘타워 1001호(사동)",,89.397,미래 우주전장 분석 및 공군 우주전략 수립 연구용역,기관
22-해-금속성분분석기 구매,공군교육사령부,112269220.0,93.297,2024-10-03,연세대학교 산학협력단,김재영,우재봉,경상남도 진주시 동진로420 (충무공동),,93.288,지능형 C4I체계 기술 분석 및 클라우드환경 구축방안,국군재정관리단
의무장비(생화학자동분석기 등 2종) 구매(17-207),해군군수사령부,69644700.0,79.598,2021-06-16,,채수장,서경원,서울특별시 관악구 관악로1 (신림동),69757725.0,79.589,상층대기분석장비 유지보수,국군재정관리단
해병대 과학화예비군 훈련장 발전방안 연구 용역,육군본부,,78.986,2024-02-12,사단법인 한국자살예방협회,허준행,이연정,세종특별자치시  국책연구원로15-0 (반곡동),,78.984,군 급식 민간위탁 시범사업 성과분석 연구,군
성희롱 등 사건분석을 통한 조직문화 개선방안 연구,육군본부,,,2018-11-19,(사)한국전략문제연구소,박정기,,"서울특별시 강남구 언주로527, 10층 (역삼동)",106074158.0,95.765,20-공무직근로자 임금체계 연구용역(K041),군
24년 군 양성평등지표 조사 및 분석 연구,국군재정관리단,49548273.0,96.172,,군정비지원센터,김한희,이주열,경기도 고양시 덕양구 권율대로656-0 (원흥동) 17층 1739호,49552387.0,96.172,정밀루트 및 문화재 지표조사 연구용역,제9691부대
국방과학 기술료 제도개선 방안 연구,해군본부,21890471.0,109.297,2018-06-17,,,김미진,,21921605.0,,대량탄약조립장 개선방안 연구,군
전자전기 확보 및 효율적 운용방안 연구,방위사업청(운영지원과),294429368.0,,,,,,,294601910.0,86.761,19-군 자체 안전보건경영시스템 인증제도 구축 연구,군
국군역사기념관(가칭) 건립사업 선행연구,국군재정관리단,,85.676,,,,,,137587660.0,85.673,부대개편이전사업 선행연구(00부대 등 4개 부대),기관
자동염기서열분석기 소모품 구매설치,육군군수사령부,,95.202,2021-12-17,해군사관학교 산학협력단,한영수,방금인,서울특별시 영등포구 영등포로35길10-0 (영등포동6가) 8층 809호,24527723.0,,22-합 -분석실험실 운용장비 교체사업 리스,제20전투비행단
사례분석을 통한 對아세안 국방협력 발전방안 연구,국군재정관리단,122845961.0,,,건양대학교 산학협력단,김규원,이정원,경기도 성남시 수정구 창업로42(시흥동) 판교제2테크노밸리 경기기업성장센터 532호,,87.024,CMMC 관련 통합실태조사 개선안 연구,제9691부대
군의료 특성화 연구용역(요추유합술 환자만족도 연구),국군재정관리단,99376381.0,90.074,2021-04-20,조선대학교 산학협력단,,장유라,"서울특별시 용산구 이태원로 29, 전쟁기념관 4층(용산동1가)",99375542.0,90.078,’22년 전투발전 연구과제 용역(1),국군재정관리단
K-UAM과 연계한 드론 통합관제체계 구축 방안 연구,국군재정관리단,,,2023-02-28,주식회사 아레스,채수장,강우철,"서울특별시 성북구 정릉로 77, 국민대학교내(정릉동)",278865885.0,,수도병원 임상의학연구센터 통계프로그램 구매계약,군
소형드론용 지능형 영상분석기술 연구/시연 용역,국방부(운영지원과),,90.948,2017-09-25,,,,,182413408.0,,신기술 적용을 통한 저장시설 물류향상 연구,군
대잠훈련분석체계(AEAS) 유지보수 정비,국방대학교,83444232.0,74.907,,청주대학교산학협력단,허건영,이우학,서울특별시 관악구 관악로1 (신림동),,74.901,자동염기서열분석기 정비 및 검교정,중앙행정기관
병 오일분석용 구매,국군의무사령부,85042907.0,88.584,2019-04-29,(주)다남정보통신,김금남,한아름,"서울특별시 영등포구 국회대로74길19, 동우국제빌딩 902호",84992949.0,,군수지원함(AOE-Ⅱ) 2차사업(양산) 비용분석,기관
자동화사격장 차단벽구조 구축방안 연구용역,국군화생방방호사령부,100423870.0,92.553,2020-10-16,,,,,,92.562,해양 유ㆍ무인 복합전투체계에 대한 대응방안 연구,중앙행정기관
극지안보환경 변화에 따른 미래 한국해군의 역할 연구,공군제18전투비행단,38398014.0,,2019-01-01,(주)렛츠정보통신,김운용,노민택,서울특별시 관악구 관악로1 (신림동),38365929.0,76.466,지상공중우주계층별 양자기술연구용역,국군재정관리단
기초자치단체 비상대비업무 담당자 신편방안 연구,국방부(운영지원과),,90.562,2019-09-16,(사)21세기군사연구소,주양효,,대전광역시 유성구 유성대로1646-0 (전민동),387291736.0,,00학교 종합정보체계 고도화사업 개념연구,중앙행정기관
미래형 성과기반 군수지원 적용방안 연구,육군교육사령부,,81.025,2018-07-24,,전건욱,박계향,,,81.025,임베디드 및 군 무선통신 취약점 분석기술 연구,군
KUH-1 엔진 시험장비 고장예측시스템 개발 연구용역,제6619부대,37310287.0,82.168,2019-11-08,알앤알컨설팅 주식회사,김운용,,부산광역시 부산진구 동성로20 (전포동),37357341.0,,4차 산업혁명 전장기능별 무기체계 소요 연구 용역,군
국방 사이버보안 종합발전 전략 연구,육군교육사령부,,88.479,2020-11-08,삼성서울병원,김상인,서경원,경기도 수원시 장안구 하률로12번길80-0 (천천동),174558023.0,88.482,통섭형 인재 육성을 위한 직무순환 방안 연구 용역,중앙행정기관
(207118-D)00분석체계 구축자재 구매,방위사업청(운영지원과),216968601.0,,2020-05-06,주식회사 다윤테크,홍태오,김영철,충청북도 청주시서원구 개신동446-2,217096121.0,,디지털 증거분석 수사체계 도입(218091-A),중앙행정기관
국방 안전환경 분석 및 안전교육 정책 발전 방안 연구,육군교육사령부,,79.045,2016-04-26,건양대학교 산학협력단,권오성,박계향,"서울특별시 금천구 가산디지털2로184, 1017호(가산동, 벽산.경인디지털밸리2)",150637488.0,,CN-235 항공기 특성(RCS/IR Signature) 연구,군
대잠훈련분석체계(AEAS) 유지보수 용역,국군재정관리단,,84.496,,테크디,이정근,조대현,서울특별시 강남구 논현로189길6 (압구정동),117578656.0,84.498,(20F058-A)소음영양도작성을위한소음측정및분석용역,군
상층대기분석장비 유지보수,국방부(운영지원과),,87.357,2020-06-23,법무법인 집현전,박영선,윤진영,서울특별시 성북구 삼선교로16길116-0 (삼선동2가),497549418.0,87.354,상층대기분석장비 유지보수,중앙행정기관
21-수명주기와 연계한 경항공모함 정비방안 연구,국군재정관리단,44578686.0,,2022-03-12,사단법인 안보경영연구원,전건욱,황병윤,"서울특별시 강남구 언주로527, 10층 (역삼동)",,87.282,육군 NCS직무표준화 및 군내 활용방안 연구 용역,중앙행정기관
집중정신전력교육 프로그램 개발 연구용역,국군수도병원,364724571.0,93.312,2020-02-05,,,,,365008847.0,93.308,드론봇 전투체계 통합관제체계 구축 연구용역,국군재정관리단
훈련 및 부대운영 빅데이터 활용방안 연구용역,국방대학교,23048690.0,102.283,2017-08-05,사단법인 안보경영연구원,박정기,,"서울특별시 강남구 언주로527, 10층 (역삼동)",23042895.0,,OO사단 등 9개 부대 개편사업 선행연구 용역,군
중장비 수송차량 이동을 위한 도로능력 검증 연구용역,국방부조사본부,,95.789,,국민대학교산학협력단,민성호,두진욱,충청북도 청주시 상당구 남일면 단재로635(공군사관학교),87014500.0,95.789,지형 지질등을 고려한 지하형 탄약고 신축타당성 연구,국군재정관리단
보라매(KF-21) 양산 비용분석,방위사업청(운영지원과),41671054.0,,2021-08-23,(주)아인스에스엔씨,김종호,김서연,"서울특별시 서대문구 경기대로47, 307호(충정로2가)",,83.691,(216178-D)휴대용화학탐지장비(화학물질분석기) 구매,군
16년 작전지속지원분석모델 유지보수 용역,해군본부,22133560.0,91.256,,한국여성정책연구원,김진원,나인성,서울특별시 금천구 벚꽃로244-0 (가산동)810호 벽산디지털밸리5차,22105929.0,91.263,정밀측정장비(스펙트럼분석기 등 4종) 구매,국군재정관리단
함정 GPS 함속력계 신호 변환 장치 개발 연구용역,국방전산정보원,113668351.0,99.01,2016-12-09,,,이수행,,113617798.0,99.007,부대개편이전사업 선행연구(00부대 등 4개 부대),군
군용비행장 소음측정 및 분석용역(해),국군재정관리단,57719462.0,,,,김주희,최재현,,,86.453,(20F169-A)지형분석장비 교체사업 등 17건 금융리스,군
17-방공관제사-94 보급수송과 스펙트럼 분석기/3품목,국군재정관리단,101981966.0,,2022-05-20,세종대학교산학협력단,유상호,박계향,"서울특별시 용산구 이태원로 29, 전쟁기념관 4층(용산동1가)",,85.52,19년 작전계획분석모델 장비교체사업(20198065-E),중앙행정기관
(21G087-I)범국민 안보의식조사 연구 용역,국군의무사령부,,92.665,2022-09-19,(사)한국식품기술사협회,양선원,심지민,"서울특별시 금천구 가산디지털2로184, 10층 1017호(가산동, 벽산디지털밸리2차)",118019752.0,92.664,21-2차 개념설계 기술지원 연구용역,군
반환 미군기지 매각 활성화를 위한 처분 방안 연구,제9691부대,192601381.0,115.153,2018-03-22,(사)21세기군사연구소,한민구,,서울특별시 마포구 월드컵북로5길59 (서교동),192689402.0,115.151,전투발전 연구용역 과제 세미나 수행 용역,군
23년 의무장비(전기수술기 분석기) 구매,육군교육사령부,104230508.0,97.659,,한성대학교 산학협력단,고영호,김정은,서울특별시 성북구 삼선교로16길116-0 (삼선동2가),,,디지털 증거분석체계 라이센스 확보 사업,군
인공지능 무기체계 시험평가 기준 절차 방법 연구,국방부(운영지원과),,,2020-11-16,국방대학교산학협력단,정현찬,윤병찬,서울특별시 성북구 삼선교로16길116-0 (삼선동2가),73152900.0,83.403,예비전력발전세미나 주제연구(Ⅱ) 용역,군
요분석기 사단용 등 2종 구매,국방대학교,366711027.0,93.256,2017-12-30,주식회사 미디어스테이션,임지연,조종열,경기도 의왕시 오봉산단3로25 (삼동) 의왕테크노파크 더리브비즈원 1동1528호,366944803.0,93.258,(207134-H)국방보안조사 분석시스템 HW구매(리스물건),합동상호운용성기술센터
24년 기술연구용역(3),국군화생방방호사령부,4291167.0,107.994,,제이컴,이승후,백수정,"경기도 성남시 중원구 갈마치로302, A동 602호 (상대원동, 우림라이온스밸리5차)",4298498.0,107.987,인지전 수행을 위한 전력증강 방향 연구,중앙행정기관
(22F008-I)주민 지자체함께와상생하는훈련장연구용역,해군본부,,96.318,2020-10-25,사단법인 안보경영연구원,박정기,,"서울특별시 용산구 청파로 40, 삼구빌딩 1815호(한강로3가)",156103644.0,96.312,차륜형지휘소용차량 시설사업기본계획 연구용역,중앙행정기관
NCoE 구현을 위한 합참중심 QoS 모델 연구 용역,공군본부,,93.512,2017-10-21,행복한 일 연구소,김성룡,,"서울특별시 구로구 디지털로33길11-0 (구로동, 에이스 테크노타워8) 1406호",,93.506,연구활동 재료(시약) 113종 구매 ,제9691부대
기술인력육성 보조사업자 운영성과평가 및 연구,육군교육사령부,,,2020-11-03,주식회사 성보,윤미선,나인성,"경기도 안양시 동안구 학의로282, B동 1616호",41208352.0,,스펙트럼분석기 등 5종 구매,중앙행정기관
북한의 기뢰전 전술 분석 및 대응책 연구,국방부(운영지원과),,,2017-11-09,,박정기,엄지성,,,93.47,한국 육군 교육훈련관리의 개선방안 연구,중앙행정기관
전시자원소요분석모델 장비 교체사업 리스,국군재정관리단,12653953.0,,2022-04-18,사단법인 안보경영연구원,전건욱,,"서울특별시 강남구 언주로527, 10층 (역삼동)",12664580.0,,통일후육군구조(안)에대한 합참과 육군(안)에대한분석,군
표적획득 및 사격지휘체계 발전에 따른 포병효과 분석,국방부(운영지원과),,,,명지대학교 산학협력단,윤진영,장정연,경기도 용인시 기흥구 마북로207(마북동),,91.191,항-19-032 자동면역분석기 시약(HBsAg RGT)등 112종,군
공중 무인무기체계 표준화 방안 연구,방위사업청(운영지원과),65357028.0,110.061,2021-04-08,(주)심네트,권정환,,"서울특별시 서초구 서운로 226, 서초오피스텔 404호(서초동)",,,21-함정 거주구역 개선방안 연구,중앙행정기관
생존성 향상을 위한 개인 부대방호 능력 분석 연구,국군재정관리단,2005256.0,70.512,,사단법인 안보경영연구원,전건욱,구종우,"서울특별시 강남구 언주로527, 10층 (역삼동)",2004730.0,70.518,SUPPRESSED,기관
잠수함 업체주도 연구개발 장비의 시험평가 방안,국방부(운영지원과),459322.0,110.275,2019-10-07,사단법인 안보경영연구원,박정기,,"서울특별시 용산구 청파로 40, 삼구빌딩 1815호(한강로3가)",459575.0,110.295,박옥규 제독 평전 제작 연구 용역,중앙행정기관
분석기 주파수편이용 2EA 구매(20199199-I),제9691부대,275560988.0,102.45,,,김진욱,,,,102.453,(227059-E)방탐정확도 정밀분석 시험용 드론 제조,중앙행정기관
21년 서울안보대화 프로그램 기획 및 발전방향 연구,국군재정관리단,291172858.0,75.258,,(주)씨앤씨솔루션,권오경,정주교,"전라남도 무안군 삼향읍 남악3로80,204호(제일프라자)",291179468.0,,(21G087-I)범국민 안보의식조사 연구 용역,제9691부대
표적메모리 회로카드 대체품 개발 연구용역,공군본부,,86.337,2019-01-24,,,,,,86.342,차세대 전투차량 발전방안 연구 용역,중앙행정기관
유류시험장비(연료성분분석기 등3종)구매(20196115-E),국군재정관리단,,85.761,2024-06-24,,,박영욱,,,,유류시험장비(가스성분 분석기 등 2종) 구매,군
합동성을 고려한 대전차전력의 적정 소요 연구,국방부(운영지원과),21699710.0,78.332,,,전건욱,,"서울특별시 강남구 언주로527, 10층 (역삼동)",21683097.0,,국방개혁과 연계한 예비군법 발전방안 연구,제9691부대
우주안전 발전 생태계(거버넌스) 구축 연구 용역,한미연합군사령부,,93.224,2019-11-29,,,,,,93.23,물류원가 데이터 수집 및 산정/관리 방안 연구,합동참모본부
17년 지형분석장비 물품 구매설치,방위사업청(운영지원과),,102.409,2020-11-25,,,,,,102.404,(20F088-A)소음영향도 작성을위한 소음측정및분석용역,중앙행정기관
항-19-072 생화학분석기 시약 등 44종,계룡대근무지원단,334791116.0,,2023-03-26,,이세영,,"서울특별시 금천구 가산디지털2로184, 10층 1017호(가산동, 벽산디지털밸리2차)",334925854.0,82.301,TICN Block I -① 경미한 성능개량 사업분석,국군재정관리단
자동염기서열 분석기 소모품 구매 설치,국방부(운영지원과),,82.305,2022-08-07,행복한 일 연구소,최태묵,박소영,경상북도 구미시 산동읍 강동로730,15012577.0,82.301,병  오일분석용 1종,군
항-20-004 자동면역분석기 시약 등 123종,제2879부대,,96.236,2022-08-28,,,박계향,,,96.246,혈액가스 분석기 1EA 구매,중앙행정기관
유무인 전투기의 공대공 복합운용개념및요구능력 분석,국방대학교,,93.867,2022-06-02,국방대학교산학협력단,조보근,장재필,"충청남도 논산시 대학로 121, 건양대학교 산학협력단(내동)",57959518.0,93.861,공무직근로자 등 임금체계실태조사 및 고용환경 분석,국군재정관리단
춘천병원 기능강화 연구용역,국방부(운영지원과),,97.769,,영남대학교산학협력단,조은미,이우희,"서울특별시 금천구 가산디지털1로1-0 (가산동, 더루벤스밸리) 1208호",,97.757,21년 차세대 첨단함정 건조가능성 검토 연구용역(ll),제9691부대
국내개발 항공기 성능개량 및 관리방안 연구용역,합동참모본부,,88.501,2024-05-25,가천대학교산학협력단,정재관,김동신,"서울특별시 영등포구 여의대방로67길22, 602호(여의도동, 태양빌딩)",35495844.0,88.495,00 군공항 이전 시설기본요구조건(안) 작성 연구용역,군
함정 연구개발 군 요구조건 관리방안 연구용역,해군본부,131220949.0,90.192,2023-03-04,사단법인 한국갈등학회,이덕호,권시형,"경기도 용인시 수지구 죽전로 152, 단국대학교내(죽전동)",131216021.0,90.192,4차 산업혁명 기술 함정적용 방안 연구용역,군
산소분석기 1종,제20전투비행단,,74.636,2023-03-26,,,,,106150862.0,74.632,항-17-018 자동연역분석기 시약 등 37종,제20전투비행단
육군수사단 부대개편 시설사업 선행연구 용역,국방대학교,,95.322,2022-12-17,,,,,,95.321,차세대 첨단함정 건조가능성 검토 연구용역(III),4284부대
17년 작전지속지원분석모델 유지보수 용역,합동상호운용성기술센터,60594986.0,78.333,,주식회사 에이치투엘테크놀로지,박광섭,박혜인,"서울특별시 금천구 가산디지털1로1-0 (가산동, 더루벤스밸리) 1208호",60666463.0,,분석기(회로망용) 구매,군
24-첨단기술활용한 피아식별(인원) 방안연구 용역,국방부(운영지원과),112744934.0,95.617,,주식회사 보스테크,유관우,김태욱,"경기도 성남시 수정구 금토로80번길11, (금토동, 판교이노베이션랩) 9층 909~911호",112705979.0,,무기체계 공급망 관리(SCM) 최적화 프로세스 연구,군
ISR 자산의 효율적 통합 운용방안 연구,국방부(운영지원과),15773178.0,,2017-01-28,라온시스템즈(주),최치원,이재평,경상남도 함안군 칠북면 삼칠로 1826티엠시 (주),,81.817,생존성 향상을 위한 개인 부대방호 능력 분석 연구,중앙행정기관
23-F-분석기 스펙트럼용 2종 구매(239034-H),국방부(운영지원과),299517834.0,97.125,2021-12-12,롯데캐피탈(주),김원헌,한달연,"전라남도 무안군 삼향읍 남악3로80,204호(제일프라자)",,97.119,23-F-최대전력 분석기 구매,군
4차 산업혁명  군 적용을 위한 R&D 발전방안 연구,육군인사사령부,,,2018-08-19,한남대학교 산학협력단,노광현,,서울특별시 영등포구 영등포로35길10-0 (영등포동6가) 8층 809호,,,헬기 보조동력장치 시험장비 개발 연구용역,국군재정관리단
예비전력발전세미나 주제연구(Ⅰ) 용역,국군재정관리단,,84.935,2019-12-28,한국직업능력연구원,김진욱,정기쁨,충청남도 논산시 양촌면 황산벌로1040,,,군사과학정책 연구 용역(1. 국방 데이터....),군
민군 협력을 통한 상호가치 창출 활성화 방안 연구,공군제15특수임무비행단,22422065.0,,2016-12-18,재단법인 한국군사문제연구원,김형철,,"경기도 성남시 수정구 위례대로83(창곡동, 국방문화센터)",22369709.0,,민군 협력을 통한 상호가치 창출 활성화 방안 연구,군
무기체계 전력지원체계 분류기준 재정립 연구,제2879부대,117589865.0,83.606,2020-03-08,사단법인 한국국방발전연구원,,,,,83.606,PLS세트 선행연구 용역,군
17년 지형분석장비 물품 구매설치,국군재정관리단,,82.584,,한성대학교 산학협력단,김윤혁,정현석,"서울특별시 금천구 가마산로96-0, 213호(가산동, 대륭테크노타운8차)",56408010.0,,정비공정 분석도구 구매,국군재정관리단
항-20-004 자동면역분석기 시약 등 123종,공군제19전투비행단,418727506.0,100.276,2022-01-24,주식회사 제니컨벤션,박준빈,이창환,"서울특별시 금천구 서부샛길606, A동 2410호 (가산동,대성디폴리스지식산업센터)",418615577.0,,21년 의무장비(혈액가스 분석기 중형) 구매,국군재정관리단
민군복합타운 조성방안 연구,국군재정관리단,,102.608,2024-06-12,,,김정일,,,102.605,공대지유도탄 양산 시설사업기본계획 연구용역,중앙행정기관
대잠훈련분석체계(AEAS) 유지보수 용역,방위사업청,,,2019-05-21,바다메디칼,권수민,이영민,"경기도 김포시 태장로789,732호 (장기동,금광하이테크시티)",37024264.0,93.298,00기지 환경개선 사업 분석평가 및 선행연구 용역,기관
분석기 주파수편이용 2EA 구매(20199199-I),국방부(운영지원과),181959556.0,,2020-07-27,(주)레이다앤스페이스,권수민,김하근,경상북도 구미시 산동읍 강동로730,181853596.0,95.28,항-19-072 생화학분석기 시약 등 44종,중앙행정기관
21-미 해군 6.25전쟁 전쟁분석 자료 번역 용역,국방시설본부,36231818.0,,2020-08-08,씨지에스아이티(주),박수진,한대일,"서울특별시 영등포구 여의대방로67길22, 602호(여의도동, 태양빌딩)",36223993.0,94.315,22-해-소형 사단용 생화학자동분석기 구매,기관
(207146-F)디지털포렌식 분석장비 도입,해군군수사령부,,97.107,2021-05-07,,김진욱,안구름,"서울특별시 금천구 가산디지털2로184, 10층 1017호(가산동, 벽산디지털밸리2차)",76689575.0,97.099,2018년 제4회 국방 분석평가관계관 워크숍 위탁운영,군
대함유도탄 방어유도탄 양산사업 비용분석,국군재정관리단,98499234.0,,,(사)21세기군사연구소,,서선숙,"전라북도 군산시 임피면 호원대3길 64,",,108.83,항-16-047 050 자동면역분석기 등 42종,군
20-S-통합유류고 신축사업 선행연구 용역,국군재정관리단,,85.405,2023-08-02,상명대학교산학협력단,,김중곤,,66249309.0,85.41,장보고급 잠수함 디젤감시장치 연구개발 용역,국군수도병원
죽변 비상활주로 민ㆍ민갈등 해소방안 연구,국군의무사령부,,97.859,2017-12-24,,,,서울특별시 노원구 화랑로574-0 (공릉동),104560697.0,97.855,군 모바일 업무혁신 추진방안 연구용역,중앙행정기관
군수품 수송용 드론 선행연구 용역,해군본부,112482563.0,118.113,2018-07-27,(주)두두아이티,한민구,,"경기도 고양시 덕양구 항공대학로76-0 (화전동, 한국항공대학교내)",112432613.0,,웨어러블 로봇 운용개념 연구용역,중앙행정기관
해병대 고유 무기체계별 맞춤식 정비개념 연구,국군재정관리단,486433614.0,85.612,,국립금오공과대학교산학협력단,김윤혁,이귀숙,"대구광역시 동구 국채보상로159길41-0 (신천동, 우방푸른타운) 상가 107동 4층",486780159.0,,의무후송전용헬기 시설사업기본계획 연구용역,국군재정관리단
임베디드 및 군 무선통신 취약점 분석기술 연구,공군본부,,86.149,2018-10-28,주식회사 지니클라우드,오중산,,"서울특별시 송파구 송파대로24길5-6 (가락동,1층)",107714056.0,86.148,군 자동소음측정망 설치기준 및 운영방안 연구,군
(20F157-I)12.7mm 파쇄탄 정부투자 연구개발 사업,공군작사근무지원단,94537897.0,,,,,,,94578768.0,71.742,선외기 프로펠러 안전장치 성능개선 연구용역,제2879부대
신호분석기 1대 구매,국군재정관리단,,78.784,2021-06-27,(사)21세기군사연구소,,조대현,,46601426.0,78.792,악성코드 분석체계 확대 구축 사업(20197146-C),군
’22년 전투발전 연구과제 용역(4),해군군수사령부,68708335.0,77.607,2021-07-16,에스앤에스이앤지 주식회사,,,"서울특별시 금천구 가산디지털2로184, 10층 1017호(가산동, 벽산디지털밸리2차)",68646947.0,77.598,해병대 과학화예비군 훈련장 발전방안 연구 용역,중앙행정기관
함 탑재용 무인항공기 선행연구,국방부(운영지원과),,,2021-06-11,,한민구,,"서울특별시 송파구 법원로11길25-0, A동 1310호(문정동, 에이치비즈니스파크)",57708608.0,,창조국방 추진을 위한 창의적 문화조성 방안 연구,중앙행정기관
프로그램 단위 성과관리를 위한 성과지표 연구,방위사업청(운영지원과),,88.091,2020-06-16,롯데캐피탈(주),최철욱,임근우,"서울특별시 송파구 석촌호수로138, 202호 (삼전동)",19997854.0,88.095,신기술 연구개발 기반체계 구축 및 백업체계 교체,군
항공무기정비분야 안전관리체계 고도화방안 연구용역,해군작전사령부,115444565.0,87.072,2022-04-07,,,,,115467571.0,87.066,비전통위협 대비군시설활용및 공용면적 기준 개정연구,기관
21 분석기 주파수편이용 1종 구매,국군의무사령부,125341786.0,95.883,,,한민구,,,125255145.0,95.883,군수 빅데이터 수집/분석체계 구축 BPR/ISP 감리,국군재정관리단
16년 전자파 측정 및 분석장비 개발 용역,국방부(운영지원과),45098423.0,91.972,2018-12-26,,박종선,,"서울특별시 송파구 법원로11길25-0, A동 1310호(문정동, 에이치비즈니스파크)",,91.981,감정장비(자동염기서열분석기 등 2종) 검교정 용역,군
정기기초연구과제(1. 한국의외교/안보정책),국방부(운영지원과),135340909.0,,2018-12-25,젠트리거,이상환,김소미,"경기도 군포시 고산로148번길17-0, B동 1303호, 1304호, 1305호(당정동, 군포IT밸리)",,96.388,인터넷접속/전자우편 통제 및 분석체계 교체사업 리스,기관
공군 3훈비 방호시설 방호성능평가 연구용역,제5378부대,41591809.0,,2022-01-23,주식회사 팬웨스트에스앤티,전병욱,박종호,경기도 화성시 10용사로456-0 (반송동),41581010.0,,김해기지 항공교통관제 운영 개선방안 연구용역,제20전투비행단
연구개발 부품[캐피시터등50종1655점 구매],국군재정관리단,16449041.0,,2021-04-04,주식회사 휴먼씨엔씨,김용섭,김석용,서울특별시 금천구 가산디지털1로171-0 (가산동) 가산SK V1 센터 1505호,16446861.0,,NCoE 구현을 위한 합참중심 QoS 모델 연구 용역,국군재정관리단
18-함정EMP보호대책적용사례분석및개선사항도출연구,국군재정관리단,52951867.0,82.975,2016-05-20,주식회사 한국엔브이,노영일,박병희,서울특별시 금천구 가산디지털2로123-0 (가산동) 월드메르디앙벤처센터 2차 317호,52926458.0,82.967,국방과학기술기본법 제정을 통한 국방연구개발 혁신,기관
복합신호분석기 구매(20198178-F),육군 제3808부대,,81.721,2023-08-09,주식회사 오로라,조만희,정태량,"경기도 용인시 처인구 모현읍 외대로25번길12-26 (라인빌리지), 201동 302호",6708750.0,81.727,혈액가스 분석기 1EA 구매,군
4차 산업혁명 기술적용 공군훈련체계 발전방향 연구,국방부(운영지원과),,84.015,,(사)한국위기관리연구소,김대석,김경환,"서울특별시 강남구 강남대로62길24-0 (역삼동,해송빌딩)3층",84060797.0,,국방 사이버보안 종합발전 전략 연구,제9691부대
22년 기술연구용역 계약(4),국방대학교,,77.342,,한빛디엔에스(주),경상현,최효정,서울특별시 서대문구 충정로53-0 (충정로2가) 골든타워빌딩 1701호,,77.344,군 시설 공사비 기준단가 산정 연구용역(21K018-I),중앙행정기관
인터넷 패킷저장분석체계 구축사업(리스물건),육군본부,510220723.0,85.305,2020-03-18,한디자인그룹주식회사,신정희,방윤지,서울특별시 서초구 반포대로13-0 (서초동),510344899.0,85.307,분석기(비행조종계통 점검용)외1종 구매(16-38),제9691부대
영평사격장 주변지역 주민이주 방안 연구,방위사업청(운영지원과),,87.969,2020-10-20,경운대학교 산학협력단,김종원,이재동,경상북도 경산시 서상길85-0 (서상동),,87.98,국군의학연구소 자동혈구계산기 중형,중앙행정기관
음향/진동분야 KOLAS 인정 획득 컨설팅 연구용역,공군본부,62092929.0,62.362,2018-07-26,특수법인 한국전파진흥협회,방준성,김종호,강원도 원주시 문막읍 석지1길283,,62.363,19-한국 해양안보에 미치는 갈등요인과 대응방안 연구,제2879부대
20-MTU엔진 PBL 비용대효과분석 및 성과지표 연구,제9691부대,88451854.0,82.014,2017-11-04,사단법인 안보경영연구원,전건욱,,"서울특별시 강남구 언주로527, 10층 (역삼동)",88341571.0,82.011,춘천병원 기능강화 연구용역,중앙행정기관
함정 설계 건조 기준 및 함정규칙 정립 연구 용역,국방부(운영지원과),72240967.0,88.742,2020-10-10,,,,,72237506.0,88.739,공개출처정보(OSINT) 활용 사이버위협 분석방안 연구,군
공중항적 영상식별체계 확보 연구용역,국방부(운영지원과),147253217.0,73.419,,,,,,,73.418,열상감시장비 초음파모터 등 3종 정비개발 연구용역,군
21-함정 스마트 브릿지 모델 개념 연구,공군본부,42022615.0,95.576,2022-09-19,주식회사 에이치투엘테크놀로지,곽재수,,"서울특별시 강남구 강남대로62길24-0 (역삼동,해송빌딩)3층",42021025.0,,사단정찰용 UAV 백령도서내 운용 가능성 연구,군
미래 합동작전과 해군.해병대 공동 비전 연구,방위사업청(운영지원과),,85.017,,,,,,,,기술연구 환경구축 사업 리스,국군재정관리단
정신전력 개념 정립 및 수준 측정도구 개발 연구,해군군수사령부,79701727.0,,2023-04-24,라온시스템즈(주),김민지,유은경,"서울특별시 용산구 한강대로211, 102동 1605호(한강로1가, 대우월드마크용산)",79739271.0,83.729,첨단 항공엔진 연구개발 추진방안 연구,기관
2024년 방산물자 현황분석 연구용역,방위사업청,427219344.0,90.85,2020-10-04,,,,,427326251.0,,국방 연구개발 법제 개선 연구,제2879부대
전시 물자동원 실효성 제고방안 연구,국방통합데이터센터,4822999.0,76.888,2019-11-04,,,,,4820745.0,,신분별 직무분석을 통한 적정 계급구조 연구,합동상호운용성기술센터
(21F093-K)'22년~'23년 작전지속지원분석모델유지보수,국방시설본부,170961214.0,88.822,2017-07-16,세종대학교산학협력단,김진욱,구종우,"서울특별시 성북구 정릉로 77, 국민대학교내(정릉동)",170975077.0,88.823,수질분석기 등 2종 구매,국군재정관리단
내부피폭선량분석셋(삼중수소 전처리장비셋) 구매,국방부,68062115.0,101.109,,윤서상사,정영주,정금석,서울특별시 강서구 양천로401 (가양동) 강서한강자이타워 B동1503~1506호,68033916.0,,요분석기 사단용 등 2종 구매,중앙행정기관
대잠훈련분석체계(AEAS) 유지보수 정비,공군제10전투비행단,134818144.0,,2022-04-29,주식회사 길상산업,이문걸,김우중,서울특별시 송파구 올림픽로505-0 (풍납동),,88.719,모바일기기 증거분석체계 구매(교체),기관
정보학교 사이버공간정보 연구용역,국군재정관리단,,85.28,,(사)한국전략문제연구소,,,"서울특별시 용산구 청파로 40, 삼구빌딩 1815호(한강로3가)",,,17년 분광분석 폭발물탐지 연구용역,군
국방과학 기술료 제도개선 방안 연구,공군본부,60135178.0,88.47,2021-12-09,,,,,60091096.0,88.472,우리군 통합체계지원 적용을 위한 발전방향 연구 용역,군
추진장약 저장수명 예측 가속노화시험 연구용역,국방부군사편찬연구소,64297786.0,,2020-03-15,재단법인 한국군사문제연구원,전건욱,,"서울특별시 강남구 언주로527, 10층 (역삼동)",,93.682,군급식조달체계변화에따른적정급식비산출에대한연구,국군재정관리단
미래 우주전장 분석 및 공군 우주전략 수립 연구용역,공군본부,65390199.0,91.957,,(주)에프오알엠도시건축공간연구소,권선애,,,65297671.0,,전투근무지원정 건조가능성 검토 기술지원 연구용역,중앙행정기관
공군 전략급 자산 대테러 작전개념 연구용역,국방부조사본부,,79.548,,(주)심네트,한민구,배미동,"서울특별시 강남구 테헤란로64길13, 504호 (대치동, 선릉역 풍림아이원레몬)",,79.544,함정사업 적정 사업기간 연구,기관
액체폭약류 친환경 비군사화 방안 연구,국군재정관리단,7184271.0,,2019-03-30,,,구종우,,,,공신력 확보를 위한 신규국제표준 적용방안 연구용역,중앙행정기관
헬기와 UAV의 통합운용을 위한 비행장 설치방안 연구,제9691부대,6897106.0,88.236,2019-11-12,(주)프라이전트,고기종,김주완,"대전광역시 유성구 대학로 27, 현대리조텔 2층(봉명동)",,88.243,공군 품목관리관 자격인증제도 도입방안 연구용역,국군재정관리단
GPS 항재밍 성능점검 개선방향에 대한 연구,국방통합데이터센터,35433253.0,94.844,2022-06-14,주식회사 굿컨설팅그룹,노광현,김우중,서울특별시 강남구 일원로81-0 (일원동),35390792.0,94.842,한국형 군경력 학점전환제 마련에 관한 연구,국군복지단
22-작전지휘시설 신축 분석평가 및 선행연구 용역,공군본부,34050579.0,81.723,,아주대학교 산학협력단,홍영기,박계향,서울특별시 광진구 군자동98 집현관 216,34018062.0,81.723,22년도 군 급식 및 피복 만족도 조사 연구용역,군
22년도 군 급식 및 피복 만족도 조사 연구용역,육군교육사령부,447749581.0,102.541,2019-11-15,,,,,,102.538,AI기술의 분류체계 및 적용방안에 관한 연구,중앙행정기관
다출처 정보화 연구용역,국군재정관리단,3808398.0,,2020-01-22,주식회사 휴먼씨엔씨,곽재수,가회광,"서울특별시 서초구 방배천로155, 유청빌딩 3층(방배동 821-8)",,74.388,군 리더십코칭 프로그램 개발 연구용역,군
(207155-B) 액체크로마토그래피 이중질량분석기 구매,국방대학교,,,,주식회사 유진에스앤씨,손창호,정영숙,대전광역시 동구 옻밭5길159-0 (판암동),215962443.0,76.987,군수지원함(AOE-Ⅱ) 2차사업(양산) 비용분석,기관
21년 전투발전 연구용역(4),국방부(운영지원과),,109.246,2019-09-12,(사)21세기군사연구소,,이정화,"서울특별시 금천구 가산디지털2로184, 10층 1017호(가산동, 벽산디지털밸리2차)",42472561.0,109.248,군인연금관리공단 설립 필요성 등 검토를 위한 연구,군
한국해군 협동교전절차(CEC) 수행방안 연구용역,국군재정관리단,18602946.0,,2018-03-09,주식회사도시경영연구원,김진욱,김중곤,"서울특별시 금천구 가마산로96-0, 213호(가산동, 대륭테크노타운8차)",18592930.0,101.83,전쟁양상을 고려한 전사자 관리의 분석 및 발전 연구,군
국방정보화법률 개정입법 추진전략 연구,해군본부,,85.402,2021-12-07,충북대학교산학협력단,박종석,이희석,"경기도 안양시 동안구 벌말로126 (관양동)오비즈타워1903호,1904호",44417153.0,,복합재 내부결함 위험도 평가방법 연구개발,국군재정관리단
디지털 정비공장 스마트팩토리 구축방안 연구 용역,국군재정관리단,6944376.0,75.599,,,,허성일,,6945457.0,,24 군의료 특성화 연구(알레르겐 양상 분석),군
`18년 지형분석장비 교체사업,공군본부,44578960.0,73.143,2021-11-26,,,박계향,,44557388.0,73.142,항-418-012 생화학분석기 시약 등 97종 구매,중앙행정기관
(246255-C) 외상처치 시뮬레이션 킷 등 5종 구매,합동참모본부,550479454.0,85.424,2021-11-14,원유통,박현준,김혜민,서울특별시 금천구 벚꽃로298-0 (가산동) 6층 601호,,,항공화력유도 시뮬레이션 구축 구매/설치,국군재정관리단
군사사 연구총서1차/2차세계대전관련연구용역(과제2),방위사업청(운영지원과),165357457.0,94.712,2016-03-13,,,,,165326727.0,,함정 총수명주기 고려 탑재장비 획득방안 연구 용역,중앙행정기관
국외도입 군수품 품질확보 선진화 방안 연구,합동참모본부,221995367.0,,2018-01-26,과학기술정책연구원,김용주,,전라북도 전주시 완산구 장승배기로263 (평화동1가),221878601.0,103.945,군 지역 유무인기 통합운용 안정성 연구 용역,군
통제분석 프로그램 설치 외 6종 구매 설치납품,제9691부대,72277607.0,,2023-05-13,(주) 한국능률협회컨설팅,박종재,안주섭,"경기도 성남시 수정구 복정로84번길 22-15,(B-001호) (복정동)",,83.023,21-공-스펙트럼 분석기 3대 구매,군
지능형 C4I체계 기술 분석 및 클라우드환경 구축방안,육군인사사령부,178773105.0,114.199,2022-08-29,(주)두두아이티,김범준,정연환,충청북도 청주시 흥덕구 옥산면 덕촌삼성골길16,178747398.0,114.2,하이드로릭 입자분석기 구매,4284부대
BigData/VC를 활용한 무기체계 효과분석 연구,해군본부,,79.46,2020-12-03,,,,,117505971.0,,50년 함건조 사례분석 및 발전방안 정립 연구 용역,군
선진 육군가치문화 조성 연구용역,국방부(운영지원과),,74.675,2020-01-26,(주)에프오알엠도시건축공간연구소,최종규,권시형,서울특별시 영등포구 여의대방로43나길20-0 (신길동),,74.679,표준훈련장 설치기준 정립 연구 용역,중앙행정기관
해군교전급분석모델(Build-I) 체계개발사업,육군본부,,92.256,2022-11-25,주식회사 조인트리,노광현,이재평,"경기도 고양시 일산서구 산현로17번길38, 1102동 503호",250665968.0,92.251,21년 의무장비(혈액가스 분석기 중형) 구매,군
병 자기개발비용지원 적정추진체계 구축 연구용역,4284부대,383150648.0,99.195,2020-10-30,한국여성정책연구원,김민철,석재민,"경기도 안양시 만안구 만안로49, 519호(안양동, 호정타워)",383027806.0,99.196,24년 군 양성평등지표 조사 및 분석 연구,국군재정관리단
17년 분광분석 폭발물탐지 연구용역,해군군수사령부,159857934.0,78.331,,,,,,159891625.0,78.332,국방통합 온라인 공개강좌(M-MOOC) 설계 방안 연구,국군복지단
국방정보체계 SW 품질시험 프레임워크 발전방안 연구,방위사업청(운영지원과),57024609.0,80.391,2018-01-12,(사)한국전략문제연구소,박정기,,"서울특별시 강남구 언주로527, 10층 (역삼동)",57015408.0,80.385,20-MTU엔진 PBL 비용대효과분석 및 성과지표 연구,중앙행정기관
함정구조해석용 모델링 DB 개발 연구(2019H038-E),국방대학교,,,2016-09-14,(사)한국전략문제연구소,,,,127476592.0,114.05,샵차량 전자제어기 회로카드 대체품 개발 연구용역,제9691부대
작전환경고려 전투실험 방법 및 평가 분석방법 연구,국군재정관리단,33596308.0,82.559,,청주대학교산학협력단,김평희,이재숙,"부산광역시 해운대구 센텀북대로60, 915호",,82.556,K21장갑차 조종수카메라 정비기술개발 연구용역,군
(237196-C) 악성코드 수집분석체계 장비 교체,해군군수사령부,65453271.0,,2023-05-05,주식회사 범만테크,임경태,신범수,"서울특별시 강남구 테헤란로306, 13층(역삼동, 카이트타워)",65450836.0,,23-D-액체질량분석기 구매(2310036-F),군
군내성폭력피해자지원 및 보호를 위한 제도보완연구,육군교육사령부,63324889.0,102.61,,(사단) 한국정치학회,신용인,오중택,"서울특별시 금천구 가산디지털2로184, 1017호(가산동, 벽산.경인디지털밸리2)",,,22-함정 비행갑판 개조(Harpoon Grid 이동) 방안 연구,중앙행정기관
우주 무기체계 사업을 위한 계약적 보완 방안 연구,국군재정관리단,31195886.0,,,,,이창환,"서울특별시 영등포구 의사당대로22, 8층 9층 10층(여의도동, 이룸센터)",31184399.0,97.418,고속전투주정 시설사업기본계획 수립 연구용역,군
(20F084-I)소음영향도작성을위한소음측정및분석용역,합동참모본부,42969126.0,,2023-01-04,주식회사 제이에스원,김태동,윤상석,"경기도 안양시 만안구 만안로49, 519호(안양동, 호정타워)",42917940.0,,중금속가열분석기 1항목 구매(의무),국군재정관리단
신재생에너지 적용관련 군 에너지 정책방향 연구용역,해군본부,,90.345,2024-05-10,(주)지인시스템,김태호,,경기도 남양주시 진접읍 금강로1553-21 (신우아파트) 상가 112호,655944241.0,,국방 디지털 서비스 환경 전환 방안 연구,중앙행정기관
대형기동헬기(CH/HH-47D) 성능개량사업 비용분석,합동참모본부,81435771.0,110.84,2022-09-17,주식회사 미디어스테이션,홍세준,송포,"대구광역시 북구 동북로163, 101동 1605호(산격동, 산격대우아파트)",81469266.0,110.843,군인 주거보조비 도입방안 연구,국군재정관리단
21-공-주파수편이용분석기 구매,국방부(운영지원과),23238686.0,86.081,,주식회사에스마루,이종명,허지원,"경기도 고양시 덕양구 용현로10-0, 508동 203호 (행신동, 무원마을5단지 아파트)",23266547.0,86.076,20년 전파환경 측정/분석장비 유지보수 용역,중앙행정기관
(226154-E) 차륜정비장비(분석기 차량엔진용) 구매,해군군수사령부,,87.83,2021-12-11,주식회사 세일케이엠,강현섭,권시형,경상남도 창원시 성산구 가음로101번길22-6,,87.827,중금속 가열분석기 1항목 구매(물품),기관
미래 육군비행장 발전계획 검증 연구 용역,방위사업청(운영지원과),,105.5,2017-01-25,주식회사 화이트스캔,정태량,홍명성,"경상북도 김천시 혁신6로17 (율곡동, 한국교통안전공단)",120468416.0,,복수활주로 건설사업 분석평가 및 선행연구,군
T-50 캐노피 고정 구성품 내구성 시험 연구,국군재정관리단,46990201.0,77.795,2020-09-09,(주)디앤오종합건축사사무소,,박계향,"서울특별시 용산구 한강대로62길41, 3층 (한강로1가)",47002690.0,77.8,22-11차 연구장비 구매 계약 - 의약품 냉동고,국군수도병원
스펙트럼 분석기 구매,4284부대,118149807.0,91.418,2023-04-28,육군사관학교 산학협력단,,이상규,"서울특별시 용산구 이태원로 29, 전쟁기념관 4층(용산동1가)",118162105.0,91.419,정보분석장비 30종 구매(20196314-D),중앙행정기관
자동염기서열분석기 구매,국방부(운영지원과),973390.0,102.404,2024-01-16,씨지에스아이티(주),임정숙,이지은,경상북도 상주시 화서면 봉촌1길75-0,975118.0,102.397,제5회 국방 분석평가관계관 워크숍 위탁 운영,국군재정관리단
전시자원소요분석모델 장비 교체사업 리스,해군본부,124993550.0,84.103,2019-09-15,사단법인 미래안보산업전략연구원,김흥중,김선철,"경기도 용인시 수지구 죽전로 152, 단국대학교내(죽전동)",,84.104,지뢰 등의 탐지·제거 민간대행에 관한 연구,국군재정관리단
미래 육군 제대별 임무와역할  적정 지휘폭 정립 연구,국방부조사본부,32543744.0,,2018-10-05,,김기순,,"서울특별시 용산구 한강대로62길41, 3층 (한강로1가)",32523750.0,92.087,24-공군 적정 상비병력 규모 연구 용역,중앙행정기관
상층대기분석장비 유지보수,공군본부,143400038.0,88.637,,사단법인 안보경영연구원,전건욱,,"서울특별시 강남구 언주로527, 10층 (역삼동)",143417369.0,,대함유도탄 방어유도탄 양산사업 비용분석,국군재정관리단
5G 기반 스마트 교육훈련단 구축 및 운영 연구용역,육군교육사령부,,79.051,,,김주희,김지훈,"서울특별시 금천구 가산디지털2로184, 10층 1017호(가산동, 벽산디지털밸리2차)",38696416.0,,영상정보에 대한 학습데이터 확보방안 연구,중앙행정기관
22년 기술연구용역 계약(1),제2879부대,,97.903,2023-11-13,금오공과대학교산학협력단,김영국,황병윤,"서울특별시 서초구 방배천로155, 유청빌딩 3층(방배동 821-8)",,97.902,AI유무인 복합체계 활용 방안 연구,군
계층별 조직문화 진단 및 혁신프로그램 추진 연구용역,국방부(운영지원과),177153649.0,80.967,2018-10-05,(사)한국전략문제연구소,백훈,,,,80.968,22년 기술연구용역 계약(3),중앙행정기관
개전초 동원긴요부대 전시 완정성 보장 방안 연구,방위사업청(운영지원과),,,,사단법인 안보경영연구원,,이상규,"서울특별시 강남구 언주로527, 10층 (역삼동)",28018.0,83.677,헬기ㆍUAV 전력화 고려 타군비행장 활용방안 연구용역,중앙행정기관
2017 PACC & PAMS 연구용역,국방부(운영지원과),41054708.0,80.623,2018-06-02,숙명여자대학교산학협력단,차진섭,김하근,"서울특별시 금천구 가산디지털1로119-0 (가산동, SK트윈테크타워, a동 10층 6호)",,80.63,함정 총수명주기 고려 탑재장비 획득방안 연구 용역,중앙행정기관
효율적인 유지보수 사업관리 방안 연구,제5019부대,148045357.0,,2019-11-27,주식회사 안보기술연구원,김병석,,세종특별자치시  국책연구원로15-0 (반곡동),148046814.0,73.04,운용제원 분석 기반 장비수명 판단방안 연구,국군재정관리단
국방 무인로봇 시험평가 적용방안 연구,국방대학교,1131968.0,79.58,,,박영선,김진수,"서울특별시 송파구 법원로11길25-0, A동 1310호(문정동, 에이치비즈니스파크)",,79.58,SUPPRESSED,국군복지단
00군단 0포병단 이전사업 선행연구 용역,육군본부,311295517.0,86.859,,,,황병윤,,,86.859,공군 군수지원 분야 발전방향 연구 용역,국군재정관리단
18-함정EMP보호대책적용사례분석및개선사항도출연구,해군본부,,102.212,2019-03-12,(사)21세기군사연구소,권선애,,세종특별자치시  시청대로370 세종국책연구단지 사회정책동,100934877.0,102.206,자주도하장비 시설사업기본계획 수립을 위한 연구용역,군
전투발전 연구용역 과제 세미나 수행 용역,방위사업청(운영지원과),119683023.0,95.859,2018-10-24,사단법인 안보경영연구원,전건욱,,"서울특별시 강남구 언주로527, 10층 (역삼동)",,,CH/HH-47D 성능개량 시설사업기본계획 연구용역,중앙행정기관
22-13-13 야전공장 분석평가 및 선행연구 용역,방위사업청,,91.552,2020-08-08,,권시형,이정원,,14386132.0,91.559,전투근무지원정최적화및친환경선박기술연구,4284부대
2017 서울안보대화 프로그램 기획 및 발전방안 연구,국군재정관리단,,108.529,,하이펙 주식회사,조성호,이희석,서울특별시 동작구 여의대방로36길92(대방동),100825628.0,108.521,주요체계 사이버위협분석 및 대응방안 연구용역,중앙행정기관
교육생 숙소 시설기준 연구용역,국군재정관리단,,93.76,2018-11-22,(주)동건,임정숙,정봉원,"경기도 하남시 미사대로520-0 (덕풍동) 7층 씨에이동 705호,706호",150853319.0,93.762,국방표준서 제정(3차) 연구,군
무기체계 안전성 시험평가방안 연구,해군본부,,,2017-10-28,(주)심네트,김진욱,,,16556056.0,,미래 한국 해병대의 군구조 연구용역,중앙행정기관
수도병원 임상의학연구센터 통계프로그램 구매계약,국군재정관리단,,87.181,2016-03-14,사단법인 대한민국 육군발전협회,권선애,,서울특별시 금천구 가산디지털1로171-0 (가산동) 가산SK V1 센터 1505호,302210911.0,87.179,Edu-Tech 교육체계 개발 연구용역,제9691부대
21년 연래 해병대 리더십 수준 진단 연구용역,국방대학교,50997686.0,,2023-02-05,,,,"서울특별시 용산구 한강대로109-0 (한강로2가),404호(용성비즈텔)",51008781.0,,국방 비밀관리시스템 연동표준 개념연구,국군재정관리단
안보학술진흥연구용역(3.국내안보환경분석또는),합동참모본부,17651129.0,,2018-03-27,주식회사 쏠바이오텍,이홍민,오성열,충청북도 청주시 상당구 월평로250번길6-0 (용암동),17675462.0,,기술교범 국제규격 S1000D 적용 방안 연구,제2879부대
120mm 전차포신 약실 검사장비 개발 연구용역,국방부(운영지원과),,,,,,양진,,,79.122,전파환경측정 분석장비 유지보수,중앙행정기관
회로카드 고장예측용 해석도구 활용방안 연구용역,공군본부,236156253.0,,2018-10-21,(사)한국위기관리연구소,김규형,이영익,경기도 수원시 장안구 하률로12번길80-0 (천천동),236018491.0,,[24-육-91] 무건리 훈련장 갈등 비용분석 연구,국군재정관리단
19년 분석용모델(3종) 유지보수(2018F125-G),공군사관학교,280590514.0,81.483,2021-12-28,하이펙 주식회사,윤영현,윤진영,"충청북도 청주시 흥덕구 봉명로31 티원타워 지식산업센터 119호, 416,417호",,81.489,19년 발칸 추적훈련 분석기(제조),국군재정관리단
(22F067-G) 심리뇌파분석시스템 유지보수사업,국방부(운영지원과),,98.723,2022-01-09,,,,,386231464.0,98.726,혈액가스분석기 병리장비운영소모품(13) 구매계약,기관
드론 유형별 시험평가 방안 연구용역,국군재정관리단,,,2017-05-17,씨지에스아이티(주),안인수,이다인,"서울특별시 강남구 봉은사로129-0 (논현동, 거평타운오피스텔) 1126호",113567959.0,,19-군 자체 안전보건경영시스템 인증제도 구축 연구,중앙행정기관
항-17-018 자동연역분석기 시약 등 37종,방위사업청,,89.191,2019-01-26,(사)21세기군사연구소,김진원,,"경기도 용인시 기흥구 덕영대로1732-0 (서천동, 경희대학교 국제캠퍼스내)",56958769.0,,(20F081-A)소음영향도작성을위한소음측정및분석용역,기관
북한의 기뢰전 전술 분석 및 대응책 연구,방위사업청(운영지원과),13579694.0,98.914,,,,,,13584730.0,,체계적인 해군 C4I 체계 유지보수 관리방안 연구,중앙행정기관
감염 및 외상분야 군의료 특성화 연구,국방부(운영지원과),,90.154,2021-01-19,,,이재평,,,,스마트 항만기지 구축방안 연구 용역,중앙행정기관
상호운용성 평가 업무의 정량화 모델에 관한 연구,국방부조사본부,,83.239,2019-11-13,주식회사 제이에스원,홍영기,박영욱,"서울특별시 종로구 율곡로17길7-38, 수지빌딩 7층(이화동)",9211715.0,83.24,공군 무기체계 EMP 방호능력 향상 방안 연구,국군재정관리단
정기기초연구과제용역(5.인공지능강화학습...),국방대학교,,,,고메드,이정훈,박계향,전라남도 목포시 해안로148번길14-0 (해안동1가),,97.427,분석기(비행조종계통 점검용)외1종 구매(16-38),합동참모본부
21세기형 선진해군문화 연구,해군본부,154868295.0,108.554,2020-09-02,,,,,154964213.0,,기술인력육성 보조사업자 운영성과 평가 및 연구,군
차세대 미사일 방어 무기체계 발전 방향 연구,국군의무사령부,68275409.0,99.05,2018-12-15,주식회사 이수케이,김준식,최승룡,"서울특별시 강남구 논현로134길13, 402-2호(논현동, 덕산빌딩)",,99.052,활주로지역 배수로 개선 분석평가 및 선행연구 용역,군
ISR 자산의 효율적 통합 운용방안 연구,방위사업청(운영지원과),3604383.0,71.974,2023-03-28,티엠시 주식회사,박수연,허진실,대전광역시 유성구 온천로59-0 (봉명동) 905호,,71.97,기동화 지능화된 네트워크 전투체계 연구용역,중앙행정기관
군인연금관리공단 설립 필요성 등 검토를 위한 연구,국방부(운영지원과),255617638.0,94.739,,호원대학교 산학협력단,,허진실,,,94.732,퍼징기반의 국방 무기체계 SW 안전성 향상방안 연구,기관
17년 분광분석 폭발물탐지 연구용역,해군군수사령부,35335650.0,84.447,,,,,,35342498.0,84.446,상륙작전에 적합한 4.2대체전력 확보 연구 용역,군
대잠훈련분석체계(AEAS) 유지보수 용역,국방대학교,145295372.0,,,주식회사 한솔엔지니어링글로벌,경상현,김미진,"서울특별시 용산구 이태원로 29, 전쟁기념관 4층(용산동1가)",,81.196,24년 기술연구용역(1),기관
신기술 기반 공군 교육통합플랫폼 구축방안 연구,해군군수사령부,,82.472,,대신정보통신 주식회사,최명식,권인자,"서울특별시 영등포구 도림로462, 지층6호 (문래동3가, 국화상가)",70621711.0,82.467,대형수송함-ll(LPX-ll) 개념설계 기술지원 연구 용역,국군재정관리단
해강안 경계철책 철거(대체)관련 설계 연구 용역,육군본부,21403777.0,90.2,2020-07-27,,,전희수,,21419629.0,90.203,군 주거지원 법령의 문제점 및 개선방안 연구,국군재정관리단
군단정찰용 무인항공기-Ⅱ 시설사업 선행연구,해군군수사령부,28719800.0,83.022,,,,,,,83.02,군 주거지원 법령의 문제점 및 개선방안 연구,중앙행정기관
계층별 조직문화 진단 및 혁신프로그램 추진 연구용역,해군본부,528931195.0,89.141,2022-10-24,,,,,529006847.0,89.139,표준훈련장 설치기준 정립 연구 용역,중앙행정기관
예비군훈련 원격교육 적용방안 연구,국군복지단,,80.807,,사단법인 미래안보산업전략연구원,,,"서울특별시 금천구 가산디지털2로184, 10층 1017호(가산동, 벽산디지털밸리2차)",3560213.0,80.807,수도병원 임상의학연구센터 통계프로그램 구매계약,국군재정관리단
해병대 리더십개념 및 리더像 정립 연구용역,국군재정관리단,,102.367,2020-05-08,,,,,98942104.0,102.366,창조국방 추진을 위한 창의적 문화조성 방안 연구,기관
육군 로고를 군수품에 적용하는 방안 연구,공군제15특수임무비행단,64585139.0,86.136,,,,,,64562749.0,86.141,민간인력 편성기준 연구(2019K003-B),기관
체계적인 해군 C4I 체계 유지보수 관리방안 연구,국군재정관리단,25551444.0,,2017-12-18,,,,,25578424.0,,폭발물처리 자격신설 연구,중앙행정기관
군내성폭력피해자지원 및 보호를 위한 제도보완연구,국방부(운영지원과),335111985.0,81.484,,,,,,,,4차 산업혁명  군 적용을 위한 R&D 발전방안 연구,군
16년 정비지원부대 직무값 기반의 직무분석 연구용역,해군본부,,83.209,,,,,,118073087.0,83.206,원주기지 활주로 재포장사업 선행연구 용역,군
24년 의무장비(요분석기) 구매,국군재정관리단,81541366.0,,,주식회사 인섹사이버시큐리티,유현우,박수영,"세종특별자치시  조치원읍 번영1길46, 301호, 302호",,,(247354-C) 액체크로마토그래피 이중질량분석기 구매,군
22년도 군 급식 및 피복 만족도 조사 연구용역,국군재정관리단,,90.567,2019-01-10,협동조합 미래국방산업네트워크,김운용,탁승주,충청북도 청주시 흥덕구 오송읍 오송생명2로110-6 셀젠텍,451113786.0,,00부대 스마트 자동화 저장창고 신축 비용분석 연구,군
병리장비소모품(생화학자동분석기 등 69종) 구매,합동참모본부,14145123.0,75.36,,피엘앤트,홍순모,김한욱,인천광역시 부평구 부평대로301-0 (청천동) 남광센트렉스 303호,,,(207146-F)디지털포렌식 분석장비 도입,군
합동화력시뮬레이터 양산사업 비용분석,국방부(운영지원과),157879792.0,84.671,2019-10-25,주식회사 씨이지앤드플러스,이정원,,충청남도 논산시 양촌면 황산벌로1040,157982761.0,,지형분석도 제작 재료 구매,군
UN PKO 활동지원을 위한 기술기여(스마트캠프) 연구Ⅱ,국방부(운영지원과),56562310.0,109.817,2020-04-13,,,장소영,,,109.823,’22년 전투발전 연구과제 용역(4),군
K9자주포 연료펌프 성능개선 시제품 개발 기술 용역,제2879부대,272468574.0,,,영현정보통신(주),권택조,양진,"서울특별시 송파구 석촌호수로138, 202호 (삼전동)",272315362.0,77.507,24년 지형분석장비 구매(리스물건),국군재정관리단
군 리더십코칭 프로그램 개발 연구용역,제9691부대,102247488.0,,,사단법인 한국국가전략연구원,박종재,,"서울특별시 마포구 성산로2길55, 602호(성산동, 샤인빌딩)",102173108.0,88.98,수중전술기기통제사 자격 신설 연구,국군재정관리단
UH-60헬기 연료라인 야전 시험장비 개발 연구용역,국군재정관리단,193648510.0,,,명지대학교 산학협력단,이승후,황병윤,"서울특별시 서초구 서운로 226, 서초오피스텔 404호(서초동)",193630427.0,113.668,23년 군 주거시설 개선사업 선행연구 용역,국군재정관리단
공군합성전장(LVC)훈련체계구축개념구체화방안연구,국방부(운영지원과),25821376.0,80.553,,에스앤에스이앤지 주식회사,정영욱,김현정,서울특별시 강동구 양재대로1377 (성내동 삼원빌딩 408호),25797517.0,80.548,19-함정 ORD 작성을 위한 설계/건조 요구조건 연구,군
자주도하장비 시설사업기본계획 수립을 위한 연구용역,해군본부,285826416.0,82.3,,,,박계향,,285929338.0,82.301,19-AW159 PBL 비용대효과분석 및 성과지표 개발 연구,국군수도병원
방위산업 발전 및 경쟁력 강화를 위한 법적기반 연구,국군재정관리단,111078102.0,,2018-02-08,,,,,110998738.0,,유도무기 품질인증사격시험 기준 정립 및 절차 연구,제2879부대
함정적기전력화를 위한 시운전제도 개선방안 연구,국군재정관리단,202974001.0,97.252,,주식회사 삼우에이엔씨,김민균,이호철,경기도 수원시 영통구 법조로25-0 (하동) SK VIEW Lake A동 1612,202863176.0,97.257,미래형 성과기반 군수지원 적용방안 연구,국군재정관리단
전자기스펙트럼 측정/분석체계 운용방안 연구,제9691부대,243494369.0,88.184,,,,,,243468718.0,88.189,00부대 조직문화 진단 연구용역,중앙행정기관
우주 무기체계 사업을 위한 계약적 보완 방안 연구,국군재정관리단,,,,(사)한국무기체계안전협회,신명화,,부산광역시 동구 고관로62 (초량동),,84.182,FA-50 성능개량 방안 연구,국군재정관리단
(20F089-I)소음영향도작성을위한소음측정및분석용역,국방부(운영지원과),42848479.0,92.238,2021-09-16,,경상현,김경환,"서울특별시 송파구 법원로11길25-0, A동 1310호(문정동, 에이치비즈니스파크)",,92.235,5인치 함포용 사거리연장탄 사업분석,중앙행정기관
대포병탐지레이더-Ⅱ 후속군수지원방안 사업분석,공군군수사령부,121030231.0,83.842,2022-08-18,(사)한국전략문제연구소,전건욱,이경생,"서울특별시 강남구 언주로527, 10층 (역삼동)",120967108.0,,24-군 상시학습제도 도입 방안 연구 용역,제3훈련비행단
마린온기체 수명관리 및 창정비소요비용 타당성 연구,국군재정관리단,33906124.0,76.629,2020-05-26,(사)한국방위산업진흥회,박수연,김형민,전라북도 완주군 삼례읍 삼례로 443 우석대학교내(본관 12층),33923648.0,76.63,판매수수료 현실화 방안 연구용역,군
군 시설 공사비 기준단가 산정 연구용역(21K018-I),육군본부,,86.678,2019-08-29,한성대학교 산학협력단,김한욱,이재광,서울특별시 강남구 학동로311(논현동) 타호비지니스센터 203호,,86.67,감염 및 외상분야 군의료 특성화 연구(2차),국군재정관리단
감정장비(자동염기서열분석기 등 2종) 검교정 용역,해군군수사령부,286997404.0,,,주식회사 모렌스,이영진,이영민,"충청북도 청주시 서원구 사직대로164번길9, 401(사창동)",286763306.0,,X-RAY 형광분석기 구매,중앙행정기관
한국군 공정사단 필요성 및 운용개념 편성방안 연구,국방부(운영지원과),67553964.0,93.986,,,,금재호,,,,정보학교 사이버공간정보 연구용역,중앙행정기관
국방과학기술 전문인력 소요분석 연구,제2879부대,,86.971,,한남대학교 산학협력단,류장수,이수빈,"서울특별시 강남구 역삼로17길57, 그랜드빌딩 B1층 (역삼동)",54269068.0,,모바일기기 증거분석체계 구매(교체),기관
연구용역(방공포병 준.부사관 특기체계개선방안 연구),방위사업청(운영지원과),225160528.0,84.426,2020-01-03,법무법인(유한) 세종,박래호,이재평,"대전광역시 유성구 대학로31-0 (봉명동, 유성한진오피스텔) 2215호",225146778.0,84.422,분석기  입자크기용 구매,군
전평시 국가 화생방전 대응체계 발전방향 M&S 분석,국군재정관리단,,98.84,,주식회사 엔에이치,신범수,조성희,경상북도 포항시 남구 연일읍 유강길9번길61-0 상가동 108호(대림한숲타운1차상가),16742216.0,98.84,2019년 의무장비(자동분석기 생화학용 대형) 구매,중앙행정기관
작전환경고려 전투실험 방법 및 평가 분석방법 연구,국군재정관리단,92463474.0,,2020-09-07,세종대학교산학협력단,변중무,조대현,"대전광역시 유성구 대학로 99(궁동, 충남대학교)",,95.677,국방전직교육원 조직진단 및 기능강화 방안연구,제9691부대
K10제독차 조종상자 회로카드 정비기술개발 연구용역,국군제1068부대,600995291.0,96.7,2016-07-17,한성대학교 산학협력단,이용호,,세종특별자치시  연동면 원합강1길50-0,600857759.0,,23년 전투발전 연구용역(1),제2879부대
원주기지 활주로 재포장사업 선행연구 용역,방위사업청(운영지원과),5293409.0,96.763,2016-06-21,세종대학교산학협력단,김진욱,김현묵,"서울특별시 용산구 한강대로62길41, 3층 (한강로1가)",5294022.0,,SUPPRESSED,중앙행정기관
전차와 육군헬기의 혁신적인 운용개념 발전 연구,방위사업청(운영지원과),13253384.0,78.066,2016-08-28,,김진욱,,"서울특별시 용산구 한강대로62길41, 3층 (한강로1가)",13231012.0,78.06,무인기술을 적용한 현용전력 극대화 방안 연구,중앙행정기관
외상성 출혈 시 혈관 내 지혈술 개발 연구용역,방위사업청(운영지원과),371372111.0,78.487,,,,,,371790271.0,,시뮬레이터 소프트웨어 보안성 시험 방안 연구,중앙행정기관
ArmyTIGER4.0네트워크정보유통능력분석연구용역,육군본부,164741712.0,84.165,,(재)한국산업개발연구원,박정기,,"서울특별시 강남구 언주로527, 10층 (역삼동)",164689734.0,,21년 전투발전 연구과제 세미나 수행 용역,국군재정관리단
전파영향평가 방법 비교분석 및 실증 연구,공군본부,,,,국방대학교산학협력단,한민구,조대현,"서울특별시 서초구 방배천로155, 유청빌딩 3층(방배동 821-8)",,100.13,안보학술진흥연구용역(3.국내안보환경분석또는),국군재정관리단
안보학술진흥연구용역(5.자원관리과제또는),육군교육사령부,,81.801,,명지대학교 산학협력단,허건영,배민희,서울특별시 동작구 여의대방로36길92(대방동),212755979.0,81.803,35사단 동원훈련장 생활관 시설사업 선행연구 용역,중앙행정기관
한미동맹과 비군사적 협력 연구용역,제3훈련비행단,29842963.0,,2021-07-04,유한회사 갈등조정센터,강우철,명승배,"서울특별시 강남구 역삼로17길57, 그랜드빌딩 B1층 (역삼동)",29832838.0,,관사 및 간부숙소 신축 선행연구 용역(23-216),군
체계적인 해군 C4I 체계 유지보수 관리방안 연구,공군본부,31973323.0,,2017-04-08,기술표준화연구소,홍헬렌,,대전광역시 유성구 노은로170-0 (지족동) 스타시티빌딩 6층,31970069.0,86.456,침낭 품질개선 선행연구 용역,군
대잠훈련분석체계(AEAS) 유지보수 용역,국군재정관리단,,82.182,2021-04-20,라온유통,김재경,이여정,강원특별자치도 춘천시 동면 만천로104-1,78401905.0,82.184,입체영상 처리 및 분석장비 구매,국군재정관리단
(22G079-I)국방IoT제품보안가이드라인수립연구용역,국군재정관리단,75322470.0,97.008,2019-01-10,충남대학교 산학협력단,김영욱,김지훈,제주특별자치도 제주시 애월읍 광상로26-0,75219159.0,,120mm 전차포신 약실 검사장비 개발 연구용역,중앙행정기관
상호운용성성공요인분석을 통한 평가업무발전방안연구,공군본부,158034786.0,,2020-11-17,,,,,157994145.0,,사이버방호체계 최적화 및 고도화 구축 연구용역,제3707부대
軍 태양광 시범사업 효과 분석평가 용역,제9691부대,,74.499,2024-10-31,,,김한욱,,81002751.0,74.487,소형무인기의 획득 및 운용을 위한 총수명주기 분석,군
월간지(안보현안분석  린사포럼) 인쇄 용역,국방부(운영지원과),128632866.0,102.559,2019-01-26,중앙대학교 산학협력단,,추현아,"서울특별시 금천구 가산디지털2로184, 10층 1017호(가산동, 벽산디지털밸리2차)",128624387.0,102.553,20-주파수편이용 분석기 구매,기관
FF급 함정 손상대응 훈련 시나리오 개발 연구,합동참모본부,36983316.0,85.767,2017-03-28,(사)대한토목학회,곽재수,양진,"서울특별시 중구 동호로7길41, 2층(신당동)",36977771.0,85.771,국방 의료정보 빅데이터 분석체계 구축사업 연구용역,군
민간 아웃소싱 시범사업을 위한 제도화 방안 연구,국군재정관리단,174224312.0,,2020-05-05,,권시형,,"서울특별시 용산구 한강대로62길41, 3층 (한강로1가)",174200168.0,85.488,정밀루트 및 문화재 지표조사 연구용역,군
특수 과학화 전술훈련장 선행연구 용역,국군의무사령부,,91.833,,,,김형민,,8351440.0,91.824,전투준비태세 평가체계 발전방향 연구,합동참모본부
가상현실 및 증강현실 기술적용 방안 연구,공군본부,,80.976,2020-06-22,,박정기,,,133006594.0,80.966,차세대 인터넷쇼핑몰 구축 정보전략계획 연구용역,기관
궤도장비 난방기 야전 시험장비 개발 연구용역,공군미사일방어사령부,30909867.0,85.914,2017-07-18,(사)21세기군사연구소,홍문기,윤정민,"서울특별시 서초구 방배천로155, 유청빌딩 3층(방배동 821-8)",,85.922,PLS세트 선행연구 용역,제9691부대
수사자료분석용 서버 구매설치,해군본부,61210312.0,94.887,2019-07-09,,,이상규,,61152183.0,,상층대기분석장비 유지보수,국군재정관리단
24-성남시 고도제한 완화요구 공공갈등 관리방안 연구,국군재정관리단,,85.871,2021-07-25,엠지산업,김화경,이숙,"대구광역시 북구 영송로15, 5층 5503호(태전동, 대구보건대학교 성실관)",,85.868,범국민 안보의식조사 정책대안 연구용역,국군재정관리단
국방분야 반도체 조사·분석 및 발전방안 연구,해군군수사령부,,84.861,2021-06-09,,,김현숙,,143373941.0,,산업협력 제도 시행을 위한 세부 방안 연구,중앙행정기관
자살사고 사후관리를 위한 치유프로그램 연구,육군교육사령부,91016374.0,,2018-08-30,(사)한국전략문제연구소,전건욱,,,,77.283,20년 수송기술병참선 제원 연구용역,군
지형분석용 차량(개조) 제조,공군사관학교,,82.365,2018-07-19,제이컴,김태호,우윤지,경상북도 경산시 서상길85-0 (서상동),55372621.0,82.369,교육장비(동작분석 측정장치 세트) 구매설치,군
스마트 물류센터 도입 검토 연구용역,국방대학교,148691118.0,89.414,,,,,,148677660.0,,사관생도 생활실 시설기준 개정 연구용역,군
민간군사기업(PMC) 등 민간 아웃소싱에 대한 개념연구,공군군수사령부,,76.643,2023-01-12,사단법인 한국방위사업연구원,김진욱,정영숙,"서울특별시 영등포구 의사당대로22, 8층 9층 10층(여의도동, 이룸센터)",28925738.0,76.636,대용량 유전자데이터 분석 파이프라인 및 가시화 연구,합동참모본부
24년 기상레이다 적정 경제수명 산출 연구,공군군수사령부,,103.41,,만능유한회사,남궁진,이상규,제주특별자치도 제주시 첨단로251 (영평동),17468240.0,103.409,소요결정 권한 소요군 위임시 획득절차 연구,제2879부대
전구급 항공작전 분석모델의 표적가중치 산정 연구,방위사업청,,83.039,,,,,,,83.038,전투발전세미나 수행 연구용역,국군재정관리단
2.75유도로켓 창정비 비용 대 효과분석 연구용역,해군본부,,,2016-11-28,,백도현,,"서울특별시 금천구 가산디지털2로184, 10층 1017호(가산동, 벽산디지털밸리2차)",371740278.0,85.474,무기체계별 적정 수명주기 및 도태 후 활용방안 연구,국군재정관리단
해병항공해상운용을위한동원선박운용개념연구용역,국방대학교,27120193.0,,2021-02-28,한국과학기술원,이문걸,,"서울특별시 금천구 가산디지털2로184, 10층 1017호(가산동, 벽산디지털밸리2차)",27129394.0,93.145,운용함정 손상대응 훈련 시나리오 연구 용역,국군재정관리단
정밀측정장비(스펙트럼분석기 등 4종) 구매,공군교육사령부,474998822.0,82.725,2024-09-18,(사)21세기군사연구소,박영선,,"전라북도 군산시 임피면 호원대3길 64,",,82.722,00부대 EMP 보호시설 구축 선행연구 용역,군
19-회로분석기 구매(20199065-H),육군본부,,88.114,2022-07-01,한국해양과학기술원,오진성,조정선,부산광역시 동구 중앙대로286번길9-0 (초량동) 306호,85937687.0,88.117,공수지상종합훈련장 선행연구용역(특-24-용-28),국군재정관리단
유도탄검사장비(00체계 가스승압기  가스분석기) 정비,해군본부,,,2021-10-08,,,권시형,,,,(216323-C) 네트워크 위협 분석체계 구축사업,합동참모본부
K-UAM과 연계한 드론 통합관제체계 구축 방안 연구,국군재정관리단,657077086.0,,2020-06-23,소성정보기술 주식회사,김금남,류제성,충청북도 청주시 흥덕구 오송읍 오송생명2로110-6 셀젠텍,,90.251,위치보고접속장치 통신회로카드 대체품 개발 연구용역,제9691부대
전인교육 설문지 개발 및 활용성 증대 방안 연구,공군 제8전투비행단,6357677.0,93.871,2021-10-05,재단법인 한국군사문제연구원,전건욱,,"서울특별시 강남구 언주로527, 10층 (역삼동)",6357075.0,93.872,방산수출 진흥을 위한 보호법령 정비방안 연구,군
함정추진축계이상소음발생위치추정및원인분석기법연구,국방부(운영지원과),118666817.0,,2022-03-30,(사)한국전략문제연구소,박정기,,서울특별시 마포구 백범로35-0 (신수동),118696943.0,,동시방위전략 구현을 위한 미래육군병과체계 발전연구,군
잠수함 근무환경의 분석 및 건강모델개발 용역,육군공병학교,,96.772,2018-12-24,원유통,김종광,박소연,"경기도 고양시 덕양구 삼원로63-0 (원흥동, 고양아크비즈) 612호",,,정비공정 분석도구 구매,중앙행정기관
방공포병 모의훈련체계 구축방안 연구,국방부(운영지원과),167496473.0,97.202,,한성대학교 산학협력단,김진원,유관주,"경기도 성남시 수정구 복정로84번길 22-15,(B-001호) (복정동)",,,22-11차 연구장비 구매 계약  - 의약품 냉동고(수정),군
’18년 군 책임운영기관 고객만족도조사 연구용역,국방부조사본부,36042241.0,74.439,,사단법인 한국국가전략연구원,김주희,유현국,"서울특별시 송파구 법원로11길25-0, A동 1310호(문정동, 에이치비즈니스파크)",36056715.0,,ICT 기술 적용한 미래 지휘통신체계구현 가능성 연구,제2879부대
전차와 육군헬기의 혁신적인 운용개념 발전 연구,방위사업청(운영지원과),,78.474,,,,,,301935461.0,78.473,근무주정 내항성 향상 함형 개발 연구,중앙행정기관
합동화력시뮬레이터 양산사업 비용분석,방위사업청(운영지원과),,90.166,2020-08-21,,,이영민,"서울특별시 용산구 한강대로62길41, 3층 (한강로1가)",12429258.0,,전파환경측정 분석장비 유지보수,중앙행정기관
웨어러블 로봇 운용개념 연구용역,국방부(운영지원과),,,,(주)한신솔루션,홍영기,경상현,"서울특별시 노원구 광운로 20(월계동, 광운대학교)",290403149.0,,신공법교량 폭파방법도출 및 실증실험 연구용역,군
20-PKMR엔진 PBL 비용대효과분석 및 성과지표 연구,국방부(운영지원과),46432654.0,75.756,2017-02-07,한국여성정책연구원,안주섭,남궁성호,"경기도 수원시 영통구 신원로306, 1동 8층(원천동, 이노플렉스)",46401200.0,75.76,해무극복용 영상감시체계 선행연구용역,국군재정관리단
비행기지 빅데이터 기반 비행안전 관리체계 방안 연구,제5738부대,,95.801,2020-09-06,,,,,99269797.0,,17-추수평가 개선 및 환류방안 연구,중앙행정기관
2016년 제2회 국방 분석평가관계관 워크숍 위탁운영,4284부대,145916443.0,83.632,2021-03-30,주식회사 지니클라우드,한영석,이다인,"서울특별시 강남구 테헤란로4길15, 15층 1503호 (역삼동, 메가시티오피스텔)",,,표적획득 및 사격지휘체계 발전에 따른 포병효과 분석,군
(22F067-G) 심리뇌파분석시스템 유지보수사업,국군재정관리단,,95.373,2022-12-15,(주)크리에이텍,임영갑,최승룡,대전광역시 대덕구 한밭대로1158-0 (중리동) 707-1,91291469.0,95.372,(22F070-G) 경계용 영상분석 데이터셋 구축,기관
22년 기술연구용역 계약(2),4284부대,138723044.0,82.993,,,,김한욱,충청남도 논산시 양촌면 황산벌로1040,138736404.0,82.989,진로도움 프로그램 성과분석 및 개선방안 연구,4284부대
분석기  스펙트럼용 구매,육군정보통신학교,112157517.0,,2023-05-11,주식회사 휴먼씨엔씨,최권석,정성문,"경기도 용인시 기흥구 덕영대로1732-0 (서천동, 경희대학교 국제캠퍼스내)",,,(247192-C) 유전자감정장비(자동염기서열분석기) 구매,중앙행정기관
(226410-C) 지형분석장비 구매(리스물건),공군 제8전투비행단,41061582.0,,2024-07-02,(사)21세기군사연구소,변중무,이철호,"서울특별시 송파구 법원로11길25-0, A동 1310호(문정동, 에이치비즈니스파크)",41050494.0,71.578,자동염기서열분석기 구매,합동참모본부
과학적 시험설계와 시험결과의 논리적 평가방안연구,합동참모본부,52815038.0,98.3,2018-05-12,,,,,,,유도로켓(비궁) 성능개량 소요 및 방법 분석 연구용역,군
50년 함건조 사례분석 및 발전방안 정립 연구 용역,제2879부대,,86.225,2019-02-09,배재대학교 산학협력단,이현석,조희정,서울특별시 강남구 남부순환로 2806(),44960296.0,86.224,체계적인 해군 C4I 체계 유지보수 관리방안 연구,합동참모본부
연구개발 부품[캐피시터등50종1655점 구매],국방부 국방정책실,79121637.0,90.397,2018-01-07,,,송용재,,,90.394,EMP 군 시험기준 정립방안 연구,기관
춘천병원 기능강화 연구용역,해군본부,254356875.0,,2021-10-25,,장복철,김기현,서울특별시 노원구 화랑로574-0 (공릉동),254271493.0,71.178,ICT 기술 적용한 미래 지휘통신체계구현 가능성 연구,군
유류시험장비(황분분석시험기 등 4종) 구매,공군군수사령부,147808138.0,123.199,2023-11-01,(주) 솔포스텍,손승우,김영진,전라남도 목포시 해안로148번길14-0 (해안동1가),147672280.0,,소형무장헬기 양산사업 비용분석,제9691부대
BigData /vc를 활용한 무기체계 효과분석 연구,방위사업청(운영지원과),,,,,,,,33333234.0,90.141,교육연구자료 원문 DB 구축 용역,중앙행정기관
20~21년 작전지속지원분석모델 유지보수(2019F172-G),제2879부대,,101.321,,주식회사 원영전자,홍수정,,"경기도 군포시 고산로148번길17-0, B동 1303호, 1304호, 1305호(당정동, 군포IT밸리)",249150517.0,,디지털증거분석 수사체계 교체(218014-A),국군재정관리단
인공기상조절 연구용역,해군본부,99315144.0,66.831,,(사)21세기군사연구소,김진욱,유형우,대전광역시 유성구 대학로291-0 (구성동),,,교육 발전방향 연구용역,기관
22~23년 공군 전자정보 수집/분석장비 유지보수,국군재정관리단,,94.887,2021-09-07,(주)지인시스템,최규식,김진송,경상남도 창원시 의창구 팔용로 399(),27225798.0,,22-해-금속성분분석기 구매,중앙행정기관
신 작전수행개념 구현을 위한 교리발전 방안 연구용역,육군교육사령부,239103716.0,101.819,,사단법인 한국기업연구원,김재영,김종환,부산광역시 동구 고관로62 (초량동),239149019.0,101.818,공군기지 무선통신 기반구축 및 운영향상 방안 연구,군
전술정보통신체계Block-1-① 창정비요소개발 비용분석,방위사업청(운영지원과),35121262.0,86.715,2023-11-08,(주)다남정보통신,김태호,박은하,광주광역시 서구 상무대로956번길25-0 (쌍촌동),35109506.0,,18년 분석용모델 유지보수 용역,군
(246255-C) 외상처치 시뮬레이션 킷 등 5종 구매,육군교육사령부,,87.584,2023-03-20,주식회사 삼현,정영석,조동원,경기도 파주시 산남로26번길101-0 (산남동),278847403.0,87.582,(246255-C) 외상처치 시뮬레이션 킷 등 5종 구매,군
OO사단 등 부대개편부대이전사업 선행연구 용역,국군의무사령부,,,2017-09-26,,,,,,,전시 물자동원 실효성 제고방안 연구,군
“제○군수지원사령부 부대사” 연구 용역,공군본부,134442774.0,83.938,2018-07-23,,,,,134519707.0,,방위력개선사업에 K-RMF 적용을 위한 방안연구,제2879부대
의무장비(생화학자동분석기 등 2종) 구매(17-207),4284부대,,,2019-08-11,,이문걸,,,,,땅굴징후지역 지층탐사 정밀분석 용역,군
기초비행훈련용헬기 조종계통 시험장비 개발 연구용역,국군재정관리단,58767590.0,78.215,2022-12-22,주식회사 휴콤,권오경,김덕호,서울특별시 관악구 남부순환로1808 (봉천동) 1414호,,,[24-육-128] 예비전력발전세미나 주제 연구(Ⅰ),군
16년 정비지원부대 직무값 기반의 직무분석 연구용역,공군본부,137082395.0,,2023-02-25,,,신호철,,,,SUPPRESSED,군
중금속가열분석기 1항목 구매(의무),국방부(운영지원과),,,,신승하이텍,임근우,최승룡,인천광역시 부평구 부평대로301-0 (청천동) 남광센트렉스 303호,56618557.0,,18년 분석용모델 유지보수 용역,군
동원위주 부대 기계화 장비 개편시 효율성 분석 연구,국방부조사본부,90210304.0,,2020-10-10,충남대학교 산학협력단,조보근,,경기도 광주시 중앙로200-0 (송정동) 203호,,,군시설 공사비 기준단가 산정 연구용역,합동참모본부
병영환경 및 상담대상자 특성과 연계한 상담기법 연구,합동참모본부,36755149.0,73.764,2022-01-07,국방대학교산학협력단,김진원,유선미,"서울특별시 구로구 디지털로288, 18층 1806호(구로동, 대륭포스트타워1차)",36736326.0,,전쟁양상을 고려한 전사자 관리의 분석 및 발전 연구,군
000사업 핸드형 네트워크 분석기 구매,국군재정관리단,,103.001,2021-04-17,주식회사 에이치앤아이웍스,김석용,김용희,제주특별자치도 제주시 첨단로251 (영평동),229787293.0,,18년 지상군 전시자원소요분석모델 유지보수 용역,군
2.75인치 유도로켓(비궁) PBL 적용 방안 연구용역,방위사업청(운영지원과),,,2020-08-18,,,이경은,,5724399.0,,레이저 변위센서 활용한 탄약검사 M&S 개발 연구용역,군
방공포병 모의훈련체계 구축 가능성 연구용역,국군재정관리단,106567635.0,,,,,김영숙,,,116.5,국외도입 군수품 품질확보 선진화 방안 연구,군
(21F166-I)「스마트 물류」정책연구 용역,방위사업청(운영지원과),211602005.0,83.819,2022-03-30,,,김정일,,211782645.0,83.815,인공지능 무기체계 시험평가 기준 절차 방법 연구,군
[24-육-16] A군단 부대변천사 연구용역,방위사업청,,70.457,2019-08-29,주식회사 사이버앤네트워크연구원,어 기호,김한욱,경기도 성남시 수정구 창업로42(시흥동) 판교제2테크노밸리 경기기업성장센터 532호,382647486.0,,방탄물자 신뢰성 평가 개념 및 운영방안 연구,4284부대
사이버방호체계 최적화 및 고도화 구축 연구용역,국군재정관리단,,,,사단법인 안보경영연구원,전건욱,,"서울특별시 강남구 언주로527, 10층 (역삼동)",86912341.0,,병력책정기준 산정과 연계한 조직진단 기법 체계 연구,중앙행정기관
급식유통센터 성과분석 및 (경남권)필요성 연구,육군본부,,,2016-03-11,고려대학교산학협력단,김진욱,정현찬,서울특별시 서초구 서초동1432-13 202,165156709.0,84.358,부대개편이전사업 선행연구(00부대 등 4개 부대),제2879부대
회로카드 고장예측용 해석도구 활용방안 연구용역,공군본부,160427552.0,89.345,2016-07-22,국방대학교산학협력단,한민구,권시형,"경상남도 창원시 진해구 중원로1-0 (남빈동, 해군사관학교내)",160437255.0,89.343,(227164-C)연구활동 재료(시약) 구매,국군재정관리단
23-D-종합발전수립 연구용역(B032),합동참모본부,,,,,,이상규,,,97.644,국제공동연구용역(2.군병원의경쟁력..),국군재정관리단
17년 지형분석장비 교체사업,국방부(운영지원과),17256641.0,,2023-08-23,주식회사코드원,한대일,장중원,"서울특별시 송파구 석촌호수로138, 202호 (삼전동)",,82.474,(217100-F)스마트폰앱 분석체계 구축,중앙행정기관
[24-육-91] 무건리 훈련장 갈등 비용분석 연구,육군본부,38171580.0,83.74,2019-07-20,대길상사,김운용,양지혜,"경기도 시흥시 목감남서로9-19 (조남동),601호 메이저타워",38128139.0,,안보학술진흥연구용역(3.국내안보환경분석또는),제2879부대
19-2-00사 터널형 탄약고 신축 타당성 검토 연구 용역,국방대학교,,106.502,2019-07-04,,,방준성,,,106.502,동원전력 내실화 방안 연구용역,기관
제주기지 전개잠수함 저주파분석훈련장 구축사업,육군교육사령부,251464794.0,96.673,2019-10-16,씨지에스아이티(주),고찬갑,오진성,"서울특별시 송파구 중대로105-0 (가락동, 가락 ID TOWER),302호",,,정밀측정장비(스펙트럼분석기 등 4종) 구매,중앙행정기관
다계층통합네트워크 구축을 위한 연구용역,육군본부,445189394.0,93.782,,주식회사 씨이지앤드플러스,김재영,,"서울특별시 용산구 한강대로62길41, 3층 (한강로1가)",445227121.0,93.784,알코올 대사체 분석방법 연구,국군재정관리단
24년 군 양성평등지표 조사 및 분석 연구,해군군수사령부,16842487.0,,,세종대학교산학협력단,김진욱,,경상남도 진주시 동진로420 (충무공동),16836835.0,85.903,항-16-069 자동면역분석기 시약 등 37종,중앙행정기관
웨어러블 로봇 운용개념 연구용역,공군본부,24263960.0,,2019-09-14,육군사관학교 산학협력단,,송문수,서울특별시 강동구 양재대로1377 (성내동 삼원빌딩 408호),24249221.0,101.078,2020년 군 조직의 양성평등 지표 조사 및 분석 연구,군
전파환경측정 분석장비 유지보수,국방시설본부,441987016.0,106.535,2018-04-03,서울대학교 산학협력단,구칠효,이재평,대전광역시 유성구 대학로 245한국과학기술정보연구원,442008031.0,106.538,제주기지 전개잠수함 저주파분석훈련장 구축사업,국군재정관리단
KAAV RCWS/KAAV-Ⅱ총수명주기 비용에 관한 연구용역,국군재정관리단,84480593.0,93.993,2019-03-02,노무법인 디와이,이정원,이희국,"대전광역시 대덕구 대화로120, 7층 729,730호(대화동, 가온비즈타워)",84425968.0,,작전환경 변화 및 공군 합동 고려한 포병 발전 연구,군
창조국방 추진을 위한 창의적 문화조성 방안 연구,국군재정관리단,,87.517,2020-06-01,,박정기,,,370446703.0,87.509,차륜형장갑차 시설사업 선행연구,중앙행정기관
(236366-F) 네트워크 트래픽 수집 및 분석 장비 구매,공군방공관제사령부,43018313.0,80.792,2024-01-09,부경대학교 산학협력단,김동건,최동식,"경상북도 경산시 대학로13길26, 2203호(정평동, 경산 한서 고층아파트)",43038404.0,80.787,중금속 가열분석기 등 1항목 구매(의무),합동참모본부
(20F089-I)소음영향도작성을위한소음측정및분석용역,국군재정관리단,344679780.0,,,(사)21세기군사연구소,류장수,,서울특별시 마포구 도화동51-1 성우빌딩 703호,,95.502,자동염기서열분석기 구매,중앙행정기관
유도탄검사장비(00체계 가스승압기  가스분석기) 정비,국군수도병원,1968274.0,91.281,2022-12-29,주식회사 케이원,서수진,이종명,서울특별시 서초구 반포대로13-0 (서초동),,91.277,20-주파수편이용 분석기 구매,기관
21년 전투발전 연구용역(1),공군본부,23127922.0,89.691,,,김진욱,,대전광역시 유성구 대학로291-0 (구성동),,,해병 과학화경계시스템 추진방안 연구 용역,기관
21년 공군 자동면역분석기 시약 등 163종 구매,국군재정관리단,266722122.0,85.158,2021-03-25,주식회사코드원,한대일,허정성,"경기도 남양주시 별내중앙로36-23, 1706호(별내동)",266756645.0,,디지털증거분석 수사체계 구축(208050-A),제9691부대
CMMC 관련 통합실태조사 개선안 연구,국군재정관리단,203187773.0,91.005,,사단법인 안보경영연구원,전건욱,,"서울특별시 강남구 언주로527, 10층 (역삼동)",,91.012,스펙트럼용 분석기 구매,중앙행정기관
백두체계능력보강 2차 시설사업기본계획 연구용역,방위사업청(운영지원과),,86.736,,,,,,81510353.0,,유류 소분배 계통 자동화관리 연구,군
軍 태양광 시범사업 효과 분석평가 용역,국군수송사령부,217881894.0,91.234,,주식회사 플랜에이디벨롭먼트,김영국,심지민,"서울특별시 강남구 봉은사로129-0 (논현동, 거평타운오피스텔) 1126호",217920596.0,91.235,(21G085-H)'22년 스펙트럼 측정분석장비 유지보수용역,국군재정관리단
급식유통센터 성과분석 및 (경남권)필요성 연구,해군본부,,86.935,2019-11-29,(사)21세기군사연구소,권시형,,"서울특별시 금천구 가산디지털2로184, 1017호(가산동, 벽산.경인디지털밸리2)",,86.935,공군기지 작전환경을 고려한 무인기 운영방안 연구,군
AI 기반 6세대 전투기 운용개념 및 발전방안 연구,육군정보통신학교,,90.336,,영현정보통신(주),박현지,엄영석,"광주광역시 서구 상무중앙로110-0 (치평동, 광주보험회관)",20962809.0,90.337,방위사업 계약법령 체계화 방안 연구,군
조종사 피로도와 안전비행의 역학관계 분석 연구용역,제20전투비행단,,113.695,,사단법인 대한민국 육군발전협회,김재영,,서울특별시 영등포구 영등포로35길10-0 (영등포동6가) 8층 809호,101035843.0,113.695,00훈련장 이전 연구 용역,군
선진전투실험 발전현황 및 육군전투실험 향상방안연구,합동참모본부,,101.088,2021-01-24,,,,,29304566.0,101.084,18-미래 해상 무인/자율무기체계 개발방향 연구,군
군 간부 획득환경 변화에 대비한 선발제도 방안 연구,제9691부대,,69.53,2018-05-16,재단법인 한국군사문제연구원,김형철,,"경기도 성남시 수정구 위례대로83(창곡동, 국방문화센터)",352291277.0,69.523,방위사업비리 가중처벌 법안에 대한 연구,제2879부대
국방사업관리 자격신설 연구,국방부(운영지원과),,95.273,2019-05-05,,,,,,95.268,삼군부 재현 및 이전을 위한 연구,중앙행정기관
헬기와 UAV의 통합운용을 위한 비행장 설치방안 연구,육군교육사령부,38621149.0,104.008,2018-06-07,(주)프라이전트,이윤문,조혜진,서울특별시 강서구 마곡중앙8로3길79-0 (마곡동),,104.009,CH/HH-47D 성능개량 시설사업기본계획 연구용역,중앙행정기관
[24-육-91] 무건리 훈련장 갈등 비용분석 연구,국방부(운영지원과),,80.174,2022-06-01,,,김기현,,234912748.0,80.18,24년 전투실험발전 연구 용역(1),국군재정관리단
군인연금제도 발전방향 연구,공군작사근무지원단,28366942.0,,,사단법인 한국국방발전연구원,최종규,김연경,,28334892.0,,BTL관리운영권 만료사업 시설인수 운영방안 연구용역,국군재정관리단
함정 연구개발 군 요구조건 관리방안 연구용역,국방부(운영지원과),147037662.0,87.053,2017-07-19,와이피글로벌,김재일,박주희,서울특별시 강남구 논현로189길6 (압구정동),147200176.0,87.053,18~22 방위산업육성 기본계획 수립을 위한 정책연구,국군수도병원
23년 비용분석모델(True Planning) SW유지보수 용역,제2307부대,421911350.0,108.203,2022-08-02,(주)아인스에스엔씨,김종광,방윤지,경기도 안양시 동안구 시민대로161-0 (비산동) 안양무역센타 8층 312호,,,분석기  스펙트럼,합동참모본부
자동염기서열분석기 소모품 구매설치,공군본부,342219389.0,,2020-11-19,에스제이상사,방은희,이태영,경기도 하남시 미사강변한강로155 (망월동) 미사강변 SKV1센터 524-2,342277074.0,,분석기  전해용액용 1종 구매,군
주요 비행피복류 맞음성 개선 및 표준화 연구,공군군수사령부,299752195.0,,2019-06-07,한국무인이동체연구조합,윤정숙,이도제,"서울특별시 강남구 테헤란로306, 13층(역삼동, 카이트타워)",299888167.0,106.342,국방R&D 과제 평가체계 개선방안 연구,제9227부대
해병 00부대 재배치 및 신기지 구상 관련 연구,제2879부대,577350616.0,99.813,2016-12-10,(사)한국능률협회,,,충청남도 논산시 양촌면 황산벌로1040,577397483.0,99.81,KUH-1 엔진 시험장비 고장예측시스템 개발 연구용역,제2879부대
국내개발 항공기 성능개량 및 관리방안 연구용역,방위사업청(운영지원과),29931474.0,104.618,,한국환경설계(주),김승준,이수행,"경기도 안양시 동안구 학의로282, B동 1616호",29924768.0,104.614,’22년 전투발전 연구과제 용역(2),군
방산육성 수출확대 위한 산업협력 쿼터제 방안 연구,국군재정관리단,,,2021-11-01,,,이유진,,12362782.0,79.247,미래 육군의 우주분야 활용방안 연구 용역,제9691부대
AI를 이용한 기상관측장비 고장예측 기술 선행연구,4284부대,,,2018-02-23,,,윤진영,,222671761.0,81.779,시험평가 의사결정체계 효율화 방안 연구,제6619부대
네트워크 시험평가용 M&S체계 활용 발전방안 연구,공군본부,430903271.0,89.77,2021-08-17,,,황병윤,,,89.768,특수 과학화 전술훈련장 선행연구 용역,군
정기기초연구과제연구용역(4.국방우주학의이론..),국군재정관리단,138824230.0,,2018-10-12,(주)심네트,이문걸,윤진영,"서울특별시 금천구 가산디지털2로184, 10층 1017호(가산동, 벽산디지털밸리2차)",138764147.0,,23-6차 조달 연구장비(겔이미지 시스템) 구매 계약,군
예비전력 예산  국방예산의 1%달성 방안 연구,해군본부,111118025.0,79.683,2019-10-10,,,,,,,표적메모리 회로카드 대체품 개발 연구용역,중앙행정기관
직ㆍ간접 전투경험 공유확대 연구용역,육군본부,5122873.0,,2018-01-24,,,김기현,,5116730.0,122.0,합동성을 고려한 대전차전력의 적정 소요 연구,군
미래 작전지속지원 수행개념 및 핵심요구능력 연구,해군군수사령부,90279889.0,98.517,2016-10-14,,,이준직,,90214397.0,98.518,드론봇 전투체계 통합관제체계 구축 연구용역,국군재정관리단
수질분석기등 3종,공군본부,,,2023-03-07,,,,"서울특별시 금천구 가산디지털2로184, 10층 1017호(가산동, 벽산디지털밸리2차)",1068749210.0,,빅데이터 분석서버 증설 사업(GPU SSD 메모리)-리스,국군재정관리단
(21F166-I)「스마트 물류」정책연구 용역,국방부(운영지원과),,,2019-04-26,사단법인 한국국가전략연구원,한민구,구종우,"충청남도 논산시 대학로 121, 건양대학교 산학협력단(내동)",29810206.0,79.518,장비 적정수명 결정요인 선정 및 결정방법연구,합동상호운용성기술센터
17년 통합기후예측시스템 연구개발 용역,육군본부,239432337.0,83.97,2017-02-03,한화오션 주식회사,차진섭,,"서울특별시 용산구 한강대로62길41, 3층 (한강로1가)",239396550.0,,민간인 지뢰제거 방안 연구,국군재정관리단
해군 스마트 항공기지 발전방향 연구용역,국방부조사본부,96536188.0,87.322,2016-07-07,,,,,96496145.0,,22-작전지휘시설 신축 분석평가 및 선행연구 용역,합동참모본부
공대지유도탄 양산 시설사업기본계획 연구용역,육군인사사령부,,80.398,,,권시형,이슬,,194269347.0,,’22년 미래혁신연구센터 부대소개영상 제작용역,제7군단
공무직근로자 등 임금체계실태조사 및 고용환경 분석,방위사업청(운영지원과),,,2024-05-07,법무법인(유한) 세종,,노민택,서울특별시 영등포구 영등포로35길10-0 (영등포동6가) 8층 809호,357235457.0,88.273,휴대용 산소분석기 등 6종 구매,중앙행정기관
23-2차 연구의무물자(BL3 수거함 등 4종) 구매,공군사관학교,106254020.0,82.55,2017-01-09,드림인텍(주),김용오,김우중,경상남도 창원시 의창구 팔용로 399(),106286773.0,82.549,K계열 장갑차 엔진 오일펌프 시험장비 개발 연구용역,제6619부대
생화학 자동 분석기 등 116종 구매(20197022-E),국군재정관리단,,104.647,2023-02-01,주식회사 길상산업,이정훈,허정성,"서울특별시 금천구 가산디지털1로181, 가산W센터 1401호,1402호(가산동)",337213945.0,,수중자율기뢰 탐색체(AUV) 사업분석,국군수도병원
국방안전관리정보체계 최적 구축방안 연구,해군본부,154549170.0,92.882,2020-02-06,법무법인 집현전,이형화,박병희,서울특별시 강서구 양천로401-0 (가양동) 강서한강자이 A-704,154499756.0,92.891,전파영향평가 방법 비교분석 및 실증 연구,군
전술환경 下 효율적 이동통신체계 운용방안 연구용역,국군재정관리단,40214797.0,78.303,,청맥기획,이희석,박병희,경기도 광주시 도척면 다람로36번길45-13,40205553.0,78.304,KAAV-II 운용 및 요구사항 연구용역,국군재정관리단
ISR 자산의 효율적 통합 운용방안 연구,제9691부대,,,,호원대학교 산학협력단,,,,165714226.0,81.66,군인 고용보험 가입의 효과성 연구,중앙행정기관
24년 의무장비(자동분석기 생화학용 중형) 구매,국군재정관리단,58012494.0,86.017,2023-06-15,(주)알파아이엔씨,민희숙,정해붕,"서울특별시 구로구 디지털로243, 705호(구로동, 지하이시티)",58042106.0,,24년 지형분석장비 구매(리스물건),군
00기지 환경개선 사업 분석평가 및 선행연구 용역,육군 제3808부대,243327248.0,86.618,,,,,,243237666.0,86.625,2024 서울안보대화 프로그램 기획 및 발전방향 연구,제9691부대
수중전술기기통제사 자격 신설 연구,합동참모본부,,77.531,,국방대학교산학협력단,김규형,김은영,"서울특별시 서대문구 연세로 50, 연세대학교(신촌동)",13471519.0,,정보통신부대의 조직발전방향 연구,군
연구활동 재료(초자) 189종 구매,육군본부,60170582.0,84.502,,건양대학교 산학협력단,김진욱,박서연,"서울특별시 구로구 디지털로26길61, 에이스하이엔드타워2차 2001호 (구로동)",60163174.0,,잠수함 업체주도 연구개발 장비의 시험평가 방안,국군재정관리단
120mm 전차포신 약실 검사장비 개발 연구용역,해군본부,51708391.0,88.834,2023-05-09,광운대학교산학협력단,권시형,김소미,"서울특별시 용산구 이태원로 29, 전쟁기념관 4층(용산동1가)",51681554.0,,23-블랙이글스 소음 및 연막 공공갈등 관리방안연구,중앙행정기관
24년 전투발전 연구 용역(2),국군재정관리단,,86.713,2022-04-11,,,,,44346621.0,,궤도장비 난방기 야전 시험장비 개발 연구용역,중앙행정기관
유압유 미립자 분석기 교정키트 구매,국방부(운영지원과),99778203.0,82.259,2024-05-23,(사)한국위기관리연구소,김윤혁,김정자,"서울특별시 종로구 율곡로17길7-38, 수지빌딩 7층(이화동)",99868085.0,82.264,지능형 악성코드 수집분석체계 라이선스 구매,국군재정관리단
작전환경고려 전투실험 방법 및 평가 분석방법 연구,제2879부대,167744537.0,103.116,2019-08-26,서울대학교 산학협력단,김진욱,,"전라북도 군산시 임피면 호원대3길 64,",167735516.0,103.121,세계안보정세분석 연구용역,군
16-00원 종합발전 비전 연구용역,방위사업청(운영지원과),512466.0,,,(사)한국전략문제연구소,,,"서울특별시 강남구 언주로527, 10층 (역삼동)",512426.0,80.179,중증외상질환 예후예측인자 발굴 및 관리방안 연구,군
’22년 미래혁신연구센터 부대소개영상 제작용역,육군교육사령부,24214129.0,82.013,2019-11-29,주식회사 에코비투,박종석,권시형,"경기도 성남시 중원구 광명로94번길14, 지하1층(성남동)",24205374.0,,공군 수송기 전력 최적화 방안 연구용역,중앙행정기관
4차산업혁명 기술을 적용한 C4I체계 발전방안연구,방위사업청(운영지원과),46615562.0,,2020-07-19,,,,,46620057.0,90.121,함정사업 적정 사업기간 연구,군
22-병력절감형 Smart Battleship 함정 설계연구,국방부(운영지원과),,83.237,2018-11-23,(사)한국전략문제연구소,전건욱,,"서울특별시 강남구 언주로527, 10층 (역삼동)",154049218.0,83.242,미래 전투기 등급분류 발전방향 연구,4284부대
차기전술차량 계열화 방안 연구,공군본부,,,,,,황병수,,,,4차 산업혁명 전장기능별 무기체계 소요 연구 용역,국군제1068부대
2018년 서울안보대화 사이버워킹그룹 지원 연구,국군재정관리단,293569613.0,80.648,2018-05-29,사단법인 안보경영연구원,전건욱,,서울특별시 마포구 백범로35-0 (신수동),,,연구활동 재료(초자) 189종 구매,중앙행정기관
중증외상질환 예후예측인자 발굴 및 관리방안 연구,국방부군사편찬연구소,,,2020-12-21,재단법인 한국군사문제연구원,김형철,,"경기도 성남시 수정구 위례대로83(창곡동, 국방문화센터)",51785861.0,79.268,SUPPRESSED,국군재정관리단
19-추진기 CIS 분석/평가방안 정립 연구,제2307부대,418947119.0,,,신승하이텍,이용욱,,"서울특별시 영등포구 의사당대로1길11-0 (여의도동),1409호",,109.678,국방 시뮬레이터 운용실태 및 발전방안에 관한 연구,국군제1068부대
22-G/K 창정비 사업 성과분석 연구,국군재정관리단,,86.473,2018-02-20,디엔아이,김진욱,김봉환,"서울특별시 금천구 가산디지털2로184, 10층 1017호(가산동, 벽산디지털밸리2차)",,,22-15차 연구장비 구매 계약  - 진탕욕조,군
최적의 우주기지 선정 연구,국군재정관리단,63579708.0,87.951,2020-07-10,,,,,63565465.0,,정신전력 개념 정립 및 수준 측정도구 개발 연구,군
미래환경 변화에 적합한 인력획득 홍보 발전방안 연구,국방대학교,93949861.0,,,,,우수진,,93902405.0,100.813,국방 데이터 전략연구,기관
교육장비(질량분석기) 구매,공군본부,,,2019-09-19,,,,,170439717.0,,K2전차 3차 양산 사업분석,국군재정관리단
2017년 의무장비 요분석기 구매,국방부(운영지원과),109060143.0,,2022-03-07,법무법인 일현,임평산,곽은혜,부산광역시 강서구 명지오션시티9로36-0 (명지동),109086201.0,74.431,한국형 방산수출금융지원기준 설정방안 연구,중앙행정기관
인천지역 도심 친화적 통합 재배치 연구용역2019F009,공군군수사령부,103048115.0,91.408,,(사)한국능률협회,홍문기,,"경기도 성남시 수정구 복정로84번길 22-15,(B-001호) (복정동)",102960265.0,91.405,디지털 혁신시대 SW개발역량 강화방안 연구용역,4284부대
생존성 향상을 위한 개인 부대방호 능력 분석 연구,방위사업청(운영지원과),487556209.0,,,(주)심네트,이광형,정봉원,서울특별시 마포구 월드컵북로5길59 (서교동),,101.097,AI 기반 UAV 군집운용 해상작전적용 가능성 연구,중앙행정기관
17년 지형분석장비 물품 구매설치,국방부(운영지원과),,91.921,2016-01-20,엘컴퍼니,최성숙,최승룡,"서울특별시 강북구 삼양로173가길55-0 (우이동, 메이트하우스)1동402호",27664747.0,,00 징후분석체계 구축,군
19-2-00사 터널형 탄약고 신축 타당성 검토 연구 용역,육군본부,,,2019-05-17,사단법인 안보경영연구원,전건욱,,"서울특별시 강남구 언주로527, 10층 (역삼동)",67077947.0,84.438,기동전투장비의 무인화 운용 적용방안 연구용역,군
23-10차 조달 연구장비(순수물제조기) 구매,국군수도병원,156337576.0,98.56,,(주)에프오알엠도시건축공간연구소,,김소라,,156276026.0,98.556,00군단 0포병단 이전사업 선행연구 용역,합동참모본부
사이버전자전 작전수행개념 및 핵심요구능력 연구,국군재정관리단,,93.884,2022-03-13,,,,,53707009.0,93.877,21년 전투발전 연구과제 세미나 수행 용역,중앙행정기관
잠수함 지휘통신체계 경미한 성능개량 사업분석,육군본부,160757871.0,,2020-06-23,해군사관학교 산학협력단,김용주,,경상남도 진주시 정촌면 연꽃로141,160588898.0,84.908,차륜형장갑차 성능개량 사업 비용분석,국군재정관리단
진중문고 운영 및 활용 증진방안 연구 용역,국군재정관리단,,93.143,2022-03-23,(주)지인시스템,김지영,남해린,"서울특별시 영등포구 영등포로150,A동 L152호,1304호~1313호",154547764.0,,22-이맹기 제독 평전 연구 용역,군
하이드로릭 입자분석기 구매,국군재정관리단,120424151.0,,2021-11-02,주식회사 에이치투엘테크놀로지,김한희,조대근,"서울특별시 성동구 성수이로147, 905호 (성수동2가, 아이에스비즈타워)",,,21년 공군 항공무장효과분석모델 통합유지보수 용역,국군재정관리단
17년 EMP 방호 성능유지 향상방안 연구용역,국방부(운영지원과),83979709.0,89.76,2017-05-01,,유훈,,,83940094.0,89.756,『국방표준서 제정』연구,중앙행정기관
대전병원 생화학자동분석기 소모품 60종 구매,제2879부대,331812218.0,,,다슬,김원헌,주인웅,"서울특별시 영등포구 양평로149-0, 1106호 (양평동5가)",331898292.0,74.074,정밀 측정장비(레벨분석기)구매,제9691부대
비행대대 조종사 적정 편제 및 대체 인력 운영 연구,육군교육사령부,,,,(재)한국해양전략연구소,이정원,정주교,서울특별시 용산구 한강대로46길25-0 (한강로2가) 401호,,,19-함정 ORD 작성을 위한 설계/건조 요구조건 연구,군
국방 의료정보 빅데이터 분석체계 구축사업 연구용역,국방대학교,141973162.0,98.3,,사단법인 한국국가전략연구원,허건영,,서울특별시 영등포구 여의대방로43나길20-0 (신길동),141980470.0,98.301,함정 총수명주기 고려 탑재장비 획득방안 연구 용역,제9691부대
22년 분석실험실 상용 SW 구매,국군재정관리단,,81.129,2022-03-20,,,,,248174270.0,,추진장약 안정제 분석시험용 재료 구매,중앙행정기관
[연구소] 감정장비(컴퓨터 거짓말 탐지 세트) 구매,국방부(운영지원과),24118549.0,88.04,2016-10-18,자주국방네트워크,김용섭,이다인,경기도 과천시 교육원로98(중앙동),24136437.0,88.044,공군 군수지원 분야 발전방향 연구 용역,중앙행정기관
소형드론용 지능형 영상분석기술 연구/시연 용역,공군제15특수임무비행단,,89.341,,주식회사 안보기술연구원,김운용,,광주광역시 서구 화정로280번길3(농성동),35658690.0,89.335,군복무 가치 평가 관련 설문조사 연구용역,군
정기기초연구과제용역(5.인공지능강화학습...),공군군수사령부,128643060.0,74.543,2024-05-21,,,,,,,22-해군 전장기능 지능화 추진방안 연구,기관
스펙트럼 분석기,해군본부,373842705.0,,,기관상사,이재원,박영욱,"전북특별자치도 군산시 임피면 호원대3길 64,",373874731.0,76.424,상륙공격헬기 사업분석,합동참모본부
대류권산란파 장거리통신장비의 군사적활용 검증연구,제2879부대,,,2019-06-08,,,황순용,,,80.93,미래 작전지속지원 수행개념 및 핵심요구능력 연구,국군재정관리단
의무장비-혈액가스분석기 중형 구매,국군화생방방호사령부,126124405.0,79.356,2022-08-09,,,,,,79.345,(237283-E) 혈액가스분석기 소형 구매,중앙행정기관
신분별 직무분석을 통한 적정 계급구조 연구,국방대학교,,88.01,2020-08-01,재단법인 한국군사문제연구원,김형철,,"서울특별시 강남구 언주로527, 10층 (역삼동)",199313037.0,87.999,군사사 연구총서1차/2차세계대전관련연구용역(과제2),기관
통일후육군구조(안)에대한 합참과 육군(안)에대한분석,제9227부대,11853645.0,90.977,2020-11-10,사단법인 한국갈등학회,박종호,임지헌,서울특별시 영등포구 여의대방로61길2-0 (신길동)천록빌딩105호,,90.979,24년 군 주거시설 개선사업 선행연구(2차)(24-GD-69),4284부대
부대지휘 설문 제도 개선 연구,국방부(운영지원과),,,,,김진욱,류재산,경상남도 진주시 동진로420 (충무공동),59449115.0,75.765,23년 기술연구용역 계약 의뢰(3),중앙행정기관
최신함정 적정부하율 산정기법 연구 용역,국군재정관리단,,89.666,2019-01-26,사단법인 안보경영연구원,전건욱,,"서울특별시 강남구 언주로527, 10층 (역삼동)",97798714.0,89.666,훈련 및 부대운영 빅데이터 활용방안 연구용역,중앙행정기관
’22년 전투발전 연구과제 용역(1),제2879부대,,,,,,,"서울특별시 금천구 가산디지털2로184, 10층 1017호(가산동, 벽산디지털밸리2차)",,,군인연금수급자 사망률 개선 연구,군
공군 방공포부대 이전 요구 연구용역,방위사업청(운영지원과),,84.136,,,,백도현,,83661842.0,84.135,상호운용성성공요인분석을 통한 평가업무발전방안연구,기관
무기거래조약에 따른 수출입통제 개선방안 연구,국군재정관리단,7842674.0,,2019-01-21,한국항공대학교 산학협력단,주양효,최명식,서울특별시 관악구 관악로1 (신림동),7838058.0,82.103,ISR 자산의 효율적 통합 운용방안 연구,군
한국해군 협동교전절차(CEC) 수행방안 연구용역,제9691부대,3461038.0,82.695,,세종대학교산학협력단,권시형,김흥광,"서울특별시 금천구 가산디지털2로184, 10층 1017호(가산동, 벽산디지털밸리2차)",3467391.0,82.702,국방 시뮬레이터 운용실태 및 발전방안에 관한 연구,중앙행정기관
표적메모리 회로카드 대체품 개발 연구용역,국방부(운영지원과),369134654.0,,2023-01-14,주식회사 서남아이에스,장병철,김우중,,369043994.0,104.541,미래 한국군 통합사이버전 수행방안 연구,중앙행정기관
해병대 무인화전투체계 도입방안 연구용역,육군본부,,76.337,,,,오중택,,11249847.0,76.338,ISR 자산의 효율적 통합 운용방안 연구,군
PLS차량 운용효과 Arena 모델링 연구 용역,국군재정관리단,,,,동국대학교 WISE캠퍼스 산학협력단,김동준,백도현,충청북도 청주시 상당구 월평로250번길6-0 (용암동),7155197.0,108.977,해병대 간부 및 병 획득율 제고를 위한 개선방안 연구,중앙행정기관
4차 산업혁명 주요기술 활용 안전관리 발전방안 연구,제7군단,,83.499,2019-05-13,아주대학교 산학협력단,이영환,황병윤,"경기도 수원시 영통구 광교로105, 607호(이의동, 경기 알앤디비센터)",14673804.0,83.504,유·무인 복합체계 발전방안 연구,군
의무장비 혈액가스분석기 등 3종 구매,방위사업청(운영지원과),140293325.0,,2020-04-17,주식회사 엘씨케이테크놀로지스,이현정,이진우,"서울특별시 용산구 이촌로65가길51-0 (이촌동, 한가람아파트) 214-2103",140191752.0,89.673,생화학자동분석기(동물용) 등 3항목 구매(의무),제9691부대
K2전차 3차 양산 사업분석,국방부(운영지원과),18681977.0,100.425,2021-01-09,한국여성정책연구원,박헌제,정재훈,"서울특별시 마포구 마포대로 12, 한신오피스텔(마포동)",18693791.0,100.43,17년 비용분석모델(PRICE) 유지보수 용역,중앙행정기관
19-미래 군사용 해상기지 발전방안 연구,국방부(운영지원과),144823547.0,,2023-08-08,(주)에프오알엠도시건축공간연구소,,최인숙,,144715496.0,,전술항법장비(TACAN) 시설사업기본계획 연구용역,중앙행정기관
현역-초기대응  예비군-전쟁승리 개념연구 용역,제2879부대,17840893.0,83.451,2023-06-06,국방대학교산학협력단,,,,17845273.0,,연구소 화생방연구활동 재료비 초자 구매,합동참모본부
시뮬레이터 소프트웨어 보안성 시험 방안 연구,국군재정관리단,283686836.0,,2019-02-05,(사)21세기군사연구소,김은기,,"경상북도 구미시 1공단로212 (공단동) 제2층 226호(공단동, 한라시그마밸리)",283624659.0,,지하침투 감시장비 선행연구 용역,군
(246072-F) 분석기 스펙트럼용 구매,제20전투비행단,413989801.0,95.838,2023-06-23,주식회사 길상산업,최광용,최은수,서울특별시 서대문구 충정로53-0 (충정로2가) 골든타워빌딩 1701호,,,23-D-디지털컨텐츠 위변조 분석시스템 구매,국군재정관리단
알코올 대사체 분석방법 연구,육군본부,,,,사단법인 미래안보산업전략연구원,신인균,변정옥,"서울특별시 중구 퇴계로213, 309-24호(충무로4가, 일흥빌딩)",,,22-3차 연구장비 구매 계약(수정) - 미생물측정기,군
입체영상 처리 및 분석 SW 유지보수,제7군단,28018573.0,95.988,,아이티 월드,김성도,박지은,경상북도 상주시 상산로215-31 2층 (낙양동),28024422.0,,미 해군 6.25전쟁 분석자료 번역 용역,국군수도병원
무기체계 공급망 관리(SCM) 최적화 프로세스 연구,4284부대,463529.0,,2018-07-04,서현회계법인,배종환,이숙,"경기도 수원시 권선구 금곡로23,1동 (금곡동)",,,정밀 측정장비(레벨분석기)구매,국군재정관리단
『국방표준서 제정』연구,국방부(운영지원과),263692596.0,96.245,2018-04-27,(사)한국전략문제연구소,전건욱,,,,,안정적인 해병항공 운용방안 연구 용역,중앙행정기관
인력획득 모집홍보 대상의 성향 분석 연구 용역,육군본부,105535425.0,,2020-12-31,(주)두두아이티,이용준,,경기도 수원시 장안구 하률로12번길80-0 (천천동),,79.538,소형무장헬기 경제적 획득 방안 연구,국군재정관리단
유류 소분배 계통 자동화관리 연구,국방대학교,20905460.0,84.329,,씨지에스아이티(주),안주섭,박미영,"경기도 군포시 고산로148번길17-0, B동 1303호, 1304호, 1305호(당정동, 군포IT밸리)",20919116.0,84.325,CN-235 항공기 특성(RCS/IR Signature) 연구,국군재정관리단
16-상층대기 분석장비 외주정비,육군본부,,83.944,2023-07-17,세종대학교산학협력단,한민구,박계향,서울특별시 관악구 관악로1 (신림동),151990835.0,83.942,스마트 탄약정비공장 구축방안 연구용역,중앙행정기관
회로카드 고장예측용 해석도구 활용방안 연구용역,국방부(운영지원과),,81.487,,,,,,,81.481,미래 해양강군 해군비전 2045개정 방향 연구,중앙행정기관
민사분야 연구용역(2-2),공군본부,6871203.0,,2016-05-20,주식회사 에스에이컨설팅,설영만,이나라,서울특별시 동작구 여의대방로36길92(대방동),6880999.0,93.676,재사용 가능한 우주발사체 효용성 연구 용역,4284부대
23년 전투발전 연구용역(3),육군본부,,99.937,2019-12-29,(사)21세기군사연구소,,이상규,"경기도 안양시 만안구 만안로49, 519호(안양동, 호정타워)",,99.945,국방R&D 과제 평가체계 개선방안 연구,기관
오폐수처리시설 기술제안서 평가기준 정립 연구용역,방위사업청(운영지원과),97697762.0,,2020-02-07,(사)국방시설연구협회,류재산,김소미,서울특별시 동작구 여의대방로36길92(대방동),,87.807,군 VoiP 교환시스템 통합운용방안 연구 용역,중앙행정기관
2019년 범국민 안보의식조사 연구 용역,국군재정관리단,,,,주식회사 지음지식서비스,김은기,,"경상남도 창원시 진해구 중원로1-0 (남빈동, 해군사관학교내)",46868805.0,,전시 물자동원 실효성 제고방안 연구,군
상호운용성 평가 업무의 정량화 모델에 관한 연구,국군재정관리단,28906593.0,88.167,2018-12-11,,,이상규,,,88.167,독점조달 및 계약비리 등 조달제도 개선방안 연구,군
훈련 및 부대운영 빅데이터 활용방안 연구용역,방위사업청(운영지원과),35719395.0,94.266,2019-11-10,,,,,,94.276,항공전력 도입을 고려한 효율적 운용방안 연구용역,중앙행정기관
23-8차 조달 연구장비(초음파수술기 등 4종) 구매,방위사업청(운영지원과),266267475.0,103.058,2020-04-14,주식회사 오로라,박상길,홍명성,경기도 남양주시 별내면 용암비루개길140-0,266258833.0,103.064,건설현장 안전 관리시스템 구축 연구용역,군
차세대 첨단함정 건조가능성 검토 연구용역(III),공군교육사령부,401964156.0,105.931,2017-05-21,(주)에프오알엠도시건축공간연구소,김진욱,석재민,,401906919.0,105.929,국방 인공지능 발전계획 수립연구,군
합동화력시뮬레이터 양산사업 비용분석,해군본부,292265581.0,,2018-12-21,(주)프라이전트,박기식,박수정,서울특별시 영등포구 여의대방로61길2-0 (신길동)천록빌딩105호,292133833.0,90.924,18년 00부대 사이버 침해사고 조사/분석체계 도입사업,군
23-F-최대전력 분석기 구매,해군본부,169559147.0,75.724,,주식회사 에스엠플래닛,김민철,조종열,"서울특별시 송파구 송파대로24길5-6 (가락동,1층)",169664703.0,75.728,생화학분석기(자동식) 1대 구매 설치,중앙행정기관
군사시설 타운화 개념의 부대 재배치 방안 연구,국군재정관리단,,115.761,2021-08-11,사단법인 미래안보산업전략연구원,이용준,박계향,"전라북도 군산시 임피면 호원대3길 64,",110051846.0,115.769,RAM 및 군수지원분석 방법 선진화 연구(2차),군
수질분석기 등 2종 구매,공군군수사령부,577001731.0,76.94,,주식회사 딥아이,김운용,윤진영,"경기도 안양시 동안구 시민대로 266, 평촌샤르망오피스텔 909호(관양동)",576870296.0,,제주기지 전개잠수함 저주파분석훈련장 구축사업,기관
자동염기서열분석기 정비(소모품 구매설치),국군재정관리단,44965203.0,76.307,,주식회사 비용관리연구원,김원헌,박병희,경상남도 김해시 삼안로195번길20-23 (삼방동),44942328.0,76.304,공무직근로자 등 임금체계실태조사 및 고용환경 분석,중앙행정기관
마린온 3차 PBL사업 적용범위 사업타당성 조사 연구,국군수도병원,211495291.0,,,중앙대학교 산학협력단,김종귀,박계향,서울특별시 동작구 흑석로84 (흑석동),,93.502,국내개발 항공기 성능개량 및 관리방안 연구용역,군
20-효율적인 성능개량 방안 도출 연구,국군재정관리단,162361876.0,,,건양대학교 산학협력단,박래호,박수정,"서울특별시 성북구 정릉로161 6층(정릉동, 정의관)",,92.159,2019년 범국민 안보의식조사 연구 용역,중앙행정기관
통신가설차 경미한 성능개량 사업분석,공군본부,372723008.0,,,주식회사에이스게이트,이정훈,이숙,부산광역시 영도구 해양로385-0 (동삼동),372794311.0,,(246247-D) 이동형 심리생리반응 분석장비 구매,합동참모본부
특수작전용대형기동헬기 기종결정 평가방안 연구,제2879부대,313968449.0,97.747,,(사)한국전략문제연구소,전건욱,,"서울특별시 강남구 언주로527, 10층 (역삼동)",,,분석기(비행조종계통 점검용)외1종 구매(16-38),국군재정관리단
감염 및 외상분야 군의료 특성화 연구,육군본부,,83.796,2018-05-11,,,,,,,연구장비확보(중합효소연쇄반응장치),군
장보고급 잠수함 디젤감시장치 연구개발 용역,국군재정관리단,94391822.0,,2020-07-14,,,,,,97.299,원격탐사체계 중·장기 발전계획 기반연구,중앙행정기관
전차 조준선 정렬 시스템 개발 연구용역,국군재정관리단,37903717.0,96.26,2021-02-25,주식회사 라이언앤코컨설팅,오진성,김종환,"충청북도 진천군 진천읍 포석길56, 2층",,96.266,EMP방호 개선방안 연구,중앙행정기관
미래 육군 여군인력 활용성 제고방안 연구,제9691부대,,,2023-06-24,(사)21세기군사연구소,,박계향,서울특별시 강동구 양재대로1377 (성내동 삼원빌딩 408호),49737355.0,84.784,해병대 인력획득체계 분석 발전 방향 연구 용역,중앙행정기관
항공교통 업무 수행 및 공역체계 개선 방안 연구,공군군수사령부,107614094.0,77.835,,(사)국방시설연구협회,김곤중,,부산광역시 영도구 태종로 233(봉래동5가),107706979.0,77.833,국방표준서 제정(3차) 연구,군
다락대훈련장 간이 갈등영향분석 연구용역(C037),해군본부,,103.203,,,김진욱,박수정,,,103.199,인터넷접속/전자우편 통제 및 분석체계 교체사업 리스,군
혈액가스 분석기 1EA 구매,국방부(운영지원과),267703062.0,75.323,2019-12-03,(주)데이터클립,김한욱,최승룡,서울특별시 성북구 삼선교로16길116-0 (삼선동2가),,75.319,분석기  전해용액용 1종 구매,국군재정관리단
유류시험장비(연료성분분석기 등3종)구매(20196115-E),국군수도병원,147824037.0,70.813,2023-10-24,한남대학교 산학협력단,박영선,김중곤,"서울특별시 용산구 한강대로62길41, 3층 (한강로1가)",147727563.0,,17년 작전지속지원분석모델 유지보수 용역,합동참모본부
방위사업 분야 블록체인 적용방안 연구,제2879부대,45481547.0,,,(주)에프오알엠도시건축공간연구소,유훈,이기찬,,45476600.0,96.428,한국형전투기를 위한 무장선정 최적화방안 연구용역,중앙행정기관
22-13차 연구장비 구매 계약 - 원심분리기 중형,국군재정관리단,272875378.0,83.082,,(사)21세기군사연구소,오종한,,"경기도 고양시 덕양구 항공대학로76-0 (화전동, 한국항공대학교내)",272792611.0,,탄소중립 시대 도래 육군 추진전략 방향 연구용역,군
23년 조사분석용 SW 라이선스 구매,육군교육사령부,254292417.0,89.239,2019-06-26,주식회사 대한,이명식,박소연,"서울특별시 구로구 디지털로33길11-0 (구로동, 에이스 테크노타워8) 1406호",254383615.0,89.243,23-N-사이버 침해사고 조사/분석체계 구축,군
통신 정비장비(스펙트럼 분석기) 구매,육군본부,88115407.0,98.154,2023-08-29,MRO Tech(엠알오텍),이종명,조종열,"서울특별시 영등포구 63로 32, 라이프콤비빌딩702호(여의도동)",,98.154,전자파 분석장치 등 2종 구매,중앙행정기관
18-19년 해군분석모델 유지보수 및 성능개선사업,국군재정관리단,44513991.0,80.031,,,,,,,,17년 모바일 분석체계 성능개선 사업,39정찰비행단
22-00생활관 신축 분석평가 및 선행연구 용역,육군본부,159239749.0,100.278,2019-08-09,,,이수행,,159318483.0,100.276,국방정책연구과제 연구용역 계약,중앙행정기관
접경지역 부대개편에 따른 상생협력방안 연구,국방부(운영지원과),,96.231,2016-04-01,,,이성심,,34470115.0,96.224,군사작전 수행여건 정부개발계획 발전방향 연구,군
해병대 작전환경에 적합한 M&S 전력분석 연구 용역,국군수송사령부,19906205.0,77.354,2019-03-19,,,,,,,20년 수송기술병참선 제원 연구용역,군
국제공동연구용역(1.한국-NATO안보ㆍ국방...),방위사업청(운영지원과),70013431.0,,2024-08-27,,,이지혜,,69947907.0,87.286,22-병력절감형 Smart Battleship 함정 설계연구,중앙행정기관
20-함정 전기추진체계 관련 군요구조건 도출방안 연구,국군재정관리단,192928573.0,91.718,2018-01-05,건양대학교 산학협력단,정희석,박장권,경상남도 진주시 동진로420 (충무공동),,91.721,기초자치단체 비상대비업무 담당자 신편방안 연구,군
(207155-B) 액체크로마토그래피 이중질량분석기 구매,제3130부대,253107374.0,96.767,,주식회사 인섹사이버시큐리티,김하근,안주섭,"인천광역시 남동구 서창남순환로190-15 (서창동, 서창퍼스트뷰아파트) 718동 301호",253329892.0,,(227003-H)스펙트럼측정/분석장비 노후교체,4284부대
22-5차 연구장비 구매 계약 - 원심분리기 소형탁상용,4284부대,10450245.0,76.014,2021-12-15,,,,,10423632.0,76.011,소형무장헬기 양산 시설사업기본계획 연구용역,군
급식유통센터 성과분석 및 (경남권)필요성 연구,공군본부,,104.308,,,,,,6929100.0,104.299,장병 스트레스평정체계 개선 연구용역 계약,군
레이더 시험세트(스펙트럼 분석기 등 4종) 구매,합동참모본부,272153224.0,,,주식회사 매사,안명수,조현선,"서울특별시 영등포구 선유로49길23,  1001호, 1107호, 1108호 (양평동4가,아이에스비즈타워2차)",272011806.0,91.906,19-웹 취약점 진단분석체계 교체사업(201499064-A),군
한국형 임무형 지휘와 리더십 관계 정립 연구용역,제9691부대,584266391.0,,,,,,,,,00국가 해커추적 및 정보수집방안 연구,군
유도무기 품질인증사격시험 기준 정립 및 절차 연구,국군재정관리단,40837498.0,85.759,2016-06-01,사단법인 안보경영연구원,전건욱,,"서울특별시 용산구 청파로 40, 삼구빌딩 1815호(한강로3가)",40855572.0,85.757,원주기지 활주로 재포장사업 선행연구 용역,군
BigData /vc를 활용한 무기체계 효과분석 연구,육군공병학교,,,,,,,,11556919.0,62.316,기갑 및 기계화부대 중대급 교전훈련장비 연구용역,국군재정관리단
76mm 함포 약실 정밀검사용 장비개발 연구용역,국군의무사령부,,72.15,2020-12-01,,,,,319838665.0,72.152,부대활동 유형별 위험성 평가체계 연구용역,합동상호운용성기술센터
중금속가열분석기 1항목 구매(의무),공군제16전투비행단,,77.714,,애니유통,임경태,노태균,"서울특별시 송파구 석촌호수로138, 202호 (삼전동)",372245935.0,77.713,화학위험물질 및 방사선 탐지  분석용 드론제조,합동참모본부
17년 분석용 모델 유지보수 용역,국군재정관리단,,,,서울대학교 산학협력단,김진욱,김태형,대전광역시 동구 대학로62-0 (용운동),232171307.0,88.619,휴대용 화학물질분석기 등 2종 구매(20197097-D),국군재정관리단
스펙트럼 분석기 구매,공군본부,52786105.0,99.369,2024-05-02,(사)한국전략문제연구소,전건욱,,"서울특별시 강남구 언주로527, 10층 (역삼동)",,99.37,함정 개조·개장 사업의 관급보험 도입방안 연구,중앙행정기관
22-공-가스크로마토그래피(질량분석식) 구매,육군본부,71788452.0,89.911,2024-04-22,세종대학교산학협력단,이정원,손보연,,71798660.0,89.92,분석기  스펙트럼,국군재정관리단
군 범죄피해자 보호·지원을 위한 정책 연구,제9691부대,444535185.0,93.919,,(사)한국전략문제연구소,,,,444618248.0,93.922,유도로켓(비궁) 성능개량 소요 및 방법 분석 연구용역,중앙행정기관
수도병원 임상의학연구센터 통계프로그램 구매계약,국군재정관리단,,94.694,2018-05-15,재단법인 한국기계전기전자시험연구원,김지현,오세문,"서울특별시 은평구 진흥로 225,(불광동)",,94.689,“제○군단 부대사” 연구 용역,국군재정관리단
소형드론용 지능형 영상분석기술 연구/시연 용역,제9691부대,,82.388,2018-08-14,재단법인 한울문화재연구원,,,서울특별시 관악구 관악로1 (신림동),55582873.0,82.386,국방시설분야 4차 산업기술 활용방안 연구용역,국군재정관리단
해병대사령부 통.폐합과 재창설에 관한 연구용역,공군본부,,,2020-04-04,사단법인 안보경영연구원,전건욱,,"서울특별시 용산구 청파로 40, 삼구빌딩 1815호(한강로3가)",6439676.0,,손상통제사 자격신설 연구,제2879부대
16-인성교육프로그램 등 연구 용역 계약,국군재정관리단,,,2020-09-28,주식회사 한국건설경영기술원,권태순,이연미,"경기도 성남시 분당구 불정로219-0 (정자동, 한솔마을) 청구상가  비108호",68422210.0,85.471,계층별 리더십 핵심역량 정립 연구용역,국군재정관리단
교육 발전방향 연구용역,합동참모본부,53453003.0,76.954,,호원대학교 산학협력단,,,"서울특별시 금천구 가산디지털2로184, 10층 1017호(가산동, 벽산디지털밸리2차)",,,국방 안전사고 조사 표준 매뉴얼 마련을위한연구,국군재정관리단
ArmyTIGER4.0네트워크정보유통능력분석연구용역,해군본부,,,2020-03-22,MRO Tech(엠알오텍),김종호,정경아,"서울특별시 성동구 아차산로17, 11층(성수동1가, 서울숲엘타워)",50156818.0,84.937,작전지휘시설 신축 분석평가 및 선행연구용역,군
18-P-3 기체수명연장 필요성 및 수행방안 연구,공군군수사령부,145814789.0,,2020-06-27,주식회사 웨이브텍,김상인,이상규,충청북도 청주시 청원구 사뜸로67번길24-0 (율량동),145733420.0,78.657,생존성 향상을 위한 개인 부대방호 능력 분석 연구,제2879부대
항공기 운영이력 빅데이터 수집 및 분석기법 연구,해군군수사령부,247266314.0,,2020-04-16,,,,,247100429.0,97.223,적외선차폐연막통(연막제) 유해성 입증시험 연구용역,기관
대용량 유전자데이터 분석 파이프라인 및 가시화 연구,국방부(운영지원과),,94.029,2019-04-19,주식회사 이에이엔테크놀로지,최성만,윤정일,"경기도 고양시 일산서구 산현로17번길38, 1102동 503호",192216112.0,94.028,항공기 운영이력 빅데이터 수집 및 분석기법 연구,중앙행정기관
작전지휘시설 신축 선행연구용역,공군본부,72162259.0,81.96,2022-02-03,,,김한욱,,72119709.0,81.957,특수작전용대형기동헬기 시설사업기본계획 연구용역,제2879부대
CH-47헬기 호이스트 군직정비방안 연구 용역,공군본부,,,2018-09-08,,,,,14046926.0,,직ㆍ간접 전투경험 공유확대 연구용역,중앙행정기관
21-함정 거주구역 개선방안 연구,국방부(운영지원과),,92.804,,단국대학교 산학협력단,이문걸,장재필,"서울특별시 성북구 정릉로161 6층(정릉동, 정의관)",655061460.0,92.807,EMP 방호시설 성능시험 방안 연구용역,제2879부대
22년 계룡스파텔 시설개선사업 선행연구 용역,국군의무사령부,87706748.0,88.453,2017-05-22,주식회사 유니텍,이영환,최재현,"경기도 용인시 기흥구 덕영대로1732-0 (서천동, 경희대학교 국제캠퍼스내)",,,군 시설 공사비 기준단가 산정 연구용역(21K018-I),군
신기술 연구개발 기반체계 구축 및 백업체계 교체,해군본부,293715265.0,89.9,2018-12-16,소프트플로우 주식회사,이창훈,오성열,"서울특별시 서대문구 연세로 50, 연세대학교(신촌동)",293531645.0,89.896,초급간부 복무여건 현상진단 및 개선대책 방안 연구,국군재정관리단
19-적정 승조원 소요인원 정량화 방안 연구,국군재정관리단,,80.659,,,,조길래,,47278328.0,80.649,V-C 체계간 연동기술 연구,기관
24년 장기미래비전연구수행 정책연구과제사업,국방부(운영지원과),,85.123,2019-03-01,,,,,264542652.0,,RAM업무 고도화를 위한 잠정목표값 설정 연구용역,군
대용량 유전자데이터 분석 파이프라인 및 가시화 연구,국군재정관리단,11986640.0,79.181,2024-01-24,,,,,11994692.0,,군 복무가치 제고 방안 연구,군
화생방 연구 재료 초자 구매,방위사업청(운영지원과),508295805.0,101.333,2017-04-26,재단법인 한국군사문제연구원,김형철,,"경기도 성남시 수정구 위례대로83(창곡동, 국방문화센터)",508623795.0,101.34,한국 육군 교육훈련관리의 개선방안 연구,중앙행정기관
휴대용핵종분석기 구매,국군재정관리단,,,2024-03-18,주식회사 사이버앤네트워크연구원,박문희,김동신,서울특별시 서초구 사임당로18 (서초동) 석오빌딩 8층,104798071.0,63.381,추진장약 분석시험용 재료구매,군
신분별 직무분석을 통한 적정 계급구조 연구,국군재정관리단,96958955.0,88.01,2019-01-30,세종대학교산학협력단,김진원,,"서울특별시 송파구 법원로11길25-0, A동 1310호(문정동, 에이치비즈니스파크)",96902313.0,88.013,우수 과학기술 인재의 국방(군) 분야 활용방안 연구,군
한국형 차세대 전투임무기 구축방안 등 연구,국군재정관리단,20202117.0,,2022-03-10,,,,,,,해병 과학화경계시스템 추진방안 연구 용역,군
23-D-라만분광분석기 구매,방위사업청(운영지원과),205059935.0,80.487,,(사)국방시설연구협회,동중영,이성로,"서울특별시 동작구 남부순환로2021, 2층 (사당동)",204996395.0,,23-F-분석기 표면마무리용 접촉용 구매(239016-F),국군재정관리단
공무원 징계와 군 징계의 비교법적 연구,국군재정관리단,68502016.0,94.408,2016-06-08,,양선원,김경호,"서울특별시 노원구 광운로 20(월계동, 광운대학교)",68506430.0,,국방 정보기술 조사·분석 연구,제5738부대
(247045-E) 24년 조달 연구장비 구매,국군재정관리단,52974916.0,78.125,2019-07-19,씨지에스아이티(주),최규식,문효연,"서울특별시 강남구 영동대로602, 6층 E170호(삼성동)",52996848.0,78.134,민간우수체계기반 전평시 민군 수송물류업무 협력연구,군
국방정보체계프로젝트관리시스템 발전방안 연구,국군재정관리단,59570154.0,,2021-08-05,,,,,59538827.0,,ICT기반 입체영상 활용방안 연구 용역,국군재정관리단
미래 예비군 차등화 편성ㆍ관리개념 연구용역,국방부(운영지원과),2350736.0,76.603,2016-05-31,,,주정만,충청남도 논산시 양촌면 황산벌로1040,2356850.0,,군수품 상용화 확대 정책 추진 로드맵 수립 연구,군
국방 비밀관리시스템 연동표준 개념연구,방위사업청(운영지원과),195133491.0,,2021-08-10,,,,,195197783.0,78.745,EMP 방호시설 성능시험 방안 연구용역,군
K1A2 전장관리신호처리기 시험장비개발 연구용역,국군의무사령부,280288784.0,,2021-04-08,숭실대학교 산학협력단,백원철,이수행,대전광역시 유성구 유성대로1646-0 (전민동),280308061.0,86.782,성희롱 등 사건분석을 통한 조직문화 개선방안 연구,군
군 시설 공사비 기준단가 산정 연구용역(21K018-I),드론작전사령부,245211408.0,98.733,,주식회사 알앤피파트너스,이영환,,서울특별시 서초구 서운로1길34-0 (서초동),245397662.0,98.737,국내 대형민간항공기 활용 공중발사 가능성 분석 연구,합동참모본부
22-11차 연구장비 구매 계약  - 의약품 냉동고(수정),해군본부,,78.841,,주식회사 대한,차진섭,류재산,서울특별시 광진구 천호대로524-0 (군자동),313361671.0,,21-함정 추진계통 신뢰성 향상을 위한 정비방안 연구,제9691부대
잠수함 시운전 제도 개선방안 연구,방위사업청(운영지원과),40819493.0,77.315,2019-05-14,사단법인 한국국가전략연구원,,유현국,"충청남도 논산시 대학로 121, 건양대학교 산학협력단(내동)",,,23-D-종합발전수립 연구용역(B032),중앙행정기관
추진장약 분석시험용 재료구매,육군종합군수학교,186617975.0,,,주식회사 행림종합건축사사무소,김동준,박주희,서울특별시 강남구 언주로 716(),,101.086,디지털 증거분석체계 라이센스 확보,4284부대
20-161 218 동물용 자동분석기 등 3품목,국방부(운영지원과),,115.95,2017-04-04,사단법인 미래안보산업전략연구원,권시형,,서울특별시 마포구 동교로183-11 (동교동) 한국정치학회빌딩 4층 한국정치학회,35202988.0,115.939,감정장비(자동염기서열분석기 등 2종) 검교정 용역,중앙행정기관
상층대기분석장비 유지보수,공군군수사령부,,,2017-04-27,주식회사 티앤제이커뮤니케이션,김덕화,김영원,경기도 안양시 동안구 흥안대로445(평촌동) 제6층 615호 안양평촌동지식산업센터,,81.16,정보분석낭 구성품 구매,중앙행정기관
국방 정보기술 조사·분석 연구,합동참모본부,,,,,,,"서울특별시 강남구 언주로527, 10층 (역삼동)",413372997.0,109.02,워리어플랫폼 최적화 방안 및 핵심요구능력 연구,국군재정관리단
무기체계 인공지능 기술적용 JROC 작성지침 개정 연구,해군군수사령부,,93.088,2020-09-17,제일공사,박병훈,,"서울특별시 서대문구 신촌로109, 비2호(창천동, 신촌르메이에르타운5)",,93.096,국방연구개발사업의 성과조사.분석 연구,제9691부대
위험평가를 위한 공격표면 및 평가방법 연구,방위사업청(운영지원과),10930495.0,92.915,2021-02-06,(사)한국위기관리연구소,김규호,윤병찬,경기도 용인시 처인구 모현면 외대로 81(),10921949.0,,(247045-E) 24년 조달 연구장비 구매,중앙행정기관
자동염기서열분석기 정비,국군의무사령부,573000567.0,85.79,2024-09-10,주식회사 와이매틱스,김건희,,서울특별시 성북구 삼선교로16길116-0 (삼선동2가),573093860.0,85.793,22년 공군 항공무장효과분석모델 통합 유지보수,국군재정관리단
삼군부 재현 및 이전을 위한 연구,방위사업청(운영지원과),16115661.0,84.49,2016-09-14,,,,,16129624.0,84.496,SUPPRESSED,중앙행정기관
22-4차 연구장비 구매 계약 - 세균배양기 CO2,제2879부대,181648019.0,,2019-10-22,성도교역,조현선,정재훈,대전광역시 대덕구 한밭대로1158-0 (중리동) 707-1,,,인공지능 전차 비사격 훈련시스템 개발 연구용역,기관
신기술 기반 공군 교육통합플랫폼 구축방안 연구,육군군수사령부,129005045.0,,2021-02-24,,,,,129017212.0,86.02,국방정보화법률 개정입법 추진전략 연구,국군수도병원
웨어러블 로봇 운용개념 연구용역,국방부(운영지원과),,96.991,,,,박계향,,,,국내 한도액계약 및 성과기반계약 활성화 방안 연구,중앙행정기관
세계안보정세분석 연구 용역,국방부조사본부,80551500.0,93.775,2018-09-13,주식회사 복은,김영국,김소미,"서울특별시 금천구 디지털로9길68, 제1806호(가산동, 대륭포스트타워5차)",80529290.0,93.777,오폐수처리시설 기술제안서 평가기준 정립 연구용역,국군재정관리단
22-11차 연구장비 구매 계약 - 의약품 냉동고,국방시설본부,602280296.0,,2020-11-21,주식회사 휴먼씨엔씨,박 동순,권시형,"서울특별시 강남구 언주로319, 5층,6층(역삼동,조우회관)",602180614.0,,지상공중우주계층별 양자기술연구용역,국군재정관리단
국방기록관 업무효율화를 위한 방안 연구,방위사업청(운영지원과),24402550.0,74.763,,,,박종재,,24408856.0,74.768,육군 항공관제 시뮬레이터 연구개발,군
전술환경 下 효율적 이동통신체계 운용방안 연구용역,방위사업청(운영지원과),,,2022-03-31,(사)21세기군사연구소,김규형,김정일,,,,수동음파탐지부표 연구개발 용역(21H085-I),중앙행정기관
최신 ICT를 적용한 국방컴퓨터체계 운용 방안 연구,국방대학교,,,2020-09-14,국방대학교산학협력단,최아진,이한솔,"서울특별시 금천구 가산디지털2로184, 10층 1017호(가산동, 벽산디지털밸리2차)",,81.039,4차 산업혁명 주요기술 활용 안전관리 발전방안 연구,군
추진장약 저장수명 예측 가속노화시험 연구용역,공군사관학교,241149158.0,85.458,2016-07-12,(사)21세기군사연구소,김진욱,유선미,"서울특별시 용산구 이태원로 29, 전쟁기념관 4층(용산동1가)",241000688.0,85.462,예비전력 예산  국방예산의 1%달성 방안 연구,제7군단
드론사업 진화적 획득 방안 연구,제6619부대,,,2017-02-16,,한민구,,서울특별시 성북구 삼선교로16길116-0 (삼선동2가),154499695.0,80.586,화생방정찰차-II(차량형) 시설사업기본계획 연구용역,국군재정관리단
의학연구소 영상진단장비,방위사업청(운영지원과),16304533.0,84.277,2023-11-02,,,이병택,"서울특별시 금천구 가산디지털2로184, 10층 1017호(가산동, 벽산디지털밸리2차)",,84.278,헬기와 UAV의 통합운용을 위한 비행장 설치방안 연구,군
공군 소프트웨어(SW) 인력관리 표준방안 연구,국방부,552313801.0,92.084,2017-06-03,(사)한국전략문제연구소,박정기,,"서울특별시 강남구 언주로527, 10층 (역삼동)",552138750.0,92.088,작전환경고려 전투실험 방법 및 평가 분석방법 연구,국군재정관리단
신공법교량 폭파방법도출 및 실증실험 연구용역,국군재정관리단,,87.216,2017-07-15,에스엘(SL)상사,최치원,박서연,충청북도 청주시 흥덕구 비하로59-2 (비하동),112183808.0,87.213,20-효율적인 성능개량 방안 도출 연구,중앙행정기관
급식유통센터 성과분석 및 (경남권)필요성 연구,해군교육사령부,,,2019-09-08,(주)렛츠정보통신,심상필,전옥녀,"서울특별시 강남구 테헤란로69길5(삼성동,DT센터)",438783.0,84.245,국방 시뮬레이터 운용실태 및 발전방안에 관한 연구,중앙행정기관
전파영향평가 방법 비교분석 및 실증 연구,국군재정관리단,146033494.0,86.102,2021-03-02,건양대학교 산학협력단,허건영,,대전광역시 유성구 죽동로157-0 (죽동),146003985.0,86.101,국방 사이버보안 종합발전 전략 연구,중앙행정기관
CN-235 항공기 특성(RCS/IR Signature) 연구,공군 제8전투비행단,297910269.0,,2021-03-12,(사)21세기군사연구소,김용섭,주정만,"서울특별시 서초구 방배천로155, 유청빌딩 3층(방배동 821-8)",298097097.0,80.99,전자기스펙트럼 측정/분석체계 운용방안 연구,군
복수활주로 건설사업 분석평가 및 선행연구,국방부(운영지원과),38223594.0,,2022-05-20,(사)21세기군사연구소,김진욱,전현숙,"서울특별시 종로구 홍지문2길20-0 (홍지동, 상명대학교)",38195622.0,84.243,TAURUS 총수명간 운영방안 연구,중앙행정기관
대잠훈련분석체계(AEAS) 유지보수 용역,국방시설본부,33301495.0,94.548,2022-12-24,,권시형,,,,94.544,발칸 열영상 야간조준기 양산사업 비용분석,군
사이버 자산정보 수집 분석체계 라이선스 구매,국군재정관리단,2152706.0,86.478,,연세대학교 산학협력단,정현찬,민정화,"서울특별시 강남구 테헤란로131-0 (역삼동, 한국지식재산센터) 3.9층",2153343.0,86.476,24-해병-이동식 취약점 분석평가 도구(상용SW) 구매,중앙행정기관
사이버정보(수집·분석·관리)시스템 구축방안,육군본부,,,,주식회사 지니클라우드,김지영,기민경,서울특별시 강남구 논현로189길6 (압구정동),547532279.0,,「국방혁신 4.0 기본계획」 수정1호 발전방안 연구,군
군 급식제도의 시스템 개선을 위한 연구,공군방공관제사령부,,,2019-04-21,고려대학교산학협력단,권선애,,서울특별시 관악구 관악로1 (신림동),5590931.0,,상호운용성성공요인분석을 통한 평가업무발전방안연구,군
회로카드 고장예측용 해석도구 활용방안 연구용역,국군재정관리단,,,2018-09-22,금오공과대학교산학협력단,권혁웅,,서울특별시 강서구 마곡중앙로161-8 (마곡동) 두산더랜드파크 씨동 4층 407호,164192541.0,98.63,K10제독차 조종상자 회로카드 정비기술개발 연구용역,4284부대
국방 연구개발 법제 개선 연구,공군군수사령부,,,,(사)21세기군사연구소,민광기,조대현,"서울특별시 송파구 법원로9길26, D동 1104호(문정동, H-비즈니스파크)",,107.283,4차 산업혁명과 연계한 미래 물자동원방안 연구,군
00부대 EMP 보호시설 구축 선행연구 용역,국방부(운영지원과),,95.481,2019-12-07,사단법인 한국국가전략연구원,정봉원,노민택,"서울특별시 금천구 가산디지털2로184, 10층 1017호(가산동, 벽산디지털밸리2차)",37071035.0,,군용총포·도검·화약류 안전관리 발전방안 연구,군
정보역량 강화 연구용역,국방대학교,,,2021-02-14,(주)심네트,,,"충청남도 논산시 대학로 121, 건양대학교 산학협력단(내동)",9833264.0,,군대의 가치를 표현할 수 있는 의식과 의례 개념 연구,중앙행정기관
대형공격헬기의 효과적인 시설사업 추진방안 연구,국군재정관리단,153265009.0,82.456,,주식회사 비용관리연구원,김선철,이성표,"서울특별시 동작구 남부순환로2021, 2층 (사당동)",153238995.0,82.463,비전통위협 대비군시설활용및 공용면적 기준 개정연구,국군재정관리단
군 의료 혁신을 위한 의료전달체계 개편 연구용역,국군재정관리단,21910548.0,78.609,2016-10-29,주식회사 안보기술연구원,이영환,이수행,서울특별시 광진구 군자동98 집현관 216,21935128.0,78.616,공군기지 무선통신 기반구축 및 운영향상 방안 연구,군
잠수함 근무환경의 분석 및 건강모델개발 용역,국군재정관리단,195866895.0,84.878,,주식회사 인섹사이버시큐리티,김진준,정지상,"서울특별시 용산구 한강대로40길39-12, 204호 (한강로2가)",,84.877,대잠훈련분석체계(AEAS) 유지보수 용역,군
22년 기술연구용역 계약(1),해군본부,,97.335,2018-12-14,,,손보연,,85189020.0,,22-해상기반 우주발사체계 개념 연구,국군재정관리단
23년 국방정책토론회 학술연구용역,육군본부,113514197.0,73.685,,(사)한국안보문제연구소,박영선,,"서울특별시 서초구 서초중앙로20길 24, 서종빌딩 4층(서초동)",113465943.0,73.687,마린온 3차 PBL사업 적용범위 사업타당성 조사 연구,군
국방무인체계 총수명주기관리방안 연구,합동참모본부,239769564.0,89.67,2019-10-01,라온시스템즈(주),고찬갑,최규식,"서울특별시 강남구 영동대로511, 16층(무역센터 트레이드 타워)",,89.674,교육 발전방향 연구용역,기관
차세대 미사일 방어 무기체계 발전 방향 연구,국방대학교,,85.462,2018-03-18,주식회사 씨이지앤드플러스,김곤중,이대용,경기도 광주시 도척면 상림리51-19,13880171.0,,전시 비상급수 기준 수립 연구,국군재정관리단
23년 군 주거시설 개선사업 선행연구 용역,국방대학교,,,,국방대학교산학협력단,고중혁,김지훈,서울특별시 동작구 흑석로84 (흑석동),14906657.0,91.747,대형공격헬기의 효과적인 시설사업 추진방안 연구,제2879부대
미래 예비전력 정예화를 위한 동원개념 재설계 연구,국방부(운영지원과),3774106.0,93.392,2020-01-03,,차진섭,김진욱,"서울특별시 금천구 가산디지털2로184, 10층 1017호(가산동, 벽산디지털밸리2차)",3772895.0,93.398,(21F166-I)「스마트 물류」정책연구 용역,군
휴대용 산소분석기 등 6종 구매,국군의무사령부,852617923.0,89.241,,(사)국방시설연구협회,최명식,,"서울특별시 강동구 천중로39길19-9 (천호동, 지원골드아파트) 401호",853147318.0,89.242,중금속가열분석기 1항목 구매(의무),국군재정관리단
안보학술진흥연구용역(3.국내안보환경분석또는),합동참모본부,7309389.0,,2022-12-01,,,임혜정,,7318715.0,100.557,국제공동연구용역(1.한국-NATO안보ㆍ국방...),군
24-미래 공군병력 부족 대비 인력공급 확대방안 연구,육군교육사령부,63829809.0,88.351,,,,김다예,,,88.351,화산 특수작전종합훈련장 선행연구용역(특-24-용-24),중앙행정기관
정비공정 촬영도구  분석SW 구매,방위사업청(운영지원과),21986344.0,,2020-07-26,주식회사 마에스트로네트웍스,김하근,박소영,강원특별자치도 삼척시 중앙로230-0 (남양동) 3층,21960516.0,,20-지형분석체계 교체(리스물건)(208080-A),군
해안 경계력 보강 사업 선행 연구,방위사업청(운영지원과),342769487.0,89.931,,에스앤에스이앤지 주식회사,경상현,이경미,,342441577.0,89.935,무기체계 획득.운용 연구용역,국군재정관리단
회로카드 고장예측용 해석도구 활용방안 연구용역,국군재정관리단,,,2021-12-17,,,김중곤,,198310843.0,103.415,상륙돌격장갑차(KAAV)-II 계열화 방안 연구,중앙행정기관
BTL관리운영권 만료사업 시설인수 운영방안 연구용역,국군재정관리단,367592029.0,,,(사)한국전략문제연구소,박정기,,"서울특별시 용산구 청파로 40, 삼구빌딩 1815호(한강로3가)",,79.759,23-10차 조달 연구장비(순수물제조기) 구매,제9691부대
분석기(비행조종계통 점검용)외1종 구매(16-38),국군재정관리단,,87.053,2021-08-02,(주)싸이버텍,고중혁,김규호,서울특별시 동작구 흑석로84 (흑석동),550384068.0,87.043,유류시험장비(가스성분 분석기 등 2종) 구매,군
[24-육-128] 예비전력발전세미나 주제 연구(Ⅰ),국방부(운영지원과),,83.759,2021-05-11,재단법인 한국군사문제연구원,김형철,,"경기도 성남시 수정구 위례대로83(창곡동, 국방문화센터)",116341422.0,83.766,국방대학교 안보현안분석 등 2종 인쇄 용역,중앙행정기관
19-함정 고전압 육전공급설비 적용방안 연구,방위사업청(운영지원과),24505395.0,84.579,2020-04-14,라온시스템즈(주),정태량,한달연,경상북도 상주시 화서면 봉촌1길75-0,24513088.0,84.576,2.75인치 유도로켓(비궁) PBL 적용 방안 연구용역,군
17년 분석용 모델 유지보수 용역,해군본부,22301987.0,,2022-03-18,국방기술품질원,김재영,김재일,서울특별시 영등포구 여의대방로43나길20-0 (신길동),22326433.0,78.746,[24-육-84] 탄약부대 경계병력 민간전환 선결 연구,군
정보통신부대의 조직발전방향 연구,해군본부,15857871.0,76.405,2016-11-06,상명대학교산학협력단,,김중곤,"서울특별시 성북구 화랑로76, 제3층 307호(하월곡동,코업스타클래스)",,76.414,00부대 신축 사전 타당성검토 연구용역,제2879부대
무기체계 RAM 시험평가의 효율적 수행방안 연구,방위사업청(운영지원과),58032330.0,103.924,,단국대학교 천안캠퍼스 산학협력단,윤철지,이병택,충청북도 청주시 상당구 월평로250번길6-0 (용암동),,103.922,물류운영체계 개선 연구용역(21J040-B),군
24년 전투실험발전 연구 용역(2),공군본부,415204731.0,90.173,2019-09-26,사단법인 한국국방기술학회,김한희,,"충청북도 청주시 서원구 사직대로164번길9, 401(사창동)",,90.171,스펙트럼용 분석기 구매,국군재정관리단
24년 군 양성평등지표 조사 및 분석 연구,국방통합데이터센터,21169797.0,,,기관상사,이인석,송문수,부산광역시 영도구 해양로385-0 (동삼동),21148694.0,,AI유무인 복합체계 활용 방안 연구,국군복지단
(20F172-I)00부대 라돈저감방안 연구 용역,국방부(운영지원과),220694067.0,95.849,2020-04-08,주식회사 타임기술,노광현,정광조,서울특별시 동대문구 천호대로 157(),220584537.0,95.849,20-Lynx 군수지원 여건 고려 적정 수명주기 연구,군
(236199-F) 고분해능 질량분석기 구매,국군제1068부대,1383060124.0,79.081,,티엠시 주식회사,현수,이동희,"서울특별시 금천구 가산디지털2로14,  14층 1405, 1406호(가산동)",1382953856.0,79.084,위성전군방공경보체계 경미한 성능개량 사업분석,국군재정관리단
사격지휘차량 양산사업 비용분석,국방부(운영지원과),437900991.0,100.372,2018-04-14,한성대학교 산학협력단,최진식,박미진,부산광역시 사하구 장평로 245(),437852008.0,,상층대기분석장비 유지보수,군
2017 서울안보대화 프로그램 기획 및 발전방안 연구,국군재정관리단,,85.866,2018-08-29,재단법인 한국군사문제연구원,김형철,,"서울특별시 강남구 언주로527, 10층 (역삼동)",207533384.0,,소규모 정보체계 개발방법론 연구,군
(216032-G) 차륜형장갑차 센서데이터 수집 분석체계,공군군수사령부,,85.878,,삼송,박수영,정해붕,"경기도 고양시 일산동구 강석로33, (백석동, 대우IAAN) 2층 217호",49591635.0,,K1A1전차 성능개량 사업분석,제9691부대
공군 3훈비 방호시설 방호성능평가 연구용역,제9691부대,83801767.0,71.639,,,설영만,허정행,"서울특별시 금천구 가산디지털2로184, 10층 1017호(가산동, 벽산디지털밸리2차)",,,MZ세대 주거시설 시설기준 제·개정 연구용역,군
훈련 및 부대운영 빅데이터 활용방안 연구용역,해군본부,,91.199,2018-10-27,(사)한국전략문제연구소,전건욱,,,87752893.0,91.194,SUPPRESSED,중앙행정기관
신재생에너지 적용관련 군 에너지 정책방향 연구용역,해군본부,206166629.0,80.058,,주식회사 디티알기술사사무소,오진성,박용준,"충청북도 청주시 흥덕구 봉명로31 티원타워 지식산업센터 119호, 416,417호",,,23년 전투발전 연구용역(4),국군재정관리단
유도탄검사장비(00체계 가스승압기  가스분석기) 정비,국군재정관리단,185618974.0,,2021-06-26,(주)성광메디피아,김성룡,안다희,경상남도 함안군 칠북면 삼칠로 1826티엠시 (주),185629413.0,,22-경항모 건조가 산업에 미치는 영향 분석,제2879부대
[상층대기 분석장비]회로카드 조립체 등 4종 구매,국군수도병원,21621386.0,84.026,2022-08-07,한국여성정책연구원,현수,정봉원,전라남도 목포시 용당로225-1 (용당동),21629601.0,84.037,40mm고속유탄기관총-Ⅱ 사업분석,국군재정관리단
22-작전지휘시설 신축 분석평가 및 선행연구 용역,제5군단사령부,160531897.0,,2018-12-08,(주)글로벌텔레콤,이기석,민정화,충청북도 청주시서원구 성화동599번지 3층,,88.573,민군 상생을 위한 대체시설 검토 및 관리방안 연구,국군재정관리단
23-2차 연구의무물자(BL3 수거함 등 4종) 구매,공군군수사령부,117969279.0,87.006,,,채순기,,"인천광역시 남동구 인주대로591번길64, 410호(구월동, 타원벨라움)",,87.011,군 주거시설 개선 연구용역,군
해병대 과학화 전투사격장 구축 연구용역,공군본부,2929569.0,,2017-12-11,국방대학교산학협력단,,이재평,,2932901.0,89.74,군 시설 공사비 기준단가 산정 연구용역(21K018-I),군
22-해병-지능형 사이버침해사고 조사분석체계 구축,공군본부,290305716.0,70.52,,(주)에프오알엠도시건축공간연구소,김진욱,주진형,서울특별시 강동구 양재대로1377 (성내동 삼원빌딩 408호),290099641.0,70.523,23-D-기체질량분석기 구매,중앙행정기관
군인ㆍ군무원 수당이력조사 및 유사직종사례 비교연구,국방부(운영지원과),,,,주식회사화인시스텍,배종환,남해린,서울특별시 강서구 마곡중앙5로1길20 (마곡동) 520호,,,23년 기술연구용역 계약 의뢰(3),군
효과성·활용성 중심의 군내 NCS 적용방안 연구용역,국군재정관리단,195319825.0,80.057,2018-12-20,제이에스전자,김근우,심지민,"서울특별시 노원구 광운로 20(월계동, 광운대학교)",195278997.0,,표적메모리 회로카드 대체품 개발 연구용역,중앙행정기관
차년도 안보정세전망 연구 용역,공군본부,,78.931,2021-08-27,(주)케이씨이아이,고중혁,,,17282137.0,,인공기상조절 연구용역,기관
국군역사기념관(가칭) 건립사업 선행연구,해군본부,21900514.0,,,주식회사 테크피아엔지니어링종합건축사사무소,이경미,,"서울특별시 서초구 방배천로155, 유청빌딩 3층(방배동 821-8)",,,예비전력 VISION 구현 방향 연구용역,군
조종사 피로관리 프로그램 개발 연구용역,제9691부대,6857324.0,100.192,2017-10-28,상명대학교산학협력단,정의붕,,"서울특별시 금천구 가산디지털2로184, 10층 1017호(가산동, 벽산디지털밸리2차)",,100.197,위성 무기체계 시험평가 제도개선에 관한 연구,군
국방혁신 연계 예비군 전력증강 및 운용방안 연구,국군재정관리단,208219900.0,,,,박정기,,"서울특별시 강남구 언주로527, 10층 (역삼동)",,,35사단 동원훈련장 생활관 시설사업 선행연구 용역,중앙행정기관
(217097-E)차세대유전자 서열분석기 구매설치,국군재정관리단,202826750.0,94.341,2023-11-18,주식회사 시스코어,김영국,정운찬,"서울특별시 용산구 이태원로 29, 전쟁기념관 4층(용산동1가)",,94.344,19년 분석용모델(3종) 유지보수(2018F125-G),군
군 주거시설 개선 연구용역,공군미사일방어사령부,286391987.0,,2019-08-03,아이티 월드,김종광,조노희,"대구광역시 북구 태전로1, 101동 302호 (태전동, 태전역 더 뉴클래스)",286456531.0,90.366,UH-60 휠제동용 유압장치 시험장비 개발 연구용역,제20전투비행단
자운대 종합발전계획 연구용역,육군본부,476323578.0,79.448,2018-10-12,에스엠트레이딩,김연수,허지원,"서울특별시 금천구 가산디지털1로30,1712호 (가산동,에이스하이엔드타워10차)",476705171.0,,인공기상조절 연구용역,중앙행정기관
PLS차량 운용효과 Arena 모델링 연구 용역,해군본부,80173480.0,101.455,2021-05-20,,,박계향,,,101.452,모바일기기 증거분석체계 구매(교체),군
22-00생활관 신축 분석평가 및 선행연구 용역,국군재정관리단,307785748.0,83.115,2018-05-23,(재)한국기계전기전자시험연구원,김진욱,박문희,"경기도 용인시 처인구 명지로 116, 명지대학교(남동)",,83.121,22-이맹기 제독 평전 연구 용역,군
12.7mm 파쇄탄 선행연구 용역,육군본부,17373614.0,86.976,,,,,,17349646.0,86.97,CH/HH-47D 성능개량 시설사업기본계획 연구용역,국군재정관리단
아웃도어용식량의 전투식량 활용 및 비축 타당성 연구,국방부조사본부,,92.576,2019-04-15,,,이상규,,110665252.0,92.572,SUPPRESSED,4284부대
미래형 성과기반 군수지원 적용방안 연구,국군재정관리단,205401955.0,86.119,2017-07-14,,,,,205341315.0,86.119,최적의 우주기지 선정 연구,중앙행정기관
OO사단 등 9개 부대 개편사업 선행연구 용역,방위사업청(운영지원과),117376719.0,99.026,,,,,,117337080.0,,SUPPRESSED,중앙행정기관
스마트팩토리 기반 KAAV창정비 공장 연구 용역(1),육군본부,,88.748,2019-05-09,,,김중곤,,,,고출력레이저 위성추적체계 구축방안 연구,국군재정관리단
대형기동헬기(CH/HH-47D) 성능개량사업 비용분석,육군본부,,82.0,2023-03-08,,,,,,81.999,23년 군 주거시설 개선사업 선행연구 용역,국군재정관리단
국방 인공지능 발전계획 수립연구,국군재정관리단,186131390.0,96.908,2017-04-18,주식회사 한국사업관리연구원,,장재필,"서울특별시 금천구 가산디지털2로184, 10층 1017호(가산동, 벽산디지털밸리2차)",186189485.0,96.905,22-G/K 창정비 사업 성과분석 연구,중앙행정기관
19년 지형분석장비 교체구매(20196112-G),육군본부,488969517.0,91.817,2018-01-19,,,,서울특별시 강동구 양재대로1377 (성내동 삼원빌딩 408호),489007831.0,,18-회로망용 분석기 등 8종 구매,기관
지능형 전군 악성코드 수집분석체계 구축(리스물건),국군재정관리단,288332012.0,100.397,,주식회사 청호,서영우,가회광,서울특별시 금천구 벚꽃로244-0 (가산동)810호 벽산디지털밸리5차,288266676.0,100.398,추진장약 분석시험용 재료구매,군
2018년 서울안보대화 사이버워킹그룹 지원 연구,합동참모본부,92407859.0,,2019-11-25,배재대학교 산학협력단,박진호,박병희,충청남도 천안시 동남구 풍세로303-0,92422716.0,93.326,공군 리더십 교육프로그램 개발 연구용역,국군재정관리단
통신중계드론 사업분석,제9691부대,3517611.0,88.271,,법무법인(유한) 대륙아주,김범준,가회광,"강원특별자치도 원주시 문막읍 귀문로1269-16, 1층 우측",,88.273,23-F-전자정보 수집/분석장비 유지보수,군
FA-50 성능개량 방안 연구,공군제16전투비행단,,89.965,,,김주희,,"서울특별시 금천구 가산디지털2로184, 10층 1017호(가산동, 벽산디지털밸리2차)",88129827.0,,2.75유도로켓 창정비 비용 대 효과분석 연구용역,군
국내 대형민간항공기 활용 공중발사 가능성 분석 연구,육군본부,440592499.0,82.101,,(사)21세기군사연구소,최성만,,서울특별시 성북구 삼선교로16길116-0 (삼선동2가),440418731.0,,해군조직 및 갈등특성에 부합한 갈등관리 방안 연구,중앙행정기관
20-풍력발전시설의 R/D 및 통신전자장비 영향성 분석,방위사업청(운영지원과),143891991.0,,2017-05-10,주식회사 아이엠트레이딩,신훈길,김우중,서울특별시 강서구 양천로401 (가양동) 강서한강자이타워 B동1503~1506호,,81.625,22년 병리장비운영소모품(6) 요분석검사 27품목 구매,군
진동분석시험장비 진동감지센서 등 16종 구매,국방대학교,,92.43,,주식회사 이수케이,신승호,김선태,"경상북도 경산시 하양읍 하양로13-13, D1동 4층 406호",93761715.0,,인터넷접속/전자우편 통제 및 분석체계 교체사업,제9691부대
국방 데이터센터 발전방안 연구,육군본부,36195368.0,109.095,,영현정보통신(주),이승기,김태영,충청북도 청주시 흥덕구 흥덕로 126(),,109.091,육군 병영생활관 신축기준 연구용역,4284부대
계층별 조직문화 진단 및 혁신프로그램 추진 연구용역,해군본부,98126387.0,86.684,2021-08-12,,,채희연,,,86.69,CH-47D 후방도어 실린더 정비기술 개발 연구용역,군
법무 계좌통신 분석시스템 구매,방위사업청(운영지원과),37349634.0,86.886,2023-06-07,젠트리거,송영호,정금석,대전광역시 유성구 국제과학3로22-0 (신동),37357277.0,86.891,국방과학기술 전문인력 소요분석 연구,중앙행정기관
KT-100 PBL 적용방안 연구용역,방위사업청,59836871.0,97.572,,,,,,59804600.0,,우주 무기체계 사업을 위한 계약적 보완 방안 연구,4284부대
전술환경 下 효율적 이동통신체계 운용방안 연구용역,국군재정관리단,,81.277,,주식회사 타임기술,김은기,김재일,경기도 성남시 수정구 창업로42(시흥동) 판교제2테크노밸리 경기기업성장센터 532호,91460385.0,81.276,해군수병 역량강화 프로그램 추진 연구용역,국군재정관리단
(20F088-A)소음영향도 작성을위한 소음측정및분석용역,국군재정관리단,61030357.0,98.86,2023-01-06,,,,,61026128.0,98.856,수질분석기등 3종,군
소음피해보상금 산정 및 지급철차 연구용역,국군재정관리단,85445734.0,,2021-02-17,,,김승범,세종특별자치시  시청대로370-0,85414753.0,80.374,복수활주로 건설사업 분석평가 및 선행연구,중앙행정기관
기갑 및 기계화부대 중대급 교전훈련장비 연구용역,방위사업청(운영지원과),50871968.0,,2018-12-23,사단법인 한국국가전략연구원,,조대현,,50939733.0,87.111,아웃도어용식량의 전투식량 활용 및 비축 타당성 연구,중앙행정기관
군 경계작전에 적합한 LED등기구 기준 정립 연구용역,방위사업청,,93.332,,,,,,15546558.0,93.332,신분별 직무분석을 통한 적정 계급구조 연구,합동참모본부
22-11차 연구장비 구매 계약 - 의약품 냉동고,제2307부대,,88.579,2019-11-13,사단법인 안보경영연구원,전건욱,,"서울특별시 강남구 언주로527, 10층 (역삼동)",,88.58,22-00생활관 신축 분석평가 및 선행연구 용역,군
전력지원체계 SW 관리방안 연구 용역,국방부(운영지원과),82650771.0,90.989,2017-08-24,,,김한욱,"서울특별시 금천구 가산디지털2로184, 10층 1017호(가산동, 벽산디지털밸리2차)",82653269.0,,임무형지휘 수준진단도구 개발 연구용역,군
21년 전투발전 연구과제 세미나 수행 용역,국방부(운영지원과),,106.933,,주식회사 라이언앤코컨설팅,박영욱,박혜인,"경기도 안양시 만안구 만안로49,1303호(안양동, 호정타워)",,,임베디드 및 군 무선통신 취약점 분석기술 연구,중앙행정기관
군 성폭력 사건 분석 연구,제9691부대,,,2019-07-15,,,,,,100.463,음향/진동분야 KOLAS 인정 획득 컨설팅 연구용역,군
계기착륙장치(ILS)사업 선행연구,합동참모본부,,74.697,2022-10-19,,,,,,74.694,SUPPRESSED,중앙행정기관
해병대 동원훈련장 과학화 발전 방안 연구,제2879부대,5652448.0,93.133,2018-12-31,사단법인 안보경영연구원,전건욱,,"서울특별시 강남구 언주로527, 10층 (역삼동)",,93.134,4차 산업혁명 전장기능별 무기체계 소요 연구 용역,군
분석기  스펙트럼용 구매,해군본부,8607588.0,100.059,2023-02-21,(사)한국전략문제연구소,,유상지,"서울특별시 강남구 언주로527, 10층 (역삼동)",,100.066,(246202-D)지형분석장비 교체사업(리스자산),중앙행정기관
2024년 방산물자 현황분석 연구용역,국군재정관리단,,,2021-05-03,,,,,,,군수업무 빅데이터 분석/활용체계 구축시범사업,국군재정관리단
F-15K/E-737 항공기 특성(RCS/IR Signature) 연구,해군본부,,72.54,2018-06-09,사단법인 안보경영연구원,,,"서울특별시 용산구 청파로 40, 삼구빌딩 1815호(한강로3가)",,72.541,대잠훈련분석체계(AEAS) 유지보수 용역,중앙행정기관
24~'25년 상층대기분석장비 유지보수,육군본부,440772259.0,99.432,2022-10-03,한국해양대학교산학협력단,정태량,박계향,"서울특별시 종로구 율곡로17길7-38, 수지빌딩 7층(이화동)",440747849.0,99.435,KJCCS 경미한 성능개량 사업 비용분석,제9691부대
전·평시 예비군 보류직종의 적정성 연구,육군교육사령부,,90.655,2019-11-19,(주)두두아이티,설영만,유형우,충청남도 논산시 양촌면 황산벌로1040,348035327.0,90.652,군사시설 타운화 개념의 부대 재배치 방안 연구,군
00분석 대응활동 장비 구매,해군본부,,,2024-02-08,,,,,105632144.0,81.782,자동염기서열 분석기 레이져 등 3종 구매설치,군
공군 지능형 스마트비행단 성과분석 및 발전방안 연구,육군교육사령부,274020390.0,90.61,2018-09-04,,,,,273931972.0,90.623,IoT 기반 전군 공통 서비스 발전방향 연구,중앙행정기관
24-3차 조달 연구장비(의약품 냉동고) 구매,국방부조사본부,363128926.0,,2018-05-28,,정의붕,,,,94.714,24년 군 양성평등지표 조사 및 분석 연구,군
고속상륙정(LSF-II) Batch-II 사업분석,국군재정관리단,126846749.0,93.39,2022-09-04,트루인터페이스(주),오현웅,김문선,대전광역시 유성구 온천로59-0 (봉명동) 905호,126715164.0,,(22F199-I)네트워크위협분석시스템구매사업금융리스,군
19-함정 ORD 작성을 위한 설계/건조 요구조건 연구,해군본부,162987428.0,,,,,,,162854612.0,80.39,CH/HH-47D 성능개량 시설사업기본계획 연구용역,국군재정관리단
CN-235 항공기 특성(RCS/IR Signature) 연구,국군수도병원,,,2019-11-10,(주)심네트,권오성,손보연,대전광역시 유성구 유성대로1646-0 (전민동),104318955.0,87.382,대량탄약조립장 개선방안 연구,중앙행정기관
[24-육-128] 예비전력발전세미나 주제 연구(Ⅰ),국군수송사령부,13474367.0,85.498,,엠지산업,유진경,김종호,"경기도 안산시 상록구 샘골로136, 2층 204호-166 (본오동)",13478992.0,,11. 국제공동연구(AI기술을적용한...),제2879부대
군사훈련장 위험성평가제도 정립을 위한 연구,국군화생방방호사령부,38642105.0,,2017-11-25,사단법인 통일안보전략연구소,김진욱,김재현,"서울특별시 금천구 가산디지털2로184, 10층 1017호(가산동, 벽산디지털밸리2차)",38624957.0,86.519,군사력건설을위한 미래국방정책 및 합동작전개념연구,중앙행정기관
16-상층대기 분석장비 외주정비,육군본부,,,,,,김미희,"서울특별시 금천구 가산디지털2로184, 10층 1017호(가산동, 벽산디지털밸리2차)",171312164.0,88.335,진동분석시험장비 진동감지센서 등 16종 구매,국군재정관리단
미래 전장에서 승리하기 위한 육군전략 발전 연구,공군제19전투비행단,,,2020-06-16,(사)한국전략문제연구소,,,,,73.684,육군 자살예방교육 프로그램 연구개발,4284부대
우주 무기체계 사업을 위한 계약적 보완 방안 연구,해군본부,33377768.0,86.74,,,,한상동,,33355436.0,86.736,계층별 조직문화 진단 및 혁신프로그램 추진 연구용역,국군재정관리단
(21G085-H)'22년 스펙트럼 측정분석장비 유지보수용역,국방부(운영지원과),58779464.0,,,아주대학교 산학협력단,도정화,배민희,"서울특별시 구로구 디지털로288, 18층 1806호(구로동, 대륭포스트타워1차)",,,22-공-가스크로마토그래피(질량분석식) 구매,군
워리어플랫폼 미래단계 추진방향 연구용역,합동상호운용성기술센터,6396581.0,,2017-11-15,(사)한국전략문제연구소,백훈,,,,79.587,정보시스템 성능향상을 위한 GPU기술 응용방안 연구,군
군 급식 피복류 조달이관 성과분석 연구,공군미사일방어사령부,246055408.0,81.465,2019-05-08,주식회사 발렌베리,이상민,최영복,"경기도 군포시 고산로148번길17-0, B동 1303호, 1304호, 1305호(당정동, 군포IT밸리)",245870835.0,,미래혁신을위한육군조직문화진단및실천지표연구,국군재정관리단
00부대 지하시설 구축방안 연구용역,국군화생방방호사령부,68088666.0,,2020-10-19,(사)21세기군사연구소,김성룡,경상현,"서울특별시 송파구 법원로11길25-0, A동 1310호(문정동, 에이치비즈니스파크)",68092827.0,88.334,공군 우주분야 인력관리 발전방안 연구,중앙행정기관
중증외상질환 예후예측인자 발굴 및 관리방안 연구,국군화생방방호사령부,108236649.0,,2019-09-17,(사)국방소프트웨어협회,,,"서울특별시 강남구 언주로527, 10층 (역삼동)",108223975.0,,군 장병 정신건강 실태조사 연구용역,중앙행정기관
북핵 미사일 대응방안 연구용역,국방부(운영지원과),2802609.0,81.596,2021-02-24,,,,,,81.6,방위산업기술 유출 및 침해 대응체계 구축방안 연구,제2879부대
(21F093-K)'22년~'23년 작전지속지원분석모델유지보수,국군재정관리단,,99.576,2024-09-06,(주)상보기업,김영국,류제성,서울특별시 강서구 마곡중앙5로1길20 (마곡동) 520호,,99.575,분광광도계 수질분석형 1EA,중앙행정기관
다도해함 개조 설계 방안 연구,공군본부,146218904.0,78.095,,사단법인 안보경영연구원,,,"서울특별시 용산구 청파로 40, 삼구빌딩 1815호(한강로3가)",,78.099,상륙공격헬기 체계운용요구 및 PBL 적용방안 연구용역,군
디지털증거분석 수사체계 구축(208050-A),국군재정관리단,63033237.0,82.023,,주식회사 다윤테크,최원창,박병희,세종특별자치시  전의면 윗다락골길2-3,63027876.0,82.023,풍력발전기에 의한 레이더 영향성 분석용역,중앙행정기관
미래 복합전투체계 운용개념/전투실험방법 연구용역,방위사업청(운영지원과),30276912.0,91.385,,대전대학교 산학협력단,박재우,배미선,대전광역시 유성구 유성대로1646-0 (전민동),30267656.0,91.379,비전통위협 국방대응체제 발전연구,중앙행정기관
RAM 분석 및 군수지원 분석방법 선진화 연구(1차),육군본부,,88.489,2021-09-18,사단법인 안보경영연구원,,구종우,"서울특별시 용산구 청파로 40, 삼구빌딩 1815호(한강로3가)",,88.481,화생방정찰차-II(차량형) 시설사업기본계획 연구용역,군
전투발전 연구용역 과제 세미나 수행 용역,방위사업청,29955357.0,82.364,,,,,,29977197.0,82.367,전시 효율적 해외구매 방안에 관한 연구,군
알코올 대사체 분석방법 연구,국군재정관리단,73130707.0,83.16,,사단법인 안보경영연구원,전건욱,이창환,"서울특별시 강남구 언주로527, 10층 (역삼동)",,83.164,공군조직내 잠재갈등 분석 및 공군문화 발전방안 연구,제2879부대
“제○군단 부대사” 연구 용역,국군재정관리단,51809420.0,84.827,2022-12-23,아셀플래넷,임채익,장우진,"서울특별시 송파구 송파대로167 , 비동 1303호 (문정동, 문정역테라타워)",51803122.0,84.823,국내구매사업 추진시 종합평가방안 연구,중앙행정기관
(207134-H)국방보안조사 분석시스템 HW구매(리스물건),국군재정관리단,179134046.0,81.229,2019-11-15,도원정보시스템 주식회사,손창호,장정연,충청북도 청주시서원구 성화동599번지 3층,179220935.0,81.226,빅데이터 분석체계 구축사업 감리 용역,군
120mm자주박격포 및 사격지휘차량 성능개량 사업분석,육군본부,73399030.0,,2021-03-03,육군사관학교 산학협력단,변중무,지용현,,73395129.0,78.206,(246247-D) 이동형 심리생리반응 분석장비 구매,국군재정관리단
지능형 전군 악성코드 수집분석체계 라이선스 구매,국방부 국방정책실,309146184.0,97.082,2019-04-01,국방대학교산학협력단,서동환,조혜진,"경기도 용인시 기흥구 덕영대로1732-0 (서천동, 경희대학교 국제캠퍼스내)",309395019.0,97.078,의무장비 구매(자동분석기 생화학용),국군재정관리단
음향분석체계 개발사업,국군재정관리단,57649620.0,,,티에스와이,정운찬,조윤규,"충청남도 천안시 서북구 검은들3길46, 8층 803-2(8020)호(불당동, 미래시티빌딩)",57609506.0,101.54,산소분석기 1종,군
국방사업관리 자격신설 연구,국군재정관리단,134858445.0,76.317,,,권시형,박소연,,,76.308,지상군 전략 및 작전수행개념 연구,국군제1068부대
해병대 리더십 역량 진단 시스템 개발 연구,육군본부,179851716.0,84.861,2019-01-21,씨지에스아이티(주),배정숙,장원규,경상북도 상주시 화서면 봉촌1길75-0,,84.864,23∼27 방위산업발전 기본계획 수립 연구,국군제1068부대
K1A1전차 성능개량 사업분석,방위사업청(운영지원과),7373532.0,83.728,2021-01-30,라온시스템즈(주),장명훈,이지선,"경기도 군포시 번영로514, 601호(금정동)",,,중금속 가열분석기 등 1항목 구매(의무),중앙행정기관
전장리더십 역량의 평시 개발 연구,방위사업청(운영지원과),,90.889,2016-11-06,재단법인 한국군사문제연구원,김형철,,"경기도 성남시 수정구 위례대로83(창곡동, 국방문화센터)",248184266.0,90.895,범국민 안보의식조사 연구용역,군
미래 우주전장 분석 및 공군 우주전략 수립 연구용역,드론작전사령부,,111.047,2018-11-02,도원정보시스템 주식회사,유완종,동미림,"경기도 고양시 일산동구 호수로358-39 706호(백석동,동문굿모닝타워1차)",,111.057,19-한국 해양안보에 미치는 갈등요인과 대응방안 연구,기관
KUH-1 엔진 시험장비 고장예측시스템 개발 연구용역,방위사업청(운영지원과),,77.666,,,,,,,77.679,해병대 고유 무기체계별 맞춤식 정비개념 연구,중앙행정기관
의무장비 구매(자동분석기 생화학용),국방부(운영지원과),516672045.0,,2020-10-11,씨지에스아이티(주),권태순,박종재,"경기도 안성시 대덕면 서동대로4726, 중앙대학교 생활과학관 609관 2층",516667646.0,89.539,수치해석을통한폭발하중받는강재구조물의거동분석용역,군
국방연동관리센터 운영 및 발전 방안 연구,육군교육사령부,333027126.0,90.491,2018-09-23,주식회사 한솔엔지니어링글로벌,홍영기,양정학,대전광역시 유성구 노은로170-0 (지족동) 스타시티빌딩 6층,333083046.0,90.487,방산육성 수출확대 위한 산업협력 쿼터제 방안 연구,군
작전지휘시설 신축 분석평가 및 선행연구용역,국군재정관리단,,,2019-01-21,,,전진우,,20637402.0,,국방시설 전력소비 수용률 기준 연구용역,군
19년 gps 교란신호 분석 및 전파체계 유지보수 용역,국군재정관리단,9323638.0,91.736,2021-07-17,주식회사 시스텍,신지웅,김종훈,"서울특별시 강서구 양천로401 (가양동), B동 801호",,91.734,19년 지형분석장비 교체사업 리스,국군재정관리단
음향분석체계 개발사업,국군수도병원,89943297.0,85.744,,(주)지디시스,안가영,김동준,"서울특별시 서초구 신반포로303, 101호 (잠원동, 에스엘빌딩)",89993691.0,,“제○○동원사단 부대사” 연구 용역,국군재정관리단
19-적정 승조원 소요인원 정량화 방안 연구,국방부(운영지원과),201149445.0,102.338,2016-02-04,,,,,201153312.0,102.334,해병대 창설 70주년 기념 해병대 서체 제작 연구용역,제9691부대
악성코드 수집분석체계 라이선스 구매,국방시설본부,590901856.0,99.292,,(사)한국전략문제연구소,전건욱,이상규,"서울특별시 용산구 청파로 40, 삼구빌딩 1815호(한강로3가)",591097301.0,99.284,(236208-E) 차륜정비장비(분석기 차량엔진용) 구매,국군재정관리단
미래환경 변화 속 육군 병과체계 발전 방안 연구 용역,육군본부,,71.878,,,,,,289309072.0,,(22G079-I)국방IoT제품보안가이드라인수립연구용역,군
지능형 전군 악성코드 수집분석체계 라이선스 구매,육군교육사령부,,,2022-10-22,한국과학기술정보연구원,현영림,양진,경상북도 구미시 산동읍 강동로730,,81.812,(216032-G) 차륜형장갑차 센서데이터 수집 분석체계,국군재정관리단
미래 육군 제대별 임무와역할  적정 지휘폭 정립 연구,방위사업청(운영지원과),30845582.0,,,사단법인 통일안보전략연구소,김윤혁,이용길,전라북도 전주시 완산구 장승배기로263 (평화동1가),30816610.0,105.455,23-고출력에너지 무장 함정탑재 요구조건 연구,군
군 성폭력 사건 분석 연구,국군재정관리단,238457863.0,96.925,2022-01-26,주식회사 스펙트럼인사이트연구소,고영호,경상현,경기도 고양시 덕양구 삼막1길3(오금동),238316906.0,,21년 차세대 첨단함정 건조가능성 검토 연구용역(IV),군
CSRP 화생방 연구 재료 초자 구매,국방부(운영지원과),,,2017-08-17,,전건욱,,,537970422.0,97.966,국방로봇 운용을 위한 법/제도 개정 및 인증제도 연구,군
24년 자동염기서열분석기 검교정 등 정비,국방부(운영지원과),,,,(사)한국위기관리연구소,문강분,경상현,경상남도 진주시 충의로10-0 (충무공동),172633204.0,104.144,고속상륙정(LSF-II) Batch-II 사업분석,국군재정관리단
무인기술을 적용한 현용전력 극대화 방안 연구,국방부(운영지원과),64786100.0,,2018-10-26,사단법인 안보경영연구원,전건욱,,"경기도 성남시 수정구 위례대로83(창곡동, 국방문화센터)",64785220.0,87.957,북한의 기뢰전 전술 분석 및 대응책 연구,중앙행정기관
사단정찰용 UAV 백령도서내 운용 가능성 연구,국군재정관리단,65498390.0,108.504,2017-02-16,기술표준화연구소,김광식,권시형,"서울특별시 종로구 율곡로17길7-38, 수지빌딩 7층(이화동)",65452673.0,,무전기 전면판 회로카드 시험장비 개발 연구용역,중앙행정기관
해병대 산소분석기 4개 구매,제9691부대,399358907.0,98.369,2023-02-27,건양대학교 산학협력단,김한용,,서울특별시 관악구 관악로1 (신림동),399428440.0,,24-해병-이동식 취약점 분석평가 도구(상용SW) 구매,중앙행정기관
한국형전투기를 위한 무장선정 최적화방안 연구용역,방위사업청(운영지원과),289197468.0,84.7,,윤서상사,고기종,전병욱,"서울특별시 송파구 석촌호수로138, 202호 (삼전동)",289208462.0,84.705,무기체계별 적정 수명주기 및 도태 후 활용방안 연구,군
월간지(안보현안분석  린사포럼) 인쇄 용역,육군본부,120648113.0,86.29,,서울대학교 산학협력단,김용섭,백도현,"서울특별시 강남구 테헤란로131-0 (역삼동, 한국지식재산센터) 3.9층",120748428.0,86.291,軍 태양광 시범사업 효과 분석평가 용역,군
18년 지상군 전시자원소요분석모델 유지보수 용역,국군재정관리단,,89.09,2023-04-15,(주)에프오알엠도시건축공간연구소,백명기,김한욱,"서울특별시 강남구 도산대로 507, 대신빌딩205호(청담동)",68221161.0,,한국적 PKO 현 기반체계의 문제점 분석과 발전 방안,군
국방 전력발전체계에서의 전투실험체계 정립 연구용역,국방부(운영지원과),6487736.0,78.314,2017-10-01,,,구종우,,6497919.0,,국방연구시설·장비 종합관리 방안 연구,군
북단 유도로 신설사업 분석평가 및 선행연구 용역,국군재정관리단,,,2023-05-06,국방기술품질원,김재영,,"서울특별시 성동구 왕십리로 222, 한양대학교 내 한양종합기술연구원 110호(행당동)",208373047.0,83.822,국방정보시스템 사이버침해대비안전성확보방안 연구,중앙행정기관
계엄의 민주적 통제방안을 위한 법 제도 연구,육군교육사령부,11028293.0,,2018-02-11,사단법인 한국국가전략연구원,,,,11031880.0,,비전투부대 참모부서 소요병력 산정기준 연구용역,군
항-16-047 050 자동면역분석기 등 42종,육군인사사령부,15257299.0,87.149,2017-12-12,(주)동욱씨앤아이,이헌웅,김한욱,"서울특별시 강서구 공항대로51길17-0 1,2층 (등촌동)",15259631.0,87.153,[24-육-84] 탄약부대 경계병력 민간전환 선결 연구,군
군의 드론봇 전투체계 발전방향 연구 용역,국방부(운영지원과),24934557.0,90.271,,,,구종우,,24943107.0,90.28,효과성·활용성 중심의 군내 NCS 적용방안 연구용역,중앙행정기관
지형분석용 차량(개조) 제조,국군복지단,644422795.0,109.622,,(주)두두아이티,구칠효,,경상남도 고성군 동해면 내산3길51-1,,,장거리공대지유도탄 2차 사업분석,군
22-해-소형 사단용 생화학자동분석기 구매,국방부(운영지원과),139593358.0,93.84,2022-01-09,국방대학교산학협력단,유훈,,"서울특별시 서대문구 연세로 50, 연세대학교(신촌동)",,93.846,(226410-C) 지형분석장비 구매(리스물건),중앙행정기관
BTL관리운영권만료사업 시설인수 운영방안연구용역 재,방위사업청(운영지원과),,,2020-02-04,,,박승호,,351576385.0,107.32,작전환경고려 전투실험 방법 및 평가 분석방법 연구,군
육군 안전수준 진단체계 연구,국방전산정보원,54093330.0,73.87,,(주)에프오알엠도시건축공간연구소,,김지혜,"경기도 안산시 상록구 한양대학로55-0 (사동, 한양대학교 안산캠퍼스)",54047374.0,73.874,4차 산업혁명과 항공우주력 발전 패러다임 변화 연구,군
공군 품목관리관 자격인증제도 도입방안 연구용역,방위사업청(운영지원과),,,,,,,,,72.465,위성 무기체계 시험평가 제도개선에 관한 연구,중앙행정기관
2016년 제2회 국방 분석평가관계관 워크숍 위탁운영,공군제18전투비행단,16932103.0,89.812,2021-09-30,사단법인 한국아이티법연구원,유상호,김영철,"서울특별시 중구 동호로7길41, 2층(신당동)",16922670.0,,스위치 누름식(연구개발),기관
2020년 군 조직의 양성평등 지표 조사 및 분석 연구,제9691부대,,78.557,2021-09-26,호원대학교 산학협력단,김세종,박병희,"경기도 파주시 문산로26번길14-0 (문산읍, 문산호수아파트)",5627657.0,78.559,20-Lynx 군수지원 여건 고려 적정 수명주기 연구,군
4차 산업혁명  군 적용을 위한 R&D 발전방안 연구,해군본부,3518958.0,119.365,2017-06-09,,,신호철,,3520503.0,,민간인력 편성기준 연구(2019K003-B),국군재정관리단
주변국 지상군에 대한 부대 및 전력구조 연구,국방부(운영지원과),30279061.0,81.835,2016-07-31,,,,,30278955.0,81.829,동서지형의 차이를 고려한 부대 및 전력구조 연구용역,중앙행정기관
조종사 피로도와 안전비행의 상관관계 분석 연구용역,국군수도병원,486584557.0,,2022-10-02,,한민구,,,486554555.0,81.158,무전기 전면판 회로카드 시험장비 개발 연구용역,국군수도병원
미래 트랜드 변화와 육군의 대응방향 연구 용역,국방부(운영지원과),35594923.0,94.81,2019-08-11,(사)한국식품기술사협회,,박소영,,35563629.0,94.81,20-PKMR엔진 PBL 비용대효과분석 및 성과지표 연구,중앙행정기관
17년 EMP 방호 성능유지 향상방안 연구용역,국방부(운영지원과),112335827.0,,2021-02-21,서울대학교 산학협력단,손승우,김형민,충청남도 논산시 양촌면 황산벌로1040,,93.405,신분별 직무분석을 통한 적정 계급구조 연구,군
음향/진동분야 KOLAS 인정 획득 컨설팅 연구용역,국방부(운영지원과),26072729.0,,2019-09-01,사단법인 안보경영연구원,전건욱,,"서울특별시 강남구 언주로527, 10층 (역삼동)",,91.106,육군 로고를 군수품에 적용하는 방안 연구,군
청년장병의 군 복무간 지원 및 보상(취업분야) 연구,국군재정관리단,,85.611,2019-05-29,주식회사코드원,안동만,황병윤,"경기도 군포시 고산로148번길17-0, B동 1303호, 1304호, 1305호(당정동, 군포IT밸리)",,,수중전술기기통제사 자격 신설 연구,합동참모본부
자살사고 사후관리를 위한 치유프로그램 연구,국방시설본부,110385709.0,79.394,2019-10-10,사단법인 한국국가전략연구원,,,,110501438.0,79.4,연구소 장비(분광광도계 등 4종)구매,국군재정관리단
정신전력 개념 정립 및 수준 측정도구 개발 연구,해군본부,11695942.0,82.591,,,,이재평,,11686008.0,,TAS-815K 레이저거리측정기 시험장비 개발 연구용역,군
ISR 자산의 효율적 통합 운용방안 연구,국방부(운영지원과),179211447.0,,2016-08-13,육군사관학교 산학협력단,김진욱,,"인천광역시 중구 인중로 178, 제이엘타워 1001호(사동)",179183897.0,86.156,적 사이버공격 의도분석 지표개발 및 평가방안 연구,군
22-00생활관 신축 분석평가 및 선행연구 용역,해군본부,,97.999,2020-04-13,유더블유티,이희석,신인균,"서울특별시 서초구 서초대로1길17, 2층 226호(방배동)",,98.001,스마트 물류센터 도입 검토 연구용역,군
방위사업청 방산원가구조 개선에 관한 연구,국군재정관리단,54805669.0,,,,,,,54853743.0,79.307,예비군훈련 적정 보상비 연구,군
군용항공기 비행안전성 인증업무분석 및 발전방안연구,육군교육사령부,,,2021-05-12,,,김현숙,,50667839.0,86.792,육군 수질 유지비 현실화 방안 연구용역,군
국방연동관리센터 운영 및 발전 방안 연구,국방부(운영지원과),140806866.0,,2020-03-29,사단법인 안보경영연구원,전건욱,,"서울특별시 강남구 언주로527, 10층 (역삼동)",,86.163,국방 클라우드 확산 정책 연구 용역,군
미래 지역예비군 최적화 방안 연구 용역,육군군수사령부,,80.474,2020-02-18,,,,,,,4차 산업혁명 기술적용 공군훈련체계 발전방향 연구,제20전투비행단
50년 함건조 사례분석 및 발전방안 정립 연구 용역,국방대학교,23044276.0,90.902,2017-01-28,주식회사 조인트리,고기종,박계향,서울특별시 성북구 삼선교로16길116-0 (삼선동2가),23061087.0,,전술이동통신체계 구축방안 연구용역,군
부품단종 정보획득 및 관리 시범사업 연구,국군재정관리단,,,,연세대학교 산학협력단,이재평,,서울특별시 영등포구 여의대방로43나길20-0 (신길동),,78.544,미군 전투실험 논리 및 기법의 우리군 적용방안 연구,군
자동처리체계 구축 및 연구용 부품 구매,국군재정관리단,,,2021-04-04,,,이다정,,18418631.0,,해무극복용 영상감시체계 선행연구용역,중앙행정기관
24-그린나래호텔 리모델링 계획의 적절성 분석연구,제9965부대,,80.536,,(사)21세기군사연구소,김진욱,구종우,"서울특별시 금천구 가산디지털2로184, 10층 1017호(가산동, 벽산디지털밸리2차)",13581086.0,,작전계획분석모델 S/W 성능개선 용역,기관
76mm 함포 약실 정밀검사용 장비개발 연구용역,해군본부,273538685.0,80.212,,(주)한신솔루션,,,,273680918.0,80.216,정보시스템 성능향상을 위한 GPU기술 응용방안 연구,국군재정관리단
국방 정보기술 조사·분석 연구,국군재정관리단,87888612.0,80.908,,단국대학교 산학협력단,심동석,진수빈,"서울특별시 금천구 가산디지털1로1-0 (가산동, 더루벤스밸리) 1208호",87824378.0,80.908,19-함정 ORD 작성을 위한 설계/건조 요구조건 연구,기관
동원위주 부대 기계화 장비 개편시 효율성 분석 연구,국군재정관리단,18015819.0,,,(주)에프오알엠도시건축공간연구소,,,,18017112.0,87.797,2019 서울안보대화 프로그램 기획 및 발전방향 연구,군
19-헬기형 UAV 운용을 위한 함정설계 개념 연구,합동참모본부,91124178.0,,,,주현,,,91117619.0,,진중문고 운영 및 활용 증진방안 연구 용역,중앙행정기관
위험평가를 위한 공격표면 및 평가방법 연구,공군본부,14770857.0,,2018-02-20,주식회사 아이앤비,유현우,오성열,"서울특별시 금천구 서부샛길606, A동 2410호 (가산동,대성디폴리스지식산업센터)",14769936.0,84.176,21-함정 거주구역 개선방안 연구,기관
총 수명주기간 함정 안전진단 수행체계 개선방안 연구,국방부(운영지원과),16050171.0,75.685,2017-06-06,,,,,16056357.0,75.675,훈련 및 부대운영 빅데이터 활용방안 연구용역,국군재정관리단
국방표준화 개발을 위한 협력기관 지정 활용방안 연구,국군의무사령부,,,2017-07-20,(주)이씨마이너,김재영,구종우,충청남도 논산시 양촌면 황산벌로1040,4541314.0,77.859,SUPPRESSED,군
드론봇 및 대드론체계 전력화추진 Master-Plan 연구,국군재정관리단,440802988.0,,2021-03-07,한남대학교 산학협력단,홍양희,이도제,"서울특별시 구로구 디지털로33길11-0 (구로동, 에이스 테크노타워8) 1406호",440579427.0,,의무시설 시설공사비 적정 편성 기준 연구,군
국방표준화 개발을 위한 협력기관 지정 활용방안 연구,국군재정관리단,6399934.0,88.691,2019-10-25,,,이창환,,6408303.0,,전시 공군탄약소요산정 모델 개선ㆍ보완 연구,국군재정관리단
전투실험용 휴대형 통합 네트워크 분석기 구매,국군재정관리단,,78.736,2016-09-13,명지대학교 산학협력단,이정훈,김지현,"경기도 용인시 수지구 죽전로 152, 단국대학교내(죽전동)",775973065.0,78.735,안보학술연구용역(1.국가안보에관한문제에관한이론),국군재정관리단
(236306-F)지형분석장비 교체사업(리스물건),방위사업청(운영지원과),,83.726,2020-11-10,디에이전,김정한,김경섭,경기도 하남시 미사강변한강로155 (망월동) 미사강변 SKV1센터 524-2,13782699.0,83.727,(226023-G)'22년무기체계사이버위협 분석시스템 도입,군
국방분야 반도체 조사·분석 및 발전방안 연구,육군교육사령부,,,2018-10-05,,,심지민,,22191524.0,79.163,23 군의료 특성화 연구(접경지역 외상환자 예후 분석),군
신기술 적용을 통한 저장시설 물류향상 연구,국방부(운영지원과),369912424.0,,2020-08-02,,,,,369730379.0,,용사의 집 운영개념 연구용역,군
무기거래조약에 따른 수출입통제 개선방안 연구,국군재정관리단,,96.8,2017-02-17,,,,,477551267.0,96.798,차기 C4I체계 성능개량 및 유지보수방안 연구,군
전술환경 下 효율적 이동통신체계 운용방안 연구용역,국방부(운영지원과),,74.286,2018-07-27,,김진욱,황병윤,"서울특별시 용산구 한강대로62길41, 3층 (한강로1가)",148366024.0,74.283,통섭형 인재 육성을 위한 직무순환 방안 연구 용역,군
고속상륙정(LSF-II) Batch-II 사업분석,국군재정관리단,,84.811,2022-08-08,주식회사  인섹시큐리티,이현정,이윤기,"서울특별시 금천구 가산디지털1로146, 705호(가산동, 대륭테크노타운22차)",179980425.0,84.813,[24-육-227] 무선 데이터통신 운영환경 동적분석 장비,중앙행정기관
차세대 첨단함정 건조가능성 연구용역(2019H044-B),국군재정관리단,91965709.0,106.269,2022-02-07,,,박계향,,,,함정 GPS 함속력계 신호 변환 장치 개발 연구용역,중앙행정기관
AI 기반 6세대 전투기 운용개념 및 발전방안 연구,국방대학교,181070324.0,,,주식회사 공공정책성과평가연구원,김학범,,"서울특별시 금천구 가산디지털1로171, B208호(가산동, 가산 에스케이 브이원 센터)",180993404.0,83.483,(22F064-I)과학화동원훈련체계발전방안연구용역,군
물류운영체계 개선 연구용역(21J040-B),국군대전병원,289577574.0,87.623,2021-04-25,국방대학교산학협력단,정의승,오진성,대전광역시 유성구 죽동로157-0 (죽동),,,공군조직내 잠재갈등 분석 및 공군문화 발전방안 연구,합동상호운용성기술센터
17년 비용분석모델(PRICE) 유지보수 용역,국군재정관리단,137280513.0,86.486,,일송 유에프티,이준식,이호철,부산광역시 영도구 해양로385-0 (동삼동),137366837.0,,20년대 이후 북한 및 잠재적 위협의 변화 전망분석,군
첨단과학기술의 군 활용성 제고 발전방안 연구용역,제9691부대,6036564.0,79.867,,,,,,6039301.0,79.867,연구소 장비(분광광도계 등 4종)구매,국군재정관리단
국방 연구개발 법제 개선 연구,공군본부,176320720.0,,2023-03-29,사단법인 한국국가전략연구원,,황병윤,,,85.831,18년 00부대 사이버 침해사고 조사/분석체계 도입사업,중앙행정기관
19-AW159 PBL 비용대효과분석 및 성과지표 개발 연구,육군본부,,69.977,2019-02-27,사단법인 한국국가전략연구원,유훈,김서현,,,69.977,19-미래 군사용 해상기지 발전방안 연구,국군재정관리단
군수지원함(AOE-Ⅱ) 2차사업(양산) 비용분석,국군수도병원,,,2021-07-17,주식회사 케이티에이,정영주,정현승,"부산광역시 해운대구 양운로42번길18, 8층 803호(좌동, 에이원웨이)",,100.964,중금속가열분석기 1항목 구매(의무),기관
적 사이버공격 의도분석 지표개발 및 평가방안 연구,국방부(운영지원과),,,2018-11-04,,,,,25808979.0,94.888,부품단종 정보획득 및 관리 시범사업 연구,중앙행정기관
K2전차 3차 양산 사업분석,방위사업청(운영지원과),26407342.0,92.78,2023-06-14,,,경상현,,,92.783,물류원가 데이터 수집 및 산정/관리 방안 연구,군
23년 의무장비(수액조절기 분석기) 구매,육군본부,,111.337,2023-12-30,주식회사 발렌베리,장명훈,최재영,"서울특별시 금천구 가산디지털1로5, 대륭테크노타운 20차 1934호",3483598.0,,상용 SW(수사데이터 분석 도구) 구매,군
육군 개인 재능 평가지표 개발 연구용역,제2879부대,195550931.0,95.338,2017-03-26,,,,,195535824.0,,21-수명주기와 연계한 경항공모함 정비방안 연구,제9965부대
21-함정 창정비 효율화 방안 연구,해군본부,28934334.0,,2023-11-24,,,정택주,,28938224.0,88.419,00부대 스마트 자동화 저장창고 신축 비용분석 연구,군
항공관제 분석체계(HW SW) 유지보수,육군본부,128052982.0,93.644,2021-01-16,(사)한국전략문제연구소,박정기,유선미,"서울특별시 강남구 언주로527, 10층 (역삼동)",128073554.0,,(207134-H)국방보안조사 분석시스템 HW구매(리스물건),국군재정관리단
수치해석을통한폭발하중받는강재구조물의거동분석용역,국군화생방방호사령부,40091084.0,89.153,2021-09-13,주식회사 동빈글로벌,최영상,김지훈,"서울특별시 영등포구 당산로41길11, W동 비133호, 제15층 1511호,1512호(당산동4가, 당산 SK V1 center)",40104579.0,89.154,진동분석장비 구매,국군재정관리단
공지통신무전기 및 함대공유도탄-II 사업 비용분석,합동참모본부,5914781.0,86.47,2023-12-21,,김진욱,차미정,"서울특별시 금천구 가산디지털2로184, 10층 1017호(가산동, 벽산디지털밸리2차)",,,ㅇㅇ분석 대응활동장비 구매,국군재정관리단
수중전술기기통제사 자격 신설 연구,국방부(운영지원과),,82.72,,명지대학교 산학협력단,경상현,,"서울특별시 은평구 진흥로 225,(불광동)",156634742.0,82.717,포별분배기 회로카드(6종) 시험장비개발 연구용역,국군재정관리단
탄도수정신관 사업분석,방위사업청(운영지원과),,95.764,2022-01-04,주식회사 엔지엠테크,이기석,유관우,서울특별시 강서구 양천로401 (가양동) 강서한강자이타워 B동1503~1506호,9581230.0,95.767,K1A1전차 성능개량 사업분석,중앙행정기관
공군 군수지원 분야 발전방향 연구 용역,제2879부대,,77.978,,주식회사 인섹사이버시큐리티,김성훈,김동준,경기도 성남시 수정구 성남대로1210번길16-2 비01호(수진동),122117418.0,,(22G140-A)범국민 안보의식조사 연구 용역,군
(216178-D)휴대용화학탐지장비(화학물질분석기) 구매,국군재정관리단,101591350.0,101.071,2018-09-05,육군사관학교 산학협력단,한민구,송포,서울특별시 강동구 양재대로1377 (성내동 삼원빌딩 408호),101625763.0,101.059,(237001-H)스펙트럼 측정/분석장비 노후 교체,국군재정관리단
비전통위협 국방대응체제 발전연구,방위사업청(운영지원과),,86.405,2018-12-25,주식회사케바드론,최경환,김인승,"서울특별시 영등포구 영등포로150,A동 L152호,1304호~1313호",,,국방전직교육원 조직진단 및 기능강화 방안연구,군
LVC 연동체계 개발을 위한 아키텍처 설계방안 연구,국군수도병원,58285170.0,,2018-03-19,,,,서울특별시 노원구 화랑로574-0 (공릉동),58337473.0,92.191,BigData/VC를 활용한 무기체계 효과분석 연구,국군재정관리단
“제○○○특공여단 부대사” 연구 용역,국군의무사령부,,,2020-12-24,유한회사 동방이노베이션,황윤주,조대현,대전광역시 유성구 테크노2로271-0 (탑립동),464412062.0,,한미동맹의 미래 연구용역,국군재정관리단
24년 기상레이다 적정 경제수명 산출 연구,국방부(운영지원과),,,2021-09-22,,,이상규,,,75.291,24-군 상시학습제도 도입 방안 연구 용역,국군재정관리단
군 어린이집 운영 발전방안 연구,국군재정관리단,28660683.0,,2024-02-24,,,류상윤,,28667033.0,83.388,21-해군분석모델 발전방안 연구,중앙행정기관
화산 특수작전종합훈련장 선행연구용역(특-24-용-24),방위사업청(운영지원과),46321793.0,102.317,,주식회사 한솔엔지니어링글로벌,김산회,김채미,"서울특별시 금천구 가산디지털2로184, 10층 1017호(가산동, 벽산디지털밸리2차)",,,진동분석시험장비 진동감지센서 등 16종 구매,중앙행정기관
저피탐 정찰용 무인항공기 개발기술 및 운영개념연구,국군재정관리단,,,,,,,,127087384.0,,물류운영체계 개선 연구용역(21J040-B),국군재정관리단
22년 계룡스파텔 시설개선사업 선행연구 용역,국군의무사령부,219069203.0,,,,,,,,102.692,00부대 작전지휘시설 선행연구 용역,제2879부대
16년 차세대 첨단함정 건조가능성 검토 연구용역,육군교육사령부,,,2022-06-25,재단법인 한국군사문제연구원,김형철,,"서울특별시 강남구 언주로527, 10층 (역삼동)",30755352.0,93.325,의료기재(금연구역 표지판 등 85종)구매,군
민 군 통합 수송운영체계 구축 수송물류 비용분석,국군의무사령부,,80.093,2023-02-13,주식회사 명품시스템,김태호,김정은,충청북도 청주시 청원구 율봉로159번길73-1 (율량동),89785023.0,80.087,23-D-감정장비(면역화학분석기) 구매,기관
(237472-F) 연구활동 재료 구매,방위사업청,,,2019-02-21,(재)한국화학융합시험연구원,이형민,이종범,"서울특별시 서대문구 충정로53-0 (충정로2가, 유원골든타워오피스텔) 1701호",66501930.0,,민간군사기업(PMC) 등 민간 아웃소싱에 대한 개념연구,군
통제분석 프로그램 설치 외 6종 구매 설치납품,국군재정관리단,142776478.0,,2024-01-09,(주)한신솔루션,김진욱,이정민,"서울특별시 금천구 가마산로96-0, 213호(가산동, 대륭테크노타운8차)",,69.843,19~20년 육군M&S센터 전문분석관 운용 용역,기관
4차 산업혁명과 연계한 미래 물자동원방안 연구,공군본부,86392368.0,94.377,2017-12-11,주식회사 길상산업,김종수,경상현,"서울특별시 금천구 가산디지털1로1-0 (가산동, 더루벤스밸리) 1208호",86440408.0,,인력획득 모집홍보 대상의 성향 분석 연구 용역,국군재정관리단
수도권 동원예비군 수송방법 개선방안 연구,국방부(운영지원과),,84.856,2019-08-23,사단법인 안보경영연구원,전건욱,,"서울특별시 강남구 언주로527, 10층 (역삼동)",,84.854,민군 협력을 통한 상호가치 창출 활성화 방안 연구,국군재정관리단
물류운영체계 개선 연구용역(21J040-B),공군본부,120287427.0,102.319,,,,구종우,,,,용산헬기장 소음영향평가 연구용역,국군재정관리단
동원선박 자원관리 구축방안 연구용역,국방부(운영지원과),,,2018-04-27,,,기민경,,,82.359,계층별 리더십 핵심역량 정립 연구용역,중앙행정기관
24년 전반기 육군 정책연구 과제 연구용역,제9691부대,92232114.0,77.784,,중앙기획,정형수,유선미,"부산광역시 남구 용소로45(대연동, 부경대학교내)",,,해병대 안전관리 조직 역할 관련 연구 용역,군
(227013-D)이동식 취약점 분석평가 체계 구축사업,공군군수사령부,212405603.0,89.75,2023-09-23,에이치제이엘,유인목,최소영,경기도 안양시 동안구 관양로269-5 (관양동) 3층,212398366.0,89.749,물증류기  분석용 순수제조기 구매 설치,제9965부대
모바일기기 증거분석체계 구매(교체) 리스,공군군수사령부,436713524.0,79.904,2022-09-18,주식회사 지니클라우드,정의붕,,"서울특별시 용산구 한강대로30길25 (한강로2가, 아스테리움 용산) 11층 2호",436472059.0,79.899,안보학술연구용역(3. 국내안보환경과),제3697부대
국방분야 반도체 조사·분석 및 발전방안 연구,제6619부대,569580229.0,93.187,2022-11-22,(사)21세기군사연구소,,,,569621985.0,93.193,기술인력육성 보조사업자 운영성과평가 및 연구,국군재정관리단
22년 기술연구용역 계약(4),방위사업청(운영지원과),29994390.0,,2021-11-05,주식회사 유진에스앤씨,배종환,김동국,"서울특별시 송파구 송파대로201-0 (문정동) 송파테라타워2 A동 1213,1214,1215,1216,1217,1218호",29989614.0,85.924,22-공군 기후예측 및 기후변화 시나리오 연구용역,중앙행정기관
국방정보통신장비의 효율적 운영관리 방안 연구,국방부(운영지원과),29351612.0,113.077,2022-11-30,사단법인 안보경영연구원,전건욱,,"서울특별시 강남구 언주로527, 10층 (역삼동)",29362807.0,113.082,(217122-B)연구장비(차세대염기서열분석기) 구매,중앙행정기관
[24-육-219] 자동차(외산)포렌식 분석 KIT(리스),제3130부대,190787987.0,,2023-09-18,(주)인콘,안인수,김재영,경기도 안양시 동안구 시민대로161-0 (비산동) 안양무역센타 8층 312호,190826096.0,89.354,분석기(스펙트럼용) 구매,제2879부대
물류원가 데이터 수집 및 산정/관리 방안 연구,국군재정관리단,43172019.0,84.692,2023-12-07,우영상사,어 기호,정인영,충청남도 천안시 동남구 풍세로303-0,43146422.0,84.695,군사과학기술대학원(가칭) 신설방안 연구,중앙행정기관
병리장비소모품(생화학자동분석기 등 69종) 구매,제9691부대,,80.563,2022-06-12,주식회사 이음,전병욱,우지민,"경기도 용인시 기흥구 기흥로58-1 (구갈동) 기흥ICT밸리 SK V1, A동 2406호",80612468.0,80.563,오일분광분석장비 유지보수,군
FA-50 성능개량 방안 연구,해군군수사령부,118950793.0,89.346,2017-05-22,한양대학교 산학협력단,오철홍,한선여,"서울특별시 금천구 가산디지털2로184, 1017호(가산동, 벽산.경인디지털밸리2)",119053878.0,,항공우주력 국제학술회의 연구용역,기관
교육연구자료 원문 DB 구축 용역,국군재정관리단,97588260.0,99.797,2020-02-01,호원대학교 산학협력단,이승후,,경기도 고양시 일산서구 고양대로 283(대화동),97459129.0,99.795,상호운용성 정보보증 평가기준 고도화 방안 연구,중앙행정기관
우수 상용품 시범사용 실태분석 및 개선방안 용역,제3697부대,,76.957,2021-02-24,(사)21세기군사연구소,,전형준,"서울특별시 강남구 테헤란로64길13, 504호 (대치동, 선릉역 풍림아이원레몬)",55683805.0,76.952,해양 무인무기체계별 효과도 분석 통한 전력소요 검증,제20전투비행단
전자전기 확보 및 효율적 운용방안 연구,특수전사령부,79117360.0,70.038,2020-05-31,아이티 월드,이여정,이화선,"서울특별시 강남구 테헤란로306, 13층(역삼동, 카이트타워)",79061185.0,70.033,00부대 신축 사전 타당성검토 연구용역,국군재정관리단
자동염기서열분석기 구매,해군본부,188322199.0,,2023-02-19,,,,,188398270.0,107.49,분석기  입자크기용 구매,제2879부대
(226410-C) 지형분석장비 구매(리스물건),육군군수사령부,87349502.0,76.169,2024-08-13,성도교역,추광식,전병욱,"서울특별시 동작구 남부순환로2021, 2층 (사당동)",87331363.0,,23년 비용분석모델(True Planning) SW유지보수 용역,중앙행정기관
무인전투체계 발전방향 연구,방위사업청(운영지원과),,82.314,2017-07-12,사단법인 씨알리더십연구원,강윤진,김미정,부산광역시 동구 중앙대로286번길9-0 (초량동) 306호,16666574.0,82.32,지형 지질등을 고려한 지하형 탄약고 신축타당성 연구,중앙행정기관
항공기 상태기반정비(CBM) 공군 적용방안 연구,국군재정관리단,30956171.0,,,,,,,30960871.0,99.049,우주 무기체계 사업을 위한 계약적 보완 방안 연구,기관
함탑재정찰용 무인항공기 사업분석,국군의무사령부,153218210.0,98.912,2020-11-24,(주)씨앤씨솔루션,김종호,김하근,"경기도 용인시 처인구 모현읍 외대로25번길12-26 (라인빌리지), 201동 302호",153218737.0,,장보고-III Batch-I 잠수함 저주파분석 훈련장비,국군재정관리단
국방규격에서 인용 중인 폐지된 KS 제정 연구,국군재정관리단,,111.555,,,,,,148108553.0,111.563,철근콘크리트 방폭문 파괴거동분석 및 실증실험 연구,중앙행정기관
항공무기정비분야 안전관리체계 고도화방안 연구용역,국방부(운영지원과),,91.151,2020-06-18,주식회사 서경방송,홍광표,최동양,서울특별시 강남구 논현로189길6 (압구정동),41544696.0,91.145,국방군사시설 방호기준 제·개정 연구용역(21K021-I),군
21-해양무인체계에 필요한 핵심기술 연구,공군본부,168571437.0,82.415,2020-08-29,,,,"서울특별시 서초구 서초중앙로20길 24, 서종빌딩 4층(서초동)",168673864.0,,계층별 조직문화 진단 및 혁신프로그램 추진 연구용역,중앙행정기관
개전초 동원긴요부대 전시 완정성 보장 방안 연구,국군재정관리단,70016252.0,106.197,,,,권시형,,69991320.0,,인사교육장교 경력관리 개선을 위한 연구용역,중앙행정기관
관제레이더 장애징후분석 및 원격감시체계구축,해군본부,,,2024-03-05,주식회사 라이언앤코컨설팅,박영욱,장소영,서울특별시 강남구 논현로189길6 (압구정동),122698289.0,74.72,함정 개조·개장 사업의 관급보험 도입방안 연구,국군재정관리단
18-함정EMP보호대책적용사례분석및개선사항도출연구,공군본부,599628892.0,,2017-10-28,주식회사 엘씨케이테크놀로지스,김문선,최예슬,경상남도 창원시 의창구 원이대로271 (봉곡동) 3층 314-C호,599607471.0,99.173,군 급식제도의 시스템 개선을 위한 연구,제9691부대
대함유도탄 방어유도탄 양산사업 비용분석,방위사업청(운영지원과),87882649.0,103.377,,(주)두두아이티,정의승,김정윤,"경기도 수원시 영통구 월드컵로 206(원천동, 아주대학교)",87844979.0,103.377,유류시험장비(금속성분분석기(ICP))구매,중앙행정기관
육군 항공관제 시뮬레이터 연구개발,국군재정관리단,745032808.0,,2017-03-25,,,,,744878665.0,,SUPPRESSED,군
분석기 스펙트럼용 장비 구매(20209032-I),방위사업청(운영지원과),24735616.0,,2021-04-28,미성종합체육산업 주식회사,이충근,조명지,전북특별자치도 정읍시 북면 북면공단2길87-0,24746653.0,87.656,20-지형분석체계 교체(리스물건)(208080-A),군
FA-50 성능개량 방안 연구,해군본부,,95.039,2019-08-02,대전대학교 산학협력단,이문걸,권시형,,,95.044,첨단과학기술의 군 활용성 제고 발전방안 연구용역,군
확산탄에 의한 활주로 피해양상 연구용역,육군본부,135978729.0,,2019-06-05,,,,,136017225.0,,민수용 드론의 비행기지 작전지원 활용방안 연구,군
18년 발칸 추적훈련 분석기(제조),국군수도병원,55665280.0,,2017-05-17,우성무역,윤태훈,김지혜,"서울특별시 강남구 테헤란로440, 서관 3층(대치동, 포스코센터)",55617047.0,87.911,(217044-B) 21년 의무장비(요분석기) 구매,국군재정관리단
22-경항모 건조가 산업에 미치는 영향 분석,육군본부,56841326.0,,2019-09-16,주식회사 에스아이정보기술,동중영,최예슬,"전라남도 무안군 삼향읍 남악3로80,204호(제일프라자)",,,(217172-E)이동식 취약점 분석평가 체계 구축,4284부대
(227239-B) 악성코드 수집분석체계 라이선스 구매,국방대학교,897116847.0,,,사단법인 한국국가전략연구원,임창흥,손보연,,896837936.0,92.063,23-D-라만분광분석기 구매,군
신기술 적용을 통한 저장시설 물류향상 연구,해군본부,96593527.0,90.543,2021-06-13,,,,,96569612.0,,인공지능 전차 비사격 훈련시스템 개발 연구용역,중앙행정기관
풍력발전기에 의한 방공레이다 등의 작전영향 연구,국군재정관리단,326018042.0,73.186,2019-11-07,,,,,325953791.0,73.188,2.75인치 유도로켓(비궁) PBL 적용 방안 연구용역,군
합동작전분석모델-II 체계개발,해군군수사령부,,102.794,2023-10-04,주식회사 사이버앤네트워크연구원,정주교,서경원,"경기도 성남시 수정구 복정로84번길 22-15,(B-001호) (복정동)",90587396.0,,모바일기기 증거분석체계 구매(교체) 리스,군
(20F169-A)지형분석장비 교체사업 등 17건 금융리스,합동참모본부,279854258.0,83.764,2024-10-31,,,주진형,,279782543.0,,(207146-F)디지털포렌식 분석장비 도입,중앙행정기관
사이버전자전 작전수행개념 및 핵심요구능력 연구,국군재정관리단,,86.509,2017-03-03,,,,,,86.513,AI기반 드론봇 네트워크 운용 및 실험설계 연구용역,중앙행정기관
의무장비(생화학자동분석기 등 2종) 구매(17-207),공군작사근무지원단,27433770.0,96.673,2021-04-07,부경대학교 산학협력단,동중영,이혜진,경기도 성남시 분당구 판교역로 220(삼평동 673),27408418.0,,19년 지형분석장비 교체(리스물건)(20196289-G),국군재정관리단
방공전력 발전방향 연구 용역,공군미사일방어사령부,76874581.0,79.604,2016-04-05,세종대학교산학협력단,양창조,,서울특별시 영등포구 여의대방로43나길20-0 (신길동),76813121.0,,18년 수송기술 용역연구,국군재정관리단
소형무장헬기 경제적 획득 방안 연구,공군본부,227456743.0,85.206,2017-04-05,,박정기,,,,85.205,공군 예비군훈련장 권역화 · 과학화 구축방안 연구,중앙행정기관
(237345-F)기체크로마토그래피 질량분석기 구매,국군재정관리단,172155320.0,96.691,,주식회사 녹십자이엠,박종재,전영은,"서울특별시 종로구 율곡로17길7-38, 수지빌딩 7층(이화동)",,,23년 항공관제 분석체계 유지보수,군
16년 정비지원부대 직무값 기반의 직무분석 연구용역,국방부조사본부,59043207.0,87.636,2018-11-11,,,,,58986335.0,87.645,16년도 급식분야 시범사업 추진분석 및 개선방안 연구,국군재정관리단
함정 GPS 함속력계 신호 변환 장치 개발 연구용역,공군제15특수임무비행단,,89.863,2018-01-27,,,,,,89.865,국방기상 빅데이터 통합을 위한 정책연구,국군재정관리단
해병대 무인항공기 효율적 운용방안 연구,국군재정관리단,157624160.0,,2020-09-15,,전건욱,,"서울특별시 강남구 언주로527, 10층 (역삼동)",157537145.0,,범국민 안보의식조사 정책대안 연구용역,군
연구소 기술용역 재료비 초자 구매,방위사업청(운영지원과),,77.664,,(사)대한영양사협회,김지찬,최규식,"서울특별시 중구 동호로7길41, 2층(신당동)",,77.663,공군기지 작전환경을 고려한 무인기 운영방안 연구,중앙행정기관
연구활동 재료(시약) 113종 구매 ,국군재정관리단,51654323.0,,2020-05-05,연세대학교 산학협력단,노광현,,서울특별시 광진구 군자동98 집현관 216,51618632.0,,영상판독사 자격신설 연구,군
17-방공관제사-94 보급수송과 스펙트럼 분석기/3품목,공군본부,,80.592,,한국표준협회,이인형,이우희,서울특별시 관악구 관악로1 (신림동),408916466.0,80.591,자동염기서열분석기 소모품 구매 설치,제9965부대
군용항공기 비행안전성 인증업무분석 및 발전방안연구,방위사업청(운영지원과),148946771.0,93.174,2019-11-18,국방기술품질원,김상인,김근우,"부산광역시 해운대구 센텀6로21,  인텔리움센텀 807호,808호(우동)",,,국방분야 국가자격 신설종목 연구,군
군 자동소음측정망 설치기준 및 운영방안 연구,합동참모본부,41588062.0,,2022-06-24,(주)한신솔루션,홍영기,민성현,경기도 수원시 장안구 파장천로 31(),41558675.0,,24년 전반기 육군 정책연구 과제 연구용역,국군재정관리단
월책 차단을 위한 혁신적 GOP 경계 플랫폼 연구,공군군수사령부,12015021.0,93.969,2022-08-27,,,,세종특별자치시  시청대로370-0,,,국외조달 군수품의 합리적인 관세부과방안 연구,군
목표비용관리(CAIV) 내실화 방안 연구,국군재정관리단,37216875.0,90.889,,호원대학교 산학협력단,,황병윤,충청남도 논산시 양촌면 황산벌로1040,37209421.0,90.889,탄소중립 시대 도래 육군 추진전략 방향 연구용역,군
18년 발칸 추적훈련 분석기(제조),육군교육사령부,,,2017-02-12,경희대학교산학협력단,김재영,,"서울특별시 금천구 가산디지털2로184, 10층 1017호(가산동, 벽산디지털밸리2차)",205676370.0,100.949,지형분석도 제작 재료 구매,중앙행정기관
방산육성 수출확대 위한 산업협력 쿼터제 방안 연구,국군재정관리단,84157944.0,86.406,2021-08-01,국방기술품질원,홍순국,동중영,,,86.413,해병대 작전환경에 적합한 M&S 전력분석 연구 용역,국군재정관리단
워리어플랫폼 미래단계 추진방향 연구용역,공군본부,32086842.0,88.705,,(주)데이터클립,허건영,신준호,경상남도 진주시 동진로420 (충무공동),,,21-해양 기반 우주작전 개념 및 전력발전 방안 연구,기관
전파환경측정 분석장비 유지보수,국군간호사관학교,286578717.0,86.195,,청주대학교산학협력단,백도현,,서울특별시 관악구 관악로1 (신림동),,86.181,대용량 유전자데이터 분석 파이프라인 및 가시화 연구,국군재정관리단
한국형 비용분석 전산모델 고도화 ISP 수립,제9691부대,159018164.0,81.857,2023-08-13,신승하이텍,안가영,가회광,충청북도 청주시 청원구 오창읍 농소길33-56,,81.866,자동염기서열분석기 정비(소모품 구매설치),중앙행정기관
K1계열전차 포탑회로망상자 시험장비 개발 연구용역,육군교육사령부,63548828.0,,2020-08-30,,강우철,남혜정,,63484972.0,79.886,[24-육-18] C군지사 부대변천사 연구용역,중앙행정기관
18-함정 자기한계치 기준 설정방안 연구,국군재정관리단,,88.023,2019-09-13,,박정기,,,155751466.0,88.026,4차산업혁명 기반 무기체계 시험평가 발전방안 연구,군
정밀측정장비(스펙트럼분석기) 구매,육군본부,410413111.0,88.985,2023-06-09,주식회사 케이티에이,홍광표,전치우,"서울특별시 광진구 광나루로56길63, 지하1층 113호 에스46(구의동)",,88.981,155mm 정밀유도포탄 비용분석,국군재정관리단
체계적인 해군 C4I 체계 유지보수 관리방안 연구,국방부(운영지원과),23853139.0,,2018-12-08,,전건욱,,"서울특별시 용산구 청파로 40, 삼구빌딩 1815호(한강로3가)",,83.707,화생방 연구활동 재료 시약 구매,국군재정관리단
20-MTU엔진 PBL 비용대효과분석 및 성과지표 연구,공군본부,,82.386,,,,,,,82.391,헬기 보조동력장치 시험장비 개발 연구용역,군
야전운용시험 성과분석 및 발전방안 연구,공군본부,,67.736,2018-08-15,(사)한국전략문제연구소,전건욱,,,,,국방시설분야 4차 산업기술 활용방안 연구용역,군
웨어러블 로봇 운용개념 연구용역,국방부(운영지원과),14757378.0,,2018-10-24,,박정기,김지훈,서울특별시 서초구 남부순환로319길 13(서초동),,,신기술 기반 공군 교육통합플랫폼 구축방안 연구,중앙행정기관
다목적훈련지원정 후속함(양산)사업 비용분석,공군본부,266937682.0,78.846,2020-01-03,(주)에스큐브아이,송상의,조명희,"경기도 고양시 덕양구 삼원로63-0 (원흥동, 고양아크비즈) 612호",266908361.0,,안전하고 신뢰할 수 있는 AI활용 국방가이드라인 연구,대학
RAM업무 고도화를 위한 잠정목표값 설정 연구용역,제9691부대,,,2021-05-29,사단법인 대한민국 육군발전협회,이문걸,김연경,,,81.964,24-방공관제 작전제한 해소 추가레이다 설치방안 연구,군
통합 센서검사기 개발 연구용역,방위사업청(운영지원과),1378106.0,,2021-10-10,충남대학교 산학협력단,이윤문,이지유,"서울특별시 강남구 영동대로602, 6층 E170호(삼성동)",1381306.0,76.886,상비군 수준의 동원위주부대 전력보강 방안 연구,중앙행정기관
(20F168-I)00부대 부대개편 시설사업 선행연구 용역,해군본부,53597990.0,,2018-06-03,,,,,,,자율·군집비행 활용 복합작전개념 연구(소형 UAS),제9691부대
(20G003-B)생물안전 3등급 연구시설 유지보수 용역,공군본부,,95.983,2022-07-24,사단법인 안보경영연구원,전건욱,,"서울특별시 강남구 언주로527, 10층 (역삼동)",,95.982,추진장약 저장수명 예측 가속노화시험 연구용역,중앙행정기관
비상근예비군 확대 및 훈련체계 정립 연구 용역,제2879부대,44980279.0,,,서울대학교 산학협력단,김상인,고윤안,부산광역시 동구 고관로62 (초량동),44992510.0,105.533,군 복무가치 제고 방안 연구,국군재정관리단
00부대 정보체계 취약점 분석 시스템 구매,국방대학교,,71.129,2023-07-21,,김진욱,이경미,"서울특별시 송파구 법원로11길25-0, A동 1310호(문정동, 에이치비즈니스파크)",,71.136,지능형 전군 악성코드 수집분석체계 구축 금융리스,제2879부대
수도병원 임상의학연구센터 통계프로그램 구매계약,국군재정관리단,,,,,,김지혜,,,79.105,AI 작전운용성능 설정기준 표준화 연구,국군재정관리단
00부대 EMP 보호시설 구축 선행연구 용역,국방대학교,,104.865,2021-04-05,육군사관학교 산학협력단,권시형,최동숙,,72017933.0,,X-RAY 형광분석기 구매,군
00부대창설을 위한 공공갈등 관리방안 연구용역,방위사업청(운영지원과),60086447.0,84.156,2019-10-30,(사)21세기군사연구소,,유선미,"서울특별시 용산구 이태원로 29, 전쟁기념관 4층(용산동1가)",60066943.0,84.163,활주로지역 배수로 개선 분석평가 및 선행연구 용역,중앙행정기관
CSP 획득개선 및 무기체계 가동률 향상방안 연구,육군본부,,94.836,2021-01-10,,,이민행,서울특별시 강남구 선릉로64길6-0 (대치동) 2층,185505893.0,,23-함정 실내공기질 기준 설정 연구,국군재정관리단
상륙기동헬기 조종시뮬레이터 선행연구,국방부(운영지원과),,,,,,,,25127404.0,82.873,특수작전용 유탄발사기사업 선행연구,중앙행정기관
4차 산업혁명과 연계한 미래 물자동원방안 연구,국방부(운영지원과),175572318.0,99.343,2016-09-27,,,,,,,12.정책현안연구(북한의전쟁수행...),제2879부대
국외도입 군수품 품질확보 선진화 방안 연구,국방부(운영지원과),256997952.0,,2017-05-12,사단법인 한국방위사업연구원,,,서울특별시 광진구 군자동98 집현관 216,256913435.0,95.962,예비전력 예산  국방예산의 1%달성 방안 연구,중앙행정기관
안보학술연구용역(3. 국내안보환경과),공군작전사령부,262038629.0,91.686,2019-12-02,우석대학교 산학협력단,이영환,,"서울특별시 용산구 한강대로62길41, 3층 (한강로1가)",,91.677,국방분야 반도체 조사·분석 및 발전방안 연구,국군재정관리단
계층별 리더십 핵심역량 정립 연구용역,방위사업청(운영지원과),24578235.0,86.753,2017-06-06,사단법인 안보경영연구원,전건욱,,"서울특별시 강남구 언주로527, 10층 (역삼동)",24567462.0,86.748,박옥규 제독 평전 제작 연구 용역,군
함정 개조·개장 사업의 관급보험 도입방안 연구,국군재정관리단,185132618.0,87.238,2018-07-13,아이브스 주식회사,윤정숙,우재봉,"경기도 시흥시 서울대학로173(정왕동, 서울대 시흥캠퍼스)",185129765.0,87.241,대전병원 생화학 자동 분석기 소모품 20종 구매,군
항-18-066 자동면역분석기 시양등 47종,방위사업청(운영지원과),276096782.0,90.963,2018-06-22,신한관세법인,류황건,김지훈,경기도 광주시 중앙로320-40 (송정동),275893723.0,,19-회로분석기 구매(20199065-H),군
ATCIS 2차 성능개량사업 연구,국군의무사령부,275138552.0,90.158,2016-05-18,,전건욱,,서울특별시 마포구 백범로35-0 (신수동),,90.151,지상작전과 연계한 사이버전 수행방안 연구,국군재정관리단
작전환경 변화 및 공군 합동 고려한 포병 발전 연구,방위사업청(운영지원과),9349894.0,81.944,2018-09-20,,전건욱,이정원,"서울특별시 강남구 언주로527, 10층 (역삼동)",9340002.0,,운용함정 손상대응 훈련 시나리오 연구 용역,군
전투실험용 휴대형 통합 네트워크 분석기 구매,공군본부,272120599.0,,,도원정보시스템 주식회사,장명훈,이진희,광주광역시 서구 양동로41번길21-9 (양동),272306659.0,88.375,전투실험용 휴대형 통합 네트워크 분석기 구매,국군재정관리단
국방대학교 안보현안분석 등 2종 인쇄 용역,공군본부,,91.031,,(사)국방시설연구협회,권수민,윤정민,강원도 원주시 문막읍 석지1길283,200183459.0,91.025,19년 발칸 추적훈련 분석기(제조),군
전투근무지원정 건조가능성 검토 기술지원 연구용역,국군재정관리단,,,2017-10-20,주식회사 베테랑콤,권선애,황병윤,전라남도 장성군 남면 나노산단3로21,56789895.0,88.32,군사시설 타운화 개념의 부대 재배치 방안 연구,국군재정관리단
[24-육-16] A군단 부대변천사 연구용역,국방부(운영지원과),99119054.0,100.229,2024-07-18,호원대학교 산학협력단,최권석,이호준,"서울특별시 금천구 가마산로96-0, 213호(가산동, 대륭테크노타운8차)",,,TDS와 연계한 억제작전 평가체계 연구,중앙행정기관
항-19-082 자동면역분석기 시약 등 27종,방위사업청(운영지원과),269267112.0,87.038,2019-02-10,주식회사 범만테크,최인숙,이승원,"경기도 광명시 디지털로56-0 (철산동, 철산래미안자이)101-2801호",,87.034,정비공정 촬영도구  분석SW 구매,군
국방시설 전력소비 수용률 기준 연구용역,국군재정관리단,678934911.0,93.105,2019-09-20,(사)한국전략문제연구소,박정기,,"서울특별시 용산구 청파로 40, 삼구빌딩 1815호(한강로3가)",678887719.0,93.104,대형수송함-ll(LPX-ll) 개념설계 기술지원 연구 용역,중앙행정기관
항공교통 업무 수행 및 공역체계 개선 방안 연구,국군의무사령부,185983887.0,90.051,2019-12-17,사단법인 대한군상담학회,변중무,구종우,"서울특별시 송파구 법원로11길25-0, A동 1310호(문정동, 에이치비즈니스파크)",,90.056,미래혁신을위한육군조직문화진단및실천지표연구,국군재정관리단
22-해-금속성분분석기 구매,합동참모본부,4683522.0,,,시온하이텍,배정숙,박정수,광주광역시 서구 양동로41번길21-9 (양동),4686802.0,91.394,자동염기서열분석기 정비 및 검교정,기관
해병대 복지회관 중장기 보수계획 연구 용역,국방부(운영지원과),,75.907,,연세대학교 산학협력단,박종선,,경상남도 진주시 동진로420 (충무공동),55642241.0,75.908,군비행장 자동소음측정망 운용체계 구축방안 연구,중앙행정기관
열중량분석기 등 1종 구매,국군재정관리단,265878822.0,,2021-08-29,주식회사 라이언앤코컨설팅,김태호,전수현,"서울특별시 은평구 진흥로 225,(불광동)",265774163.0,87.091,20-지형분석체계 교체(리스물건)(208080-A),국군재정관리단
23-함정 실내공기질 기준 설정 연구,합동상호운용성기술센터,268156077.0,,2019-09-28,경희대학교산학협력단,김상인,김정희,"경기도 안양시 만안구 만안로49, 519호(안양동, 호정타워)",268147456.0,,천궁 창정비 시설사업기본계획 연구용역,대학
훈련 및 부대운영 빅데이터 활용방안 연구용역,국군재정관리단,48645320.0,81.65,,,,,,,81.649,SUPPRESSED,중앙행정기관
이동형장거리레이더 시설사업기본계획 연구용역,국방부(운영지원과),47698015.0,75.985,2019-12-02,주식회사 사이버앤네트워크연구원,김진원,,"경기도 용인시 처인구 명지로 116, 명지대학교(남동)",47746692.0,75.991,방위사업 계약법령 체계화 방안 연구,군
연구장비확보(초저온냉동고),육군본부,,97.638,2018-06-03,한양대학교 산학협력단,유상호,이창환,"서울특별시 강남구 테헤란로64길13, 504호 (대치동, 선릉역 풍림아이원레몬)",1767698.0,,20년 수송기술병참선 제원 연구용역,제9691부대
19년 작전지속지원분석모델 유지보수(2018F124-G),제9691부대,,74.676,2020-12-28,(사)21세기군사연구소,,권인자,"서울특별시 용산구 한강대로62길41, 3층 (한강로1가)",44413171.0,,핵심기술(위성용 SAR 안테나) 비용분석,중앙행정기관
기갑 및 기계화부대 중대급 교전훈련장비 연구용역,해군본부,49842621.0,88.989,,사단법인 안보경영연구원,,,,49874340.0,,군사학 연구방법론에 대한 연구 용역,군
21-첨단 수중전력 소요기술 분석 및 적용방안 연구,해군본부,,,2020-12-10,사단법인 안보경영연구원,전건욱,,"서울특별시 강남구 언주로527, 10층 (역삼동)",216976770.0,,비전투부대 참모부서 소요병력 산정기준 연구용역,국군재정관리단
정보시스템 성능향상을 위한 GPU기술 응용방안 연구,육군교육사령부,25210759.0,81.587,2017-03-21,(재)한국산업개발연구원,백훈,,"서울특별시 강남구 언주로527, 10층 (역삼동)",25224725.0,81.599,19-00지역 통합분청 신축 선행연구,군
선외기 프로펠러 안전장치 성능개선 연구용역,합동참모본부,,,,주식회사 에스앤피,최용석,양지혜,서울특별시 중랑구 동일로516-3 (면목동) 5층,144587990.0,,21년 정책 연구용역,국군재정관리단
정보통신기능 성능개량 체계 구축 연구 용역,국군수도병원,2640381.0,99.777,,사단법인 안보경영연구원,전건욱,,"서울특별시 용산구 청파로 40, 삼구빌딩 1815호(한강로3가)",,,춘천병원 기능강화 연구용역,중앙행정기관
공군 전장망 소스코드 취약점분석체계 교체사업,39정찰비행단,,85.366,2022-02-15,대길상사,김종호,최규식,울산광역시 남구 갈밭로11-0 (삼산동),142428612.0,85.366,하이드로릭 입자분석기 구매,국군복지단
’22년 미래혁신연구센터 부대소개영상 제작용역,육군본부,185171581.0,84.02,2020-05-06,주식회사 안보기술연구원,김진욱,,,185242589.0,,군사사연구총서 용역 계약,중앙행정기관
17년 지형분석장비 물품 구매설치,국방부(운영지원과),35605152.0,95.115,,단국대학교 산학협력단,김병권,이효진,대전광역시 대덕구 한밭대로1158-0 (중리동) 707-1,35574785.0,,수치해석을통한폭발하중받는강재구조물의거동분석용역,제9691부대
24년 기술연구용역(3),국군재정관리단,56018554.0,,,라온시스템즈(주),송광선,김유미,"서울특별시 성북구 월계로36길27-0 (장위동, 꿈의숲대명루첸아파트) 105-1302",56037459.0,91.751,안보학술연구용역(2. 국제안보환경과),중앙행정기관
공대지유도탄 양산 시설사업기본계획 연구용역,국군수도병원,,89.914,2021-02-20,주식회사에스마루,이창민,권태순,"서울특별시 강남구 테헤란로512, 10층(대치동, 신안빌딩)",172701417.0,,효율적 획득업무 수행을 위한 WBS 표준화 연구,국군재정관리단
Army TIGER 2050 개념군 연구 용역,국방부(운영지원과),401567154.0,70.423,2021-01-17,,,,"서울특별시 용산구 한강대로62길41, 3층 (한강로1가)",401415493.0,70.421,22-00생활관 신축 분석평가 및 선행연구 용역,군
한반도 작전환경에 적합한 사단 구조 및 편성 연구,국방대학교,320697866.0,90.773,2019-11-29,,,,,320716628.0,90.769,군사사연구총서고대~근대한국군사사연구용역(과제4),국군재정관리단
육군 수질 유지비 현실화 방안 연구용역,4284부대,63942523.0,,2020-09-30,한국버츄프로젝트,김상운,방은옥,대전광역시 대덕구 대전로1397번안길70-0 (읍내동),,78.886,2020 서울안보대화 프로그램 기획 및 발전방향연구,군
어뢰이송 및 저장체계 비상작동 조종장치 연구용역,육군본부,,86.236,2019-11-05,,한민구,황병윤,,,,풍력발전기에 의한 방공레이다 등의 작전영향 연구,중앙행정기관
정신전력 평가도구 개발 연구용역,육군본부,104445867.0,85.972,,(주)레오이노비젼,홍영기,조호현,"서울특별시 금천구 가마산로96-0, 213호(가산동, 대륭테크노타운8차)",104354516.0,85.972,공군 품목관리관 자격인증제도 도입방안 연구용역,군
(20F168-I)00부대 부대개편 시설사업 선행연구 용역,공군본부,141436374.0,77.931,2018-04-09,한남대학교 산학협력단,유훈,,,141577960.0,77.93,군 시설 공사비 기준단가 산정 연구용역(21K018-I),제2879부대
23-D-감정장비(액체질량분석기) 구매(2310036-F) ,해군본부,517859181.0,70.468,2024-02-23,주식회사 지니클라우드,양선희,김경호,"경기도 안양시 동안구 학의로282, 501호,502호,503호 (관양동, 금강펜테리움아이티타워)",518175037.0,70.461,통신가설차 경미한 성능개량 사업분석,군
중합염기서열분석기 구매,방위사업청(운영지원과),379125316.0,,2017-06-30,사단법인 한국아이티법연구원,신인균,박계향,울산광역시 동구 방어진순환도로1000-0(전하동),378941583.0,,24년 군 주거시설 개선방안 수립 연구용역 등 2건,제2879부대
민수용 드론의 비행기지 작전지원 활용방안 연구,국방부(운영지원과),9587598.0,103.635,,호원대학교 산학협력단,이인형,김선미,"전라북도 군산시 임피면 호원대3길 64,",9575814.0,,민수용 드론의 비행기지 작전지원 활용방안 연구,군
여단급과학화전투훈련체계 경미한성능개량 사업분석,국방부(운영지원과),126404416.0,104.675,2021-02-15,동국대학교 WISE캠퍼스 산학협력단,이정환,이미란,"서울특별시 금천구 가마산로96-0, 213호(가산동, 대륭테크노타운8차)",126374213.0,,위성전군방공경보체계 경미한 성능개량 사업분석,군
해병대 과학화예비군 훈련장 발전방안 연구 용역,육군군수사령부,,82.625,2021-09-09,육군사관학교 산학협력단,,김영숙,,,,자율·군집비행 활용 복합작전개념 연구(소형 UAS),합동참모본부
기동전투장비의 무인화 운용 적용방안 연구용역,국방부(운영지원과),139188938.0,80.026,,주식회사 휴먼컨설팅앤메니지먼트,이인형,신준호,"서울특별시 서대문구 충정로53-0 (충정로2가, 유원골든타워오피스텔) 1701호",,,폭파구 피해복구 보조기층 다짐도 측정방법 연구,군
군대의 가치를 표현할 수 있는 의식과 의례 개념 연구,공군본부,39475426.0,75.221,,,,,,39465977.0,75.226,전력지원체계 획득법령 제정에 관한 연구,중앙행정기관
국방우주력 발전을 위한 민·군 기술협력 방안 연구,국군재정관리단,,,2017-02-25,,전건욱,,,49246769.0,79.133,미래특임 및 항공 통합 특임여단 편성방안 연구용역,군
18년 지상군 전시자원소요분석모델 유지보수 용역,공군본부,11253152.0,77.945,2023-04-21,,,김지훈,,11234228.0,77.942,산소분석기 1종,국군재정관리단
미래 안보환경 대비 군사시설 보호업무 발전방향 연구,해군본부,38067555.0,,,,,이나라,,38089043.0,108.758,미래 육군 전술감시체계 운영개념 정립 기술연구 용역,군
(237001-H)스펙트럼 측정/분석장비 노후 교체,해군군수사령부,276747868.0,,2024-04-16,재단법인 에프아이티아이시험연구원,안명수,,"서울특별시 금천구 가산디지털1로171, B208호(가산동, 가산 에스케이 브이원 센터)",,101.629,(217271-C) 의무장비(자동분석기 생화확 대형) 구매,중앙행정기관
교육연구자료 원문 DB 구축 용역,국방부(운영지원과),49579335.0,88.333,2018-12-21,(주)에프오알엠도시건축공간연구소,,,,,,내부자 사이버위협 방어대책 연구용역,중앙행정기관
국방 연구개발 법제 개선 연구,제2879부대,117993162.0,96.046,2021-12-08,아시아상담코칭학회,김태일,,"서울특별시 광진구 광나루로56길63, 지하1층 113호 에스46(구의동)",,96.044,24-그린나래호텔 리모델링 계획의 적절성 분석연구,국군재정관리단
임베디드 및 군 무선통신 취약점 분석기술 연구,육군본부,43365590.0,,2020-06-27,,,이정민,,,,국방정보통신장비의 효율적 운영관리 방안 연구,기관
미래 육군비행장 발전계획 검증 연구 용역,국군재정관리단,107810508.0,,,주식회사 셀젠텍,김민구,유선미,인천광역시 부평구 부평대로301-0 (청천동) 남광센트렉스 303호,,104.537,6.25 전쟁 이후 주요 해전 증언록 연구용역,국군재정관리단
국군역사기념관(가칭) 건립사업 선행연구,국군재정관리단,38023829.0,101.963,2019-09-08,,,,,38056555.0,101.96,야전운용시험 성과분석 및 발전방안 연구,국군재정관리단
22-7차 연구장비 구매 계약 - 멸균소독기 소형,제9691부대,,91.061,,한성대학교 산학협력단,이명식,이재평,서울특별시 강남구 논현로189길6 (압구정동),53685215.0,91.06,해병대 인력획득체계 분석 발전 방향 연구 용역,군
전투실험 발전 세미나 과제 연구용역(1),공군본부,,94.639,2018-06-08,주식회사 한솔엔지니어링글로벌,허건영,,"부산광역시 해운대구 센텀6로21,  인텔리움센텀 807호,808호(우동)",8301004.0,,22-15차 연구장비 구매 계약  - 진탕욕조,중앙행정기관
KF-16 AIFF 점검 및 교환 기술 개발 연구 용역,방위사업청(운영지원과),52586055.0,,2020-02-11,사단법인 안보경영연구원,,,서울특별시 서초구 남부순환로319길 13(서초동),,,50년 함건조 사례분석 및 발전방안 정립 연구 용역,군
방산기술보호체계 발전방안 연구용역,제2879부대,7207405.0,73.787,,,,,,7206798.0,,군인연금기금 책임준비금의 적정 규모 기준 설정 연구,중앙행정기관
24-모바일 증거분석체계 교체사업,국방부(운영지원과),358891935.0,94.398,2024-08-25,유한회사 엔디클릭,신범수,장중원,"서울특별시 송파구 법원로11길7, 제11층 제1120호(문정동,문정현대지식산업센터)",358723256.0,,(247057-H)음성분석시스템 개선사업(리스자산),군
방위력개선사업에 K-RMF 적용을 위한 방안연구,국군재정관리단,100449952.0,93.229,2018-11-01,국방대학교산학협력단,박충권,,"서울특별시 금천구 가산디지털2로184, 10층 1017호(가산동, 벽산디지털밸리2차)",,93.219,24년 군 양성평등지표 조사 및 분석 연구,군
해군조직 및 갈등특성에 부합한 갈등관리 방안 연구,해군본부,68924689.0,,2021-05-01,호원대학교 산학협력단,김주희,이기찬,"충청남도 논산시 대학로 121, 건양대학교 산학협력단(내동)",68962586.0,75.354,함정추진축계이상소음발생위치추정및원인분석기법연구,중앙행정기관
전투실험 설계 및 결과 분석 방법 연구용역,육군교육사령부,20286740.0,112.237,2016-08-24,,백훈,,,20284491.0,112.238,SUPPRESSED,군
병력책정 기준연구(비행대대 조직구조 개선방안),육군본부,,,2017-02-12,(사)21세기군사연구소,장복철,유선미,경상남도 진주시 소호로101-0 (충무공동),84839420.0,75.014,합동성을 고려한 대전차전력의 적정 소요 연구,국군재정관리단
국방무인체계 총수명주기관리방안 연구,공군군수사령부,71565349.0,,2021-03-20,사)한국미래문제연구원,김상인,전영은,경기도 안양시 동안구 흥안대로 516(관양동 1505-22),,98.623,인지전 수행을 위한 전력증강 방향 연구,제2군단
국방 클라우드 확산 정책 연구 용역,국군재정관리단,332164806.0,89.221,,주식회사 공공정책성과평가연구원,정현찬,,대전광역시 대덕구 대전로1397번안길70-0 (읍내동),,,00지역 실내공기질 개선 연구용역,군
국방 안전환경 분석 및 안전교육 정책 발전 방안 연구,육군 제3808부대,469744196.0,83.348,,주식회사 위맥공제보험연구소,박재완,곽진,부산광역시 영도구 해양로385-0 (동삼동),469550883.0,83.348,00시설 화생방 방호시설 개선방안 연구용역,국군대전병원
24년 자동염기서열분석기 검교정 등 정비,국방부(운영지원과),,,2023-05-29,주식회사 천일,송상의,최준호,"서울특별시 구로구 디지털로31길41, 312-118(구로동)",,,24-해병-이동식 취약점 분석평가 도구(상용SW) 구매,군
효과성·활용성 중심의 군내 NCS 적용방안 연구용역,국방부(운영지원과),305025968.0,97.254,2017-10-05,,,,"서울특별시 강남구 언주로527, 10층 (역삼동)",,,18-P3탑재장비PBL적용타당성검증및성과지표개발연구,국군재정관리단
국방대학교 조직컨설팅 연구 용역,국군재정관리단,127280423.0,109.856,2019-12-25,주식회사 유니텍,정의붕,황병윤,,127120129.0,109.852,다목적 제설장비 운용기준 재정립 및 대체방안 연구,군
22-수중광통신의 군사적 활용방안 및 운용효과 분석,공군군수사령부,,83.453,2021-07-04,주식회사 지니클라우드,이정훈,김기현,"경기도 안양시 만안구 만안로49, 519호(안양동, 호정타워)",328813076.0,,휴대용 산소분석기 1종 구매,국군재정관리단
K10제독차 조종상자 회로카드 정비기술개발 연구용역,국군재정관리단,129665120.0,88.9,,,,,,,88.894,컨테이너 물류체계 구축 소요판단 정책 연구과제 용역,군
미래 우주전장 분석 및 공군 우주전략 수립 연구용역,국방부(운영지원과),315918992.0,,2016-01-22,재단법인 한국군사문제연구원,전건욱,,"경기도 성남시 수정구 위례대로83(창곡동, 국방문화센터)",,87.585,국방연구개발사업의 성과조사.분석 연구,군
연구장비확보(냉방장치),4284부대,4493225.0,91.005,2019-11-17,주식회사 라이언앤코컨설팅,김동준,조은미,충청남도 계룡시 서금암3길16-3 (금암동) 101호,,,연구장비확보(초저온냉동고),기관
2017 PACC & PAMS 연구용역,방위사업청(운영지원과),49387061.0,85.865,,주식회사 휴먼씨엔씨,김재영,심장원,"서울특별시 용산구 한강대로62길41, 3층 (한강로1가)",49333606.0,,사이버전문인력 육성을 위한 교육 및 개선방안 연구,중앙행정기관
정신전력 측정도구 및 지표 개발 연구,국군재정관리단,,,2016-07-13,,,,,,91.785,해안경계 임무전환 관련 안보상황 평가체계 연구,중앙행정기관
병 오일분석용 구매,공군사관학교,376814487.0,87.035,2021-09-03,주식회사 세일케이엠,이희윤,이해용,경기도 남양주시 진접읍 양진로816-28,,,빅데이터 분석체계 구축사업 감리 용역,기관
탄약고 안전거리 재산정을 위한 선행연구 용역,합동참모본부,,,2017-10-18,(주)에프오알엠도시건축공간연구소,김재영,박계향,"서울특별시 노원구 광운로 20(월계동, 광운대학교)",22254730.0,82.814,(21F137-A)항공기 사격훈련장 확장방안 연구용역,국군재정관리단
국방 의료정보 빅데이터 분석체계 구축사업 연구용역,육군본부,,,,,,,,234738882.0,90.1,공기조화계통(HAVC) 성능개선 방안 연구 용역,중앙행정기관
23년 의무장비(전기수술기 분석기) 구매,국군재정관리단,80856469.0,74.116,,(사)21세기군사연구소,김동준,,"대전광역시 유성구 대학로 99(궁동, 충남대학교)",80808524.0,74.124,23-F-최대전력 분석기 구매,군
분석기(스펙트럼용) 구매,공군군수사령부,,79.098,,주식회사 엔에이치,배용수,김진송,"서울특별시 강남구 테헤란로512, 10층(대치동, 신안빌딩)",,,(246261-F) 차량엔진 분석기 구매 ,4284부대
21-수명주기와 연계한 경항공모함 정비방안 연구,공군군수사령부,23283214.0,92.057,2021-05-31,사단법인 대한민국해군발전협회,신인균,,"대전광역시 유성구 테크노3로 65, 한신에스메카 241(관평동)",,92.058,무기체계 전력지원체계 분류기준 재정립 연구,중앙행정기관
박옥규 제독 평전 제작 연구 용역,방위사업청(운영지원과),9001741.0,94.809,2019-06-26,,,윤병찬,,,94.815,기술연구 환경구축 PC사업,군
교육 발전방향 연구용역,육군본부,146215878.0,102.761,2022-05-24,주식회사 알앤엠텍,최규식,조대현,"경기도 군포시 고산로148번길17-0, B동 1303호, 1304호, 1305호(당정동, 군포IT밸리)",146206739.0,102.758,스펙트럼용 분석기 구매,군
철근콘크리트 방폭문 파괴거동분석 및 실증실험 연구,국방부(운영지원과),174383089.0,,2020-09-22,,,,,174512074.0,92.923,국방기술조직을 활용한 함정 기술관리 방안 연구 용역,군
무기체계 RAM 시험평가의 효율적 수행방안 연구,공군항공안전단,32585461.0,81.584,2022-08-12,,,,,32639355.0,,군사시설 타운화 개념의 부대 재배치 방안 연구,군
2017년 의무장비 요분석기 구매,제2879부대,57982024.0,91.372,2022-05-26,사)한국미래문제연구원,최진식,배미선,전라북도 전주시 완산구 장승배기로263 (평화동1가),57952174.0,,19-웹 취약점 진단분석체계 교체사업(201499064-A),중앙행정기관
DCS와 FMS 경쟁 시 공정성 제고를 위한 평가방안 연구,제6619부대,162583371.0,,,사단법인 안보경영연구원,전건욱,,"서울특별시 강남구 언주로527, 10층 (역삼동)",,85.505,ISR 자산의 효율적 통합 운용방안 연구,군
금천구 00부대 배치방안 등 연구,공군군수사령부,10620593.0,92.163,2018-09-23,,,이상규,,,,22년 계룡스파텔 시설개선사업 선행연구 용역,군
공군 소프트웨어(SW) 인력관리 표준방안 연구,육군교육사령부,105269770.0,94.561,2019-01-02,,정봉원,현수,"서울특별시 송파구 법원로9길26, D동 1104호(문정동, H-비즈니스파크)",105241165.0,,22-군 비행장 조명시설 표준화 연구용역,군
사이버 기술분석용 라이선스 구매,육군본부,581311532.0,,,선호하우징,강현섭,조호현,"서울특별시 강남구 논현로134길13, 402-2호(논현동, 덕산빌딩)",581551967.0,95.19,22년 분석실험실 상용 SW 구매,군
21년 항공관제 분석체계 유지보수,공군본부,119666183.0,100.855,,주식회사 희망에어텍,김민지,이성로,"광주광역시 북구 양일로168-10, 비동 1층(양산동)",,,악성코드 분석체계 확대 구축 사업(20197146-C),4284부대
18-19년 해군분석모델 유지보수 및 성능개선사업,국군의무사령부,,,2019-05-09,주식회사 에이치앤아이웍스,추광식,장재필,경기도 안양시 동안구 시민대로161-0 (비산동) 안양무역센타 8층 312호,,77.503,해병 00부대 재배치 및 신기지 구상 관련 연구,제20전투비행단
국방 안전사고 조사 표준 매뉴얼 마련을위한연구,국방시설본부,51092714.0,95.174,,주식회사 안보기술연구원,장철성,이재평,"서울특별시 성북구 정릉로 77, 국민대학교내(정릉동)",51067633.0,95.161,미래 육군 제대별 임무와역할  적정 지휘폭 정립 연구,군
23년 육군 장기미래비전 연구용역,공군군수사령부,415166036.0,90.485,2021-12-23,안전성평가솔루션 주식회사,신상범,김종환,서울특별시 강남구 남부순환로 2806(),,,군인연금제도 발전방향 연구,제2879부대
신재생에너지 적용관련 군 에너지 정책방향 연구용역,공군본부,,114.05,2018-07-12,,한민구,,서울특별시 강남구 일원로81-0 (일원동),146761645.0,,군용총포·도검·화약류 안전관리 발전방안 연구,중앙행정기관
고출력레이저 위성추적체계 구축방안 연구,국군재정관리단,80309795.0,77.372,,(사)21세기군사연구소,변중무,,세종특별자치시  연동면 원합강1길50-0,80244366.0,,육군 개인 재능 평가지표 개발 연구용역,중앙행정기관
미래 우주전장 분석 및 공군 우주전략 수립 연구용역,방위사업청(운영지원과),88344222.0,90.563,2018-12-08,사단법인 안보경영연구원,전건욱,박계향,"서울특별시 강남구 언주로527, 10층 (역삼동)",,90.562,수동음파탐지부표 연구개발 용역(21H085-I),중앙행정기관
장보고급 잠수함 디젤감시장치 연구개발 용역,국군의무사령부,,92.133,2023-08-30,,정봉원,권시형,,74760335.0,,소형무장헬기 경제적 획득 방안 연구,제2879부대
정보역량 강화 연구용역,제9691부대,492559975.0,,2019-05-30,사단법인 한국국가전략연구원,,,,492631624.0,80.389,신분별 직무분석을 통한 적정 계급구조 연구,군
유도탄 검사장비(00체계 가스분석기) 정비,육군본부,323149679.0,,2023-02-13,우성무역,심종욱,조혜진,"대전광역시 서구 도산로485-0, 4층 (탄방동)",,86.794,21-해-성분분석기 구매,국군재정관리단
23 군의료 특성화 연구(접경지역 외상환자 예후 분석),육군본부,,96.286,2020-09-18,(주)에프오알엠도시건축공간연구소,,한소희,,,,2024년 임상의학연구센터 통계프로그램 구매,중앙행정기관
F-15K/E-737 항공기 특성(RCS/IR Signature) 연구,국방대학교,,100.934,2022-01-14,,박정기,,"서울특별시 용산구 청파로 40, 삼구빌딩 1815호(한강로3가)",337159492.0,100.938,12.정책현안연구(북한의전쟁수행...),기관
17년 지형분석장비 물품 구매설치,방위사업청(운영지원과),,,2022-03-07,(주)도전하는사람들,이승휘,이지선,"서울특별시 금천구 가산디지털2로184, 10층 1017호(가산동, 벽산디지털밸리2차)",72582712.0,79.895,교육장비(수질분석세트) 구매설치,제9691부대
전시 물자동원 실효성 제고방안 연구,국방부(운영지원과),341724932.0,91.95,,(주)에스코컨설턴트,김흥중,,서울특별시 성북구 삼선교로16길116-0 (삼선동2가),341959211.0,,무기체계 유형별 맞춤형 R&D 수행절차 연구,군
함정 표준감항인증기준 수립 및 사업 영향성 연구,한미연합군사령부,249534865.0,71.417,2017-11-11,재단법인 한국군사문제연구원,전건욱,,"서울특별시 강남구 언주로527, 10층 (역삼동)",,71.414,유류 소분배 계통 자동화관리 연구,합동참모본부
BigData/VC를 활용한 무기체계 효과분석 연구,방위사업청(운영지원과),3228479.0,106.323,,,,,,3227922.0,,SUPPRESSED,중앙행정기관
수직이착륙형 무인항공기 비용분석,국군재정관리단,12584618.0,100.438,,,김진욱,황병윤,,12582017.0,100.447,분석기 구매,군
K9자주포 연료펌프 성능개선 시제품 개발 기술 용역,국군의무사령부,50380172.0,94.734,,테크노빌리지 주식회사,조성희,최정란,"경기도 평택시 평택5로34번길48, 402호(합정동)",50368440.0,,24년 의무장비(자동분석기 생화학용 중형) 구매,국군재정관리단
소형전술차량 시설사업 선행연구,방위사업청(운영지원과),90796780.0,70.993,2016-07-12,,박정기,황병수,,90767854.0,70.99,다목적 항무지원정 함형 발전 연구,중앙행정기관
철근콘크리트 방폭문 파괴거동분석 및 실증실험 연구,국군재정관리단,,99.196,2017-11-18,경희대학교산학협력단,한기관,,서울특별시 강남구 테헤란로81길26-0 (삼성동) 유림빌딩3층,,,훈련 및 부대운영 빅데이터 활용방안 연구용역,중앙행정기관
예비전력 예산  국방예산의 1%달성 방안 연구,공군본부,35262488.0,89.061,2020-08-04,(주)디앤오종합건축사사무소,김진욱,박계향,,35329062.0,89.06,국방시설분야 4차 산업기술 활용방안 연구용역,4284부대
효율적 획득업무 수행을 위한 WBS 표준화 연구,제2879부대,,102.041,2024-06-09,(주)리서치코리아,곽재수,이형민,경기도 안양시 만안구 일직로94번길15-0 (석수동),,102.037,전파환경측정 분석장비 유지보수,중앙행정기관
21-1차 개념설계 기술지원 연구용역,방위사업청(운영지원과),,,,(사)21세기군사연구소,,,"서울특별시 금천구 가마산로96-0, 213호(가산동, 대륭테크노타운8차)",236230071.0,86.91,전투실험 발전 세미나 과제 연구용역(2),기관
선진 육군가치문화 조성 연구용역,해군본부,144607218.0,,2021-03-01,,,조윤교,,144580472.0,84.919,전투실험 중장기 종합발전계획 연구용역,군
(20F084-I)소음영향도작성을위한소음측정및분석용역,국방부(운영지원과),226606923.0,,2023-09-06,한성대학교 산학협력단,김진원,이도제,"대전광역시 유성구 테크노3로 65, 한신에스메카 241(관평동)",226620512.0,,하이드로릭 입자분석기 구매,군
(237209-F) 자동염기서열분석기 구매 ,제2879부대,,99.564,2024-06-23,아이티 월드,정평길,최영상,"서울특별시 금천구 가산디지털1로19, 406호, 407호, 408호, 409호(가산동,대륭테크노타운18차)",62733605.0,,(237196-C) 악성코드 수집분석체계 장비 교체,중앙행정기관
00부대 정보체계 취약점 분석 시스템 구매,육군군수사령부,8593852.0,78.106,,씨지에스아이티(주),박장권,고기종,"서울특별시 광진구 광나루로56길63, 지하1층 113호 에스46(구의동)",8595287.0,78.106,정비공정 분석도구 구매,합동상호운용성기술센터
범국민 안보의식조사 정책대안 연구용역,국군재정관리단,73402995.0,,2018-11-27,,,,,73506898.0,85.216,2024년 군사연구총서 용역,합동참모본부
복합재 항공기 구조물 구조건전성 해석기법 연구용역,제2879부대,51125579.0,,,라온시스템즈(주),김종원,조혜진,"대전광역시 유성구 대학로 27, 현대리조텔 2층(봉명동)",,,위성 무기체계 시험평가 제도개선에 관한 연구,중앙행정기관
22-11차 연구장비 구매 계약 - 의약품 냉동고,국군수송사령부,,102.999,2020-01-17,주식회사 에스에이텍,조종열,이민수,"인천광역시 미추홀구 주염로58, 620-1호(주안동, 주안시범공단)",,,22-15차 연구장비 구매 계약  - 진탕욕조,국군재정관리단
경어뢰 성능개량사업 전문용역 비용분석,합동참모본부,,,2023-08-13,국방대학교산학협력단,차진섭,김채미,"서울특별시 송파구 법원로11길25-0, A동 1310호(문정동, 에이치비즈니스파크)",205310779.0,82.639,핵심기술(위성용 SAR 안테나) 비용분석,제9691부대
정기공수 운영분석 및 최적 노선 선정 알고리즘 개발,해군본부,29871823.0,99.94,,,,,"서울특별시 강남구 언주로527, 10층 (역삼동)",29857862.0,,스펙트럼 분석기,기관
17-1 상층대기분석장비(UAAS-10) 외주정비,방위사업청(운영지원과),280063391.0,,2019-04-22,(주)알파아이엔씨,김동신,황성환,"인천광역시 서구 보듬로158, 공존11층 1131호(오류동, 블루텍)",280089534.0,86.068,휴대용 화학물질분석기 등 2종 구매(20197097-D),중앙행정기관
18년 지상군 전시자원소요분석모델 유지보수 용역,육군 제3808부대,94770486.0,84.652,2023-08-09,에이스 컴퍼니,박재완,권태순,경기도 고양시 일산서구 고양대로 283(대화동),94802959.0,84.662,국방과학기술 전문인력 소요분석 연구,제9691부대
군 간부 획득환경 변화에 대비한 선발제도 방안 연구,공군본부,,88.026,2018-10-03,사단법인 안보경영연구원,전건욱,,서울특별시 마포구 백범로35-0 (신수동),41853188.0,88.033,2017 PACC & PAMS 연구용역,중앙행정기관
장보고급 잠수함 디젤감시장치 연구개발 용역,공군본부,251372379.0,78.744,2016-10-11,,,,,251348046.0,78.745,해군조직 및 갈등특성에 부합한 갈등관리 방안 연구,중앙행정기관
대형수송함-ll(LPX-ll) 개념설계 기술지원 연구 용역,국방부(운영지원과),,,2021-04-25,,김효근,,,,91.995,21년 서울안보대화 프로그램 기획 및 발전방향 연구,중앙행정기관
20-조난위치지시 무선송신기(잠수함 부이용) 연구개발,국방부(운영지원과),,90.038,2017-07-29,,,,,69377460.0,,아세안확대국방장관회의 사이버워킹그룹 발전 연구,제9691부대
정밀루트 및 문화재 지표조사 연구용역,제9691부대,47080556.0,79.851,,네이버시스템 주식회사,박현준,장중원,"대구광역시 북구 영송로15, 5층 5503호(태전동, 대구보건대학교 성실관)",,79.846,임베디드 및 군 무선통신 취약점 분석기술 연구,중앙행정기관
금속성분분석기 1대 구매,국군재정관리단,,72.091,,주식회사 우성텔레콤,신종걸,전수현,"대구광역시 북구 영송로15, 5층 5503호(태전동, 대구보건대학교 성실관)",,,정보분석낭 구성품 구매,군
국방 정신전력교육지도사 자격신설 연구용역,국군재정관리단,309891420.0,,2016-06-20,사단법인 안보경영연구원,,,"서울특별시 강남구 언주로527, 10층 (역삼동)",309881228.0,84.089,국방 디지털 서비스 환경 전환 방안 연구,중앙행정기관
레이더 시험세트(스펙트럼 분석기 등 4종) 구매,합동참모본부,,86.987,2022-01-18,,차진섭,,"충청남도 논산시 대학로 121, 건양대학교 산학협력단(내동)",,,화학작용제 자동분석기 MM-1 외주정비,중앙행정기관
창조국방 추진을 위한 창의적 문화조성 방안 연구,육군교육사령부,6328096.0,90.916,,노무법인 디와이,이형걸,석봉한,"대전광역시 유성구 대학로 27, 현대리조텔 2층(봉명동)",6321261.0,,CSRP 화생방 연구 재료 초자 구매,군
(20F083-I)소음영향도작성을위한소음측정및분석용역,해군본부,53444389.0,,2023-02-02,,김진욱,,"서울특별시 종로구 홍지문2길20-0 (홍지동, 상명대학교)",53364877.0,,정보분석장비 30종 구매(20196314-D),중앙행정기관
병력책정 기준연구(비행대대 조직구조 개선방안),육군본부,,,2016-08-29,,,,,,,신분별 직무분석을 통한 적정 계급구조 연구,군
00작전 효과 및 능력 구축방안 연구 용역,육군본부,,79.656,,기산건축사사무소,윤진영,조정순,"경기도 성남시 중원구 광명로94번길14, 지하1층(성남동)",,,해병 과학화경계시스템 추진방안 연구 용역,기관
민 군 통합 수송운영체계 구축 수송물류 비용분석,공군교육사령부,,,2024-08-05,,,경상현,,82217658.0,,(236199-F) 고분해능 질량분석기 구매,국군재정관리단
(237283-E) 혈액가스분석기 소형 구매,방위사업청(운영지원과),428609034.0,,2022-09-28,주식회사 원영전자,김회율,박재경,경기도 용인시 기흥구 용구대로2335번길43 (마북동 494-4),,95.055,24-F-분석기 회로망 1종 구매,중앙행정기관
육군 부사관학교 시설종합발전계획 연구용역,제2879부대,121612769.0,102.156,2019-02-06,배재대학교 산학협력단,김재영,김승범,"경상남도 창원시 마산회원구 자유무역3길208, 3층 301호(양덕동,혁신지원센터)",,102.151,방위사업 분야 블록체인 적용방안 연구,제2879부대
무기체계 전력지원체계 분류기준 재정립 연구,해군본부,,,2022-03-28,(사)국방소프트웨어협회,,,"서울특별시 용산구 청파로 40, 삼구빌딩 1815호(한강로3가)",92416471.0,92.124,공중항적 영상식별체계 확보 연구용역,군
21-함정 거주구역 개선방안 연구,공군군수사령부,755731297.0,82.361,2020-05-01,건양대학교 산학협력단,,,서울특별시 용산구 새창로128-1 (용문동) 2층,755576971.0,,비전통위협 대비군시설활용및 공용면적 기준 개정연구,국군재정관리단
한국형 비용분석 전산모델 고도화 ISP 수립,제9691부대,450480642.0,,,,,,,450442050.0,71.167,지형분석도 제작 재료 구매,제5738부대
19-미래 군사용 해상기지 발전방안 연구,4284부대,5634475.0,85.993,2021-03-26,청주대학교산학협력단,김진욱,이호준,"서울특별시 강남구 봉은사로129-1, 5층(논현동)",5640456.0,85.996,죽변 비상활주로 민ㆍ민갈등 해소방안 연구,중앙행정기관
전술정보통신체계Block-1-① 창정비요소개발 비용분석,공군본부,80133934.0,84.859,2020-12-02,호원대학교 산학협력단,홍양희,구종우,"서울특별시 강남구 테헤란로131-0 (역삼동, 한국지식재산센터) 3.9층",,84.862,한국형 비용분석 전산모델 고도화 ISP 수립,국군수도병원
소형무장헬기 경제적 획득 방안 연구,국군재정관리단,348878326.0,90.088,2018-02-28,(사)한국전략문제연구소,,,"서울특별시 강남구 언주로527, 10층 (역삼동)",349032834.0,,2.75인치 유도로켓(비궁) PBL 적용 방안 연구용역,군
화생방정찰차-II(차량형) 시설사업기본계획 연구용역,국방부(운영지원과),,81.576,2022-09-16,사단법인 안보경영연구원,전건욱,,"서울특별시 강남구 언주로527, 10층 (역삼동)",145788166.0,81.575,용산헬기장 소음영향평가 연구용역,중앙행정기관
[연구소] 감정장비(컴퓨터 거짓말 탐지 세트) 구매,육군본부,,83.403,,재단법인 한국군사문제연구원,김형철,,"경기도 성남시 수정구 위례대로83(창곡동, 국방문화센터)",492393900.0,83.406,국방혁신 4.0과 연계한 미래 예비군훈련체계 연구,기관
극지안보환경 변화에 따른 미래 한국해군의 역할 연구,방위사업청,,98.313,2021-05-15,,박정기,,,42233168.0,,00 군공항 이전 시설기본요구조건(안) 작성 연구용역,기관
23-D-종합발전수립 연구용역(B032),4284부대,,,,한남대학교 산학협력단,변중무,김정일,"경기도 안양시 만안구 만안로49, 519호(안양동, 호정타워)",136470120.0,91.616,22-13차 연구장비 구매 계약 - 원심분리기 중형,군
19년 발칸 추적훈련 분석기(제조),방위사업청,11896575.0,87.996,,,,권시형,,,,17년 지형분석장비 교체사업,군
국방표준서 제정(4차) 연구,방위사업청(운영지원과),,107.505,2019-04-07,주식회사 오로라,황영식,이여정,경상남도 창원시 마산회원구 양덕북5길97 (양덕동1층상가),,,국방시설분야 4차 산업기술 활용방안 연구용역,중앙행정기관
화생방 연구활동 재료 시약 구매,국방부(운영지원과),11935549.0,91.364,,,,,,,91.345,해병대 리더십개념 및 리더像 정립 연구용역,군
해병대 인력획득체계 분석 발전 방향 연구 용역,국군재정관리단,133633758.0,96.904,2018-03-25,한국직업능력연구원,윤동열,김미진,"경기도 성남시 분당구 구미로8, 2층(구미동, 엠타워)",,,국방분야 반도체 조사·분석 및 발전방안 연구,중앙행정기관
국내구매사업 추진시 종합평가방안 연구,해군군수사령부,104157346.0,87.042,,사단법인 한국국가전략연구원,신인균,,서울특별시 광진구 군자동98 집현관 216,104090977.0,87.035,군복무 가치 평가 관련 설문조사 연구용역,국군재정관리단
00기지 환경개선 사업 분석평가 및 선행연구 용역,방위사업청(운영지원과),91648058.0,84.339,2018-12-20,고려대학교산학협력단,,황병윤,,91667724.0,84.338,국방표준서 제정(7차) 연구,중앙행정기관
첨단 항공엔진 연구개발 추진방안 연구,육군교육사령부,,92.581,2018-07-06,대길상사,권경득,이기영,서울특별시 영등포구 국제금융로6길33-0 (여의도동),485547278.0,92.582,국방 인공지능 발전계획 수립연구,군
(20F157-I)12.7mm 파쇄탄 정부투자 연구개발 사업,국방통합데이터센터,165765921.0,88.113,2022-07-20,주식회사글로벌엔씨,최규식,김지영,대전광역시 중구 수침로55번길19 (태평동) 장가빌딩 2층,,,20-WMD/화생방 전문인력 관리 및 교육훈련 정립 연구,군
월간지(안보현안분석  린사포럼) 인쇄 용역,공군군수사령부,,76.077,,(주)에프오알엠도시건축공간연구소,이문걸,,대전광역시 유성구 대학로291-0 (구성동),115210194.0,76.074,[상층대기분석장비 부품] 위상 변위기 등 12종,제2879부대
(227135-E)디지털포렌식 조사분석도구 구매,국군의무사령부,,92.485,2022-05-09,(주)다큐멘테크,최계영,최민정,충청남도 계룡시 서금암3길16-3 (금암동) 101호,112732774.0,92.489,전자파 측정/분석을 위한 송신장치 개발용역,군
복합무기체계 시험평가 제도개선에 관한 연구,방위사업청(운영지원과),79798886.0,,2019-12-07,,,,,79808826.0,,생물안전밀폐실험실(BL3 3등급 연구시설)유지보수용역,중앙행정기관
24년 의무장비(요분석기) 구매,제2879부대,,109.089,,주식회사 대경코리아,고정숙,이현정,"충청북도 청주시 상당구 용암북로44번길3, 101호(용암동)",47914729.0,109.088,(246248-C) 모바일기기 증거분석 교체(HW)(리스자산),국군재정관리단
중금속가열분석기 1항목 구매(의무),국군재정관리단,,,2021-05-28,,,,,268348871.0,,(217097-E)차세대유전자 서열분석기 구매설치,중앙행정기관
통제분석 프로그램 설치 외 6종 구매 설치납품,방위사업청,,,,사단법인 안보경영연구원,박정기,,"서울특별시 강남구 언주로527, 10층 (역삼동)",55664781.0,103.089,(207155-B) 액체크로마토그래피 이중질량분석기 구매,군
육군 NCS직무표준화 및 군내 활용방안 연구 용역,국방부(운영지원과),72043074.0,85.657,,,,박계향,,72022832.0,85.658,목표비용관리(CAIV) 내실화 방안 연구,군
전술환경 下 효율적 이동통신체계 운용방안 연구용역,국군재정관리단,29263015.0,96.12,2019-07-10,,,이수행,,29309164.0,96.124,대형양산사업의 제반 조건 분석 및 방안 연구,중앙행정기관
사이버 기술분석용 라이선스 구매,국군간호사관학교,,86.223,,주식회사 아성엠,이호준,김호영,경기도 남양주시 사릉로33번길1-4 (금곡동)C동3층301호,,86.216,23-D-감정장비(면역화학분석기) 구매,군
장보고-III Batch-I 잠수함 저주파분석 훈련장비,제9691부대,233584900.0,,2021-05-06,윤서상사,정영주,고기종,서울특별시 강서구 양천로401 (가양동) 강서한강자이타워 B동1503~1506호,,76.944,정비공정 촬영도구  분석SW 구매,중앙행정기관
“제○○동원사단 부대사” 연구 용역,국군재정관리단,54008886.0,107.592,2021-07-28,태형상사주식회사,김미숙,조정선,"서울특별시 성동구 아차산로17, 11층(성수동1가, 서울숲엘타워)",53976137.0,,민군 상생을 위한 대체시설 검토 및 관리방안 연구,군
함정사업 적정 사업기간 연구,해군본부,388743137.0,87.087,2021-06-28,(사)21세기군사연구소,,,"경기도 안양시 동안구 학의로282, 501호,502호,503호 (관양동, 금강펜테리움아이티타워)",388781950.0,,4차 산업혁명 기술적용 공군훈련체계 발전방향 연구,군
항공기 시동장비(편제장비보강사업) 사업분석,국방부(운영지원과),179454557.0,67.237,,,,이기석,,179347828.0,67.236,군사과학기술대학원(가칭) 신설방안 연구,군
함정 근무장병 육상지원 등 기준 제·개정 연구용역,해군본부,,,,,문미옥,이영민,"서울특별시 금천구 가산디지털2로184, 10층 1017호(가산동, 벽산디지털밸리2차)",3535917.0,,해군수병 역량강화 프로그램 추진 연구용역,중앙행정기관
18-회로망용 분석기 등 8종 구매,국군의무사령부,,,2021-05-08,,박정기,,"서울특별시 용산구 청파로 40, 삼구빌딩 1815호(한강로3가)",299259392.0,85.631,17년 비용분석모델(PRICE) 유지보수 용역,국군재정관리단
20-함정 전기추진체계 관련 군요구조건 도출방안 연구,국방부(운영지원과),,82.271,2016-06-27,,,,,82492221.0,82.274,4차산업혁명 기술을 적용한 C4I체계 발전방안연구,중앙행정기관
상비군 수준의 동원위주부대 전력보강 방안 연구,국군재정관리단,51517166.0,77.97,2022-02-21,법무법인(유한)태평양,박래호,김영수,"충청남도 논산시 대학로 121, 건양대학교 산학협력단(내동)",51523558.0,77.973,UN PKO 활동지원을 위한 기술기여(스마트캠프) 연구Ⅱ,중앙행정기관
육군 안전수준 진단체계 연구,공군군수사령부,109319550.0,81.826,,한성대학교 산학협력단,이충환,허진실,"경기도 안성시 대덕면 서동대로4726, 중앙대학교 생활과학관 609관 2층",,81.819,포별분배기 회로카드(6종) 시험장비개발 연구용역,군
국방군사시설 방호기준 제·개정 연구용역(21K021-I),육군본부,207251337.0,,,,,최예슬,,,,Edu-Tech 교육체계 개발 연구용역,국군재정관리단
공지통신무전기 및 함대공유도탄-II 사업 비용분석,육군본부,242521969.0,91.172,,주식회사 알앤피파트너스,김창관,김정은,서울특별시 강남구 논현로189길6 (압구정동),,91.173,22년 육군 분석평가단 소개영상 제작용역,군
국방 디지털 서비스 환경 전환 방안 연구,국방부(운영지원과),,88.058,2023-01-13,,,,,305356923.0,88.057,22-5차 연구장비 구매 계약 - 원심분리기 소형탁상용,합동참모본부
전·평시 예비군 보류직종의 적정성 연구,방위사업청(운영지원과),355917.0,88.429,2019-01-12,,,정우철,"서울특별시 송파구 법원로11길25-0, A동 1310호(문정동, 에이치비즈니스파크)",356350.0,88.431,00훈련장 이전 연구 용역,중앙행정기관
비상근예비군 확대 및 훈련체계 정립 연구 용역,국방부(운영지원과),,88.123,2018-04-27,,,김정숙,,,,저고도 공역 통합 관제체계 연동 소요 연구용역,중앙행정기관
상륙공격헬기 사업분석,국군대전병원,105594464.0,80.379,2020-04-30,단국대학교 산학협력단,권헌영,권소희,"서울특별시 강남구 강남대로62길24-0 (역삼동,해송빌딩)3층",105574560.0,80.378,(20F067-I)소음영향도작성을위한소음측정및분석용역,기관
기술성숙도평가(TRA) 내실화 방안 연구,국방부(운영지원과),1385385.0,,2018-12-22,사단법인 안보경영연구원,전건욱,,"서울특별시 강남구 언주로527, 10층 (역삼동)",,,무기체계 안전성 시험평가방안 연구,중앙행정기관
입체영상 처리 및 분석 SW 유지보수,해군군수사령부,186666050.0,,,대양전기공업(주),이재평,박소연,"서울특별시 노원구 광운로 20(월계동, 광운대학교)",186536877.0,,한국적 PKO 현 기반체계의 문제점 분석과 발전 방안,군
(226320-B) 지형분석장비 교체(리스물건),국군제1068부대,82763338.0,94.725,2023-02-16,주식회사 행림종합건축사사무소,,권시형,"서울특별시 동작구 상도로133, 5층 (상도동, 두덕빌딩)",82763752.0,,23년 의무장비(전기수술기 분석기) 구매,합동참모본부
A.I.기반 전평시 동원체제 혁신방안 연구,국방부(운영지원과),36576300.0,,2017-05-06,주식회사 현대리서치,경상현,강윤진,"서울특별시 동작구 상도로133, 5층 (상도동, 두덕빌딩)",,96.129,BTL관리운영권만료사업 시설인수 운영방안연구용역 재,군
2020년 군 조직의 양성평등 지표 조사 및 분석 연구,제2879부대,218537882.0,,2017-10-10,젠트리거,박정주,최진아,"경기도 고양시 덕양구 능곡로13번길16-0 , 202동 2401호(토당동, 능곡2차현대홈타운)",218557844.0,103.75,차세대 기동헬기 발전방향 연구 용역,군
국방무인체계 총수명주기관리방안 연구,국방부(운영지원과),543728547.0,93.203,,,정영욱,,서울특별시 서초구 방배로19길21-0 (방배동),543832293.0,93.211,00부대 지하시설 구축방안 연구용역,군
19-스마트쉽 무선네트워크 활용방안 연구,방위사업청(운영지원과),,94.337,2017-11-23,주식회사 바로텍시너지,,이철호,,190685127.0,94.334,잠수함 업체주도 연구개발 장비의 시험평가 방안,국군수도병원
22~23년 공군 전자정보 수집/분석장비 유지보수,방위사업청(운영지원과),88279872.0,96.667,,유한회사 동방이노베이션,김종광,임경철,"충청북도 청주시 상당구 용암북로44번길3, 101호(용암동)",88271195.0,96.667,군 암호체계 분석보호시스템 분석장비 구매,중앙행정기관
용사의 집 운영개념 연구용역,제9691부대,,78.974,,고려대학교산학협력단,홍영기,김현묵,"서울특별시 송파구 법원로11길25-0, A동 1310호(문정동, 에이치비즈니스파크)",12535016.0,78.977,무기체계별 적정 수명주기 및 도태 후 활용방안 연구,중앙행정기관
17-군 세차 폐수처리시설 운영 개선방안 연구용역,국군수도병원,74416770.0,78.962,,주식회사 태드솔루션,김진욱,,"서울특별시 송파구 법원로11길25-0, A동 1310호(문정동, 에이치비즈니스파크)",74412079.0,,전시 효율적 해외구매 방안에 관한 연구,기관
(236043-G) 23년 모바일·IoT 조사분석체계 도입사업,4284부대,622860883.0,92.708,2022-03-01,(주)트리콤미디어,송영호,최순아,서울특별시 노원구 공릉로 232서울과학기술대학교 테크노큐브 2층 산학협력단,622986647.0,,23-F-최대전력 분석기 구매,국군재정관리단
20-WMD/화생방 전문인력 관리 및 교육훈련 정립 연구,국군재정관리단,,101.424,,주식회사 한국엔브이,조노희,이동화,경기도 남양주시 사릉로33번길1-4 (금곡동)C동3층301호,7154824.0,,활주로지역 배수로 개선 분석평가 및 선행연구 용역,군
항공작전기지 계류공간의 효육적 활용방안 표본연구,해군본부,,,,재단법인 한울문화재연구원,,김지훈,,41375134.0,,00 군공항 이전 시설기본요구조건(안) 작성 연구용역,제9691부대
차세대 비행시뮬레이터 개발을 위한 기술연구용역,국군재정관리단,86846548.0,70.144,,한남대학교 산학협력단,김규형,박미진,,,70.142,미래전장환경을 고려한 화력전력 대체방안 연구용역,제9691부대
미래 지휘통제체계 발전방안 연구용역,해군본부,14213080.0,93.41,2023-01-09,대전대학교 산학협력단,김용주,김종환,"대구광역시 달서구 달구벌대로1095-0 (신당동, 계명대학교)",,,21-섬석천 기능개선 분석평가 및 기본계획 연구용역,군
미래 지휘통제체계 발전방안 연구용역,국방부(운영지원과),174333141.0,78.405,2017-06-30,주식회사 윌비시스,민희숙,노민택,"서울특별시 구로구 디지털로243, 705호(구로동, 지하이시티)",174243279.0,78.398,연구장비확보(냉방장치),제9691부대
지능형 C4I체계 기술 분석 및 클라우드환경 구축방안,국방대학교,146632746.0,86.375,,,,,,146726902.0,86.371,휴대용 산소분석기 등 6종 구매,군
인공지능을 활용한 사이버위협 탐지기술 연구용역,제9691부대,,83.764,,주식회사 다윤테크,권태순,방윤지,대전광역시 서구 계룡로408-0 (갈마동),296612525.0,,군대의 가치를 표현할 수 있는 의식과 의례 개념 연구,군
2017년 범국민 안보의식조사 연구용역,국방부,203668573.0,,2023-01-24,,,,,,,CSRP 화생방 연구 자료 시약 구매,국군재정관리단
전쟁양상을 고려한 전사자 관리의 분석 및 발전 연구,육군본부,129233850.0,73.744,2021-11-22,(사)한국전략문제연구소,,,,,,K200A1장갑차 시뮬레이터 연구개발,중앙행정기관
(207110-C) '20년 연구활동 재료(시약  초자) 구매,4284부대,,,,,,,,352926418.0,89.748,신 작전수행개념 구현을 위한 교리발전 방안 연구용역,제6619부대
공군 우주조직 발전방향 연구,국방부(운영지원과),58465033.0,76.144,,제이컴,조현선,윤진영,"경기도 성남시 중원구 사기막골로159-0 (상대원동, 금강하이테크2 아파트형공장) 711호",58508809.0,,군 보건의료 발전계획 선행연구,군
다목적 항무지원정 함형 발전 연구,제2879부대,215758760.0,93.311,2016-05-05,,,,,,93.309,주변국 지상군에 대한 부대 및 전력구조 연구,군
무기체계 유형별 맞춤형 R&D 수행절차 연구,국군재정관리단,,84.197,2021-07-08,,,황예진,,51581461.0,84.198,사회공학기법과 사이버 작전과의 연계성 연구,군
[24-육-91] 무건리 훈련장 갈등 비용분석 연구,육군군수사령부,136707869.0,,,진해상사,김연수,배용수,"대전광역시 유성구 테크노4로17, A동 501호 (관평동, 비즈센터)",136683045.0,90.039,소요결정 권한 소요군 위임시 획득절차 연구,제3훈련비행단
교육장비(동작분석 측정장치 세트) 구매설치,국방부(운영지원과),9860824.0,81.408,2022-12-06,,,,"서울특별시 송파구 법원로11길25-0, A동 1310호(문정동, 에이치비즈니스파크)",9859050.0,,17년 전시자원소요분석모델 장비 교체사업,군
차세대 미사일 방어 무기체계 발전 방향 연구,해군교육사령부,137678117.0,103.906,2021-02-24,국방대학교산학협력단,주현,김기현,"서울특별시 용산구 청파로47길 100, 숙명여자대학교내(청파동2가)",137550836.0,,안보학술진흥연구용역(3.국내안보환경분석또는),중앙행정기관
군사시설 타운화 개념의 부대 재배치 방안 연구,국방대학교,76399.0,95.924,,,,,,,95.927,안전관련 법령의 군내 적용 방안 연구,제9691부대
생존성 향상을 위한 개인 부대방호 능력 분석 연구,방위사업청(운영지원과),,87.187,,,,,,141728802.0,87.183,상륙돌격장갑차-Ⅱ추진전략에 관한 연구용역,군
국방 연구개발 법제 개선 연구,국방통합데이터센터,,91.486,2018-03-31,,,,,238291594.0,91.494,대용량 유전자데이터 분석 파이프라인 및 가시화 연구,국군수도병원
생존성 향상을 위한 개인 부대방호 능력 분석 연구,해군본부,6037776.0,95.239,2018-08-03,주식회사 화이트스캔,이정원,임지원,서울특별시 동작구 여의대방로36길92(대방동),6040762.0,95.242,합동성을 고려한 대전차전력의 적정 소요 연구,군
군사격장 소음측정 및 분석용역,국군재정관리단,287308915.0,,,주식회사도시경영연구원,박영선,이재평,"서울특별시 금천구 가마산로96-0, 213호(가산동, 대륭테크노타운8차)",287367063.0,83.712,중금속가열분석기 1항목 구매(의무),국군재정관리단
2023 임상의학연구센터 통계프로그램 구매,제9691부대,209108486.0,,2020-05-07,,,,,,,[24-육-17] B군단 부대변천사 연구용역,군
24-P-용-01 침수예방사업 선행연구용역,육군교육사령부,,89.233,2020-06-24,(사)21세기군사연구소,김재영,유선희,,38636819.0,89.233,지상전술C4I체계 2차 성능개량 비용분석,군
특수작전용 유탄발사기사업 선행연구,국방부(운영지원과),7858391.0,88.192,,,,,,,88.191,국방연구시설·장비 종합관리 방안 연구,중앙행정기관
무인 수색차량사업 운용요구서(ORD) 연구,방위사업청(운영지원과),128897995.0,87.168,,,,,,,87.167,한국해군 협동교전절차(CEC) 수행방안 연구용역,중앙행정기관
국방표준서 제정(5차) 연구,해군교육사령부,221077494.0,94.636,2020-12-11,건국대학교 산학협력단,경상현,이민행,"경기도 용인시 처인구 명지로 116, 명지대학교(남동)",,,공무직근로자 등 임금체계 개선(안)마련 연구,합동참모본부
중증외상질환 예후예측인자 발굴 및 관리방안 연구,국군재정관리단,,,2017-08-28,,,,,,73.422,사회공학기법과 사이버 작전과의 연계성 연구,중앙행정기관
화생방 방호물자 적정방호 수준 연구,국방부(운영지원과),16459613.0,,2018-07-15,국방기술품질원,김태동,손보연,서울특별시 동작구 여의대방로36길92(대방동),,,SUPPRESSED,군
의료기재(금연구역 표지판 등 85종)구매,공군군수사령부,,88.185,2018-10-24,(사)21세기군사연구소,김효근,,,,88.172,차륜형장갑차 시설사업 선행연구,군
23-D-라만분광분석기 구매,국군화생방방호사령부,466088565.0,88.587,2022-01-05,(주)강남,조화순,오승환,서울특별시 금천구 가산디지털2로123-0 (가산동) 월드메르디앙벤처센터 2차 317호,466179168.0,88.594,특수전지원함 등 2종 사업분석,국군재정관리단
미활용 군용지의 태양광 자원조사 및 활용방안 연구,방위사업청(운영지원과),49253592.0,,2020-01-30,주식회사 한국티이에스,경상현,김지훈,"경상남도 창원시 진해구 중원로1-0 (남빈동, 해군사관학교내)",49194018.0,,전투실험 발전 세미나 과제 연구용역(2),중앙행정기관
19-미래 군사용 해상기지 발전방안 연구,육군교육사령부,188486138.0,82.079,2020-12-29,,,최선미,,188677617.0,82.076,청정국방 구현을 위한 반부패 청렴정책 추진방안 연구,군
24년 기술연구용역(3),공군본부,,,2018-02-17,,,,,,77.465,국방 연구개발 법제 개선 연구,국군재정관리단
Edu-Tech 교육체계 개발 연구용역,국군재정관리단,77987148.0,79.28,2019-12-16,육군사관학교 산학협력단,,,,77983446.0,79.286,국방 안전환경 분석 및 안전교육 정책 발전 방안 연구,군
통합 센서검사기 개발 연구용역,국군재정관리단,,,2019-06-21,주식회사 공공정책성과평가연구원,김완일,이상규,서울특별시 노원구 공릉로 232서울과학기술대학교 테크노큐브 2층 산학협력단,77280609.0,,소형드론용 지능형 영상분석기술 연구/시연 용역,군
20년 전파환경 측정/분석장비 유지보수 용역,공군본부,3724598.0,,2021-05-25,아시아상담코칭학회,이형민,박광섭,"경기도 성남시 분당구 불정로219-0 (정자동, 한솔마을) 청구상가  비108호",,80.871,특수전지원함 등 2종 사업분석,군
전투실험 중장기 종합발전계획 연구용역,공군본부,150387352.0,103.22,,,,,,150556409.0,103.221,실전적 모의지원 연구,국군재정관리단
ArmyTIGER4.0네트워크정보유통능력분석연구용역,국방부(운영지원과),28256621.0,,2019-03-06,,,가회광,,28239899.0,76.613,해군 스마트 항공기지 발전방향 연구용역,중앙행정기관
헬기ㆍUAV 전력화 고려 타군비행장 활용방안 연구용역,국방부(운영지원과),113368515.0,,2017-02-03,주식회사 삼우에이엔씨,나인성,이덕호,충청북도 청주시 흥덕구 비하로59-2 (비하동),,,무기거래조약에 따른 수출입통제 개선방안 연구,중앙행정기관
[24-육-91] 무건리 훈련장 갈등 비용분석 연구,국방부(운영지원과),40760221.0,,2023-09-14,사단법인 대한민국 육군발전협회,김재영,김소미,서울특별시 영등포구 영등포로35길10-0 (영등포동6가) 8층 809호,40783921.0,,인지전 수행을 위한 전력증강 방향 연구,중앙행정기관
영평사격장 주변지역 주민이주 방안 연구,합동참모본부,71613132.0,,2020-11-20,사단법인 한국국방발전연구원,,,,71626153.0,75.944,2020 서울안보대화 프로그램 기획 및 발전방향연구,중앙행정기관
접경지역 부대개편에 따른 상생협력방안 연구,해군본부,4885019.0,,2019-12-17,(주)프라이전트,주양효,김영진,경기도 안양시 동안구 시민대로161-0 (비산동) 안양무역센타 8층 312호,4881967.0,68.275,군 환경시설 관리 효율화 방안 정책연구용역,군
분석기 구매,국방부(운영지원과),,,2021-05-20,(사)한국전략문제연구소,,,,,77.001,해군분석모델 서버 교체사업,중앙행정기관
예비군훈련 원격교육 적용방안 연구,육군교육사령부,,,2021-05-26,사단법인 미래안보산업전략연구원,이홍기,김승준,"경기도 성남시 수정구 복정로84번길 22-15,(B-001호) (복정동)",43091305.0,94.031,23-고출력에너지 무장 함정탑재 요구조건 연구,중앙행정기관
군 의료 혁신을 위한 의료전달체계 개편 연구용역,방위사업청(운영지원과),97960484.0,77.769,2018-12-12,사단법인 한국방위사업연구원,,이도제,,97932027.0,,기갑 및 기계화부대 중대급 교전훈련장비 연구용역,제9691부대
’22년 전투발전 연구과제 용역(3),제9691부대,422031036.0,,,,전건욱,,,,75.278,4차 산업혁명 기술적용 공군훈련체계 발전방향 연구,중앙행정기관
17-군 세차 폐수처리시설 운영 개선방안 연구용역,공군본부,309866719.0,79.124,2017-11-13,,,,"서울특별시 용산구 한강대로62길41, 3층 (한강로1가)",309904563.0,79.127,2019년 범국민 안보의식조사 연구 용역,중앙행정기관
음향/진동분야 KOLAS 인정 획득 컨설팅 연구용역,국방대학교,94989705.0,97.296,2019-04-10,,,,,94950871.0,97.298,방탄 방호성능 기초연구용역,군
(상생협력실)갈등영향분석 연구용역(C013),한미연합군사령부,282510652.0,77.457,,,,,,282605723.0,,다락대훈련장 간이 갈등영향분석 연구용역(C037),국군재정관리단
국방 정보기술 조사·분석 연구,국방부(운영지원과),,93.912,,,,,,135570262.0,,해안 경계력 보강 사업 선행 연구,중앙행정기관
방산기술보호 성숙도 모델 인증제도 추진방안 연구,국군재정관리단,175279511.0,98.225,2021-06-10,,,이준직,"서울특별시 금천구 가산디지털2로184, 10층 1017호(가산동, 벽산디지털밸리2차)",175327840.0,98.212,(21F040-G) 사이버위협분석 개발연구체계 구축 사업,중앙행정기관
22-G/K 창정비 사업 성과분석 연구,제3130부대,141985525.0,101.621,2019-04-11,주식회사 브이웨이,김운용,오흔정,전라남도 장성군 남면 나노산단3로21,,101.617,AI유무인 복합체계 활용 방안 연구,국군재정관리단
23-공군 리더십교육체계 발전방안 연구,공군본부,,93.572,,,한민구,권시형,,486323826.0,93.569,미래 전투기 등급분류 발전방향 연구,제9965부대
공군 방공포부대 이전 요구 연구용역,육군군수사령부,,80.212,2019-04-14,,박정기,,,,80.21,함정 연구개발 군 요구조건 관리방안 연구용역,제6619부대
24~'25년 상층대기분석장비 유지보수,공군본부,163025692.0,105.515,,,,홍태오,,162983935.0,105.518,24~'25년 상층대기분석장비 유지보수,군
전파환경측정 분석장비 유지보수,국군재정관리단,,,2024-03-14,주식회사 타임기술,박재완,조대현,서울특별시 송파구 올림픽로505-0 (풍납동),347600251.0,75.419,중합염기서열분석기 구매,제9691부대
우수 상용품 시범사용 실태분석 및 개선방안 용역,국방전산정보원,39568417.0,81.878,,주식회사 에스유지,정태량,이형원,서울특별시 서대문구 충정로53-0 (충정로2가) 골든타워빌딩 1701호,39585848.0,81.887,국방특허 권리이전 업무를 위한 특허 권리분석(1차),국군재정관리단
한국형 임무형 지휘 정착을 위한 리더십 적용 연구,국군화생방방호사령부,201849717.0,,,재단법인 한국군사문제연구원,김형철,,"경기도 성남시 수정구 위례대로83(창곡동, 국방문화센터)",201739014.0,85.637,SUPPRESSED,중앙행정기관
악성코드 동적분석 SW 라이선스 연장 구매,국군재정관리단,,90.406,2018-09-14,에솜 주식회사,안인수,윤진영,경기도 김포시 대곶면 송마로52번길61-66,237564564.0,90.404,입체영상 처리 및 분석장비 구매,제2879부대
(22G140-A)범국민 안보의식조사 연구 용역,합동참모본부,,81.066,,,박종선,,,,81.062,항공통제기2차사업 기종결정평가 연구용역,군
공기조화계통(HAVC) 성능개선 방안 연구 용역,육군본부,41028911.0,90.75,2018-03-07,사단법인 안보경영연구원,박정기,,"서울특별시 강남구 언주로527, 10층 (역삼동)",41069143.0,90.743,LVC 연동체계 개발을 위한 아키텍처 설계방안 연구,제9965부대
2017년 의무장비 요분석기 구매,육군 제3808부대,29305407.0,65.118,2018-08-21,서울대학교 산학협력단,이인형,전형준,부산광역시 동구 고관로62 (초량동),29293485.0,65.117,BTL관리운영권만료사업 시설인수 운영방안연구용역 재,합동참모본부
22-4차 연구장비 구매 계약 - 세균배양기 CO2,제6619부대,50108577.0,,,,,,,50094200.0,,건설현장 안전 관리시스템 구축 연구용역,중앙행정기관
24-F-분석기 회로망 1종 구매,국군재정관리단,204229015.0,77.019,2023-01-08,한국산업기술시험원,신명화,한영준,"충청북도 청주시 흥덕구 봉명로31 티원타워 지식산업센터 119호, 416,417호",204158219.0,77.017,24-항공관제 분석체계 유지보수 용역,국군재정관리단
선진전투실험 발전현황 및 육군전투실험 향상방안연구,육군정보통신학교,,91.185,,,변중무,,,575278816.0,91.179,계엄의 민주적 통제방안을 위한 법 제도 연구,군
공기조화계통(HAVC) 성능개선 방안 연구 용역,국군재정관리단,,,2021-06-18,,,,"서울특별시 금천구 가산디지털2로184, 10층 1017호(가산동, 벽산디지털밸리2차)",,102.861,항공우주력 국제학술회의 연구용역,군
신기술·우수제품 지침 및 매뉴얼 개정 연구용역,국군재정관리단,140123040.0,,,(사) 한국관세무역개발원,백명기,이동희,경기도 수원시 장안구 하률로12번길80-0 (천천동),140078490.0,93.83,PLS세트 선행연구 용역,군
21년 전군 감염병 감시 지원체계 구축방안 연구용역,국방부(운영지원과),228429766.0,92.674,2020-02-01,주식회사 이음,권준홍,조대현,"서울특별시 송파구 중대로105-0 (가락동, 가락 ID TOWER),302호",228384353.0,92.682,00작전 효과 및 능력 구축방안 연구 용역,군
23-D-감정장비(면역화학분석기) 구매,공군본부,270540690.0,93.065,2023-05-25,포스정보주식회사,김부원,김진수,전북특별자치도 정읍시 북면 북면공단2길87-0,,,민 군 통합 수송운영체계 구축 수송물류 비용분석,국군재정관리단
(246202-D)지형분석장비 교체사업(리스자산),공군군수사령부,241710498.0,86.32,,주식회사 에스아이정보기술,천훈아,김영진,"서울특별시 금천구 가산디지털1로1-0 (가산동, 더루벤스밸리) 1208호",241580160.0,86.323,(246247-D) 이동형 심리생리반응 분석장비 구매,국군재정관리단
00부대 신축 사전 타당성검토 연구용역,육군 제3808부대,25944667.0,87.277,,(사)한국전략문제연구소,박정기,,"서울특별시 강남구 언주로527, 10층 (역삼동)",25942944.0,,18-직무분석을 통한 계급/직급 책정기준 연구,군
군사사연구총서군사사(국제분쟁사등)연구용역(과제5),국방부(운영지원과),96504607.0,,2017-12-31,,,김종환,,,75.241,17년 분광분석 폭발물탐지 연구용역,중앙행정기관
미래 특수작전수행 개념과 전력발전 소요 연구용역,국방부(운영지원과),,90.226,,사)국방정보통신협회,권시형,김소미,서울특별시 영등포구 여의대방로67길11-0 (여의도동) 5층 A5-29호,200089366.0,90.222,전투발전 연구용역 과제 세미나 수행 용역,제3훈련비행단
추진장약 안정제 분석시험용 재료 구매,국방대학교,106590593.0,,,,,현동재,,106645109.0,,정비공정 촬영도구  분석SW 구매,군
대전병원 자동 뇨 분석기 등 소모품 46종 구매,4284부대,,83.846,,(사)21세기군사연구소,,김종훈,,6939166.0,83.851,의무장비(자동분석기 생화학용중형) 구매(20197014-D),군
20-Lynx 군수지원 여건 고려 적정 수명주기 연구,국방부조사본부,70530422.0,86.062,,,,,,70748639.0,86.064,4차 산업혁명 연계 군시설 관리체계 연구 용역,국군재정관리단
병력책정 기준연구(비행대대 조직구조 개선방안),국군재정관리단,127052702.0,98.275,2020-03-24,,,,,127015614.0,98.278,18-함정EMP보호대책적용사례분석및개선사항도출연구,중앙행정기관
2019년도 방위산업기술 보호수준 분석 및 진단연구,방위사업청(운영지원과),,,2019-08-08,(주)심네트,고중혁,허진실,"서울특별시 금천구 가산디지털2로184, 10층 1017호(가산동, 벽산디지털밸리2차)",169283393.0,,화기별·탄종별 사격장 안전 기준 정립 연구,국군재정관리단
복합신호분석기 구매(20198178-F),국방부(운영지원과),74961450.0,,,주식회사 인섹사이버시큐리티,배태웅,박소영,경기도 안양시 동안구 흥안대로445(평촌동) 제6층 615호 안양평촌동지식산업센터,,102.097,통신중계드론 사업분석,군
(21G085-H)'22년 스펙트럼 측정분석장비 유지보수용역,육군대학,104526165.0,80.719,2021-11-11,한국환경설계(주),황윤주,박광섭,"경상북도 포항시 남구 지곡로294-0 , 233동 7층 03호(지곡동, 효자그린아파트)",104513118.0,80.726,21-공-회로분석기 구매,군
LVC체계와 훈련모델 방안 연구용역,공군본부,33097972.0,,2017-04-14,,,,,33070394.0,91.626,삼군부 재현 및 이전을 위한 연구,제2879부대
(216323-C) 네트워크 위협 분석체계 구축사업,공군본부,49801638.0,88.475,2020-03-29,주식회사 플렉스시스템,정태량,이경미,"서울특별시 동대문구 고미술로 100, 송화빌딩 303호(답십리동)",,,(217100-F)스마트폰앱 분석체계 구축,국군재정관리단
창조국방 추진을 위한 창의적 문화조성 방안 연구,국군의무사령부,14265519.0,,,,,,,14241425.0,82.167,화생방 연구 재료 가스 구매,제9691부대
(20F060-I)소음영향도작성을위한소음측정및분석용역,국방부(운영지원과),,94.419,2020-04-04,와이와이,이영진,김종훈,"경기도 시흥시 서울대학로173(정왕동, 서울대 시흥캠퍼스)",166234871.0,94.415,국방 빅데이터 분석 사업 용역,중앙행정기관
군 주거시설 개선 연구용역,국방부(운영지원과),121245923.0,91.361,2022-10-29,KEYSTONE CG(키스톤씨지),장명훈,기유경,"서울특별시 종로구 삼봉로81-0 (수송동, 두산위브파빌리온) 1137호",121262651.0,,드론봇 및 대드론체계 전력화추진 Master-Plan 연구,군
22-파라메트릭 기반 함정 수명주기비용 추정방법 연구,육군본부,73982007.0,,2020-05-08,,,,"서울특별시 용산구 청파로 40, 삼구빌딩 1815호(한강로3가)",73927626.0,,활주로지역 배수로 개선 분석평가 및 선행연구 용역,군
생화학자동분석기(동물용) 등 3항목 구매(의무),국방부(운영지원과),286276600.0,112.84,2022-11-06,(주)비오더블테크놀로지,이호준,최재영,"경기도 안양시 동안구 시민대로 266, 평촌샤르망오피스텔 909호(관양동)",286106643.0,,23년 의무장비(전기수술기 분석기) 구매,군
한국군 전술데이터링크 표준화 및 발전방안 연구 용역,국군의무사령부,1572436.0,84.11,2021-07-31,,,,,1573743.0,84.108,KMTF기반 국방정보체계 연동 고도화 방안 연구,군
지뢰제거에 관한 법안 연구 용역,육군교육사령부,328071123.0,101.911,2019-05-21,,,,,,,19-00지역 통합분청 신축 선행연구,중앙행정기관
대형기동헬기(CH/HH-47D) 성능개량사업 비용분석,국군재정관리단,255127234.0,90.123,2023-05-13,,,,,255300838.0,,17년 지형분석장비 교체사업,군
국제공동연구용역(1.한국-NATO안보ㆍ국방...),육군인사사령부,238782881.0,,,,,이재평,,238762913.0,,세계안보정세분석 연구 용역,중앙행정기관
2018년 항공관제 분석체계 유지보수 용역,국군의무사령부,48518535.0,94.411,,(주)에스코컨설턴트,민경찬,하성훈,,48508806.0,94.408,모바일기기 증거분석체계 구매(교체),국군수도병원
국방정보시스템 사이버침해대비안전성확보방안 연구,해군본부,233003867.0,,,사단법인 안보경영연구원,전건욱,,"서울특별시 용산구 청파로 40, 삼구빌딩 1815호(한강로3가)",,,국가 우주개발 정책과 공군의 역할 연구,군
대장균 정성분석키트 등 28항목 구매(물품 해파),공군본부,61906063.0,81.332,2020-05-04,주식회사 엔브이티,남궁복자,최규식,"경기도 군포시 고산로148번길17-0, B동 1303호, 1304호, 1305호(당정동, 군포IT밸리)",,81.331,19-웹 취약점 진단분석체계 교체사업(201499064-A),군
군급식조달체계변화에따른적정급식비산출에대한연구,방위사업청(운영지원과),,103.55,2017-05-02,,,,,227133456.0,,지질자원연구원 MASINT DATA 수신체계 구축사업,군
한국형 긴급비행장피해체계 개발 연구 용역,제6619부대,41517385.0,,2021-02-24,주식회사 아성엠,최규식,이영미,대전광역시 중구 수침로55번길19 (태평동) 장가빌딩 2층,,84.038,도면(2D 및 3D) 통합관리방안 연구용역,중앙행정기관
발칸 열영상 야간조준기 양산사업 비용분석,공군교육사령부,189405010.0,79.077,2022-12-20,주식회사 서로네트웍,양진수,이경미,"서울특별시 금천구 가산디지털1로5, 대륭테크노타운 20차 1934호",189429223.0,79.08,유류시험장비(금속성분분석기(ICP))구매,국군재정관리단
연구장비확보(초저온냉동고),국방부(운영지원과),,,,,권시형,,서울특별시 노원구 화랑로574-0 (공릉동),154858120.0,,2.75인치 유도로켓(비궁) PBL 적용 방안 연구용역,중앙행정기관
감염 및 외상분야 군의료 특성화 연구,국군재정관리단,3388747.0,83.905,2020-05-27,(주)휴먼이퀘이션,김재영,,부산광역시 영도구 와치로194-0 (동삼동),,,공군조직내 잠재갈등 분석 및 공군문화 발전방안 연구,군
교육연구자료 원문 DB 구축 용역,공군방공관제사령부,,94.188,2017-09-09,주식회사 미주씨앤디,김주희,박계향,서울특별시 동작구 여의대방로36길92(대방동),207775156.0,,KF-16 AIFF 점검 및 교환 기술 개발 연구 용역,기관
4차 산업혁명 전장기능별 무기체계 소요 연구 용역,드론작전사령부,63354414.0,85.724,2023-07-22,,,김채미,,,85.727,미래 GOP과학화경계시스템 구축방안에 대한 연구 용역,국군재정관리단
20~21년 분석용모델(3종) 유지보수 용역(2019F173-C),육군본부,275637070.0,87.314,2023-05-22,,,,,275773433.0,87.322,상륙공격헬기 사업분석,제9691부대
특수작전용대형기동헬기 시설사업기본계획 연구용역,공군군수사령부,,88.661,2017-07-05,세종대학교산학협력단,이재평,한소희,서울특별시 관악구 관악로1 (신림동),127858953.0,,24-정보우세권  확보를 위한 정보력 강화방안 연구,합동참모본부
무기체계 시험평가 사고예방 안전매뉴얼 연구,해군군수사령부,185632248.0,,2022-10-26,사단법인 한국국가전략연구원,,김현묵,"경기도 용인시 처인구 명지로 116, 명지대학교(남동)",,74.99,땅굴징후지역 지층탐사 정밀분석 용역,국군제1068부대
AI 적용 무기효과 산출 고도화 연구,해군본부,170836427.0,83.358,2020-01-09,기술표준화연구소,박종재,이대영,"서울특별시 강남구 논현로28길54-0 4층 (도곡동, 덕원빌딩)",170863820.0,,AI 적용 무기효과 산출 고도화 연구,국군수도병원
병리장비소모품(생화학자동분석기 등 69종) 구매,국군재정관리단,,84.342,2021-08-13,에스케이오션플랜트(주),안성일,심상필,"서울특별시 강남구 강남대로62길24-0 (역삼동,해송빌딩)3층",52890357.0,84.346,(20F067-I)소음영향도작성을위한소음측정및분석용역,군
[24-육-117] AI기반 사격지휘체계 연구,합동상호운용성기술센터,,95.87,,(사)국방시설연구협회,오중산,이나라,경기도 성남시 수정구 창업로42(시흥동) 판교제2테크노밸리 경기기업성장센터 532호,40272583.0,95.871,24년 기술연구용역(3),기관
해병대 창설 70주년 기념 해병대 서체 제작 연구용역,국군재정관리단,,,2021-10-14,,,,,,103.83,해상작전헬기 2차사업 기종결정 평가항목/가중치 연구,중앙행정기관
24년 군 양성평등지표 조사 및 분석 연구,국군재정관리단,,90.497,2021-01-29,고려대학교산학협력단,홍순국,,"서울특별시 서대문구 연세로 50, 연세대학교(신촌동)",78146601.0,90.502,건설현장 안전 관리시스템 구축 연구용역,국군재정관리단
다수 전술데이터링크 운영방안 연구용역,국군재정관리단,,92.351,2018-04-17,청주대학교산학협력단,김동준,전현숙,서울특별시 성북구 안암로145 (안암동5가) 미래융합기술관 607호,134868773.0,,공군 소프트웨어(SW) 인력관리 표준방안 연구,군
4차 산업혁명 기술 함정적용 방안 연구용역,공군제18전투비행단,201059576.0,70.301,2018-06-03,젠트리거,김하근,유현국,"서울특별시 금천구 가산디지털1로5, 대륭테크노타운 20차 1934호",201199666.0,70.306,기갑 및 기계화부대 중대급 교전훈련장비 연구용역,국군재정관리단
(217172-E)이동식 취약점 분석평가 체계 구축,국군재정관리단,36855333.0,,2023-11-28,,허건영,양진,"전라북도 군산시 임피면 호원대3길 64,",36820187.0,106.5,빅데이터 분석체계 구축사업 감리 용역,군
23-F-분석기 스펙트럼용 2종 구매(239034-H),해군군수사령부,38858113.0,81.83,,써모피셔사이언티픽코리아 주식회사,김승준,조종열,"서울특별시 관악구 봉천로340-2, 7층(봉천동)",38841403.0,,(236035-G) 23년 네트워크위협분석체계(NTAS) 구축,군
22-해-금속성분분석기 구매,국군재정관리단,,87.542,,유한회사 창해,박현준,윤영현,충청남도 홍성군 홍북읍 홍예로213-0 (엘에이치스타힐스) 121동 2201호,164552916.0,,경어뢰 성능개량사업 전문용역 비용분석,제2307부대
LiDAR 기술의 4차 산업 적용방안 연구용역,공군본부,62668894.0,83.356,,,,,,,83.354,함정 도면관리를 위한 SW개발 연구용역,군
(226362-F)작전지속지원분석모델장비 도입(리스물건),육군본부,112718337.0,,,(사)21세기군사연구소,김진욱,,"서울특별시 금천구 가산디지털2로184, 10층 1017호(가산동, 벽산디지털밸리2차)",112716490.0,,23년 비용분석모델(True Planning) SW유지보수 용역,국군재정관리단
CBRS 적용한 전투발전체계의 문제점 및 발전방향 연구,제2879부대,,78.387,,,,,,23750406.0,78.39,민관군 상생을 위한 다락대훈련장 운영방안 연구용역,국군재정관리단
알코올 대사체 분석방법 연구,합동군사대학교,105061377.0,,2021-02-21,(사)한국전략문제연구소,전건욱,,"서울특별시 용산구 청파로 40, 삼구빌딩 1815호(한강로3가)",104937772.0,84.101,공무직근로자 등 임금체계 개선(안)마련 연구,국군재정관리단
복지회관 중·장기 보수계획 관련 연구용역,공군본부,42695763.0,96.866,,(사)21세기군사연구소,,,,42689208.0,96.873,미래환경 변화 속 육군 병과체계 발전 방안 연구 용역,국군재정관리단
군 자동소음측정망 설치기준 및 운영방안 연구,육군본부,161062193.0,,2016-08-02,사단법인 대한민국해군발전협회,심상필,홍광표,"광주광역시 동구 조선대길126(서석동, 조선대학교 내))",161050187.0,,국방 사이버보안 종합발전 전략 연구,기관
풍력발전기에 의한 방공레이다 등의 작전영향 연구,해군본부,,,,,,권소영,,,,공군 전략급 자산 대테러 작전개념 연구용역,국군재정관리단
지형분석용 차량(개조) 제조,국군재정관리단,,83.558,,경희대학교산학협력단,김지원,김정옥,대전광역시 서구 배재로 155-40배재대학교산학협력단,62308985.0,83.56,(217097-E)차세대유전자 서열분석기 구매설치,중앙행정기관
(20F172-I)00부대 라돈저감방안 연구 용역,해군군수사령부,,,2017-07-08,,,,"서울특별시 송파구 법원로11길25-0, A동 1310호(문정동, 에이치비즈니스파크)",,87.563,4차 산업혁명 연계 군시설 관리체계 연구 용역,국군재정관리단
공군조직내 잠재갈등 분석 및 공군문화 발전방안 연구,국방부,,76.933,2017-07-23,(사)21세기군사연구소,홍영기,박계향,대전광역시 유성구 노은로170-0 (지족동) 스타시티빌딩 6층,2243847.0,,방산기술보호 성숙도 모델 인증제도 추진방안 연구,제9691부대
24년 군 주거시설 개선사업 선행연구(2차)(24-GD-69),공군군수사령부,,75.447,,,,김상도,,103805917.0,75.443,사관생도 생활실 시설기준 개정 연구용역,국군재정관리단
6.25 전쟁 기간/분야별 전쟁분석자료 번역 용역,육군교육사령부,404518303.0,116.953,,다슬,서유림,조대현,경기도 안양시 동안구 흥안대로445(평촌동) 제6층 615호 안양평촌동지식산업센터,,116.952,[상층대기분석장비 부품] 송풍기  환기용 등 7종,군
18년 작전지속지원분석모델 유지보수 용역,공군본부,31418756.0,86.732,,제이엠비 컴퍼니,오영철,유은경,충청남도 청양군 정산면 칠갑산로1898-0,,86.732,교육장비(수질분석세트) 구매설치,중앙행정기관
자주발칸 제어용 모듈 대체품 개발 연구용역,국방부군사편찬연구소,86747446.0,119.609,2020-12-14,,,,,,119.611,한국형 긴급비행장피해체계 개발 연구 용역,기관
전시 공군탄약소요산정 모델 개선ㆍ보완 연구,방위사업청(운영지원과),,81.926,,,,,,15140482.0,81.927,FF급 함정 손상대응 훈련 시나리오 개발 연구,중앙행정기관
해병대 간부 및 병 획득율 제고를 위한 개선방안 연구,제3697부대,80299269.0,,,(주)상일기업,김종호,윤진영,"경기도 양주시 광적면 부흥로847, 431호(경기벤처타운)",80320098.0,,동시방위전략 구현을 위한 미래육군병과체계 발전연구,국군재정관리단
(21F137-A)항공기 사격훈련장 확장방안 연구용역,육군본부,296486028.0,81.685,,건양대학교 산학협력단,김진욱,김종원,"서울특별시 금천구 가산디지털2로184, 1017호(가산동, 벽산.경인디지털밸리2)",,81.684,밀리토피아 골프연습장 운영에 관한 연구 용역,중앙행정기관
4차 산업혁명과 항공우주력 발전 패러다임 변화 연구,국군재정관리단,,,2021-04-16,사단법인 안보경영연구원,박정기,,"서울특별시 용산구 청파로 40, 삼구빌딩 1815호(한강로3가)",101563137.0,93.069,잠수함 업체주도 연구개발 장비의 시험평가 방안,군
공군기지 무선통신 기반구축 및 운영향상 방안 연구,방위사업청(운영지원과),226866410.0,80.048,2016-10-28,사단법인 안보경영연구원,전건욱,,"서울특별시 강남구 언주로527, 10층 (역삼동)",226860801.0,80.049,연구활동 재료(시약 초자)361종 구매(20197096-E),군
(237095-C) 연구활동 재료(초자) 구매,공군본부,,,,,,이유진,,65803715.0,85.15,전시피해건물 상태평가 기준정립 연구용역,군
국방·군사시설기준 부분개정 연구용역,국방부(운영지원과),236349474.0,78.798,2018-02-27,,,,,236276488.0,,신기술을 적용한 무기효과자료 산출 방법론 연구,중앙행정기관
생화학 자동 분석기 등 116종 구매(20197022-E),공군본부,,117.496,2024-04-12,,,,,,117.493,21-공-회로분석기 구매,중앙행정기관
24년 의무장비(요분석기) 구매,국방부군사편찬연구소,,86.669,2023-08-02,(주)시큐에이스,김태호,신종현,"서울특별시 구로구 디지털로272-0 (구로동, 한신아이티타워) 605~607호",,86.669,24-모바일 증거분석체계 교체사업,합동참모본부
무기체계 유형별 맞춤형 R&D 수행절차 연구,국군재정관리단,,83.179,2017-08-24,재단법인 한국군사문제연구원,전건욱,,"서울특별시 강남구 언주로527, 10층 (역삼동)",,83.184,용사의 집 운영개념 연구용역,국군재정관리단
2016년 제2회 국방 분석평가관계관 워크숍 위탁운영,방위사업청(운영지원과),16616282.0,75.349,,주식회사 베테랑콤,,양삼근,"서울특별시 금천구 벚꽃로254-0 (가산동, 월드메르디앙벤처센타) 1109호",,75.349,표적획득 및 사격지휘체계 발전에 따른 포병효과 분석,중앙행정기관
공군조직내 잠재갈등 분석 및 공군문화 발전방안 연구,국방부조사본부,,76.075,2018-12-14,,한민구,,,104690521.0,,ArmyTIGER4.0네트워크정보유통능력분석연구용역,국군재정관리단
용사의 집 운영개념 연구용역,제9691부대,,96.297,,사단법인 안보경영연구원,전건욱,,"서울특별시 용산구 청파로 40, 삼구빌딩 1815호(한강로3가)",,96.29,공군병 정원 산출을 위한 편성기준 연구,중앙행정기관
손상통제사 자격신설 연구,육군본부,62308665.0,,2017-10-09,,,손보연,서울특별시 노원구 화랑로574-0 (공릉동),62266027.0,99.428,17년 분광분석 폭발물탐지 연구용역,합동참모본부
19-TSCE 기반 함정 체계통합방안 연구 용역,국방부(운영지원과),26465690.0,,2022-01-07,세종대학교산학협력단,박문희,김영애,"충청남도 논산시 대학로 121, 건양대학교 산학협력단(내동)",26424724.0,91.529,전투근무지원정 건조가능성 검토 기술지원 연구용역,군
철근콘크리트 방폭문 파괴거동분석 및 실증실험 연구,육군본부,448989907.0,,2019-04-17,,,,,448952649.0,80.196,방위산업기술 유출 및 침해 대응체계 구축방안 연구,군
상륙공격헬기 체계운용요구 및 PBL 적용방안 연구용역,국군재정관리단,39658791.0,85.093,2018-07-16,,,,서울특별시 용산구 새창로128-1 (용문동) 2층,39659600.0,85.09,전력발휘 보장을 위한 예비군훈련체계 연구,국군재정관리단
국방정보화법률 개정입법 추진전략 연구,국방부(운영지원과),284734746.0,78.097,2017-06-10,주식회사에이스게이트,,전영섭,서울특별시 서초구 서운로13-0 (서초동),284657679.0,78.095,22-작전지휘시설 신축 분석평가 및 선행연구 용역,군
(21F166-I)「스마트 물류」정책연구 용역,국군재정관리단,,83.702,2023-02-11,대전대학교 산학협력단,김광식,신종걸,"서울특별시 구로구 디지털로33길11-0 (구로동, 에이스 테크노타워8) 1406호",,,방산소재 개발사업 기획 및 인증체계 구축 연구,중앙행정기관
신규 유도무기 적정 신뢰도 유지방안 연구,방위사업청(운영지원과),,69.532,2018-01-26,,,,,231183368.0,,해군조직 및 갈등특성에 부합한 갈등관리 방안 연구,중앙행정기관
방공포병 모의훈련체계 구축 가능성 연구용역,방위사업청(운영지원과),,85.849,2017-09-12,사단법인 한국아이티법연구원,박지현,옥창길,"서울특별시 성북구 정릉로 77, 국민대학교내(정릉동)",15360830.0,85.848,진로도움 프로그램 성과분석 및 개선방안 연구,중앙행정기관
CN-235 항공기 특성(RCS/IR Signature) 연구,방위사업청(운영지원과),,102.386,2023-04-21,사단법인 안보경영연구원,박정기,,"서울특별시 강남구 언주로527, 10층 (역삼동)",90748015.0,,미래환경 변화 속 육군 병과체계 발전 방안 연구 용역,중앙행정기관
[24-육-91] 무건리 훈련장 갈등 비용분석 연구,육군교육사령부,213940396.0,71.975,,주식회사백운,김성훈,이화주,"경기도 수원시 권선구 금곡로23,1동 (금곡동)",213963403.0,71.978,인터넷접속/전자우편 통제 및 분석체계 교체사업 리스,국군재정관리단
전역예정장병 취업역량 강화 방안 연구,국방부군사편찬연구소,42842476.0,82.016,,주식회사 베가스,박홍련,윤병찬,"경기도 성남시 수정구 복정로84번길 22-15,(B-001호) (복정동)",,82.02,우주기상 군 작전 영향 연구 용역,군
미래 작전지속지원 수행개념 및 핵심요구능력 연구,국방부(운영지원과),,75.164,2022-06-09,,,,,,75.166,포별분배기 회로카드(6종) 시험장비개발 연구용역,군
성주기지 주변지역 건강영향 역학조사 연구,방위사업청(운영지원과),72357968.0,,2022-08-12,육군사관학교 산학협력단,김재영,이도제,"서울특별시 강남구 논현로28길54-0 4층 (도곡동, 덕원빌딩)",72359545.0,84.847,23-10차 조달 연구장비(순수물제조기) 구매,군
동시방위전략 구현을 위한 미래육군병과체계 발전연구,국방부(운영지원과),,88.538,2020-10-31,,,,,,88.537,군 급식 민간위탁 시범사업 성과분석 연구,국군재정관리단
국방상호운용성 마스터플랜 연구,국방부군사편찬연구소,,,2018-10-31,,,,,,73.707,선체고정음탐기 선행연구 용역,제2879부대
미활용 군용지의 태양광 자원조사 및 활용방안 연구,국군재정관리단,26577186.0,94.535,2022-03-16,주식회사에이스게이트,현동재,구종우,,26588292.0,,『국방표준서 제정』연구,군
과학기술전문사관 직무 성과분석 연구,국방대학교,159322505.0,96.197,2018-11-14,주식회사 바로텍시너지,노광현,,"경상북도 구미시 대학로 61, 금오공과대학교 산학협력단(양호동)",,96.191,대전병원 생화학 자동 분석기 소모품 20종 구매,중앙행정기관
22-함정무기체계 한국형 사이버보안제도 적용연구,국방부(운영지원과),142715233.0,,,사단법인 안보경영연구원,,박임규,"서울특별시 강남구 언주로527, 10층 (역삼동)",142724707.0,88.632,해성-I 유도탄 창정비요소개발 비용분석 연구,국군재정관리단
23-D-디지털컨텐츠 위변조 분석시스템 구매,합동참모본부,182874532.0,100.734,2023-10-14,주식회사 베테랑콤,고영호,최승룡,서울특별시 강남구 논현로189길6 (압구정동),,100.738,(23G250-I) 분석관리체계 금융리스,군
최신 ICT를 적용한 국방컴퓨터체계 운용 방안 연구,국군재정관리단,150797862.0,,2021-10-21,군정비지원센터,정주교,,서울특별시 영등포구 여의대방로61길2-0 (신길동)천록빌딩105호,,,다목적 제설장비 운용기준 재정립 및 대체방안 연구,국군재정관리단
20-교육훈련 빅데이터 통합관리체계 구축방안 연구,국방부(운영지원과),,87.444,2022-11-08,,,유지수,,144017285.0,87.451,영상정보에 대한 학습데이터 확보방안 연구,중앙행정기관
22-11차 연구장비 구매 계약  - 의약품 냉동고(수정),4284부대,29003750.0,81.868,2022-05-10,(주)시큐에이스,김산회,윤미선,"경기도 고양시 덕양구 항공대학로76-0 (화전동, 한국항공대학교내)",28978348.0,81.86,22-함정 갑판부착장비 내충격성능 검증방안연구,제2879부대
탄소섬유탄 선행연구,국군재정관리단,107422075.0,,,,,,,107554144.0,90.756,SUPPRESSED,군
전쟁양상을 고려한 전사자 관리의 분석 및 발전 연구,국군재정관리단,6585.0,90.443,2021-11-26,주식회사 넥스트아이앤아이,김석용,이희국,"경기도 의왕시 오봉산단3로25, 1동 303호(삼동, 의왕테크노파크더리브비즈원)",6587.0,,영상판독사 자격신설 연구,중앙행정기관
방위사업 교육포털시스템 ISP 수립 연구,국방부(운영지원과),,102.402,,,,,,217756746.0,,방음정비고 사업 정립을 위한 선행연구용역,국군재정관리단
24 군의료 특성화 연구(알레르겐 양상 분석),국군재정관리단,435262420.0,,2020-08-02,사단법인 녹색삶지식원,장승규,조대현,"경기도 성남시 중원구 갈마치로302, A동 602호 (상대원동, 우림라이온스밸리5차)",435043044.0,77.369,진동분석시험장비 진동감지센서 등 16종 구매,군
유압유 미립자 분석기 교정키트 구매,공군군수사령부,,88.259,2022-03-12,,,김지영,,,88.252,(236351-C) 무기체계 운영환경 동적분석 장비 도입,국군재정관리단
(216328-C) 지형분석장비 교체사업(리스물건),제2307부대,123165782.0,82.8,2021-09-17,육군사관학교 산학협력단,,,,,82.804,18-오일 오염도 분석기 구매,국군복지단
잠수함용 예인정-ll 개념설계 기술지원 연구용역,방위사업청,1894302.0,70.179,,,,박광섭,"서울특별시 용산구 한강대로62길41, 3층 (한강로1가)",,70.175,안정적인 해병항공 운용방안 연구 용역,군
지상군 전략 및 작전수행개념 연구,제2879부대,,,2017-10-06,사단법인 안보경영연구원,전건욱,,"서울특별시 강남구 언주로527, 10층 (역삼동)",31972318.0,78.62,선체고정음탐기 선행연구 용역,군
연구장비확보(중합효소연쇄반응장치),방위사업청(운영지원과),,91.135,2021-08-22,,,양지혜,"서울특별시 금천구 가산디지털2로184, 10층 1017호(가산동, 벽산디지털밸리2차)",,91.139,계층별 조직문화 진단 및 혁신프로그램 추진 연구용역,군
민군복합타운 조성방안 연구,공군군수사령부,163267569.0,,,(사)한국전략문제연구소,,,"서울특별시 용산구 청파로 40, 삼구빌딩 1815호(한강로3가)",163248975.0,92.427,00부대 조직문화 진단 연구용역,군
계층별 리더십 핵심역량 정립 연구용역,국군재정관리단,43032989.0,,2020-08-06,,,김중곤,서울특별시 노원구 화랑로574-0 (공릉동),,83.874,잠수함 승조부사관 도태방지개선 연구 용역,군
액체폭약류 친환경 비군사화 방안 연구,합동상호운용성기술센터,,69.674,,(주)디아이엔티,현수,이다정,경상남도 함안군 칠북면 삼칠로 1826티엠시 (주),275220604.0,69.671,22-파라메트릭 기반 함정 수명주기비용 추정방법 연구,군
BigData /vc를 활용한 무기체계 효과분석 연구,국군재정관리단,10848453.0,97.405,2018-09-24,씨지에스아이티(주),오세문,오중택,"서울특별시 금천구 서부샛길606, A동 2407호 (가산동, 대성디폴리스)",,97.405,군 장병 정신건강 실태조사 연구용역,군
작전계획분석모델 S/W 성능개선 용역,국방부,297472227.0,,2019-06-23,,,박임규,,297407921.0,92.775,24 군의료 특성화 연구(알레르겐 양상 분석),기관
기갑/기계화부대 중대급 교전훈련장비 2차 선행연구,공군본부,332589625.0,95.903,,주식회사 대한,박준홍,,경상남도 진주시 동진로420 (충무공동),332480745.0,95.902,공군 정보통신 준·부사관 특기체계 개선방안 연구,국군재정관리단
(216328-C) 지형분석장비 교체사업(리스물건),국군재정관리단,,91.251,,(사)한국위기관리연구소,송윤재,채희연,"서울특별시 영등포구 도림로462, 지층6호 (문래동3가, 국화상가)",44734449.0,,(20F067-I)소음영향도작성을위한소음측정및분석용역,국군재정관리단
국방 무인항공기(드론) 정비사 자격 신설 연구용역,국방부(운영지원과),,,,노무법인한수,이용호,서호성,서울특별시 성북구 삼선교로16길116-0 (삼선동2가),71271412.0,71.092,(22G088-A) VR 지뢰훈련시뮬레이터 선행연구용역,군
음향/진동분야 KOLAS 인정 획득 컨설팅 연구용역,해군본부,,78.506,,경기과학기술대학교 산학협력단,최진식,한기관,부산광역시 동구 중앙대로286번길9-0 (초량동) 306호,292191979.0,,군의 드론봇 전투체계 발전방향 연구 용역,군
OO사단 등 9개 부대 개편사업 선행연구 용역,공군본부,9277801.0,88.061,,(사)21세기군사연구소,김진욱,,"서울특별시 금천구 가산디지털2로184, 10층 1017호(가산동, 벽산디지털밸리2차)",9276699.0,88.061,방산수출을 위한 DFAR(美 국방조달규정) 번역 및 연구,군
연구활동 재료(시약) 113종 구매 ,방위사업청(운영지원과),32048834.0,84.222,2022-04-10,,,,"서울특별시 강남구 언주로527, 10층 (역삼동)",32060631.0,84.221,미래 특수작전수행 개념과 전력발전 소요 연구용역,중앙행정기관
군사사연구총서 제6집 6.25관련주제 연구용역 (과제1),국방부(운영지원과),73033803.0,,2022-01-03,,,,,72939615.0,76.798,국방규격에서 인용 중인 폐지된 KS 제정 연구,군
전자기스펙트럼 측정/분석체계 운용방안 연구,해군본부,2817809.0,,2019-06-07,,,,,2817264.0,86.099,대형수송함-ll(LPX-ll) 개념설계 기술지원 연구 용역,군
전자전기 확보 및 효율적 운용방안 연구,국방부(운영지원과),21444707.0,,2017-08-22,,,박계향,,21423827.0,,군수품 수송용 드론 선행연구 용역,중앙행정기관
21-04-142 신호분석기 등 3 품목,국방부(운영지원과),308474554.0,84.581,2022-05-19,수안특허법인,김재일,유보라,서울특별시 종로구 새문안로5가길 32(적선동),308672403.0,,혈액가스분석기 병리장비운영소모품(13) 구매계약,군
21-해양 기반 우주작전 개념 및 전력발전 방안 연구,육군교육사령부,,84.635,2020-02-09,,,,,64235308.0,,상륙돌격장갑차 3차 창정비 방안 연구,중앙행정기관
보령 공군사격장 민관군 상생협력방안 연구용역,제9691부대,6885232.0,77.305,,,,박소연,,6898888.0,77.305,국방 안전환경 분석 및 안전교육 정책 발전 방안 연구,국군재정관리단
신기술 기반 공군 교육통합플랫폼 구축방안 연구,해군군수사령부,5309341.0,87.917,,,,박종부,,,,20-실전적 시뮬레이터 구축방안 연구,제9691부대
000사업 핸드형 네트워크 분석기 구매,해군본부,,,2023-05-25,,,정봉원,,217462009.0,97.925,화학작용제 자동분석기 MM-1 외주정비,군
22-해군 전장기능 지능화 추진방안 연구,국방대학교,4667869.0,91.493,2021-12-27,,김진욱,,"서울특별시 금천구 가산디지털2로184, 10층 1017호(가산동, 벽산디지털밸리2차)",4664125.0,,22년 계룡스파텔 시설개선사업 선행연구 용역,군
국방해킹범죄수사센터 상황분석 시스템 구축,제2879부대,45115897.0,85.561,2022-08-03,씨엠티정보통신(주),김정한,류제성,"서울특별시 금천구 가산디지털1로19, 406호, 407호, 408호, 409호(가산동,대륭테크노타운18차)",,85.557,의무장비-혈액가스분석기 중형 구매,제2879부대
효율적인 탄약 전력화 방안 연구,국군재정관리단,20755469.0,82.806,2021-03-06,(주)트리콤미디어,송영각,정원용,충청남도 논산시 연무읍 연무로 320(),20745889.0,82.8,해안 경계력 보강 사업 선행 연구,군
스마트팩토리 기반 KAAV창정비 공장 연구 용역(1),국방부(운영지원과),,,,사단법인 안보경영연구원,전건욱,구종우,"서울특별시 강남구 언주로527, 10층 (역삼동)",33277795.0,,LOSS율 적용을 통한 소형/저단가 품목 관리방안 연구,중앙행정기관
대형공격헬기의 효과적인 시설사업 추진방안 연구,국방부(운영지원과),,93.248,2021-12-08,(주)아이디어정보기술,서정민,이지유,충청남도 논산시 연무읍 연무로 320(),113380671.0,,잠수함 시운전 제도 개선방안 연구,중앙행정기관
국방 인공지능(AI) 활용 실증기획 연구,해군본부,67392844.0,,,,전건욱,,,67449455.0,86.907,17년 분광분석 폭발물탐지 연구용역,중앙행정기관
산소분석기 1종,4284부대,396848737.0,85.452,,(주) 탑크로스 이앤텍,강현순,강윤진,"전라남도 무안군 삼향읍 남악3로80,204호(제일프라자)",396818906.0,85.455,24-신규 무기체계 도입시  전력화 군수지원방안 연구,군
(20F083-I)소음영향도작성을위한소음측정및분석용역,국방대학교,158402265.0,81.808,2021-01-29,,이광형,,"서울특별시 용산구 이태원로 29, 전쟁기념관 4층(용산동1가)",,81.809,(2)군용비행장 소음측정 및 분석용역,제9691부대
LMS(학습관리시스템) 개념 연구용역,4284부대,,,,한성대학교 산학협력단,유상호,,서울특별시 광진구 천호대로524-0 (군자동),41404945.0,84.182,해병항공해상운용을위한동원선박운용개념연구용역,국군재정관리단
KMTF기반 국방정보체계 연동 고도화 방안 연구,국군재정관리단,14946307.0,78.923,,,김진욱,승아현,,,,국방 의료정보 빅데이터 분석체계 구축사업 연구용역,군
주요체계 사이버위협분석 및 대응방안 연구용역,해군군수사령부,,92.48,,,,,,3660186.0,92.477,SUPPRESSED,제9691부대
LVC 연동체계 개발을 위한 아키텍처 설계방안 연구,방위사업청,,95.271,2016-05-03,자주국방네트워크,한민구,이정민,"서울특별시 금천구 가산디지털2로184, 10층 1017호(가산동, 벽산디지털밸리2차)",207144970.0,,SUPPRESSED,기관
화생방 연구 재료 가스 구매,육군본부,102223458.0,95.385,2016-07-28,,,,,,,공병분야 M&S 연구용역,중앙행정기관
22-11차 연구장비 구매 계약 - 의약품 냉동고,방위사업청(운영지원과),36101254.0,82.605,,(주)디앤오종합건축사사무소,,박계향,,,,비전통위협 대비군시설활용및 공용면적 기준 개정연구,중앙행정기관
국방대 이전 효과 연구 용역,국군의무사령부,55373905.0,94.36,,동국대학교 WISE캠퍼스 산학협력단,김용주,황병윤,경상남도 고성군 동해면 내산3길51-1,55262106.0,,정밀측정장비(스펙트럼분석기 등 4종) 구매,국군재정관리단
실감형 디지털 정신전력교육 실태 및 개선방안 연구,공군사관학교,,,,스마일컴퍼니,배종환,고기종,"대구광역시 북구 동북로163, 101동 1605호(산격동, 산격대우아파트)",606369340.0,68.478,함정추진축계이상소음발생위치추정및원인분석기법연구,국군재정관리단
4차 산업혁명과 항공우주력 발전 패러다임 변화 연구,육군본부,44286725.0,,,,,,,,94.203,군수부대 저장시설 기동화 방안 연구용역,국군재정관리단
4차 산업혁명과 항공우주력 발전 패러다임 변화 연구,제9691부대,158452355.0,76.99,,,,,,,76.991,17-군 세차 폐수처리시설 운영 개선방안 연구용역,군
군 C4I체계 보호방안 연구 용역,제2879부대,84670802.0,,,,,박계향,,84699641.0,84.488,한국형 임무형 지휘와 리더십 관계 정립 연구용역,군
정보학교 사이버공간정보 연구용역,육군본부,295495277.0,102.328,2021-10-17,,,,,295455089.0,,방산 용역 원가 및 이윤제도 개선방안 연구,국군재정관리단
국방과학기술기본법 제정을 통한 국방연구개발 혁신,방위사업청(운영지원과),20010390.0,78.527,2020-07-17,건양대학교 산학협력단,이명식,정해인,"서울특별시 서초구 서초중앙로20길 24, 서종빌딩 4층(서초동)",,,미래 예비군 차등화 편성ㆍ관리개념 연구용역,중앙행정기관
2024년 임상의학연구센터 통계프로그램 구매,국군복지단,,75.693,2023-10-21,자주국방네트워크,황순용,황병윤,서울특별시 강남구 선릉로64길6-0 (대치동) 2층,,75.698,23 군의료 특성화 연구(접경지역 외상환자 예후 분석),합동참모본부
21-공-스펙트럼 분석기 3대 구매,국군재정관리단,,91.363,2021-08-19,노브식스,이민수,김영중,경기도 의왕시 오봉산단3로25 (삼동) 의왕테크노파크 더리브비즈원 1동1528호,552743257.0,,(1)군용비행장 소음측정 및 분석용역,국군재정관리단
전인교육 설문지 개발 및 활용성 증대 방안 연구,공군군수사령부,11025699.0,87.641,,HF테크,박병훈,박문희,경상남도 창원시 진해구 용원동로294-0 (용원동),11009971.0,87.636,자동처리체계 구축 및 연구용 부품 구매,군
17-방공관제사-4 보급수송 신호 분석기,공군본부,95982342.0,92.002,,,,김영수,,95951877.0,91.999,소형무장헬기 양산사업 비용분석,중앙행정기관
신규 유도무기 적정 신뢰도 유지방안 연구,국군재정관리단,136521731.0,104.388,2021-02-11,웰스,김우경,이월단,"대전광역시 서구 대덕대로319, 2층 212호(월평동, 우림빌딩)",,104.398,전투실험 발전 세미나 과제 연구용역(2),군
여단급과학화전투훈련체계 경미한성능개량 사업분석,국군복지단,14128524.0,,,주식회사 모렌스,이희윤,이미란,"서울특별시 강남구 테헤란로306, 13층(역삼동, 카이트타워)",,82.949,스펙트럼 분석기,합동참모본부
24 군의료 특성화 연구(군 헬기 환자 이송 현황 분석),국군의무사령부,169599949.0,102.64,,한국항공대학교 산학협력단,권오성,,"서울특별시 금천구 가산디지털2로184, 1017호(가산동, 벽산.경인디지털밸리2)",,,대잠훈련분석체계(AEAS) 유지보수 용역,국군재정관리단
상층대기분석장비 유지보수,방위사업청,184719366.0,87.029,2021-06-16,인하대학교 산학협력단,김은기,이효정,"경기도 고양시 덕양구 항공대학로76-0 (화전동, 한국항공대학교내)",184814590.0,87.025,2017년 제3회 국방 분석평가관계관 워크숍 위탁운영,국군재정관리단
군 성폭력 사건 분석 연구,공군군수사령부,73491585.0,99.9,2022-08-08,,이문걸,정봉원,,73563948.0,99.897,20-Lynx 군수지원 여건 고려 적정 수명주기 연구,국군재정관리단
헬기 보조동력장치 시험장비 개발 연구용역,국군재정관리단,,98.291,,,,전아영,,,98.285,20-쇄빙능력 보유 함정 건조/설계 기반기술 연구,중앙행정기관
18-해상종합전술훈련장사업타당성 국내개발가능성연구,방위사업청(운영지원과),204165250.0,,2020-06-24,,,,,204335254.0,111.254,가상현실 및 증강현실 기술적용 방안 연구,군
155mm 정밀유도포탄 비용분석,방위사업청(운영지원과),54646878.0,74.461,2022-09-01,(주)다남정보통신,김규형,이승모,"서울특별시 서초구 반포대로14길 71, 엘지서초에클라트 2117호(서초동)",54658489.0,,22-해-신호분석기 구매,중앙행정기관
19-군 자체 안전보건경영시스템 인증제도 구축 연구,공군교육사령부,,94.053,2018-05-08,주식회사 아레스,,,"서울특별시 금천구 가산디지털2로184, 10층 1017호(가산동, 벽산디지털밸리2차)",349474391.0,94.048,미래 육군의 우주분야 활용방안 연구 용역,국군재정관리단
무기체계 인공지능 기술적용 JROC 작성지침 개정 연구,국방부(운영지원과),95436993.0,,2018-08-04,주식회사 인섹사이버시큐리티,나인성,이현정,부산광역시 중구 대청북길31 (대청동4가),,115.37,23-D-종합발전수립 연구용역(B032),군
복합무기체계 시험평가 제도개선에 관한 연구,합동참모본부,19160511.0,76.181,2020-02-23,사단법인 안보경영연구원,전건욱,,"경기도 성남시 수정구 위례대로83(창곡동, 국방문화센터)",19202031.0,76.187,미래 예비군 차등화 편성ㆍ관리개념 연구용역,국군재정관리단
흔적 00분석 시스템 구축,국군재정관리단,489326047.0,,2021-07-11,주식회사 누리아이코리아,이민수,박재성,"서울특별시 구로구 디지털로31길41, 312-118(구로동)",,,추진장약 안정제 분석시험용 재료 구매,군
승선근무예비역의 병역제도 발전 방안 연구 용역,해군본부,24954031.0,,,,,,,,,함정 GPS 함속력계 신호 변환 장치 개발 연구용역,군
방산 용역 원가 및 이윤제도 개선방안 연구,국방부(운영지원과),212413715.0,,,,,,,,81.798,전투실험 설계 및 결과 분석 방법 연구용역,군
위성 무기체계 시험평가 제도개선에 관한 연구,국방부(운영지원과),60416725.0,70.206,2018-03-05,,,,,60406086.0,,00훈련장 이전 연구 용역,군
국내개발 항공기 성능개량 및 관리방안 연구용역,공군본부,181267287.0,87.09,,주식회사 바로텍시너지,,,,181246349.0,87.09,미래 우주전장 분석 및 공군 우주전략 수립 연구용역,군
22-13-13 야전공장 분석평가 및 선행연구 용역,방위사업청(운영지원과),,92.848,,주식회사 엔브이티,경상현,김동희,서울특별시 성북구 삼선교로16길116-0 (삼선동2가),378580779.0,,국방정보화법 하위법령 개정방안 연구,중앙행정기관
[24-육-173] 영상분석 SW 라이선스 구매(리스물건),국방부(운영지원과),,79.337,,주식회사 딥아이,신준호,조대현,"대전광역시 유성구 테크노3로 65, 한신에스메카 241(관평동)",532442581.0,79.34,(247192-C) 유전자감정장비(자동염기서열분석기) 구매,국군재정관리단
레이저 변위센서 활용한 탄약검사 M&S 개발 연구용역,국군재정관리단,110558123.0,97.136,2019-11-07,,,,,,,항공교통 업무 수행 및 공역체계 개선 방안 연구,중앙행정기관
국방상호운용성 마스터플랜 연구,육군교육사령부,,,2018-01-22,,,,,45713045.0,91.229,16년도 급식분야 시범사업 추진분석 및 개선방안 연구,군
국방R&D 과제 평가체계 개선방안 연구,국방부(운영지원과),,89.464,2017-03-31,사단법인 한국군사시설연구소,김규형,김동준,서울특별시 동작구 여의대방로36길92(대방동),,,해병대 인력획득체계 분석 발전 방향 연구 용역,중앙행정기관
해양 유ㆍ무인 복합전투체계에 대한 대응방안 연구,육군본부,563124372.0,106.58,,,김태동,,"서울특별시 성북구 화랑로76, 제3층 307호(하월곡동,코업스타클래스)",562884977.0,106.588,정책연구용역(군견 관련),군
국방무인체계 총수명주기관리방안 연구,국방부(운영지원과),10353348.0,97.957,2022-08-13,(사)21세기군사연구소,한민구,유현국,"경기도 수원시 영통구 월드컵로 206(원천동, 아주대학교)",,,병력동원 지정 및 훈련체계 효율화 연구,중앙행정기관
(해병)소음측정 및 분석용역,특수전사령부,,83.598,2020-09-17,주식회사 한국사업관리연구원,이훈민,,"서울특별시 강남구 봉은사로129-1, 5층(논현동)",569209068.0,83.587,18년 분석용모델 유지보수 용역,군
초소형 전술위성체계 구축방안 연구,육군본부,,86.0,,(주)알에프넷,하영임,이효선,"서울특별시 강남구 도산대로 507, 대신빌딩205호(청담동)",420902879.0,85.996,군 범죄피해자 보호·지원을 위한 정책 연구,합동참모본부
요분석기 사단용 등 2종 구매,국군재정관리단,91839631.0,88.398,,주식회사 맥스바이오텍,김윤영,황병윤,"서울특별시 동작구 남부순환로2021, 2층 (사당동)",91857054.0,88.401,(217096-D)자동염기서열 분석기 등 2종 구(납품),국군재정관리단
23-24년 공군 항공무장효과분석모델 통합유지보수,국군수도병원,561767001.0,,2023-08-08,국립금오공과대학교산학협력단,곽재수,정경아,경기도 화성시 10용사로456-0 (반송동),561854511.0,94.91,(236306-F)지형분석장비 교체사업(리스물건),합동참모본부
세계안보정세분석 연구 용역,공군본부,421674148.0,,2017-05-13,(사)한국위기관리연구소,신철호,우수진,서울특별시 금천구 벚꽃로244-0 (가산동)810호 벽산디지털밸리5차,421528489.0,95.939,22년 기술연구용역 계약(4),국군재정관리단
유도로켓(비궁) 성능개량 소요 및 방법 분석 연구용역,합동참모본부,272378512.0,92.035,2020-02-08,한국직업능력연구원,정의승,,서울특별시 노원구 화랑로574-0 (공릉동),272457893.0,,00학교 종합정보체계 고도화사업 개념연구,군
영평사격장 주변지역 주민이주 방안 연구,국군재정관리단,61731176.0,94.006,2017-05-04,주식회사 위우너스,최철욱,심유진,경기도 성남시 분당구 판교역로 220(삼평동 673),61742937.0,94.015,정보통신부대의 조직발전방향 연구,군
다계층통합네트워크 구축을 위한 연구용역,방위사업청(운영지원과),,104.066,2022-02-04,,,이나라,,268456079.0,104.054,24년 전투발전 연구 용역(2),중앙행정기관
정보분석낭 구성품 구매,합동참모본부,189151981.0,,,(사)국방시설연구협회,,김동준,서울특별시 광진구 군자동98 집현관 216,,81.705,0000 00 체계 분석 자재 구매,국군재정관리단
합동최종공격통제관(JTAC)의 종합 발전방향 연구,해군본부,45902047.0,92.139,,,,,,45933299.0,92.15,군복무 가치 평가 관련 설문조사 연구용역,국군재정관리단
민수용 드론의 비행기지 작전지원 활용방안 연구,국군재정관리단,12997412.0,82.014,,국방대학교산학협력단,임순옥,이상규,세종특별자치시  시청대로370 세종국책연구단지 사회정책동,,82.006,CCTV 효율적 관리 및 AI분야 군 적용방안 연구,중앙행정기관
(217100-F)스마트폰앱 분석체계 구축,국군재정관리단,,,2021-12-03,건축사사무소 모인건축,김태호,김영진,"서울특별시 강남구 강남대로62길24-0 (역삼동,해송빌딩)3층",142465832.0,,정비공정 분석도구 구매,군
공기조화계통(HAVC) 성능개선 방안 연구 용역,육군본부,,97.008,2016-11-21,,,,,,97.008,17년 분광분석 폭발물탐지 연구용역,중앙행정기관
북한의 기뢰전 전술 분석 및 대응책 연구,국방부(운영지원과),66676710.0,78.928,2017-04-19,사단법인 안보경영연구원,전건욱,,"서울특별시 강남구 언주로527, 10층 (역삼동)",,,전출처 전자정보 통합 및 적위협 가시화 방안연구,국군재정관리단
22-6차 연구장비 구매 계약 - 시약 및 약품냉장고,육군본부,109950481.0,,2024-05-23,주식회사 티엠시스,고기종,서은주,"서울특별시 구로구 디지털로31길41-0, 603호, 604호, 605호(구로동, 이앤씨벤처드림타워6차)",,100.026,회로카드 고장예측용 해석도구 활용방안 연구용역,중앙행정기관
4차 산업혁명과 항공우주력 발전 패러다임 변화 연구,해군본부,,77.901,2021-07-27,,,,,,77.894,국방표준서 제정(3차) 연구,군
21-공-스펙트럼 분석기 3대 구매,국방부(운영지원과),118450028.0,72.532,,(사)대한영양사협회,정주교,정성채,"서울특별시 종로구 율곡로17길7-38, 수지빌딩 7층(이화동)",118454977.0,,유도탄검사장비(00체계 가스승압기  가스분석기) 정비,제9691부대
분석기  스펙트럼용 구매(특무),국방부(운영지원과),,81.096,2022-01-20,(사)국방시설연구협회,최권석,장우영,서울특별시 동작구 여의대방로36길92(대방동),125107687.0,81.099,(20F088-A)소음영향도 작성을위한 소음측정및분석용역,군
전원품질 분석기 구매,국군제1068부대,43166185.0,82.247,,수안특허법인,이영진,이수현,부산광역시 중구 대청북길31 (대청동4가),,82.254,정밀측정장비(제원분석기) 구매,제2879부대
(227239-B) 악성코드 수집분석체계 라이선스 구매,공군본부,42645876.0,,,씨지에스아이티(주),조만희,이민수,"인천광역시 남동구 문화서로65번길9, 1301호(구월동, 웰메이드)",42672537.0,92.953,23년 조사분석용 SW 라이선스 구매,중앙행정기관
분석기(회로망용) 구매,합동참모본부,113745000.0,,,육군사관학교 산학협력단,,최광용,,113559801.0,85.604,24년 전투실험발전 연구 용역(2),군
해병대 리더십개념 및 리더像 정립 연구용역,육군교육사령부,,90.117,2022-03-20,,,,,66700452.0,,사업성과관리(EVM) 적용 고도화 방안 연구,중앙행정기관
(237020-H)23년 조사분석용 HW 구매,국방부(운영지원과),100295464.0,115.019,2022-08-26,,,윤진영,"서울특별시 금천구 가산디지털2로184, 1017호(가산동, 벽산.경인디지털밸리2)",,115.021,민 군 통합 수송운영체계 구축 수송물류 비용분석,중앙행정기관
군 급식 민간위탁 시범사업 성과분석 연구,국군재정관리단,152362630.0,95.469,2017-07-17,고려대학교 의료원 산학협력단,김지현,김기현,"서울특별시 서초구 방배천로155, 유청빌딩 3층(방배동 821-8)",152372010.0,95.469,군인ㆍ군무원 수당이력조사 및 유사직종사례 비교연구,국군재정관리단
산업협력 제도 시행을 위한 세부 방안 연구,국군재정관리단,63471419.0,,2018-02-15,고려대학교산학협력단,정의붕,김다예,서울특별시 영등포구 영등포로35길10-0 (영등포동6가) 8층 809호,63370273.0,84.295,탄약고 안전거리 재산정을 위한 선행연구 용역,국군재정관리단
마린온 정비지원체계 방안 연구용역,합동상호운용성기술센터,32810224.0,,2020-11-06,상명대학교산학협력단,,오문진,,,94.088,민군 상생을 위한 대체시설 검토 및 관리방안 연구,군
(24F262-A) 방호시설 폭발실증시험 계측 및 분석용역,국방부조사본부,187652047.0,88.971,,주식회사 에코비투,유완종,이영진,"대전광역시 유성구 테크노3로65, 5층 538호(관평동, 한신에스메카아파트형공장)",,88.965,[상층대기 분석장비]회로카드 조립체 등 4종 구매,국군재정관리단
중금속 가열분석기 등 1항목 구매(의무),해군군수사령부,401906231.0,89.575,2020-07-05,주식회사 나비시스템,김하근,주서현,"서울특별시 강북구 삼양로173가길55-0 (우이동, 메이트하우스)1동402호",401958620.0,89.575,중금속가열분석기 1항목 구매(의무),군
유류시험장비(가스성분 분석기 등 2종) 구매,공군본부,84750226.0,,2022-08-18,주식회사 미주씨앤디,백은주,박장권,"충청남도 논산시 대학로 121, 건양대학교 산학협력단(내동)",,,생화학자동 분석기 구매(20199034-D),제7군단
23-D-라만분광분석기 구매,국방대학교,265747180.0,82.168,2024-05-03,씨지에스아이티(주),강남기,방금인,충청북도 청주시 청원구 오창읍 농소길33-56,,,병 오일분석용 구매,군
국방 빅데이터 분석 사업 용역,국군간호사관학교,9764089.0,89.153,,단국대학교 산학협력단,박승호,양정학,경기도 과천시 교육원로98(중앙동),,89.148,20-지형분석체계 교체(리스물건)(208080-A),중앙행정기관
2017 PACC & PAMS 연구용역,공군본부,51730468.0,80.652,,고려대학교산학협력단,최창식,이연수,"서울특별시 성북구 정릉로 77, 국민대학교내(정릉동)",,,상호운용성 평가 업무의 정량화 모델에 관한 연구,중앙행정기관
체계적인 해군 C4I 체계 유지보수 관리방안 연구,국군재정관리단,13533982.0,90.309,2017-08-22,사단법인 안보경영연구원,전건욱,,"서울특별시 강남구 언주로527, 10층 (역삼동)",13540271.0,90.311,방산기술보호체계 발전방안 연구용역,중앙행정기관
함정 건조사업 추진단계 효율성 향상방안 연구,공군본부,,,2020-11-27,대전대학교 산학협력단,이인형,윤진영,"경기도 수원시 영통구 월드컵로 206(원천동, 아주대학교)",48220224.0,79.181,국방분야 국가자격 신설종목 연구,국군재정관리단
국방 데이터 전략연구,공군본부,15598540.0,84.173,,(사)국방시설연구협회,박현지,홍세준,"강원특별자치도 원주시 천매봉길36-22, 302호(단구동, 백림빌딩)",15583806.0,,조종사 피로도와 안전비행의 역학관계 분석 연구용역,기관
사격지휘차량 양산사업 비용분석,국방부(운영지원과),,,2021-06-12,,김태동,권시형,"서울특별시 송파구 법원로11길25-0, A동 1310호(문정동, 에이치비즈니스파크)",59862619.0,,지형분석장비 구매설치,국군재정관리단
(20F060-I)소음영향도작성을위한소음측정및분석용역,해군본부,357662173.0,93.729,2022-07-07,소성정보기술 주식회사,황윤주,허진실,"인천광역시 미추홀구 주염로58, 620-1호(주안동, 주안시범공단)",357890849.0,93.72,분석기 주파수편이용 2EA 구매(20199199-I),중앙행정기관
우주기상 군 작전 영향 연구 용역,육군본부,119141192.0,,2018-09-28,,,안구름,,119108500.0,96.892,전투발전 연구용역 과제 세미나 수행 용역,국군재정관리단
해병 과학화경계시스템 추진방안 연구 용역,육군본부,,,,서현회계법인,정양수,신남선,대전광역시 유성구 테크노2로187-0 (용산동) 미건테크노월드 2차 B동 217호,,85.173,미래형 성과기반 군수지원 적용방안 연구,합동상호운용성기술센터
정밀측정장비(스펙트럼분석기 등 4종) 구매,국방부(운영지원과),,,,(사)한국위기관리연구소,김곤중,,서울특별시 강남구 논현로189길6 (압구정동),68702774.0,80.981,분석기 구매,중앙행정기관
17년 지형분석장비 물품 구매설치,육군교육사령부,30148963.0,,2021-01-14,서울대학교 산학협력단,이우희,김정일,인천광역시 미추홀구 인하로100-0 (용현동) 인하대학교,,109.841,우수 상용품 시범사용 실태분석 및 개선방안 용역,국군재정관리단
(217151-F)21년 연구활동 재료(시약) 구매,육군본부,,84.765,2018-04-10,국방대학교산학협력단,권정환,,대전광역시 유성구 죽동로157-0 (죽동),79237136.0,84.767,전투근무지원정최적화및친환경선박기술연구,국군재정관리단
위험평가를 위한 공격표면 및 평가방법 연구,해군본부,158757184.0,,,,,,,158823158.0,78.481,00부대 신축 시설사업 선행연구 용역,제2879부대
빅데이터 기반 공중전투 기동 분석기술 연구용역,제2879부대,82085228.0,89.733,,,김한용,이상규,경기도 안양시 동안구 흥안대로 516(관양동 1505-22),,89.732,비행기지 계기착륙장치 노후교체 적정시기 연구용역,기관
잠수함 시운전 제도 개선방안 연구,국방부유해발굴감식단,109370001.0,72.45,2021-05-05,,,박세원,서울특별시 마포구 월드컵북로5길59 (서교동),,72.452,미래 육군비행장 발전계획 검증 연구 용역,국군재정관리단
사관생도 생활실 시설기준 개정 연구용역,국군재정관리단,4126919.0,,,(사)한국전략문제연구소,,김영중,,4127306.0,97.533,무기체계 개발시험평가 역할 재정립에 관한 연구,중앙행정기관
2017년 제3회 국방 분석평가관계관 워크숍 위탁운영,합동참모본부,116069744.0,85.242,2022-04-18,(주)볼트시뮬레이션,박수영,안상희,"서울특별시 강서구 공항대로51길17-0 1,2층 (등촌동)",,,무기체계 공급망 관리(SCM) 최적화 프로세스 연구,국군재정관리단
소형드론용 지능형 영상분석기술 연구/시연 용역,국방부(운영지원과),,106.469,2018-07-20,,,,,332881044.0,,신기술 적용을 통한 저장시설 물류향상 연구,군
계약 전 손실 보전제도(가칭) 도입 관련 연구,국방부(운영지원과),48792073.0,,2020-12-08,주식회사 공공정책성과평가연구원,이양숙,조반석,"서울특별시 영등포구 여의나루로67, 신송빌딩 703호",48831244.0,78.796,21년 차세대 첨단함정 건조가능성 검토 연구용역(ll),군
2024년 방산물자 현황분석 연구용역,제9691부대,160517571.0,87.263,2016-05-30,사단법인 안보경영연구원,,,"서울특별시 강남구 언주로527, 10층 (역삼동)",160378660.0,,17년 비용분석모델(PRICE) 유지보수 용역,군
22년 의무장비(요분석기) 구매,국방부(운영지원과),,73.383,,(사)한국전략문제연구소,,김다예,,764758286.0,73.387,(236043-G) 23년 모바일·IoT 조사분석체계 도입사업,군
대용량 유전자데이터 분석 파이프라인 및 가시화 연구,제3697부대,,102.079,2019-06-24,주식회사 바른프린테크,김연수,황인선,"경상남도 김해시 관동로138, 1404동 301호(관동동, 죽림마을 동원로얄듀크아파트14단지)",65099174.0,,17년 지형분석장비 물품 구매설치,4284부대
대잠훈련분석체계(AEAS) 유지보수 용역,해군군수사령부,104250623.0,102.232,,주식회사 서로네트웍,김종광,김은혜,"서울특별시 강서구 공항대로103 (마곡동, 마곡 엠밸리 9단지) 업무동시설 507호",,,정밀 측정장비(레벨분석기)구매,중앙행정기관
군 C4I체계 보호방안 연구 용역,합동참모본부,,,2017-12-16,한성대학교 산학협력단,이승철,,경기도 성남시 수정구 창업로42(시흥동) 판교제2테크노밸리 경기기업성장센터 532호,8356630.0,,상륙작전에 적합한 4.2대체전력 확보 연구 용역,기관
00부대창설을 위한 공공갈등 관리방안 연구용역,해군군수사령부,71983496.0,88.258,2017-10-16,(주)카이엠,조현선,양진,서울특별시 강서구 양천로401-0 (가양동) B-407,71937897.0,88.255,군용항공기를 활용한 공중발사체 운영방안 연구,중앙행정기관
24~'25년 상층대기분석장비 유지보수,육군군수사령부,467201.0,103.045,2024-05-29,유한회사 행정과 소통연구소,이우경,곽새롬,대전광역시 동구 대전로889-4 (삼성동),467014.0,103.039,23-N-사이버 침해사고 조사/분석체계 구축,군
정보학교 드론 연구용역,방위사업청(운영지원과),,,2017-09-05,사단법인 녹색삶지식원,최권석,,"경기도 안양시 만안구 만안로49, 519호(안양동, 호정타워)",116565163.0,91.01,정보체계 취약점 진단을 위한 모의환경 구축방안 연구,국군재정관리단
군 급식 민간위탁 시범사업 성과분석 연구,국방대학교,42418156.0,91.16,2022-04-23,서울대학교 산학협력단,김진욱,김재일,서울특별시 광진구 군자동98 집현관 216,42439950.0,91.168,00부대 스마트 자동화 저장창고 신축 비용분석 연구,국군재정관리단
21-함정 스마트 브릿지 모델 개념 연구,제9691부대,105090487.0,82.824,2021-04-22,,,,"인천광역시 남동구 인주대로591번길64, 410호(구월동, 타원벨라움)",,,국외조달 군수품의 합리적인 관세부과방안 연구,군
[24-육-84] 탄약부대 경계병력 민간전환 선결 연구,방위사업청(운영지원과),,82.6,2020-09-03,주식회사 사이버앤네트워크연구원,홍순국,김경모,"서울특별시 금천구 가산디지털2로184, 10층 1017호(가산동, 벽산디지털밸리2차)",6235898.0,,23-블랙이글스 소음 및 연막 공공갈등 관리방안연구,중앙행정기관
[24-육-129] 예비전력발전세미나 주제 연구(Ⅱ),해군본부,37669287.0,99.371,,주식회사 삼우에이엔씨,박순천,이슬,경상북도 영천시 고경면 호국로495-0,37637257.0,,자동화사격장 차단벽구조 구축방안 연구용역,국군재정관리단
17년 작전지속지원분석모델 유지보수 용역,국방정보본부,,78.773,,서울대학교 산학협력단,한수희,유선미,대전광역시 유성구 노은로170-0 (지족동) 스타시티빌딩 6층,,,21년 의무장비(혈액가스분석기 중형) 구매,군
전투하중을 고려한 인체공학적 개인군장체계 연구,국군수도병원,1073511.0,,,,,이상규,,,93.325,ISR 자산의 효율적 통합 운용방안 연구,국군재정관리단
국방정보시스템 사이버침해대비안전성확보방안 연구,국군재정관리단,,93.296,,태성네트웍스 주식회사,조민구,현민,"서울특별시 동대문구 약령시로9길 79,  135-51,135-60(제기동)",403831430.0,,정신전력 평가도구 개발 연구용역,국군재정관리단
유도로켓(비궁) 성능개량 소요 및 방법 분석 연구용역,국군재정관리단,,77.526,2020-02-17,,,,,63481937.0,77.519,전투발전 연구용역 과제 세미나 수행 용역,중앙행정기관
여군 피복장구류 개선방안에 대한 연구,국군재정관리단,,,,주식회사 파이안,안성원,박민정,"경기도 성남시 수정구 달래내로46-0 (시흥동), A타워 8층 805호 (성남글로벌융합센터)",45925472.0,81.65,비전통위협 국방대응체제 발전연구,군
(20F060-I)소음영향도작성을위한소음측정및분석용역,종합보급창,25773754.0,,2020-05-04,사단법인 한국국방발전연구원,김용섭,윤형규,,25776690.0,73.416,지능형 전군 악성코드 수집분석체계 구축(리스물건),국군재정관리단
해병대 복지회관 중장기 보수계획 연구 용역,육군교육사령부,45617248.0,83.963,,,,,,45598674.0,83.971,BLT급 쌍방훈련 제병협동훈련장 구축 연구용역,군
17-공군 사이버보안 교육 및 관리체계 구축 연구 용역,육군군수사령부,72655133.0,74.132,,단국대학교 산학협력단,김진원,유현국,충청남도 논산시 양촌면 황산벌로1040,,,국방보안관리사 자격신설 연구,국군재정관리단
수동음파탐지부표 연구개발 용역(21H085-I),공군본부,,93.536,2020-06-02,,전건욱,,,157350326.0,93.543,연구장비확보(중합효소연쇄반응장치),국군수도병원
TAS-815K 레이저거리측정기 시험장비 개발 연구용역,국방부(운영지원과),,,2018-10-25,국방기술품질원,정태윤,최민호,"경기도 포천시 호국로 1007, 대진대학교 산학협력단(선단동)",397623509.0,94.619,AI 작전운용성능 설정기준 표준화 연구,군
T-50 캐노피 고정 구성품 내구성 시험 연구,국방부(운영지원과),46104082.0,75.753,2019-04-27,에스제이상사,백다리아,노재란,"전라남도 장성군 황룡면 강변로452-16, 3층 302호",,75.754,오폐수처리시설 기술제안서 평가기준 정립 연구용역,군
해병대 무인항공기 효율적 운용방안 연구,육군본부,9839154.0,104.609,2019-10-09,청주대학교산학협력단,권헌영,이정현,"경기도 남양주시 별내중앙로36-23, 1706호(별내동)",9834058.0,104.613,76mm 철갑고폭탄 비용분석,중앙행정기관
범국민 안보의식조사 연구용역,해군본부,629337.0,84.254,2020-05-24,,,,,,84.261,원주기지 활주로 재포장사업 선행연구 용역,군
4차 산업혁명  군 적용을 위한 R&D 발전방안 연구,제9691부대,115180181.0,87.752,2021-10-01,법무법인(유한) 대륙아주,노광현,,대전광역시 유성구 온천로59-0 (봉명동) 905호,,,21년 서울안보대화 프로그램 기획 및 발전방향 연구,군
국방분야 반도체 조사·분석 및 발전방안 연구,공군군수사령부,,77.103,2016-12-03,주식회사 현대리서치,정희석,김중곤,"경상남도 창원시 진해구 중원로1-0 (남빈동, 해군사관학교내)",240325919.0,,22-1차 연구장비 구매 계약 - 증기후드,국군복지단
기술인력육성 보조사업자 운영성과 평가 및 연구,해군본부,118674566.0,90.743,2019-05-23,(사)21세기군사연구소,김재영,,"서울특별시 종로구 홍지문2길20-0 (홍지동, 상명대학교)",118724382.0,,22-파라메트릭 기반 함정 수명주기비용 추정방법 연구,제9691부대
4차산업혁명 기반 무기체계 시험평가 발전방안 연구,제9691부대,9340095.0,,,사단법인 안보경영연구원,전건욱,,"경기도 성남시 수정구 위례대로83(창곡동, 국방문화센터)",,89.46,소규모 정보체계 개발방법론 연구,중앙행정기관
국방 안전사고조사 표준화 시스템 구축방안 연구,해군본부,39734305.0,,2018-01-16,(재)한국기계전기전자시험연구원,최규식,박계향,"부산광역시 해운대구 양운로42번길18, 8층 803호(좌동, 에이원웨이)",39735163.0,90.007,직ㆍ간접 전투경험 공유 확대 연구용역,국군재정관리단
2020년 군 조직의 양성평등 지표 조사 및 분석 연구,공군본부,,,2023-07-31,(주)알파아이엔씨,이용욱,이미란,대전광역시 동구 옻밭5길159-0 (판암동),58410237.0,,국방정보체계 SW 품질시험 프레임워크 발전방안 연구,군
KUH-1 엔진 시험장비 고장예측시스템 개발 연구용역,국군재정관리단,138910822.0,88.115,2020-08-10,경희대학교산학협력단,김효근,김영원,"서울특별시 서초구 서운로 226, 서초오피스텔 404호(서초동)",,88.115,다계층통합네트워크 구축을 위한 연구용역,군
22-해-신호분석기 구매,국군재정관리단,116259959.0,83.829,2021-07-09,해군사관학교 산학협력단,박영욱,임재영,"서울특별시 마포구 월드컵북로501-0 (상암동, 상암월드컵파크9단지)904동1005호",116230494.0,,22-해-신호분석기 구매,국군재정관리단
20-해군사관생도 복제개선 연구,국군재정관리단,144331227.0,91.671,2021-06-19,주식회사 에스엠플래닛,권수민,강현순,"경기도 고양시 일산동구 중앙로1305-30, 728호 (장항동, 일산마이다스오피스텔)",144162164.0,91.672,해병대 과학화 전투사격장 구축 연구용역,제9691부대
KAAV RCWS/KAAV-Ⅱ총수명주기 비용에 관한 연구용역,육군본부,10115341.0,,2019-10-07,재단법인 한국군사문제연구원,김형철,,"서울특별시 강남구 언주로527, 10층 (역삼동)",10125681.0,82.418,SUPPRESSED,군
(20F088-A)소음영향도 작성을위한 소음측정및분석용역,국방부조사본부,538960464.0,83.411,2021-01-16,주식회사 베테랑콤,김태동,,대전광역시 유성구 유성대로1646-0 (전민동),538711907.0,83.407,국방무인체계 총수명주기관리방안 연구,제2062부대
항공통제기 2차 시설사업 기본계획 수립 연구용역,해군본부,13211329.0,80.065,,,,,,13223008.0,80.062,군사과학정책 연구 용역(1. 국방 데이터....),군
원격제어조립체 개발 연구개발(2019H027-B),방위사업청(운영지원과),37801755.0,99.385,2019-12-03,(주)에프오알엠도시건축공간연구소,김진욱,,충청남도 논산시 양촌면 황산벌로1040,37797509.0,99.38,미래 복합전투체계 운용개념/전투실험방법 연구용역,중앙행정기관
인공기상조절 연구용역,방위사업청(운영지원과),216182102.0,79.502,2020-08-23,한국여성정책연구원,홍명성,이수행,경기도 구리시 산마루로46-0 (갈매동) 404동 1702호,216033536.0,,공군 군수지원 분야 발전방향 연구 용역,군
국방 연구개발 법제 개선 연구,국방부(운영지원과),38034760.0,96.349,,,이문걸,황병윤,,,96.348,국방과학기술 전문인력 소요분석 연구,중앙행정기관
교육연구자료 원문 DB 구축 용역,합동참모본부,20277475.0,58.916,,,,안구름,,,58.918,전투준비태세 평가체계 발전방향 연구,합동참모본부
분석기 스펙트럼용 장비 구매(20209032-I),육군본부,,74.344,2020-03-24,국방대학교산학협력단,전영섭,전치우,서울특별시 마포구 월드컵북로5길59 (서교동),723906468.0,74.34,19년 항공관제 분석체계 유지보수 용역,제2307부대
디지털 증거분석 수사체계 도입(218091-A),국군재정관리단,51878916.0,79.072,2022-06-21,다슬,최미정,이경순,"경기도 고양시 덕양구 삼원로63-0 (원흥동, 고양아크비즈) 612호",51864448.0,,`18년 지형분석장비 교체사업,국군재정관리단
00부대 지형분석장비(워크스테이션) 구매(20197163-B),육군훈련소,72075591.0,81.301,2023-01-31,(사)한국전략문제연구소,전건욱,,"서울특별시 용산구 청파로 40, 삼구빌딩 1815호(한강로3가)",72058682.0,,월간지(안보현안분석  린사포럼) 인쇄 용역,군
군 보건의료 발전계획 선행연구,국군제1068부대,6025838.0,94.973,2018-05-05,,,박수연,,,,임베디드 및 군 무선통신 취약점 분석기술 연구,군
군인ㆍ군무원 수당이력조사 및 유사직종사례 비교연구,육군본부,175112668.0,72.567,2019-08-21,,류장수,,충청남도 논산시 양촌면 황산벌로1040,175088362.0,72.571,통섭형 인재 육성을 위한 직무순환 방안 연구 용역,국군재정관리단
항-19-088 자동면역분석기 시약 등 117종,국방부(운영지원과),66491177.0,69.814,2020-09-23,라온시스템즈(주),고기종,서경희,경기도 안양시 동안구 흥안대로445(평촌동) 제6층 615호 안양평촌동지식산업센터,66405420.0,69.82,항-20-004 자동면역분석기 시약 등 123종,군
다원적 민주주의 사회의 장병 정훈교육 방향 연구,방위사업청,2424382.0,,,세종대학교산학협력단,이용호,김우중,"경기도 용인시 기흥구 덕영대로1732-0 (서천동, 경희대학교 국제캠퍼스내)",2425329.0,80.006,레이저대공무기사업 선행연구 및 운용요구서 연구,군
반환 미군기지 매각 활성화를 위한 처분 방안 연구,제20전투비행단,,,,한국외국어대학교 연구산학협력단,강창선,윤진영,"서울특별시 강남구 역삼로17길57, 그랜드빌딩 B1층 (역삼동)",9793033.0,93.768,안정화 작전을 위한 기반시설 복구부대 운영방안 연구,국군재정관리단
[24-육-189] 과학화 동원훈련장 시범사업 추진 연구,육군군수사령부,,88.475,2021-12-09,국방기술품질원,한민구,김지혜,"대전광역시 유성구 대학로 99(궁동, 충남대학교)",107921003.0,,군사과학기술대학원(가칭) 신설방안 연구,합동참모본부
군용항공기를 활용한 공중발사체 운영방안 연구,공군교육사령부,280660220.0,,,한양대학교 산학협력단,정의승,조현정,경기도 평택시 청북면 고렴길181번길 13(),280802178.0,,국방R&D 과제 평가체계 개선방안 연구,군
군 작업환경 및 작업자 보건관리 훈령 발전연구,국군재정관리단,,,,(주)이지랩아이앤티,권호영,채희연,"경기도 성남시 중원구 사기막골로159-0 (상대원동, 금강하이테크2 아파트형공장) 711호",59152615.0,100.632,22-13-13 야전공장 분석평가 및 선행연구 용역,군
24~'25년 상층대기분석장비 유지보수,국방부조사본부,374603517.0,97.449,2022-11-03,근영유통,정영석,이지호,경기도 파주시 산남로26번길101-0 (산남동),374619623.0,97.443,23-N-유황분석기 구매,합동참모본부
주파수변환기 대체품 연구개발 용역(2019H028-B),4284부대,28001792.0,92.398,2019-05-30,사단법인 안보경영연구원,박정기,,"서울특별시 강남구 언주로527, 10층 (역삼동)",,92.4,전자전기 확보 및 효율적 운용방안 연구,중앙행정기관
장병 스트레스평정체계 개선 연구용역 계약,제5738부대,200146866.0,78.473,,,,,,,78.482,상호운용성성공요인분석을 통한 평가업무발전방안연구,합동상호운용성기술센터
공무원 징계와 군 징계의 비교법적 연구,방위사업청(운영지원과),5056719.0,85.36,2018-07-18,건양대학교 산학협력단,,,"서울특별시 용산구 한강대로62길41, 3층 (한강로1가)",,85.354,18-공군 비행교수법 교육 프로그램 개선 및 개발 연구,중앙행정기관
시험평가 의사결정체계 효율화 방안 연구,공군본부,193909090.0,90.527,,(사)한국산업기술보호협회,홍종일,김용오,서울특별시 강남구 논현로189길6 (압구정동),193830218.0,,한국형 레이저 무기 조기도입 개발전략 연구,군
2020년 군 조직의 양성평등 지표 조사 및 분석 연구,국군재정관리단,196246826.0,81.21,2020-07-05,한국교통대학교산학협력단,박래호,이재평,경기도 수원시 장안구 하률로12번길80-0 (천천동),196437424.0,81.212,승선근무예비역의 병역제도 발전 방안 연구 용역,4284부대
23년 비용분석모델(True Planning) SW유지보수 용역,공군군수사령부,145675335.0,97.855,2023-03-08,주식회사 쏠바이오텍,김보연,,"경기도 성남시 수정구 복정로84번길 22-15,(B-001호) (복정동)",,97.846,(227258-F)사이버 기술분석용 장비/SW 도입,기관
18년 발칸 추적훈련 분석기(제조),공군본부,153460428.0,96.406,,주식회사 안보기술연구원,정의붕,김용희,서울특별시 서초구 서초동1432-13 202,153392366.0,,11. 국제공동연구(AI기술을적용한...),군
의료기재(금연구역 표지판 등 85종)구매,육군본부,27723608.0,84.469,,,,,,27722772.0,,SUPPRESSED,국군재정관리단
대용량 유전자데이터 분석 파이프라인 및 가시화 연구,공군본부,141828914.0,81.194,,(주)한일,남궁복자,배성권,"서울특별시 영등포구 국회대로70길15-1 (여의도동), 5층 알587호",,81.196,24년 국방연구개발사업의 성과조사 · 분석 연구 ,국군재정관리단
무기체계 전력지원체계 분류기준 재정립 연구,국방부(운영지원과),,90.488,2018-10-25,대전대학교 산학협력단,김흥중,김소미,"경기도 고양시 일산서구 산현로17번길38, 1102동 503호",560146038.0,90.48,00부대창설을 위한 공공갈등 관리방안 연구용역,국군재정관리단
국방 시뮬레이터 운용실태 및 발전방안에 관한 연구,제2879부대,,84.748,2018-06-11,,,이종범,,90006857.0,84.749,육군 미디어전 교리화 연구용역,기관
군 자동소음측정망 설치기준 및 운영방안 연구,방위사업청(운영지원과),,80.54,2018-11-21,,정봉원,,,212052976.0,80.538,군사과학기술대학원(가칭) 신설방안 연구,중앙행정기관
(20G060-A)IP교환기및국방보안조사분석시스템금융리스,국방부(운영지원과),,,2024-09-01,산업연구원,정의붕,김지훈,"서울특별시 중구 을지로6, 재능빌딩 11층 1105, 1106, 1107호",617544070.0,88.84,자동염기서열분석기 정비,군
24년 기술연구용역(3),국군재정관리단,107995233.0,,,주식회사 지니클라우드,김세종,,"서울특별시 서초구 방배천로155, 유청빌딩 3층(방배동 821-8)",108125447.0,71.168,4차 산업혁명과 연계한 미래 물자동원방안 연구,중앙행정기관
해상작전 유/무인기 최적화 운용방안 연구,국방부(운영지원과),23886807.0,,2016-01-28,,,,,23885530.0,79.02,병력책정기준 산정과 연계한 조직진단 기법 체계 연구,군
동원위주 부대 기계화 장비 개편시 효율성 분석 연구,제9691부대,,102.732,,,,,,38915399.0,102.729,프로그램 단위 성과관리를 위한 성과지표 연구,중앙행정기관
한국군 전술데이터링크 표준화 및 발전방안 연구 용역,국방부(운영지원과),216218275.0,86.327,2018-02-08,,,,,,86.328,국방 클라우드 확산 정책 연구 용역,중앙행정기관
산업협력 제도 시행을 위한 세부 방안 연구,국방부(운영지원과),,66.682,2018-02-13,인하대학교 산학협력단,임근우,이신영,대전광역시 유성구 온천로59-0 (봉명동) 905호,26542470.0,66.683,K21장갑차 전자모듈조립체 정비기술개발 연구용역,국군재정관리단
국방여군 70년사 편찬 연구,육군본부,,,2020-08-19,엘아이지넥스원주식회사,최현선,이지유,"서울특별시 강남구 영동대로602, 6층 E170호(삼성동)",108984374.0,,탄약 및 용기 레이저 제청 시스템 응용연구 용역,군
창조국방 추진을 위한 창의적 문화조성 방안 연구,제9691부대,529031816.0,96.382,2018-01-26,사단법인 안보경영연구원,전건욱,,"서울특별시 강남구 언주로527, 10층 (역삼동)",,96.383,해상작전 유/무인기 최적화 운용방안 연구,중앙행정기관
군사사연구총서고대~근대한국군사사연구용역(과제4),육군본부,34010711.0,83.814,2017-07-14,사단법인 안보경영연구원,,,"서울특별시 강남구 언주로527, 10층 (역삼동)",33959787.0,83.817,L-V-C 전투실험체계 구축방안 연구 용역,중앙행정기관
20-161 218 동물용 자동분석기 등 3품목,육군본부,103183183.0,,2021-12-22,주식회사코드원,김경일,신준호,"서울특별시 서대문구 수색로138-0, 2층(북가좌동)",103135637.0,93.649,수치해석을통한폭발하중받는강재구조물의거동분석용역,기관
함정 설계 건조 기준 및 함정규칙 정립 연구 용역,국방부(운영지원과),28295641.0,,,주식회사 굿컨설팅그룹,김규형,박영욱,"서울특별시 서초구 신반포로303, 101호 (잠원동, 에스엘빌딩)",28322050.0,86.844,군 C4I체계 보호방안 연구 용역,군
우수인재의 개념과 자격기준 연구용역,육군교육사령부,51210272.0,82.061,2020-02-14,한성대학교 산학협력단,곽재수,조대현,"경상남도 창원시 성산구 완암로50-0 (성산동, SK테크노파크) 넥스동 1103호",51178984.0,82.066,국방규격에서 인용 중인 폐지된 KS 제정 연구,군
방위사업 계약법령 체계화 방안 연구,육군교육사령부,,79.503,2019-08-05,(사)21세기군사연구소,권시형,,경상남도 진주시 동진로420 (충무공동),180589759.0,,(20F157-I)12.7mm 파쇄탄 정부투자 연구개발 사업,국군재정관리단
K1계열전차 포탑회로망상자 시험장비 개발 연구용역,국방부(운영지원과),55641410.0,94.404,2018-03-26,,,,,55666598.0,94.399,군수사 품목관리관 적정 취급품목 수 연구,중앙행정기관
유·무인 복합체계 발전방안 연구,제7821부대,,101.092,2020-11-09,,,,,,101.092,낙하산전문포장사 자격신설 연구,기관
민간군사기업(PMC) 등 민간 아웃소싱에 대한 개념연구,국군재정관리단,23537761.0,84.413,2021-07-23,해성사,최광열,오성열,서울특별시 금천구 벚꽃로298-0 (가산동) 6층 601호,23497609.0,84.406,소요결정 권한 소요군 위임시 획득절차 연구,군
자동염기서열 분석기 소모품 구매 설치,육군본부,8962382.0,90.498,,(사)한국물환경학회,신용인,김지현,"경기도 수원시 영통구 월드컵로 206(원천동, 아주대학교)",,,군인연금제도 발전방향 연구,군
공군 장기 군구조 발전구상 연구,해군군수사령부,139928799.0,,2018-08-19,(사)한국위기관리연구소,박종영,,"경기도 안양시 동안구 학의로268, 7층 708호 (관양동, 안양메가벨리)",,76.738,무기체계 전력지원체계 분류기준 재정립 연구,국군재정관리단
도약적 우위능력을 위한 미래 전력 창출 방향 연구,4284부대,215839957.0,89.772,2018-07-19,사단법인 안보경영연구원,전건욱,,"서울특별시 강남구 언주로527, 10층 (역삼동)",215830005.0,,전력발휘 보장을 위한 예비군훈련체계 연구,군
공군 수송기 전력 최적화 방안 연구용역,국방부조사본부,79077778.0,111.973,2024-02-03,주식회사 씨이지앤드플러스,,,,79048316.0,,국가전략기동군 해병대 발전방안 연구 사업,군
방위사업비리 가중처벌 법안에 대한 연구,국군재정관리단,,95.736,2019-02-08,(사)한국전략문제연구소,박정기,,"서울특별시 용산구 청파로 40, 삼구빌딩 1815호(한강로3가)",65120681.0,95.733,안정화지역 기반시설 복구방안 연구,중앙행정기관
중금속가열분석기 1항목 구매(의무),해군본부,31696668.0,92.159,,서울대학교 산학협력단,김재영,,서울특별시 영등포구 영등포로35길10-0 (영등포동6가) 8층 809호,31723333.0,92.167,복합신호분석기 구매(20198178-F),국군재정관리단
차세대 인터넷쇼핑몰 구축 정보전략계획 연구용역,국군재정관리단,73254532.0,90.427,,건양대학교 산학협력단,정의붕,,서울특별시 영등포구 영등포로35길10-0 (영등포동6가) 8층 809호,,,KMTF기반 국방정보체계 연동 고도화 방안 연구,중앙행정기관
16-상층대기 분석장비 외주정비,제2879부대,98027762.0,97.198,2022-03-30,사단법인 미래안보산업전략연구원,,이수행,"서울특별시 금천구 가산디지털2로184, 10층 1017호(가산동, 벽산디지털밸리2차)",98027388.0,97.203,생성형 AI 서비스 구축 방안 정책연구용역,군
2020년 군 조직의 양성평등 지표 조사 및 분석 연구,공군사관학교,45299383.0,,2021-04-10,,,정관용,,45290881.0,71.415,19-헬기형 UAV 운용을 위한 함정설계 개념 연구,국군수도병원
군내 성희롱 행위자 재발방지 프로그램 연구,국군의무사령부,110515545.0,85.206,2019-01-20,(주)강남,박상욱,,광주광역시 서구 마륵로28-1 (마륵동),,85.204,22-함정 대기오염 저감방안  설계영향성 연구,군
대전병원 생화학자동분석기 소모품 60종 구매,육군본부,291334890.0,94.707,2022-01-15,사단법인 한국드론혁신협회(KDIA),김화영,이도제,"서울특별시 금천구 가산디지털1로1-0 (가산동, 더루벤스밸리) 1208호",291257657.0,94.702,무기체계 공급망 관리(SCM) 최적화 프로세스 연구,군
(23G048-I)생물안전3등급 연구시설(BL-3)유지보수용역,국군재정관리단,9100592.0,96.601,2021-10-17,주식회사 한국건설경영기술원,양선희,최규식,서울특별시 송파구 법원로8길9 (문정동) 10층,,96.606,백두체계능력보강 2차 시설사업기본계획 연구용역,국군재정관리단
23-N-금속성분분석기 구매,육군교육사령부,438711369.0,94.206,2023-07-11,초코인터내셔널 주식회사,박상욱,김경호,"서울특별시 영등포구 여의대방로67길22, 602호(여의도동, 태양빌딩)",438620537.0,94.199,(237020-H)23년 조사분석용 HW 구매,중앙행정기관
22년 육군 분석평가단 소개영상 제작용역,제9965부대,268834197.0,84.828,,(주)한일종합상사,이승후,권시형,서울특별시 영등포구 영등포로35길10-0 (영등포동6가) 8층 809호,268974945.0,,(227334-E)정밀측정장비(스펙트럼분석기 등 2종)구매,군
21년 연례 육군 리더십 수준 진단 연구용역,국방부(운영지원과),106492657.0,94.121,2018-10-26,,유상호,,경기도 화성시 동탄첨단산업1로14-0 (영천동)  KTX밸리 707호,106666853.0,94.122,군사사연구총서 용역 계약,중앙행정기관
함정 도면관리를 위한 SW개발 연구용역,국방부(운영지원과),191190089.0,72.96,2016-07-20,고려대학교산학협력단,정의붕,조현정,서울특별시 용산구 한강대로46길25-0 (한강로2가) 401호,191136220.0,72.968,(21F040-G) 사이버위협분석 개발연구체계 구축 사업,중앙행정기관
24-정보우세권  확보를 위한 정보력 강화방안 연구,육군교육사령부,,,2023-04-17,주식회사 타임기술,권택조,김석용,충청남도 논산시 연무읍 연무로 320(),149331558.0,76.416,BTL관리운영권 만료사업 시설인수 운영방안 연구용역,39정찰비행단
22-공-가스크로마토그래피(질량분석식) 구매,육군본부,70137266.0,90.737,2024-01-10,,,권시형,,70156737.0,90.737,21-04-142 신호분석기 등 3 품목,국군재정관리단
ArmyTIGER4.0네트워크정보유통능력분석연구용역,해군본부,,106.405,2019-09-17,,,,,97348032.0,106.398,공군 품목관리관 자격인증제도 도입방안 연구용역,군
국방무인체계 총수명주기관리방안 연구,국군재정관리단,,69.64,2019-04-29,(사)대한영양사협회,이재원,전형준,인천광역시 미추홀구 인하로100-0 (용현동) 인하대학교,386841237.0,,항-16-007 자동면역분석기 시약 등 35종,합동참모본부
국방정보통신망 구축방향 연구 용역,국방부(운영지원과),,83.544,2021-12-24,세종대학교산학협력단,김진욱,전진홍,,79272612.0,,부대소개영화 제작 용역(연구단),군
V-C 체계간 연동기술 연구,공군본부,313102157.0,,2017-09-05,,,,"서울특별시 금천구 가산디지털2로184, 10층 1017호(가산동, 벽산디지털밸리2차)",313074050.0,67.362,국방정보체계프로젝트관리시스템 발전방안 연구,국군재정관리단
극지안보환경 변화에 따른 미래 한국해군의 역할 연구,국군재정관리단,220008951.0,,,에스엔케이와이즈주식회사,김령은,김호연,"서울특별시 강남구 봉은사로129-0 (논현동, 거평타운오피스텔) 1126호",,87.785,지형분석도 제작 재료 구매,중앙행정기관
복합재 항공기 구조물 구조건전성 해석기법 연구용역,국군재정관리단,,,2017-04-12,,유상호,,,7506890.0,,전평시 군수부대 기동화 방안 연구용역,중앙행정기관
부대활동 유형별 위험성 평가체계 연구용역,국군재정관리단,410483286.0,83.596,,,,,,,,4차 산업혁명과 항공우주력 발전 패러다임 변화 연구,국군재정관리단
공중 무인무기체계 표준화 방안 연구,합동군사대학교,504733178.0,,,,,이대영,,504932191.0,78.687,항공우주력 건설 전투발전전략 연구용역,국군재정관리단
인공지능을 적용한 군사드론의 체계 연구,합동참모본부,40391897.0,84.101,,(주)시큐에이스,김흥광,임경태,"서울특별시 송파구 중대로105-0 (가락동, 가락 ID TOWER),302호",,,포항지역 항공기 소음감소 대응방안 연구 용역,국군재정관리단
19년 육군M&S센터 전문분석관 운용 용역(2019F014-I),해군군수사령부,,91.477,2023-11-05,한양대학교 산학협력단,류장수,이수행,"서울특별시 금천구 가산디지털2로184, 10층 1017호(가산동, 벽산디지털밸리2차)",76863826.0,91.483,`18년 지형분석장비 교체사업,기관
방산수출을 위한 DFAR(美 국방조달규정) 번역 및 연구,특수전사령부,,98.392,2016-01-06,(사)21세기군사연구소,홍영기,,"서울특별시 금천구 가마산로96-0, 213호(가산동, 대륭테크노타운8차)",112282549.0,98.397,2.75인치 유도로켓 창정비 개발 사업추진 연구용역,제5378부대
19-운용함정 소음 진동 성능점검 기술연구 용역,국군재정관리단,,70.976,2020-12-03,호원대학교 산학협력단,김진욱,,서울특별시 서초구 서초동1432-13 202,93059118.0,,청년장병의 군 복무간 지원 및 보상(취업분야) 연구,중앙행정기관
CH-47헬기 호이스트 군직정비방안 연구 용역,국군재정관리단,30556272.0,,,,,,,30523708.0,,K200A1장갑차 시뮬레이터 연구개발,중앙행정기관
(217172-E)이동식 취약점 분석평가 체계 구축,제2879부대,2871053.0,93.347,2023-09-26,라이핏사이언스,NAKAZAWA TAKASHI,안차순,인천광역시 연수구 한나루로105번길68-0 (옥련동) 406동 1804호,2872922.0,93.348,복합신호분석기 구매(20198178-F),국군재정관리단
차기 탑재/양륙 모의체계 개발 개념 연구 용역,국군의무사령부,,102.283,2020-01-22,(사)한국물환경학회,곽재수,구종우,"서울특별시 송파구 송파대로24길5-6 (가락동,1층)",,,20-교육훈련 빅데이터 통합관리체계 구축방안 연구,제9691부대
RAM 분석 및 군수지원 분석방법 선진화 연구(1차),방위사업청(운영지원과),,,,서울과학기술대학교 산학협력단,민희숙,김영진,서울특별시 영등포구 당산로49길13 (당산동6가),66668565.0,81.794,19-함정 ORD 작성을 위한 설계/건조 요구조건 연구,중앙행정기관
23년 기술연구용역 계약 의뢰(4),제2879부대,,89.14,2022-10-22,,,서재달,,94522318.0,,활주로지역 배수로 개선 분석평가 및 선행연구 용역,중앙행정기관
(227239-B) 악성코드 수집분석체계 라이선스 구매,공군제17전투비행단,356736619.0,,,계명대학교 산학협력단,이윤문,김봉환,"대구광역시 달서구 달구벌대로1095-0 (신당동, 계명대학교)",356701533.0,80.766,21년 공군 항공무장효과분석모델 통합유지보수 용역,군
직ㆍ간접 전투경험 공유확대 연구용역,국군재정관리단,4146379.0,96.693,2017-11-13,,,,,4153767.0,,SUPPRESSED,군
방탄물자 신뢰성 평가 개념 및 운영방안 연구,국군제1068부대,408318250.0,84.993,,유한회사 엔디클릭,홍광표,전재신,"서울특별시 영등포구 영등포로150,A동 L152호,1304호~1313호",408381046.0,,22-해군 전장기능 지능화 추진방안 연구,국군재정관리단
(22F008-I)주민 지자체함께와상생하는훈련장연구용역,국방부(운영지원과),81670499.0,104.901,2018-12-16,주식회사 모든통상,문유경,,"서울특별시 광진구 광나루로56길63, 지하1층 113호 에스46(구의동)",81708991.0,104.9,방산소재 개발사업 기획 및 인증체계 구축 연구,중앙행정기관
전술환경 下 효율적 이동통신체계 운용방안 연구용역,해군본부,,,2021-05-25,청주대학교산학협력단,김한욱,김산회,"서울특별시 성북구 정릉로 77, 국민대학교내(정릉동)",,,아세안확대국방장관회의 사이버워킹그룹 발전 연구,국군재정관리단
군 환경시설 관리 효율화 방안 정책연구용역,제2879부대,,98.123,2021-12-02,,김진욱,박병희,,,,국방·군사시설기준 부분개정 연구용역,중앙행정기관
한국형 국방 우주력 발전 전략 연구,공군본부,46858111.0,94.063,2018-03-10,사단법인 한국갈등학회,권택연,조종열,"서울특별시 중구 동호로7길41, 2층(신당동)",,94.07,EMP 방호시설 성능시험 방안 연구용역,국군재정관리단
미래 우주전장 분석 및 공군 우주전략 수립 연구용역,방위사업청(운영지원과),94615348.0,96.176,2019-02-20,,,전희수,,94635212.0,,표적메모리 회로카드 대체품 개발 연구용역,중앙행정기관
정기기초연구과제연구용역(8.국가재난사태..),공군본부,489154453.0,107.564,2022-10-11,에이티지씨(ATGC),조은미,이우희,서울특별시 서초구 반포대로13-0 (서초동),489195884.0,,(21F137-A)항공기 사격훈련장 확장방안 연구용역,국군재정관리단
(246311-E) 분석용 고성능 PC등 2품목 (리스자산),공군방공관제사령부,203705498.0,,,동진상사,장철호,손영옥,부산광역시 강서구 녹산산업중로62-6 (송정동),,,[24-육-227] 무선 데이터통신 운영환경 동적분석 장비,합동참모본부
자동처리체계 구축 및 연구용 부품 구매,해군본부,169402107.0,91.488,2017-12-04,,,,,169460253.0,91.489,21-2차 개념설계 기술지원 연구용역,중앙행정기관
중금속가열분석기 1항목 구매(의무),해군본부,479204176.0,,2021-03-03,건양대학교 산학협력단,홍영기,엄지성,서울특별시 성북구 삼선교로16길116-0 (삼선동2가),479160897.0,,전시자원소요분석모델 장비 교체사업 리스,군
대잠훈련분석체계(AEAS) 유지보수 용역,공군제38전투비행전대,323478661.0,90.717,2018-04-26,티엠시 주식회사,신희준,,"전라남도 무안군 삼향읍 남악3로80,204호(제일프라자)",323477436.0,,세계안보정세분석 연구 용역,기관
고속전투정 기지건설 방안 연구 용역,제9691부대,131418898.0,,2018-03-27,(사)21세기군사연구소,한민구,,,,91.483,산악지역에서의 적정 무기체계 및 전투수행 방법 연구,중앙행정기관
웨어러블 로봇 운용개념 연구용역,육군본부,126871825.0,88.066,,국방대학교산학협력단,,오세형,"서울특별시 금천구 가산디지털2로184, 10층 1017호(가산동, 벽산디지털밸리2차)",126889387.0,,항공우주력 건설 전투발전전략 연구용역,군
사단 작전지휘시설 신축사업 선행연구 용역,제9691부대,,86.081,2018-09-14,금성,이정원,이기찬,부산광역시 사하구 구평로16번길 71(구평동),779842252.0,86.091,지형분석도 제작 재료 구매,중앙행정기관
방산기술보호 성숙도 모델 인증제도 추진방안 연구,국군수도병원,,104.649,,(사)한국전략문제연구소,,,,58241925.0,104.646,북단 유도로 신설사업 분석평가 및 선행연구 용역,중앙행정기관
급식유통센터 성과분석 및 (경남권)필요성 연구,육군교육사령부,,110.927,2017-02-21,,,,"서울특별시 용산구 청파로 40, 삼구빌딩 1815호(한강로3가)",,,개전초 동원긴요부대 전시 완정성 보장 방안 연구,중앙행정기관
신기술 적용을 통한 저장시설 물류향상 연구,합동참모본부,37512955.0,,2023-06-02,,,,,37510482.0,86.651,전시 물자동원 실효성 제고방안 연구,기관
물증류기  분석용 순수제조기 구매 설치,육군교육사령부,,,2022-04-15,주식회사 휴먼씨엔씨,홍영기,김상겸,"경기도 안양시 만안구 만안로49, 519호(안양동, 호정타워)",488158611.0,77.637,(21G085-H)'22년 스펙트럼 측정분석장비 유지보수용역,제2879부대
국방우주력 발전을 위한 민·군 기술협력 방안 연구,국방부(운영지원과),716366.0,,,사단법인 안보경영연구원,전건욱,,"서울특별시 강남구 언주로527, 10층 (역삼동)",716989.0,84.144,미래특임 및 항공 통합 특임여단 편성방안 연구용역,군
24-모바일 증거분석체계 교체사업,공군본부,,,2024-10-31,과학기술정책연구원,박종호,최규식,"서울특별시 서대문구 연세로 50, 연세대학교(신촌동)",79628775.0,82.832,(24F262-A) 방호시설 폭발실증시험 계측 및 분석용역,기관
지질자원연구원 MASINT DATA 수신체계 구축사업,국방부(운영지원과),17236218.0,87.372,2020-08-24,,김진욱,이광수,"서울특별시 금천구 가산디지털2로184, 10층 1017호(가산동, 벽산디지털밸리2차)",17221182.0,87.379,AI기술의 분류체계 및 적용방안에 관한 연구,중앙행정기관
방산육성 수출확대 위한 산업협력 쿼터제 방안 연구,방위사업청(운영지원과),,81.646,2020-01-18,(주)에프오알엠도시건축공간연구소,,이윤기,"서울특별시 송파구 법원로11길25-0, A동 1310호(문정동, 에이치비즈니스파크)",60028317.0,81.652,상호운용성 전문화교육체계 연구,군
사례분석을 통한 對아세안 국방협력 발전방안 연구,국군재정관리단,365679263.0,98.157,,주식회사 유니텍,,,"서울특별시 종로구 홍지문2길20-0 (홍지동, 상명대학교)",365432345.0,98.158,해상감시레이더-II 양산사업 비용분석,군
미래 육군의 우주분야 활용방안 연구 용역,국방부(운영지원과),5144841.0,83.947,,,,,"서울특별시 송파구 법원로11길25-0, A동 1310호(문정동, 에이치비즈니스파크)",,83.946,해병대 창설 70주년 기념 해병대 서체 제작 연구용역,군
부대개편이전사업 선행연구(00부대 등 4개 부대),국군재정관리단,12278550.0,83.217,,(주)지디시스,이형민,김석용,충청남도 천안시 동남구 풍세로303-0,12305845.0,83.213,공개출처정보(OSINT) 활용 사이버위협 분석방안 연구,국군재정관리단
효율적인 탄약 전력화 방안 연구,국군화생방방호사령부,,72.552,2019-07-13,,,,,,72.554,국방시설 전력소비 수용률 기준 연구용역,국군재정관리단
정기기초연구과제연구용역(3. 한국군의군수관리...),국군재정관리단,,92.623,,주식회사투씨엘시스템,이상민,이다인,"서울특별시 금천구 가산디지털1로1-0 (가산동, 더루벤스밸리) 1208호",30296179.0,,22-3차 개념설계 기술지원 연구용역,군
19-함정 고전압 육전공급설비 적용방안 연구,육군본부,126885338.0,108.648,,사단법인 한국소음진동공학회,김용오,유연호,"충청북도 청주시 흥덕구 풍년로79번길3, 3층(가경동)",,,상륙돌격장갑차 수명유지를 위한 방안 연구용역,국군재정관리단
유도로켓(비궁) 성능개량 소요 및 방법 분석 연구용역,방위사업청(운영지원과),219853683.0,81.629,2017-07-09,사단법인 안보경영연구원,전건욱,,"서울특별시 강남구 언주로527, 10층 (역삼동)",219890687.0,81.623,무인전투체계 발전방향 연구,중앙행정기관
(246311-E) 분석용 고성능 PC등 2품목 (리스자산),국군재정관리단,122576976.0,78.3,2022-03-11,동진상사,이헌웅,정주영,"충청북도 청주시 청원구 오창읍 중부로760,115동 3701호(오창 롯데캐슬 더 하이스트)",122668052.0,,(24F262-A) 방호시설 폭발실증시험 계측 및 분석용역,중앙행정기관
군인 고용보험 가입의 효과성 연구,방위사업청(운영지원과),11317027.0,,2016-05-13,법무법인(유한)태평양,김지현,이창환,"경기도 성남시 분당구 구미로8, 2층(구미동, 엠타워)",11319604.0,,주파수변환기 대체품 연구개발 용역(2019H028-B),중앙행정기관
군인 공상 추정기준 수립 연구,제9691부대,39575025.0,,,(사)한국전략문제연구소,박정기,,대전광역시 유성구 대덕대로512번길20-0 (도룡동) 대전정보문화산업진흥원 304호,39554666.0,106.821,AI 기반 6세대 전투기 운용개념 및 발전방안 연구,중앙행정기관
19-미래 유무인 항공전력 복합운용 전력소요 연구,육군본부,,94.585,,동성켐텍,서선숙,김수권,"경기도 고양시 일산동구 중앙로 1233, 현대타운빌 1305호(장항동)",138780868.0,94.586,21년 차세대 첨단함정 건조가능성 검토 연구용역(IV),국군재정관리단
전투실험 발전 세미나 과제 연구용역(1),공군군수사령부,118374767.0,80.81,,한성대학교 산학협력단,김재영,황병윤,"경기도 용인시 수지구 죽전로 152, 단국대학교내(죽전동)",,80.803,신기술 적용을 통한 저장시설 물류향상 연구,4284부대
해군교전급분석모델(Build-I) 체계개발사업,국군의무사령부,,,2024-05-14,사단법인 한국국가전략연구원,한수희,김경섭,,67437924.0,106.444,(20F058-A)소음영양도작성을위한소음측정및분석용역,합동참모본부
(236498-C) 23년 영상분석서버 및 PC 제조설치,국방부(운영지원과),203586733.0,,2024-08-27,(사)21세기군사연구소,김진욱,이은경,"서울특별시 금천구 가산디지털2로184, 10층 1017호(가산동, 벽산디지털밸리2차)",203683690.0,,24년 자동염기서열분석기 검교정 등 정비,중앙행정기관
미래 우주전장 분석 및 공군 우주전략 수립 연구용역,해군본부,,,,국방대학교산학협력단,김한욱,,"서울특별시 서대문구 연세로 50, 연세대학교(신촌동)",85244621.0,,2020년 군 조직의 양성평등 지표 조사 및 분석 연구,군
함정사업 적정 사업기간 연구,육군인사사령부,420860396.0,97.366,2019-11-24,사단법인 안보경영연구원,박정기,,"서울특별시 용산구 청파로 40, 삼구빌딩 1815호(한강로3가)",,,국방정책 연구지원 발전 기획 연구,중앙행정기관
낙하산전문포장사 자격신설 연구,해군군수사령부,71622904.0,77.51,2019-01-13,(사)21세기군사연구소,유상호,황병윤,"서울특별시 금천구 가산디지털2로184, 10층 1017호(가산동, 벽산디지털밸리2차)",71656164.0,77.5,정보역량 강화 연구용역,군
선외기 프로펠러 안전장치 성능개선 연구용역,제9691부대,,87.641,2020-07-23,주식회사 리눅스데이타시스템,방준성,윤정민,경기도 화성시 10용사로456-0 (반송동),,,AI 적용 무기효과 산출 고도화 연구,중앙행정기관
도태항공기 활용 EMP야외환경 시험 연구용역,제9691부대,116284364.0,70.291,2018-09-02,사단법인 안보경영연구원,,,"서울특별시 강남구 언주로527, 10층 (역삼동)",116283263.0,,ArmyTIGER4.0네트워크정보유통능력분석연구용역,군
탄약고 안전거리 재산정을 위한 선행연구 용역,국방대학교,,79.846,2021-04-15,사단법인 한국국가전략연구원,한수희,,,411023068.0,79.857,전자기스펙트럼 측정/분석체계 운용방안 연구,합동참모본부
19-AW159 PBL 비용대효과분석 및 성과지표 개발 연구,방위사업청(운영지원과),501844765.0,102.843,2017-02-24,주식회사 미주씨앤디,김지현,이상규,"서울특별시 강남구 논현로28길54-0 4층 (도곡동, 덕원빌딩)",,,20-Lynx 군수지원 여건 고려 적정 수명주기 연구,중앙행정기관
무기체계 유형별 맞춤형 R&D 수행절차 연구,육군교육사령부,1312202.0,,,주식회사 지니클라우드,오진성,김정일,"경기도 고양시 일산동구 중앙로1305-30, 728호 (장항동, 일산마이다스오피스텔)",,102.849,미래 우주전장 분석 및 공군 우주전략 수립 연구용역,중앙행정기관
중금속가열분석기 1항목 구매(의무),육군군수사령부,276825633.0,,2023-09-04,광운대학교산학협력단,차진섭,박병희,서울특별시 용산구 한강대로46길25-0 (한강로2가) 401호,276754887.0,,19-회로분석기 구매(20199065-H),제5378부대
20-주파수편이용 분석기 구매,육군교육사령부,,106.353,,사단법인 안보경영연구원,전건욱,,"서울특별시 강남구 언주로527, 10층 (역삼동)",,,(20F066-A)소음영향도작성을위한 소음측정및분석용역,군
국내 대형민간항공기 활용 공중발사 가능성 분석 연구,제9691부대,42879293.0,101.342,2019-11-24,,,,,42882904.0,,개발사업 군사작전 영향검토 및 법제화 방안 연구,군
22-12차 연구장비 구매 계약 - 초저온냉동고,제9691부대,,92.799,2018-10-11,(주)디앤오종합건축사사무소,이승모,,"서울특별시 강남구 도산대로 507, 대신빌딩205호(청담동)",98496284.0,,안보학술진흥연구용역(3.국내안보환경분석또는),중앙행정기관
국방 연구개발 법제 개선 연구,해군본부,,,,주식회사 에이티지씨(ATGC),신훈길,최영상,충청북도 청주시 청원구 율봉로159번길73-1 (율량동),,,2023 임상의학연구센터 통계프로그램 구매,군
군 급식 피복류 조달이관 성과분석 연구,해군본부,44697874.0,100.222,2022-05-06,주식회사 다윤테크,나상억,김현묵,"전라남도 무안군 삼향읍 남악3로80,204호(제일프라자)",44698709.0,100.223,전파영향평가 방법 비교분석 및 실증 연구,국군재정관리단
정신전력 측정도구 및 지표 개발 연구,제9691부대,42572186.0,84.946,2020-07-18,,,박계향,,,84.939,수도권 동원예비군 수송방법 개선방안 연구,중앙행정기관
자율·군집비행 활용 복합작전개념 연구(소형 UAS),공군군수사령부,958313058.0,100.651,2021-07-30,한양대학교 산학협력단,,,,958128408.0,100.653,군의료 특성화 연구용역(말라리아 발생 예측연구),군
통일후육군구조(안)에대한 합참과 육군(안)에대한분석,해군작전사령부,105052455.0,,2023-03-08,주식회사 조인트리,박영선,심장원,"경기도 의왕시 오봉산단3로25, 1동 303호(삼동, 의왕테크노파크더리브비즈원)",,,군 주거시설 개선 연구용역,국군수도병원
22-경항모 건조가 산업에 미치는 영향 분석,육군본부,26719523.0,95.087,2021-08-29,행복한 일 연구소,김범준,김정자,"경상남도 진주시 장대로 38, 현대빌딩 4층(장대동)",,,(227258-F)사이버 기술분석용 장비/SW 도입,군
4차 산업혁명 연계 군시설 관리체계 연구 용역,국방부(운영지원과),,79.622,2018-03-25,주식회사 스마트포트테크놀로지,안은희,이경순,세종특별자치시  국책연구원로15-0 (반곡동),,,복수활주로 건설사업 분석평가 및 선행연구,군
의무피복류 보급기준 및 품질개선에 대한 연구,방위사업청(운영지원과),369500892.0,92.536,2019-01-03,사단법인 안보경영연구원,박정기,,"서울특별시 강남구 언주로527, 10층 (역삼동)",369559618.0,92.534,22-6차 연구장비 구매 계약 - 시약 및 약품냉장고,중앙행정기관
물증류기  분석용 순수제조기 구매 설치,합동참모본부,,98.235,2021-09-10,넥스트에이비,안완기,박정국,"대전광역시 서구 대덕대로319, 2층 212호(월평동, 우림빌딩)",280143333.0,98.24,방산물자 기술수준 및 경쟁가능성 심화 조사 및 분석,군
K21장갑차 전자모듈조립체 정비기술개발 연구용역,4284부대,203326389.0,85.07,2024-08-26,,,이대영,,203315336.0,85.071,군 보건의료 발전계획 선행연구,합동참모본부
국방 전력발전체계에서의 전투실험체계 정립 연구용역,방위사업청(운영지원과),19917407.0,90.248,2017-02-23,사단법인 한국국가전략연구원,,,"서울특별시 용산구 한강대로62길41, 3층 (한강로1가)",,90.247,민군 협력을 통한 상호가치 창출 활성화 방안 연구,중앙행정기관
저피탐 고도화 기술확보방안 연구,육군교육사령부,120453086.0,108.646,2017-06-06,주식회사 오로라,김종광,이경미,경상북도 포항시 남구 효자로138-0 (대잠동),,108.648,방위사업에 특화된 계약법 제정을 위한 연구,중앙행정기관
24-항공관제 분석체계 유지보수 용역,공군군수사령부,366224028.0,,2022-11-13,주식회사 마에스트로네트웍스,전세희,김성훈,"인천광역시 남동구 문화서로65번길9, 1301호(구월동, 웰메이드)",,98.729,23년 성능개량 전파분석체계 도입사업,제9691부대
4차 산업혁명 기술적용 공군훈련체계 발전방향 연구,국군재정관리단,,,,,,,,25649751.0,105.045,22-공군 기후예측 및 기후변화 시나리오 연구용역,중앙행정기관
20-교육훈련 빅데이터 통합관리체계 구축방안 연구,국군재정관리단,,84.824,,제이에스전자,한영수,,"서울특별시 동작구 상도로133, 5층 (상도동, 두덕빌딩)",40697312.0,84.815,민간우주기술을 접목한 육군우주력 발전방안 연구,국군재정관리단
발칸 열영상 야간조준기 양산사업 비용분석,육군교육사령부,,96.496,,(사)21세기군사연구소,한수희,조노희,"서울특별시 종로구 홍지문2길20-0 (홍지동, 상명대학교)",64333071.0,96.482,인터넷접속/전자우편 통제 및 분석체계 교체사업,군
미래 육군비행장 발전계획 검증 연구 용역,육군교육사령부,368256128.0,,,,,,충청남도 논산시 양촌면 황산벌로1040,368320436.0,,Edu-Tech 교육체계 개발 연구용역,군
분석기 구매,육군본부,62441589.0,74.405,2022-07-29,디엠글로벌,이성로,김정자,"서울특별시 영등포구 영등포로150,A동 L152호,1304호~1313호",62423456.0,,19년 발칸 추적훈련 분석기(제조),중앙행정기관
중증외상질환 예후예측인자 발굴 및 관리방안 연구,방위사업청(운영지원과),73613208.0,77.871,,사단법인 안보경영연구원,신관우,,,73686635.0,,17년 전투발전 연구용역 과제 세미나 수행 용역,군
전투복 위장무늬  디자인 및 적용소재 연구용역,공군본부,362896808.0,97.664,,사단법인 안보경영연구원,전건욱,,,363031110.0,97.661,2019년 범국민 안보의식조사 연구 용역,중앙행정기관
전투발전 연구용역 과제 세미나 수행 용역,국군재정관리단,,107.065,,,,,,230293483.0,,탄약 및 용기 레이저 제청 시스템 응용연구 용역,제20전투비행단
군복무 가치 평가 관련 설문조사 연구용역,합동상호운용성기술센터,75031600.0,90.622,,사단법인 안보경영연구원,전건욱,,"서울특별시 강남구 언주로527, 10층 (역삼동)",,90.62,21년 전군 감염병 감시 지원체계 구축방안 연구용역,군
국방과학기술 전문인력 소요분석 연구,해군교육사령부,7110556.0,,2022-03-14,한빛디엔에스(주),유상호,,"부산광역시 해운대구 센텀북대로60, 915호",7120764.0,,0000 수집/분석장비 구매,군
유도무기 적정 수리부속 보유량 산출 연구 용역,방위사업청(운영지원과),,,2016-11-14,청주대학교산학협력단,박재완,정택호,"서울특별시 서초구 신반포로303, 101호 (잠원동, 에스엘빌딩)",,83.517,민수용 드론의 비행기지 작전지원 활용방안 연구,중앙행정기관
UAV 정비용 장비(스펙트럼 분석기) 구매,해군본부,261533849.0,87.48,2022-03-30,사단법인 안보경영연구원,전건욱,,,,87.484,하이드로릭 입자분석기 구매,제9691부대
탄약 물류혁신을 위한 확보  재산관리 개선방안 연구,육군교육사령부,,79.54,,소프트플로우 주식회사,고윤안,윤진영,"경기도 성남시 중원구 사기막골로159-0 (상대원동, 금강하이테크2 아파트형공장) 711호",,79.543,육군 병영생활관 신축기준 연구용역,군
EMP방호 개선방안 연구,방위사업청(운영지원과),,,2018-01-22,주식회사 피앤씨솔루션,김태호,정경아,경기도 화성시 10용사로456-0 (반송동),13375901.0,89.857,군인연금수급자 사망률 개선 연구,군
방위사업 분야 블록체인 적용방안 연구,국방부(운영지원과),23778172.0,,2024-06-22,사단법인 안보경영연구원,전건욱,,"서울특별시 강남구 언주로527, 10층 (역삼동)",,86.674,1형 복합부위 통증증후군 생체지표 발굴 연구용역,중앙행정기관
함정추진축계이상소음발생위치추정및원인분석기법연구,국군재정관리단,541162209.0,,,,권시형,,,541233707.0,113.052,AI 기반 6세대 전투기 운용개념 및 발전방안 연구,군
분석기 구매,국군재정관리단,,,2020-09-12,주식회사 오파스넷,조민구,고윤안,서울특별시 금천구 벚꽃로298-0 (가산동) 6층 601호,76023619.0,98.62,국방무인체계 총수명주기관리방안 연구,군
120mm 전차포신 약실 검사장비 개발 연구용역,방위사업청(운영지원과),,87.064,,사단법인 대한민국해군발전협회,신인균,이귀숙,서울특별시 영등포구 영등포로35길10-0 (영등포동6가) 8층 809호,53656934.0,87.06,23-공군 리더십교육체계 발전방안 연구,중앙행정기관
의료기재(금연구역 표지판 등 85종)구매,육군교육사령부,,112.885,,,구칠효,고은미,"서울특별시 송파구 법원로9길26, D동 1104호(문정동, H-비즈니스파크)",282132203.0,,사이버전문인력 육성을 위한 교육 및 개선방안 연구,중앙행정기관
미래 합동특수작전사령부 창설 필요성 연구용역,해군군수사령부,,,,,,,,75438525.0,89.208,함정 건조사업 추진단계 효율성 향상방안 연구,합동참모본부
16-인성교육프로그램 등 연구 용역 계약,국군재정관리단,,,,럭키상사,,이수행,"서울특별시 금천구 가산디지털2로184, 10층 1017호(가산동, 벽산디지털밸리2차)",133539679.0,79.652,SUPPRESSED,군
[24-육-128] 예비전력발전세미나 주제 연구(Ⅰ),국군재정관리단,43016176.0,104.431,,주식회사 한국엔브이,김회율,조정순,"충청남도 천안시 서북구 쌍용17길8, 3동 1202호(쌍용동, 쌍용모란아파트)",42980699.0,,생화학자동분석기 등 83종 구매(20197024-E),중앙행정기관
민수용 드론의 비행기지 작전지원 활용방안 연구,육군교육사령부,71047702.0,98.202,2016-03-01,주식회사 공공정책성과평가연구원,노광현,이창환,충청남도 논산시 양촌면 황산벌로1040,71031351.0,98.196,계층별 리더십 핵심역량 정립 연구용역,중앙행정기관
2017 PACC & PAMS 연구용역,국방부(운영지원과),18576338.0,,,,,,,18567445.0,88.079,2017 PACC & PAMS 연구용역,국군재정관리단
(207143-H)취약점 분석장비 구매,국군복지단,144184873.0,91.395,,대길상사,이정훈,최영복,경기도 의왕시 오봉산단3로25 (삼동) 의왕테크노파크 더리브비즈원 1동1528호,144260439.0,91.392,(217271-C) 의무장비(자동분석기 생화확 대형) 구매,4284부대
유전자 서열 분석기,육군교육사령부,119832125.0,84.168,2024-06-08,광운대학교산학협력단,김한욱,양진,"서울특별시 강남구 테헤란로78길16, 6층 (대치동, 노벨빌딩)",119795742.0,,`18년 헌병 디스크 증거분석체계 교체사업,국군재정관리단
24년 국방연구개발사업의 성과조사 · 분석 연구 ,공군본부,129539352.0,,2020-10-17,,,이승기,,129453401.0,88.637,군 급식 민간위탁 시범사업 성과분석 연구,군
부대재배치 선행연구 용역(2019F065-B),공군본부,148404842.0,,2017-10-24,(주)마린테크인,,,"서울특별시 서초구 방배천로155, 유청빌딩 3층(방배동 821-8)",,106.04,해병대사령부 통.폐합과 재창설에 관한 연구용역,국군재정관리단
생화학자동 분석기 구매(20199034-D),국방부(운영지원과),,,2024-08-25,,,,,223261105.0,,20~21년 분석용모델(3종) 유지보수 용역(2019F173-C),군
21 분석기 주파수편이용 1종 구매,국군제1068부대,,,2022-06-15,주식회사 나비시스템,홍순모,이승재,제주특별자치도 제주시 첨단로251 (영평동),,91.902,한국형 방산수출금융지원기준 설정방안 연구,기관
(23G250-I) 분석관리체계 금융리스,합동참모본부,451136789.0,94.47,2022-05-23,한양무선통신,유흥배,,충청북도 청주시 청원구 오창읍 농소길33-56,451153573.0,94.474,유압유 미립자 분석기 교정키트 구매,중앙행정기관
공군 방공포부대 이전 요구 연구용역,국군재정관리단,33674958.0,83.178,2017-08-07,,,,,33680776.0,83.184,과학에 기초한 장병 정신교육 연구용역,군
방산업체 방위산업기술 보호역량 강화방안 연구,방위사업청(운영지원과),71917733.0,82.112,,주식회사 씨이지앤드플러스,차진섭,이성태,"서울특별시 금천구 가산디지털2로184, 10층 1017호(가산동, 벽산디지털밸리2차)",71893318.0,82.119,22-해병대 병영문화혁신 외부 연구용역,국군재정관리단
국방컨벤션 발전방향 연구용역,국군재정관리단,,,2020-10-24,,,권시형,,24408356.0,99.944,군 주파수 대역정비 방안 연구,제2879부대
상호운용성 전문화교육체계 연구,국군재정관리단,228091985.0,92.233,2019-08-20,국립금오공과대학교산학협력단,서승현,김은민,"충청북도 청주시 상당구 용암북로44번길3, 101호(용암동)",,92.236,첨단 ICT 적용한 신규 C4I 연구용역,군
(207110-C) '20년 연구활동 재료(시약  초자) 구매,공군제15특수임무비행단,79264916.0,83.442,2019-09-09,주식회사자연,이용훈,김종원,전라북도 완주군 삼례읍 삼례로 443 우석대학교내(본관 12층),,83.445,무기체계 안전성 시험평가방안 연구,제2879부대
22-美 해군 6.25전쟁 분석자료 번역 용역,국군의무사령부,244274324.0,91.39,2021-01-12,주식회사 동빈글로벌,백영삼,심지민,"서울특별시 강남구 논현로134길13, 402-2호(논현동, 덕산빌딩)",244388924.0,91.39,(217097-E)차세대유전자 서열분석기 구매설치,합동참모본부
의료기재(금연구역 표지판 등 85종)구매,국군재정관리단,,85.704,2019-12-12,사단법인 한국국가전략연구원,권시형,윤진영,,67535911.0,,의료기재(금연구역 표지판 등 85종)구매,군
미래 지휘통제체계 발전방안 연구용역,제2879부대,96272371.0,,,한길씨앤씨 주식회사,이재원,한소희,서울특별시 용산구 한강대로100(한강로2가),96258798.0,,유도로켓(비궁) 성능개량 소요 및 방법 분석 연구용역,중앙행정기관
20년 국방정책연구과제,국군재정관리단,20229682.0,93.749,2022-04-18,(사)국방시설연구협회,신준호,최규식,"서울특별시 강남구 도산대로 507, 대신빌딩205호(청담동)",20209331.0,,자주도하장비 시설사업기본계획 수립을 위한 연구용역,군
기갑/기계화부대 중대급 교전훈련장비 2차 선행연구,해군본부,141685019.0,,2020-06-25,,,,"서울특별시 강남구 언주로527, 10층 (역삼동)",141751853.0,71.423,23-고출력에너지 무장 함정탑재 요구조건 연구,군
24-그린나래호텔 리모델링 계획의 적절성 분석연구,합동상호운용성기술센터,,,2021-05-26,,,,,226136648.0,,대장균 정성분석키트 등 28항목 구매(물품 해파),군
군용차량 운행 안전성 및 안전관리 개선방안 연구,국방부(운영지원과),85277168.0,,2022-09-18,대륙씨엠아이 주식회사,윤미경,김민영,전라남도 장성군 남면 나노산단3로21,,,국방과학기술 전문인력 소요분석 연구,군
미래 특수작전수행 개념과 전력발전 소요 연구용역,국방부(운영지원과),42865436.0,102.44,,,,,,,,전투실험 중장기 종합발전계획 연구용역,군
교육연구자료 원문 DB 구축 용역,해군본부,26733155.0,,2022-02-19,,,,,,,군 의료 혁신을 위한 의료전달체계 개편 연구용역,제9691부대
23-중북부 물류거점 입지 선정 및 효과 연구,국방부(운영지원과),26363776.0,,2023-03-18,건양대학교 산학협력단,반상우,박계향,"대전광역시 유성구 대학로 99(궁동, 충남대학교)",26385988.0,,미래 예비군 제도를 대비한 예비군 개념 정립 연구,중앙행정기관
병리장비소모품(생화학 자동 분석기 등 84종) 구매,국군재정관리단,195323404.0,,2022-05-13,(주)아이엠티,경상현,주현미,"서울특별시 서초구 강남대로6길11 선우빌딩 4,5층 (양재동)",,,항공통제기 2차 시설사업 기본계획 수립 연구용역,국군재정관리단
중장비 수송차량 이동을 위한 도로능력 검증 연구용역,국군의무사령부,,,2022-04-24,주식회사 안보기술연구원,노광현,황병윤,"경기도 시흥시 희망공원로 92, 시화공단2마 301-3호(정왕동)",205399416.0,101.093,선진 육군가치문화 조성 연구용역,중앙행정기관
무인수상정 탑재운용 군 요구조건 도출 연구용역,국방부(운영지원과),293468570.0,67.161,2017-01-27,(사)21세기군사연구소,,,"서울특별시 송파구 법원로11길25-0, A동 1310호(문정동, 에이치비즈니스파크)",293380131.0,67.156,미군 전투실험 논리 및 기법의 우리군 적용방안 연구,국군재정관리단
(237345-F)기체크로마토그래피 질량분석기 구매,방위사업청(운영지원과),408022350.0,91.139,,명지대학교 산학협력단,한민구,최동숙,"서울특별시 금천구 가산디지털2로184, 10층 1017호(가산동, 벽산디지털밸리2차)",408071759.0,,(236044-G)사이버 조사분석체계 교체 및 추가도입사업,중앙행정기관
(217122-B)연구장비(차세대염기서열분석기) 구매,육군교육사령부,35160262.0,79.67,2020-02-08,(사)21세기군사연구소,한민구,,,,79.663,해병 과학화경계시스템 추진방안 연구 용역,군
군 대민지원 분야 및 적정 범위 연구,방위사업청(운영지원과),224909533.0,90.531,2021-07-07,주식회사 아레스,김진원,이수행,세종특별자치시  국책연구원로15-0 (반곡동),224861182.0,90.532,군사시설 유형별 시설기준 제 개정 연구,중앙행정기관
지능형 전군 악성코드 수집분석체계 구축(리스물건),해군본부,160473629.0,,,사단법인 안보경영연구원,,,,160617023.0,84.091,전자파 분석장치 등 2종 구매,중앙행정기관
정비공정 분석도구 구매,공군군수사령부,,,,(주)제트코,홍수정,배성권,서울특별시 금천구 가산디지털2로184-0 (가산동) 112호,315313829.0,,제주기지 전개잠수함 저주파분석훈련장 구축사업,국군재정관리단
악성코드 동적분석 SW 라이선스 연장 구매,국방부(운영지원과),,81.868,,건양대학교 산학협력단,박상희,방윤지,"서울특별시 광진구 광나루로56길63, 지하1층 113호 에스46(구의동)",125781078.0,81.871,자동염기서열분석기 정비 및 검교정,중앙행정기관
한국군 공정사단 필요성 및 운용개념 편성방안 연구,국방부(운영지원과),794560.0,102.779,,(사)한국전략문제연구소,,,,795805.0,102.785,소화기 소음기 선행연구 용역,중앙행정기관
잠수함 지휘통신체계 경미한 성능개량 사업분석,공군군수사령부,201445467.0,92.141,,계명대학교 산학협력단,송영호,김호연,"대전광역시 서구 도산로485-0, 4층 (탄방동)",,92.135,(236043-G) 23년 모바일·IoT 조사분석체계 도입사업,국군재정관리단
무인전투체계 발전방향 연구,방위사업청(운영지원과),194500801.0,83.44,2019-08-05,사단법인 안보경영연구원,김형철,,"서울특별시 강남구 언주로527, 10층 (역삼동)",194462682.0,83.454,수중전술기기통제사 자격 신설 연구,중앙행정기관
K21장갑차 전자모듈조립체 정비기술개발 연구용역,제9691부대,16915147.0,78.758,,사단법인 대한민국 육군발전협회,한민구,장재필,대전광역시 유성구 대학로291-0 (구성동),16911977.0,78.756,해성-I 유도탄 창정비요소개발 비용분석 연구,군
방공포병 모의훈련체계 구축 가능성 연구용역,제9691부대,115027188.0,,2020-01-05,주식회사 조인트리,문강분,배성권,"서울특별시 은평구 진흥로 225,(불광동)",115055370.0,,부대개편이전사업 선행연구(00부대 등 4개 부대),중앙행정기관
50년 함건조 사례분석 및 발전방안 정립 연구 용역,국방부(운영지원과),,,2023-12-25,,박정기,김중곤,,,86.656,계층별 리더십 핵심역량 정립 연구용역,군
22년 기술연구용역 계약(2),국방통합데이터센터,,104.006,2019-02-25,(사)한국위기관리연구소,강창선,김규호,"경기도 성남시 수정구 복정로84번길 22-15,(B-001호) (복정동)",127618289.0,104.009,22-15차 연구장비 구매 계약 - 진탕욕조,국군재정관리단
군 범죄피해자 보호·지원을 위한 정책 연구,해군본부,62790901.0,93.354,2017-08-13,,,,,62765192.0,,정보통신기능 성능개량 체계 구축 연구 용역,중앙행정기관
기술인력육성 보조사업자 운영성과 평가 및 연구,국군재정관리단,,,2020-02-14,,,이정암,,,,민군복합타운 조성을 위한 제도적 방안 연구,군
극초음속 비행체 대응 미사일방어체계 확보방안 연구,방위사업청(운영지원과),,87.985,2022-02-25,재단법인 에프아이티아이시험연구원,김진욱,전수현,"서울특별시 노원구 광운로 20(월계동, 광운대학교)",82174079.0,,대형양산사업의 제반 조건 분석 및 방안 연구,중앙행정기관
무기거래조약에 따른 수출입통제 개선방안 연구,육군본부,,113.1,2017-08-12,사단법인 안보경영연구원,박정기,,,136279443.0,113.109,전투발전 연구용역 과제 세미나 수행 용역,중앙행정기관
해성-I 유도탄 창정비요소개발 비용분석 연구,방위사업청(운영지원과),206633543.0,105.872,,에스앤에스이앤지 주식회사,,이우희,"서울특별시 금천구 가산디지털2로184, 10층 1017호(가산동, 벽산디지털밸리2차)",206734682.0,,군의료 특성화 연구용역(말라리아 발생 예측연구),중앙행정기관
18-함정EMP보호대책적용사례분석및개선사항도출연구,육군교육사령부,2346743.0,,2019-04-18,사단법인 안보경영연구원,전건욱,,"서울특별시 용산구 청파로 40, 삼구빌딩 1815호(한강로3가)",,83.099,차세대 첨단함정 건조가능성 연구용역(2019H044-B),중앙행정기관
추진장약 저장수명 예측 가속노화시험 연구용역,제2879부대,,68.427,,,,,,,68.427,20년 수송기술병참선 제원 연구용역,군
24-항공관제 분석체계 유지보수 용역,국군재정관리단,111082802.0,98.513,2023-02-14,주식회사 천일,김부원,황인선,"서울특별시 성동구 아차산로17, 11층(성수동1가, 서울숲엘타워)",111146414.0,,유압유 미립자 분석기 교정키트 구매,국군재정관리단
미래 트랜드 변화와 육군의 대응방향 연구 용역,공군본부,133550597.0,89.388,2021-02-25,사단법인 미래안보산업전략연구원,김진원,윤병찬,"경기도 성남시 수정구 창업로54, 504호 (시흥동)",133491201.0,89.382,무기체계 유형별 맞춤형 R&D 수행절차 연구,군
함정 연구개발 군 요구조건 관리방안 연구용역,방위사업청(운영지원과),,82.348,2016-06-12,(주) 솔포스텍,김상인,염진수,"경기도 수원시 영통구 월드컵로 206(원천동, 아주대학교)",,82.353,국방기술조직을 활용한 함정 기술관리 방안 연구 용역,군
FA-50 성능개량 방안 연구,국군재정관리단,,93.419,,,,,,32184171.0,93.42,기갑및기계화부대 중대급 교전훈련장비 선행연구 용역,중앙행정기관
KJCCS 경미한 성능개량 사업 비용분석,국방부(운영지원과),34937798.0,,,서울대학교 산학협력단,이용준,김지훈,경기도 광주시 중앙로200-0 (송정동) 203호,34897737.0,90.474,24-F-생화학분석기 대형 등 4종 구매,군
정기기초연구과제연구용역(3. 한국군의군수관리...),공군작사근무지원단,637089.0,83.155,2021-04-16,사단법인군사정보발전연구소,오중산,박미진,"서울특별시 동작구 상도로133, 5층 (상도동, 두덕빌딩)",637107.0,83.149,F-15K/E-737 항공기 특성(RCS/IR Signature) 연구,군
(237001-H)스펙트럼 측정/분석장비 노후 교체,공군본부,,,2022-08-26,,,,,,93.961,(237001-H)스펙트럼 측정/분석장비 노후 교체,국군재정관리단
원주기지 활주로 재포장사업 선행연구 용역,육군인사사령부,197012366.0,,,사단법인 한국국방기술학회,김석환,박계향,서울특별시 동대문구 경희대로26-0 (회기동),197032231.0,75.817,내부자 사이버위협 방어대책 연구용역,합동참모본부
조종사 피로관리 프로그램 개발 연구용역,국방부(운영지원과),20030348.0,83.552,2022-05-03,,,권시형,,20031574.0,83.547,함정구조해석용 모델링 DB 개발 연구(2019H038-E),군
20-Lynx 군수지원 여건 고려 적정 수명주기 연구,국군재정관리단,134359029.0,88.502,,,박정기,,,,88.497,국방 정보기술 조사·분석 연구,중앙행정기관
ISR 자산의 효율적 통합 운용방안 연구,방위사업청(운영지원과),150215915.0,108.354,2020-08-23,국방기술품질원,권선애,이우희,"서울특별시 용산구 한강대로109-0 (한강로2가),404호(용성비즈텔)",,108.348,방위사업 전문교육기관 시설 기초조사 연구,군
24-군 상시학습제도 도입 방안 연구 용역,제2879부대,65638823.0,90.866,2022-03-24,주식회사 인섹사이버시큐리티,엄영석,박종호,"서울특별시 성북구 종암로22길12-8, 2층 201호(종암동)",65689906.0,,해병대 간부 및 병 획득율 제고를 위한 개선방안 연구,국군재정관리단
원주기지 활주로 재포장사업 선행연구 용역,국군재정관리단,123433259.0,,2016-05-22,,,,,123451499.0,,전구급 항공작전 분석모델의 표적가중치 산정 연구,군
영평사격장 주변지역 주민이주 방안 연구,제9691부대,21460252.0,,,,박정기,,"서울특별시 강남구 언주로527, 10층 (역삼동)",21462178.0,,병력책정 기준연구(비행대대 조직구조 개선방안),중앙행정기관
상륙공격헬기 사업분석,국군재정관리단,127113222.0,,2021-01-06,주식회사 명품시스템,정안수,황병수,"경기도 성남시 수정구 복정로84번길 22-15,(B-001호) (복정동)",,101.176,2019년 의무장비(자동분석기 생화학용 대형) 구매,군
정밀측정장비(제원분석기) 구매,해군군수사령부,,96.35,2023-01-08,호원대학교 산학협력단,,,,50521611.0,96.341,휴양시설  기숙사 민·관·군 개발운영 연구용역 ,군
미래 육군의 우주분야 활용방안 연구 용역,제2879부대,166739335.0,78.628,,,,,,166731808.0,,사이버 위협수준 평가 신뢰도 향상방안 연구,국군재정관리단
활주로 피해복구용 골재 품질기준 및 관리방안 연구,국군재정관리단,248261786.0,,2020-09-02,산업연구원,홍영기,김지훈,,248251630.0,93.343,접경지역 부대개편에 따른 상생협력방안 연구,군
(227215-D) 비용분석용 상용SW 구매,국군수도병원,,89.694,2022-12-16,(사)대한토목학회,최권석,이희섭,"서울특별시 성북구 정릉로 77, 국민대학교내(정릉동)",,89.698,(237196-C) 악성코드 수집분석체계 장비 교체,국군재정관리단
22-공-분석기  주파수편이용 구매(229037-F),국방부(운영지원과),42664524.0,100.113,2022-02-01,사단법인 대한민국공군발전협회,곽재수,김지영,충청남도 논산시 양촌면 황산벌로1040,42661401.0,,디지털 증거분석체계 라이센스 확보 사업,제9691부대
육군 개인 재능 평가지표 개발 연구용역,국군재정관리단,,102.799,,,,,,,102.794,22-12차 연구장비 구매 계약 - 초저온냉동고,중앙행정기관
전장리더십 역량의 평시 개발 연구,국방대학교,,80.532,2016-06-22,주식회사 제니컨벤션,최진식,이창환,"서울특별시 강남구 영동대로602, 6층 E170호(삼성동)",14094337.0,,선체고정음탐기 선행연구 용역,기관
지형분석용 차량(개조) 제조,국방정보본부,23457250.0,97.631,2019-06-26,(사)한국위기관리연구소,송윤재,홍광표,"서울특별시 송파구 송파대로167 , 비동 1303호 (문정동, 문정역테라타워)",23464209.0,,수치해석을통한폭발하중받는강재구조물의거동분석용역,4284부대
23년 의무장비(전기수술기 분석기) 구매,국군재정관리단,,74.679,2023-07-09,주식회사 베가스,박호,전용호,"경기도 고양시 덕양구 삼원로73, 721호(원흥동, 원흥한일윈스타)",190958590.0,74.678,(226154-E) 차륜정비장비(분석기 차량엔진용) 구매,군
국방무인체계 총수명주기관리방안 연구,제9691부대,,94.657,,씨지에스아이티(주),김준식,김소미,"서울특별시 강남구 테헤란로512, 10층(대치동, 신안빌딩)",13986550.0,94.654,교육장비(질량분석기) 구매,군
20년 전파환경 측정/분석장비 유지보수 용역,육군제8971부대,197788504.0,63.894,,,김진욱,양지혜,,,63.895,(20F169-A)지형분석장비 교체사업 등 17건 금융리스,국군재정관리단
22-해-금속성분분석기 구매,제2879부대,39676275.0,,,주식회사 길상산업,노광현,조대현,"서울특별시 종로구 자하문로24길58, 1,2층(효자동)",39665621.0,82.218,국방해킹범죄수사센터 상황분석 시스템 구축,제5738부대
AI 기반 UAV 군집운용 해상작전적용 가능성 연구,국군재정관리단,,,2021-03-09,사단법인 한국국가전략연구원,,황병윤,,,,16년 정비지원부대 직무값 기반의 직무분석 연구용역,군
의무피복류 보급기준 및 품질개선에 대한 연구,방위사업청(운영지원과),1026647.0,91.015,2018-11-01,주식회사 엔브이티,박문희,,"서울특별시 종로구 홍지문2길20-0 (홍지동, 상명대학교)",1025863.0,91.012,항공무기정비분야 안전관리체계 고도화방안 연구용역,군
영평사격장 이전 가능성 연구,해군본부,44011633.0,,,,,,,44008423.0,83.042,동원전력 내실화 방안 연구용역,제9691부대
함정 총수명주기 고려 탑재장비 획득방안 연구 용역,해군본부,115791365.0,,2019-01-01,,,,,115731920.0,85.092,전력지원체계 연구개발 기술수준 조사 및 평가 용역,군
미래 안보환경 대비 군사시설 보호업무 발전방향 연구,제9691부대,,,,사단법인 한국방위사업연구원,,,,175724412.0,83.596,작전지휘시설 신축 분석평가 및 선행연구용역,국군재정관리단
장비 고장예측 시스템 개발방안 기초연구 용역,4284부대,89566427.0,88.683,,,노희영,,"서울특별시 금천구 가산디지털2로184, 10층 1017호(가산동, 벽산디지털밸리2차)",89645133.0,88.683,ICBM 기반 통합 시설물관리체계 구축 개념 연구용역,국군재정관리단
00부대 신축 시설사업 선행연구 용역,국방부(운영지원과),,81.868,,,김진욱,권시형,"서울특별시 금천구 가산디지털2로184, 10층 1017호(가산동, 벽산디지털밸리2차)",,81.868,북단 유도로 신설사업 분석평가 및 선행연구 용역,군
23-공군 리더십교육체계 발전방안 연구,공군본부,,69.964,,씨지에스아이티(주),박장권,김봉환,"서울특별시 금천구 가산디지털1로1-0 (가산동, 더루벤스밸리) 1208호",104015853.0,69.962,K1계열전차 연료수준감지기 대체품 개발 연구용역,국군재정관리단
17년 작전지속지원분석모델 유지보수 용역,국방대학교,129126166.0,,2021-08-10,(사)21세기군사연구소,박영선,,"서울특별시 용산구 한강대로62길41, 3층 (한강로1가)",129025525.0,95.41,화학작용제 자동분석기 MM-1 외주정비,군
해성-I 유도탄 창정비요소개발 비용분석 연구,국군재정관리단,32742286.0,83.213,2020-04-14,주식회사 휴콤,추광식,최용찬,"경상북도 경산시 대학로13길26, 2203호(정평동, 경산 한서 고층아파트)",32706620.0,,방산업체 방위산업기술 보호역량 강화방안 연구,합동참모본부
정보역량 강화 연구용역,육군교육사령부,,99.36,,경희대학교산학협력단,이성심,,서울특별시 영등포구 영등포로35길10-0 (영등포동6가) 8층 809호,89083543.0,99.346,병력책정기준(정보통신분야 임무/기능 적절성 연구),중앙행정기관
추진장약 저장수명 예측 가속노화시험 연구용역,육군본부,,85.455,2020-03-19,(재)한국해양전략연구소,박문희,,서울특별시 영등포구 여의공원로 101(여의도동),128354165.0,85.444,신기술 적용을 통한 저장시설 물류향상 연구,기관
L-V-C 전투실험체계 구축방안 연구 용역,국방부군사편찬연구소,502459905.0,,,(사)한국전략문제연구소,박정기,,,502417840.0,,군사시설 주변지역 지원방안 연구,기관
궤도장비 난방기 야전 시험장비 개발 연구용역,육군종합군수학교,233598225.0,119.574,2019-04-16,,,이창환,,233539366.0,119.569,한미동맹의 미래 연구용역,국군재정관리단
18-해상종합전술훈련장사업타당성 국내개발가능성연구,방위사업청(운영지원과),,,,,,원미정,,,,포별분배기 회로카드(6종) 시험장비개발 연구용역,중앙행정기관
가상현실 및 증강현실 기술적용 방안 연구,국방부(운영지원과),55933542.0,100.471,2018-03-19,,,,,,100.461,00학교 종합정보체계 고도화사업 개념연구,중앙행정기관
전술정보통신체계(TICN) 시설사업기본계획 연구용역,제9691부대,,96.367,2021-09-13,,박정기,,"서울특별시 강남구 언주로527, 10층 (역삼동)",3581965.0,,방음정비고 사업 정립을 위한 선행연구용역,중앙행정기관
[24-육-173] 영상분석 SW 라이선스 구매(리스물건),국군재정관리단,103121012.0,96.306,2023-07-03,,,,,103188203.0,,분석기(스펙트럼용) 구매,군
전투실험용 휴대형 통합 네트워크 분석기 구매,육군본부,,80.67,2020-05-08,사단법인 대한민국 육군발전협회,,김정일,,,,디지털 정비공장 스마트팩토리 구축방안 연구 용역,국군수도병원
AI기반 컴퓨터생성가상군 구축 기술 연구용역,육군항공학교,67292419.0,81.772,,(JN)글로벌,홍광표,김시나,경기도 수원시 영통구 삼성로274 (원천동) 수원팩토리월드 410호,,81.775,20-MTU엔진 PBL 비용대효과분석 및 성과지표 연구,국군대전병원
헬기ㆍUAV 전력화 고려 타군비행장 활용방안 연구용역,제5738부대,19110690.0,93.348,,,전건욱,정기쁨,"서울특별시 용산구 청파로 40, 삼구빌딩 1815호(한강로3가)",19107497.0,,해강안 경계철책 철거(대체)관련 설계 연구 용역,군
포항지역 항공기 소음감소 대응방안 연구 용역,방위사업청(운영지원과),21323048.0,81.127,2016-06-09,(주)에프오알엠도시건축공간연구소,김상겸,배성권,서울특별시 영등포구 여의대방로43나길20-0 (신길동),,81.13,국군의학연구소 자동혈구계산기 중형,중앙행정기관
공군 3훈비 방호시설 방호성능평가 연구용역,공군본부,82771331.0,93.614,,(주)에프오알엠도시건축공간연구소,,오진성,,82697851.0,,효율적인 전투체계 창정비 방안 연구용역,국군재정관리단
대류권산란파 장거리통신장비의 군사적활용 검증연구,공군본부,,78.588,,,,,,66135657.0,78.59,과학적 시험설계와 시험결과의 논리적 평가방안연구,국군재정관리단
전술환경 下 효율적 이동통신체계 운용방안 연구용역,국방부(운영지원과),,,2018-07-29,,,이상규,,,71.654,항공교통 업무 수행 및 공역체계 개선 방안 연구,4284부대
시험평가 인프라 구축 확대 및 종합 관리 방안 연구,육군교육사령부,,82.944,2021-01-22,(재)한국정보통신산업연구원,문미옥,남해린,서울특별시 광진구 군자동98 집현관 216,17300899.0,,76mm 철갑고폭탄 비용분석,군
20년 국방정책연구과제,공군제18전투비행단,10428890.0,89.071,,,,송승현,,10422455.0,,지형 지질등을 고려한 지하형 탄약고 신축타당성 연구,국군재정관리단
아데노바이러스 55형 백신개발 타당성 검토 연구,육군본부,76316123.0,85.649,2023-06-25,한국교통대학교산학협력단,정영욱,,대전광역시 유성구 유성대로1646-0 (전민동),,85.653,22-13-13 야전공장 분석평가 및 선행연구 용역,중앙행정기관
차륜형지휘소용차량 시설사업기본계획 연구용역,공군군수사령부,46486136.0,99.128,2021-04-04,세종대학교산학협력단,박태준,김지훈,"서울특별시 용산구 한강대로62길41, 3층 (한강로1가)",46553733.0,99.138,국방분야 국가자격 신설종목 연구,군
(246247-D) 이동형 심리생리반응 분석장비 구매,국군재정관리단,,,,주식회사 해피트리,백다리아,임경철,"대전광역시 유성구 테크노4로17, A동 501호 (관평동, 비즈센터)",265484434.0,99.495,24년 의무장비(요분석기) 구매,중앙행정기관
단기 복무 청년층 장병 진로지원 프로그램 개발 연구,육군본부,53685561.0,97.042,,사단법인 안보경영연구원,전건욱,,"서울특별시 강남구 언주로527, 10층 (역삼동)",,97.043,국방통합 온라인 공개강좌(M-MOOC) 설계 방안 연구,중앙행정기관
K200A1장갑차 시뮬레이터 연구개발,국방시설본부,133197681.0,76.439,2021-03-12,,,,,,76.438,ATCIS 2차 성능개량 0000체계 운용요구서 연구,중앙행정기관
KAAV-Ⅱ운용요구서 구체화에 관한 연구용역,방위사업청(운영지원과),56839098.0,97.966,2016-12-18,사단법인 한국국가전략연구원,김주희,조대현,"서울특별시 송파구 법원로9길26, D동 1104호(문정동, H-비즈니스파크)",,97.96,장비별 잔여수명을 고려한 순환 창정비 적용방안 연구,중앙행정기관
국내 대형민간항공기 활용 공중발사 가능성 분석 연구,방위사업청(운영지원과),354116019.0,67.067,,,,,,354248157.0,67.064,전시 비상급수 기준 수립 연구,중앙행정기관
18-함정 인수지연 사례분석 및 제도개선 방안,방위사업청(운영지원과),224346171.0,78.495,,(주)동양기술,강현순,문효연,"서울특별시 강남구 테헤란로512, 10층(대치동, 신안빌딩)",,,신호분석기 1대 구매,군
혈액가스분석기 병리장비운영소모품(13) 구매계약,국방부(운영지원과),,,2023-08-06,노원 상사,김성훈,안주섭,"서울특별시 동대문구 고미술로 100, 송화빌딩 303호(답십리동)",272871114.0,,월간지(안보현안분석  린사포럼) 인쇄 용역,제2879부대
전술정보통신체계Block-1-① 창정비요소개발 비용분석,해군본부,25656351.0,74.558,2022-07-03,,,박계향,,25675240.0,74.555,자동염기서열 분석기 레이져 등 3종 구매설치,중앙행정기관
내부자 사이버위협 방어대책 연구용역,공군제16전투비행단,65081484.0,85.01,,사단법인 안보경영연구원,전건욱,,"서울특별시 강남구 언주로527, 10층 (역삼동)",65093841.0,85.007,수직이륙형UAV 기지건설 가능성에 관한 연구용역,중앙행정기관
물류원가 데이터 수집 및 산정/관리 방안 연구,육군교육사령부,,103.152,2021-01-03,(주)다큐멘테크,이재숙,김재경,"서울특별시 금천구 가산디지털1로1-0 (가산동, 더루벤스밸리) 1208호",113007208.0,103.152,[24-육-16] A군단 부대변천사 연구용역,군
해군교전급분석모델(Build-I) 체계개발사업,국방부(운영지원과),,107.832,2019-01-06,(주)액티브솔루션,조만희,전형준,"경상남도 창원시 진해구 용원남로56번길1, 101 (용원동)",88051976.0,107.823,군수 빅데이터 수집/분석체계 구축 BPR/ISP 감리,중앙행정기관
KAOC 신축사업 지휘통신체계 구축방안 연구용역,국군재정관리단,84107105.0,98.028,2024-05-11,사단법인 미래안보산업전략연구원,경상현,이광민,서울특별시 서초구 서초동1432-13 202,84004372.0,98.042,지하침투 감시장비 선행연구 용역,4284부대
(20G071-H)21년 스펙트럼 측정/분석장비 유지보수용역,국방부조사본부,147052677.0,,,라온시스템즈(주),류재산,옥창길,서울특별시 성북구 삼선교로16길116-0 (삼선동2가),147089580.0,,20년 전파환경 측정/분석장비 유지보수 용역,기관
상호운용성 정보보증 평가기준 고도화 방안 연구,합동참모본부,352126016.0,,2017-02-27,주식회사 유니텍,장복철,,"경상남도 창원시 진해구 중원로1-0 (남빈동, 해군사관학교내)",,89.655,『국방표준서 제정』연구,국군재정관리단
(20F081-A)소음영향도작성을위한소음측정및분석용역,국군재정관리단,,80.103,2021-12-02,(주)에프오알엠도시건축공간연구소,김진욱,,,421894645.0,80.108,00기지 저주파분석 훈련장비 유지보수 용역,군
유전자감정장비(자동염기서열분석기)소모품 설치 납품,제9691부대,,,2017-12-09,주식회사코드원,김두식,최은수,"서울특별시 강동구 천중로39길19-9 (천호동, 지원골드아파트) 401호",297559219.0,82.995,(236035-G) 23년 네트워크위협분석체계(NTAS) 구축,제9227부대
국방 시뮬레이터 운용실태 및 발전방안에 관한 연구,공군본부,232054662.0,90.922,,,,,,232125010.0,,SIEM을 활용한 사이버 침해 경로 도출방안 연구,중앙행정기관
24년 전반기 육군 정책연구 과제 연구용역,방위사업청(운영지원과),56053761.0,,2018-08-30,,김진욱,,"서울특별시 금천구 가산디지털2로184, 10층 1017호(가산동, 벽산디지털밸리2차)",56064936.0,80.984,함정적기전력화를 위한 시운전제도 개선방안 연구,중앙행정기관
(22F070-G) 경계용 영상분석 데이터셋 구축,합동상호운용성기술센터,100010964.0,,,주식회사 광원종합상사,손영옥,노태균,"서울특별시 강동구 양재대로 1443, 동우빌딩 7층(길동)",99974054.0,77.756,군 암호체계 분석보호시스템 분석장비 구매,제3훈련비행단
(20F060-I)소음영향도작성을위한소음측정및분석용역,공군본부,97999288.0,92.829,2020-01-14,에이치제이엘,안상희,최동양,서울특별시 서초구 양재동언남 18길3 (양재동  2층),98004436.0,92.834,정밀측정장비(스펙트럼분석기) 구매,군
대형공격헬기의 효과적인 시설사업 추진방안 연구,방위사업청(운영지원과),,87.33,2021-07-16,국민대학교산학협력단,이인형,,서울특별시 광진구 군자동98 집현관 216,,,유류 소분배 계통 자동화관리 연구,중앙행정기관
전군 연례 리더십 수준 진단 연구용역,육군본부,111027091.0,,,,,,,,,군 C4I체계 보호방안 연구 용역,제2879부대
전략환경 변화에 따른 공군전투기 전력 구축방안 연구,공군본부,,78.884,,,김진욱,박계향,,,,상륙작전에 적합한 4.2대체전력 확보 연구 용역,군
탄약 및 용기 레이저 제청 시스템 응용연구 용역,해군군수사령부,35334120.0,69.558,2019-06-07,주식회사 엔지엠테크,남기출,김우중,"서울특별시 강남구 테헤란로440, 서관 3층(대치동, 포스코센터)",35397449.0,,육군내 기술연구소 신설방안 연구 용역,국군수도병원
발칸 보조전원공급기 수리부속 대체품 개발 연구용역,국군의무사령부,360534343.0,86.024,,(사)21세기군사연구소,,오순길,서울특별시 서초구 서초동1432-13 202,360589984.0,,미래 육군 여군인력 활용성 제고방안 연구,국군재정관리단
50년 함건조 사례분석 및 발전방안 정립 연구 용역,해군본부,80291227.0,,2020-05-24,,,,,80252840.0,78.699,BigData/VC를 활용한 무기체계 효과분석 연구,합동참모본부
운용제원 분석 기반 장비수명 판단방안 연구,국방부(운영지원과),,94.953,2016-07-22,,,,,,94.951,의무피복류 보급기준 및 품질개선에 대한 연구,군
유류시험장비(금속성분분석기(ICP))구매,국군재정관리단,23369325.0,,2021-10-03,,,,,23371738.0,100.492,항-16-047 050 자동면역분석기 등 42종,중앙행정기관
12.정책현안연구(북한의전쟁수행...),공군본부,237394672.0,97.302,,씨지에스아이티(주),이승기,김영원,"경기도 고양시 덕양구 삼원로73, 721호(원흥동, 원흥한일윈스타)",237347097.0,,23-공군 리더십교육체계 발전방안 연구,합동참모본부
16년 정보분석지원체계 유지보수 용역,국군제1068부대,171300203.0,87.744,,,,,,171365978.0,87.736,우수 상용품 시범사용 실태분석 및 개선방안 용역,군
한국형 임무형 지휘와 리더십 관계 정립 연구용역,공군본부,108099908.0,92.084,2018-09-17,,,박계향,"서울특별시 용산구 한강대로62길41, 3층 (한강로1가)",108103277.0,92.08,자동전사시스템 연구 용역,국군재정관리단
상륙돌격장갑차 3차 창정비 방안 연구,육군본부,,,,주식회사 사이버앤네트워크연구원,오문진,이덕호,"서울특별시 영등포구 국회대로70길12, 802호 (여의도동,대산빌딩)",,108.464,수동음파탐지부표 연구개발 용역(21H085-I),합동참모본부
안보학술연구용역(4.한국의군사전략),육군본부,160709851.0,,2022-10-12,주식회사 엔브이티,한영석,강윤진,서울특별시 종로구 새문안로5가길 32(적선동),160590196.0,103.943,무기체계 개발시험평가 역할 재정립에 관한 연구,기관
22년 기술연구용역 계약(4),공군본부,120164324.0,,2017-10-15,(사)한국전략문제연구소,,,,,92.978,PLS세트 선행연구 용역,중앙행정기관
(236208-E) 차륜정비장비(분석기 차량엔진용) 구매,해군군수사령부,303551656.0,,2023-06-23,예원,강우철,심지민,"서울특별시 강남구 테헤란로317(역삼동, 동훈타워 7,11,12,13층)",,87.683,23-24년 공군 항공무장효과분석모델 통합유지보수,국군재정관리단
해군교전급분석모델(Build-I) 체계개발사업,국군재정관리단,,76.488,,씨지에스아이티(주),김태호,,전라남도 장성군 남면 나노산단3로21,,,(217271-C) 의무장비(자동분석기 생화확 대형) 구매,군
KUH-1 헬기 견인장치 안전센서 개발 연구용역,국방부(운영지원과),,81.976,,알앤알컨설팅 주식회사,김회율,전영은,대전광역시 중구 계룡로781 (용두동) 1층,265966488.0,,레이더 시험세트(스펙트럼 분석기 등 4종) 구매,군
우수 상용품 시범사용 실태분석 및 개선방안 용역,국군재정관리단,42249513.0,93.074,2019-03-02,주식회사 서남아이에스,김효근,,대전광역시 유성구 대학로291-0 (구성동),,93.065,자동 00분석 지원체계 구축(20197115-H),군
전자전기 확보 및 효율적 운용방안 연구,육군교육사령부,,,2022-02-20,,,,,288931209.0,94.499,20-MTU엔진 PBL 비용대효과분석 및 성과지표 연구,중앙행정기관
사이버정보(수집·분석·관리)시스템 구축방안,공군군수사령부,77951202.0,,,에이치앤주식회사,고윤안,유완종,"강원특별자치도 원주시 천매봉길36-22, 302호(단구동, 백림빌딩)",,,공수지상종합훈련장 선행연구용역(특-24-용-28),국군재정관리단
상비병력 규모 최적 결정을 위한 제도 조합 방안 연구,육군교육사령부,247191185.0,,2022-12-03,한성대학교 산학협력단,윤은희,동중영,광주광역시 서구 화정로280번길3(농성동),247108513.0,,지상전술C4I체계 2차 성능개량 비용분석,군
공수지상종합훈련장 선행연구용역(특-24-용-28),국방부(운영지원과),96896597.0,70.308,2020-09-01,주식회사 한국건설경영기술원,조인태,심유진,경상남도 거제시 거제대로3370 (아주동),96961669.0,,대잠훈련분석체계(AEAS) 유지보수 용역,중앙행정기관
자동염기서열 분석기 소모품 구매 설치,국군의무사령부,20955225.0,85.796,2020-09-13,트루인터페이스(주),박상욱,장철호,"충청북도 청주시 청원구 대성로298-0 (내덕동, 청주대학교)",,85.798,6.25 전쟁 기간/분야별 전쟁분석자료 번역 용역,군
4차 산업혁명 기술적용 연구용역,공군교육사령부,110460059.0,111.399,,세종대학교산학협력단,이재평,윤진영,,110394333.0,111.39,물류운영체계 개선 연구용역(21J040-B),국군재정관리단
군사작전 수행여건 정부개발계획 발전방향 연구,국군수도병원,454713854.0,97.312,2018-01-03,,,안혜경,,454633224.0,97.314,군급식조달체계변화에따른적정급식비산출에대한연구,제2879부대
인공지능 전차 비사격 훈련시스템 개발 연구용역,합동참모본부,219429001.0,77.242,,,,박계향,"서울특별시 용산구 청파로 40, 삼구빌딩 1815호(한강로3가)",219310864.0,,20-PKMR엔진 PBL 비용대효과분석 및 성과지표 연구,국군재정관리단
수중전술기기통제사 자격 신설 연구,국방부(운영지원과),76454224.0,,2019-08-21,(사)한국전략문제연구소,,,,76441642.0,89.892,방공전력 발전방향 연구 용역,중앙행정기관
군 주거시설 개선 연구용역,국군수도병원,19848528.0,84.266,2020-10-22,(주)포항자재,전세희,최승룡,서울특별시 강서구 양천로401 (가양동) 강서한강자이타워 B동1503~1506호,,,헬기 연료노즐 야전 정비장비 개발 연구용역,제9691부대
국방혁신 4.0과 연계한 미래 예비군훈련체계 연구,국방부(운영지원과),32009366.0,,,영현정보통신(주),서유림,문송철,"경기도 광명시 디지털로56-0 (철산동, 철산래미안자이)101-2801호",31981913.0,90.525,잠수함 근무환경의 분석 및 건강모델개발 용역,중앙행정기관
소형무인기의 획득 및 운용을 위한 총수명주기 분석,공군사관학교,114420378.0,,2019-07-18,단국대학교 산학협력단,이희석,이병훈,"서울특별시 서초구 서초대로45길19, 2층 (서초동, 광문빌딩)",114430683.0,77.499,(236043-G) 23년 모바일·IoT 조사분석체계 도입사업,국군재정관리단
전파환경측정 분석장비 유지보수,방위사업청(운영지원과),200065654.0,77.721,2022-02-18,,,,,200149363.0,77.725,교육용 패킷 분석장비 라이선스 구매,중앙행정기관
국방기상 빅데이터 통합을 위한 정책연구,공군군수사령부,40148424.0,91.158,2017-01-06,주식회사산엔지니어링,서동환,박진호,서울특별시 강남구 논현로189길6 (압구정동),,,군수품 상용화 확대 정책 추진 로드맵 수립 연구,국군수도병원
23-8차 조달 연구장비(초음파수술기 등 4종) 구매,해군군수사령부,,,,,,김지훈,,,,2016년 제2회 국방 분석평가관계관 워크숍 위탁운영,군
자주발칸 제어용 모듈 대체품 개발 연구용역,국군재정관리단,142111.0,91.399,,,,,,141739.0,,무기거래조약에 따른 수출입통제 개선방안 연구,군
23-D-기체질량분석기 구매,국군수도병원,116647661.0,,2023-05-04,써모피셔사이언티픽코리아 주식회사,김준식,서정대,"경기도 시흥시 서울대학로173(정왕동, 서울대 시흥캠퍼스)",116747773.0,94.76,(23G054-H)24~25년 스펙트럼측정분석장비 유지보수,중앙행정기관
해병대 창설 70주년 기념 해병대 서체 제작 연구용역,국군재정관리단,,87.297,2018-11-03,사단법인 안보경영연구원,전건욱,,"서울특별시 용산구 청파로 40, 삼구빌딩 1815호(한강로3가)",,87.292,부대재배치 선행연구 용역(2019F065-B),중앙행정기관
국방 의료정보 빅데이터 분석체계 구축사업 연구용역,국군재정관리단,55239892.0,75.15,2017-10-01,사단법인 안보경영연구원,전건욱,,"서울특별시 강남구 언주로527, 10층 (역삼동)",55226410.0,75.15,강릉병원 기능조정 연구용역,중앙행정기관
21-수명주기와 연계한 경항공모함 정비방안 연구,공군항공안전단,463028056.0,87.665,2021-06-20,재단법인 한국군사문제연구원,전건욱,,"서울특별시 강남구 언주로527, 10층 (역삼동)",,87.657,00 군공항 이전 시설기본요구조건(안) 작성 연구용역,군
OO사단 등 9개 부대 개편사업 선행연구 용역,4284부대,34129360.0,89.548,2018-11-26,사단법인 안보경영연구원,전건욱,,"서울특별시 강남구 언주로527, 10층 (역삼동)",,,화생방 연구 재료 초자 구매,중앙행정기관
병 자기개발비용지원 적정추진체계 구축 연구용역,공군군수사령부,8223442.0,72.59,2018-01-02,사단법인 씨알리더십연구원,이광형,김태욱,,,,전탐감시대 감시장비 원격통합감시체계 구축 연구,국군수도병원
주파수편이용 분석기 2EA 구매,국방대학교,66926551.0,82.773,2020-10-27,,,,,,82.773,교육용 패킷 분석장비 라이선스 구매,군
[24-육-160] 군 보수체계 개선을 위한 연구,방위사업청(운영지원과),361639344.0,81.069,2023-02-01,(사)21세기군사연구소,김진욱,지용현,"서울특별시 금천구 가산디지털2로184, 10층 1017호(가산동, 벽산디지털밸리2차)",361697084.0,,대형기동헬기(CH/HH-47D) 성능개량사업 비용분석,중앙행정기관
LOSS율 적용을 통한 소형/저단가 품목 관리방안 연구,공군본부,69256342.0,90.23,2020-11-14,한국세라믹기술원,주양효,경상현,"경기도 용인시 기흥구 덕영대로1732-0 (서천동, 경희대학교 국제캠퍼스내)",69204008.0,90.223,22-군 비행장 조명시설 표준화 연구용역,제2879부대
비전통위협 국방대응체제 발전연구,국방부(운영지원과),170035291.0,112.856,2017-08-20,,박정기,,"서울특별시 강남구 언주로527, 10층 (역삼동)",,,안전관련 법령의 군내 적용 방안 연구,중앙행정기관
22~23년 공군 전자정보 수집/분석장비 유지보수,공군본부,,,,주식회사 공공정책성과평가연구원,노광현,신정희,"서울특별시 강서구 양천로583 우림블루나인비즈니스센터 비동 1608호, 1609호",212478811.0,,신호분석기 1대 구매,국군재정관리단
17년 지형분석 기초자료 구축사업,육군본부,195022628.0,92.865,,(주)도전하는사람들,이문걸,,서울특별시 용산구 새창로128-1 (용문동) 2층,195131237.0,92.856,휴양시설  기숙사 민·관·군 개발운영 연구용역 ,군
16-00원 종합발전 비전 연구용역,육군교육사령부,,,,에스앤에스이앤지 주식회사,,이정화,"서울특별시 금천구 가산디지털2로184, 10층 1017호(가산동, 벽산디지털밸리2차)",,80.9,운용함정 손상대응 훈련 시나리오 연구 용역,군
군 급식제도의 시스템 개선을 위한 연구,제9691부대,22196826.0,61.624,2020-12-25,사단법인 안보경영연구원,전건욱,,"서울특별시 강남구 언주로527, 10층 (역삼동)",22197331.0,61.628,육군 로고를 군수품에 적용하는 방안 연구,국군재정관리단
함정 GPS 함속력계 신호 변환 장치 개발 연구용역,제9691부대,156594163.0,89.507,2020-09-08,대전대학교 산학협력단,최성만,,"서울특별시 성북구 정릉로 77, 국민대학교내(정릉동)",156565550.0,89.513,무기체계 안전성 시험평가방안 연구,국군재정관리단
신호분석기 1대 구매,육군 제3808부대,413621007.0,76.801,2024-01-21,,,,,,76.792,18년 발칸 추적훈련 분석기(제조),군
인공지능 무기체계 시험평가 기준 절차 방법 연구,국군재정관리단,25113004.0,87.399,2020-07-14,,,김소미,,25117049.0,87.391,특수작전용대형기동헬기 시설사업기본계획 연구용역,기관
드론봇 전투체계 통합관제체계 구축 연구용역,공군제15특수임무비행단,21494716.0,81.361,,국민대학교산학협력단,강재관,,경상북도 경주시 동대로 123(석장동),21471777.0,81.362,18-직무분석을 통한 계급/직급 책정기준 연구,군
전파영향평가 방법 비교분석 및 실증 연구,국방대학교,308721157.0,74.849,,노무법인 디와이,홍광표,조대현,충청북도 청주시 흥덕구 오송읍 오송생명2로110-6 셀젠텍,,74.854,안보학술진흥연구용역(3.국내안보환경분석또는),기관
공병분야 M&S 연구용역,공군본부,8552597.0,,2020-09-08,사단법인 안보경영연구원,김형철,,"경기도 성남시 수정구 위례대로83(창곡동, 국방문화센터)",8538775.0,,원주기지 활주로 재포장사업 선행연구 용역,중앙행정기관
22-함정무기체계 한국형 사이버보안제도 적용연구,공군본부,76231197.0,,2021-02-12,,,,,,92.909,22-3차 연구장비 구매 계약 - 미생물측정기,군
`18년 헌병 디스크 증거분석체계 교체사업,육군본부,99854484.0,,,씨지에스아이티(주),최진식,김예나,"강원특별자치도 원주시 천매봉길36-22, 302호(단구동, 백림빌딩)",99823786.0,89.396,`18년 지형분석장비 교체사업,군
00부대 정보체계 취약점 분석 시스템 구매,국군재정관리단,17738489.0,,,주식회사 에이티앤아이,정영주,전용호,"서울특별시 금천구 가산디지털1로146, 705호(가산동, 대륭테크노타운22차)",,,(20F081-A)소음영향도작성을위한소음측정및분석용역,중앙행정기관
예비전력 예산  국방예산의 1%달성 방안 연구,국방부(운영지원과),,,,,김영욱,이효정,"충청남도 논산시 대학로 121, 건양대학교 산학협력단(내동)",,,스마트 공군력 건설을 위한 조직 발전 방안 연구,제9691부대
22-이맹기 제독 평전 연구 용역,육군본부,,79.591,2024-02-27,산업연구원,이재평,임찬상,"경기도 안양시 동안구 학의로282, 501호,502호,503호 (관양동, 금강펜테리움아이티타워)",9375141.0,79.583,안보학술진흥연구용역(3.국내안보환경분석또는),중앙행정기관
(236035-G) 23년 네트워크위협분석체계(NTAS) 구축,국방부(운영지원과),126186588.0,,2024-02-08,주식회사 라이언앤코컨설팅,전병욱,조대현,"경기도 용인시 기흥구 흥덕중앙로120-0 (영덕동, U - TOWER)",126237493.0,88.028,(226362-F)작전지속지원분석모델장비 도입(리스물건),군
분석기(회로망용) 구매,제9965부대,,88.336,,(사)국방시설연구협회,문유경,남궁성호,서울특별시 강남구 논현로189길6 (압구정동),57334629.0,,한국형 방산수출금융지원기준 설정방안 연구,제9691부대
음향/진동분야 KOLAS 인정 획득 컨설팅 연구용역,육군본부,812108.0,,2021-11-13,대전대학교 산학협력단,권호영,이다정,경기도 군포시 흥안대로27번길22-0 (금정동),814226.0,95.475,연구개발 부품[캐피시터등50종1655점 구매],군
공중항적 영상식별체계 확보 연구용역,국방부(운영지원과),,89.203,2020-12-21,,,,,162354259.0,89.208,무기체계 RAM 시험평가의 효율적 수행방안 연구,군
생화학자동분석기 등 83종 구매(20197024-E),국군수도병원,,,2022-06-12,(주)한진이엔아이,박재범,김진우,"경상남도 창원시 진해구 용원북로17번길15-0 (용원동, 가온빌 101호)",,,모바일기기 증거분석체계 구매(교체),제9691부대
군인연금수급자 사망률 개선 연구,국군의무사령부,46723913.0,,2017-08-13,,장복철,,,46738351.0,71.481,해병대 복지회관 중장기 보수계획 연구 용역,국군재정관리단
박찬극 제독 평전 편찬 연구용역,해군본부,244883426.0,96.77,,수테크시스템즈 주식회사,이정석,김지훈,"서울특별시 동작구 남부순환로2021, 2층 (사당동)",,,의무후송전용헬기 시설사업기본계획 연구용역,중앙행정기관
군 주거시설 개선 연구용역,방위사업청(운영지원과),37833355.0,76.884,,,,경상현,,,76.885,군사과학정책 연구 용역(1. 국방 데이터....),중앙행정기관
잠수함 업체주도 연구개발 장비의 시험평가 방안,해군본부,48004699.0,,2018-05-15,,,황병윤,,48011260.0,95.592,중증외상질환 예후예측인자 발굴 및 관리방안 연구,국군재정관리단
연합/합동 연습모의모델 획득 및 운영방안 연구,국군재정관리단,31519997.0,75.173,2017-05-22,주식회사 지니클라우드,임지연,송포,경상남도 진주시 진양호로532-0 (동성동),31503180.0,,부대소개영화 제작 용역(연구단),기관
정신전력 측정도구 및 지표 개발 연구,해군군수사령부,,73.249,,,,,,,,수도권 동원예비군 수송방법 개선방안 연구,군
소형무장헬기 양산사업 비용분석,국방부(운영지원과),,93.757,2020-09-25,,,이재평,,,93.759,전투실험용 휴대형 통합 네트워크 분석기 구매,기관
국방표준화 개발을 위한 협력기관 지정 활용방안 연구,국방부군사편찬연구소,145478.0,89.603,2020-09-07,사단법인 한국국가전략연구원,이광형,,서울특별시 서초구 서초동1432-13 202,,,항공전력 도입을 고려한 효율적 운용방안 연구용역,국군재정관리단
24-미래 한국공군 훈련기 성능 및 적정 규모 연구,육군교육사령부,37812782.0,106.284,,(주)글로벌텔레콤,권태순,김현숙,"경기도 성남시 분당구 판교로 255(삼평동, 판교 이노밸리 이동 403호 601호)",37813957.0,106.29,스위치 누름식(연구개발),중앙행정기관
FA-50 성능개량 방안 연구,육군교육사령부,110123612.0,93.437,,,,,,110066427.0,93.426,정책연구 과제(화생방),중앙행정기관
미래 해양강군 해군비전 2045개정 방향 연구,제2879부대,,,2020-09-07,,,황병수,,35957689.0,96.908,세계안보정세분석 연구 용역,중앙행정기관
공군 군수지원 분야 발전방향 연구 용역,육군인사사령부,,92.259,2023-01-26,,,,,95118522.0,,방위사업에 특화된 계약법 제정을 위한 연구,군
22-6차 연구장비 구매 계약(수정) - 시약및약품냉장고,국군재정관리단,41910581.0,,2019-03-29,국방대학교산학협력단,,신정희,서울특별시 금천구 가산디지털2로123-0 (가산동) 1010-391호,,,22-1차 연구장비 구매 계약 - 증기후드,기관
17년 EMP 방호 성능유지 향상방안 연구용역,방위사업청(운영지원과),181502004.0,83.38,2021-07-19,마린전자상사,맹주수,,서울특별시 동대문구 천호대로 157(),181609600.0,83.382,소화기 소음기 선행연구용역,중앙행정기관
국방우주력 발전을 위한 민·군 기술협력 방안 연구,방위사업청(운영지원과),57937088.0,,2016-11-06,사단법인 안보경영연구원,김형철,,"서울특별시 강남구 언주로527, 10층 (역삼동)",57936048.0,81.274,국방 전력발전체계에서의 전투실험체계 정립 연구용역,중앙행정기관
합동최종공격통제관(JTAC)의 종합 발전방향 연구,육군본부,,80.969,,한국항공대학교 산학협력단,김진욱,전희수,"서울특별시 서초구 반포대로14길 71, 엘지서초에클라트 2117호(서초동)",,80.969,잠수함 음탐 센서 케이블 다기능 검사기 연구용역,군
차륜형지휘소용차량 시설사업기본계획 연구용역,육군정보학교,,,2021-04-11,중앙대학교 산학협력단,,우지민,"서울특별시 송파구 법원로11길25-0, A동 1310호(문정동, 에이치비즈니스파크)",9403281.0,,국방 안전사고조사 표준화 시스템 구축방안 연구,기관
원주기지 활주로 재포장사업 선행연구 용역,국방부(운영지원과),75983919.0,77.49,,,,,,,77.482,SUPPRESSED,군
한국형 임무형 지휘와 리더십 관계 정립 연구용역,국군재정관리단,90431214.0,84.132,2020-01-20,육군사관학교 산학협력단,,박계향,,90470605.0,84.128,17년 통합기후예측시스템 연구개발 용역,군
K105A1자주포 경미한 성능개량 사업분석,국방시설본부,,,2021-12-24,주식회사 오로라,김종광,황병윤,"서울특별시 관악구 봉천로340-2, 7층(봉천동)",,,상용 SW(수사데이터 분석 도구) 구매,군
23-F-최대전력 분석기 구매,국군재정관리단,,,,(사)한국전략문제연구소,박정기,,"서울특별시 강남구 언주로527, 10층 (역삼동)",379763418.0,95.704,(23G054-H)24~25년 스펙트럼측정분석장비 유지보수,중앙행정기관
빅데이터 분석서버 증설 사업(GPU SSD 메모리)-리스,해군교육사령부,130799300.0,,2019-09-30,드림인텍(주),김지영,이민혜,대전광역시 중구 계룡로781 (용두동) 1층,130851146.0,,22-공-소음측정 및 분석시스템 구매(229124-F),4284부대
(22F199-I)네트워크위협분석시스템구매사업금융리스,합동상호운용성기술센터,196825108.0,90.26,2021-09-28,(주)우림데이타,김진욱,김정윤,"서울특별시 성북구 안암로145 (안암동5가, 고려대학교)",196652739.0,,22-해-금속성분분석기 구매,국군재정관리단
미래특임 및 항공 통합 특임여단 편성방안 연구용역,국군재정관리단,11682955.0,,2019-01-30,사단법인 안보경영연구원,,,"서울특별시 강남구 언주로527, 10층 (역삼동)",11677237.0,79.814,국방연구시설·장비 종합관리 방안 연구,국군재정관리단
항공기 RCS/IR Signature 추출 및 해석 연구,제2879부대,,77.842,2018-05-27,,,이형원,,299663132.0,77.843,해병대 복지회관 중장기 보수계획 연구 용역,군
대형기동헬기(CH/HH-47D) 성능개량사업 비용분석,제7821부대,,,2022-11-28,(사)21세기군사연구소,류장수,김재필,"경기도 용인시 기흥구 덕영대로1732-0 (서천동, 경희대학교 국제캠퍼스내)",,95.181,유류시험장비(연료성분분석기 등 2종) 구매,국군재정관리단
항공무기정비분야 안전관리체계 고도화방안 연구용역,제6619부대,,90.501,2016-08-13,(주)에스티앤비,정안수,홍명성,"서울특별시 중구 동호로7길41, 2층(신당동)",53331810.0,,육군 NCS직무표준화 및 군내 활용방안 연구 용역,합동참모본부
공군조직내 잠재갈등 분석 및 공군문화 발전방안 연구,육군본부,,95.045,2019-08-15,주식회사피레타,최태묵,나인성,"서울특별시 강서구 양천로401 (가양동), B동 801호",,95.047,22-해군 정보융합관리체계 개념 연구,군
(22F070-G) 경계용 영상분석 데이터셋 구축,공군군수사령부,,90.562,2021-02-20,재단법인한국조달연구원,,조명희,서울특별시 노원구 화랑로574-0 (공릉동),208224721.0,,22년 분석실험실 상용 SW 구매,국군재정관리단
생존성 향상을 위한 개인 부대방호 능력 분석 연구,방위사업청(운영지원과),260427270.0,100.801,,재단법인 에프아이티아이시험연구원,김동준,,서울특별시 강서구 마곡중앙로161-8 (마곡동) 두산더랜드파크 씨동 4층 407호,260348540.0,,직ㆍ간접 전투경험 공유확대 연구용역,중앙행정기관
방위산업 발전 및 경쟁력 강화를 위한 법적기반 연구,육군교육사령부,,,,,,이수행,,50586780.0,,체계적인 해군 C4I 체계 유지보수 관리방안 연구,중앙행정기관
21년 임상의학연구센터 통계프로그램 구매,국군재정관리단,5891752.0,,2023-11-17,,,주현미,,,100.982,국내개발레이더 후속군수지원을 위한 지표개발연구,중앙행정기관
정밀측정장비(레벨분석기) 구매,국방부(운영지원과),,,2019-12-17,주식회사 웨이브텍,이광형,,서울특별시 강남구 일원로81-0 (일원동),36774248.0,,상비병력 규모 최적 결정을 위한 제도 조합 방안 연구,국군재정관리단
20-PKMR엔진 PBL 비용대효과분석 및 성과지표 연구,해군본부,,80.436,2022-04-17,사단법인 안보경영연구원,전건욱,이나라,"서울특별시 강남구 언주로527, 10층 (역삼동)",29571573.0,80.438,2.75인치 유도로켓(비궁) PBL 적용 방안 연구용역,중앙행정기관
잠수함 근무환경의 분석 및 건강모델개발 용역,국방부(운영지원과),227206858.0,98.39,2021-01-30,육군사관학교 산학협력단,,,,226961066.0,,19-전자파 정밀분석체계 확대구축사업 리스,중앙행정기관
24-미래 공군병력 부족 대비 인력공급 확대방안 연구,국방부(운영지원과),92560964.0,,2021-08-27,사단법인 안보경영연구원,전건욱,,"서울특별시 강남구 언주로527, 10층 (역삼동)",,95.857,세계안보정세분석 연구용역,국군재정관리단
개전초 동원긴요부대 전시 완정성 보장 방안 연구,공군본부,98833614.0,76.698,2016-09-26,고려대학교산학협력단,김진욱,,"대전광역시 서구 대덕대로249번길30-0, 403호(둔산동, 베스트피엘씨빌딩)",98795291.0,76.695,군단정찰용 무인항공기-Ⅱ 시설사업 선행연구,국군재정관리단
00학교 종합정보체계 고도화사업 개념연구,국군재정관리단,65274369.0,83.676,2017-07-09,(주) 한국능률협회컨설팅,경상현,김소라,"서울특별시 구로구 경인로53가길10, 5층 507호(구로동, 구로 대명벨리온 지식산업센터)",,83.681,방공전력 발전방향 연구 용역,국군재정관리단
개전초 동원긴요부대 전시 완정성 보장 방안 연구,국방부(운영지원과),,72.127,,,,이윤아,,277120269.0,72.134,자동전사시스템 연구 용역,중앙행정기관
국방 정보기술 조사·분석 연구,방위사업청(운영지원과),,95.838,2017-11-01,주식회사 엔미디어솔루션,박영욱,고은미,서울특별시 강서구 마곡중앙5로1길20 (마곡동) 520호,17814539.0,95.85,생물안전밀폐실험실(BL3 3등급 연구시설)유지보수용역,중앙행정기관
(24G050-A생물안전3등급 연구시설(BL-3) 유지보수용역,방위사업청(운영지원과),212199926.0,86.781,2022-12-05,행복한 일 연구소,이성로,권건안,인천광역시 미추홀구 인하로100-0 (용현동) 인하대학교,212219885.0,,조종사 피로도와 안전비행의 상관관계 분석 연구용역,중앙행정기관
소형전술차량 시설사업 선행연구,국방부(운영지원과),82782416.0,82.701,2016-10-13,,,전치우,,82921877.0,82.694,상륙공격헬기 체계운용요구 및 PBL 적용방안 연구용역,군
위성 무기체계 시험평가 제도개선에 관한 연구,국군재정관리단,374178478.0,,2022-08-28,,,,,374236384.0,,군용차량 배출가스 환경영향 및 기준 검토 연구용역,중앙행정기관
해병대 과학화예비군 훈련장 발전방안 연구 용역,제9691부대,7869907.0,91.819,2017-12-06,,,,,7872975.0,91.827,22-G/K 창정비 사업 성과분석 연구,군
20-MTU엔진 PBL 비용대효과분석 및 성과지표 연구,해군본부,7621969.0,,,(사)한국안보문제연구소,박헌제,김현묵,서울특별시 마포구 도화동51-1 성우빌딩 703호,,84.56,통합 센서검사기 개발 연구용역,군
(20F062-I)소음영향도작성을위한소음측정및분석용역,육군공병학교,,81.636,2021-03-01,,,이재평,,239521912.0,81.64,18-회로망용 분석기 등 8종 구매,군
고출력레이저 위성추적체계 구축방안 연구,공군본부,,,2021-07-13,,,방윤지,,,85.038,마린온 정비지원체계 방안 연구용역,국군재정관리단
(236366-F) 네트워크 트래픽 수집 및 분석 장비 구매,국군재정관리단,535726564.0,,,(주)한컴네트워크,오세문,김지영,서울특별시 구로구 디지털로34길55-0 (구로동),,81.252,23-N-유황분석기 구매,중앙행정기관
22년 의무장비(자동분석기 생화학용 중형) 구매,공군본부,,86.832,,(주) 웃샘,김동준,박종호,"대전광역시 대덕구 대화로120, 7층 729,730호(대화동, 가온비즈타워)",5285687.0,86.823,21년 의무장비(혈액가스분석기 중형) 구매,군
24-방공관제 작전제한 해소 추가레이다 설치방안 연구,방위사업청(운영지원과),224230066.0,79.748,,세종대학교산학협력단,김진욱,,,224167070.0,79.747,대용량 유전자데이터 분석 파이프라인 및 가시화 연구,중앙행정기관
23-중북부 물류거점 입지 선정 및 효과 연구,국방부조사본부,323166139.0,,,태경회계법인,최은수,,"서울특별시 영등포구 63로40, 202호(여의도동)",323016881.0,79.732,해병대 인력획득체계 분석 발전 방향 연구 용역,합동참모본부
전투실험용 휴대형 통합 네트워크 분석기 구매,국군재정관리단,176252520.0,,2019-01-23,사단법인 안보경영연구원,전건욱,,"서울특별시 용산구 청파로 40, 삼구빌딩 1815호(한강로3가)",176433417.0,,전파환경측정 분석장비 유지보수,중앙행정기관
군 의료 혁신을 위한 의료전달체계 개편 연구용역,육군본부,7301376.0,78.92,2016-07-28,사단법인 한국국가전략연구원,,이기석,서울특별시 마포구 도화동51-1 성우빌딩 703호,,78.914,BigData/VC를 활용한 무기체계 효과분석 연구,합동상호운용성기술센터
23-6차 조달 연구장비(겔이미지 시스템) 구매 계약,국방부(운영지원과),101792338.0,,2020-03-03,주식회사 더트루노스,이대용,양진,"경기도 김포시 태장로789,732호 (장기동,금광하이테크시티)",101768253.0,105.013,24-공군 적정 상비병력 규모 연구 용역,중앙행정기관
2020년 군 조직의 양성평등 지표 조사 및 분석 연구,공군사관학교,,81.901,2018-01-05,,김진욱,이지은,,26648713.0,81.902,19-적정 승조원 소요인원 정량화 방안 연구,기관
기초비행훈련용헬기 조종계통 시험장비 개발 연구용역,육군본부,40201924.0,75.805,2020-04-07,알앤알컨설팅 주식회사,김태동,김선태,"경기도 안양시 만안구 만안로49, 519호(안양동, 호정타워)",40233928.0,75.805,지뢰 등의 탐지·제거 민간대행에 관한 연구,국군재정관리단
임무형지휘 수준진단도구 개발 연구용역,국방부(운영지원과),30080264.0,69.769,2018-12-11,써모피셔사이언티픽코리아 주식회사,권오경,오성열,서울특별시 서대문구 포방터2길24 (홍은동),,69.765,22-3차 연구장비 구매 계약(수정) - 미생물측정기,중앙행정기관
국방과학기술 전문인력 소요분석 연구,국군재정관리단,202599232.0,91.703,2020-05-30,(주)에프오알엠도시건축공간연구소,한민구,윤진영,,202534005.0,91.698,20-161 218 동물용 자동분석기 등 3품목,중앙행정기관
군대의 가치를 표현할 수 있는 의식과 의례 개념 연구,공군본부,1796273.0,89.215,,산업연구원,김진욱,,"서울특별시 금천구 가산디지털2로184, 10층 1017호(가산동, 벽산디지털밸리2차)",1795575.0,89.207,20-PKMR엔진 PBL 비용대효과분석 및 성과지표 연구,군
BLT급 쌍방훈련 제병협동훈련장 구축 연구용역,국군재정관리단,446102226.0,90.877,,태린메디칼 주식회사,안병선,이상규,"서울특별시 구로구 디지털로243, 705호(구로동, 지하이시티)",,90.878,함정구조해석용 모델링 DB 개발 연구(2019H038-E),중앙행정기관
KOLAS 인정 기반 구축 연구용역,국군재정관리단,16079827.0,,2021-03-01,한국직업능력연구원,김진욱,황병윤,,16082008.0,,미래 우주전장 분석 및 공군 우주전략 수립 연구용역,국군재정관리단
19년 육군M&S센터 전문분석관 운용 용역(2019F014-I),제9691부대,165733669.0,90.446,2021-05-09,주식회사 바로텍시너지,경상현,이우학,"경기도 성남시 수정구 복정로84번길 22-15,(B-001호) (복정동)",,90.452,20년대 이후 북한 및 잠재적 위협의 변화 전망분석,군
소형드론용 지능형 영상분석기술 연구/시연 용역,국군재정관리단,65616735.0,80.293,2019-04-06,,,윤영선,,65552521.0,,육군내 기술연구소 신설방안 연구 용역,제9691부대
16년 전자파 측정 및 분석장비 개발 용역,국군화생방방호사령부,55321936.0,103.229,2022-06-06,육군사관학교 산학협력단,김진욱,이도제,,55340713.0,103.229,AH-64헬기 수평안정판 정비방법 개발 연구용역,군
한반도 작전환경에 적합한 사단 구조 및 편성 연구,국방전산정보원,174185715.0,,,,,,,,,함정 네트워크 설계 및 무선통신 발전방향 연구 용역,군
대형수송함-ll(LPX-ll) 개념설계 기술지원 연구 용역,방위사업청(운영지원과),166693007.0,,,육군사관학교 산학협력단,,윤진영,"서울특별시 금천구 가산디지털2로184, 10층 1017호(가산동, 벽산디지털밸리2차)",,,원격제어조립체 개발 연구개발(2019H027-B),제9691부대
23-10차 조달 연구장비(순수물제조기) 구매,방위사업청(운영지원과),160889313.0,82.706,,연세대학교 산학협력단,김성빈,배영실,경상남도 거제시 거제대로3370 (아주동),,,군사과학기술대학원(가칭) 신설방안 연구,군
21-공-가스크로마토그래피 질량분석식 구매,육군교육사령부,818956303.0,87.192,2022-10-10,청맥기획,김경호,조성호,경기도 포천시 군내면 유교로163,818879645.0,87.192,22-수중광통신의 군사적 활용방안 및 운용효과 분석,중앙행정기관
잠수함 근무환경의 분석 및 건강모델개발 용역,국군재정관리단,36408877.0,96.176,2019-07-18,대전대학교 산학협력단,이병택,이도제,"서울특별시 서초구 서초대로1길17, 2층 226호(방배동)",,96.169,특수작전용대형기동헬기 기종결정 평가방안 연구,국군재정관리단
국방 정보기술 조사·분석 연구,방위사업청(운영지원과),208635955.0,,2018-07-23,사단법인 안보경영연구원,전건욱,,"서울특별시 강남구 언주로527, 10층 (역삼동)",208711224.0,82.437,의학연구소 영상진단장비,군
예비군법 개정방안 연구,방위사업청(운영지원과),,92.014,2020-07-31,호원대학교 산학협력단,전용일,이연수,"서울특별시 노원구 광운로 20(월계동, 광운대학교)",,92.017,스위치 누름식(연구개발),중앙행정기관
국방로봇 운용을 위한 법/제도 개정 및 인증제도 연구,국방부(운영지원과),308096.0,,2020-03-15,(사)한국전략문제연구소,박정기,김채미,"서울특별시 강남구 언주로527, 10층 (역삼동)",307578.0,89.315,전투발전세미나 수행 연구용역,중앙행정기관
항공교통 업무 수행 및 공역체계 개선 방안 연구,공군본부,10283147.0,,2019-05-25,(사)21세기군사연구소,박종재,정주교,서울특별시 관악구 관악로1 (신림동),,81.321,인공지능을 활용한 사이버위협 탐지기술 연구용역,군
전파영향평가 방법 비교분석 및 실증 연구,방위사업청(운영지원과),,,2022-03-01,,,,,616572972.0,88.65,해병 00부대 재배치 및 신기지 구상 관련 연구,중앙행정기관
20-WMD/화생방 전문인력 관리 및 교육훈련 정립 연구,국방시설본부,,,2021-09-06,주식회사 비씨디이엔씨,이여정,최승룡,강원특별자치도 홍천군 홍천읍 진리로8,346522987.0,97.568,위험평가를 위한 공격표면 및 평가방법 연구,군
RAM 및 군수지원분석 방법 선진화 연구(2차),국군재정관리단,11315327.0,99.631,2020-06-16,,,송종호,"서울특별시 금천구 가산디지털2로184, 10층 1017호(가산동, 벽산디지털밸리2차)",11321842.0,99.636,K-UAM과 연계한 드론 통합관제체계 구축 방안 연구,중앙행정기관
전자기스펙트럼 측정/분석체계 운용방안 연구,국군재정관리단,,104.754,,사단법인 안보경영연구원,,,,93702746.0,104.757,드론봇 및 대드론체계 전력화추진 Master-Plan 연구,군
(20F089-I)소음영향도작성을위한소음측정및분석용역,육군본부,272989740.0,101.22,,한국환경설계(주),김종광,이지호,"경기도 성남시 수정구 창업로43-0 (시흥동)1층, 글로벌비즈니스센터",,101.22,휴대용화학물질분석기 등 2종 구매,합동상호운용성기술센터
21년 연례 육군 리더십 수준 진단 연구용역,국군재정관리단,684854.0,94.858,,,,,,685375.0,,군사력건설을위한 미래국방정책 및 합동작전개념연구,군
여군 피복장구류 개선방안에 대한 연구,국방대학교,141909859.0,87.867,2023-10-31,,,김소미,,,,효율적인 유지보수 사업관리 방안 연구,군
군 C4I체계 보호방안 연구 용역,해군본부,44798216.0,,2019-11-06,사단법인 안보경영연구원,전건욱,,"서울특별시 강남구 언주로527, 10층 (역삼동)",,73.9,반환 미군기지 매각 활성화를 위한 처분 방안 연구,군
19년 발칸 추적훈련 분석기(제조),육군본부,27556188.0,80.597,2021-12-18,씨엠티정보통신(주),이귀숙,김여기,"경기도 김포시 태장로795번길23 (장기동) 마스터비즈파크 R124, 7층 729-732호",27572263.0,80.587,00 0000 분석체계 구축,기관
중증외상질환 예후예측인자 발굴 및 관리방안 연구,육군교육사령부,186016449.0,98.794,2016-12-06,국방대학교산학협력단,김진욱,,서울특별시 영등포구 영등포로35길10-0 (영등포동6가) 8층 809호,,,SUPPRESSED,중앙행정기관
한국형 레이저 무기 조기도입 개발전략 연구,국방부(운영지원과),,110.422,,법무법인 집현전,조현선,박소연,"경기도 용인시 수지구 죽전로 152, 단국대학교내(죽전동)",,110.425,21-섬석천 기능개선 분석평가 및 기본계획 연구용역,중앙행정기관
대대급이하 전투지휘체계(B2CS) 양산사업 비용분석,국군재정관리단,30173013.0,88.896,,(주)두두아이티,,김인해,서울특별시 영등포구 영등포로35길10-0 (영등포동6가) 8층 809호,,,(207108-H)네트워크 위협 분석체계 구축사업,국군재정관리단
민간인 지뢰제거 방안 연구,4284부대,,,,,,,,292046191.0,,K200A1장갑차 시뮬레이터 연구개발,기관
21-공-신호발생분석기 구매,한미연합군사령부,273618922.0,85.282,,한국교통대학교산학협력단,김재영,정승인,"서울특별시 금천구 가산디지털2로184, 10층 1017호(가산동, 벽산디지털밸리2차)",273434008.0,,(236199-F) 고분해능 질량분석기 구매,군
자동 00분석 지원체계 구축(20197115-H),국군의무사령부,,75.478,,,김규형,박은하,"서울특별시 종로구 홍지문2길20-0 (홍지동, 상명대학교)",,75.48,17년 지형분석장비 교체사업,군
소요결정 권한 소요군 위임시 획득절차 연구,육군종합군수학교,6360252.0,,2017-09-02,씨지에스아이티(주),강석균,이연수,광주광역시 서구 양동로41번길21-9 (양동),,90.907,민사분야 연구용역(2-2),군
전술항법장비(TACAN) 시설사업기본계획 연구용역,국군재정관리단,33976425.0,,2019-04-28,,,,,33991048.0,103.215,융합형 신개념기술시범(ACTD) 제도 정립방안 연구,중앙행정기관
경어뢰 성능개량사업 전문용역 비용분석,국군수도병원,261888159.0,,,공군사관학교 산학협력단,이문걸,김지훈,"경상북도 포항시 남구 청암로77 (효자동, 포스텍)",261890473.0,86.569,(217100-F)스마트폰앱 분석체계 구축,합동참모본부
주요 선진국의 획득제도 사례분석을 통한 시사점 연구,국군재정관리단,,101.969,,사단법인 안보경영연구원,전건욱,,"서울특별시 강남구 언주로527, 10층 (역삼동)",72609394.0,,수직이륙형UAV 기지건설 가능성에 관한 연구용역,군
조종사 피로관리 프로그램 개발 연구용역,제2879부대,196310382.0,102.77,,국립금오공과대학교산학협력단,강남기,이현정,"강원특별자치도 춘천시 서면 경춘로1517-23, NAB R&D큐브",,,함정구조해석용 모델링 DB 개발 연구(2019H038-E),군
재투자 의무장비 구매(1차) - 요분석기,육군본부,,74.047,,건양대학교 산학협력단,장승규,김정옥,"충청남도 논산시 대학로 121, 건양대학교 산학협력단(내동)",129713333.0,74.044,혈액가스 분석기 1EA 구매,군
지능형 C4I체계 기술 분석 및 클라우드환경 구축방안,공군본부,134821108.0,91.032,2022-05-07,주식회사피레타,안병선,이우희,경기도 고양시 덕양구 권율대로656-0 (원흥동) 17층 1739호,,91.026,무건리훈련장 갈등영향분석 용역,국군재정관리단
지능형 악성코드 수집분석체계 라이선스 구매,제5378부대,,90.559,2022-05-25,정투유통,이재관,백다리아,충청남도 아산시 삼동로40 (모종동)3층 301-37호,,90.557,민 군 통합 수송운영체계 구축 수송물류 비용분석,국군대전병원
21-2차 개념설계 기술지원 연구용역,공군본부,,89.934,2023-01-24,,김진원,공영주,"경기도 안양시 만안구 만안로49, 519호(안양동, 호정타워)",131110742.0,89.928,군용항공기 비행안전성 인증업무분석 및 발전방안연구,합동참모본부
군무원 적정 충원 비율에 관한 연구 용역,국군재정관리단,201435440.0,,2018-03-13,,,,,201313219.0,86.267,산업협력 제도 시행을 위한 세부 방안 연구,중앙행정기관
교육장비(동작분석 측정장치 세트) 구매설치,공군본부,271893968.0,,,사단법인 한국국가전략연구원,엄현성,,,272131662.0,82.828,DNA정량분석기 등 7항목 구매(의무),군
정비용 샵차량 전원발생기 정비기술개발 연구용역,육군본부,,,2021-09-20,,김진욱,이수행,"서울특별시 금천구 가산디지털2로184, 10층 1017호(가산동, 벽산디지털밸리2차)",,,소형드론용 지능형 영상분석기술 연구/시연 용역,국군재정관리단
21년 공군 항공무장효과분석모델 통합유지보수 용역,육군군수사령부,94578756.0,,2020-11-27,(사)21세기군사연구소,유상호,김학균,,94530942.0,101.516,신호분석기 1EA,군
통신전자장비 전계강도 측정분석장비 개발,공군본부,,,2021-09-25,주식회사 우정바이오,김광식,박준용,"대전광역시 서구 대덕대로319, 2층 212호(월평동, 우림빌딩)",427942381.0,97.186,(226320-B) 지형분석장비 교체(리스물건),중앙행정기관
진로도움 프로그램 성과분석 및 개선방안 연구,국방시설본부,,79.658,2021-12-26,건양대학교 산학협력단,홍영기,,대전광역시 동구 대학로62-0 (용운동),,79.652,액체폭약류 친환경 비군사화 방안 연구,4284부대
관사 및 간부숙소 신축 선행연구 용역(23-216),공군본부,,,2021-12-21,,,,,331302635.0,,[24-육-6] M&S 체계구축  활용방안 연구,국군재정관리단
FA-50 성능개량 방안 연구,공군본부,100191451.0,75.355,2022-11-30,(주)렛츠정보통신,권경득,구종우,경기도 안양시 만안구 일직로94번길15-0 (석수동),,,함정구조해석용 모델링 DB 개발 연구(2019H038-E),군
중고도정찰용 무인항공기 시설사업 선행연구,방위사업청(운영지원과),,100.705,,(주)우림데이타,김윤혁,박계향,서울특별시 영등포구 여의대방로43나길20-0 (신길동),16904960.0,100.696,연구소 화생방연구활동 재료비 초자 구매,중앙행정기관
사이버위험평가 방법 및 군 적용방안 연구,국방부(운영지원과),,88.011,2020-12-20,,,정아름,,45925008.0,,AI 작전운용성능 설정기준 표준화 연구,군
전장리더십 역량의 평시 개발 연구,국방대학교,28294779.0,86.307,2016-09-13,,,,,28244486.0,86.306,무인기술을 적용한 현용전력 극대화 방안 연구,군
2019년도 방위산업기술 보호수준 분석 및 진단연구,육군군수사령부,8784772.0,84.493,2020-04-30,서울대학교 산학협력단,노광현,박계향,대전광역시 유성구 테크노2로66-6 (관평동),8790460.0,,전투복 위장무늬  디자인 및 적용소재 연구용역,제7821부대
KUH-1 헬기 견인장치 안전센서 개발 연구용역,육군교육사령부,,94.241,,,김주희,박계향,,,,지뢰 등의 탐지·제거 민간대행에 관한 연구,군
전력지원체계 연구개발 기술수준 조사 및 평가 용역,해군본부,13903845.0,73.295,2019-11-25,,한민구,,"서울특별시 금천구 가산디지털2로184, 10층 1017호(가산동, 벽산디지털밸리2차)",13898536.0,73.294,원주기지 활주로 재포장사업 선행연구 용역,국군재정관리단
연구소 장비(분광광도계 등 4종)구매,국방부조사본부,286380268.0,72.731,2016-03-25,,,,,286311177.0,,상륙돌격장갑차-Ⅱ추진전략에 관한 연구용역,군
(227135-E)디지털포렌식 조사분석도구 구매,국군복지단,,95.209,,주식회사 유노미아,주인웅,김진송,경기도 고양시 일산동구 고봉로658번길61-17 (성석동),18499269.0,,군 암호체계 분석보호시스템 분석장비 구매,중앙행정기관
2019년 의무장비(자동분석기 생화학용 대형) 구매,국군재정관리단,91407223.0,,2018-03-23,사단법인 안보경영연구원,전건욱,,"서울특별시 강남구 언주로527, 10층 (역삼동)",91407099.0,90.003,전술정보통신체계Block-1-① 창정비요소개발 비용분석,제9691부대
해병대 무인화전투체계 도입방안 연구용역,방위사업청(운영지원과),,85.781,2017-11-07,,전건욱,이우학,,15549035.0,85.774,연구소 기술용역 재료비 초자 구매,군
방위산업기술 유출 및 침해 대응체계 구축방안 연구,육군본부,75071754.0,,,,주현,,,75116430.0,87.013,운용함정 손상대응 훈련 시나리오 연구 용역,군
`18년 지형분석장비 교체사업,국군의무사령부,,,2019-08-27,주식회사산엔지니어링,김진원,이경생,서울특별시 영등포구 경인로763-0 (문래동3가) 제9호,153226208.0,100.463,(21F093-K)'22년~'23년 작전지속지원분석모델유지보수,군
혈액가스분석기 병리장비운영소모품(13) 구매계약,해군본부,304964318.0,,2020-03-05,한국외국어대학교 연구산학협력단,조희아,권시형,충청북도 청주시 청원구 사뜸로67번길24-0 (율량동),,94.124,21-375 분석기  주파수편이용 등 1품목,중앙행정기관
비행기지 계기착륙장치 노후교체 적정시기 연구용역,국방부(운영지원과),9545363.0,79.433,2024-02-22,,,전수현,,9544764.0,,오폐수처리시설 기술제안서 평가기준 정립 연구용역,중앙행정기관
[24-육-188] 안전문화 수준 측정 Tool 개발 연구,육군본부,235327414.0,,2019-10-18,,,이수행,"서울특별시 용산구 한강대로62길41, 3층 (한강로1가)",235366622.0,75.584,76mm 철갑고폭탄 비용분석,제9691부대
국방정책 연구지원 발전 기획 연구,국방부(운영지원과),155282640.0,86.774,2020-07-12,,,,,,,미래 한국 해병대의 군구조 연구용역,중앙행정기관
연합/합동 연습모의모델 획득 및 운영방안 연구,국방부(운영지원과),,91.467,,,,김형민,,33589725.0,,화생방 환자 진료를 위한 군 병원 개선 방안 연구용역,중앙행정기관
한미동맹의 미래 연구용역,국군재정관리단,,81.268,2022-04-03,국방대학교산학협력단,홍영기,김소미,,52186517.0,,위치보고접속장치 통신회로카드 대체품 개발 연구용역,국군재정관리단
21-섬석천 기능개선 분석평가 및 기본계획 연구용역,공군본부,171273073.0,,2020-12-23,,,,,,,야전운용시험 성과분석 및 발전방안 연구,제3707부대
해성-I 창정비요소개발 사업 비용분석,국군재정관리단,481185258.0,86.794,2024-03-04,,,,,481218401.0,,(236043-G) 23년 모바일·IoT 조사분석체계 도입사업,군
무기체계 안전성 시험평가방안 연구,국군재정관리단,15166742.0,90.429,,사단법인 한국국가전략연구원,,,,,,SIEM을 활용한 사이버 침해 경로 도출방안 연구,국군재정관리단
범국민 안보의식조사 정책대안 연구용역,방위사업청(운영지원과),83636120.0,,2021-07-12,한국법제연구원,안동만,이상규,"서울특별시 중구 동호로7길41, 2층(신당동)",83549590.0,83.645,하이드로릭 입자분석기 구매,중앙행정기관
차륜형장갑차 시설사업 선행연구,국군재정관리단,141258475.0,105.482,2018-03-20,,,,,141241215.0,105.476,국방상호운용성 마스터플랜 연구,기관
리더십코칭 효과성 평가에 관한 연구용역,해군본부,48096956.0,,,,,장재필,,,,20-PKMR엔진 PBL 비용대효과분석 및 성과지표 연구,군
군인 고용보험 가입의 효과성 연구,국군재정관리단,90654859.0,,2016-11-25,아주대학교 산학협력단,이문걸,,충청남도 논산시 양촌면 황산벌로1040,,90.701,신분별 직무분석을 통한 적정 계급구조 연구,기관
20-MTU엔진 PBL 비용대효과분석 및 성과지표 연구,육군교육사령부,,,2021-07-20,사단법인 한국국가전략연구원,,전희수,,7358548.0,,Edu-Tech 교육체계 개발 연구용역,군
해군수병 역량강화 프로그램 추진 연구용역,제9691부대,40359782.0,85.983,2021-09-13,(주)강남,서정민,,대전광역시 유성구 대학로291-0 (구성동) N7-7111,,85.99,드론봇 전술훈련장 운용개념 및 구축방안 연구용역,군
관제레이더 장애징후분석 및 원격감시체계구축,국방부(운영지원과),269020076.0,75.371,2023-04-11,에이치앤주식회사,김회율,지민이,경기도 의정부시 녹양로18번길19-11 (가능동) 지층1호,,75.369,중합염기서열분석기 구매,중앙행정기관
24년 전투실험발전 연구 용역(1),제2879부대,834482.0,,,한국산업기술시험원,최규식,정성채,"서울특별시 서초구 방배천로155, 유청빌딩 3층(방배동 821-8)",,72.763,22-11차 연구장비 구매 계약 - 의약품 냉동고,군
함정 도면관리를 위한 SW개발 연구용역,해군군수사령부,16262799.0,,2018-04-25,,김진욱,황병수,"서울특별시 동작구 상도로133, 5층 (상도동, 두덕빌딩)",16258318.0,,ISR 자산의 효율적 통합 운용방안 연구,국군재정관리단
국방과학기술기본법 제정을 통한 국방연구개발 혁신,방위사업청(운영지원과),114475972.0,,2021-02-19,주식회사 조인트리,정주교,김채미,서울특별시 용산구 한강대로46길25-0 (한강로2가) 401호,114576485.0,106.498,군 의료 혁신을 위한 의료전달체계 개편 연구용역,중앙행정기관
(227258-F)사이버 기술분석용 장비/SW 도입,한미연합군사령부,,97.965,,주식회사 이에스,NAKAZAWA TAKASHI,김혜민,"서울특별시 서초구 동산로23, 3층(양재동,베델회관)",,,(227135-E)디지털포렌식 조사분석도구 구매,합동참모본부
드론사업 진화적 획득 방안 연구,제2879부대,107027694.0,75.891,2018-06-07,,김진욱,,,,75.888,RAM 및 군수지원분석 방법 선진화 연구(2차),군
(236199-F) 고분해능 질량분석기 구매,방위사업청(운영지원과),44448005.0,92.259,2024-10-05,(사)21세기군사연구소,이광형,권시형,"경기도 용인시 기흥구 덕영대로1732-0 (서천동, 경희대학교 국제캠퍼스내)",44481958.0,,23-D-기체질량분석기 구매,군
(226023-G)'22년무기체계사이버위협 분석시스템 도입,육군교육사령부,650737483.0,88.152,,주식회사 엑스정보통신,신승호,최명식,"서울특별시 강남구 광평로281, 10층(수서동, 수서오피스빌딩)",650830491.0,88.151,(216032-G) 차륜형장갑차 센서데이터 수집 분석체계,중앙행정기관
정신전력 평가도구 개발 연구용역,국군재정관리단,17560522.0,,2021-09-01,(사)21세기군사연구소,김한욱,최용찬,서울특별시 성북구 삼선교로16길116-0 (삼선동2가),17548292.0,82.194,비행기지 빅데이터 기반 비행안전 관리체계 방안 연구,군
CH-47D 후방도어 실린더 정비기술 개발 연구용역,국군재정관리단,148886359.0,,,,,김채미,,148838919.0,,20-MTU엔진 PBL 비용대효과분석 및 성과지표 연구,제2879부대
함정 네트워크 설계 및 무선통신 발전방향 연구 용역,공군본부,76867394.0,90.038,2020-05-10,,전건욱,,"서울특별시 용산구 청파로 40, 삼구빌딩 1815호(한강로3가)",76847909.0,,주요 선진국의 획득제도 사례분석을 통한 시사점 연구,기관
17년 지형분석장비 물품 구매설치,육군인사사령부,,,2021-01-13,,,,서울특별시 노원구 화랑로574-0 (공릉동),,,인터넷 패킷저장분석체계 구축사업(리스물건),군
23-D-액체질량분석기 구매(2310036-F),육군군수사령부,91771478.0,,2023-09-27,디에이전,조성희,서선숙,"서울특별시 금천구 가산디지털1로19, 406호, 407호, 408호, 409호(가산동,대륭테크노타운18차)",,88.44,21-해-성분분석기 구매,합동참모본부
K1A2 전장관리신호처리기 시험장비개발 연구용역,공군본부,193658891.0,,,사단법인 한국국가전략연구원,,구종우,"충청남도 논산시 대학로 121, 건양대학교 산학협력단(내동)",193629187.0,73.607,예비군훈련 원격교육 적용방안 연구,군
연구용역(방공포병 준.부사관 특기체계개선방안 연구),방위사업청(운영지원과),177712243.0,80.28,2022-09-14,,,김민영,,177591196.0,80.274,2040년대 군병력 수급규모 예측 연구,중앙행정기관
적 사이버공격 의도분석 지표개발 및 평가방안 연구,해군본부,69556604.0,88.167,2019-08-20,,,,,69521232.0,,국내 연구개발 항공무장 확보 방안 연구,군
군사시설부문 온실가스 감축 계획수립 연구,육군교육사령부,66710074.0,99.535,,(주)하이엠디,윤철지,김재일,"울산광역시 북구 명촌18길5-0 (명촌동, 울산강변효성해링턴플레이스(85블럭))8502동 101호",66740527.0,,22년도 군 급식 및 피복 만족도 조사 연구용역,제9691부대
한국형 손상통제 모의훈련형 CBT 구축방안연구,육군본부,4971101.0,,,,,,"서울특별시 용산구 청파로 40, 삼구빌딩 1815호(한강로3가)",4980221.0,88.442,국방사업관리 자격신설 연구,군
해강안 경계철책 철거(대체)관련 설계 연구 용역,국방부(운영지원과),6689206.0,93.239,,재단법인한국조달연구원,김진욱,정해인,충청남도 계룡시 두마면 두계리116 계룡대림이-편한세상 109-902,6672749.0,93.238,상비군 수준의 동원위주부대 전력보강 방안 연구,중앙행정기관
4차 산업혁명과 연계한 미래 물자동원방안 연구,해군본부,,,2020-02-18,주식회사 베가스,김영국,김경호,"서울특별시 송파구 송파대로24길5-6 (가락동,1층)",,82.451,국방 디지털 서비스 환경 전환 방안 연구,군
18년 지상군 전시자원소요분석모델 유지보수 용역,육군본부,,87.661,2022-05-08,서울대학교 산학협력단,엄현성,,서울특별시 영등포구 영중로65-4 (영등포동6가) 4층,,87.667,복합신호분석기 구매(20198178-F),군
23-블랙이글스 소음 및 연막 공공갈등 관리방안연구,국방대학교,323410813.0,,2020-06-19,주식회사 인섹사이버시큐리티,위정은,백현정,"서울특별시 금천구 가산디지털1로5, 대륭테크노타운 20차 1934호",323343201.0,97.333,23년 임무형지휘 연구용역,군
22-이맹기 제독 평전 연구 용역,국방부군사편찬연구소,85474958.0,97.319,,(사)21세기군사연구소,백도현,이정민,서울특별시 영등포구 여의대방로61길2-0 (신길동)천록빌딩105호,85539712.0,,차기전술차량 계열화 방안 연구,군
국방 분야 초거대 AI 적용 방안 연구,공군교육사령부,,86.114,2023-08-08,국민대학교산학협력단,김동준,엄지성,"경기도 용인시 기흥구 덕영대로1732-0 (서천동, 경희대학교 국제캠퍼스내)",,86.113,차년도 안보정세전망 연구 용역,제5019부대
소형전술차량 시설사업 선행연구,국방부(운영지원과),22024648.0,,2017-07-25,,,,,,,군사시설 건축공법(경량화) 개선 연구,군
해병대 작전환경에 적합한 M&S 전력분석 연구 용역,제2879부대,267278717.0,,,국방기술품질원,김경빈,,,267224527.0,,풍력발전기에 의한 방공레이다 등의 작전영향 연구,군
해강안 경계철책 철거(대체)관련 설계 연구 용역,육군교육사령부,134665122.0,98.447,2019-08-22,사단법인 안보경영연구원,전건욱,,"서울특별시 용산구 청파로 40, 삼구빌딩 1815호(한강로3가)",134595612.0,,전투실험 설계 및 결과 분석 방법 연구용역,국군재정관리단
복합신호분석기 구매(20198178-F),국군재정관리단,44494781.0,78.591,2018-11-26,엘컴퍼니,유진경,김영우,"경기도 양주시 광적면 부흥로847, 431호(경기벤처타운)",,78.598,6.25 전쟁 기간/분야별 전쟁분석자료 번역 용역,중앙행정기관
방공전력 발전방향 연구 용역,국군재정관리단,38954833.0,87.655,2021-01-23,(사)21세기군사연구소,,,,38949176.0,87.65,4차 산업혁명 주요기술 활용 안전관리 발전방안 연구,군
정기기초연구과제연구용역(3. 한국군의군수관리...),해군본부,,71.032,,수안특허법인,김석용,전치우,서울특별시 동대문구 천호대로 157(),249657189.0,,군사용 인공지능 윤리적 평가 및 검증요소 연구 용역,군
’22년 전투발전 연구과제 용역(2),육군교육사령부,316812729.0,,2022-03-14,,전건욱,,"서울특별시 강남구 언주로527, 10층 (역삼동)",,98.147,전파영향평가 방법 비교분석 및 실증 연구,중앙행정기관
UAV 정비용 장비(스펙트럼 분석기) 구매,국방부(운영지원과),227110106.0,85.482,2024-06-27,사단법인 한국선급,권태순,고찬갑,대전광역시 유성구 테크노4로17-0 (관평동) 대덕비즈센터 D동 612호,227063365.0,85.479,표적획득 및 사격지휘체계 발전에 따른 포병효과 분석,군
비행대대 조종사 적정 편제 및 대체 인력 운영 연구,국군재정관리단,,97.519,2018-01-24,예원,신준호,이도제,광주광역시 서구 마륵로28-1 (마륵동),,97.518,철근콘크리트 방폭문 파괴거동분석 및 실증실험 연구,합동참모본부
항-19-032 자동면역분석기 시약(HBsAg RGT)등 112종,공군군수사령부,,90.317,2024-07-06,경희대학교산학협력단,염진수,김영진,광주광역시 서구 상무대로956번길25-0 (쌍촌동),353212122.0,90.318,[상층대기분석장비 부품] 송풍기  환기용 등 7종,군
자동염기서열분석기 정비,방위사업청(운영지원과),198260785.0,87.563,2023-03-05,라온시스템즈(주),이성인,장윤정,"서울특별시 금천구 가산디지털1로1-0 (가산동, 더루벤스밸리) 1208호",198382858.0,87.558,軍 태양광 시범사업 효과 분석평가 용역,중앙행정기관
통신전자장비 전계강도 측정분석장비 개발,방위사업청(운영지원과),167596721.0,86.88,2023-09-05,,,노민택,,,86.888,휴대용 산소분석기 등 6종 구매,중앙행정기관
(20F083-I)소음영향도작성을위한소음측정및분석용역,국방부(운영지원과),63004748.0,,,건양대학교 산학협력단,차진섭,박계향,"경상남도 창원시 진해구 중원로1-0 (남빈동, 해군사관학교내)",,106.828,자동염기서열분석기 정비 및 검교정,중앙행정기관
정비공정 분석도구 구매,제6619부대,,94.097,2023-10-14,,김효근,이종범,,,,요분석기 사단용 2EA 구매,제20전투비행단
21년 전투발전 연구용역(1),방위사업청(운영지원과),256154198.0,76.877,2022-01-04,사단법인 한국방위사업연구원,한민구,,충청남도 논산시 양촌면 황산벌로1040,256069676.0,76.884,4차산업혁명 기술을 적용한 C4I체계 발전방안연구,국군재정관리단
유류시험장비(금속성분분석기(ICP))구매,합동참모본부,34881764.0,96.035,2020-01-27,주식회사코드원,홍영기,민희숙,"경기도 고양시 일산동구 일산로441번길34-13, 1층 (1층 상가 좌측)(정발산동)",34837520.0,96.035,생화학자동 분석기 구매(20199034-D),국군재정관리단
KF-16 AIFF 점검 및 교환 기술 개발 연구 용역,국방대학교,65899287.0,,,호원대학교 산학협력단,,,,65904688.0,79.51,SUPPRESSED,국군재정관리단
미래 우주전장 분석 및 공군 우주전략 수립 연구용역,국방부(운영지원과),,85.978,2017-03-12,,,,,,,무기체계 RAM 시험평가의 효율적 수행방안 연구,중앙행정기관
21-섬석천 기능개선 분석평가 및 기본계획 연구용역,국군화생방방호사령부,19625724.0,77.287,,서울과학기술대학교 산학협력단,최규식,김한욱,"서울특별시 금천구 가산디지털2로14,  14층 1405, 1406호(가산동)",,77.287,21년 정책 연구용역,국군재정관리단
미래 합동특수작전사령부 창설 필요성 연구용역,국방부(운영지원과),,,2018-09-08,,,이수행,,,,21-첨단 수중전력 소요기술 분석 및 적용방안 연구,국군재정관리단
추진장약 분석시험용 재료구매,국방부(운영지원과),43285643.0,83.643,,경희대학교산학협력단,김대웅,노태균,대전광역시 유성구 유성대로1312번길20-62 (장동) 3층,43242256.0,83.636,19년 발칸 추적훈련 분석기(제조),중앙행정기관
22-4차 연구장비 구매 계약 - 세균배양기 CO2,육군본부,100548887.0,74.617,,,박정기,이수행,,,74.613,지뢰대응법 하위 법령등에 관한 연구,제9691부대
탄소중립 시대 도래 육군 추진전략 방향 연구용역,공군항공안전단,,89.062,,국방대학교산학협력단,이문걸,,"서울특별시 서초구 신반포로303, 101호 (잠원동, 에스엘빌딩)",24007932.0,89.062,공군 우주조직 발전방향 연구,제2879부대
자동염기서열분석기 정비(소모품 구매설치),육군교육사령부,10848700.0,91.919,2020-01-13,엠에스동민특수가스(주),권시형,김우중,"경기도 성남시 분당구 탄천상로164, A동 2층 247호(구미동, 시그마2오피스텔)",,,(227321-C) 네트워크 위협분석시스템 구매(리스물건),중앙행정기관
스위치 누름식(연구개발),국방부(운영지원과),397513744.0,87.241,,,,,,397237360.0,87.239,방산 부품산업 발전을 위한 지원체계 구축방안 연구,군
항-16-047 050 자동면역분석기 등 42종,공군군수사령부,,85.711,,미소커뮤니케이션,윤은희,이성로,전라남도 목포시 용당로225-1 (용당동),52643991.0,,상층대기분석장비 유지보수,제2879부대
(20F066-A)소음영향도작성을위한 소음측정및분석용역,제9691부대,,89.317,2021-11-14,(사)한국위기관리연구소,안성원,장미선,서울특별시 영등포구 여의대방로61길2-0 (신길동)천록빌딩105호,,,20~21년 작전지속지원분석모델 유지보수(2019F172-G),중앙행정기관
(226220-F)발광분광 분석기 구매,국군의무사령부,92305483.0,,2021-06-17,(사)21세기군사연구소,김규형,박소연,충청남도 논산시 양촌면 황산벌로1040,,,탄도수정신관 사업분석,군
미래 우주전장 분석 및 공군 우주전략 수립 연구용역,육군인사사령부,5927356.0,92.569,,(주) 솔포스텍,노광현,임평산,"대전광역시 서구 대덕대로319, 2층 212호(월평동, 우림빌딩)",,92.576,유도로켓(비궁) 성능개량 소요 및 방법 분석 연구용역,국군수도병원
BLT급 쌍방훈련 제병협동훈련장 구축 연구용역,국군재정관리단,479426399.0,88.245,2020-11-20,,,,,479367666.0,,창군 100주년 준비 차기 공군 비전서(書) 작성 연구,군
국내 한도액계약 및 성과기반계약 활성화 방안 연구,방위사업청(운영지원과),21009031.0,77.031,2019-09-17,주식회사 도화엔지니어링,한창모,곽일,"경기도 화성시 동탄첨단산업1로27 (영천동, 금강 펜테리움아이엑스타워) A동1708,1709호",21013895.0,77.026,군사시설 타운화 개념의 부대 재배치 방안 연구,중앙행정기관
22-15차 연구장비 구매 계약  - 진탕욕조,국군재정관리단,250294473.0,89.568,2022-08-12,사단법인 안보경영연구원,박정기,,"서울특별시 강남구 언주로527, 10층 (역삼동)",250297090.0,,지뢰탐지기(PRS-17K) 제어함 정비기술개발 연구용역,군
17년 통합기후예측시스템 연구개발 용역,해군본부,10459989.0,87.996,2016-01-06,(재)한국해양전략연구소,,,서울특별시 강동구 양재대로1377 (성내동 삼원빌딩 408호),10436063.0,87.997,공군기지 작전환경을 고려한 무인기 운영방안 연구,중앙행정기관
해병 과학화경계시스템 추진방안 연구 용역,방위사업청(운영지원과),19668921.0,,,유한회사 창해,최광열,양진,"충청북도 청주시 흥덕구 흥덕로151-0 (운천동, 지하1층)",19675589.0,75.273,전자기스펙트럼 측정/분석체계 운용방안 연구,군
서북도서용 무인항공기 선행연구,방위사업청(운영지원과),92895662.0,115.184,2016-09-25,,,,,,115.175,SUPPRESSED,중앙행정기관
대함유도탄 방어유도탄 양산사업 비용분석,국군재정관리단,222271798.0,90.456,,주식회사 베테랑콤,이문걸,조혜진,"전라북도 군산시 임피면 호원대3길 64,",222432774.0,90.459,정밀측정장비(스펙트럼분석기 등 4종) 구매,제9691부대
24년 전투실험발전 연구 용역(1),해군작전사령부,,89.748,,럭키상사,김용주,,전라북도 전주시 완산구 장승배기로263 (평화동1가),232949724.0,89.747,스펙트럼용 분석기 구매,4284부대
“제○군수지원사령부 부대사” 연구 용역,육군교육사령부,54731156.0,,2022-03-08,,변중무,박영욱,,54738362.0,74.292,국방분야 반도체 조사·분석 및 발전방안 연구,국군재정관리단
선진 육군가치문화 조성 연구용역,육군교육사령부,,,2022-03-24,사단법인 안보경영연구원,전건욱,황병윤,"서울특별시 강남구 언주로527, 10층 (역삼동)",3846447.0,91.136,IoT 기반 전군 공통 서비스 발전방향 연구,군
전평시 국가 화생방전 대응체계 발전방향 M&S 분석,공군군수사령부,586675426.0,88.365,2021-11-28,,백명기,이경은,,,88.366,2023 임상의학연구센터 통계프로그램 구매,기관
군용차량 배출가스 환경영향 및 기준 검토 연구용역,국방부(운영지원과),234654284.0,92.934,,주식회사 셀젠텍,박장권,김우중,"서울특별시 금천구 가산디지털1로1-0 (가산동, 더루벤스밸리) 1208호",,92.929,공군 예비군훈련장 권역화 · 과학화 구축방안 연구,중앙행정기관
정기기초연구과제연구용역(3. 한국군의군수관리...),국방부(운영지원과),,,2020-06-12,,,최승룡,,30618189.0,,[24-육-17] B군단 부대변천사 연구용역,국군재정관리단
성능개량 전파분석체계도입사업,해군본부,670582333.0,,2022-05-07,씨오(CO)산업,방혁준,이상규,서울특별시 서대문구 포방터2길24 (홍은동),670803507.0,62.632,군 암호체계 분석보호시스템 분석장비 구매,국군재정관리단
계약 전 손실 보전제도(가칭) 도입 관련 연구,국방부(운영지원과),,,2016-07-12,주식회사 다윈에어로테크,윤지성,임찬상,"경기도 군포시 고산로148번길17-0, B동 1303호, 1304호, 1305호(당정동, 군포IT밸리)",,88.602,군인연금관리공단 설립 필요성 등 검토를 위한 연구,중앙행정기관
합동화력시뮬레이터 양산사업 비용분석,국군재정관리단,,100.463,,한국환경설계(주),최경환,조종열,강원특별자치도 동해시 전천로245-2 (북평동),7670468.0,,통일후육군구조(안)에대한 합참과 육군(안)에대한분석,군
물류원가 데이터 수집 및 산정/관리 방안 연구,육군 제3808부대,,87.485,2020-05-12,국방기술품질원,김윤혁,,서울특별시 광진구 군자동98 집현관 216,,,22-15차 연구장비 구매 계약  - 진탕욕조,합동참모본부
유무인 전투기의 공대공 복합운용개념및요구능력 분석,방위사업청(운영지원과),42558274.0,,2024-05-02,주앤주,심종욱,이지선,서울특별시 강서구 양천로401-0 (가양동) 강서한강자이 A-704,42580828.0,87.579,(20F169-A)지형분석장비 교체사업 등 17건 금융리스,중앙행정기관
자주도하장비 시설사업기본계획 수립을 위한 연구용역,4284부대,39975481.0,79.247,,,,김지훈,"서울특별시 용산구 한강대로62길41, 3층 (한강로1가)",,79.246,공군 품목관리관 자격인증제도 도입방안 연구용역,국군재정관리단
22-병력절감형 Smart Battleship 함정 설계연구,해군사관학교,,81.368,,아주대학교 산학협력단,신인균,김지훈,"서울특별시 영등포구 의사당대로22, 8층 9층 10층(여의도동, 이룸센터)",30268596.0,,임베디드 및 군 무선통신 취약점 분석기술 연구,제20전투비행단
“제○○○특공여단 부대사” 연구 용역,공군방공관제사령부,425754345.0,,2021-09-02,(사)21세기군사연구소,권시형,,,425569105.0,,22-이맹기 제독 평전 연구 용역,제6619부대
21년 전투발전 연구과제 세미나 수행 용역,국방부(운영지원과),,104.823,2018-04-15,아주대학교 산학협력단,이재평,,"서울특별시 용산구 이태원로 29, 전쟁기념관 4층(용산동1가)",61489426.0,104.838,22년 전투발전 연구용역 과제 세미나 수행 용역(5),중앙행정기관
해병대 복지회관 중장기 보수계획 연구 용역,국군재정관리단,260166585.0,84.294,2022-09-05,사단법인 안보경영연구원,전건욱,,"서울특별시 강남구 언주로527, 10층 (역삼동)",,,국방표준서 제정(5차) 연구,제2879부대
X-RAY 형광분석기 구매,국방부(운영지원과),137881265.0,86.543,2023-02-18,광운대학교산학협력단,,,서울특별시 강남구 선릉로64길6-0 (대치동) 2층,,86.53,국방과학기술 전문인력 소요분석 연구,중앙행정기관
19-함정 ORD 작성을 위한 설계/건조 요구조건 연구,국군재정관리단,227494036.0,,2019-11-02,디와이아이앤씨주식회사,서승현,이경미,서울특별시 강서구 양천로401 (가양동) 강서한강자이타워 B동1503~1506호,,,상륙돌격장갑차 수명유지를 위한 방안 연구용역,군
23년 국방정책토론회 학술연구용역,육군본부,,86.494,2022-05-05,디엔씨오토메이션,김한욱,승아현,"서울특별시 서초구 서운로 226, 서초오피스텔 404호(서초동)",721008108.0,86.492,상층대기분석장비 유지보수,중앙행정기관
상층대기분석장비 유지보수,국방부(운영지원과),14047620.0,108.585,2022-11-27,서울대학교 산학협력단,홍헬렌,김기현,대전광역시 유성구 죽동로157-0 (죽동),14068431.0,,18년 해군 전자정보 종합분석체계 개발사업,중앙행정기관
정신전력 평가도구 개발 연구용역,해군본부,303671119.0,76.422,,주식회사 대홍관리,곽재수,유선미,"서울특별시 영등포구 경인로 775, 2동 1202호(문래동3가, BJM)",303527237.0,76.425,국방획득 유연성제고 위한 선진국 획득사례 연구,제9691부대
잠수함 음탐 센서 케이블 다기능 검사기 연구용역,국군재정관리단,13240747.0,98.547,2021-03-23,(사)21세기군사연구소,유훈,조명희,충청남도 논산시 양촌면 황산벌로1040,,98.555,미래안보환경 대비 군사시설 보호업무 발전방향 연구,군
비궁 창정비요소개발 사업분석,제2062부대,54158745.0,,2023-11-07,(주)글로벌텔레콤,김하근,안병선,"서울특별시 중랑구 동일로754, 6동 201호(중화동, 우성타운)",54240994.0,82.661,(217074-C) 의무장비(자동분석기 생화학 대형) 구매,국군재정관리단
(21F093-K)'22년~'23년 작전지속지원분석모델유지보수,국군재정관리단,234778563.0,89.321,2020-12-21,티에스와이,김민균,한대일,"서울특별시 강북구 솔매로49길 60, 서울사이버대학교내(미아동 193-15번지)",234592321.0,,(216178-D)휴대용화학탐지장비(화학물질분석기) 구매,군
21-3차 조달 연구장비 구매 계약 - 제빙기 가루형,육군본부,,83.038,2021-05-02,제일공사,김태호,정경아,경상북도 포항시 북구 대해로15-0 (죽도동) 2층,,83.04,지질자원연구원 MASINT DATA 수신체계 구축사업,군
(236498-C) 23년 영상분석서버 및 PC 제조설치,국방대학교,98455586.0,,2023-09-19,테크노빌리지 주식회사,조명지,김보명,"경기도 고양시 일산동구 백마로223, 431호(장항동, 현대에뜨레보)",,91.633,사이버 자산정보 수집 분석체계 라이선스 구매,중앙행정기관
풍력발전기에 의한 레이더 영향성 분석용역,해군본부,100702098.0,85.129,2022-06-22,(주)지인시스템,김용수,김수정,경기도 광주시 오포읍 포은대로339(추자동),,85.137,항-16-047 050 자동면역분석기 등 42종,국군재정관리단
사단 간부숙소 신축 선행연구 용역,국방부(운영지원과),82407889.0,80.453,,대전대학교 산학협력단,,이영주,"서울특별시 용산구 이태원로 29, 전쟁기념관 4층(용산동1가)",,80.454,자동염기서열분석기 구매,중앙행정기관
K21 4차 양산사업 시설사업기본계획 연구용역,해군군수사령부,247752510.0,96.223,,주식회사 지니클라우드,고영호,김소라,"경기도 성남시 수정구 복정로84번길 22-15,(B-001호) (복정동)",247579882.0,,공군 이러닝 무선기반체계 고도화 방안 연구 용역,군
20-S-통합유류고 신축사업 선행연구 용역,해군본부,127004778.0,68.38,2021-02-25,(사)한국위기관리연구소,김운용,이춘근,"경기도 고양시 덕양구 마상로140번길48-0 304호 (주교동, 신양빌딩)",,68.383,군복무 가치 평가 관련 설문조사 연구용역,군
무전기 전면판 회로카드 시험장비 개발 연구용역,국방부(운영지원과),189539420.0,98.367,2021-09-27,,,,,189457703.0,98.374,정기기초연구과제(1. 한국의외교/안보정책),군
00부대 스마트 자동화 저장창고 신축 비용분석 연구,해군군수사령부,168409698.0,,2018-06-21,,,,,,86.45,전술제대 전투무선체계 발전방안 연구용역,군
국방 인공지능 발전계획 수립연구,공군본부,53577801.0,80.522,2019-09-26,(주)디앤오종합건축사사무소,김진욱,황병윤,,53597794.0,,대형 후속사업 추진시 기종결정 평가항목 연구,국군재정관리단
비행기지 빅데이터 기반 비행안전 관리체계 방안 연구,국방대학교,136607127.0,75.191,2018-09-08,,,,,136516273.0,,전투발전 연구용역 과제 세미나 수행 용역,군
지상군 전략 및 작전수행개념 연구,방위사업청(운영지원과),,109.23,2016-10-08,,김효근,,,72396634.0,109.23,조종사 보호의세트-Ⅱ사업 선행연구,군
공군 Kill-Web의 임무효과도 및 발전 로드맵 연구,육군본부,178736636.0,,2017-03-18,경안이엔지(주),이정원,김채미,"경기도 파주시 문산로26번길14-0 (문산읍, 문산호수아파트)",178728688.0,81.785,국방 안전기준 정립 및 발전방향 연구,국군재정관리단
23년 전투실험발전 연구용역(2),해군본부,56598499.0,,2020-11-10,(주)나일소프트,최미옥,이동준,경기도 광주시 오포읍 포은대로339(추자동),,,한국형 모듈화 부대구조 필요성과 편성 방안 연구,국군수도병원
CSP 획득개선 및 무기체계 가동률 향상방안 연구,국군재정관리단,,105.492,,에이치앤주식회사,서유림,장재필,제주특별자치도 제주시 첨단로251 (영평동),,105.493,23년 기술연구용역 계약 의뢰(4),중앙행정기관
군 암호체계 분석보호시스템 분석장비 구매,국군재정관리단,282502930.0,84.832,2024-02-03,사단법인 한국국가전략연구원,송태현,황병윤,"서울특별시 송파구 법원로11길25-0, A동 1310호(문정동, 에이치비즈니스파크)",,,군 암호체계 분석보호시스템 분석장비 구매,군
군 대민지원 분야 및 적정 범위 연구,국군재정관리단,45525122.0,94.809,2017-12-03,,,김흥광,,,94.812,신기술 적용을 통한 저장시설 물류향상 연구,중앙행정기관
육군 수질 유지비 현실화 방안 연구용역,방위사업청(운영지원과),138516667.0,89.976,,에스엘(SL)상사,김동호,구종우,"경기도 고양시 일산동구 중앙로1305-30, 728호 (장항동, 일산마이다스오피스텔)",138434864.0,89.974,스마트팩토리 기반 KAAV창정비 공장 연구 용역(1),중앙행정기관
CSRP 화생방 연구 재료 초자 구매,공군군수사령부,19317405.0,105.568,2018-09-09,한성대학교 산학협력단,김진욱,박성철,서울특별시 강남구 논현로189길6 (압구정동),19307783.0,105.562,연구소 회의실 AV시스템 제조설치 납품,중앙행정기관
항-19-032 자동면역분석기 시약(HBsAg RGT)등 112종,국방대학교,,101.764,2019-07-22,주식회사 라이언앤코컨설팅,박치면,김지훈,경상남도 창원시 의창구 팔용로 399(),75839483.0,101.747,18-19년 해군분석모델 유지보수 및 성능개선사업,군
00부대 정보체계 취약점 분석 도구 구매,국군재정관리단,,,,라온시스템즈(주),류황건,노재란,전라남도 목포시 용당로225-1 (용당동),,81.378,21 분석기 주파수편이용 1종 구매,군
스펙트럼용 분석기 구매(20199125-F),국군재정관리단,,107.207,2022-12-27,(주)에프오알엠도시건축공간연구소,,,,,107.188,제주 작전기지 저주파분석 훈련장비 유지보수 용역,중앙행정기관
예비군훈련 원격교육 적용방안 연구,국군재정관리단,113196309.0,90.133,2019-12-15,사단법인 대한민국해군발전협회,주현,,"서울특별시 금천구 가산디지털2로184, 10층 1017호(가산동, 벽산디지털밸리2차)",113210442.0,,함정추진축계이상소음발생위치추정및원인분석기법연구,중앙행정기관
국방분야 반도체 조사·분석 및 발전방안 연구,육군군수사령부,458884214.0,,2020-07-31,중앙기획,오정환,,제주특별자치도 제주시 첨단로251 (영평동),458889466.0,75.145,방공포병 모의훈련체계 구축 가능성 연구용역,제20전투비행단
디지털 증거분석 수사체계 교체사업(20198118-E),국군의무사령부,,,,,,,,,95.503,조종사 피로도와 안전비행의 상관관계 분석 연구용역,국군재정관리단
21-무기체계 수명주기간 부품국산화 발전방안 연구,제9691부대,33599471.0,85.146,2019-10-22,,권시형,양진,,,85.145,효율적인 탄약 전력화 방안 연구,군
방위산업 발전 및 경쟁력 강화를 위한 법적기반 연구,방위사업청(운영지원과),,82.197,2016-10-20,(재)한국기계전기전자시험연구원,백도현,,"경상남도 창원시 성산구 완암로50-0, 메카동 813호(성산동, SK테크노파크)",8725694.0,82.19,SUPPRESSED,국군재정관리단
전자기스펙트럼 측정/분석체계 운용방안 연구,국군재정관리단,48288107.0,105.395,2016-12-04,씨지에스아이티(주),김정희,정평길,경상남도 진주시 진양호로532-0 (동성동),,105.392,해병대 인력획득체계 분석 발전 방향 연구 용역,중앙행정기관
운용함정 손상대응 훈련 시나리오 연구 용역,육군교육사령부,144369438.0,77.919,2018-10-27,사단법인 안보경영연구원,전건욱,,"서울특별시 강남구 언주로527, 10층 (역삼동)",144420729.0,77.917,군시설 공사비 기준단가 산정 연구용역,중앙행정기관
24-공군 적정 상비병력 규모 연구 용역,국군재정관리단,127071625.0,67.288,2018-09-02,제일공사,홍종일,이도제,"서울특별시 송파구 송파대로24길5-6 (가락동,1층)",127025888.0,67.29,다계층통합네트워크 구축을 위한 연구용역,중앙행정기관
계약 전 손실 보전제도(가칭) 도입 관련 연구,국군재정관리단,180469049.0,,2022-04-22,,,이영익,,,,군 시설물 적정 위장방안 연구 용역,중앙행정기관
부품국산화율 산정방식 등  제도 개선방안 연구,공군본부,,75.128,,,박정기,,"서울특별시 용산구 청파로 40, 삼구빌딩 1815호(한강로3가)",102260912.0,75.128,지상군 전략 및 작전수행개념 연구,중앙행정기관
최근 전력화 장비·물자 ILS 분석 및 개선방안 연구,국방부(운영지원과),,92.968,,,,,,,,방공전력 발전방향 연구 용역,군
17-방공관제사-94 보급수송과 스펙트럼 분석기/3품목,합동참모본부,,84.812,2018-03-31,주식회사 천일,홍지유,전호영,"서울특별시 강서구 공항대로103 (마곡동, 마곡 엠밸리 9단지) 업무동시설 507호",,84.814,24년 전투실험발전 연구 용역(2),국군재정관리단
대형 국외구매사업의 합리적 기종결정방안 연구,방위사업청(운영지원과),73252484.0,76.252,,,,박계향,,73339106.0,,예비전력발전세미나 주제연구(Ⅰ) 용역,중앙행정기관
(246072-F) 분석기 스펙트럼용 구매,국군재정관리단,194960186.0,100.123,2023-04-30,주식회사 라이언앤코컨설팅,김양훈,김나영,충청북도 청주시 청원구 오창읍 농소길33-56,195056171.0,,화생방위험예측분석체계 체계개발,군
군사과학기술대학원(가칭) 신설방안 연구,방위사업청(운영지원과),,74.716,2019-08-22,디와이아이앤씨주식회사,유완종,하성훈,"경기도 남양주시 별내중앙로36-23, 1706호(별내동)",,74.716,안보학술진흥연구용역(5.자원관리과제또는),군
군 작업환경 및 작업자 보건관리 훈령 발전연구,국군재정관리단,,,,한국외국어대학교 연구산학협력단,이홍기,박정자,경상남도 거제시 거제대로3370 (아주동),,96.583,22-11차 연구장비 구매 계약 - 의약품 냉동고,군
인천지역 도심 친화적 통합 재배치 연구용역2019F009,국방부(운영지원과),295278692.0,112.582,,사단법인 안보경영연구원,전건욱,,,295526531.0,112.572,비행대대 조종사 적정 편제 및 대체 인력 운영 연구,중앙행정기관
한국형 임무형 지휘와 리더십 관계 정립 연구용역,제2879부대,71849457.0,,2017-01-28,,,,,71843692.0,,사이버전문인력 육성을 위한 교육 및 개선방안 연구,중앙행정기관
23-H-14 스펙트럼 분석기 구매,국군복지단,337444409.0,,,버프프로덕션,김한욱,현영철,"경기도 성남시 분당구 불정로219-0 (정자동, 한솔마을) 청구상가  비108호",337485745.0,72.978,혈액가스분석기 병리장비운영소모품(13) 구매계약,군
주변국 무기체계 운영개념 및 제원 연구,합동참모본부,,79.027,,,,,,25538680.0,,사업성과관리(EVM) 적용 고도화 방안 연구,군
(20G060-A)IP교환기및국방보안조사분석시스템금융리스,국방부조사본부,153653514.0,86.43,2023-03-17,(사)한국전략문제연구소,,이상규,,153604797.0,,정보분석낭 구성품 구매,군
차기 탑재/양륙 모의체계 개발 개념 연구 용역,국군재정관리단,102106123.0,,2023-11-15,,박정기,류상윤,,,75.574,장보고급 잠수함 디젤감시장치 연구개발 용역,국군재정관리단
2018년 서울안보대화 사이버워킹그룹 지원 연구,방위사업청(운영지원과),,92.19,,씨오(CO)산업,박종호,김보라,부산광역시 부산진구 동성로20 (전포동),,92.197,기동전투장비의 무인화 운용 적용방안 연구용역,군
추진장약 저장수명 예측 가속노화시험 연구용역,제2879부대,589109694.0,,2017-05-10,국방대학교산학협력단,박종재,고기종,서울특별시 영등포구 영등포로35길10-0 (영등포동6가) 8층 809호,589165831.0,,창군 100주년 준비 차기 공군 비전서(書) 작성 연구,국군재정관리단
(236043-G) 23년 모바일·IoT 조사분석체계 도입사업,국방부,137546263.0,,,주식회사 에코비투,정안수,강현순,"경기도 성남시 수정구 창업로54, LH기업성장센터 가동 609호",137555690.0,,(207118-D)00분석체계 구축자재 구매,기관
국제공동연구용역(1.한국-NATO안보ㆍ국방...),방위사업청(운영지원과),189580166.0,83.252,2020-10-04,(사)21세기군사연구소,신인균,,"서울특별시 용산구 한강대로62길41, 3층 (한강로1가)",189460405.0,83.261,24년 간부 파트너십 교육프로그램 개발 연구 용역,군
미래 육군의 우주분야 활용방안 연구 용역,국군재정관리단,218227925.0,102.023,,,,,,,,미래 한국 해병대의 군구조 연구용역,중앙행정기관
조종사 피로관리 프로그램 개발 연구용역,국군재정관리단,136186596.0,,2018-02-15,재단법인 한국군사문제연구원,김형철,,"경기도 성남시 수정구 위례대로83(창곡동, 국방문화센터)",136089867.0,83.684,19-00지역 통합분청 신축 선행연구,군
전시자원소요분석모델 장비 교체사업 리스,방위사업청(운영지원과),213018027.0,,2023-12-01,도원정보시스템 주식회사,김하근,김진송,"경기도 안양시 동안구 학의로282, B동 1616호",213050324.0,99.855,`18년 헌병 디스크 증거분석체계 교체사업,군
미래 GOP과학화경계시스템 구축방안에 대한 연구 용역,한미연합군사령부,,87.51,2018-07-16,주식회사 와풀,최규식,이미영,"경기도 고양시 일산동구 고봉로 26-14, 양우로데오랜드 A동 304호(장항동)",81743566.0,,신기술·우수제품 지침 및 매뉴얼 개정 연구용역,국군재정관리단
무기체계 시험평가 사고예방 안전매뉴얼 연구,공군본부,348314042.0,,2022-09-04,,,이춘근,,348001896.0,91.717,세계안보정세분석 연구용역,군
RAM 분석 및 군수지원 분석방법 선진화 연구(1차),해군본부,6618876.0,102.561,,한성대학교 산학협력단,정주교,안가영,경기도 구리시 산마루로46-0 (갈매동) 404동 1702호,,102.561,00부대 신축 사전 타당성검토 연구용역,군
(20F062-I)소음영향도작성을위한소음측정및분석용역,해군교육사령부,192380335.0,99.514,,주식회사 에이치투엘테크놀로지,박종석,김민재,강원특별자치도 춘천시 강원대학길1 (효자동),,,(20F067-I)소음영향도작성을위한소음측정및분석용역,제2879부대
2040년대 군병력 수급규모 예측 연구,방위사업청(운영지원과),,95.931,,(주)디앤오종합건축사사무소,김진욱,이도제,"서울특별시 용산구 한강대로62길41, 3층 (한강로1가)",85930351.0,,24년 기술연구용역(3),군
연구개발 부품[캐피시터등50종1655점 구매],육군본부,33784896.0,,,,김진욱,이형민,,33765252.0,,19-함정 고전압 육전공급설비 적용방안 연구,군
24-항공관제 분석체계 유지보수 용역,육군교육사령부,168823368.0,89.898,,포스정보주식회사,김정한,윤영현,"대구광역시 북구 태전로1, 101동 302호 (태전동, 태전역 더 뉴클래스)",168804219.0,89.889,(247192-C) 유전자감정장비(자동염기서열분석기) 구매,국군재정관리단
23년 국방정책토론회 학술연구용역,육군본부,49362003.0,105.769,,,,,,49334174.0,105.774,국방 무인항공기(드론) 정비사 자격 신설 연구용역,국군재정관리단
복지회관 중·장기 보수계획 관련 연구용역,국방부조사본부,161721586.0,78.554,,연세대학교 산학협력단,김진욱,송포,충청남도 논산시 양촌면 황산벌로1040,161851531.0,78.549,미래 한국군 통합사이버전 수행방안 연구,제9227부대
AI유무인 복합체계 활용 방안 연구,4284부대,100291094.0,76.578,2021-05-01,산업연구원,김한용,김소미,서울특별시 강남구 일원로81-0 (일원동),100230937.0,76.58,F-15K/E-737 항공기 특성(RCS/IR Signature) 연구,기관
상호운용성 정보보증 평가기준의 체계별 적용방안연구,공군군수사령부,83822552.0,81.411,,,박정기,,,83752073.0,,신분별 직무분석을 통한 적정 계급구조 연구,군
대형수송함-ll(LPX-ll) 개념설계 기술지원 연구 용역,육군공병학교,,80.013,2018-10-30,사단법인 한국국가전략연구원,,박계향,"서울특별시 용산구 한강대로30길25 (한강로2가, 아스테리움 용산) 11층 2호",,80.016,부대지휘 설문 제도 개선 연구,중앙행정기관
18-효과적인 정보수집함 운용방안 개념연구,방위사업청,183101356.0,89.584,,,,,,183101345.0,89.591,정보체계 취약점 진단을 위한 모의환경 구축방안 연구,군
휴양시설  기숙사 민·관·군 개발운영 연구용역 ,국방부(운영지원과),214313332.0,80.763,2019-11-24,연세대학교 산학협력단,김태일,윤형규,"서울특별시 구로구 디지털로26길61, 에이스하이엔드타워2차 2001호 (구로동)",214202664.0,80.769,음원수집장비 및 음원분석 워크스테이션 구매,중앙행정기관
포항지역 항공기 소음감소 대응방안 연구 용역,국군재정관리단,2437806.0,99.581,2020-09-20,,김효근,홍성휘,,2436896.0,99.576,ATCIS 개방형 OS 전환 비용대비 효과분석 연구용역,군
5인치 함포용 사거리연장탄 사업분석,제9691부대,347166771.0,102.089,2021-01-07,주식회사 브이웨이,이재원,주현도,경기도 화성시 10용사로456-0 (반송동),347029911.0,102.097,19년 지형분석장비 교체(리스물건)(20196289-G),군
2017 서울안보대화 프로그램 기획 및 발전방안 연구,국군재정관리단,64117843.0,80.554,,주식회사 인섹사이버시큐리티,서유림,윤영현,"서울특별시 강북구 삼양로173가길55-0 (우이동, 메이트하우스)1동402호",64141696.0,80.552,국방기상 빅데이터 통합을 위한 정책연구,국군재정관리단
24년 의무장비(자동분석기 생화학용 중형) 구매,해군본부,,111.043,2024-01-03,대전대학교 산학협력단,정연길,정운찬,"서울특별시 강남구 도산대로 507, 대신빌딩205호(청담동)",,,(246311-E) 분석용 고성능 PC등 2품목 (리스자산),국군재정관리단
(226046-G)'22년 육군 DB분석체계 교체(리스물건),해군군수사령부,,,2024-01-13,,,,,402653169.0,,22년 의무장비(혈액가스분석기 중형) 구매,군
군사용 인공지능 적용을 위한 법ㆍ제도 개정소요 연구,국군재정관리단,263601091.0,92.875,,,,김현묵,,263589518.0,92.867,(상생협력실)갈등영향분석 연구용역(C013),군
00포대 주변지역 토양오염 원인조사 연구용역,국군재정관리단,34436663.0,73.36,,고려대학교 의료원 산학협력단,오철홍,김지은,"충청남도 논산시 대학로 121, 건양대학교 산학협력단(내동)",34455419.0,,20-실전적 시뮬레이터 구축방안 연구,중앙행정기관
제주 작전기지 저주파분석 훈련장비 유지보수 용역,공군사관학교,143038263.0,,2023-07-12,사단법인 한국기업연구원,김성빈,한상동,"경기도 성남시 중원구 갈마치로302, A동 602호 (상대원동, 우림라이온스밸리5차)",143075880.0,95.579,한국형 비용분석 전산모델 고도화 ISP 수립,제2879부대
미래 무기체계 소요 연구용역,육군교육사령부,,99.917,2016-01-21,재단법인 한국군사문제연구원,김형철,,"경기도 성남시 수정구 위례대로83(창곡동, 국방문화센터)",174098120.0,,미래 무기체계 소요 연구용역,중앙행정기관
원격탐사체계 중·장기 발전계획 기반연구,공군사관학교,,88.376,2019-12-22,씨오(CO)산업,김학범,임경철,서울특별시 서초구 사임당로18 (서초동) 석오빌딩 8층,110166898.0,88.372,MZ세대 주거시설 시설기준 제·개정 연구용역,군
23-공군 리더십교육체계 발전방안 연구,국방부(운영지원과),92359953.0,93.885,2021-12-20,,김재영,김동희,"서울특별시 금천구 가산디지털2로184, 10층 1017호(가산동, 벽산디지털밸리2차)",92326336.0,93.879,안보학술진흥연구용역(3.국내안보환경분석또는),국군재정관리단
진동분석시험장비 진동감지센서 등 16종 구매,4284부대,303190061.0,84.247,,주식회사 타임기술,금동중,이정화,대전광역시 서구 관저동로170 (관저동) 210호,,84.242,스펙트럼분석기구매 (20199198-I),군
잠수함 시운전 제도 개선방안 연구,공군제10전투비행단,53416752.0,86.115,2018-07-12,주식회사 신나는세상,경상현,김민영,"서울특별시 금천구 벚꽃로254-0 (가산동, 월드메르디앙벤처센타) 1109호",,,’22년 전투발전 연구과제 용역(4),국군수도병원
SIEM을 활용한 사이버 침해 경로 도출방안 연구,제9691부대,230281135.0,81.032,2018-02-23,김근우시스템공학기술연구소,박종재,양진,"경기도 성남시 분당구 탄천상로164, A동 2층 247호(구미동, 시그마2오피스텔)",230185775.0,81.036,소화기 소음기 선행연구용역,국군재정관리단
19-스마트쉽 무선네트워크 활용방안 연구,육군정보학교,,106.986,2020-12-21,한국과학기술원,가회광,김지현,서울특별시 성북구 삼선교로16길116-0 (삼선동2가),81883632.0,106.994,포별분배기 회로카드(6종) 시험장비개발 연구용역,제2879부대
군 간부 자살 특성 및 간부 자살예방시스템 연구,방위사업청(운영지원과),1887036.0,100.633,2019-07-27,,,이재평,"서울특별시 용산구 청파로 40, 삼구빌딩 1815호(한강로3가)",1887462.0,100.642,국방 인공지능(AI) 활용 실증기획 연구,중앙행정기관
기갑/기계화부대 중대급 교전훈련장비 2차 선행연구,육군공병학교,327648463.0,85.701,,(주)에프오알엠도시건축공간연구소,김진욱,,,327720442.0,85.702,차세대 전투차량 발전방안 연구 용역,기관
17년 분석용 모델 유지보수 용역,공군본부,,91.063,,,,전형준,,129525792.0,,국방과학기술 전문인력 소요분석 연구,국군복지단
최신 ICT를 적용한 국방컴퓨터체계 운용 방안 연구,제9691부대,67519028.0,82.096,,,,추현아,,,,RAM 분석 및 군수지원 분석방법 선진화 연구(1차),군
해병대 복지회관 중장기 보수계획 연구 용역,국방부(운영지원과),44217066.0,,2019-11-12,,,,,44253411.0,,22-12차 연구장비 구매 계약 - 초저온냉동고,합동참모본부
22-해-금속성분분석기 구매,국방부(운영지원과),337239291.0,,2020-04-25,주식회사 씨이지앤드플러스,엄현성,임지헌,"서울특별시 금천구 가산디지털2로184, 1017호(가산동, 벽산.경인디지털밸리2)",,,23년 의무장비(전기수술기 분석기) 구매,중앙행정기관
국방여군 70년사 편찬 연구,국군재정관리단,194466725.0,89.812,2021-06-13,주식회사 미주씨앤디,홍양희,김미진,"경기도 안양시 만안구 만안로49, 519호(안양동, 호정타워)",,89.813,잠수함용 예인정-ll 개념설계 기술지원 연구용역,국군재정관리단
군사격장 소음측정 및 분석용역,제9691부대,9057609.0,112.427,2018-02-21,주식회사 아이티존,민희숙,김선미,"서울특별시 강남구 테헤란로520, 2층(대치동, 삼안빌딩)",,112.417,취약점 진단분석체계 교체사업(209086-F),중앙행정기관
조종사 피로관리 프로그램 개발 연구용역,제5738부대,,94.334,2016-05-02,한국법제연구원,도정화,박계향,서울특별시 금천구 디지털로130-0 남성프라자 9층 912호  (가산동),106958514.0,94.337,안전관련 법령의 군내 적용 방안 연구,국군재정관리단
진로도움 프로그램 성과분석 및 개선방안 연구,방위사업청(운영지원과),172109142.0,,2023-01-17,재단법인 한국군사문제연구원,김형철,,"경기도 성남시 수정구 위례대로83(창곡동, 국방문화센터)",,76.611,22-함정 대기오염 저감방안  설계영향성 연구,군
20~21년 작전지속지원분석모델 유지보수(2019F172-G),국군재정관리단,,87.38,,해성사,조홍덕,정명화,"경기도 시흥시 서울대학로173(정왕동, 서울대 시흥캠퍼스)",,87.374,軍 태양광 시범사업 효과 분석평가 용역,중앙행정기관
24-그린나래호텔 리모델링 계획의 적절성 분석연구,육군본부,,,2021-11-17,사단법인 한국방위사업연구원,,윤진영,,,93.248,2016년 제2회 국방 분석평가관계관 워크숍 위탁운영,중앙행정기관
(227215-D) 비용분석용 상용SW 구매,국군의무학교,,64.648,2022-03-31,사단법인 한국국방기술학회,강남기,김근우,"서울특별시 금천구 가마산로96-0, 213호(가산동, 대륭테크노타운8차)",65935741.0,,24~'25년 상층대기분석장비 유지보수,국군재정관리단
국내구매사업 추진시 종합평가방안 연구,방위사업청(운영지원과),158325635.0,91.116,2017-10-16,,,,"서울특별시 용산구 청파로 40, 삼구빌딩 1815호(한강로3가)",,91.113,무기체계 인공지능 기술적용 JROC 작성지침 개정 연구,중앙행정기관
정기기초연구과제용역(5.인공지능강화학습...),제3훈련비행단,,93.596,2022-12-20,,박정기,,,6358186.0,93.599,월책 차단을 위한 혁신적 GOP 경계 플랫폼 연구,국군재정관리단
합동성을 고려한 대전차전력의 적정 소요 연구,국군재정관리단,50898399.0,74.02,,,,김지현,,50955419.0,74.025,교육연구자료 원문 DB 구축 용역,군
수중자율기뢰 탐색체(AUV) 사업분석,국방통합데이터센터,431988836.0,77.436,,경희대학교 산학협력단,노광현,이수행,경기도 고양시 덕양구 권율대로656-0 (원흥동) 17층 1739호,,77.438,17년 전시자원소요분석모델 장비 교체사업,군
생화학분석기(contro serum Level1 등) 구매,합동참모본부,,93.554,2020-03-31,에스텍아이앤씨 주식회사,이정훈,박주형,서울특별시 은평구 서오릉로25길20-4 (구산동) 1층,329282653.0,93.55,잠수함 근무환경의 분석 및 건강모델개발 용역,합동참모본부
22-공군 기후예측 및 기후변화 시나리오 연구용역,한미연합군사령부,838113636.0,86.69,,(주)포항자재,고정숙,양정학,세종특별자치시  전의면 윗다락골길2-3,,86.68,소음피해보상금 산정 및 지급철차 연구용역,국군재정관리단
전력지원체계OMS/MP및RAM분석/LSA적용방안연구,방위사업청(운영지원과),19433427.0,84.408,2021-02-28,,,,"서울특별시 용산구 청파로 40, 삼구빌딩 1815호(한강로3가)",19427509.0,,독점조달 및 계약비리 등 조달제도 개선방안 연구,군
병  오일분석용 1종,국군재정관리단,9287319.0,84.698,,주식회사 아레스,윤미경,변윤진,"충청북도 청주시 서원구 충대로1-0 (개신동, 충북대학교)",9290857.0,84.695,수직이착륙형 무인항공기 비용분석,군
상륙돌격장갑차 수명유지를 위한 방안 연구용역,방위사업청(운영지원과),38562496.0,,,,,,,38560538.0,,화생방정찰차-II(차량형) 시설사업기본계획 연구용역,국군재정관리단
국방우주력 발전을 위한 민·군 기술협력 방안 연구,국방부(운영지원과),13156842.0,,2017-10-25,,,,,13166173.0,100.502,국방연구시설·장비 종합관리 방안 연구,중앙행정기관
계층별 조직문화 진단 및 혁신프로그램 추진 연구용역,국방부(운영지원과),233472259.0,76.418,2020-10-04,사단법인 안보경영연구원,전건욱,,"서울특별시 강남구 언주로527, 10층 (역삼동)",233511560.0,,안보학술진흥연구용역(4. 한국의군사전략및),중앙행정기관
작전환경고려 전투실험 방법 및 평가 분석방법 연구,국군재정관리단,143744000.0,80.594,2016-12-07,,,,,,80.596,군사과학정책 연구 용역(1. 국방 데이터....),4284부대
전쟁양상을 고려한 전사자 관리의 분석 및 발전 연구,방위사업청(운영지원과),,,2018-07-06,(사)한국전략문제연구소,,,,287257633.0,96.577,방위산업기술 유출 및 침해 대응체계 구축방안 연구,군
국방과학기술 전문인력 소요분석 연구,방위사업청(운영지원과),34354083.0,77.662,2019-05-21,대전대학교 산학협력단,김상인,박세원,서울특별시 관악구 관악로1 (신림동),34356595.0,77.657,방공포병 모의훈련체계 구축방안 연구,중앙행정기관
군사시설 유형별 시설기준 제 개정 연구,국방부(운영지원과),1977419.0,,2023-06-05,,,,,1976182.0,81.212,드론봇 전투체계 통합관제체계 구축 연구용역,군
(20F169-A)지형분석장비 교체사업 등 17건 금융리스,국군재정관리단,50998085.0,87.31,2023-02-26,주식회사 씨이지앤드플러스,김진욱,홍태오,"서울특별시 서초구 서운로 226, 서초오피스텔 404호(서초동)",50954552.0,87.305,19년 병리장비소모품(13) 혈액가스분석기 구매,군
첨단 항공엔진 연구개발 추진방안 연구,국군의무사령부,,88.731,2018-10-20,(사)한국식품기술사협회,김진욱,,"서울특별시 송파구 법원로9길26, D동 1104호(문정동, H-비즈니스파크)",125817097.0,88.724,국내 대형민간항공기 활용 공중발사 가능성 분석 연구,군
정책연구 과제(화생방),육군교육사령부,,100.573,2019-12-21,,,,,264642366.0,,상호운용성 전문화교육체계 연구,군
24-F-분석기 회로망 1종 구매,해군본부,23071045.0,,2022-12-02,사단법인 한국군사시설연구소,,이영미,"서울특별시 금천구 가산디지털2로184, 10층 1017호(가산동, 벽산디지털밸리2차)",23055715.0,111.501,23-D-액체질량분석기 구매(2310036-F),군
헬기와 UAV의 통합운용을 위한 비행장 설치방안 연구,국방부(운영지원과),22268799.0,91.084,,(재)한국산업개발연구원,,최순아,서울특별시 서초구 남부순환로319길 13(서초동),22288044.0,91.08,군의 드론봇 전투체계 발전방향 연구 용역,국군재정관리단
LMS(학습관리시스템) 개념 연구용역,육군교육사령부,,,,사단법인 안보경영연구원,전건욱,,"서울특별시 강남구 언주로527, 10층 (역삼동)",,109.672,최신 ICT를 적용한 국방컴퓨터체계 운용 방안 연구,중앙행정기관
21-공-신호발생분석기 구매,방위사업청,111549243.0,79.143,,주식회사 아레스,류장수,김재필,"서울특별시 성북구 정릉로 77, 국민대학교내(정릉동)",,,탄도수정신관 사업분석,군
합동작전분석모델-Ⅱ 탐색개발,국군재정관리단,,98.255,2024-06-07,국방대학교산학협력단,김진욱,,경상남도 진주시 동진로420 (충무공동),304489455.0,,16년 작전지속지원분석모델 유지보수 용역,군
CSRP 화생방 연구 재료 초자 구매,육군교육사령부,51993477.0,84.042,,,,,"서울특별시 강남구 언주로527, 10층 (역삼동)",,84.038,16년 차세대 첨단함정 건조가능성 검토 연구용역,중앙행정기관
장거리공대지유도탄 2차사업 운용요구서 연구,해군군수사령부,66747207.0,81.782,,,,,,66771663.0,,잔류강도 해석기법 연구(2019H039-A),국군재정관리단
차세대 미사일 방어 무기체계 발전 방향 연구,국방부(운영지원과),56845504.0,115.617,,에이디링크,윤정숙,양금식,"인천광역시 남동구 서창남순환로55, 505동 603호(서창동, 서창센트럴푸르지오)",56895643.0,115.616,미래 육군 여군인력 활용성 제고방안 연구,국군재정관리단
수사데이터 연관 분석시스템 구매,공군교육사령부,578244913.0,87.99,2021-06-12,사)국방정보통신협회,김주희,김영삼,"충청남도 논산시 대학로 121, 건양대학교 산학협력단(내동)",,87.996,탄도수정신관 사업분석,국군재정관리단
5G 기반 스마트 교육훈련단 구축 및 운영 연구용역,국방부(운영지원과),655778033.0,84.249,2017-04-16,,,구종우,,656062976.0,84.246,정원감축 대비 민간인력 전환분야 및 규모식별 연구,군
육군 개인 재능 평가지표 개발 연구용역,국군재정관리단,86600382.0,,,사단법인 안보경영연구원,전건욱,,"서울특별시 강남구 언주로527, 10층 (역삼동)",86575086.0,,22-00생활관 신축 분석평가 및 선행연구 용역,기관
(227215-D) 비용분석용 상용SW 구매,국군재정관리단,223107325.0,86.169,2024-06-15,사단법인 한국국방발전연구원,최권석,황성환,"서울특별시 금천구 가산디지털2로184, 10층 1017호(가산동, 벽산디지털밸리2차)",223240031.0,86.173,유도탄 검사장비(00체계 가스분석기) 정비,군
해군 부사관 조직문화 혁신방안 연구용역,국방부(운영지원과),,,2016-08-07,사단법인 한국갈등학회,도정화,우지민,"대전광역시 유성구 테크노3로 65, 한신에스메카 241(관평동)",89926397.0,93.199,국내 대형민간항공기 활용 공중발사 가능성 분석 연구,중앙행정기관
진동분석시험장비 진동감지센서 등 16종 구매,국방부(운영지원과),6153512.0,105.754,,미소커뮤니케이션,최규식,양상원,"충청북도 청주시 흥덕구 봉명로31 티원타워 지식산업센터 119호, 416,417호",6161389.0,,20년대 이후 북한 및 잠재적 위협의 변화 전망분석,중앙행정기관
휴대용화학물질분석기 등 2종 구매,국방부(운영지원과),48726049.0,76.779,,,,박계향,,48707084.0,76.777,주요 군사선진국의 공군조직 발전방향 분석,제9691부대
TAS-815K 레이저거리측정기 시험장비 개발 연구용역,국군제1068부대,,,,,,,,137823645.0,86.725,[24-육-91] 무건리 훈련장 갈등 비용분석 연구,국군재정관리단
항-19-082 자동면역분석기 시약 등 27종,공군제16전투비행단,103900839.0,86.429,,(주)이지랩아이앤티,이영환,이혜진,서울특별시 관악구 관악로1 (신림동),103869072.0,86.429,디지털증거분석 수사체계 구축(208050-A),국군수도병원
의무장비(자동분석기 생화학용중형) 구매(20197014-D),제9691부대,,66.303,,주식회사  인섹시큐리티,정성윤,장중원,서울특별시 강서구 양천로401 (가양동) 강서한강자이타워 B동1503~1506호,539084798.0,66.306,정밀 측정장비(레벨분석기)구매,국군재정관리단
공군 우주조직 발전방향 연구,해군본부,71636061.0,102.691,,주식회사 한국건설경영기술원,이정훈,정새롬,경상남도 거제시 거제대로3370 (아주동),71595363.0,102.687,국방R&D 과제 평가체계 개선방안 연구,중앙행정기관
웨어러블 로봇 운용개념 연구용역,해군본부,269163129.0,,2017-11-23,,김진욱,,,269010554.0,82.267,선진전투실험 발전현황 및 육군전투실험 향상방안연구,제9691부대
가스 크로마토그래피 질량분석기 구매(20196084-D),육군교육사령부,77804332.0,89.571,,,,,,,,대함유도탄 방어유도탄 양산사업 비용분석,군
24년 전투실험발전 연구 용역(1),방위사업청(운영지원과),302578061.0,,2021-09-08,,권시형,이수행,서울특별시 마포구 월드컵북로5길59 (서교동),302793761.0,,(247115-B) 연구활동재료 구매,중앙행정기관
CBRS 적용한 전투발전체계의 문제점 및 발전방향 연구,국군재정관리단,122088242.0,,2018-03-27,주식회사 베테랑콤,장복철,,"서울특별시 송파구 법원로11길25-0, A동 1310호(문정동, 에이치비즈니스파크)",,81.668,반환 미군기지 매각 활성화를 위한 처분 방안 연구,군
군사시설 주변지역 지원방안 연구,국방부(운영지원과),58079626.0,,2016-02-03,재단법인 한국군사문제연구원,김형철,,"서울특별시 강남구 언주로527, 10층 (역삼동)",58107990.0,87.825,BigData /vc를 활용한 무기체계 효과분석 연구,중앙행정기관
포항지역 항공기 소음감소 대응방안 연구 용역,국군수도병원,,85.041,,한화오션 주식회사,김윤혁,김영진,대전광역시 유성구 테크노3로65-0 (관평동) 한산에스메카 333호,120995052.0,,군인 고용보험 가입의 효과성 연구,국군수도병원
안전관련 법령의 군내 적용 방안 연구,제2879부대,19961988.0,96.281,2019-01-02,건양대학교 산학협력단,박종호,양선희,"경기도 성남시 수정구 복정로84번길 22-15,(B-001호) (복정동)",19976729.0,,헬기 보조동력장치 시험장비 개발 연구용역,군
24년 국방민원서비스 만족도 조사 연구,육군본부,599746034.0,84.034,,육군사관학교 산학협력단,,,,600006795.0,84.035,[24-육-189] 과학화 동원훈련장 시범사업 추진 연구,중앙행정기관
효과성·활용성 중심의 군내 NCS 적용방안 연구용역,제9691부대,,,2020-12-13,,김진욱,승아현,,,91.849,화기별·탄종별 사격장 안전 기준 정립 연구,군
민 군 통합 수송운영체계 구축 수송물류 비용분석,해군본부,,108.115,,,,차윤아,,182641807.0,108.117,(237209-F) 자동염기서열분석기 구매 ,군
최신함정 적정부하율 산정기법 연구 용역,국군재정관리단,185551819.0,,2018-02-09,(사단) 한국정치학회,김한용,문영옥,서울특별시 동작구 여의대방로36길92(대방동),185624098.0,,현역-초기대응  예비군-전쟁승리 개념연구 용역,국군재정관리단
(217271-C) 의무장비(자동분석기 생화확 대형) 구매,국군재정관리단,,,2022-03-06,협동조합 미래국방산업네트워크,서정민,김현철,서울특별시 강남구 논현로189길6 (압구정동),808506912.0,,지능형 전군 악성코드 수집분석체계 구축 금융리스,기관
전자기스펙트럼 측정/분석체계 운용방안 연구,국군재정관리단,48233861.0,82.694,2022-06-03,,유상호,박계향,"인천광역시 중구 인중로 178, 제이엘타워 1001호(사동)",,82.692,IoT 기반 전군 공통 서비스 발전방향 연구,군
K200A1장갑차 시뮬레이터 연구개발,국군재정관리단,212488849.0,91.717,,사단법인 안보경영연구원,박정기,,,,91.711,미래 예비군 차등화 편성ㆍ관리개념 연구용역,중앙행정기관
국방정보체계 SW 품질시험 프레임워크 발전방안 연구,공군군수사령부,7063604.0,74.909,2017-10-15,,,,,7063404.0,74.908,수중전술기기통제사 자격 신설 연구,군
개전초 동원긴요부대 전시 완정성 보장 방안 연구,국방부(운영지원과),641644.0,70.139,2017-06-19,,,정봉원,,639909.0,,정보학교 사이버공간정보 연구용역,군
해병 00부대 재배치 및 신기지 구상 관련 연구,육군군수사령부,93628692.0,79.514,2021-08-28,한양무선통신,홍수정,심동석,"대전광역시 서구 도산로 485(탄방동, 4층)",,79.512,PBL 적용을 위한 성과지표/목표 연구,국군재정관리단
22-합 -분석실험실 운용장비 교체사업 리스,국방대학교,,,2019-02-15,포스정보주식회사,김성도,최성숙,"서울특별시 서초구 동산로23, 3층(양재동,베델회관)",47924643.0,78.403,[상층대기분석장비 부품] 송풍기  환기용 등 7종,제2879부대
군의료 특성화 연구용역(요추유합술 환자만족도 연구),국군수송사령부,17818933.0,108.933,2020-02-02,(사)한국능률협회,권오성,손보연,"서울특별시 성북구 안암로145 (안암동5가, 고려대학교)",17811049.0,108.943,함정적기전력화를 위한 시운전제도 개선방안 연구,군
2024년 군사연구총서 용역,국방부(운영지원과),,90.289,2023-09-06,,,전현숙,,155238811.0,,24년 전투실험발전 연구 용역(1),국군재정관리단
23-D-감정장비(면역화학분석기) 구매,공군사관학교,180484421.0,,,서울대학교 산학협력단,정주교,정지상,"서울특별시 구로구 디지털로26길61, 에이스하이엔드타워2차 2001호 (구로동)",,69.227,(237209-F) 자동염기서열분석기 구매 ,국군재정관리단
함대함유도탄-II 사업분석,국군재정관리단,240652446.0,,2024-10-24,(주)제트코,김한희,권호영,서울특별시 마포구 양화로183-0 (동교동) 효성홍익인간오피스텔 11층 1112호,240847870.0,98.977,23-N-사이버 침해사고 조사/분석체계 구축,군
성능개량 전파분석체계도입사업,국방부(운영지원과),74169378.0,83.349,,안전성평가솔루션 주식회사,안동만,최승룡,"서울특별시 서대문구 수색로138-0, 2층(북가좌동)",74167409.0,83.342,DNA정량분석기 등 7항목 구매(의무),기관
상륙기동헬기 성능개량 소요 분석 연구용역,국군수도병원,112534177.0,68.801,2019-11-06,,박정기,,"서울특별시 용산구 청파로 40, 삼구빌딩 1815호(한강로3가)",112558903.0,,함정사업 적정 사업기간 연구,기관
통신 정비장비(스펙트럼 분석기) 구매,국방대학교,,,,주식회사 엔브이티,이효정,장재필,"경상남도 창원시 마산합포구 경남대학로7-0 (월영동, 경남대학교)",15703235.0,80.147,교육장비(질량분석기) 구매,국군재정관리단
차기 C4I체계 성능개량 및 유지보수방안 연구,국군재정관리단,82793200.0,112.586,,,,,,82850510.0,112.596,실전적 모의지원 연구,군
(246072-F) 분석기 스펙트럼용 구매,공군본부,,,,주식회사 이앤에프어드바이저,박승우,이호철,경기도 김포시 양촌읍 대곶남로580번길38-0,184053150.0,116.5,의무장비 혈액가스분석기 등 3종 구매,국군재정관리단
24년 국방연구개발사업의 성과조사 · 분석 연구 ,육군교육사령부,,94.278,2019-10-10,(사)한국전략문제연구소,,,"서울특별시 용산구 청파로 40, 삼구빌딩 1815호(한강로3가)",,94.274,군용차량 운행 안전성 및 안전관리 개선방안 연구,중앙행정기관
전투실험 발전 연구용역 세미나 및 책자발간 용역,국군재정관리단,272709536.0,,2020-04-01,,,정봉원,,272714913.0,,시뮬레이터 소프트웨어 보안성 시험 방안 연구,군
정밀측정장비(제원분석기) 구매,제9691부대,165891934.0,77.218,2024-06-23,,,,,,77.217,의무장비(자동분석기 생화학용중형) 구매(20197014-D),국군재정관리단
BTL관리운영권만료사업 시설인수 운영방안연구용역 재,공군본부,34021572.0,79.581,2019-12-30,사단법인 한국갈등학회,김진원,안희철,"서울특별시 강남구 강남대로62길24-0 (역삼동,해송빌딩)3층",,,“제○○○특공여단 부대사” 연구 용역,군
포항지역 항공기 소음감소 대응방안 연구 용역,방위사업청(운영지원과),11411526.0,,2019-02-24,,,오윤정,,11407260.0,,NCoE 구현을 위한 합참중심 QoS 모델 연구 용역,국군재정관리단
자동염기서열 분석기 레이져 등 3종 구매설치,국방부(운영지원과),128143755.0,90.67,2020-05-10,,,,,128122986.0,,하이드로릭 입자분석기 구매,군
사이버 기술연구 환경구축 SW(라이선스) 구매,공군본부,,84.155,,연세대학교 산학협력단,김진욱,이상규,서울특별시 광진구 군자동98 집현관 216,,,4차 산업혁명 연계 군시설 관리체계 연구 용역,군
사회공학기법과 사이버 작전과의 연계성 연구,해군본부,,91.344,2020-02-13,주식회사 온품,김승용,장소영,"서울특별시 강남구 봉은사로129-0 (논현동, 거평타운오피스텔) 1126호",223221288.0,91.345,반환 미군기지 매각 활성화를 위한 처분 방안 연구,군
17-방공관제사-94 보급수송과 스펙트럼 분석기/3품목,국방부조사본부,,105.821,,,박정기,구종우,,,105.825,21년 항공관제 분석체계 유지보수,군
2020년 군 조직의 양성평등 지표 조사 및 분석 연구,국군재정관리단,,78.151,,,전건욱,이상규,,,,해안 경계력 보강 사업 선행 연구,군
분석기 스펙트럼용 장비 구매(20209032-I),국군재정관리단,,,2022-05-09,,,윤진영,,126825177.0,99.39,00부대 정보체계 취약점 분석 시스템 구매,중앙행정기관
(226320-B) 지형분석장비 교체(리스물건),방위사업청(운영지원과),,,,에스제이상사,조동원,최재영,"경상남도 창원시 성산구 완암로50, 넥스동 704호(성산동, SK테크노파크)",169573516.0,,악성코드 수집분석체계 라이선스 구매,중앙행정기관
보코더 특성분석 플랫폼 개발 연구용역,방위사업청(운영지원과),,,,사단법인 안보경영연구원,전건욱,,"서울특별시 강남구 언주로527, 10층 (역삼동)",66813199.0,,화생방 연구 재료 초자 구매,중앙행정기관
군 경계작전에 적합한 LED등기구 기준 정립 연구용역,육군본부,,,2016-07-26,재단법인 한국군사문제연구원,김형철,,"서울특별시 강남구 언주로527, 10층 (역삼동)",164264278.0,,미래 복합전투체계 운용개념/전투실험방법 연구용역,중앙행정기관
2024년 임상의학연구센터 통계프로그램 구매,국방부(운영지원과),,107.759,2020-04-08,동진상사,이양희,조은미,"경기도 김포시 김포한강3로237번길16, (장기동, 314호)",,107.758,24년 군 양성평등지표 조사 및 분석 연구,중앙행정기관
20년대 이후 북한 및 잠재적 위협의 변화 전망분석,국방부(운영지원과),60055383.0,,2021-01-19,한국과학기술원,권선애,이영미,"경기도 안양시 만안구 만안로49, 519호(안양동, 호정타워)",60037452.0,82.368,군 복무가치 제고 방안 연구,제9691부대
해강안 경계철책 철거(대체)관련 설계 연구 용역,제9691부대,,89.27,,(사)한국전략문제연구소,전건욱,,"서울특별시 강남구 언주로527, 10층 (역삼동)",24344237.0,,RAM 분석 및 군수지원 분석방법 선진화 연구(1차),국군재정관리단
K9자주포 연료펌프 성능개선 시제품 개발 기술 용역,국군의무학교,505082690.0,85.226,,주식회사 플랜에이디벨롭먼트,오진성,,대전광역시 대덕구 한밭대로1158-0 (중리동) 707-1,505149273.0,85.229,분석기(스펙트럼용) 구매,제5738부대
2024년 방산물자 현황분석 연구용역,국군재정관리단,702202267.0,88.795,2018-03-10,주식회사 유진에스앤씨,박용준,박계향,"경기도 용인시 기흥구 기흥로58-1 (구갈동) 기흥ICT밸리 SK V1, A동 2406호",702345860.0,,17년 지형분석장비 물품 구매설치,제2879부대
의무장비[혈액가스 분석기(휴대용)] 구매,국군재정관리단,143610593.0,105.813,2024-10-31,(주)제트코,최규식,안다희,경기도 구리시 갈매순환로166번길45 (갈매동) 구리갈매아너시티S811,143585282.0,105.813,(246326-E) 분석용 고성능 PC등 5품목 (리스자산),기관
전탐감시대 감시장비 원격통합감시체계 구축 연구,국방부조사본부,317195432.0,,,,,,,317260474.0,,효율적 획득업무 수행을 위한 WBS 표준화 연구,국군수도병원
22-함정 포배열 체계 개선 및 발전방향 연구,드론작전사령부,812956824.0,88.031,,주식회사 베가스,안동만,,"서울특별시 성동구 성수이로147, 905호 (성수동2가, 아이에스비즈타워)",,,민군 상생을 위한 훈련장 최적환 관리방안 연구,4284부대
해상작전 위성통신체계 성능개량 선행연구,국군재정관리단,68061282.0,90.087,2022-03-06,(재)한국산업개발연구원,전건욱,,서울특별시 서초구 남부순환로319길 13(서초동),68088107.0,,ATCIS 2차 성능개량 0000체계 운용요구서 연구,중앙행정기관
작전계획분석모델 S/W 성능개선 용역,육군교육사령부,,88.294,2020-02-16,,,,,59430493.0,88.292,분석기(비행조종계통 점검용)외1종 구매(16-38),중앙행정기관
군 주거지원 법령의 문제점 및 개선방안 연구,해군본부,125694948.0,95.492,2017-07-28,(사)21세기군사연구소,,박계향,"서울특별시 송파구 법원로9길26, D동 1104호(문정동, H-비즈니스파크)",125707536.0,95.496,급식유통센터 성과분석 및 (경남권)필요성 연구,중앙행정기관
함정 표준감항인증기준 수립 및 사업 영향성 연구,공군군수사령부,115455957.0,75.853,,,박정기,,,115455219.0,,21-함정 추진계통 신뢰성 향상을 위한 정비방안 연구,국군재정관리단
특임여단 북괴군 핵 화생시설 점령/확보방안 연구용역,방위사업청(운영지원과),97961821.0,,2017-04-23,디아이에스아이앤씨 주식회사,이미영,이정희,경상남도 창원시 진해구 웅동로162-0,97926347.0,77.109,국방연구시설·장비 종합관리 방안 연구,중앙행정기관
국군의학연구소 자동혈구계산기 중형,육군인사사령부,63293053.0,84.647,2018-08-10,한성대학교 산학협력단,김혜진,,대전광역시 대덕구 대전로1397번안길70-0 (읍내동),63311342.0,84.645,차세대 전투차량 발전방안 연구 용역,제2879부대
(237020-H)23년 조사분석용 HW 구매,국군재정관리단,29873008.0,,2020-12-01,(사)한국위기관리연구소,허정행,김호근,"서울특별시 구로구 디지털로30길28 마리오타워 601~605, 618호",29864136.0,,군 암호체계 분석보호시스템 분석장비 구매,군
국방 연구개발 법제 개선 연구,국방부(운영지원과),187766091.0,116.109,2021-02-19,주식회사 기가제이,이민수,강우철,"서울특별시 동작구 남부순환로2021, 2층 (사당동)",187664049.0,116.106,예비전력발전세미나 주제연구(Ⅱ) 용역,군
정기기초연구과제연구용역(3. 한국군의군수관리...),제9965부대,,,2018-10-21,이매니지먼트(주),문유경,이재숙,"서울특별시 금천구 가산디지털1로145,12층 1207호(에이스하이엔드타워3차)",29841495.0,92.314,22년 계룡스파텔 시설개선사업 선행연구 용역,국군수도병원
자동염기서열분석기 정비(소모품 구매설치),공군 제8전투비행단,154007773.0,,2022-07-30,사단법인 한국국방기술학회,김우경,권시형,"서울특별시 성북구 월계로36길27-0 (장위동, 꿈의숲대명루첸아파트) 105-1302",,93.528,자동염기서열분석기 정비(소모품 구매설치),제6619부대
미래 예비군 제도를 대비한 예비군 개념 정립 연구,공군본부,101563094.0,92.809,2020-09-09,,,,,101630544.0,92.809,21-섬석천 기능개선 분석평가 및 기본계획 연구용역,제3707부대
(21F040-G) 사이버위협분석 개발연구체계 구축 사업,해군본부,298435714.0,94.843,2017-07-14,,한민구,김민재,"서울특별시 성동구 왕십리로 222, 한양대학교 내 한양종합기술연구원 110호(행당동)",298226617.0,,4차 산업혁명 기술적용 공군훈련체계 발전방향 연구,중앙행정기관
웨어러블 로봇 운용개념 연구용역,방위사업청(운영지원과),202578714.0,,2018-03-20,한국표준협회,이문걸,권시형,"서울특별시 용산구 이태원로29, 421호(용산동1가, 전쟁기념관)",202552693.0,78.19,사이버전자전 작전수행개념 및 핵심요구능력 연구,군
군사시설 타운화 개념의 부대 재배치 방안 연구,국군재정관리단,164760758.0,94.1,2022-04-05,,김진욱,,,164760410.0,,비행기지 빅데이터 기반 비행안전 관리체계 방안 연구,국군재정관리단
원주기지 활주로 재포장사업 선행연구 용역,국방부,112824769.0,96.577,,사단법인 안보경영연구원,전건욱,,"서울특별시 강남구 언주로527, 10층 (역삼동)",,96.577,국방로봇 운용을 위한 법/제도 개정 및 인증제도 연구,국군재정관리단
조종사 인사관리방안 연구용역,제7군단,,85.921,2018-08-30,(사)한국전략문제연구소,전건욱,,"서울특별시 강남구 언주로527, 10층 (역삼동)",53658737.0,85.921,24 군의료 특성화 연구(알레르겐 양상 분석),군
분석기  스펙트럼용 구매,해군본부,40193369.0,,2024-01-24,(사)21세기군사연구소,최성만,이윤기,"서울특별시 중구 남대문로63 (남대문로2가,한진빌딩)",,85.36,23-D-액체질량분석기 구매,국군재정관리단
위치보고접속장치 통신회로카드 대체품 개발 연구용역,국군재정관리단,55603764.0,,2020-01-25,,정봉원,명승배,,55669451.0,,유류 소분배 계통 자동화관리 연구,군
수치해석을통한폭발하중받는강재구조물의거동분석용역,국방통합데이터센터,116259836.0,,2024-01-27,(사)대한토목학회,경상현,이해용,"경기도 성남시 분당구 탄천상로164, A동 2층 247호(구미동, 시그마2오피스텔)",116221504.0,87.455,산소분석기 1종,국군재정관리단
음원수집장비 및 음원분석 워크스테이션 구매,국군재정관리단,45725623.0,93.826,2020-11-14,,,박계향,,45707026.0,,17년 사이버 침해사고 조사/분석체계 도입사업,군
지상무인차량사업 종합평가 추진 시 평가방안 연구,제2879부대,55356920.0,91.06,2021-04-06,,,,,55350946.0,,예비전력관리 사업 예산의 적정 편성 기준 연구,기관
공군 정보통신 준·부사관 특기체계 개선방안 연구,국군의무사령부,,82.642,,,,,,,82.642,용산헬기장 소음영향평가 연구용역,국군재정관리단
18-효과적인 정보수집함 운용방안 개념연구,국방부(운영지원과),166446228.0,73.712,2021-04-22,,,박계향,,166544889.0,,급식유통센터 성과분석 및 (경남권)필요성 연구,군
공군 소프트웨어(SW) 인력관리 표준방안 연구,국군화생방방호사령부,57878526.0,100.291,2017-09-26,주식회사 아레스,김기순,박서연,"서울특별시 강서구 양천로551-17, 301호 (가양동)",57950438.0,,잠수함 음탐 센서 케이블 다기능 검사기 연구용역,군
국방대 이전 효과 연구 용역,방위사업청,90183374.0,81.191,2020-12-10,,,,서울특별시 강동구 양재대로1377 (성내동 삼원빌딩 408호),90126599.0,81.193,00군단 0포병단 이전사업 선행연구 용역,국군재정관리단
항공기 RCS/IR Signature 추출 및 해석 연구,국방부(운영지원과),,91.354,2019-02-11,,,,,51278741.0,,비행기지 계기착륙장치 노후교체 적정시기 연구용역,군
효율적인 탄약 전력화 방안 연구,해군군수사령부,9292814.0,80.467,2020-05-17,주식회사 유니텍,정봉원,김우중,경상남도 진주시 동진로420 (충무공동),9297570.0,,워리어플랫폼 미래단계 추진방향 연구용역,국군재정관리단
기술연구 환경구축 사업 리스,국군재정관리단,85549652.0,,,,,,,85531418.0,94.569,16-인성교육프로그램 등 연구 용역 계약,군
분석기  스펙트럼용 구매(특무),육군본부,,108.24,2019-12-30,한국자동차연구원,김용섭,조혜진,"경기도 수원시 영통구 월드컵로 206(원천동, 아주대학교)",,,19년 지형분석장비 교체사업 리스,중앙행정기관
19년 작전계획분석모델 장비교체사업(20198065-E),공군본부,164335345.0,,,,,전호영,"서울특별시 금천구 가산디지털2로184, 10층 1017호(가산동, 벽산디지털밸리2차)",164394425.0,,내부피폭선량분석셋(삼중수소 전처리장비셋) 구매,국군재정관리단
산악지역에서의 적정 무기체계 및 전투수행 방법 연구,국군재정관리단,109892980.0,69.673,2016-04-30,충남대학교 산학협력단,권선애,주진형,서울특별시 관악구 관악로1 (신림동),109946201.0,69.673,ATCIS 2차 성능개량사업 연구,국군재정관리단
19년 발칸 추적훈련 분석기(제조),국군재정관리단,51939396.0,78.353,2022-05-07,주식회사 오로라,김한희,이형원,서울특별시 강서구 양천로401 (가양동) 강서한강자이타워 B동1503~1506호,,,유류시험장비(연료성분분석기 등3종)구매(20196115-E),군
19~20년 육군M&S센터 전문분석관 운용 용역,해군본부,76464659.0,,,(사)21세기군사연구소,최명진,,"서울특별시 용산구 한강대로62길41, 3층 (한강로1가)",76553067.0,88.374,17년 사이버 침해사고 조사/분석체계 도입사업,군
시뮬레이터 소프트웨어 보안성 시험 방안 연구,국군재정관리단,,110.086,2020-11-15,,,권시형,,641063806.0,110.088,음탐센서 시험 KOLAS 인정 사전 연구용역,군
방음정비고 사업 정립을 위한 선행연구용역,국군재정관리단,101839120.0,87.077,2022-05-28,라온시스템즈(주),안동만,정경아,"인천광역시 서구 보듬로158, 공존11층 1131호(오류동, 블루텍)",,87.077,천궁 창정비 시설사업기본계획 연구용역,군
정신전력 평가도구 개발 연구용역,방위사업청(운영지원과),85932581.0,83.129,2017-03-28,(사)한국전략문제연구소,,,,,,최신 ICT를 적용한 국방컴퓨터체계 운용 방안 연구,국군재정관리단
18-수동소나의 합리적인 작전운용성능 설정방안 연구,국군재정관리단,315492184.0,87.878,2020-02-24,상명대학교산학협력단,권시형,,,,87.879,2019년 범국민 안보의식조사 연구 용역,국군재정관리단
00훈련장 이전 연구 용역,제2879부대,320825439.0,,2018-10-26,사단법인 한국국가전략연구원,권시형,이경생,"서울특별시 금천구 가산디지털2로184, 10층 1017호(가산동, 벽산디지털밸리2차)",,,군사시설 유형별 시설기준 제 개정 연구,국군재정관리단
함정 표준감항인증기준 수립 및 사업 영향성 연구,제7군단,,71.069,,(사)한국물환경학회,이정원,이대영,"서울특별시 성동구 왕십리로 222, 한양대학교 내 한양종합기술연구원 110호(행당동)",29294506.0,,군인 공상 추정기준 수립 연구,기관
4차 산업혁명  군 적용을 위한 R&D 발전방안 연구,방위사업청(운영지원과),48036143.0,93.37,,(주)에이치제이중공업,김재수,,"경기도 고양시 덕양구 항공대학로76-0 (화전동, 한국항공대학교내)",,93.364,상륙기동헬기 성능개량 소요 분석 연구용역,군
위성 무기체계 시험평가 제도개선에 관한 연구,해군본부,38463085.0,87.873,,,,김현정,,38459493.0,,21년 차세대 첨단함정 건조가능성 검토 연구용역(ll),중앙행정기관
16년도 급식분야 시범사업 추진분석 및 개선방안 연구,국방대학교,38770153.0,,,,,,,38757359.0,,총 수명주기간 함정 안전진단 수행체계 개선방안 연구,4284부대
해병대 안전관리 조직 역할 관련 연구 용역,육군본부,167249908.0,,,이비티주식회사,김진욱,,"서울특별시 성동구 왕십리로 222, 한양대학교 내 한양종합기술연구원 110호(행당동)",,,판매수수료 현실화 방안 연구용역,제6619부대
24년 전반기 육군 정책연구 과제 연구용역,국군의무사령부,,,,,,,,,83.285,KAOC 신축사업 지휘통신체계 구축방안 연구용역,군
22년 분석실험실 상용 SW 구매,해군본부,113402308.0,99.186,2019-12-03,주식회사 유토비즈,권오경,정성문,"경상남도 창원시 마산합포구 해안대로91, 상가 205호(해운동, 경민시티빌)",113336062.0,,유도탄 검사장비(00체계 가스분석기) 정비,군
분석기 구매,국방부(운영지원과),208008030.0,,2019-12-05,경운대학교 산학협력단,최치원,정영숙,서울특별시 강남구 논현로189길6 (압구정동),207979202.0,,[24-육-129] 예비전력발전세미나 주제 연구(Ⅱ),국군재정관리단
땅굴징후지역 지층탐사 정밀분석 용역,국방부(운영지원과),92247195.0,,2022-10-20,사)국방정보통신협회,김윤혁,박재완,"인천광역시 연수구 갯벌로27, 인천대학교 이노베이션센터(송도동)",,,KUH-1 엔진 시험장비 고장예측시스템 개발 연구용역,군
사이버방호를 위한 보안 플랫폼 구축방안 연구,공군사관학교,,75.619,,주식회사 베테랑콤,김진욱,조해주,"서울특별시 서초구 서운로 226, 서초오피스텔 404호(서초동)",201444897.0,75.618,21-2차 개념설계 기술지원 연구용역,국군재정관리단
악성코드 동적분석 SW 라이선스 연장 구매,육군본부,159116436.0,87.672,2021-02-13,주식회사 진성하이텍,정영주,안미숙,제주특별자치도 제주시 첨단로251 (영평동),159077497.0,87.67,항-20-004 자동면역분석기 시약 등 123종,국군재정관리단
급식유통센터 성과분석 및 (경남권)필요성 연구,국방부(운영지원과),606739.0,70.707,,사단법인 대한민국해군발전협회,류장수,박소연,서울특별시 관악구 관악로1 (신림동),607758.0,70.708,美 안보지원관리교범(SAMM) 최신화 및 번역 연구,군
국방정보화법률 개정입법 추진전략 연구,국방부(운영지원과),,94.376,2020-10-10,,,,,94847485.0,94.371,자율·군집비행 활용 복합작전개념 연구(소형 UAS),군
국방 안전환경 분석 및 안전교육 정책 발전 방안 연구,해군본부,275327420.0,72.147,2018-10-24,(주)켐텍인스,김정옥,,"경기도 안양시 동안구 시민대로 266, 평촌샤르망오피스텔 909호(관양동)",275292646.0,72.15,22-12차 연구장비 구매 계약 - 초저온냉동고,국군재정관리단
효율적인 탄약 전력화 방안 연구,국군의무사령부,301137190.0,93.477,2021-04-16,,김진욱,최선미,,301035656.0,,물류운영체계 개선 연구용역(21J040-B),국군재정관리단
21-공-가스크로마토그래피 질량분석식 구매,해군본부,156761237.0,95.048,2023-10-03,주식회사 지노스,박영선,박은하,"서울특별시 서초구 방배천로155, 유청빌딩 3층(방배동 821-8)",156786427.0,,(217215-D)디지털 포렌식 분석장비 교체,국군재정관리단
성희롱 등 사건분석을 통한 조직문화 개선방안 연구,제7군단,,76.433,2019-06-22,와이에스컴퍼니,유관우,장현주,"서울특별시 강서구 공항대로51길17-0 1,2층 (등촌동)",119444132.0,,[24-육-16] A군단 부대변천사 연구용역,국군재정관리단
20년대 이후 북한 및 잠재적 위협의 변화 전망분석,육군교육사령부,48817588.0,101.82,,,정의승,,"서울특별시 송파구 법원로11길25-0, A동 1310호(문정동, 에이치비즈니스파크)",,101.826,잠수함 근무환경의 분석 및 건강모델개발 용역,중앙행정기관
자동염기서열분석기 정비(소모품 구매설치),국방부(운영지원과),,91.786,2022-01-04,사단법인 한국국방발전연구원,권오형,김서영,서울특별시 마포구 월드컵북로5길59 (서교동),117366018.0,,정보분석장비 30종 구매(20196314-D),군
효율적인 탄약 전력화 방안 연구,제9691부대,,,,건양대학교 산학협력단,유상호,,경기도 김포시 양촌읍 대곶남로580번길38-0,285416933.0,80.027,군사시설 타운화 개념의 부대 재배치 방안 연구,중앙행정기관
고속전투주정 시설사업기본계획 수립 연구용역,국군재정관리단,110401516.0,90.316,2019-11-16,,,,,,,20년 국방정책연구과제,군
(237095-C) 연구활동 재료(초자) 구매,방위사업청,124144513.0,87.191,2023-10-25,,,최순아,,124056039.0,87.191,국방전직교육사업 스마트플랫폼 구축방안 연구,합동참모본부
22-공-소음측정 및 분석시스템 구매(229124-F),방위사업청(운영지원과),107154027.0,,2018-10-08,한양대학교 에리카산학협력단,박충권,서선숙,서울특별시 광진구 군자동98 집현관 216,107213203.0,77.123,(207155-B) 액체크로마토그래피 이중질량분석기 구매,중앙행정기관
군 성폭력 사건 분석 연구,제20전투비행단,,,2019-09-04,(주)카이엠,정영욱,권건안,대전광역시 유성구 노은로170-0 (지족동) 스타시티빌딩 6층,,,사이버위험평가 방법 및 군 적용방안 연구,제9691부대
미래 작전지속지원 수행개념 및 핵심요구능력 연구,국군제1068부대,98599460.0,97.837,2020-04-25,,유훈,,,98599591.0,97.832,전투실험 발전 세미나 과제 연구용역(2),국군재정관리단
분석기  스펙트럼용 구매(특무),국방부(운영지원과),,82.105,,한성대학교 산학협력단,윤지성,박정수,"서울특별시 서초구 서초대로1길17, 2층 226호(방배동)",,82.105,(227135-E)디지털포렌식 조사분석도구 구매,군
(20G040-H)AI기반 보안사고 탐지분석시스템 ISP사업,육군정보통신학교,323624185.0,,,,정봉원,,"서울특별시 용산구 이태원로 29, 전쟁기념관 4층(용산동1가)",323819547.0,,19년 병리장비소모품(13) 혈액가스분석기 구매,군
우주안전 발전 생태계(거버넌스) 구축 연구 용역,해군본부,,73.626,2023-08-29,휴뷰티,이상진,김지훈,"서울특별시 송파구 송파대로24길5-6 (가락동,1층)",494686603.0,73.627,18년 00부대 사이버 침해사고 조사/분석체계 도입사업,중앙행정기관
내부자 사이버위협 방어대책 연구용역,국군재정관리단,152575607.0,,2020-07-15,재단법인 한국군사문제연구원,김형철,,"경기도 성남시 수정구 위례대로83(창곡동, 국방문화센터)",152603009.0,,국방 무인로봇 시험평가 적용방안 연구,기관
한국형 공지기동부대 작전수행개념 연구용역,국군재정관리단,109805284.0,80.486,2019-04-14,,,이지유,,109866122.0,80.481,병력책정 기준연구(비행대대 조직구조 개선방안),국군재정관리단
(246247-D) 이동형 심리생리반응 분석장비 구매,국군재정관리단,542646503.0,70.572,,피엘앤트,서유림,이미란,"경기도 용인시 기흥구 기흥로58-1 (구갈동) 기흥ICT밸리 SK V1, A동 2406호",542969580.0,,24년 의무장비(수액조절기 분석기) 구매,기관
국방 의료정보 빅데이터 분석체계 구축사업 연구용역,국군의무사령부,105477532.0,101.527,,에솜 주식회사,김동준,배원호,"서울특별시 서초구 방배천로155, 유청빌딩 3층(방배동 821-8)",105529650.0,,CSRP 화생방 연구 재료 초자 구매,합동참모본부
디지털 증거분석 수사체계 도입(218091-A),해군군수사령부,14517829.0,71.129,2022-08-08,한남대학교 산학협력단,김영욱,유현국,"서울특별시 금천구 가산디지털2로184, 10층 1017호(가산동, 벽산디지털밸리2차)",14528361.0,71.132,지능형 전군 악성코드 수집분석체계 라이선스 구매,중앙행정기관
공군 지능형 스마트비행단 성과분석 및 발전방안 연구,육군본부,219533647.0,,,주식회사 이앤에프어드바이저,김창환,,"경기도 수원시 영통구 월드컵로 206(원천동, 아주대학교)",,,미래혁신을위한육군조직문화진단및실천지표연구,국군재정관리단
23년 전투실험발전 연구용역 세미나 수행 용역(3),국군의무사령부,59530220.0,105.437,2017-05-09,,,,,59474734.0,,군 급식 피복류 조달이관 성과분석 연구,군
다목적훈련지원정 후속함(양산)사업 비용분석,제9691부대,,81.643,,한국항공대학교 산학협력단,신상범,김상수,"전북특별자치도 군산시 임피면 호원대3길 64,",41444115.0,81.644,국방과학기술 전문인력 소요분석 연구,4284부대
ATCIS 2차 성능개량사업 연구,해군군수사령부,,73.584,2016-06-04,,,김현숙,,92928217.0,73.581,한국형 임무형 지휘 정착을 위한 리더십 적용 연구,기관
(226220-F)발광분광 분석기 구매,육군교육사령부,296841186.0,93.886,2023-04-25,,한수희,강민식,,,93.886,2022년 의무장비(혈액가스및전해질분석기) 구매,중앙행정기관
(2)군용비행장 소음측정 및 분석용역,국군재정관리단,206400178.0,,2022-12-04,(주) 웃샘,박홍련,양삼근,"서울특별시 영등포구 도림로462, 지층6호 (문래동3가, 국화상가)",206497501.0,98.088,잠수함 훈련장비(저주파분석  대함모의) 유지보수용역,군
항-16-047 050 자동면역분석기 등 42종,합동참모본부,,81.865,2021-04-26,주식회사 공공정책성과평가연구원,서영우,김현숙,서울특별시 관악구 관악로1 (신림동),,81.868,스펙트럼용 분석기 등 3종 4대 구매,군
국방아키텍처 검증체계 발전 연구,국군재정관리단,78486492.0,90.034,,티엠시 주식회사,정주교,박계향,"서울특별시 마포구 성산로2길55, 602호(성산동, 샤인빌딩)",78431074.0,90.036,미래 작전지속지원 수행개념 및 핵심요구능력 연구,군
해병대 산소분석기 4개 구매,국군재정관리단,100028276.0,,,충남대학교 산학협력단,염진수,전현숙,"경기도 수원시 영통구 광교로105, 607호(이의동, 경기 알앤디비센터)",100055504.0,90.678,(246311-E) 분석용 고성능 PC등 2품목 (리스자산),중앙행정기관
군 급식 피복류 조달이관 성과분석 연구,국군재정관리단,247168262.0,83.143,,(주)레오이노비젼,안가영,박계향,"경기도 포천시 호국로 1007, 대진대학교 산학협력단(선단동)",,83.142,BTL관리운영권만료사업 시설인수 운영방안연구용역 재,제3훈련비행단
ATCIS 다기능접속장치 회로카드 대체품 개발 연구용역,공군본부,13664677.0,,2019-07-06,사단법인 한국국가전략연구원,노희영,정기쁨,"인천광역시 중구 인중로 178, 제이엘타워 1001호(사동)",,,우리군 통합체계지원 적용을 위한 발전방향 연구 용역,군
한국형 비용분석 전산모델 고도화 ISP 수립,방위사업청(운영지원과),134197690.0,93.107,2023-09-27,,차진섭,이재평,,,93.108,군용비행장 소음측정 및 분석용역(해),중앙행정기관
의무장비 구매(자동분석기 생화학용),국군의무사령부,,,2024-04-28,고메드,윤철지,김지영,"충청북도 청주시 흥덕구 흥덕로151-0 (운천동, 지하1층)",83677208.0,116.139,(20G040-H)AI기반 보안사고 탐지분석시스템 ISP사업,중앙행정기관
국방 안전환경 분석 및 안전교육 정책 발전 방안 연구,해군본부,432160641.0,79.468,,사단법인 안보경영연구원,전건욱,,"서울특별시 강남구 언주로527, 10층 (역삼동)",432366503.0,79.467,전자기스펙트럼 측정/분석체계 운용방안 연구,국군재정관리단
군 암호체계 분석보호시스템 분석도구 구매,국군재정관리단,,77.277,2022-11-13,주식회사 라이언앤코컨설팅,박호균,이우희,서울특별시 강서구 마곡중앙5로1길20 (마곡동) 520호,125637378.0,77.274,22년 의무장비(혈액가스분석기 중형) 구매,국군재정관리단
함정 개조·개장 사업의 관급보험 도입방안 연구,국방부(운영지원과),,95.914,2019-08-27,(주)디앤오종합건축사사무소,김윤혁,김지훈,충청남도 논산시 양촌면 황산벌로1040,60615471.0,,4차 산업혁명과 연계한 미래 물자동원방안 연구,중앙행정기관
손상통제사 자격신설 연구,제9691부대,228488627.0,,,,박정기,,,228604979.0,79.139,패트리어트 유도탄수명 고려한 효과적 확보 방안 연구,군
전탐감시대 감시장비 원격통합감시체계 구축 연구,공군군수사령부,50281217.0,,2016-05-27,원테크전기통신 주식회사,이창민,이우희,"경상남도 창원시 성산구 완암로50, 넥스동 704호(성산동, SK테크노파크)",50292205.0,,23-고출력에너지 무장 함정탑재 요구조건 연구,국군재정관리단
위험평가를 위한 공격표면 및 평가방법 연구,국군재정관리단,23801503.0,81.648,2017-11-29,티엔에스 주식회사,이양숙,김병찬,서울특별시 성북구 삼선교로16길116-0 (삼선동2가),23802528.0,,정신전력교육 기본교재 재발간에 따른 사전 연구 용역,군
21년 의무장비(혈액가스 분석기 중형) 구매,공군본부,,85.787,,,권시형,유형우,"서울특별시 용산구 한강대로62길41, 3층 (한강로1가)",,85.792,(21F093-K)'22년~'23년 작전지속지원분석모델유지보수,국군재정관리단
국방 시뮬레이터 운용실태 및 발전방안에 관한 연구,합동참모본부,250077080.0,82.737,2016-12-31,사단법인 안보경영연구원,전건욱,,"서울특별시 강남구 언주로527, 10층 (역삼동)",250197733.0,,함정 상가 위치 및 횡경사 측정시스템 연구개발용역,합동참모본부
00부대 신축 사전 타당성검토 연구용역,육군본부,218698396.0,,2017-09-07,주식회사도시경영연구원,이영환,이창환,,218641204.0,83.438,최신 ICT를 적용한 국방컴퓨터체계 운용 방안 연구,군
통합 센서검사기 개발 연구용역,방위사업청(운영지원과),16767996.0,,,,,,,16767995.0,,활주로 피해복구용 골재 품질기준 및 관리방안 연구,중앙행정기관
23-D-액체질량분석기 구매,공군본부,91061837.0,,2024-05-12,주식회사 아이엠트레이딩,남궁진,심동석,충청남도 계룡시 금암로26-0 (금암동) 105호,90994519.0,100.791,(236366-F) 네트워크 트래픽 수집 및 분석 장비 구매,군
CSP 획득개선 및 무기체계 가동률 향상방안 연구,국방시설본부,54373855.0,,2022-10-06,주식회사 아레스,정태량,장우진,부산광역시 남구 용호로252번길11-0 (용호동),54377961.0,79.854,22-11차 연구장비 구매 계약 - 의약품 냉동고,국군재정관리단
디지털증거분석 수사체계 교체(218014-A),육군군수사령부,233704606.0,88.403,,스타일담아,조정선,이다인,경기도 하남시 미사강변한강로155 (망월동) 미사강변 SKV1센터 524-2,233687380.0,88.409,공군 전장망 소스코드 취약점분석체계 교체사업,국군제1068부대
(217074-C) 의무장비(자동분석기 생화학 대형) 구매,방위사업청,124208402.0,81.436,,대전대학교 산학협력단,노희영,,충청남도 논산시 양촌면 황산벌로1040,124288559.0,,자동염기서열분석기 정비(소모품 구매설치),국군수도병원
미래 예비군훈련 제도 종합발전 방안 연구,수도기계화보병사단,125856892.0,79.787,2017-01-30,대전대학교 산학협력단,이용준,,"서울특별시 서초구 서운로 226, 서초오피스텔 404호(서초동)",,79.784,국방산업혁신펀드(가칭) 시행방안 연구,국군수도병원
통제분석 프로그램 설치 외 6종 구매 설치납품,해군본부,160974886.0,86.757,,,,,서울특별시 마포구 월드컵북로5길59 (서교동),,86.756,24 군의료 특성화 연구(알레르겐 양상 분석),군
조종사 보호의세트-Ⅱ사업 선행연구,국군의무사령부,,89.537,2018-04-12,사단법인 안보경영연구원,전건욱,권시형,"서울특별시 강남구 언주로527, 10층 (역삼동)",116891.0,,민군 협력을 통한 상호가치 창출 활성화 방안 연구,합동참모본부
유무인 전투기의 공대공 복합운용개념및요구능력 분석,방위사업청(운영지원과),170470040.0,,,,,전호영,,,,00부대 국방 보안조사 분석시스템 SW 구매,중앙행정기관
청년장병의 군 복무간 지원 및 보상(취업분야) 연구,제3707부대,344638895.0,91.513,2024-01-19,,,,"서울특별시 강남구 언주로527, 10층 (역삼동)",344586980.0,,기술성숙도평가(TRA) 내실화 방안 연구,중앙행정기관
유류시험장비(금속성분분석기(ICP))구매,국방대학교,57885666.0,88.539,2021-06-21,(주)미래스캔,성현모,이경미,"충청남도 천안시 동남구 단대로119-0 (안서동, 단국대학교천안캠퍼스)",57885692.0,88.544,24년 국한문 혼용 공군 역사서 한글화 연구용역,기관
대형 후속사업 추진시 기종결정 평가항목 연구,육군본부,47142088.0,101.827,2016-09-21,(주)에프오알엠도시건축공간연구소,권시형,이수행,"서울특별시 금천구 가산디지털2로184, 10층 1017호(가산동, 벽산디지털밸리2차)",47142137.0,101.83,방위사업청 방산원가구조 개선에 관한 연구,합동참모본부
전자기스펙트럼 측정/분석체계 운용방안 연구,방위사업청(운영지원과),,,2020-11-30,,,,,276886330.0,91.937,공군 지능형 스마트비행단 성과분석 및 발전방안 연구,중앙행정기관
16-인성교육프로그램 등 연구 용역 계약,육군교육사령부,54615779.0,92.819,2017-01-27,디엔아이,김진원,박병희,경기도 군포시 흥안대로27번길22-0 (금정동),54623212.0,,SUPPRESSED,기관
생화학자동분석기 등 83종 구매(20197024-E),공군본부,391140337.0,81.046,2022-06-18,주식회사 대경코리아,조종열,윤수정,대전광역시 유성구 테크노2로271-0 (탑립동),,81.04,19년 gps 교란신호 분석 및 전파체계 유지보수 용역,군
휴양시설  기숙사 민·관·군 개발운영 연구용역 ,제2879부대,54181968.0,84.811,2019-09-19,에스엔케이와이즈주식회사,김진준,최승룡,경상남도 김해시 삼안로195번길20-23 (삼방동),54170778.0,,23-1차 연구의무물자(BL3 중앙실험대 등 5종) 구매,국군재정관리단
4차 산업혁명 기술적용 연구용역,육군본부,,97.061,2022-04-04,정호정보통신,최은수,김영원,"경기도 용인시 수지구 죽전로 152, 단국대학교내(죽전동)",44574318.0,97.072,21년 연례 육군 리더십 수준 진단 연구용역,국군재정관리단
정보통신부대의 조직발전방향 연구,국군재정관리단,58939989.0,98.608,2022-02-23,,전건욱,,"서울특별시 용산구 청파로 40, 삼구빌딩 1815호(한강로3가)",,98.606,연구활동 재료(초자) 189종 구매,국군재정관리단
함정 설계 건조 기준 및 함정규칙 정립 연구 용역,방위사업청(운영지원과),29117303.0,77.83,2018-01-01,(주)두두아이티,김은기,문우정,"서울특별시 금천구 가산디지털2로184, 10층 1017호(가산동, 벽산디지털밸리2차)",29095352.0,77.833,공기조화계통(HAVC) 성능개선 방안 연구 용역,군
21년 전군 감염병 감시 지원체계 구축방안 연구용역,공군본부,443539433.0,,2019-07-02,인하대학교 산학협력단,이기성,,"경기도 성남시 중원구 순환로210-0 201,202,203,204,205호(상대원동, 이노트리아파트형공장)",443505379.0,94.525,복합형 회전익기 통합 설계/해석 M&S 연구용역,군
비용분석용 상용SW(TruePlanning) 구매,국방부(운영지원과),,94.112,2018-04-09,에이티지씨(ATGC),정재관,김동희,"서울특별시 금천구 가산디지털1로1-0 (가산동, 더루벤스밸리) 1208호",,94.114,공군 전장망 소스코드 취약점분석체계 교체사업,39정찰비행단
상륙기동헬기 성능개량 소요 분석 연구용역,국군재정관리단,55467021.0,65.562,2019-11-28,건국대학교 산학협력단,유훈,이화주,"서울특별시 금천구 가마산로96-0, 213호(가산동, 대륭테크노타운8차)",55478998.0,,국방군사시설 방호기준 제·개정 연구용역(21K021-I),군
육군내 기술연구소 신설방안 연구 용역,국군의무사령부,90706904.0,,2017-07-04,주식회사 한국건설경영기술원,서승현,경상현,"서울특별시 성동구 성수이로22길37, 803호(성수동2가, 아크밸리)",,90.121,상호운용성 전문화교육체계 연구,군
샵차량 전자제어기 회로카드 대체품 개발 연구용역,공군작사근무지원단,,90.607,2022-12-23,,박온서,,서울특별시 노원구 화랑로574-0 (공릉동),,90.608,선진전투실험 발전현황 및 육군전투실험 향상방안연구,군
120mm 전차포신 약실 검사장비 개발 연구용역,제9691부대,340728652.0,73.194,,주식회사  코리아리서치인터내셔널,김태호,,대전광역시 유성구 국제과학3로22-0 (신동),340857630.0,,전력화장비 후속군수지원 사업 개선방안 연구,군
사례분석을 통한 對아세안 국방협력 발전방안 연구,4284부대,108922233.0,76.61,,(주)트리콤미디어,조완제,정영숙,"경상북도 구미시 대학로 61, 금오공과대학교 산학협력단(양호동)",108903504.0,,지형분석도 제작 재료 구매,제2879부대
스펙트럼분석기 2종 구매,방위사업청,189412321.0,,2023-03-22,무역안보관리원,박홍련,,인천광역시 미추홀구 인하로100-0 (용현동) 인하대학교,,,17년 작전지속지원분석모델 유지보수 용역,중앙행정기관
군사용 인공지능 윤리적 평가 및 검증요소 연구 용역,육군교육사령부,125753024.0,84.745,,,,황병윤,,,,22-12차 연구장비 구매 계약 - 초저온냉동고,군
(20G056-I)빅데이터 분석체계 구축사업 금융리스,방위사업청(운영지원과),9380110.0,,2023-12-04,,,김영진,,9394210.0,87.554,(1)군용비행장 소음측정 및 분석용역,군
국방과학기술 전문인력 소요분석 연구,국방부(운영지원과),,78.829,2016-09-03,주식회사 아레스,최권석,,"서울특별시 금천구 가산디지털2로184, 10층 1017호(가산동, 벽산디지털밸리2차)",,78.831,한국형 MDTF의 사단 적용방안 연구,중앙행정기관
유류시험장비(가스성분 분석기 등 2종) 구매,공군제18전투비행단,157069793.0,92.118,2021-09-17,,윤지성,,서울특별시 영등포구 여의공원로 101(여의도동),157138082.0,92.118,대전병원 자동 뇨 분석기 등 소모품 46종 구매,제7016부대
국방 인공지능(AI) 활용 실증기획 연구,육군본부,56394010.0,74.472,2021-12-10,사단법인 안보경영연구원,김형철,,"서울특별시 강남구 언주로527, 10층 (역삼동)",56461507.0,,17년 EMP 방호 성능유지 향상방안 연구용역,군
사이버전자전 작전수행개념 및 핵심요구능력 연구,방위사업청(운영지원과),17847950.0,,,사단법인 안보경영연구원,,,,,,워리어플랫폼 미래단계 추진방향 연구용역,중앙행정기관
21년 전투발전 연구용역(2),제1363부대,20115960.0,,,,,,,20098901.0,,국방표준서 제정(4차) 연구,군
포렌식 분석장비 긴급보강 사업,국군재정관리단,197048324.0,87.349,2023-09-11,주식회사 시스코어,양희성,남해린,대전광역시 유성구 대학로291-0 (구성동) N7-7111,197284730.0,,(226220-F)발광분광 분석기 구매,군
적 사이버공격 의도분석 지표개발 및 평가방안 연구,국군수도병원,,84.167,2016-04-03,,,,,,,운용함정 손상대응 훈련 시나리오 연구 용역,제9691부대
22-수중광통신의 군사적 활용방안 및 운용효과 분석,합동참모본부,,82.618,,주식회사 셀젠텍,이종명,이영진,"인천광역시 남동구 서창남순환로190-15 (서창동, 서창퍼스트뷰아파트) 718동 301호",110185560.0,82.628,(216162-B)차륜정비장비(분석기  차량엔진용) 구매,합동참모본부
전투실험 연구용역,국방부(운영지원과),64951889.0,,2017-05-21,재단법인 한국군사문제연구원,김형철,,"경기도 성남시 수정구 위례대로83(창곡동, 국방문화센터)",,98.192,무인기술을 적용한 현용전력 극대화 방안 연구,중앙행정기관
신기술 적용을 통한 저장시설 물류향상 연구,방위사업청(운영지원과),130039163.0,90.435,2020-09-19,주식회사 맥스바이오텍,최동양,,"서울특별시 금천구 가산디지털1로181, 가산W센터 1401호,1402호(가산동)",130094292.0,90.43,연구활동 재료(시약 초자)361종 구매(20197096-E),군
21-1차 개념설계 기술지원 연구용역,방위사업청(운영지원과),3730449.0,94.866,2017-12-02,주식회사 태드솔루션,정태량,박익수,세종특별자치시  국책연구원로15-0 (반곡동),3734727.0,94.875,CSP 획득개선 및 무기체계 가동률 향상방안 연구,중앙행정기관
ATCIS 2차 성능개량 0000체계 운용요구서 연구,해군본부,43933288.0,94.539,,,,,,43949816.0,94.533,SUPPRESSED,중앙행정기관
한국군병사에서 적응장애의 양상과 위험요인 연구용역,해군본부,8204123.0,88.704,2018-05-05,(사)21세기군사연구소,,조대현,"부산광역시 연제구 중앙대로1054번길6, 5층 (연산동)",,88.697,18-해군C4I체계 발전을 위한 연구,중앙행정기관
해상작전 유/무인기 최적화 운용방안 연구,공군본부,201466599.0,85.181,2018-12-19,,,,,201642650.0,,함 탑재용 무인항공기 선행연구,제9691부대
해성-I 유도탄 창정비요소개발 비용분석 연구,제2879부대,11040184.0,90.594,2021-05-12,주식회사 에스아이정보기술,이희윤,이효진,"서울특별시 성동구 성수이로22길37, 803호(성수동2가, 아크밸리)",11054381.0,90.591,군 급식 피복류 조달이관 성과분석 연구,국군재정관리단
24 군의료 특성화 연구(군 헬기 환자 이송 현황 분석),방위사업청(운영지원과),196692511.0,,,,전건욱,,"서울특별시 강남구 언주로527, 10층 (역삼동)",196685117.0,87.607,대용량 유전자데이터 분석 파이프라인 및 가시화 연구,중앙행정기관
대전병원 생화학자동분석기 소모품 60종 구매,국군재정관리단,,103.757,,다우미디어테크,김희숙,최승룡,"대구광역시 북구 영송로15, 5층 5503호(태전동, 대구보건대학교 성실관)",270873735.0,103.763,흔적 00분석 시스템 구축,국군재정관리단
미래전자전 발전추세 반영 공군 전자전 우세전략 연구,국군재정관리단,31512472.0,90.611,,(주)에스코컨설턴트,서영우,이재광,부산광역시 남구 용호로252번길11-0 (용호동),,90.613,조종사 피로도와 안전비행의 상관관계 분석 연구용역,중앙행정기관
(21F049-I)제2軍 대테러 종합훈련장 선행연구 용역,국군의무사령부,281667167.0,76.78,2020-09-18,사단법인 안보경영연구원,박정기,,,,,패트리어트 유도탄수명 고려한 효과적 확보 방안 연구,군
공군 품목관리관 자격인증제도 도입방안 연구용역,해군본부,31167540.0,84.968,2016-08-21,,,,,31171608.0,,국방시설분야 4차 산업기술 활용방안 연구용역,4284부대
23년 전투실험발전 연구용역(2),국군제1068부대,433995510.0,,2018-12-15,,,,,433963504.0,90.493,국방정보화 법률 개정방안 연구,중앙행정기관
해병대 간부 및 병 획득율 제고를 위한 개선방안 연구,제2879부대,,,,주식회사 비씨디이엔씨,신종걸,박계향,전라북도 정읍시 북면공단2길87,49986609.0,78.175,스마트 탄약정비공장 구축방안 연구용역,군
합동작전분석모델-Ⅱ 탐색개발,국군대전병원,,,2017-11-26,라온유통,이남택,이재동,"서울특별시 금천구 가산디지털1로30,1712호 (가산동,에이스하이엔드타워10차)",9548080.0,,19-회로분석기 구매(20199065-H),4284부대
23년 전투실험(연구용역사업),해군교육사령부,208446385.0,,2020-03-10,(주)제트코,이영진,이솔이,"경상남도 창원시 마산합포구 해안대로91, 상가 205호(해운동, 경민시티빌)",208569850.0,,24 군의료 특성화 연구(알레르겐 양상 분석),군
작전지휘시설 신축 분석평가 및 선행연구용역,제2879부대,,94.807,2020-07-08,한국지식재산연구원,봉만수,,"서울특별시 강남구 역삼로17길57, 그랜드빌딩 B1층 (역삼동)",28489052.0,94.802,전투실험 발전 세미나 과제 연구용역(1),중앙행정기관
23-D-감정장비(면역화학분석기) 구매,국군재정관리단,71941361.0,80.349,2022-04-01,국방대학교산학협력단,김진욱,,"서울특별시 금천구 가산디지털2로184, 10층 1017호(가산동, 벽산디지털밸리2차)",71890045.0,,악성코드 수집분석체계 라이선스 구매,중앙행정기관
항-418-012 생화학분석기 시약 등 97종 구매,제2879부대,208486873.0,95.415,2019-12-22,주식회사 삼우에이엔씨,홍광표,이다정,"서울특별시 송파구 송파대로167 , 비동 1303호 (문정동, 문정역테라타워)",,95.411,레이더 시험세트(스펙트럼 분석기 등 4종) 구매,국군재정관리단
22-작전지휘시설 신축 분석평가 및 선행연구 용역,육군제8971부대,212824052.0,88.741,2019-07-07,한양대학교 산학협력단,김진욱,,,,,(21F040-G) 사이버위협분석 개발연구체계 구축 사업,기관
대형 국외구매사업의 합리적 기종결정방안 연구,국군의무사령부,,82.84,,사)국방정보통신협회,김성룡,손영옥,광주광역시 서구 마륵로28-1 (마륵동),71912972.0,,국방감항인증원(가칭) 설립 및 운영에 관한 연구,국군재정관리단
교육장비(수질분석세트) 구매설치,육군본부,120712628.0,83.49,2020-05-05,(재)한국정보통신산업연구원,강명수,강우철,"서울특별시 강남구 테헤란로317(역삼동, 동훈타워 7,11,12,13층)",,83.49,24-미래 공군병력 부족 대비 인력공급 확대방안 연구,국군재정관리단
빅데이터 기반 공중전투 기동 분석기술 연구용역,합동참모본부,71366632.0,,,,한민구,,,71433403.0,93.577,공군 정보통신 준·부사관 특기체계 개선방안 연구,군
16년 정비지원부대 직무값 기반의 직무분석 연구용역,국군재정관리단,342747597.0,,2016-10-07,사단법인 안보경영연구원,전건욱,,"서울특별시 강남구 언주로527, 10층 (역삼동)",342652224.0,,SUPPRESSED,군
16년도 급식분야 시범사업 추진분석 및 개선방안 연구,방위사업청(운영지원과),8084021.0,87.82,2018-10-30,(사)국방시설연구협회,김운용,,서울특별시 동작구 여의대방로36길92(대방동),,,16년도 급식분야 시범사업 추진분석 및 개선방안 연구,중앙행정기관
23년 국방정책토론회 학술연구용역,육군인사사령부,,,,(주)레오이노비젼,이영환,윤병찬,"서울특별시 용산구 이태원로29, 421호(용산동1가, 전쟁기념관)",31949300.0,,정책연구용역(군견 관련),국군재정관리단
전원품질 분석기 구매,국방부조사본부,29782237.0,68.718,2020-11-22,주식회사 우리별,김용주,전용호,"서울특별시 영등포구 여의나루로67, 신송빌딩 703호",29859297.0,,16-상층대기 분석장비 외주정비,국군재정관리단
대형양산사업의 제반 조건 분석 및 방안 연구,국군재정관리단,,91.619,2016-06-16,(재)한국정보통신산업연구원,한창모,,경기도 동두천시 벌마들로24-0 (상패동),114944368.0,,4차산업혁명 기술을 적용한 C4I체계 발전방안연구,중앙행정기관
23년 전투발전 연구용역(4),합동참모본부,,86.538,,사단법인 한국국가전략연구원,박충권,,"서울특별시 성북구 화랑로76, 제3층 307호(하월곡동,코업스타클래스)",147276850.0,86.545,23년 기술연구용역 계약 의뢰(2),국군재정관리단
훈련 및 부대운영 빅데이터 활용방안 연구용역,국군재정관리단,,86.311,,,,,,221370090.0,86.308,SUPPRESSED,국군재정관리단
정신전력교육 기본교재 재발간에 따른 사전 연구 용역,국군재정관리단,,83.856,2017-06-04,,,,,,83.853,육군 수질 유지비 현실화 방안 연구용역,중앙행정기관
(237022-H)분석관리체계 노후 교체사업(리스물건),해군본부,333932004.0,90.07,,,,이지선,,333912445.0,90.066,(237209-F) 자동염기서열분석기 구매 ,기관
대잠훈련분석체계(AEAS) 유지보수 용역,해군군수사령부,,77.874,2016-12-13,사단법인 한국국가전략연구원,,박병희,대전광역시 유성구 대학로291-0 (구성동),62797152.0,77.877,연구장비(가스크로마토그래피) 구매 계약,4284부대
4차 산업혁명 연계 군시설 관리체계 연구 용역,방위사업청(운영지원과),287291261.0,91.26,2017-04-08,(사)한국전략문제연구소,,,,287408413.0,,00사단 관사 이전사업 선행연구 용역,군
CBRS 적용한 전투발전체계의 문제점 및 발전방향 연구,국방부(운영지원과),97487908.0,,,(주)에프오알엠도시건축공간연구소,,,,,84.354,전투실험 설계 및 결과 분석 방법 연구용역,군
21-해군분석모델 발전방안 연구,국방대학교,93652886.0,96.355,2019-08-14,주식회사도시경영연구원,김세종,배성권,서울특별시 금천구 디지털로130-0 남성프라자 9층 912호  (가산동),93672069.0,,22-1차 연구장비 구매 계약 - 증기후드,군
군 시설 공사비 기준단가 산정 연구용역(21K018-I),국군의무사령부,,88.442,2020-05-17,,박정기,,,,88.447,ATCIS 다기능접속장치 회로카드 대체품 개발 연구용역,군
무기체계「체계안전성」도입방안 연구,육군교육사령부,,,2024-04-05,,,김지은,,1458508.0,86.115,23년 기술연구용역 계약 의뢰(1),중앙행정기관
2017년 의무장비 요분석기 구매,공군본부,166313864.0,77.369,2021-08-15,사단법인 한국국가전략연구원,박헌제,,,166433275.0,77.373,지형분석용 드론 제조,기관
K10제독차 조종상자 회로카드 정비기술개발 연구용역,국군재정관리단,,91.616,2020-02-06,사단법인 안보경영연구원,전건욱,,,38195510.0,91.611,미래형 성과기반 군수지원 적용방안 연구,중앙행정기관
항-16-059 062 066 질량분석기 소모품 등 72종,공군사관학교,26838342.0,,2023-04-02,주식회사 다윈에어로테크,안성일,한달연,"서울특별시 금천구 가마산로96, 1510호 (가산동, 대륭테크노타운8)",26831763.0,90.87,2017년 제3회 국방 분석평가관계관 워크숍 위탁운영,국군재정관리단
20-PKMR엔진 PBL 비용대효과분석 및 성과지표 연구,제9691부대,319122708.0,81.228,,,,,,319161875.0,81.228,풍력발전기에 의한 방공레이다 등의 작전영향 연구,군
16년 정보분석지원체계 유지보수 용역,국군재정관리단,108728259.0,98.246,,,김진욱,정수민,서울특별시 광진구 천호대로524-0 (군자동),108734383.0,98.251,다락대훈련장 간이 갈등영향분석 연구용역(C037),국군재정관리단
군급식조달체계변화에따른적정급식비산출에대한연구,해군본부,77002674.0,78.89,2017-01-05,에스엘(SL)상사,홍문기,박소연,서울특별시 송파구 법원로8길9 (문정동) 10층,,78.897,방산소재 개발사업 기획 및 인증체계 구축 연구,중앙행정기관
19-한국 해양안보에 미치는 갈등요인과 대응방안 연구,해군본부,38564776.0,,2022-04-16,국방대학교산학협력단,기유경,,대전광역시 유성구 죽동로157-0 (죽동),,76.458,2.75유도로켓 창정비 비용 대 효과분석 연구용역,국군재정관리단
발칸 보조전원공급기 수리부속 대체품 개발 연구용역,해군군수사령부,,,2018-01-10,서울대학교 산학협력단,홍양희,차미정,"서울특별시 성북구 화랑로76, 제3층 307호(하월곡동,코업스타클래스)",318823759.0,,24년 기상레이다 적정 경제수명 산출 연구,군
21-첨단 수중전력 소요기술 분석 및 적용방안 연구,국군재정관리단,93181456.0,,2017-06-20,,,손보연,,,,효율적인 탄약 전력화 방안 연구,국군재정관리단
군무원 적정 충원 비율에 관한 연구 용역,국군재정관리단,36019875.0,,2022-02-01,,,,,35952987.0,95.817,22-G/K 창정비 사업 성과분석 연구,군
국방보안관리사 자격신설 연구,육군교육사령부,71008095.0,90.237,,,박래호,,서울특별시 광진구 군자동98 집현관 216,70991477.0,90.237,해강안 경계철책 철거(대체)관련 설계 연구 용역,군
2019년 범국민 안보의식조사 연구 용역,국군재정관리단,92881358.0,87.426,2018-10-03,재단법인 에프아이티아이시험연구원,김명운,권시형,"경기도 용인시 수지구 죽전로 152, 단국대학교내(죽전동)",92975868.0,,잠수함용 예인정-ll 개념설계 기술지원 연구용역,중앙행정기관
ATCIS 2차 성능개량사업 연구,제9691부대,135009431.0,,2018-01-27,,,,,,92.043,교육연구자료 원문 DB 구축 용역,군
미래전자전 발전추세 반영 공군 전자전 우세전략 연구,국방대학교,,88.2,,주식회사 웨이브텍,강연준,,"서울특별시 성동구 왕십리로 222, 한양대학교 내 한양종합기술연구원 110호(행당동)",30534442.0,,복수활주로 건설사업 분석평가 및 선행연구,군
정기공수 운영분석 및 최적 노선 선정 알고리즘 개발,방위사업청(운영지원과),,,2021-08-18,동국대학교 WISE캠퍼스 산학협력단,이문걸,김호연,"서울특별시 서초구 방배천로155, 유청빌딩 3층(방배동 821-8)",49200603.0,,차륜형장갑차 성능개량 사업 비용분석,군
(207108-H)네트워크 위협 분석체계 구축사업,육군교육사령부,74298711.0,99.067,,주식회사남동,김원헌,임근우,"인천광역시 미추홀구 주염로58, 620-1호(주안동, 주안시범공단)",,,17-방공관제사-4 보급수송 신호 분석기,군
육군 로고를 군수품에 적용하는 방안 연구,공군본부,12904181.0,89.031,,숙명여자대학교산학협력단,홍영기,,서울특별시 서초구 서운로1길34-0 (서초동),12914872.0,89.037,방공포병 모의훈련체계 구축 가능성 연구용역,군
접적해역 상시정찰용 UAV 선행연구용역,방위사업청(운영지원과),38091856.0,,2018-10-31,,,,,,76.142,SUPPRESSED,중앙행정기관
22-11차 연구장비 구매 계약 - 의약품 냉동고,국군재정관리단,,75.963,2018-10-22,,,,,217961408.0,,차기전술차량 계열화 방안 연구,중앙행정기관
군인 주거보조비 도입방안 연구,국군재정관리단,181394749.0,,2020-11-26,주식회사 굿컨설팅그룹,주양효,박계향,대전광역시 유성구 죽동로157-0 (죽동),181407595.0,97.797,2024년 임상의학연구센터 통계프로그램 구매,중앙행정기관
프로그램 단위 성과관리를 위한 성과지표 연구,해군본부,,79.651,2020-10-10,,,,,125345474.0,79.653,방위사업 계약법령 체계화 방안 연구,군
인사교육장교 경력관리 개선을 위한 연구용역,육군교육사령부,82438947.0,91.344,2019-07-11,,,송문수,,82404178.0,91.343,상륙기동헬기 성능개량 소요 분석 연구용역,중앙행정기관
장거리공대지유도탄 2차 사업분석,육군본부,29607109.0,92.326,2022-11-12,주식회사우정상사,김대웅,정경아,세종특별자치시  국책연구원로15-0 (반곡동),29617142.0,92.321,21-공-주파수편이용분석기 구매,군
한국형 임무형 지휘와 리더십 관계 정립 연구용역,육군교육사령부,244519433.0,74.375,,주식회사 위맥공제보험연구소,김태호,정기쁨,서울특별시 강서구 양천로401-0 (가양동) B-407,244618609.0,74.379,전투실험 설계 및 결과 분석 방법 연구용역,군
전술환경 下 효율적 이동통신체계 운용방안 연구용역,해군군수사령부,117762286.0,94.082,,에스앤에스이앤지 주식회사,박온서,,"서울특별시 금천구 가산디지털2로184, 10층 1017호(가산동, 벽산디지털밸리2차)",117818887.0,94.082,K1계열전차 포탑회로망상자 시험장비 개발 연구용역,중앙행정기관
전자파 측정/분석을 위한 송신장치 개발용역,육군본부,,,,주식회사 에이치.티.씨,현수,이진선,"대전광역시 유성구 대학로 27, 현대리조텔 2층(봉명동)",155992826.0,,(2)군용비행장 소음측정 및 분석용역,군
급식유통센터 성과분석 및 (경남권)필요성 연구,공군본부,70472356.0,86.299,,한국항공대학교 산학협력단,임준석,진유리,"서울특별시 서초구 서초중앙로 69, 르네상스오피스텔 1406호(서초동)",70503795.0,86.299,가상현실 및 증강현실 기술적용 방안 연구,군
소화기 소음기 선행연구용역,방위사업청(운영지원과),,80.684,2020-11-19,,,,,144502850.0,80.686,무기거래조약에 따른 수출입통제 개선방안 연구,대학
전력발휘 보장을 위한 예비군훈련체계 연구,국방부(운영지원과),,,2018-01-11,재단법인 한국군사문제연구원,김형철,,"경기도 성남시 수정구 위례대로83(창곡동, 국방문화센터)",162786144.0,,선체고정음탐기 선행연구 용역,중앙행정기관
K-TCG 법인설립 및 운영방안 연구용역,공군본부,537317759.0,91.682,2016-05-06,,,,,537191269.0,,오폐수처리시설 기술제안서 평가기준 정립 연구용역,군
21-1차 개념설계 기술지원 연구용역,방위사업청(운영지원과),67117345.0,103.261,2018-04-06,사단법인 안보경영연구원,전건욱,,"서울특별시 강남구 언주로527, 10층 (역삼동)",67050817.0,,군 VoiP 교환시스템 통합운용방안 연구 용역,중앙행정기관
22년 기술연구용역 계약(1),육군교육사령부,,95.883,,(주)에프오알엠도시건축공간연구소,,조윤교,,6346666.0,,민군 상생을 위한 훈련장 최적환 관리방안 연구,중앙행정기관
다목적 제설장비 운용기준 재정립 및 대체방안 연구,국군화생방방호사령부,47159141.0,71.279,2019-03-05,(사)21세기군사연구소,,전재신,"서울특별시 영등포구 의사당대로22, 8층 9층 10층(여의도동, 이룸센터)",47193210.0,71.282,군 급식제도의 시스템 개선을 위한 연구,중앙행정기관
미래 육군 제대별 임무와역할  적정 지휘폭 정립 연구,공군군수사령부,,82.797,2022-07-05,사단법인 대한민국 육군발전협회,한민구,왕금분,"서울특별시 용산구 한강대로62길41, 3층 (한강로1가)",,,교육 발전방향 연구용역,군
탄약고 안전거리 재산정을 위한 선행연구 용역,4284부대,36144749.0,92.408,,,,박계향,,,,무기체계 인공지능 기술적용 JROC 작성지침 개정 연구,국군재정관리단
무기체계 안전성 시험평가방안 연구,국방부(운영지원과),,92.985,2018-09-21,,한민구,,,235945289.0,92.993,복합무기체계 시험평가 제도개선에 관한 연구,중앙행정기관
항행안전시설 비행점검장비의 군 필요성...연구,제9691부대,353672898.0,,2019-03-16,,,박계향,,,96.526,승선근무예비역의 병역제도 발전 방안 연구 용역,중앙행정기관
항-16-007 자동면역분석기 시약 등 35종,국방부(운영지원과),68647946.0,85.664,2022-09-15,(사)21세기군사연구소,김재영,조대현,"서울특별시 송파구 법원로11길25-0, A동 1310호(문정동, 에이치비즈니스파크)",68587261.0,85.665,군 주거시설 개선 연구용역,군
컨테이너 물류체계 구축 소요판단 정책 연구과제 용역,국군재정관리단,6539805.0,69.477,2021-02-14,과학기술정책연구원,이문걸,신훈길,서울특별시 용산구 이태원로29-0 (용산동1가) 전쟁기념관 435호,6535637.0,69.475,국방 연구개발 법제 개선 연구,군
(207108-H)네트워크 위협 분석체계 구축사업,국방부(운영지원과),,95.537,2020-11-03,(주)상보기업,허성일,양희성,"서울특별시 금천구 가산디지털1로5, 대륭테크노타운 20차 1934호",,95.533,22년 육군 분석평가단 소개영상 제작용역,중앙행정기관
18-해군C4I체계 발전을 위한 연구,합동상호운용성기술센터,44966272.0,,2018-10-15,(주)액티브솔루션,박상욱,,"대전광역시 서구 둔산대로117번길44-0 (만년동, 엑스포오피스텔619호)",44984744.0,76.824,연구소 장비(분광광도계 등 4종)구매,중앙행정기관
기갑/기계화부대 중대급 교전훈련장비 2차 선행연구,육군본부,,110.451,,,,김지훈,"서울특별시 종로구 홍지문2길20-0 (홍지동, 상명대학교)",,,국방 안전환경 분석 및 안전교육 정책 발전 방안 연구,군
통제분석 프로그램 설치 외 6종 구매 설치납품,방위사업청(운영지원과),,,2022-12-26,주식회사우정상사,차지환,남궁성호,대전광역시 서구 관저동로170 (관저동) 210호,383659256.0,81.527,소형무장헬기 양산사업 비용분석,제2879부대
국방산업혁신펀드(가칭) 시행방안 연구,국방부(운영지원과),,81.848,2017-01-24,주식회사 아이엠트레이딩,동중영,안기수,"경기도 부천시 석천로397, 102동 611호(삼정동, 부천테크노파크쌍용3차)",,81.85,우수 과학기술 인재의 국방(군) 분야 활용방안 연구,군
회로카드 고장예측용 해석도구 활용방안 연구용역,공군본부,250553148.0,,2023-05-30,,,윤진영,,,98.331,군 주거시설 개선 연구용역,중앙행정기관
19년 분석용모델(3종) 유지보수(2018F125-G),국방부(운영지원과),123824382.0,99.191,2019-08-08,트루인터페이스(주),신희준,김선형,부산광역시 영도구 와치로194-0 (동삼동),123828418.0,99.194,대전병원 생화학 자동 분석기 소모품 20종 구매,군
K9자주포 연료펌프 성능개선 시제품 개발 기술 용역,제9965부대,,,2023-10-25,씨지에스아이티(주),김창환,최규식,경기도 광주시 오포읍 포은대로339(추자동),48597656.0,83.291,24년 의무장비(자동분석기 생화학용 중형) 구매,국군재정관리단
국방특허 권리이전 업무를 위한 특허 권리분석(1차),국군재정관리단,4809531.0,,2019-06-13,,,최규식,대전광역시 유성구 유성대로1646-0 (전민동),,91.216,정보분석낭 구성품 구매,중앙행정기관
24년 국방연구개발사업의 성과조사 · 분석 연구 ,육군본부,94216126.0,,,주식회사 동영상사,김수상,이승재,서울특별시 서초구 반포대로13-0 (서초동),94222454.0,76.669,CN-235 항공기 특성(RCS/IR Signature) 연구,합동참모본부
상륙돌격장갑차 3차 창정비 방안 연구,해군본부,,80.347,2020-08-21,,박정기,,,30364034.0,,미래형 성과기반 군수지원 적용방안 연구,군
22-6차 연구장비 구매 계약 - 시약 및 약품냉장고,국군재정관리단,218964907.0,,,주식회사 일신이앤씨,류황건,유재웅,"서울특별시 중구 동호로7길41, 2층(신당동)",,95.755,과학화경계시스템 정비지원체계 운영분석 연구용역,국군재정관리단
개전초 동원긴요부대 전시 완정성 보장 방안 연구,방위사업청(운영지원과),192280409.0,85.766,,사단법인 안보경영연구원,,,,192383235.0,85.763,20-청상어 장전용 유압식 어셈블리 연구개발용역,중앙행정기관
유도무기 적정 수리부속 보유량 산출 연구 용역,국방시설본부,88915622.0,97.246,2017-12-16,,,,,88883511.0,97.253,생존성 향상을 위한 개인 부대방호 능력 분석 연구,군
국방개혁과 연계한 예비군법 발전방안 연구,해군작전사령부,78010.0,,2017-01-03,기산건축사사무소,백도현,유혜련,서울특별시 용산구 한강대로46길25-0 (한강로2가) 401호,78208.0,100.779,현역-초기대응  예비군-전쟁승리 개념연구 용역,제5019부대
인공지능을 활용한 사이버위협 탐지기술 연구용역,국군재정관리단,76645497.0,,2019-06-12,한남대학교 산학협력단,김종성,박계향,충청북도 충주시 대학로50-0 (대소원면),76604165.0,73.411,국방 해양안보정책 연구,국군재정관리단
신기술 적용을 통한 저장시설 물류향상 연구,국방대학교,20608046.0,,,,허건영,이민혜,"서울특별시 금천구 가산디지털2로184, 10층 1017호(가산동, 벽산디지털밸리2차)",20602976.0,92.828,전투실험 중장기 종합발전계획 연구용역,제5738부대
민간우주기술을 접목한 육군우주력 발전방안 연구,육군대학,,110.947,,주식회사 유니텍,반상우,이정화,"충청남도 논산시 대학로 121, 건양대학교 산학협력단(내동)",512198190.0,110.945,76mm 함포 약실 정밀검사용 장비개발 연구용역,국군재정관리단
비상근예비군 확대 및 훈련체계 정립 연구 용역,국군재정관리단,1324611.0,,2016-12-28,에이치디현대중공업 주식회사,박종석,박상욱,"서울특별시 중구 동호로7길41, 2층(신당동)",1324494.0,,21년 정책 연구용역,제9691부대
감정장비(자동염기서열분석기 등 2종) 검교정 용역,국군재정관리단,233026473.0,88.411,2023-12-27,,정봉원,김채미,,,88.41,인터넷접속/전자우편 통제 및 분석체계 교체사업 리스,중앙행정기관
생화학분석기(자동식) 1대 구매 설치,4284부대,379115451.0,84.004,2022-12-22,소성정보기술 주식회사,김종광,이영민,경상북도 상주시 상산로215-31 2층 (낙양동),379399047.0,,24-해병-이동식 취약점 분석평가 도구(상용SW) 구매,국군재정관리단
낙하산전문포장사 자격신설 연구,육군인사사령부,153649391.0,88.031,,,,,,153615689.0,88.028,방위사업 전문교육기관 시설 기초조사 연구,군
모바일기기 증거분석체계 구매(교체) 리스,4284부대,89200677.0,70.226,2024-10-05,한성대학교 산학협력단,권정환,조혜진,"경기도 성남시 수정구 복정로84번길 22-15,(B-001호) (복정동)",89275506.0,,스펙트럼용 분석기 구매,4284부대
해병항공해상운용을위한동원선박운용개념연구용역,제6619부대,35685696.0,,2018-07-13,,정의승,권시형,,35683451.0,,무기체계 RAM 시험평가의 효율적 수행방안 연구,군
분석기(비행조종계통 점검용)외1종 구매(16-38),국방부(운영지원과),25372729.0,94.081,,주식회사도시경영연구원,임창흥,김동준,경상남도 거제시 거제대로3370 (아주동),,94.08,19년 발칸 추적훈련 분석기(제조),중앙행정기관
상층대기분석장비 유지보수,육군본부,,,2019-05-15,사단법인 한국소음진동공학회,박종재,승아현,"서울특별시 금천구 가산디지털2로34, 923호(가산동, G밸리 더리브 스마트타워)",288653429.0,79.051,20-161 218 동물용 자동분석기 등 3품목,중앙행정기관
민간군사기업(PMC) 등 민간 아웃소싱에 대한 개념연구,국방부(운영지원과),153178085.0,89.029,2021-07-10,,유훈,,,,89.03,[24-육-84] 탄약부대 경계병력 민간전환 선결 연구,중앙행정기관
OO사단 등 부대개편부대이전사업 선행연구 용역,육군본부,77257495.0,,2016-07-07,국민대학교산학협력단,이충환,,서울특별시 서대문구 충정로53-0 (충정로2가) 골든타워빌딩 1701호,77391847.0,87.142,NCoE 구현을 위한 합참중심 QoS 모델 연구 용역,국군재정관리단
국방과학기술료 고시 개선방안 연구,국방부조사본부,115168926.0,,2021-09-08,(주)볼트시뮬레이션,최준호,정택호,서울특별시 구로구 디지털로26길5-0 (구로동) 1404호,,,전시피해건물 상태평가 기준정립 연구용역,국군재정관리단
복합무기체계 시험평가 제도개선에 관한 연구,국방부(운영지원과),,,2018-12-20,,백훈,,,17371737.0,,정보역량 강화 연구용역,군
(226410-C) 지형분석장비 구매(리스물건),제3707부대,450419716.0,,2021-12-07,(주)비아이엔씨,김영식,장원규,충청남도 홍성군 홍북읍 홍예로213-0 (엘에이치스타힐스) 121동 2201호,450423328.0,,22-공-분석기  주파수편이용 구매(229037-F),국군재정관리단
국방로봇 운용을 위한 법/제도 개정 및 인증제도 연구,육군교육사령부,212214301.0,,2017-12-30,,,,,212141718.0,,한국 육군 교육훈련관리의 개선방안 연구,중앙행정기관
병력책정기준 산정과 연계한 조직진단 기법 체계 연구,육군교육사령부,83927176.0,,,,,김미희,,83920094.0,79.534,독점조달 및 계약비리 등 조달제도 개선방안 연구,중앙행정기관
정밀측정장비(레벨분석기) 구매,방위사업청(운영지원과),,87.241,2022-07-10,럭키상사,이경미,전재신,"서울특별시 송파구 법원로11길25-0, A동 1310호(문정동, 에이치비즈니스파크)",,87.247,자동염기서열 분석기 구매설치,중앙행정기관
(23G250-I) 분석관리체계 금융리스,육군본부,,,2023-01-25,,,전형준,,,89.662,KJCCS 경미한 성능개량 사업 비용분석,국군복지단
공기조화계통(HAVC) 성능개선 방안 연구 용역,4284부대,10533.0,74.623,,(주)에프오알엠도시건축공간연구소,권시형,황병윤,"서울특별시 금천구 가산디지털2로184, 1017호(가산동, 벽산.경인디지털밸리2)",,,SUPPRESSED,군
EMP 방호시설 성능시험 방안 연구용역,해군본부,5196838.0,101.351,2020-02-04,주식회사 더블유아이,조만희,서정대,"대전광역시 유성구 테크노4로17, A동503호(대덕비즈센터)",5198345.0,,군 주파수 대역정비 방안 연구,군
상륙기동헬기 성능개량 소요 분석 연구용역,공군본부,,77.164,,,,최임찬,,,77.171,워리어플랫폼 최적화 방안 및 핵심요구능력 연구,중앙행정기관
전투실험 발전 연구용역 세미나 및 책자발간 용역,국방부(운영지원과),55501234.0,,,사단법인 대한민국해군발전협회,정영욱,이종범,"서울특별시 금천구 가산디지털2로184, 10층 1017호(가산동, 벽산디지털밸리2차)",,84.654,군 주파수 대역정비 방안 연구,군
대잠훈련분석체계(AEAS) 유지보수 용역,국군재정관리단,102596330.0,86.283,2021-05-10,네이버시스템 주식회사,김정한,정명화,충청남도 청양군 정산면 칠갑산로1898-0,,,24년 기상레이다 적정 경제수명 산출 연구,중앙행정기관
21-무기체계 수명주기간 부품국산화 발전방안 연구,국군재정관리단,119044481.0,72.329,,,,이덕호,,119148429.0,72.325,공중항적 영상식별체계 확보 연구용역,중앙행정기관
군 암호체계 분석보호시스템 분석장비 구매,한미연합군사령부,236391482.0,95.878,2021-07-05,(주)에프오알엠도시건축공간연구소,정의붕,,"서울특별시 금천구 가산디지털2로184, 10층 1017호(가산동, 벽산디지털밸리2차)",,95.871,21-04-142 신호분석기 등 3 품목,합동참모본부
18년 00부대 사이버 침해사고 조사/분석체계 도입사업,육군본부,124231245.0,85.259,,(주)코어시큐리티,한영수,오중택,"대구광역시 달서구 달구벌대로1095-0 (신당동, 계명대학교)",124314542.0,85.256,18년 분석용모델 유지보수 용역,군
00부대 정보체계 취약점 분석 시스템 구매,국방부,,,,그린종합사무기,김종호,김해리,경기도 군포시 번영로497(산본동 금화프라자) 502호,79608673.0,84.24,(20F062-I)소음영향도작성을위한소음측정및분석용역,제9691부대
전장리더십 역량의 평시 개발 연구,합동상호운용성기술센터,,86.997,2018-08-21,,,,,27085484.0,87.003,수도권 동원예비군 수송방법 개선방안 연구,군
정밀측정장비(스펙트럼분석기) 구매,방위사업청(운영지원과),201662479.0,,,한국법제연구원,신상범,김한욱,"서울특별시 강남구 영동대로602, 6층 E170호(삼성동)",201471327.0,85.301,(20F066-A)소음영향도작성을위한 소음측정및분석용역,중앙행정기관
전구급 항공작전 분석모델의 표적가중치 산정 연구,국군제1068부대,,82.789,2020-01-16,사단법인 안보경영연구원,박정기,,"서울특별시 강남구 언주로527, 10층 (역삼동)",26225224.0,82.797,북한의 기뢰전 전술 분석 및 대응책 연구,제2879부대
(20F169-A)지형분석장비 교체사업 등 17건 금융리스,육군본부,21037281.0,101.895,2021-10-19,주식회사 공공정책성과평가연구원,방극윤,김윤영,"서울특별시 서초구 방배천로155, 유청빌딩 3층(방배동 821-8)",21040643.0,101.899,유전자 서열 분석기,군
주요 비행피복류 맞음성 개선 및 표준화 연구,국방부(운영지원과),92813084.0,101.723,,주식회사 타임기술,김지현,박계향,대전광역시 유성구 노은로170-0 (지족동) 스타시티빌딩 6층,92795192.0,,국방 연구개발 법제 개선 연구,중앙행정기관
21-공-가스크로마토그래피 질량분석식 구매,공군본부,76718655.0,85.783,2019-08-26,(유)목양,최재성,오윤정,"경기도 수원시 영통구 광교로105, 607호(이의동, 경기 알앤디비센터)",,85.779,(227215-D) 비용분석용 상용SW 구매,국군재정관리단
발칸교전모의기 선행연구용역,국방부(운영지원과),17105524.0,73.767,2018-11-10,주식회사 위맥공제보험연구소,최진식,경상현,"경기도 용인시 기흥구 덕영대로1732-0 (서천동, 경희대학교 국제캠퍼스내)",17077384.0,73.77,17년 EMP 방호 성능유지 향상방안 연구용역,국군재정관리단
방탄물자 신뢰성 평가 개념 및 운영방안 연구,제2879부대,20000692.0,96.94,,주식회사 가람메드,고영호,권태순,경기도 동두천시 벌마들로24-0 (상패동),,96.934,원격탐사체계 중·장기 발전계획 기반연구,기관
국가전략기동군 해병대 발전방안 연구 사업,국방대학교,195087868.0,,2020-10-16,,가회광,이수행,서울특별시 관악구 관악로1 (신림동),195028271.0,,21-함정 스마트 브릿지 모델 개념 연구,국군재정관리단
해강안 경계철책 철거(대체)관련 설계 연구 용역,국군재정관리단,17143741.0,98.667,2017-10-21,,,,,,98.666,국방규격에서 인용 중인 폐지된 KS 제정 연구,중앙행정기관
(207134-H)국방보안조사 분석시스템 HW구매(리스물건),제2879부대,59727449.0,96.845,2022-10-22,주식회사 대경코리아,오육환,방금인,"경기도 고양시 일산동구 고봉로 26-14, 양우로데오랜드 A동 304호(장항동)",,96.836,자동염기서열분석기 정비 및 검교정,기관
미래 안보환경 대비 군사시설 보호업무 발전방향 연구,국군재정관리단,77014974.0,74.552,,해군사관학교 산학협력단,김태동,엄기숙,"충청남도 논산시 대학로 121, 건양대학교 산학협력단(내동)",77043706.0,,미래 GOP과학화경계시스템 구축방안에 대한 연구 용역,중앙행정기관
액체폭약류 친환경 비군사화 방안 연구,국방부(운영지원과),60582067.0,84.528,2019-11-05,,,,,60581759.0,84.523,IoT 기반 전군 공통 서비스 발전방향 연구,중앙행정기관
무인전투체계 발전방향 연구,제2879부대,6358126.0,94.354,2023-03-28,,,,,,94.361,V-C 체계간 연동기술 연구,중앙행정기관
방산기술보호 성숙도 모델 인증제도 추진방안 연구,육군인사사령부,55236540.0,,2019-08-26,,,,"인천광역시 중구 인중로 178, 제이엘타워 1001호(사동)",55231134.0,86.545,행정업무 간소화 개선방안 연구,군
22-해상기반 우주발사체계 개념 연구,제9691부대,172669760.0,64.85,2022-07-10,,,,,,64.848,기갑/기계화부대 중대급 교전훈련장비 2차 선행연구,중앙행정기관
주요 선진국의 획득제도 사례분석을 통한 시사점 연구,육군본부,60657308.0,,2018-08-01,(주)한신솔루션,한창모,윤정민,서울특별시 강동구 양재대로1377 (성내동 삼원빌딩 408호),,,CSRP 화생방 연구 자료 시약 구매,군
4차 산업혁명 주요기술 활용 안전관리 발전방안 연구,국군재정관리단,25936844.0,,,청주대학교산학협력단,곽재수,장미선,서울특별시 강남구 테헤란로77길11-19 (삼성동) EAN빌딩,25948585.0,95.089,00지역 실내공기질 개선 연구용역,중앙행정기관
최근 전력화 장비·물자 ILS 분석 및 개선방안 연구,제2879부대,148829100.0,84.72,2020-11-02,,,,서울특별시 강동구 양재대로1377 (성내동 삼원빌딩 408호),148817280.0,84.731,공개출처정보(OSINT) 활용 사이버위협 분석방안 연구,군
0000 00 체계 분석 자재 구매,국방부군사편찬연구소,142239090.0,86.679,2023-06-08,주식회사 웨더링크,서선숙,임경철,경기도 성남시 수정구 성남대로1210번길16-2 비01호(수진동),142163269.0,86.679,통일후육군구조(안)에대한 합참과 육군(안)에대한분석,중앙행정기관
조종사 인사관리방안 연구용역,해군군수사령부,,80.684,,주식회사 보람정보통신,이성로,심지민,"강원특별자치도 춘천시 서면 경춘로1517-23, NAB R&D큐브",23023875.0,80.676,민사분야 연구용역(2-1),중앙행정기관
민수용 드론의 비행기지 작전지원 활용방안 연구,국방부(운영지원과),22462124.0,,2019-07-16,,,,,,84.041,병영도서관 중장기 발전방안 연구,군
전투복 위장무늬  디자인 및 적용소재 연구용역,국군재정관리단,71277726.0,76.226,2019-04-27,주식회사 한국심리평가원,한민구,,충청남도 논산시 양촌면 황산벌로1040,71227752.0,76.23,사회공학기법과 사이버 작전과의 연계성 연구,국군재정관리단
정보통신부대의 조직발전방향 연구,국방부(운영지원과),102502434.0,93.743,,아주대학교 산학협력단,김진원,,"서울특별시 서대문구 거북골로 34, 명지대학교 본관 10층 11033호(남가좌동)",,93.737,18-수동소나의 합리적인 작전운용성능 설정방안 연구,군
KAAV-II 운용 및 요구사항 연구용역,제2879부대,5911583.0,89.613,,사단법인 안보경영연구원,전건욱,,"서울특별시 강남구 언주로527, 10층 (역삼동)",,,감염 및 외상분야 군의료 특성화 연구(2차),중앙행정기관
방위사업 교육포털시스템 ISP 수립 연구,방위사업청(운영지원과),21718438.0,,2019-04-13,,,남혜정,,,83.412,판매수수료 현실화 방안 연구용역,군
국외도입 군수품 품질확보 선진화 방안 연구,해군교육사령부,131197025.0,82.404,2019-08-11,사단법인 안보경영연구원,전건욱,,"서울특별시 용산구 청파로 40, 삼구빌딩 1815호(한강로3가)",131132701.0,,통합교육정보체계 고도화 개념연구 용역,군
음원수집장비 및 음원분석 워크스테이션 구매,국군의무사령부,321423699.0,,2020-09-06,숙명여자대학교산학협력단,김성빈,,서울특별시 노원구 공릉로 232서울과학기술대학교 테크노큐브 2층 산학협력단,321350196.0,88.601,24-방공관제 작전제한 해소 추가레이다 설치방안 연구,국군제1068부대
21년 의무장비(혈액가스 분석기 중형) 구매,공군본부,109433690.0,,2021-10-18,미소커뮤니케이션,김운용,이재광,"경기도 군포시 고산로148번길17-0, B동 1303호, 1304호, 1305호(당정동, 군포IT밸리)",109461186.0,110.366,추진장약 분석시험용 재료구매,국군재정관리단
00분석 대응활동 장비 구매,국군재정관리단,346114421.0,82.152,2023-05-11,태형상사주식회사,정영석,안기수,"대전광역시 유성구 테크노4로17, A동503호(대덕비즈센터)",,82.146,19년 분석용모델(3종) 유지보수(2018F125-G),국군재정관리단
19-2-00사 터널형 탄약고 신축 타당성 검토 연구 용역,제2879부대,75648466.0,,2017-01-22,고려대학교산학협력단,박래호,권시형,대전광역시 유성구 유성대로1646-0 (전민동),75614306.0,,자동전사시스템 연구 용역,기관
19년 발칸 추적훈련 분석기(제조),공군제17전투비행단,56796388.0,96.87,2023-09-11,(사)21세기군사연구소,엄현성,장재필,"서울특별시 금천구 가산디지털2로184, 10층 1017호(가산동, 벽산디지털밸리2차)",56754346.0,96.865,지형분석도 제작 재료 구매,중앙행정기관
복합재 항공기 구조물 구조건전성 해석기법 연구용역,공군군수사령부,,111.998,2020-10-07,사단법인 안보경영연구원,전건욱,,"서울특별시 강남구 언주로527, 10층 (역삼동)",62455643.0,112.008,해병대리더십교육성과측정체계개발연구용역,군
K21장갑차 조종수카메라 정비기술개발 연구용역,공군본부,,87.495,2020-02-16,(사)한국전략문제연구소,,,,127107180.0,,AI유무인 복합체계 활용 방안 연구,중앙행정기관
2017 PACC & PAMS 연구용역,국방부(운영지원과),46347094.0,,2021-12-27,사단법인 안보경영연구원,박정기,,"서울특별시 강남구 언주로527, 10층 (역삼동)",,,중고도정찰용 무인항공기 시설사업 선행연구,중앙행정기관
군 급식 피복류 조달이관 성과분석 연구,국군재정관리단,130116653.0,99.56,2022-10-01,(주)싸이버텍,박진호,장미선,경상남도 거제시 거제대로3370 (아주동),130104970.0,99.568,군의료 특성화 연구용역(말라리아 발생 예측연구),중앙행정기관
23-중.장기 공군 군수정책 발전방향 연구 용역,제9691부대,639812.0,98.651,,(유)목양,정창호,정지상,"충청북도 청주시 서원구 사직대로164번길9, 401(사창동)",638963.0,98.645,군 주거시설 개선 연구용역,중앙행정기관
24 군의료 특성화 연구(군 헬기 환자 이송 현황 분석),육군 제3808부대,96040135.0,117.294,2020-03-29,서울대학교 산학협력단,정병훈,이상규,대전광역시 동구 대학로62-0 (용운동),95892428.0,117.297,K21장갑차 조종수카메라 정비기술개발 연구용역,군
T-50 캐노피 고정 구성품 내구성 시험 연구,국방부(운영지원과),117649218.0,,,(사)21세기군사연구소,서종대,이기영,서울특별시 노원구 화랑로574-0 (공릉동),,95.431,(237095-C) 연구활동 재료(초자) 구매,중앙행정기관
군 급식제도의 시스템 개선을 위한 연구,제9691부대,153290975.0,77.119,2017-10-24,,,,,153361523.0,77.127,CH/HH-47D 성능개량 시설사업기본계획 연구용역,군
23-2차 연구의무물자(BL3 수거함 등 4종) 구매,국방대학교,325375704.0,,,,,박병희,,,78.139,16년 정보분석지원체계 유지보수 용역,군
00포대 주변지역 토양오염 원인조사 연구용역,제3697부대,96882164.0,89.771,,단국대학교 산학협력단,김운용,임소망,"충청남도 논산시 대학로 121, 건양대학교 산학협력단(내동)",96865674.0,89.769,공기조화계통(HAVC) 성능개선 방안 연구 용역,국군재정관리단
의무장비-혈액가스분석기 중형 구매,육군군수사령부,,,2019-04-20,경안이엔지(주),김동준,김영중,"대전광역시 서구 대덕대로319, 2층 212호(월평동, 우림빌딩)",208112881.0,84.914,특수전지원함 등 2종 사업분석,국군재정관리단
2017 PACC & PAMS 연구용역,국방부조사본부,2216015.0,97.413,2016-11-09,(사)한국전략문제연구소,,,,2213915.0,97.414,군사시설 주변지역 지원방안 연구,중앙행정기관
23-D-액체질량분석기 구매,국군의무사령부,,,2023-07-28,새롬상사,조명지,김종훈,경상남도 김해시 수가로242-9(응달동),,,(236351-C) 무기체계 운영환경 동적분석 장비 도입,합동상호운용성기술센터
(227239-B) 악성코드 수집분석체계 라이선스 구매,국군지휘통신사령부,,86.099,2022-06-26,주식회사 엘씨케이테크놀로지스,고윤안,이상규,"경기도 군포시 고산로148번길17-0, B동 1303호, 1304호, 1305호(당정동, 군포IT밸리)",740152216.0,86.093,(227321-C) 네트워크 위협분석시스템 구매(리스물건),국군재정관리단
공군 수송기 전력 최적화 방안 연구용역,국방부(운영지원과),292141776.0,96.121,2022-04-20,목포해양대학교 산학협력단,김운용,이상규,서울특별시 성북구 삼선교로16길116-0 (삼선동2가),292023513.0,96.113,통일후육군구조(안)에대한 합참과 육군(안)에대한분석,중앙행정기관
21년 병참선 제원 및 수송기술 연구용역,국방전산정보원,,94.98,2020-04-20,,,,,,94.983,조종사 피로관리 프로그램 개발 연구용역,기관
병영도서관 중장기 발전방안 연구,국군재정관리단,168634153.0,85.239,2022-01-25,사단법인 안보경영연구원,,,,168622993.0,85.236,공군기지 무선통신 기반구축 및 운영향상 방안 연구,합동상호운용성기술센터
국방로봇 운용을 위한 법/제도 개정 및 인증제도 연구,방위사업청(운영지원과),170223605.0,79.043,2019-03-26,재단법인 한국군사문제연구원,김형철,,"경기도 성남시 수정구 위례대로83(창곡동, 국방문화센터)",170253336.0,,함 탑재용 무인항공기 선행연구,중앙행정기관
25년도 안보정세전망 연구용역,합동참모본부,256590683.0,,2022-06-05,군수.획득연구소,김석용,이다인,"서울특별시 영등포구 영등포로150,A동 L152호,1304호~1313호",256466818.0,86.997,미래 해양강군 해군비전 2045개정 방향 연구,군
00기지 항공유 저장탱크 신·증축 선행연구,제3707부대,,77.753,2023-09-26,광운대학교산학협력단,,박계향,"서울특별시 금천구 가산디지털2로184, 1017호(가산동, 벽산.경인디지털밸리2)",58286183.0,77.75,정기기초연구과제연구용역(4.국방우주학의이론..),국군재정관리단
집중정신전력교육 프로그램 개발 연구용역,국군재정관리단,,,,,,,,,101.381,함정 GPS 함속력계 신호 변환 장치 개발 연구용역,군
군사시설 타운화 개념의 부대 재배치 방안 연구,육군교육사령부,34262722.0,80.518,2018-06-01,한국여성정책연구원,도정화,김영수,서울특별시 서대문구 충정로53-0 (충정로2가) 골든타워빌딩 1701호,34249445.0,,가상현실 및 증강현실 기술적용 방안 연구,중앙행정기관
전투실험 발전 연구용역 세미나 및 책자발간 용역,육군본부,,98.488,,,권시형,,"서울특별시 용산구 한강대로62길41, 3층 (한강로1가)",264821055.0,98.484,고성능탄두 기술적용 전투수행개념 연구 용역,국군수도병원
00작전 효과 및 능력 구축방안 연구 용역,국군의무사령부,,106.586,2017-04-20,사단법인 미래안보산업전략연구원,김재영,,충청남도 논산시 양촌면 황산벌로1040,64482824.0,106.589,2020년 범국민 안보의식조사 연구 용역,기관
군 의사결정 지원을 위한 빅데이터 활용방안 연구용역,국군재정관리단,134398478.0,76.266,2020-07-31,,,,"서울특별시 송파구 법원로127-0 (문정동,대명벨리온)1117,1118호",,,ISR 자산의 효율적 통합 운용방안 연구,군
항공교통 업무 수행 및 공역체계 개선 방안 연구,해군본부,,97.034,,,,황병윤,,,97.035,국방시설 전력소비 수용률 기준 연구용역,중앙행정기관
지하침투 감시장비 선행연구 용역,육군인사사령부,788728399.0,86.945,,정보기술감리원 주식회사,홍광표,,"서울특별시 동대문구 고미술로 100, 송화빌딩 303호(답십리동)",788558205.0,86.941,항공우주력 건설 전투발전전략 연구용역,국군재정관리단
차세대 인터넷쇼핑몰 구축 정보전략계획 연구용역,해군본부,,,2016-11-16,호원대학교 산학협력단,김진욱,노민택,"충청남도 논산시 대학로 121, 건양대학교 산학협력단(내동)",4222400.0,82.88,신분별 직무분석을 통한 적정 계급구조 연구,군
국방 사이버보안 종합발전 전략 연구,육군교육사령부,4559287.0,72.538,2023-03-12,서울과학기술대학교 산학협력단,안인수,진보라,경기도 구리시 갈매순환로166번길45 (갈매동) 구리갈매아너시티S811,4562540.0,,국방 연구개발 법제 개선 연구,중앙행정기관
전술정찰정보수집체계 경미한 성능개량 사업분석,국방부(운영지원과),,92.193,2024-01-16,서울대학교 산학협력단,김용주,이정현,"서울특별시 마포구 서강로136-0 (노고산동, 아이비타워) 5층",55182009.0,92.191,21-375 분석기  주파수편이용 등 1품목,국군재정관리단
(20F088-A)소음영향도 작성을위한 소음측정및분석용역,해군본부,111642578.0,,,고신대학교 산학협력단,정태윤,박계향,충청북도 청주시 서원구 남이면 양촌2길10-1,111570321.0,,20년대 이후 북한 및 잠재적 위협의 변화 전망분석,중앙행정기관
공군 이러닝 무선기반체계 고도화 방안 연구 용역,합동상호운용성기술센터,,89.826,,(재)한국화학융합시험연구원,김진욱,이혜진,대전광역시 유성구 죽동로157-0 (죽동),34842441.0,89.83,K1A2 전장관리신호처리기 시험장비개발 연구용역,중앙행정기관
[24-육-85] 무기체계별 EMP방호기술 적용방안 연구,국군재정관리단,137298629.0,,2022-02-15,주식회사 쏠바이오텍,박홍련,김연,"경기도 성남시 수정구 복정로84번길 22-15,(B-001호) (복정동)",137350371.0,77.949,차년도 안보정세전망 연구 용역,국군재정관리단
00부대 정보체계 취약점 분석 시스템 구매,방위사업청(운영지원과),579244782.0,84.717,2021-10-26,주식회사  인섹시큐리티,김한희,이정현,"서울특별시 금천구 가산디지털1로1-0 (가산동, 더루벤스밸리) 1208호",579232453.0,84.71,(227135-E)디지털포렌식 조사분석도구 구매,중앙행정기관
수질분석기 등 2종 구매,국군복지단,475049136.0,,2022-02-02,,,,,474964764.0,92.03,대잠훈련분석체계(AEAS) 유지보수 용역,군
항공우주력 국제학술회의 연구용역,육군교육사령부,157063071.0,75.636,2018-08-09,세종대학교산학협력단,최권석,조노희,경상남도 진주시 소호로101-0 (충무공동),,,국방규격에서 인용 중인 폐지된 KS 제정 연구,군
ICBM 기반 통합 시설물관리체계 구축 개념 연구용역,제2879부대,,80.985,2018-01-19,,,,,77542222.0,,SUPPRESSED,중앙행정기관
대대급이하 전투지휘체계(B2CS) 양산사업 비용분석,국방부군사편찬연구소,,,,안전성평가솔루션 주식회사,이승기,이화주,"경기도 군포시 고산로148번길17-0, B동 1303호, 1304호, 1305호(당정동, 군포IT밸리)",193112907.0,88.521,24년 기상레이다 적정 경제수명 산출 연구,군
21세기형 선진해군문화 연구,육군정보통신학교,372452969.0,,,사단법인 씨알리더십연구원,김지현,이창환,서울특별시 중구 무교로16(무교동),,78.415,안보학술진흥연구용역(3.국내안보환경분석또는),기관
군사사연구총서 용역 계약,국방부(운영지원과),383021134.0,80.321,,세종대학교산학협력단,김주희,,대전광역시 유성구 유성대로1646-0 (전민동),382937243.0,80.327,무기체계 개발시험평가 역할 재정립에 관한 연구,군
19-TSCE 기반 함정 체계통합방안 연구 용역,방위사업청(운영지원과),,84.527,2023-08-31,주식회사 에스알씨,김유혁,조대현,"서울특별시 서초구 서초중앙로 69, 르네상스오피스텔 1406호(서초동)",,,미래 예비전력 정예화를 위한 동원개념 재설계 연구,군
전파환경측정 분석장비 유지보수,공군군수사령부,205736451.0,91.747,,(주)네오플러스,서태일,서유림,제주특별자치도 제주시 첨단로251 (영평동),,91.74,0000 00 체계 분석 자재 구매,제20전투비행단
