입찰공고명,공고기관명,최종낙찰금액,최종낙찰율,최종낙찰일자,최종낙찰업체명,최종낙찰업체대표자명,최종낙찰업체담당자명,최종낙찰업체주소,최종낙찰금액_num,낙찰율_num,연구주제,기관_상위
미래 예비군 제도를 대비한 예비군 개념 정립 연구,해군본부,,87.9247,2023-02-14,천두기업,전건욱,장철호,서울특별시 영등포구 경인로763-0 (문래동3가) 제9호,91951773.0,87.4546,4차 산업혁명과 항공우주력 발전 패러다임 변화 연구,군
[24-육-84] 탄약부대 경계병력 민간전환 선결 연구,공군작사근무지원단,,,2021-09-08,주식회사 유니텍,김동국,이여정,서울특별시 동작구 여의대방로36길92(대방동),66175292.0,89.0093,항공용금속재료 가공방법별 기계적물성치측정방안연구,제2879부대
중금속 가열분석기 1항목 구매(물품),해군본부,45526156.0,61.1646,2023-02-26,제이에스전자,신인균,정기쁨,,99011823.0,92.8691,안보학술연구용역(2. 국제안보환경과),중앙행정기관
군 어린이집 운영 발전방안 연구,국군재정관리단,96297846.0,87.6757,,세종대학교산학협력단,전건욱,,,,83.7426,중합염기서열분석기 구매,중앙행정기관
분석기(비행조종계통 점검용)외1종 구매(16-38),해군군수사령부,,94.9854,,(사)21세기군사연구소,한영석,김영원,"경기도 용인시 처인구 모현읍 외대로25번길12-26 (라인빌리지), 201동 302호",,87.3993,2017 서울안보대화 프로그램 기획 및 발전방안 연구,국군재정관리단
(247158-F) 스펙트럼 분석기 등 3종 구매,제3170부대,117674975.0,,,법무법인 집현전,유흥배,최명식,"서울특별시 성동구 왕십리로 222, 한양대학교 내 한양종합기술연구원 110호(행당동)",185359277.0,87.4567,무전기 전면판 회로카드 시험장비 개발 연구용역,군
국내개발 항공기 성능개량 및 관리방안 연구용역,합동상호운용성기술센터,71243960.0,,2019-03-22,오릭스캐피탈코리아(주),이관섭,조동원,서울특별시 노원구 화랑로574-0 (공릉동),162365261.0,,디지털 혁신시대 SW개발역량 강화방안 연구용역,중앙행정기관
방위사업 국제공동연구개발 가이드라인 연구,공군군수사령부,,,,(주)에프오알엠도시건축공간연구소,김종하,송하봉,서울특별시 서초구 서운로1길34-0 (서초동),41004663.0,53.0837,2018년 항공관제 분석체계 유지보수 용역,국군재정관리단
해병대 산소분석기 4개 구매,국군대전병원,290990776.0,47.3553,2018-06-10,사단법인군사정보발전연구소,이정웅,김정자,경기도 고양시 덕양구 권율대로656-0 (원흥동) 17층 1739호,155572226.0,94.5534,헬기 연료노즐 야전 정비장비 개발 연구용역,제20전투비행단
(21F166-I)「스마트 물류」정책연구 용역,제9691부대,128741484.0,,,사단법인 안보경영연구원,김진욱,이다인,"서울특별시 송파구 법원로11길25-0, A동 1310호(문정동, 에이치비즈니스파크)",64703270.0,92.4284,재투자 의무장비 구매(1차) - 요분석기,중앙행정기관
22-작전지휘시설 신축 분석평가 및 선행연구 용역,공군본부,,,2020-10-17,한국항공대학교 산학협력단,전건욱,,"서울특별시 강남구 강남대로62길24-0 (역삼동,해송빌딩)3층",,87.7275,운용함정 손상대응 훈련 시나리오 연구 용역,제2879부대
상층대기분석장비 유지보수,국군수도병원,33769078.0,63.2753,2020-06-27,(주)씨엠코리아,김영국,우지민,대전광역시 유성구 테크노2로66-6 (관평동),66953532.0,93.2591,연구개발 부품[캐피시터등50종1655점 구매],군
기술연구 환경구축 사업 리스,해군본부,16705847.0,88.5466,2020-05-27,,,,,,85.5877,(207146-F)디지털포렌식 분석장비 도입,국군재정관리단
군 의사결정 지원을 위한 빅데이터 활용방안 연구용역,국군의무사령부,,,,매쉬미디어(주),최창식,김지영,서울특별시 영등포구 여의대방로43나길20-0 (신길동),118423314.0,87.3955,함정 총수명주기 고려 탑재장비 획득방안 연구 용역,중앙행정기관
21 분석기 주파수편이용 1종 구매,국방부(운영지원과),38450034.0,88.0772,2021-08-20,씨엠티정보통신(주),민정식,신명화,서울특별시 서초구 서초동1432-13 202,686193810.0,93.1548,19-12차(3) 의무장비 혈액가스분석기 소형 구매,중앙행정기관
국방 비밀관리시스템 연동표준 개념연구,공군본부,147123318.0,79.7239,2023-05-01,,조민구,이도제,충청남도 천안시 동남구 풍세로303-0,,87.4182,전투실험 중장기 종합발전계획 연구용역,기관
전인교육 설문지 개발 및 활용성 증대 방안 연구,해군본부,23212733.0,79.5294,2018-07-21,디와이아이앤씨주식회사,권선애,박은정,"서울특별시 금천구 가산디지털1로5, 대륭테크노타운 20차 1934호",,87.976,공군 리더십 교육프로그램 개발 연구용역,국군재정관리단
군용비행장 소음측정 및 분석용역(해),국방부(운영지원과),,87.8629,2017-10-24,,김지찬,황순용,,,87.5346,인공지능을 활용한 사이버위협 탐지기술 연구용역,국군재정관리단
화학위험물질 및 방사선 탐지  분석용 드론제조,육군본부,101405225.0,87.7326,,주식회사 메디시온,최인숙,조영진,"대전광역시 유성구 죽동로297번길68 (죽동) CNU프라자  701,702호",,,소규모 정보체계 개발방법론 연구,중앙행정기관
통섭형 인재 육성을 위한 직무순환 방안 연구 용역,육군교육사령부,,88.0844,,엠에스동민특수가스(주),서용석,이진선,"서울특별시 서초구 방배천로155, 유청빌딩 3층(방배동 821-8)",,88.1279,육군내 기술연구소 신설방안 연구 용역,기관
미래 육군의 우주분야 활용방안 연구 용역,육군본부,,88.5853,2019-02-01,(재)한국해양전략연구소,최동양,박병희,"서울특별시 용산구 청파로 40, 삼구빌딩 1815호(한강로3가)",87150433.0,87.5216,연구장비확보(냉방장치),국군제1068부대
승선근무예비역의 병역제도 발전 방안 연구 용역,공군본부,37029178.0,,2018-05-05,재단법인 한국기계전기전자시험연구원,이명식,,"인천광역시 남동구 인주대로591번길64, 410호(구월동, 타원벨라움)",43237150.0,87.3678,정보통신부대의 조직발전방향 연구,기관
시험평가 인프라 구축 확대 및 종합 관리 방안 연구,국방부(운영지원과),38170478.0,,2020-04-21,서울과학기술대학교 산학협력단,홍영기,박은숙,,,87.4975,24년 군 주거시설 개선사업 선행연구(24-GD-51),중앙행정기관
(216323-C) 네트워크 위협 분석체계 구축사업,제9965부대,32445524.0,95.6379,2020-08-19,청주대학교산학협력단,오정환,이민혜,전라북도 전주시 완산구 장승배기로263 (평화동1가),,85.802,21-해군 재료분석기 구매,중앙행정기관
국방개혁과 연계한 예비군법 발전방안 연구,공군사관학교,44555616.0,79.8541,2023-02-07,주식회사 엘티에스,민광기,,"경기도 광명시 사성로103번길14 (철산동, 광복현대아파트)106-508",76672663.0,,침낭 품질개선 선행연구 용역,국군재정관리단
항공작전기지 계류공간의 효육적 활용방안 표본연구,합동상호운용성기술센터,116509092.0,93.8363,2020-05-31,중앙대학교 산학협력단,이우희,전세희,"서울특별시 은평구 진흥로 225,(불광동)",68497505.0,79.5636,화생방 방호물자 적정방호 수준 연구,제2879부대
분석기(비행조종계통 점검용)외1종 구매(16-38),국군의무사령부,,,2023-09-06,영현정보통신(주),박장권,이다정,부산광역시 동래구 여고로63번길86-0 (사직동) 1층,659667344.0,,인공지능을 적용한 군사드론의 체계 연구,국군재정관리단
월간지(안보현안분석  린사포럼) 인쇄 용역,국군의무사령부,,88.0437,2017-09-14,,,,충청북도 청주시 청원구 율봉로159번길73-1 (율량동),208304679.0,87.273,함정 도면관리를 위한 SW개발 연구용역,합동참모본부
공개출처정보(OSINT) 활용 사이버위협 분석방안 연구,국군제1068부대,32585650.0,94.5874,2022-11-13,육군사관학교 산학협력단,임숙희,박동순,서울특별시 금천구 가산디지털1로171-0 (가산동) 가산SK V1 센터 1505호,,87.8268,19년 항공관제 분석체계 유지보수 용역,중앙행정기관
24년 간부 파트너십 교육프로그램 개발 연구 용역,육군본부,17069079.0,95.2879,2023-02-08,(주)아인스에스엔씨,박정기,박계향,"서울특별시 영등포구 경인로775, 2동 1201-17호(문래동3가, 에이스하이테크시티)",,83.9117,SUPPRESSED,국군재정관리단
확산탄에 의한 활주로 피해양상 연구용역,제3707부대,291413012.0,95.9751,2018-08-03,와이와이,이형민,문우정,서울특별시 용산구 한강대로46길25-0 (한강로2가) 401호,543772372.0,85.6263,방산수출 진흥을 위한 보호법령 정비방안 연구,중앙행정기관
00부대 정보체계 취약점 분석 도구 구매,국군재정관리단,139250022.0,,,건양대학교 산학협력단,전건욱,이미란,충청북도 청주시 서원구 남이면 남석로326,,87.4249,군수품 수송용 드론 선행연구 용역,군
소형무인기의 획득 및 운용을 위한 총수명주기 분석,해군본부,,,2016-02-03,주식회사 사이버앤네트워크연구원,안상희,정수민,서울특별시 영등포구 여의공원로 101(여의도동),59658859.0,,24년 국한문 혼용 공군 역사서 한글화 연구용역,중앙행정기관
작전지휘시설 신축 선행연구용역,공군군수사령부,151004008.0,,,,,,,204965157.0,87.317,00기지 환경개선 사업 분석평가 및 선행연구 용역,군
민군 협력을 통한 상호가치 창출 활성화 방안 연구,국군재정관리단,52730551.0,88.1004,2021-02-28,한국교통대학교산학협력단,김한욱,김소미,"서울특별시 금천구 가산디지털1로5, 대륭테크노타운 20차 1934호",,87.6264,22-7차 연구장비 구매 계약 - 멸균소독기 소형,국군재정관리단
(23F225-I)지형분석 S/W(Arc GIS) 교체사업 금융리스,국방부(운영지원과),61850380.0,,2023-11-17,배재대학교 산학협력단,최진식,권시형,경상남도 진주시 동진로420 (충무공동),75260060.0,,21-공-회로분석기 구매,중앙행정기관
군 급식 민간위탁 시범사업 성과분석 연구,육군본부,7950170.0,,,(사)한국안보문제연구소,박정기,박미영,"서울특별시 강남구 언주로527, 10층 (역삼동)",76715538.0,87.5263,드론봇 및 대드론체계 전력화추진 Master-Plan 연구,기관
군용 무인기 사업의 안전계수 적용 적정성 연구,공군군수사령부,,80.5971,2018-05-12,(주)휴먼이퀘이션,전건욱,이재평,"경상남도 창원시 진해구 중원로1-0 (남빈동, 해군사관학교내)",136700199.0,92.4292,19년 육군M&S센터 전문분석관 운용 용역(2019F014-I),국군재정관리단
UH-60 휠제동용 유압장치 시험장비 개발 연구용역,국방부,31242839.0,89.051,2019-03-27,주식회사 지노스,맹주수,엄기숙,"전라북도 군산시 임피면 호원대3길 64,",45654573.0,,해군수병 역량강화 프로그램 추진 연구용역,중앙행정기관
화학작용제 자동분석기 MM-1 외주정비,육군본부,,,2017-09-21,아이티 월드,박문희,장재필,"경기도 성남시 분당구 탄천상로164, A동 2층 247호(구미동, 시그마2오피스텔)",118712888.0,85.3487,SIEM을 활용한 사이버 침해 경로 도출방안 연구,중앙행정기관
대형 국외구매사업의 합리적 기종결정방안 연구,국군제1068부대,,88.247,2016-01-19,기관상사,염진수,기민경,"서울특별시 서초구 서운로 226, 서초오피스텔 404호(서초동)",184155685.0,,24-미래 한국공군 훈련기 성능 및 적정 규모 연구,국군재정관리단
미래 육군비행장 발전계획 검증 연구 용역,국군재정관리단,47949784.0,61.2612,2021-08-12,한국과학기술원,한민구,조길래,"서울특별시 서대문구 경기대로47, 307호(충정로2가)",95292503.0,87.1735,공중항적 영상식별체계 확보 연구용역,국군재정관리단
첨단과학기술의 군 활용성 제고 발전방안 연구용역,공군군수사령부,,90.8188,2020-10-13,한양대학교 산학협력단,홍문기,권호영,경기도 김포시 월곶면 김포대로2708-37,,88.1883,군 C4I체계 보호방안 연구 용역,군
KAAV RCWS/KAAV-Ⅱ총수명주기 비용에 관한 연구용역,제9691부대,54626182.0,87.698,,,,,서울특별시 강서구 양천로401 (가양동) 강서한강자이타워 B동1503~1506호,,,KAAV RCWS/KAAV-Ⅱ총수명주기 비용에 관한 연구용역,군
잠재적 미사일 위협대비 워게임 활용방안 등 연구,공군군수사령부,35615036.0,,2020-03-26,나우통상,,최동양,,,87.8668,21-해군 재료분석기 구매,4284부대
상륙기동헬기 성능개량 소요 분석 연구용역,해군군수사령부,35746586.0,82.0567,2018-01-16,사단법인 대한민국 육군발전협회,반상우,,"서울특별시 용산구 한강대로62길41, 3층 (한강로1가)",70056584.0,55.0839,ISR 자산의 효율적 통합 운용방안 연구,기관
22년 의무장비(자동분석기 생화학용 중형) 구매,국군재정관리단,0.0,,,주식회사 삼원산업,윤영현,장혜민,"서울특별시 성북구 화랑로76, 제3층 307호(하월곡동,코업스타클래스)",75959000.0,87.5336,승선근무예비역의 병역제도 발전 방안 연구 용역,군
우주 무기체계의 최적 보험 가입 방안 연구,국방부군사편찬연구소,152134058.0,,2016-06-23,(사)국방시설연구협회,김승준,김한욱,"서울특별시 구로구 디지털로34길55, 1008호 (구로동, 코오롱싸이언스밸리2차)",84029453.0,87.5763,인사교육장교 경력관리 개선을 위한 연구용역,국군재정관리단
전차 조준선 정렬 시스템 개발 연구용역,국군재정관리단,137338565.0,87.8743,,,손영일,이현정,,97577745.0,87.3423,2019년 범국민 안보의식조사 연구 용역,국군재정관리단
000사업 핸드형 네트워크 분석기 구매,국군재정관리단,57335487.0,95.3866,2021-11-10,주식회사 사이버앤네트워크연구원,이정화,김민재,"서울특별시 중구 세종대로39, 대한상공회의소 6층(남대문로4가)",99122614.0,91.7223,ㅇㅇ분석 대응활동장비 구매,중앙행정기관
미래 해양강군 해군비전 2045개정 방향 연구,국군대전병원,40551606.0,,,광운대학교산학협력단,곽민수,이경생,"서울특별시 성북구 정릉로161 6층(정릉동, 정의관)",182883205.0,88.7185,22-수중광통신의 군사적 활용방안 및 운용효과 분석,제20전투비행단
16-인성교육프로그램 등 연구 용역 계약,국방전산정보원,101881470.0,,2023-06-28,와이에스컴퍼니,최규식,,"서울특별시 송파구 중대로 135, 아이티벤처타워 동관 16층 1601(가락동)",54868098.0,54.1687,국방 무인로봇 시험평가 적용방안 연구,기관
빅데이터 분석서버 증설 사업(GPU SSD 메모리)-리스,해군본부,104544545.0,87.4362,2016-10-05,주식회사 유노미아,박미영,김보경,충청북도 청주시 흥덕구 비하로59-2 (비하동),84711096.0,92.2223,20년 수송기술병참선 제원 연구용역,군
18년 해군 전자정보 종합분석체계 개발사업,국방부(운영지원과),,,2017-06-17,선테크 주식회사,김자이,안혜경,"서울특별시 서초구 방배로27길12-0 (방배동), 201호",77240992.0,85.9369,4차 산업혁명과 연계한 미래 물자동원방안 연구,국군재정관리단
IoT 기반 전군 공통 서비스 발전방향 연구,합동참모본부,34744040.0,87.9571,,해군사관학교 산학협력단,김경호,,,94775677.0,87.6012,항공전력 도입을 고려한 효율적 운용방안 연구용역,중앙행정기관
프로그램 단위 성과관리를 위한 성과지표 연구,제2879부대,,,2020-12-30,유더블유티,박준홍,명승배,"서울특별시 서초구 서초대로1길17, 2층 226호(방배동)",69743886.0,89.0567,민·군용헬기 감항인증 상호 교차인정 적용방안 연구,제9965부대
의료기재(금연구역 표지판 등 85종)구매,육군공병학교,432807293.0,76.7186,2017-10-21,숭실대학교 산학협력단,임영갑,이경미,서울특별시 송파구 법원로8길9 (문정동) 10층,177320422.0,,재투자 의무장비 구매(1차) - 요분석기,군
2018년 범국민 안보의식조사 연구 용역,국방대학교,155635401.0,,2020-12-02,주식회사 휴콤,김영국,전승열,"서울특별시 강남구 테헤란로520, 2층(대치동, 삼안빌딩)",,,24년 국방민원서비스 만족도 조사 연구,중앙행정기관
물류운영체계 개선 연구용역(21J040-B),국방부(운영지원과),47442568.0,,2017-11-23,한서대학교 산학협력단,박종진,정주교,세종특별자치시  반곡동 시청대로370 세종국책연구단지 B동(과학.인프라동) 8-11층,189229672.0,86.3384,전파환경측정 분석장비 유지보수,중앙행정기관
17년 전시자원소요분석모델 장비 교체사업,국군재정관리단,,88.19,,,정주교,손보연,,88766969.0,,정책연구 과제(화생방),기관
DNA정량분석기 등 7항목 구매(의무),제9691부대,,,,(주)한진이엔아이,박정기,조종열,충청남도 논산시 양촌면 황산벌로1040,,,국방분야 신뢰할 수 있는 AI 기반조성 연구,중앙행정기관
전투체계 현장정비센터 운용 효율화 방안 연구,국방부(운영지원과),114953607.0,,2017-04-24,주식회사 지니클라우드,한민구,김원섭,"서울특별시 용산구 청파로47길 100, 숙명여자대학교내(청파동2가)",203066653.0,,16-'17년 대잠작전효과분석모델 성능개선 용역,군
무기체계 RAM 시험평가의 효율적 수행방안 연구,국군재정관리단,115853316.0,87.1239,,덕산넵코어스 주식회사,,박연선,"경기도 군포시 고산로148번길17-0, B동 1303호, 1304호, 1305호(당정동, 군포IT밸리)",189112767.0,87.4945,해성-I 유도탄 창정비요소개발 비용분석 연구,국군수도병원
공지통신무전기 및 함대공유도탄-II 사업 비용분석,공군군수사령부,147099086.0,92.1688,2020-04-07,,,박계향,"서울특별시 강남구 언주로527, 10층 (역삼동)",119069581.0,87.3607,22-해병대 병영문화혁신 외부 연구용역,중앙행정기관
안보학술진흥연구용역(3.국내안보환경분석또는),4284부대,27991827.0,93.6364,2023-01-05,주식회사 에코비투,윤영현,임혜정,"경기도 부천시 원미구 중동로254번길28-0 (중동, 메트로펠리스3)",82806084.0,85.4444,부대재배치 선행연구 용역(2019F065-B),중앙행정기관
17년 비용분석모델(PRICE) 유지보수 용역,국군재정관리단,42392496.0,88.0107,,와이파이컴퍼니,,김성훈,경기도 김포시 대곶면 송마로52번길61-66,491753028.0,87.4559,수치해석을통한폭발하중받는강재구조물의거동분석용역,국군재정관리단
AI 작전운용성능 설정기준 표준화 연구,공군교육사령부,176438794.0,83.8023,,(주)인콘,이재숙,이민행,경기도 동두천시 벌마들로24-0 (상패동),,65.8054,상륙공격헬기 체계운용요구 및 PBL 적용방안 연구용역,중앙행정기관
창군 100주년 준비 차기 공군 비전서(書) 작성 연구,제9691부대,23640245.0,93.429,2021-08-27,버프프로덕션,권민정,한달연,,,87.5748,합동작전분석모델-Ⅱ 탐색개발,제9691부대
인터넷접속/전자우편 통제 및 분석체계 교체사업,해군본부,95157542.0,94.8819,2021-03-14,웰스,김수상,박재형,광주광역시 서구 상무대로956번길25-0 (쌍촌동),103269360.0,87.3772,극초음속 비행체 대응 미사일방어체계 확보방안 연구,국군재정관리단
대형 후속사업 추진시 기종결정 평가항목 연구,제9691부대,,88.1106,2018-01-24,,,고미희,"서울특별시 송파구 법원로11길25-0, A동 1310호(문정동, 에이치비즈니스파크)",,87.6315,EMP방호 개선방안 연구,중앙행정기관
정보시스템 성능향상을 위한 GPU기술 응용방안 연구,국군재정관리단,,,2018-06-27,(주)레이다앤스페이스,이희우,정우철,충청북도 청주시 흥덕구 비하로59-2 (비하동),87533556.0,87.4582,효율적 획득업무 수행을 위한 WBS 표준화 연구,중앙행정기관
원가산정 체계의 AI 도입을 위한 개념 연구,국군의무사령부,35627847.0,93.7165,,에이치앤주식회사,유진경,정아름,부산광역시 동구 중앙대로286번길9-0 (초량동) 306호,88770244.0,87.4424,다목적 제설장비 운용기준 재정립 및 대체방안 연구,중앙행정기관
최근 전력화 장비·물자 ILS 분석 및 개선방안 연구,방위사업청(운영지원과),23828117.0,87.1382,2017-04-01,국방대학교산학협력단,전건욱,정택주,경기도 시흥시 경기과기대로269(정왕동),97526640.0,,22-6차 연구장비 구매 계약 - 시약 및 약품냉장고,중앙행정기관
군 암호체계 분석보호시스템 분석도구 구매,국군간호사관학교,39038284.0,,,주식회사 콤텍정보통신,안기수,김우중,"인천광역시 부평구 충선로73번길23-0 (부개동, 시티하우스2동)",35749529.0,88.1833,이동형장거리레이더 시설사업기본계획 연구용역,제9691부대
적 사이버공격 의도분석 지표개발 및 평가방안 연구,공군사관학교,,83.7626,,성균관대학교 산학협력단,한창모,이준직,"인천광역시 남동구 인주대로591번길64, 410호(구월동, 타원벨라움)",383169223.0,99.4535,18-미래 해상 무인/자율무기체계 개발방향 연구,제9227부대
(21G085-H)'22년 스펙트럼 측정분석장비 유지보수용역,국군재정관리단,,87.9153,2020-04-08,,,,,218588878.0,,군비행장 자동소음측정망 운용체계 구축방안 연구,중앙행정기관
주변국 무기체계 운영개념 및 제원 연구,육군본부,47415154.0,,,사단법인 미래안보산업전략연구원,김진욱,진수빈,"서울특별시 금천구 가산디지털2로184, 10층 1017호(가산동, 벽산디지털밸리2차)",,84.2738,한미동맹과 비군사적 협력 연구용역,중앙행정기관
동서지형의 차이를 고려한 부대 및 전력구조 연구용역,국군재정관리단,148199141.0,92.7342,2016-02-08,건국대학교 산학협력단,김지영,김지훈,"서울특별시 금천구 가산디지털2로184, 10층 1017호(가산동, 벽산디지털밸리2차)",91573972.0,87.3607,KAAV RCWS/KAAV-Ⅱ총수명주기 비용에 관한 연구용역,중앙행정기관
장비 적정수명 결정요인 선정 및 결정방법연구,국방전산정보원,,,2021-12-05,아주대학교 산학협력단,권시형,,,511858836.0,,23년 혈액가스 및 전해질분석기 구매,군
(217044-B) 21년 의무장비(요분석기) 구매,국군재정관리단,,87.7336,2022-07-07,,박종선,박진호,"서울특별시 송파구 법원로11길25-0, A동 1310호(문정동, 에이치비즈니스파크)",80221194.0,,무기체계 공급망 관리(SCM) 최적화 프로세스 연구,중앙행정기관
17년 모바일 분석체계 성능개선 사업,방위사업청(운영지원과),132276567.0,87.6433,,에스앤에스이앤지 주식회사,김주희,양삼근,"세종특별자치시  조치원읍 번영1길46, 301호, 302호",,87.4591,24-성남시 고도제한 완화요구 공공갈등 관리방안 연구,군
공무직근로자 등 임금체계실태조사 및 고용환경 분석,방위사업청(운영지원과),140298397.0,95.6448,2023-06-27,주식회사 조인트리,고찬갑,김소연,경상남도 진주시 소호로101-0 (충무공동),170112360.0,,전투실험 연구용역,제3170부대
민 군 통합 수송운영체계 구축 수송물류 비용분석,합동참모본부,54132111.0,80.2125,2016-01-06,주식회사 케이티에이,김상인,최승룡,경기도 광주시 중앙로200-0 (송정동) 203호,,87.4432,23-1차 개념설계 기술지원 연구용역,중앙행정기관
K10제독차 조종상자 회로카드 정비기술개발 연구용역,국군재정관리단,31995046.0,,2020-05-15,,박상욱,,서울특별시 강서구 양천로401 (가양동) 강서한강자이타워 B동1503~1506호,195924075.0,87.4157,방음정비고 사업 정립을 위한 선행연구용역,국군수도병원
국방과학 기술료 제도개선 방안 연구,육군 제3808부대,,87.9939,2016-09-19,세종대학교산학협력단,경상현,이양희,서울특별시 영등포구 영등포로35길10-0 (영등포동6가) 8층 809호,90489136.0,,24-성남시 고도제한 완화요구 공공갈등 관리방안 연구,중앙행정기관
AI기반 드론봇 네트워크 운용 및 실험설계 연구용역,국군재정관리단,,93.5893,2020-06-30,주식회사 우성텔레콤,박정기,김우중,충청북도 청주시서원구 개신동446-2,,84.5078,정기기초연구과제연구용역(7.미래안보상황에..),중앙행정기관
항공기 운영이력 빅데이터 수집 및 분석기법 연구,육군본부,284878621.0,88.446,2021-06-05,고신대학교 산학협력단,권정환,황혜원,,548611321.0,,상륙공격헬기 체계운용요구 및 PBL 적용방안 연구용역,국군제1068부대
(227003-H)스펙트럼측정/분석장비 노후교체,제9965부대,,87.6123,2020-10-02,케이투웹테크(주),김재영,,부산광역시 강서구 녹산산업중로62-6 (송정동),96399372.0,87.4407,상륙기동헬기 조종시뮬레이터 선행연구,국군재정관리단
병력책정기준(정보통신분야 임무/기능 적절성 연구),공군사관학교,58171769.0,,2017-05-15,주식회사 베테랑콤,김주희,이대영,경기도 수원시 영통구 삼성로274 (원천동) 수원팩토리월드 410호,82437201.0,,항공작전기지 계류공간의 효육적 활용방안 표본연구,중앙행정기관
사이버위험평가 방법 및 군 적용방안 연구,제9691부대,,88.3236,2020-05-01,주식회사 베테랑콤,곽새롬,장미선,"서울특별시 용산구 한강대로109-0 (한강로2가),404호(용성비즈텔)",67134655.0,,드론봇 및 대드론체계 전력화추진 Master-Plan 연구,군
안정화 작전을 위한 기반시설 복구부대 운영방안 연구,국군재정관리단,,81.2869,,서울대학교 산학협력단,김양훈,김해진,,104897991.0,87.5642,22-함정 비행갑판 개조(Harpoon Grid 이동) 방안 연구,합동참모본부
실전적 모의지원 연구 용역,국군재정관리단,,95.4525,2021-05-06,재단법인 세종연구소,김형철,최민정,서울특별시 성북구 삼선교로16길116-0 (삼선동2가),76000471.0,63.4496,23년 전투발전 연구용역(3),중앙행정기관
상층대기분석장비 유지보수,공군군수사령부,35602449.0,,2022-04-08,연세대학교 산학협력단,,,"전라북도 군산시 임피면 호원대3길 64,",,87.2631,00부대 EMP 보호시설 구축 선행연구 용역,군
대형양산사업의 제반 조건 분석 및 방안 연구,제9965부대,146348027.0,95.0005,2017-09-03,(재)한국정보통신산업연구원,이재현,이여정,충청북도 청주시 상당구 남일면 단재로635(공군사관학교),99096955.0,87.4475,방위산업 발전 및 경쟁력 강화를 위한 법적기반 연구,국군재정관리단
연구소 회의실 AV시스템 제조설치 납품,국군재정관리단,516974.0,87.9494,2020-12-15,우석대학교 산학협력단,김용오,홍광표,"서울특별시 성동구 성수일로4길25, 16층 (성수동2가, 서울숲코오롱디지털타워 1차)",117416159.0,,기갑 및 기계화부대 중대급 교전훈련장비 연구용역,중앙행정기관
공군 무기체계 EMP 방호능력 향상 방안 연구,국군재정관리단,,68.3729,,(주)한신솔루션,,박수연,"충청북도 청주시 흥덕구 흥덕로151-0 (운천동, 지하1층)",74518456.0,87.6862,육군 개인 재능 평가지표 개발 연구용역,중앙행정기관
24년 의무장비(헤모글로빈 A1C자동분석기) 구매,국군재정관리단,40610615.0,,2022-10-25,도원정보시스템 주식회사,김동건,최은수,서울특별시 서대문구 충정로53-0 (충정로2가) 골든타워빌딩 1701호,,84.5038,전차 조준선 정렬 시스템 개발 연구용역,중앙행정기관
23년 전투발전 연구용역(2),국군의무사령부,136144276.0,88.1225,,태린메디칼 주식회사,곽재수,김한욱,경상남도 진주시 정촌면 연꽃로141,91948048.0,84.801,SUPPRESSED,중앙행정기관
자동 00분석 지원체계 구축(20197115-H),국군재정관리단,30725313.0,95.2825,2017-11-24,버프프로덕션,박정기,김영중,"충청북도 청주시 서원구 충대로1-0 (개신동, 충북대학교)",185525192.0,87.5296,극초음속 비행체 대응 미사일방어체계 확보방안 연구,군
국방대학교 안보현안분석 등 2종 인쇄 용역,국방부(운영지원과),56216669.0,,,사단법인 안보경영연구원,김원헌,이미선,"서울특별시 강남구 언주로527, 10층 (역삼동)",,85.3969,지뢰제거에 관한 법안 연구 용역,중앙행정기관
(236367-B)표적분석용 워크스테이션 구매(리스물건),국군재정관리단,130818243.0,,2022-09-19,,이문걸,,,,91.3567,한국형 차세대 전투임무기 구축방안 등 연구,중앙행정기관
KF-16 AIFF 점검 및 교환 기술 개발 연구 용역,국방부(운영지원과),,93.9939,2021-03-09,에이치제이엘,박정기,엄지성,충청남도 홍성군 홍북읍 홍예로213-0 (엘에이치스타힐스) 121동 2201호,154352891.0,87.6723,공군 장기 군구조 발전구상 연구,중앙행정기관
EMP 군 시험기준 정립방안 연구,공군군수사령부,28746287.0,81.3738,2017-11-02,인하대학교 산학협력단,김지영,유연호,"경기도 김포시 김포한강3로237번길16, (장기동, 314호)",140853313.0,84.9199,00기지 환경개선 사업 분석평가 및 선행연구 용역,국군재정관리단
20년 전파환경 측정/분석장비 유지보수 용역,제3170부대,39244222.0,88.1623,,가천대학교산학협력단,임준석,김봉환,서울특별시 영등포구 국제금융로6길33-0 (여의도동),,,수도병원 임상의학연구센터 통계프로그램 구매계약,중앙행정기관
21-2차 개념설계 기술지원 연구용역,국군대전병원,,,2021-09-18,도현,고윤안,김성훈,"서울특별시 영등포구 선유로 70, 우리벤처타운2303호(문래동3가)",1343613595.0,97.2937,정신전력교육 기본교재 재발간에 따른 사전 연구 용역,제9691부대
23년 기술연구용역 계약 의뢰(4),국군의무사령부,17178927.0,94.3438,2020-11-11,재단법인 한국군사문제연구원,김용오,권인자,서울특별시 서초구 남부순환로319길 13(서초동),68759286.0,92.3186,00 군공항 설계기본요구조건 작성 연구용역,중앙행정기관
효율적인 탄약 전력화 방안 연구,국군재정관리단,6609560.0,94.5389,,티엠시 주식회사,정주교,오은주,대전광역시 유성구 죽동로157-0 (죽동),99028828.0,91.6914,24년 국방연구개발사업의 성과조사 · 분석 연구 ,중앙행정기관
국방표준서 제정(7차) 연구,국군재정관리단,,87.1669,2018-02-27,(사)한국위기관리연구소,박정기,진보라,경기도 수원시 영통구 신원로306-0 (원천동) 이노플렉스 1동 1101호,182638083.0,95.3046,한국형 긴급비행장피해체계 개발 연구 용역,중앙행정기관
분석기  스펙트럼용,제2879부대,,87.6663,2016-05-03,,노희영,박주형,,,87.3731,20~21년 분석용모델(3종) 유지보수 용역(2019F173-C),중앙행정기관
기갑및기계화부대 중대급 교전훈련장비 선행연구 용역,국군화생방방호사령부,,,2018-01-04,한국법제연구원,홍수정,백도현,경기도 성남시 수정구 창업로42(시흥동) 판교제2테크노밸리 경기기업성장센터 532호,74658127.0,,정기기초연구과제연구용역(3. 한국군의군수관리...),국군재정관리단
21년 연례 육군 리더십 수준 진단 연구용역,국군재정관리단,,,2020-05-09,씨오(CO)산업,이문걸,,,,92.426,다수 전술데이터링크 운영방안 연구용역,중앙행정기관
23∼27 방위산업발전 기본계획 수립 연구,공군본부,124481054.0,,2023-04-25,주식회사 위맥공제보험연구소,배태웅,,서울특별시 영등포구 여의대방로67길11-0 (여의도동) 5층 A5-29호,200289741.0,,[24-육-84] 탄약부대 경계병력 민간전환 선결 연구,중앙행정기관
미래 전장에서 승리하기 위한 육군전략 발전 연구,국군재정관리단,,,,한국법제연구원,장복철,오순길,"경기도 성남시 수정구 창업로54, 504호 (시흥동)",,84.6266,23년 전투발전 연구용역(4),중앙행정기관
감정장비(자동염기서열분석기 등 2종) 검교정 용역,해군본부,39345404.0,87.1968,2019-10-06,(주)글로벌텔레콤,유흥배,이우학,"서울특별시 강서구 마곡중앙5로22, 7층(마곡동)",,,00 군공항 설계기본요구조건 작성 연구용역,중앙행정기관
무선망 전파분석장비 노후 교체,국방부(운영지원과),150287973.0,80.9097,,주식회사 베가스,김금자,조명지,경상북도 구미시 산동읍 강동로730,106765654.0,87.8134,자운대 종합발전계획 연구용역,중앙행정기관
방산소재 개발사업 기획 및 인증체계 구축 연구,공군사관학교,45329282.0,87.7412,2022-10-24,,이성로,김영진,경기도 고양시 덕양구 권율대로656-0 (원흥동) 17층 1739호,93716475.0,87.6673,19-헬기형 UAV 운용을 위한 함정설계 개념 연구,기관
22년 병리장비운영소모품(6) 요분석검사 27품목 구매,국군재정관리단,18958148.0,87.5124,,라온시스템즈(주),,권시형,충청남도 논산시 양촌면 황산벌로1040,,84.0432,19년 작전지속지원분석모델 유지보수(2018F124-G),국군재정관리단
지상공중우주계층별 양자기술연구용역,해군군수사령부,140794393.0,88.166,,해동청역사문화연구소,김재일,신명화,경상남도 진주시 진양호로532-0 (동성동),136418883.0,,육군 개인 재능 평가지표 개발 연구용역,국군수도병원
국방표준서 제정(5차) 연구,해군본부,,87.7309,2022-11-08,주식회사 와사비,홍광표,이월단,"경기도 하남시 미사강변한강로155, 1동 314호(망월동, 지식산업센터)",,87.7525,(207110-C) '20년 연구활동 재료(시약  초자) 구매,군
22-2차 연구장비 구매 계약 - 기구세척기 초음파형,국군재정관리단,,87.8094,2016-01-06,사단법인 미래안보산업전략연구원,유완종,김영수,"서울특별시 은평구 진흥로 225,(불광동)",,,(247192-C) 유전자감정장비(자동염기서열분석기) 구매,국군수도병원
50년 함건조 사례분석 및 발전방안 정립 연구 용역,공군본부,141536418.0,79.472,,(주)에프오알엠도시건축공간연구소,,오세형,,195835798.0,,21-무기체계 수명주기간 부품국산화 발전방안 연구,중앙행정기관
상륙기동헬기 조종시뮬레이터 선행연구,제2307부대,,95.6137,2023-03-31,주식회사 발렌베리,김기돈,유동호,"서울특별시 금천구 가산디지털1로171, B208호(가산동, 가산 에스케이 브이원 센터)",,87.6859,디지털 증거분석체계 라이센스 확보,군
통신가설차 경미한 성능개량 사업분석,국방부(운영지원과),,80.8438,2017-11-21,(주) 솔포스텍,한민구,권소희,서울특별시 관악구 관악로1 (신림동),,87.6033,방산 부품산업 발전을 위한 지원체계 구축방안 연구,중앙행정기관
미래 우주전장 분석 및 공군 우주전략 수립 연구용역,국군재정관리단,21686521.0,,2020-04-09,,권시형,,울산광역시 동구 방어진순환도로1000-0(전하동),200892137.0,84.0098,드론봇 전투체계 통합관제체계 구축 연구용역,중앙행정기관
정책연구용역(군견 관련),국방부(운영지원과),,87.8167,2017-07-22,사단법인 안보경영연구원,김정희,이재광,"서울특별시 금천구 가산디지털1로1-0 (가산동, 더루벤스밸리) 1208호",84671126.0,77.4831,국방표준화 개발을 위한 협력기관 지정 활용방안 연구,중앙행정기관
19년 병리장비소모품(13) 혈액가스분석기 구매,국방대학교,,95.4288,2018-05-20,(주)리서치코리아,이정훈,임지헌,"서울특별시 강남구 언주로527, 10층 (역삼동)",,87.3057,주파수편이용 분석기 2EA 구매,중앙행정기관
군복무 가치 평가 관련 설문조사 연구용역,제7군단,,87.8797,2022-11-02,주식회사에이스게이트,박재성,양정학,"경기도 군포시 고산로148번길17-0, B동 1303호, 1304호, 1305호(당정동, 군포IT밸리)",108497846.0,87.5084,22~23년 공군 전자정보 수집/분석장비 유지보수,군
방위사업 국제공동연구개발 가이드라인 연구,합동상호운용성기술센터,,88.0747,,주식회사 베테랑콤,두인환,원만희,"경기도 군포시 번영로514, 601호(금정동)",,92.1013,22-이맹기 제독 평전 연구 용역,국군재정관리단
차세대 인터넷쇼핑몰 구축 정보전략계획 연구용역,국군재정관리단,,80.2324,2022-05-24,주식회사 삼원산업,이현정,남명우,서울특별시 구로구 디지털로26길5-0 (구로동) 1404호,181043186.0,84.9491,전술정찰정보수집체계 경미한 성능개량 사업분석,합동참모본부
차기 C4I체계 성능개량 및 유지보수방안 연구,제9965부대,15429007.0,67.0364,2021-01-01,주식회사백운,방준성,가회광,"대전광역시 유성구 한밭대로138 (노은동, 노은노블레스) 201호",61010093.0,88.914,분석기 스펙트럼용 장비 구매(20209032-I),중앙행정기관
무기체계 전력지원체계 분류기준 재정립 연구,육군교육사령부,,87.5082,2017-11-26,(사)21세기군사연구소,김문선,임지헌,,120136807.0,87.4611,(236351-C) 무기체계 운영환경 동적분석 장비 도입,중앙행정기관
의무장비 구매(자동분석기 생화학용),국군수도병원,,97.0704,2017-04-18,주식회사에이스게이트,김지찬,,전북특별자치도 정읍시 북면 북면공단2길87-0,,87.8761,상륙돌격장갑차-Ⅱ추진전략에 관한 연구용역,중앙행정기관
대장균 정성분석키트 등 28항목 구매(물품 해파),국군재정관리단,128523340.0,78.064,,주식회사 안보기술연구원,서승현,전재신,"경상남도 창원시 성산구 완암로50-0, 메카동 813호(성산동, SK테크노파크)",78214756.0,,군인연금 수급요건 및 분할연금 도입 연구,중앙행정기관
항-19-032 자동면역분석기 시약(HBsAg RGT)등 112종,국군재정관리단,133528689.0,88.0157,,주식회사 유니텍,김지현,박진호,"서울특별시 종로구 홍지문2길20-0 (홍지동, 상명대학교)",82467188.0,,접경지역 부대개편에 따른 상생협력방안 연구,중앙행정기관
대전병원 생화학 자동 분석기 소모품 20종 구매,육군본부,31730534.0,,2023-02-05,사단법인 안보경영연구원,오중산,이민재,"경기도 안양시 만안구 만안로49, 519호(안양동, 호정타워)",,93.2687,전차와 육군헬기의 혁신적인 운용개념 발전 연구,제9691부대
16년 차세대 첨단함정 건조가능성 검토 연구용역,국군재정관리단,97807524.0,88.1228,2022-11-20,(주)디앤오종합건축사사무소,배종환,김덕호,,,87.3875,포항지역 항공기 소음감소 대응방안 연구 용역,제9691부대
국방연구시설·장비 종합관리 방안 연구,해군사관학교,,,2016-09-29,에스제이상사,안완기,이민행,"서울특별시 금천구 디지털로9길68, 제1806호(가산동, 대륭포스트타워5차)",,,전자파 분석장치 등 2종 구매,중앙행정기관
비상근예비군 확대 및 훈련체계 정립 연구 용역,방위사업청,,62.3126,2017-09-12,주식회사 삼우에이엔씨,권오형,김동신,대전광역시 동구 대학로62-0 (용운동),,,공군 지능형 스마트비행단 성과분석 및 발전방안 연구,중앙행정기관
(236043-G) 23년 모바일·IoT 조사분석체계 도입사업,국방대학교,126685766.0,,2016-09-26,사단법인 한국갈등학회,김경호,임평산,경기도 오산시 삼미로47번길81-12 (내삼미동),49434249.0,,군 어린이집 운영 발전방안 연구,중앙행정기관
조종사 피로도와 안전비행의 역학관계 분석 연구용역,국군재정관리단,23849238.0,93.8996,2022-08-02,주식회사 지니클라우드,오문진,조노희,경기도 과천시 교육원로98(중앙동),,87.6057,마린온 정비지원체계 방안 연구용역,중앙행정기관
22-해상기반 우주발사체계 개념 연구,국군재정관리단,,87.8411,,주식회사 한국엔브이,이덕수,권시형,세종특별자치시  전동면 보평길167-0,85691282.0,,개전초 동원긴요부대 전시 완정성 보장 방안 연구,중앙행정기관
미래 육군 상비병력 절감방안 연구,공군본부,148314450.0,80.0295,2017-07-05,육군사관학교 산학협력단,김건희,박문희,"서울특별시 성북구 안암로145 (안암동5가, 고려대학교)",107212794.0,,분석기  스펙트럼용 구매,국군재정관리단
BigData/VC를 활용한 무기체계 효과분석 연구,국군지휘통신사령부,,77.8359,2021-12-01,(주)심네트,권오형,이주열,"대전광역시 유성구 가정로43-0, 101동 903호 (신성동, 한울아파트)",,87.9725,21-함정 창정비 효율화 방안 연구,제9965부대
수치해석을통한폭발하중받는강재구조물의거동분석용역,국방부(운영지원과),,,2022-06-03,,전건욱,,,101580223.0,87.4237,21-3차 조달 연구장비 구매 계약 - 제빙기 가루형,중앙행정기관
생화학 자동 분석기 등 116종 구매(20197022-E),국방부(운영지원과),35208358.0,,2020-05-31,주식회사 한국건설경영기술원,김상인,기유경,대전광역시 유성구 노은로170-0 (지족동) 스타시티빌딩 6층,52886454.0,93.7586,00부대 신축 시설사업 선행연구 용역,중앙행정기관
음향/진동분야 KOLAS 인정 획득 컨설팅 연구용역,국군재정관리단,41226340.0,,2021-03-02,원테크전기통신 주식회사,조은미,정금석,충청북도 청주시 흥덕구 오송읍 오송생명2로110-6 셀젠텍,83335886.0,87.715,차세대 전투차량 발전방안 연구 용역,국군재정관리단
17년 전시자원소요분석모델 장비 교체사업,국군재정관리단,,88.5413,2016-04-17,주식회사 케이티에이,,양희성,,96825586.0,77.2934,사이버 자산정보 수집 분석체계 라이선스 구매,국군재정관리단
(217096-D)자동염기서열 분석기 등 2종 구(납품),국방부(운영지원과),0.0,,,(주)싸이버텍,김덕화,김소연,"경기도 안성시 대덕면 서동대로4726, 중앙대학교 생활과학관 609관 2층",,87.6817,천궁 창정비 시설사업기본계획 연구용역,중앙행정기관
평시 복무 예비군제도 발전방향 연구용역,제9691부대,,87.5334,2018-06-08,주식회사 동화이엔지,권정환,박준성,"서울특별시 용산구 한강대로62길41, 3층 (한강로1가)",83616485.0,76.4866,23년 전반기 육군 정책연구과제 연구용역,중앙행정기관
(20F062-I)소음영향도작성을위한소음측정및분석용역,해군군수사령부,,94.8561,2016-10-20,단국대학교 산학협력단,조윤규,김정일,"서울특별시 서초구 서초대로45길19, 2층 (서초동, 광문빌딩)",409820722.0,72.4974,CH/HH-47D 성능개량사업 운용요구서 연구,4284부대
우리군 통합체계지원 적용을 위한 발전방향 연구 용역,국군수도병원,47923102.0,79.477,2021-02-21,주식회사 엘씨케이테크놀로지스,,안기수,"서울특별시 금천구 가산디지털2로184, 10층 1017호(가산동, 벽산디지털밸리2차)",85977269.0,,17년 지형분석 기초자료 구축사업,중앙행정기관
21년 공군 자동면역분석기 시약 등 163종 구매,육군교육사령부,54134902.0,87.7147,,(주)케이씨이아이,백원철,공현철,"서울특별시 용산구 청파로 40, 삼구빌딩 1815호(한강로3가)",103440724.0,,군인 주거보조비 도입방안 연구,중앙행정기관
수직이착륙형 무인항공기 비용분석,방위사업청(운영지원과),,87.7228,2020-12-06,(사)국방시설연구협회,정의승,,서울특별시 마포구 백범로35-0 (신수동),79416405.0,84.4693,미래 복합전투체계 운용개념/전투실험방법 연구용역,중앙행정기관
LVC 연동체계 개발을 위한 아키텍처 설계방안 연구,공군교육사령부,28857260.0,,,사단법인 한국소음진동공학회,정평길,김미진,경상남도 창원시 의창구 봉강가술로537번길42-0 (대산면),841534884.0,95.4921,21-함정 스마트 브릿지 모델 개념 연구,기관
군무원 적정 충원 비율에 관한 연구 용역,국군재정관리단,,96.4785,2016-03-25,서울대학교 산학협력단,김진욱,최용찬,경기도 고양시 덕양구 삼막1길3(오금동),189763046.0,87.4934,취약점 군 영향성 평가 및 조치결과 관리방안 연구,중앙행정기관
23-OO방호시설 개선 연구용역,국군재정관리단,49868393.0,87.732,2021-09-23,주식회사코드원,조보근,김현철,세종특별자치시  시청대로370-0,193272953.0,85.4194,비전통위협 국방대응체제 발전연구,군
국방 모바일 환경 구축을 위한 기반 연구,국군재정관리단,,,2017-08-01,국방대학교산학협력단,유훈,,서울특별시 용산구 한강대로100(한강로2가),105245814.0,,유·무인 복합체계 발전방안 연구,중앙행정기관
19년 발칸 추적훈련 분석기(제조),육군 제3808부대,,87.869,2020-04-28,주식회사 에스유지,정의승,장윤정,경기도 안양시 만안구 냉천로203번길 4(),208378985.0,87.443,(216328-C) 지형분석장비 교체사업(리스물건),제2879부대
분석기세트 3종 구매,제9691부대,125367526.0,94.0664,2021-01-08,고려대학교산학협력단,김석철,강우철,경기도 김포시 월곶면 김포대로2708-37,65858119.0,87.6827,KF-16 AIFF 점검 및 교환 기술 개발 연구 용역,국군재정관리단
서북도서용 무인항공기 선행연구,국군의무사령부,28466048.0,87.6138,,,,,,108192901.0,87.4358,지뢰대응법 하위 법령등에 관한 연구,기관
중금속 가열분석기 1항목 구매(물품),제5738부대,40788272.0,88.0235,2018-01-16,육군사관학교 산학협력단,김한용,정인영,"서울특별시 종로구 자하문로24길58, 1,2층(효자동)",,76.6778,휴대용 화학물질분석기 등 2종 구매(20197097-D),중앙행정기관
군 급식 민간위탁 시범사업 성과분석 연구,육군교육사령부,277646034.0,,2021-02-26,사단법인 대한민국 육군발전협회,이홍민,진주,서울특별시 영등포구 여의대방로61길2-0 (신길동)천록빌딩105호,,87.6402,MZ세대 주거시설 시설기준 제·개정 연구용역,중앙행정기관
반환 미군기지 매각 활성화를 위한 처분 방안 연구,공군본부,7774307.0,,2016-08-19,주식회사 기가제이,조정선,최규식,"서울특별시 용산구 청파로 40, 삼구빌딩 1815호(한강로3가)",66970894.0,,의무시설 시설공사비 적정 편성 기준 연구,국군재정관리단
잠수함 시운전 제도 개선방안 연구,육군교육사령부,51028328.0,,2020-04-16,주식회사 에스에이컨설팅,김윤혁,주세영,충청남도 서산시 해미면 한서1로 46 한서대학교내산학협력단,78034746.0,,항-18-066 자동면역분석기 시양등 47종,기관
지능형 전군 악성코드 수집분석체계 구축(리스물건),국방부(운영지원과),119546207.0,91.3625,2016-07-28,정보기술감리원 주식회사,곽재수,문송철,서울특별시 관악구 관악로1 (신림동),66187137.0,91.7422,유전자 서열 분석기,중앙행정기관
전술환경 下 효율적 이동통신체계 운용방안 연구용역,국군재정관리단,,95.5657,2017-10-19,주식회사 씨이지앤드플러스,이철호,박소연,충청남도 논산시 양촌면 황산벌로1040,102642611.0,87.4932,장비 고장예측 시스템 개발방안 기초연구 용역,중앙행정기관
18-회로망용 분석기 등 8종 구매,국방부군사편찬연구소,,88.2202,,디와이아이앤씨주식회사,장승희,홍주의,서울특별시 송파구 법원로8길9 (문정동) 10층,40317249.0,,기동전투장비의 무인화 운용 적용방안 연구용역,국군재정관리단
20년 해병대 조직문화 수준진단 표준설계 연구용역,해군작전사령부,,76.3943,,디엔아이,이진형,이상규,"광주광역시 동구 조선대길126(서석동, 조선대학교 내))",,87.2582,22-함정 갑판부착장비 내충격성능 검증방안연구,중앙행정기관
군사용 인공지능 적용을 위한 법ㆍ제도 개정소요 연구,제9691부대,48914265.0,88.0827,2022-12-01,(사)21세기군사연구소,오중산,이경은,부산광역시 강서구 대저중앙로341-0 (대저1동),191891026.0,92.5473,발칸 열영상 야간조준기 양산사업 비용분석,중앙행정기관
항19-066 자동면역분석기 시약 등 51종 구매,육군본부,,79.5744,2020-11-01,(주)두두아이티,박정기,이경생,"서울특별시 용산구 청파로 40, 삼구빌딩 1815호(한강로3가)",,87.4272,군사과학정책 연구 용역(1. 국방 데이터....),중앙행정기관
해병대 복지회관 중장기 보수계획 연구 용역,국군복지단,33619057.0,87.7717,2020-05-18,,김윤혁,김수정,,,87.3757,국방사업관리 자격신설 연구,기관
21년 공군 항공무장효과분석모델 통합유지보수 용역,국군재정관리단,166496150.0,82.1154,2022-07-26,(주)인콘,이세영,황병윤,,171174345.0,87.6967,AI 기반 6세대 전투기 운용개념 및 발전방안 연구,중앙행정기관
오폐수처리시설 기술제안서 평가기준 정립 연구용역,육군본부,23233364.0,64.9021,2021-04-23,티쓰리큐 주식회사,홍양희,김연경,"서울특별시 노원구 광운로 20(월계동, 광운대학교)",80465481.0,93.5459,19-함정 고전압 육전공급설비 적용방안 연구,국군재정관리단
항-19-082 자동면역분석기 시약 등 27종,합동군사대학교,118376026.0,64.5244,,(주)유로사이언스,손창호,홍세준,"경기도 군포시 공단로140번길46, 1층 105호,106호,212호,213호 (당정동,엠테크노당정지식산업센터)",,90.0384,흔적 00분석 시스템 구축,군
22년 기술연구용역 계약(2),해군본부,125543762.0,88.1278,2020-04-02,쿤텍 주식회사,김한용,박광섭,,204924489.0,,관제레이더 장애징후분석 및 원격감시체계구축,기관
군 사이버훈련장 활용을 통한 사이버전 대응전력 연구,국방부(운영지원과),,65.8875,,세종대학교산학협력단,김태훈,이수빈,"서울특별시 용산구 청파로 40, 삼구빌딩 1815호(한강로3가)",,,24-항공관제 분석체계 유지보수 용역,중앙행정기관
차세대 첨단함정 건조가능성 검토 연구용역(III),해군군수사령부,44925457.0,,2016-01-06,서울과학기술대학교 산학협력단,,,"서울특별시 금천구 가산디지털2로184, 10층 1017호(가산동, 벽산디지털밸리2차)",157120925.0,87.3655,10.군사과학정책연구(인공지능...),합동참모본부
국방 데이터센터 발전방안 연구,제6619부대,31047148.0,84.0604,2022-01-03,주식회사 쿤스트에프케이,김지원,김예빈,제주특별자치도 제주시 애월읍 광상로26-0,1711919104.0,,부대활동 유형별 위험성 평가체계 연구용역,국군재정관리단
(22F199-I)네트워크위협분석시스템구매사업금융리스,국군재정관리단,133443632.0,97.4556,2023-02-09,,김유진,김지혜,"서울특별시 서초구 반포대로14길 71, 엘지서초에클라트 2117호(서초동)",197448005.0,,국방정보화법률 개정입법 추진전략 연구,군
20-풍력발전시설의 R/D 및 통신전자장비 영향성 분석,국군재정관리단,19107784.0,79.2856,2020-07-15,주식회사 공공정책성과평가연구원,임창흥,임경선,"대전광역시 유성구 대학로31-0 (봉명동, 유성한진오피스텔) 2215호",89597717.0,84.2664,영평사격장 이전 가능성 연구,군
00부대 신축 시설사업 선행연구 용역,공군군수사령부,130105060.0,88.0797,,사단법인 한국국가전략연구원,석수진,이성심,경상북도 구미시 산동읍 강동로730,193235855.0,,월간지(안보현안분석  린사포럼) 인쇄 용역,중앙행정기관
표적메모리 회로카드 대체품 개발 연구용역,국군재정관리단,403312794.0,,2020-03-28,,전건욱,,대전광역시 유성구 유성대로1646-0 (전민동),,87.4023,22-해군 정보융합관리체계 개념 연구,제2879부대
군 사이버훈련장 활용을 통한 사이버전 대응전력 연구,국군재정관리단,,80.3872,,한국지식재산연구원,조완제,최규식,서울특별시 용산구 한강대로100(한강로2가),,,(207155-B) 액체크로마토그래피 이중질량분석기 구매,중앙행정기관
국방 사이버전 EA 개념 연구,방위사업청(운영지원과),132931035.0,81.0398,2020-06-13,주식회사 서경약품,박재완,오세문,"서울특별시 금천구 서부샛길632-0 (가산동, 대륭테크노타운5)",420340884.0,70.0003,군 사이버훈련장 활용을 통한 사이버전 대응전력 연구,제7군단
22-해-AI 빅데이터 분석 개발용 학습 플랫폼 구축,국군재정관리단,24298972.0,,2023-01-23,상명대학교산학협력단,박상욱,박연선,인천광역시 미추홀구 인하로100-0 (용현동) 인하대학교,,87.1811,SUPPRESSED,중앙행정기관
국방특허 권리이전 업무를 위한 특허 권리분석(1차),육군본부,47417688.0,95.331,,국방기술품질원,,이경미,"서울특별시 영등포구 의사당대로22, 8층 9층 10층(여의도동, 이룸센터)",82337506.0,,00국가 해커추적 및 정보수집방안 연구,중앙행정기관
군비행장 자동소음측정망 운용체계 구축방안 연구,공군군수사령부,,87.9668,,,김영경,박병희,서울특별시 구로구 디지털로26길5-0 (구로동) 1404호,,87.6066,(20F067-I)소음영향도작성을위한소음측정및분석용역,국군재정관리단
22년 병리장비운영소모품(6) 요분석검사 27품목 구매,국군재정관리단,19537326.0,,2022-11-27,주식회사 보람정보통신,엄영석,오성열,서울특별시 서초구 서리풀길4,,,우주기상 영향 연구용역,4284부대
안정적인 해병항공 운용방안 연구 용역,국군재정관리단,23008610.0,94.5426,2020-06-21,해양산업드론일자리창출협동조합,오상석,이상규,"서울특별시 금천구 가산디지털1로1-0 (가산동, 더루벤스밸리) 1208호",,87.5278,군 간부 자살 특성 및 간부 자살예방시스템 연구,국군재정관리단
공중항적 영상식별체계 확보 연구용역,국방부(운영지원과),55084851.0,88.1022,2017-06-18,한양대학교 에리카산학협력단,최성숙,성종영,서울특별시 금천구 벚꽃로298-0 (가산동) 6층 601호,64144022.0,64.1298,24-미래 한국공군 훈련기 성능 및 적정 규모 연구,국군재정관리단
소요결정 권한 소요군 위임시 획득절차 연구,국군복지단,58255509.0,80.7795,,,,이종범,"경기도 안양시 만안구 만안로49,1303호(안양동, 호정타워)",72184612.0,92.1015,23-6차 조달 연구장비(겔이미지 시스템) 구매 계약,국군재정관리단
대잠훈련분석체계(AEAS) 유지보수 용역,제7군단,19018334.0,88.1018,2021-08-22,라온유통,정성윤,경상현,"경기도 성남시 분당구 탄천상로164, A동 2층 247호(구미동, 시그마2오피스텔)",,87.5471,20년 해병대 조직문화 수준진단 표준설계 연구용역,중앙행정기관
정비용 샵차량 전원발생기 정비기술개발 연구용역,방위사업청,139616652.0,,2022-01-31,(사)한국전략문제연구소,전건욱,이승모,광주광역시 서구 양동로41번길21-9 (양동),,53.8288,취약점 군 영향성 평가 및 조치결과 관리방안 연구,중앙행정기관
(20G040-H)AI기반 보안사고 탐지분석시스템 ISP사업,국방부(운영지원과),,,,라온시스템즈(주),박정기,주정만,경기도 광주시 도척면 다람로36번길45-13,625386274.0,87.4241,국방과학기술료 고시 개선방안 연구,4284부대
ATCIS 개방형 OS 전환 비용대비 효과분석 연구용역,공군제10전투비행단,,87.9996,2018-12-01,육군사관학교 산학협력단,김곤중,이승기,,430113887.0,88.1719,21년 공군 항공무장효과분석모델 통합유지보수 용역,제2879부대
전시 급식지원체계 개선방안 연구,4284부대,129296708.0,,2023-06-02,(사)21세기군사연구소,김시근,배미동,부산광역시 사하구 구평로16번길 71(구평동),65033951.0,87.5325,중금속 가열분석기 등 1항목 구매(의무),중앙행정기관
무선망 전파분석장비 노후 교체,공군군수사령부,,94.3971,2017-04-28,MK메디칼,조우철,이찬홍,"제주특별자치도 제주시 연북로21-0, 에코에비뉴 1609호",76006670.0,,21년 항공관제 분석체계 유지보수,국군재정관리단
공신력 확보를 위한 신규국제표준 적용방안 연구용역,제9691부대,33121994.0,85.8052,,티쓰리큐 주식회사,최성숙,이대용,서울특별시 송파구 송이로30길21-0 (문정동),104389477.0,,생화학 자동 분석기 등 116종 구매(20197022-E),국군재정관리단
00부대 정보체계 취약점 분석 시스템 구매,국군재정관리단,36083847.0,40.5734,2023-02-02,한국해양과학기술원,권선애,오석현,"서울특별시 서초구 반포대로14길 71, 엘지서초에클라트 2117호(서초동)",71167786.0,87.6307,국방정보화 정책평가 수행 및 발전방안 수립 연구,중앙행정기관
군사시설 타운화 개념의 부대 재배치 방안 연구,국군제1068부대,73467350.0,87.794,2020-03-28,한국지식재산연구원,,,대전광역시 유성구 온천로59-0 (봉명동) 905호,,,육군 부사관학교 시설종합발전계획 연구용역,국군재정관리단
병영도서관 중장기 발전방안 연구,국군재정관리단,98019461.0,87.8629,2021-01-11,법무법인(유한) 대륙아주,양희성,전형준,"서울특별시 용산구 청파로 40, 삼구빌딩 1815호(한강로3가)",193533985.0,,22-합 -분석실험실 운용장비 교체사업 리스,중앙행정기관
정원감축 대비 민간인력 전환분야 및 규모식별 연구,국군재정관리단,127937003.0,,2022-08-01,(주)비아이엔씨,,이지원,세종특별자치시  시청대로370-0,77764886.0,85.0928,다락대훈련장 간이 갈등영향분석 연구용역(C037),국군수도병원
부대소개영화 제작 용역(연구단),국군재정관리단,32224561.0,,2017-10-08,에이치필,김곤중,안구름,경기도 평택시 청북면 고렴길181번길 13(),,78.4907,KMTF기반 국방정보체계 연동 고도화 방안 연구,중앙행정기관
(207108-H)네트워크 위협 분석체계 구축사업,공군본부,149913629.0,69.4479,2018-11-09,제이에스전자,강현순,김민균,"경기도 안양시 동안구 귀인로1, 4층 (호계동)",1259845251.0,88.5949,00부대 국방 보안조사 분석시스템 SW 구매,합동참모본부
공군 Kill-Web의 임무효과도 및 발전 로드맵 연구,국군재정관리단,,86.1393,2016-01-25,,이재관,김인해,강원특별자치도 원주시 신림면 신림황둔로174-0,103296842.0,,방폭 설계 표준화 체계구축 연구용역,제2879부대
휴대용 산소분석기 등 6종 구매,국군재정관리단,,78.5736,2017-12-22,육군사관학교 산학협력단,김진욱,권호영,"서울특별시 금천구 서부샛길606, A동 2407호 (가산동, 대성디폴리스)",,86.0971,민군복합타운 조성을 위한 제도적 방안 연구,중앙행정기관
(22G079-I)국방IoT제품보안가이드라인수립연구용역,제9965부대,,87.7645,2016-03-01,재단법인 한국군사문제연구원,김진욱,김정일,"서울특별시 마포구 월드컵북로501-0 (상암동, 상암월드컵파크9단지)904동1005호",177259982.0,79.4745,19년 gps 교란신호 분석 및 전파체계 유지보수 용역,군
21년 연래 해병대 리더십 수준 진단 연구용역,제7군단,130415063.0,87.789,2017-07-24,,권오형,,"서울특별시 구로구 디지털로32길30-0 (구로동, 코오롱 디지털타워 빌란트) 1차 1004호",180035904.0,87.4749,21년 임상의학연구센터 통계프로그램 구매,기관
(217215-D)디지털 포렌식 분석장비 교체,육군본부,122503205.0,94.5042,,사단법인군사정보발전연구소,김학준,김호근,,80110712.0,87.5988,함정추진축계이상소음발생위치추정및원인분석기법연구,국군재정관리단
동서지형의 차이를 고려한 부대 및 전력구조 연구용역,제6619부대,55530681.0,67.0937,2021-10-02,(주)알파아이엔씨,이관섭,배종환,"서울특별시 동작구 남부순환로2021, 2층 (사당동)",83434346.0,87.7981,2.75유도로켓 창정비 비용 대 효과분석 연구용역,중앙행정기관
(227163-F)연구활동재료(초자) 구매,공군사관학교,,,2017-11-08,서준코퍼레이션,김지영,김지영,"인천광역시 남동구 서창남순환로55, 505동 603호(서창동, 서창센트럴푸르지오)",204723697.0,87.5607,공지통신무전기 및 함대공유도탄-II 사업 비용분석,국군재정관리단
다목적훈련지원정 후속함(양산)사업 비용분석,국방부(운영지원과),37071737.0,89.2469,,주식회사 플랜에이디벨롭먼트,박현준,이재평,서울특별시 강서구 마곡중앙8로3길79-0 (마곡동),,94.9585,흔적 00분석 시스템 구축,중앙행정기관
목표비용관리(CAIV) 내실화 방안 연구,방위사업청(운영지원과),145706373.0,,2021-06-02,,정주교,최규식,경기도 고양시 덕양구 권율대로656-0 (원흥동) 17층 1739호,89524051.0,,상층대기분석장비 유지보수,중앙행정기관
22-4차 연구장비 구매 계약 - 세균배양기 CO2,공군미사일방어사령부,23330139.0,95.3226,,한길씨앤씨 주식회사,안성원,김정윤,"서울특별시 강서구 공항대로103 (마곡동, 마곡 엠밸리 9단지) 업무동시설 507호",,,국방정보체계 SW 품질시험 프레임워크 발전방안 연구,국군복지단
19-전자파 정밀분석체계 확대구축사업 리스,국군의무사령부,46296141.0,,,서울대학교 산학협력단,유완종,이상규,경상남도 창원시 마산회원구 양덕북5길97 (양덕동1층상가),102429966.0,87.4324,공군기지 작전환경을 고려한 무인기 운영방안 연구,중앙행정기관
군 지휘통신체계 유지보수 발전방안 연구용역,국군재정관리단,7967768.0,,2018-05-22,(주) 한얼누리,정양수,이상규,서울특별시 서대문구 충정로53-0 (충정로2가) 골든타워빌딩 1701호,75694519.0,,국방 전력발전체계에서의 전투실험체계 정립 연구용역,중앙행정기관
조종사 피로도와 안전비행의 역학관계 분석 연구용역,합동참모본부,,93.4888,2018-09-14,주식회사 이엠텍아이엔씨,전건욱,성종영,,84045338.0,,무인수상정 탑재운용 군 요구조건 도출 연구용역,중앙행정기관
(24육-용역9)스마트 통합물류센터 신축 선행연구 용역,제7821부대,160947134.0,90.6665,2017-02-14,웰스,조화순,김호연,"서울특별시 강남구 테헤란로69길5(삼성동,DT센터)",82561464.0,66.8459,2.75유도로켓 창정비 비용 대 효과분석 연구용역,군
분석기(비행조종계통 점검용)외1종 구매(16-38),국군의무사령부,38368283.0,95.458,,트루인터페이스(주),이용준,황병윤,"경기도 안양시 동안구 관평로138번길24-0 106호 (평촌동, 초원아파트 상가동)",168760456.0,85.9212,18-함정EMP보호대책적용사례분석및개선사항도출연구,중앙행정기관
군인연금수급자 사망률 개선 연구,해군본부,,79.7509,2017-07-16,한서대학교 산학협력단,정진욱,이수현,"서울특별시 송파구 법원로127-0 (문정동,대명벨리온)1117,1118호",,87.9336,북한의 기뢰전 전술 분석 및 대응책 연구,국군수도병원
(22G059-H)'23년 스펙트럼측정 분석장비 유지보수용역,공군교육사령부,,87.8536,2017-11-10,노원 상사,,,"서울특별시 금천구 가산디지털2로184, 10층 1017호(가산동, 벽산디지털밸리2차)",88665592.0,,탄소섬유탄 선행연구,중앙행정기관
KF-16 AIFF 점검 및 교환 기술 개발 연구 용역,공군본부,49695634.0,96.7754,2023-01-23,(주)상보기업,이영환,권민정,광주광역시 서구 화정로280번길3(농성동),104041232.0,92.4924,초급간부 복무여건 현상진단 및 개선대책 방안 연구,중앙행정기관
(236035-G) 23년 네트워크위협분석체계(NTAS) 구축,육군교육사령부,46521902.0,98.2562,2022-12-08,트루인터페이스(주),김윤혁,이재평,"서울특별시 용산구 청파로 40, 삼구빌딩 1815호(한강로3가)",182083449.0,86.921,미래 우주전장 분석 및 공군 우주전략 수립 연구용역,중앙행정기관
군 표준차량 수명판단방안 연구 용역,공군본부,127157319.0,87.8219,2022-04-24,,,이수행,경상남도 창원시 성산구 창원대로797 (상남동),105536740.0,87.2779,군사시설 타운화 개념의 부대 재배치 방안 연구,군
전술정찰정보수집체계 경미한 성능개량 사업분석,국군재정관리단,152407619.0,87.5372,2021-05-25,(사)한국전략문제연구소,김진욱,박계향,,,87.3583,상층대기분석장비 유지보수,국군수도병원
마린온 정비지원체계 방안 연구용역,국군화생방방호사령부,115962094.0,,2016-11-01,주식회사 코테스,안완기,,충청북도 청주시 서원구 남이면 남석로326,74516532.0,87.7042,컨테이너 물류체계 구축 소요판단 정책 연구과제 용역,중앙행정기관
대전병원 자동 뇨 분석기 등 소모품 46종 구매,국군수송사령부,778587102.0,88.3104,,희송컴퍼니,임기철,김홍정,경기도 안양시 동안구 흥안대로445(평촌동) 제6층 615호 안양평촌동지식산업센터,70726464.0,,국방데이터 품질점검 실증 및 운영방안 연구 사업,군
중장비 수송차량 이동을 위한 도로능력 검증 연구용역,국방부(운영지원과),,87.6954,,주식회사 매사,박종재,양상원,"경기도 성남시 수정구 복정로84번길 22-15,(B-001호) (복정동)",106180407.0,,정보학교 사이버공간정보 연구용역,중앙행정기관
교육장비(동작분석 측정장치 세트) 구매설치,공군군수사령부,,79.7178,2020-08-29,,,정봉원,,,87.4476,[24-육-219] 자동차(외산)포렌식 분석 KIT(리스),4284부대
자동처리체계 구축 및 연구용 부품 구매,제3697부대,208247617.0,88.4615,2018-09-05,캐리온,이기성,유완종,부산광역시 동구 중앙대로286번길9-0 (초량동) 306호,,58.5571,민간우수체계기반 전평시 민군 수송물류업무 협력연구,제2062부대
국방감항인증원(가칭) 설립 및 운영에 관한 연구,국군재정관리단,,,,아이티 월드,양희성,,,79187462.0,87.4075,공군 탄약 저장시설 지하터널화 방안 연구,국군재정관리단
공개출처정보(OSINT) 활용 사이버위협 분석방안 연구,육군교육사령부,39731852.0,87.8689,2022-04-27,씨지에스아이티(주),김진욱,박문희,"경기도 성남시 분당구 구미로8, 2층(구미동, 엠타워)",,87.6156,작전지휘시설 신축 분석평가 및 선행연구용역,중앙행정기관
미래 예비전력 정예화를 위한 동원개념 재설계 연구,국군재정관리단,104262624.0,,2018-05-31,(주)마린테크인,박순천,오석현,충청남도 논산시 양촌면 황산벌로1040,81828111.0,87.6194,23-N-금속성분분석기 구매,중앙행정기관
20-WMD/화생방 전문인력 관리 및 교육훈련 정립 연구,국군재정관리단,118306664.0,89.49,,(주)씨엠코리아,최창식,정관용,세종특별자치시  국책연구원로15-0 (반곡동),,61.3595,패트리어트 유도탄수명 고려한 효과적 확보 방안 연구,중앙행정기관
22년 의무장비(혈액가스분석기 중형) 구매,국군제1068부대,47315869.0,87.9053,,(사)국방시설연구협회,김진욱,,,,87.4906,첨단 ICT 적용한 신규 C4I 연구용역,합동참모본부
육군내 기술연구소 신설방안 연구 용역,국군화생방방호사령부,,87.8318,2023-06-30,한국교통대학교산학협력단,김지영,한상동,"서울특별시 영등포구 선유로 70, 우리벤처타운2303호(문래동3가)",77583301.0,93.2056,생화학자동분석기(동물용) 등 3항목 구매(의무),군
16-00원 종합발전 비전 연구용역,해군본부,42262096.0,80.6739,2023-01-18,(주)디에이치기술단,권선애,김종호,서울특별시 서초구 과천대로946 (방배우성아파트 상가) 302호,,,방위사업계약 및 지체상금 제도 선진화 개선방안 연구,중앙행정기관
EMP 방호시설 성능시험 방안 연구용역,국군제1068부대,,65.0471,2022-04-18,(주)한컴네트워크,김태영,이다인,"서울특별시 성동구 성수이로147, 905호 (성수동2가, 아이에스비즈타워)",298992495.0,95.1177,22-15차 연구장비 구매 계약 - 진탕욕조,합동상호운용성기술센터
20-실전적 시뮬레이터 구축방안 연구,공군사관학교,,87.8456,,연세대학교 산학협력단,김한용,임재영,서울특별시 중랑구 동일로516-3 (면목동) 5층,56724093.0,95.2813,CH/HH-47D 성능개량 시설사업기본계획 연구용역,국군재정관리단
21-공-주파수편이용분석기 구매,제3707부대,,88.1488,2017-11-05,호원대학교 산학협력단,심상필,김상수,서울특별시 중랑구 동일로516-3 (면목동) 5층,169540096.0,87.4801,밀리토피아 골프연습장 운영에 관한 연구 용역,중앙행정기관
전원품질 분석기 구매,국군재정관리단,,,2018-01-10,주식회사 다윈에어로테크,변중무,장중원,"서울특별시 금천구 가산디지털2로184, 10층 1017호(가산동, 벽산디지털밸리2차)",105967682.0,,SUPPRESSED,중앙행정기관
24년 전반기 육군 정책연구 과제 연구용역,육군본부,,88.0656,2016-01-06,,,황병윤,,115092267.0,87.3149,복합재 내부결함 위험도 평가방법 연구개발,기관
00 군공항 설계기본요구조건 작성 연구용역,제9691부대,119534455.0,,2022-01-24,,김상인,,,605035319.0,,안보학술진흥연구용역(5.자원관리과제또는),국군수도병원
장보고급 잠수함 디젤감시장치 연구개발 용역,공군군수사령부,119691942.0,,2022-03-04,,권선애,,,212545435.0,,21년 항공관제 분석체계 유지보수,국군수도병원
공군 장기 군구조 발전구상 연구,방위사업청,,,,주식회사 피앤씨솔루션,정재호,장현정,서울특별시 동대문구 경희대로26-0 (회기동),,85.4907,국방정책연구과제 연구용역 계약,군
부품국산화율 산정방식 등  제도 개선방안 연구,제7군단,113707252.0,,2017-08-10,사단법인 한국융합안보연구원(Korea Convergence Security Institute),김진욱,조현선,대전광역시 서구 계룡로408-0 (갈마동),607368647.0,,20-161 218 동물용 자동분석기 등 3품목,기관
대량탄약조립장 개선방안 연구,공군본부,106467058.0,87.7117,2018-04-18,사단법인 안보경영연구원,최창식,이진선,"서울특별시 금천구 가산디지털1로1-0 (가산동, 더루벤스밸리) 1208호",,87.4153,21년 연례 육군 리더십 수준 진단 연구용역,중앙행정기관
복합무기체계 시험평가 제도개선에 관한 연구,국군재정관리단,,87.6533,2020-07-17,(사)국방시설연구협회,오중산,김지훈,"서울특별시 강남구 강남대로62길24-0 (역삼동,해송빌딩)3층",100979763.0,85.266,2.75 유도로켓(차량탑재형) 시설사업 선행연구,기관
안전하고 신뢰할 수 있는 AI활용 국방가이드라인 연구,국군재정관리단,,,2017-07-05,주식회사 파이안,김정숙,최광호,,112212848.0,,의료기재(금연구역 표지판 등 85종)구매,중앙행정기관
통제분석 프로그램 설치 외 6종 구매 설치납품,국군재정관리단,,88.219,2023-02-16,국방대학교산학협력단,김태동,이수행,서울특별시 성북구 삼선교로16길116-0 (삼선동2가),95680960.0,,군단정찰용 무인항공기-Ⅱ 시설사업 선행연구,중앙행정기관
프로그램 단위 성과관리를 위한 성과지표 연구,공군군수사령부,99297592.0,79.1048,,,김한욱,,"서울특별시 구로구 디지털로288, 18층 1806호(구로동, 대륭포스트타워1차)",186709529.0,,22년 분석실험실 상용 SW 구매,국군재정관리단
24-군 상시학습제도 도입 방안 연구 용역,국군재정관리단,,94.1021,2016-01-06,사단법인 대한민국공군발전협회,류재산,이미선,서울특별시 중구 을지로 294(),,,국방대학교 안보현안분석 등 2종 인쇄 용역,중앙행정기관
24-해병-이동식 취약점 분석평가 도구(상용SW) 구매,국군재정관리단,,87.9189,2021-08-12,(사)21세기군사연구소,변중무,이수행,서울특별시 양천구 남부순환로72길17-0 (신월동) 영동빌딩2층,44396516.0,75.5499,특임여단 북괴군 핵 화생시설 점령/확보방안 연구용역,중앙행정기관
흔적 00분석 시스템 구축,국군재정관리단,,,,주식회사 안보기술연구원,,김영숙,대전광역시 중구 계룡로781 (용두동) 1층,,87.6325,국방정보통신장비의 효율적 운영관리 방안 연구,중앙행정기관
(23F009-A)지리공간지형분석 Terra SW 등 금융리스,해군군수사령부,31023917.0,87.7261,2016-12-25,주식회사 서남아이에스,노희영,박문희,서울특별시 관악구 관악로1 (신림동),91248059.0,,부품정비대대 - 분석기  스펙트럼용 구매,기관
국방 데이터 관리체계 수립 연구,국군수도병원,26444279.0,87.7675,2022-04-15,사단법인 안보경영연구원,,,,,87.359,22-美 해군 6.25전쟁 분석자료 번역 용역,중앙행정기관
박옥규 제독 평전 제작 연구 용역,제9691부대,53675511.0,94.7421,2016-01-08,사단법인 한국국가전략연구원,민명복,양진,"서울특별시 중구 동호로7길41, 2층(신당동)",,97.2026,대대급이하 전투지휘체계(B2CS) 양산사업 비용분석,중앙행정기관
23-4차 산업혁명 접목 미래함정 발전방향 연구,국방부(운영지원과),22633424.0,63.9888,,(주)에프오알엠도시건축공간연구소,김민철,원미정,"서울특별시 구로구 디지털로33길11-0 (구로동, 에이스 테크노타워8) 1406호",,87.6853,22-이맹기 제독 평전 연구 용역,군
병 자기개발비용지원 적정추진체계 구축 연구용역,육군본부,46470446.0,88.0697,,(재)한국기계전기전자시험연구원,김한희,노우현,경상북도 포항시 남구 연일읍 유강길9번길61-0 상가동 108호(대림한숲타운1차상가),51323999.0,86.3297,항-19-088 자동면역분석기 시약 등 117종,기관
23년 임무형지휘 연구용역,육군인사사령부,54272622.0,,,(재)주택산업연구원,최원창,이수행,"서울특별시 강남구 테헤란로4길15, 15층 1503호 (역삼동, 메가시티오피스텔)",,94.3159,기초비행훈련용헬기 조종계통 시험장비 개발 연구용역,기관
동원선박 자원관리 구축방안 연구용역,제9691부대,,76.6589,,주식회사 제이에스시솔루션,윤정숙,박미영,전라남도 목포시 용당로225-1 (용당동),103909020.0,92.1842,SUPPRESSED,중앙행정기관
군사과학정책 연구 용역(1. 국방 데이터....),국군재정관리단,125529192.0,94.7096,2021-09-06,충북대학교산학협력단,김재영,박병희,대전광역시 서구 도산로403번길21 전자타운419호,66470454.0,94.6194,인력획득 모집홍보 대상의 성향 분석 연구 용역,중앙행정기관
추진장약 분석시험용 재료구매,공군본부,22256825.0,82.8311,,산업연구원,지용현,최동양,대전광역시 유성구 테크노4로17-0 (관평동) 대덕비즈센터 D동 612호,,92.3417,해양 무인무기체계별 효과도 분석 통한 전력소요 검증,기관
군 물류관리 훈령 제정 연구,합동상호운용성기술센터,47781343.0,96.6092,2021-06-09,사단법인 한국국가전략연구원,정봉원,전수현,대전광역시 동구 대전로889-4 (삼성동),93592986.0,57.3966,정보분석낭 구성품 구매,중앙행정기관
도약적 우위능력을 위한 미래 전력 창출 방향 연구,육군본부,,87.9727,,,김보연,,"서울특별시 송파구 송파대로201-0 (문정동) 송파테라타워2 A동 1213,1214,1215,1216,1217,1218호",184994510.0,87.4928,23-10차 조달 연구장비(순수물제조기) 구매,국군재정관리단
대대급이하 전투지휘체계(B2CS) 양산사업 비용분석,국군재정관리단,,87.9449,2022-07-29,주식회사 남양메디칼,박태준,김서현,전라북도 전주시 완산구 장승배기로263 (평화동1가),81925776.0,87.6662,레이저 변위센서 활용한 탄약검사 M&S 개발 연구용역,중앙행정기관
22년 기술연구용역 계약(3),육군본부,0.0,94.8956,,윤서상사,박정기,지민이,대전광역시 유성구 테크노4로17-0 (관평동) 대덕비즈센터 D동 612호,694081363.0,87.4565,21-함정 스마트 브릿지 모델 개념 연구,중앙행정기관
우주안전 발전 생태계(거버넌스) 구축 연구 용역,국방부,130227524.0,,2020-06-18,마린전자상사,윤상석,최영복,"서울특별시 송파구 법원로127-0 (문정동,대명벨리온)1117,1118호",1029592637.0,,대잠훈련분석체계(AEAS) 유지보수 정비,군
23-1차 개념설계 기술지원 연구용역,국방부조사본부,10574163.0,87.4391,,중앙기획,권시형,임혜정,"경기도 군포시 엘에스로182번길34-24, 2층 (산본동)",,,사이버방호를 위한 보안 플랫폼 구축방안 연구,기관
국방표준화 개발을 위한 협력기관 지정 활용방안 연구,해군군수사령부,,67.9338,,웰스,도정화,공현철,"서울특별시 송파구 법원로11길7, 제11층 제1120호(문정동,문정현대지식산업센터)",62082214.0,87.6631,미래 복합전투체계 운용개념/전투실험방법 연구용역,중앙행정기관
23~27 국방양성평등정책기본계획작성방향 연구,국방부(운영지원과),12251116.0,,,사단법인 안보경영연구원,박재범,이정민,"경기도 고양시 덕양구 항공대학로76-0 (화전동, 한국항공대학교내)",,,범국민 안보의식조사 연구용역,중앙행정기관
한미동맹과 비군사적 협력 연구용역,방위사업청,,88.0986,2020-05-01,주식회사 이앤에프어드바이저,신훈길,,"서울특별시 금천구 가산디지털2로184, 10층 1017호(가산동, 벽산디지털밸리2차)",58446289.0,,24-미래 한국공군 훈련기 성능 및 적정 규모 연구,국군재정관리단
생물안전밀폐실험실(BL3 3등급 연구시설)유지보수용역,제6619부대,19139184.0,97.1472,,주식회사 현대리서치,이우경,최재영,"서울특별시 금천구 가마산로96-0, 213호(가산동, 대륭테크노타운8차)",,,항-19-032 자동면역분석기 시약(HBsAg RGT)등 112종,군
23-4차 산업혁명 접목 미래함정 발전방향 연구,방위사업청(운영지원과),34649769.0,87.6438,2016-11-22,단국대학교 산학협력단,김진원,김한음,"서울특별시 종로구 홍지문2길20-0 (홍지동, 상명대학교)",93426442.0,,해상작전 위성통신체계 성능개량 선행연구,중앙행정기관
샵차량 발전기 전자제어기 정비기술개발 연구용역,국군재정관리단,419555121.0,83.5419,2016-06-10,마린전자상사,금동중,권소희,"경기도 군포시 고산로148번길17-0, B동 1303호, 1304호, 1305호(당정동, 군포IT밸리)",,88.3457,국방전직교육원 조직진단 및 기능강화 방안연구,국군재정관리단
전자전기 확보 및 효율적 운용방안 연구,해군군수사령부,283898294.0,,,(주)동욱씨앤아이,허정행,김상도,"서울특별시 강서구 양천로401 (가양동), B동 801호",157115647.0,86.5314,안보학술연구용역(4.한국의군사전략),기관
폭발물처리 교육 전군 통합 필요성 검토 및 방안 연구,국군재정관리단,108123694.0,,,국방대학교산학협력단,정의붕,김연경,"대전광역시 유성구 대학로 99(궁동, 충남대학교)",91481177.0,87.6008,AI기반 컴퓨터생성가상군 구축 기술 연구용역,군
안보 테마파크 조성 방안 정책연구,국군재정관리단,25932273.0,,,광주과학기술원,장복철,이재평,서울특별시 강남구 논현로189길6 (압구정동),106391254.0,87.3541,21년 전투발전 연구용역(2),중앙행정기관
(20F062-I)소음영향도작성을위한소음측정및분석용역,육군본부,19929562.0,87.9874,,(사)국방시설연구협회,이효정,최규식,"경기도 용인시 기흥구 덕영대로1732-0 (서천동, 경희대학교 국제캠퍼스내)",84286349.0,75.7808,군 급식비의 적정수준에 대한 연구,중앙행정기관
16년 전자파 측정 및 분석장비 개발 용역,공군본부,6440569.0,81.3381,,마린전자상사,김상겸,양정학,대전광역시 유성구 유성대로1646-0 (전민동),107679041.0,87.5297,통섭형 인재 육성을 위한 직무순환 방안 연구 용역,국군재정관리단
전원품질 분석기 구매,공군군수사령부,33091111.0,,2023-04-15,상명대학교산학협력단,,이종범,경기도 화성시 동탄첨단산업1로14-0 (영천동)  KTX밸리 707호,104847651.0,,(20G071-H)21년 스펙트럼 측정/분석장비 유지보수용역,중앙행정기관
무기체계 연구개발 협약·성실수행제도 방안 연구,국군의무사령부,409348207.0,98.0637,,주식회사 에스앤피,김원헌,김혜민,충청남도 논산시 양촌면 황산벌로1040,68454573.0,87.7051,해군박물관 기본개념 선행연구용역,군
(226410-C) 지형분석장비 구매(리스물건),제20전투비행단,25136890.0,88.3607,,와이엠,박영선,박계향,"서울특별시 금천구 가산디지털2로184, 10층 1017호(가산동, 벽산디지털밸리2차)",193615123.0,87.469,지형 지질등을 고려한 지하형 탄약고 신축타당성 연구,국군재정관리단
20년 해병대 조직문화 수준진단 표준설계 연구용역,제9691부대,,,,넥스케이드,권용복,이경신,대전광역시 서구 계룡로408-0 (갈마동),,87.3714,군사용 인공지능 적용을 위한 법ㆍ제도 개정소요 연구,중앙행정기관
CCTV 효율적 관리 및 AI분야 군 적용방안 연구,국방시설본부,131401925.0,88.0803,2023-03-15,육아정책연구소,장승규,송포,전북특별자치도 정읍시 북면 북면공단2길87-0,,95.7521,전인교육 설문지 개발 및 활용성 증대 방안 연구,기관
22-1차 개념설계 기술지원 연구용역,방위사업청(운영지원과),17298685.0,93.5644,2017-10-10,사단법인 미래안보산업전략연구원,김근채,김호근,서울특별시 강서구 양천로401 (가양동) 강서한강자이타워 B동1503~1506호,86556060.0,,(20F063-A)소음영향도작성을위한소음측정및분석용역,중앙행정기관
22-해병대 병영문화혁신 외부 연구용역,공군본부,986480121.0,90.048,2023-10-16,포항공과대학교 산학협력단,임준석,김재욱,충청북도 청주시서원구 개신동446-2,57104739.0,94.4589,24년 지형분석장비 구매(리스물건),제3130부대
분광광도계 수질분석형 1EA,국군재정관리단,,87.6909,2016-11-07,주식회사  인섹시큐리티,박정기,박계향,"경기도 성남시 수정구 복정로84번길 22-15,(B-001호) (복정동)",,87.4463,전자기스펙트럼 측정/분석체계 운용방안 연구,중앙행정기관
복수활주로 건설사업 분석평가 및 선행연구,국군재정관리단,113085834.0,,,주식회사 한국건설경영기술원,도정화,고은미,"서울특별시 노원구 광운로 20(월계동, 광운대학교)",85108803.0,,(20F089-I)소음영향도작성을위한소음측정및분석용역,중앙행정기관
국방여군 70년사 편찬 연구,육군제8971부대,45975470.0,78.3214,,동국대학교 WISE캠퍼스 산학협력단,유완종,김중곤,"인천광역시 미추홀구 주염로58, 620-1호(주안동, 주안시범공단)",,,전파환경측정 분석장비 유지보수,국군수도병원
국방 클라우드 확산 정책 연구 용역,국방부(운영지원과),,87.7628,,(주)글로벌텔레콤,박호,최규식,,194169546.0,,국방시설 전력소비 수용률 기준 연구용역,제9965부대
(상생협력실)갈등영향분석 연구용역(C013),국군재정관리단,150893349.0,86.3575,2021-07-06,부경대학교 산학협력단,권택연,나인성,경기도 의왕시 오봉산단3로25 (삼동) 의왕테크노파크 더리브비즈원 1동1528호,100645990.0,87.5851,17년 사이버 침해사고 조사/분석체계 도입사업,중앙행정기관
(21G085-H)'22년 스펙트럼 측정분석장비 유지보수용역,제2879부대,,79.3823,,주식회사 누리아이코리아,김주희,,충청남도 논산시 양촌면 황산벌로1040,87213447.0,87.5006,23년 항공관제 분석체계 유지보수,중앙행정기관
평시 복무 예비군제도 발전방향 연구용역,국군재정관리단,117255247.0,,2017-10-24,주식회사 보람정보통신,이숙영,박진주,세종특별자치시  전동면 보평길167-0,,86.8053,항19-066 자동면역분석기 시약 등 51종 구매,중앙행정기관
활주로 피해복구용 골재 품질기준 및 관리방안 연구,합동상호운용성기술센터,11206619.0,59.5718,2022-07-04,서울대학교 산학협력단,이성로,이종범,"서울특별시 구로구 경인로53가길10, 5층 507호(구로동, 구로 대명벨리온 지식산업센터)",83586348.0,,군 VoiP 교환시스템 통합운용방안 연구 용역,군
18년 해군 전자정보 종합분석체계 개발사업,국군재정관리단,56576770.0,97.6063,2016-03-14,우석대학교 산학협력단,김재수,이기찬,"경기도 안양시 동안구 관평로138번길24-0 106호 (평촌동, 초원아파트 상가동)",83536788.0,,추진장약 저장수명 예측 가속노화시험 연구용역,중앙행정기관
F404 엔진 경향성분석 및 상태진단 프로그램개발 용역,국군수도병원,129591776.0,95.0094,2021-10-06,와이파이컴퍼니,이정훈,정운찬,경상남도 창원시 진해구 웅동로162-0,195669059.0,86.3195,(20F081-A)소음영향도작성을위한소음측정및분석용역,국군재정관리단
ICBM 기반 통합 시설물관리체계 구축 개념 연구용역,국군재정관리단,123262251.0,95.1611,,(주)씨엠코리아,오상석,,"서울특별시 송파구 법원로11길25-0, A동 1310호(문정동, 에이치비즈니스파크)",104164855.0,,23년 항공관제 분석체계 유지보수,중앙행정기관
전투실험 연구용역,국군재정관리단,0.0,97.6118,,주식회사 화이트스캔,장복철,최예슬,"대전광역시 유성구 대학로 99(궁동, 충남대학교)",91893482.0,,표준훈련장 설치기준 정립 연구 용역,중앙행정기관
예비전력발전세미나 주제연구(Ⅰ) 용역,국군재정관리단,,,,주식회사 이에이엔테크놀로지,권시형,이진선,"경기도 성남시 수정구 복정로84번길 22-15,(B-001호) (복정동)",,84.0731,22-설계자료 활용 및 군 시설단가 표준화 연구용역,중앙행정기관
항19-066 자동면역분석기 시약 등 51종 구매,국군의무사령부,,87.8047,,,,,,112762637.0,87.2618,[24-육-188] 안전문화 수준 측정 Tool 개발 연구,군
해군 스마트 항공기지 발전방향 연구용역,해군본부,345243040.0,,2020-10-06,재단법인 한국군사문제연구원,홍지유,김우중,,105831214.0,,군 실내공기질 관리 개선방안 연구용역,기관
접적해역 상시정찰용 UAV 선행연구용역,방위사업청(운영지원과),31816378.0,,2016-01-20,주식회사 나비시스템,,이도제,"부산광역시 해운대구 센텀북대로60, 915호",68123283.0,56.1305,고속전투정 기지건설 방안 연구 용역,국군재정관리단
대형기동헬기(CH/HH-47D) 성능개량사업 비용분석,육군교육사령부,,88.1013,2021-04-07,(주)디에이치기술단,오현웅,이기선,"부산광역시 수영구 구락로23, 2층 (수영동)",52887023.0,81.9386,22-이맹기 제독 평전 연구 용역,대학
『국방표준서 제정』연구,국군재정관리단,26289582.0,88.2357,2018-05-29,고메드,허정행,홍세준,대전광역시 중구 수침로55번길19 (태평동) 장가빌딩 2층,82769372.0,,해성-I 유도탄 창정비요소개발 비용분석 연구,군
무기체계 인공지능 기술적용 JROC 작성지침 개정 연구,국군제1068부대,168831349.0,,2016-01-06,숙명여자대학교산학협력단,금재호,김정숙,서울특별시 성북구 삼선교로16길116-0 (삼선동2가),201430552.0,,육군 병영생활관 신축기준 연구용역,중앙행정기관
주파수편이용 분석기 2EA 구매,육군제8971부대,,67.825,2018-08-20,주식회사화인시스텍,가회광,서정대,"대구광역시 동구 국채보상로159길41-0 (신천동, 우방푸른타운) 상가 107동 4층",81221973.0,92.8998,군의료 특성화 연구용역(말라리아 발생 예측연구),국군재정관리단
스펙트럼용 분석기 구매,국군재정관리단,31795514.0,94.231,2021-02-04,주식회사엔지아이,김지찬,김홍정,"서울특별시 금천구 가산디지털1로19, 406호, 407호, 408호, 409호(가산동,대륭테크노타운18차)",164332572.0,87.5162,관사 및 간부숙소 신축 선행연구 용역(23-216),기관
분석기  입자크기용 구매,공군방공관제사령부,126113294.0,87.9611,2020-04-17,,김민지,,,180181403.0,87.3994,23년 혈액가스 및 전해질분석기 구매,합동상호운용성기술센터
22-15차 연구장비 구매 계약 - 진탕욕조,국군재정관리단,321424364.0,,2016-03-12,라온시스템즈(주),채순기,최승룡,,184547915.0,87.4307,항-17-018 자동연역분석기 시약 등 37종,국군재정관리단
(21G085-H)'22년 스펙트럼 측정분석장비 유지보수용역,제6619부대,,73.4915,,노무법인 디와이,문형곤,윤영선,경기도 과천시 교육원로98(중앙동),316519373.0,80.8274,안보학술연구용역(3. 국내안보환경과),제9691부대
군사시설 타운화 개념의 부대 재배치 방안 연구,해군본부,,88.2138,2021-03-11,사단법인 한국군사시설연구소,김하근,이영익,경기도 하남시 미사강변한강로155 (망월동) 미사강변 SKV1센터 524-2,512737134.0,94.9923,20-해군 무장체계의 효율적인 창정비 방안 연구,합동참모본부
국방기술조직을 활용한 함정 기술관리 방안 연구 용역,공군군수사령부,48360287.0,87.6932,2017-06-21,국방대학교산학협력단,이재관,석재민,"경기도 안양시 동안구 시민대로387  A동 1201-1호(관양동,디지털엠파이어)",,87.4198,CSRP 화생방 연구 재료 초자 구매,중앙행정기관
(23G054-H)24~25년 스펙트럼측정분석장비 유지보수,육군본부,33445219.0,95.7936,2023-06-02,그린종합사무기,장복철,이재원,서울특별시 구로구 공원로11길 33(구로동),174149636.0,,영평사격장 주변지역 주민이주 방안 연구,중앙행정기관
[연구소] '22-2차 감정재료 구매,공군군수사령부,,87.568,2016-01-06,성원금속,전건욱,최동식,,,87.417,공개출처정보(OSINT) 활용 사이버위협 분석방안 연구,국군재정관리단
UAV 정비용 장비(스펙트럼 분석기) 구매,육군군수사령부,,88.139,2023-01-28,(사)한국안보문제연구소,전건욱,이동준,,91766794.0,,군사과학기술대학원(가칭) 신설방안 연구,국군재정관리단
000사업 핸드형 네트워크 분석기 구매,제3707부대,27050938.0,,2017-12-02,,김석용,,,,87.3856,국방데이터 품질점검 실증 및 운영방안 연구 사업,제2879부대
스마트 공군력 건설을 위한 조직 발전 방안 연구,국방대학교,,87.7991,2022-09-09,광운대학교산학협력단,김진원,현동재,서울특별시 서초구 남부순환로319길 13(서초동),174439733.0,87.4308,의무장비(자동분석기 생화학용중형) 구매(20197014-D),국군재정관리단
(237097-E) 연구활동재료(시약) 구매,국군재정관리단,0.0,95.0548,,에스텍아이앤씨 주식회사,유훈,조성호,"서울특별시 강북구 삼양로173가길55-0 (우이동, 메이트하우스)1동402호",1582626472.0,,군인연금제도 발전방향 연구,중앙행정기관
군인연금 수급요건 및 분할연금 도입 연구,방위사업청(운영지원과),,81.7305,2020-04-28,동국대학교 WISE캠퍼스 산학협력단,이정훈,이동준,경기도 수원시 장안구 하률로12번길80-0 (천천동),111250870.0,87.4338,사이버전자전 작전수행개념 및 핵심요구능력 연구,중앙행정기관
17-공군 사이버보안 교육 및 관리체계 구축 연구 용역,국방부(운영지원과),,87.7341,,(주) 솔포스텍,주현,이희국,"경기도 용인시 기흥구 덕영대로1732-0 (서천동, 경희대학교 국제캠퍼스내)",95012086.0,87.4897,내부피폭선량분석셋(삼중수소 전처리장비셋) 구매,중앙행정기관
사이버전 수행개념 및 절차 연구,국군재정관리단,,88.0197,,사)국방정보통신협회,,임규옥,"서울특별시 금천구 가산디지털2로184, 10층 1017호(가산동, 벽산디지털밸리2차)",,84.1319,19-12차(3) 의무장비 혈액가스분석기 소형 구매,기관
(247115-B) 연구활동재료 구매,국군의무사령부,,,2020-06-18,재단법인 한국군사문제연구원,이문걸,,,211711252.0,87.2258,미래 육군 전술감시체계 운영개념 정립 기술연구 용역,기관
스펙트럼용 분석기 구매(20199125-F),육군본부,33993156.0,,2020-05-31,우주산업플랜트 주식회사,오상석,문우정,대전광역시 유성구 테크노2로187-0 (용산동) 미건테크노월드 2차 B동 217호,70707603.0,87.8949,23년 전투발전 연구용역(1),4284부대
복합재 항공기 구조물 구조건전성 해석기법 연구용역,국방부조사본부,154109974.0,88.0832,2021-10-24,주식회사 공공정책성과평가연구원,전춘석,김영숙,"서울특별시 송파구 송파대로201-0 (문정동) 송파테라타워2 A동 1213,1214,1215,1216,1217,1218호",,93.2354,22-병력절감형 Smart Battleship 함정 설계연구,국군제1068부대
18~22 방위산업육성 기본계획 수립을 위한 정책연구,국방전산정보원,,88.0727,2023-07-01,와이엠,최기혁,박유정,"서울특별시 동작구 남부순환로2021, 2층 (사당동)",78457581.0,77.1669,한국형전투기를 위한 무장선정 최적화방안 연구용역,중앙행정기관
국제공동연구용역(1.한국-NATO안보ㆍ국방...),합동상호운용성기술센터,,,2023-02-18,마린전자상사,기유경,조진환,"서울특별시 용산구 청파로 40, 삼구빌딩 1815호(한강로3가)",,,차륜형지휘소용차량 시설사업기본계획 연구용역,중앙행정기관
22-4-작전지휘시설 신축 선행연구용역,국군재정관리단,28541578.0,,2021-03-22,(주)두두아이티,김은기,전치우,"서울특별시 금천구 가산디지털2로184, 10층 1017호(가산동, 벽산디지털밸리2차)",,93.4883,국외조달 군수품의 합리적인 관세부과방안 연구,중앙행정기관
기갑및기계화부대 중대급 교전훈련장비 선행연구 용역,국군재정관리단,119063703.0,88.2231,2023-04-15,재단법인 한국군사문제연구원,김진욱,한달연,"서울특별시 강남구 언주로527, 10층 (역삼동)",196788665.0,87.3212,활주로지역 배수로 개선 분석평가 및 선행연구 용역,군
(246255-C) 외상처치 시뮬레이션 킷 등 5종 구매,제9965부대,20381394.0,,2022-02-14,(사)21세기군사연구소,권혁웅,문송철,"충청남도 논산시 대학로 121, 건양대학교 산학협력단(내동)",181802661.0,,상층대기분석장비(전자모듈 등18종) 구매,중앙행정기관
20-PKMR엔진 PBL 비용대효과분석 및 성과지표 연구,국군재정관리단,,62.7042,2016-06-30,사단법인 한국소음진동공학회,황순용,변정옥,"서울특별시 구로구 디지털로243, 705호(구로동, 지하이시티)",,,공군 소프트웨어(SW) 인력관리 표준방안 연구,군
궤도장비 난방기 야전 시험장비 개발 연구용역,국군재정관리단,6742022.0,78.2213,,,김규형,유선미,"경기도 고양시 일산동구 백마로223, 431호(장항동, 현대에뜨레보)",,,23년 전투발전 연구용역(3),중앙행정기관
전투실험용 휴대형 통합 네트워크 분석기 구매,제2307부대,32830778.0,82.763,,주식회사 가람메드,권시형,엄영석,"대전광역시 서구 대덕대로319, 2층 212호(월평동, 우림빌딩)",165116710.0,,[연구소] '22-2차 감정재료 구매,국군복지단
자동염기서열 분석기 레이져 등 3종 구매설치,공군본부,,75.6474,,(주)에프오알엠도시건축공간연구소,김명운,정민수,대전광역시 유성구 죽동로157-0 (죽동),186691644.0,85.3899,공군기지 무선통신 기반구축 및 운영향상 방안 연구,군
의무장비-혈액가스분석기 중형 구매,육군본부,,87.8929,2022-06-04,주식회사 쏠바이오텍,,김종원,,103542291.0,,잠수함 업체주도 연구개발 장비의 시험평가 방안,중앙행정기관
23-6차 조달 연구장비(겔이미지 시스템) 구매 계약,국군재정관리단,,,,(주)알에프넷,김기순,장현주,"서울특별시 서대문구 경기대로47, 307호(충정로2가)",517993266.0,,(20F172-I)00부대 라돈저감방안 연구 용역,군
17-리더십 진단도구 개발 연구용역 계약,공군군수사령부,20956453.0,95.9207,2021-04-23,주식회사 진성하이텍,김종광,이지윤,"서울특별시 구로구 디지털로31길41-0, 603호, 604호, 605호(구로동, 이앤씨벤처드림타워6차)",160281391.0,88.222,실전적 모의지원 연구 용역,군
ATCIS 2차 성능개량사업 연구,국군재정관리단,,95.5254,2017-06-20,주식회사 디오르마,서준호,박소연,,181329650.0,,22년 병리장비운영소모품(6) 요분석검사 27품목 구매,중앙행정기관
군 장병 정신건강 실태조사 연구용역,공군제16전투비행단,26550970.0,87.9299,2017-02-16,진해상사,양진수,박수정,부산광역시 강서구 녹산산단232로 38-6(),,,CH/HH-47D 성능개량 시설사업기본계획 연구용역,중앙행정기관
(247116-C) 연구활동 재료(시약) 구매,제7군단,,87.9713,2023-06-24,상명대학교산학협력단,곽민수,전영은,대전광역시 동구 옻밭5길159-0 (판암동),88445719.0,87.6824,정보통신기능 성능개량 체계 구축 연구 용역,중앙행정기관
죽변 비상활주로 민ㆍ민갈등 해소방안 연구,공군군수사령부,22463659.0,97.1357,,주식회사 베테랑콤,김근우,조대현,"경기도 안양시 동안구 시민대로387  A동 1201-1호(관양동,디지털엠파이어)",80013895.0,93.5215,한국적 PKO 현 기반체계의 문제점 분석과 발전 방안,중앙행정기관
UAV 정비용 장비(스펙트럼 분석기) 구매,국군화생방방호사령부,32509275.0,,2021-06-21,라온시스템즈(주),주형훈,최재우,서울특별시 용산구 새창로128-1 (용문동) 2층,,,육군 자살예방교육 프로그램 연구개발,중앙행정기관
“제○○동원사단 부대사” 연구 용역,국군의무사령부,29482113.0,,2016-12-26,,오문진,구종우,충청북도 청주시 서원구 성화로99,165120449.0,87.7473,24년 전투실험발전 연구 용역(1),중앙행정기관
국군역사기념관(가칭) 건립사업 선행연구,4284부대,8826037.0,95.5419,2023-01-25,가천대학교산학협력단,김윤영,권시형,경상남도 김해시 수가로242-9(응달동),,,17년 지형분석장비 물품 구매설치,국군재정관리단
(21F049-I)제2軍 대테러 종합훈련장 선행연구 용역,국군재정관리단,,94.1513,2016-10-25,(유)목양,,오성열,"경기도 성남시 수정구 위례대로83(창곡동, 국방문화센터)",67630305.0,94.1496,공개출처정보(OSINT) 활용 사이버위협 분석방안 연구,국군재정관리단
비전통위협 대비군시설활용및 공용면적 기준 개정연구,국군수도병원,50204376.0,68.236,2020-05-29,대지이앤씨산업 주식회사,최명식,승아현,"인천광역시 연수구 갯벌로27, 인천대학교 이노베이션센터(송도동)",,94.8456,22-수중광통신의 군사적 활용방안 및 운용효과 분석,합동상호운용성기술센터
대대급이하 전투지휘체계(B2CS) 양산사업 비용분석,제5군단사령부,40795801.0,,2018-04-20,주식회사 티앤제이커뮤니케이션,박재범,김혜정,"서울특별시 강남구 언주로527, 10층 (역삼동)",74586828.0,93.613,활주로지역 배수로 개선 분석평가 및 선행연구 용역,국군재정관리단
(21G023-A)생물안전3등급 연구시설 유지보수 용역,국군재정관리단,120321033.0,89.2557,2016-01-06,주식회사 혜성산업,최치원,박진호,경기도 수원시 영통구 삼성로274 (원천동) 수원팩토리월드 410호,96023051.0,,인사교육장교 경력관리 개선을 위한 연구용역,중앙행정기관
(20F087-A)부대재배치 사업 선행연구용역,국방부(운영지원과),,,,고려대학교산학협력단,정영욱,이도제,대전광역시 유성구 테크노3로65-0 (관평동) 한산에스메카 333호,100532838.0,84.1297,LVC체계와 훈련모델 방안 연구용역,중앙행정기관
표준훈련장 설치기준 정립 연구 용역,국군재정관리단,,87.9362,,주식회사 글로벌메타,정승인,이형걸,서울특별시 영등포구 영등포로35길10-0 (영등포동6가) 8층 809호,85392258.0,,개전초 동원긴요부대 전시 완정성 보장 방안 연구,중앙행정기관
군내 성희롱 행위자 재발방지 프로그램 연구,합동참모본부,24433454.0,87.7131,,세종대학교산학협력단,김지영,원해나,"경기도 성남시 수정구 위례대로83(창곡동, 국방문화센터)",,,분석기 주파수편이용 2EA 구매(20199199-I),중앙행정기관
ㅇㅇ학교 전통 계승 및 발전방안 학술연구용역,국군대전병원,,60.3748,2018-03-23,호원대학교 산학협력단,김영국,백수정,경기도 군포시 고산로151번길28-0 (당정동) 403호,87201541.0,,육군 NCS 기반 직무 및 요구역량 조건표 연구용역,중앙행정기관
한국형 임무형 지휘 정착을 위한 리더십 적용 연구,제2307부대,21139917.0,88.3108,,성원금속,조윤규,이덕호,대전광역시 유성구 테크노2로187-0 (용산동) 미건테크노월드 2차 B동 217호,131497779.0,89.5397,상륙작전에 적합한 4.2대체전력 확보 연구 용역,국군제1068부대
국방대학교 안보현안분석 등 2종 인쇄 용역,공군본부,17439380.0,88.241,2020-04-10,산업연구원,김현성,김영철,"충청남도 천안시 서북구 쌍용17길8, 3동 1202호(쌍용동, 쌍용모란아파트)",99241828.0,,전투복 위장무늬  디자인 및 적용소재 연구용역,중앙행정기관
23-D-기체질량분석기 구매,국군수송사령부,,88.3609,2023-06-22,한국생산성본부,김종성,조성희,서울특별시 종로구 종로3길17 (청진동 디타워 디2),69914344.0,46.4486,디지털 증거분석체계 라이센스 확보 사업,제9965부대
저고도 공역 통합 관제체계 연동 소요 연구용역,국군재정관리단,,,2022-06-19,서울대학교 산학협력단,,이대용,,,,24년 전반기 육군 정책연구 과제 연구용역,군
스마트 공군력 건설을 위한 조직 발전 방안 연구,국군재정관리단,132498831.0,87.7868,2016-01-06,충남대학교 산학협력단,김주희,김진수,"서울특별시 용산구 청파로 40, 삼구빌딩 1815호(한강로3가)",96291964.0,,잠수함 근무환경의 분석 및 건강모델개발 용역,국군재정관리단
22-6차 연구장비 구매 계약(수정) - 시약및약품냉장고,국군재정관리단,,,2017-08-28,,,황병윤,충청남도 계룡시 서금암3길16-3 (금암동) 101호,,,군 작업환경 및 작업자 보건관리 훈령 발전연구,국군재정관리단
소형무장헬기 양산사업 비용분석,방위사업청,117323409.0,87.901,2020-08-18,법무법인 일현,김준식,이도제,"서울특별시 강남구 언주로527, 10층 (역삼동)",,,자동염기서열분석기 정비 및 검교정,국군재정관리단
23년 전투발전 연구용역(3),국군재정관리단,50503216.0,,2018-07-09,새롬상사,이영환,안민식,"충청남도 논산시 대학로 121, 건양대학교 산학협력단(내동)",,,비행대대 조종사 적정 편제 및 대체 인력 운영 연구,중앙행정기관
CH-47D 후방도어 실린더 정비기술 개발 연구용역,국군재정관리단,,,,사단법인 한국고용복지연금연구원,곽민수,이경미,"서울특별시 송파구 법원로9길26, D동 1104호(문정동, H-비즈니스파크)",44570134.0,,마린온 3차 PBL사업 적용범위 사업타당성 조사 연구,제5378부대
특수작전용 유탄발사기사업 선행연구,방위사업청,136141864.0,,2020-04-27,(사)국방시설연구협회,박영선,,,,,항공기 RCS/IR Signature 추출 및 해석 연구,군
국방 데이터센터 발전방안 연구,국방부(운영지원과),26216612.0,88.7408,2021-05-08,주식회사피레타,권혁웅,유재웅,서울특별시 중구 무교로16(무교동),98970726.0,,의료기재(금연구역 표지판 등 85종)구매,중앙행정기관
원자력함정 운용시 지원시설  국내법규 등 연구 용역,국군재정관리단,,87.7816,2020-08-27,사단법인 안보경영연구원,장복철,엄기숙,"서울특별시 송파구 중대로135, 동관 1201호 (가락동, 아이티벤처타워)",105771411.0,,군사타운 개념의 부대배치 발전방향 연구 용역,중앙행정기관
병리장비소모품(생화학 자동 분석기 등 84종) 구매,해군본부,,,2017-08-21,예원,정재호,이효선,"광주광역시 서구 상무중앙로110-0 (치평동, 광주보험회관)",32867258.0,,국방 전력발전체계에서의 전투실험체계 정립 연구용역,합동참모본부
국방군사시설 건축바닥면적 기준 개정 연구용역,제7군단,60575433.0,,,주식회사 신나는세상,김건희,,"경기도 시흥시 서울대학로173(정왕동, 서울대 시흥캠퍼스)",,87.6705,교육연구자료 원문 DB 구축 용역,중앙행정기관
특수 과학화 전술훈련장 선행연구 용역,제9691부대,128379855.0,87.7581,2020-07-22,,,,"서울특별시 금천구 가산디지털1로1-0 (가산동, 더루벤스밸리) 1208호",211881287.0,87.3633,연구소 장비(분광광도계 등 4종)구매,기관
군용비행장 소음측정 및 분석용역(해),4284부대,,88.0399,2016-01-06,주식회사 한솔엔지니어링글로벌,이화선,이희섭,"경상남도 창원시 마산합포구 경남대학로7-0 (월영동, 경남대학교)",89201184.0,,21-함정 창정비 효율화 방안 연구,중앙행정기관
4차 산업혁명 기술 함정적용 방안 연구용역,합동상호운용성기술센터,,,,주식회사 녹십자이엠,박준빈,류제성,"경기도 고양시 일산동구 강석로33, (백석동, 대우IAAN) 2층 217호",162182059.0,,16-상층대기 분석장비 외주정비,기관
헬기와 UAV의 통합운용을 위한 비행장 설치방안 연구,방위사업청(운영지원과),,,2022-10-09,주식회사 동화이엔지,김여기,양희성,부산광역시 사하구 구평로16번길 71(구평동),62268118.0,80.5063,군 C4I체계 보호방안 연구 용역,중앙행정기관
미래 무기체계 소요 연구용역,국군재정관리단,39519358.0,75.6908,2022-12-10,주식회사 유니텍,조민구,황혜원,서울특별시 강동구 성내동245-4,144196351.0,87.8479,21-375 분석기  주파수편이용 등 1품목,국군재정관리단
(237209-F) 자동염기서열분석기 구매 ,공군군수사령부,,,,청주대학교산학협력단,채수장,양현정,경기도 의왕시 오봉산단3로25 (삼동) 의왕테크노파크 더리브비즈원 1동1528호,,85.7518,전인교육 설문지 개발 및 활용성 증대 방안 연구,기관
의료기재(금연구역 표지판 등 85종)구매,공군본부,131842760.0,,2016-06-30,,,김정자,서울특별시 노원구 화랑로574-0 (공릉동),,87.2885,정보학교 드론 연구용역,기관
23-6차 조달 연구장비(겔이미지 시스템) 구매 계약,육군본부,143540288.0,87.9764,2017-12-14,,전건욱,이종범,,110944524.0,,복합재 내부결함 위험도 평가방법 연구개발,기관
00부대창설을 위한 공공갈등 관리방안 연구용역,국군화생방방호사령부,,94.3853,2017-11-24,사단법인 한국방위사업연구원,이문걸,정봉원,,,92.0596,대공표적예인기 탑재장비 성능개선 등 2건 비용분석,군
알코올 대사체 분석방법 연구,공군제16전투비행단,31776655.0,80.5428,2023-09-07,대양전기공업(주),경상현,정해인,경상남도 고성군 동해면 내산3길51-1,,,(207180-H)스펙트럼측정/분석장비 노후교체,합동상호운용성기술센터
22년 계룡스파텔 시설개선사업 선행연구 용역,방위사업청(운영지원과),47666299.0,87.9585,,연세대학교 산학협력단,홍영기,조대현,경상북도 포항시 북구 대해로15-0 (죽도동) 2층,445350251.0,65.1024,19년 작전계획분석모델 장비교체사업(20198065-E),국군복지단
한국형 비용분석 전산모델 고도화 ISP 수립,국방부(운영지원과),122485939.0,,,사단법인 한국국방발전연구원,오진성,김호영,대전광역시 서구 배재로 155-40배재대학교산학협력단,96832223.0,87.5232,미래 우주전장 분석 및 공군 우주전략 수립 연구용역,국군재정관리단
차기전술차량 계열화 방안 연구,국군재정관리단,0.0,,2016-01-06,공군사관학교 산학협력단,김진원,,"서울특별시 동작구 상도로133, 5층 (상도동, 두덕빌딩)",102302660.0,87.4687,23년 성능개량 전파분석체계 도입사업,중앙행정기관
군인 고용보험 가입의 효과성 연구,제5738부대,24006333.0,91.5584,2018-04-28,해성사,조민구,탁승주,"경기도 포천시 호국로 1007, 대진대학교 산학협력단(선단동)",56223580.0,97.1634,생화학분석기(자동식) 1대 구매 설치,대학
취약점 진단분석체계 교체사업(209086-F),국군재정관리단,21275127.0,87.7075,2020-10-26,,김종광,윤진영,"서울특별시 용산구 청파로 40, 삼구빌딩 1815호(한강로3가)",595556697.0,,해병대 산소분석기 4개 구매,중앙행정기관
상층대기분석장비 유지보수,육군군수사령부,,87.796,2017-12-29,주식회사 알앤피파트너스,김태일,박한미,"서울특별시 용산구 한강대로62길41, 3층 (한강로1가)",73254307.0,96.4624,22-3차 개념설계 기술지원 연구용역,중앙행정기관
군 급식 피복류 조달이관 성과분석 연구,해군본부,116703580.0,87.4918,2022-05-12,(주)프라이전트,,,"서울특별시 강북구 삼양로173가길55-0 (우이동, 메이트하우스)1동402호",88525135.0,87.3339,한국군의 곤충매개 감염질환 예방 전략 개발 연구용역,중앙행정기관
민관군 상생을 위한 다락대훈련장 운영방안 연구용역,해군본부,60076935.0,,,사단법인 안보경영연구원,이광형,권연주,대전광역시 유성구 죽동로157-0 (죽동),,92.3384,00부대 조직문화 진단 연구용역,중앙행정기관
지상작전과 연계한 사이버전 수행방안 연구,국군재정관리단,58977699.0,94.5087,2022-01-21,주식회사 유노미아,NAKAZAWA TAKASHI,안가영,"서울특별시 성북구 월계로36길27-0 (장위동, 꿈의숲대명루첸아파트) 105-1302",,87.9867,합동성을 고려한 대전차전력의 적정 소요 연구,중앙행정기관
KUH-1 엔진 시험장비 고장예측시스템 개발 연구용역,공군군수사령부,45081233.0,87.6165,,주식회사 이엠텍아이엔씨,김형철,김한음,"서울특별시 강남구 언주로527, 10층 (역삼동)",,,22-11차 연구장비 구매 계약  - 의약품 냉동고(수정),중앙행정기관
선진전투실험 발전현황 및 육군전투실험 향상방안연구,합동참모본부,113588905.0,87.7426,2016-01-06,,,,,119575109.0,,천궁 창정비 시설사업기본계획 연구용역,4284부대
육군 안전수준 진단체계 연구,국군재정관리단,62007048.0,95.1874,,라온시스템즈(주),노광현,최승룡,서울특별시 동대문구 천호대로 157(),,87.4958,항공용금속재료 가공방법별 기계적물성치측정방안연구,중앙행정기관
AI를 이용한 기상관측장비 고장예측 기술 선행연구,제5019부대,,72.1479,,주식회사 명품시스템,송광선,,,195774608.0,,(20F083-I)소음영향도작성을위한소음측정및분석용역,제9691부대
23년 전투발전 연구용역(4),방위사업청(운영지원과),9227889.0,88.0224,,,,박미진,서울특별시 마포구 백범로35-0 (신수동),208044107.0,87.6422,주거시설 관리 및 운영 전문성 제고 방안 연구,군
18-정긍모 제독 평전 연구,국군의무사령부,,95.2815,2021-04-12,주식회사 바른프린테크,김규호,허정성,"서울특별시 금천구 가산디지털2로184, 10층 1017호(가산동, 벽산디지털밸리2차)",,87.5362,인터넷접속/전자우편 통제 및 분석체계 교체사업 리스,중앙행정기관
(20F168-I)00부대 부대개편 시설사업 선행연구 용역,국군재정관리단,,87.8714,,주식회사 사이버앤네트워크연구원,이형화,김우중,"경기도 성남시 수정구 복정로84번길 22-15,(B-001호) (복정동)",111616579.0,87.5371,국방컨벤션 발전방향 연구용역,중앙행정기관
사이버 자산정보 수집 분석체계 라이선스 구매,제9965부대,,87.7292,,,노광현,,경기도 하남시 미사대로520-0 (덕풍동) 현대지식산업센터 한강미사2차 D동 A430호,99141123.0,75.0272,미래 예비전력 정예화를 위한 동원개념 재설계 연구,국군수도병원
군내 성희롱 행위자 재발방지 프로그램 연구,공군본부,,95.7676,2024-02-26,주식회사 단군픽쳐스,이인석,김선철,"서울특별시 서초구 강남대로369, 9,10,13,14층(서초동, 디에타워)",78776711.0,94.0532,수직이착륙형 무인항공기 비용분석,군
00 0000 분석체계 구축,제20전투비행단,,89.5558,2017-12-06,인하대학교 산학협력단,전건욱,유지수,"대전광역시 서구 둔산대로117번길44-0 (만년동, 엑스포오피스텔619호)",1668589670.0,87.6671,미래 육군 제대별 임무와역할  적정 지휘폭 정립 연구,군
상층대기분석장비 유지보수,국방부(운영지원과),,94.2266,2021-07-19,주식회사 화성에어토탈,유상지,정택호,"서울특별시 금천구 디지털로9길 33, IT미래타워 1905(가산동)",,52.2007,상호운용성 평가 업무의 정량화 모델에 관한 연구,군
분석기(회로망용) 구매,해군본부,146047838.0,96.5679,2018-01-05,선테크 주식회사,박상길,유현국,"서울특별시 영등포구 여의나루로67, 신송빌딩 703호",,95.068,병영환경 및 상담대상자 특성과 연계한 상담기법 연구,중앙행정기관
작전환경고려 전투실험 방법 및 평가 분석방법 연구,국군재정관리단,,93.2886,2021-03-13,주식회사 에스알씨,김운용,이춘근,충청남도 서산시 해미면 한서1로 46 한서대학교내산학협력단,86378136.0,87.7094,22-공-분석기  주파수편이용 구매(229037-F),국군재정관리단
합동최종공격통제관(JTAC)의 종합 발전방향 연구,국군재정관리단,127597563.0,,,예원,송태현,김재필,"서울특별시 금천구 가산디지털1로1-0 (가산동, 더루벤스밸리) 1208호",87798529.0,,(227163-F)연구활동재료(초자) 구매,중앙행정기관
군수송기 활용 산불진화능력확보 필요성 등 연구용역,국방부군사편찬연구소,45669690.0,79.3115,2018-03-13,주식회사 제이에스원,정주교,허진실,"서울특별시 성동구 왕십리로 222, 한양대학교 내 한양종합기술연구원 110호(행당동)",95977990.0,87.4167,공개SW 군 확산을 위한 정책수립 연구,중앙행정기관
장보고급 잠수함 디젤감시장치 연구개발 용역,국군재정관리단,19124610.0,94.9705,2016-01-06,숙명여자대학교산학협력단,김길원,박계향,"경기도 안양시 동안구 시민대로 266, 평촌샤르망오피스텔 909호(관양동)",,,상층대기분석장비 유지보수,중앙행정기관
정책현안연구용역(글로벌중추국가의...),국군재정관리단,108473012.0,,2023-03-14,차이,김민균,황병윤,"서울특별시 마포구 마포대로 173, 현대하이엘 816호(공덕동)",87009325.0,,(22F008-I)주민 지자체함께와상생하는훈련장연구용역,중앙행정기관
궤도장비 난방기 야전 시험장비 개발 연구용역,국군수도병원,5436270.0,,2022-04-09,주식회사 이노메디케어,김진욱,김예빈,,201883162.0,85.2239,군 실내공기질 관리 개선방안 연구용역,중앙행정기관
18-해상종합전술훈련장사업타당성 국내개발가능성연구,국군재정관리단,154356062.0,78.0336,2016-08-22,(주)글로벌텔레콤,조성호,김서현,서울특별시 서초구 서운로1길34-0 (서초동),99703696.0,87.745,차륜형장갑차 성능개량 사업 비용분석,기관
LiDAR 기술의 4차 산업 적용방안 연구용역,공군군수사령부,115719025.0,64.5709,,사단법인 녹색삶지식원,이재평,최규식,"서울특별시 용산구 한강대로211, 102동 1605호(한강로1가, 대우월드마크용산)",183773690.0,87.507,국회 협력 조직 및 업무 개선 방안 연구,중앙행정기관
22-4-작전지휘시설 신축 선행연구용역,육군교육사령부,,,2020-05-17,주식회사 서경약품,권택연,김기현,"대구광역시 달서구 달구벌대로1095-0 (신당동, 계명대학교)",528172099.0,87.7325,00사업 선행연구용역,4284부대
스펙트럼용 분석기 구매,국방부(운영지원과),,,2022-06-20,(사)국방시설연구협회,유재웅,이민혜,"충청북도 청주시 청원구 오창읍 중부로760,115동 3701호(오창 롯데캐슬 더 하이스트)",176645224.0,87.4915,사관생도 생활실 시설기준 개정 연구용역,중앙행정기관
17-1 상층대기분석장비(UAAS-10) 외주정비,제9691부대,32196622.0,87.9955,2016-01-06,,,김종원,서울특별시 강남구 논현로189길6 (압구정동),,84.6859,20년 해병대 조직문화 수준진단 표준설계 연구용역,합동참모본부
22-G/K 창정비 사업 성과분석 연구,국방부(운영지원과),23066429.0,,2017-12-26,한양대학교 산학협력단,김금자,송포,"인천광역시 미추홀구 방축로194, D동 207호 2층 1호 (도화동)",80903372.0,,ArmyTIGER4.0네트워크정보유통능력분석연구용역,중앙행정기관
전투복 위장무늬  디자인 및 적용소재 연구용역,국방부(운영지원과),131268233.0,51.8084,2016-01-06,주식회사 제니컨벤션,고영호,전승열,"서울특별시 송파구 백제고분로501, 301 (방이동 청호빌딩)",,,(21G087-I)범국민 안보의식조사 연구 용역,중앙행정기관
부품정비대대 - 분석기  스펙트럼용 구매,공군본부,17249855.0,,2016-01-06,동국대학교 WISE캠퍼스 산학협력단,김승준,,,108127141.0,87.3828,ㅇㅇ분석 대응활동장비 구매,중앙행정기관
22-공-분석기  주파수편이용 구매(229037-F),제3697부대,27759175.0,88.1227,2023-04-27,디아이에스아이앤씨 주식회사,김기순,이수현,"서울특별시 중구 남대문로63 (남대문로2가,한진빌딩)",165447418.0,87.7782,정기기초연구과제용역(5.인공지능강화학습...),4284부대
22-해상기반 우주발사체계 개념 연구,국방부(운영지원과),,,2023-07-14,한양대학교 에리카산학협력단,문유경,송유근,"경기도 고양시 일산동구 중앙로1305-30, 728호 (장항동, 일산마이다스오피스텔)",526261383.0,,2.75 유도로켓(차량탑재형) 시설사업 선행연구,중앙행정기관
18~22 방위산업육성 기본계획 수립을 위한 정책연구,국군재정관리단,,,2021-05-06,아이티 월드,류재산,김한욱,서울특별시 영등포구 여의대방로61길2-0 (신길동)천록빌딩105호,196018316.0,78.0562,SUPPRESSED,중앙행정기관
22년 전투발전 연구용역 과제 세미나 수행 용역(5),국군수송사령부,114201026.0,79.7828,2016-08-17,주식회사 아성엠,김민균,박계향,경기도 수원시 영통구 신원로306-0 (원천동) 이노플렉스 1동 1101호,149816486.0,,주요 선진국의 획득제도 사례분석을 통한 시사점 연구,군
공군 방공포부대 이전 요구 연구용역,국군재정관리단,132672055.0,82.2164,2021-10-12,주식회사 삼우에이엔씨,류장수,김경호,"경기도 안양시 만안구 만안로49, 519호(안양동, 호정타워)",79838096.0,,무기체계 개발시험평가 역할 재정립에 관한 연구,4284부대
분석기 주파수편이용 2EA 구매(20199199-I),국군간호사관학교,,81.3157,,동성켐텍,박지현,권택조,"서울특별시 종로구 율곡로17길7-38, 수지빌딩 7층(이화동)",53908462.0,,효율적인 유지보수 사업관리 방안 연구,국군복지단
국방대학교 안보현안분석 등 2종 인쇄 용역,국군재정관리단,,,2020-10-31,주식회사 지니클라우드,박영선,두진욱,서울특별시 강서구 마곡중앙5로1길20 (마곡동) 520호,185196007.0,87.3312,17년 분광분석 폭발물탐지 연구용역,중앙행정기관
BLT급 쌍방훈련 제병협동훈련장 구축 연구용역,국군재정관리단,11879997.0,82.4799,2022-02-22,사단법인 대한민국공군발전협회,박영욱,심상필,"서울특별시 용산구 청파로 40, 삼구빌딩 1815호(한강로3가)",106568111.0,87.3898,23-F-최대전력 분석기 구매,중앙행정기관
함정 네트워크 설계 및 무선통신 발전방향 연구 용역,제5738부대,,97.608,2021-07-08,사단법인 대한민국 육군발전협회,김종성,최동식,충청북도 괴산군 문무로85-0 중원대학교내 (괴산읍),65890795.0,,21년 공군 항공무장효과분석모델 통합유지보수 용역,국군재정관리단
선외기 프로펠러 안전장치 성능개선 연구용역,해군교육사령부,323642948.0,87.6322,2021-05-29,(사)21세기군사연구소,장철호,이교석,경기도 수원시 장안구 하률로12번길80-0 (천천동),1891323656.0,87.9603,도약적 우위능력을 위한 미래 전력 창출 방향 연구,중앙행정기관
하이드로릭 입자분석기 구매,국방시설본부,175273855.0,64.3928,,주식회사 우성텔레콤,김형철,강민식,경기도 김포시 월곶면 김포대로2708-37,479746719.0,88.0353,항-20-036 자동면역분석기,중앙행정기관
K200A1장갑차 시뮬레이터 연구개발,제6619부대,,,,(사)한국안보문제연구소,김종하,최준호,"서울특별시 용산구 한강대로30길25 (한강로2가, 아스테리움 용산) 11층 2호",159084497.0,88.012,병력동원 지정 및 훈련체계 효율화 연구,기관
PLS차량 운용효과 Arena 모델링 연구 용역,공군군수사령부,411009782.0,88.0317,2021-09-03,주식회사 신나는세상,박정기,김근우,대전광역시 유성구 죽동로157-0 (죽동),152971204.0,,24년 자동염기서열분석기 검교정 등 정비,중앙행정기관
KUH-1 헬기 견인장치 안전센서 개발 연구용역,국군재정관리단,99162230.0,62.3198,,(주)에프오알엠도시건축공간연구소,조희아,정주교,"서울특별시 강남구 테헤란로 142(역삼동, ARC PLACE) 7층",166918778.0,87.436,정신전력 평가도구 개발 연구용역,군
안전하고 신뢰할 수 있는 AI활용 국방가이드라인 연구,국군재정관리단,,60.5081,,주식회사우정상사,김종성,유연호,"서울특별시 강남구 언주로527, 10층 (역삼동)",74661145.0,,24-3차 조달 연구장비(의약품 냉동고) 구매,국군재정관리단
전차와 육군헬기의 혁신적인 운용개념 발전 연구,국군수송사령부,31583440.0,37.138,,(주)지디엘시스템,이용호,김지혜,"경기도 용인시 기흥구 기흥로58-1 (구갈동) 기흥ICT밸리 SK V1, A동 2406호",49671519.0,,22년 병리장비운영소모품(6) 요분석검사 27품목 구매,국군재정관리단
효율적인 전투체계 창정비 방안 연구용역,국군재정관리단,18374722.0,88.2678,2023-03-03,(주)알에프넷,,김중곤,대전광역시 유성구 대덕대로512번길20-0 (도룡동) 대전정보문화산업진흥원 304호,170482149.0,,21년 공군 항공무장효과분석모델 통합유지보수 용역,국군재정관리단
공무직근로자 등 임금체계실태조사 및 고용환경 분석,해군군수사령부,,57.5639,2016-09-17,(주)제트코,변중무,신호철,서울특별시 금천구 가산디지털2로123-0 (가산동) 월드메르디앙벤처센터 2차 317호,68050381.0,,잠재적 미사일 위협대비 워게임 활용방안 등 연구,국군수도병원
방위사업 분야 블록체인 적용방안 연구,국방부(운영지원과),122666575.0,87.8744,2021-04-08,주식회사 삼원산업,한민구,송지은,강원특별자치도 삼척시 중앙로230-0 (남양동) 3층,77754399.0,57.2786,120mm 전차포신 약실 검사장비 개발 연구용역,국군재정관리단
아세안확대국방장관회의 사이버워킹그룹 발전 연구,국군재정관리단,10063772.0,46.7567,2022-08-17,주식회사 에이치투엘테크놀로지,이재평,박한미,경상남도 진주시 동진로420 (충무공동),177822285.0,92.6004,20~21년 분석용모델(3종) 유지보수 용역(2019F173-C),국군재정관리단
22년 의무장비(자동분석기 생화학용 중형) 구매,국군재정관리단,41093976.0,,,주식회사 아이티존,김주희,이도형,충청남도 논산시 양촌면 황산벌로1040,92160498.0,84.7019,해상작전헬기 2차사업 기종결정 평가항목/가중치 연구,중앙행정기관
공군 방공포부대 이전 요구 연구용역,공군군수사령부,30742517.0,87.9421,2021-08-19,재단법인 한국산업관계연구원,김윤혁,방윤지,경기도 수원시 영통구 법조로25-0 (하동) SK VIEW Lake A동 1612,50768254.0,,장비 고장예측 시스템 개발방안 기초연구 용역,중앙행정기관
한국형 모듈화 부대구조 필요성과 편성 방안 연구,국군재정관리단,22044393.0,,2016-01-06,성원금속,정주교,엄희정,충청남도 논산시 양촌면 황산벌로1040,87388637.0,87.4471,(24F262-A) 방호시설 폭발실증시험 계측 및 분석용역,국군재정관리단
CSP 획득개선 및 무기체계 가동률 향상방안 연구,국방부(운영지원과),,73.248,2022-12-13,주식회사 지음지식서비스,최명진,임평산,"서울특별시 용산구 청파로47길 100, 숙명여자대학교내(청파동2가)",81254535.0,92.024,군 시설 공사비 기준단가 산정 연구용역(21K018-I),합동참모본부
국내 대형민간항공기 활용 공중발사 가능성 분석 연구,국군재정관리단,,,,사단법인 안보경영연구원,전건욱,,,,,창조국방 추진을 위한 창의적 문화조성 방안 연구,중앙행정기관
군사용 인공지능 윤리적 평가 및 검증요소 연구 용역,합동참모본부,145507047.0,88.1304,2021-06-26,주식회사 공공정책성과평가연구원,최명식,박계향,대전광역시 유성구 유성대로1184번길 29(신성동),,,19년 지형분석장비 교체사업 리스,중앙행정기관
병영도서관 중장기 발전방안 연구,국군화생방방호사령부,,,2018-07-06,주식회사산엔지니어링,한대일,나인성,서울특별시 성북구 삼선교로16길116-0 (삼선동2가),102619582.0,87.7183,ArmyTIGER4.0네트워크정보유통능력분석연구용역,중앙행정기관
군용항공기 비행안전성 인증업무분석 및 발전방안연구,해군군수사령부,16486874.0,,,(주)아이디어정보기술,박정기,,"대전광역시 유성구 대학로 99(궁동, 충남대학교)",,87.6826,무기체계「체계안전성」도입방안 연구,중앙행정기관
(247354-C) 액체크로마토그래피 이중질량분석기 구매,합동참모본부,,88.5212,2017-07-03,주식회사우성메디칼,서경희,김영철,,,,19~20년 육군M&S센터 전문분석관 운용 용역,중앙행정기관
19년 지형분석장비 교체구매(20196112-G),국군재정관리단,100638273.0,87.9148,2022-04-13,,이헌웅,,,87912889.0,,상층대기분석장비 유지보수,국군수도병원
19-추진기 CIS 분석/평가방안 정립 연구,육군군수사령부,136021772.0,,,,,,,88243745.0,87.3635,비상근예비군 확대 및 훈련체계 정립 연구 용역,중앙행정기관
감염 및 외상분야 군의료 특성화 연구용역,국방부(운영지원과),,,2017-08-13,법무법인(유한) 세종,변중무,박진호,"경기도 시흥시 목감남서로9-19 (조남동),601호 메이저타워",95937920.0,,비전투부대 참모부서 소요병력 산정기준 연구용역,중앙행정기관
17년 지형분석장비 물품 구매설치,국군의무사령부,159044629.0,,2021-08-15,(주)두두아이티,권민정,이경생,"서울특별시 강동구 양재대로 1443, 동우빌딩 7층(길동)",169551874.0,87.3901,기술인력육성 보조사업자 운영성과 평가 및 연구,중앙행정기관
잠수함 시운전 제도 개선방안 연구,국군재정관리단,125788769.0,88.5765,,주식회사 서경약품,김동준,김종원,부산광역시 영도구 태종로 233(봉래동5가),54098665.0,84.5652,18~22 방위산업육성 기본계획 수립을 위한 정책연구,군
지하침투 감시장비 선행연구 용역,합동상호운용성기술센터,47482532.0,,,아주대학교 산학협력단,김문선,김선철,"충청북도 청주시 상당구 용암북로44번길3, 101호(용암동)",,88.1648,미군 전투실험 논리 및 기법의 우리군 적용방안 연구,중앙행정기관
16-00원 종합발전 비전 연구용역,국방부(운영지원과),,87.8721,2017-07-21,주식회사 베테랑콤,김근채,유현국,대전광역시 유성구 노은로170-0 (지족동) 스타시티빌딩 6층,85975817.0,,국방상호운용성 발전을 위한 국방EA 수행체계 연구,제9691부대
(226362-F)작전지속지원분석모델장비 도입(리스물건),국방시설본부,,,2018-12-07,(주)씨엠코리아,전옥녀,김흥광,"충청북도 청주시 흥덕구 풍년로79번길3, 3층(가경동)",146514694.0,87.9485,22년 의무장비(자동분석기 생화학용 중형) 구매,제5378부대
국제 해양영역인식 협력 방안 연구,방위사업청,31435935.0,93.9857,,미소커뮤니케이션,문미옥,이효진,광주광역시 서구 화정로280번길3(농성동),74172471.0,81.0391,무기체계 연구개발 협약·성실수행제도 방안 연구,중앙행정기관
KUH-1 헬기 견인장치 안전센서 개발 연구용역,국군재정관리단,,76.5107,2016-07-28,주식회사 엔브이티,정영주,양승국,"서울특별시 금천구 가산디지털1로1-0 (가산동, 더루벤스밸리) 1208호",212153626.0,92.8955,소화기 소음기 선행연구용역,중앙행정기관
예비전력발전세미나 주제연구(Ⅱ) 용역,제9691부대,2941577.0,,2020-05-20,사단법인 대한민국 육군발전협회,,,"서울특별시 영등포구 국제금융로8길25, 6층 607호 (여의도동, 주택건설회관)",206588685.0,87.4253,정기기초연구과제연구용역(8.국가재난사태..),군
국방표준화 개발을 위한 협력기관 지정 활용방안 연구,제2879부대,,90.0698,2016-02-12,한국과학기술원,김영국,정승인,울산광역시 북구 명촌18길8-1 (진장동),44873534.0,,입체영상 처리 및 분석장비 구매,제9691부대
LVC 연동체계 개발을 위한 아키텍처 설계방안 연구,국군재정관리단,17489111.0,,2017-12-23,태린메디칼 주식회사,박지현,안은희,경상남도 함안군 칠북면 삼칠로 1826티엠시 (주),,,함정 연구개발 군 요구조건 관리방안 연구용역,중앙행정기관
조종사 인사관리방안 연구용역,국군재정관리단,12026938.0,67.5891,2018-01-29,(사)21세기군사연구소,박정기,양현정,"서울특별시 금천구 가산디지털2로184, 10층 1017호(가산동, 벽산디지털밸리2차)",71804872.0,53.1739,물류운영체계 개선 연구용역(21J040-B),국군재정관리단
미래 지휘통제체계 발전방안 연구용역,육군본부,129461329.0,,,(주)아인스에스엔씨,권시형,박미영,"경기도 용인시 처인구 모현읍 외대로25번길12-26 (라인빌리지), 201동 302호",52219953.0,71.6133,인사교육장교 경력관리 개선을 위한 연구용역,제5378부대
19~20년 육군M&S센터 전문분석관 운용 용역,공군군수사령부,,,,,오현웅,오세형,"서울특별시 영등포구 도림로462, 206호 (문래동3가, 국화상가)",,,SUPPRESSED,중앙행정기관
(21F049-I)제2軍 대테러 종합훈련장 선행연구 용역,국방부(운영지원과),157224092.0,96.086,,주식회사남동,정희석,서혜진,"부산광역시 해운대구 센텀6로21,  인텔리움센텀 807호,808호(우동)",182246638.0,87.4813,22-수중광통신의 군사적 활용방안 및 운용효과 분석,국군재정관리단
전군 연례 리더십 수준 진단 연구용역,제7군단,,81.2966,2022-05-30,조선대학교 산학협력단,최양열,김연수,전라북도 전주시 완산구 장승배기로263 (평화동1가),159713227.0,,21-『에듀테크 기반 공군 학습플랫폼 재구축 연구』,4284부대
상륙돌격장갑차 수명유지를 위한 방안 연구용역,국군화생방방호사령부,111319126.0,96.2689,2018-06-10,HF테크,김종광,안주섭,"서울특별시 구로구 디지털로243, 705호(구로동, 지하이시티)",552359130.0,86.8312,첨단과학기술의 군 활용성 제고 발전방안 연구용역,중앙행정기관
(246072-F) 분석기 스펙트럼용 구매,국군재정관리단,,87.85,,,정순오,,"경상남도 창원시 진해구 용원남로56번길1, 101 (용원동)",213494292.0,87.4032,상층대기분석장비 유지보수,국군재정관리단
국제공동연구용역(2.군병원의경쟁력..),합동참모본부,38789404.0,89.0921,2021-01-16,주식회사 케이제이,최광열,김우중,"경상남도 창원시 진해구 용원남로56번길1, 101 (용원동)",,,21-공-신호발생분석기 구매,중앙행정기관
운용제원 분석 기반 장비수명 판단방안 연구,육군본부,129466635.0,,,주식회사 휴먼씨엔씨,권정환,이종범,"경기도 안산시 상록구 샘골로136, 2층 204호-166 (본오동)",102048434.0,84.4368,23년 전투실험(연구용역사업),중앙행정기관
통신 정비장비(스펙트럼 분석기) 구매,국군재정관리단,,,2020-05-01,피엘앤트,박종재,이재광,"서울특별시 금천구 가산디지털2로184, 10층 1017호(가산동, 벽산디지털밸리2차)",,87.5123,국방특허 권리이전 업무를 위한 특허 권리분석(1차),국군재정관리단
안보학술진흥연구용역(4. 한국의군사전략및),공군군수사령부,13121133.0,87.6177,2017-04-22,주식회사 제니컨벤션,전건욱,김중곤,제주특별자치도 제주시 애월읍 광상로26-0,,87.4072,국방 정신전력교육지도사 자격신설 연구용역,국군재정관리단
밀리토피아 골프연습장 운영에 관한 연구 용역,제2879부대,,87.7065,2017-11-17,,이귀숙,오문진,,705575202.0,91.8017,인공기상조절 연구용역,중앙행정기관
군용차량 배출가스 환경영향 및 기준 검토 연구용역,합동상호운용성기술센터,21006091.0,86.7277,2018-02-17,주식회사 플렉스시스템,김상인,엄지성,"서울특별시 마포구 마포대로109 (공덕동, 롯데캐슬 프레지던트) 101동 2102호",,87.7683,스펙트럼용 분석기 등 3종 4대 구매,국군재정관리단
24년 전투실험발전 연구 용역(2),공군제10전투비행단,,,,육군3사관학교 산학협력단,이근신,조길래,"충청북도 청주시 흥덕구 봉명로31 티원타워 지식산업센터 119호, 416,417호",71229754.0,81.4405,음향/진동분야 KOLAS 인정 획득 컨설팅 연구용역,중앙행정기관
잠수함 승조부사관 도태방지개선 연구 용역,육군본부,,88.0004,2016-01-06,주식회사 이안코리아,전건욱,,"서울특별시 종로구 삼봉로81-0 (수송동, 두산위브파빌리온) 1137호",79916402.0,87.4472,22-11차 연구장비 구매 계약  - 의약품 냉동고(수정),중앙행정기관
전투실험 중장기 종합발전계획 연구용역,국군제1068부대,,,,사단법인 안보경영연구원,김한희,,,,,수직이륙형UAV 기지건설 가능성에 관한 연구용역,중앙행정기관
공군 방공포부대 이전 요구 연구용역,육군종합군수학교,,81.2527,,주식회사 매사,이종재,민성현,"경기도 고양시 일산동구 중산로 247306,307호 (중산동, 중산프라자)",64370690.0,95.7471,LMS(학습관리시스템) 개념 연구용역,중앙행정기관
연구소 기술용역 재료비 초자 구매,국군재정관리단,39669740.0,,2020-05-27,주식회사 한국전자파연구소,서종대,임동환,"서울특별시 금천구 가산디지털1로146, 705호(가산동, 대륭테크노타운22차)",62794295.0,78.4133,23-4차 산업혁명 접목 미래함정 발전방향 연구,제7군단
소요결정 권한 소요군 위임시 획득절차 연구,제9691부대,432017052.0,87.9989,,주식회사 공공정책성과평가연구원,배종환,김종원,서울특별시 서대문구 충정로53-0 (충정로2가) 골든타워빌딩 1701호,103977771.0,52.2566,무기체계 안전성 시험평가방안 연구,중앙행정기관
근무주정 내항성 향상 함형 개발 연구,국군재정관리단,12528111.0,,2020-06-29,충북대학교산학협력단,전건욱,오승환,,114127561.0,87.404,오폐수처리시설 기술제안서 평가기준 정립 연구용역,기관
헬기 연료노즐 야전 정비장비 개발 연구용역,해군본부,,87.9592,,아이브스 주식회사,홍헬렌,김동준,서울특별시 강서구 양천로401 (가양동) 강서한강자이타워 B동1503~1506호,100563825.0,86.4242,(217097-E)차세대유전자 서열분석기 구매설치,중앙행정기관
군 내 인성교육 프로그램 간 효과성 비교연구,공군본부,,,,(주)마린테크인,,,,208861650.0,91.3103,전략환경 변화에 따른 공군전투기 전력 구축방안 연구,국군재정관리단
보령 공군사격장 민관군 상생협력방안 연구용역,방위사업청(운영지원과),,84.0695,2019-01-10,주식회사 에스알씨,강명수,이연미,경기도 광주시 중앙로320-40 (송정동),38392890.0,70.3802,상호운용성 정보보증 평가기준의 체계별 적용방안연구,국군수도병원
조종사 인사관리방안 연구용역,국군재정관리단,25973856.0,,2018-01-24,(주)한컴네트워크,김윤혁,엄기숙,"서울특별시 강남구 봉은사로114길 40, 홍선빌딩 2층(삼성동)",94683897.0,87.5262,23-H-14 스펙트럼 분석기 구매,국군재정관리단
CSRP 화생방 연구 자료 시약 구매,국군재정관리단,117867002.0,65.2847,2020-07-13,(사)21세기군사연구소,박종영,이동희,"서울특별시 용산구 한강대로62길41, 3층 (한강로1가)",80853518.0,92.5703,병력책정 기준연구(비행대대 조직구조 개선방안),중앙행정기관
대형수송함 1번함 성능개량 사업분석,국방대학교,133672655.0,,2023-05-28,금성,금동중,전현숙,경상남도 창원시 성산구 창원대로797 (상남동),60891947.0,,국방통합 온라인 공개강좌(M-MOOC) 설계 방안 연구,군
운용제원 분석 기반 장비수명 판단방안 연구,제20전투비행단,47116634.0,66.3972,2016-11-23,(사)한국무기체계안전협회,박정기,이수행,"경기도 고양시 덕양구 마상로140번길48-0 304호 (주교동, 신양빌딩)",74853550.0,,TAURUS 총수명간 운영방안 연구,중앙행정기관
[24-육-17] B군단 부대변천사 연구용역,공군본부,45316753.0,,2017-08-19,사단법인 한국선급,고윤안,신정희,,83495473.0,,잠수함 승조부사관 도태방지개선 연구 용역,군
미래 육군의 우주분야 활용방안 연구 용역,국방대학교,110544932.0,60.6934,2017-07-30,주식회사 복은,임근우,,,,,우주기상 영향 연구용역,국군재정관리단
00부대 지하시설 구축방안 연구용역,국군재정관리단,,,,사단법인 한국드론혁신협회(KDIA),김진욱,김지은,"서울특별시 서초구 방배천로155, 유청빌딩 3층(방배동 821-8)",,,전술제대 전투무선체계 발전방안 연구용역,중앙행정기관
군 사이버훈련장 활용을 통한 사이버전 대응전력 연구,방위사업청(운영지원과),37080436.0,94.1672,,주식회사 현대리서치,이도형,정새롬,서울특별시 금천구 가산디지털1로171-0 (가산동) 가산SK V1 센터 1505호,71244544.0,,지상군 전략 및 작전수행개념 연구,국군재정관리단
해병대 창설 70주년 기념 해병대 서체 제작 연구용역,육군본부,143271886.0,,2016-01-06,주식회사 우리별,,고미희,서울특별시 강남구 논현로189길6 (압구정동),,,5인치 함포용 사거리연장탄 사업분석,중앙행정기관
항-19-072 생화학분석기 시약 등 44종,방위사업청(운영지원과),42975788.0,64.7572,2020-11-05,(주)두두아이티,한대일,김평희,,,,23-D-기체질량분석기 구매,제2879부대
국내 연구개발 항공무장 확보 방안 연구,방위사업청(운영지원과),296018348.0,,2023-06-05,기산건축사사무소,이규철,정혜원,부산광역시 영도구 와치로194-0 (동삼동),,88.1365,최적의 우주기지 선정 연구,제20전투비행단
공중항적 영상식별체계 확보 연구용역,국방부조사본부,33050216.0,95.1441,,해양산업드론일자리창출협동조합,김진욱,김예나,"서울특별시 강남구 봉은사로129-0 (논현동, 거평타운오피스텔) 1126호",193406949.0,87.3301,(해병)소음측정 및 분석용역,중앙행정기관
가스 크로마토그래피 질량분석기 구매(20196084-D),공군제17전투비행단,,88.6532,2020-06-18,(사)대한토목학회,김근채,임수진,"서울특별시 동대문구 고미술로 100, 송화빌딩 303호(답십리동)",1686982945.0,87.9749,월책 차단을 위한 혁신적 GOP 경계 플랫폼 연구,중앙행정기관
항-16-059 062 066 질량분석기 소모품 등 72종,국군화생방방호사령부,,87.7801,,나우통상,송광선,최승룡,서울특별시 강동구 양재대로1377 (성내동 삼원빌딩 408호),,87.4911,신 작전수행개념 구현을 위한 교리발전 방안 연구용역,중앙행정기관
무기체계 시험평가 사고예방 안전매뉴얼 연구,공군사관학교,13169106.0,,2017-08-20,정호정보통신,이민자,이창민,,66884181.0,52.934,잠수함용 자기처리장비 시설사업기본계획 연구용역,국군제1068부대
인공기상조절 연구용역,공군군수사령부,,78.7333,2021-02-24,(주)트리콤미디어,문유경,박서연,"서울특별시 마포구 마포대로 12, 한신오피스텔(마포동)",,87.5944,조종사 피로도와 안전비행의 상관관계 분석 연구용역,기관
안전하고 신뢰할 수 있는 AI활용 국방가이드라인 연구,국군재정관리단,121711526.0,,2020-04-18,사단법인 한국갈등학회,서은진,이준식,"서울특별시 영등포구 선유로49길23,  1001호, 1107호, 1108호 (양평동4가,아이에스비즈타워2차)",,87.4877,CMMC 관련 통합실태조사 개선안 연구,중앙행정기관
주변국 지상군에 대한 부대 및 전력구조 연구,육군본부,,,,세종대학교산학협력단,홍명성,정영숙,"서울특별시 금천구 가산디지털2로184, 10층 1017호(가산동, 벽산디지털밸리2차)",187670623.0,,00작전 효과 및 능력 구축방안 연구 용역,중앙행정기관
(247045-E) 24년 조달 연구장비 구매,육군공병학교,48691246.0,88.2413,2023-06-01,사단법인 한국국가전략연구원,구칠효,김우중,"서울특별시 서대문구 수색로138-0, 2층(북가좌동)",,86.7697,군사시설 건축공법(경량화) 개선 연구,합동참모본부
교육 발전방향 연구용역,해군본부,37035318.0,87.7143,2018-04-18,한화오션 주식회사,전건욱,이신영,"서울특별시 용산구 청파로 40, 삼구빌딩 1815호(한강로3가)",,87.7064,군수업무 빅데이터 분석/활용체계 구축시범사업,중앙행정기관
교육연구자료 원문 DB 구축 용역,국군재정관리단,21268055.0,56.3145,2017-06-04,(주)두두아이티,박정기,박계향,"대구광역시 중구 공평로59, 1충(공평동, 우원빌딩)",81570328.0,76.8708,한국형 국방 우주력 발전 전략 연구,중앙행정기관
연구소 회의실 AV시스템 제조설치 납품,제2879부대,103441279.0,94.7296,2020-06-04,(사)21세기군사연구소,이정훈,박준용,"서울특별시 금천구 가산디지털2로184, 10층 1017호(가산동, 벽산디지털밸리2차)",109219544.0,87.4279,[24-육-188] 안전문화 수준 측정 Tool 개발 연구,중앙행정기관
분석기  스펙트럼,공군본부,120169411.0,,2021-06-05,(주)에프오알엠도시건축공간연구소,백명기,강민,"대전광역시 유성구 대학로 27, 현대리조텔 2층(봉명동)",192991994.0,53.3073,23-공군 리더십교육체계 발전방안 연구,중앙행정기관
스펙트럼분석기 등 5종 구매,국군재정관리단,33965931.0,97.0538,,,이진우,구종우,서울특별시 성북구 삼선교로16길116-0 (삼선동2가),77860042.0,87.8408,용산헬기장 소음영향평가 연구용역,군
(226410-C) 지형분석장비 구매(리스물건),국군재정관리단,,88.0435,2020-05-05,시온하이텍,전건욱,김재영,광주광역시 서구 화정로280번길3(농성동),98152073.0,92.6144,생물안전밀폐실험실(BL3 3등급 연구시설)유지보수용역,중앙행정기관
2024년 바세나르체제 군용물자목록 개정소요 연구,국군재정관리단,29881379.0,87.7169,,고려대학교산학협력단,최철욱,,"경기도 부천시 원미구 중동로254번길28-0 (중동, 메트로펠리스3)",197170825.0,,침낭 품질개선 선행연구 용역,군
21-2차 개념설계 기술지원 연구용역,육군훈련소,116498623.0,82.8435,,티엔에스 주식회사,한영수,임창흥,"서울특별시 금천구 가마산로96-0, 213호(가산동, 대륭테크노타운8차)",54665900.0,87.8226,폭발물처리 교육 전군 통합 필요성 검토 및 방안 연구,제2879부대
대장균 정성분석키트 등 28항목 구매(물품 해파),제9691부대,28847143.0,,,(주)엔큐컨설팅,김보명,,서울특별시 강서구 양천로401-0 (가양동) 강서한강자이 A-704,,85.7835,위성전군방공경보체계 경미한 성능개량 사업분석,중앙행정기관
정보분석낭 구성품 구매,국군재정관리단,141670669.0,,,,유훈,,,,83.2734,FF급 함정 손상대응 훈련 시나리오 개발 연구,국군재정관리단
24-항공관제 분석체계 유지보수 용역,제5378부대,27489799.0,,,고려대학교 의료원 산학협력단,박현준,김준우,부산광역시 남구 용호로252번길11-0 (용호동),77103315.0,,국방군사시설 건축바닥면적 기준 개정 연구용역,제2879부대
23-D-종합발전수립 연구용역(B032),국군재정관리단,6109407.0,61.9808,,주식회사 미주씨앤디,,권시형,"서울특별시 서초구 강남대로6길11 선우빌딩 4,5층 (양재동)",,,집중정신전력교육 프로그램 개발 연구용역,군
22-13차 연구장비 구매 계약 - 원심분리기 중형,국군재정관리단,,78.618,2016-11-10,,,,,,,정신전력 측정도구 및 지표 개발 연구,중앙행정기관
Army TIGER 2050 개념군 연구 용역,육군화학학교,30352267.0,,2020-05-21,유한회사 무궁화통신건설,임승택,안은희,"서울특별시 구로구 디지털로34길55, 1008호 (구로동, 코오롱싸이언스밸리2차)",,88.1997,[상층대기 분석장비]회로카드 조립체 등 4종 구매,국군수도병원
전력지원체계 획득법령 제정에 관한 연구,국군재정관리단,829143.0,87.8703,2023-04-16,주식회사코드원,전건욱,박주희,"서울특별시 금천구 가마산로96-0, 213호(가산동, 대륭테크노타운8차)",,92.3213,24-3차 조달 연구장비(의약품 냉동고) 구매,중앙행정기관
항행안전시설 비행점검장비의 군 필요성...연구,국방부(운영지원과),,,2016-12-05,우주산업플랜트 주식회사,박영선,김태형,"강원특별자치도 원주시 문막읍 귀문로1269-16, 1층 우측",94879360.0,87.5357,전투복 위장무늬  디자인 및 적용소재 연구용역,국군재정관리단
12.7mm 파쇄탄 선행연구 용역,국군재정관리단,104284995.0,88.0642,,주식회사 엘씨케이테크놀로지스,어 기호,경상현,"대전광역시 유성구 죽동로297번길68 (죽동) CNU프라자  701,702호",188750564.0,94.1418,무기체계 개발시험평가 역할 재정립에 관한 연구,국군재정관리단
예비전력발전세미나 주제연구(Ⅱ) 용역,해군본부,,86.1635,,에이치필,김규형,전수현,"경상남도 창원시 마산합포구 해안대로91, 상가 205호(해운동, 경민시티빌)",,87.4111,(226046-G)'22년 육군 DB분석체계 교체(리스물건),중앙행정기관
(217074-C) 의무장비(자동분석기 생화학 대형) 구매,제9691부대,7467490.0,87.8396,2017-10-05,한양대학교 산학협력단,한영수,박주희,"서울특별시 강남구 언주로527, 10층 (역삼동)",,83.7526,조종사 보호의세트-Ⅱ사업 선행연구,중앙행정기관
음향/진동분야 KOLAS 인정 획득 컨설팅 연구용역,국군의무사령부,114835700.0,87.3963,2020-07-09,중원대학교 산학협력단,김지찬,전형준,경기도 광주시 중앙로320-40 (송정동),108691218.0,,국방데이터 품질점검 실증 및 운영방안 연구 사업,기관
국외조달 군수품의 합리적인 관세부과방안 연구,국군수송사령부,7906109.0,,,영현정보통신(주),,이철호,서울특별시 송파구 법원로8길9 (문정동) 10층,617170518.0,77.9044,SUPPRESSED,중앙행정기관
00분석 대응활동 장비 구매,국군의무사령부,36071468.0,87.7418,,주식회사 베가스,김동준,오석현,"충청북도 청주시 청원구 오창읍 중부로760,115동 3701호(오창 롯데캐슬 더 하이스트)",213265442.0,,민군 상생을 위한 대체시설 검토 및 관리방안 연구,중앙행정기관
해병대 리더십개념 및 리더像 정립 연구용역,국군재정관리단,163250646.0,93.3397,2020-07-04,주식회사 쏠바이오텍,전건욱,박계향,"서울특별시 구로구 디지털로34길55, 1008호 (구로동, 코오롱싸이언스밸리2차)",71004279.0,87.4832,국내 연구개발 항공무장 확보 방안 연구,군
항-16-007 자동면역분석기 시약 등 35종,국군의무사령부,147287617.0,87.7584,2022-06-10,,,,,,84.0681,군비행장 자동소음측정망 운용체계 구축방안 연구,중앙행정기관
00부대 작전지휘시설 선행연구 용역,제7군단,134074940.0,88.1538,,주식회사 윈스,노광현,이수행,"경상남도 창원시 마산합포구 해안대로91, 상가 205호(해운동, 경민시티빌)",,,소형드론용 지능형 영상분석기술 연구/시연 용역,중앙행정기관
북단 유도로 신설사업 분석평가 및 선행연구 용역,해군본부,137576550.0,82.9355,2023-07-11,세종대학교산학협력단,설영만,박계향,"서울특별시 구로구 경인로643 (신도림동, 신도림2차동아아파트) 203-602",414436380.0,57.657,19년 지형분석장비 교체(리스물건)(20196289-G),중앙행정기관
핵심기술(위성용 SAR 안테나) 비용분석,해군군수사령부,,95.121,2016-01-06,주식회사 다윤테크,권용복,박계향,경기도 고양시 일산서구 고양대로 283(대화동),181427390.0,85.0155,국내 연구개발 항공무장 확보 방안 연구,중앙행정기관
23년 기술연구용역 계약 의뢰(1),육군교육사령부,59263627.0,87.932,2022-06-01,연세대학교 산학협력단,강현순,양삼근,,,,악성코드 동적분석 SW 라이선스 연장 구매,중앙행정기관
지능형 악성코드 수집분석체계 라이선스 구매,국방부(운영지원과),40045228.0,,2016-08-11,서울대학교 산학협력단,이헌웅,노민택,"서울특별시 용산구 한강대로62길41, 3층 (한강로1가)",80827430.0,87.407,주요 군사선진국의 공군조직 발전방향 분석,중앙행정기관
생화학 자동 분석기 등 116종 구매(20197022-E),국군의무사령부,33728812.0,93.5475,2016-01-06,(사)한국위기관리연구소,엄영석,임소망,서울특별시 용산구 한강대로46길25-0 (한강로2가) 401호,,92.2104,24-정보우세권  확보를 위한 정보력 강화방안 연구,국군재정관리단
빅데이터 분석체계 구축사업 감리 용역,국방부,123845847.0,87.9175,,주식회사 비씨디이엔씨,전건욱,이용길,,116645981.0,,KAOC 신축사업 지휘통신체계 구축방안 연구용역,기관
신재생에너지 적용관련 군 에너지 정책방향 연구용역,국방대학교,132768177.0,87.9116,2017-12-05,(주)두두아이티,,남궁진,,105485213.0,83.8185,함정 상가 위치 및 횡경사 측정시스템 연구개발용역,중앙행정기관
22-함정 포배열 체계 개선 및 발전방향 연구,공군사관학교,,87.8808,,국방대학교산학협력단,경상현,김학범,,94785965.0,86.965,군사사연구총서베트남전쟁관련주제연구용역(과제3),중앙행정기관
해군 스마트 항공기지 발전방향 연구용역,국군재정관리단,8149671.0,,,사단법인 미래안보산업전략연구원,최명진,김남용,"서울특별시 강남구 언주로527, 10층 (역삼동)",764333406.0,91.5852,SIEM을 활용한 사이버 침해 경로 도출방안 연구,중앙행정기관
국군교도소 운영 개선방안 연구,국방부(운영지원과),40347479.0,,,(주)싸이버텍,홍양희,조반석,경기도 남양주시 진접읍 양진로816-28,,,군 장병 정신건강 실태조사 연구용역,중앙행정기관
DIDC 전문인력 강화를 위한 역량 평가모델 연구,해군군수사령부,149099141.0,87.7064,2022-06-10,유한회사 창해,김현성,,서울특별시 관악구 관악로1 (신림동),205825309.0,87.3732,21년 연래 해병대 리더십 수준 진단 연구용역,군
정보시스템 성능향상을 위한 GPU기술 응용방안 연구,공군제18전투비행단,,,,주식회사 동화이엔지,김종수,이연정,광주광역시 서구 양동로41번길21-9 (양동),56598348.0,96.1672,자동염기서열 분석기 구매설치,제9691부대
전자도서관정보체계 고도화개념연구용역(2019G005-H),국군재정관리단,,94.6023,2020-12-28,,,권택조,부산광역시 동구 중앙대로286번길9-0 (초량동) 306호,88940682.0,87.4947,CN-235 항공기 특성(RCS/IR Signature) 연구,국군재정관리단
원거리 구조지원 수행능력향상 방안 연구,공군방공관제사령부,,87.9134,,서울과학기술대학교 산학협력단,김민지,김남희,충청북도 청주시 상당구 월평로250번길6-0 (용암동),378159646.0,87.957,부대활동 유형별 위험성 평가체계 연구용역,중앙행정기관
(227003-H)스펙트럼측정/분석장비 노후교체,국군재정관리단,,,,주식회사 아레스,최창식,,"서울특별시 강남구 언주로527, 10층 (역삼동)",179240484.0,87.5359,인터넷접속/전자우편 통제 및 분석체계 교체사업 리스,군
한국적 PKO 현 기반체계의 문제점 분석과 발전 방안,제9691부대,20948299.0,87.9379,2020-05-03,재단법인한국조달연구원,이희윤,김진욱,경상남도 창원시 성산구 창원대로797 (상남동),,87.5096,22년 기술연구용역 계약(1),중앙행정기관
(227215-D) 비용분석용 상용SW 구매,국군제1068부대,15983775.0,88.068,2023-12-05,주식회사 누리아이코리아,김현성,남궁성호,"경기도 성남시 수정구 달래내로46-0 (시흥동), A타워 8층 805호 (성남글로벌융합센터)",452333837.0,89.2056,CH/HH-47D 성능개량 시설사업기본계획 연구용역,중앙행정기관
해무극복용 영상감시체계 선행연구용역,합동참모본부,11160456.0,88.0411,,사단법인 한국방위사업연구원,박정기,박수정,서울특별시 강동구 성내동245-4,108433071.0,87.3129,군사과학정책 연구 용역(1. 국방 데이터....),군
23-D-라만분광분석기 구매,국군재정관리단,,88.0001,2018-03-15,(사)한국위기관리연구소,권시형,,대전광역시 대덕구 대화로160-0 (대화동) 10동 205호,,94.3031,(217096-D)자동염기서열 분석기 등 2종 구(납품),중앙행정기관
항공용금속재료 가공방법별 기계적물성치측정방안연구,국방부(운영지원과),,88.1568,2018-03-16,국립금오공과대학교산학협력단,엄기숙,조반석,서울특별시 마포구 효창목길11-1 (공덕동),182251551.0,87.58,차륜형장갑차 시설사업 선행연구,중앙행정기관
계약 전 손실 보전제도(가칭) 도입 관련 연구,국군재정관리단,,,2017-06-27,선호하우징,최계영,김지나,"대전광역시 서구 도산로 485(탄방동, 4층)",81794788.0,,미래 육군의 우주분야 활용방안 연구 용역,중앙행정기관
16년 차세대 첨단함정 건조가능성 검토 연구용역,국군재정관리단,,,2020-03-24,청주대학교산학협력단,김진욱,,"서울특별시 강남구 언주로527, 10층 (역삼동)",195644456.0,87.3086,한국형 공지기동부대 작전수행개념 연구용역,국군재정관리단
국방개혁과 연계한 예비군법 발전방안 연구,국군재정관리단,34161427.0,85.7902,,사단법인 한국국방발전연구원,조명지,김현철,"서울특별시 강남구 언주로319, 5층,6층(역삼동,조우회관)",,,국방표준서 제정(4차) 연구,중앙행정기관
평시 복무 예비군제도 발전방향 연구용역,공군군수사령부,,,2021-12-20,대길상사,박수연,박재완,인천광역시 부평구 부평대로301-0 (청천동) 남광센트렉스 303호,102346168.0,87.6129,23-D-액체질량분석기 구매,중앙행정기관
군 급식제도의 시스템 개선을 위한 연구,공군군수사령부,155950444.0,,2018-05-22,문경새재 사과나무,한재희,전호영,서울특별시 마포구 월드컵북로5길59 (서교동),83076810.0,37.138,23년 전투발전 연구용역(3),중앙행정기관
21-1차 개념설계 기술지원 연구용역,공군군수사령부,37908845.0,,2016-03-29,(주)네오플러스,황일선,김보명,경기도 의왕시 오봉산단3로25 (삼동) 의왕테크노파크 더리브비즈원 1동1528호,201238010.0,85.5127,디지털 증거분석 수사체계 도입(218091-A),중앙행정기관
(20F063-A)소음영향도작성을위한소음측정및분석용역,육군본부,,96.7444,2017-05-17,근영유통,김창관,박종재,"서울특별시 강남구 테헤란로64길13, 504호 (대치동, 선릉역 풍림아이원레몬)",163267380.0,87.9772,국내구매사업 추진시 종합평가방안 연구,제2군단
21-함정 거주구역 개선방안 연구,제20전투비행단,229666266.0,80.113,2017-04-06,영현정보통신(주),이관섭,김태훈,"서울특별시 영등포구 국회대로70길15-1 (여의도동), 5층 알587호",505913481.0,88.8841,[24-육-128] 예비전력발전세미나 주제 연구(Ⅰ),제3707부대
17년 모바일 분석체계 성능개선 사업,육군본부,,,2022-11-16,(주)디앤오종합건축사사무소,허정성,박정국,서울특별시 영등포구 여의대방로61길2-0 (신길동)천록빌딩105호,106305927.0,,생화학분석기(자동식) 1대 구매 설치,중앙행정기관
과학기술전문사관 직무 성과분석 연구,제2879부대,,80.1195,,법무법인(유한) 세종,김영경,이정현,,625937045.0,87.6176,국방 데이터 전략연구,군
EMP 군 시험기준 정립방안 연구,국방부,26122658.0,87.816,2020-04-22,기관상사,윤현식,김수권,"서울특별시 강남구 언주로527, 10층 (역삼동)",,,22-해-소형 사단용 생화학자동분석기 구매,군
여단급과학화전투훈련체계 경미한성능개량 사업분석,국군재정관리단,106268111.0,78.2063,2020-03-29,서울과학기술대학교 산학협력단,한민구,,"서울특별시 금천구 가산디지털2로184, 10층 1017호(가산동, 벽산디지털밸리2차)",206154165.0,87.4495,인터넷접속/전자우편 통제 및 분석체계 교체사업,중앙행정기관
국방시설 전력소비 수용률 기준 연구용역,공군작사근무지원단,,88.2887,,주식회사화인시스텍,이현석,윤영현,"경기도 성남시 수정구 복정로84번길 22-15,(B-001호) (복정동)",84607281.0,85.4422,군 작업환경 및 작업자 보건관리 훈령 발전연구,중앙행정기관
22-해군 정보융합관리체계 개념 연구,제2879부대,,78.8875,2022-07-04,(사)21세기군사연구소,,조진환,서울특별시 강서구 양천로401-0 (가양동) 강서한강자이 A-704,204555036.0,,방위력개선사업에 K-RMF 적용을 위한 방안연구,중앙행정기관
전자파 분석장치 등 2종 구매,육군본부,18303832.0,87.8035,2018-07-01,주식회사 좋은소리,이권민,,,103048634.0,,23-2차 연구의무물자(BL3 수거함 등 4종) 구매,제9691부대
공기조화계통(HAVC) 성능개선 방안 연구 용역,국군재정관리단,344254125.0,88.1811,2016-11-25,대지이앤씨산업 주식회사,김지원,임동환,경상남도 김해시 삼안로195번길20-23 (삼방동),423433575.0,79.1876,21년 전투발전 연구용역(3),중앙행정기관
스펙트럼 분석기 구매,육군본부,,,2021-04-08,고신대학교 산학협력단,허준행,박계향,"전라남도 장성군 황룡면 강변로452-16, 3층 302호",158282362.0,87.4524,정원감축 대비 민간인력 전환분야 및 규모식별 연구,중앙행정기관
군 경계작전에 적합한 LED등기구 기준 정립 연구용역,제2879부대,96047334.0,88.0834,2020-04-19,,,김산회,,96890490.0,87.3556,“제○○동원사단 부대사” 연구 용역,합동참모본부
20-함정 전기추진체계 관련 군요구조건 도출방안 연구,제2062부대,32787158.0,,2018-03-21,애니유통,김용주,이진우,"서울특별시 구로구 디지털로33길55, 1009호 (구로동, 이앤씨벤처드림타워2차)",,,22-13-13 야전공장 분석평가 및 선행연구 용역,제9691부대
분석기 주파수편이용 2EA 구매(20199199-I),육군본부,147500512.0,88.0726,,(주)강남,정의승,김우중,"서울특별시 용산구 청파로47길 100, 숙명여자대학교내(청파동2가)",48749618.0,,전차와 육군헬기의 혁신적인 운용개념 발전 연구,군
FA-50 성능개량 방안 연구,국군재정관리단,38425529.0,88.1755,2021-10-17,주식회사 화성에어토탈,박광섭,이재관,부산광역시 동구 중앙대로251번길 11(),87562537.0,,00부대창설을 위한 공공갈등 관리방안 연구용역,군
복합재 내부결함 위험도 평가방법 연구개발,합동상호운용성기술센터,27424653.0,87.9664,2023-08-30,CAT,이용욱,홍종운,"서울특별시 용산구 청파로 40, 삼구빌딩 1815호(한강로3가)",70798849.0,84.9599,(20F169-A)지형분석장비 교체사업 등 17건 금융리스,중앙행정기관
KMTF기반 국방정보체계 연동 고도화 방안 연구,국군재정관리단,24633143.0,,2016-11-22,계명대학교 산학협력단,전건욱,이철호,경상북도 경산시 서상길85-0 (서상동),118153625.0,,차기 C4I체계 성능개량 및 유지보수방안 연구,중앙행정기관
주파수편이용 분석기 2EA 구매,국군의무사령부,73822244.0,65.727,2018-02-06,주식회사 더블유아이,이성인,이춘근,광주광역시 서구 마륵로28-1 (마륵동),171100920.0,,복합재 내부결함 위험도 평가방법 연구개발,중앙행정기관
안보학술연구용역(2. 국제안보환경과),제5군단사령부,149430000.0,,2017-06-24,(주)우림데이타,이운학,이재평,"경기도 안양시 만안구 만안로49, 519호(안양동, 호정타워)",176873853.0,87.4593,19-미래 군사용 해상기지 발전방안 연구,군
진동분석장비 구매,국군재정관리단,140193647.0,,2016-03-13,숭실대학교 산학협력단,최미정,윤병찬,"서울특별시 강남구 테헤란로512, 10층(대치동, 신안빌딩)",65000408.0,84.7876,무기체계 RAM 시험평가의 효율적 수행방안 연구,중앙행정기관
24년 군 양성평등지표 조사 및 분석 연구,국군재정관리단,11044849.0,78.7211,,주식회사 한국건설경영기술원,안가영,이정현,전라남도 목포시 고하대로719번길 14(연산동),79893112.0,92.7484,(23F225-I)지형분석 S/W(Arc GIS) 교체사업 금융리스,국군재정관리단
Army TIGER 2050 개념군 연구 용역,육군본부,,87.7363,,주식회사 에이치투엘테크놀로지,박정기,김민지,충청북도 청주시 서원구 성화로99,75380867.0,,SUPPRESSED,중앙행정기관
(20F088-A)소음영향도 작성을위한 소음측정및분석용역,육군본부,33957054.0,87.7107,2020-09-12,,,김영철,,,,24-F-분석기  주파수편이용 장비 구매,중앙행정기관
사단 간부숙소 신축 선행연구 용역,육군본부,24869727.0,,,주식회사 비씨디이엔씨,신종현,임경태,충청북도 청주시 흥덕구 비하로59-2 (비하동),,87.5713,국방 안전사고조사 표준화 시스템 구축방안 연구,국군재정관리단
지상작전과 연계한 사이버전 수행방안 연구,국군재정관리단,,87.9403,2020-05-02,주식회사 엔미디어솔루션,김흥중,김보명,경기도 오산시 삼미로47번길81-12 (내삼미동),173029672.0,93.336,고속전투주정 시설사업기본계획 수립 연구용역,제2879부대
천궁 창정비 시설사업기본계획 연구용역,국군제1068부대,,,2016-01-06,,김윤혁,조혜진,"서울특별시 중구 동호로7길41, 2층(신당동)",,87.5627,16년도 급식분야 시범사업 추진분석 및 개선방안 연구,중앙행정기관
조종사 피로관리 프로그램 개발 연구용역,공군군수사령부,,,,사단법인 안보경영연구원,위정은,,"서울특별시 금천구 가산디지털1로1-0 (가산동, 더루벤스밸리) 1208호",106458611.0,87.4915,24 군의료 특성화 연구(알레르겐 양상 분석),중앙행정기관
자동염기서열분석기 정비,국군화생방방호사령부,,91.4114,2023-01-18,사단법인 한국국가전략연구원,서영우,조해주,"서울특별시 송파구 법원로11길25-0, A동 1310호(문정동, 에이치비즈니스파크)",,87.5086,민수용 드론의 비행기지 작전지원 활용방안 연구,중앙행정기관
함정적기전력화를 위한 시운전제도 개선방안 연구,국군재정관리단,14879972.0,87.7859,2020-05-21,주식회사 엘씨케이테크놀로지스,정지상,이효정,"서울특별시 영등포구 의사당대로1길11-0 (여의도동),1409호",183096081.0,,SUPPRESSED,국군재정관리단
군 시설물 적정 위장방안 연구 용역,국군재정관리단,23568190.0,81.0748,2020-06-17,주식회사 아레스,채순기,이희석,"서울특별시 금천구 가산디지털2로184, 10층 1017호(가산동, 벽산디지털밸리2차)",68725054.0,68.1323,한국형 레이저 무기 조기도입 개발전략 연구,합동참모본부
무기체계「체계안전성」도입방안 연구,4284부대,37313263.0,90.8036,2021-12-05,,김운용,박미진,"서울특별시 마포구 마포대로 173, 현대하이엘 816호(공덕동)",544299175.0,95.6971,한국형 비용분석 전산모델 고도화 ISP 수립,합동참모본부
연합/합동 연습모의모델 획득 및 운영방안 연구,국군재정관리단,113205114.0,,2017-09-20,알앤알컨설팅 주식회사,,양희성,충청북도 청주시 서원구 남이면 남석로326,,,항공기 상태기반정비(CBM) 공군 적용방안 연구,국군재정관리단
22-4-작전지휘시설 신축 선행연구용역,국군복지단,154772120.0,,2020-03-26,사단법인 안보경영연구원,,임소영,,210210910.0,87.4524,22-11차 연구장비 구매 계약 - 의약품 냉동고,중앙행정기관
정비공정 촬영도구  분석SW 구매,제9691부대,,87.6723,,씨지에스아이티(주),권선애,정명화,"대전광역시 유성구 대학로31-0 (봉명동, 유성한진오피스텔) 2215호",,,(237283-E) 혈액가스분석기 소형 구매,4284부대
전술정찰정보수집체계 경미한 성능개량 사업분석,공군군수사령부,12695136.0,56.7255,2021-04-17,(주) 솔포스텍,권시형,권민정,충청남도 논산시 양촌면 황산벌로1040,93876016.0,87.4582,19-전자파 정밀분석체계 확대구축사업 리스,군
한국해군 협동교전절차(CEC) 수행방안 연구용역,국군수송사령부,30039155.0,,2021-02-23,사이모빌 주식회사,신종걸,양희성,"서울특별시 금천구 가마산로96-0, 213호(가산동, 대륭테크노타운8차)",153203391.0,,KF-16 AIFF 점검 및 교환 기술 개발 연구 용역,기관
K10 탄약운반차량 경미한 성능개량 사업분석,국군재정관리단,47072770.0,94.2403,,한성대학교 산학협력단,곽새롬,신창희,"서울특별시 서초구 방배천로155, 유청빌딩 3층(방배동 821-8)",102317407.0,87.7152,항공용금속재료 가공방법별 기계적물성치측정방안연구,중앙행정기관
가상현실 및 증강현실 기술적용 방안 연구,제20전투비행단,,,2018-04-14,사단법인 미래안보산업전략연구원,유인목,,충청북도 청주시 청원구 사뜸로67번길24-0 (율량동),,,21세기형 선진해군문화 연구,중앙행정기관
21년 차세대 첨단함정 건조가능성 검토 연구용역(IV),공군본부,,,2020-05-04,연세대학교 산학협력단,,윤종학,"서울특별시 서대문구 연세로 50, 연세대학교(신촌동)",,87.4741,함정 건조사업 추진단계 효율성 향상방안 연구,기관
12.7mm 파쇄탄 선행연구 용역,국군재정관리단,94625987.0,89.0431,2020-03-22,국민대학교산학협력단,,황병윤,,91897928.0,87.3455,22년 병리장비운영소모품(6) 요분석검사 27품목 구매,중앙행정기관
연구소 장비(분광광도계 등 4종)구매,공군군수사령부,,,2019-02-18,주식회사 동화이엔지,유상지,안다희,"서울특별시 강남구 광평로281, 10층(수서동, 수서오피스빌딩)",469714062.0,95.5656,120mm자주박격포 및 사격지휘차량 성능개량 사업분석,국군수도병원
24년 의무장비(헤모글로빈 A1C자동분석기) 구매,국군재정관리단,34611691.0,80.813,2017-12-01,육군사관학교 산학협력단,한창모,권시형,"서울특별시 강남구 언주로527, 10층 (역삼동)",,83.6125,(236306-F)지형분석장비 교체사업(리스물건),중앙행정기관
정기공수 운영분석 및 최적 노선 선정 알고리즘 개발,공군군수사령부,142017849.0,88.0502,2017-10-31,한국인성교육연구소 주식회사,서선숙,최민정,"서울특별시 은평구 진흥로 225,(불광동)",185567284.0,87.4971,19년 작전지속지원분석모델 유지보수(2018F124-G),군
CSRP 화생방 연구 재료 초자 구매,국군재정관리단,,70.7234,2022-12-27,숙명여자대학교산학협력단,곽재수,정봉원,"서울특별시 금천구 가산디지털1로171, B208호(가산동, 가산 에스케이 브이원 센터)",101406418.0,87.148,정신전력교육 기본교재 재발간에 따른 사전 연구 용역,국군재정관리단
극지안보환경 변화에 따른 미래 한국해군의 역할 연구,공군군수사령부,,,2022-06-16,서현회계법인,최명진,조동원,"경기도 고양시 덕양구 항공대학로76-0 (화전동, 한국항공대학교내)",29624297.0,88.8969,원거리 구조지원 수행능력향상 방안 연구,4284부대
(226362-F)작전지속지원분석모델장비 도입(리스물건),합동상호운용성기술센터,4532979.0,98.5,2022-12-28,(주)코어시큐리티,방혁준,오문진,"대전광역시 유성구 테크노4로17, A동 501호 (관평동, 비즈센터)",64060646.0,87.5644,분석기  스펙트럼용,중앙행정기관
공군 3훈비 방호시설 방호성능평가 연구용역,4284부대,162831061.0,,2020-05-30,소망상사,,동중영,,214415481.0,87.366,주변국 무기체계 운영개념 및 제원 연구,합동참모본부
23-F-전자정보 수집/분석장비 유지보수,제3707부대,160254044.0,,2020-07-08,한국인성교육연구소 주식회사,이희석,김정일,,2047973330.0,87.6418,155mm 정밀유도포탄 비용분석,중앙행정기관
잠수함 시운전 제도 개선방안 연구,해군군수사령부,17656331.0,87.579,2016-01-06,사단법인 미래안보산업전략연구원,이승휘,,,,87.3775,군수송기 활용 산불진화능력확보 필요성 등 연구용역,기관
20년대 이후 북한 및 잠재적 위협의 변화 전망분석,공군군수사령부,14388990.0,87.5187,,(주)제트코,이형민,문송철,서울특별시 송파구 송이로30길21-0 (문정동),84032457.0,86.366,국방 정보기술 조사·분석 연구,군
CH/HH-47D 성능개량사업 운용요구서 연구,국방부,,,,주식회사 한국심리평가원,김근채,홍성휘,"경기도 성남시 수정구 복정로84번길 22-15,(B-001호) (복정동)",150150868.0,,00기지 환경개선 사업 분석평가 및 선행연구 용역,대학
22-美 해군 6.25전쟁 분석자료 번역 용역,제9691부대,,,2018-03-30,(사)국방시설연구협회,김화영,이수행,"서울특별시 송파구 중대로105-0 (가락동, 가락 ID TOWER),302호",62167152.0,,소형무장헬기 경제적 획득 방안 연구,4284부대
[24-육-6] M&S 체계구축  활용방안 연구,4284부대,,,2021-09-13,명지대학교 산학협력단,이형철,김진송,"서울특별시 강남구 테헤란로64길13, 504호 (대치동, 선릉역 풍림아이원레몬)",151181765.0,87.9684,스펙트럼 분석기,제9691부대
미래 육군의 우주분야 활용방안 연구 용역,제9691부대,,,,건양대학교 산학협력단,이희윤,,,,87.472,해상작전 위성통신체계 성능개량 선행연구,제2879부대
(22G088-A) VR 지뢰훈련시뮬레이터 선행연구용역,제20전투비행단,,87.9334,2018-08-19,태경회계법인,강명수,이정원,"대전광역시 서구 대덕대로319, 2층 212호(월평동, 우림빌딩)",158994289.0,,76mm 함포 약실 정밀검사용 장비개발 연구용역,국군수도병원
실전적 모의지원 연구 용역,국군재정관리단,,,2022-05-27,사단법인 한국국가전략연구원,박종재,이승기,"서울특별시 금천구 가산디지털1로19, 406호, 407호, 408호, 409호(가산동,대륭테크노타운18차)",93605073.0,,(20F087-A)부대재배치 사업 선행연구용역,중앙행정기관
공군 3훈비 방호시설 방호성능평가 연구용역,국군의무사령부,128029677.0,88.7003,,,,,"서울특별시 송파구 법원로11길25-0, A동 1310호(문정동, 에이치비즈니스파크)",100024844.0,87.4097,자율·군집비행 활용 복합작전개념 연구(소형 UAS),4284부대
군단정찰용 무인항공기-Ⅱ 시설사업 선행연구,국군재정관리단,20589380.0,93.2772,2017-08-09,사단법인 한국국가전략연구원,김석환,윤상석,"서울특별시 영등포구 선유로49길23,  1001호, 1107호, 1108호 (양평동4가,아이에스비즈타워2차)",98340417.0,87.5174,사이버방호체계 최적화 및 고도화 구축 연구용역,군
자주도하장비 조종시뮬레이터 비용분석,방위사업청(운영지원과),94298370.0,87.9823,,(사)21세기군사연구소,유인목,이창환,"충청북도 청주시 서원구 충대로1-0 (개신동, 충북대학교)",,87.4105,한국형 긴급비행장피해체계 개발 연구 용역,4284부대
해상감시레이더-II 양산사업 비용분석,해군본부,,79.8761,2018-01-09,세종대학교산학협력단,신용인,박지현,"서울특별시 강남구 테헤란로520, 2층(대치동, 삼안빌딩)",98339114.0,,풍력발전기에 의한 방공레이다 등의 작전영향 연구,국군재정관리단
아세안확대국방장관회의 사이버워킹그룹 발전 연구,방위사업청(운영지원과),31067402.0,97.3532,,주식회사 유로컨설팅,홍순모,이재관,"경기도 군포시 고산로148번길17-0, B동 1303호, 1304호, 1305호(당정동, 군포IT밸리)",180302679.0,87.4246,23년 전투발전 연구용역(4),중앙행정기관
자주도하장비 조종시뮬레이터 비용분석,국군재정관리단,10133719.0,88.5205,2020-12-27,,,박병희,"서울특별시 마포구 마포대로49, 13층(도화동, 성우빌딩)",,92.7381,함정 상가 위치 및 횡경사 측정시스템 연구개발용역,국군재정관리단
2.75인치 유도로켓 창정비 개발 사업추진 연구용역,국방부(운영지원과),,79.6369,2022-11-16,주식회사 공공정책성과평가연구원,최규식,배용수,"경기도 성남시 분당구 탄천상로164, A동 2층 247호(구미동, 시그마2오피스텔)",96235134.0,,함정추진축계이상소음발생위치추정및원인분석기법연구,국군제1068부대
극지안보환경 변화에 따른 미래 한국해군의 역할 연구,육군교육사령부,,,,기술표준화연구소,김형철,,,117799361.0,87.3443,21-수명주기와 연계한 경항공모함 정비방안 연구,중앙행정기관
리더십코칭 효과성 평가에 관한 연구용역,육군군수사령부,15106982.0,82.364,2018-07-09,주식회사 공공정책성과평가연구원,박종선,이재광,"서울특별시 강남구 언주로527, 10층 (역삼동)",61755604.0,65.5949,전투체계 현장정비센터 운용 효율화 방안 연구,제9691부대
죽변 비상활주로 민ㆍ민갈등 해소방안 연구,공군제16전투비행단,41936011.0,89.7292,,씨지에스아이티(주),엄기숙,변윤진,,161668257.0,63.9114,22-공-분석기  주파수편이용 구매(229037-F),국군재정관리단
연구소 회의실 AV시스템 제조설치 납품,공군본부,7163483.0,,2020-10-13,주식회사 처음헌법연구소,남궁진,,서울특별시 광진구 군자동98 집현관 216,93648471.0,85.3774,기술교범 국제규격 S1000D 적용 방안 연구,국군재정관리단
19-추진기 CIS 분석/평가방안 정립 연구,국군재정관리단,33474712.0,78.6033,,(주)우림데이타,김진욱,권수민,경기도 의정부시 녹양로18번길19-11 (가능동) 지층1호,,77.2524,(207110-C) '20년 연구활동 재료(시약  초자) 구매,중앙행정기관
전투체계 현장정비센터 운용 효율화 방안 연구,제3707부대,46354758.0,,2018-06-02,에스엘(SL)상사,오철홍,이상규,경기도 군포시 흥안대로27번길22-0 (금정동),86571013.0,,국방대학교 안보현안분석 등 2종 인쇄 용역,중앙행정기관
해안감시레이더-Ⅱ 사업분석,4284부대,50511066.0,61.1576,,(사)한국전략문제연구소,김형철,김지은,서울특별시 관악구 관악로1 (신림동),103774130.0,87.4525,해병대 인력획득체계 분석 발전 방향 연구 용역,중앙행정기관
AI유무인 복합체계 활용 방안 연구,국군재정관리단,,,2022-11-26,중앙대학교 산학협력단,윤상석,노재란,경기도 고양시 덕양구 삼막1길3(오금동),135796121.0,87.7626,박찬극 제독 평전 편찬 연구용역,기관
23-공군 리더십교육체계 발전방안 연구,육군군수사령부,214078818.0,,,에스앤에스이앤지 주식회사,정태량,이상국,강원특별자치도 홍천군 홍천읍 진리로8,,88.3443,00 군공항 이전 시설기본요구조건(안) 작성 연구용역,합동상호운용성기술센터
함정적기전력화를 위한 시운전제도 개선방안 연구,국방부(운영지원과),,93.7767,2016-03-16,주식회사 아레스,홍양희,노민택,"서울특별시 금천구 가산디지털1로1-0 (가산동, 더루벤스밸리) 1208호",61922331.0,93.949,23-중북부 물류거점 입지 선정 및 효과 연구,중앙행정기관
무기체계별 적정 수명주기 및 도태 후 활용방안 연구,국방부군사편찬연구소,,88.1456,2021-04-07,한국인성교육연구소 주식회사,이재평,한기관,서울특별시 영등포구 여의대방로67길11-0 (여의도동) 5층 A5-29호,42664970.0,87.9089,19년 지형분석장비 교체사업 리스,4284부대
00부대 스마트 자동화 저장창고 신축 비용분석 연구,국군재정관리단,0.0,87.856,2017-08-05,주식회사 에이치.티.씨,정주영,공영주,"서울특별시 구로구 디지털로33길55, 1009호 (구로동, 이앤씨벤처드림타워2차)",101604175.0,87.4275,24-미래 공군병력 부족 대비 인력공급 확대방안 연구,중앙행정기관
군용물자 HSK 연계표 연구,국방부군사편찬연구소,10250385.0,,2016-08-29,한국생산성본부,고기종,이우희,서울특별시 송파구 새말로8길12-0  문정 건영 103동 801호,529089046.0,87.6481,잠수함 훈련장비(저주파분석 등 2종) 유지보수 용역,군
22-작전지휘시설 신축 분석평가 및 선행연구 용역,해군교육사령부,377259701.0,87.8051,2021-07-28,주식회사 티이디컨설팅그룹,김지영,최성만,부산광역시 사하구 구평로16번길 71(구평동),,88.4879,00포대 주변지역 토양오염 원인조사 연구용역,국군수도병원
민군 상생을 위한 훈련장 최적환 관리방안 연구,공군교육사령부,113034789.0,87.7955,,,,,,,87.3403,22-1차 연구장비 구매 계약 - 증기후드,국군재정관리단
[24-육-160] 군 보수체계 개선을 위한 연구,해군본부,35444546.0,58.6161,2023-01-23,주식회사 오파스넷,김범준,,서울특별시 용산구 한강대로46길25-0 (한강로2가) 401호,,87.7589,KAOC 신축사업 지휘통신체계 구축방안 연구용역,4284부대
군 경계작전에 적합한 LED등기구 기준 정립 연구용역,방위사업청(운영지원과),0.0,,,유한회사 행정과 소통연구소,백훈,이영진,"경상남도 창원시 진해구 신항2로114, 2013호(용원동, 다인로얄팰리스부산신항2차)",170469088.0,,22-합 -분석실험실 운용장비 교체사업 리스,중앙행정기관
생존성 향상을 위한 개인 부대방호 능력 분석 연구,제9691부대,23276409.0,87.7822,2023-05-10,사단법인 안보경영연구원,정주교,이성로,"서울특별시 성동구 왕십리로 222, 한양대학교 내 한양종합기술연구원 110호(행당동)",89538887.0,87.4716,소음피해보상금 산정 및 지급철차 연구용역,중앙행정기관
’22년 전투발전 연구과제 용역(1),국군수송사령부,23076475.0,97.183,,동국대학교 WISE캠퍼스 산학협력단,김성빈,김재현,,379740275.0,64.5087,자운대 종합발전계획 연구용역,국군제1068부대
산업협력 제도 시행을 위한 세부 방안 연구,제9691부대,43536040.0,91.1259,2016-01-31,사단법인 한국기업연구원,김동준,이형원,서울특별시 성북구 삼선교로16길116-0 (삼선동2가),80393815.0,,22-함정 대기오염 저감방안  설계영향성 연구,중앙행정기관
23년 비용분석모델(True Planning) SW유지보수 용역,국군재정관리단,,93.1191,2017-12-01,(사)21세기군사연구소,김진욱,백도현,서울특별시 관악구 관악로1 (신림동),101663586.0,,소형무인기의 획득 및 운용을 위한 총수명주기 분석,군
추진장약 분석시험용 재료구매,국방부(운영지원과),,94.2738,,한서대학교 산학협력단,김윤혁,송종호,"서울특별시 용산구 청파로47길 100, 숙명여자대학교내(청파동2가)",177154541.0,,국가전략기동군 해병대 발전방안 연구 사업,중앙행정기관
(227334-E)정밀측정장비(스펙트럼분석기 등 2종)구매,국방부(운영지원과),146114938.0,96.2067,,고신대학교 산학협력단,김혜진,진주,"서울특별시 강서구 양천로551-17, 301호 (가양동)",,,항-18-043 자동면역분석기 시약 등,중앙행정기관
24-그린나래호텔 리모델링 계획의 적절성 분석연구,4284부대,,89.8514,2022-09-14,주식회사 유로컨설팅,,홍광표,대전광역시 유성구 대덕대로512번길20-0 (도룡동) 대전정보문화산업진흥원 304호,67889458.0,87.7224,22-공-가스크로마토그래피(질량분석식) 구매,기관
함정추진축계이상소음발생위치추정및원인분석기법연구,국군복지단,29889698.0,88.3903,,주식회사 일신이앤씨,이영환,이혜진,"서울특별시 송파구 법원로127-0 (문정동,대명벨리온)1117,1118호",,,드론 통합관제체계 운영개념 및 구축 방안 연구,중앙행정기관
19년 지형분석장비 교체(리스물건)(20196289-G),국군재정관리단,152307505.0,,2018-03-15,사단법인 한국국방정책학회,문유경,이창환,"경기도 고양시 일산동구 중산로 247306,307호 (중산동, 중산프라자)",1300387193.0,,함정 근무장병 육상지원 등 기준 제·개정 연구용역,중앙행정기관
(236367-B)표적분석용 워크스테이션 구매(리스물건),방위사업청,13194089.0,94.6419,2022-09-16,재단법인 한국군사문제연구원,최아진,최재영,"서울특별시 구로구 디지털로243, 705호(구로동, 지하이시티)",87542657.0,87.6386,한국형 손상통제 모의훈련형 CBT 구축방안연구,중앙행정기관
지형 지질등을 고려한 지하형 탄약고 신축타당성 연구,육군교육사령부,43727878.0,,2017-08-12,라온시스템즈(주),김진욱,최승룡,제주특별자치도 제주시 첨단로251 (영평동),,91.8942,2020년 군 조직의 양성평등 지표 조사 및 분석 연구,군
국방상호운용성 마스터플랜 연구,국방부(운영지원과),46482693.0,97.0144,,(주)디앤오종합건축사사무소,김진욱,김평희,"서울특별시 금천구 가산디지털2로184, 10층 1017호(가산동, 벽산디지털밸리2차)",,56.7409,예비전력발전세미나 주제연구(Ⅰ) 용역,중앙행정기관
(236306-F)지형분석장비 교체사업(리스물건),국군의무사령부,130712051.0,,2017-11-12,주식회사 좋은소리,권선애,오진성,"서울특별시 성동구 성수일로4길25, 16층 (성수동2가, 서울숲코오롱디지털타워 1차)",196333807.0,87.5756,K계열 장갑차 엔진 오일펌프 시험장비 개발 연구용역,중앙행정기관
공군 전략급 자산 대테러 작전개념 연구용역,공군본부,14251814.0,81.7858,,세종대학교산학협력단,최규식,이종명,서울특별시 용산구 새창로128-1 (용문동) 2층,97582711.0,87.4299,한미동맹의 미래 연구용역,중앙행정기관
항-17-018 자동연역분석기 시약 등 37종,국군의무사령부,,,,(주)다남정보통신,,이진선,,,,독점조달 및 계약비리 등 조달제도 개선방안 연구,중앙행정기관
동원전력 내실화 방안 연구용역,육군대학,329651319.0,89.2884,2020-09-03,주식회사 사이버앤네트워크연구원,민광기,방금인,경기도 하남시 미사대로520-0 (덕풍동) 현대지식산업센터 한강미사2차 D동 A430호,67136756.0,,예비전력발전세미나 주제연구(Ⅱ) 용역,제7군단
대잠훈련분석체계(AEAS) 유지보수 용역,방위사업청(운영지원과),,85.7081,2017-02-16,주식회사 혜성산업,최영복,이상규,경상남도 진주시 정촌면 연꽃로141,96404229.0,,특임여단 북괴군 핵 화생시설 점령/확보방안 연구용역,중앙행정기관
21-해-성분분석기 구매,합동상호운용성기술센터,108479295.0,,,주식회사 맥스바이오텍,이형민,,"경기도 안성시 대덕면 서동대로4726, 중앙대학교 생활과학관 609관 2층",,,공군 이러닝 무선기반체계 고도화 방안 연구 용역,중앙행정기관
17년 통합기후예측시스템 연구개발 용역,국방부(운영지원과),0.0,87.8093,2023-07-13,에스케이오션플랜트(주),박정기,박계향,"서울특별시 광진구 능동로120, 건국대학교내(화양동)",,87.6614,표준훈련장 설치기준 정립 연구 용역,국군재정관리단
22-병력절감형 Smart Battleship 함정 설계연구,국군재정관리단,37005609.0,,,주식회사 플랜에이디벨롭먼트,,김선철,강원특별자치도 춘천시 충혼길52번길10 (온의동) 드림타워 3층 306-69,,,군단정찰용 무인항공기-Ⅱ 시설사업 선행연구,중앙행정기관
21년 항공관제 분석체계 유지보수,국군재정관리단,40423975.0,80.1077,2020-04-18,(유)목양,이충환,양현정,인천광역시 연수구 송도미래로30-0 (송도동) C동 1315,,93.4892,소형무장헬기 경제적 획득 방안 연구,군
육군 핵심가치 실천수칙에 관한 연구 용역,국군재정관리단,143334097.0,,2023-04-03,한국환경설계(주),정승인,최영복,서울특별시 서초구 서초동1432-13 202,191735946.0,85.1572,탄도수정신관 사업분석,국군재정관리단
21-섬석천 기능개선 분석평가 및 기본계획 연구용역,4284부대,148477613.0,74.7509,2016-01-06,,이용훈,안성원,,195097625.0,,교육연구자료 원문 DB 구축 용역,국군수도병원
22-13차 연구장비 구매 계약 - 원심분리기 중형,국군제1068부대,101342454.0,95.8978,2016-01-06,주식회사 엘씨케이테크놀로지스,김용수,오원석,"서울특별시 서초구 신반포로303, 101호 (잠원동, 에스엘빌딩)",,78.3111,ArmyTIGER4.0네트워크정보유통능력분석연구용역,중앙행정기관
해병대사령부 통.폐합과 재창설에 관한 연구용역,국방시설본부,64790585.0,87.5881,2023-08-08,주식회사 한국건설경영기술원,이문걸,유혜련,"경기도 성남시 수정구 위례대로83(창곡동, 국방문화센터)",,87.8766,헬기ㆍUAV 전력화 고려 타군비행장 활용방안 연구용역,중앙행정기관
2017 PACC & PAMS 연구용역,국방부(운영지원과),23735887.0,79.8122,,(사)한국전략문제연구소,노광현,김지영,"서울특별시 서초구 서운로 226, 서초오피스텔 404호(서초동)",85611870.0,91.9849,국방과학기술기본법 제정을 통한 국방연구개발 혁신,중앙행정기관
해병항공해상운용을위한동원선박운용개념연구용역,국군재정관리단,,87.4253,2022-05-17,,,,,220268150.0,87.3209,정책연구 과제(화생방),중앙행정기관
(20F066-A)소음영향도작성을위한 소음측정및분석용역,국방전산정보원,11735440.0,87.7678,2018-09-13,서울대학교 산학협력단,신정희,우광석,"경상남도 김해시 관동로138, 1404동 301호(관동동, 죽림마을 동원로얄듀크아파트14단지)",99395294.0,92.6326,24-F-분석기 회로망 1종 구매,군
17-군 세차 폐수처리시설 운영 개선방안 연구용역,국군재정관리단,23838920.0,88.0358,,한국교통대학교산학협력단,박정기,이관섭,"경기도 성남시 수정구 복정로84번길 22-15,(B-001호) (복정동)",84393669.0,,조종사 피로관리 프로그램 개발 연구용역,중앙행정기관
ATCIS 2차 성능개량사업 연구,방위사업청(운영지원과),,95.6051,2016-04-08,(주)우림데이타,박지현,류상윤,"서울특별시 용산구 청파로 40, 삼구빌딩 1815호(한강로3가)",,,군수 빅데이터 수집/분석체계 구축 BPR/ISP 감리,중앙행정기관
개발사업 군사작전 영향검토 및 법제화 방안 연구,해군본부,,87.8302,2023-09-24,(주)상일기업,정안수,박지은,"서울특별시 서대문구 수색로138-0, 2층(북가좌동)",,89.0966,군용물자 HSK 연계표 연구,군
(236498-C) 23년 영상분석서버 및 PC 제조설치,국군재정관리단,30488094.0,79.5125,2022-12-04,주식회사 씨이엠아이,김지영,조대현,"서울특별시 마포구 마포대로 12, 한신오피스텔(마포동)",171495372.0,91.8769,120mm자주박격포 및 사격지휘차량 성능개량 사업분석,중앙행정기관
수도병원 임상의학연구센터 통계프로그램 구매계약,방위사업청(운영지원과),37707623.0,88.0287,2018-10-16,주식회사 현대리서치,김흥광,백도현,"서울특별시 강남구 역삼로17길57, 그랜드빌딩 B1층 (역삼동)",87205572.0,,(216162-B)차륜정비장비(분석기  차량엔진용) 구매,국군재정관리단
디지털 정비공장 스마트팩토리 구축방안 연구 용역,방위사업청(운영지원과),121779169.0,88.2482,,(사)한국능률협회,,이희섭,,86073451.0,87.4547,한국형 첨단전투관리체계 운용개념 및 발전방안 연구,중앙행정기관
표적획득 및 사격지휘체계 발전에 따른 포병효과 분석,국군수도병원,39767512.0,,2023-05-19,(주)에프오알엠도시건축공간연구소,김상곤,유은경,"경기도 용인시 기흥구 기흥로58-1 (구갈동) 기흥ICT밸리 SK V1, A동 2406호",77950887.0,87.3555,SUPPRESSED,중앙행정기관
상륙기동헬기 성능개량 소요 분석 연구용역,공군군수사령부,28825337.0,87.9567,,(주)우림데이타,,,,,87.3018,(226220-F)발광분광 분석기 구매,중앙행정기관
드론봇 전투체계 통합관제체계 구축 연구용역,국군의무학교,,83.3301,,롯데캐피탈(주),김회율,서준호,부산광역시 남구 용호로252번길11-0 (용호동),66670383.0,,군인 주거보조비 도입방안 연구,중앙행정기관
화생방 환자 진료를 위한 군 병원 개선 방안 연구용역,국군재정관리단,17549487.0,86.8451,,(주)휴먼이퀘이션,박순천,박지현,"경기도 군포시 고산로148번길17-0, B동 1303호, 1304호, 1305호(당정동, 군포IT밸리)",178204503.0,,무기체계 유형별 맞춤형 R&D 수행절차 연구,중앙행정기관
직ㆍ간접 전투경험 공유확대 연구용역,국군재정관리단,15530710.0,,2022-05-20,사단법인 한국방위사업연구원,허건영,이도제,,,83.616,대형수송함 1번함 성능개량 사업분석,중앙행정기관
안보학술연구용역(4.한국의군사전략),제9691부대,,80.2456,,주식회사 마에스트로네트웍스,김주형,권시형,"서울특별시 용산구 청파로47길 100, 숙명여자대학교내(청파동2가)",73951296.0,,19-군 자체 안전보건경영시스템 인증제도 구축 연구,중앙행정기관
주파수편이용 분석기 2EA 구매,제2879부대,416205217.0,77.1077,,무역안보관리원,,,경기도 화성시 10용사로456-0 (반송동),,93.4549,수사자료분석용 서버 구매설치,중앙행정기관
기술교범 국제규격 S1000D 적용 방안 연구,국군재정관리단,32699657.0,80.0739,2017-06-25,주식회사 이음,김진원,박정국,"서울특별시 동작구 상도로133, 5층 (상도동, 두덕빌딩)",,87.6204,해성-I 유도탄 창정비요소개발 비용분석 연구,군
무기체계 유형별 맞춤형 R&D 수행절차 연구,국군재정관리단,33023994.0,96.2828,2016-01-06,미라클,정태량,조반석,"경상남도 창원시 성산구 완암로50-0, 메카동 813호(성산동, SK테크노파크)",89271926.0,87.5777,상호운용성성공요인분석을 통한 평가업무발전방안연구,중앙행정기관
전술제대 전투무선체계 발전방안 연구용역,합동참모본부,105093448.0,88.1822,,재단법인 한국군사문제연구원,,,서울특별시 금천구 가산디지털2로184-0 (가산동) 112호,110268555.0,,유도탄검사장비(00체계 가스승압기  가스분석기) 정비,국군재정관리단
유무인 전투기의 공대공 복합운용개념및요구능력 분석,국군재정관리단,,85.5194,,주식회사 엘씨케이테크놀로지스,,이윤기,"서울특별시 종로구 홍지문2길20-0 (홍지동, 상명대학교)",110510487.0,92.0169,국방시설 전력소비 수용률 기준 연구용역,중앙행정기관
21-해-성분분석기 구매,제5019부대,24334956.0,83.2276,2018-11-05,특수법인 한국전파진흥협회,최미옥,이미란,서울특별시 강남구 언주로 716(),187828155.0,94.5571,21-해-성분분석기 구매,중앙행정기관
정기기초연구과제(1. 한국의외교/안보정책),제2879부대,23503063.0,,2020-05-07,테크디,전영섭,김민균,"서울특별시 송파구 법원로11길7, 제11층 제1120호(문정동,문정현대지식산업센터)",147238328.0,76.5716,의무장비(자동분석기 생화학용중형) 구매(20197014-D),제5378부대
CSRP 화생방 연구 자료 시약 구매,육군본부,150544564.0,,2016-08-31,캐리온,김진욱,최동식,"서울특별시 서초구 방배로27길12-0 (방배동), 201호",54007736.0,47.0512,17-방공관제사-102 보급수송과 신호분석기,합동상호운용성기술센터
국방과학기술기본법 제정을 통한 국방연구개발 혁신,국군의무사령부,,87.7811,,디와이아이앤씨주식회사,김종성,원미정,,93380145.0,87.3411,KAOC 신축사업 지휘통신체계 구축방안 연구용역,국군재정관리단
생화학자동 분석기 구매(20199034-D),공군방공관제사령부,,76.1578,2022-08-08,MK메디칼,김준식,주세영,전라남도 목포시 해양대학로 91(죽교동),,88.0716,전시 공군탄약소요산정 모델 개선ㆍ보완 연구,군
해군교전급분석모델(Build-I) 체계개발사업,방위사업청(운영지원과),111871372.0,87.677,2020-04-04,,김민지,,,202332624.0,,19년 작전계획분석모델 장비교체사업(20198065-E),제2879부대
수성사격장 주변지역 주민 의식조사 연구,해군군수사령부,,87.8118,,,신관우,,대전광역시 유성구 대학로 245한국과학기술정보연구원,,,국방 정신전력교육지도사 자격신설 연구용역,제9691부대
주변국 무기체계 운영개념 및 제원 연구,국군재정관리단,,,2022-08-05,주식회사 서경약품,정봉원,박소영,"경상북도 구미시 대학로 61, 금오공과대학교 산학협력단(양호동)",,87.435,저 전송률 보코더 개발 연구용역,중앙행정기관
장거리공대지유도탄 2차 사업분석,제3697부대,,66.642,2016-01-20,주식회사 공공정책성과평가연구원,전옥녀,이철승,서울특별시 마포구 월드컵북로5길59 (서교동),,53.5741,공군 예비군훈련장 권역화 · 과학화 구축방안 연구,제9691부대
해병대 역사관 활용 방안 연구,국군재정관리단,118000446.0,57.3272,2016-04-23,주식회사 에스에이텍,권오경,김종호,"경기도 고양시 일산동구 중앙로1305-30, 728호 (장항동, 일산마이다스오피스텔)",,87.9073,전투실험 발전 세미나 과제 연구용역(2),중앙행정기관
22-이맹기 제독 평전 연구 용역,국방부(운영지원과),807492255.0,87.7785,2016-05-30,젠트리거,권혁웅,차윤아,"서울특별시 강남구 테헤란로78길16, 6층 (대치동, 노벨빌딩)",,55.3189,공무직 근로자 임금체계 컨설팅 및 연구 용역,중앙행정기관
20년 국방정책연구과제,제9691부대,,,2023-05-21,주식회사 에이치투엘테크놀로지,경상현,최은수,"서울특별시 강남구 봉은사로129-1, 5층(논현동)",,,영상정보에 대한 학습데이터 확보방안 연구,제2879부대
군용차량 배출가스 환경영향 및 기준 검토 연구용역,공군군수사령부,,75.5586,2022-02-12,웰스,권시형,안가영,부산광역시 영도구 와치로194-0 (동삼동),,93.6776,우주안전 발전 생태계(거버넌스) 구축 연구 용역,중앙행정기관
00 군공항 이전 시설기본요구조건(안) 작성 연구용역,제2879부대,54171718.0,87.5148,2022-08-09,서울대학교 산학협력단,신상범,,"경기도 수원시 영통구 월드컵로 206(원천동, 아주대학교)",59646510.0,87.7458,병력책정기준 산정과 연계한 조직진단 기법 체계 연구,중앙행정기관
분석기  스펙트럼용 구매,공군본부,,82.5987,2017-07-21,에이치필,김지현,전영은,부산광역시 동구 중앙대로286번길9-0 (초량동) 306호,404336792.0,82.4769,무인비행체계의 공격 방어체계 정립 연구용역,제9691부대
주거시설 관리 및 운영 전문성 제고 방안 연구,국군재정관리단,,,2021-03-24,주식회사  인섹시큐리티,김종광,박문희,"경기도 군포시 고산로148번길17-0, B동 1303호, 1304호, 1305호(당정동, 군포IT밸리)",185067165.0,87.3156,KJCCS 경미한 성능개량 사업 비용분석,중앙행정기관
(20G040-H)AI기반 보안사고 탐지분석시스템 ISP사업,국군의무사령부,12288739.0,80.3366,2020-11-10,(주)타임게이트,김학철,장재필,"서울특별시 서대문구 거북골로 34, 명지대학교 본관 10층 11033호(남가좌동)",81765782.0,85.8535,00부대 신축 사전 타당성검토 연구용역,중앙행정기관
(227059-E)방탐정확도 정밀분석 시험용 드론 제조,해군본부,35063796.0,,2017-05-30,미성종합체육산업 주식회사,박태준,박설희,"경기도 고양시 일산동구 강석로33, (백석동, 대우IAAN) 2층 217호",,88.0726,군 실내공기질 관리 개선방안 연구용역,제1363부대
국방안전관리정보체계 최적 구축방안 연구,국방부(운영지원과),102526523.0,87.9869,2017-03-01,김근우시스템공학기술연구소,,박한솔,서울특별시 광진구 군자동98 집현관 216,77089109.0,,(216313-B) 21년 분석실험실 운용장비 구매(리스물건),중앙행정기관
(247158-F) 스펙트럼 분석기 등 3종 구매,제9691부대,129161913.0,,,(사)21세기군사연구소,김현철,이도제,"경기도 성남시 분당구 판교로 255(삼평동, 판교 이노밸리 이동 403호 601호)",97565144.0,87.5951,지능형 악성코드 수집분석체계 라이선스 구매,국군재정관리단
침해사고 조사분석체계 교체사업(209058-F),해군본부,,,2023-08-21,기술표준화연구소,한대일,박정주,충청북도 청주시 청원구 사뜸로67번길24-0 (율량동),70308379.0,94.3702,전시 효율적 해외구매 방안에 관한 연구,국군재정관리단
아웃도어용식량의 전투식량 활용 및 비축 타당성 연구,국군복지단,25099173.0,81.318,,대길상사,임평산,윤병찬,"충청북도 청주시 서원구 충대로1-0 (개신동, 충북대학교)",60046453.0,,22-해-신호분석기 구매,제2879부대
2020 서울안보대화 프로그램 기획 및 발전방향연구,국군복지단,34563834.0,,2020-04-28,주식회사 쏠바이오텍,차진섭,이창환,서울특별시 동대문구 경희대로26-0 (회기동),95067521.0,50.8292,악성코드 수집분석체계 라이선스 구매,중앙행정기관
미래 육군 여군인력 활용성 제고방안 연구,국군복지단,,,,한국애질런트테크놀로지스(주),최철욱,최규식,경기도 남양주시 진접읍 내각1로73번길38-1,77021175.0,90.0618,부대활동 유형별 위험성 평가체계 연구용역,국군복지단
북한의 기뢰전 전술 분석 및 대응책 연구,국군재정관리단,,,2020-10-22,재단법인 한국군사문제연구원,양금식,,,,87.5599,AI기반 군집 UAV 해상작전 적용 가능성 연구용역,중앙행정기관
22-3차 개념설계 기술지원 연구용역,국군재정관리단,39446591.0,87.5637,,(사)한국전략문제연구소,,,,215887364.0,87.4293,(23G250-I) 분석관리체계 금융리스,군
생화학분석기(동물용) 1항목 구매(의무),국군재정관리단,107399173.0,,,주식회사 지음지식서비스,,,"서울특별시 용산구 청파로 40, 삼구빌딩 1815호(한강로3가)",,,KAOC 신축사업 지휘통신체계 구축방안 연구용역,국군수도병원
22-설계자료 활용 및 군 시설단가 표준화 연구용역,국군수도병원,29736985.0,,2022-12-22,유한회사 창해,전건욱,김지혜,경기도 김포시 월곶면 김포대로2708-37,,87.3645,대형기동헬기(CH/HH-47D) 성능개량사업 비용분석,중앙행정기관
2019 서울안보대화 사이버워킹그룹 발전연구,공군미사일방어사령부,49716324.0,89.625,2018-04-21,(주)인콘,박홍련,정원용,"경기도 고양시 덕양구 삼원로73, 721호(원흥동, 원흥한일윈스타)",196683454.0,,정기기초연구과제(1. 한국의외교/안보정책),중앙행정기관
방산기술보호체계 발전방안 연구용역,국군재정관리단,95947184.0,,2017-04-28,(주)이씨마이너,이명아,이동희,서울특별시 송파구 송이로30길21-0 (문정동),96823397.0,84.7003,軍 태양광 시범사업 효과 분석평가 용역,중앙행정기관
기술교범 국제규격 S1000D 적용 방안 연구,육군본부,32211689.0,,2021-04-27,엠지산업,이인형,이다정,"서울특별시 강남구 강남대로62길24-0 (역삼동,해송빌딩)3층",62839622.0,,23-D-액체질량분석기 구매(2310036-F),군
육군내 기술연구소 신설방안 연구 용역,해군군수사령부,37858773.0,87.8224,2016-01-06,군정비지원센터,김진욱,김봉환,서울특별시 종로구 새문안로5가길 32(적선동),,92.1621,SUPPRESSED,국군재정관리단
2019년 범국민 안보의식조사 연구 용역,국군수송사령부,,87.9893,2017-09-16,,,백도현,,,87.3746,군수송기 활용 산불진화능력확보 필요성 등 연구용역,국군제1068부대
항-18-066 자동면역분석기 시양등 47종,국방부(운영지원과),39188044.0,63.6812,,주식회사 기가제이,유완종,김혜민,서울특별시 금천구 시흥대로97-0 (시흥동)2동 316호,,87.6279,군사과학정책 연구 용역(1. 국방 데이터....),중앙행정기관
전술정보통신체계(TICN) 시설사업기본계획 연구용역,합동참모본부,33903348.0,95.6618,,주식회사 케이원,,기민경,"부산광역시 해운대구 양운로42번길18, 8층 803호(좌동, 에이원웨이)",46841511.0,88.3415,해무극복용 영상감시체계 선행연구용역,제5738부대
23-함정 실내공기질 기준 설정 연구,육군본부,28781429.0,87.5845,,주식회사 넷커스터마이즈,강명수,최성숙,서울특별시 금천구 가산디지털2로184-0 (가산동) 112호,83486919.0,87.7871,21-공-스펙트럼 분석기 3대 구매,중앙행정기관
23-1차 개념설계 기술지원 연구용역,제5738부대,,87.853,2020-04-18,국방대학교산학협력단,김희주,이한웅,"서울특별시 강남구 언주로527, 10층 (역삼동)",,92.008,군사시설 타운화 개념의 부대 재배치 방안 연구,중앙행정기관
민수용 드론의 비행기지 작전지원 활용방안 연구,국군의무사령부,38829036.0,88.2529,,테크노빌리지 주식회사,김용오,양진,서울특별시 노원구 화랑로574-0 (공릉동),546388399.0,78.1409,24-신규 무기체계 도입시  전력화 군수지원방안 연구,기관
00부대 정보체계 취약점 분석 도구 구매,4284부대,8724418.0,77.0392,,그린종합사무기,전건욱,황병윤,,,87.3629,최신함정 적정부하율 산정기법 연구 용역,중앙행정기관
저피탐 고도화 기술확보방안 연구,국군재정관리단,11336334.0,90.4636,2017-07-29,,변중무,박재형,대전광역시 동구 옻밭5길159-0 (판암동),190586377.0,87.4574,항-17-018 자동연역분석기 시약 등 37종,군
군 주거지원 법령의 문제점 및 개선방안 연구,제2879부대,114957403.0,95.725,2020-05-07,(주) 솔포스텍,정영욱,,"서울특별시 서초구 서초대로1길17, 2층 226호(방배동)",174648089.0,92.9937,국방시설분야 4차 산업기술 활용방안 연구용역,기관
23년 기술연구용역 계약 의뢰(4),국군수도병원,57887715.0,,2018-05-07,주식회사  인섹시큐리티,김길원,오성열,"경기도 고양시 일산동구 호수로358-39 706호(백석동,동문굿모닝타워1차)",73633062.0,88.146,21년 서울안보대화 프로그램 기획 및 발전방향 연구,합동상호운용성기술센터
연구소 화생방연구활동 재료비 초자 구매,국군재정관리단,90198448.0,88.0135,2023-04-05,엘아이지넥스원주식회사,노영일,유관주,대전광역시 중구 계룡로781 (용두동) 1층,62694326.0,87.595,계기착륙장치(ILS)사업 선행연구,중앙행정기관
장비별 잔여수명을 고려한 순환 창정비 적용방안 연구,제9691부대,17444210.0,,,(주)우림데이타,임경진,박수정,경기도 수원시 장안구 하률로12번길80-0 (천천동),528690986.0,87.5287,군수품 상용화 확대 정책 추진 로드맵 수립 연구,중앙행정기관
민수용 드론의 비행기지 작전지원 활용방안 연구,국군대전병원,810855364.0,80.5508,,서현회계법인,김유혁,김연,경상남도 진주시 동진로420 (충무공동),,72.5045,통신 정비장비(스펙트럼 분석기) 구매,제20전투비행단
(246326-E) 분석용 고성능 PC등 5품목 (리스자산),국군재정관리단,113614245.0,79.703,2021-06-10,일송 유에프티,조완제,박소연,"경기도 성남시 수정구 복정로84번길 22-15,(B-001호) (복정동)",,87.551,인지전 수행을 위한 전력증강 방향 연구,국군재정관리단
무기체계 공급망 관리(SCM) 최적화 프로세스 연구,국방부조사본부,138411258.0,57.3908,2021-12-11,,,,,,,원자력함정 운용시 지원시설  국내법규 등 연구 용역,군
00국가 해커추적 및 정보수집방안 연구,육군본부,,89.2785,2016-07-28,(주)디앤오종합건축사사무소,김근채,최명진,"서울특별시 금천구 가마산로96-0, 213호(가산동, 대륭테크노타운8차)",185574155.0,77.4659,[24-육-160] 군 보수체계 개선을 위한 연구,중앙행정기관
2022년 의무장비(혈액가스및전해질분석기) 구매,육군본부,,87.7093,2023-02-18,와이에스컴퍼니,경상현,신종현,"서울특별시 강남구 언주로527, 10층 (역삼동)",,85.4022,정기기초연구과제연구용역(4.국방우주학의이론..),중앙행정기관
00부대 지하시설 구축방안 연구용역,제9691부대,,94.3426,,호원대학교 산학협력단,정태량,장혜민,"대전광역시 유성구 대학로 99(궁동, 충남대학교)",,85.8555,군 주파수 대역정비 방안 연구,중앙행정기관
인사교육장교 경력관리 개선을 위한 연구용역,공군본부,37305924.0,,2020-04-10,엘아이지넥스원주식회사,임채익,,울산광역시 동구 방어진순환도로1000-0(전하동),201123195.0,87.5716,24년 지형분석장비 구매(리스물건),4284부대
23년 성능개량 전파분석체계 도입사업,국군재정관리단,37895056.0,63.3223,2018-03-07,국방대학교산학협력단,정영주,이종범,"서울특별시 용산구 이태원로 29, 전쟁기념관 4층(용산동1가)",65413684.0,87.9156,공지통신무전기 성능개량 사업분석,중앙행정기관
24년 의무장비(수액조절기 분석기) 구매,제3697부대,,,2018-06-17,주식회사 미디어스테이션,김영경,최선미,"광주광역시 동구 조선대길126(서석동, 조선대학교 내))",69666483.0,,제주 작전기지 저주파분석 훈련장비 유지보수 용역,국군재정관리단
군인연금관리공단 설립 필요성 등 검토를 위한 연구,국군수송사령부,40539242.0,82.1869,2017-12-03,계명대학교 산학협력단,박장권,동중영,"광주광역시 동구 조선대길126(서석동, 조선대학교 내))",,89.9871,영평사격장 주변지역 주민이주 방안 연구,제7군단
스펙트럼 분석기 구매,국군재정관리단,164687570.0,87.736,,(주)지디엘시스템,정연길,박지현,서울특별시 마포구 월드컵북로5길59 (서교동),226905529.0,,22년 수사데이터 연관 분석시스템 구매,중앙행정기관
00부대 지형분석장비(워크스테이션) 구매(20197163-B),공군방공관제사령부,161058682.0,88.5427,2017-06-21,대전대학교 산학협력단,박종재,신인균,,410998044.0,87.6592,의무장비(생화학자동분석기 등 2종) 구매(17-207),국군수도병원
해병대 인력획득체계 분석 발전 방향 연구 용역,국군의무사령부,157110172.0,88.0168,,(사)21세기군사연구소,권오성,추현아,"서울특별시 강남구 언주로527, 10층 (역삼동)",80715016.0,84.738,ISR 자산의 효율적 통합 운용방안 연구,기관
안정화지역 기반시설 복구방안 연구,제20전투비행단,,68.6919,,주식회사 대영퓨처스,김희숙,조성호,"서울특별시 마포구 월드컵북로501-0 (상암동, 상암월드컵파크9단지)904동1005호",51789374.0,,육군 NCS직무표준화 및 군내 활용방안 연구 용역,제7군단
(23G250-I) 분석관리체계 금융리스,국군재정관리단,,,2016-01-06,,,이지호,,,87.5353,22-해병-지능형 사이버침해사고 조사분석체계 구축,4284부대
소형드론용 지능형 영상분석기술 연구/시연 용역,국군재정관리단,110471418.0,,,주식회사 엑스정보통신,최진식,방윤지,서울특별시 강남구 학동로311(논현동) 타호비지니스센터 203호,105281676.0,87.6955,20-조난위치지시 무선송신기(잠수함 부이용) 연구개발,군
민사분야 연구용역(2-1),공군군수사령부,46630971.0,87.5956,2016-03-15,라온시스템즈(주),,,,217968674.0,,20-161 218 동물용 자동분석기 등 3품목,국군재정관리단
24-첨단기술활용한 피아식별(인원) 방안연구 용역,국군재정관리단,,,2022-10-21,우석대학교 산학협력단,김지찬,윤상석,"서울특별시 강남구 테헤란로520, 2층(대치동, 삼안빌딩)",190936337.0,87.6203,적 사이버공격 의도분석 지표개발 및 평가방안 연구,합동상호운용성기술센터
안정적인 해병항공 운용방안 연구 용역,국군재정관리단,,,,,권선애,이도제,"충청남도 계룡시 엄사면 번영로113-32, 107동 15층 1502호(계룡파라디아)",195454053.0,76.7477,22-합 -분석실험실 운용장비 교체사업 리스,중앙행정기관
해강안 경계철책 철거(대체)관련 설계 연구 용역,국군재정관리단,19239338.0,,2017-09-02,디아이에스아이앤씨 주식회사,임근우,,"서울특별시 서초구 신반포로303, 101호 (잠원동, 에스엘빌딩)",92108849.0,93.3496,국가 우주개발 정책과 공군의 역할 연구,중앙행정기관
22-4-작전지휘시설 신축 선행연구용역,공군군수사령부,119480927.0,87.7948,2023-05-03,,홍영기,안구름,"경기도 고양시 일산동구 고봉로 26-14, 양우로데오랜드 A동 304호(장항동)",175754250.0,,유도무기 적정 수리부속 보유량 산출 연구 용역,국군재정관리단
UH-60 휠제동용 유압장치 시험장비 개발 연구용역,국군재정관리단,29633949.0,88.0341,2017-08-22,사단법인 한국교육행정학회,김은기,윤진영,"서울특별시 강남구 언주로527, 10층 (역삼동)",86620891.0,,19년 병리장비소모품(13) 혈액가스분석기 구매,중앙행정기관
전투발전 연구용역 과제 세미나 수행 용역,국군재정관리단,202889223.0,89.4746,,CAT,이도형,장유라,"서울특별시 영등포구 국회대로70길12, 802호 (여의도동,대산빌딩)",2069962132.0,87.7796,25년도 안보정세전망 연구용역,중앙행정기관
패트리어트 PAC-3 유도탄(2차)사업 선행연구,국군의무사령부,43523936.0,92.6475,,세종대학교산학협력단,박종선,김영중,서울특별시 성북구 삼선교로16길116-0 (삼선동2가),88282570.0,91.3417,성주기지 주변지역 건강영향 역학조사 연구,중앙행정기관
분석기(비행조종계통 점검용)외1종 구매(16-38),국군재정관리단,,88.2447,2017-11-24,사단법인 엔케이지식인연대,김동준,정명화,"서울특별시 강서구 양천로401 (가양동), B동 801호",60475842.0,,해병대 안전관리 조직 역할 관련 연구 용역,중앙행정기관
기초비행훈련용헬기 조종계통 시험장비 개발 연구용역,제9965부대,15601682.0,94.378,2016-12-25,성도교역,김종광,양삼근,"경상남도 창원시 마산회원구 자유무역3길208, 3층 301호(양덕동,혁신지원센터)",85596331.0,,주요 선진국의 획득제도 사례분석을 통한 시사점 연구,중앙행정기관
공군조직내 잠재갈등 분석 및 공군문화 발전방안 연구,해군본부,,,2018-08-19,(재)한국해양전략연구소,이충환,박지은,"서울특별시 용산구 한강대로40길39-12, 204호 (한강로2가)",75557222.0,87.7149,전시 급식지원체계 개선방안 연구,중앙행정기관
장보고급 잠수함 디젤감시장치 연구개발 용역,육군본부,17220274.0,,2022-11-27,,,박준성,"서울특별시 금천구 가마산로96-0, 213호(가산동, 대륭테크노타운8차)",516697932.0,,공군 장기 군구조 발전구상 연구,국군수도병원
군 의료 혁신을 위한 의료전달체계 개편 연구용역,국군재정관리단,124535789.0,95.2161,2021-12-12,(사)한국식품기술사협회,김진욱,이도제,경상남도 진주시 진양호로532-0 (동성동),69135450.0,84.2694,22년 공군 항공무장효과분석모델 통합 유지보수,국군재정관리단
TDS와 연계한 억제작전 평가체계 연구,4284부대,49382449.0,88.3085,,서울대학교 산학협력단,전건욱,김지훈,경기도 성남시 분당구 판교역로 220(삼평동 673),188349206.0,87.676,잠수함 지휘통신체계 경미한 성능개량 사업분석,군
(20G060-A)IP교환기및국방보안조사분석시스템금융리스,국군재정관리단,29750675.0,93.537,,서울대학교 산학협력단,한수희,오선아,"서울특별시 금천구 가마산로96-0, 213호(가산동, 대륭테크노타운8차)",,,19-함정 고전압 육전공급설비 적용방안 연구,중앙행정기관
교육연구자료 원문 DB 구축 용역,연평부대,42195701.0,82.2238,2018-10-28,국방대학교산학협력단,김국동,현동재,전북특별자치도 정읍시 북면 북면공단2길87-0,,93.8758,방위사업비리 가중처벌 법안에 대한 연구,중앙행정기관
10.군사과학정책연구(인공지능...),육군정보통신학교,,,2016-02-04,하늘유통,정봉원,고기종,서울특별시 서대문구 충정로53-0 (충정로2가) 골든타워빌딩 1701호,178632845.0,88.0018,과학적 시험설계와 시험결과의 논리적 평가방안연구,제9227부대
군 작업환경 및 작업자 보건관리 훈령 발전연구,육군군수사령부,46257624.0,94.812,,(주)싸이버텍,김양훈,김우중,"경기도 안양시 만안구 만안로49, 519호(안양동, 호정타워)",57995583.0,94.12,원자력함정 운용시 지원시설  국내법규 등 연구 용역,국군제1068부대
함정 총수명주기 고려 탑재장비 획득방안 연구 용역,해군본부,,,,서강대학교산학협력단,박정기,강현순,"경기도 안양시 동안구 관평로138번길24-0 106호 (평촌동, 초원아파트 상가동)",,92.1148,AI 기반 UAV 군집운용 해상작전적용 가능성 연구,중앙행정기관
상호운용성 정보보증 평가기준의 체계별 적용방안연구,국군재정관리단,94192029.0,87.8605,2016-04-14,주식회사 다윈에어로테크,최계영,윤이나,"서울특별시 강북구 삼양로173가길55-0 (우이동, 메이트하우스)1동402호",190729376.0,,AH-64 헬기 엔진 마운트홀 가공기술 개발 연구용역,국군재정관리단
4차 산업혁명 기술 함정적용 방안 연구용역,육군본부,,87.9801,2021-06-09,법무법인(유한)태평양,이종명,정봉원,대전광역시 유성구 국제과학11로18-0 (둔곡동),88450322.0,87.4638,대형기동헬기(CH/HH-47D) 성능개량사업 비용분석,중앙행정기관
안보학술진흥연구용역(4. 한국의군사전략및),방위사업청,360199791.0,87.4826,2023-05-29,주식회사 지노스,박영선,노은희,"경기도 성남시 중원구 광명로94번길14, 지하1층(성남동)",85111332.0,,(20G071-H)21년 스펙트럼 측정/분석장비 유지보수용역,중앙행정기관
연구개발 부품[캐피시터등50종1655점 구매],국군의무사령부,32857537.0,87.9601,2021-09-25,휴뷰티,김규형,고윤안,"서울특별시 금천구 가산디지털2로184, 10층 1017호(가산동, 벽산디지털밸리2차)",447111080.0,86.4308,연구소 회의실 AV시스템 제조설치 납품,국군재정관리단
(상생협력실)갈등영향분석 연구용역(C013),공군본부,159440175.0,,2023-08-01,사단법인 한국갈등학회,권정환,,서울특별시 영등포구 영등포로35길10-0 (영등포동6가) 8층 809호,68734544.0,87.419,전자파 분석장치 등 2종 구매,중앙행정기관
육군 부사관학교 시설종합발전계획 연구용역,국방지형정보단,29929975.0,89.2253,2019-01-23,금오공과대학교산학협력단,박정기,전대석,"서울특별시 영등포구 선유로 70, 우리벤처타운2303호(문래동3가)",52273134.0,94.4963,AI 작전운용성능 설정기준 표준화 연구,국군재정관리단
19-12차(3) 의무장비 혈액가스분석기 소형 구매,육군인사사령부,34754747.0,,2018-02-01,(주)프라이전트,장철호,박상욱,서울특별시 구로구 디지털로26길5-0 (구로동) 1404호,,92.0595,첨단 ICT 적용한 신규 C4I 연구용역,국군재정관리단
공군 이러닝 무선기반체계 고도화 방안 연구 용역,국군화생방방호사령부,50749230.0,,2016-05-28,재단법인 한국군사문제연구원,김병석,안병선,"서울특별시 금천구 가산디지털2로184, 10층 1017호(가산동, 벽산디지털밸리2차)",,84.8277,통합 센서검사기 개발 연구용역,중앙행정기관
예비전력발전세미나 주제연구(Ⅱ) 용역,국방시설본부,,95.9934,2017-02-25,주식회사 에이치더블유,최규식,한만웅,강원도 원주시 문막읍 석지1길283,,,21-미 해군 6.25전쟁 전쟁분석 자료 번역 용역,국군재정관리단
사단 간부숙소 신축 선행연구 용역,제7군단,137652766.0,93.5706,2017-11-07,영남대학교산학협력단,박준빈,,"서울특별시 금천구 가산디지털1로119-0 (가산동, SK트윈테크타워, a동 10층 6호)",98380426.0,87.5504,정비용 샵차량 전원발생기 정비기술개발 연구용역,중앙행정기관
24년 의무장비(헤모글로빈 A1C자동분석기) 구매,국군재정관리단,28830705.0,93.1257,,주식회사 씨이엠아이,,구종우,,73889554.0,,함정추진축계이상소음발생위치추정및원인분석기법연구,중앙행정기관
차기 탑재/양륙 모의체계 개발 개념 연구 용역,제2879부대,985139320.0,,2021-11-04,씨지에스아이티(주),김여기,이화주,서울특별시 서초구 사임당로32 (서초동) 재우빌딩 9층,62900026.0,91.8107,군무원 적정 충원 비율에 관한 연구 용역,제5019부대
미래 예비군 제도를 대비한 예비군 개념 정립 연구,국방전산정보원,,83.4193,2016-08-12,주식회사 윈스,이훈민,최재영,"서울특별시 강남구 테헤란로520, 2층(대치동, 삼안빌딩)",,52.8983,발칸교전모의기 선행연구용역,제7821부대
정책현안 연구용역(2. 두개의 전쟁과 미래전쟁),공군본부,143145210.0,,,주식회사 쏠바이오텍,,전영은,경기도 안양시 동안구 흥안대로445(평촌동) 제6층 615호 안양평촌동지식산업센터,111543895.0,87.3285,24년 기술연구용역(3),4284부대
과학기술전문사관 직무 성과분석 연구,국군의무사령부,,,2022-04-01,테크디,임승택,전진홍,충청북도 충주시 대학로50-0 (대소원면),39806285.0,88.5842,산업협력 제도 시행을 위한 세부 방안 연구,국군수도병원
19-적정 승조원 소요인원 정량화 방안 연구,제9691부대,161835099.0,,2020-09-15,주식회사 유토비즈,,,"경기도 안양시 만안구 만안로49, 519호(안양동, 호정타워)",,87.4883,20~21년 분석용모델(3종) 유지보수 용역(2019F173-C),국군수도병원
공병분야 M&S 연구용역,제5군단사령부,,95.1933,2018-11-18,(주)미디어큐브,이승후,권주희,"경기도 성남시 수정구 복정로84번길 22-15,(B-001호) (복정동)",,,SUPPRESSED,중앙행정기관
항행안전시설 비행점검장비의 군 필요성...연구,해군본부,45934511.0,63.6206,2021-10-09,주식회사 모렌스,이현화,홍지유,"서울특별시 강남구 테헤란로520, 2층(대치동, 삼안빌딩)",175360088.0,,한국형 비용분석 전산모델 고도화 ISP 수립,국군재정관리단
22-11차 연구장비 구매 계약  - 의약품 냉동고(수정),공군군수사령부,,,,주식회사 삼원산업,임평산,이유진,"서울특별시 금천구 가산디지털2로184, 10층 1017호(가산동, 벽산디지털밸리2차)",,87.3989,군수사 품목관리관 적정 취급품목 수 연구,기관
자동염기서열 분석기 소모품 구매 설치,국군재정관리단,,,2022-05-01,주식회사 조인트리,,김지영,,96166829.0,,국방 정신전력교육지도사 자격신설 연구용역,국군재정관리단
19-12차(3) 의무장비 혈액가스분석기 소형 구매,국군재정관리단,,88.0437,,주식회사 원스타,허정행,김선미,"서울특별시 광진구 아차산로78길110-0 (광장동, 리버힐오피스텔) 310",99904353.0,,해병항공해상운용을위한동원선박운용개념연구용역,국군재정관리단
군용비행장 소음측정 및 분석용역(해),국방부(운영지원과),52975535.0,78.1,,(사)한국능률협회,,조민구,서울특별시 영등포구 여의공원로 101(여의도동),72073020.0,87.9218,대형 국외구매사업의 합리적 기종결정방안 연구,중앙행정기관
병력책정기준(정보통신분야 임무/기능 적절성 연구),공군군수사령부,47920439.0,87.8938,,,장우영,,경기도 남양주시 진접읍 내각1로73번길38-1,186241164.0,87.4198,00부대 조직문화 진단 연구용역,국군제1068부대
아세안확대국방장관회의 사이버워킹그룹 발전 연구,육군교육사령부,35497368.0,,,,권정환,장현주,충청북도 청주시 서원구 남이면 양촌2길10-1,97655793.0,92.5446,비행기지 계기착륙장치 노후교체 적정시기 연구용역,기관
2024 서울안보대화 프로그램 기획 및 발전방향 연구,육군교육사령부,48072020.0,,,(사)21세기군사연구소,송태현,김예나,경기도 화성시 동탄첨단산업1로14-0 (영천동)  KTX밸리 707호,108995136.0,,20-교육훈련 빅데이터 통합관리체계 구축방안 연구,국군재정관리단
선체고정음탐기 선행연구 용역,국군재정관리단,13721671.0,,2022-07-08,한국환경설계(주),전건욱,윤정숙,대전광역시 유성구 죽동로157-0 (죽동),93893516.0,85.1556,교육장비(질량분석기) 구매,국군재정관리단
미래 전투기 등급분류 발전방향 연구,제9691부대,17826065.0,95.7453,2017-11-06,원테크전기통신 주식회사,박정주,이상규,경상남도 진주시 동진로420 (충무공동),173850216.0,85.7426,육군 병영생활관 신축기준 연구용역,중앙행정기관
미래 복합전투체계 운용개념/전투실험방법 연구용역,공군본부,,,2019-03-24,삼성서울병원,조만희,김선주,부산광역시 강서구 대저중앙로341-0 (대저1동),1279423435.0,88.4913,예비전력발전세미나 주제연구(Ⅱ) 용역,합동참모본부
방위사업 전문교육기관 시설 기초조사 연구,국군재정관리단,354208319.0,,2018-08-25,주식회사 오파스넷,안기수,석봉한,충청북도 청주시서원구 개신동446-2,151855833.0,,전원공급기(분석기  교류  전원발생용)구매,제2군단
35사단 동원훈련장 생활관 시설사업 선행연구 용역,육군교육사령부,17627947.0,87.6997,2021-10-25,세종대학교산학협력단,전건욱,전용호,,115491127.0,,18-해상종합전술훈련장사업타당성 국내개발가능성연구,중앙행정기관
국방연구개발사업의 성과조사.분석 연구,연평부대,,83.9784,2020-07-01,유더블유티,신상범,홍성현,"서울특별시 강남구 남부순환로365길 5, 중명 213(도곡동)",46886269.0,65.3777,19-미래 유무인 항공전력 복합운용 전력소요 연구,39정찰비행단
상륙공격헬기 체계운용요구 및 PBL 적용방안 연구용역,육군본부,,95.304,2021-06-19,사단법인 안보경영연구원,노광현,이기찬,대전광역시 유성구 대학로291-0 (구성동),80981396.0,87.5875,18-회로망용 분석기 등 8종 구매,중앙행정기관
효율적인 탄약 전력화 방안 연구,해군본부,,,2018-08-03,(주)두두아이티,정주교,곽진,서울특별시 강남구 선릉로93길54-0 (역삼동) 일환빌딩 6097호,68815492.0,87.7822,SUPPRESSED,중앙행정기관
발칸 보조전원공급기 수리부속 대체품 개발 연구용역,제9691부대,29089756.0,,2020-07-28,,,,서울특별시 동대문구 고미술로100-0 (답십리동),217899942.0,,전투실험 발전 과제 연구용역(1),중앙행정기관
해상종합전술훈련장 체계구축 사업 개념 연구,합동참모본부,,87.8652,2016-07-13,(주)글로벌텔레콤,이영환,이정민,서울특별시 영등포구 여의대방로61길2-0 (신길동)천록빌딩105호,104443444.0,37.138,19-추진기 CIS 분석/평가방안 정립 연구,중앙행정기관
방공포병 모의훈련체계 구축 가능성 연구용역,국방부(운영지원과),,88.0654,2022-01-27,씨지에스아이티(주),심종욱,최규식,"서울특별시 강북구 삼양로173가길55-0 (우이동, 메이트하우스)1동402호",487760803.0,95.3871,(23G048-I)생물안전3등급 연구시설(BL-3)유지보수용역,중앙행정기관
국방정보화정책 핵심성과지표 가이드라인 연구,국군재정관리단,,98.0814,2016-01-06,주식회사 서경약품,김지현,안차순,"경상남도 창원시 진해구 중원로1-0 (남빈동, 해군사관학교내)",81431575.0,85.4459,병력책정 기준연구(비행대대 조직구조 개선방안),중앙행정기관
무건리훈련장 갈등영향분석 용역,국군복지단,0.0,92.5592,2023-01-19,,정운찬,김진욱,"서울특별시 송파구 법원로11길25-0, A동 1310호(문정동, 에이치비즈니스파크)",,,합동최종공격통제관(JTAC)의 종합 발전방향 연구,중앙행정기관
19-운용함정 소음 진동 성능점검 기술연구 용역,국군재정관리단,42474510.0,,,건양대학교 산학협력단,이성로,이다정,강원도 원주시 문막읍 석지1길283,98892806.0,86.4618,(226362-F)작전지속지원분석모델장비 도입(리스물건),중앙행정기관
19-스마트쉽 무선네트워크 활용방안 연구,해군본부,18394367.0,88.0784,2020-07-19,(주)디앤오종합건축사사무소,신종걸,김윤영,"서울특별시 종로구 홍지문2길20-0 (홍지동, 상명대학교)",,,감염 및 외상분야 군의료 특성화 연구(2차),군
국방 비밀관리시스템 연동표준 개념연구,국군재정관리단,68216858.0,88.2401,,사단법인 한국아이티법연구원,백다리아,가회광,"전라남도 무안군 삼향읍 남악3로80,204호(제일프라자)",74393575.0,,(22F008-I)주민 지자체함께와상생하는훈련장연구용역,중앙행정기관
(24G050-A생물안전3등급 연구시설(BL-3) 유지보수용역,공군사관학교,155250737.0,87.9656,,주식회사 단군픽쳐스,설영만,안가영,인천광역시 부평구 부평대로301-0 (청천동) 남광센트렉스 303호,93919040.0,76.4574,정밀측정장비(레벨분석기) 구매,중앙행정기관
(227059-E)방탐정확도 정밀분석 시험용 드론 제조,합동참모본부,36143659.0,,2022-09-01,주식회사 와풀,,이성심,,,87.4202,[24-육-160] 군 보수체계 개선을 위한 연구,합동참모본부
항행안전시설 비행점검장비의 군 필요성...연구,육군교육사령부,,87.7292,2020-05-31,주식회사 도화엔지니어링,전건욱,안차순,경기도 고양시 덕양구 권율대로656-0 (원흥동) 17층 1739호,,87.369,추진장약 안정제 분석시험용 재료 구매,중앙행정기관
18-P3탑재장비PBL적용타당성검증및성과지표개발연구,공군군수사령부,,,2022-08-14,재단법인 한국군사문제연구원,권준홍,김영우,서울특별시 영등포구 여의대방로43나길20-0 (신길동),,87.5039,전술제대 전투무선체계 발전방안 연구용역,4284부대
고속전투주정 시설사업기본계획 수립 연구용역,공군본부,,,2017-08-14,테크디,김대석,이정민,서울특별시 중구 무교로16(무교동),65259223.0,92.6517,육군 NCS 기반 직무 및 요구역량 조건표 연구용역,중앙행정기관
미래 해양강군 해군비전 2045개정 방향 연구,국군재정관리단,334697317.0,88.9928,2017-03-03,(주)두두아이티,조명지,김선태,서울특별시 송파구 올림픽로505-0 (풍납동),,57.587,한국적 지뢰대응활동표준 작성에 대한 연구,중앙행정기관
22년 전투발전 연구용역 과제 세미나 수행 용역(5),해군군수사령부,,68.323,2017-12-25,한빛디엔에스(주),박정기,정택주,"경상남도 창원시 진해구 중원로1-0 (남빈동, 해군사관학교내)",88842574.0,,부품정비대대 - 분석기  스펙트럼용 구매,중앙행정기관
정비용 샵차량 전원발생기 정비기술개발 연구용역,합동상호운용성기술센터,86736970.0,78.1262,2022-12-09,(주)도전하는사람들,남기출,정명화,서울특별시 서초구 서운로1길34-0 (서초동),197599975.0,,해상작전 위성통신체계 성능개량 선행연구,기관
유도탄검사장비(00체계 가스승압기  가스분석기) 정비,국군화생방방호사령부,59141062.0,,2016-03-12,에이디링크,전건욱,박재완,"서울특별시 송파구 법원로127-0 (문정동,대명벨리온)1117,1118호",194496282.0,94.2806,(207108-H)네트워크 위협 분석체계 구축사업,중앙행정기관
AI 작전운용성능 설정기준 표준화 연구,국방부(운영지원과),123016619.0,88.9178,2016-01-26,건양대학교 산학협력단,양선희,정태진,"서울특별시 강남구 강남대로62길24-0 (역삼동,해송빌딩)3층",78903387.0,,합동최종공격통제관(JTAC)의 종합 발전방향 연구,기관
교육장비(동작분석 측정장치 세트) 구매설치,국방부,134094110.0,79.6785,2017-02-23,MRO Tech(엠알오텍),,김서연,울산광역시 울주군 언양읍 유니스트길50-0 울산과학기술원,120315358.0,87.4965,주거시설 관리 및 운영 전문성 제고 방안 연구,합동상호운용성기술센터
여단급과학화전투훈련체계 경미한성능개량 사업분석,국군재정관리단,35158518.0,87.7441,2021-03-28,주식회사 한국엔브이,박준빈,윤종학,"서울특별시 강남구 언주로527, 10층 (역삼동)",,,영상정보에 대한 학습데이터 확보방안 연구,중앙행정기관
22-4-작전지휘시설 신축 선행연구용역,제3훈련비행단,,77.3286,,주식회사 세명에스엠지,김진욱,김여기,인천광역시 연수구 원인재로212 (연수동),94032388.0,87.5246,민사분야 연구용역(2-2),군
22-3차 개념설계 기술지원 연구용역,국군재정관리단,,88.0359,2020-05-14,주식회사에이스게이트,최규식,박계향,대전광역시 서구 관저동로170 (관저동) 210호,102079255.0,60.4485,(21F093-K)'22년~'23년 작전지속지원분석모델유지보수,중앙행정기관
[24-육-129] 예비전력발전세미나 주제 연구(Ⅱ),국방부(운영지원과),,65.2793,,사단법인 한국아이티법연구원,윤은희,이상규,"서울특별시 종로구 홍지문2길20-0 (홍지동, 상명대학교)",151063169.0,,“제○군단 부대사” 연구 용역,국군재정관리단
중금속가열분석기 1항목 구매(의무),국군대전병원,43084790.0,97.5255,2024-01-07,주식회사남동,김산회,박계향,"대전광역시 유성구 테크노3로 65, 한신에스메카 241(관평동)",104927101.0,87.9132,KF-16 AIFF 점검 및 교환 기술 개발 연구 용역,국군재정관리단
화생방 연구활동 기술용역 재료 초자 구매,국군의무사령부,,86.8485,2016-07-31,주식회사 콤텍정보통신,박희원,류재산,"경기도 군포시 고산로148번길17-0, B동 1303호, 1304호, 1305호(당정동, 군포IT밸리)",,,20-해군사관생도 복제개선 연구,중앙행정기관
16-00원 종합발전 비전 연구용역,국방부(운영지원과),12236775.0,,2022-01-29,재단법인 한국군사문제연구원,조민구,장재필,서울특별시 노원구 화랑로574-0 (공릉동),96092439.0,87.4754,BigData /vc를 활용한 무기체계 효과분석 연구,기관
(207180-H)스펙트럼측정/분석장비 노후교체,국군재정관리단,,,2023-04-30,주식회사 안보기술연구원,이윤문,황병윤,"경기도 안양시 만안구 만안로49, 519호(안양동, 호정타워)",94623905.0,,23년 의무장비(전기수술기 분석기) 구매,국군재정관리단
전투실험 발전 세미나 과제 연구용역(1),합동참모본부,,,2018-02-03,토리 상사,양금식,최소영,울산광역시 남구 갈밭로11-0 (삼산동),,88.1933,해안경계 임무전환정책 발전 연구,4284부대
사단 작전지휘시설 신축사업 선행연구 용역,해군군수사령부,124020752.0,,2018-02-11,국방대학교산학협력단,최규식,고찬갑,,199766918.0,92.3526,(22F070-G) 경계용 영상분석 데이터셋 구축,중앙행정기관
스마트팩토리 기반 KAAV창정비 공장 연구 용역(1),해군군수사령부,26956517.0,58.5752,,한국세라믹기술원,유상호,서재달,"경기도 성남시 분당구 탄천상로164, A동 2층 247호(구미동, 시그마2오피스텔)",,,항공전력 도입을 고려한 효율적 운용방안 연구용역,기관
국방개혁과 연계한 예비군법 발전방안 연구,육군본부,,,,대전대학교 산학협력단,정주교,정운찬,"경기도 수원시 장안구 송원로20, B동 1010호(송죽동, 수원아너스빌위즈)",206213676.0,,CSRP 화생방 연구 자료 시약 구매,중앙행정기관
특수전지원함 등 2종 사업분석,제9691부대,5432903.0,,,씨지에스아이티(주),김동준,홍태오,"경기도 성남시 수정구 복정로84번길 22-15,(B-001호) (복정동)",,87.6382,17년 비용분석모델(PRICE) 유지보수 용역,중앙행정기관
작전환경 변화 및 공군 합동 고려한 포병 발전 연구,국방부(운영지원과),,,2018-01-10,소성정보기술 주식회사,김한욱,김선철,"서울특별시 용산구 청파로 40, 삼구빌딩 1815호(한강로3가)",196633732.0,87.4778,영평사격장 이전 가능성 연구,중앙행정기관
정밀루트 및 문화재 지표조사 연구용역,육군교육사령부,,88.0635,2017-04-25,사단법인 한국국방발전연구원,김종성,,"인천광역시 남동구 서창남순환로55, 505동 603호(서창동, 서창센트럴푸르지오)",208047811.0,87.4085,자주발칸 제어용 모듈 대체품 개발 연구용역,중앙행정기관
K10제독차 조종상자 회로카드 정비기술개발 연구용역,국군재정관리단,,,2018-04-04,주식회사 엘씨케이테크놀로지스,서선숙,이재평,"서울특별시 서초구 신반포로303, 101호 (잠원동, 에스엘빌딩)",175318003.0,,무인수상정 탑재운용 군 요구조건 도출 연구용역,기관
한국형 첨단전투관리체계 운용개념 및 발전방안 연구,육군화학학교,845355281.0,,2017-11-10,주식회사 엑스정보통신,최영복,정해붕,"경기도 성남시 분당구 불정로219-0 (정자동, 한솔마을) 청구상가  비108호",,88.0142,교육장비(수질분석세트) 구매설치,국군복지단
’18년 군 책임운영기관 고객만족도조사 연구용역,방위사업청,42932755.0,88.2006,2018-03-05,사단법인 한국방위사업연구원,조노희,경상현,"경상북도 구미시 대학로 61, 금오공과대학교 산학협력단(양호동)",640377766.0,,기갑및기계화부대 중대급 교전훈련장비 선행연구 용역,합동참모본부
레이더 시험세트(스펙트럼 분석기 등 4종) 구매,국군재정관리단,,95.6467,2017-06-12,주식회사 좋은소리,주인웅,장원규,"강원특별자치도 원주시 천매봉길36-22, 302호(단구동, 백림빌딩)",,76.8838,의무장비-혈액가스분석기 중형 구매,국군재정관리단
19년 작전지속지원분석모델 유지보수(2018F124-G),공군군수사령부,146917646.0,88.0741,,,,,,,,23-D-라만분광분석기 구매,국군수도병원
인사교육장교 경력관리 개선을 위한 연구용역,국방전산정보원,,,2016-03-24,마린전자상사,김주희,김선미,경기도 화성시 동탄첨단산업1로14-0 (영천동)  KTX밸리 707호,,86.148,주변국 지상군에 대한 부대 및 전력구조 연구,국군제1068부대
국방정보시스템 사이버침해대비안전성확보방안 연구,공군군수사령부,26523565.0,87.8955,,주식회사 윌비시스,홍수정,,,,,지형분석장비 구매설치,국군재정관리단
외상성 출혈 시 혈관 내 지혈술 개발 연구용역,국방부(운영지원과),6697811.0,86.0563,2023-05-04,사단법인 안보경영연구원,정의승,고윤안,"서울특별시 강남구 언주로527, 10층 (역삼동)",171536436.0,93.0897,음성분석기 구매,중앙행정기관
군용총포·도검·화약류 안전관리 발전방안 연구,제2062부대,116311007.0,92.345,2021-12-29,한국여성정책연구원,손태환,한경희,"대구광역시 북구 동북로163, 101동 1605호(산격동, 산격대우아파트)",74243592.0,87.6847,19~20년 육군M&S센터 전문분석관 운용 용역,중앙행정기관
교육생 숙소 시설기준 연구용역,공군본부,287312574.0,87.8449,2020-04-28,한서대학교 산학협력단,이권민,김은혜,경기도 고양시 덕양구 권율대로656-0 (원흥동) 17층 1739호,202880361.0,87.519,KAAV RCWS/KAAV-Ⅱ총수명주기 비용에 관한 연구용역,기관
안보 테마파크 조성 방안 정책연구,국군재정관리단,378746877.0,,2023-03-20,(주)두두아이티,김재영,조반석,"서울특별시 서초구 신반포로303, 101호 (잠원동, 에스엘빌딩)",95954215.0,87.6195,(227164-C)연구활동 재료(시약) 구매,중앙행정기관
전자기스펙트럼 측정/분석체계 운용방안 연구,국군재정관리단,60316063.0,79.5806,2020-07-28,국방대학교산학협력단,김재일,이상규,"서울특별시 금천구 가산디지털2로184, 10층 1017호(가산동, 벽산디지털밸리2차)",200811171.0,87.4043,SUPPRESSED,중앙행정기관
21년 공군 자동면역분석기 시약 등 163종 구매,공군교육사령부,34371866.0,,2020-11-15,디엔씨오토메이션,조노희,이영진,"경상북도 경산시 하양읍 하양로13-13, D1동 4층 406호",499161128.0,89.0593,KF-16 AIFF 점검 및 교환 기술 개발 연구 용역,기관
휴대용 산소분석기 등 6종 구매,국군재정관리단,124727834.0,94.6511,2022-10-20,법무법인 집현전,이성인,,경기도 안양시 동안구 흥안대로445(평촌동) 제6층 615호 안양평촌동지식산업센터,69287960.0,92.2477,해병대 역사관 활용 방안 연구,중앙행정기관
다출처 정보화 연구용역,공군군수사령부,,88.1802,2023-02-21,(사)국방시설연구협회,정영욱,오석현,"서울특별시 강남구 언주로527, 10층 (역삼동)",185839883.0,87.4187,신공법교량 폭파방법도출 및 실증실험 연구용역,중앙행정기관
무인수색차량 사업 비용분석,제6619부대,40636405.0,87.9271,2017-11-23,,김한희,김도경,"서울특별시 서초구 서초중앙로20길 24, 서종빌딩 4층(서초동)",180643361.0,,세계안보정세분석 연구 용역,연평부대
부품국산화율 산정방식 등  제도 개선방안 연구,국군재정관리단,126782842.0,88.3479,2020-04-23,한국애질런트테크놀로지스(주),이여정,김호근,서울특별시 양천구 남부순환로72길17-0 (신월동) 영동빌딩2층,78142950.0,85.2109,예비전력 VISION 구현 방향 연구용역,중앙행정기관
항-16-069 자동면역분석기 시약 등 37종,국군재정관리단,,94.3541,2016-01-06,(재)한국산업개발연구원,유훈,전호영,"서울특별시 영등포구 도림로462, 206호 (문래동3가, 국화상가)",95138700.0,87.4983,21년 서울안보대화 프로그램 기획 및 발전방향 연구,국군재정관리단
(21F049-I)제2軍 대테러 종합훈련장 선행연구 용역,육군정보학교,39897330.0,90.6229,2018-02-12,(주)아이디어정보기술,이종명,정운찬,"전라남도 장성군 황룡면 강변로452-16, 3층 302호",75930087.0,88.3098,24-미래 공군병력 부족 대비 인력공급 확대방안 연구,제3훈련비행단
의무장비-혈액가스분석기 중형 구매,국방부(운영지원과),36977979.0,,2018-02-24,주식회사 알앤피파트너스,서용석,박진호,서울특별시 서대문구 충정로53-0 (충정로2가) 골든타워빌딩 1701호,63344533.0,87.9354,전출처 전자정보 통합 및 적위협 가시화 방안연구,군
민수용 드론의 비행기지 작전지원 활용방안 연구,제9965부대,120169612.0,85.2366,2017-09-11,,권정환,,"서울특별시 송파구 백제고분로501, 301 (방이동 청호빌딩)",79835610.0,,육군 미디어전 교리화 연구용역,국군재정관리단
상층대기분석장비 유지보수,공군군수사령부,,86.6404,2020-05-05,,전건욱,,서울특별시 관악구 관악로1 (신림동),190561318.0,87.3494,RAM 및 군수지원분석 방법 선진화 연구(2차),기관
공병분야 M&S 연구용역,국군재정관리단,15179744.0,,,노무법인 디와이,양선원,신준호,"서울특별시 구로구 디지털로242, 1605호(구로동, 한화비즈메트로1차)",172643594.0,87.5286,21-1차 개념설계 기술지원 연구용역,국군재정관리단
22년 분석실험실 상용 SW 구매,국방대학교,995761899.0,97.8585,2016-04-19,주식회사 에이치더블유,홍세준,이효선,"서울특별시 강남구 봉은사로129-1, 5층(논현동)",37102164.0,,국방분야 국가자격 신설종목 연구,국군재정관리단
공무원 징계와 군 징계의 비교법적 연구,제6619부대,,96.1975,,한국과학기술원,고윤안,권주희,서울특별시 강남구 테헤란로77길11-19 (삼성동) EAN빌딩,84700336.0,87.6014,(236208-E) 차륜정비장비(분석기 차량엔진용) 구매,기관
군사학 연구방법론에 대한 연구 용역,국방시설본부,,87.831,2017-10-21,주식회사 유니텍,김진욱,경상현,서울특별시 영등포구 여의공원로 101(여의도동),101687276.0,87.6732,SUPPRESSED,제2879부대
22-7차 연구장비 구매 계약 - 멸균소독기 소형,국군의무사령부,20825446.0,88.2551,2017-02-16,,김 용희,황병윤,,111127381.0,,정기기초연구과제(1. 한국의외교/안보정책),군
F-15K/E-737 항공기 특성(RCS/IR Signature) 연구,육군항공학교,113375040.0,88.0776,,(사)국방시설연구협회,정진욱,김민지,경기도 하남시 미사대로520-0 (덕풍동) 현대지식산업센터 한강미사2차 D동 A430호,995153442.0,,합동성을 고려한 대전차전력의 적정 소요 연구,제9965부대
(22F070-G) 경계용 영상분석 데이터셋 구축,제3697부대,,,2020-06-02,주식회사 안보기술연구원,김주희,송민석,"서울특별시 서초구 서초대로1길17, 2층 226호(방배동)",177286008.0,80.1733,유도탄검사장비(00체계 가스승압기  가스분석기) 정비,국군재정관리단
미래 전투기 등급분류 발전방향 연구,국군재정관리단,34383455.0,,2018-12-15,서울대학교 산학협력단,김진욱,이병훈,"서울특별시 노원구 광운로 20(월계동, 광운대학교)",188905391.0,84.2818,의무장비-혈액가스분석기 중형 구매,중앙행정기관
(227163-F)연구활동재료(초자) 구매,국군수송사령부,1261800731.0,90.9753,,주식회사 에이티앤아이,전병욱,고기종,"대구광역시 북구 영송로15, 5층 5503호(태전동, 대구보건대학교 성실관)",68675108.0,58.4813,21-공-스펙트럼 분석기 3대 구매,국군재정관리단
군비행장 자동소음측정망 운용체계 구축방안 연구,국군재정관리단,20008196.0,,2020-06-15,웰스,최성숙,정해붕,대구광역시 달서구 와룡로45길10-14 (죽전동),59950074.0,,24년 지형분석장비 구매(리스물건),국군재정관리단
KF-16 AIFF 점검 및 교환 기술 개발 연구 용역,육군군수사령부,49860288.0,,2021-04-16,사단법인 대한민국 육군발전협회,차진섭,유보라,울산광역시 울주군 언양읍 유니스트길50-0 울산과학기술원,184884934.0,87.7553,(상생협력실)갈등영향분석 연구용역(C013),중앙행정기관
접경지역 부대개편에 따른 상생협력방안 연구,국군재정관리단,,87.6701,2020-05-15,(주)에프오알엠도시건축공간연구소,유재수,조대근,"서울특별시 용산구 한강대로211, 102동 1605호(한강로1가, 대우월드마크용산)",,87.4064,21-함정 추진계통 신뢰성 향상을 위한 정비방안 연구,중앙행정기관
군사과학정책 연구 용역(1. 국방 데이터....),국방부(운영지원과),35504972.0,,2022-10-23,주식회사 원영전자,김병석,이희석,서울특별시 광진구 천호대로524-0 (군자동),81036727.0,,미-23-미사일방어부대 효율적 부지 활용방안 연구,국군재정관리단
22-공군 기후예측 및 기후변화 시나리오 연구용역,국방대학교,55403302.0,,2023-08-15,아주대학교 산학협력단,김창관,배용수,"경상북도 구미시 대학로 61, 금오공과대학교 산학협력단(양호동)",88085238.0,93.1462,비전통위협 국방대응체제 발전연구,중앙행정기관
대형수송함-ll(LPX-ll) 개념설계 기술지원 연구 용역,공군제7항공통신전대,27384628.0,,2016-10-05,주식회사 베테랑콤,황조연,이형걸,"경기도 성남시 중원구 광명로94번길14, 지하1층(성남동)",,,23-H-14 스펙트럼 분석기 구매,중앙행정기관
(227215-D) 비용분석용 상용SW 구매,공군군수사령부,39896287.0,,,(사)대한영양사협회,한경희,황병윤,"경기도 성남시 분당구 탄천상로164, A동 2층 247호(구미동, 시그마2오피스텔)",207531674.0,92.0384,KOLAS 인정 기반 구축 연구용역,중앙행정기관
전술항법장비(TACAN) 시설사업기본계획 연구용역,제3697부대,437636457.0,97.0865,2021-01-22,지와이테크놀리지,서은진,김미진,경기도 안양시 동안구 시민대로161-0 (비산동) 안양무역센타 8층 312호,215669512.0,,국방표준서 제정(5차) 연구,기관
24-항공관제 분석체계 유지보수 용역,해군작전사령부,145379747.0,91.2152,2023-09-01,사단법인 안보경영연구원,홍명성,김우중,서울특별시 강남구 일원로81-0 (일원동),491549729.0,93.2658,교육연구자료 원문 DB 구축 용역,중앙행정기관
35사단 동원훈련장 생활관 시설사업 선행연구 용역,국군재정관리단,,95.5215,2020-05-28,인천대학교 산학협력단,,이미영,서울특별시 관악구 관악로1 (신림동),89846790.0,,국방 안전사고 조사 표준 매뉴얼 마련을위한연구,기관
공무직근로자 등 임금체계 개선(안)마련 연구,국군제1068부대,1178997559.0,87.9594,2018-09-01,만능유한회사,권수민,이월단,세종특별자치시  전의면 윗다락골길2-3,446766971.0,,해병 00부대 재배치 및 신기지 구상 관련 연구,합동상호운용성기술센터
진동분석시험장비 진동감지센서 등 16종 구매,국군재정관리단,,88.2444,2017-12-07,오도테크,이형걸,김지영,"서울특별시 강남구 언주로527, 10층 (역삼동)",,87.5501,22-00생활관 신축 분석평가 및 선행연구 용역,중앙행정기관
중고도정찰용 무인항공기 시설사업 선행연구,육군교육사령부,138408919.0,87.336,2017-07-04,사단법인 미래안보산업전략연구원,신승호,남혜정,경기도 김포시 대곶남로501번길36-0 (대곶면),187115667.0,,22년 수사데이터 연관 분석시스템 구매,중앙행정기관
BTL관리운영권만료사업 시설인수 운영방안연구용역 재,국군재정관리단,49460697.0,87.5673,2017-01-22,주식회사 피앤씨솔루션,,,,94889141.0,,방위사업 국제공동연구개발 가이드라인 연구,국군재정관리단
K1A1전차 성능개량 사업분석,국군재정관리단,289050164.0,87.8174,2021-05-14,엘아이지넥스원주식회사,한민구,원해나,경상북도 포항시 남구 연일읍 유강길9번길61-0 상가동 108호(대림한숲타운1차상가),,54.2825,19-해양무인체계 탑재/운용 함정 설계개념 연구,기관
24-해병-이동식 취약점 분석평가 도구(상용SW) 구매,해군본부,156495634.0,88.0489,,(사)국방시설연구협회,류재산,,경상남도 함안군 칠북면 삼칠로 1826티엠시 (주),,,’18년 군 책임운영기관 고객만족도조사 연구용역,군
18~22 방위산업육성 기본계획 수립을 위한 정책연구,국군제1068부대,439050988.0,77.023,2023-04-13,세종대학교산학협력단,안동만,최규식,"서울특별시 종로구 홍지문2길20-0 (홍지동, 상명대학교)",72830558.0,85.3919,19년 지형분석장비 교체사업 리스,국군재정관리단
(20G003-B)생물안전 3등급 연구시설 유지보수 용역,드론작전사령부,,88.2358,2022-06-30,애니유통,민명복,임평산,"서울특별시 영등포구 의사당대로1길11-0 (여의도동),1409호",,87.0814,스펙트럼용 분석기 등 3종 4대 구매,국군재정관리단
군인 고용보험 가입의 효과성 연구,육군군수사령부,35006613.0,,2020-11-24,주식회사 휴콤,고찬갑,정진욱,서울특별시 강남구 학동로42길69-0 (논현동) 2층,56753792.0,,CSRP 화생방 연구 재료 초자 구매,국군재정관리단
KCTC 교전훈련장비 선행연구 용역,합동상호운용성기술센터,,66.1671,,에스엠테크(SM TECH),,김중곤,서울특별시 강남구 일원로81-0 (일원동),,87.4841,방산업체 방위산업기술 보호역량 강화방안 연구,중앙행정기관
교육연구자료 원문 DB 구축 용역,국군수송사령부,40935520.0,,2018-09-27,(주)지디시스,김도현,이충렬,"서울특별시 중구 소공로70-0 , 9층(충무로1가, 포스트타워)",69490583.0,,21-공-가스크로마토그래피 질량분석식 구매,제1363부대
20~21년 분석용모델(3종) 유지보수 용역(2019F173-C),방위사업청(운영지원과),,87.8649,,주식회사 동영상사,김희숙,유선희,서울특별시 영등포구 여의대방로43나길20-0 (신길동),98787599.0,87.5241,효과성·활용성 중심의 군내 NCS 적용방안 연구용역,합동참모본부
화생방 환자 진료를 위한 군 병원 개선 방안 연구용역,국군의무사령부,16779040.0,54.9725,2020-04-19,사단법인 한국드론혁신협회(KDIA),이효정,김채미,충청남도 계룡시 서금암3길16-3 (금암동) 101호,,,활주로지역 배수로 개선 분석평가 및 선행연구 용역,중앙행정기관
20-쇄빙능력 보유 함정 건조/설계 기반기술 연구,공군교육사령부,130814230.0,,2016-05-05,(주)에프오알엠도시건축공간연구소,김길원,정택호,서울특별시 광진구 군자동98 집현관 216,69504807.0,,탄약 및 용기 레이저 제청 시스템 응용연구 용역,중앙행정기관
기갑 및 기계화부대 중대급 교전훈련장비 연구용역,한미연합군사령부,44005119.0,94.496,2016-08-16,에이디링크,윤상석,김선철,"서울특별시 광진구 능동로120, 건국대학교내(화양동)",,,전자파 분석장치 등 2종 구매,제7군단
국내 연구개발 항공무장 확보 방안 연구,국군수도병원,37444150.0,86.4977,,한남대학교 산학협력단,김형철,황병윤,대전광역시 유성구 유성대로1646-0 (전민동),95102655.0,87.3983,17년 전투발전 연구용역 과제 세미나 수행 용역,중앙행정기관
사이버 기술연구 환경구축 SW(라이선스) 구매,해군본부,,,2020-06-05,이비티주식회사,신명화,유연호,충청남도 홍성군 홍북읍 홍예로213-0 (엘에이치스타힐스) 121동 2201호,40296417.0,94.201,대형공격헬기의 효과적인 시설사업 추진방안 연구,중앙행정기관
사이버 위협수준 평가 신뢰도 향상방안 연구,국방대학교,43208881.0,77.8597,2020-04-16,(주)네오플러스,박정기,황병윤,서울특별시 관악구 관악로1 (신림동),,87.3764,국방보안관리사 자격신설 연구,중앙행정기관
정보분석낭 구성품 구매,국군재정관리단,55089262.0,88.3785,,(주)윌비소프트,,임근우,,,,(22F199-I)네트워크위협분석시스템구매사업금융리스,국군재정관리단
(246255-C) 외상처치 시뮬레이션 킷 등 5종 구매,국방시설본부,63279285.0,66.0693,,주식회사 지니클라우드,이상진,안치수,전라남도 목포시 해양대학로 91(죽교동),,95.0572,교육연구자료 원문 DB 구축 용역,기관
사이버 자산정보 수집 분석체계 라이선스 구매,공군군수사령부,40330901.0,87.7174,2020-05-26,주식회사 혜성산업,허건영,이창환,세종특별자치시  시청대로370-0,,76.4599,민수용 드론의 비행기지 작전지원 활용방안 연구,중앙행정기관
경어뢰 성능개량사업 전문용역 비용분석,공군군수사령부,48470309.0,,2017-04-01,사단법인 한국고용복지연금연구원,권혁웅,김미옥,"서울특별시 강서구 마곡중앙5로1길20-0 (마곡동) 보타닉비즈타워 921,922호",112174864.0,87.5311,해군수병 역량강화 프로그램 추진 연구용역,중앙행정기관
22년 의무장비(혈액가스분석기 소형) 구매,제3707부대,,87.835,2022-07-27,사단법인한국강구조학회,엄기숙,,"경기도 남양주시 별내중앙로36-23, 1706호(별내동)",209453517.0,87.3809,10.군사과학정책연구(인공지능...),기관
19년 gps 교란신호 분석 및 전파체계 유지보수 용역,국방부조사본부,45710142.0,97.4358,2020-07-29,주식회사 서경약품,박래호,장유라,대구광역시 달서구 와룡로45길10-14 (죽전동),,94.803,인터넷접속/전자우편 통제 및 분석체계 교체사업,국군제1068부대
22-4-작전지휘시설 신축 선행연구용역,국군재정관리단,16456638.0,,2018-04-10,주식회사 윈미디텍,김근우,박계향,"경기도 안양시 동안구 시민대로387  A동 1201-1호(관양동,디지털엠파이어)",,87.6996,마린온기체 수명관리 및 창정비소요비용 타당성 연구,중앙행정기관
2019년 범국민 안보의식조사 연구 용역,공군본부,,96.2055,,젠트리거,유완종,송지은,"경기도 김포시 태장로789,732호 (장기동,금광하이테크시티)",,92.5275,국방과학 기술료 제도개선 방안 연구,중앙행정기관
(20F081-A)소음영향도작성을위한소음측정및분석용역,국군재정관리단,,94.0505,2022-06-22,건양대학교 산학협력단,정영주,김영숙,"서울특별시 금천구 가산디지털2로184, 10층 1017호(가산동, 벽산디지털밸리2차)",,,19년 병리장비소모품(13) 혈액가스분석기 구매,중앙행정기관
리더십코칭 효과성 평가에 관한 연구용역,국군재정관리단,32259513.0,,2019-06-05,주식회사 에이치투엘테크놀로지,장승규,김상겸,"인천광역시 남동구 서창남순환로190-15 (서창동, 서창퍼스트뷰아파트) 718동 301호",,,(217278-E)IoT 연구환경 구축,중앙행정기관
(246261-F) 차량엔진 분석기 구매 ,국군재정관리단,30595731.0,87.4817,2022-12-15,(주)에프오알엠도시건축공간연구소,최명진,김승범,"서울특별시 송파구 법원로11길25-0, A동 1310호(문정동, 에이치비즈니스파크)",219792662.0,,지형분석용 차량(개조) 제조,중앙행정기관
스마트팩토리 기반 KAAV창정비 공장 연구 용역(1),국군재정관리단,,,2021-12-06,주식회사 세랜텍,이정화,이충렬,대전광역시 유성구 대학로291-0 (구성동) N7-7111,,79.8414,도태항공기 활용 EMP야외환경 시험 연구용역,중앙행정기관
17년 통합기후예측시스템 연구개발 용역,육군교육사령부,122757285.0,,2016-01-06,사단법인 안보경영연구원,이인형,이기선,"부산광역시 수영구 구락로23, 2층 (수영동)",214647050.0,87.5407,18년 해군 전자정보 종합분석체계 개발사업,중앙행정기관
동원선박 자원관리 구축방안 연구용역,제9691부대,103265674.0,,2016-01-06,서울대학교 산학협력단,,지용현,,,,미래 한국 해병대의 군구조 연구용역,기관
방산기술보호 성숙도 모델 인증제도 추진방안 연구,해군본부,,80.1905,2016-02-11,한국항공대학교 산학협력단,김광식,이상규,대전광역시 유성구 대학로291-0 (구성동),,87.6256,24년 국방연구개발사업의 성과조사 · 분석 연구 ,중앙행정기관
생화학분석기(contro serum Level1 등) 구매,국군재정관리단,0.0,,,주식회사 대영퓨처스,경상현,유혜련,서울특별시 노원구 공릉로 232서울과학기술대학교 테크노큐브 2층 산학협력단,711436203.0,87.4494,EMP 방호시설 성능시험 방안 연구용역,군
`23년 사단 작전지휘시설 신축사업 선행연구용역,제2307부대,,96.19,2023-03-26,더스테이지,경상현,이경순,"경기도 용인시 처인구 명지로 116, 명지대학교(남동)",,87.8095,도태항공기 활용 EMP야외환경 시험 연구용역,중앙행정기관
공지통신무전기 성능개량 사업분석,국방부(운영지원과),,,,주식회사도시경영연구원,김종광,최영복,서울특별시 강남구 논현로189길6 (압구정동),,87.5702,해성-I 창정비요소개발 사업 비용분석,군
군 지역 유무인기 통합운용 안정성 연구 용역,제9691부대,,87.9209,2020-04-07,,박재완,장유라,,209668318.0,,발칸교전모의기 선행연구용역,국군수도병원
국방감항인증원(가칭) 설립 및 운영에 관한 연구,국군재정관리단,148492451.0,92.9167,2017-06-23,젠트리거,전건욱,경상현,"서울특별시 강남구 언주로527, 10층 (역삼동)",67817423.0,87.586,의무장비-혈액가스분석기 중형 구매,군
동서지형의 차이를 고려한 부대 및 전력구조 연구용역,국군대전병원,,56.8409,2019-03-20,,김태동,최규식,"서울특별시 강남구 도산대로 507, 대신빌딩205호(청담동)",412375229.0,,방산소재 개발사업 기획 및 인증체계 구축 연구,제20전투비행단
발칸교전모의기 선행연구용역,방위사업청(운영지원과),,,,주식회사 네오티스,이재관,,경상남도 창원시 의창구 죽전로68번길29 (팔용동),182124790.0,87.5109,박찬극 제독 평전 편찬 연구용역,기관
마린온 정비지원체계 방안 연구용역,국방부(운영지원과),42721856.0,87.59,2016-01-06,대전대학교 산학협력단,전건욱,이정민,경상남도 김해시 수가로242-9(응달동),,,DIDC 전문인력 강화를 위한 역량 평가모델 연구,국군재정관리단
상륙돌격장갑차-Ⅱ추진전략에 관한 연구용역,국방부,321916770.0,,2021-12-30,주식회사  인섹시큐리티,이용준,배민희,"서울특별시 서초구 효령로230-0 (서초동, 승정빌딩)",68421952.0,87.2395,항공전력 도입을 고려한 효율적 운용방안 연구용역,중앙행정기관
항 18-029 자동면역분석기 시약 등 53종 구매,국군재정관리단,124638416.0,87.9826,2020-07-21,울산과학기술원,이우희,신창희,"대전광역시 유성구 죽동로297번길68 (죽동) CNU프라자  701,702호",,87.6955,대형공격헬기의 효과적인 시설사업 추진방안 연구,국군재정관리단
ATCIS 개방형 OS 전환 비용대비 효과분석 연구용역,합동상호운용성기술센터,23811966.0,91.6592,2021-03-16,주식회사 공공정책성과평가연구원,채규수,구종우,서울특별시 송파구 올림픽로505-0 (풍납동),140086517.0,96.5317,00부대 조직문화 진단 연구용역,제9691부대
가상현실 및 증강현실 기술적용 방안 연구,해군본부,22934283.0,73.077,2021-04-11,(주)한국기술연구소,임순옥,정진욱,강원특별자치도 춘천시 동면 만천로104-1,139024774.0,88.3276,상호운용성성공요인분석을 통한 평가업무발전방안연구,제5378부대
21-공-회로분석기 구매,국군재정관리단,45280387.0,87.6263,2016-01-06,(주)우리디자인,권민정,박재완,,214680164.0,,정밀측정장비(스펙트럼분석기) 구매,중앙행정기관
공군 방공포부대 이전 요구 연구용역,국군재정관리단,39390905.0,87.8653,2017-10-22,계명대학교 산학협력단,박헌제,송유근,서울특별시 송파구 올림픽로505-0 (풍납동),,87.4491,항행안전시설 비행점검장비의 군 필요성...연구,기관
창군 100주년 준비 차기 공군 비전서(書) 작성 연구,국방부(운영지원과),15425892.0,87.8853,2017-05-21,,이세영,류형열,"서울특별시 구로구 디지털로32길 30, 코오롱디지털타워빌란트15층(구로동)",200372149.0,,정보분석낭 구성품 구매,중앙행정기관
국방 사이버전 EA 개념 연구,육군본부,121779279.0,,,,노광현,이연미,서울특별시 노원구 화랑로574-0 (공릉동),86871160.0,84.8276,(22G088-A) VR 지뢰훈련시뮬레이터 선행연구용역,중앙행정기관
(216323-C) 네트워크 위협 분석체계 구축사업,국군재정관리단,,87.1258,,육군사관학교 산학협력단,이관섭,황병윤,경기도 안양시 동안구 시민대로161-0 (비산동) 안양무역센타 8층 312호,87330049.0,87.3956,군 사격장 소음기준 및 비용추계 연구 용역,중앙행정기관
국방 정신전력교육지도사 자격신설 연구용역,공군본부,,,2017-11-18,노무법인 디와이,박정기,이지혜,서울특별시 영등포구 영중로65-4 (영등포동6가) 4층,150252036.0,88.0491,DCS와 FMS 경쟁 시 공정성 제고를 위한 평가방안 연구,중앙행정기관
24년 의무장비(자동분석기 생화학용 중형) 구매,국군재정관리단,120548561.0,79.1747,2020-09-13,(주)에이치제이중공업,김재영,,서울특별시 관악구 관악로1 (신림동),,,SUPPRESSED,중앙행정기관
장보고-III Batch-I 잠수함 저주파분석 훈련장비,육군교육사령부,129487839.0,74.4841,2020-05-13,영화산업,김우경,조동원,강원특별자치도 삼척시 중앙로230-0 (남양동) 3층,,88.6291,22년 계룡스파텔 시설개선사업 선행연구 용역,제20전투비행단
스마트 탄약정비공장 구축방안 연구용역,육군본부,0.0,87.9257,2017-09-26,배재대학교 산학협력단,이재현,박은숙,"서울특별시 강동구 양재대로 1443, 동우빌딩 7층(길동)",100866746.0,87.4859,공무직 근로자 임금체계 컨설팅 및 연구 용역,중앙행정기관
군인 고용보험 가입의 효과성 연구,합동참모본부,1908294.0,98.0045,2017-06-19,,김형철,김봉환,"서울특별시 구로구 디지털로32길30-0 (구로동, 코오롱 디지털타워 빌란트) 1차 1004호",,87.709,유전자 서열 분석기,국군재정관리단
미래 GOP과학화경계시스템 구축방안에 대한 연구 용역,국방전산정보원,627720146.0,,,주식회사 씨이지앤드플러스,이형민,박은하,경상남도 창원시 진해구 용원동로294-0 (용원동),174642345.0,87.702,(246248-C) 모바일기기 증거분석 교체(HW)(리스자산),군
전차 조준선 정렬 시스템 개발 연구용역,국군재정관리단,,87.7533,,(주)에프오알엠도시건축공간연구소,조보근,황병윤,"서울특별시 동작구 남부순환로2021, 2층 (사당동)",66237511.0,87.6077,해군수병 역량강화 프로그램 추진 연구용역,중앙행정기관
(216032-G) 차륜형장갑차 센서데이터 수집 분석체계,국군의무사령부,52690216.0,,2018-01-02,국방대학교산학협력단,,안병호,"경기도 군포시 고산로148번길17-0, B동 1303호, 1304호, 1305호(당정동, 군포IT밸리)",105455951.0,92.7016,2018년 항공관제 분석체계 유지보수 용역,제2879부대
22-작전지휘시설 신축 분석평가 및 선행연구 용역,국군의무사령부,1927323.0,,2017-12-13,고려대학교산학협력단,송상의,이동화,서울특별시 강남구 선릉로93길54-0 (역삼동) 일환빌딩 6097호,99920965.0,,신분별 직무분석을 통한 적정 계급구조 연구,국군재정관리단
(227059-E)방탐정확도 정밀분석 시험용 드론 제조,해군본부,123986528.0,87.8251,,중앙대학교 산학협력단,정주교,정기쁨,,,87.6242,국방데이터 품질점검 실증 및 운영방안 연구 사업,국군재정관리단
사이버전자전 작전수행개념 및 핵심요구능력 연구,국군재정관리단,28320701.0,87.6027,2017-08-24,(주)다올씨앤씨,김근채,이경생,,96566510.0,92.0026,21년 전군 감염병 감시 지원체계 구축방안 연구용역,중앙행정기관
19년 병리장비소모품(13) 혈액가스분석기 구매,제9691부대,,88.1371,2018-02-04,사단법인군사정보발전연구소,이희윤,,"대전광역시 유성구 대학로 27, 현대리조텔 2층(봉명동)",152105936.0,,24 군의료 특성화 연구(군 헬기 환자 이송 현황 분석),제9691부대
교육학술 참고서지 발간 연구용역,국방전산정보원,,91.0677,2018-02-27,해동청역사문화연구소,김영국,장철호,서울특별시 노원구 공릉로 232서울과학기술대학교 테크노큐브 2층 산학협력단,179758412.0,,전시 비상급수 기준 수립 연구,국군복지단
정밀측정장비(레벨분석기) 구매,육군교육사령부,151886026.0,66.8664,,,고영호,김미숙,,96620367.0,,패트리어트 유도탄수명 고려한 효과적 확보 방안 연구,중앙행정기관
21-2차 개념설계 기술지원 연구용역,국군재정관리단,,,2017-06-17,에스케이오션플랜트(주),박문희,현동재,대전광역시 동구 대학로62-0 (용운동),181704928.0,,23년 전투발전 연구용역(2),중앙행정기관
18년 수송기술 용역연구,국군재정관리단,85243371.0,57.9216,2017-10-04,차이,조완제,금재호,부산광역시 사상구 학장로135번길62 (학장동),173095591.0,87.6653,22-작전지휘시설 신축 분석평가 및 선행연구 용역,국군재정관리단
디지털 증거분석체계 SW 라이선스 갱신,국군복지단,,,,,,최승룡,충청북도 청주시 청원구 오창읍 농소길33-56,105610305.0,,대형수송함-ll(LPX-ll) 개념설계 기술지원 연구 용역,기관
24-첨단기술활용한 피아식별(인원) 방안연구 용역,국군재정관리단,144496586.0,87.7571,,(주)엔코라인,주현,이수행,,,,의무피복류 보급기준 및 품질개선에 대한 연구,국군재정관리단
UAV 정비용 장비(스펙트럼 분석기) 구매,국군의무사령부,,78.2155,2017-07-17,주식회사 베가스,이정웅,유선미,"서울특별시 서대문구 충정로53-0 (충정로2가, 유원골든타워오피스텔) 1701호",200140708.0,92.8481,제5회 국방 분석평가관계관 워크숍 위탁 운영,국군재정관리단
정원감축 대비 민간인력 전환분야 및 규모식별 연구,제9691부대,52015160.0,79.816,2021-03-27,(사)한국능률협회,박종선,이우희,세종특별자치시  시청대로370 세종국책연구단지 사회정책동,179114281.0,,[24-육-85] 무기체계별 EMP방호기술 적용방안 연구,기관
(20F157-I)12.7mm 파쇄탄 정부투자 연구개발 사업,국군재정관리단,33585220.0,87.831,,우석대학교 산학협력단,정봉원,김민지,서울특별시 송파구 중대로25길 3-16(),225078961.0,,예비전력관리 사업 예산의 적정 편성 기준 연구,국군재정관리단
22-11차 연구장비 구매 계약 - 의약품 냉동고,국군수송사령부,15543139.0,,,(주)한국기술연구소,신철호,김지혜,"충청북도 청주시 상당구 용암북로44번길3, 101호(용암동)",343509477.0,87.3814,21년 병참선 제원 및 수송기술 연구용역,4284부대
(21G085-H)'22년 스펙트럼 측정분석장비 유지보수용역,제2879부대,,88.0065,2017-08-25,(유)목양,김진욱,정영숙,"서울특별시 영등포구 국회대로74길19, 동우국제빌딩 902호",176884076.0,,미래 육군 전술감시체계 운영개념 정립 기술연구 용역,중앙행정기관
성희롱 등 사건분석을 통한 조직문화 개선방안 연구,국방부군사편찬연구소,147709096.0,79.3348,2020-04-20,주식회사 와사비,이문걸,정봉원,경상남도 창원시 의창구 봉강가술로537번길42-0 (대산면),67581204.0,91.963,잠수함 훈련장비(저주파분석 등 2종) 유지보수 용역,국군재정관리단
국방여군 70년사 편찬 연구,국군재정관리단,31146978.0,95.3652,2020-08-26,(주)글로벌텔레콤,한경희,이준식,"서울특별시 금천구 가산디지털2로184, 10층 1017호(가산동, 벽산디지털밸리2차)",92174566.0,87.4421,(20G071-H)21년 스펙트럼 측정/분석장비 유지보수용역,중앙행정기관
합동작전분석모델-Ⅱ 탐색개발,4284부대,27508121.0,,2020-12-07,주식회사 공공정책성과평가연구원,심종욱,박연희,"경기도 광명시 양지로21-0 (일직동), 제유-플래닛티타워동 1301호(일직동,유-플래닛)",,87.3583,신공법교량 폭파방법도출 및 실증실험 연구용역,중앙행정기관
[24-육-189] 과학화 동원훈련장 시범사업 추진 연구,국방대학교,,81.4461,2022-05-31,주식회사  코리아리서치인터내셔널,정중식,최승룡,"경기도 성남시 수정구 청계산로686 (고등동), 반도아이비밸리 424호",,,21년 전투발전 연구용역(1),국군재정관리단
4차 산업혁명 기술적용 연구용역,국군재정관리단,22079584.0,87.7186,,주식회사코넥,조화순,김영진,"서울특별시 금천구 가산디지털1로1-0 (가산동, 더루벤스밸리) 1208호",84855650.0,87.5842,00 군공항 이전 시설기본요구조건(안) 작성 연구용역,중앙행정기관
복합신호분석기 구매(20198178-F),제20전투비행단,131301565.0,93.592,2018-02-08,사단법인 대한민국해군발전협회,경상현,황병윤,충청남도 논산시 양촌면 황산벌로1040,57317210.0,87.4822,비상근예비군 확대 및 훈련체계 정립 연구 용역,중앙행정기관
21-공-회로분석기 구매,공군제15특수임무비행단,613975039.0,68.3952,2022-01-06,(사)한국위기관리연구소,송광선,이경은,부산광역시 사하구 구평로16번길 71(구평동),139130354.0,65.5292,소형무인기의 획득 및 운용을 위한 총수명주기 분석,제20전투비행단
공군 수송기 전력 최적화 방안 연구용역,공군본부,27535766.0,,2016-01-06,(주)액티브솔루션,김규형,오석현,서울특별시 송파구 중대로25길 3-16(),216755312.0,,정밀루트 및 문화재 지표조사 연구용역,중앙행정기관
21-공-회로분석기 구매,국방부(운영지원과),14679568.0,55.922,,다빅솔루션주식회사,권혁웅,정봉원,서울특별시 노원구 화랑로574-0 (공릉동),98605250.0,,KOLAS 인정 기반 구축 연구용역,중앙행정기관
18-해상종합전술훈련장사업타당성 국내개발가능성연구,제9691부대,250436447.0,95.6438,2017-07-27,(주)싸이버텍,현동재,조길래,"경기도 용인시 기흥구 기흥로58-1 (구갈동) 기흥ICT밸리 SK V1, A동 2406호",392279805.0,,22-11차 연구장비 구매 계약  - 의약품 냉동고(수정),국군제1068부대
수동음파탐지부표 연구개발 용역(21H085-I),육군인사사령부,,87.9323,2021-02-07,주식회사 사이버앤네트워크연구원,홍영기,김채미,"경상남도 창원시 마산회원구 내서읍 중리공단로65-0 경남테크노파크 자동차로봇센터 메카공장동 1-1, 204, 205호",,,군수업무 빅데이터 분석/활용체계 구축시범사업,기관
고속전투정 기지건설 방안 연구 용역,육군본부,164348785.0,87.8619,,사단법인 한국국방기술학회,김윤혁,이유진,"서울특별시 종로구 홍지문2길20-0 (홍지동, 상명대학교)",,,(상생협력실)갈등영향분석 연구용역(C013),국군재정관리단
(237283-E) 혈액가스분석기 소형 구매,제3훈련비행단,145135978.0,87.8565,,주식회사에이스게이트,박미영,최승룡,전라남도 목포시 해안로148번길14-0 (해안동1가),622376026.0,61.6282,(21G085-H)'22년 스펙트럼 측정분석장비 유지보수용역,중앙행정기관
화생방 연구활동 재료 시약 구매,공군군수사령부,,,2018-03-13,(주)두두아이티,허건영,김정일,서울특별시 금천구 벚꽃로298-0 (가산동) 6층 601호,619986315.0,87.8953,항공기 운영이력 빅데이터 수집 및 분석기법 연구,중앙행정기관
이동형장거리레이더 시설사업기본계획 연구용역,국군의무사령부,128207691.0,87.707,2020-07-16,주식회사 태양이엔지,김윤영,백다리아,,199766458.0,87.4332,21-2차 개념설계 기술지원 연구용역,중앙행정기관
병  오일분석용 1종,국군재정관리단,11872976.0,,,대지이앤씨산업 주식회사,김종규,김다예,대전광역시 서구 배재로 155-40배재대학교산학협력단,178774181.0,87.5794,한국형 레이저 무기 조기도입 개발전략 연구,중앙행정기관
군 경계작전에 적합한 LED등기구 기준 정립 연구용역,제9691부대,46889081.0,,2021-11-13,한국법제연구원,신철호,한소희,"서울특별시 송파구 법원로11길25-0, A동 1310호(문정동, 에이치비즈니스파크)",,94.423,수직이착륙형 무인항공기 비용분석,국군수도병원
의료기재(금연구역 표지판 등 85종)구매,국군재정관리단,16554186.0,87.7878,2017-10-16,,,,,,,19년 gps 교란신호 분석 및 전파체계 유지보수 용역,기관
23-D-액체질량분석기 구매(2310036-F),국군화생방방호사령부,25250473.0,88.3313,2018-10-24,주식회사 베테랑콤,이훈민,김산회,"서울특별시 구로구 디지털로26길61, 에이스하이엔드타워2차 2001호 (구로동)",,88.079,해군 스마트 항공기지 발전방향 연구용역,제2307부대
21년 항공관제 분석체계 유지보수,육군교육사령부,41959005.0,,2020-04-03,,김한용,최선미,서울특별시 노원구 화랑로574-0 (공릉동),,,(227334-E)정밀측정장비(스펙트럼분석기 등 2종)구매,군
K2전차 3차 양산 사업분석,국군재정관리단,18513682.0,,,(주)론스텍,윤미경,김준우,대전광역시 동구 대학로62-0 (용운동),,71.153,잠수함 시운전 제도 개선방안 연구,중앙행정기관
21년 연례 육군 리더십 수준 진단 연구용역,방위사업청(운영지원과),4604513.0,69.387,2023-05-29,사단법인 안보경영연구원,엄현성,정연환,세종특별자치시  국책연구원로15-0 (반곡동),568033336.0,85.8867,한국해군 협동교전절차(CEC) 수행방안 연구용역,중앙행정기관
24 군의료 특성화 연구(알레르겐 양상 분석),4284부대,,84.1931,,금성,이대용,장철호,"서울특별시 금천구 서부샛길606, A동 2410호 (가산동,대성디폴리스지식산업센터)",75300362.0,95.1598,해병대리더십교육성과측정체계개발연구용역,제5378부대
해병대 정체성 향상 프로그램 교육체계 설계 연구,제7군단,,84.0604,2018-08-05,충북대학교산학협력단,한수희,전재신,경기도 고양시 일산서구 고양대로 283(대화동),148906510.0,,비전통위협 국방대응체제 발전연구,제20전투비행단
예비전력 예산  국방예산의 1%달성 방안 연구,공군사관학교,134215879.0,,2022-12-29,주식회사자연,임경진,김혜민,충청남도 청양군 정산면 칠갑산로1898-0,,,24년 국방민원서비스 만족도 조사 연구,중앙행정기관
무기체계 안전성 시험평가방안 연구,국군의무사령부,134475382.0,80.6897,,(주)디앤오종합건축사사무소,이충렬,김현묵,"경상남도 창원시 진해구 신항2로114, 2013호(용원동, 다인로얄팰리스부산신항2차)",1228161130.0,,공군 장기 군구조 발전구상 연구,국군재정관리단
무기체계 개발시험평가 역할 재정립에 관한 연구,육군본부,31763860.0,96.6379,2017-05-22,에스앤에스이앤지 주식회사,박호,이수행,"서울특별시 용산구 이태원로29, 421호(용산동1가, 전쟁기념관)",93102676.0,,00부대 조직문화 진단 연구용역,중앙행정기관
상륙공격헬기 사업분석,국방부군사편찬연구소,313087785.0,95.0849,2023-05-15,사단법인 한국국방발전연구원,전건욱,조해주,"서울특별시 강남구 봉은사로129-0 (논현동, 거평타운오피스텔) 1126호",,59.1643,무건리훈련장 갈등영향분석 용역,군
00부대 정보체계 취약점 분석 시스템 구매,국군재정관리단,226510290.0,,2020-05-05,사단법인 대한민국해군발전협회,김용섭,이정민,,86627436.0,51.0655,22-해병대 병영문화혁신 외부 연구용역,국군재정관리단
해병항공해상운용을위한동원선박운용개념연구용역,국군재정관리단,131774887.0,97.4923,2017-11-16,주식회사 아이엠트레이딩,조우철,권시형,경상남도 창원시 진해구 웅동로162-0,55496726.0,60.2398,24년 자동염기서열분석기 검교정 등 정비,중앙행정기관
DNA정량분석기 등 7항목 구매(의무),방위사업청(운영지원과),,,2023-07-14,사단법인 한국방위사업연구원,안성원,노민택,대전광역시 대덕구 대전로1397번안길70-0 (읍내동),207324815.0,87.5504,부대활동 유형별 위험성 평가체계 연구용역,중앙행정기관
복수활주로 건설사업 분석평가 및 선행연구,공군사관학교,34283994.0,,2016-08-21,(주)에프오알엠도시건축공간연구소,전건욱,최규식,"서울특별시 강남구 언주로527, 10층 (역삼동)",,87.3801,V-C 체계간 연동기술 연구,국군재정관리단
성능개량 전파분석체계도입사업,국방부(운영지원과),56567526.0,87.7164,,한국해양대학교산학협력단,,김병찬,,,,중합염기서열분석기 구매,군
분석기  입자크기용 구매,국군재정관리단,103438639.0,87.5569,,(재)한국산업개발연구원,정영욱,,,91954734.0,91.7834,국방분야 신뢰할 수 있는 AI 기반조성 연구,국군수도병원
FF급 함정 손상대응 훈련 시나리오 개발 연구,국군재정관리단,,,2023-01-22,소망상사,윤미경,,"경기도 성남시 수정구 복정로84번길 22-15,(B-001호) (복정동)",,,의무장비 구매(자동분석기 생화학용),중앙행정기관
안정적인 해병항공 운용방안 연구 용역,국군재정관리단,5901010.0,95.5821,2020-05-08,주식회사 에이티앤아이,양희성,박계향,"대전광역시 서구 도산로 485(탄방동, 4층)",,,(226046-G)'22년 육군 DB분석체계 교체(리스물건),중앙행정기관
실전적 모의지원 연구 용역,국방부조사본부,1351948.0,57.0073,2021-10-03,한국산업기술시험원,최광용,한영준,"서울특별시 광진구 능동로120, 건국대학교내(화양동)",76862967.0,87.5982,SUPPRESSED,중앙행정기관
2017년 의무장비 요분석기 구매,국군수도병원,,87.8891,2020-05-05,재단법인 한국군사문제연구원,김용주,이경순,경기도 고양시 덕양구 권율대로656-0 (원흥동) 17층 1739호,86027236.0,,전차 조준선 정렬 시스템 개발 연구용역,국군재정관리단
(21G085-H)'22년 스펙트럼 측정분석장비 유지보수용역,국방부조사본부,99672860.0,87.8895,,강원대학교산학협력단,류재산,김윤영,"전라남도 무안군 삼향읍 남악3로80,204호(제일프라자)",,87.64,민 군 통합 수송운영체계 구축 수송물류 비용분석,중앙행정기관
국방표준서 제정(5차) 연구,국군재정관리단,25091732.0,,2020-04-05,(주)디앤오종합건축사사무소,김은기,양승국,"경기도 용인시 수지구 죽전로 152, 단국대학교내(죽전동)",,93.9795,활주로지역 배수로 개선 분석평가 및 선행연구 용역,국군재정관리단
자동염기서열 분석기 구매설치,국방부(운영지원과),126650786.0,77.7968,2020-04-27,주식회사 혜성산업,정봉원,,,,,SUPPRESSED,합동참모본부
지뢰대응법 하위 법령등에 관한 연구,국군의무사령부,7638150.0,80.4514,,중앙기획,배홍기,임규옥,서울특별시 관악구 관악로1 (신림동),208170792.0,,군 간부 자살 특성 및 간부 자살예방시스템 연구,중앙행정기관
안보학술진흥연구용역(1.국가안보문제에관한이론),제9691부대,,,2023-03-03,,,,,,87.4317,상호운용성성공요인분석을 통한 평가업무발전방안연구,중앙행정기관
디지털 증거분석체계 라이센스 확보 사업,제3170부대,27407302.0,88.2699,2021-11-17,국민대학교산학협력단,권정환,안상희,"경기도 수원시 영통구 신원로306, 1동 8층(원천동, 이노플렉스)",,,(20F168-I)00부대 부대개편 시설사업 선행연구 용역,군
(217215-D)디지털 포렌식 분석장비 교체,국군재정관리단,,,2017-10-13,주식회사 대홍관리,박용준,,"서울특별시 금천구 가산디지털2로184, 10층 1017호(가산동, 벽산디지털밸리2차)",102119607.0,87.4695,(226362-F)작전지속지원분석모델장비 도입(리스물건),중앙행정기관
전자파 측정/분석을 위한 송신장치 개발용역,제3130부대,,,,(주)액티브솔루션,민경찬,최명진,"서울특별시 강남구 테헤란로64길13, 504호 (대치동, 선릉역 풍림아이원레몬)",61749654.0,75.7497,22-파라메트릭 기반 함정 수명주기비용 추정방법 연구,합동참모본부
전술이동통신체계 구축방안 연구용역,육군본부,155503442.0,88.0207,,사단법인 안보경영연구원,,정봉원,,93776779.0,87.3272,효율적인 전투체계 창정비 방안 연구용역,국군재정관리단
무인수상정 탑재운용 군 요구조건 도출 연구용역,국군재정관리단,,59.8434,,아주대학교 산학협력단,김병권,정원용,"경기도 부천시 송내대로388-0 200동 502호 (약대동, 부천테크노파크)",,,사회공학기법과 사이버 작전과의 연계성 연구,중앙행정기관
무건리훈련장 갈등영향분석 용역,국군재정관리단,42241843.0,78.3145,2016-01-06,디아이에스아이앤씨 주식회사,최성숙,한상동,"경기도 시흥시 목감남서로9-19 (조남동),601호 메이저타워",,87.671,전역예정장병 취업역량 강화 방안 연구,합동참모본부
방위사업 전문교육기관 시설 기초조사 연구,제9691부대,155563086.0,87.6014,2023-07-01,사단법인 한국선급,이희석,변현호,"서울특별시 종로구 율곡로17길7-38, 수지빌딩 7층(이화동)",,85.5242,주파수편이용 분석기 2EA 구매,중앙행정기관
K105A1자주포 경미한 성능개량 사업분석,국군재정관리단,0.0,89.2313,2018-03-25,(주)아이디어정보기술,박정기,김기현,대전광역시 유성구 대학로291-0 (구성동),49639867.0,87.535,열상감시장비 초음파모터 등 3종 정비개발 연구용역,국군재정관리단
국방 사이버보안 종합발전 전략 연구,해군본부,42775331.0,,2016-01-06,,정영욱,정택호,"서울특별시 강남구 언주로527, 10층 (역삼동)",194427551.0,87.6153,비행기지 계기착륙장치 노후교체 적정시기 연구용역,합동참모본부
기술연구 환경구축 PC사업,제9965부대,58886998.0,88.2748,2018-05-20,주식회사 베가스,김종광,박한미,"서울특별시 용산구 한강대로30길25 (한강로2가, 아스테리움 용산) 11층 2호",152584106.0,,한국형 군경력 학점전환제 마련에 관한 연구,국군재정관리단
한국형 첨단전투관리체계 운용개념 및 발전방안 연구,방위사업청(운영지원과),107046119.0,87.9518,2022-04-30,,김종호,박수연,"서울특별시 금천구 가산디지털1로171, B208호(가산동, 가산 에스케이 브이원 센터)",88529380.0,,동원위주 부대 기계화 장비 개편시 효율성 분석 연구,군
22년 계룡스파텔 시설개선사업 선행연구 용역,합동참모본부,104799858.0,,,주식회사 한국엔브이,이용호,,"서울특별시 강남구 언주로527, 10층 (역삼동)",,87.546,정밀측정장비(스펙트럼분석기 등 4종) 구매,중앙행정기관
마린온기체 수명관리 및 창정비소요비용 타당성 연구,제5019부대,30322263.0,88.2276,2020-12-07,유한회사 행정과 소통연구소,한재희,배원호,서울특별시 서초구 서초대로19길10-11 (방배동) 2층,,,전투실험 연구용역,제2307부대
자동처리체계 구축 및 연구용 부품 구매,제9691부대,46171583.0,95.275,2020-05-10,(주)두두아이티,김성룡,박계향,"경기도 시흥시 희망공원로 92, 시화공단2마 301-3호(정왕동)",79899590.0,,육군 스마트 안전관리 모형개발 연구용역,중앙행정기관
‘22년 항공관제 분석체계 유지보수,제2307부대,18833287.0,,,쿤텍 주식회사,박종석,이병택,"경기도 성남시 중원구 순환로210-0 201,202,203,204,205호(상대원동, 이노트리아파트형공장)",83597948.0,94.7875,76mm 철갑고폭탄 비용분석,중앙행정기관
방위사업의 산업파급효과 계수 도출을 위한 연구,국군제1068부대,158956202.0,77.598,,주식회사 일신이앤씨,,김홍정,대전광역시 중구 계룡로781 (용두동) 1층,,,생화학분석기(contro serum Level1 등) 구매,합동상호운용성기술센터
국방과학기술 전문인력 소요분석 연구,국군의무사령부,,,2020-04-02,라온시스템즈(주),정주교,김현숙,경상남도 진주시 동진로420 (충무공동),,87.4143,군 의료 혁신을 위한 의료전달체계 개편 연구용역,중앙행정기관
유도로켓(비궁) 성능개량 소요 및 방법 분석 연구용역,방위사업청(운영지원과),36840572.0,88.1987,,도현,서경희,박한솔,"서울특별시 강남구 언주로527, 10층 (역삼동)",17257053.0,87.8406,의무장비 구매(자동분석기 생화학용),중앙행정기관
지상무인차량사업 종합평가 추진 시 평가방안 연구,국군재정관리단,109736990.0,79.7751,2020-04-01,디와이아이앤씨주식회사,김진욱,왕금분,"서울특별시 송파구 석촌호수로138, 202호 (삼전동)",,,방산업체 방위산업기술 보호역량 강화방안 연구,군
L-V-C 전투실험체계 구축방안 연구 용역,국군재정관리단,,88.0058,2016-01-06,(사단) 한국정치학회,김진우,윤태훈,"경상남도 창원시 성산구 완암로50, 넥스동 704호(성산동, SK테크노파크)",113197806.0,,군인 고용보험 가입의 효과성 연구,중앙행정기관
한반도 작전환경에 적합한 사단 구조 및 편성 연구,4284부대,108762544.0,87.5699,,,박래호,김영철,"대전광역시 서구 대덕대로249번길30-0, 403호(둔산동, 베스트피엘씨빌딩)",195334520.0,,탄소섬유탄 선행연구,중앙행정기관
스펙트럼분석기 2종 구매,공군사관학교,49758092.0,87.8327,2020-04-08,주식회사  인섹시큐리티,정형수,,"서울특별시 서초구 방배천로155, 유청빌딩 3층(방배동 821-8)",,87.4545,사이버 위협수준 평가 신뢰도 향상방안 연구,제9691부대
군사력건설을위한 미래국방정책 및 합동작전개념연구,공군군수사령부,,93.7248,2017-07-16,태형상사주식회사,권오형,박계향,"경기도 성남시 중원구 순환로210-0 201,202,203,204,205호(상대원동, 이노트리아파트형공장)",101793082.0,,정기공수 운영분석 및 최적 노선 선정 알고리즘 개발,국군재정관리단
복합식 소해장비 자기/음향 측정장비 연구개발 사업,국군재정관리단,48014558.0,,2020-05-05,(주)에프오알엠도시건축공간연구소,안성일,김소라,부산광역시 사상구 학장로135번길62 (학장동),97494509.0,87.6011,미래형 성과기반 군수지원 적용방안 연구,국군재정관리단
유무인 전투기의 공대공 복합운용개념및요구능력 분석,국군재정관리단,2461456.0,,2016-06-15,한국무인이동체연구조합,최진식,최진아,,,87.5585,수도병원 임상의학연구센터 통계프로그램 구매계약,군
감염 및 외상분야 군의료 특성화 연구(2차),국방전산정보원,,86.535,2023-01-06,사단법인 씨알리더십연구원,염진수,허정성,"서울특별시 강남구 언주로527, 10층 (역삼동)",,,22-4차 연구장비 구매 계약 - 세균배양기 CO2,중앙행정기관
국방 전력발전체계에서의 전투실험체계 정립 연구용역,제9691부대,,87.9141,2016-01-06,사)국방정보통신협회,,전세희,"경기도 용인시 수지구 죽전로 152, 단국대학교내(죽전동)",81735783.0,93.3317,자동염기서열분석기 소모품 구매 설치,국군재정관리단
21년 의무장비(자동분석기 생화학용 중형) 구매,국군재정관리단,,,2017-12-14,(사)한국전략문제연구소,염진수,유관우,"서울특별시 강남구 봉은사로129-0 (논현동, 거평타운오피스텔) 1126호",100723549.0,51.3829,함대함유도탄-II 사업분석,중앙행정기관
미래 예비군 제도를 대비한 예비군 개념 정립 연구,국군재정관리단,36025100.0,87.7913,,(주)에프오알엠도시건축공간연구소,전건욱,김은영,"서울특별시 금천구 가산디지털1로5, 대륭테크노타운 20차 1934호",105459303.0,,항공통제기2차사업 기종결정평가 연구용역,국군재정관리단
22~23년 공군 전자정보 수집/분석장비 유지보수,해군작전사령부,30252910.0,73.6235,2020-06-29,태린메디칼 주식회사,조혜진,안병호,"대전광역시 서구 도산로485-0, 4층 (탄방동)",,61.9185,(22F199-I)네트워크위협분석시스템구매사업금융리스,중앙행정기관
17-추수평가 개선 및 환류방안 연구,육군교육사령부,420155922.0,87.9833,,(사단) 한국정치학회,임정숙,전병욱,"인천광역시 중구 인중로 178, 제이엘타워 1001호(사동)",193394830.0,,(207108-H)네트워크 위협 분석체계 구축사업,중앙행정기관
19년 천궁 성과기반군수지원 적용방안 연구용역,합동참모본부,20508599.0,95.5648,,주식회사 에이치투엘테크놀로지,강도형,전형준,대전광역시 유성구 죽동로157-0 (죽동),100097070.0,87.6868,월간지(안보현안분석  린사포럼) 인쇄 용역,합동참모본부
국방과학기술료 고시 개선방안 연구,국군재정관리단,61366996.0,94.2211,,한국해양과학기술원,,명승배,,88949459.0,,정보보안장비(사이버보안 위협분석시스템),군
정보체계 취약점 진단을 위한 모의환경 구축방안 연구,육군화학학교,19790421.0,65.357,2018-12-11,주식회사 삼원산업,민광기,윤태훈,"경기도 성남시 수정구 창업로43-0 (시흥동)1층, 글로벌비즈니스센터",61692735.0,70.2044,(21F093-K)'22년~'23년 작전지속지원분석모델유지보수,제7016부대
0000 수집/분석장비 구매,국군재정관리단,,93.4665,2022-06-18,(주)이지랩아이앤티,김동준,김인승,"경상북도 구미시 1공단로212 (공단동) 제2층 226호(공단동, 한라시그마밸리)",,,18년 분석용모델 유지보수 용역,중앙행정기관
24년 군 주거시설 개선방안 수립 연구용역 등 2건,해군본부,47357756.0,61.6909,2022-11-02,주식회사 미주씨앤디,,유지수,,87322311.0,87.5117,항공교통 업무 수행 및 공역체계 개선 방안 연구,국군재정관리단
접적해역 상시정찰용 UAV 선행연구용역,국군재정관리단,,88.0579,2017-12-02,(주)도전하는사람들,,노우현,세종특별자치시  국책연구원로15-0 (반곡동),,56.6724,전투실험 설계 및 결과 분석 방법 연구용역,중앙행정기관
기초비행훈련용헬기 조종계통 시험장비 개발 연구용역,국군의무사령부,,,,주식회사 안보기술연구원,김회율,엄희정,"경상남도 창원시 성산구 완암로50-0, 메카동 813호(성산동, SK테크노파크)",116076172.0,87.503,육군 수질 유지비 현실화 방안 연구용역,국군재정관리단
분석기 주파수편이용 2EA 구매(20199199-I),국군제1068부대,18964658.0,,2023-08-20,주식회사 유니와이드,신상범,김채영,부산광역시 부산진구 동성로20 (전포동),159593231.0,87.9636,전시 물자동원 실효성 제고방안 연구,합동참모본부
악성코드 분석체계 확대 구축 사업(20197146-C),합동상호운용성기술센터,114385869.0,,2022-12-27,주식회사 피앤씨솔루션,조인태,정봉원,"충청북도 청주시 서원구 수곡로99번길32-2, 101호(수곡동)",63793299.0,,전시자원소요분석모델 장비 교체사업 리스,중앙행정기관
해병대 데이터 관리 및 활용 발전 방안 연구,국방부(운영지원과),,67.3651,2020-09-03,주식회사 한국심리평가원,박정기,,"서울특별시 금천구 가산디지털1로19, 406호, 407호, 408호, 409호(가산동,대륭테크노타운18차)",160498271.0,,국방시설분야 4차 산업기술 활용방안 연구용역,중앙행정기관
차륜형장갑차 성능개량 사업 비용분석,공군본부,29284208.0,87.6126,,,최명진,이상규,서울특별시 광진구 군자동98 집현관 216,113053141.0,87.4131,정보통신기능 성능개량 체계 구축 연구 용역,중앙행정기관
생화학분석기(contro serum Level1 등) 구매,국군재정관리단,32054560.0,,2017-11-26,(사)한국전략문제연구소,박정기,이승원,"서울특별시 금천구 가산디지털2로184, 10층 1017호(가산동, 벽산디지털밸리2차)",99617616.0,87.295,군사사연구총서베트남전쟁관련주제연구용역(과제3),중앙행정기관
전투발전 연구용역 과제 세미나 수행 용역,해군본부,119114190.0,,,(주)디앤오종합건축사사무소,임승택,이민행,"광주광역시 북구 양일로168-10, 비동 1층(양산동)",,,탄약 및 용기 레이저 제청 시스템 응용연구 용역,중앙행정기관
(236498-C) 23년 영상분석서버 및 PC 제조설치,합동참모본부,,95.2065,2020-04-12,(재)한국산업개발연구원,유훈,,"경상북도 경산시 하양읍 하양로13-13, D1동 4층 406호",,,급식유통센터 성과분석 및 (경남권)필요성 연구,중앙행정기관
수도권 동원예비군 수송방법 개선방안 연구,국방부(운영지원과),,,2020-04-25,(주)에프오알엠도시건축공간연구소,김주희,박지훈,"서울특별시 강남구 언주로527, 10층 (역삼동)",102037993.0,87.4514,작전계획분석모델 S/W 성능개선 용역,국군재정관리단
상륙공격헬기 체계운용요구 및 PBL 적용방안 연구용역,국군재정관리단,122146944.0,76.085,,사단법인 한국국방발전연구원,윤현식,,,211707287.0,,연구소 화생방연구활동 재료비 초자 구매,제9691부대
해병대 안전관리 조직 역할 관련 연구 용역,제7군단,19842096.0,,2020-05-21,건양대학교 산학협력단,김유혁,,"서울특별시 영등포구 국회대로70길12, 802호 (여의도동,대산빌딩)",113498757.0,87.507,20-함정 전기추진체계 관련 군요구조건 도출방안 연구,중앙행정기관
23년 조사분석용 SW 라이선스 구매,공군군수사령부,150994982.0,87.6431,2017-09-27,인하대학교 산학협력단,김태훈,전용호,"서울특별시 송파구 백제고분로501, 301 (방이동 청호빌딩)",213559843.0,87.4901,정기기초연구과제연구용역(8.국가재난사태..),중앙행정기관
24-항공관제 분석체계 유지보수 용역,방위사업청(운영지원과),,88.3448,2019-03-07,주식회사 베테랑콤,김지영,정지용,"경상남도 창원시 성산구 완암로50, 넥스동 704호(성산동, SK테크노파크)",54767923.0,95.1339,한반도 작전환경에 적합한 사단 구조 및 편성 연구,중앙행정기관
해병대 정체성 향상 프로그램 개발 연구 용역,제9691부대,25867940.0,92.607,2016-01-06,육군사관학교 산학협력단,이재평,원해나,"경기도 고양시 일산동구 백마로223, 431호(장항동, 현대에뜨레보)",193413743.0,85.17,상호운용성 정보보증 평가기준 고도화 방안 연구,중앙행정기관
군 지휘통신체계 유지보수 발전방안 연구용역,국군재정관리단,,,2021-02-15,(사)국방시설연구협회,임승택,이수행,"경상북도 경산시 대학로280, 1층(대동)",,87.5514,공군 우주조직 발전방향 연구,군
(216032-G) 차륜형장갑차 센서데이터 수집 분석체계,국군의무사령부,,87.7882,2016-01-06,사단법인 한국국가전략연구원,최권석,김진송,"서울특별시 용산구 청파로 40, 삼구빌딩 1815호(한강로3가)",69651515.0,,17년 비용분석모델(PRICE) 유지보수 용역,중앙행정기관
훈련 및 부대운영 빅데이터 활용방안 연구용역,국군재정관리단,53163936.0,94.2648,,주식회사 누리아이코리아,정주교,,"서울특별시 강남구 언주로527, 10층 (역삼동)",,85.8124,군인 주거보조비 도입방안 연구,중앙행정기관
18~22 방위산업육성 기본계획 수립을 위한 정책연구,육군교육사령부,,87.5919,,(사)한국전략문제연구소,임종근,남해린,서울특별시 강남구 일원로81-0 (일원동),,,22-합 -분석실험실 운용장비 교체사업 리스,국군재정관리단
다목적 항무지원정 함형 발전 연구,합동참모본부,138752835.0,,2017-07-03,,이현석,임혜정,,82581701.0,87.4667,20-주파수편이용 분석기 구매,국군재정관리단
정보학교 드론 연구용역,국방부(운영지원과),,77.1716,2023-03-13,,권혁웅,조명희,"경기도 안양시 동안구 학의로282, 501호,502호,503호 (관양동, 금강펜테리움아이티타워)",,,전평시 군수부대 기동화 방안 연구용역,군
정책현안 연구용역(1. 북한의무기체계와..),국방부(운영지원과),0.0,88.0325,,한국교통대학교산학협력단,김영경,,"서울특별시 영등포구 국회대로70길12, 802호 (여의도동,대산빌딩)",201306920.0,,헬기ㆍUAV 전력화 고려 타군비행장 활용방안 연구용역,중앙행정기관
기갑 및 기계화부대 중대급 교전훈련장비 연구용역,해군본부,24172700.0,,2018-05-11,주식회사 윈미디텍,박정주,변영경,"서울특별시 강남구 언주로527, 10층 (역삼동)",84043381.0,,24-그린나래호텔 리모델링 계획의 적절성 분석연구,중앙행정기관
다목적훈련지원정 후속함(양산)사업 비용분석,국군재정관리단,,,2020-09-06,주식회사 해피트리,최주평,강성수,서울특별시 노원구 공릉로 232서울과학기술대학교 테크노큐브 2층 산학협력단,,,방공포병 모의훈련체계 구축 가능성 연구용역,중앙행정기관
방위사업 국제공동연구개발 가이드라인 연구,국군의무사령부,,85.6939,,(유)목양,서승현,이경미,,,,복합식 소해장비 자기/음향 측정장비 연구개발 사업,중앙행정기관
정기기초연구과제연구용역(4.국방우주학의이론..),공군제10전투비행단,,,2023-12-05,(주)에프오알엠도시건축공간연구소,신희준,승아현,서울특별시 영등포구 여의공원로 101(여의도동),162356651.0,,(23F009-A)지리공간지형분석 Terra SW 등 금융리스,군
19년 지형분석장비 교체사업 리스,국방시설본부,144699124.0,,2018-11-08,신승하이텍,양선원,안병선,서울특별시 송파구 올림픽로505-0 (풍납동),,69.4375,수질분석기 등 2종 구매,기관
국방 정신전력교육지도사 자격신설 연구용역,공군군수사령부,0.0,69.0516,2017-05-30,와이에스컴퍼니,권오성,유현국,인천광역시 연수구 원인재로212 (연수동),,78.1706,음원수집장비 및 음원분석 워크스테이션 구매설치,국군재정관리단
K105A1자주포 경미한 성능개량 사업분석,제9691부대,,,2020-11-17,(주)두두아이티,조만희,조대현,충청남도 논산시 양촌면 황산벌로1040,122120645.0,83.1179,중금속가열분석기 1항목 구매(의무),중앙행정기관
항공통제기 2차 시설사업 기본계획 수립 연구용역,국방부,32592884.0,63.4494,2021-06-24,(사)21세기군사연구소,정영석,전동애,"서울특별시 송파구 백제고분로501, 301 (방이동 청호빌딩)",196401498.0,,군의료 연구용역(냉동 혈소판제제 제조법 확립),합동참모본부
해군 스마트 항공기지 발전방향 연구용역,국군제1068부대,166373284.0,,,노무법인 최상인업,이홍민,박지훈,,179209665.0,87.6975,분석기세트 3종 구매,중앙행정기관
[24-육-91] 무건리 훈련장 갈등 비용분석 연구,국방부조사본부,153551085.0,91.0755,2020-05-05,한국환경설계(주),전건욱,,대전광역시 유성구 대학로291-0 (구성동),114158175.0,87.602,국방 연구개발 법제 개선 연구,제9691부대
무기체계 유형별 맞춤형 R&D 수행절차 연구,제9691부대,132076296.0,54.0808,2023-10-14,한국해양대학교산학협력단,엄현성,박세원,대전광역시 유성구 죽동로157-0 (죽동),,87.7541,군사사연구총서 제6집 6.25관련주제 연구용역 (과제1),중앙행정기관
24-모바일 증거분석체계 교체사업,공군군수사령부,150028724.0,81.3206,2022-11-01,사단법인 안보경영연구원,권시형,,"충청남도 논산시 대학로 121, 건양대학교 산학협력단(내동)",177226603.0,,비상근예비군 확대 및 훈련체계 정립 연구 용역,군
스마트 탄약정비공장 구축방안 연구용역,국군재정관리단,,87.5791,2022-10-31,,조완제,김용희,,110480387.0,87.429,23-함정 실내공기질 기준 설정 연구,기관
국방대학교 안보현안분석 등 2종 인쇄 용역,국방부(운영지원과),,87.7209,,사단법인 대한민국공군발전협회,김진원,장소영,"서울특별시 강남구 테헤란로317(역삼동, 동훈타워 7,11,12,13층)",183375097.0,87.5509,상륙돌격장갑차 3차 창정비 방안 연구,국군재정관리단
사단 작전지휘시설 신축사업 선행연구 용역,국군재정관리단,,87.9108,2017-02-15,주식회사 웨더링크,홍명성,최광호,제주특별자치도 제주시 첨단로251 (영평동),197462500.0,,디지털 증거분석체계 SW 라이선스 갱신,기관
발칸 보조전원공급기 수리부속 대체품 개발 연구용역,공군본부,,,,쿤텍 주식회사,임평산,민정화,"서울특별시 강남구 테헤란로 142(역삼동, ARC PLACE) 7층",352893182.0,66.891,CCTV 효율적 관리 및 AI분야 군 적용방안 연구,기관
조종사 피로도와 안전비행의 역학관계 분석 연구용역,국군복지단,50550002.0,90.3238,,사단법인 한국국가전략연구원,신인균,김지원,"부산광역시 해운대구 센텀6로21,  인텔리움센텀 807호,808호(우동)",,,23-F-분석기 스펙트럼용 2종 구매(239034-H),중앙행정기관
군 경계작전에 적합한 LED등기구 기준 정립 연구용역,국군재정관리단,,87.8873,2016-01-06,육아정책연구소,안완기,김수정,대전광역시 동구 대학로62-0 (용운동),,,(21G023-A)생물안전3등급 연구시설 유지보수 용역,중앙행정기관
(246072-F) 분석기 스펙트럼용 구매,국군수송사령부,339341649.0,96.7705,,(사)한국전략문제연구소,임경진,김홍정,"경기도 수원시 영통구 월드컵로 206(원천동, 아주대학교)",,79.3891,전투실험 발전 과제 연구용역(1),제9965부대
공군조직내 잠재갈등 분석 및 공군문화 발전방안 연구,육군교육사령부,43859220.0,87.9828,2018-07-02,주식회사 마에스트로네트웍스,김성찬,안혜경,서울특별시 마포구 동교로183-11 (동교동) 한국정치학회빌딩 4층 한국정치학회,,,군 복무가치 제고 방안 연구,기관
수도병원 임상의학연구센터 통계프로그램 구매계약,제9691부대,24713931.0,87.8434,,한빛디엔에스(주),김주희,이다인,대전광역시 동구 대학로62-0 (용운동),176171571.0,85.6992,국방 무인로봇 시험평가 적용방안 연구,제2879부대
부대활동 유형별 위험성 평가체계 연구용역,육군교육사령부,114161681.0,87.3715,2022-09-22,(사)21세기군사연구소,,,"서울특별시 금천구 가산디지털2로184, 10층 1017호(가산동, 벽산디지털밸리2차)",92365840.0,87.4757,19-한국 해양안보에 미치는 갈등요인과 대응방안 연구,합동참모본부
Army TIGER 2050 개념군 연구 용역,육군본부,,88.1352,2022-03-18,,서영우,박재형,충청북도 청주시 청원구 사뜸로67번길24-0 (율량동),60750213.0,73.2944,자동염기서열분석기 정비(소모품 구매설치),제3697부대
사단 간부숙소 신축 선행연구 용역,국방전산정보원,26489484.0,68.3753,2017-12-20,주식회사 한국사업관리연구원,유재수,박수연,"서울특별시 강남구 논현로28길54-0 4층 (도곡동, 덕원빌딩)",,,함정 표준감항인증기준 수립 및 사업 영향성 연구,중앙행정기관
화산 특수작전종합훈련장 선행연구용역(특-24-용-24),육군교육사령부,,61.3661,,한국재료연구원,김재영,임소영,"인천광역시 연수구 송도미래로30, 이동 1308-1호(송도동, 스마트밸리)",89746462.0,94.4736,미래 GOP과학화경계시스템 구축방안에 대한 연구 용역,군
국방아키텍처 메타모델 표준화 구축 및 활용방안 연구,국군재정관리단,,94.0565,2020-09-09,(주)글로벌텔레콤,정성윤,박준용,경기도 성남시 분당구 성남대로912-0 (야탑동) BYC빌딩 607,100218595.0,86.0913,국방 안전기준 정립 및 발전방향 연구,국군재정관리단
비행기지 빅데이터 기반 비행안전 관리체계 방안 연구,국방통합데이터센터,44559926.0,,2021-04-29,,김종호,정해인,"대전광역시 서구 대덕대로319, 2층 212호(월평동, 우림빌딩)",93848662.0,,21년 의무장비(자동분석기 생화학용 중형) 구매,중앙행정기관
인공지능을 활용한 사이버위협 탐지기술 연구용역,국군재정관리단,,88.2946,,엠제이코리아,이인형,오세형,"서울특별시 송파구 법원로11길25-0, A동 1310호(문정동, 에이치비즈니스파크)",82013917.0,87.46,전구급 항공작전 분석모델의 표적가중치 산정 연구,국군재정관리단
19년 육군M&S센터 전문분석관 운용 용역(2019F014-I),국군재정관리단,,,2017-07-01,사단법인 한국소음진동공학회,정운찬,이상규,충청남도 논산시 양촌면 황산벌로1040,210845731.0,,청년장병의 군 복무간 지원 및 보상(취업분야) 연구,국군재정관리단
모바일기기 증거분석체계 구매(교체) 리스,육군교육사령부,,,,한국애질런트테크놀로지스(주),최권석,황병윤,경상남도 거제시 거제대로3370 (아주동),73609057.0,86.3768,비용분석용 상용SW(TruePlanning) 구매,중앙행정기관
오일분광분석장비 유지보수,국군재정관리단,115615210.0,93.5568,,정호정보통신,양창조,고미희,"서울특별시 금천구 가산디지털2로184, 10층 1017호(가산동, 벽산디지털밸리2차)",145829569.0,94.4743,국방정보통신장비의 효율적 운영관리 방안 연구,중앙행정기관
확산탄에 의한 활주로 피해양상 연구용역,국군재정관리단,133326227.0,87.9959,2022-09-19,구루멘토링 주식회사,유훈,박계향,"서울특별시 서초구 효령로230-0 (서초동, 승정빌딩)",92425471.0,87.429,한국형 첨단전투관리체계 운용개념 및 발전방안 연구,중앙행정기관
지능형 전군 악성코드 수집분석체계 라이선스 구매,공군군수사령부,,56.7974,,사단법인 대한민국해군발전협회,박종선,백도현,,,93.6701,00사단 관사 이전사업 선행연구 용역,중앙행정기관
국방아키텍처 메타모델 표준화 구축 및 활용방안 연구,공군본부,32867855.0,,2023-01-19,서울대학교 산학협력단,박수진,경상현,"대전광역시 유성구 대학로 27, 현대리조텔 2층(봉명동)",,86.1147,AI기반 드론봇 네트워크 운용 및 실험설계 연구용역,국군재정관리단
00부대 정보체계 취약점 분석 도구 구매,육군본부,38191430.0,87.7873,2020-04-03,재단법인 한국군사문제연구원,박영선,,,73513062.0,,항-16-007 자동면역분석기 시약 등 35종,중앙행정기관
23년 의무장비(전기수술기 분석기) 구매,국군의무사령부,149163674.0,88.0327,2016-08-12,주식회사 조인트리,조현선,박계향,"경기도 성남시 수정구 위례대로83(창곡동, 국방문화센터)",95261877.0,,[연구소] 유전자 자동염기서열 정비 및 검교정,국군재정관리단
21-해-CCTV 분석시스템 등 7종 구매설치,국군수도병원,39612450.0,71.8843,,충북대학교산학협력단,김학범,이윤기,"경기도 성남시 수정구 복정로84번길 22-15,(B-001호) (복정동)",55006136.0,80.022,공군기지 작전환경을 고려한 무인기 운영방안 연구,중앙행정기관
(226154-E) 차륜정비장비(분석기 차량엔진용) 구매,공군군수사령부,,,,주식회사 미주씨앤디,전건욱,,"경기도 고양시 덕양구 용현로10-0, 508동 203호 (행신동, 무원마을5단지 아파트)",185845377.0,,분석기(회로망용) 구매,군
CH-47헬기 호이스트 군직정비방안 연구 용역,국방부(운영지원과),,,2017-11-14,한국생산성본부,변중무,,"서울특별시 용산구 한강대로211, 102동 1605호(한강로1가, 대우월드마크용산)",497146734.0,61.986,전시피해건물 상태평가 기준정립 연구용역,중앙행정기관
작전환경고려 전투실험 방법 및 평가 분석방법 연구,국방부조사본부,,96.4956,2023-10-23,한국교통대학교산학협력단,정의붕,조대현,경기도 고양시 덕양구 권율대로656-0 (원흥동) 17층 1739호,59557393.0,88.8375,한국형 MDTF의 사단 적용방안 연구,군
청정국방 구현을 위한 반부패 청렴정책 추진방안 연구,국군재정관리단,53631719.0,88.31,2020-04-03,해동청역사문화연구소,김진원,이기석,"인천광역시 미추홀구 방축로194, D동 207호 2층 1호 (도화동)",77484719.0,87.7668,정비공정 분석도구 구매,중앙행정기관
35사단 동원훈련장 생활관 시설사업 선행연구 용역,국군재정관리단,109279466.0,93.4853,,디엔아이,권민정,오세형,"서울특별시 중구 퇴계로27길25, 305호(충무로3가, 청림빌딩)",,93.8235,23년 육군 장기미래비전 연구용역,군
청년 장병 군내 일자리 창출 방안에 따른 연구용역,국군재정관리단,42984201.0,,,(주)케이엔에스,김흥중,임수진,서울특별시 구로구 디지털로26길5-0 (구로동) 1404호,,,유전자감정장비(자동염기서열분석기)소모품 설치 납품,중앙행정기관
감염 및 외상분야 군의료 특성화 연구,국방부(운영지원과),16532117.0,97.0326,,(사)한국능률협회,이영환,이경생,"서울특별시 금천구 가마산로96-0, 213호(가산동, 대륭테크노타운8차)",,92.4439,미래 육군비행장 발전계획 검증 연구 용역,중앙행정기관
KAAV-Ⅱ운용요구서 구체화에 관한 연구용역,육군공병학교,,87.1447,2018-07-11,(주)론스텍,장순호,이화선,경기도 고양시 덕양구 권율대로656-0 (원흥동) 17층 1739호,74742402.0,87.6177,방위산업기술 유출 및 침해 대응체계 구축방안 연구,중앙행정기관
KAOC 신축사업 지휘통신체계 구축방안 연구용역,공군본부,22496239.0,80.2472,2018-01-23,주식회사  인섹시큐리티,김금자,송하봉,"서울특별시 강남구 언주로527, 10층 (역삼동)",83736723.0,87.7369,악성코드 정보제공 및 분석 서비스 구매,군
22-12차 연구장비 구매 계약 - 초저온냉동고,국군재정관리단,,81.4725,2017-06-25,(주)에스코컨설턴트,전병욱,박주희,경기도 군포시 흥안대로27번길22-0 (금정동),,,조종사 피로도와 안전비행의 역학관계 분석 연구용역,중앙행정기관
스펙트럼 분석기 구매,해군본부,15036971.0,87.6612,2018-05-07,주식회사 안보기술연구원,오문진,유동호,경기도 평택시 청북면 고렴길181번길 13(),78055601.0,87.8573,UN PKO 활동지원을 위한 기술기여(스마트캠프) 연구Ⅱ,군
(21F049-I)제2軍 대테러 종합훈련장 선행연구 용역,육군본부,17365894.0,,2020-04-28,서울과학기술대학교 산학협력단,,허진실,"서울특별시 강남구 언주로527, 10층 (역삼동)",,,국제 해양영역인식 협력 방안 연구,중앙행정기관
00기지 환경개선 사업 분석평가 및 선행연구 용역,국군수도병원,246175405.0,,,티엠시 주식회사,류장수,장유라,충청북도 청주시 흥덕구 흥덕로 126(),151620480.0,,2.75인치 유도로켓(비궁) PBL 적용 방안 연구용역,국군대전병원
20-효율적인 성능개량 방안 도출 연구,국군의무사령부,161745922.0,87.1355,2020-11-22,사)국방정보통신협회,김지현,이도제,"경기도 용인시 처인구 한터로152번길45-0 (고림동, 인정피렌체빌리지1차아파트) 106-505",168021233.0,,22년 의무장비(요분석기) 구매,중앙행정기관
임무형지휘 수준진단도구 개발 연구용역,공군군수사령부,119831965.0,,2018-01-21,주식회사 오로라,강현순,이상규,"경상북도 포항시 남구 지곡로294-0 , 233동 7층 03호(지곡동, 효자그린아파트)",,55.6027,지형분석용 드론 제조,중앙행정기관
휴대용 화학물질분석기 등 2종 구매(20197097-D),국군재정관리단,22092397.0,,2020-10-02,주식회사 에스엘상사,고찬갑,한상동,"서울특별시 중구 동호로7길41, 2층(신당동)",84755408.0,87.6661,17-방공관제사-94 보급수송과 스펙트럼 분석기/3품목,기관
장비 적정수명 결정요인 선정 및 결정방법연구,제20전투비행단,17501598.0,80.5104,,(주)심네트,전건욱,가회광,"서울특별시 송파구 송파대로201-0 (문정동) 송파테라타워2 A동 1213,1214,1215,1216,1217,1218호",181196686.0,87.6564,패트리어트 유도탄수명 고려한 효과적 확보 방안 연구,국군재정관리단
북한의 기뢰전 전술 분석 및 대응책 연구,육군교육사령부,,88.0329,2020-04-17,사단법인 한국융합안보연구원(Korea Convergence Security Institute),윤은희,김한욱,"서울특별시 구로구 디지털로288, 18층 1806호(구로동, 대륭포스트타워1차)",187428014.0,85.2682,다목적 제설장비 운용기준 재정립 및 대체방안 연구,군
M-MOOC 체계 고도화 발전방안 연구용역,국군재정관리단,17311471.0,81.5547,,주식회사 제이에스원,조명지,이대용,서울특별시 구로구 디지털로26길5-0 (구로동) 1404호,75875756.0,87.5151,항-18-066 자동면역분석기 시양등 47종,중앙행정기관
화생방 연구 재료 초자 구매,방위사업청(운영지원과),,80.2249,,아주대학교 산학협력단,김한욱,박지현,"서울특별시 종로구 홍지문2길20-0 (홍지동, 상명대학교)",70713277.0,85.6059,21년 연례 육군 리더십 수준 진단 연구용역,중앙행정기관
생화학 자동 분석기 등 116종 구매(20197022-E),제5738부대,233690832.0,87.5709,,(주)한진이엔아이,,김경모,서울특별시 성북구 삼선교로16길116-0 (삼선동2가),196165184.0,,(21G087-I)범국민 안보의식조사 연구 용역,국군재정관리단
민간군사기업(PMC) 등 민간 아웃소싱에 대한 개념연구,육군 제3808부대,30632310.0,88.2728,2018-02-04,(사)국방시설연구협회,박상희,김지혜,서울특별시 노원구 공릉로 232서울과학기술대학교 테크노큐브 2층 산학협력단,81753852.0,,군수업무 빅데이터 분석/활용체계 구축시범사업,중앙행정기관
23-D-종합발전수립 연구용역(B032),국군재정관리단,,87.9368,,주식회사우성메디칼,박종재,이민행,대전광역시 동구 대전로889-4 (삼성동),97392642.0,,22-해-금속성분분석기 구매,중앙행정기관
전평시 국가 화생방전 대응체계 발전방향 M&S 분석,국군수송사령부,,,,주식회사 에스엘상사,김윤혁,이경미,"전라남도 장성군 황룡면 강변로452-16, 3층 302호",156059775.0,,국회 협력 조직 및 업무 개선 방안 연구,국군복지단
미 해군 6.25전쟁 분석자료 번역 용역,국군화생방방호사령부,27444714.0,55.5842,,금성,김학철,경상현,"서울특별시 구로구 디지털로243, 705호(구로동, 지하이시티)",,87.4287,자동염기서열 분석기 구매설치,중앙행정기관
민간군사기업(PMC) 등 민간 아웃소싱에 대한 개념연구,공군군수사령부,19965374.0,91.1202,2020-04-25,,전건욱,박계향,,,,한국형 군경력 학점전환제 마련에 관한 연구,군
분석기  입자크기용 구매,국방대학교,142967246.0,87.8338,2016-01-06,라온시스템즈(주),경상현,장소영,"서울특별시 용산구 한강대로62길41, 3층 (한강로1가)",207778319.0,92.3008,22-12차 연구장비 구매 계약 - 초저온냉동고,중앙행정기관
지형분석용 드론 제조,국군재정관리단,21945278.0,87.7695,,아시아상담코칭학회,홍수정,김종훈,서울특별시 영등포구 영등포로35길10-0 (영등포동6가) 8층 809호,93387284.0,87.6461,24~'25년 상층대기분석장비 유지보수,국군재정관리단
상륙작전에 적합한 4.2대체전력 확보 연구 용역,국방시설본부,,88.2305,,,,이윤기,서울특별시 강남구 논현로189길6 (압구정동),64093761.0,,지상작전과 연계한 사이버전 수행방안 연구,국군재정관리단
국방산업혁신펀드(가칭) 시행방안 연구,국군재정관리단,126977097.0,,2017-12-09,피앤티컨설팅 주식회사,김진욱,최효정,충청북도 청주시서원구 개신동446-2,,,국방 클라우드 확산 정책 연구 용역,국군재정관리단
군인연금기금 책임준비금의 적정 규모 기준 설정 연구,제20전투비행단,132015000.0,88.0107,2022-07-25,정호정보통신,고중혁,박종완,"서울특별시 구로구 디지털로30길28 마리오타워 601~605, 618호",,,국방정책 연구지원 발전 기획 연구,중앙행정기관
20-S-통합유류고 신축사업 선행연구 용역,국군재정관리단,,,,,,,,199772301.0,87.3585,우주안전 발전 생태계(거버넌스) 구축 연구 용역,중앙행정기관
드론 유형별 시험평가 방안 연구용역,국방부(운영지원과),7570825.0,84.7182,,(주)제트코,이용욱,김지훈,"충청북도 청주시 서원구 충대로1-0 (개신동, 충북대학교)",119274201.0,,박찬극 제독 평전 편찬 연구용역,국군재정관리단
해군  해경운용 및 전방위 안보 강화방안 연구용역,국방전산정보원,465619923.0,94.8759,2021-06-16,에이치앤주식회사,안완기,신인균,"경기도 용인시 기흥구 흥덕중앙로120-0 (영덕동, U - TOWER)",,87.9305,근무주정 내항성 향상 함형 개발 연구,합동참모본부
국방 전력발전체계에서의 전투실험체계 정립 연구용역,국방부(운영지원과),,93.0174,2023-03-31,고메드,이창민,최진아,"경기도 안양시 만안구 만안로49, 519호(안양동, 호정타워)",93200995.0,92.3108,국방 분야 초거대 AI 적용 방안 연구,중앙행정기관
스펙트럼분석기 2종 구매,합동참모본부,30424922.0,,,주식회사 케이티에이,김길원,김학범,"서울특별시 종로구 우정국로26(공평동, 센트로폴리스빌딩)",53255626.0,88.0252,(226046-G)'22년 육군 DB분석체계 교체(리스물건),군
방위사업청 방산원가구조 개선에 관한 연구,육군군수사령부,166091106.0,94.8217,2016-05-22,,최치원,안주섭,경기도 과천시 교육원로98(중앙동),78768013.0,,군인연금제도 발전방향 연구,국군재정관리단
19-미래 유무인 항공전력 복합운용 전력소요 연구,제3707부대,25735484.0,95.1962,2020-05-22,아시아상담코칭학회,정영욱,동중영,인천광역시 연수구 원인재로212 (연수동),84283172.0,,22-해상기반 우주발사체계 개념 연구,중앙행정기관
국방 연구개발 법제 개선 연구,공군본부,27678339.0,79.0783,,근영유통,김진준,방윤지,"인천광역시 서구 백범로630번길22, 308-1호, 216호 (가좌동)",,63.4871,중장비 수송차량 이동을 위한 도로능력 검증 연구용역,군
2019년 의무장비(자동분석기 생화학용 대형) 구매,국군재정관리단,,87.9638,,에스앤에스이앤지 주식회사,박장권,김민재,"서울특별시 금천구 가마산로96-0, 213호(가산동, 대륭테크노타운8차)",198436948.0,87.4798,미래 한국군 통합사이버전 수행방안 연구,국군재정관리단
미래 지역예비군 최적화 방안 연구 용역,해군본부,,88.3091,2022-05-10,주식회사 한국건설경영기술원,홍양희,이경생,"대전광역시 유성구 테크노4로17, A동 501호 (관평동, 비즈센터)",446617175.0,87.8925,정보학교 드론 연구용역,제9965부대
(20G060-A)IP교환기및국방보안조사분석시스템금융리스,국군재정관리단,63822789.0,89.6127,2016-08-25,국방기술품질원,이인형,송승현,대전광역시 대덕구 대전로1397번안길70-0 (읍내동),467506854.0,92.4322,공무직 근로자 임금체계 컨설팅 및 연구 용역,국군재정관리단
22년 의무장비(자동분석기 생화학용 중형) 구매,국군재정관리단,41034220.0,,,에스엠테크(SM TECH),임준석,주진형,"경기도 용인시 처인구 명지로 116, 명지대학교(남동)",662894127.0,87.5166,특수작전용대형기동헬기 시설사업기본계획 연구용역,국군재정관리단
공무직 근로자 임금체계 컨설팅 및 연구 용역,국군재정관리단,382267702.0,,2020-11-16,육군3사관학교 산학협력단,윤은희,김재현,"경기도 수원시 영통구 영통로90번길28-15 (망포동, 도고훼미리타운)",,,정비용 샵차량 전원발생기 정비기술개발 연구용역,중앙행정기관
육군 항공관제 시뮬레이터 연구개발,국군제1068부대,,97.104,2017-10-05,이상시스템,,임영갑,"서울특별시 강남구 언주로527, 10층 (역삼동)",80305784.0,87.4592,공무직근로자 등 임금체계 개선(안)마련 연구,국군재정관리단
여군 피복장구류 개선방안에 대한 연구,육군교육사령부,30513193.0,66.8971,,단국대학교 산학협력단,김형철,박지훈,경상남도 진주시 소호로101-0 (충무공동),,87.4517,군수사 품목관리관 적정 취급품목 수 연구,중앙행정기관
무기체계 공급망 관리(SCM) 최적화 프로세스 연구,공군본부,142944180.0,81.5817,,육군사관학교 산학협력단,박준빈,백현정,충청북도 청주시 서원구 성화로99,,94.8942,00부대 지하시설 구축방안 연구용역,중앙행정기관
17년 지형분석 기초자료 구축사업,국군의무학교,123466970.0,94.7875,2018-05-21,(주)에이치엔에스바이오,남궁복자,전현숙,"서울특별시 강남구 강남대로62길24-0 (역삼동,해송빌딩)3층",,,전평시 국가 화생방전 대응체계 발전방향 M&S 분석,국군재정관리단
미래안보환경 대비 군사시설 보호업무 발전방향 연구,국방대학교,,,2020-12-29,한국표준인증기술연구원,김지원,이재광,서울특별시 강동구 양재대로1377 (성내동 삼원빌딩 408호),,87.601,23-블랙이글스 소음 및 연막 공공갈등 관리방안연구,기관
유도무기 품질인증사격시험 기준 정립 및 절차 연구,국군재정관리단,0.0,,2018-04-10,,이준식,배원호,"서울특별시 성북구 정릉로 77, 국민대학교내(정릉동)",,,19-헬기형 UAV 운용을 위한 함정설계 개념 연구,제2879부대
공군 전장망 소스코드 취약점분석체계 교체사업,국군재정관리단,,91.4028,2018-05-02,한국교통안전공단,정주교,김학균,부산광역시 부산진구 동성로20 (전포동),,87.4418,장보고-III Batch-I 잠수함 저주파분석 훈련장비,중앙행정기관
국방상호운용성 발전을 위한 국방EA 수행체계 연구,공군군수사령부,31409543.0,87.5311,2018-03-10,주식회사 아이티존,고중혁,김봉환,"경기도 파주시 문산로26번길14-0 (문산읍, 문산호수아파트)",100758157.0,87.4635,사이버방호체계 최적화 및 고도화 구축 연구용역,기관
군용항공기를 활용한 공중발사체 운영방안 연구,공군본부,54710235.0,,2020-04-02,,,,,214089025.0,,첨단 항공엔진 연구개발 추진방안 연구,합동참모본부
4차 산업혁명 전장기능별 무기체계 소요 연구 용역,국군재정관리단,0.0,96.1571,2017-10-10,(주)휴먼이퀘이션,김미숙,주인웅,"경기도 성남시 수정구 복정로84번길 22-15,(B-001호) (복정동)",86380387.0,87.515,(227163-F)연구활동재료(초자) 구매,기관
22-해병-지능형 사이버침해사고 조사분석체계 구축,육군군수사령부,,,2023-04-13,"주식회사 안랩(AHNLAB,INC.)",박종진,김한욱,서울특별시 서초구 사임당로18 (서초동) 석오빌딩 8층,,94.8467,교육 발전방향 연구용역,군
해병대 간부 및 병 획득율 제고를 위한 개선방안 연구,육군교육사령부,27190403.0,95.4635,2020-05-04,중앙기획,,박재경,"충청북도 청주시 흥덕구 흥덕로151-0 (운천동, 지하1층)",193834867.0,84.4034,우주기상 영향 연구용역,군
융합형 신개념기술시범(ACTD) 제도 정립방안 연구,국군재정관리단,,,2022-09-13,라온시스템즈(주),박정기,,"경기도 성남시 수정구 위례대로83(창곡동, 국방문화센터)",90731982.0,,군시설 공사비 기준단가 산정 연구용역,중앙행정기관
(20F168-I)00부대 부대개편 시설사업 선행연구 용역,합동참모본부,132698408.0,,2017-06-25,,박종재,전희수,,,87.4215,17년 모바일 분석체계 성능개선 사업,중앙행정기관
군 급식제도의 시스템 개선을 위한 연구,합동참모본부,159546402.0,87.6785,,,,,,210291180.0,87.3547,패트리어트 PAC-3 유도탄(2차)사업 선행연구,국군재정관리단
국방규격에서 인용 중인 폐지된 KS 제정 연구,제2879부대,20481995.0,,2016-05-28,,,,,106737291.0,87.3354,자동염기서열분석기 정비(소모품 구매설치),4284부대
KOLAS 인정 기반 구축 연구용역,육군본부,350990483.0,,2016-04-02,유한회사 무궁화통신건설,김규형,정현찬,"서울특별시 강북구 삼양로173가길55-0 (우이동, 메이트하우스)1동402호",,,23년 비용분석모델(True Planning) SW유지보수 용역,중앙행정기관
MZ세대 주거시설 시설기준 제·개정 연구용역,국방시설본부,41485183.0,,2021-03-29,육군사관학교 산학협력단,이현미,공영주,경기도 수원시 영통구 삼성로274 (원천동) 수원팩토리월드 410호,91188685.0,,표준훈련장 설치기준 정립 연구 용역,군
관사 및 간부숙소 신축 선행연구 용역(23-216),합동참모본부,101042447.0,,2016-03-26,(주)디앤오종합건축사사무소,이영주,김지영,충청북도 충주시 대학로50-0 (대소원면),94183267.0,54.2412,17년 모바일 분석체계 성능개선 사업,중앙행정기관
주거시설 관리 및 운영 전문성 제고 방안 연구,국군의무사령부,39237964.0,,2021-06-13,주식회사 공공정책성과평가연구원,권시형,유현국,"대전광역시 유성구 테크노4로17, A동 501호 (관평동, 비즈센터)",108521285.0,92.0985,해군분석모델 서버 교체사업,중앙행정기관
00부대창설을 위한 공공갈등 관리방안 연구용역,국방시설본부,,,2018-08-08,(주)싸이버텍,김혜진,박미영,광주광역시 서구 양동로41번길21-9 (양동),,87.9648,해군 스마트 항공기지 발전방향 연구용역,국군제1068부대
(21F049-I)제2軍 대테러 종합훈련장 선행연구 용역,제5378부대,,,2018-05-29,테크디,김영식,조현선,"경기도 안양시 동안구 관평로138번길24-0 106호 (평촌동, 초원아파트 상가동)",58314304.0,98.2391,상호운용성 정보보증 평가기준의 체계별 적용방안연구,제2879부대
음원수집장비 및 음원분석 워크스테이션 구매설치,방위사업청(운영지원과),2961902.0,87.8457,2016-02-28,주식회사 한컴인스페이스,전건욱,,"서울특별시 강남구 논현로101길8, 2층 (역삼동, 형정빌딩)",190367173.0,,전투실험 중장기 종합발전계획 연구용역,국군재정관리단
고성능탄두 기술적용 전투수행개념 연구 용역,국군수도병원,25143632.0,,,(주)윌비소프트,최은수,홍세준,"서울특별시 강남구 언주로527, 10층 (역삼동)",,87.5061,24-F-비용분석용 상용SW 구매,중앙행정기관
자동염기서열분석기 정비,국군재정관리단,116367692.0,80.5946,2017-05-03,세종대학교산학협력단,김진욱,이영진,"경기도 용인시 기흥구 덕영대로1732-0 (서천동, 경희대학교 국제캠퍼스내)",70174027.0,86.1828,장보고-III Batch-I 잠수함 저주파분석 훈련장비,국군재정관리단
잠재적 미사일 위협대비 워게임 활용방안 등 연구,국군재정관리단,24423083.0,88.2353,2017-11-15,주식회사 디아이,정순오,임동환,인천광역시 부평구 부평대로301-0 (청천동) 남광센트렉스 303호,100395948.0,87.4899,정밀측정장비(스펙트럼분석기 등 4종) 구매,중앙행정기관
무기체계 전력지원체계 분류기준 재정립 연구,육군본부,128043976.0,87.7021,,사단법인 한국갈등학회,김화경,김채미,"서울특별시 금천구 가산디지털1로119-0 (가산동, SK트윈테크타워, a동 10층 6호)",48114849.0,,사례분석을 통한 對아세안 국방협력 발전방안 연구,군
공무직 근로자 임금체계 컨설팅 및 연구 용역,육군교육사령부,,88.193,,테크노빌리지 주식회사,성순이,박점숙,"서울특별시 성북구 안암로145 (안암동5가, 고려대학교)",651588741.0,,공군 Kill-Web의 임무효과도 및 발전 로드맵 연구,군
군인연금 수급요건 및 분할연금 도입 연구,해군군수사령부,119224081.0,87.9933,2017-02-06,,,,,213097943.0,87.2399,K21장갑차 조종수카메라 정비기술개발 연구용역,국군재정관리단
사단 간부숙소 신축 선행연구 용역,국방부(운영지원과),123321375.0,91.7269,2018-03-30,주식회사 베테랑콤,이상민,윤진영,"경기도 성남시 수정구 위례대로83(창곡동, 국방문화센터)",,92.6566,운용제원 분석 기반 장비수명 판단방안 연구,군
국방 디지털 서비스 환경 전환 방안 연구,제9691부대,,70.3933,,주식회사 행림종합건축사사무소,김민균,백현정,"서울특별시 금천구 가산디지털2로184, 1017호(가산동, 벽산.경인디지털밸리2)",74107020.0,85.7937,19-AW159 PBL 비용대효과분석 및 성과지표 개발 연구,군
2.75유도로켓 창정비 비용 대 효과분석 연구용역,국군의무사령부,,87.8843,2020-12-24,사단법인 안보경영연구원,조완제,이재평,서울특별시 마포구 월드컵북로5길59 (서교동),,51.3926,한국형 임무형 지휘와 리더십 관계 정립 연구용역,군
장거리공대지유도탄 2차 사업분석,제9691부대,50352871.0,88.1188,,재단법인 에프아이티아이시험연구원,김진욱,정택호,대전광역시 동구 대전로889-4 (삼성동),103194027.0,87.5485,과학적 시험설계와 시험결과의 논리적 평가방안연구,기관
5인치 함포용 사거리연장탄 사업분석,제6619부대,,,2016-01-06,주식회사 대경코리아,홍종일,이우학,충청북도 청주시 서원구 남이면 양촌2길10-1,472293205.0,85.2966,21년 차세대 첨단함정 건조가능성 검토 연구용역(IV),기관
자주발칸 제어용 모듈 대체품 개발 연구용역,국방부(운영지원과),56531103.0,88.806,,주식회사 미주씨앤디,경상현,한상동,"서울특별시 서초구 방배천로155, 유청빌딩 3층(방배동 821-8)",61518846.0,88.4241,유도탄 검사장비(00체계 가스분석기) 정비,군
2019 서울안보대화 사이버워킹그룹 발전연구,국군재정관리단,329195165.0,,,엠제이코리아,박종재,김지현,서울특별시 서초구 반포대로13-0 (서초동),87343377.0,87.5561,00기지 저주파분석 훈련장비 유지보수 용역,합동참모본부
국방시설분야 4차 산업기술 활용방안 연구용역,국군수도병원,,95.1873,2018-12-01,재단법인 한국군사문제연구원,강석균,김소라,"대구광역시 중구 공평로59, 1충(공평동, 우원빌딩)",58321434.0,85.379,무인비행체계의 공격 방어체계 정립 연구용역,중앙행정기관
무기체계별 적정 수명주기 및 도태 후 활용방안 연구,해군본부,,87.548,,,,,,,83.1607,SUPPRESSED,국군재정관리단
육군 NCS직무표준화 및 군내 활용방안 연구 용역,해군군수사령부,101158274.0,87.8277,2022-03-31,,,,,116822177.0,87.3643,전술정보통신체계(TICN) Block-II 양산사업 비용분석,국군수도병원
항공기 시동장비(편제장비보강사업) 사업분석,공군제7항공통신전대,40781179.0,94.9351,2022-01-14,주식회사 우정바이오,허정성,김현철,서울특별시 마포구 백범로35-0 (신수동),179154544.0,94.9918,22-4차 연구장비 구매 계약 - 세균배양기 CO2,국군재정관리단
무인수상정 탑재운용 군 요구조건 도출 연구용역,국군재정관리단,8037152.0,,,사단법인 한국국가전략연구원,한만웅,송하봉,,175434544.0,,전시자원소요분석모델 장비 교체사업 리스,중앙행정기관
군인연금 수급요건 및 분할연금 도입 연구,합동참모본부,143353363.0,65.8918,2020-03-10,,,,,214503572.0,87.2938,유류시험장비(가스성분 분석기 등 2종) 구매,군
국방군사시설 방호기준 제·개정 연구용역(21K021-I),해군본부,,94.0019,,(주)에이치엔에스바이오,임지연,오문진,"인천광역시 중구 인중로 178, 제이엘타워 1001호(사동)",176230588.0,87.6703,21년 전투발전 연구용역(3),기관
정보학교 사이버공간정보 연구용역,공군군수사령부,,,2023-03-08,이매니지먼트(주),정재호,,"서울특별시 용산구 한강대로211, 102동 1605호(한강로1가, 대우월드마크용산)",,75.539,수사자료분석용 서버 구매설치,국군재정관리단
의무장비(자동분석기 생화학용중형) 구매(20197014-D),국군의무사령부,131221934.0,,,,김승준,,"경기도 성남시 수정구 복정로84번길 22-15,(B-001호) (복정동)",202880132.0,87.3433,궤도장비 난방기 야전 시험장비 개발 연구용역,국군수도병원
24-항공관제 분석체계 유지보수 용역,국방부(운영지원과),26713012.0,87.665,2023-01-08,노무법인한수,김광식,이영은,,80561075.0,87.4075,22-해병-지능형 사이버침해사고 조사분석체계 구축,국군재정관리단
간부 팔로워십 교육프로그램 개발 연구용역,국군재정관리단,24431396.0,88.2388,2023-07-19,주식회사 한솔엔지니어링글로벌,김하근,정봉원,"서울특별시 강남구 언주로527, 10층 (역삼동)",,,생화학분석기(동물용) 1항목 구매(의무),중앙행정기관
미래 육군 여군인력 활용성 제고방안 연구,방위사업청(운영지원과),35100171.0,87.8909,,사단법인 미래안보산업전략연구원,박상길,동중영,"경기도 수원시 영통구 월드컵로 206(원천동, 아주대학교)",205671360.0,87.0579,중금속가열분석기 1항목 구매(의무),중앙행정기관
(207146-F)디지털포렌식 분석장비 도입,국군재정관리단,59606750.0,96.3506,,계명대학교 산학협력단,차지환,김나영,"강원특별자치도 춘천시 서면 경춘로1517-23, NAB R&D큐브",100592372.0,,전차와 육군헬기의 혁신적인 운용개념 발전 연구,중앙행정기관
대형기동헬기(CH/HH-47D) 성능개량사업 비용분석,공군교육사령부,124449068.0,,2019-03-25,아시아상담코칭학회,홍순모,신범수,서울특별시 금천구 가산디지털2로123-0 (가산동) 1010-391호,,88.174,진동분석시험장비 진동감지센서 등 16종 구매,국군재정관리단
23-N-사이버 침해사고 조사/분석체계 구축,국군복지단,,87.7364,,(사단) 한국정치학회,정주교,최승룡,"서울특별시 송파구 법원로9길26, D동 1104호(문정동, H-비즈니스파크)",94739240.0,87.4336,함정 총수명주기 고려 탑재장비 획득방안 연구 용역,중앙행정기관
대잠훈련분석체계(AEAS) 유지보수 용역,국방부(운영지원과),41703779.0,,,농업회사법인 주식회사 서원당,안기수,김진송,서울특별시 용산구 한강대로46길25-0 (한강로2가) 401호,93790352.0,,사례분석을 통한 對아세안 국방협력 발전방안 연구,중앙행정기관
군사시설 주변지역 지원방안 연구,국방부(운영지원과),,87.8392,,국방기술품질원,이종명,이덕호,경상남도 함안군 칠북면 삼칠로 1826티엠시 (주),52177054.0,41.7125,(21F137-A)항공기 사격훈련장 확장방안 연구용역,중앙행정기관
UN PKO 활동지원을 위한 기술기여(스마트캠프) 연구Ⅱ,국방부(운영지원과),44642933.0,59.0709,,성균관대학교 산학협력단,유흥배,유형우,"서울특별시 금천구 가산디지털2로184, 10층 1017호(가산동, 벽산디지털밸리2차)",85364320.0,85.7318,24-미래 한국공군 훈련기 성능 및 적정 규모 연구,중앙행정기관
폭발물처리 자격신설 연구,국군재정관리단,137643992.0,59.2451,2022-07-05,바다메디칼,김한용,,,97930693.0,87.4929,23-N-유황분석기 구매,4284부대
상층대기분석장비 유지보수,국군재정관리단,,,2018-08-23,사단법인 미래안보산업전략연구원,변중무,,"서울특별시 강남구 언주로527, 10층 (역삼동)",82943256.0,,’22년 전투발전 연구과제 용역(2),중앙행정기관
국방우주력 발전을 위한 민·군 기술협력 방안 연구,제9965부대,30985749.0,,,,전남국,오순길,"서울특별시 영등포구 선유로 70, 우리벤처타운2303호(문래동3가)",,87.3961,(236367-B)표적분석용 워크스테이션 구매(리스물건),국군재정관리단
다목적 항무지원정 함형 발전 연구,육군교육사령부,51889427.0,79.1457,2016-01-06,(사)한국위기관리연구소,김명운,차승회,"서울특별시 금천구 가산디지털2로184, 10층 1017호(가산동, 벽산디지털밸리2차)",108977043.0,84.0562,군의료 특성화 연구용역(말라리아 발생 예측연구),중앙행정기관
항-16-007 자동면역분석기 시약 등 35종,국군수도병원,51724734.0,,2023-02-20,,,,"서울특별시 금천구 가마산로96-0, 213호(가산동, 대륭테크노타운8차)",76493341.0,87.3142,(246247-D) 이동형 심리생리반응 분석장비 구매,국군재정관리단
연구활동 재료(시약 초자)361종 구매(20197096-E),국군의무사령부,140519910.0,58.921,2018-03-21,사단법인 한국국가전략연구원,김진욱,경상현,,,,전자전기 확보 및 효율적 운용방안 연구,중앙행정기관
해병대 정체성 향상 프로그램 교육체계 설계 연구,제9227부대,47759020.0,,,주식회사 에코비투,배태웅,이영미,"경기도 고양시 일산동구 일산로441번길34-13, 1층 (1층 상가 좌측)(정발산동)",83560175.0,63.8134,해안복합감시체계 사업 비용분석,중앙행정기관
국방정책연구과제 연구용역 계약,국군재정관리단,,90.148,2017-11-01,대광산업,김민균,전용호,"경상북도 경산시 대학로280, 1층(대동)",775179729.0,94.8224,비행대대 조종사 적정 편제 및 대체 인력 운영 연구,국군재정관리단
해안감시레이더-Ⅱ 사업분석,국군재정관리단,13236282.0,86.7568,2018-02-20,주식회사 엘씨케이테크놀로지스,조미옥,전호영,충청북도 청주시 서원구 남이면 남석로326,107824776.0,,조사분석 라이선스 구매,중앙행정기관
공중 무인무기체계 표준화 방안 연구,국군재정관리단,75941555.0,,2016-01-06,(사)한국위기관리연구소,이형화,박계향,"서울특별시 금천구 가산디지털2로184, 10층 1017호(가산동, 벽산디지털밸리2차)",102527404.0,,영평사격장 이전 가능성 연구,합동참모본부
여군 피복장구류 개선방안에 대한 연구,공군작사근무지원단,28558640.0,80.7774,2021-03-09,한서대학교 산학협력단,김대웅,최광호,대전광역시 동구 대학로62-0 (용운동),187874752.0,,군급식조달체계변화에따른적정급식비산출에대한연구,국군재정관리단
23 군의료 특성화 연구(접경지역 외상환자 예후 분석),제7군단,28692817.0,82.458,2016-04-07,법무법인(유한) 대륙아주,최재성,양희성,"서울특별시 중구 동호로7길41, 2층(신당동)",151699781.0,79.9318,무인비행체계의 공격 방어체계 정립 연구용역,국군재정관리단
FF급 함정 손상대응 훈련 시나리오 개발 연구,국군재정관리단,41774992.0,95.0696,2017-03-05,은성세미,김보명,이재평,"서울특별시 용산구 청파로 40, 삼구빌딩 1815호(한강로3가)",,,(246311-E) 분석용 고성능 PC등 2품목 (리스자산),국군재정관리단
정밀측정장비(스펙트럼분석기) 구매,국군재정관리단,129378986.0,88.8953,2017-10-27,경안이엔지(주),이창훈,이재관,"서울특별시 종로구 홍지문2길20-0 (홍지동, 상명대학교)",114864379.0,,상층대기분석장비(전자모듈 등18종) 구매,중앙행정기관
계약 전 손실 보전제도(가칭) 도입 관련 연구,국군수도병원,11216873.0,,,한남대학교 산학협력단,신준호,박은정,"서울특별시 금천구 가산디지털2로34, 923호(가산동, G밸리 더리브 스마트타워)",50144793.0,,육군 핵심가치 실천수칙에 관한 연구 용역,제6619부대
TAURUS 총수명간 운영방안 연구,국군재정관리단,40836030.0,87.589,,경운대학교 산학협력단,최한철,양진,"경기도 성남시 분당구 탄천상로164, A동 2층 247호(구미동, 시그마2오피스텔)",97415152.0,84.7847,육군내 기술연구소 신설방안 연구 용역,제2879부대
표적획득 및 사격지휘체계 발전에 따른 포병효과 분석,국방부(운영지원과),35604088.0,,,주식회사 베테랑콤,최명진,공현철,"경기도 화성시 동탄기흥로593-8 (영천동, 우정바이오 신약클러스터)",,,0000 00 체계 분석 자재 구매,중앙행정기관
군 범죄피해자 보호·지원을 위한 정책 연구,공군군수사령부,41346431.0,63.7601,2020-11-30,(재)주택산업연구원,정운찬,박계향,"서울특별시 금천구 가마산로96, 1510호 (가산동, 대륭테크노타운8)",,87.4442,잠수함 지휘통신체계 경미한 성능개량 사업분석,중앙행정기관
방위력개선사업에 K-RMF 적용을 위한 방안연구,국군의무사령부,,65.0154,2021-04-25,한국과학기술원,박종석,김하근,울산광역시 남구 갈밭로11-0 (삼산동),100075931.0,,20년 수송기술병참선 제원 연구용역,국군재정관리단
군사용 인공지능 적용을 위한 법ㆍ제도 개정소요 연구,육군공병학교,38995502.0,,2016-05-17,삼성서울병원,김보영,김경섭,"서울특별시 종로구 율곡로17길7-38, 수지빌딩 7층(이화동)",,87.8579,해병대 정체성 향상 프로그램 개발 연구 용역,군
CH/HH-47D 성능개량 시설사업기본계획 연구용역,국군재정관리단,123282051.0,87.989,2022-07-24,해군사관학교 산학협력단,김윤혁,김정일,서울특별시 동작구 흑석로84 (흑석동),90964974.0,87.6637,23-N-유황분석기 구매,군
PBL 적용을 위한 성과지표/목표 연구,국군재정관리단,,,,명지대학교 산학협력단,박정기,박계향,서울특별시 관악구 관악로1 (신림동),96131218.0,,국제공동연구용역(1.한국-NATO안보ㆍ국방...),군
KCTC 교전훈련장비 선행연구 용역,육군본부,121563052.0,96.2564,2017-02-19,영화산업,정정모,양선희,"경기도 의왕시 오봉산단3로25, 1동 303호(삼동, 의왕테크노파크더리브비즈원)",,,4차 산업혁명 기술적용 연구용역,계룡대근무지원단
21-해-성분분석기 구매,국군재정관리단,,88.0594,2023-10-01,아이티 월드,전남국,정태량,경상북도 영천시 고경면 호국로495-0,1434634293.0,,안보학술진흥연구용역(1.국가안보문제에관한이론),종합보급창
20-주파수편이용 분석기 구매,제9691부대,31467378.0,88.2264,2016-12-25,유더블유티,권선애,이강일,"경기도 고양시 덕양구 항공대학로76-0 (화전동, 한국항공대학교내)",,87.6586,국방정보화 정책평가 수행 및 발전방안 수립 연구,국군재정관리단
24-정보우세권  확보를 위한 정보력 강화방안 연구,공군사관학교,55230436.0,81.228,2016-03-29,광운대학교산학협력단,김상인,박재완,"서울특별시 서초구 신반포로311, 3층(잠원동, 신영빌딩)",57481013.0,87.7725,22-작전지휘시설 신축 분석평가 및 선행연구 용역,군
방위사업청 방산원가구조 개선에 관한 연구,공군군수사령부,,87.8127,2017-06-09,,,,,207695042.0,,F-15K/E-737 항공기 특성(RCS/IR Signature) 연구,중앙행정기관
무기거래조약에 따른 수출입통제 개선방안 연구,제9965부대,44223102.0,,2016-11-26,테크노빌리지 주식회사,임병조,김영수,경기도 구리시 갈매순환로166번길45 (갈매동) 구리갈매아너시티S811,,86.0954,회로카드 고장예측용 해석도구 활용방안 연구용역,국군재정관리단
스마트 항만기지 구축방안 연구 용역,국군화생방방호사령부,136320640.0,82.4184,2016-01-06,세종대학교산학협력단,이성로,추현아,경상남도 진주시 진양호로532-0 (동성동),88150772.0,,19년 지형분석장비 교체사업 리스,중앙행정기관
육군 안전수준 진단체계 연구,국군재정관리단,,87.5034,2020-05-28,(주)켐텍인스,신인균,강민,,189556338.0,87.3565,항-19-032 자동면역분석기 시약(HBsAg RGT)등 112종,군
진동분석시험장비 진동감지센서 등 16종 구매,방위사업청(운영지원과),,87.7566,,,,,,86033644.0,91.7238,군 지휘통신체계 유지보수 발전방안 연구용역,중앙행정기관
오폐수처리시설 기술제안서 평가기준 정립 연구용역,제9691부대,,,2020-04-09,(주)정산,박수연,,,,87.5673,21년 전투발전 연구용역(3),국군재정관리단
(21F093-K)'22년~'23년 작전지속지원분석모델유지보수,국방부(운영지원과),,87.7337,2017-09-27,명지대학교 산학협력단,윤영현,최성숙,경기도 의왕시 오봉산단3로25 (삼동) 의왕테크노파크 더리브비즈원 1동1528호,653041743.0,87.65,정밀측정장비(스펙트럼분석기 등 4종) 구매,중앙행정기관
미래전장환경을 고려한 화력전력 대체방안 연구용역,국방부,,84.961,2017-02-17,씨오(CO)산업,맹주수,김정은,"서울특별시 강서구 양천로401 (가양동), B동 801호",362364614.0,,화학위험물질 및 방사선 탐지  분석용 드론제조,중앙행정기관
21-해군분석모델 발전방안 연구,공군본부,23326368.0,87.9972,2016-07-21,,전건욱,방준성,"인천광역시 서구 건지로404, 207동 1501호(가좌동, 가좌한신휴플러스아파트)",217342441.0,86.2305,해병대 데이터 관리 및 활용 발전 방안 연구,합동참모본부
국방기술기획평가원 설립의 경제적 타당성 분석,해군군수사령부,19292818.0,,2021-07-30,,,오세형,"서울특별시 양천구 목동서로2길22-0 (목동, 목동청구아파트) 114동 1301호",163203205.0,87.5316,장보고-III Batch-I 잠수함 저주파분석 훈련장비,군
국방 해양안보정책 연구,국군재정관리단,155019802.0,95.1915,,주식회사 아이앤비,민광기,이우학,"서울특별시 강남구 테헤란로78길16, 6층 (대치동, 노벨빌딩)",91363939.0,,23년 전투실험발전 연구용역(2),중앙행정기관
(207146-F)디지털포렌식 분석장비 도입,육군보병학교,,97.1236,,만능유한회사,김창환,우수진,경기도 안양시 동안구 흥안대로445(평촌동) 제6층 615호 안양평촌동지식산업센터,71487112.0,,항-16-059 062 066 질량분석기 소모품 등 72종,중앙행정기관
4차 산업혁명 기술적용 연구용역,국군재정관리단,118990850.0,87.6719,,,정봉원,,"서울특별시 강남구 언주로527, 10층 (역삼동)",,87.3672,(247115-B) 연구활동재료 구매,국군재정관리단
EMP방호 개선방안 연구,국방부(운영지원과),9823650.0,,,주식회사 굿컨설팅그룹,전건욱,한달연,충청남도 논산시 양촌면 황산벌로1040,82917963.0,,침낭 품질개선 선행연구 용역,중앙행정기관
국방여군 70년사 편찬 연구,국방부(운영지원과),,58.1652,,(주)에프오알엠도시건축공간연구소,이재원,장명훈,"경기도 성남시 분당구 구미로8, 2층(구미동, 엠타워)",89802328.0,93.0408,예비전력 VISION 구현 방향 연구용역,군
자동전사시스템 연구 용역,국방부(운영지원과),10092557.0,,2020-09-28,한국과학기술원,이승모,조대현,경상남도 거제시 거제대로3370 (아주동),97355888.0,87.3866,[24-육-173] 영상분석 SW 라이선스 구매(리스물건),중앙행정기관
한국군의 곤충매개 감염질환 예방 전략 개발 연구용역,해군군수사령부,12066329.0,82.2133,,,최원창,정태량,"서울특별시 마포구 마포대로 12, 한신오피스텔(마포동)",60629425.0,88.3046,22-7차 연구장비 구매 계약 - 멸균소독기 소형,군
21년 연례 육군 리더십 수준 진단 연구용역,국군재정관리단,24931472.0,,2016-03-22,육군사관학교 산학협력단,전건욱,이미영,"서울특별시 강남구 테헤란로 142(역삼동, ARC PLACE) 7층",95992958.0,,과학화경계시스템 정비지원체계 운영분석 연구용역,중앙행정기관
공군 군수지원 분야 발전방향 연구 용역,국군제1068부대,,,,건양대학교 산학협력단,한대일,이화선,경기도 남양주시 진접읍 금강로1553-21 (신우아파트) 상가 112호,,,전인교육 설문지 개발 및 활용성 증대 방안 연구,국군재정관리단
CBRS 적용한 전투발전체계의 문제점 및 발전방향 연구,국방부(운영지원과),,86.609,,,,엄기숙,,108482487.0,87.5361,00사단 관사 이전사업 선행연구 용역,중앙행정기관
사례분석을 통한 對아세안 국방협력 발전방안 연구,제3707부대,,,2016-01-06,,황조연,박설희,경상남도 고성군 동해면 내산3길51-1,,87.5477,항공전력 도입을 고려한 효율적 운용방안 연구용역,기관
군의 드론봇 전투체계 발전방향 연구 용역,국군화생방방호사령부,,88.0539,2017-09-13,,최규식,김혜진,,113591186.0,,22년 의무장비(자동분석기 생화학용 중형) 구매,중앙행정기관
조종사 인사관리방안 연구용역,국군의무사령부,,93.712,,강원대학교산학협력단,이재숙,장지혜,"서울특별시 강남구 테헤란로306, 13층(역삼동, 카이트타워)",151197085.0,58.8259,000사업 핸드형 네트워크 분석기 구매,중앙행정기관
북한의 기뢰전 전술 분석 및 대응책 연구,공군본부,143167908.0,87.9618,,,유상지,박준용,울산광역시 북구 명촌18길8-1 (진장동),,87.5014,내부자 사이버위협 방어대책 연구용역,제2879부대
군급식조달체계변화에따른적정급식비산출에대한연구,국군재정관리단,5296743.0,87.9323,,주식회사 삼원산업,이근신,김영진,"서울특별시 강남구 테헤란로78길16, 6층 (대치동, 노벨빌딩)",,87.3586,공군 수송기 전력 최적화 방안 연구용역,중앙행정기관
AI기반 군집 UAV 해상작전 적용 가능성 연구용역,육군교육사령부,119845928.0,81.6317,2017-10-16,주식회사 모렌스,노희영,김재영,"인천광역시 서구 로봇랜드로155-11 (청라동), 5층 504호",,85.0458,군사작전 수행여건 정부개발계획 발전방향 연구,군
21 분석기 주파수편이용 1종 구매,국방부(운영지원과),,77.3179,,주식회사 엘씨케이테크놀로지스,최성숙,임영갑,"서울특별시 마포구 서강로136-0 (노고산동, 아이비타워) 5층",105342604.0,92.1904,‘22년 항공관제 분석체계 유지보수,중앙행정기관
인공기상조절 연구용역,4284부대,260390293.0,,,한국여성정책연구원,이용호,이종범,부산광역시 부산진구 동성로20 (전포동),139091236.0,,잠수함 지휘통신체계 경미한 성능개량 사업분석,제3707부대
의무시설 시설공사비 적정 편성 기준 연구,해군본부,108046349.0,59.9507,,동국대학교 WISE캠퍼스 산학협력단,정봉원,이한웅,"경기도 용인시 기흥구 기흥로58-1 (구갈동) 기흥ICT밸리 SK V1, A동 2406호",,87.7051,군의료 특성화 연구용역(말라리아 발생 예측연구),군
첨단 ICT 적용한 신규 C4I 연구용역,육군교육사령부,,,2021-07-30,사단법인 대한민국공군발전협회,허준석,박계향,"서울특별시 금천구 가마산로96-0, 213호(가산동, 대륭테크노타운8차)",76773753.0,87.546,헬기 보조동력장치 시험장비 개발 연구용역,중앙행정기관
자주도하장비 조종시뮬레이터 비용분석,국방부(운영지원과),156843646.0,87.6774,2021-01-07,주식회사 휴콤,박래호,양정승,서울특별시 구로구 디지털로34길55-0 (구로동),190488733.0,86.2947,국방 데이터 전략연구,중앙행정기관
북한의 기뢰전 전술 분석 및 대응책 연구,국군재정관리단,,,,사단법인 한국소음진동공학회,,남궁진,광주광역시 북구 첨단과기로123 (오룡동),83073394.0,87.7887,연구개발 부품[캐피시터등50종1655점 구매],국군재정관리단
인공기상조절 연구용역,제7016부대,142802146.0,98.2126,2022-12-11,동우씨엠 서청주지사,심상필,오윤정,"서울특별시 강서구 공항대로103 (마곡동, 마곡 엠밸리 9단지) 업무동시설 507호",404960062.0,,K2전차 3차 양산 사업분석,제9691부대
조종사 피로관리 프로그램 개발 연구용역,공군사관학교,,94.4061,2020-07-14,사단법인 안보경영연구원,최진식,,경기도 광주시 중앙로320-40 (송정동),,85.2819,다락대훈련장 간이 갈등영향분석 연구용역(C037),군
의무장비(생화학자동분석기 등 2종) 구매(17-207),방위사업청,,58.9013,2019-01-27,주식회사 엘티에스,최성만,지민이,"서울특별시 용산구 청파로 40, 삼구빌딩 1815호(한강로3가)",,87.466,철근콘크리트 방폭문 파괴거동분석 및 실증실험 연구,중앙행정기관
2020년 범국민 안보의식조사 연구 용역,국군재정관리단,,87.6853,2016-01-06,주식회사 파이안,,장재필,부산광역시 사하구 장평로 245(),,87.2838,군사시설 타운화 개념의 부대 재배치 방안 연구,중앙행정기관
(20G060-A)IP교환기및국방보안조사분석시스템금융리스,국군재정관리단,23667440.0,87.9991,,주식회사 나비시스템,김정희,황성환,서울특별시 마포구 백범로35-0 (신수동),,87.6621,(207143-H)취약점 분석장비 구매,국군재정관리단
국방안전관리정보체계 최적 구축방안 연구,국군재정관리단,,64.4961,2016-01-08,,한수희,이기영,"경상남도 창원시 성산구 완암로50-0, 메카동 813호(성산동, SK테크노파크)",180544299.0,,감염 및 외상분야 군의료 특성화 연구용역,중앙행정기관
최신 ICT를 적용한 국방컴퓨터체계 운용 방안 연구,육군인사사령부,,72.1452,,(주)씨앤씨솔루션,김건희,최성숙,"경기도 안양시 만안구 만안로49,1303호(안양동, 호정타워)",,61.5309,지뢰 등의 탐지·제거 민간대행에 관한 연구,국군수도병원
19년 분석용모델(3종) 유지보수(2018F125-G),제7군단,46347638.0,,2020-04-27,(주)한일종합상사,박영선,송포,"서울특별시 용산구 청파로 40, 삼구빌딩 1815호(한강로3가)",71691546.0,85.7239,소형드론용 지능형 영상분석기술 연구/시연 용역,국군재정관리단
20~21년 작전지속지원분석모델 유지보수(2019F172-G),육군 제3808부대,3695506.0,,2021-11-24,주식회사 미주씨앤디,전건욱,황병윤,"경기도 성남시 수정구 위례대로83(창곡동, 국방문화센터)",86138578.0,93.4984,자동 00분석 지원체계 구축(20197115-H),중앙행정기관
19-적정 승조원 소요인원 정량화 방안 연구,공군사관학교,69648108.0,,2021-05-08,광운대학교산학협력단,권현한,임혜영,"서울특별시 종로구 삼봉로81-0 (수송동, 두산위브파빌리온) 1137호",50575537.0,88.8739,오일분광분석장비 유지보수,군
특수작전용 유탄발사기사업 선행연구,국방부유해발굴감식단,128849818.0,90.1939,2020-07-16,주식회사 케이제이,김효근,김우중,서울특별시 강남구 테헤란로77길11-19 (삼성동) EAN빌딩,55061932.0,88.338,복합무기체계 시험평가 제도개선에 관한 연구,중앙행정기관
(227239-B) 악성코드 수집분석체계 라이선스 구매,육군본부,47309885.0,87.705,2020-12-23,에스앤에스이앤지 주식회사,김진욱,서호성,"서울특별시 송파구 법원로9길26, D동 1104호(문정동, H-비즈니스파크)",112515445.0,91.9016,20-PKMR엔진 PBL 비용대효과분석 및 성과지표 연구,중앙행정기관
특수작전용 유탄발사기사업 선행연구,육군본부,,89.5435,2023-01-15,성균관대학교 산학협력단,최광열,황성환,"서울특별시 금천구 가산디지털2로184, 10층 1017호(가산동, 벽산디지털밸리2차)",,,함대함유도탄-II 사업분석,중앙행정기관
(247115-B) 연구활동재료 구매,국군재정관리단,,88.002,2022-10-02,세종대학교산학협력단,박정기,김영삼,"경기도 성남시 분당구 판교로 255(삼평동, 판교 이노밸리 이동 403호 601호)",66968202.0,,해상종합전술훈련장 체계구축 사업 개념 연구,중앙행정기관
전탐감시대 감시장비 원격통합감시체계 구축 연구,방위사업청(운영지원과),,54.0841,2017-03-03,한성대학교 산학협력단,정희석,허정성,"경기도 성남시 수정구 복정로84번길 22-15,(B-001호) (복정동)",117394683.0,87.2691,미래 한국군 통합사이버전 수행방안 연구,중앙행정기관
한국형전투기를 위한 무장선정 최적화방안 연구용역,제9691부대,,87.701,2017-03-02,주식회사 도화엔지니어링,정관용,송유근,인천광역시 연수구 송도미래로30-0 (송도동) C동 1315,186435271.0,,[24-육-18] C군지사 부대변천사 연구용역,국군재정관리단
상륙공격헬기 체계운용요구 및 PBL 적용방안 연구용역,국군재정관리단,117588011.0,88.1887,,해군사관학교 산학협력단,김덕화,최미정,경기도 남양주시 진접읍 금강로1553-21 (신우아파트) 상가 112호,175366691.0,87.1731,(20F168-I)00부대 부대개편 시설사업 선행연구 용역,군
00국가 해커추적 및 정보수집방안 연구,국군재정관리단,118522111.0,96.4609,,사단법인 안보경영연구원,이도형,박동순,"경기도 성남시 수정구 청계산로686 (고등동), 반도아이비밸리 424호",,87.4357,해병대 데이터 관리 및 활용 발전 방안 연구,중앙행정기관
2.75인치 유도로켓(비궁) PBL 적용 방안 연구용역,제9691부대,,94.6791,2023-03-08,서강대학교산학협력단,권시형,이우학,"서울특별시 서초구 효령로230-0 (서초동, 승정빌딩)",,86.2663,00부대 EMP 보호시설 구축 선행연구 용역,중앙행정기관
입체영상 처리 및 분석장비 구매,제9965부대,302102532.0,,2020-05-27,(주)코어시큐리티,윤미경,이태영,"경상남도 창원시 마산회원구 자유무역3길208, 3층 301호(양덕동,혁신지원센터)",46851174.0,86.072,연구개발 부품[캐피시터등50종1655점 구매],국군재정관리단
24년 전반기 육군 정책연구 과제 연구용역,방위사업청,,87.7859,2022-05-18,주식회사 공공정책성과평가연구원,강인용,금재호,충청북도 청주시서원구 성화동599번지 3층,,87.4154,한국군 전술데이터링크 표준화 및 발전방안 연구 용역,국군재정관리단
00부대 정보체계 취약점 분석 시스템 구매,육군교육사령부,,,2018-01-25,(주)다올씨앤씨,김근우,전희수,서울특별시 양천구 목동중앙로13나길3,,87.4203,(20F058-A)소음영양도작성을위한소음측정및분석용역,군
빅데이터 분석서버 증설 사업(GPU SSD 메모리)-리스,제20전투비행단,156712112.0,87.8564,2016-03-04,사단법인 안보경영연구원,김건희,이수행,경상북도 상주시 화서면 봉촌1길75-0,168440438.0,,패트리어트 유도탄수명 고려한 효과적 확보 방안 연구,중앙행정기관
방산소재 개발사업 기획 및 인증체계 구축 연구,공군본부,134184648.0,93.0078,2022-08-22,주식회사 엔브이티,이영진,권시형,충청남도 계룡시 두마면 두계리116 계룡대림이-편한세상 109-902,,87.3883,’19년 디지털 포렌식 분석장비 교체(20197105-A),중앙행정기관
24년 기술연구용역(3),국군재정관리단,11353675.0,,,(주)한일,김은기,전아영,대전광역시 유성구 대학로291-0 (구성동),99227099.0,85.5894,장보고-III Batch-I 잠수함 저주파분석 훈련장비,군
해상감시레이더-II 양산사업 비용분석,국방부(운영지원과),114051570.0,88.1726,2022-12-20,주식회사 콘텐츠펙토리상상역,전건욱,김용오,"경기도 성남시 수정구 복정로84번길 22-15,(B-001호) (복정동)",,92.1485,기술연구 환경구축 PC사업,중앙행정기관
해무극복용 영상감시체계 선행연구용역,국군재정관리단,22139489.0,,2022-07-07,고려대학교산학협력단,김운용,박병희,"대전광역시 유성구 자운로157번길132, 912동 102호 (신봉동, 자운대아파트9단지)",,,융합형 신개념기술시범(ACTD) 제도 정립방안 연구,중앙행정기관
전투실험 설계 및 결과 분석 방법 연구용역,육군본부,,93.1569,2022-11-14,단국대학교 산학협력단,박홍련,,,209188578.0,87.3629,동편활주로 재포장사업 선행연구 용역,중앙행정기관
사단 간부숙소 신축 선행연구 용역,국군재정관리단,32601949.0,90.9699,2023-03-17,(주)하이엠디,최철욱,권시형,"경기도 용인시 수지구 죽전로 152, 단국대학교내(죽전동)",97960953.0,85.3871,국방특허 권리이전 업무를 위한 특허 권리분석(1차),국군재정관리단
우수 과학기술 인재의 국방(군) 분야 활용방안 연구,제9691부대,121848893.0,,,사단법인 한국방위사업연구원,박호,윤영현,경기도 의정부시 녹양로18번길19-11 (가능동) 지층1호,385521739.0,81.6077,주요 군사시설의 방호설계 기준 개정 연구용역,4284부대
00부대 지형분석장비(워크스테이션) 구매(20197163-B),국군재정관리단,105267358.0,90.1847,2016-01-06,에스엠테크(SM TECH),변중무,,"서울특별시 강남구 언주로527, 10층 (역삼동)",91048320.0,,21년 의무장비(혈액가스 분석기 중형) 구매,군
정보분석장비 30종 구매(20196314-D),공군제7항공통신전대,,81.5329,,대륙씨엠아이 주식회사,홍문기,김소연,대전광역시 중구 계룡로781 (용두동) 1층,42121174.0,,X-RAY 형광분석기 구매,기관
차륜형지휘소용차량 시설사업기본계획 연구용역,국군재정관리단,69266977.0,,2017-02-05,해군사관학교 산학협력단,,최소영,"인천광역시 서구 보듬로158, 공존11층 1131호(오류동, 블루텍)",119072504.0,87.388,우수 상용품 시범사용 실태분석 및 개선방안 용역,중앙행정기관
상륙돌격장갑차 수명유지를 위한 방안 연구용역,방위사업청(운영지원과),,63.0756,2016-02-12,,박온서,심지민,충청남도 논산시 양촌면 황산벌로1040,,84.8655,관제레이더 장애징후분석 및 원격감시체계구축,군
KUH-1 헬기 견인장치 안전센서 개발 연구용역,국방부(운영지원과),30935328.0,88.028,2021-08-15,사단법인 안보경영연구원,송상의,김하근,서울특별시 관악구 관악로1 (신림동),,87.596,전원품질 분석기 구매,군
소화기 소음기 선행연구 용역,공군군수사령부,119899088.0,87.986,,(사)21세기군사연구소,,정아름,,,87.3763,20-PKMR엔진 PBL 비용대효과분석 및 성과지표 연구,국군재정관리단
국방표준화 개발을 위한 협력기관 지정 활용방안 연구,국군재정관리단,,,2016-03-08,한국환경설계(주),권민정,전희수,경기도 안양시 동안구 흥안대로445(평촌동) 제6층 615호 안양평촌동지식산업센터,78444014.0,87.7121,국방 데이터 관리체계 수립 연구,제9691부대
영상판독사 자격신설 연구,국방부(운영지원과),,87.6749,2020-05-18,고신대학교 산학협력단,김진욱,조희정,"서울특별시 영등포구 경인로775, 2동 1201-17호(문래동3가, 에이스하이테크시티)",,85.2805,(217278-E)IoT 연구환경 구축,국군재정관리단
지능형 전군 악성코드 수집분석체계 구축 금융리스,공군교육사령부,132803768.0,,,엘아이지넥스원주식회사,김학범,방윤지,"서울특별시 서초구 신반포로303, 101호 (잠원동, 에스엘빌딩)",176483008.0,84.8105,군사사 연구총서1차/2차세계대전관련연구용역(과제2),종합보급창
(226154-E) 차륜정비장비(분석기 차량엔진용) 구매,공군군수사령부,11626153.0,,2020-03-26,사단법인 안보경영연구원,류장수,이도제,"경기도 안양시 동안구 관평로138번길24-0 106호 (평촌동, 초원아파트 상가동)",,91.76,민군 상생을 위한 훈련장 최적환 관리방안 연구,군
국방 데이터 관리체계 수립 연구,국방대학교,,87.9251,,주식회사 이음,오진성,박수연,서울특별시 강남구 일원로81-0 (일원동),200098003.0,87.8063,[24-육-16] A군단 부대변천사 연구용역,제2879부대
(237097-E) 연구활동재료(시약) 구매,국군재정관리단,34682164.0,62.2082,2018-04-20,네이버시스템 주식회사,최명진,김미숙,서울특별시 강서구 양천로401-0 (가양동) 강서한강자이 A-704,,92.7218,복합재 내부결함 위험도 평가방법 연구개발,중앙행정기관
(20F169-A)지형분석장비 교체사업 등 17건 금융리스,국방부(운영지원과),9749456.0,,2020-07-27,(주)디아이엔티,김진욱,이지유,대전광역시 동구 옻밭5길159-0 (판암동),186183712.0,93.4305,17-방공관제사-94 보급수송과 스펙트럼 분석기/3품목,중앙행정기관
지상무인차량사업 종합평가 추진 시 평가방안 연구,제2879부대,31207194.0,88.4744,,해성사,차지환,이향천,"경기도 안양시 만안구 만안로49, 519호(안양동, 호정타워)",468686910.0,95.9452,[24-육-16] A군단 부대변천사 연구용역,중앙행정기관
전투실험 발전 과제 연구용역(1),공군제7항공통신전대,,82.8174,,(사)한국산업기술보호협회,오문진,김희주,"서울특별시 마포구 월드컵북로501-0 (상암동, 상암월드컵파크9단지)904동1005호",79200426.0,,23-D-종합발전수립 연구용역(B032),제2062부대
민수용 드론의 비행기지 작전지원 활용방안 연구,국군재정관리단,,,,엘아이지넥스원주식회사,경상현,,"경기도 안양시 동안구 시민대로387  A동 1201-1호(관양동,디지털엠파이어)",95166152.0,92.6496,상륙공격헬기 체계운용요구 및 PBL 적용방안 연구용역,중앙행정기관
22년 전투발전 연구용역 과제 세미나 수행 용역(5),드론작전사령부,,73.2039,,엠에스동민특수가스(주),박종선,박계향,경기도 김포시 양촌읍 대곶남로580번길38-0,461249375.0,,(217044-B) 21년 의무장비(요분석기) 구매,중앙행정기관
(상생협력실)갈등영향분석 연구용역(C013),국방부(운영지원과),135677888.0,72.7045,,주식회사 한국사업관리연구원,윤철지,문영옥,"경상남도 창원시 성산구 완암로50-0, 메카동 813호(성산동, SK테크노파크)",134882713.0,67.6902,군 지역 유무인기 통합운용 안정성 연구 용역,국군재정관리단
군인연금 수급요건 및 분할연금 도입 연구,공군군수사령부,23114090.0,62.4327,2020-04-14,주식회사 대경코리아,배홍기,김남희,제주특별자치도 제주시 애월읍 광상로26-0,46297214.0,87.9278,분석기  입자크기용 구매,국군재정관리단
정보역량 강화 연구용역,제9691부대,55133698.0,,2022-09-14,사단법인 안보경영연구원,,정영숙,"경기도 고양시 일산동구 백마로223, 431호(장항동, 현대에뜨레보)",542184667.0,87.5159,함정 연구개발 군 요구조건 관리방안 연구용역,국군재정관리단
2020년 군 조직의 양성평등 지표 조사 및 분석 연구,국방부조사본부,132026238.0,,2021-04-13,(사)한국전략문제연구소,김윤혁,조종열,"서울특별시 강남구 언주로527, 10층 (역삼동)",65772492.0,87.5581,22-공군 기후예측 및 기후변화 시나리오 연구용역,중앙행정기관
항-19-082 자동면역분석기 시약 등 27종,국군재정관리단,27075959.0,,2020-12-10,(주)다올씨앤씨,박상욱,정봉원,,195883867.0,,미래 예비전력 역할과 적정규모 편성 연구용역,군
미래 우주전장 분석 및 공군 우주전략 수립 연구용역,제6619부대,36698525.0,87.4721,2016-01-06,주식회사 바른프린테크,전건욱,이도제,"서울특별시 송파구 법원로11길25-0, A동 1310호(문정동, 에이치비즈니스파크)",110145133.0,,소규모 정보체계 개발방법론 연구,중앙행정기관
21년 전투발전 연구용역(2),국군재정관리단,,88.1546,2018-04-21,동진상사,,이재동,경기도 오산시 삼미로47번길81-12 (내삼미동),198284793.0,,유도무기 적정 수리부속 보유량 산출 연구 용역,제9691부대
퍼징기반의 국방 무기체계 SW 안전성 향상방안 연구,육군본부,56184352.0,57.7864,,사단법인 대한군상담학회,김한용,박호,경상남도 창원시 진해구 웅동로162-0,75787284.0,87.614,(연구소) 감정재료 구매,국군재정관리단
23년 군 주거시설 개선사업 선행연구 용역,국군복지단,46808567.0,88.1085,,주식회사 베테랑콤,김근우,김지현,"서울특별시 성동구 성수이로22길37, 803호(성수동2가, 아크밸리)",,,전자전기 확보 및 효율적 운용방안 연구,국군재정관리단
22-해-AI 빅데이터 분석 개발용 학습 플랫폼 구축,제2879부대,,,2017-08-11,동성켐텍,한대일,이형민,,188290988.0,87.304,항공작전기지 계류공간의 효육적 활용방안 표본연구,중앙행정기관
기동화 지능화된 네트워크 전투체계 연구용역,국군재정관리단,132049787.0,87.7935,2020-09-05,주식회사 공공정책성과평가연구원,김주희,,"서울특별시 금천구 가산디지털2로184, 10층 1017호(가산동, 벽산디지털밸리2차)",219589532.0,,주요 선진국의 획득제도 사례분석을 통한 시사점 연구,합동참모본부
한국형 공지기동부대 작전수행개념 연구용역,공군군수사령부,140634044.0,79.9087,2017-06-24,국방대학교산학협력단,,,,,87.4236,창조국방 추진을 위한 창의적 문화조성 방안 연구,중앙행정기관
국방시설 전력소비 수용률 기준 연구용역,국군재정관리단,276855221.0,94.2078,2018-02-03,(사단) 한국정치학회,정봉원,이은경,경상남도 거제시 거제대로3370 (아주동),85853245.0,92.5138,24~'25년 상층대기분석장비 유지보수,중앙행정기관
김해기지 항공교통관제 운영 개선방안 연구용역,육군본부,,,,주식회사 제니컨벤션,김도현,조성호,경기도 김포시 대곶면 송마로52번길61-66,60583270.0,,병영환경 및 상담대상자 특성과 연계한 상담기법 연구,기관
작전지휘시설 신축 선행연구용역,공군군수사령부,,87.5673,2022-05-31,(재)한국정보통신산업연구원,,김영삼,,202036652.0,,23-D-감정장비(액체질량분석기) 구매(2310036-F) ,국군재정관리단
정기기초연구과제연구용역(4.국방우주학의이론..),수도방위사령부,59451312.0,,,서울과학기술대학교 산학협력단,,김석용,"서울특별시 구로구 경인로53가길10, 5층 507호(구로동, 구로 대명벨리온 지식산업센터)",82281544.0,79.9289,차륜형지휘소용차량 시설사업기본계획 연구용역,제9691부대
미래환경 변화 속 육군 병과체계 발전 방안 연구 용역,공군본부,0.0,79.0904,,주식회사 이엠텍아이엔씨,윤영현,구종우,"충청북도 청주시 서원구 충대로1-0 (개신동, 충북대학교)",197763618.0,86.3368,기동화 지능화된 네트워크 전투체계 연구용역,군
00사업 선행연구용역,방위사업청,1187473516.0,89.7298,2018-01-27,대광산업,이정화,이창환,충청북도 청주시 서원구 남이면 양촌2길10-1,,94.3771,마린온 정비지원체계 방안 연구용역,국군재정관리단
최신함정 적정부하율 산정기법 연구 용역,방위사업청(운영지원과),,,,(주)심네트,이기성,김예섭,"충청북도 청주시 흥덕구 흥덕로151-0 (운천동, 지하1층)",947721725.0,88.4103,19-추진기 CIS 분석/평가방안 정립 연구,제7군단
전력지원체계 연구개발 기술수준 조사 및 평가 용역,국방통합데이터센터,26929804.0,79.6116,,(주)디아이엔티,이형화,박계향,"서울특별시 강서구 공항대로51길17-0 1,2층 (등촌동)",,,스마트 항만기지 구축방안 연구 용역,기관
76mm 함포 약실 정밀검사용 장비개발 연구용역,국군재정관리단,,88.0477,,주식회사 유토비즈,유재웅,,,212265906.0,87.4059,(247192-C) 유전자감정장비(자동염기서열분석기) 구매,중앙행정기관
24-성남시 고도제한 완화요구 공공갈등 관리방안 연구,육군본부,,88.2811,2020-11-05,재단법인 에프아이티아이시험연구원,류황건,주인웅,"세종특별자치시  조치원읍 번영1길46, 301호, 302호",87091304.0,,함정 설계 건조 기준 및 함정규칙 정립 연구 용역,국군대전병원
장병 스트레스평정체계 개선 연구용역 계약,국방부군사편찬연구소,22745936.0,87.3633,2017-12-31,유한회사 갈등조정센터,채규수,장철호,서울특별시 금천구 벚꽃로244-0 (가산동)810호 벽산디지털밸리5차,,,18-회로망용 분석기 등 8종 구매,중앙행정기관
17년 EMP 방호 성능유지 향상방안 연구용역,제20전투비행단,19418288.0,87.9898,,주식회사 삼원산업,,김지혜,,,,어뢰이송 및 저장체계 비상작동 조종장치 연구용역,국군재정관리단
군사력건설을위한 미래국방정책 및 합동작전개념연구,국방부(운영지원과),313026581.0,90.3311,,,김태호,김소미,"경기도 화성시 동탄기흥로593-8 (영천동, 우정바이오 신약클러스터)",80971530.0,,K200A1장갑차 시뮬레이터 연구개발,중앙행정기관
2.75인치 유도로켓 창정비 개발 사업추진 연구용역,공군제17전투비행단,,,,주식회사 비씨디이엔씨,장우영,최은수,"부산광역시 해운대구 센텀북대로60, 915호",163396402.0,88.1763,적외선차폐연막통(연막제) 유해성 입증시험 연구용역,중앙행정기관
지형분석용 드론 제조,4284부대,28759404.0,,,주식회사 엘씨케이테크놀로지스,김국동,김현철,서울특별시 동작구 여의대방로36길92(대방동),,93.2757,네트워크 시험평가용 M&S체계 활용 발전방안 연구,중앙행정기관
군 급식 민간위탁 시범사업 성과분석 연구,국방부(운영지원과),60990949.0,87.3701,,,김진욱,김지훈,"서울특별시 강남구 언주로527, 10층 (역삼동)",,84.344,원격탐사체계 중·장기 발전계획 기반연구,중앙행정기관
우주 무기체계의 최적 보험 가입 방안 연구,국방전산정보원,13370689.0,,,주식회사백운,,채희연,"서울특별시 강남구 언주로319, 5층,6층(역삼동,조우회관)",143650093.0,87.9924,우수 과학기술 인재의 국방(군) 분야 활용방안 연구,제7821부대
군사용 인공지능 적용을 위한 법ㆍ제도 개정소요 연구,국군화생방방호사령부,119466502.0,65.9379,2018-07-24,엘아이지넥스원주식회사,김수상,주정만,"서울특별시 마포구 마포대로109 (공덕동, 롯데캐슬 프레지던트) 101동 2102호",75440094.0,,추진장약 안정제 분석시험용 재료 구매,국군복지단
19년 작전계획분석모델 장비교체사업(20198065-E),육군본부,43098042.0,88.2482,2017-05-25,(사)21세기군사연구소,권오성,하성훈,"서울특별시 강남구 역삼로17길57, 그랜드빌딩 B1층 (역삼동)",,,소형공격드론 사업분석 용역,국군재정관리단
해병대 리더십 역량 진단 시스템 개발 연구,한미연합군사령부,,95.1065,2018-11-04,우석대학교 산학협력단,최종규,,"경기도 시흥시 서울대학로173(정왕동, 서울대 시흥캠퍼스)",,86.3485,차세대 전투차량 발전방안 연구 용역,중앙행정기관
철근콘크리트 방폭문 파괴거동분석 및 실증실험 연구,국군화생방방호사령부,,88.1355,2021-08-06,고려대학교산학협력단,최영상,양정학,"서울특별시 금천구 서부샛길632-0 (가산동, 대륭테크노타운5)",624376599.0,,상륙기동헬기 성능개량 소요 분석 연구용역,제9691부대
유도무기 신뢰수준 및 시험사격 적정수량 연구,4284부대,30237784.0,92.6465,,(사)한국전략문제연구소,김민균,주현도,충청남도 계룡시 서금암3길16-3 (금암동) 101호,86485077.0,87.6486,항공관제 분석체계(HW SW) 유지보수,군
분석기  입자크기용 구매,국군재정관리단,133414453.0,88.0254,,(주)다남정보통신,박종진,기민경,경상남도 창원시 마산회원구 삼호로38-0 (양덕동),175455613.0,85.9953,(20F169-A)지형분석장비 교체사업 등 17건 금융리스,중앙행정기관
내부피폭선량분석셋(삼중수소 전처리장비셋) 구매,국방부(운영지원과),5331798.0,87.7703,2020-04-21,,,,"서울특별시 강남구 테헤란로317(역삼동, 동훈타워 7,11,12,13층)",,87.5384,의료기재(금연구역 표지판 등 85종)구매,중앙행정기관
35사단 동원훈련장 생활관 시설사업 선행연구 용역,국방부(운영지원과),117225386.0,,,나우통상,박미경,이성표,"서울특별시 영등포구 63로 32, 라이프콤비빌딩702호(여의도동)",,87.5534,CH-47D 후방도어 실린더 정비기술 개발 연구용역,중앙행정기관
ㅇㅇ분석 대응활동장비 구매,국군수도병원,145685329.0,88.2652,,(사)국방소프트웨어협회,류황건,박유정,부산광역시 부산진구 동성로20 (전포동),,,PBL 적용을 위한 성과지표/목표 연구,제6619부대
특수작전용대형기동헬기 기종결정 평가방안 연구,국군의무사령부,12586434.0,66.6265,2018-03-02,한국해양과학기술원,김완일,박성철,서울특별시 금천구 가산디지털2로123-0 (가산동) 월드메르디앙벤처센터 2차 317호,96490400.0,87.4357,상호운용성성공요인분석을 통한 평가업무발전방안연구,제9691부대
계엄의 민주적 통제방안을 위한 법 제도 연구,국군재정관리단,133715776.0,84.7577,2016-08-08,한국지식재산연구원,박종재,,"경상남도 창원시 성산구 완암로50-0, 메카동 813호(성산동, SK테크노파크)",85748687.0,87.5397,병리장비소모품(생화학자동분석기 등 69종) 구매,중앙행정기관
KAAV-Ⅱ운용요구서 구체화에 관한 연구용역,공군작사근무지원단,,88.4085,,법무법인 일현,이진형,김형민,"서울특별시 금천구 가산디지털2로184, 10층 1017호(가산동, 벽산디지털밸리2차)",,67.2008,국방연구시설·장비 종합관리 방안 연구,국군재정관리단
사이버 기술분석용 라이선스 구매,제5738부대,47513895.0,,2017-05-23,,,,"서울특별시 강남구 테헤란로64길13, 504호 (대치동, 선릉역 풍림아이원레몬)",219260357.0,87.3699,21년 공군 항공무장효과분석모델 통합유지보수 용역,4284부대
우주 무기체계 사업을 위한 계약적 보완 방안 연구,해군본부,143771253.0,87.7811,2022-04-03,주식회사 바른프린테크,김진원,김재현,"서울특별시 강남구 언주로527, 10층 (역삼동)",198269372.0,,연구활동 재료(시약 초자)361종 구매(20197096-E),국군재정관리단
공신력 확보를 위한 신규국제표준 적용방안 연구용역,국방대학교,,81.8731,2018-06-30,(주)에프오알엠도시건축공간연구소,민명복,김산회,,142761375.0,87.7675,차세대 전투차량 발전방안 연구 용역,국군재정관리단
4차 산업혁명 기술적용 연구용역,국군복지단,9798618.0,,2022-11-07,영화산업,박홍련,서혜진,"서울특별시 용산구 청파로 40, 삼구빌딩 1815호(한강로3가)",,94.1951,24-00부대 전력화 추진방안 정책연구용역,국군재정관리단
유전자감정장비(자동염기서열분석기)소모품 설치 납품,국군재정관리단,25440065.0,88.1653,2021-11-04,주식회사 엘씨케이테크놀로지스,임경진,정주영,"경기도 광명시 디지털로56-0 (철산동, 철산래미안자이)101-2801호",42869541.0,89.6493,4차 산업혁명 연계 군시설 관리체계 연구 용역,제2062부대
중금속가열분석기 1항목 구매(의무),국군재정관리단,31586300.0,,2016-01-06,(주)트리콤미디어,한만웅,조대현,"서울특별시 강남구 테헤란로309, 1118호 (역삼동, 삼성제일빌딩)",,,(237283-E) 혈액가스분석기 소형 구매,중앙행정기관
21-『에듀테크 기반 공군 학습플랫폼 재구축 연구』,국군의무사령부,166797007.0,,,청주대학교산학협력단,최진식,임경철,"경기도 성남시 수정구 위례대로83(창곡동, 국방문화센터)",,,LiDAR 기술의 4차 산업 적용방안 연구용역,합동참모본부
국군역사기념관(가칭) 건립사업 선행연구,국군재정관리단,50380462.0,,,사단법인 한국소음진동공학회,이재평,장원규,"서울특별시 강남구 언주로527, 10층 (역삼동)",,74.6508,23-N-사이버 침해사고 조사/분석체계 구축,국군재정관리단
부대활동 유형별 위험성 평가체계 연구용역,육군인사사령부,58152234.0,87.9847,2020-05-03,세종대학교산학협력단,임지연,양상원,"대전광역시 대덕구 대화로120, 7층 729,730호(대화동, 가온비즈타워)",77403129.0,,GPS 항재밍 성능점검 개선방향에 대한 연구,군
24-성남시 고도제한 완화요구 공공갈등 관리방안 연구,국군재정관리단,16057841.0,88.0109,,주식회사 보람정보통신,이희석,송지은,충청남도 논산시 양촌면 황산벌로1040,150939751.0,87.6331,통섭형 인재 육성을 위한 직무순환 방안 연구 용역,4284부대
신재생에너지 적용관련 군 에너지 정책방향 연구용역,제9691부대,,87.5824,,주식회사 온품,김동준,,,91472087.0,,10.군사과학정책연구(인공지능...),중앙행정기관
미래 해양강군 해군비전 2045개정 방향 연구,국방부(운영지원과),,94.267,,서울사이버대학교 산학협력단,이인형,안가영,서울특별시 서초구 사임당로32 (서초동) 재우빌딩 9층,66128946.0,85.5096,(216178-D)휴대용화학탐지장비(화학물질분석기) 구매,중앙행정기관
법무 계좌통신 분석시스템 구매,국방부(운영지원과),0.0,76.9227,2016-01-06,(주)트리콤미디어,정성윤,황병윤,대전광역시 유성구 테크노2로271-0 (탑립동),,,워리어 플랫폼 후속군수지원 방안 연구,국군재정관리단
화학작용제 자동분석기 MM-1 외주정비,국군재정관리단,,,2016-09-20,주식회사 비씨디이엔씨,박정기,서선숙,"서울특별시 종로구 홍지문2길20-0 (홍지동, 상명대학교)",74042608.0,87.546,0000 00 체계 분석 자재 구매,국군재정관리단
20-PKMR엔진 PBL 비용대효과분석 및 성과지표 연구,국군재정관리단,,87.724,2016-03-18,주식회사 스펙트럼인사이트연구소,정의승,김다예,,,,소형무장헬기 양산사업 비용분석,중앙행정기관
00지역 실내공기질 개선 연구용역,국방부(운영지원과),30484259.0,88.314,,주식회사 윌비시스,,이효정,"경기도 용인시 처인구 명지로 116, 명지대학교(남동)",83360332.0,87.5722,군인연금수급자 사망률 개선 연구,중앙행정기관
스펙트럼용 분석기 구매,국군재정관리단,4820201.0,88.3427,2017-05-26,주식회사 비용관리연구원,남기출,김예나,부산광역시 영도구 해양로385-0 (동삼동),,,KCTC 교전훈련장비 선행연구 용역,제5019부대
민군 협력을 통한 상호가치 창출 활성화 방안 연구,공군군수사령부,,88.1924,2020-10-21,한국산업기술시험원,,,대전광역시 유성구 대학로 245한국과학기술정보연구원,91182556.0,84.0353,육군내 기술연구소 신설방안 연구 용역,군
법무 계좌통신 분석시스템 구매,국군수도병원,,67.3416,,주식회사 디.아이환경,김수상,문재성,서울특별시 서초구 서운로1길34-0 (서초동),247982264.0,95.125,예비전력 VISION 구현 방향 연구용역,합동상호운용성기술센터
시뮬레이터 소프트웨어 보안성 시험 방안 연구,국군복지단,294155150.0,66.1127,,은성세미,최경환,김용수,서울특별시 용산구 한강대로46길25-0 (한강로2가) 401호,412575228.0,87.7319,해양 무인무기체계별 효과도 분석 통한 전력소요 검증,국군재정관리단
정보분석장비 30종 구매(20196314-D),해군본부,25856615.0,,2022-09-20,법무법인 집현전,박정기,,서울특별시 서초구 서운로1길34-0 (서초동),196980230.0,91.9271,육군 NCS직무표준화 및 군내 활용방안 연구 용역,중앙행정기관
00작전 효과 및 능력 구축방안 연구 용역,공군본부,118518158.0,,2023-01-31,와이파이컴퍼니,김준식,김미옥,,119224601.0,87.3173,미래 지역예비군 최적화 방안 연구 용역,합동참모본부
안보학술진흥연구용역(3.국내안보환경분석또는),국군재정관리단,131211488.0,87.8196,2016-01-06,,김진욱,김원섭,전북특별자치도 정읍시 북면 북면공단2길87-0,181144378.0,,국방기술기획평가원 설립의 경제적 타당성 분석,중앙행정기관
차세대 인터넷쇼핑몰 구축 정보전략계획 연구용역,합동참모본부,111817027.0,87.9572,2017-10-19,,이영환,이상규,,196649056.0,87.395,미래 지역예비군 최적화 방안 연구 용역,합동참모본부
여군 피복장구류 개선방안에 대한 연구,육군군수사령부,,82.0219,2020-04-29,,전건욱,,"서울특별시 강남구 언주로527, 10층 (역삼동)",112664281.0,91.5741,22-7차 연구장비 구매 계약 - 멸균소독기 소형,군
육군 부사관학교 시설종합발전계획 연구용역,국군재정관리단,7861191.0,,,주식회사 에이치더블유,박재범,김태형,"서울특별시 금천구 가산디지털2로184, 10층 1017호(가산동, 벽산디지털밸리2차)",,84.5883,21-해양무인체계에 필요한 핵심기술 연구,국군재정관리단
방위력개선사업에 K-RMF 적용을 위한 방안연구,제9691부대,90085502.0,90.6045,,(주)디앤오종합건축사사무소,김태동,남혜정,"서울특별시 송파구 법원로11길25-0, A동 1310호(문정동, 에이치비즈니스파크)",50463689.0,84.5879,AI를 이용한 기상관측장비 고장예측 기술 선행연구,군
전투준비태세 평가체계 발전방향 연구,제2879부대,146425978.0,88.2634,,한남대학교 산학협력단,주현,최경환,대전광역시 동구 대전로889-4 (삼성동),,85.8825,스펙트럼분석기 등 5종 구매,중앙행정기관
24년 간부 파트너십 교육프로그램 개발 연구 용역,국군재정관리단,,,2022-12-06,대길상사,박정기,김다예,"서울특별시 강남구 테헤란로512, 10층(대치동, 신안빌딩)",88812269.0,,(20F083-I)소음영향도작성을위한소음측정및분석용역,중앙행정기관
민간 아웃소싱 시범사업을 위한 제도화 방안 연구,국군재정관리단,,79.2499,2017-11-25,에스앤에스이앤지 주식회사,전건욱,김동희,"서울특별시 금천구 가산디지털1로171, B208호(가산동, 가산 에스케이 브이원 센터)",,86.228,공군기지 작전환경을 고려한 무인기 운영방안 연구,국군재정관리단
BigData/VC를 활용한 무기체계 효과분석 연구,국군재정관리단,49204016.0,96.1831,2017-03-07,서울여자대학교 산학협력단,권시형,유관주,"서울특별시 금천구 가산디지털2로184, 10층 1017호(가산동, 벽산디지털밸리2차)",,,2019년 의무장비(요분석기) 구매-재투자,군
백두체계능력보강 2차 시설사업기본계획 연구용역,육군본부,54140228.0,,2020-05-26,주식회사엔지아이,서은진,임소망,울산광역시 남구 갈밭로11-0 (삼산동),,72.2852,19년 육군M&S센터 전문분석관 운용 용역(2019F014-I),제3697부대
상비병력 규모 최적 결정을 위한 제도 조합 방안 연구,제9691부대,,87.535,2020-05-04,사단법인 녹색삶지식원,임경진,고기종,서울특별시 노원구 화랑로574-0 (공릉동),,87.9219,(237345-F)기체크로마토그래피 질량분석기 구매,중앙행정기관
잠재적 미사일 위협대비 워게임 활용방안 등 연구,방위사업청(운영지원과),29010469.0,94.0009,,디엔씨오토메이션,홍명성,이재관,"경기도 남양주시 별내중앙로36-23, 1706호(별내동)",109652896.0,,17-1 상층대기분석장비(UAAS-10) 외주정비,중앙행정기관
대량탄약조립장 개선방안 연구,육군교육사령부,,88.0768,2021-07-10,주식회사 태양이엔지,김용주,임소망,부산광역시 강서구 대저중앙로341-0 (대저1동),102788713.0,85.7078,전투실험 연구용역,국군재정관리단
(217100-F)스마트폰앱 분석체계 구축,육군교육사령부,52586828.0,93.9139,,사단법인 안보경영연구원,김양훈,정주교,부산광역시 영도구 와치로194-0 (동삼동),,87.3337,중장비 수송차량 이동을 위한 도로능력 검증 연구용역,군
23-D-액체질량분석기 구매(2310036-F),방위사업청(운영지원과),110648083.0,,,(사)한국전략문제연구소,엄현성,조동원,대전광역시 유성구 노은로170-0 (지족동) 스타시티빌딩 6층,62319461.0,87.799,19년 지형분석장비 교체사업 리스,국군재정관리단
추진장약 분석시험용 재료구매,국군재정관리단,51659862.0,,,해성사,박종재,탁승주,"경기도 광명시 양지로21-0 (일직동), 제유-플래닛티타워동 1301호(일직동,유-플래닛)",97515746.0,84.6435,상호운용성성공요인분석을 통한 평가업무발전방안연구,중앙행정기관
무인수상정 탑재운용 군 요구조건 도출 연구용역,국군재정관리단,,86.1276,2020-11-11,주식회사 태양이엔지,류황건,신호철,"서울특별시 영등포구 여의나루로67, 신송빌딩 703호",89606225.0,,군인연금관리공단 설립 필요성 등 검토를 위한 연구,군
해병대 데이터 관리 및 활용 발전 방안 연구,국군재정관리단,45806824.0,88.2042,2019-02-25,(주)엔코라인,변중무,심상필,"대전광역시 유성구 한밭대로138 (노은동, 노은노블레스) 201호",,86.8618,00기지 환경개선 사업 분석평가 및 선행연구 용역,중앙행정기관
잠수함용 예인정-ll 개념설계 기술지원 연구용역,제2307부대,133967669.0,88.3239,2020-04-01,주식회사 파이안,이정화,신명화,,81787894.0,87.5584,20-주파수편이용 분석기 구매,중앙행정기관
동원전력 내실화 방안 연구용역,국군재정관리단,122624087.0,,2021-03-20,주식회사 발렌베리,김은기,,"서울특별시 금천구 가산디지털1로19, 406호, 407호, 408호, 409호(가산동,대륭테크노타운18차)",85150421.0,87.4911,한국형 MDTF의 사단 적용방안 연구,중앙행정기관
의무장비(생화학자동분석기 등 2종) 구매(17-207),국군재정관리단,110052992.0,,2020-05-11,주식회사 이엠텍아이엔씨,김창관,원해나,"서울특별시 송파구 송파대로24길5-6 (가락동,1층)",,94.3145,21-해군분석모델 발전방안 연구,국군재정관리단
동시방위전략 구현을 위한 미래육군병과체계 발전연구,공군사관학교,359103971.0,88.177,,주식회사 더블유아이,박정주,김태훈,"서울특별시 중구 퇴계로213, 309-24호(충무로4가, 일흥빌딩)",,87.9307,전차 조준선 정렬 시스템 개발 연구용역,군
K1A1전차 성능개량 사업분석,제9691부대,140092610.0,94.1967,2022-02-17,마린전자상사,정주교,서혜진,"대전광역시 서구 도산로 485(탄방동, 4층)",120189099.0,87.6236,포병관측장비(TAS-1K)시험세트 분석장비 SW개선,군
24-해병-이동식 취약점 분석평가 도구(상용SW) 구매,국군재정관리단,51799090.0,,2020-04-12,주식회사 도화엔지니어링,김금자,박수진,"서울특별시 금천구 가마산로96, 1510호 (가산동, 대륭테크노타운8)",,,21년 차세대 첨단함정 건조가능성 검토 연구용역(ll),군
미래 지역예비군 최적화 방안 연구 용역,국군재정관리단,39346574.0,79.6558,2022-05-04,(사)21세기군사연구소,전건욱,박계향,"서울특별시 강남구 언주로319, 5층,6층(역삼동,조우회관)",,,K2전차 3차 양산 사업분석,기관
KAAV-Ⅱ운용요구서 구체화에 관한 연구용역,해군군수사령부,55975710.0,87.8891,,주식회사 안보기술연구원,김규형,엄기숙,"경기도 성남시 수정구 창업로54, LH기업성장센터 가동 609호",,84.6401,고속전투주정 시설사업기본계획 수립 연구용역,중앙행정기관
23년 성능개량 전파분석체계 도입사업,육군본부,122725572.0,90.1435,,재단법인 한국군사문제연구원,전건욱,문영옥,광주광역시 서구 양동로41번길21-9 (양동),,,국방전직교육원 조직진단 및 기능강화 방안연구,중앙행정기관
합동작전분석모델-Ⅱ 탐색개발,국군재정관리단,119580544.0,88.2116,2017-08-11,주식회사 한국사업관리연구원,김근우,원은정,"전라북도 군산시 임피면 호원대3길 64,",196135620.0,87.5458,국방컨벤션 발전방향 연구용역,국군재정관리단
인공지능을 적용한 군사드론의 체계 연구,특수전사령부,,,2020-05-22,HF테크,김상겸,노재란,경상남도 진주시 충의로10-0 (충무공동),179239465.0,79.7257,기술연구 환경구축 PC사업,군
의료기재(금연구역 표지판 등 85종)구매,공군본부,14738115.0,88.0347,,재단법인 한국군사문제연구원,전건욱,,,83324427.0,,19년 작전지속지원분석모델 유지보수(2018F124-G),군
(20F172-I)00부대 라돈저감방안 연구 용역,육군본부,,,2020-12-23,주식회사 휴먼씨엔씨,조명지,심동석,"서울특별시 강남구 영동대로602, 6층 E170호(삼성동)",42523770.0,,19년 항공관제 분석체계 유지보수 용역,중앙행정기관
사단 간부숙소 신축 선행연구 용역,공군군수사령부,134629228.0,87.6153,2020-09-05,,조미옥,,,206061974.0,87.2969,2019년 범국민 안보의식조사 연구 용역,국군재정관리단
중금속가열분석기 1항목 구매(의무),국군재정관리단,37713173.0,,2017-12-23,디와이아이앤씨주식회사,이우희,김중곤,"서울특별시 송파구 법원로11길25-0, A동 1310호(문정동, 에이치비즈니스파크)",190223711.0,87.458,생화학분석기(contro serum Level1 등) 구매,중앙행정기관
`23년 사단 작전지휘시설 신축사업 선행연구용역,국군의무사령부,,,,(사)21세기군사연구소,,추현아,"서울특별시 송파구 법원로9길26, D동 1104호(문정동, H-비즈니스파크)",,87.3274,지뢰 등의 탐지·제거 민간대행에 관한 연구,국군재정관리단
방탄물자 신뢰성 평가 개념 및 운영방안 연구,공군본부,,,,주식회사 한국건설경영기술원,,김채미,서울특별시 노원구 화랑로574-0 (공릉동),172061072.0,87.8549,국방기술조직을 활용한 함정 기술관리 방안 연구 용역,중앙행정기관
군 경계작전에 적합한 LED등기구 기준 정립 연구용역,육군본부,137985874.0,,2018-02-03,자주국방네트워크,노광현,이승원,"경기도 성남시 수정구 복정로84번길 22-15,(B-001호) (복정동)",,87.8853,법무 계좌통신 분석시스템 구매,국군재정관리단
어뢰이송 및 저장체계 비상작동 조종장치 연구용역,육군교육사령부,,94.6543,2017-10-15,주식회사 세랜텍,박장권,조희정,"경상남도 창원시 진해구 용원북로17번길15-0 (용원동, 가온빌 101호)",77885411.0,86.2705,한국형 공지기동부대 작전수행개념 연구용역,중앙행정기관
의료기재(금연구역 표지판 등 85종)구매,국방부(운영지원과),133164345.0,,,안전성평가솔루션 주식회사,권시형,배정원,"경기도 시흥시 목감남서로9-19 (조남동),601호 메이저타워",58379519.0,89.171,2019년도 방위산업기술 보호수준 분석 및 진단연구,중앙행정기관
00부대 정보체계 취약점 분석 시스템 구매,육군교육사령부,71138656.0,87.9975,,육군사관학교 산학협력단,한영수,백현정,경기도 구리시 산마루로46-0 (갈매동) 404동 1702호,,87.5665,비행기지 계기착륙장치 노후교체 적정시기 연구용역,중앙행정기관
한국형 긴급비행장피해체계 개발 연구 용역,4284부대,37521500.0,87.9056,2022-09-15,사단법인 한국갈등학회,양선원,,"서울특별시 구로구 디지털로26길61, 에이스하이엔드타워2차 2001호 (구로동)",,87.3273,대형 후속사업 추진시 기종결정 평가항목 연구,중앙행정기관
미래 한국 해병대의 군구조 연구용역,국군재정관리단,5530552.0,,,사단법인 안보경영연구원,,김인숙,"서울특별시 강남구 언주로527, 10층 (역삼동)",83517554.0,87.4184,22-해상기반 우주발사체계 개념 연구,중앙행정기관
워리어 플랫폼 후속군수지원 방안 연구,국군재정관리단,141525633.0,88.0591,2023-05-04,한국교통대학교산학협력단,박기식,윤태훈,"서울특별시 용산구 이촌로65가길51-0 (이촌동, 한가람아파트) 214-2103",,,20-주파수편이용 분석기 구매,국군수도병원
정비용 샵차량 전원발생기 정비기술개발 연구용역,국방부조사본부,,97.0312,2021-12-31,해군사관학교 산학협력단,조완제,전옥녀,서울특별시 양천구 남부순환로72길17-0 (신월동) 영동빌딩2층,168648873.0,,23-블랙이글스 소음 및 연막 공공갈등 관리방안연구,군
(227059-E)방탐정확도 정밀분석 시험용 드론 제조,국방전산정보원,18294209.0,,2023-07-20,수안특허법인,조은미,전희수,인천광역시 연수구 송도미래로30-0 (송도동) C동 1315,51781408.0,80.9437,23-2차 의무사 조달 연구장비(분광광도계) 구매 계약,제2879부대
24-P-용-01 침수예방사업 선행연구용역,육군본부,7174313.0,78.3771,2016-11-05,주식회사 테크피아엔지니어링종합건축사사무소,정주교,박명근,"인천광역시 서구 백범로630번길22, 308-1호, 216호 (가좌동)",455257829.0,,17년 비용분석모델(PRICE) 유지보수 용역,중앙행정기관
미래 한국군 통합사이버전 수행방안 연구,국방부조사본부,,86.4326,,에솜 주식회사,민명복,박병희,"서울특별시 서초구 방배천로155, 유청빌딩 3층(방배동 821-8)",104794852.0,87.564,21년 공군 항공무장효과분석모델 통합유지보수 용역,국군재정관리단
적 사이버공격 의도분석 지표개발 및 평가방안 연구,국방부조사본부,,87.1399,2020-04-22,,,이도제,,103075639.0,,상층대기분석장비 유지보수,합동참모본부
자동전사시스템 연구 용역,국군수도병원,10158898.0,87.6519,,,임정숙,구종우,,,,지하침투 감시장비 선행연구 용역,국군재정관리단
유압유 미립자 분석기 교정키트 구매,국군재정관리단,,,2022-12-27,사단법인 안보경영연구원,정의승,남혜정,,179743355.0,,디지털 증거분석체계 라이센스 확보 사업,중앙행정기관
4차 산업혁명과 연계한 미래 물자동원방안 연구,육군본부,218834967.0,88.071,2020-11-25,라온시스템즈(주),이홍민,오중택,"서울특별시 강남구 언주로527, 10층 (역삼동)",85900925.0,87.7508,함정 도면관리를 위한 SW개발 연구용역,기관
도태항공기 활용 EMP야외환경 시험 연구용역,제5738부대,51066949.0,88.0251,2020-12-20,건국대학교 산학협력단,김병권,승아현,경기도 김포시 월곶면 김포대로2708-37,501396665.0,89.7344,복합재 항공기 구조물 구조건전성 해석기법 연구용역,국군수도병원
20-쇄빙능력 보유 함정 건조/설계 기반기술 연구,국군재정관리단,,,2017-04-27,주식회사 시스코어,이광형,김인승,충청남도 서산시 해미면 한서1로 46 한서대학교내산학협력단,86381130.0,92.9868,정보학교 드론 연구용역,중앙행정기관
연합/합동 연습모의모델 획득 및 운영방안 연구,국군재정관리단,14499654.0,81.4217,2023-04-09,(주)한일종합상사,김시근,김소미,,66612807.0,84.7079,상륙작전에 적합한 4.2대체전력 확보 연구 용역,중앙행정기관
40mm고속유탄기관총-Ⅱ 사업분석,국군재정관리단,33323742.0,78.1851,2018-02-07,인천대학교 산학협력단,임채익,,"서울특별시 강남구 봉은사로129-1, 5층(논현동)",,,24년 기술연구용역(3),중앙행정기관
정기기초연구과제(1. 한국의외교/안보정책),공군군수사령부,,95.7608,2017-08-17,미성종합체육산업 주식회사,나상억,박광섭,"서울특별시 동대문구 고미술로 100, 송화빌딩 303호(답십리동)",81161696.0,,지뢰탐지기(PRS-17K) 제어함 정비기술개발 연구용역,중앙행정기관
통제분석 프로그램 설치 외 6종 구매 설치납품,해군군수사령부,15629170.0,84.4511,,주식회사 태양이엔지,전건욱,임경철,"서울특별시 강남구 언주로527, 10층 (역삼동)",108394438.0,,사이버 자산정보 수집 분석체계 라이선스 구매,군
민관군 상생을 위한 다락대훈련장 운영방안 연구용역,제7군단,,87.9956,,(주)액티브솔루션,추광식,김호근,"서울특별시 강남구 테헤란로69길5(삼성동,DT센터)",,,장비 적정수명 결정요인 선정 및 결정방법연구,제6619부대
방위산업기술 유출 및 침해 대응체계 구축방안 연구,제2307부대,30777242.0,,,한성대학교 산학협력단,박상희,박지은,"인천광역시 미추홀구 방축로194, D동 207호 2층 1호 (도화동)",,93.8534,군용항공기를 활용한 공중발사체 운영방안 연구,군
2024년 임상의학연구센터 통계프로그램 구매,국군재정관리단,,96.5555,,,최규식,강윤진,대전광역시 대덕구 대전로1397번안길70-0 (읍내동),72352921.0,,16-인성교육프로그램 등 연구 용역 계약,군
17년 비용분석모델(PRICE) 유지보수 용역,국군의무사령부,,94.9077,2021-03-14,,변중무,윤진영,"경기도 성남시 수정구 복정로84번길 22-15,(B-001호) (복정동)",88943853.0,87.4005,국방대학교 안보현안분석 등 2종 인쇄 용역,군
위험평가를 위한 공격표면 및 평가방법 연구,제9691부대,,,,(주)에프오알엠도시건축공간연구소,김정희,최영복,"서울특별시 용산구 청파로 40, 삼구빌딩 1815호(한강로3가)",178963933.0,95.7141,안보학술진흥연구용역(3.국내안보환경분석또는),국군재정관리단
항-17-018 자동연역분석기 시약 등 37종,합동참모본부,132068610.0,,2017-05-03,구루멘토링 주식회사,권오형,이수현,"서울특별시 송파구 법원로11길25-0, A동 1310호(문정동, 에이치비즈니스파크)",90360377.0,87.5544,22-6차 연구장비 구매 계약(수정) - 시약및약품냉장고,중앙행정기관
전장리더십 역량의 평시 개발 연구,제20전투비행단,136220836.0,88.2373,,,,박종호,"서울특별시 성동구 광나루로6길35, 202호, 706-2호, 707호 (성수동2가, 우림이비즈센터)",76712691.0,87.6033,21년 임상의학연구센터 통계프로그램 구매,중앙행정기관
정밀루트 및 문화재 지표조사 연구용역,국군재정관리단,126745402.0,88.1381,,,,최민정,"서울특별시 종로구 자하문로24길58, 1,2층(효자동)",,,19-전자파 정밀분석체계 확대구축사업 리스,중앙행정기관
K21장갑차 조종수카메라 정비기술개발 연구용역,국군재정관리단,,87.5799,2020-10-03,주식회사 엔브이티,이운학,배성권,"서울특별시 용산구 청파로 40, 삼구빌딩 1815호(한강로3가)",61690695.0,84.7514,(22F199-I)네트워크위협분석시스템구매사업금융리스,중앙행정기관
민군복합타운 조성을 위한 제도적 방안 연구,국군재정관리단,,,2020-10-09,(주)디아이엔티,홍지유,이성심,서울특별시 양천구 목동중앙로13나길3,182477795.0,84.8457,미-23-미사일방어부대 효율적 부지 활용방안 연구,중앙행정기관
24-3차 조달 연구장비(의약품 냉동고) 구매,국군재정관리단,131932048.0,94.6536,2017-01-07,,박정기,,전라북도 완주군 삼례읍 삼례로 443 우석대학교내(본관 12층),,87.4181,(23G250-I) 분석관리체계 금융리스,국군재정관리단
전시자원소요분석모델 장비 교체사업 리스,해군본부,134698186.0,86.781,2021-03-19,(주)리서치랩,박상길,김재현,"경상남도 창원시 마산회원구 자유무역3길208, 3층 301호(양덕동,혁신지원센터)",170821119.0,84.1111,국방 의료정보 빅데이터 분석체계 구축사업 연구용역,중앙행정기관
한반도 작전환경에 적합한 사단 구조 및 편성 연구,제9691부대,18012678.0,88.1965,2017-06-10,사단법인 안보경영연구원,윤동열,진수빈,"서울특별시 강남구 도산대로 507, 대신빌딩205호(청담동)",,87.6237,국제 해양영역인식 협력 방안 연구,중앙행정기관
의무장비(생화학자동분석기 등 2종) 구매(17-207),국방부(운영지원과),147410045.0,58.2232,2017-07-07,구루멘토링 주식회사,배태웅,박미진,"충청북도 청주시 흥덕구 흥덕로151-0 (운천동, 지하1층)",,,17년 전시자원소요분석모델 장비 교체사업,중앙행정기관
분석기  스펙트럼,국방부조사본부,,82.4083,2023-02-22,주식회사 휴먼씨엔씨,,이종명,"서울특별시 금천구 가마산로96-0, 213호(가산동, 대륭테크노타운8차)",182972456.0,,급식유통센터 성과분석 및 (경남권)필요성 연구,중앙행정기관
24-P-용-01 침수예방사업 선행연구용역,국방부(운영지원과),112591857.0,64.8462,2022-05-02,디와이아이앤씨주식회사,,,,198127108.0,,육군 개인 재능 평가지표 개발 연구용역,중앙행정기관
미래환경 변화에 적합한 인력획득 홍보 발전방안 연구,제9691부대,133141052.0,,,협동조합 미래국방산업네트워크,윤상석,박유정,서울특별시 서초구 서초대로19길10-11 (방배동) 2층,,88.5849,전시 효율적 해외구매 방안에 관한 연구,기관
AI 기반 UAV 군집운용 해상작전적용 가능성 연구,국방부(운영지원과),15646094.0,,2016-01-06,사단법인 한국국방기술학회,김진욱,현민,경상남도 함안군 칠북면 삼칠로 1826티엠시 (주),101396166.0,84.5988,SUPPRESSED,중앙행정기관
17년 지형분석장비 교체사업,국군재정관리단,,,2016-09-20,울산과학기술원,김운용,,서울특별시 영등포구 여의대방로61길2-0 (신길동)천록빌딩105호,541587001.0,,예비군훈련 적정 보상비 연구,기관
(247115-B) 연구활동재료 구매,공군본부,25528551.0,69.075,2018-09-01,(주)두두아이티,정양수,조대현,대전광역시 유성구 노은로170-0 (지족동) 스타시티빌딩 6층,,87.4128,공병분야 M&S 연구용역,군
(236367-B)표적분석용 워크스테이션 구매(리스물건),제5738부대,6528691.0,66.9295,2021-05-06,티에스와이,강창선,정아름,"서울특별시 금천구 가산디지털2로34, 923호(가산동, G밸리 더리브 스마트타워)",47555081.0,,23년 국방정책토론회 학술연구용역,군
자동처리체계 구축 및 연구용 부품 구매,국군재정관리단,43153074.0,87.8031,2022-07-17,,장복철,이창환,경상남도 진주시 정촌면 연꽃로141,191906945.0,87.4033,국방기록관 업무효율화를 위한 방안 연구,국군재정관리단
빅데이터 분석체계 구축사업 감리 용역,공군본부,104122202.0,,2022-07-20,주식회사 마에스트로네트웍스,김진욱,김미숙,,84898452.0,87.4351,19년 지상군 전시자원 소요 분석모델 유지보수 용역,중앙행정기관
저피탐 정찰용 무인항공기 개발기술 및 운영개념연구,국방부(운영지원과),134219419.0,94.7465,2022-12-12,사단법인 한국국방발전연구원,김태호,변현호,서울특별시 영등포구 당산로49길13 (당산동6가),179533515.0,87.6785,(227163-F)연구활동재료(초자) 구매,군
2017 PACC & PAMS 연구용역,국군재정관리단,123058681.0,94.2254,,국민대학교산학협력단,신범수,장철호,"서울특별시 중구 세종대로39, 대한상공회의소 6층(남대문로4가)",174230988.0,87.423,00부대 정보체계 취약점 분석 도구 구매,제9691부대
22-해-AI 빅데이터 분석 개발용 학습 플랫폼 구축,국방부(운영지원과),121310079.0,87.4724,2017-05-25,경희대학교산학협력단,김형철,안차순,"서울특별시 영등포구 의사당대로22, 8층 9층 10층(여의도동, 이룸센터)",67094563.0,87.0113,함정 총수명주기 고려 탑재장비 획득방안 연구 용역,중앙행정기관
잠수함용 부유식기만기 경미한 성능개량 선행연구,국방부(운영지원과),27894497.0,61.4747,2023-05-18,안전성평가솔루션 주식회사,김지영,김보명,"서울특별시 금천구 가산디지털2로184, 10층 1017호(가산동, 벽산디지털밸리2차)",85277228.0,,사업성과관리(EVM) 적용 고도화 방안 연구,중앙행정기관
물증류기  분석용 순수제조기 구매 설치,제9965부대,138651248.0,95.8576,,인하대학교 산학협력단,김평희,이민재,"서울특별시 광진구 능동로120, 건국대학교내(화양동)",,95.1405,24-00부대 전력화 추진방안 정책연구용역,제6619부대
23년 전투실험발전 연구용역 세미나 수행 용역(3),해군작전사령부,43597011.0,81.5611,,한국자동차연구원,조명지,조윤교,"충청남도 논산시 대학로 121, 건양대학교 산학협력단(내동)",,87.4484,18-직무분석을 통한 계급/직급 책정기준 연구,군
[24-육-16] A군단 부대변천사 연구용역,국군의무사령부,,89.498,2016-06-11,주식회사 휴먼씨엔씨,조홍덕,권택연,대구광역시 달서구 와룡로45길10-14 (죽전동),80371612.0,57.3418,한국적 지뢰대응활동표준 작성에 대한 연구,기관
해양 유ㆍ무인 복합전투체계에 대한 대응방안 연구,국군재정관리단,20984510.0,95.2955,2018-01-25,케이투웹테크(주),배용수,오성열,대전광역시 유성구 노은로170-0 (지족동) 스타시티빌딩 6층,68619407.0,,군 작업환경 및 작업자 보건관리 훈령 발전연구,국군재정관리단
연구소 장비(분광광도계 등 4종)구매,육군공병학교,31005373.0,95.6968,2020-05-04,한국환경설계(주),최진식,성종영,"대전광역시 서구 대덕대로249번길30-0, 403호(둔산동, 베스트피엘씨빌딩)",68076441.0,,연구활동 재료(시약) 113종 구매 ,군
중금속 가열분석기 1항목 구매(물품),국군재정관리단,18402212.0,88.011,2020-11-20,(주)인콘,,,,,,공군 군수지원 분야 발전방향 연구 용역,국군수도병원
TICN Block I -① 경미한 성능개량 사업분석,합동참모본부,129987964.0,87.9464,2016-07-03,주식회사 비용관리연구원,박재완,장우진,서울특별시 노원구 화랑로574-0 (공릉동),167859780.0,93.3733,17년 사이버 침해사고 조사/분석체계 도입사업,중앙행정기관
민관군 유·무인기에 대한 공역통제방안 연구 용역,국군재정관리단,50086246.0,88.0224,2022-09-12,국방기술품질원,김종광,안민식,"서울특별시 송파구 석촌호수로138, 202호 (삼전동)",100810718.0,87.3481,전시피해건물 상태평가 기준정립 연구용역,중앙행정기관
국방정보체계 SW 품질시험 프레임워크 발전방안 연구,국군의무사령부,31828460.0,,,주식회사 에이치투엘테크놀로지,장세희,정현석,"서울특별시 금천구 가마산로96, 1510호 (가산동, 대륭테크노타운8)",70172840.0,86.854,기술연구 환경구축 PC사업,중앙행정기관
미래 전장에서 승리하기 위한 육군전략 발전 연구,국군재정관리단,,,,건양대학교 산학협력단,양희성,박진주,"경기도 용인시 기흥구 흥덕중앙로120-0 (영덕동, U - TOWER)",109895378.0,84.4983,국방 의료정보 빅데이터 분석체계 구축사업 연구용역,중앙행정기관
무인수색차량 사업 비용분석,국군재정관리단,,79.4097,2020-03-22,(사)국방시설연구협회,,,,199314845.0,,대형양산사업의 제반 조건 분석 및 방안 연구,중앙행정기관
(247115-B) 연구활동재료 구매,제3697부대,97507960.0,,,계명대학교 산학협력단,,,서울특별시 마포구 월드컵북로5길59 (서교동),102675017.0,,SUPPRESSED,기관
23년 혈액가스 및 전해질분석기 구매,육군본부,,,,주식회사 서로네트웍,전건욱,김지훈,,83322283.0,87.4814,원격제어조립체 개발 연구개발(2019H027-B),국군재정관리단
(246255-C) 외상처치 시뮬레이션 킷 등 5종 구매,국군재정관리단,137068322.0,79.6812,2017-10-19,쿤텍 주식회사,황현식,장현주,"경기도 성남시 수정구 복정로84번길 22-15,(B-001호) (복정동)",178166459.0,92.9883,(20F169-A)지형분석장비 교체사업 등 17건 금융리스,중앙행정기관
20-해군사관생도 복제개선 연구,국군재정관리단,56038340.0,86.5327,2017-03-22,,,,,,87.6279,국방특허 권리이전 업무를 위한 특허 권리분석(1차),중앙행정기관
00기지 저주파분석 훈련장비 유지보수 용역,국방부,34026533.0,95.7234,,상명대학교산학협력단,이성로,김홍정,충청북도 청주시 흥덕구 오송읍 오송생명2로110-6 셀젠텍,,67.3049,21-공-가스크로마토그래피 질량분석식 구매,군
우수 상용품 시범사용 실태분석 및 개선방안 용역,국군의무사령부,28469879.0,88.7389,2020-08-06,주식회사 한국사업관리연구원,이현화,정관용,"경상남도 창원시 진해구 중원로1-0 (남빈동, 해군사관학교내)",,92.6716,합동성을 고려한 대전차전력의 적정 소요 연구,군
군사시설부문 온실가스 감축 계획수립 연구,해군본부,49527638.0,87.9883,,고신대학교 산학협력단,노광현,엄지성,,58248326.0,,K200A1장갑차 시뮬레이터 연구개발,중앙행정기관
20년 해병대 조직문화 수준진단 표준설계 연구용역,육군본부,20010406.0,97.0815,2016-11-09,주식회사 인섹사이버시큐리티,김태동,박계향,"서울특별시 동대문구 고미술로 100, 송화빌딩 303호(답십리동)",80459557.0,66.0864,상비병력 규모 최적 결정을 위한 제도 조합 방안 연구,국군재정관리단
00부대 정보체계 취약점 분석 도구 구매,제3707부대,36492779.0,80.7207,2021-05-26,(재)한국해양전략연구소,가회광,김재일,"서울특별시 용산구 청파로 40, 삼구빌딩 1815호(한강로3가)",,93.6945,23-1차 개념설계 기술지원 연구용역,국군재정관리단
지형분석용 차량(개조) 제조,국군재정관리단,46022363.0,88.0379,,주식회사 한컴인스페이스,김영식,원은정,부산광역시 사하구 장평로 245(),376587554.0,,00 군공항 이전 시설기본요구조건(안) 작성 연구용역,중앙행정기관
상륙기동헬기 성능개량 소요 분석 연구용역,국군재정관리단,117598617.0,80.1221,,(주)에프오알엠도시건축공간연구소,김성룡,이광수,"서울특별시 강남구 언주로527, 10층 (역삼동)",99972835.0,,자주발칸 제어용 모듈 대체품 개발 연구용역,중앙행정기관
해안감시레이더-Ⅱ 사업분석,국군재정관리단,20052322.0,79.8958,,태린메디칼 주식회사,봉만수,조대현,"경기도 군포시 번영로514, 601호(금정동)",,61.2442,국군의학연구소 자동혈구계산기 중형,중앙행정기관
24-첨단기술활용한 피아식별(인원) 방안연구 용역,방위사업청(운영지원과),,87.6824,2023-12-03,사단법인 대한민국공군발전협회,,임지헌,"서울특별시 영등포구 국회대로70길12, 802호 (여의도동,대산빌딩)",85019671.0,87.4404,미래 예비전력 정예화를 위한 동원개념 재설계 연구,국군재정관리단
함정사업 적정 사업기간 연구,방위사업청(운영지원과),,95.4111,2023-05-28,주식회사 아이엠트레이딩,정태윤,이정현,"경기도 고양시 일산동구 중산로 247306,307호 (중산동, 중산프라자)",476299214.0,88.0613,선진전투실험 발전현황 및 육군전투실험 향상방안연구,제3훈련비행단
북핵 미사일 대응방안 연구용역,육군교육사령부,,80.3529,2023-05-09,서울과학기술대학교 산학협력단,이광형,정지상,"서울특별시 금천구 가산디지털2로184, 10층 1017호(가산동, 벽산디지털밸리2차)",93418864.0,87.6038,항공전투 시뮬레이션 대회 대행 용역,군
화생방 방호물자 적정방호 수준 연구,국군재정관리단,,,2019-01-05,주식회사 좋은소리,,안상희,"충청북도 청주시 상당구 용암북로44번길3, 101호(용암동)",179779908.0,87.4637,22-공군 기후예측 및 기후변화 시나리오 연구용역,4284부대
군사사연구총서고대~근대한국군사사연구용역(과제4),4284부대,138751815.0,,,태경회계법인,,이창환,서울특별시 중구 남대문로113-0 (다동) 14층,108790724.0,87.4732,함정 상가 위치 및 횡경사 측정시스템 연구개발용역,중앙행정기관
미래 예비전력 역할과 적정규모 편성 연구용역,육군본부,7284779.0,,2016-04-10,"주식회사 안랩(AHNLAB,INC.)",한수희,,서울특별시 구로구 가마산로282-0 (구로동) 대림오피스밸리 201호,176952900.0,87.6986,안정화지역 기반시설 복구방안 연구,군
음향분석체계 개발사업,국군재정관리단,,87.5828,,(사)대한토목학회,임채익,유선희,"서울특별시 강남구 언주로527, 10층 (역삼동)",105276263.0,78.4792,과학적 시험설계와 시험결과의 논리적 평가방안연구,중앙행정기관
자주도하장비 조종시뮬레이터 비용분석,국군간호사관학교,117483156.0,94.2208,2020-06-17,세종대학교산학협력단,,권민정,"충청남도 논산시 대학로 121, 건양대학교 산학협력단(내동)",,62.3984,23년 전투발전 연구용역(3),합동참모본부
밀리토피아 골프연습장 운영에 관한 연구 용역,국군수송사령부,,90.0896,2021-06-04,주식회사 넥스트아이앤아이,권수민,,서울특별시 서초구 양재동언남 18길3 (양재동  2층),56885419.0,96.2269,해상작전헬기 2차사업 기종결정 평가항목/가중치 연구,제9965부대
국방과학기술료 고시 개선방안 연구,방위사업청(운영지원과),,,2021-06-12,김근우시스템공학기술연구소,배홍기,배종환,"충청북도 진천군 진천읍 포석길56, 2층",77404529.0,,자동전사시스템 연구 용역,중앙행정기관
76mm 함포 약실 정밀검사용 장비개발 연구용역,국군재정관리단,245959638.0,88.5001,2021-01-03,충남대학교 산학협력단,한아름,전치우,"서울특별시 마포구 마포대로 173, 현대하이엘 816호(공덕동)",,55.9171,기술연구 환경구축 사업 리스,국군재정관리단
20-MTU엔진 PBL 비용대효과분석 및 성과지표 연구,국군재정관리단,40442207.0,88.0728,2016-01-06,,,,,192158245.0,87.5981,대전병원 생화학자동분석기 소모품 60종 구매,합동참모본부
군 내 인성교육 프로그램 간 효과성 비교연구,국군재정관리단,33298966.0,,2016-07-16,영현정보통신(주),허건영,임창흥,강원특별자치도 동해시 전천로245-2 (북평동),80716215.0,87.0784,부대활동 유형별 위험성 평가체계 연구용역,중앙행정기관
차륜형지휘소용차량 시설사업기본계획 연구용역,공군 제8전투비행단,67854765.0,,,에이디링크,권헌영,이광수,"서울특별시 강남구 테헤란로4길15, 15층 1503호 (역삼동, 메가시티오피스텔)",1542286863.0,87.6941,군 대민지원 분야 및 적정 범위 연구,국군대전병원
조종사 인사관리방안 연구용역,제20전투비행단,11156178.0,93.3928,2020-04-30,사단법인 한국국가전략연구원,김경빈,박수연,,648623944.0,87.514,신기술을 적용한 무기효과자료 산출 방법론 연구,중앙행정기관
EMP 방호시설 성능시험 방안 연구용역,해군군수사령부,,88.043,2016-12-14,한국직업능력연구원,홍승신,이민재,"서울특별시 강남구 봉은사로114길 40, 홍선빌딩 2층(삼성동)",92154400.0,,SUPPRESSED,군
전파환경측정 분석장비 유지보수,4284부대,30051577.0,82.3955,2017-04-16,(사단) 한국정치학회,이호준,이월단,서울특별시 용산구 한강대로100(한강로2가),85276204.0,87.9048,(21F093-K)'22년~'23년 작전지속지원분석모델유지보수,제9691부대
16년 정비지원부대 직무값 기반의 직무분석 연구용역,공군군수사령부,,87.7345,2021-03-02,사단법인 한국군사시설연구소,정주교,신인균,"전라북도 군산시 임피면 호원대3길 64,",,87.4645,항공작전기지 계류공간의 효육적 활용방안 표본연구,중앙행정기관
KJCCS 경미한 성능개량 사업 비용분석,국군복지단,112080686.0,88.0443,2024-03-27,한국항공대학교 산학협력단,손태환,유상지,서울특별시 서초구 서초동1432-13 202,348547543.0,90.692,통섭형 인재 육성을 위한 직무순환 방안 연구 용역,국군수도병원
자동염기서열분석기 소모품 구매 설치,국방전산정보원,41932017.0,69.8673,,,이문걸,경상현,충청북도 청주시 흥덕구 옥산면 덕촌삼성골길16,,,최신 ICT를 적용한 국방컴퓨터체계 운용 방안 연구,중앙행정기관
24년 의무장비(자동분석기 생화학용 중형) 구매,국군의무사령부,13951894.0,,2016-06-30,충남대학교 산학협력단,김용주,서경원,서울특별시 영등포구 여의대방로61길2-0 (신길동)천록빌딩105호,,87.5748,2023 임상의학연구센터 통계프로그램 구매,국군재정관리단
군사력건설을위한 미래국방정책 및 합동작전개념연구,제9691부대,17333673.0,87.9624,2020-04-19,주식회사 유니텍,최한철,고상범,서울특별시 노원구 화랑로574-0 (공릉동),77313284.0,,24년 지형분석장비 구매(리스물건),중앙행정기관
21-해군분석모델 발전방안 연구,방위사업청(운영지원과),151641510.0,94.0481,2021-04-16,(사)21세기군사연구소,이규철,이종범,"경기도 성남시 수정구 위례대로83(창곡동, 국방문화센터)",104174795.0,,적 사이버공격 의도분석 지표개발 및 평가방안 연구,군
항-16-047 050 자동면역분석기 등 42종,국군대전병원,,78.5785,2021-06-27,(사)21세기군사연구소,김상인,김지원,경상북도 구미시 산동읍 강동로730,183256841.0,85.13,(20F169-A)지형분석장비 교체사업 등 17건 금융리스,군
진동분석장비 구매,공군군수사령부,153422734.0,99.8355,,주식회사 네오티스,유상호,,"서울특별시 용산구 청파로 40, 삼구빌딩 1815호(한강로3가)",97704842.0,87.475,L-V-C 전투실험체계 구축방안 연구 용역,중앙행정기관
유도탄검사장비(00체계 가스승압기  가스분석기) 정비,육군본부,3668846.0,87.616,,(사)21세기군사연구소,유훈,,,,,(237095-C) 연구활동 재료(초자) 구매,중앙행정기관
19-TSCE 기반 함정 체계통합방안 연구 용역,육군교육사령부,149701591.0,79.5669,2019-04-12,에이치앤주식회사,이영환,이영진,"서울특별시 강남구 테헤란로69길5(삼성동,DT센터)",62635909.0,73.2795,군 간부 획득환경 변화에 대비한 선발제도 방안 연구,제6619부대
2024년 군사연구총서 용역,합동참모본부,2076569.0,,2017-06-27,,전건욱,김채영,"서울특별시 강남구 언주로527, 10층 (역삼동)",192990250.0,87.4412,해병항공해상운용을위한동원선박운용개념연구용역,중앙행정기관
워리어플랫폼 미래단계 추진방향 연구용역,제9691부대,1212472516.0,88.019,2016-08-23,협동조합 미래국방산업네트워크,김효근,양진,서울특별시 강서구 양천로401 (가양동) 강서한강자이타워 B동1503~1506호,,80.5726,예비전력 예산  국방예산의 1%달성 방안 연구,4284부대
교육용 패킷 분석장비 라이선스 구매,국군재정관리단,34438636.0,86.5008,2020-09-29,디와이아이앤씨주식회사,김근채,안성원,"서울특별시 금천구 가산디지털1로171, B208호(가산동, 가산 에스케이 브이원 센터)",93955178.0,84.9679,22-15차 연구장비 구매 계약  - 진탕욕조,국군재정관리단
합동성을 고려한 대전차전력의 적정 소요 연구,국군재정관리단,8254467.0,85.4654,2021-01-05,주식회사 에코비투,임채익,박한미,서울특별시 송파구 법원로11길25-0 (문정동) 에이치비지니스파크 A동 1009호,,87.6209,드론사업 진화적 획득 방안 연구,중앙행정기관
(207108-H)네트워크 위협 분석체계 구축사업,공군본부,27804679.0,88.122,2020-04-19,주식회사 대홍관리,최명진,윤태훈,"서울특별시 강남구 언주로527, 10층 (역삼동)",670157706.0,87.4828,(23G054-H)24~25년 스펙트럼측정분석장비 유지보수,중앙행정기관
소요결정 권한 소요군 위임시 획득절차 연구,해군본부,119558891.0,88.0034,,,하영임,김민지,"서울특별시 금천구 가산디지털1로1-0 (가산동, 더루벤스밸리) 1208호",206814157.0,,혈액가스 분석기 1EA 구매,국군제1068부대
24-그린나래호텔 리모델링 계획의 적절성 분석연구,국군재정관리단,108123218.0,55.5257,2021-05-03,(재)한국정보통신산업연구원,손영일,박계향,충청북도 청주시 흥덕구 오송읍 오송생명2로110-6 셀젠텍,103515756.0,87.472,함정 연구개발 군 요구조건 관리방안 연구용역,기관
2018년 제4회 국방 분석평가관계관 워크숍 위탁운영,국군재정관리단,154866372.0,87.854,2016-01-06,(사)국방시설연구협회,임근우,공영주,"서울특별시 구로구 디지털로33길11-0 (구로동, 에이스 테크노타워8) 1406호",176399651.0,87.5308,복합식 소해장비 자기/음향 측정장비 연구개발 사업,국군수도병원
UH-60 휠제동용 유압장치 시험장비 개발 연구용역,국군재정관리단,,,2016-11-19,주식회사 사이버앤네트워크연구원,정의승,장재필,"서울특별시 강북구 솔매로49길 60, 서울사이버대학교내(미아동 193-15번지)",98831425.0,87.5944,유류 소분배 계통 자동화관리 연구,중앙행정기관
교육연구자료 원문 DB 구축 용역,국군재정관리단,127705863.0,87.8144,2021-03-31,(주)프라이전트,신인균,공현철,"충청북도 청주시 청원구 대성로298-0 (내덕동, 청주대학교)",103258184.0,86.0873,LVC체계와 훈련모델 방안 연구용역,중앙행정기관
(20F157-I)12.7mm 파쇄탄 정부투자 연구개발 사업,국군재정관리단,,90.0802,2020-09-13,캐리온,박정기,임경태,충청북도 청주시서원구 개신동446-2,212290828.0,87.4274,공군병 정원 산출을 위한 편성기준 연구,중앙행정기관
국방개혁과 연계한 예비군법 발전방안 연구,제2307부대,,88.1504,2023-02-21,(주)에프오알엠도시건축공간연구소,박용준,윤진영,충청북도 청주시 서원구 남이면 남석로326,178171762.0,,음원수집장비 및 음원분석 워크스테이션 구매,기관
합동성을 고려한 대전차전력의 적정 소요 연구,국방부(운영지원과),,88.0581,2020-05-29,충남대학교 산학협력단,홍명성,김우중,"서울특별시 송파구 법원로11길25-0, A동 1310호(문정동, 에이치비즈니스파크)",215120584.0,,군급식조달체계변화에따른적정급식비산출에대한연구,중앙행정기관
군 내 인성교육 프로그램 간 효과성 비교연구,국군재정관리단,165528598.0,,2016-01-06,주식회사 입법정책연구원,최원창,최규식,,215675333.0,87.4419,국방정보화 정책평가 수행 및 발전방안 수립 연구,중앙행정기관
(236044-G)사이버 조사분석체계 교체 및 추가도입사업,육군본부,122153283.0,,,주식회사 위맥공제보험연구소,정의승,박수연,"경기도 화성시 동탄첨단산업1로27 (영천동, 금강 펜테리움아이엑스타워) A동1708,1709호",,86.2657,핵심기술(위성용 SAR 안테나) 비용분석,제2879부대
차년도 안보정세전망 연구 용역,국군의무사령부,,,2020-05-06,(주)에프오알엠도시건축공간연구소,정의승,,"경기도 성남시 수정구 복정로84번길 22-15,(B-001호) (복정동)",209922913.0,,최근 전력화 장비·물자 ILS 분석 및 개선방안 연구,국군재정관리단
CH/HH-47D 성능개량사업 운용요구서 연구,제2879부대,161472364.0,88.2949,,씨지에스아이티(주),임병조,,경상북도 상주시 상산로215-31 2층 (낙양동),,,악성코드 분석체계 확대 구축 사업(20197146-C),합동상호운용성기술센터
물류운영체계 개선 연구용역(21J040-B),제9965부대,32493608.0,,,구루멘토링 주식회사,,공영주,,199145296.0,87.3228,국방시설분야 4차 산업기술 활용방안 연구용역,합동참모본부
계층별 조직문화 진단 및 혁신프로그램 추진 연구용역,제9691부대,128924089.0,88.0161,,건국대학교 산학협력단,오육환,유재은,서울특별시 강남구 테헤란로77길11-19 (삼성동) EAN빌딩,,,추진장약 분석시험용 재료구매,중앙행정기관
상비병력 규모 최적 결정을 위한 제도 조합 방안 연구,합동참모본부,,78.9793,2020-08-21,,정재관,김우중,"대전광역시 유성구 대학로 27, 현대리조텔 2층(봉명동)",187917572.0,87.3614,영평사격장 이전 가능성 연구,중앙행정기관
산악지역에서의 적정 무기체계 및 전투수행 방법 연구,공군본부,,88.0293,2020-04-08,와이에스컴퍼니,조성희,,"서울특별시 금천구 가산디지털2로184, 10층 1017호(가산동, 벽산디지털밸리2차)",204227744.0,87.415,다원적 민주주의 사회의 장병 정훈교육 방향 연구,기관
군사용 인공지능 윤리적 평가 및 검증요소 연구 용역,공군제15특수임무비행단,,87.9762,2022-05-25,주식회사 윈스,강창선,문영옥,서울특별시 동대문구 경희대로26-0 (회기동),93327805.0,,인터넷 패킷저장분석체계 구축사업(리스물건),중앙행정기관
항공기 운영이력 빅데이터 수집 및 분석기법 연구,제7군단,40131794.0,,,한양무선통신,이형걸,한달연,"경기도 고양시 일산서구 대산로213-0  302호 (대화동,중앙프라자)",55770646.0,,24-00부대 전력화 추진방안 정책연구용역,제9691부대
전술이동통신체계 구축방안 연구용역,공군방공관제사령부,43361965.0,88.2742,2022-01-24,주식회사 이안코리아,김문선,김유미,서울특별시 중구 남대문로113-0 (다동) 14층,165137328.0,88.9164,(246248-C) 모바일기기 증거분석 교체(HW)(리스자산),국군대전병원
(20F063-A)소음영향도작성을위한소음측정및분석용역,국방부조사본부,,87.791,2020-10-04,주식회사도시경영연구원,정의승,이수행,서울특별시 관악구 관악로1 (신림동),,,美 안보지원관리교범(SAMM) 최신화 및 번역 연구,중앙행정기관
한국해군 협동교전절차(CEC) 수행방안 연구용역,국군재정관리단,,,,사단법인한국국가기록연구원,오중산,최민호,"서울특별시 용산구 청파로 40, 삼구빌딩 1815호(한강로3가)",95529652.0,87.3983,(207108-H)네트워크 위협 분석체계 구축사업,군
육군 로고를 군수품에 적용하는 방안 연구,국군재정관리단,,81.9034,2023-04-16,주식회사 이노메디케어,김흥중,이수행,"서울특별시 금천구 가산디지털1로212, 701호(가산동,코오롱디지털타워애스턴)",1894877732.0,,V-C 체계간 연동기술 연구,중앙행정기관
항19-066 자동면역분석기 시약 등 51종 구매,해군군수사령부,20407268.0,,,미래산업,,임순옥,"서울특별시 금천구 가산디지털2로184, 10층 1017호(가산동, 벽산디지털밸리2차)",196216350.0,84.8982,정보체계 취약점 진단을 위한 모의환경 구축방안 연구,중앙행정기관
국방 연구개발 법제 개선 연구,합동상호운용성기술센터,150381910.0,59.6533,2017-07-01,(주)제트코,권오성,노민택,"서울특별시 송파구 법원로11길25-0, A동 1310호(문정동, 에이치비즈니스파크)",189912178.0,,국방 사이버전 EA 개념 연구,국군재정관리단
요분석기 사단용 2EA 구매,제5019부대,839197130.0,88.2605,,새롬상사,정봉원,전영섭,대전광역시 유성구 국제과학11로18-0 (둔곡동),89177154.0,,4차 산업혁명과 항공우주력 발전 패러다임 변화 연구,국군재정관리단
1형 복합부위 통증증후군 생체지표 발굴 연구용역,국방부,28154194.0,92.704,2020-08-30,국방대학교산학협력단,,박계향,,111696670.0,84.5486,수성사격장 주변지역 주민 의식조사 연구,합동참모본부
감염 및 외상분야 군의료 특성화 연구(2차),육군군수사령부,,,2021-01-07,육아정책연구소,최동양,이도제,"경기도 부천시 원미구 중동로254번길28-0 (중동, 메트로펠리스3)",,,K-UAM과 연계한 드론 통합관제체계 구축 방안 연구,군
군인연금수급자 사망률 개선 연구,육군본부,,87.9044,2017-07-07,사단법인 안보경영연구원,한창모,박진호,,,,군 시설 공사비 기준단가 산정 연구용역(21K018-I),중앙행정기관
군사시설부문 온실가스 감축 계획수립 연구,공군방공관제사령부,128946220.0,83.2932,2018-08-04,(주)나일소프트,김성찬,권헌영,대전광역시 유성구 테크노2로271-0 (탑립동),,87.8279,’22년 전투발전 연구과제 용역(2),중앙행정기관
[24-육-85] 무기체계별 EMP방호기술 적용방안 연구,국군의무사령부,119340108.0,88.4533,2021-08-26,제이컴,추광식,김미정,경기도 성남시 분당구 판교로228번길15-0 (삼평동) 윈스동 4층,145167986.0,,23 군의료 특성화 연구(접경지역 외상환자 예후 분석),국군재정관리단
24년 국방연구개발사업의 성과조사 · 분석 연구 ,국군재정관리단,132654008.0,87.8408,2017-05-17,,장복철,김상겸,"서울특별시 구로구 디지털로34길55, 1008호 (구로동, 코오롱싸이언스밸리2차)",89539015.0,,인사교육장교 경력관리 개선을 위한 연구용역,군
헬기와 UAV의 통합운용을 위한 비행장 설치방안 연구,국방대학교,22930145.0,,,윤서상사,유현우,윤진영,"서울특별시 성북구 정릉로161 6층(정릉동, 정의관)",,,20-조난위치지시 무선송신기(잠수함 부이용) 연구개발,국군재정관리단
24년 군 주거시설 개선사업 선행연구(24-GD-51),국군재정관리단,39878367.0,88.103,2023-08-04,,남기출,이월단,,85132686.0,87.4277,22-함정 포배열 체계 개선 및 발전방향 연구,군
4차산업혁명 기반 무기체계 시험평가 발전방안 연구,방위사업청(운영지원과),21516470.0,,2016-08-25,주식회사 티엠시스,서영우,유선미,"경상남도 진주시 장대로 38, 현대빌딩 4층(장대동)",87396066.0,,국외도입 군수품 품질확보 선진화 방안 연구,군
한국형 비용분석 전산모델 고도화 ISP 수립,국군재정관리단,41449626.0,93.112,2018-12-30,군정비지원센터,변중무,전아영,"서울특별시 강남구 광평로281, 10층(수서동, 수서오피스빌딩)",109693511.0,,AI 적용 무기효과 산출 고도화 연구,중앙행정기관
22-11차 연구장비 구매 계약 - 의약품 냉동고,육군본부,137419058.0,,2020-07-24,,,이정현,,,87.4416,해무극복용 영상감시체계 선행연구용역,국군재정관리단
열상감시장비 초음파모터 등 3종 정비개발 연구용역,방위사업청(운영지원과),32798928.0,87.9588,,(주)크리에이텍,이영주,진수빈,"서울특별시 성북구 안암로145 (안암동5가, 고려대학교)",91667728.0,,미래 지휘통제체계 발전방안 연구용역,중앙행정기관
19년 발칸 추적훈련 분석기(제조),공군군수사령부,,94.6027,2016-01-06,사단법인 한국국가전략연구원,송봉주,류상윤,"서울특별시 강남구 테헤란로306, 13층(역삼동, 카이트타워)",80360180.0,87.4177,21-첨단 수중전력 소요기술 분석 및 적용방안 연구,중앙행정기관
신기술 적용을 통한 저장시설 물류향상 연구,제9691부대,,78.2645,,씨지에스아이티(주),김동호,윤병찬,,102330956.0,87.3857,22-설계자료 활용 및 군 시설단가 표준화 연구용역,4284부대
국방표준서 제정(4차) 연구,방위사업청(운영지원과),,52.7748,2022-08-19,(주)에프오알엠도시건축공간연구소,최권석,박계향,대전광역시 유성구 죽동로157-0 (죽동),,,21 분석기 주파수편이용 1종 구매,중앙행정기관
20-PKMR엔진 PBL 비용대효과분석 및 성과지표 연구,육군본부,150679368.0,,2022-11-05,주식회사 엔브이티,변중무,,"경기도 안양시 동안구 시민대로387  A동 1201-1호(관양동,디지털엠파이어)",188199307.0,87.6128,연구활동 재료(시약) 113종 구매 ,국군재정관리단
한국형 손상통제 모의훈련형 CBT 구축방안연구,해군본부,,,2021-02-23,주식회사 조인트리,엄종만,,"서울특별시 강남구 언주로527, 10층 (역삼동)",103029893.0,74.553,국방 클라우드 컴퓨팅 운영환경 구축방안 연구,중앙행정기관
정보통신부대의 조직발전방향 연구,국군제1068부대,27979804.0,,,한양무선통신,엄영석,김예섭,경상북도 구미시 산동읍 강동로730,72239925.0,86.1114,병리장비소모품(생화학 자동 분석기 등 84종) 구매,기관
악성코드 분석체계 확대 구축 사업(20197146-C),국군지휘통신사령부,,,2023-08-25,대륙씨엠아이 주식회사,김원헌,남은숙,"대구광역시 북구 태전로1, 101동 302호 (태전동, 태전역 더 뉴클래스)",31915013.0,89.1867,동시방위전략 구현을 위한 미래육군병과체계 발전연구,합동참모본부
중장비 수송차량 이동을 위한 도로능력 검증 연구용역,방위사업청,28813841.0,87.6288,2023-05-12,한국법제연구원,김희숙,황인선,"서울특별시 강남구 언주로527, 10층 (역삼동)",76191206.0,85.919,항공전력 도입을 고려한 효율적 운용방안 연구용역,국군재정관리단
컨테이너 물류체계 구축 소요판단 정책 연구과제 용역,국군재정관리단,,87.9794,2020-04-29,하늘유통,,,,212914780.0,87.352,[24-육-18] C군지사 부대변천사 연구용역,국군재정관리단
음향/진동분야 KOLAS 인정 획득 컨설팅 연구용역,방위사업청(운영지원과),31663531.0,85.906,,(사)21세기군사연구소,오세문,고기종,"경기도 수원시 장안구 서부로 2066, 성균관대학교 자연과학캠퍼스 내(천천동)",164977351.0,91.9477,자동화사격장 차단벽구조 구축방안 연구용역,중앙행정기관
원자력함정 운용시 지원시설  국내법규 등 연구 용역,육군본부,20531734.0,88.0665,,사단법인 한국국가전략연구원,이호준,윤미경,"서울특별시 구로구 경인로53가길10, 5층 507호(구로동, 구로 대명벨리온 지식산업센터)",,92.2037,(227215-D) 비용분석용 상용SW 구매,군
인공근육 기반 전투원용 슈트 개발 발전방향 연구,공군제38전투비행전대,12263031.0,70.8549,,엠텍리서치,정봉원,,"서울특별시 금천구 가산디지털1로181, 가산W센터 1401호,1402호(가산동)",673953141.0,78.0946,24년 기술연구용역(1),군
24-항공관제 분석체계 유지보수 용역,공군군수사령부,,87.8099,2022-06-03,,,,"서울특별시 영등포구 국회대로70길18,7층 (여의도동, 한양빌딩)",,87.4327,(22G088-A) VR 지뢰훈련시뮬레이터 선행연구용역,합동참모본부
K-UAM과 연계한 드론 통합관제체계 구축 방안 연구,국군재정관리단,,87.6424,,이성 주식회사,신정희,이동희,"서울특별시 강남구 역삼로17길57, 그랜드빌딩 B1층 (역삼동)",73688882.0,,극초음속 비행체 대응 미사일방어체계 확보방안 연구,국군재정관리단
17년 전시자원소요분석모델 장비 교체사업,육군본부,120090395.0,90.3006,,,최한철,박병희,서울특별시 강남구 선릉로93길54-0 (역삼동) 일환빌딩 6097호,,,육군내 기술연구소 신설방안 연구 용역,중앙행정기관
비상근예비군 확대 및 훈련체계 정립 연구 용역,제2879부대,98464658.0,89.4813,2022-05-30,(사)국방시설연구협회,민광기,노민택,경기도 김포시 월곶면 김포대로2708-37,653907371.0,87.359,미래 복합전투체계 운용개념/전투실험방법 연구용역,중앙행정기관
22년 의무장비(혈액가스분석기 중형) 구매,방위사업청(운영지원과),5934373.0,97.6008,2017-12-07,사단법인 한국군사시설연구소,김형철,황예진,대전광역시 서구 도산로403번길21 전자타운419호,61927955.0,,민군 협력을 통한 상호가치 창출 활성화 방안 연구,중앙행정기관
한국적 PKO 현 기반체계의 문제점 분석과 발전 방안,4284부대,33672302.0,,2020-04-14,,이현미,이도제,"서울특별시 강남구 언주로527, 10층 (역삼동)",113140744.0,,22-작전지휘시설 신축 분석평가 및 선행연구 용역,중앙행정기관
K1A1전차 성능개량 사업분석,국군재정관리단,31910503.0,,,서울여자대학교 산학협력단,정태량,유선미,"인천광역시 남동구 서창남순환로55, 505동 603호(서창동, 서창센트럴푸르지오)",57948008.0,88.8531,76mm 철갑고폭탄 비용분석,중앙행정기관
(20F172-I)00부대 라돈저감방안 연구 용역,국방부(운영지원과),,88.1948,,주식회사 공공정책성과평가연구원,전용일,오원석,"서울특별시 강남구 언주로527, 10층 (역삼동)",90214957.0,84.4221,“제○군수지원사령부 부대사” 연구 용역,국군재정관리단
국방R&D 과제 평가체계 개선방안 연구,국방부조사본부,36278002.0,56.4743,,,이성심,김성연,"서울특별시 영등포구 의사당대로22, 8층 9층 10층(여의도동, 이룸센터)",,87.958,유전자감정장비(자동염기서열분석기)소모품 설치 납품,국군제1068부대
해병대 산소분석기 4개 구매,국군지휘통신사령부,,,2020-05-14,(주) 탑크로스 이앤텍,배태웅,홍성현,충청남도 서산시 해미면 한서1로 46 한서대학교내산학협력단,38808159.0,68.9137,마린온 정비지원체계 방안 연구용역,제9691부대
국방 비밀관리시스템 연동표준 개념연구,방위사업청,122403376.0,,2016-01-06,기관상사,엄현성,이효진,"경기도 성남시 수정구 복정로84번길 22-15,(B-001호) (복정동)",535667296.0,,병력책정기준 산정과 연계한 조직진단 기법 체계 연구,중앙행정기관
(20F084-I)소음영향도작성을위한소음측정및분석용역,국군재정관리단,,,,유한회사 행정과 소통연구소,고윤안,김미진,"서울특별시 강남구 언주로527, 10층 (역삼동)",54517067.0,,RAM 및 군수지원분석 방법 선진화 연구(2차),국군재정관리단
미래안보환경 대비 군사시설 보호업무 발전방향 연구,방위사업청(운영지원과),26498623.0,87.745,2020-08-27,사단법인 안보경영연구원,정의승,현민,"서울특별시 강남구 언주로527, 10층 (역삼동)",,,표준훈련장 설치기준 정립 연구 용역,군
국방대학교 조직컨설팅 연구 용역,국군재정관리단,25017337.0,88.1266,2016-02-04,재단법인 한국군사문제연구원,김재영,,경상남도 진주시 동진로420 (충무공동),87128083.0,87.5887,19-2-00사 터널형 탄약고 신축 타당성 검토 연구 용역,중앙행정기관
20-효율적인 성능개량 방안 도출 연구,공군본부,,88.2574,2016-01-06,사단법인 한국아이티법연구원,윤영현,전진홍,"서울특별시 은평구 진흥로 225,(불광동)",,,생성형 AI 서비스 구축 방안 정책연구용역,국군재정관리단
음성분석기 구매,공군본부,27751403.0,95.2888,2016-01-06,(주)코어시큐리티,정의승,전희수,"서울특별시 용산구 한강대로62길41, 3층 (한강로1가)",63605940.0,,KMTF기반 국방정보체계 연동 고도화 방안 연구,중앙행정기관
입체영상 처리 및 분석장비 구매,국군재정관리단,,87.5691,2023-04-05,유한회사 동방이노베이션,김형철,송문수,"서울특별시 강북구 삼양로173가길55-0 (우이동, 메이트하우스)1동402호",177266281.0,87.4151,16년 정비지원부대 직무값 기반의 직무분석 연구용역,국군재정관리단
24년 의무장비(수액조절기 분석기) 구매,육군군수사령부,37344156.0,88.0384,2018-01-09,고신대학교 산학협력단,이병택,권민정,대전광역시 유성구 테크노4로17-0 (관평동) 대덕비즈센터 D동 612호,,,복합재 항공기 구조물 구조건전성 해석기법 연구용역,기관
21년 의무장비(혈액가스분석기 중형) 구매,제6619부대,0.0,,,서현회계법인,장철호,홍명성,,,87.3565,자살사고 사후관리를 위한 치유프로그램 연구,중앙행정기관
의무장비[혈액가스 분석기(휴대용)] 구매,공군교육사령부,149946078.0,,2022-02-15,예원,장병철,박희원,"경기도 양주시 광적면 부흥로847, 431호(경기벤처타운)",98688314.0,,방산육성 수출확대 위한 산업협력 쿼터제 방안 연구,중앙행정기관
(237001-H)스펙트럼 측정/분석장비 노후 교체,육군군수사령부,,87.8379,,와이엠,김종광,,"서울특별시 서초구 서운로 226, 서초오피스텔 404호(서초동)",,,22-작전지휘시설 신축 분석평가 및 선행연구 용역,중앙행정기관
00 군공항 설계기본요구조건 작성 연구용역,국군제1068부대,48517579.0,88.0762,2016-03-04,주식회사 세명에스엠지,천병년,박준성,"서울특별시 강남구 봉은사로114길 40, 홍선빌딩 2층(삼성동)",159409722.0,,공군 탄약 저장시설 지하터널화 방안 연구,제6619부대
(226320-B) 지형분석장비 교체(리스물건),공군군수사령부,,57.8077,2022-12-12,호원대학교 산학협력단,김태동,노민택,"경기도 시흥시 목감남서로9-19 (조남동),601호 메이저타워",76080587.0,,휴대용 화학물질분석기 등 2종 구매(20197097-D),국군재정관리단
20~21년 작전지속지원분석모델 유지보수(2019F172-G),국군수도병원,,,,유한회사 갈등조정센터,황현식,이성심,대전광역시 동구 대전로889-4 (삼성동),,,사이버위협 분석체계 개선사업,중앙행정기관
급식유통센터 성과분석 및 (경남권)필요성 연구,국군재정관리단,44155389.0,87.9279,2020-12-18,상명대학교산학협력단,봉만수,전희수,경기도 시흥시 경기과기대로269(정왕동),193289670.0,92.5081,00부대창설을 위한 공공갈등 관리방안 연구용역,중앙행정기관
정책현안연구용역(글로벌중추국가의...),공군제17전투비행단,50563543.0,83.5489,2018-01-15,소망상사,박영욱,이여정,경기도 남양주시 사릉로33번길1-4 (금곡동)C동3층301호,,82.2432,PLS차량 운용효과 Arena 모델링 연구 용역,국군제1068부대
18-회로망용 분석기 등 8종 구매,국방부군사편찬연구소,31647134.0,88.1096,2020-05-08,드림인텍(주),최기혁,유완종,"대구광역시 북구 태전로1, 101동 302호 (태전동, 태전역 더 뉴클래스)",182171103.0,87.6135,정보보안장비(사이버보안 위협분석시스템),국군수도병원
4차 산업혁명 기술 함정적용 방안 연구용역,국군제1068부대,172406125.0,,2020-09-06,주식회사 대경코리아,오문진,이상규,,,,방위사업 교육포털시스템 ISP 수립 연구,중앙행정기관
2.75유도로켓 창정비 비용 대 효과분석 연구용역,제5738부대,339142621.0,87.7501,2017-05-30,,,,,,,22-병력절감형 Smart Battleship 함정 설계연구,제2879부대
상비병력 규모 최적 결정을 위한 제도 조합 방안 연구,국군복지단,,87.8143,2020-04-18,주식회사 공공정책성과평가연구원,정주교,남인선,서울특별시 관악구 관악로1 (신림동),,,21년 병참선 제원 및 수송기술 연구용역,중앙행정기관
20-PKMR엔진 PBL 비용대효과분석 및 성과지표 연구,합동상호운용성기술센터,130266501.0,87.7291,2018-05-03,이매니지먼트(주),김혜정,김재경,"경기도 안산시 상록구 한양대학로55-0 (사동, 한양대학교 안산캠퍼스)",176021450.0,87.5656,추진장약 저장수명 예측 가속노화시험 연구용역,군
분석기 스펙트럼용 장비 구매(20209032-I),국방부(운영지원과),,94.9166,2016-01-06,사단법인 안보경영연구원,김종규,박은숙,"광주광역시 동구 조선대길126(서석동, 조선대학교 내))",159264249.0,93.3117,23~27 국방양성평등정책기본계획작성방향 연구,군
군 시설 공사비 기준단가 산정 연구용역(21K018-I),국군재정관리단,3752583.0,87.9809,2020-05-16,한빛디엔에스(주),오영철,이상규,"서울특별시 금천구 가마산로96-0, 213호(가산동, 대륭테크노타운8차)",552414068.0,85.7219,청년장병의 군 복무간 지원 및 보상(취업분야) 연구,중앙행정기관
2017년 제3회 국방 분석평가관계관 워크숍 위탁운영,국군재정관리단,16496272.0,87.7905,2018-01-16,주식회사 지니클라우드,박종선,윤영현,"경상남도 창원시 성산구 완암로50-0, 메카동 813호(성산동, SK테크노파크)",,87.6834,(216032-G) 차륜형장갑차 센서데이터 수집 분석체계,중앙행정기관
생존성 향상을 위한 개인 부대방호 능력 분석 연구,국군재정관리단,150993253.0,85.5692,2020-04-30,,,,,,87.464,차세대 첨단함정 건조가능성 연구용역(2019H044-B),국군수도병원
00분석 대응활동 장비 구매,제9965부대,115089938.0,,2017-08-12,주식회사 한국직업자격연구원,,,경기도 성남시 수정구 대왕판교로851번길20-0 (시흥동),,87.5745,22-5차 연구장비 구매 계약 - 원심분리기 소형탁상용,합동참모본부
정기기초연구과제연구용역(6. 전장에서포병화력...),국군의무사령부,,,,,김명운,권호영,"경기도 용인시 기흥구 덕영대로1732-0 (서천동, 경희대학교 국제캠퍼스내)",171135551.0,86.6158,복합재 내부결함 위험도 평가방법 연구개발,4284부대
군사시설 주변지역 지원방안 연구,제9965부대,,87.6921,,라이핏사이언스,정희석,전수현,강원도 원주시 문막읍 석지1길283,156043676.0,89.5538,적 사이버공격 의도분석 지표개발 및 평가방안 연구,제7016부대
19년 육군M&S센터 전문분석관 운용 용역(2019F014-I),국군의무사령부,,88.413,,주식회사 진성하이텍,이덕수,엄영석,"서울특별시 금천구 가산디지털2로184, 10층 1017호(가산동, 벽산디지털밸리2차)",436207794.0,92.4479,항공용금속재료 가공방법별 기계적물성치측정방안연구,중앙행정기관
22-G/K 창정비 사업 성과분석 연구,제6619부대,17934302.0,,,사단법인 한국방위사업연구원,김기순,안성원,부산광역시 동래구 여고로63번길86-0 (사직동) 1층,775432787.0,,00부대 EMP 보호시설 구축 선행연구 용역,중앙행정기관
항-19-032 자동면역분석기 시약(HBsAg RGT)등 112종,국군재정관리단,32807311.0,88.0829,2018-10-21,엠제이코리아,오중산,전병욱,경기도 성남시 수정구 창업로42(시흥동) 판교제2테크노밸리 경기기업성장센터 532호,94162232.0,,오일분광분석장비 유지보수,중앙행정기관
19-한국 해양안보에 미치는 갈등요인과 대응방안 연구,해군본부,0.0,87.8038,,,전건욱,김우중,"경상남도 창원시 진해구 신항2로114, 2013호(용원동, 다인로얄팰리스부산신항2차)",187423876.0,,군 시설물 적정 위장방안 연구 용역,중앙행정기관
(237209-F) 자동염기서열분석기 구매 ,육군본부,0.0,70.505,,(사)21세기군사연구소,윤동열,정경아,,635787675.0,87.5028,SUPPRESSED,중앙행정기관
17년 전시자원소요분석모델 장비 교체사업,방위사업청(운영지원과),,87.805,,경안이엔지(주),서승현,김해리,,91458698.0,,용사의 집 운영개념 연구용역,국군수도병원
PBL 적용을 위한 성과지표/목표 연구,국군재정관리단,222984529.0,88.0775,,대진대학교 산학협력단,최명식,이혜진,서울특별시 강동구 양재대로1377 (성내동 삼원빌딩 408호),,88.1484,(216047-F)모의분석실 전시체계 구매설치,제2879부대
군 주파수 대역정비 방안 연구,해군군수사령부,136998279.0,,2020-06-12,주식회사 라이언앤코컨설팅,정주교,이재관,"서울특별시 강남구 봉은사로129-0 (논현동, 거평타운오피스텔) 1126호",76857875.0,,스펙트럼분석기 등 5종 구매,기관
ATCIS 2차 성능개량 0000체계 운용요구서 연구,국군재정관리단,,,2017-05-27,엠제이코리아,이강용,김덕호,"서울특별시 강남구 봉은사로129-0 (논현동, 거평타운오피스텔) 1126호",,92.2535,정밀루트 및 문화재 지표조사 연구용역,중앙행정기관
해병대사령부 통.폐합과 재창설에 관한 연구용역,국군재정관리단,45859067.0,94.8704,2016-03-06,주식회사 디오르마,김자이,김영철,서울특별시 서초구 서초동1432-13 202,,92.5087,국방기술조직을 활용한 함정 기술관리 방안 연구 용역,군
국제 해양영역인식 협력 방안 연구,국군의무사령부,,85.6672,,국민대학교산학협력단,김태호,이형민,충청북도 충주시 대학로50-0 (대소원면),,87.489,육군 항공관제 시뮬레이터 연구개발,국군재정관리단
18년 분석용모델 유지보수 용역,육군본부,,,2023-07-03,정보와기술 주식회사,정주교,이효진,"경기도 성남시 수정구 위례대로83(창곡동, 국방문화센터)",99748513.0,87.7379,대잠훈련분석체계(AEAS) 유지보수 용역,중앙행정기관
17년 사이버 침해사고 조사/분석체계 도입사업,합동참모본부,135439157.0,,2017-12-03,(주)나일소프트,한재희,송승현,전북특별자치도 정읍시 북면 북면공단2길87-0,,89.2326,최신 ICT를 적용한 국방컴퓨터체계 운용 방안 연구,국군재정관리단
체계적인 해군 C4I 체계 유지보수 관리방안 연구,제5019부대,34792638.0,,,,김진욱,황병수,"경기도 군포시 번영로514, 601호(금정동)",75360483.0,87.7227,4차 산업혁명과 항공우주력 발전 패러다임 변화 연구,군
18년 수송기술 용역연구,육군군수사령부,,,2023-03-15,주식회사 서경약품,김상운,이대영,경기도 수원시 영통구 신원로306-0 (원천동) 이노플렉스 1동 1101호,63408529.0,60.0809,17년 모바일 분석체계 성능개선 사업,국군재정관리단
24~25-F-OOOO 수집/분석장비 유지보수,제3697부대,,88.1924,,서준코퍼레이션,민명복,조혜진,서울특별시 동대문구 천호대로 157(),55288390.0,77.9987,연구소 기술용역 재료비 초자 구매,국군수도병원
통섭형 인재 육성을 위한 직무순환 방안 연구 용역,국군지휘통신사령부,,93.1791,,한국교통안전공단,정병훈,김지영,"서울특별시 용산구 한강대로62길41, 3층 (한강로1가)",49823838.0,,BTL관리운영권만료사업 시설인수 운영방안연구용역 재,군
국방·군사시설기준 부분개정 연구용역,국군재정관리단,,,,사단법인 한국갈등학회,손영옥,양금식,서울특별시 서초구 서운로1길34-0 (서초동),93877337.0,87.3652,정밀루트 및 문화재 지표조사 연구용역,국군재정관리단
우수 과학기술 인재의 국방(군) 분야 활용방안 연구,공군본부,,,,자주국방네트워크,박상희,전재신,"서울특별시 금천구 가산디지털2로184, 10층 1017호(가산동, 벽산디지털밸리2차)",45288883.0,93.9313,(216178-D)휴대용화학탐지장비(화학물질분석기) 구매,군
자동염기서열분석기 정비(소모품 구매설치),제2062부대,43746003.0,88.6701,,한국표준인증기술연구원,김용섭,박수연,"서울특별시 강남구 테헤란로440, 서관 3층(대치동, 포스코센터)",59229230.0,,국방 데이터 전략연구,제9965부대
민간군사기업(PMC) 등 민간 아웃소싱에 대한 개념연구,해군교육사령부,49172525.0,96.0781,2016-02-02,라온유통,정관용,김우중,서울특별시 노원구 화랑로574-0 (공릉동),75465096.0,78.5889,국방정보화법률 개정입법 추진전략 연구,군
군사타운 개념의 부대배치 발전방향 연구 용역,해군군수사령부,32427752.0,,,트루인터페이스(주),이주열,양용진,"서울특별시 용산구 청파로 40, 삼구빌딩 1815호(한강로3가)",99695420.0,87.6559,16년 정비지원부대 직무값 기반의 직무분석 연구용역,중앙행정기관
국제공동연구용역(1.한국-NATO안보ㆍ국방...),국방부(운영지원과),29746542.0,79.4157,,주식회사 한국티이에스,김성도,한달연,"경상북도 구미시 대학로 61, 금오공과대학교 산학협력단(양호동)",81556293.0,84.8277,국방 데이터 관리체계 수립 연구,중앙행정기관
공군 군수지원 분야 발전방향 연구 용역,국군재정관리단,11589310.0,58.2701,2023-03-04,주식회사 대홍관리,김용주,김지훈,충청남도 논산시 양촌면 황산벌로1040,59402098.0,,군사시설부문 온실가스 감축 계획수립 연구,중앙행정기관
의무피복류 보급기준 및 품질개선에 대한 연구,제7군단,33309597.0,,2021-10-13,주식회사 사이버앤네트워크연구원,노희영,차윤아,"서울특별시 강남구 테헤란로131-0 (역삼동, 한국지식재산센터) 3.9층",97885161.0,87.5179,(21G087-I)범국민 안보의식조사 연구 용역,중앙행정기관
디지털 혁신시대 SW개발역량 강화방안 연구용역,국군재정관리단,0.0,,2023-07-28,경희대학교산학협력단,홍지유,박주희,경상남도 창원시 의창구 봉강가술로537번길42-0 (대산면),,94.9082,22-5차 연구장비 구매 계약 - 원심분리기 소형탁상용,국군재정관리단
방위사업청 방산원가구조 개선에 관한 연구,국방대학교,,,2016-01-06,기산건축사사무소,김동준,,"경기도 성남시 수정구 창업로54, 504호 (시흥동)",94322672.0,,23년 전투발전 연구용역(1),중앙행정기관
AH-64 헬기 엔진 마운트홀 가공기술 개발 연구용역,육군본부,,,2022-06-26,국방대학교산학협력단,김운용,이호준,"서울특별시 강남구 언주로527, 10층 (역삼동)",,87.4344,통합 센서검사기 개발 연구용역,국군재정관리단
유무인 전투기의 공대공 복합운용개념및요구능력 분석,해군본부,147241912.0,96.5868,2017-07-17,(주)두두아이티,최규식,이경순,"서울특별시 종로구 율곡로17길7-38, 수지빌딩 7층(이화동)",62274702.0,94.4924,군용 무인기 사업의 안전계수 적용 적정성 연구,군
23-D-감정장비(면역화학분석기) 구매,국군재정관리단,5607686.0,83.4088,2022-05-26,주식회사 서남아이에스,김종광,신창희,"경상남도 창원시 성산구 완암로50-0, 메카동 813호(성산동, SK테크노파크)",55635296.0,94.7509,19-00지역 통합분청 신축 선행연구,기관
24-F-분석기  주파수편이용 장비 구매,국군의무사령부,149214097.0,87.9334,,(주)코어시큐리티,최명식,김중곤,"경기도 고양시 일산동구 강석로33, (백석동, 대우IAAN) 2층 217호",85172355.0,62.136,23-1차 개념설계 기술지원 연구용역,중앙행정기관
함정 건조사업 추진단계 효율성 향상방안 연구,제5738부대,,,2018-07-23,상명대학교산학협력단,김주희,현수,충청북도 청주시서원구 개신동446-2,141377723.0,88.1577,운용제원 분석 기반 장비수명 판단방안 연구,국군수도병원
ICT 기술 적용한 미래 지휘통신체계구현 가능성 연구,육군본부,56600764.0,88.4845,2020-04-03,,김창관,전형준,,,87.5077,19-12차(3) 의무장비 혈액가스분석기 소형 구매,기관
국내개발레이더 후속군수지원을 위한 지표개발연구,해군본부,41021262.0,89.0165,2016-02-13,에스엠트레이딩,이문걸,김봉환,,,87.7859,군용물자 HSK 연계표 연구,기관
공병분야 M&S 연구용역,제9691부대,138755204.0,87.8665,2020-04-28,,,방윤지,"경기도 성남시 중원구 사기막골로52, 407 (상대원동, 선텍시티  아파트형공장)",195461951.0,87.5536,[연구소] 감정장비(컴퓨터 거짓말 탐지 세트) 구매,중앙행정기관
국방전직교육원 조직진단 및 기능강화 방안연구,제2879부대,,87.9965,2018-09-14,주식회사 메디시온,안명수,현혜경,"경기도 성남시 수정구 위례대로83(창곡동, 국방문화센터)",96040007.0,,(226046-G)'22년 육군 DB분석체계 교체(리스물건),국군재정관리단
공군 3훈비 방호시설 방호성능평가 연구용역,국방대학교,29841956.0,,,한국교통대학교산학협력단,김주희,이교석,"서울특별시 노원구 화랑로 621(공릉동, 서울여자대학교)",53680448.0,,전차 조준선 정렬 시스템 개발 연구용역,기관
24년 국방민원서비스 만족도 조사 연구,제9691부대,52970766.0,88.6812,2017-11-14,신승하이텍,박영선,,서울특별시 강남구 논현로189길6 (압구정동),97320931.0,,다도해함 개조 설계 방안 연구,중앙행정기관
17년 전투발전 연구용역 과제 세미나 수행 용역,국군재정관리단,48728319.0,,2023-06-07,경남대학교 산학협력단,설영만,김소미,경기도 안양시 동안구 흥안대로445(평촌동) 제6층 615호 안양평촌동지식산업센터,84662646.0,77.504,지하침투 감시장비 선행연구 용역,중앙행정기관
19년 작전계획분석모델 장비교체사업(20198065-E),국군제1068부대,,,2020-03-20,,,,,702891037.0,,(20F063-A)소음영향도작성을위한소음측정및분석용역,합동참모본부
한국군의 곤충매개 감염질환 예방 전략 개발 연구용역,국군재정관리단,22470927.0,,2016-04-24,해용정보통신주식회사,,송현상,,,,해무극복용 영상감시체계 선행연구용역,중앙행정기관
(236043-G) 23년 모바일·IoT 조사분석체계 도입사업,제9691부대,145081109.0,87.7135,,(주)비오더블테크놀로지,박준빈,황성환,"충청북도 청주시 서원구 충대로1-0 (개신동, 충북대학교)",,,화생방 연구 재료 초자 구매,군
군 시설물 안전관리분야 매뉴얼 개정 연구용역,국군재정관리단,35327031.0,,2017-02-21,,정주교,,,,,(246311-E) 분석용 고성능 PC등 2품목 (리스자산),기관
복합재 내부결함 위험도 평가방법 연구개발,방위사업청(운영지원과),38027676.0,,2016-08-31,주식회사 온품,김성훈,이정원,"경기도 군포시 공단로140번길46, 1층 105호,106호,212호,213호 (당정동,엠테크노당정지식산업센터)",82654033.0,,자동처리체계 구축 및 연구용 부품 구매,4284부대
우리군 통합체계지원 적용을 위한 발전방향 연구 용역,국군재정관리단,19741232.0,,2020-05-18,주식회사 링크나인시스템,안은희,최주평,서울특별시 강남구 테헤란로81길26-0 (삼성동) 유림빌딩3층,,,민관군 유·무인기에 대한 공역통제방안 연구 용역,중앙행정기관
침해사고 조사분석체계 교체사업(209058-F),국군재정관리단,,,2021-04-24,디엔아이,이정웅,최동숙,"서울특별시 강남구 테헤란로69길5(삼성동,DT센터)",166532275.0,86.6389,디지털증거분석 수사체계 구축(208050-A),중앙행정기관
전시피해건물 상태평가 기준정립 연구용역,국방대학교,41199955.0,79.5437,2018-04-15,사단법인 한국국방발전연구원,박상욱,서재달,"서울특별시 금천구 가산디지털1로119-0 (가산동, SK트윈테크타워, a동 10층 6호)",107052140.0,91.8707,화산 특수작전종합훈련장 선행연구용역(특-24-용-24),중앙행정기관
19년 작전계획분석모델 장비교체사업(20198065-E),공군방공관제사령부,115697765.0,47.5258,,한국해양대학교산학협력단,민정식,이형원,부산광역시 강서구 녹산산단232로 38-6(),59243375.0,,18년 해군 전자정보 종합분석체계 개발사업,제2879부대
국방 안전기준 정립 및 발전방향 연구,국군의무사령부,39691602.0,88.0821,2022-04-17,씨지에스아이티(주),김금자,최광호,"서울특별시 용산구 청파로 40, 삼구빌딩 1815호(한강로3가)",,87.3691,SUPPRESSED,중앙행정기관
군 급식 피복류 조달이관 성과분석 연구,4284부대,49898535.0,87.6954,2021-07-23,사단법인 한국국가전략연구원,김진욱,김학범,"서울특별시 중구 동호로7길41, 2층(신당동)",77849182.0,93.4017,신 작전수행개념 구현을 위한 교리발전 방안 연구용역,중앙행정기관
20-MTU엔진 PBL 비용대효과분석 및 성과지표 연구,제2307부대,144864402.0,,,한국환경설계(주),위정은,조종열,"경기도 고양시 일산동구 호수로358-39 706호(백석동,동문굿모닝타워1차)",141755625.0,97.3898,잠수함 업체주도 연구개발 장비의 시험평가 방안,제9691부대
20-효율적인 성능개량 방안 도출 연구,국군재정관리단,,,,주식회사 아레스,전건욱,,,106111674.0,,SUPPRESSED,중앙행정기관
전원공급기(분석기  교류  전원발생용)구매,국방대학교,,90.4196,,씨지에스아이티(주),전옥녀,안주섭,"대전광역시 서구 도산로485-0, 4층 (탄방동)",354962558.0,87.7118,국방 빅데이터 분석 사업 용역,국군복지단
76mm 철갑고폭탄 비용분석,국군재정관리단,49107964.0,89.9245,,한국교통대학교산학협력단,김성찬,박진호,"인천광역시 중구 인중로 178, 제이엘타워 1001호(사동)",62505659.0,87.6029,22년 계룡스파텔 시설개선사업 선행연구 용역,기관
간부 팔로워십 교육프로그램 개발 연구용역,국방시설본부,40966819.0,80.6668,,(재)한국산업개발연구원,백도현,김성훈,광주광역시 북구 첨단과기로123 (오룡동),,87.7583,23년 기술연구용역 계약 의뢰(1),기관
20년 국방정책연구과제,제7016부대,46258947.0,75.2059,2021-10-21,(주)엔코라인,장승규,정태진,"전라북도 군산시 임피면 호원대3길 64,",55247763.0,87.9324,상호운용성 정보보증 평가기준 고도화 방안 연구,국군복지단
민관군 상생을 위한 다락대훈련장 운영방안 연구용역,국군제1068부대,330472654.0,94.48,,한성대학교 산학협력단,전건욱,이희섭,서울특별시 마포구 동교로183-11 (동교동) 한국정치학회빌딩 4층 한국정치학회,89294872.0,75.185,군 복무가치 제고 방안 연구,합동참모본부
해병대 고유 무기체계별 맞춤식 정비개념 연구,육군교육사령부,29011048.0,,2016-07-09,(주)두두아이티,한민구,이수행,대전광역시 유성구 대덕대로776-0 (화암동) 한국천문연구원,64825651.0,,21 분석기 주파수편이용 1종 구매,중앙행정기관
ATCIS 다기능접속장치 회로카드 대체품 개발 연구용역,합동군사대학교,,,2021-02-26,한국항공대학교 산학협력단,이효진,고상범,"대전광역시 서구 도산로 485(탄방동, 4층)",,95.9566,23년 전투발전 연구용역(3),중앙행정기관
주요 군사선진국의 공군조직 발전방향 분석,육군보병학교,,78.6946,2020-05-11,에솜 주식회사,안성일,윤형규,서울특별시 서초구 사임당로32 (서초동) 재우빌딩 9층,57480312.0,94.8181,국방사업관리사 자격제도 관리 및 활용강화 연구,군
[24-육-219] 자동차(외산)포렌식 분석 KIT(리스),해군본부,18185299.0,84.6744,2016-08-19,(주)에프오알엠도시건축공간연구소,김형철,김영진,"서울특별시 송파구 법원로9길26, D동 1104호(문정동, H-비즈니스파크)",88510611.0,,국방아키텍처 검증체계 발전 연구,국군재정관리단
한국형 임무형 지휘 정착을 위한 리더십 적용 연구,국군재정관리단,,,2021-02-26,(사)한국위기관리연구소,노광현,안병선,서울특별시 강동구 양재대로1377 (성내동 삼원빌딩 408호),,,항공전력 도입을 고려한 효율적 운용방안 연구용역,중앙행정기관
유류시험장비(연료성분분석기 등3종)구매(20196115-E),육군교육사령부,,88.2465,2020-08-30,주식회사 화성에어토탈,김보연,안은희,"경기도 성남시 수정구 위례대로83(창곡동, 국방문화센터)",203529364.0,,유전자 서열 분석기,중앙행정기관
전투하중을 고려한 인체공학적 개인군장체계 연구,국군재정관리단,,87.9966,2018-09-11,사단법인 안보경영연구원,김지영,오석현,경기도 고양시 일산서구 고양대로 283(대화동),93027172.0,85.0869,KOLAS 인정 기반 구축 연구용역,중앙행정기관
(해병)소음측정 및 분석용역,지상작전사령부,67463183.0,72.5016,,주식회사산엔지니어링,허정성,양진,"서울특별시 금천구 가산디지털1로1-0 (가산동, 더루벤스밸리) 1208호",187558306.0,,의학연구소 영상진단장비,중앙행정기관
신호분석기 1대 구매,국군대전병원,31270307.0,,2020-11-04,(재)한국기계전기전자시험연구원,이관섭,이혜진,"서울특별시 종로구 율곡로17길7-38, 수지빌딩 7층(이화동)",,63.0727,국방 데이터 전략연구,4284부대
국군의학연구소 자동혈구계산기 중형,제1363부대,,94.2979,,주식회사 엔브이티,김건희,오은주,"경기도 고양시 일산동구 중앙로1305-30, 728호 (장항동, 일산마이다스오피스텔)",,87.5925,18-오일 오염도 분석기 구매,군
융합형 신개념기술시범(ACTD) 제도 정립방안 연구,제9965부대,135395323.0,79.2881,2023-05-22,한국항공대학교 산학협력단,서준호,남상경,경기도 과천시 교육원로98(중앙동),127522856.0,,공중 무인무기체계 표준화 방안 연구,국군재정관리단
복합재 내부결함 위험도 평가방법 연구개발,육군교육사령부,134409787.0,78.1609,2018-02-19,국방대학교산학협력단,최철욱,장미선,"서울특별시 송파구 법원로11길25-0, A동 1310호(문정동, 에이치비즈니스파크)",179864705.0,87.4568,19-군 자체 안전보건경영시스템 인증제도 구축 연구,기관
(206199-B)지형분석장비 교체사업(리스물건),방위사업청(운영지원과),,80.7561,2018-06-12,에스엠테크(SM TECH),황조연,지용현,서울특별시 영등포구 영등포로35길10-0 (영등포동6가) 8층 809호,,75.478,현역-초기대응  예비군-전쟁승리 개념연구 용역,중앙행정기관
2018년 항공관제 분석체계 유지보수 용역,국방부조사본부,,87.749,,,정영욱,이태훈,,115435869.0,87.2931,주파수편이용 분석기 2EA 구매,군
부대활동 유형별 위험성 평가체계 연구용역,국군대전병원,111093909.0,,,(주)론스텍,변중무,,,209029992.0,87.4293,활주로지역 배수로 개선 분석평가 및 선행연구 용역,국군수도병원
21-『에듀테크 기반 공군 학습플랫폼 재구축 연구』,합동참모본부,1342543170.0,74.1229,2021-02-25,주식회사글로벌엔씨,권시형,김한욱,서울특별시 강서구 마곡중앙로161-8 (마곡동) 두산더랜드파크 씨동 4층 407호,170755303.0,95.9121,국방 데이터 관리체계 수립 연구,국군수도병원
00부대 정보체계 취약점 분석 도구 구매,제20전투비행단,,,2018-01-06,(사)국방시설연구협회,김한용,,"서울특별시 용산구 청파로 40, 삼구빌딩 1815호(한강로3가)",,87.3735,23년 성능개량 전파분석체계 도입사업,중앙행정기관
(227164-C)연구활동 재료(시약) 구매,국방부(운영지원과),76365106.0,,,한국인성교육연구소 주식회사,이홍기,김지훈,서울특별시 영등포구 영등포로35길10-0 (영등포동6가) 8층 809호,184319378.0,93.0407,국방무인체계 총수명주기관리방안 연구,중앙행정기관
해병대 데이터 관리 및 활용 발전 방안 연구,제2307부대,370659233.0,87.8802,2020-10-18,유한회사 창해,황순용,석성균,"서울특별시 구로구 디지털로288, 18층 1806호(구로동, 대륭포스트타워1차)",57134133.0,87.8114,한국형 모듈화 부대구조 필요성과 편성 방안 연구,제5738부대
복지회관 중·장기 보수계획 관련 연구용역,국방전산정보원,116057126.0,73.0712,,재단법인 한국군사문제연구원,최성만,남궁복자,"서울특별시 영등포구 의사당대로22, 8층 9층 10층(여의도동, 이룸센터)",,88.3494,24-해병-이동식 취약점 분석평가 도구(상용SW) 구매,기관
Army TIGER 2050 개념군 연구 용역,공군미사일방어사령부,14679786.0,88.271,2020-06-15,넥스케이드,김주형,엄기숙,"서울특별시 강남구 테헤란로4길15, 15층 1503호 (역삼동, 메가시티오피스텔)",,93.8091,박옥규 제독 평전 제작 연구 용역,국군제1068부대
자동염기서열분석기 소모품 구매 설치,방위사업청(운영지원과),33565240.0,79.31,2023-07-18,주식회사 지음지식서비스,민희숙,이수행,"서울특별시 강남구 봉은사로114길 40, 홍선빌딩 2층(삼성동)",75964095.0,,군급식조달체계변화에따른적정급식비산출에대한연구,중앙행정기관
FF급 함정 손상대응 훈련 시나리오 개발 연구,국군재정관리단,69745711.0,,2023-02-26,디와이아이앤씨주식회사,최치원,김지혜,경상남도 진주시 정촌면 연꽃로141,68455536.0,,(247115-B) 연구활동재료 구매,중앙행정기관
중소기업진흥 적용개발무기체계 적정군수지원방안연구,국군재정관리단,38187044.0,,,주식회사 쏠바이오텍,박정기,박계향,"서울특별시 은평구 진흥로 225,(불광동)",83394808.0,,한국군 전술데이터링크 표준화 및 발전방안 연구 용역,중앙행정기관
국방정보통신망 구축방향 연구 용역,국군의무사령부,242926610.0,,2021-04-28,주식회사 리얼웹,조정선,고찬갑,"서울특별시 강남구 테헤란로306, 13층(역삼동, 카이트타워)",,87.749,차년도 안보정세전망 연구 용역,중앙행정기관
미래 한국 해병대의 군구조 연구용역,국군의무사령부,,79.5376,2017-05-03,,엄현성,김지훈,"서울특별시 성동구 왕십리로363, 501호 (하왕십리동, 성동빌딩)",72846941.0,85.0916,한국형 첨단전투관리체계 운용개념 및 발전방안 연구,중앙행정기관
LOSS율 적용을 통한 소형/저단가 품목 관리방안 연구,육군교육사령부,355351893.0,82.7634,,미래상사,김자이,경상현,"전라북도 군산시 산단남북로169, 군산친환경자동차부품알앤디센터 3층벤처기업 16호(312호)(오식도동)",47752410.0,,(237020-H)23년 조사분석용 HW 구매,국군수도병원
24년 전반기 육군 정책연구 과제 연구용역,국군화생방방호사령부,131715833.0,,2016-05-15,(주)에프오알엠도시건축공간연구소,서선숙,고상범,"서울특별시 서초구 서운로 226, 서초오피스텔 404호(서초동)",82887753.0,87.3101,용사의 집 운영개념 연구용역,중앙행정기관
21-함정 추진계통 신뢰성 향상을 위한 정비방안 연구,방위사업청(운영지원과),,95.6651,2018-04-25,계명대학교 산학협력단,정태량,김재영,"경기도 성남시 중원구 광명로94번길14, 지하1층(성남동)",,77.9558,해병대 데이터 관리 및 활용 발전 방안 연구,중앙행정기관
(연구소) 감정재료 구매,국군제1068부대,18149281.0,89.5812,2024-03-11,주식회사 우진지앤에스,임순옥,김연,"경기도 고양시 일산동구 고봉로 26-14, 양우로데오랜드 A동 304호(장항동)",65691997.0,,(20F087-A)부대재배치 사업 선행연구용역,대학
국방대 이전 효과 연구 용역,육군교육사령부,,87.7395,,(사)한국전략문제연구소,,이광수,"인천광역시 미추홀구 방축로194, D동 207호 2층 1호 (도화동)",,87.3217,장보고-III Batch-I 잠수함 저주파분석 훈련장비,기관
대잠훈련분석체계(AEAS) 유지보수 용역,국군재정관리단,,87.9261,2021-05-09,재단법인 한국군사문제연구원,박정기,심지민,"경기도 성남시 중원구 광명로94번길14, 지하1층(성남동)",538475305.0,,용산헬기장 소음영향평가 연구용역,기관
2018년 제4회 국방 분석평가관계관 워크숍 위탁운영,국군의무사령부,280986715.0,69.0418,2022-07-22,목포해양대학교 산학협력단,홍광표,이동준,"서울특별시 금천구 가산디지털2로184, 10층 1017호(가산동, 벽산디지털밸리2차)",102686321.0,,미래 안보환경 대비 군사시설 보호업무 발전방향 연구,국군재정관리단
휴대용 산소분석기 1종 구매,국방부(운영지원과),,90.3277,2020-11-11,주식회사 에이치투엘테크놀로지,권태순,배민희,"인천광역시 연수구 갯벌로27, 인천대학교 이노베이션센터(송도동)",70146135.0,37.138,(246326-E) 분석용 고성능 PC등 5품목 (리스자산),군
21-해-성분분석기 구매,국군재정관리단,,87.7955,,주식회사 미주씨앤디,이남택,김미옥,대전광역시 유성구 대덕대로512번길20-0 (도룡동) 대전정보문화산업진흥원 304호,109130736.0,87.5312,2017년 의무장비 요분석기 구매,중앙행정기관
미래 합동특수작전사령부 창설 필요성 연구용역,국군재정관리단,20683746.0,80.7761,,유한회사 동방이노베이션,,전수현,"경기도 용인시 수지구 죽전로 152, 단국대학교내(죽전동)",,87.3966,사이버전자전 작전수행개념 및 핵심요구능력 연구,국군재정관리단
20-161 218 동물용 자동분석기 등 3품목,공군군수사령부,11435962.0,,,,권선애,이상규,서울특별시 강서구 마곡중앙5로1길20 (마곡동) 520호,188328629.0,87.5901,복합식 소해장비 자기/음향 측정장비 연구개발 사업,국군재정관리단
상륙돌격장갑차 수명유지를 위한 방안 연구용역,공군본부,,,2017-10-31,(사)국방시설연구협회,전건욱,김지혜,"서울특별시 강남구 언주로527, 10층 (역삼동)",,,해병 00부대 재배치 및 신기지 구상 관련 연구,중앙행정기관
4차 산업혁명과 연계한 미래 물자동원방안 연구,해군본부,510397553.0,88.3746,2020-05-31,정호정보통신,서용석,장철호,"서울특별시 강남구 봉은사로129-1, 5층(논현동)",179181244.0,87.885,생물안전밀폐실험실(BL3 3등급 연구시설)유지보수용역,기관
22년 육군 분석평가단 소개영상 제작용역,공군본부,33076496.0,,,,윤미선,,"서울특별시 금천구 가산디지털2로184, 10층 1017호(가산동, 벽산디지털밸리2차)",199571598.0,84.591,부대재배치 선행연구 용역(2019F065-B),중앙행정기관
워리어플랫폼 미래단계 추진방향 연구용역,육군교육사령부,43553374.0,,2020-06-05,사단법인 안보경영연구원,박장권,경상현,"서울특별시 영등포구 경인로775, 2동 1201-17호(문래동3가, 에이스하이테크시티)",110335233.0,87.4413,전파환경측정 분석장비 유지보수,중앙행정기관
창군 100주년 준비 차기 공군 비전서(書) 작성 연구,방위사업청,,,,육아정책연구소,김종성,남궁복자,"서울특별시 금천구 디지털로9길 33, IT미래타워 1905(가산동)",167425653.0,97.3437,[연구소] 감정장비(컴퓨터 거짓말 탐지 세트) 구매,국군수도병원
초급간부 복무여건 현상진단 및 개선대책 방안 연구,제20전투비행단,127415555.0,93.5629,,주식회사 삼원산업,,,,102571896.0,87.3144,한국군 공정사단 필요성 및 운용개념 편성방안 연구,중앙행정기관
다목적 제설장비 운용기준 재정립 및 대체방안 연구,제9691부대,,87.8702,,(주)한일,이종명,나인성,,,85.8301,21년 임상의학연구센터 통계프로그램 구매,중앙행정기관
병  오일분석용 1종,국군재정관리단,,88.2139,,주식회사 케이티에이,정의승,노재란,경기도 화성시 동탄첨단산업1로14-0 (영천동)  KTX밸리 707호,56443970.0,95.2633,2024년 임상의학연구센터 통계프로그램 구매,중앙행정기관
정보학교 사이버공간정보 연구용역,공군사관학교,150362904.0,,2018-01-03,주식회사 사이버앤네트워크연구원,서영우,주인웅,충청북도 청주시 서원구 남이면 양촌2길10-1,79543344.0,87.7138,항-16-059 062 066 질량분석기 소모품 등 72종,국군재정관리단
공군기지 작전환경을 고려한 무인기 운영방안 연구,합동참모본부,49217196.0,87.7303,2017-02-05,,이용준,,"서울특별시 강남구 언주로527, 10층 (역삼동)",772865665.0,,(236044-G)사이버 조사분석체계 교체 및 추가도입사업,중앙행정기관
방위사업 분야 블록체인 적용방안 연구,제9691부대,,77.6071,,,김태동,,"서울특별시 용산구 청파로 40, 삼구빌딩 1815호(한강로3가)",200968856.0,87.3292,공군 품목관리관 자격인증제도 도입방안 연구용역,합동참모본부
연구용역(방공포병 준.부사관 특기체계개선방안 연구),공군사관학교,,93.5937,2020-04-06,바다메디칼,정영욱,,"서울특별시 강남구 강남대로62길24-0 (역삼동,해송빌딩)3층",209953588.0,87.4308,23년 기술연구용역 계약 의뢰(2),제2879부대
군인 고용보험 가입의 효과성 연구,육군본부,36891270.0,,,,엄현성,,,107241603.0,,예비전력발전세미나 주제연구(Ⅰ) 용역,중앙행정기관
육군 개인 재능 평가지표 개발 연구용역,육군본부,121129517.0,81.7515,2020-11-26,에스앤에스이앤지 주식회사,이권민,서재달,"서울특별시 금천구 디지털로173, 504호(가산동, 엘리시아지식산업센터)",177348770.0,95.8823,(217151-F)21년 연구활동 재료(시약) 구매,군
17-방공관제사-94 보급수송과 스펙트럼 분석기/3품목,국군재정관리단,,,,주식회사 태드솔루션,김자이,김보라,,,,24년 군 주거시설 개선방안 수립 연구용역 등 2건,중앙행정기관
스마트 탄약정비공장 구축방안 연구용역,국군재정관리단,20178329.0,78.2111,2023-06-11,에이치앤주식회사,이문걸,김영애,서울특별시 강동구 양재대로1377 (성내동 삼원빌딩 408호),,86.0309,00부대 신축 시설사업 선행연구 용역,군
방음정비고 사업 정립을 위한 선행연구용역,국군재정관리단,,88.5115,2017-02-08,주식회사 지니클라우드,권오성,최규식,광주광역시 서구 마륵로28-1 (마륵동),215430712.0,,22년 공군 항공무장효과분석모델 통합 유지보수,군
조종사 인사관리방안 연구용역,국군재정관리단,129978901.0,87.63,2020-11-29,주식회사 콘텐츠펙토리상상역,홍명성,,대전광역시 유성구 노은로170-0 (지족동) 스타시티빌딩 6층,81706827.0,,19년 지형분석장비 교체구매(20196112-G),중앙행정기관
무기체계 RAM 시험평가의 효율적 수행방안 연구,방위사업청,,77.4002,2020-04-27,더스테이지,권시형,홍성휘,"서울특별시 영등포구 선유로 70, 우리벤처타운2303호(문래동3가)",,,함정추진축계이상소음발생위치추정및원인분석기법연구,중앙행정기관
감염 및 외상분야 군의료 특성화 연구,국방부 국방정책실,236383160.0,97.5062,,건국대학교 산학협력단,한민구,윤미선,대전광역시 유성구 유성대로1646-0 (전민동),,62.9438,22-병력절감형 Smart Battleship 함정 설계연구,군
장병 스트레스평정체계 개선 연구용역 계약,국군재정관리단,100712017.0,88.1318,,사단법인 안보경영연구원,이영환,이창환,서울특별시 관악구 관악로1 (신림동),82731653.0,,헬기와 UAV의 통합운용을 위한 비행장 설치방안 연구,중앙행정기관
상륙돌격장갑차 수명유지를 위한 방안 연구용역,국군재정관리단,127028030.0,87.9363,2016-01-06,,박종재,,,,87.5155,전구급 항공작전 분석모델의 표적가중치 산정 연구,국군재정관리단
자동처리체계 구축 및 연구용 부품 구매,국군수도병원,128777454.0,96.7862,,(주)상일기업,조화순,정혜원,,301416634.0,,23년 기술연구용역 계약 의뢰(1),제5738부대
예비전력관리 사업 예산의 적정 편성 기준 연구,공군본부,,76.484,,태린메디칼 주식회사,이세영,조반석,"서울특별시 영등포구 도림로462, 지층6호 (문래동3가, 국화상가)",93323004.0,87.8402,전투실험 발전 세미나 과제 연구용역(2),군
방공포병 모의훈련체계 구축 가능성 연구용역,국군재정관리단,,,2017-09-29,(사)한국전략문제연구소,정원섭,이윤정,대전광역시 유성구 대학로291-0 (구성동),,87.6333,땅굴징후지역 지층탐사 정밀분석 용역,중앙행정기관
군용물자 HSK 연계표 연구,국군재정관리단,,97.0189,2018-09-11,한성대학교 산학협력단,김령은,박임규,"경기도 성남시 중원구 광명로94번길14, 지하1층(성남동)",56622659.0,,국제공동연구용역(1.한국-NATO안보ㆍ국방...),국군수도병원
디지털 정비공장 스마트팩토리 구축방안 연구 용역,국방부군사편찬연구소,1058993924.0,89.7931,,대륙씨엠아이 주식회사,심동석,정시영,"경상남도 진주시 장대로 38, 현대빌딩 4층(장대동)",27506938.0,,분석기(회로망용) 구매,제9691부대
2019년도 방위산업기술 보호수준 분석 및 진단연구,제7군단,126689504.0,88.147,2018-02-28,(사)국방시설연구협회,정주교,남혜정,경기도 김포시 대곶남로501번길36-0 (대곶면),,87.6789,[상층대기분석장비 부품] 위상 변위기 등 12종,제9691부대
휴대용핵종분석기 구매,국군재정관리단,39055403.0,88.0276,2017-10-16,이상시스템,,신인균,"서울특별시 금천구 가산디지털2로184, 10층 1017호(가산동, 벽산디지털밸리2차)",93858798.0,87.5085,육군 부사관학교 시설종합발전계획 연구용역,중앙행정기관
40mm고속유탄기관총-Ⅱ 사업분석,국군재정관리단,,,,(사)한국전략문제연구소,김용주,오흔정,경기도 오산시 삼미로47번길81-12 (내삼미동),196174028.0,87.6573,원자력함정 운용시 지원시설  국내법규 등 연구 용역,중앙행정기관
0000 수집/분석장비 구매,국방부(운영지원과),39650263.0,76.1012,,(주)코어시큐리티,장복철,장혜민,"서울특별시 구로구 디지털로33길11-0 (구로동, 에이스 테크노타워8) 1406호",,87.1873,24년 국방민원서비스 만족도 조사 연구,중앙행정기관
18-19년 해군분석모델 유지보수 및 성능개선사업,육군본부,135409988.0,87.9981,2023-08-14,(재)서해환경과학연구소,정영석,이철호,"서울특별시 강남구 도산대로 507, 대신빌딩205호(청담동)",,87.8051,해병대 산소분석기 4개 구매,합동참모본부
휴양시설  기숙사 민·관·군 개발운영 연구용역 ,연평부대,458779167.0,90.3677,2022-02-10,금오공과대학교산학협력단,이병택,이창환,"부산광역시 해운대구 양운로42번길18, 8층 803호(좌동, 에이원웨이)",,45.9405,무인수상정 탑재운용 군 요구조건 도출 연구용역,군
밀리토피아 골프연습장 운영에 관한 연구 용역,국군재정관리단,77308204.0,63.4093,,김근우시스템공학기술연구소,한대일,박재범,"경상남도 창원시 진해구 용원북로17번길15-0 (용원동, 가온빌 101호)",89662131.0,86.6799,전투실험 연구용역,군
수중전술기기통제사 자격 신설 연구,공군본부,47556626.0,82.7615,,성균관대학교 산학협력단,손영일,박장권,경기도 성남시 분당구 판교역로 220(삼평동 673),,,과학에 기초한 장병 정신교육 연구용역,합동상호운용성기술센터
방위사업 교육포털시스템 ISP 수립 연구,국군재정관리단,,,2017-10-14,대륙씨엠아이 주식회사,김운용,이신영,"서울특별시 강남구 봉은사로114길 40, 홍선빌딩 2층(삼성동)",58213613.0,,17-추수평가 개선 및 환류방안 연구,중앙행정기관
인사교육장교 경력관리 개선을 위한 연구용역,국군재정관리단,2033719.0,87.7836,2020-03-26,주식회사 엔브이티,전건욱,정봉원,"서울특별시 용산구 한강대로62길41, 3층 (한강로1가)",213063718.0,87.5288,22-6차 연구장비 구매 계약(수정) - 시약및약품냉장고,군
(20F088-A)소음영향도 작성을위한 소음측정및분석용역,해군본부,27744800.0,58.484,,대지이앤씨산업 주식회사,임숙희,김종원,"서울특별시 강남구 논현로28길54-0 4층 (도곡동, 덕원빌딩)",171520508.0,87.7463,해병대 인력획득체계 분석 발전 방향 연구 용역,국군재정관리단
행정업무 간소화 개선방안 연구,해군군수사령부,,87.9607,2020-03-31,,,,,98320257.0,87.4333,미래 예비전력 역할과 적정규모 편성 연구용역,군
(237097-E) 연구활동재료(시약) 구매,방위사업청(운영지원과),,95.5958,2022-10-14,경운대학교 산학협력단,정영주,박계향,"서울특별시 영등포구 63로40, 202호(여의도동)",83158672.0,87.6758,지형분석용 차량(개조) 제조,중앙행정기관
21-375 분석기  주파수편이용 등 1품목,제9691부대,16122930.0,87.663,2018-01-03,(주)론스텍,권선애,,경상남도 창원시 진해구 웅동로162-0,185590974.0,87.6713,함정 도면관리를 위한 SW개발 연구용역,국군재정관리단
전파영향평가 방법 비교분석 및 실증 연구,제9691부대,41126055.0,,,(주)에프오알엠도시건축공간연구소,양금식,이광수,"대전광역시 유성구 대학로 99(궁동, 충남대학교)",58839294.0,,소규모 정보체계 개발방법론 연구,국군재정관리단
스위치 누름식(연구개발),국군의무사령부,18498844.0,,2018-10-01,노무법인 최상인업,남궁복자,이은경,"서울특별시 구로구 디지털로34길55, 1008호 (구로동, 코오롱싸이언스밸리2차)",,87.8417,22년 계룡스파텔 시설개선사업 선행연구 용역,제9691부대
기술인력육성 보조사업자 운영성과평가 및 연구,국군재정관리단,,94.1602,2023-06-08,(재)한국해양전략연구소,김진욱,오세형,충청남도 계룡시 서금암3길16-3 (금암동) 101호,101560924.0,87.5074,19-TSCE 기반 함정 체계통합방안 연구 용역,국군재정관리단
M-MOOC 체계 고도화 발전방안 연구용역,공군군수사령부,,,2020-10-27,,박광섭,,,214100749.0,87.2921,(23F225-I)지형분석 S/W(Arc GIS) 교체사업 금융리스,중앙행정기관
전시 급식지원체계 개선방안 연구,육군교육사령부,100376734.0,95.2975,,주식회사 지니클라우드,조홍덕,유선희,"서울특별시 강남구 영동대로602, 6층 E170호(삼성동)",96533480.0,,(22F064-I)과학화동원훈련체계발전방안연구용역,기관
전력지원체계OMS/MP및RAM분석/LSA적용방안연구,한미연합군사령부,172293903.0,,2022-12-11,주식회사 대경코리아,조상환,변영경,서울특별시 영등포구 영등포로35길10-0 (영등포동6가) 8층 809호,57339792.0,58.6376,미래 복합전투체계 운용개념/전투실험방법 연구용역,국군재정관리단
강릉병원 기능조정 연구용역,국군재정관리단,121948648.0,,,성균관대학교 산학협력단,신인균,김준우,"서울특별시 용산구 한강대로62길41, 3층 (한강로1가)",204225758.0,87.506,상호운용성 전문화교육체계 연구,기관
발칸교전모의기 선행연구용역,국군재정관리단,142656705.0,93.5488,2020-10-03,에스앤에스이앤지 주식회사,권시형,조영진,서울특별시 금천구 디지털로130-0 남성프라자 9층 912호  (가산동),103743540.0,82.9165,21-1차 개념설계 기술지원 연구용역,중앙행정기관
항공무기정비분야 안전관리체계 고도화방안 연구용역,국방부(운영지원과),,88.0338,2018-01-28,사단법인 한국드론혁신협회(KDIA),이재평,,서울특별시 동대문구 경희대로26-0 (회기동),,,국방컨벤션 발전방향 연구용역,중앙행정기관
기술연구 환경구축 PC사업,해군본부,36118945.0,,,(재)한국해양전략연구소,한민구,김용오,"서울특별시 강남구 언주로527, 10층 (역삼동)",,,K2전차 3차 양산 사업분석,중앙행정기관
국방혁신 연계 예비군 전력증강 및 운용방안 연구,육군군수사령부,,88.1582,,주식회사 바른프린테크,정의승,박성철,"서울특별시 강남구 언주로527, 10층 (역삼동)",,,군용항공기를 활용한 공중발사체 운영방안 연구,중앙행정기관
신분별 직무분석을 통한 적정 계급구조 연구,육군본부,118244696.0,58.1586,2020-10-02,,,,,208703441.0,,(216162-B)차륜정비장비(분석기  차량엔진용) 구매,국군재정관리단
국방우주력 발전을 위한 민·군 기술협력 방안 연구,국군재정관리단,103381886.0,89.0845,,주식회사 지음지식서비스,김성찬,조해주,충청남도 논산시 양촌면 황산벌로1040,70667821.0,,2.75 유도로켓(차량탑재형) 시설사업 선행연구,중앙행정기관
22-해상기반 우주발사체계 개념 연구,국군제1068부대,63289463.0,,2021-05-17,주식회사 다윈에어로테크,,이은경,경상남도 창원시 성산구 가음로101번길22-6,104837424.0,87.3405,23-2차 의무사 조달 연구장비(분광광도계) 구매 계약,기관
국방인력획득 효율성 제고를 위한 발전방안 연구,육군본부,,87.8377,2017-02-18,주식회사 대경코리아,안완기,박은정,"서울특별시 강남구 테헤란로306, 13층(역삼동, 카이트타워)",,81.7541,해상종합전술훈련장 체계구축 사업 개념 연구,기관
함정 네트워크 설계 및 무선통신 발전방향 연구 용역,국군재정관리단,12502611.0,,2016-04-16,사단법인 대한민국공군발전협회,전건욱,이우학,"경기도 군포시 고산로148번길17-0, B동 1303호, 1304호, 1305호(당정동, 군포IT밸리)",95798980.0,93.6935,상층대기분석장비 유지보수,기관
고속전투정 기지건설 방안 연구 용역,국군재정관리단,134408829.0,87.8267,,(사)한국전략문제연구소,김회율,이재평,"서울특별시 강남구 언주로527, 10층 (역삼동)",177285929.0,,국방 인공지능(AI) 활용 실증기획 연구,군
함정 표준감항인증기준 수립 및 사업 영향성 연구,국군재정관리단,111927585.0,93.3283,,(사)21세기군사연구소,박길현,박계향,서울특별시 관악구 관악로1 (신림동),105531052.0,87.4073,미래 복합전투체계 운용개념/전투실험방법 연구용역,기관
12.정책현안연구(북한의전쟁수행...),국군재정관리단,331225146.0,88.0201,2023-10-18,주식회사 동빈글로벌,이미영,황병윤,"경기도 성남시 중원구 둔촌대로457번길27, 501호 (상대원동, 성남 우림 라이온스밸리 1차)",164248912.0,70.1162,공개SW 군 확산을 위한 정책수립 연구,제2062부대
자살사고 사후관리를 위한 치유프로그램 연구,특수전사령부,,,,(주)아인스에스엔씨,박병훈,배정원,서울특별시 동작구 흑석로84 (흑석동),,87.938,(연구소) 감정재료 구매,합동참모본부
신분별 직무분석을 통한 적정 계급구조 연구,공군본부,48491405.0,,2017-12-02,사단법인 안보경영연구원,김민지,이재평,"대전광역시 서구 대덕대로319, 2층 212호(월평동, 우림빌딩)",82631897.0,87.5434,국방과학기술 전문인력 소요분석 연구,국군재정관리단
CMMC 관련 통합실태조사 개선안 연구,국군재정관리단,46517032.0,,2017-04-09,주식회사 사이버앤네트워크연구원,김화영,김해리,,,87.3315,20-함정 전기추진체계 관련 군요구조건 도출방안 연구,중앙행정기관
22년 분석실험실 상용 SW 구매,해군군수사령부,25272368.0,,2021-01-17,주식회사 좋은소리,,김하근,"인천광역시 미추홀구 주염로58, 620-1호(주안동, 주안시범공단)",,87.4255,열중량분석기 등 1종 구매,중앙행정기관
북한의 기뢰전 전술 분석 및 대응책 연구,국방부(운영지원과),,87.6918,,사단법인 안보경영연구원,김윤혁,허진실,대전광역시 동구 대전로889-4 (삼성동),,,공개출처정보(OSINT) 활용 사이버위협 분석방안 연구,중앙행정기관
전투발전 연구용역 과제 세미나 수행 용역,국방부(운영지원과),,87.7919,,,김진욱,윤정민,서울특별시 서초구 반포대로13-0 (서초동),105872159.0,,의무후송전용헬기 시설사업기본계획 연구용역,중앙행정기관
분석기  입자크기용 구매,공군군수사령부,98906400.0,94.9069,2020-03-10,,,,,,82.8433,17-방공관제사-4 보급수송 신호 분석기,기관
10.군사과학정책연구(인공지능...),국군재정관리단,,,2018-07-11,티엠시 주식회사,박정기,김진욱,전북특별자치도 정읍시 북면 북면공단2길87-0,98317351.0,87.4414,(227239-B) 악성코드 수집분석체계 라이선스 구매,중앙행정기관
정비공정 분석도구 구매,국방부(운영지원과),34698955.0,,,(주)에프오알엠도시건축공간연구소,김연수,유선미,서울특별시 강서구 양천로401 (가양동) 강서한강자이타워 B동1503~1506호,,,휴양시설  기숙사 민·관·군 개발운영 연구용역 ,국군재정관리단
24년 군 주거시설 개선사업 선행연구(24-GD-51),국방통합데이터센터,138245210.0,,2023-05-10,주식회사 에이치앤아이웍스,김수상,배용수,경기도 수원시 장안구 파장천로 31(),167293254.0,,대함유도탄 방어유도탄 양산사업 비용분석,국군재정관리단
효율적인 전투체계 창정비 방안 연구용역,공군교육사령부,13422053.0,89.1755,2019-01-16,,이희윤,김종원,경상남도 거제시 거제대로3370 (아주동),311810007.0,,공군 예비군훈련장 권역화 · 과학화 구축방안 연구,제9691부대
(226154-E) 차륜정비장비(분석기 차량엔진용) 구매,국방부(운영지원과),8163727.0,69.3007,2016-01-06,주식회사 엔지엠테크,정병훈,오석현,경기도 남양주시 진접읍 금강로1553-21 (신우아파트) 상가 112호,,87.5055,23년 항공관제 분석체계 유지보수,국군재정관리단
4차 산업혁명 주요기술 활용 안전관리 발전방안 연구,공군교육사령부,34060022.0,88.0921,,주식회사 와사비,유상호,최진영,서울특별시 강서구 양천로401 (가양동) 강서한강자이타워 B동1503~1506호,100524073.0,92.4984,의무피복류 보급기준 및 품질개선에 대한 연구,군
안보학술진흥연구용역(3.국내안보환경분석또는),제9965부대,149746134.0,87.7978,2022-01-19,(주)모던애드,김태호,이재평,충청남도 논산시 양촌면 황산벌로1040,117638022.0,87.2597,SUPPRESSED,중앙행정기관
민간우주기술을 접목한 육군우주력 발전방안 연구,제9691부대,107206758.0,87.8158,,주식회사 지음지식서비스,봉만수,,,192280811.0,,물류운영체계 개선 연구용역(21J040-B),중앙행정기관
[24-육-189] 과학화 동원훈련장 시범사업 추진 연구,국방부(운영지원과),132816676.0,,2020-05-05,티엔에스 주식회사,전건욱,석재민,"서울특별시 금천구 가산디지털2로184, 10층 1017호(가산동, 벽산디지털밸리2차)",474787481.0,88.1596,독점조달 및 계약비리 등 조달제도 개선방안 연구,중앙행정기관
국방 연구개발 법제 개선 연구,제7군단,124639391.0,88.2311,2024-01-24,케이엠글로벌,조홍덕,권경모,대구광역시 달서구 와룡로45길10-14 (죽전동),,,소형무장헬기 경제적 획득 방안 연구,연평부대
국제 해양영역인식 협력 방안 연구,국군재정관리단,19306363.0,,,한양대학교 산학협력단,김민균,이상규,"서울특별시 강남구 테헤란로69길5(삼성동,DT센터)",92606022.0,87.5739,21년 공군 자동면역분석기 시약 등 163종 구매,국군재정관리단
자동염기서열분석기 소모품 구매설치,국군재정관리단,126089762.0,,2023-03-23,(주)지디시스,조경호,신남선,서울특별시 강동구 양재대로1377 (성내동 삼원빌딩 408호),199313689.0,87.3521,KF-16 AIFF 점검 및 교환 기술 개발 연구 용역,중앙행정기관
대전병원 생화학자동분석기 소모품 60종 구매,제9965부대,27844145.0,87.9048,2020-04-09,,,,,204241025.0,87.26,무기체계 획득.운용 연구용역,제2879부대
연구소 장비(분광광도계 등 4종)구매,국군재정관리단,13321459.0,88.0768,2018-01-08,대양전기공업(주),한민구,장미선,,,,SUPPRESSED,군
230mm급 무유도탄사업 선행연구,방위사업청,,,,사단법인 한국선급,홍영기,전재신,"서울특별시 서초구 방배천로155, 유청빌딩 3층(방배동 821-8)",,,국방아키텍처 검증체계 발전 연구,군
우리군 통합체계지원 적용을 위한 발전방향 연구 용역,해군본부,105006084.0,87.7867,,(주) 웃샘,이덕수,이철호,경기도 수원시 장안구 하률로12번길80-0 (천천동),174989690.0,,자동염기서열 분석기 레이져 등 3종 구매설치,중앙행정기관
함 탑재용 무인항공기 선행연구,공군군수사령부,54409753.0,,2016-02-13,사단법인 한국국가전략연구원,김기돈,김동희,인천광역시 연수구 원인재로212 (연수동),183752740.0,87.524,철근콘크리트 방폭문 파괴거동분석 및 실증실험 연구,중앙행정기관
정신전력 평가도구 개발 연구용역,국방부(운영지원과),,87.6601,2021-05-10,주식회사 한컴인스페이스,,권민정,"경기도 하남시 미사강변한강로155, 1동 314호(망월동, 지식산업센터)",,52.9551,국방정보화 법률 개정방안 연구,중앙행정기관
[연구소] 유전자 자동염기서열 정비 및 검교정,국방부(운영지원과),133287170.0,67.8621,2023-03-26,한화오션 주식회사,심종욱,조현선,서울특별시 성북구 삼선교로16길116-0 (삼선동2가),86667359.0,87.6292,(207155-B) 액체크로마토그래피 이중질량분석기 구매,중앙행정기관
지상전술C4I체계 2차 성능개량 비용분석,국방부,131903706.0,77.705,2023-02-12,주식회사 안보기술연구원,임승택,이대영,"경상남도 창원시 마산합포구 해안대로91, 상가 205호(해운동, 경민시티빌)",,87.5234,(20F083-I)소음영향도작성을위한소음측정및분석용역,중앙행정기관
스펙트럼 분석기 구매,국군재정관리단,48983565.0,87.1718,2018-03-16,(주)코어시큐리티,전건욱,이종범,"서울특별시 금천구 가산디지털2로184, 10층 1017호(가산동, 벽산디지털밸리2차)",,,AI 적용 무기효과 산출 고도화 연구,중앙행정기관
수치해석을통한폭발하중받는강재구조물의거동분석용역,제9691부대,30033785.0,94.5142,2016-01-06,사단법인 대한민국 육군발전협회,이현석,김홍정,대전광역시 중구 수침로55번길19 (태평동) 장가빌딩 2층,,,해병대 과학화예비군 훈련장 발전방안 연구 용역,4284부대
방산물자 기술수준 및 경쟁가능성 심화 조사 및 분석,국군의무사령부,40718209.0,88.1864,2022-07-19,와이에스컴퍼니,,,"서울특별시 금천구 가산디지털1로181, 가산W센터 1401호,1402호(가산동)",,87.8602,무전기 전면판 회로카드 시험장비 개발 연구용역,국군재정관리단
국방 연구개발 법제 개선 연구,국방시설본부,130185799.0,87.9667,2018-01-09,주식회사 세명에스엠지,홍영기,,"서울특별시 용산구 청파로 40, 삼구빌딩 1815호(한강로3가)",86660582.0,,정기기초연구과제연구용역(4.국방우주학의이론..),국군재정관리단
잠수함 근무환경의 분석 및 건강모델개발 용역,4284부대,28698924.0,87.9078,2021-04-20,(주)프라이전트,강석균,양지혜,"서울특별시 금천구 가산디지털2로184, 10층 1017호(가산동, 벽산디지털밸리2차)",171342617.0,91.9758,(246311-E) 분석용 고성능 PC등 2품목 (리스자산),중앙행정기관
23-공군 리더십교육체계 발전방안 연구,국군수도병원,121332822.0,87.5531,2017-03-20,,김동준,,,,,유압유 미립자 분석기 교정키트 구매,중앙행정기관
T-50 캐노피 고정 구성품 내구성 시험 연구,방위사업청(운영지원과),,,,주식회사 한국직업자격연구원,주인웅,김중곤,경기도 남양주시 진접읍 양진로816-28,56877627.0,,BLT급 쌍방훈련 제병협동훈련장 구축 연구용역,국군제1068부대
해병대사령부 통.폐합과 재창설에 관한 연구용역,국방부(운영지원과),32325531.0,87.8858,,한성대학교 산학협력단,신승호,김형민,"서울특별시 강남구 언주로527, 10층 (역삼동)",90193845.0,92.0274,민사분야 연구용역(2-1),중앙행정기관
정보역량 강화 연구용역,국군재정관리단,,,,주식회사 비용관리연구원,한창모,전재신,"서울특별시 금천구 가산디지털1로145,12층 1207호(에이스하이엔드타워3차)",,87.5225,원주기지 활주로 재포장사업 선행연구 용역,중앙행정기관
공개출처정보(OSINT) 활용 사이버위협 분석방안 연구,국군재정관리단,114963770.0,58.8315,2020-10-24,,김진원,,"충청남도 논산시 대학로 121, 건양대학교 산학협력단(내동)",94192357.0,87.6423,위험평가를 위한 공격표면 및 평가방법 연구,군
19-2-00사 터널형 탄약고 신축 타당성 검토 연구 용역,국군재정관리단,30001819.0,88.018,2020-05-09,,최창식,유재웅,"경기도 용인시 처인구 명지로 116, 명지대학교(남동)",76631140.0,87.6091,방공포병 모의훈련체계 구축 가능성 연구용역,군
생화학분석기(contro serum Level1 등) 구매,방위사업청(운영지원과),46524293.0,87.8142,2020-05-14,인하대학교 산학협력단,임창욱,전대석,강원특별자치도 철원군 동송읍 금학로31-98,,76.1778,전시 공군탄약소요산정 모델 개선ㆍ보완 연구,합동참모본부
230mm급 무유도탄사업 선행연구,해군작전사령부,39484034.0,89.9538,2021-06-26,사단법인 한국기업연구원,김영욱,윤미경,"전북특별자치도 군산시 임피면 호원대3길 64,",411623078.0,94.0834,무기체계 안전성 시험평가방안 연구,군
[24-육-85] 무기체계별 EMP방호기술 적용방안 연구,국군재정관리단,4040955.0,86.1728,,주식회사 광원종합상사,이명식,문영옥,"서울특별시 서대문구 수색로138-0, 2층(북가좌동)",53494013.0,87.6119,효율적인 탄약 전력화 방안 연구,중앙행정기관
(22G079-I)국방IoT제품보안가이드라인수립연구용역,육군교육사령부,48465235.0,64.7345,,(사)대한영양사협회,김효근,,,,87.6361,TAS-815K 레이저거리측정기 시험장비 개발 연구용역,군
특수전지원함 등 2종 사업분석,국방부(운영지원과),34678644.0,,2016-01-06,주식회사 이수케이,김주희,김한음,"서울특별시 종로구 삼봉로81-0 (수송동, 두산위브파빌리온) 1137호",70873817.0,,22년 분석실험실 상용 SW 구매,중앙행정기관
연구개발 부품[캐피시터등50종1655점 구매],제5738부대,39396998.0,,2023-10-17,한국지식재산연구원,김희주,이연정,"서울특별시 용산구 한강대로211, 102동 1605호(한강로1가, 대우월드마크용산)",,66.1253,포병관측장비(TAS-1K)시험세트 분석장비 SW개선,기관
지형분석장비 구매설치,국군대전병원,50396863.0,,,경운대학교 산학협력단,김우경,조해주,광주광역시 서구 양동로41번길21-9 (양동),63497752.0,88.1019,ICT기반 입체영상 활용방안 연구 용역,제20전투비행단
함탑재정찰용 무인항공기 사업분석,국군수도병원,17563902.0,,,고메드,서수진,김재일,"서울특별시 강남구 논현로28길54-0 4층 (도곡동, 덕원빌딩)",,,22-11차 연구장비 구매 계약 - 의약품 냉동고,제2879부대
한국형 손상통제 모의훈련형 CBT 구축방안연구,국군의무사령부,,,,웰스,김도현,최은수,"서울특별시 금천구 벚꽃로254-0 (가산동, 월드메르디앙벤처센타) 1109호",,,22-수중광통신의 군사적 활용방안 및 운용효과 분석,군
국방 인공지능(AI) 활용 실증기획 연구,국군의무사령부,,78.4657,2020-11-12,에스앤에스이앤지 주식회사,곽재수,조대근,"서울특별시 금천구 가산디지털2로184, 10층 1017호(가산동, 벽산디지털밸리2차)",91512983.0,86.0671,죽변 비상활주로 민ㆍ민갈등 해소방안 연구,기관
AI를 적용한 화생방 드론봇 전력체계 연구 용역,국방전산정보원,68562672.0,,2021-08-17,바다메디칼,이숙,진수빈,"서울특별시 송파구 중대로135, 동관 1201호 (가락동, 아이티벤처타워)",77748741.0,88.0409,(23G250-I) 분석관리체계 금융리스,제3707부대
국방 모바일 환경 구축을 위한 기반 연구,육군교육사령부,,87.8127,,,,윤상석,,93102743.0,,부대개편이전사업 선행연구(00부대 등 4개 부대),중앙행정기관
퍼징기반의 국방 무기체계 SW 안전성 향상방안 연구,육군인사사령부,27266960.0,,2020-04-14,,김형철,황병윤,서울특별시 영등포구 영등포로35길10-0 (영등포동6가) 8층 809호,99635838.0,84.7739,군사과학정책 연구 용역(1. 국방 데이터....),중앙행정기관
미래 예비전력 정예화를 위한 동원개념 재설계 연구,국군복지단,,68.7192,2023-08-24,디아이에스아이앤씨 주식회사,강현순,박상욱,"서울특별시 서대문구 연세로 50, 연세대학교(신촌동)",71329517.0,87.7983,무기체계 안전성 시험평가방안 연구,제2307부대
함정 근무장병 육상지원 등 기준 제·개정 연구용역,합동참모본부,,,2017-09-10,상명대학교산학협력단,서경희,나인성,대전광역시 유성구 죽동로157-0 (죽동),,,특수작전용대형기동헬기 기종결정 평가방안 연구,군
미래 해양강군 해군비전 2045개정 방향 연구,공군본부,13012064.0,,2022-07-31,,곽재수,박계향,"서울특별시 용산구 청파로 40, 삼구빌딩 1815호(한강로3가)",114261577.0,87.3127,유전자감정장비(자동염기서열분석기)소모품 설치 납품,중앙행정기관
고출력레이저 위성추적체계 구축방안 연구,국군재정관리단,140024071.0,88.04,,노무법인 디와이,배용수,,"서울특별시 강남구 언주로527, 10층 (역삼동)",,,금속성분분석기 1대 구매,국군재정관리단
전투복 위장무늬  디자인 및 적용소재 연구용역,제3707부대,102121893.0,79.035,,주식회사 태양이엔지,,이기영,"서울특별시 서초구 반포대로14길 71, 엘지서초에클라트 2117호(서초동)",,91.7454,KOLAS 인정 기반 구축 연구용역,군
미래전장환경을 고려한 화력전력 대체방안 연구용역,제2879부대,120492065.0,,2023-02-24,,,이상규,경상남도 창원시 의창구 원이대로271 (봉곡동) 3층 314-C호,202196195.0,87.4204,방위사업청 방산원가구조 개선에 관한 연구,합동참모본부
23-D-종합발전수립 연구용역(B032),국군의무사령부,41767891.0,87.7103,2020-04-25,(주)에프오알엠도시건축공간연구소,,박병희,"서울특별시 금천구 가산디지털2로184, 10층 1017호(가산동, 벽산디지털밸리2차)",63990844.0,,대장균 정성분석키트 등 28항목 구매(물품 해파),국군재정관리단
[연구소] 유전자 자동염기서열 정비 및 검교정,국군재정관리단,,87.8546,,서울대학교 산학협력단,조만희,전수현,충청북도 청주시 흥덕구 비하로59-2 (비하동),,,수질분석기 등 2종 구매,중앙행정기관
23년 기술연구용역 계약 의뢰(3),국군재정관리단,,95.6508,2017-03-06,주식회사 윈미디텍,경상현,김지현,,,92.5385,전원공급기(분석기  교류  전원발생용)구매,군
00지역 실내공기질 개선 연구용역,국군재정관리단,141079621.0,79.6774,2017-10-31,기산건축사사무소,이희윤,안성원,대전광역시 유성구 노은로170-0 (지족동) 스타시티빌딩 6층,,,국방사업관리 자격신설 연구,중앙행정기관
작전지휘시설 신축 선행연구용역,공군본부,144314500.0,70.4765,,주식회사 삼우에이엔씨,,,서울특별시 강남구 학동로311(논현동) 타호비지니스센터 203호,364439420.0,87.8231,풍력발전기에 의한 레이더 영향성 분석용역,군
정보학교 사이버공간정보 연구용역,국군재정관리단,40372135.0,78.3522,,사단법인 대한민국해군발전협회,김윤혁,김동신,"대전광역시 서구 대덕대로319, 2층 212호(월평동, 우림빌딩)",74705781.0,85.658,생화학 자동 분석기 등 116종 구매(20197022-E),중앙행정기관
18~22 방위산업육성 기본계획 수립을 위한 정책연구,국군재정관리단,,,2021-02-13,서울여자대학교 산학협력단,유관우,신종현,"서울특별시 성동구 왕십리로363, 501호 (하왕십리동, 성동빌딩)",78485075.0,58.1223,4차 산업혁명 연계 군시설 관리체계 연구 용역,국군재정관리단
우주 무기체계 사업을 위한 계약적 보완 방안 연구,국군의무사령부,,87.7228,2017-08-19,사단법인 안보경영연구원,최희경,,서울특별시 강남구 논현로189길6 (압구정동),111728923.0,,한국군 전술데이터링크 표준화 및 발전방안 연구 용역,중앙행정기관
방위사업의 산업파급효과 계수 도출을 위한 연구,제9691부대,47030299.0,,2020-07-27,주식회사투씨엘시스템,이덕수,이수빈,울산광역시 북구 명촌18길8-1 (진장동),,,22년 수사데이터 연관 분석시스템 구매,기관
화기별·탄종별 사격장 안전 기준 정립 연구,국군재정관리단,8375445.0,87.7839,2020-06-22,,홍문기,박병희,"경기도 성남시 수정구 위례대로83(창곡동, 국방문화센터)",202214208.0,86.0204,공무원 징계와 군 징계의 비교법적 연구,중앙행정기관
23년 전투실험발전 연구용역(1),국방부(운영지원과),133728067.0,,2023-02-02,한국세라믹기술원,전건욱,박계향,충청북도 청주시 서원구 남이면 양촌2길10-1,171317120.0,87.6905,병력동원 지정 및 훈련체계 효율화 연구,국군재정관리단
표적획득 및 사격지휘체계 발전에 따른 포병효과 분석,국군의무사령부,,87.9589,,(사)한국전략문제연구소,박종선,최규식,"대전광역시 서구 대덕대로319, 2층 212호(월평동, 우림빌딩)",,87.5075,전평시 군수부대 기동화 방안 연구용역,국군재정관리단
24-공군 적정 상비병력 규모 연구 용역,국군재정관리단,,,2017-05-17,해동청역사문화연구소,김형철,,서울특별시 영등포구 여의대방로43나길20-0 (신길동),202273725.0,,21-해양무인체계에 필요한 핵심기술 연구,국군재정관리단
조사분석 라이선스 구매,국방부조사본부,0.0,60.9635,,(사)한국안보문제연구소,,,"서울특별시 강남구 언주로527, 10층 (역삼동)",,87.4649,0000 00 체계 분석 자재 구매,중앙행정기관
지상무인차량사업 종합평가 추진 시 평가방안 연구,국군대전병원,44771929.0,68.904,2017-12-08,주식회사화인시스텍,최경환,박계향,,82109853.0,87.9809,(20F058-A)소음영양도작성을위한소음측정및분석용역,제20전투비행단
4차 산업혁명 연계 군시설 관리체계 연구 용역,4284부대,,,2017-11-09,휴뷰티,장순호,오세형,"서울특별시 서초구 서운로 226, 서초오피스텔 404호(서초동)",,,국방특허 권리이전 업무를 위한 특허 권리분석(1차),군
잠수함 훈련장비(저주파분석 등 2종) 유지보수 용역,국군의무사령부,,,,주식회사 윌비시스,오정환,송유근,,110819035.0,85.1405,우수 과학기술 인재의 국방(군) 분야 활용방안 연구,기관
예비군훈련 적정 보상비 연구,합동참모본부,17114547.0,,2023-04-04,주식회사 안보기술연구원,서은진,이경생,"인천광역시 부평구 충선로73번길23-0 (부개동, 시티하우스2동)",203492604.0,,안정화지역 기반시설 복구방안 연구,중앙행정기관
[연구소] '22-2차 감정재료 구매,공군군수사령부,36049263.0,78.8577,2020-12-12,배재대학교 산학협력단,김형철,김영삼,"경기도 군포시 고산로148번길17-0, B동 1303호, 1304호, 1305호(당정동, 군포IT밸리)",92634954.0,,군수부대 저장시설 기동화 방안 연구용역,중앙행정기관
신기술·우수제품 지침 및 매뉴얼 개정 연구용역,공군군수사령부,141976444.0,,2016-01-06,경희대학교산학협력단,,이동화,"서울특별시 용산구 청파로 40, 삼구빌딩 1815호(한강로3가)",98407505.0,93.7317,수질분석기등 3종,기관
안보학술진흥연구용역(4. 한국의군사전략및),육군본부,,94.5046,2017-10-24,사)국방정보통신협회,정운찬,김연,"경기도 성남시 수정구 복정로84번길 22-15,(B-001호) (복정동)",164192832.0,92.6077,해군교전급분석모델(Build-I) 체계개발사업,중앙행정기관
2017년 범국민 안보의식조사 연구용역,국군재정관리단,,,2017-11-14,주식회사 혜성산업,최영복,고윤안,충청남도 서산시 해미면 한서1로 46 한서대학교내산학협력단,,87.5177,상호운용성 정보보증 평가기준 고도화 방안 연구,중앙행정기관
중형기동헬기(UH/HH-60) 성능개량사업 비용분석,국방부(운영지원과),,87.8487,2021-04-25,주식회사  인섹시큐리티,임지연,우재봉,"경기도 성남시 수정구 복정로84번길 22-15,(B-001호) (복정동)",86358300.0,,패트리어트 PAC-3 유도탄(2차)사업 선행연구,중앙행정기관
사이버 기술연구 환경구축 SW(라이선스) 구매,국방부(운영지원과),,96.4537,2021-12-09,우석대학교 산학협력단,김효근,양선희,"서울특별시 금천구 가산디지털1로1-0 (가산동, 더루벤스밸리) 1208호",,61.595,방산업체 방위산업기술 보호역량 강화방안 연구,국군재정관리단
(20F157-I)12.7mm 파쇄탄 정부투자 연구개발 사업,국군의무사령부,,87.846,2016-01-06,한국여성정책연구원,안명수,한소희,울산광역시 북구 명촌18길8-1 (진장동),184023123.0,,부대개편이전사업 선행연구(00부대 등 4개 부대),제2879부대
미래혁신을위한육군조직문화진단및실천지표연구,합동참모본부,138116866.0,94.5069,,무역안보관리원,전건욱,,충청북도 청주시 흥덕구 옥산면 덕촌삼성골길16,85110158.0,,RAM 및 군수지원분석 방법 선진화 연구(2차),중앙행정기관
화생방 연구활동 재료 시약 구매,제9691부대,,,,한성대학교 산학협력단,장순호,,"경상남도 창원시 성산구 완암로50-0, 메카동 813호(성산동, SK테크노파크)",114804032.0,,22-수중광통신의 군사적 활용방안 및 운용효과 분석,국군수도병원
해병대 정체성 향상 프로그램 교육체계 설계 연구,국군재정관리단,23728119.0,,2022-05-10,한양대학교 에리카산학협력단,박홍련,박진호,"경기도 성남시 중원구 광명로94번길14, 지하1층(성남동)",,92.4107,정기기초연구과제연구용역(7.미래안보상황에..),중앙행정기관
19-운용함정 소음 진동 성능점검 기술연구 용역,국군재정관리단,,,2020-10-16,,장순호,이수행,"서울특별시 강남구 언주로527, 10층 (역삼동)",108505602.0,,물증류기  분석용 순수제조기 구매 설치,중앙행정기관
미래 우주전장 분석 및 공군 우주전략 수립 연구용역,국군재정관리단,,87.9754,2018-04-06,제일공사,고윤안,박수연,대전광역시 서구 배재로 155-40배재대학교산학협력단,38144867.0,87.5464,보코더 특성분석 플랫폼 개발 연구용역,군
17-리더십 진단도구 개발 연구용역 계약,해군군수사령부,38176110.0,87.6509,2017-01-08,주식회사 좋은소리,이희윤,최미락,서울특별시 서초구 방배로19길21-0 (방배동),1615939302.0,,해양 무인무기체계별 효과도 분석 통한 전력소요 검증,중앙행정기관
방위사업 분야 블록체인 적용방안 연구,제7군단,8541463.0,,2022-12-26,산업연구원,안은희,송유근,대전광역시 동구 대전로889-4 (삼성동),,77.8743,민군 상생을 위한 훈련장 최적환 관리방안 연구,중앙행정기관
디지털 증거분석 수사체계 도입(218091-A),공군본부,179224572.0,87.6661,2020-05-05,재단법인 한국군사문제연구원,권시형,구종우,"경기도 안양시 동안구 벌말로126 (관양동)오비즈타워1903호,1904호",63729625.0,87.5415,재투자 의무장비 구매(1차) - 요분석기,국군재정관리단
00기지 저주파분석 훈련장비 유지보수 용역,합동참모본부,20011357.0,96.4423,2016-08-07,건축사사무소 모인건축,정원섭,이미란,서울특별시 마포구 효창목길11-1 (공덕동),,81.6339,소형무장헬기 양산사업 비용분석,제2307부대
휴대용핵종분석기 구매,국군재정관리단,,96.0338,,주식회사 사이버앤네트워크연구원,김종광,,대전광역시 유성구 테크노4로17-0 (관평동) 대덕비즈센터 D동 612호,140819621.0,87.6181,21-04-142 신호분석기 등 3 품목,중앙행정기관
금속성분분석기 1대 구매,육군교육사령부,,95.8362,2022-07-14,국방대학교산학협력단,박정기,장미선,서울특별시 서초구 서운로1길34-0 (서초동),179701921.0,92.9091,음원수집장비 및 음원분석 워크스테이션 구매,중앙행정기관
24년 간부 파트너십 교육프로그램 개발 연구 용역,육군군수사령부,39650213.0,87.8374,2020-04-20,한국환경설계(주),이성로,,"서울특별시 성동구 성수이로22길37, 803호(성수동2가, 아크밸리)",190207601.0,,군사사연구총서 용역 계약,중앙행정기관
국방·군사시설기준 부분개정 연구용역,국군재정관리단,105868905.0,89.6704,2019-03-21,(사)한국산업기술보호협회,박영욱,,"서울특별시 서초구 서운로 226, 서초오피스텔 404호(서초동)",197304374.0,87.453,잠수함 훈련장비(저주파분석  대함모의) 유지보수용역,국군수도병원
24-F-분석기  주파수편이용 장비 구매,제9691부대,141536054.0,,2022-12-22,주식회사 가이온,김재영,이종명,세종특별자치시  시청대로370 세종국책연구단지 사회정책동,77223923.0,,사이버 기술분석용 라이선스 구매,국군재정관리단
의무장비(자동분석기 생화학용중형) 구매(20197014-D),합동참모본부,115674183.0,95.1468,2017-12-05,(주)디앤오종합건축사사무소,최규식,변영경,"서울특별시 마포구 성산로2길55, 602호(성산동, 샤인빌딩)",209029794.0,84.5404,육군 로고를 군수품에 적용하는 방안 연구,중앙행정기관
미래특임 및 항공 통합 특임여단 편성방안 연구용역,국군재정관리단,14564775.0,,,에스앤에스이앤지 주식회사,김병권,송유근,"서울특별시 금천구 가산디지털2로184, 10층 1017호(가산동, 벽산디지털밸리2차)",,87.5207,감정장비(자동염기서열분석기 등 2종) 검교정 용역,중앙행정기관
최적의 우주기지 선정 연구,국방부(운영지원과),,62.8521,2023-07-28,주식회사 남양메디칼,전건욱,임창욱,"경기도 용인시 기흥구 덕영대로1732-0 (서천동, 경희대학교 국제캠퍼스내)",68529532.0,87.5409,국방정보통신장비의 효율적 운영관리 방안 연구,중앙행정기관
상륙작전에 적합한 4.2대체전력 확보 연구 용역,육군본부,,,2016-01-06,와이파이컴퍼니,전건욱,,,,87.4338,특수작전용대형기동헬기 시설사업기본계획 연구용역,중앙행정기관
국방표준화 개발을 위한 협력기관 지정 활용방안 연구,육군본부,29597463.0,,,서울과학기술대학교 산학협력단,박종호,최영복,강원특별자치도 삼척시 중앙로230-0 (남양동) 3층,,66.055,24-해병-이동식 취약점 분석평가 도구(상용SW) 구매,합동참모본부
(246072-F) 분석기 스펙트럼용 구매,해군군수사령부,,65.2708,,(사)한국위기관리연구소,유훈,조동원,"서울특별시 마포구 마포대로 173, 현대하이엘 816호(공덕동)",75558595.0,85.8395,워리어 플랫폼 후속군수지원 방안 연구,군
부대재배치 선행연구 용역(2019F065-B),국군재정관리단,140986320.0,78.6308,,한양무선통신,민광기,경상현,경기도 화성시 동탄첨단산업1로14-0 (영천동)  KTX밸리 707호,81253727.0,87.492,0000 00 체계 분석 자재 구매,중앙행정기관
무기체계 유형별 맞춤형 R&D 수행절차 연구,제9691부대,51973717.0,,,,고윤안,이춘근,"서울특별시 금천구 가산디지털2로184, 10층 1017호(가산동, 벽산디지털밸리2차)",79982504.0,87.6164,유류시험장비(황분분석시험기 등 4종) 구매,제9691부대
해병항공해상운용을위한동원선박운용개념연구용역,방위사업청(운영지원과),22274470.0,,2020-12-27,세종대학교산학협력단,정주교,이희국,"서울특별시 강남구 언주로527, 10층 (역삼동)",154823077.0,,전시자원소요분석모델 장비 교체사업 리스,국군재정관리단
17-군 세차 폐수처리시설 운영 개선방안 연구용역,국군화생방방호사령부,34191648.0,87.5928,2020-11-24,CAT,박정기,김지영,"서울특별시 금천구 가산디지털1로171, B208호(가산동, 가산 에스케이 브이원 센터)",,87.6415,주파수변환기 대체품 연구개발 용역(2019H028-B),기관
아웃도어용식량의 전투식량 활용 및 비축 타당성 연구,국군재정관리단,10838962.0,,2023-03-19,유한회사 한빛기업,박광섭,이경순,"서울특별시 강남구 언주로527, 10층 (역삼동)",101423306.0,87.3339,국방 안전환경 분석 및 안전교육 정책 발전 방안 연구,중앙행정기관
(21F093-K)'22년~'23년 작전지속지원분석모델유지보수,국방부(운영지원과),,94.3434,2020-06-01,주식회사 지니클라우드,,김동희,"서울특별시 용산구 청파로 40, 삼구빌딩 1815호(한강로3가)",88007058.0,92.9895,22-병력절감형 Smart Battleship 함정 설계연구,국군재정관리단
군 사이버훈련장 활용을 통한 사이버전 대응전력 연구,국군재정관리단,44752207.0,87.8348,2016-01-06,한국생산성본부,박준빈,박소연,"서울특별시 용산구 청파로 40, 삼구빌딩 1815호(한강로3가)",58039944.0,92.7076,통신전자장비 전계강도 측정분석장비 개발,군
디지털 증거분석 수사체계 도입(218091-A),방위사업청(운영지원과),52999246.0,90.389,2021-04-25,소프트플로우 주식회사,전건욱,안민식,"경상남도 창원시 성산구 완암로50, 넥스동 704호(성산동, SK테크노파크)",,85.4078,18년 수송기술 용역연구,중앙행정기관
대용량 유전자데이터 분석 파이프라인 및 가시화 연구,제9691부대,25112111.0,80.9362,2021-04-11,,,,,87834611.0,87.3028,(20G056-I)빅데이터 분석체계 구축사업 금융리스,중앙행정기관
병력책정기준(정보통신분야 임무/기능 적절성 연구),국군재정관리단,101557515.0,86.7594,,주식회사 한솔엔지니어링글로벌,김유진,함혜련,경상북도 경주시 동대로 123(석장동),76348823.0,86.6769,범국민 안보의식조사 정책대안 연구용역,국군재정관리단
K21장갑차 전자모듈조립체 정비기술개발 연구용역,해군본부,18483218.0,88.7206,,(주)에프오알엠도시건축공간연구소,,이상규,"서울특별시 노원구 광운로 20(월계동, 광운대학교)",,87.378,육군 핵심가치 실천수칙에 관한 연구 용역,중앙행정기관
민간인력 편성기준 연구(2019K003-B),국군재정관리단,124522672.0,,2020-04-11,주식회사 한국건설경영기술원,정의붕,이희섭,"대전광역시 서구 대덕대로319, 2층 212호(월평동, 우림빌딩)",591601732.0,,기술성숙도평가(TRA) 내실화 방안 연구,국군재정관리단
2018년 서울안보대화 사이버워킹그룹 지원 연구,국군재정관리단,354565241.0,87.1928,2021-03-15,서울여자대학교 산학협력단,김규형,임규옥,"서울특별시 성동구 성수일로4길25, 16층 (성수동2가, 서울숲코오롱디지털타워 1차)",,61.2455,수직이륙형UAV 기지건설 가능성에 관한 연구용역,중앙행정기관
다원적 민주주의 사회의 장병 정훈교육 방향 연구,제9691부대,29283033.0,87.8532,2016-01-16,(주)에프오알엠도시건축공간연구소,,박세원,"서울특별시 금천구 가마산로96, 1510호 (가산동, 대륭테크노타운8)",111908710.0,,SUPPRESSED,중앙행정기관
무선망 전파분석장비 노후 교체,공군본부,229993573.0,91.2904,2023-01-30,(사)21세기군사연구소,윤미경,홍명성,"인천광역시 남동구 인주대로591번길64, 410호(구월동, 타원벨라움)",51894423.0,80.5727,부품국산화율 산정방식 등  제도 개선방안 연구,기관
차세대 첨단함정 건조가능성 검토 연구용역(III),공군본부,53098637.0,,,(사)21세기군사연구소,조명지,김재욱,"서울특별시 용산구 한강대로30길25 (한강로2가, 아스테리움 용산) 11층 2호",,,인공기상조절 연구용역,군
감염 및 외상분야 군의료 특성화 연구,육군교육사령부,11790676.0,,,한남대학교 산학협력단,박충권,이태훈,대전광역시 유성구 유성대로1646-0 (전민동),,,22년 기술연구용역 계약(4),국군재정관리단
표적획득 및 사격지휘체계 발전에 따른 포병효과 분석,국방대학교,62318666.0,79.8337,,디와이아이앤씨주식회사,김근우,이다정,"서울특별시 강서구 양천로401 (가양동), B동 801호",,,정보체계 취약점 진단을 위한 모의환경 구축방안 연구,국군재정관리단
분석기  전해용액용 1종 구매,국군재정관리단,107883584.0,87.8411,2023-05-19,주식회사 우정바이오,이광형,박계향,"서울특별시 강남구 언주로527, 10층 (역삼동)",84246310.0,87.4204,대전병원 생화학 자동 분석기 소모품 20종 구매,국군재정관리단
사단 간부숙소 신축 선행연구 용역,국군재정관리단,57343550.0,87.9532,2017-01-07,,서동환,권소영,경상남도 함안군 칠북면 삼칠로 1826티엠시 (주),,93.2908,국방해킹범죄수사센터 상황분석 시스템 구축,중앙행정기관
K1A1전차 성능개량 사업분석,국방부(운영지원과),15241316.0,,2018-05-06,한국건설기술연구원,정영주,이신영,"서울특별시 금천구 가산디지털2로184, 10층 1017호(가산동, 벽산디지털밸리2차)",156987344.0,87.607,상층대기분석장비 유지보수,군
음원수집장비 및 음원분석 워크스테이션 구매,국군재정관리단,,89.121,2023-06-20,(주)시큐에이스,강남기,이대용,,,87.3805,전투하중을 고려한 인체공학적 개인군장체계 연구,중앙행정기관
포렌식 분석장비 긴급보강 사업,육군교육사령부,25689359.0,,2018-01-07,주식회사 에이치더블유,전건욱,김진수,경기도 광주시 도척면 다람로36번길45-13,62519500.0,87.6797,국방 클라우드 확산 정책 연구 용역,중앙행정기관
공군 무기체계 EMP 방호능력 향상 방안 연구,육군교육사령부,129799413.0,,2018-06-17,주식회사 신나는세상,김재일,이정원,서울특별시 서초구 방배로19길21-0 (방배동),,93.62,(216328-C) 지형분석장비 교체사업(리스물건),중앙행정기관
PLS세트 선행연구 용역,국군재정관리단,,,2021-05-19,주식회사 좋은소리,최동양,김동국,서울특별시 강서구 양천로401-0 (가양동) B-407,149710712.0,86.9866,주요 군사선진국의 공군조직 발전방향 분석,군
정보통신기능 성능개량 체계 구축 연구 용역,국군재정관리단,,,2017-08-25,(주)엔큐컨설팅,박종선,서재달,"서울특별시 서초구 신반포로303, 101호 (잠원동, 에스엘빌딩)",82990134.0,87.4069,미래 특수작전수행 개념과 전력발전 소요 연구용역,중앙행정기관
감염 및 외상분야 군의료 특성화 연구(2차),국군재정관리단,29314467.0,87.8803,2017-04-03,사단법인 안보경영연구원,정창호,김수정,"서울특별시 강남구 언주로527, 10층 (역삼동)",90841149.0,87.4428,공군 소프트웨어(SW) 인력관리 표준방안 연구,중앙행정기관
해무극복용 영상감시체계 선행연구용역,국군재정관리단,,94.712,,사단법인 안보경영연구원,박종재,김지혜,"서울특별시 용산구 청파로 40, 삼구빌딩 1815호(한강로3가)",88284901.0,87.6319,신규 유도무기 적정 신뢰도 유지방안 연구,중앙행정기관
19-2-00사 터널형 탄약고 신축 타당성 검토 연구 용역,국방부(운영지원과),120279186.0,80.031,,한국법제연구원,이헌웅,안병선,"경상북도 포항시 남구 청암로77 (효자동, 포스텍)",,55.313,군사시설 유형별 시설기준 제 개정 연구,중앙행정기관
무인항공기 무인비행장치 전문 운용사 자격신설 연구,제9691부대,82976708.0,77.6842,,주식회사 한솔엔지니어링글로벌,유인목,김성연,"서울특별시 송파구 법원로9길26, D동 1104호(문정동, H-비즈니스파크)",177264385.0,,국방 전력발전체계에서의 전투실험체계 정립 연구용역,기관
교육연구자료 원문 DB 구축 용역,방위사업청(운영지원과),30926363.0,66.7378,2020-04-16,(사)한국전략문제연구소,민명복,,"서울특별시 금천구 가산디지털2로184, 10층 1017호(가산동, 벽산디지털밸리2차)",,,(20F066-A)소음영향도작성을위한 소음측정및분석용역,군
[상층대기 분석장비]회로카드 조립체 등 4종 구매,제3697부대,352927308.0,,2016-08-15,넥스케이드,신범수,임혜정,서울특별시 영등포구 여의대방로43나길20-0 (신길동),,86.978,유압유 미립자 분석기 교정키트 구매,연평부대
20-실전적 시뮬레이터 구축방안 연구,합동참모본부,10882354.0,87.6438,2022-02-10,티엔에스 주식회사,정형수,,,100579594.0,87.556,18-공군 비행교수법 교육 프로그램 개선 및 개발 연구,기관
항-19-082 자동면역분석기 시약 등 27종,국군재정관리단,63872088.0,87.8574,2020-04-17,,경상현,,"서울특별시 영등포구 국제금융로8길25, 6층 607호 (여의도동, 주택건설회관)",,,군 의사결정 지원을 위한 빅데이터 활용방안 연구용역,국군재정관리단
22-4-작전지휘시설 신축 선행연구용역,국군재정관리단,,90.6802,,에스텍아이앤씨 주식회사,서은진,권시형,"인천광역시 서구 로봇랜드로155-11 (청라동), 5층 504호",,94.2461,12.7mm 파쇄탄 선행연구 용역,국군재정관리단
분석기 구매,국군재정관리단,63354726.0,88.5301,,(사)21세기군사연구소,이진형,오중택,"서울특별시 금천구 가산디지털2로184, 10층 1017호(가산동, 벽산디지털밸리2차)",,,V-C 체계간 연동기술 연구,합동참모본부
국내개발 항공기 성능개량 및 관리방안 연구용역,국군재정관리단,,,,주식회사우정상사,한영수,,"서울특별시 강남구 남부순환로365길 5, 중명 213(도곡동)",92715657.0,,군 급식 민간위탁 시범사업 성과분석 연구,군
군 성폭력 사건 분석 연구,해군군수사령부,34470849.0,79.1254,,(주) 한국능률협회컨설팅,김금남,박지은,"전라북도 군산시 임피면 호원대3길 64,",99432080.0,,국방정책연구과제 연구용역 계약,중앙행정기관
2023년 서울안보대화 프로그램 기획 및 발전방향 연구,국군재정관리단,,89.0215,,국방대학교산학협력단,유흥배,방윤지,경상북도 구미시 산동읍 강동로730,,87.7814,육군 NCS직무표준화 및 군내 활용방안 연구 용역,군
21-해-성분분석기 구매,육군본부,26555012.0,,2020-04-28,,전건욱,,서울특별시 서초구 서초동1432-13 202,,92.4223,민수용 드론의 비행기지 작전지원 활용방안 연구,중앙행정기관
중금속 가열분석기 1항목 구매(물품),해군본부,29014658.0,,2016-01-06,주식회사 쏠바이오텍,허정행,,대구광역시 달서구 와룡로45길10-14 (죽전동),90666555.0,87.5518,군사력건설을위한 미래국방정책 및 합동작전개념연구,중앙행정기관
공군 소프트웨어(SW) 인력관리 표준방안 연구,국방부(운영지원과),22457203.0,,,주식회사 리얼웹,강우철,민희숙,부산광역시 사하구 구평로16번길 71(구평동),99251455.0,86.0023,(20F172-I)00부대 라돈저감방안 연구 용역,중앙행정기관
항공기 시동장비(편제장비보강사업) 사업분석,공군본부,,95.3244,,씨엠티정보통신(주),유재수,박진호,"경기도 수원시 영통구 월드컵로 206(원천동, 아주대학교)",220240533.0,,기초비행훈련용헬기 조종계통 시험장비 개발 연구용역,중앙행정기관
민사분야 연구용역(2-1),국군화생방방호사령부,425633882.0,88.0109,,(주)오성인피니티,이헌웅,이우학,"인천광역시 미추홀구 주안동로25번길47-11, 302호(주안동, 경일하이빌)",,,16-상층대기 분석장비 외주정비,국군재정관리단
국내 한도액계약 및 성과기반계약 활성화 방안 연구,육군교육사령부,,87.9659,,주식회사 보스테크,이영환,전희수,서울특별시 구로구 신도림로11길9-64 (신도림동),73819748.0,87.4534,비전통위협 국방대응체제 발전연구,중앙행정기관
자동전사시스템 연구 용역,공군본부,125475142.0,87.9872,2017-12-01,국방기술품질원,김종수,김병찬,"경기도 안양시 동안구 학의로268, 7층 708호 (관양동, 안양메가벨리)",,76.9714,군 간부 자살 특성 및 간부 자살예방시스템 연구,중앙행정기관
유도탄 검사장비(00체계 가스분석기) 정비,방위사업청(운영지원과),,92.7275,2018-05-09,에스앤에스이앤지 주식회사,이세영,윤병찬,서울특별시 서초구 과천대로946 (방배우성아파트 상가) 302호,,87.709,SUPPRESSED,국군재정관리단
24-방공관제 작전제한 해소 추가레이다 설치방안 연구,국방부(운영지원과),,88.3243,2016-08-16,재단법인 에프아이티아이시험연구원,김정윤,남궁성호,경상남도 거제시 거제대로3370 (아주동),92027033.0,87.6412,24-공군 적정 상비병력 규모 연구 용역,중앙행정기관
KAAV-II 운용 및 요구사항 연구용역,제2879부대,144656420.0,,2020-12-30,육군사관학교 산학협력단,이홍민,,서울특별시 송파구 올림픽로505-0 (풍납동),59226680.0,87.5907,공군 전장망 소스코드 취약점분석체계 교체사업,중앙행정기관
분석기  입자크기용 구매,국방부(운영지원과),37102284.0,,,재단법인 한국군사문제연구원,김운용,이도형,"경기도 고양시 일산동구 고봉로 26-14, 양우로데오랜드 A동 304호(장항동)",71250022.0,87.5533,군 실내공기질 관리 개선방안 연구용역,기관
다목적훈련지원정 후속함(양산)사업 비용분석,제9691부대,,,2016-01-06,,,,경기도 고양시 덕양구 권율대로656-0 (원흥동) 17층 1739호,,,IoT 기반 전군 공통 서비스 발전방향 연구,군
00군단 0포병단 이전사업 선행연구 용역,육군교육사령부,39280682.0,,2018-03-12,선테크 주식회사,김원헌,전호영,"서울특별시 금천구 디지털로173, 504호(가산동, 엘리시아지식산업센터)",174695388.0,87.9737,차세대 전투차량 발전방안 연구 용역,국군복지단
23년 비용분석모델(True Planning) SW유지보수 용역,국방부(운영지원과),,,2018-08-25,케이투웹테크(주),이창민,신훈길,대전광역시 유성구 죽동로157-0 (죽동),547211283.0,87.5432,22-공-분석기  주파수편이용 구매(229037-F),군
국방인력획득 효율성 제고를 위한 발전방안 연구,국군재정관리단,,87.8783,2018-04-23,,한대일,진수빈,충청남도 논산시 양촌면 황산벌로1040,,87.3676,19-헬기형 UAV 운용을 위한 함정설계 개념 연구,기관
00부대 정보체계 취약점 분석 시스템 구매,국방전산정보원,,,2020-03-27,법무법인(유한) 세종,안병선,,"경기도 성남시 수정구 위례대로83(창곡동, 국방문화센터)",102413818.0,,(236306-F)지형분석장비 교체사업(리스물건),중앙행정기관
직ㆍ간접 전투경험 공유확대 연구용역,공군사관학교,49980293.0,78.1191,2020-05-25,테크디,전건욱,정봉원,"대전광역시 유성구 가정로43-0, 101동 903호 (신성동, 한울아파트)",,,방산기술보호체계 발전방안 연구용역,중앙행정기관
「국방혁신 4.0 기본계획」 수정1호 발전방안 연구,제9965부대,,80.4125,,노무법인 최상인업,김하근,이대영,서울특별시 영등포구 의사당대로38 (여의도동) 101동 412호,79993961.0,87.7422,추진장약 안정제 분석시험용 재료 구매,중앙행정기관
계엄의 민주적 통제방안을 위한 법 제도 연구,국방대학교,,87.932,2020-10-18,,이도형,김승준,울산광역시 동구 방어진순환도로1000-0(전하동),99630100.0,,23년 의무장비(수액조절기 분석기) 구매,제2879부대
함정 설계 건조 기준 및 함정규칙 정립 연구 용역,국군재정관리단,51559593.0,86.0996,2020-04-19,세종대학교산학협력단,윤현식,,"서울특별시 동대문구 약령시로9길 79,  135-51,135-60(제기동)",104844556.0,87.5821,활주로 피해복구용 골재 품질기준 및 관리방안 연구,국군재정관리단
국방표준화 개발을 위한 협력기관 지정 활용방안 연구,제9691부대,140960787.0,87.6821,2018-01-05,주식회사 마에스트로네트웍스,권택연,이동준,"서울특별시 영등포구 경인로775, 2동 1201-17호(문래동3가, 에이스하이테크시티)",92850982.0,,17년 지형분석장비 물품 구매설치,중앙행정기관
24-군 상시학습제도 도입 방안 연구 용역,제7군단,,89.0605,,주식회사 원영전자,손창호,김학범,"서울특별시 송파구 법원로9길26, D동 1104호(문정동, H-비즈니스파크)",,,K-UAM과 연계한 드론 통합관제체계 구축 방안 연구,중앙행정기관
주파수편이용 분석기 2EA 구매,방위사업청(운영지원과),21189670.0,88.0986,2020-05-19,주식회사 한솔엔지니어링글로벌,전건욱,,서울특별시 강서구 양천로401 (가양동) 강서한강자이타워 B동1503~1506호,716957044.0,87.2727,함 탑재용 무인항공기 선행연구,국군재정관리단
(236199-F) 고분해능 질량분석기 구매,국군재정관리단,44254619.0,87.7138,2018-07-28,,김재영,이미영,"경기도 군포시 고산로148번길17-0, B동 1303호, 1304호, 1305호(당정동, 군포IT밸리)",84937320.0,,수직이착륙형 무인항공기 비용분석,국군재정관리단
실전적 모의지원 연구 용역,국군의무학교,,76.6015,,,이헌웅,김경모,"인천광역시 미추홀구 주안동로25번길47-11, 302호(주안동, 경일하이빌)",490823228.0,,소음피해보상금 산정 및 지급철차 연구용역,중앙행정기관
K1A2 전장관리신호처리기 시험장비개발 연구용역,국군수도병원,123595305.0,,2020-05-19,주식회사 웨이브텍,이영주,김종환,부산광역시 부산진구 냉정로178번길21 (개금동)2층,526781861.0,94.6626,대형수송함 1번함 성능개량 사업분석,중앙행정기관
항-16-007 자동면역분석기 시약 등 35종,국군제1068부대,,88.0731,2016-07-12,,,,,208164783.0,87.2793,76mm 함포 약실 정밀검사용 장비개발 연구용역,합동참모본부
자동전사시스템 연구 용역,육군교육사령부,199220284.0,,,주식회사 맥스바이오텍,임기철,조대현,서울특별시 동대문구 고미술로100-0 (답십리동),51736717.0,94.1369,국방안전관리정보체계 최적 구축방안 연구,군
작전환경 변화 및 공군 합동 고려한 포병 발전 연구,국군재정관리단,,,2018-02-16,테크노빌리지 주식회사,전건욱,이광수,경상북도 포항시 북구 대해로15-0 (죽도동) 2층,106915316.0,79.0049,국방아키텍처 메타모델 표준화 구축 및 활용방안 연구,중앙행정기관
통신전자장비 전계강도 측정분석장비 개발,제9691부대,18190588.0,,2017-11-24,고려대학교산학협력단,,최인숙,경기도 김포시 월곶면 김포대로2708-37,,57.9208,군 물류관리 훈령 제정 연구,중앙행정기관
전투복 위장무늬  디자인 및 적용소재 연구용역,국군재정관리단,335005462.0,95.5123,2020-06-21,주식회사 삼우에이엔씨,권시형,박정서,"경상남도 창원시 진해구 용원북로17번길15-0 (용원동, 가온빌 101호)",89595438.0,,화생방정찰차-II(차량형) 시설사업기본계획 연구용역,중앙행정기관
사이버위험평가 방법 및 군 적용방안 연구,국군재정관리단,143754290.0,,2017-05-01,,,,서울특별시 성북구 삼선교로16길116-0 (삼선동2가),205986723.0,87.6429,함정적기전력화를 위한 시운전제도 개선방안 연구,합동참모본부
24년 군 주거시설 개선방안 수립 연구용역 등 2건,국방부군사편찬연구소,20591607.0,82.4846,2021-01-07,주식회사에이스게이트,이훈민,정금석,서울특별시 강동구 양재대로1377 (성내동 삼원빌딩 408호),,,24년 장기미래비전연구수행 정책연구과제사업,합동상호운용성기술센터
2017 PACC & PAMS 연구용역,국방부군사편찬연구소,,88.1771,,한국표준협회,권경득,주세영,"경기도 성남시 분당구 탄천상로164, A동 2층 247호(구미동, 시그마2오피스텔)",169653576.0,,선체고정음탐기 선행연구 용역,합동참모본부
정보통신기능 성능개량 체계 구축 연구 용역,국군의무사령부,,88.5473,2020-04-06,사단법인 국방지능정보기술융합협회,권시형,이재동,"서울특별시 영등포구 영등포로150,A동 L152호,1304호~1313호",198972197.0,,미래 작전지속지원 수행개념 및 핵심요구능력 연구,중앙행정기관
미 해군 6.25전쟁 분석자료 번역 용역,방위사업청(운영지원과),124050252.0,,2022-10-16,(주)에프오알엠도시건축공간연구소,정주교,강우철,"서울특별시 용산구 청파로 40, 삼구빌딩 1815호(한강로3가)",,,함정 총수명주기 고려 탑재장비 획득방안 연구 용역,군
공개출처정보(OSINT) 활용 사이버위협 분석방안 연구,공군군수사령부,28093029.0,93.2082,2017-01-11,사단법인 안보경영연구원,김주희,문영옥,서울특별시 금천구 가산디지털1로171-0 (가산동) 가산SK V1 센터 1505호,94692301.0,,국방 클라우드 확산 정책 연구 용역,중앙행정기관
항공작전기지 계류공간의 효육적 활용방안 표본연구,육군본부,133333181.0,91.0203,,한국무인이동체연구조합,박정기,이용길,경기도 양주시 장흥면 권율로86-1 (그린숲타운)108동502호,,,기갑 및 기계화부대 중대급 교전훈련장비 연구용역,중앙행정기관
조종사 피로도와 안전비행의 역학관계 분석 연구용역,제3130부대,177279787.0,,2023-01-10,(주)이지랩아이앤티,김재영,김소연,"경기도 성남시 분당구 판교로 255(삼평동, 판교 이노밸리 이동 403호 601호)",338097567.0,89.0229,18-미래 해상 무인/자율무기체계 개발방향 연구,4284부대
19년 gps 교란신호 분석 및 전파체계 유지보수 용역,제2307부대,27565995.0,79.625,2021-03-10,라온유통,,방윤지,울산광역시 동구 방어진순환도로1000-0(전하동),521089989.0,87.4922,국가 우주개발 정책과 공군의 역할 연구,군
대류권산란파 장거리통신장비의 군사적활용 검증연구,국군재정관리단,16938668.0,,,,,이희국,서울특별시 서대문구 포방터2길24 (홍은동),,,기술연구 환경구축 사업 리스,군
항-16-047 050 자동면역분석기 등 42종,국방부(운영지원과),36402311.0,,2018-02-27,재단법인 한국군사문제연구원,,이강일,"서울특별시 서초구 효령로230-0 (서초동, 승정빌딩)",,87.5355,항공기 RCS/IR Signature 추출 및 해석 연구,기관
국방표준화 개발을 위한 협력기관 지정 활용방안 연구,방위사업청(운영지원과),,,2021-07-23,유한회사 무궁화통신건설,정순오,정해붕,서울특별시 광진구 군자동98 집현관 216,178417536.0,,해안경계 임무전환 관련 안보상황 평가체계 연구,중앙행정기관
함정 연구개발 군 요구조건 관리방안 연구용역,육군본부,49066510.0,87.9715,2021-01-28,사단법인 한국방위사업연구원,정주교,박소연,"서울특별시 강남구 언주로527, 10층 (역삼동)",,87.7428,K9자주포 연료펌프 성능개선 시제품 개발 기술 용역,중앙행정기관
(217215-D)디지털 포렌식 분석장비 교체,국군재정관리단,43986656.0,87.8582,2022-11-23,주식회사 한국건설경영기술원,김태일,승아현,충청남도 계룡시 서금암3길16-3 (금암동) 101호,,94.747,2017 서울안보대화 프로그램 기획 및 발전방안 연구,중앙행정기관
공군 전략급 자산 대테러 작전개념 연구용역,국군의무사령부,39411567.0,,,,김보영,박계향,인천광역시 부평구 부평대로301-0 (청천동) 남광센트렉스 303호,,87.4865,항공관제 분석체계(HW SW) 유지보수,4284부대
21-공-주파수편이용분석기 구매,국방부(운영지원과),26302422.0,,2016-11-25,삼성서울병원,조민구,김태훈,"충청북도 청주시 흥덕구 흥덕로151-0 (운천동, 지하1층)",28078009.0,,24-미래 한국공군 훈련기 성능 및 적정 규모 연구,국군재정관리단
정기기초연구과제연구용역(4.국방우주학의이론..),공군사관학교,26447273.0,,2020-05-09,주식회사자연,배태웅,전진우,"충청북도 청주시 흥덕구 흥덕로151-0 (운천동, 지하1층)",49216253.0,88.1008,한국적 지뢰대응활동표준 작성에 대한 연구,합동상호운용성기술센터
항공무기정비분야 안전관리체계 고도화방안 연구용역,육군군수사령부,,87.8366,,주식회사 명품시스템,김기순,황미영,"서울특별시 강남구 논현로101길8, 2층 (역삼동, 형정빌딩)",,,10.군사과학정책연구(인공지능...),합동상호운용성기술센터
수치해석을통한폭발하중받는강재구조물의거동분석용역,국군재정관리단,124445624.0,94.4559,2020-04-27,사단법인 안보경영연구원,김상인,이은경,"서울특별시 성동구 왕십리로 222, 한양대학교 내 한양종합기술연구원 110호(행당동)",,87.387,샵차량 발전기 전자제어기 정비기술개발 연구용역,군
방위사업비리 가중처벌 법안에 대한 연구,육군교육사령부,108859856.0,79.7088,2021-01-30,넥스케이드,이충근,이관섭,"경기도 고양시 일산동구 고봉로 26-14, 양우로데오랜드 A동 304호(장항동)",153260763.0,,해군 스마트 항공기지 발전방향 연구용역,중앙행정기관
17년 모바일 분석체계 성능개선 사업,제9691부대,41808641.0,85.515,,군인공제회,김종원,이수행,"대구광역시 북구 동북로163, 101동 1605호(산격동, 산격대우아파트)",77249096.0,94.2897,비행기지 계기착륙장치 노후교체 적정시기 연구용역,국군재정관리단
민수용 드론의 비행기지 작전지원 활용방안 연구,국군의무사령부,252792528.0,,2016-11-24,주식회사 코테스,이양희,정명화,"서울특별시 강남구 언주로527, 10층 (역삼동)",78058402.0,87.7467,국방연구개발사업의 성과조사.분석 연구,국군재정관리단
LVC 연동체계 개발을 위한 아키텍처 설계방안 연구,육군본부,41403228.0,,,(사)21세기군사연구소,,경상현,,106144821.0,,고성능탄두 기술적용 전투수행개념 연구 용역,중앙행정기관
(216047-F)모의분석실 전시체계 구매설치,국방부(운영지원과),16287858.0,83.3108,2020-06-25,사단법인 안보경영연구원,박순천,김흥광,"서울특별시 금천구 가마산로96-0, 213호(가산동, 대륭테크노타운8차)",94220915.0,,교육연구자료 원문 DB 구축 용역,국군재정관리단
군인연금수급자 사망률 개선 연구,국군재정관리단,,,2022-10-30,상명대학교산학협력단,조성희,이향천,경기도 군포시 흥안대로27번길22-0 (금정동),,,23년 의무장비(전기수술기 분석기) 구매,중앙행정기관
미-23-미사일방어부대 효율적 부지 활용방안 연구,제9965부대,36614091.0,,2017-07-31,,,,대구광역시 달서구 와룡로45길10-14 (죽전동),,87.3818,민간인력 편성기준 연구(2019K003-B),기관
전투실험 발전 세미나 과제 연구용역(1),제9691부대,31668847.0,,,주식회사 녹십자이엠,정봉원,박소영,제주특별자치도 제주시 첨단로251 (영평동),43485055.0,39.0391,대용량 유전자데이터 분석 파이프라인 및 가시화 연구,국군재정관리단
생화학자동분석기 등 83종 구매(20197024-E),국군재정관리단,126844203.0,87.6723,2021-08-22,이성 주식회사,박종재,김소미,"서울특별시 마포구 서강로136-0 (노고산동, 아이비타워) 5층",85497694.0,87.9187,21년 정책 연구용역,중앙행정기관
국방표준서 제정(4차) 연구,방위사업청(운영지원과),138792788.0,87.9671,2018-10-27,한국과학기술원,배홍기,이상규,"서울특별시 강남구 봉은사로129-0 (논현동, 거평타운오피스텔) 1126호",61442027.0,,정책연구용역(군견 관련),중앙행정기관
24~25-F-OOOO 수집/분석장비 유지보수,공군사관학교,136259746.0,87.6688,,,,,"서울특별시 강남구 언주로527, 10층 (역삼동)",119707211.0,,육군 핵심가치 실천수칙에 관한 연구 용역,합동상호운용성기술센터
월간지(안보현안분석  린사포럼) 인쇄 용역,국방부군사편찬연구소,165878136.0,,,주식회사 안보기술연구원,정양호,최명진,부산광역시 동구 중앙대로286번길9-0 (초량동) 306호,199888782.0,87.7834,정밀측정장비(스펙트럼분석기 등 4종) 구매,국군재정관리단
00사업 선행연구용역,공군군수사령부,127685074.0,94.51,,,,,"서울특별시 성북구 월계로36길27-0 (장위동, 꿈의숲대명루첸아파트) 105-1302",102211993.0,84.8223,육군 병영생활관 신축기준 연구용역,국군재정관리단
군사격장 소음측정 및 분석용역,국방부(운영지원과),,,2023-01-14,주식회사 아레스,이형민,김정은,대전광역시 유성구 온천로59-0 (봉명동) 905호,,87.4041,22~23년 공군 전자정보 수집/분석장비 유지보수,중앙행정기관
22년 서울안보대화 프로그램 기획 및 발전방향 연구,국군의무사령부,,96.7909,2017-07-04,서울사이버대학교 산학협력단,이문걸,장대호,"서울특별시 금천구 가산디지털1로1-0 (가산동, 더루벤스밸리) 1208호",,92.8005,PLS세트 선행연구 용역,기관
21-공-회로분석기 구매,국군의무사령부,10424275.0,,2022-02-10,한국법제연구원,강창선,박지은,대전광역시 동구 대학로62-0 (용운동),194075242.0,85.4046,효율적인 탄약 전력화 방안 연구,중앙행정기관
비행대대 조종사 적정 편제 및 대체 인력 운영 연구,국군의무사령부,33194698.0,87.6235,,(주)아인스에스엔씨,박현준,김지영,경기도 고양시 일산동구 고봉로658번길61-17 (성석동),192514124.0,,(236199-F) 고분해능 질량분석기 구매,중앙행정기관
20년 해병대 조직문화 수준진단 표준설계 연구용역,국방부(운영지원과),,88.9406,2017-09-19,노원 상사,유흥배,이재광,서울특별시 용산구 한강대로46길25-0 (한강로2가) 401호,,87.6237,해상작전 유/무인기 최적화 운용방안 연구,중앙행정기관
한국형 공지기동부대 작전수행개념 연구용역,국방부조사본부,40214881.0,,2023-04-16,주식회사 원영전자,김태동,김호영,"서울특별시 강남구 봉은사로129-0 (논현동, 거평타운오피스텔) 1126호",,,(247115-B) 연구활동재료 구매,중앙행정기관
군수지원함(AOE-Ⅱ) 2차사업(양산) 비용분석,국방부(운영지원과),54498250.0,,,한국항공대학교 산학협력단,전용일,강민,"서울특별시 금천구 가산디지털1로181, 가산W센터 1401호,1402호(가산동)",427287696.0,,동원위주 부대 기계화 장비 개편시 효율성 분석 연구,중앙행정기관
(246247-D) 이동형 심리생리반응 분석장비 구매,국방부유해발굴감식단,40745131.0,86.3899,2021-07-04,(주)트리콤미디어,김국동,,"서울특별시 성북구 월계로36길27-0 (장위동, 꿈의숲대명루첸아파트) 105-1302",61889630.0,,정밀측정장비(스펙트럼분석기 등 4종) 구매,군
(237020-H)23년 조사분석용 HW 구매,제1363부대,31417257.0,87.8038,2020-05-29,청맥기획,박호,황병윤,경기도 성남시 분당구 성남대로912-0 (야탑동) BYC빌딩 607,,87.8356,지능형 악성코드 수집분석체계 라이선스 구매,군
전투실험 연구용역,국방부(운영지원과),1281464870.0,87.0835,2020-09-19,하이펙 주식회사,,이경은,서울특별시 강서구 양천로401 (가양동) 강서한강자이타워 B동1503~1506호,95034564.0,84.7768,패트리어트 유도탄수명 고려한 효과적 확보 방안 연구,중앙행정기관
23-F-최대전력 분석기 구매,공군군수사령부,,87.5116,,주식회사 안보기술연구원,한영수,,서울특별시 강남구 선릉로93길54-0 (역삼동) 일환빌딩 6097호,109393263.0,,전파환경측정 분석장비 유지보수,중앙행정기관
운용함정 손상대응 훈련 시나리오 연구 용역,국군의무사령부,151613292.0,,2021-04-06,청주대학교산학협력단,김진욱,허진실,충청북도 청주시 흥덕구 오송읍 오송생명2로110-6 셀젠텍,,88.0657,00포대 주변지역 토양오염 원인조사 연구용역,합동참모본부
`23년 사단 작전지휘시설 신축사업 선행연구용역,해군군수사령부,124749768.0,79.5184,2020-09-25,,김진욱,이지선,"경기도 파주시 문산로26번길14-0 (문산읍, 문산호수아파트)",185758077.0,87.4481,대잠훈련분석체계(AEAS) 유지보수 용역,중앙행정기관
(246311-E) 분석용 고성능 PC등 2품목 (리스자산),해군본부,,96.9579,2023-12-04,주식회사 화이트스캔,김진욱,김하근,"서울특별시 서초구 방배천로155, 유청빌딩 3층(방배동 821-8)",,84.4266,19-AW159 PBL 비용대효과분석 및 성과지표 개발 연구,중앙행정기관
[24-육-16] A군단 부대변천사 연구용역,국군재정관리단,,89.3108,2022-09-20,더스테이지,정의승,전형준,전라북도 완주군 삼례읍 삼례로 443 우석대학교내(본관 12층),91387763.0,87.713,악성코드 정보제공 및 분석 서비스 구매,중앙행정기관
국방컨벤션 발전방향 연구용역,육군교육사령부,28517043.0,94.7922,2016-05-05,주식회사 디오르마,권정환,이상규,"서울특별시 중구 동호로7길41, 2층(신당동)",79696331.0,93.2877,공수지상종합훈련장 선행연구용역(특-24-용-28),중앙행정기관
군무원 적정 충원 비율에 관한 연구 용역,국군재정관리단,21924599.0,79.1154,2020-04-29,(주)씨앤씨솔루션,이민수,양희성,"경기도 수원시 권선구 금곡로23,1동 (금곡동)",,87.1633,안보 테마파크 조성 방안 정책연구,국군재정관리단
차기전술차량 계열화 방안 연구,제7821부대,55986231.0,,,신승하이텍,이기성,이태훈,"경상남도 창원시 마산회원구 내서읍 중리공단로65-0 경남테크노파크 자동차로봇센터 메카공장동 1-1, 204, 205호",,93.3243,21년 전투발전 연구용역(2),중앙행정기관
스펙트럼분석기 등 5종 구매,국군재정관리단,,87.8408,2021-05-19,한국인성교육연구소 주식회사,이숙,엄기숙,"인천광역시 중구 인중로 178, 제이엘타워 1001호(사동)",,,안정화지역 기반시설 복구방안 연구,중앙행정기관
군 의사결정 지원을 위한 빅데이터 활용방안 연구용역,국군재정관리단,16835703.0,96.5345,2022-09-29,신우정보기술,김한욱,김보경,"서울특별시 강남구 언주로527, 10층 (역삼동)",97815853.0,87.78,함정적기전력화를 위한 시운전제도 개선방안 연구,국군재정관리단
21-『에듀테크 기반 공군 학습플랫폼 재구축 연구』,해군본부,37760092.0,93.7102,2023-05-31,주식회사 플렉스시스템,김진원,김현묵,서울특별시 동작구 여의대방로36길92(대방동),100492395.0,84.0443,SUPPRESSED,중앙행정기관
19-스마트쉽 무선네트워크 활용방안 연구,특수전사령부,137341797.0,,,소프트플로우 주식회사,박온서,박소연,"인천광역시 남동구 인주대로591번길64, 410호(구월동, 타원벨라움)",150053940.0,43.2663,23-1차 연구의무물자(BL3 중앙실험대 등 5종) 구매,제6619부대
방산 용역 원가 및 이윤제도 개선방안 연구,합동상호운용성기술센터,,83.6351,2017-12-17,정보와기술 주식회사,정주교,김영진,대전광역시 동구 대전로889-4 (삼성동),,,17년 분광분석 폭발물탐지 연구용역,중앙행정기관
군단정찰용 무인항공기-Ⅱ 시설사업 선행연구,국방부(운영지원과),190612794.0,78.2502,,대진대학교 산학협력단,김문선,최진아,"서울특별시 강남구 테헤란로317(역삼동, 동훈타워 7,11,12,13층)",,87.6965,신호분석기 1대 구매,군
전투발전 연구용역 과제 세미나 수행 용역,해군군수사령부,,,2018-10-16,주식회사 알앤피파트너스,윤철지,김형민,서울특별시 영등포구 영등포로35길10-0 (영등포동6가) 8층 809호,,,접경지역 부대개편에 따른 상생협력방안 연구,국군재정관리단
방위력개선사업에 K-RMF 적용을 위한 방안연구,국군재정관리단,18447925.0,81.536,,삼일회계법인,임정숙,,"서울특별시 영등포구 의사당대로1길11-0 (여의도동),1409호",60595902.0,87.443,지능형 전군 악성코드 수집분석체계 구축(리스물건),국군재정관리단
항-19-082 자동면역분석기 시약 등 27종,육군본부,136456713.0,62.5032,,에이티지씨(ATGC),조혜진,오진성,"서울특별시 강남구 언주로527, 10층 (역삼동)",,87.7466,(246247-D) 이동형 심리생리반응 분석장비 구매,국군수도병원
23-N-사이버 침해사고 조사/분석체계 구축,국방부(운영지원과),,86.1315,,주식회사  인섹시큐리티,추광식,,"서울특별시 금천구 가산디지털1로19, 406호, 407호, 408호, 409호(가산동,대륭테크노타운18차)",84394678.0,87.5125,무기체계「체계안전성」도입방안 연구,군
연합/합동 연습모의모델 획득 및 운영방안 연구,국군재정관리단,117979871.0,87.3441,2016-01-06,주식회사 대경코리아,한민구,황병윤,"충청북도 청주시 흥덕구 풍년로79번길3, 3층(가경동)",,,활주로지역 배수로 개선 분석평가 및 선행연구 용역,중앙행정기관
22-해-AI 빅데이터 분석 개발용 학습 플랫폼 구축,육군 제3808부대,124430214.0,88.0661,,스마일컴퍼니,전건욱,엄지성,서울특별시 노원구 화랑로574-0 (공릉동),84357140.0,87.8689,(227163-F)연구활동재료(초자) 구매,국군수도병원
네트워크 시험평가용 M&S체계 활용 발전방안 연구,육군본부,,65.7807,,(사)한국전략문제연구소,,,,80295594.0,,장거리공대지유도탄 2차사업 운용요구서 연구,중앙행정기관
K10 탄약운반차량 경미한 성능개량 사업분석,국군재정관리단,,88.203,2023-06-06,군수.획득연구소,윤미경,김영진,서울특별시 관악구 관악로1 (신림동),,,스펙트럼용 분석기 구매,국군재정관리단
한국형 방산수출금융지원기준 설정방안 연구,국방통합데이터센터,27006244.0,,2016-12-04,주식회사 테너지소프트,임종근,이효선,"서울특별시 금천구 가산디지털1로5, 대륭테크노타운 20차 1934호",,,국방 클라우드 확산 정책 연구 용역,제1363부대
디지털 증거분석체계 SW 라이선스 갱신,국군재정관리단,48753675.0,87.431,,(주)에프오알엠도시건축공간연구소,김종광,이도제,,,87.3338,SUPPRESSED,중앙행정기관
22년 의무장비(혈액가스분석기 중형) 구매,국방부조사본부,15308431.0,88.3021,2022-02-07,에이비컴퍼니주식회사,박태준,정성채,"대전광역시 서구 대덕대로249번길30-0, 403호(둔산동, 베스트피엘씨빌딩)",78466685.0,,76mm 함포 약실 정밀검사용 장비개발 연구용역,중앙행정기관
민군 상생을 위한 대체시설 검토 및 관리방안 연구,해군본부,128213596.0,96.6184,2021-02-17,자주국방네트워크,박수연,신종걸,,107916545.0,87.3464,해군조직 및 갈등특성에 부합한 갈등관리 방안 연구,중앙행정기관
전투실험 발전 세미나 과제 연구용역(2),공군본부,21816137.0,88.1017,2018-04-23,포항공과대학교 산학협력단,홍지유,정영숙,경기도 성남시 수정구 창업로42(시흥동) 판교제2테크노밸리 경기기업성장센터 532호,549008156.0,,24년 국방민원서비스 만족도 조사 연구,국군재정관리단
조종사 인사관리방안 연구용역,국군의무사령부,28873551.0,87.9451,2022-05-10,하이펙 주식회사,김상인,이혜진,"서울특별시 구로구 디지털로33길55, 1009호 (구로동, 이앤씨벤처드림타워2차)",213782735.0,87.5335,23-F-최대전력 분석기 구매,중앙행정기관
LVC체계와 훈련모델 방안 연구용역,국군재정관리단,32671571.0,,,,홍명성,,서울특별시 마포구 월드컵북로5길59 (서교동),100698893.0,85.9345,국방과학기술기본법 제정을 통한 국방연구개발 혁신,중앙행정기관
국방과학 기술료 제도개선 방안 연구,육군공병학교,22417173.0,83.4258,2017-09-09,덕산넵코어스 주식회사,민정식,김정숙,"서울특별시 영등포구 선유로 70, 우리벤처타운2303호(문래동3가)",,78.8236,드론봇 전술훈련장 운용개념 및 구축방안 연구용역,군
23-2차 의무사 조달 연구장비(분광광도계) 구매 계약,국군재정관리단,6002504.0,61.5263,,법무법인 집현전,이기성,,서울특별시 서초구 서운로1길34-0 (서초동),112927450.0,87.6197,24년 지형분석장비 구매(리스물건),중앙행정기관
[연구소] 유전자 자동염기서열 정비 및 검교정,국군재정관리단,,88.9028,,국민대학교산학협력단,정봉원,추현아,"서울특별시 서초구 반포대로106-0 (서초동) 4, 5층",1909580025.0,92.8814,신재생에너지 적용관련 군 에너지 정책방향 연구용역,중앙행정기관
표적획득 및 사격지휘체계 발전에 따른 포병효과 분석,국군재정관리단,209547690.0,,2016-02-17,한화오션 주식회사,이재원,이창환,"서울특별시 용산구 한강대로62길41, 3층 (한강로1가)",202834068.0,87.6092,감정장비(자동염기서열분석기 등 2종) 검교정 용역,중앙행정기관
미래 예비전력 정예화를 위한 동원개념 재설계 연구,공군군수사령부,,,2017-12-10,사단법인 한국국가전략연구원,박광섭,권시형,"대구광역시 중구 공평로59, 1충(공평동, 우원빌딩)",147852489.0,57.3195,연구장비확보(초저온냉동고),합동참모본부
(연구소) 감정재료 구매,공군군수사령부,121114762.0,80.1075,2020-04-04,사단법인 안보경영연구원,,고윤안,"서울특별시 강북구 삼양로173가길55-0 (우이동, 메이트하우스)1동402호",,85.1747,22-함정 대기오염 저감방안  설계영향성 연구,중앙행정기관
취약점 진단분석체계 교체사업(209086-F),공군본부,88335276.0,88.1358,,,정희석,,대전광역시 유성구 유성대로1184번길 29(신성동),,87.4291,정신전력 개념 정립 및 수준 측정도구 개발 연구,군
정기공수 운영분석 및 최적 노선 선정 알고리즘 개발,제9965부대,,,2020-06-01,,김창환,,,212218993.0,,민군 협력을 통한 상호가치 창출 활성화 방안 연구,국군재정관리단
항공화력유도 시뮬레이션 구축 구매/설치,육군본부,32399347.0,,2018-08-02,주식회사 메디시온,강우철,이경은,경기도 안양시 동안구 시민대로161-0 (비산동) 안양무역센타 8층 312호,87709364.0,85.5793,군 의사결정 지원을 위한 빅데이터 활용방안 연구용역,중앙행정기관
디지털 정비공장 스마트팩토리 구축방안 연구 용역,국군수도병원,,,2021-01-15,인하대학교 산학협력단,정영주,김지혜,,,44.0191,전술제대 전투무선체계 발전방안 연구용역,군
[상층대기 분석장비]회로카드 조립체 등 4종 구매,제3707부대,,88.1373,,아시아상담코칭학회,김길원,안성원,"경상남도 창원시 성산구 완암로50-0 (성산동, SK테크노파크) 넥스동 1103호",190859464.0,,CSRP 화생방 연구 재료 초자 구매,합동참모본부
통합 센서검사기 개발 연구용역,국방대학교,,88.8993,2021-10-20,인하대학교 산학협력단,최원창,김선형,"서울특별시 강남구 언주로527, 10층 (역삼동)",,,정비용 샵차량 전원발생기 정비기술개발 연구용역,군
국방 정신전력교육지도사 자격신설 연구용역,국군재정관리단,20882877.0,,2020-12-04,주식회사 유니와이드,권혁웅,류제성,,85500532.0,87.608,영상판독사 자격신설 연구,중앙행정기관
군인연금관리공단 설립 필요성 등 검토를 위한 연구,국군재정관리단,557059.0,85.5349,,주식회사 굿컨설팅그룹,김용주,서정대,"경기도 안양시 만안구 만안로49, 519호(안양동, 호정타워)",,87.5464,21세기형 선진해군문화 연구,중앙행정기관
자동전사시스템 연구 용역,제9691부대,,78.3571,,,,,,221900215.0,,정기기초연구과제용역(5.인공지능강화학습...),합동참모본부
직ㆍ간접 전투경험 공유확대 연구용역,국군재정관리단,28676355.0,,2022-05-19,(주)액티브솔루션,고윤안,박수연,"서울특별시 성동구 광나루로6길35, 202호, 706-2호, 707호 (성수동2가, 우림이비즈센터)",101060540.0,,MZ세대 주거시설 시설기준 제·개정 연구용역,중앙행정기관
스펙트럼분석기 2종 구매,국방부(운영지원과),,87.9293,2017-08-04,연세대학교 산학협력단,,,"경기도 광명시 사성로103번길14 (철산동, 광복현대아파트)106-508",209055272.0,87.4114,21-함정 스마트 브릿지 모델 개념 연구,중앙행정기관
주요 비행피복류 맞음성 개선 및 표준화 연구,육군본부,23739476.0,81.2339,2023-06-13,주식회사 안보기술연구원,곽새롬,이지원,"서울특별시 동작구 남부순환로2021, 2층 (사당동)",,,다원적 민주주의 사회의 장병 정훈교육 방향 연구,기관
군내 성희롱 행위자 재발방지 프로그램 연구,국군재정관리단,11084017.0,87.87,2020-04-27,한국교통안전공단,경상현,신창희,대전광역시 유성구 유성대로1184번길 29(신성동),,84.7509,22-11차 연구장비 구매 계약  - 의약품 냉동고(수정),국군재정관리단
청년장병의 군 복무간 지원 및 보상(취업분야) 연구,해군본부,18082727.0,,2020-04-24,중앙대학교 산학협력단,이민수,박미진,"서울특별시 강남구 논현로28길54-0 4층 (도곡동, 덕원빌딩)",,,함 탑재용 무인항공기 선행연구,군
민관군 유·무인기에 대한 공역통제방안 연구 용역,해군군수사령부,,81.6618,2022-02-06,티엠시 주식회사,이정훈,정현석,"서울특별시 구로구 디지털로34길55, 1008호 (구로동, 코오롱싸이언스밸리2차)",1535060805.0,87.2343,00기지 환경개선 사업 분석평가 및 선행연구 용역,중앙행정기관
전투기 시뮬레이터와 창공모델 연동시험 연구 용역,국군의무사령부,45205859.0,65.9385,2020-04-17,,안성일,박계향,충청북도 단양군 단양읍 상진14길 1(),206376719.0,,OO사단 등 부대개편부대이전사업 선행연구 용역,중앙행정기관
선진 육군가치문화 조성 연구용역,국군재정관리단,49016046.0,94.8133,,(주)케이엔에스,장복철,이상규,"경기도 성남시 수정구 달래내로46-0 (시흥동), A타워 8층 805호 (성남글로벌융합센터)",93414289.0,87.6801,23년 국방정책토론회 학술연구용역,중앙행정기관
(236043-G) 23년 모바일·IoT 조사분석체계 도입사업,육군정보통신학교,29640054.0,88.1653,2021-04-08,에이치디현대중공업 주식회사,이희우,양진,경기도 고양시 덕양구 권율대로656-0 (원흥동) 17층 1739호,,72.4778,23-N-금속성분분석기 구매,제9691부대
조종사 피로도와 안전비행의 역학관계 분석 연구용역,제5738부대,35780637.0,,2016-12-23,사단법인 한국기업연구원,조미옥,장명훈,"서울특별시 강남구 언주로527, 10층 (역삼동)",85031495.0,87.6149,계엄의 민주적 통제방안을 위한 법 제도 연구,국군재정관리단
공무직근로자 등 임금체계실태조사 및 고용환경 분석,방위사업청(운영지원과),54994207.0,88.4299,2016-09-24,주식회사 현대리서치,김종성,김종원,"서울특별시 금천구 가마산로96-0, 213호(가산동, 대륭테크노타운8차)",72563908.0,,00부대 국방 보안조사 분석시스템 SW 구매,중앙행정기관
전시 물자동원 실효성 제고방안 연구,공군본부,,88.1849,2021-07-18,한국법제연구원,이현석,심장원,서울특별시 동작구 흑석로84 (흑석동),,87.6588,병영환경 및 상담대상자 특성과 연계한 상담기법 연구,합동참모본부
무기체계 RAM 시험평가의 효율적 수행방안 연구,합동상호운용성기술센터,134627113.0,,2020-05-31,(주)한컴네트워크,김상운,이도제,울산광역시 남구 갈밭로11-0 (삼산동),,88.3906,한국형 레이저 무기 조기도입 개발전략 연구,국군제1068부대
미래 한국 해병대의 군구조 연구용역,국군재정관리단,105975224.0,89.4245,2018-06-11,노무법인 디와이,권시형,이영익,인천광역시 연수구 송도미래로30-0 (송도동) C동 1315,,40.7999,예비전력 예산  국방예산의 1%달성 방안 연구,국군재정관리단
(246261-F) 차량엔진 분석기 구매 ,국방부(운영지원과),55199032.0,85.9674,,해군사관학교 산학협력단,홍양희,이슬,서울특별시 중구 남대문로113-0 (다동) 14층,,87.6184,17-방공관제사-94 보급수송과 스펙트럼 분석기/3품목,중앙행정기관
공군 3훈비 방호시설 방호성능평가 연구용역,국군의무사령부,127992943.0,95.2635,,주식회사 공공정책성과평가연구원,정주영,김재현,인천광역시 미추홀구 인하로100-0 (용현동) 인하대학교,177202687.0,,24년 자동염기서열분석기 검교정 등 정비,중앙행정기관
지휘헬기-II 기종결정 평가방안에 관한 정책연구용역,국군재정관리단,22808135.0,87.7802,2021-04-15,(주)포항자재,김준식,서선숙,부산광역시 동구 중앙대로286번길9-0 (초량동) 306호,,87.4443,SUPPRESSED,국군재정관리단
해군 통합연동체계 SW 연구용역,국군재정관리단,198543868.0,87.5989,2021-09-02,사단법인 안보경영연구원,허건영,이도제,전라북도 완주군 삼례읍 삼례로 443 우석대학교내(본관 12층),73522375.0,84.5892,23-F-분석기 표면마무리용 접촉용 구매(239016-F),국군재정관리단
20-교육훈련 빅데이터 통합관리체계 구축방안 연구,제5378부대,27000244.0,,2020-05-06,해양산업드론일자리창출협동조합,이주열,원만희,서울특별시 송파구 송이로30길21-0 (문정동),,95.6046,금속성분분석기 1대 구매,제9691부대
항 18-029 자동면역분석기 시약 등 53종 구매,해군본부,19501190.0,86.4964,2016-09-29,한성대학교 산학협력단,한아름,남혜정,울산광역시 남구 갈밭로11-0 (삼산동),96316326.0,,군무원 적정 충원 비율에 관한 연구 용역,중앙행정기관
18-효과적인 정보수집함 운용방안 개념연구,국군재정관리단,145404176.0,93.3397,2017-08-06,라이핏사이언스,김재영,,"서울특별시 영등포구 국제금융로8길25, 6층 607호 (여의도동, 주택건설회관)",63840960.0,,상층대기분석장비 유지보수,중앙행정기관
한국군 전술데이터링크 표준화 및 발전방안 연구 용역,제9691부대,,57.1801,2017-06-21,(사)21세기군사연구소,김금자,고찬갑,경기도 고양시 덕양구 권율대로656-0 (원흥동) 17층 1739호,94750311.0,91.9212,(20F118-A)동원훈련장 과학화 발전연구 용역,중앙행정기관
국방인력획득 효율성 제고를 위한 발전방안 연구,국군재정관리단,38460035.0,,2020-10-13,사단법인 안보경영연구원,류장수,김형민,경기도 군포시 고산로151번길28-0 (당정동) 403호,61502763.0,87.9096,대잠훈련분석체계(AEAS) 유지보수 용역,군
전시 비상급수 기준 수립 연구,방위사업청,38003500.0,,2017-07-17,사단법인 안보경영연구원,이희우,전병욱,경기도 고양시 일산동구 고봉로658번길61-17 (성석동),,,23~27 국방양성평등정책기본계획작성방향 연구,중앙행정기관
PBL 적용을 위한 성과지표/목표 연구,국군수도병원,,88.0886,,(주)에프오알엠도시건축공간연구소,김재수,전호영,경기도 성남시 수정구 성남대로1210번길16-2 비01호(수진동),,92.558,국방감항인증원(가칭) 설립 및 운영에 관한 연구,중앙행정기관
교육장비(수질분석세트) 구매설치,공군작전사령부,13208457.0,91.1903,2018-07-09,대광산업,이재평,이도제,"경기도 용인시 기흥구 덕영대로1732-0 (서천동, 경희대학교 국제캠퍼스내)",,,전투실험 발전 세미나 과제 연구용역(2),군
안보학술연구용역(1.국가안보에관한문제에관한이론),공군제38전투비행전대,3331721.0,87.8549,2022-05-17,영남대학교산학협력단,조미옥,,"경기도 안산시 상록구 샘골로136, 2층 204호-166 (본오동)",,88.6262,국방아키텍처 메타모델 표준화 구축 및 활용방안 연구,군
24~25-F-OOOO 수집/분석장비 유지보수,국군재정관리단,34180461.0,94.7487,,,한경희,강민식,"서울특별시 영등포구 국제금융로8길25, 6층 607호 (여의도동, 주택건설회관)",67501990.0,85.3005,[연구소] '22-2차 감정재료 구매,군
안전하고 신뢰할 수 있는 AI활용 국방가이드라인 연구,공군본부,303686011.0,88.1801,2016-01-06,에이치필,조완제,이대용,경기도 하남시 미사대로520-0 (덕풍동) 현대지식산업센터 한강미사2차 D동 A430호,100689981.0,87.4325,(20F081-A)소음영향도작성을위한소음측정및분석용역,중앙행정기관
(237283-E) 혈액가스분석기 소형 구매,방위사업청(운영지원과),,54.265,2016-04-13,주식회사 한솔엔지니어링글로벌,정의승,김한욱,"서울특별시 강남구 언주로527, 10층 (역삼동)",47560484.0,86.6964,ATCIS 2차 성능개량 0000체계 운용요구서 연구,군
K계열 장갑차 엔진 오일펌프 시험장비 개발 연구용역,육군본부,,,,주식회사 케이제이,김진준,김영숙,"서울특별시 성동구 왕십리로 222, 한양대학교 내 한양종합기술연구원 110호(행당동)",,87.4874,21-공-주파수편이용분석기 구매,국군재정관리단
미래 예비군 제도를 대비한 예비군 개념 정립 연구,육군본부,,87.5935,2016-01-06,,김진욱,,"경상남도 창원시 마산회원구 자유무역3길208, 3층 301호(양덕동,혁신지원센터)",,87.3643,연구활동 재료(시약) 113종 구매 ,중앙행정기관
국방상호운용성 발전을 위한 국방EA 수행체계 연구,제9965부대,62728850.0,67.9524,2018-05-25,한빛디엔에스(주),서동환,이희섭,"경기도 성남시 수정구 위례대로83(창곡동, 국방문화센터)",74638896.0,,공군 M&S 체계 발전방향 연구용역,중앙행정기관
전·평시 예비군 보류직종의 적정성 연구,국군재정관리단,46982608.0,,2017-12-09,주식회사 디오르마,채수장,박은하,광주광역시 서구 마륵로28-1 (마륵동),75612278.0,87.5067,동서지형의 차이를 고려한 부대 및 전력구조 연구용역,기관
군사시설 유형별 시설기준 제 개정 연구,국군재정관리단,,,,주식회사 한국건설경영기술원,허준행,,"서울특별시 강남구 언주로527, 10층 (역삼동)",,50.5278,21 분석기 주파수편이용 1종 구매,중앙행정기관
2024년 바세나르체제 군용물자목록 개정소요 연구,국방부(운영지원과),43026475.0,68.5513,2016-01-06,에듀크레아,박순천,구종우,경상북도 구미시 산동읍 강동로730,,87.6061,(20F060-I)소음영향도작성을위한소음측정및분석용역,중앙행정기관
국방로봇 운용을 위한 법/제도 개정 및 인증제도 연구,국군재정관리단,,56.9495,2016-01-06,에듀크레아,김성도,황병윤,대전광역시 유성구 유성대로1646-0 (전민동),92368513.0,76.7935,국방과학기술료 고시 개선방안 연구,중앙행정기관
병 오일분석용 구매,공군본부,13935737.0,79.0787,2020-05-16,주식회사 공공정책성과평가연구원,최영복,이상규,"서울특별시 용산구 청파로 40, 삼구빌딩 1815호(한강로3가)",,84.8071,화생방위험예측분석체계 체계개발,국군재정관리단
수도권 동원예비군 수송방법 개선방안 연구,제9691부대,33926457.0,87.7434,2020-04-20,,김동준,이준직,,104615646.0,87.4512,공지통신무전기 성능개량 사업분석,중앙행정기관
통신가설차 경미한 성능개량 사업분석,공군본부,105574105.0,87.7081,2020-04-02,(주)한신솔루션,이종명,이정화,충청남도 서산시 해미면 한서1로 46 한서대학교내산학협력단,115994038.0,84.676,한국형 방산수출금융지원기준 설정방안 연구,국군수도병원
LiDAR 기술의 4차 산업 적용방안 연구용역,해군본부,157054154.0,,2023-06-13,테크디,오세문,우지민,서울특별시 동대문구 고미술로100-0 (답십리동),,,급식유통센터 성과분석 및 (경남권)필요성 연구,제6619부대
해군조직 및 갈등특성에 부합한 갈등관리 방안 연구,해군군수사령부,,79.4867,,육군사관학교 산학협력단,권시형,나인성,"서울특별시 강남구 봉은사로114길 40, 홍선빌딩 2층(삼성동)",53762035.0,87.7202,김해기지 항공교통관제 운영 개선방안 연구용역,중앙행정기관
미래형 성과기반 군수지원 적용방안 연구,제9691부대,,86.5372,,에스앤에스이앤지 주식회사,,,서울특별시 서초구 방배로19길21-0 (방배동),,,한국형 차세대 전투임무기 구축방안 등 연구,합동참모본부
위성전군방공경보체계 경미한 성능개량 사업분석,합동참모본부,,87.5234,2017-09-30,주식회사 삼우에이엔씨,이광형,문영옥,"대전광역시 서구 대덕대로249번길30-0, 403호(둔산동, 베스트피엘씨빌딩)",,87.7593,고성능탄두 기술적용 전투수행개념 연구 용역,중앙행정기관
부대활동 유형별 위험성 평가체계 연구용역,국군재정관리단,37824738.0,89.8045,,윤서상사,천병년,유선미,"서울특별시 용산구 청파로 40, 삼구빌딩 1815호(한강로3가)",114945583.0,,추진장약 안정제 분석시험용 재료 구매,중앙행정기관
국방상호운용성 발전을 위한 국방EA 수행체계 연구,육군 제3808부대,54281534.0,87.8295,2020-10-26,(사)한국전략문제연구소,곽새롬,오은주,대전광역시 유성구 대덕대로512번길20-0 (도룡동) 대전정보문화산업진흥원 304호,82633041.0,,사단 작전지휘시설 신축사업 선행연구 용역,중앙행정기관
(227003-H)스펙트럼측정/분석장비 노후교체,국방부(운영지원과),,61.2333,2020-04-04,와이에스컴퍼니,박준빈,최규식,"경기도 성남시 분당구 탄천상로164, A동 2층 247호(구미동, 시그마2오피스텔)",,87.4519,성주기지 주변지역 건강영향 역학조사 연구,중앙행정기관
공군기지 작전환경을 고려한 무인기 운영방안 연구,국군재정관리단,,,,(사)국방시설연구협회,신명화,고윤안,"경기도 고양시 덕양구 항공대학로76-0 (화전동, 한국항공대학교내)",,87.3648,효율적인 탄약 전력화 방안 연구,군
퍼징기반의 국방 무기체계 SW 안전성 향상방안 연구,방위사업청(운영지원과),12949833.0,93.5385,,육군사관학교 산학협력단,전건욱,김종훈,"경기도 성남시 중원구 순환로210-0 201,202,203,204,205호(상대원동, 이노트리아파트형공장)",73714358.0,87.4445,정비공정 촬영도구  분석SW 구매,중앙행정기관
장병 스트레스평정체계 개선 연구용역 계약,국군재정관리단,147670186.0,,2020-05-06,,김용주,,충청북도 청주시 청원구 율봉로159번길73-1 (율량동),66069988.0,,국방 인공지능(AI) 활용 실증기획 연구,기관
(236035-G) 23년 네트워크위협분석체계(NTAS) 구축,국군재정관리단,25534495.0,,,,김주희,장미선,"서울특별시 서초구 신반포로303, 101호 (잠원동, 에스엘빌딩)",615805838.0,87.3023,함정사업 적정 사업기간 연구,중앙행정기관
민간 아웃소싱 시범사업을 위한 제도화 방안 연구,국군의무사령부,,65.7156,,에스엔케이와이즈주식회사,이우희,현혜경,"경기도 안양시 만안구 만안로49, 519호(안양동, 호정타워)",71068767.0,,무기체계 RAM 시험평가의 효율적 수행방안 연구,중앙행정기관
물류운영체계 개선 연구용역(21J040-B),공군본부,13825517.0,94.061,2020-04-26,정호정보통신,이형민,안성원,,80500997.0,,전투실험 설계 및 결과 분석 방법 연구용역,군
22년 기술연구용역 계약(1),공군군수사령부,410712210.0,,2021-01-30,청주대학교산학협력단,이기석,정택주,"경기도 용인시 수지구 죽전로 152, 단국대학교내(죽전동)",,87.5374,군사사 연구총서1차/2차세계대전관련연구용역(과제2),중앙행정기관
00학교 종합정보체계 고도화사업 개념연구,국군재정관리단,,88.1562,,(사)21세기군사연구소,김진원,백도현,"서울특별시 금천구 가산디지털1로1-0 (가산동, 더루벤스밸리) 1208호",,87.427,물증류기  분석용 순수제조기 구매 설치,국군재정관리단
정밀측정장비(스펙트럼분석기 등 4종) 구매,제9691부대,39581560.0,,2021-02-12,주식회사 쿤스트에프케이,김상인,채희연,"인천광역시 남동구 서창남순환로190-15 (서창동, 서창퍼스트뷰아파트) 718동 301호",161691185.0,,항-16-059 062 066 질량분석기 소모품 등 72종,제2군단
20-161 218 동물용 자동분석기 등 3품목,국방부(운영지원과),106926654.0,,,디와이아이앤씨주식회사,이승호,장지혜,"서울특별시 영등포구 국제금융로8길25, 6층 607호 (여의도동, 주택건설회관)",116297155.0,,2024년 방산물자 현황분석 연구용역,중앙행정기관
대대급이하 전투지휘체계(B2CS) 양산사업 비용분석,국군재정관리단,16392321.0,93.3036,2016-12-07,(주)아이디어정보기술,권현한,황병윤,"서울특별시 영등포구 선유로 70, 우리벤처타운2303호(문래동3가)",75514066.0,91.7749,21-해-CCTV 분석시스템 등 7종 구매설치,중앙행정기관
방위사업 분야 블록체인 적용방안 연구,육군본부,17483846.0,87.8753,,디엠글로벌,정관용,김영수,,,,24-3차 조달 연구장비(의약품 냉동고) 구매,중앙행정기관
분석기 구매,연평부대,20529313.0,,2021-02-07,(주)켐텍인스,이충근,이현미,경기도 시흥시 경기과기대로269(정왕동),156948022.0,52.2386,조종사 피로도와 안전비행의 역학관계 분석 연구용역,합동상호운용성기술센터
열상감시장비 초음파모터 등 3종 정비개발 연구용역,국군재정관리단,123393751.0,,2018-12-16,경안이엔지(주),,김선태,"경기도 안양시 만안구 만안로49, 519호(안양동, 호정타워)",200825596.0,84.4349,[24-육-6] M&S 체계구축  활용방안 연구,국군재정관리단
폭발물처리 자격신설 연구,공군군수사령부,,87.9599,2020-03-26,,정주교,배용수,"충청남도 천안시 서북구 쌍용17길8, 3동 1202호(쌍용동, 쌍용모란아파트)",102025288.0,,2017 PACC & PAMS 연구용역,중앙행정기관
정보학교 사이버공간정보 연구용역,육군교육사령부,145350743.0,,2017-10-08,(주)미래스캔,정태량,안가영,"서울특별시 강남구 언주로527, 10층 (역삼동)",180094502.0,51.5668,독점조달 및 계약비리 등 조달제도 개선방안 연구,중앙행정기관
상층대기분석장비 유지보수,국방부(운영지원과),19922384.0,87.8244,,,김진욱,박계향,부산광역시 동구 중앙대로251번길 11(),,87.4086,적 사이버공격 의도분석 지표개발 및 평가방안 연구,중앙행정기관
KAOC 신축사업 지휘통신체계 구축방안 연구용역,공군군수사령부,115000455.0,87.7549,,사단법인 안보경영연구원,서수진,전병욱,"경상북도 포항시 남구 지곡로294-0 , 233동 7층 03호(지곡동, 효자그린아파트)",,,내부피폭선량분석셋(삼중수소 전처리장비셋) 구매,중앙행정기관
00부대 신축 시설사업 선행연구 용역,공군군수사령부,,82.4152,,,탁승주,안주섭,,1988679759.0,,인공지능 무기체계 시험평가 기준 절차 방법 연구,중앙행정기관
V-C 체계간 연동기술 연구,국군재정관리단,43062759.0,,,(주)에프오알엠도시건축공간연구소,김재영,유관우,"경기도 용인시 수지구 죽전로 152, 단국대학교내(죽전동)",189296565.0,,인공지능을 적용한 군사드론의 체계 연구,국군재정관리단
임베디드 및 군 무선통신 취약점 분석기술 연구,공군본부,48441663.0,97.15,,유한회사 갈등조정센터,,서경원,"서울특별시 강서구 양천로551-17, 301호 (가양동)",553455590.0,87.7534,해병대 산소분석기 4개 구매,군
북한의 기뢰전 전술 분석 및 대응책 연구,4284부대,47273136.0,88.2654,,사이모빌 주식회사,이현석,변윤진,부산광역시 강서구 대저중앙로341-0 (대저1동),178494830.0,87.5553,국방 모바일 환경 구축을 위한 기반 연구,중앙행정기관
작전지휘시설 신축 선행연구용역,국군제1068부대,175120186.0,87.7112,,,,,,107944388.0,87.3564,유류 소분배 계통 자동화관리 연구,합동참모본부
연합/합동 연습모의모델 획득 및 운영방안 연구,국군재정관리단,34343474.0,95.5599,2020-12-30,(주)에스티앤비,박래호,권택연,"서울특별시 성동구 광나루로130, 907호(성수동1가, 서울숲아이티캐슬)",70776682.0,87.6897,SUPPRESSED,국군재정관리단
대공표적예인기 탑재장비 성능개선 등 2건 비용분석,국군재정관리단,124835686.0,77.4993,,우영상사,김학철,박계향,서울특별시 노원구 화랑로574-0 (공릉동),83872445.0,,자동염기서열 분석기 구매설치,국군재정관리단
AI기술의 분류체계 및 적용방안에 관한 연구,국방부(운영지원과),,87.8118,2023-04-12,계명대학교 산학협력단,박 동순,심지민,"부산광역시 연제구 중앙대로1054번길6, 5층 (연산동)",,92.4244,국방시설분야 4차 산업기술 활용방안 연구용역,중앙행정기관
22-작전지휘시설 신축 분석평가 및 선행연구 용역,국군재정관리단,0.0,87.855,,한성대학교 산학협력단,김금자,김정은,경상남도 창원시 진해구 웅동로162-0,96769754.0,87.6886,위험평가를 위한 공격표면 및 평가방법 연구,중앙행정기관
병영환경 및 상담대상자 특성과 연계한 상담기법 연구,국군재정관리단,45439403.0,96.2306,2020-04-14,주식회사 조인트리,,노경범,,95283604.0,75.5841,22-13차 연구장비 구매 계약 - 원심분리기 중형,중앙행정기관
(217074-C) 의무장비(자동분석기 생화학 대형) 구매,공군군수사령부,107752529.0,87.7734,2016-01-06,세종대학교산학협력단,박정기,배영실,"인천광역시 계양구 벌말로566번길13-1, 1층(상야동)",169750632.0,87.4127,『국방표준서 제정』연구,군
(20G060-A)IP교환기및국방보안조사분석시스템금융리스,국방부조사본부,36217606.0,87.9554,2021-01-23,사단법인 한국소음진동공학회,이우경,김민지,경상북도 상주시 상산로215-31 2층 (낙양동),74014921.0,79.93,전력화장비 후속군수지원 사업 개선방안 연구,합동참모본부
21-해-성분분석기 구매,해군군수사령부,34440681.0,88.0139,,재단법인 한국산업관계연구원,안주섭,주현도,서울특별시 동작구 여의대방로36길92(대방동),178551407.0,87.5016,신호분석기 1대 구매,군
전투실험 발전 과제 연구용역(1),방위사업청(운영지원과),,72.5689,2021-01-26,(사)국방시설연구협회,김창환,임경태,광주광역시 서구 화정로280번길3(농성동),,,한국군 공정사단 필요성 및 운용개념 편성방안 연구,중앙행정기관
21년 전투발전 연구용역(1),국군재정관리단,,,2018-07-05,(주) 한국능률협회컨설팅,한영수,이현미,경상남도 창원시 의창구 팔용로 399(),69560591.0,,21-공-스펙트럼 분석기 3대 구매,중앙행정기관
00부대 정보체계 취약점 분석 도구 구매,국방부(운영지원과),30302778.0,97.2963,,대광산업,최인숙,차승회,"경기도 성남시 수정구 창업로54, LH기업성장센터 가동 609호",75895980.0,80.4469,인공지능 전차 비사격 훈련시스템 개발 연구용역,제2군단
`18년 헌병 디스크 증거분석체계 교체사업,4284부대,129807250.0,88.1598,,김근우시스템공학기술연구소,설영만,박문희,"경기도 성남시 수정구 복정로84번길 22-15,(B-001호) (복정동)",477158362.0,,예비전력 VISION 구현 방향 연구용역,국군제1068부대
21년 공군 항공무장효과분석모델 통합유지보수 용역,방위사업청(운영지원과),55373168.0,,2017-04-24,에스엔케이와이즈주식회사,김진욱,조성호,경상북도 경주시 동대로 123(석장동),200998874.0,87.5889,해병대 작전환경에 적합한 M&S 전력분석 연구 용역,국군재정관리단
사이버전문인력 육성을 위한 교육 및 개선방안 연구,해군사관학교,,88.2017,2021-12-18,한국과학기술원,두인환,백현정,대전광역시 유성구 테크노2로66-6 (관평동),614818816.0,,가스 크로마토그래피 질량분석기 구매(20196084-D),군
공군 3훈비 방호시설 방호성능평가 연구용역,공군군수사령부,,87.703,2022-03-16,버프프로덕션,,,,204707657.0,87.3174,00부대 지형분석장비(워크스테이션) 구매(20197163-B),중앙행정기관
미래 전장에서 승리하기 위한 육군전략 발전 연구,합동참모본부,57094398.0,96.562,2017-08-22,예원,최규식,조노희,"전라북도 군산시 임피면 호원대3길 64,",506670129.0,62.3224,차기전술차량 계열화 방안 연구,국군재정관리단
(236498-C) 23년 영상분석서버 및 PC 제조설치,국군재정관리단,146323431.0,97.0633,,재단법인 세종연구소,이훈민,백도현,,,88.205,’19년 디지털 포렌식 분석장비 교체(20197105-A),중앙행정기관
‘22년 항공관제 분석체계 유지보수,국군재정관리단,19154999.0,87.9945,2017-03-09,,김범준,남궁진,서울특별시 송파구 올림픽로505-0 (풍납동),,,11. 국제공동연구(AI기술을적용한...),국군재정관리단
22년 병리장비운영소모품(6) 요분석검사 27품목 구매,공군작사근무지원단,246869317.0,96.2432,2021-03-27,주식회사 엔브이티,나승식,안다희,인천광역시 부평구 부평대로301-0 (청천동) 남광센트렉스 303호,70537013.0,95.3467,보라매(KF-21) 양산 비용분석,국군재정관리단
19-웹 취약점 진단분석체계 교체사업(201499064-A),육군본부,,94.7918,2022-01-10,(주)타임게이트,권시형,,"경기도 고양시 덕양구 삼원로63-0 (원흥동, 고양아크비즈) 612호",66542215.0,88.1981,인사교육장교 경력관리 개선을 위한 연구용역,합동참모본부
11. 국제공동연구(AI기술을적용한...),국군재정관리단,256840952.0,88.3105,2020-05-23,상명대학교산학협력단,임종근,박준용,"서울특별시 성북구 숭인로2길61-0 (길음동, 길음동동부센트레빌아파트) 103동 11층02호",81706506.0,88.1476,기술연구 환경구축 사업 리스,중앙행정기관
장비 적정수명 결정요인 선정 및 결정방법연구,공군본부,22774308.0,82.1452,,주식회사 라이언앤코컨설팅,이민용,김우중,서울특별시 영등포구 여의대방로43나길20-0 (신길동),92063408.0,93.5252,16년 작전지속지원분석모델 유지보수 용역,국군재정관리단
지형분석용 차량(개조) 제조,국방부(운영지원과),,91.0071,,,엄기숙,,서울특별시 구로구 가마산로279-0 (구로동) 907호,212535844.0,,22-6차 연구장비 구매 계약 - 시약 및 약품냉장고,국군재정관리단
계약 전 손실 보전제도(가칭) 도입 관련 연구,제1363부대,1100016042.0,89.034,,특수법인 한국전파진흥협회,민명복,오선아,대전광역시 유성구 온천로59-0 (봉명동) 905호,,,22-이맹기 제독 평전 연구 용역,중앙행정기관
23-1차 연구의무물자(BL3 중앙실험대 등 5종) 구매,제7군단,14176921.0,,2017-11-07,재단법인 한국산업관계연구원,박영욱,우정민,서울특별시 강서구 양천로401-0 (가양동) 강서한강자이 A-704,171561119.0,,군인연금수급자 사망률 개선 연구,군
(20F088-A)소음영향도 작성을위한 소음측정및분석용역,제9691부대,11823146.0,,2016-01-06,,홍수정,고윤안,"경기도 고양시 일산동구 중산로 247306,307호 (중산동, 중산프라자)",,,(20F157-I)12.7mm 파쇄탄 정부투자 연구개발 사업,국군재정관리단
상층대기분석장비 유지보수,합동참모본부,26403464.0,77.1704,2022-09-03,주식회사 한국건설경영기술원,박종호,이도제,"경기도 성남시 수정구 복정로84번길 22-15,(B-001호) (복정동)",,93.286,미래 무기체계 소요 연구용역,국군재정관리단
융합형 신개념기술시범(ACTD) 제도 정립방안 연구,국군수도병원,341536883.0,88.2895,2021-01-02,사단법인 한국드론혁신협회(KDIA),경상현,김인해,"경기도 안산시 단원구 광덕3로145-5, 3층 301-66호 (고잔동)",,87.4674,국가 우주개발 정책과 공군의 역할 연구,중앙행정기관
DIDC 전문인력 강화를 위한 역량 평가모델 연구,국군재정관리단,,87.6872,2022-06-10,,임평산,,서울특별시 관악구 관악로1 (신림동),184409746.0,87.3592,18-공군 비행교수법 교육 프로그램 개선 및 개발 연구,국군재정관리단
19-스마트쉽 무선네트워크 활용방안 연구,4284부대,30906641.0,,2023-05-22,에스원세이프,,김봉환,강원특별자치도 원주시 신림면 신림황둔로174-0,,87.5817,(237097-E) 연구활동재료(시약) 구매,중앙행정기관
예비전력발전세미나 주제연구(Ⅰ) 용역,해군군수사령부,,41.773,,주식회사 베테랑콤,박현준,장정연,서울특별시 마포구 월드컵북로5길59 (서교동),,53.6644,잠수함 시운전 제도 개선방안 연구,중앙행정기관
정기기초연구과제연구용역(3. 한국군의군수관리...),국방부조사본부,,,2020-04-03,(주) 솔포스텍,최태묵,박계향,광주광역시 서구 화정로280번길3(농성동),,93.6093,軍 태양광 시범사업 효과 분석평가 용역,중앙행정기관
군 표준차량 수명판단방안 연구 용역,방위사업청(운영지원과),,78.3058,2023-03-07,주식회사 에스알씨,이승기,이도제,"대구광역시 달서구 달구벌대로1095-0 (신당동, 계명대학교)",94647130.0,,전시자원소요분석모델 장비 교체사업 리스,국군재정관리단
강릉병원 기능조정 연구용역,육군본부,12652552.0,88.0603,2022-12-14,미성종합체육산업 주식회사,,,,,85.6353,군 작전 지원 수치예보 발전 방향 연구 용역비,국군재정관리단
20년 전파환경 측정/분석장비 유지보수 용역,공군본부,,95.0055,2020-11-29,미성종합체육산업 주식회사,윤상석,김미정,서울특별시 서초구 서운로13-0 (서초동),150216822.0,94.6391,무기체계 시험평가 사고예방 안전매뉴얼 연구,4284부대
정보학교 사이버공간정보 연구용역,국군재정관리단,12720624.0,86.8468,,단국대학교 산학협력단,조만희,우지민,"경상북도 경산시 하양읍 하양로13-13, D1동 4층 406호",520222971.0,87.5705,국방 전력발전체계에서의 전투실험체계 정립 연구용역,중앙행정기관
2019년도 방위산업기술 보호수준 분석 및 진단연구,공군본부,43996239.0,88.114,,씨지에스아이티(주),최치원,한상동,"서울특별시 중구 동호로7길41, 2층(신당동)",,87.3407,(246202-D)지형분석장비 교체사업(리스자산),중앙행정기관
고속상륙정(LSF-II) Batch-II 사업분석,제3697부대,,74.4534,2023-01-26,주식회사 굿컨설팅그룹,이광형,김호연,"서울특별시 서초구 서초대로1길17, 2층 226호(방배동)",51700533.0,88.6102,22년 수사데이터 연관 분석시스템 구매,기관
안전하고 신뢰할 수 있는 AI활용 국방가이드라인 연구,국방부조사본부,47058853.0,62.6256,,,,변윤진,"부산광역시 해운대구 센텀6로21,  인텔리움센텀 807호,808호(우동)",,87.5628,24년 전투발전 연구 용역(1),4284부대
국방특허 권리이전 업무를 위한 특허 권리분석(1차),국군재정관리단,59414348.0,75.4244,2021-08-28,사단법인 안보경영연구원,변중무,추현아,"경기도 안산시 상록구 샘골로136, 2층 204호-166 (본오동)",57852750.0,,23년 육군 장기미래비전 연구용역,중앙행정기관
군사타운 개념의 부대배치 발전방향 연구 용역,제9691부대,158311218.0,87.6428,,한국해양과학기술원,,박은숙,,653867077.0,87.5531,정보학교 사이버공간정보 연구용역,군
22년 서울안보대화 프로그램 기획 및 발전방향 연구,제5019부대,304876609.0,,,주식회사 단군픽쳐스,김범준,이재광,"경기도 성남시 분당구 탄천상로164, A동 2층 247호(구미동, 시그마2오피스텔)",61968079.0,,EMP방호 개선방안 연구,제3707부대
웨어러블 로봇 운용개념 연구용역,국군재정관리단,45270300.0,,2021-08-23,서울대학교 산학협력단,최태묵,송지은,대전광역시 대덕구 대화로160-0 (대화동) 10동 205호,46914929.0,78.3141,부대소개영화 제작 용역(연구단),중앙행정기관
고속전투정 기지건설 방안 연구 용역,해군교육사령부,38063994.0,88.2107,2017-09-15,(주)네오플러스,이근신,변영경,"서울특별시 영등포구 국제금융로8길25, 6층 607호 (여의도동, 주택건설회관)",85841358.0,,17-리더십 진단도구 개발 연구용역 계약,국군재정관리단
스펙트럼분석기구매 (20199198-I),국군재정관리단,25020268.0,87.6567,2020-05-12,,,김지영,경기도 고양시 덕양구 권율대로656-0 (원흥동) 17층 1739호,,87.482,24-첨단기술활용한 피아식별(인원) 방안연구 용역,중앙행정기관
국방특허 권리이전 업무를 위한 특허 권리분석(1차),방위사업청,,,2022-02-23,,,박재경,"서울특별시 강남구 논현로28길54-0 4층 (도곡동, 덕원빌딩)",89474317.0,84.5768,해병대 동원훈련장 과학화 발전 방안 연구,국군수도병원
00부대 조직문화 진단 연구용역,국군의무사령부,45695700.0,95.6243,2020-04-18,(사)한국위기관리연구소,김재영,문효연,서울특별시 노원구 공릉로 232서울과학기술대학교 테크노큐브 2층 산학협력단,154220872.0,87.6138,월간지(안보현안분석  린사포럼) 인쇄 용역,제9691부대
2017 서울안보대화 프로그램 기획 및 발전방안 연구,국군재정관리단,20652893.0,,2020-12-06,아주대학교 산학협력단,,박수정,"서울특별시 금천구 가산디지털2로184, 10층 1017호(가산동, 벽산디지털밸리2차)",195835651.0,93.835,자동화사격장 차단벽구조 구축방안 연구용역,중앙행정기관
군사사연구총서 용역 계약,국군재정관리단,29009096.0,87.9966,2017-11-24,주식회사 세랜텍,정평길,,"대전광역시 서구 도산로485-0, 4층 (탄방동)",95304835.0,86.9658,함정 GPS 함속력계 신호 변환 장치 개발 연구용역,기관
UAV 정비용 장비(스펙트럼 분석기) 구매,국군복지단,,87.8505,2017-03-14,주식회사 한국건설경영기술원,홍광표,,"서울특별시 강남구 언주로527, 10층 (역삼동)",122054230.0,87.2932,수사데이터 연관 분석시스템 구매,중앙행정기관
23년 성능개량 전파분석체계 도입사업,국군재정관리단,,81.7481,2020-12-25,주식회사 오파스넷,김완일,배수호,"서울특별시 구로구 디지털로26길61, 에이스하이엔드타워2차 2001호 (구로동)",1415274757.0,,ICT기반 입체영상 활용방안 연구 용역,제9691부대
기초자치단체 비상대비업무 담당자 신편방안 연구,국군재정관리단,52525500.0,,2020-11-26,주식회사 이에스,안병선,공현철,"서울특별시 서초구 방배천로155, 유청빌딩 3층(방배동 821-8)",86661857.0,93.2992,20-조난위치지시 무선송신기(잠수함 부이용) 연구개발,중앙행정기관
23-D-감정장비(액체질량분석기) 구매(2310036-F) ,국군제1068부대,35596923.0,87.9505,,노무법인한수,나인성,신정희,광주광역시 광산구 풍영철길로15(콜롬버스월드 302호),508685364.0,91.9591,차년도 안보정세전망 연구 용역,중앙행정기관
신 작전수행개념 구현을 위한 교리발전 방안 연구용역,국군의무사령부,,,,대지이앤씨산업 주식회사,이영환,윤영현,"서울특별시 송파구 법원로11길25-0, A동 1310호(문정동, 에이치비즈니스파크)",,87.7555,24-방공관제 작전제한 해소 추가레이다 설치방안 연구,중앙행정기관
24년 국한문 혼용 공군 역사서 한글화 연구용역,국군재정관리단,41138663.0,92.4795,,구루멘토링 주식회사,노희영,박계향,"서울특별시 강남구 언주로527, 10층 (역삼동)",,,ICT기반 입체영상 활용방안 연구 용역,중앙행정기관
국방정보화 법률 개정방안 연구,국방부(운영지원과),,58.7549,2018-04-14,주식회사 삼원산업,김형철,,"경기도 군포시 고산로148번길17-0, B동 1303호, 1304호, 1305호(당정동, 군포IT밸리)",86825074.0,,(247115-B) 연구활동재료 구매,중앙행정기관
상호운용성 정보보증 평가기준의 체계별 적용방안연구,제2307부대,148369678.0,87.9321,,기술표준화연구소,최은수,장혜민,경상남도 진주시 동진로420 (충무공동),,86.247,미래 육군 상비병력 절감방안 연구,중앙행정기관
AH-64 헬기 엔진 마운트홀 가공기술 개발 연구용역,공군군수사령부,132807771.0,58.4982,,,,,서울특별시 동작구 상도로 369(상도동),99502269.0,,효율적인 탄약 전력화 방안 연구,국군재정관리단
자주도하장비 조종시뮬레이터 비용분석,제9691부대,104087785.0,93.6903,,,,,"서울특별시 송파구 법원로11길25-0, A동 1310호(문정동, 에이치비즈니스파크)",113949579.0,87.3028,국방우주력 발전을 위한 민·군 기술협력 방안 연구,중앙행정기관
정책연구용역(화생방보호의-Ⅱ 제안서평가기준 마련),공군제15특수임무비행단,222560682.0,96.2759,2019-04-24,(사)한국전략문제연구소,김규한,함혜련,경상남도 창원시 의창구 죽전로68번길29 (팔용동),,62.0268,화생방 연구 재료 초자 구매,군
디지털 혁신시대 SW개발역량 강화방안 연구용역,국방부(운영지원과),232672793.0,59.173,2021-02-11,한양대학교 산학협력단,김두식,유지수,"서울특별시 송파구 법원로9길26, D동 1104호(문정동, H-비즈니스파크)",95469672.0,87.4925,[상층대기분석장비 부품] 위상 변위기 등 12종,중앙행정기관
부대활동 유형별 위험성 평가체계 연구용역,국군재정관리단,10089168.0,,,사단법인 한국선급,,박계향,전라남도 목포시 용당로225-1 (용당동),108045716.0,,민간우주기술을 접목한 육군우주력 발전방안 연구,국군재정관리단
KAOC 신축사업 지휘통신체계 구축방안 연구용역,방위사업청(운영지원과),132683333.0,87.7025,2016-12-26,,전건욱,이기영,,185612856.0,87.529,국방시설 전력소비 수용률 기준 연구용역,국군재정관리단
간부 팔로워십 교육프로그램 개발 연구용역,국군재정관리단,,,2018-05-26,주식회사 에코비투,김화영,박병희,"서울특별시 강남구 언주로527, 10층 (역삼동)",86572618.0,86.1095,SUPPRESSED,중앙행정기관
20년 전파환경 측정/분석장비 유지보수 용역,국방부(운영지원과),21227952.0,89.9262,,(주)심네트,전건욱,이영은,"서울특별시 송파구 석촌호수로138, 202호 (삼전동)",1162386101.0,,유도로켓(비궁) 성능개량 소요 및 방법 분석 연구용역,중앙행정기관
18-직무분석을 통한 계급/직급 책정기준 연구,국군재정관리단,330114251.0,62.8917,,사단법인 통일안보전략연구소,임정숙,허정성,"서울특별시 강남구 봉은사로129-1, 5층(논현동)",89478314.0,87.4209,19-함정 ORD 작성을 위한 설계/건조 요구조건 연구,중앙행정기관
계엄의 민주적 통제방안을 위한 법 제도 연구,국방부군사편찬연구소,,,,에이치제이엘,서수진,한선여,"서울특별시 은평구 진흥로 225,(불광동)",70036320.0,94.796,24년 의무장비(자동분석기 생화학용 중형) 구매,합동상호운용성기술센터
영평사격장 이전 가능성 연구,제9965부대,132726142.0,88.0643,,주식회사 삼우에이엔씨,권오경,김태훈,서울특별시 중구 무교로16(무교동),174278944.0,96.7447,국방특허 권리이전 업무를 위한 특허 권리분석(1차),4284부대
전투실험 발전 세미나 과제 연구용역(2),국군재정관리단,,95.7401,,사단법인 안보경영연구원,백도현,전대석,서울특별시 서대문구 충정로53-0 (충정로2가) 골든타워빌딩 1701호,97335745.0,84.6084,정비공정 분석도구 구매,중앙행정기관
22년 기술연구용역 계약(3),공군본부,111281306.0,88.1203,,한국과학기술원,김태영,서유림,서울특별시 마포구 효창목길11-1 (공덕동),56618360.0,87.7723,대잠훈련분석체계(AEAS) 유지보수 용역,군
복수활주로 건설사업 분석평가 및 선행연구,육군교육사령부,37604796.0,,2021-11-13,알앤알컨설팅 주식회사,이영환,곽진,"서울특별시 강남구 언주로319, 5층,6층(역삼동,조우회관)",607884317.0,87.3938,BigData/VC를 활용한 무기체계 효과분석 연구,중앙행정기관
잠수함 승조부사관 도태방지개선 연구 용역,제6619부대,42863056.0,98.104,,주식회사 아이엠트레이딩,권오경,조진환,"서울특별시 송파구 백제고분로501, 301 (방이동 청호빌딩)",,,주파수편이용 분석기 2EA 구매,제6619부대
(237020-H)23년 조사분석용 HW 구매,제9691부대,145216504.0,,2022-12-08,우영상사,이재관,이도제,"서울특별시 금천구 서부샛길606, A동 2407호 (가산동, 대성디폴리스)",101672957.0,,23년 의무장비(전기수술기 분석기) 구매,중앙행정기관
21-함정 거주구역 개선방안 연구,육군본부,29665849.0,,2020-05-10,,,,"서울특별시 금천구 가산디지털2로184, 10층 1017호(가산동, 벽산디지털밸리2차)",,87.3449,(20F118-A)동원훈련장 과학화 발전연구 용역,합동참모본부
정비공정 분석도구 구매,해군교육사령부,6864333.0,,2021-01-02,주식회사 엔브이티,김태동,박계향,경상남도 창원시 의창구 원이대로271 (봉곡동) 3층 314-C호,150446833.0,88.1125,2020년 범국민 안보의식조사 연구 용역,중앙행정기관
첨단과학기술의 군 활용성 제고 발전방안 연구용역,방위사업청(운영지원과),,87.7134,,트루인터페이스(주),노경현,이지윤,서울특별시 송파구 송이로30길21-0 (문정동),84661731.0,,16년도 급식분야 시범사업 추진분석 및 개선방안 연구,중앙행정기관
(21F093-K)'22년~'23년 작전지속지원분석모델유지보수,국방부(운영지원과),47193576.0,79.2035,2022-01-17,(유)목양,조현선,박진호,"서울특별시 영등포구 의사당대로22, 8층 9층 10층(여의도동, 이룸센터)",80767851.0,,군사사연구총서고대~근대한국군사사연구용역(과제4),국군재정관리단
휴대용 화학물질분석기 등 2종 구매(20197097-D),국군재정관리단,16158607.0,87.6278,,(주)에프오알엠도시건축공간연구소,전건욱,전재신,"서울특별시 중구 동호로7길41, 2층(신당동)",115101888.0,87.3333,워리어 플랫폼 후속군수지원 방안 연구,중앙행정기관
전출처 전자정보 통합 및 적위협 가시화 방안연구,국군재정관리단,,,2018-02-13,서울대학교 산학협력단,임병조,이태훈,"경기도 수원시 영통구 월드컵로 206(원천동, 아주대학교)",,86.254,국방과학기술기본법 제정을 통한 국방연구개발 혁신,중앙행정기관
사이버위험평가 방법 및 군 적용방안 연구,국군재정관리단,,96.6942,,에스앤에스이앤지 주식회사,권시형,이성심,세종특별자치시  시청대로370 세종국책연구단지 사회정책동,84993825.0,92.9324,정보역량 강화 연구용역,중앙행정기관
21-375 분석기  주파수편이용 등 1품목,국군의무사령부,211877204.0,,2017-07-03,동국대학교 WISE캠퍼스 산학협력단,홍수정,박정수,"서울특별시 금천구 가산디지털2로184, 10층 1017호(가산동, 벽산디지털밸리2차)",186147887.0,,정기기초연구과제연구용역(6. 전장에서포병화력...),군
21년 연례 육군 리더십 수준 진단 연구용역,공군군수사령부,,,2018-01-04,,,최규식,"서울특별시 강북구 인수봉로55가길16-9 (수유동, 가람아트빌5차) 301호",81646520.0,,전력화장비 후속군수지원 사업 개선방안 연구,기관
함정구조해석용 모델링 DB 개발 연구(2019H038-E),국군재정관리단,22374514.0,93.4139,2016-06-26,사단법인 한국국가전략연구원,박미경,박종호,"경기도 용인시 처인구 모현읍 외대로25번길12-26 (라인빌리지), 201동 302호",,85.3247,월책 차단을 위한 혁신적 GOP 경계 플랫폼 연구,중앙행정기관
19년 발칸 추적훈련 분석기(제조),제2307부대,35052392.0,80.9484,,한성대학교 산학협력단,조성희,민성현,"대전광역시 유성구 대학로 99(궁동, 충남대학교)",,63.0308,17년 사이버 침해사고 조사/분석체계 도입사업,국군복지단
한국군 전술데이터링크 표준화 및 발전방안 연구 용역,국군수도병원,157897161.0,88.4132,2023-06-04,육군사관학교 산학협력단,전건욱,최민호,,164603252.0,85.5485,국방 데이터센터 발전방안 연구,합동상호운용성기술센터
18년 00부대 사이버 침해사고 조사/분석체계 도입사업,제7군단,395497620.0,88.0777,2018-10-08,한국생산성본부,윤영현,장혜민,"경기도 성남시 수정구 복정로84번길 22-15,(B-001호) (복정동)",77754004.0,,분석기  입자크기용 구매,합동참모본부
00부대 정보체계 취약점 분석 시스템 구매,방위사업청(운영지원과),183032164.0,79.1713,2016-03-03,이성 주식회사,김진욱,이정민,"서울특별시 용산구 청파로 40, 삼구빌딩 1815호(한강로3가)",,87.6228,22-병력절감형 Smart Battleship 함정 설계연구,군
(22G028-A)생물안전3등급 연구시설 유지보수 용역,국군의무사령부,,,2021-05-07,(사)국방시설연구협회,홍영기,박계향,경상남도 거제시 거제대로3370 (아주동),91394485.0,87.48,24-첨단기술활용한 피아식별(인원) 방안연구 용역,중앙행정기관
(226362-F)작전지속지원분석모델장비 도입(리스물건),공군군수사령부,57905603.0,55.4558,2020-03-16,서울과학기술대학교 산학협력단,전건욱,,서울특별시 서초구 반포대로13-0 (서초동),207160911.0,87.4654,복합신호분석기 구매(20198178-F),4284부대
2024년 임상의학연구센터 통계프로그램 구매,국방대학교,,88.7806,2022-02-13,에이스 컴퍼니,이정화,정봉원,"서울특별시 강남구 언주로527, 10층 (역삼동)",46888035.0,,전평시 군수부대 기동화 방안 연구용역,중앙행정기관
(217074-C) 의무장비(자동분석기 생화학 대형) 구매,국방부(운영지원과),50675242.0,,,(주)씨엠코리아,반상우,정봉원,"경상북도 구미시 대학로 61, 금오공과대학교 산학협력단(양호동)",,87.5422,군급식조달체계변화에따른적정급식비산출에대한연구,중앙행정기관
정기기초연구과제용역(5.인공지능강화학습...),국군복지단,260044069.0,,2023-02-09,,전건욱,김상수,충청남도 논산시 연무읍 연무로 320(),88417506.0,87.4388,주파수편이용 분석기 2EA 구매,중앙행정기관
23-2차 의무사 조달 연구장비(분광광도계) 구매 계약,국군재정관리단,10360325.0,93.2323,,(주)인콘,정봉원,양희성,"서울특별시 강남구 언주로527, 10층 (역삼동)",58496598.0,86.103,확산탄에 의한 활주로 피해양상 연구용역,중앙행정기관
17년 분광분석 폭발물탐지 연구용역,4284부대,36095190.0,79.9879,2023-01-03,(주) 웃샘,최권석,김지영,경상남도 진주시 정촌면 연꽃로141,183021772.0,,24년 국방민원서비스 만족도 조사 연구,군
24년 군 주거시설 개선사업 선행연구(2차)(24-GD-69),해군본부,,,,국방기술품질원,동중영,김경모,"경기도 안양시 동안구 학의로282, 501호,502호,503호 (관양동, 금강펜테리움아이티타워)",154298736.0,84.4608,2019년도 방위산업기술 보호수준 분석 및 진단연구,중앙행정기관
AI기반 컴퓨터생성가상군 구축 기술 연구용역,방위사업청(운영지원과),33024224.0,94.6622,,노원 상사,김종성,전수현,서울특별시 서초구 서초동1432-13 202,73606234.0,93.8298,국방안전관리정보체계 최적 구축방안 연구,군
군사용 인공지능 적용을 위한 법ㆍ제도 개정소요 연구,해군본부,,,,광운대학교산학협력단,김병석,백도현,,166827921.0,94.093,자동처리체계 구축 및 연구용 부품 구매,중앙행정기관
적외선차폐연막통(연막제) 유해성 입증시험 연구용역,국방부,,81.6288,2016-04-14,(주)두두아이티,한재희,홍성휘,"대전광역시 서구 대덕대로319, 2층 212호(월평동, 우림빌딩)",,87.5425,신호분석기 1EA,중앙행정기관
미래 우주전장 분석 및 공군 우주전략 수립 연구용역,제9691부대,54644131.0,,2022-08-02,사단법인 한국갈등학회,이명식,민희숙,경기도 평택시 청북면 고렴길181번길 13(),93740740.0,,23-N-유황분석기 구매,중앙행정기관
(217074-C) 의무장비(자동분석기 생화학 대형) 구매,육군본부,14456568.0,81.8873,2023-06-16,국방대학교산학협력단,이문걸,구종우,서울특별시 광진구 천호대로524-0 (군자동),,87.6761,21-함정 스마트 브릿지 모델 개념 연구,중앙행정기관
북한의 기뢰전 전술 분석 및 대응책 연구,국군재정관리단,151956041.0,87.6285,2020-06-11,주식회사 안보기술연구원,전건욱,정경아,"경상남도 창원시 진해구 용원남로56번길1, 101 (용원동)",,,(227334-E)정밀측정장비(스펙트럼분석기 등 2종)구매,중앙행정기관
인공지능을 적용한 군사드론의 체계 연구,공군사관학교,6030640.0,,2017-11-16,하늘유통,윤은희,우윤지,"경기도 성남시 수정구 창업로54, LH기업성장센터 가동 609호",145761115.0,,분석기 스펙트럼용 장비 구매(20209032-I),제20전투비행단
국방정보체계프로젝트관리시스템 발전방안 연구,국군의무사령부,306779536.0,88.9101,2016-06-30,이매니지먼트(주),김상인,김상수,"서울특별시 금천구 가산디지털2로184, 10층 1017호(가산동, 벽산디지털밸리2차)",69209899.0,,의무장비-혈액가스분석기 중형 구매,군
국방사업관리 자격신설 연구,연평부대,,88.3402,,주식회사 더블유아이,권준홍,정경아,"서울특별시 강남구 도산대로 507, 대신빌딩205호(청담동)",,,정밀 측정장비(레벨분석기)구매,중앙행정기관
감정장비(자동염기서열분석기 등 2종) 검교정 용역,국군재정관리단,,81.4878,2023-04-03,주식회사 혜성산업,NAKAZAWA TAKASHI,권민정,경기도 구리시 산마루로46-0 (갈매동) 404동 1702호,90538167.0,87.5129,20-쇄빙능력 보유 함정 건조/설계 기반기술 연구,국군재정관리단
아웃도어용식량의 전투식량 활용 및 비축 타당성 연구,제6619부대,,87.982,,대전대학교 산학협력단,김정숙,오세형,,,87.424,함정 연구개발 군 요구조건 관리방안 연구용역,중앙행정기관
생화학분석기(자동식) 1대 구매 설치,육군본부,,74.3287,,사단법인 녹색삶지식원,이용욱,김학범,"인천광역시 서구 건지로404, 207동 1501호(가좌동, 가좌한신휴플러스아파트)",,,AI기술의 분류체계 및 적용방안에 관한 연구,합동참모본부
12.정책현안연구(북한의전쟁수행...),국군재정관리단,,,2022-05-19,농업회사법인 주식회사 서원당,도정화,최규식,"경기도 군포시 고산로148번길17-0, B동 1303호, 1304호, 1305호(당정동, 군포IT밸리)",91567458.0,87.2821,(20F084-I)소음영향도작성을위한소음측정및분석용역,중앙행정기관
19-12차(3) 의무장비 혈액가스분석기 소형 구매,국군재정관리단,,,,주식회사 에스유지,신훈길,이희국,서울특별시 서대문구 충정로53-0 (충정로2가) 골든타워빌딩 1701호,177874702.0,,대잠훈련분석체계(AEAS) 유지보수 용역,중앙행정기관
23년 기술연구용역 계약 의뢰(1),해군본부,,,,주식회사 플랜에이디벨롭먼트,전건욱,유재은,"서울특별시 용산구 한강대로30길25 (한강로2가, 아스테리움 용산) 11층 2호",180882350.0,,00기지 환경개선 사업 분석평가 및 선행연구 용역,기관
군사사연구총서베트남전쟁관련주제연구용역(과제3),국군재정관리단,,,2016-03-03,육군사관학교 산학협력단,전건욱,김채미,"서울특별시 구로구 공원로6나길12-0 (구로동,경방빌딩) 301호",82596745.0,,SUPPRESSED,중앙행정기관
소형무장헬기 경제적 획득 방안 연구,국방부(운영지원과),,64.1784,2023-01-11,(주) 한국능률협회컨설팅,김진욱,황병윤,충청북도 청주시 청원구 오창읍 농소길33-56,,87.7753,2022년 의무장비(혈액가스및전해질분석기) 구매,중앙행정기관
17년 지형분석장비 교체사업,공군본부,175265018.0,,2018-06-13,사단법인 통일안보전략연구소,김산회,고기종,"경기도 용인시 기흥구 덕영대로1732-0 (서천동, 경희대학교 국제캠퍼스내)",331168597.0,88.1201,미래 지휘통제체계 발전방안 연구용역,제2879부대
국내구매사업 추진시 종합평가방안 연구,제5019부대,,84.021,,우석대학교 산학협력단,조만희,조종열,"경기도 수원시 영통구 신원로306, 1동 8층(원천동, 이노플렉스)",1880178437.0,,00국가 해커추적 및 정보수집방안 연구,중앙행정기관
화기별·탄종별 사격장 안전 기준 정립 연구,국방부(운영지원과),24439477.0,96.6297,,육군사관학교 산학협력단,김상인,유상지,"충청북도 청주시 서원구 충대로1-0 (개신동, 충북대학교)",185656707.0,85.5094,해병대 고유 무기체계별 맞춤식 정비개념 연구,중앙행정기관
21세기형 선진해군문화 연구,제5738부대,177413275.0,92.2794,2020-05-25,주식회사 미주씨앤디,유상호,김선태,부산광역시 남구 용호로252번길11-0 (용호동),1434205931.0,,알코올 대사체 분석방법 연구,4284부대
통신가설차 경미한 성능개량 사업분석,국군재정관리단,49929493.0,87.9233,2023-05-18,주식회사 다윈에어로테크,김태호,전희수,"서울특별시 강북구 솔매로49길 60, 서울사이버대학교내(미아동 193-15번지)",35779326.0,87.6143,(246248-C) 모바일기기 증거분석 교체(HW)(리스자산),중앙행정기관
드론봇 전술훈련장 운용개념 및 구축방안 연구용역,국군재정관리단,32967236.0,,,(주)유로사이언스,김동국,안다희,충청북도 청주시 서원구 남이면 남석로326,1755743629.0,,[24-육-91] 무건리 훈련장 갈등 비용분석 연구,국군재정관리단
21년 전군 감염병 감시 지원체계 구축방안 연구용역,국군재정관리단,21272148.0,94.4789,,주식회사 코리아리서치센터,김회율,전동애,"경기도 성남시 중원구 갈마치로302, A동 602호 (상대원동, 우림라이온스밸리5차)",,,국방정보통신장비의 효율적 운영관리 방안 연구,중앙행정기관
월간지(안보현안분석  린사포럼) 인쇄 용역,국군재정관리단,93844716.0,82.3594,2020-05-30,자주국방네트워크,김종성,김기현,"경상남도 창원시 진해구 중원로1-0 (남빈동, 해군사관학교내)",65261214.0,,국방전직교육원 조직진단 및 기능강화 방안연구,중앙행정기관
항-20-036 자동면역분석기,합동상호운용성기술센터,,87.825,2022-11-28,주식회사 태양이엔지,손영옥,,부산광역시 강서구 녹산산업중로62-6 (송정동),182733916.0,87.4761,해병대 과학화예비군 훈련장 발전방안 연구 용역,군
해군 스마트 항공기지 발전방향 연구용역,제2307부대,120691710.0,96.0698,2018-08-23,법무법인(유한) 대륙아주,이상환,이기영,"서울특별시 성북구 정릉로 77, 국민대학교내(정릉동)",61044565.0,93.7715,20-WMD/화생방 전문인력 관리 및 교육훈련 정립 연구,중앙행정기관
함정 연구개발 군 요구조건 관리방안 연구용역,국군재정관리단,28760655.0,87.8854,,사단법인 한국아이티법연구원,김민지,,서울특별시 금천구 가산디지털2로123-0 (가산동) 월드메르디앙벤처센터 2차 317호,73670838.0,,[24-육-128] 예비전력발전세미나 주제 연구(Ⅰ),국군재정관리단
21-해군 재료분석기 구매,국군재정관리단,12253492.0,,2022-05-14,고려대학교산학협력단,정봉원,김영원,서울특별시 강서구 마곡중앙8로3길79-0 (마곡동),92321360.0,93.2359,국방정책연구과제 연구용역 계약,중앙행정기관
23-10차 조달 연구장비(순수물제조기) 구매,국군수도병원,16468906.0,59.6627,2021-12-11,주식회사도시경영연구원,이희윤,이철호,충청북도 청주시 흥덕구 옥산면 덕촌삼성골길16,157033326.0,87.9997,정보분석낭 구성품 구매,제9691부대
18년 수송기술 용역연구,국군재정관리단,23293768.0,,2022-09-17,사단법인 미래안보산업전략연구원,박재완,이수행,"서울특별시 금천구 가산디지털1로145,12층 1207호(에이스하이엔드타워3차)",84231040.0,,정원감축 대비 민간인력 전환분야 및 규모식별 연구,기관
22-공-가스크로마토그래피(질량분석식) 구매,제2879부대,34371193.0,73.1091,2022-03-11,럭키상사,김성룡,김은혜,"서울특별시 용산구 청파로 40, 삼구빌딩 1815호(한강로3가)",37730025.0,95.2832,공군 이러닝 무선기반체계 고도화 방안 연구 용역,대학
자동염기서열분석기 정비 및 검교정,국군재정관리단,,,2017-08-29,,최태묵,노재란,경상남도 창원시 의창구 원이대로271 (봉곡동) 3층 314-C호,193403648.0,87.4236,안보학술진흥연구용역(4. 한국의군사전략및),중앙행정기관
23-6차 조달 연구장비(겔이미지 시스템) 구매 계약,국군재정관리단,8254831.0,,2022-11-28,(주)제트코,김태훈,조호현,"서울특별시 송파구 오금로19길6, 202호(방이동)",,87.5121,19-헬기형 UAV 운용을 위한 함정설계 개념 연구,국군재정관리단
방산기술보호 성숙도 모델 인증제도 추진방안 연구,육군교육사령부,54323998.0,87.7832,2020-06-20,(주)타임게이트,유재수,안병선,"경기도 광명시 사성로103번길14 (철산동, 광복현대아파트)106-508",66479861.0,86.4697,군수품 수송용 드론 선행연구 용역,합동참모본부
한국군의 곤충매개 감염질환 예방 전략 개발 연구용역,방위사업청(운영지원과),13587839.0,77.4699,2016-01-06,사단법인 한국국가전략연구원,방은희,임창흥,"서울특별시 금천구 가산디지털2로184, 10층 1017호(가산동, 벽산디지털밸리2차)",193829580.0,,정보학교 드론 연구용역,국군재정관리단
하이드로릭 입자분석기 구매,공군사관학교,260011910.0,,2018-01-14,사단법인군사정보발전연구소,임중수,김규호,"충청북도 청주시 청원구 대성로298-0 (내덕동, 청주대학교)",40285529.0,87.7664,입체영상 처리 및 분석장비 구매,4284부대
접적해역 상시정찰용 UAV 선행연구용역,공군군수사령부,48343898.0,87.8696,2018-02-05,사단법인 안보경영연구원,배홍기,전영섭,"경기도 성남시 수정구 위례대로83(창곡동, 국방문화센터)",183638638.0,,드론봇 및 대드론체계 전력화추진 Master-Plan 연구,중앙행정기관
공중 무인무기체계 표준화 방안 연구,육군본부,369756186.0,87.3555,,주식회사 사이버앤네트워크연구원,노희영,황인선,"서울특별시 강남구 언주로527, 10층 (역삼동)",,86.3843,그린캠프 개선 및 프로그램 개발 연구용역,중앙행정기관
24년 군 주거시설 개선사업 선행연구(24-GD-51),공군군수사령부,,94.9265,2021-03-22,,김윤혁,이재숙,"서울특별시 용산구 청파로 40, 삼구빌딩 1815호(한강로3가)",107724561.0,92.9634,진동분석시험장비 진동감지센서 등 16종 구매,군
(226046-G)'22년 육군 DB분석체계 교체(리스물건),육군교육사령부,60430687.0,,2016-02-23,육군사관학교 산학협력단,김용주,안병선,충청남도 논산시 양촌면 황산벌로1040,,85.1788,22-6차 연구장비 구매 계약 - 시약 및 약품냉장고,기관
(237472-F) 연구활동 재료 구매,방위사업청,47990358.0,,2023-04-11,한국생산성본부,김상인,이동근,충청북도 청주시 흥덕구 흥덕로 126(),78844373.0,,23-D-액체질량분석기 구매(2310036-F),국군재정관리단
생화학자동분석기 등 83종 구매(20197024-E),공군본부,143992822.0,,2020-12-06,주식회사 유진에스앤씨,신상범,이호준,"서울특별시 구로구 공원로6나길12-0 (구로동,경방빌딩) 301호",50304779.0,90.0213,미래혁신을위한육군조직문화진단및실천지표연구,국군제1068부대
화생방 연구활동 기술용역 재료 초자 구매,공군본부,25722180.0,92.7175,2020-11-21,주식회사 한국건설경영기술원,김진욱,한소희,"경기도 성남시 분당구 구미로8, 2층(구미동, 엠타워)",99985025.0,,22-경항모 건조가 산업에 미치는 영향 분석,중앙행정기관
방산물자 기술수준 및 경쟁가능성 심화 조사 및 분석,국군재정관리단,18040957.0,87.9102,2017-07-06,사단법인 대한군상담학회,신훈길,,"서울특별시 강남구 언주로527, 10층 (역삼동)",80561154.0,,민군복합타운 조성을 위한 제도적 방안 연구,중앙행정기관
18-미래 해상 무인/자율무기체계 개발방향 연구,국군수도병원,,58.0303,,케이투웹테크(주),김재영,김다예,경기도 의정부시 경의로70-0 (의정부동) 5층 A628호,,86.589,18-직무분석을 통한 계급/직급 책정기준 연구,국군재정관리단
민군 상생을 위한 대체시설 검토 및 관리방안 연구,국군재정관리단,15669939.0,87.7711,2021-09-28,협동조합 미래국방산업네트워크,신지웅,,서울특별시 강서구 마곡중앙로161-8 (마곡동) 두산더랜드파크 씨동 4층 407호,96369474.0,,24-군 상시학습제도 도입 방안 연구 용역,중앙행정기관
화생방 연구 재료 가스 구매,국군대전병원,26767235.0,91.0913,2021-01-17,경운대학교 산학협력단,안성일,조성희,충청남도 아산시 삼동로40 (모종동)3층 301-37호,160731364.0,,연구장비(가스크로마토그래피) 구매 계약,제6619부대
24-항공관제 분석체계 유지보수 용역,국군재정관리단,142354117.0,88.0487,2020-09-08,주식회사 에스에이텍,경상현,,"서울특별시 금천구 가산디지털2로184, 10층 1017호(가산동, 벽산디지털밸리2차)",215951830.0,87.3245,4차산업혁명 기반 무기체계 시험평가 발전방안 연구,군
미래 예비군 차등화 편성ㆍ관리개념 연구용역,국군제1068부대,,88.0081,2020-11-24,주식회사 에스엘상사,윤철지,김지영,부산광역시 동래구 여고로63번길86-0 (사직동) 1층,191360190.0,,2019년도 방위산업기술 보호수준 분석 및 진단연구,군
20-S-통합유류고 신축사업 선행연구 용역,국군재정관리단,14916921.0,92.0304,2022-09-08,(주)한신솔루션,최명진,이재평,"경기도 성남시 수정구 위례대로83(창곡동, 국방문화센터)",209696158.0,,00부대 신축 시설사업 선행연구 용역,국군재정관리단
19년 지형분석장비 교체구매(20196112-G),국군재정관리단,152197025.0,,,한국표준협회,,,,90901007.0,87.4077,전력지원체계 획득법령 제정에 관한 연구,국군재정관리단
사이버방호체계 최적화 및 고도화 구축 연구용역,제9691부대,,87.5851,2022-07-21,주식회사 현대리서치,,,,,,(22G028-A)생물안전3등급 연구시설 유지보수 용역,중앙행정기관
LVC체계와 훈련모델 방안 연구용역,공군본부,60718047.0,,,(주)심네트,권시형,정인영,서울특별시 서초구 서초동1432-13 202,82173552.0,,저피탐 정찰용 무인항공기 개발기술 및 운영개념연구,국군재정관리단
창군 100주년 준비 차기 공군 비전서(書) 작성 연구,국방부군사편찬연구소,26184138.0,91.3293,2016-11-01,서울사이버대학교 산학협력단,박상길,이형걸,"서울특별시 광진구 광나루로56길63, 지하1층 113호 에스46(구의동)",76310276.0,94.5879,전·평시 예비군 보류직종의 적정성 연구,합동참모본부
공군 군수지원 분야 발전방향 연구 용역,국군수도병원,47897123.0,94.941,2021-09-07,주식회사코드원,,이재평,서울특별시 광진구 군자동98 집현관 216,,,21-공-회로분석기 구매,군
리더십코칭 효과성 평가에 관한 연구용역,국방시설본부,328424100.0,,,주식회사 디오르마,임경진,장유라,경기도 김포시 대곶면 송마로52번길61-66,27853475.0,88.0086,접경지역 부대개편에 따른 상생협력방안 연구,기관
국방표준서 제정(4차) 연구,육군본부,,87.595,2016-01-06,김근우시스템공학기술연구소,김성훈,양진,"인천광역시 중구 인중로 178, 제이엘타워 1001호(사동)",95993049.0,87.5381,GPS 항재밍 성능점검 개선방향에 대한 연구,중앙행정기관
교육연구자료 원문 DB 구축 용역,국방대학교,140327961.0,88.2576,2021-11-25,사단법인 한국국가전략연구원,조노희,정관용,"서울특별시 송파구 법원로11길25-0, A동 1310호(문정동, 에이치비즈니스파크)",,93.2087,국방상호운용성 마스터플랜 연구,중앙행정기관
차륜형장갑차 시설사업 선행연구,제5군단사령부,2370795.0,90.5582,2022-04-14,(주)싸이버텍,김부원,유진경,"경기도 성남시 수정구 금토로80번길11, (금토동, 판교이노베이션랩) 9층 909~911호",,,LVC 연동체계 개발을 위한 아키텍처 설계방안 연구,중앙행정기관
17년 비용분석모델(PRICE) 유지보수 용역,제9691부대,45068401.0,87.9564,2020-03-12,주식회사 미주씨앤디,정주교,,,,87.4624,(207143-H)취약점 분석장비 구매,합동참모본부
24년 기술연구용역(1),국군재정관리단,40874238.0,,2020-05-14,사단법인 한국국가전략연구원,강인용,이향천,서울특별시 광진구 군자동98 집현관 216,,,22-G/K 창정비 사업 성과분석 연구,군
000사업 핸드형 네트워크 분석기 구매,제6619부대,,88.2626,,,노광현,심유진,대전광역시 유성구 테크노2로187-0 (용산동) 미건테크노월드 2차 B동 217호,194721186.0,,유전자감정장비(자동염기서열분석기)소모품 설치 납품,중앙행정기관
24-P-용-01 침수예방사업 선행연구용역,국군재정관리단,136966432.0,75.9411,,(사)한국위기관리연구소,김효근,임순옥,대전광역시 대덕구 대화로160-0 (대화동) 10동 205호,,85.1512,미래 지역예비군 최적화 방안 연구 용역,군
함정추진축계이상소음발생위치추정및원인분석기법연구,육군본부,101651701.0,87.7744,,,강창선,,,91344390.0,,전출처 전자정보 통합 및 적위협 가시화 방안연구,중앙행정기관
평시 복무 예비군제도 발전방향 연구용역,공군본부,28317773.0,,,재단법인한국조달연구원,가회광,김태훈,,62373696.0,,22-해-신호분석기 구매,국군재정관리단
24년 의무장비(요분석기) 구매,국방부(운영지원과),143492963.0,,,(주) 솔포스텍,이숙,이한솔,"서울특별시 금천구 가산디지털2로184, 10층 1017호(가산동, 벽산디지털밸리2차)",,,주파수변환기 대체품 연구개발 용역(2019H028-B),중앙행정기관
상륙공격헬기 체계운용요구 및 PBL 적용방안 연구용역,육군군수사령부,,,,구루멘토링 주식회사,권시형,안차순,대전광역시 유성구 노은로170-0 (지족동) 스타시티빌딩 6층,,68.4879,00부대 EMP 보호시설 구축 선행연구 용역,국군재정관리단
교육연구자료 원문 DB 구축 용역,국군재정관리단,133084756.0,87.9521,2020-12-18,사)한국미래문제연구원,김진욱,허정성,경기도 안양시 만안구 일직로94번길15-0 (석수동),185250401.0,,20~21년 작전지속지원분석모델 유지보수(2019F172-G),합동참모본부
00기지 환경개선 사업 분석평가 및 선행연구 용역,국방부(운영지원과),35901675.0,,2017-09-05,사단법인 씨알리더십연구원,윤상석,김종환,경기도 용인시 기흥구 언동로125번길26-1 (중동) A동 402호,95119934.0,,항-19-082 자동면역분석기 시약 등 27종,중앙행정기관
24년 기술연구용역(1),육군정보학교,36805276.0,,2020-07-06,경안이엔지(주),김지찬,박호균,,,,해군분석모델 서버 교체사업,중앙행정기관
20-PKMR엔진 PBL 비용대효과분석 및 성과지표 연구,국군재정관리단,,87.7445,,아주대학교 산학협력단,최진식,배원호,,102160937.0,56.2374,항공전력 도입을 고려한 효율적 운용방안 연구용역,중앙행정기관
지형분석도 제작 재료 구매,공군사관학교,36102182.0,88.124,2021-12-23,주식회사 윈스,안명수,박계향,"서울특별시 종로구 홍지문2길20-0 (홍지동, 상명대학교)",83665531.0,84.4869,활주로지역 배수로 개선 분석평가 및 선행연구 용역,국군재정관리단
23-D-액체질량분석기 구매,제2879부대,38944835.0,88.8501,,(사)21세기군사연구소,성순이,고윤안,"서울특별시 금천구 가산디지털1로1-0 (가산동, 더루벤스밸리) 1208호",157968550.0,45.2087,함정구조해석용 모델링 DB 개발 연구(2019H038-E),국군재정관리단
연구소 장비(분광광도계 등 4종)구매,국군수도병원,,75.0068,2020-05-14,충북대학교산학협력단,문미옥,김영원,"충청북도 청주시 서원구 사직대로164번길9, 401(사창동)",129096283.0,79.4898,디지털증거분석 수사체계 교체(218014-A),39정찰비행단
유전자감정장비(자동염기서열분석기)소모품 설치 납품,해군군수사령부,97783240.0,88.2443,2020-04-27,한국과학기술정보연구원,문유경,김은영,경기도 수원시 장안구 파장천로 31(),100941540.0,87.4187,정책연구용역(군견 관련),중앙행정기관
부품단종 정보획득 및 관리 시범사업 연구,국군재정관리단,224045010.0,95.6516,2017-01-04,한국법제연구원,,주정만,"서울특별시 강남구 언주로527, 10층 (역삼동)",80214766.0,,다목적 제설장비 운용기준 재정립 및 대체방안 연구,중앙행정기관
00부대 연구소 수배분전반 등 제조설치 납품,국방부(운영지원과),125130210.0,78.2862,2016-09-14,한국생산성본부,오진성,조진환,"서울특별시 성북구 안암로145 (안암동5가, 고려대학교)",147995148.0,,(226023-G)'22년무기체계사이버위협 분석시스템 도입,제3707부대
21-함정 스마트 브릿지 모델 개념 연구,국군재정관리단,,82.0808,2022-02-16,육군사관학교 산학협력단,이미영,정광조,"서울특별시 강남구 봉은사로129-1, 5층(논현동)",81765917.0,,(217074-C) 의무장비(자동분석기 생화학 대형) 구매,국군재정관리단
22년 의무장비(자동분석기 생화학용 중형) 구매,국군재정관리단,17285317.0,84.0252,,사단법인 한국군사시설연구소,이인석,안성원,"서울특별시 금천구 가산디지털2로184, 10층 1017호(가산동, 벽산디지털밸리2차)",,93.0747,국방분야 반도체 조사·분석 및 발전방안 연구,군
자동염기서열분석기 정비,국군재정관리단,,80.8249,2020-10-24,세종대학교산학협력단,장수현,,경기도 안양시 만안구 냉천로203번길 4(),109407202.0,,가상현실 및 증강현실 기술적용 방안 연구,중앙행정기관
다도해함 개조 설계 방안 연구,국군재정관리단,,,,(재)주택산업연구원,안병호,박종완,"서울특별시 강남구 영동대로602, 6층 E170호(삼성동)",51327100.0,88.1108,예비전력발전세미나 주제연구(Ⅱ) 용역,국군재정관리단
전차 조준선 정렬 시스템 개발 연구용역,국군재정관리단,145791685.0,88.1372,2021-01-25,(주)리서치랩,이문걸,남해린,"서울특별시 금천구 가산디지털2로184, 10층 1017호(가산동, 벽산디지털밸리2차)",,,모바일기기 증거분석체계 구매(교체) 리스,중앙행정기관
전력지원체계 획득법령 제정에 관한 연구,공군군수사령부,37625526.0,65.9857,2017-06-02,과학기술정책연구원,오철홍,송하봉,"인천광역시 미추홀구 방축로194, D동 207호 2층 1호 (도화동)",154645852.0,87.8817,소요결정 권한 소요군 위임시 획득절차 연구,국군재정관리단
2024년 바세나르체제 군용물자목록 개정소요 연구,국군재정관리단,0.0,,2020-04-01,(주)정산,이종재,나인성,"서울특별시 강남구 논현로134길13, 402-2호(논현동, 덕산빌딩)",87211068.0,87.659,2018년 항공관제 분석체계 유지보수 용역,중앙행정기관
CBRS 적용한 전투발전체계의 문제점 및 발전방향 연구,육군교육사령부,,,2023-07-27,지와이테크놀리지,차진섭,최재현,"서울특별시 송파구 법원로9길26, D동 1104호(문정동, H-비즈니스파크)",,,18~22 방위산업육성 기본계획 수립을 위한 정책연구,중앙행정기관
스펙트럼분석기 2종 구매,국군재정관리단,50133450.0,88.0085,2020-08-19,주식회사 안보기술연구원,,안차순,,117058586.0,92.5615,자운대 종합발전계획 연구용역,국군재정관리단
자동염기서열분석기 소모품 구매 설치,국군재정관리단,,95.4953,,주식회사 삼원산업,김진욱,이수행,서울특별시 노원구 공릉로 232서울과학기술대학교 테크노큐브 2층 산학협력단,,92.0941,해안 경계력 보강 사업 선행 연구,중앙행정기관
땅굴징후지역 지층탐사 정밀분석 용역,육군본부,42950101.0,,,사단법인 한국국방발전연구원,이정환,이춘근,경상남도 진주시 정촌면 연꽃로141,105132093.0,,50년 함건조 사례분석 및 발전방안 정립 연구 용역,중앙행정기관
사이버전자전 작전수행개념 및 핵심요구능력 연구,4284부대,,81.7,2016-01-06,경희대학교산학협력단,박미영,장현주,경기도 의왕시 오봉산단3로25 (삼동) 의왕테크노파크 더리브비즈원 1동1528호,190592760.0,86.5277,17년 분광분석 폭발물탐지 연구용역,군
(22F064-I)과학화동원훈련체계발전방안연구용역,방위사업청(운영지원과),81992043.0,,2016-06-28,사단법인 안보경영연구원,배종환,신창희,서울특별시 은평구 서오릉로25길20-4 (구산동) 1층,83351307.0,,2017년 의무장비 요분석기 구매,중앙행정기관
교육용 패킷 분석장비 라이선스 구매,국군재정관리단,7565151.0,92.901,2017-01-08,주식회사  인섹시큐리티,김진욱,송문수,"서울특별시 구로구 디지털로 306, 대륭포스트타워2차 1101호(구로동)",97259116.0,87.6387,항공통제기2차사업 기종결정평가 연구용역,기관
자주도하장비 조종시뮬레이터 비용분석,제5738부대,32341998.0,87.758,,(재)한국정보통신산업연구원,박정기,우재봉,서울특별시 강남구 학동로42길69-0 (논현동) 2층,205442625.0,,24-F-분석기  주파수편이용 장비 구매,국군재정관리단
차세대 인터넷쇼핑몰 구축 정보전략계획 연구용역,합동참모본부,132166560.0,90.0738,,주식회사 지음지식서비스,배태웅,노민택,,203444286.0,,추진장약 분석시험용 재료구매,중앙행정기관
자동염기서열 분석기 구매설치,국군재정관리단,22934962.0,86.6061,2016-11-04,(주)우림데이타,엄현성,김채미,"서울특별시 강서구 양천로551-17, 301호 (가양동)",178127656.0,86.3639,(217215-D)디지털 포렌식 분석장비 교체,군
해병대 리더십개념 및 리더像 정립 연구용역,국군재정관리단,150211453.0,,,,정진욱,,,,,군 장병 정신건강 실태조사 연구용역,중앙행정기관
공군 방공포부대 이전 요구 연구용역,제20전투비행단,129417782.0,88.0754,2022-07-15,명지대학교 산학협력단,정태량,김한욱,대전광역시 유성구 대학로291-0 (구성동),206378826.0,,(227059-E)방탐정확도 정밀분석 시험용 드론 제조,기관
휴양시설  기숙사 민·관·군 개발운영 연구용역 ,제2879부대,,66.2884,,사단법인 안보경영연구원,박수연,조명희,"경상북도 경산시 대학로280, 1층(대동)",74639449.0,87.5851,내부피폭선량분석셋(삼중수소 전처리장비셋) 구매,군
국내 한도액계약 및 성과기반계약 활성화 방안 연구,국군재정관리단,,87.6585,2022-05-26,에이티지씨(ATGC),박영선,박진호,,224898870.0,87.4292,도약적 우위능력을 위한 미래 전력 창출 방향 연구,중앙행정기관
공군 휴대용 소형무인기 대응체계 연구 용역,해군본부,155557712.0,97.3627,2020-05-02,재단법인 에프아이티아이시험연구원,,현동재,"경기도 고양시 일산동구 고봉로 26-14, 양우로데오랜드 A동 304호(장항동)",,87.474,2019년 의무장비(자동분석기 생화학용 대형) 구매,중앙행정기관
국방인력획득 효율성 제고를 위한 발전방안 연구,제9691부대,14510245.0,,2017-10-18,육군군사전략연구소,이용욱,이재원,경기도 김포시 대곶남로501번길36-0 (대곶면),102460439.0,50.3166,주거시설 관리 및 운영 전문성 제고 방안 연구,중앙행정기관
F-15K/E-737 항공기 특성(RCS/IR Signature) 연구,국방부(운영지원과),,87.8596,2022-07-15,국방기술품질원,이정화,,,,87.3692,군사격장 소음측정 및 분석용역,군
22-공-가스크로마토그래피(질량분석식) 구매,육군본부,119903444.0,88.0118,,사단법인 안보경영연구원,최규식,,,164826696.0,87.5003,중금속가열분석기 1항목 구매(의무),국군수도병원
국내개발 전투기의 진화적 개발전략 적용 연구,국군재정관리단,266783505.0,,,트루인터페이스(주),유진경,조혜진,"서울특별시 구로구 디지털로34길55, 1008호 (구로동, 코오롱싸이언스밸리2차)",608052971.0,92.6149,PLS차량 운용효과 Arena 모델링 연구 용역,군
22-美 해군 6.25전쟁 분석자료 번역 용역,국군재정관리단,111992618.0,89.5626,,주식회사 라이언앤코컨설팅,김주희,안차순,전라남도 목포시 용당로225-1 (용당동),,87.1562,효율적인 유지보수 사업관리 방안 연구,국군재정관리단
교육연구자료 원문 DB 구축 용역,공군군수사령부,121753368.0,,2017-07-09,노무법인 디와이,박기식,윤상석,"서울특별시 영등포구 경인로775, 2동 1201-17호(문래동3가, 에이스하이테크시티)",,,K계열 장갑차 엔진 오일펌프 시험장비 개발 연구용역,국군재정관리단
국방보안관리사 자격신설 연구,공군본부,109571799.0,88.3285,2022-06-08,,권선애,,,,87.4354,22년 병리장비운영소모품(6) 요분석검사 27품목 구매,제2879부대
21-375 분석기  주파수편이용 등 1품목,국군재정관리단,,,2021-10-12,한국표준협회,이성로,김정옥,"대전광역시 유성구 테크노4로17, 디동 202호(관평동,대덕비즈센터)",81997723.0,87.7599,공군 방공포부대 이전 요구 연구용역,중앙행정기관
전투기 시뮬레이터와 창공모델 연동시험 연구 용역,국군재정관리단,426573.0,87.7837,,엠에스동민특수가스(주),이우경,신남선,서울특별시 강서구 마곡중앙로161-8 (마곡동) 두산더랜드파크 씨동 4층 407호,628324489.0,87.1711,KAAV RCWS/KAAV-Ⅱ총수명주기 비용에 관한 연구용역,중앙행정기관
국방안전관리정보체계 최적 구축방안 연구,육군본부,,77.7848,2018-03-09,(주)에프오알엠도시건축공간연구소,윤현식,정영숙,"서울특별시 강남구 언주로527, 10층 (역삼동)",96021265.0,85.3017,통신전자장비 전계강도 측정분석장비 개발,군
인공지능 전차 비사격 훈련시스템 개발 연구용역,국방부(운영지원과),,87.9987,2022-12-12,씨오(CO)산업,김희상,이상규,,84355660.0,,상층대기분석장비 유지보수,중앙행정기관
22-설계자료 활용 및 군 시설단가 표준화 연구용역,해군군수사령부,31826809.0,,,주식회사 릴리스마일,전건욱,박계향,"서울특별시 금천구 가산디지털2로184, 10층 1017호(가산동, 벽산디지털밸리2차)",99634333.0,87.3948,2.75인치 유도로켓(비궁) PBL 적용 방안 연구용역,중앙행정기관
유무인 전투기의 공대공 복합운용개념및요구능력 분석,국군재정관리단,34272702.0,,2023-03-13,한국과학기술원,곽재수,이재관,"서울특별시 영등포구 경인로775, 2동 1201-17호(문래동3가, 에이스하이테크시티)",189810924.0,,자율·군집비행 활용 복합작전개념 연구(소형 UAS),합동참모본부
대잠훈련분석체계(AEAS) 유지보수 용역,제7군단,134673547.0,88.0281,2023-04-07,법무법인(유한)태평양,곽민수,,"인천광역시 남동구 서창남순환로55, 505동 603호(서창동, 서창센트럴푸르지오)",113291519.0,,RAM 및 군수지원분석 방법 선진화 연구(2차),중앙행정기관
사이버 자산정보 수집 분석체계 라이선스 구매,공군군수사령부,,59.5859,,서울과학기술대학교 산학협력단,곽재수,,"서울특별시 금천구 가산디지털2로184, 10층 1017호(가산동, 벽산디지털밸리2차)",,92.7628,전쟁양상을 고려한 전사자 관리의 분석 및 발전 연구,중앙행정기관
국방 의료정보 빅데이터 분석체계 구축사업 연구용역,국방부(운영지원과),33437313.0,83.1573,2018-10-16,사단법인 한국갈등학회,한영수,이상규,"대전광역시 유성구 테크노3로65, 5층 538호(관평동, 한신에스메카아파트형공장)",152158602.0,,자운대 종합발전계획 연구용역,중앙행정기관
분석기(비행조종계통 점검용)외1종 구매(16-38),국군의무사령부,19066815.0,,2022-10-16,주식회사 입법정책연구원,김한욱,추현아,"서울특별시 금천구 가산디지털2로184, 10층 1017호(가산동, 벽산디지털밸리2차)",99541935.0,87.8819,22년 수사데이터 연관 분석시스템 구매,군
18-직무분석을 통한 계급/직급 책정기준 연구,국방대학교,20997526.0,,,육군사관학교 산학협력단,,이경순,"경기도 부천시 원미구 중동로254번길28-0 (중동, 메트로펠리스3)",185240248.0,,국방아키텍처 검증체계 발전 연구,중앙행정기관
작전지휘시설 신축 선행연구용역,공군본부,113009960.0,,2017-04-10,,,,,101633352.0,87.2966,00작전 효과 및 능력 구축방안 연구 용역,합동참모본부
4차 산업혁명 연계 미래 해병대 발전 연구용역,방위사업청(운영지원과),33568448.0,,2017-07-03,재단법인 한국군사문제연구원,최규식,박계향,경상남도 진주시 진양호로532-0 (동성동),103147969.0,92.3122,휴대용 화학물질분석기 등 2종 구매(20197097-D),중앙행정기관
PLS차량 운용효과 Arena 모델링 연구 용역,국군재정관리단,110655366.0,87.7397,,사단법인 안보경영연구원,김윤혁,,"서울특별시 용산구 한강대로62길41, 3층 (한강로1가)",194771208.0,91.3359,육군 NCS직무표준화 및 군내 활용방안 연구 용역,중앙행정기관
전역예정장병 취업역량 강화 방안 연구,국군재정관리단,103247967.0,87.9081,,(주)엔큐컨설팅,김동준,박계향,서울특별시 성북구 삼선교로16길116-0 (삼선동2가),200130632.0,,22-설계자료 활용 및 군 시설단가 표준화 연구용역,중앙행정기관
120mm자주박격포 및 사격지휘차량 성능개량 사업분석,공군 제8전투비행단,22089924.0,93.9407,2018-06-14,(사)21세기군사연구소,박종진,이창환,대전광역시 유성구 국제과학11로18-0 (둔곡동),,88.3045,00기지 항공유 저장탱크 신·증축 선행연구,중앙행정기관
UAV 정비용 장비(스펙트럼 분석기) 구매,국군재정관리단,43480776.0,87.9839,,기술표준화연구소,허정성,김미옥,"서울특별시 강남구 언주로527, 10층 (역삼동)",,92.7128,시험평가 인프라 구축 확대 및 종합 관리 방안 연구,중앙행정기관
저피탐 정찰용 무인항공기 개발기술 및 운영개념연구,제7016부대,,88.0939,2023-03-23,주식회사 우정바이오,설영만,전진홍,"서울특별시 금천구 가산디지털1로119-0 (가산동, SK트윈테크타워, a동 10층 6호)",70693789.0,,(226320-B) 지형분석장비 교체(리스물건),중앙행정기관
(236366-F) 네트워크 트래픽 수집 및 분석 장비 구매,합동참모본부,23700045.0,,,,,,"경기도 광명시 디지털로56-0 (철산동, 철산래미안자이)101-2801호",,,전차 조준선 정렬 시스템 개발 연구용역,4284부대
드론 통합관제체계 운영개념 및 구축 방안 연구,국군의무사령부,391883130.0,91.3262,2020-06-17,사단법인 안보경영연구원,김주형,김채미,"서울특별시 성동구 성수일로4길25, 16층 (성수동2가, 서울숲코오롱디지털타워 1차)",557121586.0,,국방우주력 발전을 위한 민·군 기술협력 방안 연구,합동참모본부
16년 정보분석지원체계 유지보수 용역,국군재정관리단,31988683.0,95.303,2017-11-24,사단법인 안보경영연구원,유훈,,서울특별시 영등포구 영중로65-4 (영등포동6가) 4층,70027695.0,92.4986,한국적 PKO 현 기반체계의 문제점 분석과 발전 방안,중앙행정기관
어뢰이송 및 저장체계 비상작동 조종장치 연구용역,국군의무사령부,13629405.0,87.8107,2022-07-04,사단법인 대한민국공군발전협회,,김종원,,87148082.0,87.5169,전차 조준선 정렬 시스템 개발 연구용역,중앙행정기관
(20G040-H)AI기반 보안사고 탐지분석시스템 ISP사업,공군사관학교,,,2018-02-13,사)한국미래문제연구원,이상민,이도제,대전광역시 중구 수침로55번길19 (태평동) 장가빌딩 2층,72600168.0,87.7693,비전통위협 대비군시설활용및 공용면적 기준 개정연구,중앙행정기관
재투자 의무장비 구매(1차) - 요분석기,육군본부,12152026.0,79.2403,2020-09-24,(주)디아이엔티,김태호,서선숙,"서울특별시 중구 동호로7길41, 2층(신당동)",101979260.0,,군 주파수 대역정비 방안 연구,중앙행정기관
무인수상정 탑재운용 군 요구조건 도출 연구용역,공군사관학교,142978890.0,88.2308,2021-03-16,주식회사백운,박영선,황순용,서울특별시 종로구 종로3길17 (청진동 디타워 디2),,87.848,20-함정 전기추진체계 관련 군요구조건 도출방안 연구,합동상호운용성기술센터
전파영향평가 방법 비교분석 및 실증 연구,공군군수사령부,142565935.0,87.8068,2020-04-27,(주)에프오알엠도시건축공간연구소,김민철,방윤지,"경기도 고양시 일산동구 강석로33, (백석동, 대우IAAN) 2층 217호",181935316.0,,22-공군 기후예측 및 기후변화 시나리오 연구용역,중앙행정기관
24년 군 주거시설 개선방안 수립 연구용역 등 2건,제2307부대,,96.5997,2022-05-19,(주)글로벌텔레콤,,정봉원,"서울특별시 마포구 마포대로 12, 한신오피스텔(마포동)",187955101.0,87.4886,19-2-00사 터널형 탄약고 신축 타당성 검토 연구 용역,중앙행정기관
2024 서울안보대화 프로그램 기획 및 발전방향 연구,국군의무사령부,120210480.0,88.039,2016-12-11,,,,,,87.2733,방폭 설계 표준화 체계구축 연구용역,국군재정관리단
공군 소프트웨어(SW) 인력관리 표준방안 연구,국군재정관리단,110355981.0,87.6321,2021-01-23,,민광기,오지수,서울특별시 노원구 화랑로574-0 (공릉동),95206100.0,85.9296,23년 육군 장기미래비전 연구용역,국군재정관리단
조종사 인사관리방안 연구용역,육군인사사령부,116217585.0,,2017-12-20,(주)두두아이티,서경희,송귀섭,경기도 의정부시 경의로70-0 (의정부동) 5층 A628호,123767308.0,92.8117,유압유 미립자 분석기 교정키트 구매,중앙행정기관
대대급이하 전투지휘체계(B2CS) 양산사업 비용분석,국군재정관리단,,85.8104,2020-08-25,(주)에스큐브아이,조성희,김해리,"서울특별시 용산구 청파로 40, 삼구빌딩 1815호(한강로3가)",,84.8552,의무장비 구매(자동분석기 생화학용),군
방산소재 개발사업 기획 및 인증체계 구축 연구,국군재정관리단,27289991.0,88.0553,2022-12-05,사단법인 안보경영연구원,손창호,권민정,"경기도 성남시 수정구 복정로84번길 22-15,(B-001호) (복정동)",186119802.0,,전평시 군수부대 기동화 방안 연구용역,국군재정관리단
17년 통합기후예측시스템 연구개발 용역,국군재정관리단,159759154.0,,2017-10-17,삼성서울병원,배종환,김학범,,,76.2973,KAOC 신축사업 지휘통신체계 구축방안 연구용역,중앙행정기관
(227258-F)사이버 기술분석용 장비/SW 도입,해군군수사령부,,76.7167,2020-09-11,사단법인 한국국가전략연구원,고윤안,이형민,경상남도 진주시 정촌면 연꽃로141,,87.5352,예비군훈련 적정 보상비 연구,중앙행정기관
23-D-디지털컨텐츠 위변조 분석시스템 구매,방위사업청(운영지원과),80755685.0,81.6241,,(주)미디어큐브,노희영,김현덕,경기도 파주시 산남로26번길101-0 (산남동),351219089.0,,한국군의 곤충매개 감염질환 예방 전략 개발 연구용역,제5378부대
19-군 자체 안전보건경영시스템 인증제도 구축 연구,국군재정관리단,30822528.0,88.5471,,서현회계법인,김주희,윤종학,"서울특별시 강남구 논현로134길13, 402-2호(논현동, 덕산빌딩)",186381455.0,,자주발칸 제어용 모듈 대체품 개발 연구용역,군
비궁 창정비요소개발 사업분석,합동상호운용성기술센터,46402555.0,,2022-07-18,주식회사 광원종합상사,박현준,박종부,경상북도 경주시 동대로 123(석장동),,,22-15차 연구장비 구매 계약  - 진탕욕조,제9965부대
지능형 C4I체계 기술 분석 및 클라우드환경 구축방안,국군재정관리단,3542195.0,94.6124,,주식회사 엔지엠테크,차진섭,안주섭,서울특별시 마포구 월드컵북로5길59 (서교동),,,대잠훈련분석체계(AEAS) 유지보수 용역,군
KUH-1 헬기 견인장치 안전센서 개발 연구용역,제9691부대,41331252.0,,2018-07-07,주식회사 플랜에이디벨롭먼트,김경모,정중식,"서울특별시 영등포구 국회대로74길19, 동우국제빌딩 902호",62703290.0,87.1832,방산기술보호체계 발전방안 연구용역,국군복지단
ArmyTIGER4.0네트워크정보유통능력분석연구용역,공군본부,,78.5666,2016-03-24,,김효근,윤진영,"서울특별시 서초구 서운로 226, 서초오피스텔 404호(서초동)",,87.5774,방위산업기술 유출 및 침해 대응체계 구축방안 연구,국군재정관리단
차륜형지휘소용차량 시설사업기본계획 연구용역,국군재정관리단,121917778.0,77.9067,2016-01-06,(주)알파아이엔씨,노경현,김해리,"서울특별시 서초구 방배천로155, 유청빌딩 3층(방배동 821-8)",207604479.0,87.5625,23-D-라만분광분석기 구매,국군재정관리단
공군 탄약 저장시설 지하터널화 방안 연구,제9965부대,131324782.0,88.0036,2017-12-29,주식회사 피앤씨솔루션,정원섭,,"서울특별시 용산구 한강대로109-0 (한강로2가),404호(용성비즈텔)",167595879.0,,국방기술기획평가원 설립의 경제적 타당성 분석,중앙행정기관
BTL관리운영권만료사업 시설인수 운영방안연구용역 재,국군재정관리단,59814880.0,,,(주)디앤오종합건축사사무소,유관우,이도제,강원특별자치도 춘천시 강원대학길1 (효자동),,,KUH-1 헬기 견인장치 안전센서 개발 연구용역,중앙행정기관
전투실험 연구용역,국군수도병원,64010459.0,,,,,,,214446558.0,,저피탐 고도화 기술확보방안 연구,중앙행정기관
22-해-금속성분분석기 구매,국방통합데이터센터,30951281.0,78.2982,2023-03-04,(주)윌비소프트,박호,권택연,서울특별시 성북구 삼선교로16길116-0 (삼선동2가),471406716.0,,전쟁양상을 고려한 전사자 관리의 분석 및 발전 연구,국군재정관리단
우리군 통합체계지원 적용을 위한 발전방향 연구 용역,국군재정관리단,,57.0511,2020-06-11,(사)한국위기관리연구소,정봉원,김현덕,"서울특별시 종로구 홍지문2길20-0 (홍지동, 상명대학교)",,,2017년 의무장비 요분석기 구매,중앙행정기관
해병대 리더십개념 및 리더像 정립 연구용역,국군재정관리단,,87.4984,,유한회사 갈등조정센터,김정한,오세형,"대구광역시 북구 태전로1, 101동 302호 (태전동, 태전역 더 뉴클래스)",106077042.0,87.5034,23-1차 개념설계 기술지원 연구용역,중앙행정기관
22-G/K 창정비 사업 성과분석 연구,방위사업청(운영지원과),34073803.0,,2016-08-15,,김종광,심지민,"서울특별시 용산구 청파로 40, 삼구빌딩 1815호(한강로3가)",,92.5223,유전자 서열 분석기,국군재정관리단
18년 수송기술 용역연구,국군재정관리단,23123110.0,87.8701,2020-07-11,주식회사 누리아이코리아,,권주희,강원특별자치도 춘천시 강원대학길1 (효자동),96776084.0,87.7881,대형수송함 1번함 성능개량 사업분석,군
보코더 특성분석 플랫폼 개발 연구용역,국방정보본부,43071102.0,83.2213,2021-02-28,고려대학교 의료원 산학협력단,이남택,,경기도 고양시 덕양구 권율대로656-0 (원흥동) 17층 1739호,82424396.0,87.6158,박찬극 제독 평전 편찬 연구용역,중앙행정기관
재투자 의무장비 구매(1차) - 요분석기,국군재정관리단,24240679.0,87.9773,,(사)국방시설연구협회,송윤재,이동희,"서울특별시 금천구 가산디지털1로171, B208호(가산동, 가산 에스케이 브이원 센터)",187016640.0,96.0757,SUPPRESSED,국군재정관리단
해병대 고유 무기체계별 맞춤식 정비개념 연구,국군재정관리단,29097711.0,96.9939,2018-10-11,중앙기획,홍명성,정운찬,,,87.8283,19년 지형분석장비 교체사업 리스,합동참모본부
군사용 인공지능 윤리적 평가 및 검증요소 연구 용역,육군대학,123277262.0,88.3651,2018-09-22,주식회사코드원,장복철,이재평,인천광역시 부평구 부평대로301-0 (청천동) 남광센트렉스 303호,63701149.0,,국방 무인항공기(드론) 정비사 자격 신설 연구용역,제7군단
부품단종 정보획득 및 관리 시범사업 연구,국군재정관리단,114687910.0,87.7638,2018-12-19,,남궁복자,이진희,"서울특별시 종로구 자하문로24길58, 1,2층(효자동)",106101417.0,53.4063,원거리 구조지원 수행능력향상 방안 연구,기관
예비군훈련 적정 보상비 연구,국군재정관리단,22643250.0,,,주식회사 딥아이,김민철,주정만,"경기도 성남시 분당구 탄천상로164, A동 2층 247호(구미동, 시그마2오피스텔)",187876703.0,87.3559,해안복합감시체계 사업 비용분석,국군재정관리단
패트리어트 유도탄수명 고려한 효과적 확보 방안 연구,공군군수사령부,,87.9311,,사단법인 대한민국해군발전협회,박재범,,,204143330.0,84.4792,자주도하장비 시설사업기본계획 수립을 위한 연구용역,국군재정관리단
미래전장환경을 고려한 화력전력 대체방안 연구용역,국군재정관리단,60077409.0,88.0062,,,김광식,신정희,"서울특별시 성북구 숭인로2길61-0 (길음동, 길음동동부센트레빌아파트) 103동 11층02호",,87.8199,디지털 증거분석 수사체계 도입(218091-A),기관
군 사이버훈련장 활용을 통한 사이버전 대응전력 연구,해군본부,162143650.0,78.4494,2017-06-03,정보기술감리원 주식회사,,경상현,,,,정책현안 연구용역(1. 북한의무기체계와..),제9691부대
(22G059-H)'23년 스펙트럼측정 분석장비 유지보수용역,4284부대,63411362.0,87.9979,2022-12-05,에이스 컴퍼니,,,"서울특별시 용산구 청파로 40, 삼구빌딩 1815호(한강로3가)",104513712.0,,사이버전문인력 육성을 위한 교육 및 개선방안 연구,기관
위성전군방공경보체계 경미한 성능개량 사업분석,제2879부대,29318126.0,,2017-10-14,,석수진,박영욱,,178017592.0,87.7105,23년 항공관제 분석체계 유지보수,국군재정관리단
공군 M&S 체계 발전방향 연구용역,공군사관학교,,,,김근우시스템공학기술연구소,주인웅,이나라,경기도 광주시 도척면 상림리51-19,98169916.0,84.5451,(246261-F) 차량엔진 분석기 구매 ,중앙행정기관
통신 정비장비(스펙트럼 분석기) 구매,국방부(운영지원과),,,2021-09-19,주식회사 세일케이엠,이형걸,이승원,,178645961.0,,디지털증거분석 수사체계 교체(218014-A),기관
발칸 보조전원공급기 수리부속 대체품 개발 연구용역,해군군수사령부,19470286.0,,2016-07-31,(사)국방시설연구협회,권시형,전재신,"경기도 성남시 수정구 위례대로83(창곡동, 국방문화센터)",78647316.0,,알코올 대사체 분석방법 연구,국군재정관리단
GPS 항재밍 성능점검 개선방향에 대한 연구,방위사업청,,77.5987,2018-03-21,주식회사 발렌베리,김한욱,최규식,"광주광역시 동구 조선대길126(서석동, 조선대학교 내))",186025925.0,87.3741,군 실내공기질 관리 개선방안 연구용역,군
전역예정장병 취업역량 강화 방안 연구,해군군수사령부,2611498.0,87.5807,2022-11-12,(주)에프오알엠도시건축공간연구소,변중무,이상규,"서울특별시 금천구 가산디지털2로184, 10층 1017호(가산동, 벽산디지털밸리2차)",194643074.0,,분석기  전해용액용 1종 구매,국군재정관리단
23년 조사분석용 SW 라이선스 구매,국군재정관리단,26949529.0,85.7993,2016-11-03,(사)한국전략문제연구소,이세영,곽은혜,"충청남도 논산시 대학로 121, 건양대학교 산학협력단(내동)",,93.0482,동서지형의 차이를 고려한 부대 및 전력구조 연구용역,국군재정관리단
생화학분석기(자동식) 1대 구매 설치,국군재정관리단,135867201.0,96.4298,2021-04-21,과학기술정책연구원,김금자,김서현,강원특별자치도 철원군 동송읍 금학로31-98,,,미래 예비군훈련 제도 종합발전 방안 연구,국군재정관리단
20년 수송기술병참선 제원 연구용역,방위사업청(운영지원과),,88.1259,,,,,,68019841.0,,자동전사시스템 연구 용역,기관
헬기ㆍUAV 전력화 고려 타군비행장 활용방안 연구용역,육군본부,114575024.0,78.6205,2022-07-09,고려대학교 의료원 산학협력단,조보근,박재범,"서울특별시 용산구 청파로 40, 삼구빌딩 1815호(한강로3가)",,84.9345,미래 육군비행장 발전계획 검증 연구 용역,기관
4차 산업혁명과 항공우주력 발전 패러다임 변화 연구,제9691부대,57869496.0,,,세종대학교산학협력단,김기순,변윤진,"서울특별시 강남구 테헤란로440, 서관 3층(대치동, 포스코센터)",211066375.0,87.4422,연구장비(가스크로마토그래피) 구매 계약,국군재정관리단
정기기초연구과제연구용역(6. 전장에서포병화력...),국군재정관리단,243177882.0,,2016-11-13,(주)지디시스,김재영,정인영,"서울특별시 금천구 서부샛길606, A동 2410호 (가산동,대성디폴리스지식산업센터)",175244243.0,,진로도움 프로그램 성과분석 및 개선방안 연구,중앙행정기관
단기 복무 청년층 장병 진로지원 프로그램 개발 연구,국군수도병원,142058966.0,88.1092,2016-02-13,법무법인(유한) 광장,강명수,김성신,대전광역시 서구 계룡로408-0 (갈마동),,,함탑재정찰용 무인항공기 사업분석,국군대전병원
전시 공군탄약소요산정 모델 개선ㆍ보완 연구,해군본부,,,,,유훈,박준용,"서울특별시 영등포구 국제금융로8길25, 6층 607호 (여의도동, 주택건설회관)",90753886.0,,항-16-007 자동면역분석기 시약 등 35종,중앙행정기관
보령 공군사격장 민관군 상생협력방안 연구용역,국군재정관리단,51372897.0,88.0035,2017-12-18,사단법인 안보경영연구원,김진욱,이재광,부산광역시 영도구 해양로385-0 (동삼동),77004684.0,,잔류강도 해석기법 연구(2019H039-A),중앙행정기관
20-지형분석체계 교체(리스물건)(208080-A),공군본부,,82.9631,2020-06-13,미성종합체육산업 주식회사,주형훈,김산회,경기도 광주시 중앙로320-40 (송정동),139626328.0,,상층대기분석장비 유지보수,제5019부대
미래전장환경을 고려한 화력전력 대체방안 연구용역,4284부대,,87.496,,,전건욱,이은경,,99740292.0,91.4488,23년 전투발전 연구용역(2),중앙행정기관
공군조직내 잠재갈등 분석 및 공군문화 발전방안 연구,국군재정관리단,,81.8289,,한화오션 주식회사,박상길,정아름,서울특별시 관악구 관악로1 (신림동),184070779.0,93.9549,방위산업 발전 및 경쟁력 강화를 위한 법적기반 연구,국군재정관리단
포렌식 분석장비 긴급보강 사업,국군재정관리단,,78.0829,2016-01-06,마린전자상사,,오승환,"서울특별시 강남구 언주로527, 10층 (역삼동)",,92.4522,방산 부품산업 발전을 위한 지원체계 구축방안 연구,중앙행정기관
화생방 연구활동 재료 시약 구매,국군복지단,28773625.0,88.9241,,대진대학교 산학협력단,박영선,,,177202077.0,86.2765,악성코드 동적분석 SW 라이선스 연장 구매,중앙행정기관
방산기술보호 성숙도 모델 인증제도 추진방안 연구,국군재정관리단,,81.6087,2016-07-21,국방대학교산학협력단,황순용,권인자,"서울특별시 중구 퇴계로27길25, 305호(충무로3가, 청림빌딩)",59381489.0,69.9099,부품단종 정보획득 및 관리 시범사업 연구,군
상호운용성 정보보증 평가기준의 체계별 적용방안연구,제2879부대,1462096799.0,81.8502,2020-05-31,라온시스템즈(주),정진욱,박진주,대전광역시 유성구 유성대로1184번길 29(신성동),55107681.0,,19-12차(3) 의무장비 혈액가스분석기 소형 구매,합동상호운용성기술센터
정기기초연구과제연구용역(2.한국의국방/군사전략),국군재정관리단,120508552.0,,,충남대학교 산학협력단,박상희,,"대구광역시 달서구 달구벌대로1095-0 (신당동, 계명대학교)",,87.6503,주요 선진국의 획득제도 사례분석을 통한 시사점 연구,중앙행정기관
19-함정 고전압 육전공급설비 적용방안 연구,해군본부,250897311.0,65.5392,2023-08-07,주식회사 길상산업,박종선,우광석,"대전광역시 유성구 대학로31-0 (봉명동, 유성한진오피스텔) 2215호",46539521.0,,병영환경 및 상담대상자 특성과 연계한 상담기법 연구,4284부대
통제분석 프로그램 설치 외 6종 구매 설치납품,공군본부,,94.6246,2020-04-27,사단법인 미래안보산업전략연구원,윤영현,정태진,"서울특별시 영등포구 의사당대로22, 8층 9층 10층(여의도동, 이룸센터)",,87.5414,24-00부대 전력화 추진방안 정책연구용역,군
서북도서용 무인항공기 선행연구,국방부(운영지원과),,,2022-10-31,(주)에프오알엠도시건축공간연구소,,김영애,"경기도 안양시 동안구 벌말로126 (관양동)오비즈타워1903호,1904호",202860554.0,87.4875,23∼27 방위산업발전 기본계획 수립 연구,중앙행정기관
한국군 전술데이터링크 표준화 및 발전방안 연구 용역,국군의무사령부,25379712.0,87.8683,2020-04-28,,박상욱,정택호,"경기도 고양시 덕양구 능곡로13번길16-0 , 202동 2401호(토당동, 능곡2차현대홈타운)",203742780.0,84.8055,16년 작전지속지원분석모델 유지보수 용역,국군재정관리단
24년 국방민원서비스 만족도 조사 연구,육군교육사령부,,87.7502,2021-01-31,주식회사 원영전자,윤미경,배미선,서울특별시 강서구 마곡중앙8로3길79-0 (마곡동),73417881.0,94.1889,대장균 정성분석키트 등 28항목 구매(물품 해파),중앙행정기관
00부대 정보체계 취약점 분석 도구 구매,국군재정관리단,38741149.0,,2022-01-07,금성,권민정,윤정숙,"서울특별시 서대문구 거북골로 34, 명지대학교 본관 10층 11033호(남가좌동)",185980771.0,87.1829,19-12차(3) 의무장비 혈액가스분석기 소형 구매,중앙행정기관
전투실험 중장기 종합발전계획 연구용역,국군재정관리단,35186374.0,94.7837,,씨지에스아이티(주),김근채,박계향,"대구광역시 달서구 도원로46, 610동 304호  (도원동, 별메마을)",212673256.0,87.4054,(207155-B) 액체크로마토그래피 이중질량분석기 구매,군
대전병원 생화학자동분석기 소모품 60종 구매,국군재정관리단,21538574.0,87.7192,,(사)한국방위산업진흥회,박종선,최성만,서울특별시 관악구 관악로1 (신림동),174347462.0,93.0595,21년 전투발전 연구용역(4),국군재정관리단
(연구소) 감정재료 구매,제7군단,29302730.0,88.1444,2016-03-22,(주)휴먼이퀘이션,정주교,김소라,"서울특별시 금천구 가산디지털2로184, 10층 1017호(가산동, 벽산디지털밸리2차)",,76.0627,잠수함용 예인정-ll 개념설계 기술지원 연구용역,중앙행정기관
CSRP 화생방 연구 자료 시약 구매,방위사업청(운영지원과),92315611.0,,2020-04-15,사단법인 안보경영연구원,남궁복자,,서울특별시 중구 필동로1길30(필동3가) 동국대학교,,87.4175,군인 고용보험 가입의 효과성 연구,중앙행정기관
함정 총수명주기 고려 탑재장비 획득방안 연구 용역,공군본부,,,2017-11-17,주식회사 좋은소리,김지찬,,,85208000.0,,22-함정무기체계 한국형 사이버보안제도 적용연구,군
해무극복용 영상감시체계 선행연구용역,국군재정관리단,0.0,,2016-08-31,세종대학교산학협력단,송영호,이영진,충청북도 청주시 흥덕구 비하로59-2 (비하동),,,[24-육-173] 영상분석 SW 라이선스 구매(리스물건),중앙행정기관
군사사연구총서 용역 계약,육군교육사령부,123282029.0,,2018-07-25,사단법인 한국방위사업연구원,김종수,정택호,"경기도 용인시 기흥구 덕영대로1732-0 (서천동, 경희대학교 국제캠퍼스내)",105696733.0,86.4702,국가 우주개발 정책과 공군의 역할 연구,군
전투발전 연구용역 과제 세미나 수행 용역,국군재정관리단,148678351.0,78.8809,,MRO Tech(엠알오텍),박상희,김혜정,경상북도 포항시 남구 효자로138-0 (대잠동),91280386.0,84.0921,자주도하장비 및 특수작전용경전술차량 시설연구용역,중앙행정기관
육군 스마트 안전관리 모형개발 연구용역,합동상호운용성기술센터,43150260.0,90.4473,2019-03-15,주식회사 미주씨앤디,김문선,김호연,"서울특별시 금천구 벚꽃로254-0 (가산동, 월드메르디앙벤처센타) 1109호",13066025.0,,최근 전력화 장비·물자 ILS 분석 및 개선방안 연구,국군수도병원
(23F225-I)지형분석 S/W(Arc GIS) 교체사업 금융리스,육군군수사령부,39602890.0,,2017-07-17,주식회사 복은,엄기숙,탁승주,서울특별시 서초구 서운로13-0 (서초동),,86.9817,미래 무기체계 소요 연구용역,중앙행정기관
21년 전투발전 연구과제 세미나 수행 용역,공군사관학교,,79.7838,,서우컴퍼니,이용준,김정일,"서울특별시 강남구 테헤란로306, 13층(역삼동, 카이트타워)",67202097.0,,육군 안전수준 진단체계 연구,국군재정관리단
병리장비소모품(생화학자동분석기 등 69종) 구매,방위사업청(운영지원과),,,2016-06-12,주식회사 쿤스트에프케이,김영욱,옥창길,"서울특별시 동대문구 고미술로 100, 송화빌딩 303호(답십리동)",76805547.0,,22년 분석실험실 상용 SW 구매,중앙행정기관
국방군사시설 건축바닥면적 기준 개정 연구용역,국군재정관리단,39826620.0,64.4102,,주식회사 한국사업관리연구원,추광식,,경기도 안산시 상록구 광덕1로355-0 (이동)월드비지니스센타 41-4호,,,차세대 첨단함정 건조가능성 연구용역(2019H044-B),중앙행정기관
전투실험용 휴대형 통합 네트워크 분석기 구매,국방부군사편찬연구소,28900387.0,90.8241,,농업회사법인 주식회사 서원당,김한용,이재숙,서울특별시 서초구 과천대로946 (방배우성아파트 상가) 302호,78026843.0,87.8783,23년 전투발전 연구용역(4),중앙행정기관
ArmyTIGER4.0네트워크정보유통능력분석연구용역,공군83정보통신정비창,33216513.0,,2016-03-25,사단법인 안보경영연구원,위정은,오석현,"경기도 부천시 원미구 중동로254번길28-0 (중동, 메트로펠리스3)",,89.6255,(226320-B) 지형분석장비 교체(리스물건),제2879부대
21-해군 재료분석기 구매,국군재정관리단,,87.7487,2021-05-21,사단법인 한국국가전략연구원,김종광,김태훈,"서울특별시 송파구 법원로11길25-0, A동 1310호(문정동, 에이치비즈니스파크)",188490704.0,,24년 전투실험발전 연구 용역(2),중앙행정기관
포항지역 항공기 소음감소 대응방안 연구 용역,육군교육사령부,39273924.0,,2022-11-18,,박홍련,김채영,"서울특별시 용산구 한강대로109-0 (한강로2가),404호(용성비즈텔)",185444990.0,87.5097,21-2차 개념설계 기술지원 연구용역,국군재정관리단
23∼27 방위산업발전 기본계획 수립 연구,국군재정관리단,,54.4979,2017-12-06,성원금속,전건욱,김정희,"서울특별시 금천구 가산디지털2로184, 1017호(가산동, 벽산.경인디지털밸리2)",205419810.0,87.4339,(246247-D) 이동형 심리생리반응 분석장비 구매,중앙행정기관
교육 발전방향 연구용역,육군본부,37892865.0,87.9343,2017-02-12,(사)한국전략문제연구소,정봉원,서재달,"서울특별시 강남구 테헤란로 142(역삼동, ARC PLACE) 7층",77410726.0,87.4161,표준훈련장 설치기준 정립 연구 용역,군
FA-50 성능개량 방안 연구,국군재정관리단,24713132.0,87.4962,2023-05-14,한남대학교 산학협력단,김보명,황병수,"서울특별시 강남구 언주로527, 10층 (역삼동)",191817844.0,50.6066,잠수함 업체주도 연구개발 장비의 시험평가 방안,군
서북도서용 무인항공기 선행연구,제9691부대,0.0,87.6044,,주식회사 베테랑콤,김윤혁,최미락,광주광역시 북구 첨단과기로123 (오룡동),110354616.0,87.374,악성코드 동적분석 SW 라이선스 연장 구매,중앙행정기관
강릉병원 기능조정 연구용역,국방전산정보원,16410552.0,88.3314,,엠텍리서치,조보근,공영주,경상남도 창원시 의창구 원이대로271 (봉곡동) 3층 314-C호,58766376.0,88.124,해병대 과학화예비군 훈련장 발전방안 연구 용역,제2307부대
미래 복합전투체계 운용개념/전투실험방법 연구용역,국군재정관리단,,,,바다메디칼,김재수,이동근,충청북도 청주시 상당구 월평로250번길6-0 (용암동),62756743.0,,레이더 시험세트(스펙트럼 분석기 등 4종) 구매,국군복지단
2024년 군사연구총서 용역,방위사업청(운영지원과),127068678.0,81.3266,,노원 상사,최명진,,,66165264.0,87.4321,생화학분석기(자동식) 1대 구매 설치,중앙행정기관
군수지원함(AOE-Ⅱ) 2차사업(양산) 비용분석,제2307부대,,88.1026,2021-01-14,(주)에프오알엠도시건축공간연구소,박온서,동미림,,211140559.0,87.4727,함정구조해석용 모델링 DB 개발 연구(2019H038-E),국군수도병원
군 경계작전에 적합한 LED등기구 기준 정립 연구용역,합동상호운용성기술센터,,,2018-04-19,(주)모던애드,박홍련,안기수,,79830906.0,,2019 서울안보대화 사이버워킹그룹 발전연구,중앙행정기관
민간우주기술을 접목한 육군우주력 발전방안 연구,국방부,120071.0,95.2187,2020-12-11,재단법인 한울문화재연구원,권오성,박소영,서울특별시 마포구 양화로183-0 (동교동) 효성홍익인간오피스텔 11층 1112호,74373617.0,,미래 육군 여군인력 활용성 제고방안 연구,군
분석기(회로망용) 구매,국군수송사령부,42170915.0,82.2488,2017-02-14,(재)한국해양전략연구소,김태영,김여기,강원특별자치도 강릉시 범일로579번길24(내곡동),35731044.0,,항-19-082 자동면역분석기 시약 등 27종,국군수도병원
스펙트럼분석기 2종 구매,국군재정관리단,,87.8557,,주식회사 피앤씨솔루션,방은희,전수현,"경기도 성남시 중원구 둔촌대로457번길27, 501호 (상대원동, 성남 우림 라이온스밸리 1차)",93917970.0,,23년 기술연구용역 계약 의뢰(2),국군재정관리단
성능개량 전파분석체계도입사업,국군재정관리단,0.0,87.6384,2016-01-06,국방대학교산학협력단,,,"서울특별시 금천구 가산디지털1로145, 308호 (가산동, 에이스하이엔드타워 3차)",113768128.0,87.3733,[24-육-91] 무건리 훈련장 갈등 비용분석 연구,중앙행정기관
항-19-088 자동면역분석기 시약 등 117종,국군수도병원,,87.7328,2020-04-12,,,김종환,,,,다락대훈련장 간이 갈등영향분석 연구용역(C037),국군재정관리단
공군합성전장(LVC)훈련체계구축개념구체화방안연구,국방전산정보원,43886514.0,94.5455,,사단법인 대한민국공군발전협회,박종영,고윤안,"경기도 성남시 분당구 판교로 255(삼평동, 판교 이노밸리 이동 403호 601호)",,,병영도서관 중장기 발전방안 연구,중앙행정기관
미래 전장에서 승리하기 위한 육군전략 발전 연구,국방전산정보원,,44.2685,2023-08-14,(주)에프오알엠도시건축공간연구소,전세희,최광용,"서울특별시 금천구 가산디지털2로184, 10층 1017호(가산동, 벽산디지털밸리2차)",169667891.0,86.6086,19년 분석용모델(3종) 유지보수(2018F125-G),중앙행정기관
22-함정 포배열 체계 개선 및 발전방향 연구,공군교육사령부,122876655.0,,2016-04-24,,,,,,87.4722,무기체계 시험평가 사고예방 안전매뉴얼 연구,기관
“제○○○특공여단 부대사” 연구 용역,국군재정관리단,31869167.0,88.2573,2023-03-08,주식회사 이노메디케어,이훈민,김종호,경기도 광주시 중앙로320-40 (송정동),69461703.0,93.6683,잠수함 지휘통신체계 경미한 성능개량 사업분석,국군재정관리단
디지털 증거분석체계 라이센스 확보 사업,국군의무사령부,126524389.0,80.7498,2020-05-07,주식회사 세명에스엠지,,김태훈,경기도 의왕시 오봉산단3로25 (삼동) 의왕테크노파크 더리브비즈원 1동1528호,573365504.0,87.4508,해군분석모델 서버 교체사업,중앙행정기관
함정 총수명주기 고려 탑재장비 획득방안 연구 용역,제20전투비행단,,94.2694,2020-10-19,주식회사 천일,유재수,최승룡,"서울특별시 금천구 가산디지털2로184, 10층 1017호(가산동, 벽산디지털밸리2차)",,86.0699,비행대대 조종사 적정 편제 및 대체 인력 운영 연구,군
방산기술보호 성숙도 모델 인증제도 추진방안 연구,제9691부대,7744803.0,,2023-06-23,한빛디엔에스(주),김석철,안병호,서울특별시 송파구 올림픽로505-0 (풍납동),77950501.0,78.1108,고속전투주정 시설사업기본계획 수립 연구용역,중앙행정기관
2023 임상의학연구센터 통계프로그램 구매,해군본부,,87.872,,주식회사 지니클라우드,신지웅,노우현,서울특별시 마포구 월드컵북로5길59 (서교동),,,(20G060-A)IP교환기및국방보안조사분석시스템금융리스,군
22-G/K 창정비 사업 성과분석 연구,국군재정관리단,,,2017-09-10,(주)심네트,박미영,김현숙,"서울특별시 강남구 언주로527, 10층 (역삼동)",99973991.0,87.3386,주요 비행피복류 맞음성 개선 및 표준화 연구,군
무인수상정 탑재운용 군 요구조건 도출 연구용역,국군재정관리단,,87.5369,2017-12-19,세종대학교산학협력단,김운용,배수호,"서울특별시 용산구 한강대로62길41, 3층 (한강로1가)",,87.4575,표준훈련장 설치기준 정립 연구 용역,중앙행정기관
21년 의무장비(혈액가스분석기 중형) 구매,육군군수사령부,21457258.0,,2020-04-07,젠트리거,이강용,전희수,경기도 안양시 만안구 일직로94번길15-0 (석수동),,84.0763,사이버위협 분석체계 개선사업,기관
인터넷접속/전자우편 통제 및 분석체계 교체사업,육군교육사령부,107903695.0,93.7407,2020-05-14,주식회사 루키스,허건영,조대현,충청남도 논산시 양촌면 황산벌로1040,108234421.0,87.5488,디지털 증거분석 수사체계 도입(218091-A),국군재정관리단
대잠훈련분석체계(AEAS) 유지보수 정비,제9965부대,,,2018-04-10,엘아이지넥스원주식회사,김성룡,박장권,,190966278.0,76.0131,군 실내공기질 관리 개선방안 연구용역,국군수도병원
차기 탑재/양륙 모의체계 개발 개념 연구 용역,국군재정관리단,14031477.0,,2017-07-06,,변중무,,,,83.8012,병 오일분석용 구매,중앙행정기관
미래 한국 해병대의 군구조 연구용역,국군의무사령부,56896075.0,,,씨지에스아이티(주),전건욱,김현숙,"서울특별시 금천구 가산디지털2로184, 10층 1017호(가산동, 벽산디지털밸리2차)",99458932.0,84.5618,(23G054-H)24~25년 스펙트럼측정분석장비 유지보수,중앙행정기관
경어뢰 성능개량사업 전문용역 비용분석,국군재정관리단,,96.8457,2016-06-01,은성세미,김유혁,신준호,경기도 군포시 고산로151번길28-0 (당정동) 403호,55575882.0,,휴대용 화학물질분석기 등 2종 구매(20197097-D),국군재정관리단
21-해-CCTV 분석시스템 등 7종 구매설치,국방부조사본부,36510202.0,,,서현회계법인,유현우,김준우,강원특별자치도 동해시 전천로245-2 (북평동),,79.8024,신기술·우수제품 지침 및 매뉴얼 개정 연구용역,중앙행정기관
19년 발칸 추적훈련 분석기(제조),육군교육사령부,14930171.0,87.866,,(주)프라이전트,곽재수,현영철,"대구광역시 달서구 달구벌대로1095-0 (신당동, 계명대학교)",91463671.0,87.4752,밀리토피아 골프연습장 운영에 관한 연구 용역,군
22-함정 대기오염 저감방안  설계영향성 연구,국군수송사령부,38206630.0,71.1337,2021-11-10,주식회사 제이에스원,박영욱,김정희,"인천광역시 미추홀구 주염로58, 620-1호(주안동, 주안시범공단)",64742383.0,88.0988,00기지 환경개선 사업 분석평가 및 선행연구 용역,합동참모본부
창군 100주년 준비 차기 공군 비전서(書) 작성 연구,제2879부대,330412779.0,,2018-09-20,서울대학교 산학협력단,최치원,송문수,"서울특별시 금천구 가산디지털2로184, 10층 1017호(가산동, 벽산디지털밸리2차)",485475722.0,59.381,24 군의료 특성화 연구(군 헬기 환자 이송 현황 분석),합동상호운용성기술센터
K-TCG 법인설립 및 운영방안 연구용역,육군군수사령부,153986193.0,,2020-05-08,티엔에스 주식회사,,박점숙,"경기도 성남시 수정구 청계산로686 (고등동), 반도아이비밸리 424호",89866889.0,87.5783,21년 의무장비(혈액가스 분석기 중형) 구매,기관
[24-육-84] 탄약부대 경계병력 민간전환 선결 연구,국군재정관리단,11367422.0,,,세종대학교산학협력단,박정기,장재필,"서울특별시 송파구 송파대로201-0 (문정동) 송파테라타워2 A동 1213,1214,1215,1216,1217,1218호",211221084.0,87.3263,생화학자동분석기(동물용) 등 3항목 구매(의무),국군재정관리단
24년 의무장비(요분석기) 구매,국군재정관리단,,37.138,,(주)에프오알엠도시건축공간연구소,김진욱,김경섭,"서울특별시 금천구 가산디지털1로1-0 (가산동, 더루벤스밸리) 1208호",110840706.0,87.4147,SUPPRESSED,군
육군 NCS 기반 직무 및 요구역량 조건표 연구용역,국방부(운영지원과),60678376.0,,2017-11-12,사단법인 안보경영연구원,경상현,김우중,서울특별시 성북구 삼선교로16길116-0 (삼선동2가),196732263.0,,군 실내공기질 관리 개선방안 연구용역,중앙행정기관
18년 00부대 사이버 침해사고 조사/분석체계 도입사업,국군재정관리단,38616430.0,79.6944,2017-03-26,기술표준화연구소,김범준,이권민,충청남도 아산시 삼동로40 (모종동)3층 301-37호,,64.1589,21-공-주파수편이용분석기 구매,중앙행정기관
UAV 정비용 장비(스펙트럼 분석기) 구매,국방부(운영지원과),40924400.0,88.2631,2017-03-10,주식회사 범만테크,오세문,정광조,서울특별시 서초구 서운로13-0 (서초동),80316837.0,,(226046-G)'22년 육군 DB분석체계 교체(리스물건),국군재정관리단
(226046-G)'22년 육군 DB분석체계 교체(리스물건),육군본부,60909769.0,95.4815,,사단법인 한국군사시설연구소,김진욱,유선미,"서울특별시 금천구 가마산로96-0, 213호(가산동, 대륭테크노타운8차)",98779391.0,87.6219,22-15차 연구장비 구매 계약  - 진탕욕조,중앙행정기관
[24-육-219] 자동차(외산)포렌식 분석 KIT(리스),국군재정관리단,10298260.0,63.5061,2020-10-29,(주)아인스에스엔씨,유상호,양상원,서울특별시 금천구 디지털로130-0 남성프라자 9층 912호  (가산동),107629863.0,,국방 데이터 전략연구,군
23년 조사분석용 SW 라이선스 구매,국군재정관리단,35518332.0,,2022-06-01,엠에스원디지털 주식회사,정주교,조반석,"대전광역시 유성구 엑스포로1, 1902호(도룡동, 엑스포타워)",100152279.0,,RAM업무 고도화를 위한 잠정목표값 설정 연구용역,중앙행정기관
군인연금 수급요건 및 분할연금 도입 연구,공군본부,47593094.0,95.0397,,,류황건,이도제,"서울특별시 성동구 성수일로4길25, 16층 (성수동2가, 서울숲코오롱디지털타워 1차)",,87.3721,국방컨벤션 발전방향 연구용역,중앙행정기관
00부대 신축 사전 타당성검토 연구용역,국방부(운영지원과),,,2016-11-24,주식회사 에스아이정보기술,전건욱,이정화,"서울특별시 구로구 디지털로33길55, 1009호 (구로동, 이앤씨벤처드림타워2차)",53678545.0,87.8982,선진 육군가치문화 조성 연구용역,중앙행정기관
24-F-생화학분석기 대형 등 4종 구매,국군재정관리단,20132890.0,87.7109,2021-08-09,주식회사 지음지식서비스,장명훈,서재달,서울특별시 용산구 한강대로46길25-0 (한강로2가) 401호,,87.7191,AI를 적용한 화생방 드론봇 전력체계 연구 용역,중앙행정기관
지상작전과 연계한 사이버전 수행방안 연구,국군재정관리단,22123587.0,,2023-03-08,(주)나일소프트,정재호,이동화,부산광역시 강서구 녹산산업중로62-6 (송정동),168745674.0,87.5321,사이버정보(수집·분석·관리)시스템 구축방안,중앙행정기관
국방대 이전 효과 연구 용역,국방부(운영지원과),54470094.0,,2024-09-08,하이펙 주식회사,이충환,장혜민,"서울특별시 마포구 서강로136-0 (노고산동, 아이비타워) 5층",,,군수사 품목관리관 적정 취급품목 수 연구,중앙행정기관
군의료 특성화 연구용역(요추유합술 환자만족도 연구),육군교육사령부,,,2021-02-25,아주대학교 산학협력단,서동우,이재평,서울특별시 송파구 새말로8길12-0  문정 건영 103동 801호,196330315.0,,20년 해병대 조직문화 수준진단 표준설계 연구용역,중앙행정기관
상륙공격헬기 체계운용요구 및 PBL 적용방안 연구용역,국군화생방방호사령부,39589802.0,,2022-12-04,주식회사 윈미디텍,김재영,전희수,충청북도 청주시 흥덕구 오송읍 오송생명2로110-6 셀젠텍,66260109.0,,차세대 첨단함정 건조가능성 검토 연구용역(III),중앙행정기관
00부대 스마트 자동화 저장창고 신축 비용분석 연구,육군본부,0.0,,2021-08-28,중앙기획,김회율,김재일,경기도 군포시 흥안대로27번길22-0 (금정동),182755607.0,,공군 전장망 소스코드 취약점분석체계 교체사업,국군재정관리단
23-D-종합발전수립 연구용역(B032),제3707부대,46005424.0,,,라온시스템즈(주),박온서,함혜련,대전광역시 동구 대학로62-0 (용운동),87040364.0,87.5228,19년 지상군 전시자원 소요 분석모델 유지보수 용역,국군재정관리단
16년 작전지속지원분석모델 유지보수 용역,국방부(운영지원과),,87.3028,2017-09-02,사단법인 한국군사시설연구소,이상환,배민희,서울특별시 노원구 공릉로 232서울과학기술대학교 테크노큐브 2층 산학협력단,,61.4629,군수업무 빅데이터 분석/활용체계 구축시범사업,중앙행정기관
21년 공군 항공무장효과분석모델 통합유지보수 용역,국방부(운영지원과),,,2018-01-22,주식회사 제이에스원,백은주,심유진,강원특별자치도 춘천시 충혼길52번길10 (온의동) 드림타워 3층 306-69,,87.6482,유류 소분배 계통 자동화관리 연구,중앙행정기관
자동염기서열분석기 정비,국군수도병원,370546752.0,95.5828,,주식회사 우진지앤에스,김진욱,윤진영,서울특별시 마포구 월드컵북로5길59 (서교동),,,18-회로망용 분석기 등 8종 구매,중앙행정기관
00부대 스마트 자동화 저장창고 신축 비용분석 연구,국군복지단,23980625.0,69.6863,2023-12-05,우성무역,권민정,이대영,"서울특별시 금천구 가마산로96, 1510호 (가산동, 대륭테크노타운8)",70797582.0,,생화학 자동 분석기 등 116종 구매(20197022-E),중앙행정기관
연구소 화생방연구활동 재료비 초자 구매,제5738부대,,88.8708,,(주)두두아이티,홍양희,김재욱,전라남도 목포시 해양대학로 91(죽교동),,87.9185,북한의 기뢰전 전술 분석 및 대응책 연구,제3707부대
21년 항공관제 분석체계 유지보수,방위사업청(운영지원과),111988999.0,,,해성사,민정식,류상윤,서울특별시 금천구 가산디지털2로184-0 (가산동) 112호,,87.4923,극초음속 비행체 대응 미사일방어체계 확보방안 연구,군
(227215-D) 비용분석용 상용SW 구매,국군재정관리단,33557890.0,87.6775,2016-01-06,,,김양숙,서울특별시 광진구 군자동98 집현관 216,,,(227059-E)방탐정확도 정밀분석 시험용 드론 제조,국군재정관리단
군시설 공사비 기준단가 산정 연구용역,해군교육사령부,241228298.0,88.6867,,주식회사 스마트포트테크놀로지,최철욱,최주평,"서울특별시 서초구 반포대로14길 71, 엘지서초에클라트 2117호(서초동)",66948118.0,94.5355,군사타운 개념의 부대배치 발전방향 연구 용역,국군재정관리단
군 주거지원 법령의 문제점 및 개선방안 연구,4284부대,102052718.0,93.4319,2017-09-04,주식회사 공공정책성과평가연구원,이여정,최영복,경기도 용인시 처인구 모현면 외대로 81(),,87.5971,FF급 함정 손상대응 훈련 시나리오 개발 연구,국군재정관리단
22-공-가스크로마토그래피(질량분석식) 구매,국군재정관리단,114963136.0,87.8795,,씨오(CO)산업,김진욱,,"경기도 성남시 수정구 위례대로83(창곡동, 국방문화센터)",124648558.0,87.2292,국방상호운용성 마스터플랜 연구,중앙행정기관
21-해군분석모델 발전방안 연구,합동참모본부,,,,,,,,106687875.0,87.3699,‘22년 항공관제 분석체계 유지보수,기관
스펙트럼 분석기 구매,국군재정관리단,,88.0833,2018-01-20,사단법인 안보경영연구원,,최규식,"서울특별시 성동구 성수일로4길25, 16층 (성수동2가, 서울숲코오롱디지털타워 1차)",101097093.0,87.2922,항-19-088 자동면역분석기 시약 등 117종,중앙행정기관
안정적인 해병항공 운용방안 연구 용역,국군의무사령부,155433236.0,,,주식회사  인섹시큐리티,김혜정,이종범,"서울특별시 은평구 진흥로 225,(불광동)",88615545.0,93.0093,진동분석장비 구매,중앙행정기관
워리어플랫폼 미래단계 추진방향 연구용역,제7군단,,88.0113,2018-03-08,주식회사 제이에스원,구칠효,이대영,"경기도 부천시 원미구 중동로254번길28-0 (중동, 메트로펠리스3)",179287259.0,86.0075,(226362-F)작전지속지원분석모델장비 도입(리스물건),중앙행정기관
중고도정찰용 무인항공기 시설사업 선행연구,방위사업청(운영지원과),38414689.0,62.7732,2023-03-15,한국교통대학교산학협력단,김광식,황병윤,"서울특별시 영등포구 63로40, 202호(여의도동)",70601253.0,95.4599,야전운용시험 성과분석 및 발전방안 연구,중앙행정기관
정보체계 취약점 진단을 위한 모의환경 구축방안 연구,육군교육사령부,3554284.0,79.5793,,주식회사 유노미아,강길영,김연경,"서울특별시 동작구 남부순환로2021, 2층 (사당동)",97229065.0,,상비병력 규모 최적 결정을 위한 제도 조합 방안 연구,군
국방 모바일 환경 구축을 위한 기반 연구,공군본부,665838.0,59.224,2016-01-06,주식회사 기가제이,김종광,박병희,"서울특별시 금천구 가산디지털2로184, 10층 1017호(가산동, 벽산디지털밸리2차)",,87.4022,다락대훈련장 간이 갈등영향분석 연구용역(C037),중앙행정기관
무기체계 획득.운용 연구용역,국방부,30100729.0,76.6544,2018-10-07,주식회사 씨이지앤드플러스,채수장,원은정,"서울특별시 성동구 왕십리로 222, 한양대학교 내 한양종합기술연구원 110호(행당동)",35226281.0,87.9839,국방 의료정보 빅데이터 분석체계 구축사업 연구용역,국군제1068부대
방탄물자 신뢰성 평가 개념 및 운영방안 연구,제2879부대,162973497.0,88.1103,,아시아상담코칭학회,현수,고은미,,,88.1267,방위사업청 방산원가구조 개선에 관한 연구,국군수도병원
잠수함용 예인정-ll 개념설계 기술지원 연구용역,국군의무사령부,188386234.0,,2020-05-07,,송태현,,"대전광역시 유성구 대학로 27, 현대리조텔 2층(봉명동)",86998010.0,,23년 기술연구용역 계약 의뢰(3),중앙행정기관
국방 인공지능 발전계획 수립연구,국방부(운영지원과),127234200.0,88.2206,2023-03-07,(사)국방시설연구협회,김재일,곽일,서울특별시 마포구 월드컵북로5길59 (서교동),,85.2666,2023 임상의학연구센터 통계프로그램 구매,중앙행정기관
(237472-F) 연구활동 재료 구매,제9691부대,145860328.0,94.6657,2021-02-16,한국여성정책연구원,김운용,윤수정,"서울특별시 송파구 법원로128, B동 1102호(문정동, 문정SK V1 GL메트로시티)",,87.6587,화생방정찰차-II(차량형) 시설사업기본계획 연구용역,국군재정관리단
접적해역 상시정찰용 UAV 선행연구용역,국군재정관리단,123335773.0,90.1119,,(주)한일,임기철,이승모,서울특별시 서초구 서초대로19길10-11 (방배동) 2층,199725318.0,,SUPPRESSED,국군재정관리단
지뢰 등의 탐지·제거 민간대행에 관한 연구,해군본부,178388272.0,88.673,2017-05-12,(재)한국산업개발연구원,권택조,박소연,"서울특별시 송파구 법원로9길26, D동 1104호(문정동, H-비즈니스파크)",486271347.0,80.5995,22-5차 연구장비 구매 계약 - 원심분리기 소형탁상용,군
정책연구용역(군견 관련),제7군단,17647795.0,78.024,2019-02-03,(재)서해환경과학연구소,서은진,남은숙,광주광역시 북구 첨단과기로123 (오룡동),,87.7798,유류시험장비(황분분석시험기 등 4종) 구매,군
군 표준차량 수명판단방안 연구 용역,육군교육사령부,15980077.0,,2023-09-22,대지이앤씨산업 주식회사,곽민수,정광조,서울특별시 용산구 새창로128-1 (용문동) 2층,71816564.0,79.2697,군 암호체계 분석보호시스템 분석장비 구매,군
공군 군수지원 분야 발전방향 연구 용역,육군군수사령부,55462436.0,88.9496,2021-02-14,웰스,임준석,이한웅,경상북도 구미시 산동읍 강동로730,,94.7,국회 협력 조직 및 업무 개선 방안 연구,제9691부대
최신 ICT를 적용한 국방컴퓨터체계 운용 방안 연구,공군제17전투비행단,34698943.0,,2021-10-15,(주)프라이전트,송광선,박정주,"서울특별시 중구 퇴계로213, 309-24호(충무로4가, 일흥빌딩)",,,첨단 항공엔진 연구개발 추진방안 연구,국군수도병원
복합무기체계 시험평가 제도개선에 관한 연구,국군재정관리단,112533960.0,,,,김하근,박계향,대전광역시 유성구 테크노9로35-0 (탑립동) 지능로봇산업화센터 406호,213106876.0,87.2799,군시설 공사비 기준단가 산정 연구용역,중앙행정기관
국방 데이터 전략연구,국군복지단,44847327.0,89.7942,2021-04-24,엠텍리서치,이병택,박미영,"서울특별시 용산구 한강대로40길39-12, 204호 (한강로2가)",178410566.0,87.7994,22-5차 연구장비 구매 계약 - 원심분리기 소형탁상용,합동참모본부
차세대 인터넷쇼핑몰 구축 정보전략계획 연구용역,국군재정관리단,129665484.0,86.7472,2022-03-06,에솜 주식회사,김기순,김종원,대전광역시 동구 대학로62-0 (용운동),93790823.0,87.4377,한국형 긴급비행장피해체계 개발 연구 용역,중앙행정기관
군인연금수급자 사망률 개선 연구,제2879부대,,96.9793,,(사)대한토목학회,전건욱,김유미,"부산광역시 해운대구 센텀동로 35, 센텀SH밸리 404호(우동)",91298986.0,87.5663,[24-육-173] 영상분석 SW 라이선스 구매(리스물건),중앙행정기관
정보분석낭 구성품 구매,제2879부대,117120798.0,,2020-03-21,,,,,,87.2387,해성-I 창정비요소개발 사업 비용분석,제2879부대
정기기초연구과제연구용역(6. 전장에서포병화력...),공군사관학교,132482037.0,81.1459,2021-03-29,쿤텍 주식회사,조완제,황병윤,"서울특별시 영등포구 여의대방로67길22, 602호(여의도동, 태양빌딩)",84295708.0,79.031,국회 협력 조직 및 업무 개선 방안 연구,군
감염 및 외상분야 군의료 특성화 연구,국군재정관리단,18954344.0,87.5523,,젠트리거,류장수,이효선,"대전광역시 유성구 자운로157번길132, 912동 102호 (신봉동, 자운대아파트9단지)",,93.8423,유압유 미립자 분석기 교정키트 구매,중앙행정기관
16년 정보분석지원체계 유지보수 용역,국군재정관리단,38899371.0,80.9181,,젠트리거,오중산,송포,"경기도 성남시 수정구 위례대로83(창곡동, 국방문화센터)",,,18-공군 비행교수법 교육 프로그램 개선 및 개발 연구,중앙행정기관
CH/HH-47D 성능개량사업 운용요구서 연구,국군재정관리단,24615028.0,,2016-01-06,주식회사 유니와이드,서승현,노재란,"서울특별시 성동구 왕십리로 222, 한양대학교 내 한양종합기술연구원 110호(행당동)",,85.797,군 환경시설 관리 효율화 방안 정책연구용역,국군재정관리단
기초자치단체 비상대비업무 담당자 신편방안 연구,육군교육사령부,359764783.0,78.8659,2020-05-25,주식회사 씨이지앤드플러스,김종규,이경은,"경기도 성남시 수정구 청계산로686 (고등동), 반도아이비밸리 424호",90928905.0,,(20F066-A)소음영향도작성을위한 소음측정및분석용역,중앙행정기관
국내개발 전투기의 진화적 개발전략 적용 연구,제20전투비행단,25705592.0,,2022-06-30,엠지산업,박호균,박연희,대전광역시 동구 대학로62-0 (용운동),159837164.0,94.529,전원공급기(분석기  교류  전원발생용)구매,군
AI기반 컴퓨터생성가상군 구축 기술 연구용역,국방부군사편찬연구소,51598344.0,,2018-09-10,주식회사 메디시온,이창민,윤정민,"서울특별시 강남구 테헤란로131-0 (역삼동, 한국지식재산센터) 3.9층",163225391.0,87.7008,병영도서관 중장기 발전방안 연구,중앙행정기관
22-2차 연구장비 구매 계약 - 기구세척기 초음파형,공군본부,137826085.0,71.4941,2016-01-06,주식회사 씨이엠아이,방혁준,최경환,"충청남도 계룡시 서금암3길5, 925호(금암동, 쉐리움오피스텔)",,87.9527,120mm자주박격포 및 사격지휘차량 성능개량 사업분석,기관
24-공군 적정 상비병력 규모 연구 용역,방위사업청(운영지원과),14228850.0,,2017-09-14,(주)레이다앤스페이스,장철호,김예나,대전광역시 대덕구 한밭대로1158-0 (중리동) 707-1,74064723.0,,20-풍력발전시설의 R/D 및 통신전자장비 영향성 분석,중앙행정기관
UAV 정비용 장비(스펙트럼 분석기) 구매,해군군수사령부,21238786.0,79.1421,2017-06-13,주식회사 루키스,,조윤교,"울산광역시 북구 명촌18길5-0 (명촌동, 울산강변효성해링턴플레이스(85블럭))8502동 101호",102865055.0,87.5037,인터넷 패킷저장분석체계 구축사업(리스물건),군
공무직 근로자 임금체계 컨설팅 및 연구 용역,국방부(운영지원과),,95.0879,2023-08-17,한남대학교 산학협력단,김현성,서선숙,,82298741.0,92.4178,회로카드 고장예측용 해석도구 활용방안 연구용역,중앙행정기관
국방시설 전력소비 수용률 기준 연구용역,육군교육사령부,,87.9191,2020-03-25,,김은기,이도제,,87656583.0,,국방 클라우드 컴퓨팅 운영환경 구축방안 연구,군
22-수중광통신의 군사적 활용방안 및 운용효과 분석,국군재정관리단,39240345.0,,2018-02-05,건양대학교 산학협력단,박정기,김경호,대전광역시 유성구 유성대로1646-0 (전민동),,,과학에 기초한 장병 정신교육 연구용역,중앙행정기관
23-8차 조달 연구장비(초음파수술기 등 4종) 구매,해군본부,114365913.0,87.4275,2020-04-07,,,권시형,,110187008.0,75.7505,활주로지역 배수로 개선 분석평가 및 선행연구 용역,군
(20G060-A)IP교환기및국방보안조사분석시스템금융리스,방위사업청,1515589528.0,65.6905,,주식회사 유진에스앤씨,엄현성,김성연,서울특별시 강남구 일원로81-0 (일원동),163360764.0,88.0215,대형 국외구매사업의 합리적 기종결정방안 연구,국군제1068부대
디지털 증거분석체계 SW 라이선스 갱신,합동참모본부,108548847.0,40.9374,2020-11-07,호원대학교 산학협력단,김한용,이희국,서울특별시 영등포구 여의대방로61길2-0 (신길동)천록빌딩105호,67220961.0,92.7464,동서지형의 차이를 고려한 부대 및 전력구조 연구용역,중앙행정기관
(236208-E) 차륜정비장비(분석기 차량엔진용) 구매,공군군수사령부,20985394.0,,,사단법인 안보경영연구원,안병선,,"서울특별시 금천구 가산디지털1로19, 406호, 407호, 408호, 409호(가산동,대륭테크노타운18차)",,87.2791,기술인력육성 보조사업자 운영성과 평가 및 연구,중앙행정기관
전술환경 下 효율적 이동통신체계 운용방안 연구용역,국군재정관리단,267249040.0,87.6349,2020-06-02,,,김연,,85941784.0,87.5545,작전환경고려 전투실험 방법 및 평가 분석방법 연구,제9691부대
핵심기술(위성용 SAR 안테나) 비용분석,국군재정관리단,0.0,,,주식회사 루키스,조만희,임창욱,"경기도 고양시 일산동구 호수로358-39 706호(백석동,동문굿모닝타워1차)",,92.8768,도약적 우위능력을 위한 미래 전력 창출 방향 연구,국군재정관리단
전·평시 예비군 보류직종의 적정성 연구,방위사업청(운영지원과),133698393.0,96.9864,,사단법인 한국국가전략연구원,권시형,이지혜,충청남도 청양군 정산면 칠갑산로1898-0,72142126.0,86.0274,북한의 기뢰전 전술 분석 및 대응책 연구,중앙행정기관
군 경계작전에 적합한 LED등기구 기준 정립 연구용역,육군본부,,,2023-05-28,(사)한국전략문제연구소,김경모,윤정숙,서울특별시 강남구 논현로136길16 (논현동),86973381.0,87.4596,전투발전 연구용역 과제 세미나 수행 용역,중앙행정기관
위성전군방공경보체계 경미한 성능개량 사업분석,제2879부대,23427755.0,67.3183,2016-03-05,국민대학교산학협력단,김창환,승아현,"서울특별시 구로구 디지털로33길55, 1009호 (구로동, 이앤씨벤처드림타워2차)",100815776.0,87.602,국방상호운용성 발전을 위한 국방EA 수행체계 연구,군
무선망 전파분석장비 노후 교체,국군재정관리단,,,2020-04-06,사단법인 한국갈등학회,김주희,오순길,,,,기동전투장비의 무인화 운용 적용방안 연구용역,중앙행정기관
공무직근로자 등 임금체계 개선(안)마련 연구,국군복지단,,65.0266,2020-05-01,티에스와이,김진욱,김우중,"경기도 성남시 수정구 창업로54, LH기업성장센터 가동 609호",111506247.0,93.2309,국방 안전기준 정립 및 발전방향 연구,군
23-OO방호시설 개선 연구용역,합동참모본부,134618402.0,77.6869,2021-07-21,주식회사 동빈글로벌,권선애,정영석,서울특별시 금천구 디지털로130-0 남성프라자 9층 912호  (가산동),57185369.0,88.0475,항공무기정비분야 안전관리체계 고도화방안 연구용역,국군재정관리단
22-13-13 야전공장 분석평가 및 선행연구 용역,해군교육사령부,,81.0713,2018-06-27,(주)케이씨이아이,이현미,조진환,서울특별시 강남구 일원로81-0 (일원동),,93.9982,공신력 확보를 위한 신규국제표준 적용방안 연구용역,중앙행정기관
탄약 물류혁신을 위한 확보  재산관리 개선방안 연구,공군본부,5174163.0,81.5958,2016-04-09,주식회사 케이원,변중무,이기선,"서울특별시 강남구 언주로527, 10층 (역삼동)",79127871.0,84.8207,무인수상정 탑재운용 군 요구조건 도출 연구용역,국군재정관리단
자동화사격장 차단벽구조 구축방안 연구용역,국방부(운영지원과),20914820.0,94.4451,2022-09-17,청주대학교산학협력단,이형화,경상현,서울특별시 노원구 화랑로574-0 (공릉동),81145698.0,,23-N-사이버 침해사고 조사/분석체계 구축,중앙행정기관
24년 전반기 육군 정책연구 과제 연구용역,국방대학교,23453149.0,,2021-08-25,(사)한국방위산업진흥회,권정환,함혜련,"서울특별시 동대문구 약령시로9길 79,  135-51,135-60(제기동)",166031284.0,87.0515,4차 산업혁명  군 적용을 위한 R&D 발전방안 연구,제5738부대
자동전사시스템 연구 용역,제9691부대,,88.276,2016-05-12,주식회사 엔미디어솔루션,최미정,임한영,대전광역시 유성구 죽동로157-0 (죽동),92292942.0,87.7395,혈액가스 분석기 1EA 구매,군
영평사격장 주변지역 주민이주 방안 연구,제9691부대,,,,한국마이크로데이타(주),이관섭,심지민,"경기도 고양시 일산동구 백마로223, 431호(장항동, 현대에뜨레보)",,94.5566,(216047-F)모의분석실 전시체계 구매설치,국군재정관리단
T-50 캐노피 고정 구성품 내구성 시험 연구,공군본부,157372847.0,87.8164,2022-08-08,,박정기,안구름,,213114392.0,,안전하고 신뢰할 수 있는 AI활용 국방가이드라인 연구,중앙행정기관
전시 비상급수 기준 수립 연구,국방부(운영지원과),,94.3836,,(사)21세기군사연구소,최계영,이기선,"서울특별시 구로구 디지털로34길55, 1008호 (구로동, 코오롱싸이언스밸리2차)",102496026.0,86.2377,22-군 비행장 조명시설 표준화 연구용역,중앙행정기관
헬기와 UAV의 통합운용을 위한 비행장 설치방안 연구,공군본부,,97.0168,2022-05-06,이상시스템,김진욱,김중곤,"서울특별시 성북구 화랑로76, 제3층 307호(하월곡동,코업스타클래스)",115887706.0,87.3335,분석기  스펙트럼용 구매,중앙행정기관
K21장갑차 조종수카메라 정비기술개발 연구용역,국군재정관리단,20930111.0,85.7979,2023-04-06,주식회사코드원,임승택,신인균,"서울특별시 금천구 가산디지털1로19, 406호, 407호, 408호, 409호(가산동,대륭테크노타운18차)",,,항-16-047 050 자동면역분석기 등 42종,국군재정관리단
18-공군 비행교수법 교육 프로그램 개선 및 개발 연구,육군본부,,87.5991,,해용정보통신주식회사,한영수,전수현,"경기도 안양시 동안구 시민대로387  A동 1201-1호(관양동,디지털엠파이어)",,87.4878,군용 무인기 사업의 안전계수 적용 적정성 연구,합동참모본부
정비공정 촬영도구  분석SW 구매,공군본부,15636533.0,87.7338,,,,,"경기도 성남시 수정구 복정로84번길 22-15,(B-001호) (복정동)",197625893.0,87.3412,해병대 안전관리 조직 역할 관련 연구 용역,기관
군용 무인기 사업의 안전계수 적용 적정성 연구,제9691부대,,,2022-09-07,(주)디앤오종합건축사사무소,김형철,윤정민,"서울특별시 강남구 언주로527, 10층 (역삼동)",103480879.0,87.2845,주요 비행피복류 맞음성 개선 및 표준화 연구,중앙행정기관
23년 혈액가스 및 전해질분석기 구매,공군본부,17793476.0,88.0376,2021-04-16,호원대학교 산학협력단,김지영,,"경기도 용인시 기흥구 흥덕중앙로120-0 (영덕동, U - TOWER)",157036548.0,,BigData /vc를 활용한 무기체계 효과분석 연구,중앙행정기관
미래 전투기 등급분류 발전방향 연구,제9691부대,,88.6169,2021-11-01,(주)액티브솔루션,류황건,가회광,"서울특별시 서초구 서초중앙로20길 24, 서종빌딩 4층(서초동)",186641420.0,87.7573,병력책정기준(정보통신분야 임무/기능 적절성 연구),제2879부대
자동염기서열분석기 정비 및 검교정,제2307부대,53935185.0,,,주식회사 삼우에이엔씨,조홍덕,문우정,"전라북도 군산시 임피면 호원대3길 64,",80155107.0,,정비용 샵차량 전원발생기 정비기술개발 연구용역,중앙행정기관
19-전자파 정밀분석체계 확대구축사업 리스,국방부,,84.5597,,한남대학교 산학협력단,배정숙,윤영선,"경기도 안양시 동안구 학의로282, B동 1616호",163310585.0,63.0213,생존성 향상을 위한 개인 부대방호 능력 분석 연구,국군재정관리단
ICT기반 입체영상 활용방안 연구 용역,국군재정관리단,117671015.0,,2023-05-25,(주)에프오알엠도시건축공간연구소,전건욱,박소영,"경기도 의왕시 오봉산단3로25, 1동 303호(삼동, 의왕테크노파크더리브비즈원)",68253806.0,87.7825,해안 경계력 보강 사업 선행 연구,군
폭발물처리 자격신설 연구,계룡대근무지원단,13537157.0,93.7289,2018-02-23,주식회사 리눅스데이타시스템,신준호,임규옥,강원특별자치도 철원군 동송읍 금학로31-98,50069128.0,95.0999,국방상호운용성 마스터플랜 연구,국군재정관리단
교육생 숙소 시설기준 연구용역,공군군수사령부,118350071.0,,2021-10-15,,,,,222073040.0,87.3045,대잠훈련분석체계(AEAS) 유지보수 정비,국군수도병원
(2)군용비행장 소음측정 및 분석용역,국방부,31595240.0,85.7611,2019-01-04,대광산업,이덕수,김동신,"서울특별시 성북구 화랑로76, 제3층 307호(하월곡동,코업스타클래스)",,,기초자치단체 비상대비업무 담당자 신편방안 연구,기관
전력화장비 후속군수지원 사업 개선방안 연구,국군재정관리단,,57.2196,2022-08-10,성원금속,김형철,,"서울특별시 용산구 청파로 40, 삼구빌딩 1815호(한강로3가)",95911783.0,,18-19년 해군분석모델 유지보수 및 성능개선사업,중앙행정기관
(21F040-G) 사이버위협분석 개발연구체계 구축 사업,국군재정관리단,,,,하이펙 주식회사,황현식,,서울특별시 서초구 서초동1432-13 202,112562720.0,87.4462,22-7차 연구장비 구매 계약 - 멸균소독기 소형,중앙행정기관
저피탐 고도화 기술확보방안 연구,국방부(운영지원과),29494572.0,,,유한회사 동방이노베이션,이광형,전동애,서울특별시 동대문구 경희대로26-0 (회기동),,87.9011,오일분광분석장비 유지보수,군
국제공동연구용역(1.한국-NATO안보ㆍ국방...),국군재정관리단,40595965.0,87.6443,,(주)에프오알엠도시건축공간연구소,김보명,정택호,"서울특별시 광진구 능동로120, 건국대학교내(화양동)",186028690.0,87.9295,23-1차 연구의무물자(BL3 중앙실험대 등 5종) 구매,중앙행정기관
드론봇 전술훈련장 운용개념 및 구축방안 연구용역,국방부(운영지원과),,87.8528,2016-01-06,노원 상사,강창선,황병윤,"경기도 안양시 만안구 만안로49, 519호(안양동, 호정타워)",,,22년 수사데이터 연관 분석시스템 구매,군
중금속 가열분석기 1항목 구매(물품),제3707부대,114390277.0,79.6556,,신승하이텍,설영만,심유진,"서울특별시 구로구 디지털로33길11-0 (구로동, 에이스 테크노타워8) 1406호",,94.6388,’22년 전투발전 연구과제 용역(4),군
